run_id,sample_id,scene,component,target_pedestrian_id,start_frame,sigma,ADE,FDE,v_last,v_mean,a_mean,turning,density,observed_trajectory,ground_truth_future,predicted_future_mean
sigma3_hotel_seed42,HOTEL:biwi_hotel:5:0,HOTEL,biwi_hotel,biwi_hotel:5,0,3,0.02323092333972454,0.055337101221084595,0.0,0.0,0.0,0.0,2.0,-1.59:0.93;-1.59:0.93;-1.59:0.93;-1.59:0.93;-1.59:0.93;-1.59:0.93;-1.59:0.93;-1.59:0.93,-1.59:0.93;-1.59:0.93;-1.59:0.93;-1.59:0.93;-1.59:0.93;-1.59:0.93;-1.59:0.93;-1.59:0.93;-1.59:0.93;-1.59:0.93;-1.59:0.93;-1.59:0.93,-1.598052:0.9295554;-1.613855:0.9224253;-1.60481:0.9362156;-1.612191:0.9318374;-1.59715:0.9253;-1.623135:0.9310206;-1.584047:0.929289;-1.599201:0.9398464;-1.588417:0.9243391;-1.554289:0.9087839;-1.55222:0.908603;-1.535162:0.9225877
sigma3_hotel_seed42,HOTEL:biwi_hotel:6:0,HOTEL,biwi_hotel,biwi_hotel:6,0,3,0.027172567322850227,0.035618241876363754,0.0,0.0,0.0,0.0,1.0,-1.72:1.32;-1.72:1.32;-1.72:1.32;-1.72:1.32;-1.72:1.32;-1.72:1.32;-1.72:1.32;-1.72:1.32,-1.72:1.32;-1.72:1.32;-1.72:1.32;-1.7:1.32;-1.7:1.32;-1.7:1.32;-1.7:1.32;-1.7:1.32;-1.7:1.32;-1.7:1.32;-1.7:1.32;-1.7:1.32,-1.728052:1.319556;-1.743855:1.312425;-1.73481:1.326216;-1.742191:1.321837;-1.72715:1.3153;-1.753135:1.321021;-1.714047:1.319289;-1.729201:1.329847;-1.718417:1.314339;-1.684289:1.298784;-1.68222:1.298603;-1.665162:1.312588
sigma3_hotel_seed42,HOTEL:biwi_hotel:8:0,HOTEL,biwi_hotel,biwi_hotel:8,0,3,0.033759210258722305,0.0613081231713295,0.0,0.0,0.0,0.0,1.0,-1.45:-0.76;-1.45:-0.76;-1.45:-0.76;-1.45:-0.76;-1.45:-0.76;-1.45:-0.76;-1.45:-0.76;-1.45:-0.76,-1.45:-0.76;-1.45:-0.76;-1.45:-0.76;-1.45:-0.76;-1.45:-0.76;-1.45:-0.76;-1.45:-0.76;-1.45:-0.76;-1.45:-0.76;-1.45:-0.76;-1.51:-0.65;-1.45:-0.74,-1.458052:-0.7604446;-1.473855:-0.7675747;-1.46481:-0.7537844;-1.472191:-0.7581626;-1.45715:-0.7647;-1.483135:-0.7589794;-1.444047:-0.760711;-1.459201:-0.7501536;-1.448417:-0.7656609;-1.414289:-0.7812161;-1.41222:-0.781397;-1.395162:-0.7674123
sigma3_hotel_seed42,HOTEL:biwi_hotel:5:10,HOTEL,biwi_hotel,biwi_hotel:5,10,3,0.02323092333972454,0.055337101221084595,0.0,0.0,0.0,0.0,2.0,-1.59:0.93;-1.59:0.93;-1.59:0.93;-1.59:0.93;-1.59:0.93;-1.59:0.93;-1.59:0.93;-1.59:0.93,-1.59:0.93;-1.59:0.93;-1.59:0.93;-1.59:0.93;-1.59:0.93;-1.59:0.93;-1.59:0.93;-1.59:0.93;-1.59:0.93;-1.59:0.93;-1.59:0.93;-1.59:0.93,-1.598052:0.9295554;-1.613855:0.9224253;-1.60481:0.9362156;-1.612191:0.9318374;-1.59715:0.9253;-1.623135:0.9310206;-1.584047:0.929289;-1.599201:0.9398464;-1.588417:0.9243391;-1.554289:0.9087839;-1.55222:0.908603;-1.535162:0.9225877
sigma3_hotel_seed42,HOTEL:biwi_hotel:6:10,HOTEL,biwi_hotel,biwi_hotel:6,10,3,0.028780825436115265,0.035618241876363754,0.0,0.0,0.0,0.0,1.0,-1.72:1.32;-1.72:1.32;-1.72:1.32;-1.72:1.32;-1.72:1.32;-1.72:1.32;-1.72:1.32;-1.72:1.32,-1.72:1.32;-1.72:1.32;-1.7:1.32;-1.7:1.32;-1.7:1.32;-1.7:1.32;-1.7:1.32;-1.7:1.32;-1.7:1.32;-1.7:1.32;-1.7:1.32;-1.7:1.32,-1.728052:1.319556;-1.743855:1.312425;-1.73481:1.326216;-1.742191:1.321837;-1.72715:1.3153;-1.753135:1.321021;-1.714047:1.319289;-1.729201:1.329847;-1.718417:1.314339;-1.684289:1.298784;-1.68222:1.298603;-1.665162:1.312588
sigma3_hotel_seed42,HOTEL:biwi_hotel:8:10,HOTEL,biwi_hotel,biwi_hotel:8,10,3,0.034356143325567245,0.055337101221084595,0.0,0.0,0.0,0.0,1.0,-1.45:-0.76;-1.45:-0.76;-1.45:-0.76;-1.45:-0.76;-1.45:-0.76;-1.45:-0.76;-1.45:-0.76;-1.45:-0.76,-1.45:-0.76;-1.45:-0.76;-1.45:-0.76;-1.45:-0.76;-1.45:-0.76;-1.45:-0.76;-1.45:-0.76;-1.45:-0.76;-1.45:-0.76;-1.51:-0.65;-1.45:-0.74;-1.45:-0.76,-1.458052:-0.7604446;-1.473855:-0.7675747;-1.46481:-0.7537844;-1.472191:-0.7581626;-1.45715:-0.7647;-1.483135:-0.7589794;-1.444047:-0.760711;-1.459201:-0.7501536;-1.448417:-0.7656609;-1.414289:-0.7812161;-1.41222:-0.781397;-1.395162:-0.7674123
sigma3_hotel_seed42,HOTEL:biwi_hotel:5:20,HOTEL,biwi_hotel,biwi_hotel:5,20,3,0.02323092333972454,0.055337101221084595,0.0,0.0,0.0,0.0,2.0,-1.59:0.93;-1.59:0.93;-1.59:0.93;-1.59:0.93;-1.59:0.93;-1.59:0.93;-1.59:0.93;-1.59:0.93,-1.59:0.93;-1.59:0.93;-1.59:0.93;-1.59:0.93;-1.59:0.93;-1.59:0.93;-1.59:0.93;-1.59:0.93;-1.59:0.93;-1.59:0.93;-1.59:0.93;-1.59:0.93,-1.598052:0.9295554;-1.613855:0.9224253;-1.60481:0.9362156;-1.612191:0.9318374;-1.59715:0.9253;-1.623135:0.9310206;-1.584047:0.929289;-1.599201:0.9398464;-1.588417:0.9243391;-1.554289:0.9087839;-1.55222:0.908603;-1.535162:0.9225877
sigma3_hotel_seed42,HOTEL:biwi_hotel:6:20,HOTEL,biwi_hotel,biwi_hotel:6,20,3,0.03040379285812378,0.035618241876363754,0.0,0.0,0.0,0.0,1.0,-1.72:1.32;-1.72:1.32;-1.72:1.32;-1.72:1.32;-1.72:1.32;-1.72:1.32;-1.72:1.32;-1.72:1.32,-1.72:1.32;-1.7:1.32;-1.7:1.32;-1.7:1.32;-1.7:1.32;-1.7:1.32;-1.7:1.32;-1.7:1.32;-1.7:1.32;-1.7:1.32;-1.7:1.32;-1.7:1.32,-1.728052:1.319556;-1.743855:1.312425;-1.73481:1.326216;-1.742191:1.321837;-1.72715:1.3153;-1.753135:1.321021;-1.714047:1.319289;-1.729201:1.329847;-1.718417:1.314339;-1.684289:1.298784;-1.68222:1.298603;-1.665162:1.312588
sigma3_hotel_seed42,HOTEL:biwi_hotel:8:20,HOTEL,biwi_hotel,biwi_hotel:8,20,3,0.04632564261555672,0.19432076811790466,0.0,0.0,0.0,0.0,1.0,-1.45:-0.76;-1.45:-0.76;-1.45:-0.76;-1.45:-0.76;-1.45:-0.76;-1.45:-0.76;-1.45:-0.76;-1.45:-0.76,-1.45:-0.76;-1.45:-0.76;-1.45:-0.76;-1.45:-0.76;-1.45:-0.76;-1.45:-0.76;-1.45:-0.76;-1.45:-0.76;-1.51:-0.65;-1.45:-0.74;-1.45:-0.76;-1.55:-0.65,-1.458052:-0.7604446;-1.473855:-0.7675747;-1.46481:-0.7537844;-1.472191:-0.7581626;-1.45715:-0.7647;-1.483135:-0.7589794;-1.444047:-0.760711;-1.459201:-0.7501536;-1.448417:-0.7656609;-1.414289:-0.7812161;-1.41222:-0.781397;-1.395162:-0.7674123
sigma3_hotel_seed42,HOTEL:biwi_hotel:5:30,HOTEL,biwi_hotel,biwi_hotel:5,30,3,0.02323092333972454,0.055337101221084595,0.0,0.0,0.0,0.0,2.0,-1.59:0.93;-1.59:0.93;-1.59:0.93;-1.59:0.93;-1.59:0.93;-1.59:0.93;-1.59:0.93;-1.59:0.93,-1.59:0.93;-1.59:0.93;-1.59:0.93;-1.59:0.93;-1.59:0.93;-1.59:0.93;-1.59:0.93;-1.59:0.93;-1.59:0.93;-1.59:0.93;-1.59:0.93;-1.59:0.93,-1.598052:0.9295554;-1.613855:0.9224253;-1.60481:0.9362156;-1.612191:0.9318374;-1.59715:0.9253;-1.623135:0.9310206;-1.584047:0.929289;-1.599201:0.9398464;-1.588417:0.9243391;-1.554289:0.9087839;-1.55222:0.908603;-1.535162:0.9225877
sigma3_hotel_seed42,HOTEL:biwi_hotel:6:30,HOTEL,biwi_hotel,biwi_hotel:6,30,3,0.03206972777843475,0.035618241876363754,0.0,0.0,0.0,0.0,1.0,-1.72:1.32;-1.72:1.32;-1.72:1.32;-1.72:1.32;-1.72:1.32;-1.72:1.32;-1.72:1.32;-1.72:1.32,-1.7:1.32;-1.7:1.32;-1.7:1.32;-1.7:1.32;-1.7:1.32;-1.7:1.32;-1.7:1.32;-1.7:1.32;-1.7:1.32;-1.7:1.32;-1.7:1.32;-1.7:1.32,-1.728052:1.319556;-1.743855:1.312425;-1.73481:1.326216;-1.742191:1.321837;-1.72715:1.3153;-1.753135:1.321021;-1.714047:1.319289;-1.729201:1.329847;-1.718417:1.314339;-1.684289:1.298784;-1.68222:1.298603;-1.665162:1.312588
sigma3_hotel_seed42,HOTEL:biwi_hotel:8:30,HOTEL,biwi_hotel,biwi_hotel:8,30,3,0.05749727413058281,0.20090605318546295,0.0,0.0,0.0,0.0,1.0,-1.45:-0.76;-1.45:-0.76;-1.45:-0.76;-1.45:-0.76;-1.45:-0.76;-1.45:-0.76;-1.45:-0.76;-1.45:-0.76,-1.45:-0.76;-1.45:-0.76;-1.45:-0.76;-1.45:-0.76;-1.45:-0.76;-1.45:-0.76;-1.45:-0.76;-1.51:-0.65;-1.45:-0.74;-1.45:-0.76;-1.55:-0.65;-1.52:-0.61,-1.458052:-0.7604446;-1.473855:-0.7675747;-1.46481:-0.7537844;-1.472191:-0.7581626;-1.45715:-0.7647;-1.483135:-0.7589794;-1.444047:-0.760711;-1.459201:-0.7501536;-1.448417:-0.7656609;-1.414289:-0.7812161;-1.41222:-0.781397;-1.395162:-0.7674123
sigma3_hotel_seed42,HOTEL:biwi_hotel:5:40,HOTEL,biwi_hotel,biwi_hotel:5,40,3,0.02323092333972454,0.055337101221084595,0.0,0.0,0.0,0.0,2.0,-1.59:0.93;-1.59:0.93;-1.59:0.93;-1.59:0.93;-1.59:0.93;-1.59:0.93;-1.59:0.93;-1.59:0.93,-1.59:0.93;-1.59:0.93;-1.59:0.93;-1.59:0.93;-1.59:0.93;-1.59:0.93;-1.59:0.93;-1.59:0.93;-1.59:0.93;-1.59:0.93;-1.59:0.93;-1.59:0.93,-1.598052:0.9295554;-1.613855:0.9224253;-1.60481:0.9362156;-1.612191:0.9318374;-1.59715:0.9253;-1.623135:0.9310206;-1.584047:0.929289;-1.599201:0.9398464;-1.588417:0.9243391;-1.554289:0.9087839;-1.55222:0.908603;-1.535162:0.9225877
sigma3_hotel_seed42,HOTEL:biwi_hotel:6:40,HOTEL,biwi_hotel,biwi_hotel:6,40,3,0.25651389360427856,0.48410359025001526,0.05000000074505806,0.0071428571827709675,0.02083333395421505,0.0,1.0,-1.72:1.32;-1.72:1.32;-1.72:1.32;-1.72:1.32;-1.72:1.32;-1.72:1.32;-1.72:1.32;-1.7:1.32,-1.7:1.32;-1.7:1.32;-1.7:1.32;-1.7:1.32;-1.7:1.32;-1.7:1.32;-1.7:1.32;-1.7:1.32;-1.7:1.32;-1.7:1.32;-1.7:1.32;-1.7:1.32,-1.637982:1.324448;-1.599052:1.339736;-1.596411:1.287153;-1.561108:1.323104;-1.518207:1.306886;-1.455202:1.260716;-1.449007:1.318365;-1.405136:1.305252;-1.354392:1.318946;-1.303092:1.288197;-1.244925:1.275287;-1.219282:1.262846
sigma3_hotel_seed42,HOTEL:biwi_hotel:8:40,HOTEL,biwi_hotel,biwi_hotel:8,40,3,0.05951040983200073,0.0613081231713295,0.0,0.0,0.0,0.0,1.0,-1.45:-0.76;-1.45:-0.76;-1.45:-0.76;-1.45:-0.76;-1.45:-0.76;-1.45:-0.76;-1.45:-0.76;-1.45:-0.76,-1.45:-0.76;-1.45:-0.76;-1.45:-0.76;-1.45:-0.76;-1.45:-0.76;-1.45:-0.76;-1.51:-0.65;-1.45:-0.74;-1.45:-0.76;-1.55:-0.65;-1.52:-0.61;-1.45:-0.74,-1.458052:-0.7604446;-1.473855:-0.7675747;-1.46481:-0.7537844;-1.472191:-0.7581626;-1.45715:-0.7647;-1.483135:-0.7589794;-1.444047:-0.760711;-1.459201:-0.7501536;-1.448417:-0.7656609;-1.414289:-0.7812161;-1.41222:-0.781397;-1.395162:-0.7674123
sigma3_hotel_seed42,HOTEL:biwi_hotel:5:50,HOTEL,biwi_hotel,biwi_hotel:5,50,3,0.024057889357209206,0.06526072323322296,0.0,0.0,0.0,0.0,2.0,-1.59:0.93;-1.59:0.93;-1.59:0.93;-1.59:0.93;-1.59:0.93;-1.59:0.93;-1.59:0.93;-1.59:0.93,-1.59:0.93;-1.59:0.93;-1.59:0.93;-1.59:0.93;-1.59:0.93;-1.59:0.93;-1.59:0.93;-1.59:0.93;-1.59:0.93;-1.59:0.93;-1.59:0.93;-1.6:0.93,-1.598052:0.9295554;-1.613855:0.9224253;-1.60481:0.9362156;-1.612191:0.9318374;-1.59715:0.9253;-1.623135:0.9310206;-1.584047:0.929289;-1.599201:0.9398464;-1.588417:0.9243391;-1.554289:0.9087839;-1.55222:0.908603;-1.535162:0.9225877
sigma3_hotel_seed42,HOTEL:biwi_hotel:6:50,HOTEL,biwi_hotel,biwi_hotel:6,50,3,0.024472981691360474,0.0704566091299057,0.0,0.0071428571827709675,0.0416666679084301,0.0,1.0,-1.72:1.32;-1.72:1.32;-1.72:1.32;-1.72:1.32;-1.72:1.32;-1.72:1.32;-1.7:1.32;-1.7:1.32,-1.7:1.32;-1.7:1.32;-1.7:1.32;-1.7:1.32;-1.7:1.32;-1.7:1.32;-1.7:1.32;-1.7:1.32;-1.7:1.32;-1.7:1.32;-1.7:1.32;-1.72:1.32,-1.708859:1.319473;-1.725019:1.311926;-1.715608:1.326957;-1.723056:1.321629;-1.70853:1.315518;-1.735314:1.322219;-1.695896:1.319057;-1.711567:1.329795;-1.701373:1.314228;-1.667911:1.299182;-1.66663:1.299271;-1.649826:1.313693
sigma3_hotel_seed42,HOTEL:biwi_hotel:8:50,HOTEL,biwi_hotel,biwi_hotel:8,50,3,0.057815391570329666,0.055337101221084595,0.0,0.0,0.0,0.0,1.0,-1.45:-0.76;-1.45:-0.76;-1.45:-0.76;-1.45:-0.76;-1.45:-0.76;-1.45:-0.76;-1.45:-0.76;-1.45:-0.76,-1.45:-0.76;-1.45:-0.76;-1.45:-0.76;-1.45:-0.76;-1.45:-0.76;-1.51:-0.65;-1.45:-0.74;-1.45:-0.76;-1.55:-0.65;-1.52:-0.61;-1.45:-0.74;-1.45:-0.76,-1.458052:-0.7604446;-1.473855:-0.7675747;-1.46481:-0.7537844;-1.472191:-0.7581626;-1.45715:-0.7647;-1.483135:-0.7589794;-1.444047:-0.760711;-1.459201:-0.7501536;-1.448417:-0.7656609;-1.414289:-0.7812161;-1.41222:-0.781397;-1.395162:-0.7674123
sigma3_hotel_seed42,HOTEL:biwi_hotel:5:60,HOTEL,biwi_hotel,biwi_hotel:5,60,3,0.02563103288412094,0.07520458102226257,0.0,0.0,0.0,0.0,2.0,-1.59:0.93;-1.59:0.93;-1.59:0.93;-1.59:0.93;-1.59:0.93;-1.59:0.93;-1.59:0.93;-1.59:0.93,-1.59:0.93;-1.59:0.93;-1.59:0.93;-1.59:0.93;-1.59:0.93;-1.59:0.93;-1.59:0.93;-1.59:0.93;-1.59:0.93;-1.59:0.93;-1.6:0.93;-1.61:0.93,-1.598052:0.9295554;-1.613855:0.9224253;-1.60481:0.9362156;-1.612191:0.9318374;-1.59715:0.9253;-1.623135:0.9310206;-1.584047:0.929289;-1.599201:0.9398464;-1.588417:0.9243391;-1.554289:0.9087839;-1.55222:0.908603;-1.535162:0.9225877
sigma3_hotel_seed42,HOTEL:biwi_hotel:6:60,HOTEL,biwi_hotel,biwi_hotel:6,60,3,0.04143894836306572,0.13736078143119812,0.0,0.0071428571827709675,0.0416666679084301,0.0,1.0,-1.72:1.32;-1.72:1.32;-1.72:1.32;-1.72:1.32;-1.72:1.32;-1.7:1.32;-1.7:1.32;-1.7:1.32,-1.7:1.32;-1.7:1.32;-1.7:1.32;-1.7:1.32;-1.7:1.32;-1.7:1.32;-1.7:1.32;-1.7:1.32;-1.7:1.32;-1.7:1.32;-1.72:1.32;-1.72:1.32,-1.700588:1.320787;-1.711307:1.316255;-1.70593:1.322849;-1.706879:1.321815;-1.687008:1.315508;-1.699582:1.315845;-1.665392:1.321751;-1.671965:1.326544;-1.653477:1.311644;-1.616855:1.294297;-1.604637:1.296864;-1.583223:1.307346
sigma3_hotel_seed42,HOTEL:biwi_hotel:8:60,HOTEL,biwi_hotel,biwi_hotel:8,60,3,0.058475006371736526,0.055337101221084595,0.0,0.0,0.0,0.0,1.0,-1.45:-0.76;-1.45:-0.76;-1.45:-0.76;-1.45:-0.76;-1.45:-0.76;-1.45:-0.76;-1.45:-0.76;-1.45:-0.76,-1.45:-0.76;-1.45:-0.76;-1.45:-0.76;-1.45:-0.76;-1.51:-0.65;-1.45:-0.74;-1.45:-0.76;-1.55:-0.65;-1.52:-0.61;-1.45:-0.74;-1.45:-0.76;-1.45:-0.76,-1.458052:-0.7604446;-1.473855:-0.7675747;-1.46481:-0.7537844;-1.472191:-0.7581626;-1.45715:-0.7647;-1.483135:-0.7589794;-1.444047:-0.760711;-1.459201:-0.7501536;-1.448417:-0.7656609;-1.414289:-0.7812161;-1.41222:-0.781397;-1.395162:-0.7674123
sigma3_hotel_seed42,HOTEL:biwi_hotel:24:500,HOTEL,biwi_hotel,biwi_hotel:24,500,3,2.536992073059082,4.81398868560791,0.8003905415534973,0.7474912405014038,0.41131797432899475,0.843997061252594,1.0,0.27:2.65;0.44:2.34;0.58:2.1;0.7:1.88;0.72:1.61;0.76:1.34;0.83:1;0.82:0.68,0.85:0.35;0.99:0.01;1.07:-0.32;1.13:-0.71;1.22:-1.08;1.29:-1.47;1.33:-1.82;1.42:-2.18;1.49:-2.54;1.5:-2.91;1.54:-3.31;1.64:-3.8,0.7929128:0.653033;0.7398115:0.7188925;0.698213:0.6027628;0.6327319:0.7078924;0.5187032:0.698809;0.4895938:0.647884;0.2512828:0.7034934;0.2846081:0.6895604;0.1247581:0.8481165;0.06512964:0.8814242;-0.01682174:0.7616774;-0.04831475:0.7082238
sigma3_hotel_seed42,HOTEL:biwi_hotel:25:500,HOTEL,biwi_hotel,biwi_hotel:25,500,3,2.4044857025146484,4.621367931365967,0.8003905415534973,0.7747266888618469,0.3993722200393677,1.1694496870040894,1.0,-0.67:2.78;-0.45:2.56;-0.29:2.33;-0.09:2.1;0.05:1.83;0.15:1.52;0.27:1.22;0.26:0.9,0.3:0.59;0.27:0.28;0.26:-0.05;0.3:-0.39;0.26:-0.78;0.34:-1.18;0.37:-1.57;0.42:-1.96;0.5:-2.33;0.54:-2.74;0.66:-3.14;0.71:-3.52,0.2383547:0.8753642;0.1912781:0.938438;0.1536812:0.8259019;0.09816404:0.9304855;-0.01497221:0.9172872;-0.03759652:0.8647324;-0.262235:0.9176527;-0.2221475:0.9098467;-0.3793621:1.064567;-0.4349443:1.0972;-0.5145577:0.9831949;-0.5431724:0.9282131
sigma3_hotel_seed42,HOTEL:biwi_hotel:24:510,HOTEL,biwi_hotel,biwi_hotel:24,510,3,2.427753210067749,4.647502899169922,0.8284021019935608,0.7395653128623962,0.3749360144138336,0.9394263625144958,1.0,0.44:2.34;0.58:2.1;0.7:1.88;0.72:1.61;0.76:1.34;0.83:1;0.82:0.68;0.85:0.35,0.99:0.01;1.07:-0.32;1.13:-0.71;1.22:-1.08;1.29:-1.47;1.33:-1.82;1.42:-2.18;1.49:-2.54;1.5:-2.91;1.54:-3.31;1.64:-3.8;1.66:-4.26,0.9141428:0.3185271;0.9526167:0.3815563;0.9913858:0.2497383;1.012101:0.3671499;0.9622781:0.3379742;1.022227:0.2716819;0.8660316:0.3343048;0.9809633:0.3285557;0.8831207:0.4814886;0.8888481:0.5108883;0.8682389:0.3916215;0.8958222:0.3242466
sigma3_hotel_seed42,HOTEL:biwi_hotel:25:510,HOTEL,biwi_hotel,biwi_hotel:25,510,3,2.373073101043701,4.457447528839111,0.7814249992370605,0.775242030620575,0.38912490010261536,1.151416540145874,1.0,-0.45:2.56;-0.29:2.33;-0.09:2.1;0.05:1.83;0.15:1.52;0.27:1.22;0.26:0.9;0.3:0.59,0.27:0.28;0.26:-0.05;0.3:-0.39;0.26:-0.78;0.34:-1.18;0.37:-1.57;0.42:-1.96;0.5:-2.33;0.54:-2.74;0.66:-3.14;0.71:-3.52;0.8:-3.9,0.373719:0.5572696;0.4338517:0.6114169;0.4992964:0.4983858;0.5463065:0.6011602;0.5098308:0.5723933;0.5826781:0.5129125;0.4716834:0.5592747;0.5997459:0.5543084;0.5269142:0.6991536;0.5462287:0.7320205;0.5369972:0.6218596;0.582726:0.5521488
sigma3_hotel_seed42,HOTEL:biwi_hotel:24:520,HOTEL,biwi_hotel,biwi_hotel:24,520,3,2.433654546737671,4.6830854415893555,0.919238805770874,0.771653413772583,0.46052905917167664,1.2106457948684692,1.0,0.58:2.1;0.7:1.88;0.72:1.61;0.76:1.34;0.83:1;0.82:0.68;0.85:0.35;0.99:0.01,1.07:-0.32;1.13:-0.71;1.22:-1.08;1.29:-1.47;1.33:-1.82;1.42:-2.18;1.49:-2.54;1.5:-2.91;1.54:-3.31;1.64:-3.8;1.66:-4.26;1.67:-4.72,1.144001:-0.02583352;1.288113:0.02078647;1.433332:-0.08688185;1.557322:-0.001976824;1.584747:-0.02145949;1.738377:-0.06783719;1.69866:-0.05232961;1.89963:-0.066815;1.892724:0.09027874;1.959308:0.1135329;2.027658:0.02093129;2.120353:-0.05861894
sigma3_hotel_seed42,HOTEL:biwi_hotel:25:520,HOTEL,biwi_hotel,biwi_hotel:25,520,3,2.5221593379974365,4.728853225708008,0.7786206007003784,0.7864097952842712,0.42037490010261536,1.268272042274475,1.0,-0.29:2.33;-0.09:2.1;0.05:1.83;0.15:1.52;0.27:1.22;0.26:0.9;0.3:0.59;0.27:0.28,0.26:-0.05;0.3:-0.39;0.26:-0.78;0.34:-1.18;0.37:-1.57;0.42:-1.96;0.5:-2.33;0.54:-2.74;0.66:-3.14;0.71:-3.52;0.8:-3.9;0.89:-4.27,0.2442162:0.2575673;0.2167299:0.3040732;0.2022512:0.2289866;0.1765507:0.3088609;0.06750879:0.295303;0.05150194:0.2505234;-0.1007858:0.2771378;-0.05540845:0.28103;-0.1854799:0.4107688;-0.2368421:0.4516286;-0.3081574:0.3615896;-0.3213382:0.3010736
sigma3_hotel_seed42,HOTEL:biwi_hotel:24:530,HOTEL,biwi_hotel,biwi_hotel:24,530,3,2.502082109451294,4.805729866027832,0.848896324634552,0.803424596786499,0.4074293076992035,0.9380092024803162,1.0,0.7:1.88;0.72:1.61;0.76:1.34;0.83:1;0.82:0.68;0.85:0.35;0.99:0.01;1.07:-0.32,1.13:-0.71;1.22:-1.08;1.29:-1.47;1.33:-1.82;1.42:-2.18;1.49:-2.54;1.5:-2.91;1.54:-3.31;1.64:-3.8;1.66:-4.26;1.67:-4.72;1.7:-5.18,1.178381:-0.3551894;1.277045:-0.3044492;1.379784:-0.415422;1.462713:-0.3198291;1.449486:-0.3453202;1.558072:-0.3978027;1.480228:-0.3690959;1.643514:-0.3787719;1.596603:-0.222655;1.634711:-0.1952843;1.657478:-0.2955599;1.723391:-0.3743271
sigma3_hotel_seed42,HOTEL:biwi_hotel:25:530,HOTEL,biwi_hotel,biwi_hotel:25,530,3,2.5367231369018555,4.6737446784973145,0.8253787159919739,0.7954656481742859,0.37472203373908997,1.0970607995986938,1.0,-0.09:2.1;0.05:1.83;0.15:1.52;0.27:1.22;0.26:0.9;0.3:0.59;0.27:0.28;0.26:-0.05,0.3:-0.39;0.26:-0.78;0.34:-1.18;0.37:-1.57;0.42:-1.96;0.5:-2.33;0.54:-2.74;0.66:-3.14;0.71:-3.52;0.8:-3.9;0.89:-4.27;0.88:-4.65,0.2935762:-0.07759611;0.302894:-0.01682277;0.3155852:-0.1374733;0.3134666:-0.02642757;0.2401485:-0.05188034;0.2714704:-0.1134181;0.09955817:-0.05680148;0.1891143:-0.05971203;0.07127716:0.09057313;0.05634712:0.1213815;0.01391646:0.007585097;0.02241749:-0.0556074
sigma3_hotel_seed42,HOTEL:biwi_hotel:24:540,HOTEL,biwi_hotel,biwi_hotel:24,540,3,2.5367629528045654,4.849756240844727,0.9864709973335266,0.84765625,0.45247676968574524,0.9500564932823181,1.0,0.72:1.61;0.76:1.34;0.83:1;0.82:0.68;0.85:0.35;0.99:0.01;1.07:-0.32;1.13:-0.71,1.22:-1.08;1.29:-1.47;1.33:-1.82;1.42:-2.18;1.49:-2.54;1.5:-2.91;1.54:-3.31;1.64:-3.8;1.66:-4.26;1.67:-4.72;1.7:-5.18;1.65:-5.59,1.22609:-0.744405;1.289706:-0.6775033;1.351852:-0.8231663;1.389369:-0.7033447;1.355658:-0.7271658;1.441217:-0.7876349;1.282028:-0.7350917;1.425233:-0.7511269;1.335935:-0.5695471;1.354283:-0.5529211;1.358775:-0.6725782;1.393122:-0.7470515
sigma3_hotel_seed42,HOTEL:biwi_hotel:25:540,HOTEL,biwi_hotel,biwi_hotel:25,540,3,2.541234016418457,4.637140274047852,0.8558621406555176,0.8091109395027161,0.3689112663269043,1.0781530141830444,1.0,0.05:1.83;0.15:1.52;0.27:1.22;0.26:0.9;0.3:0.59;0.27:0.28;0.26:-0.05;0.3:-0.39,0.26:-0.78;0.34:-1.18;0.37:-1.57;0.42:-1.96;0.5:-2.33;0.54:-2.74;0.66:-3.14;0.71:-3.52;0.8:-3.9;0.89:-4.27;0.88:-4.65;0.94:-5.06,0.3933507:-0.4230645;0.465103:-0.3644679;0.5374675:-0.4915785;0.5909274:-0.3818382;0.5606835:-0.4094862;0.6496018:-0.469245;0.5273576:-0.4236835;0.6722637:-0.4321063;0.5976338:-0.2699135;0.6215554:-0.2457358;0.6262102:-0.3561461;0.6717375:-0.4306258
sigma3_hotel_seed42,HOTEL:biwi_hotel:24:550,HOTEL,biwi_hotel,biwi_hotel:24,550,3,2.5649397373199463,4.858035087585449,0.9519716501235962,0.8861711621284485,0.4107036292552948,0.9800496101379395,1.0,0.76:1.34;0.83:1;0.82:0.68;0.85:0.35;0.99:0.01;1.07:-0.32;1.13:-0.71;1.22:-1.08,1.29:-1.47;1.33:-1.82;1.42:-2.18;1.49:-2.54;1.5:-2.91;1.54:-3.31;1.64:-3.8;1.66:-4.26;1.67:-4.72;1.7:-5.18;1.65:-5.59;1.59:-5.98,1.359934:-1.115376;1.471582:-1.053551;1.577268:-1.196319;1.662329:-1.083101;1.655273:-1.106769;1.787742:-1.162061;1.673751:-1.129208;1.862436:-1.145397;1.803255:-0.9550467;1.844765:-0.9445653;1.88803:-1.048572;1.947039:-1.135103
sigma3_hotel_seed42,HOTEL:biwi_hotel:25:550,HOTEL,biwi_hotel,biwi_hotel:25,550,3,2.7182910442352295,4.96595573425293,0.9801148176193237,0.8327952027320862,0.4438895285129547,1.2290042638778687,1.0,0.15:1.52;0.27:1.22;0.26:0.9;0.3:0.59;0.27:0.28;0.26:-0.05;0.3:-0.39;0.26:-0.78,0.34:-1.18;0.37:-1.57;0.42:-1.96;0.5:-2.33;0.54:-2.74;0.66:-3.14;0.71:-3.52;0.8:-3.9;0.89:-4.27;0.88:-4.65;0.94:-5.06;0.93:-5.46,0.2293433:-0.8074687;0.1721154:-0.7410572;0.1282916:-0.8574901;0.0580225:-0.752608;-0.05761361:-0.7607642;-0.09220159:-0.8107104;-0.3352674:-0.7547265;-0.3061923:-0.7704896;-0.4681472:-0.6095752;-0.5287297:-0.5768525;-0.6143863:-0.6995397;-0.6480525:-0.7514474
sigma3_hotel_seed42,HOTEL:biwi_hotel:24:560,HOTEL,biwi_hotel,biwi_hotel:24,560,3,2.593735933303833,4.8967108726501465,0.9905806183815002,0.9037072658538818,0.3542683720588684,0.8067777156829834,1.0,0.83:1;0.82:0.68;0.85:0.35;0.99:0.01;1.07:-0.32;1.13:-0.71;1.22:-1.08;1.29:-1.47,1.33:-1.82;1.42:-2.18;1.49:-2.54;1.5:-2.91;1.54:-3.31;1.64:-3.8;1.66:-4.26;1.67:-4.72;1.7:-5.18;1.65:-5.59;1.59:-5.98;1.65:-6.4,1.382957:-1.50416;1.44335:-1.436689;1.501321:-1.583002;1.535697:-1.461993;1.499917:-1.486073;1.583655:-1.547912;1.421007:-1.492734;1.561325:-1.507942;1.469718:-1.329211;1.4853:-1.311093;1.487971:-1.430829;1.520749:-1.504995
sigma3_hotel_seed42,HOTEL:biwi_hotel:25:560,HOTEL,biwi_hotel,biwi_hotel:25,560,3,2.5288119316101074,4.64985466003418,1.0198038816452026,0.8630850911140442,0.432312935590744,1.116860270500183,1.0,0.27:1.22;0.26:0.9;0.3:0.59;0.27:0.28;0.26:-0.05;0.3:-0.39;0.26:-0.78;0.34:-1.18,0.37:-1.57;0.42:-1.96;0.5:-2.33;0.54:-2.74;0.66:-3.14;0.71:-3.52;0.8:-3.9;0.89:-4.27;0.88:-4.65;0.94:-5.06;0.93:-5.46;0.97:-5.87,0.4502238:-1.217586;0.5296371:-1.150234;0.608399:-1.29766;0.657095:-1.181444;0.6347789:-1.199799;0.7344992:-1.254865;0.5816122:-1.210227;0.7384648:-1.233917;0.6606175:-1.042709;0.6851491:-1.028608;0.7052891:-1.147023;0.7478155:-1.225457
sigma3_hotel_seed42,HOTEL:biwi_hotel:24:570,HOTEL,biwi_hotel,biwi_hotel:24,570,3,2.678553581237793,4.95625638961792,0.8806957602500916,0.9151794910430908,0.36340269446372986,0.7486822009086609,1.0,0.82:0.68;0.85:0.35;0.99:0.01;1.07:-0.32;1.13:-0.71;1.22:-1.08;1.29:-1.47;1.33:-1.82,1.42:-2.18;1.49:-2.54;1.5:-2.91;1.54:-3.31;1.64:-3.8;1.66:-4.26;1.67:-4.72;1.7:-5.18;1.65:-5.59;1.59:-5.98;1.65:-6.4;1.69:-6.77,1.386062:-1.849711;1.409543:-1.782808;1.431484:-1.922521;1.436372:-1.798621;1.375819:-1.827998;1.424869:-1.896612;1.243939:-1.828089;1.349605:-1.833277;1.235185:-1.674107;1.232043:-1.648058;1.20199:-1.770832;1.216739:-1.836391
sigma3_hotel_seed42,HOTEL:biwi_hotel:25:570,HOTEL,biwi_hotel,biwi_hotel:25,570,3,2.563771963119507,4.694413661956787,0.9778803586959839,0.8884407877922058,0.432312935590744,1.077920913696289,1.0,0.26:0.9;0.3:0.59;0.27:0.28;0.26:-0.05;0.3:-0.39;0.26:-0.78;0.34:-1.18;0.37:-1.57,0.42:-1.96;0.5:-2.33;0.54:-2.74;0.66:-3.14;0.71:-3.52;0.8:-3.9;0.89:-4.27;0.88:-4.65;0.94:-5.06;0.93:-5.46;0.97:-5.87;0.99:-6.24,0.4367307:-1.602738;0.468501:-1.532552;0.4988855:-1.680333;0.5060408:-1.554399;0.4535014:-1.580088;0.5107404:-1.646788;0.3228422:-1.578392;0.436515:-1.590972;0.3263395:-1.421051;0.3274108:-1.398213;0.3069567:-1.525493;0.3250973:-1.592912
sigma3_hotel_seed42,HOTEL:biwi_hotel:24:580,HOTEL,biwi_hotel,biwi_hotel:24,580,3,2.7074196338653564,4.9221954345703125,0.9276987910270691,0.9293646812438965,0.3014616370201111,0.5799216628074646,1.0,0.85:0.35;0.99:0.01;1.07:-0.32;1.13:-0.71;1.22:-1.08;1.29:-1.47;1.33:-1.82;1.42:-2.18,1.49:-2.54;1.5:-2.91;1.54:-3.31;1.64:-3.8;1.66:-4.26;1.67:-4.72;1.7:-5.18;1.65:-5.59;1.59:-5.98;1.65:-6.4;1.69:-6.77;1.71:-7.14,1.546986:-2.214914;1.653804:-2.158727;1.759684:-2.286402;1.845575:-2.181484;1.835935:-2.206833;1.95778:-2.260599;1.862785:-2.230891;2.041226:-2.243404;1.987953:-2.067331;2.029721:-2.050349;2.063326:-2.152454;2.125763:-2.235395
sigma3_hotel_seed42,HOTEL:biwi_hotel:25:580,HOTEL,biwi_hotel,biwi_hotel:25,580,3,2.561964988708496,4.677108287811279,0.9829801917076111,0.9172343611717224,0.3802295923233032,0.9038615822792053,1.0,0.3:0.59;0.27:0.28;0.26:-0.05;0.3:-0.39;0.26:-0.78;0.34:-1.18;0.37:-1.57;0.42:-1.96,0.5:-2.33;0.54:-2.74;0.66:-3.14;0.71:-3.52;0.8:-3.9;0.89:-4.27;0.88:-4.65;0.94:-5.06;0.93:-5.46;0.97:-5.87;0.99:-6.24;0.97:-6.62,0.4852391:-1.99333;0.5153556:-1.922645;0.5451695:-2.070879;0.5498028:-1.945282;0.4969643:-1.969827;0.5518314:-2.035593;0.3608775:-1.967302;0.4726661:-1.98167;0.361865:-1.80987;0.3623261:-1.787334;0.3408:-1.916286;0.3580714:-1.983095
sigma3_hotel_seed42,HOTEL:biwi_hotel:24:590,HOTEL,biwi_hotel,biwi_hotel:24,590,3,2.7550394535064697,4.84916353225708,0.916856050491333,0.9290242791175842,0.25893285870552063,0.4800812005996704,1.0,0.99:0.01;1.07:-0.32;1.13:-0.71;1.22:-1.08;1.29:-1.47;1.33:-1.82;1.42:-2.18;1.49:-2.54,1.5:-2.91;1.54:-3.31;1.64:-3.8;1.66:-4.26;1.67:-4.72;1.7:-5.18;1.65:-5.59;1.59:-5.98;1.65:-6.4;1.69:-6.77;1.71:-7.14;1.8:-7.43,1.595815:-2.573103;1.674469:-2.511613;1.750783:-2.647981;1.807979:-2.533479;1.781293:-2.560714;1.879912:-2.620788;1.749913:-2.575592;1.905356:-2.585984;1.828873:-2.412193;1.85585:-2.39399;1.868717:-2.504825;1.913595:-2.582167
sigma3_hotel_seed42,HOTEL:biwi_hotel:25:590,HOTEL,biwi_hotel,biwi_hotel:25,590,3,2.54461932182312,4.62509298324585,0.9463746547698975,0.9411992430686951,0.38832464814186096,0.9231103658676147,1.0,0.27:0.28;0.26:-0.05;0.3:-0.39;0.26:-0.78;0.34:-1.18;0.37:-1.57;0.42:-1.96;0.5:-2.33,0.54:-2.74;0.66:-3.14;0.71:-3.52;0.8:-3.9;0.89:-4.27;0.88:-4.65;0.94:-5.06;0.93:-5.46;0.97:-5.87;0.99:-6.24;0.97:-6.62;1.07:-6.99,0.6025398:-2.363016;0.6759565:-2.299629;0.7459645:-2.439556;0.7968528:-2.322222;0.7671283:-2.349199;0.8625093:-2.410753;0.7226923:-2.361695;0.8743265:-2.372432;0.7927215:-2.198248;0.815944:-2.179869;0.8261907:-2.292577;0.8673089:-2.36935
sigma3_hotel_seed42,HOTEL:biwi_hotel:28:590,HOTEL,biwi_hotel,biwi_hotel:28,590,3,2.660400390625,5.285088062286377,0.9253377914428711,0.8819780945777893,0.34975162148475647,0.8203386068344116,0.0,0.74:3.69;0.78:3.36;0.87:3.03;0.92:2.66;0.96:2.31;1.07:1.96;1.11:1.63;1.1:1.26,1.15:0.91;1.2:0.56;1.2:0.2;1.22:-0.14;1.32:-0.53;1.34:-0.97;1.31:-1.39;1.29:-1.88;1.2:-2.36;1.13:-2.86;1.13:-3.41;1.09:-3.95,1.085505:1.234528;1.044376:1.298535;1.01204:1.182303;0.9607955:1.289248;0.8527563:1.274827;0.8359978:1.220777;0.6131296:1.275947;0.6587025:1.267476;0.5050278:1.423792;0.4544361:1.455504;0.3790402:1.339235;0.3541106:1.283605
sigma3_hotel_seed42,HOTEL:biwi_hotel:24:600,HOTEL,biwi_hotel,biwi_hotel:24,600,3,2.8532609939575195,4.909820079803467,0.9253377914428711,0.9399445056915283,0.25641417503356934,0.5599221587181091,1.0,1.07:-0.32;1.13:-0.71;1.22:-1.08;1.29:-1.47;1.33:-1.82;1.42:-2.18;1.49:-2.54;1.5:-2.91,1.54:-3.31;1.64:-3.8;1.66:-4.26;1.67:-4.72;1.7:-5.18;1.65:-5.59;1.59:-5.98;1.65:-6.4;1.69:-6.77;1.71:-7.14;1.8:-7.43;1.88:-7.7,1.499692:-2.936788;1.470504:-2.871337;1.448625:-2.994169;1.406607:-2.882799;1.308336:-2.900047;1.30336:-2.957116;1.085426:-2.897985;1.142148:-2.907014;0.995474:-2.748041;0.9548889:-2.718201;0.8876725:-2.838184;0.8700484:-2.895176
sigma3_hotel_seed42,HOTEL:biwi_hotel:25:600,HOTEL,biwi_hotel,biwi_hotel:25,600,3,2.552905797958374,4.6283040046691895,1.0298664569854736,0.9704117774963379,0.39413541555404663,0.8913930058479309,1.0,0.26:-0.05;0.3:-0.39;0.26:-0.78;0.34:-1.18;0.37:-1.57;0.42:-1.96;0.5:-2.33;0.54:-2.74,0.66:-3.14;0.71:-3.52;0.8:-3.9;0.89:-4.27;0.88:-4.65;0.94:-5.06;0.93:-5.46;0.97:-5.87;0.99:-6.24;0.97:-6.62;1.07:-6.99;1.13:-7.34,0.6017361:-2.774587;0.6278393:-2.702996;0.6566469:-2.85186;0.6555497:-2.7273;0.6018742:-2.749455;0.6504768:-2.812814;0.4531019:-2.745267;0.5603608:-2.763653;0.4480345:-2.586852;0.4477197:-2.56551;0.4229557:-2.698617;0.4380709:-2.76371
sigma3_hotel_seed42,HOTEL:biwi_hotel:28:600,HOTEL,biwi_hotel,biwi_hotel:28,600,3,2.6812448501586914,5.3052191734313965,0.8838834762573242,0.8895273804664612,0.3635490834712982,0.8436277508735657,0.0,0.78:3.36;0.87:3.03;0.92:2.66;0.96:2.31;1.07:1.96;1.11:1.63;1.1:1.26;1.15:0.91,1.2:0.56;1.2:0.2;1.22:-0.14;1.32:-0.53;1.34:-0.97;1.31:-1.39;1.29:-1.88;1.2:-2.36;1.13:-2.86;1.13:-3.41;1.09:-3.95;1.08:-4.42,1.239199:0.877923;1.298044:0.9424279;1.354078:0.8021693;1.39152:0.9219374;1.353091:0.8937105;1.4348:0.8295691;1.283096:0.8851973;1.421214:0.8763209;1.330131:1.04579;1.34634:1.066443;1.344378:0.950067;1.378058:0.8768396
sigma3_hotel_seed42,HOTEL:biwi_hotel:24:610,HOTEL,biwi_hotel,biwi_hotel:24,610,3,2.778404951095581,4.628981113433838,1.0049875974655151,0.9425897598266602,0.26305052638053894,0.546610414981842,1.0,1.13:-0.71;1.22:-1.08;1.29:-1.47;1.33:-1.82;1.42:-2.18;1.49:-2.54;1.5:-2.91;1.54:-3.31,1.64:-3.8;1.66:-4.26;1.67:-4.72;1.7:-5.18;1.65:-5.59;1.59:-5.98;1.65:-6.4;1.69:-6.77;1.71:-7.14;1.8:-7.43;1.88:-7.7;1.85:-7.96,1.613985:-3.345835;1.653572:-3.275012;1.695585:-3.423876;1.706357:-3.301776;1.661081:-3.322059;1.722196:-3.382561;1.534765:-3.321249;1.65433:-3.342331;1.551019:-3.160438;1.556953:-3.141182;1.543887:-3.271357;1.565932:-3.339743
sigma3_hotel_seed42,HOTEL:biwi_hotel:25:610,HOTEL,biwi_hotel,biwi_hotel:25,610,3,2.496073007583618,4.476423263549805,1.0440306663513184,0.9972929954528809,0.37984663248062134,0.8662811517715454,1.0,0.3:-0.39;0.26:-0.78;0.34:-1.18;0.37:-1.57;0.42:-1.96;0.5:-2.33;0.54:-2.74;0.66:-3.14,0.71:-3.52;0.8:-3.9;0.89:-4.27;0.88:-4.65;0.94:-5.06;0.93:-5.46;0.97:-5.87;0.99:-6.24;0.97:-6.62;1.07:-6.99;1.13:-7.34;1.22:-7.67,0.8167906:-3.179327;0.9468724:-3.117468;1.074186:-3.261365;1.172348:-3.15368;1.179021:-3.170685;1.325611:-3.217907;1.220039:-3.196656;1.424388:-3.223038;1.379051:-3.017501;1.430059:-3.01194;1.490052:-3.116164;1.558445:-3.20639
sigma3_hotel_seed42,HOTEL:biwi_hotel:28:610,HOTEL,biwi_hotel,biwi_hotel:28,610,3,2.7922418117523193,5.477234840393066,0.8838834762573242,0.8936347961425781,0.3046235144138336,0.7116971611976624,0.0,0.87:3.03;0.92:2.66;0.96:2.31;1.07:1.96;1.11:1.63;1.1:1.26;1.15:0.91;1.2:0.56,1.2:0.2;1.22:-0.14;1.32:-0.53;1.34:-0.97;1.31:-1.39;1.29:-1.88;1.2:-2.36;1.13:-2.86;1.13:-3.41;1.09:-3.95;1.08:-4.42;1.08:-4.94,1.271196:0.5289159;1.311658:0.5943909;1.350366:0.4551433;1.371076:0.5770179;1.321847:0.5474941;1.385982:0.4803268;1.221099:0.5439897;1.341384:0.5374244;1.239505:0.6990861;1.246532:0.7237282;1.229089:0.6031296;1.25416:0.5344655
sigma3_hotel_seed42,HOTEL:biwi_hotel:28:620,HOTEL,biwi_hotel,biwi_hotel:28,620,3,2.92897629737854,5.627249717712402,0.8999999761581421,0.8888622522354126,0.33444592356681824,0.8330647945404053,0.0,0.92:2.66;0.96:2.31;1.07:1.96;1.11:1.63;1.1:1.26;1.15:0.91;1.2:0.56;1.2:0.2,1.22:-0.14;1.32:-0.53;1.34:-0.97;1.31:-1.39;1.29:-1.88;1.2:-2.36;1.13:-2.86;1.13:-3.41;1.09:-3.95;1.08:-4.42;1.08:-4.94;1.04:-5.4,1.206079:0.173106;1.183178:0.2386967;1.165621:0.1141019;1.129411:0.2268813;1.035036:0.2084826;1.037543:0.1498964;0.8239031:0.2099599;0.8867519:0.2018711;0.7435607:0.3596841;0.7059702:0.3896801;0.644089:0.2709405;0.6300641:0.2122984
sigma3_hotel_seed42,HOTEL:biwi_hotel:38:1000,HOTEL,biwi_hotel,biwi_hotel:38,1000,3,0.1102459654211998,0.1122773289680481,0.0,0.014285714365541935,0.02083333395421505,0.0,0.0,-1.4:-7.32;-1.4:-7.3;-1.4:-7.28;-1.4:-7.28;-1.4:-7.28;-1.4:-7.28;-1.4:-7.28;-1.4:-7.28,-1.4:-7.28;-1.36:-7.32;-1.33:-7.38;-1.31:-7.42;-1.31:-7.43;-1.31:-7.43;-1.31:-7.43;-1.31:-7.43;-1.31:-7.43;-1.31:-7.43;-1.31:-7.43;-1.31:-7.43,-1.375257:-7.279222;-1.359835:-7.2733;-1.361689:-7.298909;-1.353905:-7.28357;-1.337403:-7.291296;-1.316255:-7.316851;-1.322402:-7.293919;-1.315806:-7.30252;-1.287563:-7.292078;-1.272917:-7.307844;-1.251265:-7.322526;-1.259412:-7.329765
sigma3_hotel_seed42,HOTEL:biwi_hotel:38:1010,HOTEL,biwi_hotel,biwi_hotel:38,1010,3,0.12268628925085068,0.10250253230333328,0.0,0.0071428571827709675,0.02083333395421505,0.0,0.0,-1.4:-7.3;-1.4:-7.28;-1.4:-7.28;-1.4:-7.28;-1.4:-7.28;-1.4:-7.28;-1.4:-7.28;-1.4:-7.28,-1.36:-7.32;-1.33:-7.38;-1.31:-7.42;-1.31:-7.43;-1.31:-7.43;-1.31:-7.43;-1.31:-7.43;-1.31:-7.43;-1.31:-7.43;-1.31:-7.43;-1.31:-7.43;-1.31:-7.43,-1.380544:-7.279848;-1.369186:-7.274505;-1.372485:-7.298075;-1.369815:-7.283372;-1.357155:-7.291009;-1.342627:-7.314931;-1.349892:-7.293951;-1.348935:-7.30056;-1.325391:-7.291189;-1.314606:-7.305797;-1.298238:-7.321177;-1.310199:-7.327497
sigma3_hotel_seed42,HOTEL:biwi_hotel:38:1020,HOTEL,biwi_hotel,biwi_hotel:38,1020,3,0.34648582339286804,0.6862752437591553,0.1414213627576828,0.02020305022597313,0.0589255653321743,0.0,0.0,-1.4:-7.28;-1.4:-7.28;-1.4:-7.28;-1.4:-7.28;-1.4:-7.28;-1.4:-7.28;-1.4:-7.28;-1.36:-7.32,-1.33:-7.38;-1.31:-7.42;-1.31:-7.43;-1.31:-7.43;-1.31:-7.43;-1.31:-7.43;-1.31:-7.43;-1.31:-7.43;-1.31:-7.43;-1.31:-7.43;-1.31:-7.43;-1.37:-7.53,-1.306558:-7.324366;-1.249013:-7.336133;-1.182976:-7.318993;-1.122949:-7.349125;-1.061373:-7.341151;-1.011045:-7.333537;-0.9554457:-7.360475;-0.9178482:-7.391568;-0.8260322:-7.385109;-0.7783052:-7.385822;-0.7291952:-7.393672;-0.6973042:-7.394155
sigma3_hotel_seed42,HOTEL:biwi_hotel:38:1030,HOTEL,biwi_hotel,biwi_hotel:38,1030,3,0.19153159856796265,0.4454570710659027,0.16770510375499725,0.04416092112660408,0.08221793919801712,0.32175055146217346,0.0,-1.4:-7.28;-1.4:-7.28;-1.4:-7.28;-1.4:-7.28;-1.4:-7.28;-1.4:-7.28;-1.36:-7.32;-1.33:-7.38,-1.31:-7.42;-1.31:-7.43;-1.31:-7.43;-1.31:-7.43;-1.31:-7.43;-1.31:-7.43;-1.31:-7.43;-1.31:-7.43;-1.31:-7.43;-1.31:-7.43;-1.37:-7.53;-1.43:-7.56,-1.311779:-7.386298;-1.281873:-7.395742;-1.239696:-7.374655;-1.207122:-7.401805;-1.178954:-7.387979;-1.160381:-7.391233;-1.118164:-7.411807;-1.111895:-7.432437;-1.054586:-7.422527;-1.037532:-7.41251;-1.016475:-7.430889;-1.004507:-7.428136
sigma3_hotel_seed42,HOTEL:biwi_hotel:38:1040,HOTEL,biwi_hotel,biwi_hotel:38,1040,3,0.13922712206840515,0.2126152068376541,0.11180339753627777,0.06013283506035805,0.10551031678915024,0.32175055146217346,0.0,-1.4:-7.28;-1.4:-7.28;-1.4:-7.28;-1.4:-7.28;-1.4:-7.28;-1.36:-7.32;-1.33:-7.38;-1.31:-7.42,-1.31:-7.43;-1.31:-7.43;-1.31:-7.43;-1.31:-7.43;-1.31:-7.43;-1.31:-7.43;-1.31:-7.43;-1.31:-7.43;-1.31:-7.43;-1.37:-7.53;-1.43:-7.56;-1.32:-7.44,-1.291731:-7.420002;-1.271524:-7.428093;-1.253029:-7.41896;-1.232093:-7.437124;-1.210101:-7.430716;-1.191761:-7.430333;-1.182945:-7.454102;-1.17664:-7.469059;-1.132623:-7.459637;-1.123981:-7.467185;-1.09995:-7.469141;-1.109906:-7.472648
sigma3_hotel_seed42,HOTEL:biwi_hotel:38:1050,HOTEL,biwi_hotel,biwi_hotel:38,1050,3,0.0580117404460907,0.11659885942935944,0.02500000037252903,0.06370426714420319,0.1430681347846985,0.7853981852531433,0.0,-1.4:-7.28;-1.4:-7.28;-1.4:-7.28;-1.4:-7.28;-1.36:-7.32;-1.33:-7.38;-1.31:-7.42;-1.31:-7.43,-1.31:-7.43;-1.31:-7.43;-1.31:-7.43;-1.31:-7.43;-1.31:-7.43;-1.31:-7.43;-1.31:-7.43;-1.31:-7.43;-1.37:-7.53;-1.43:-7.56;-1.32:-7.44;-1.31:-7.43,-1.306571:-7.428503;-1.31508:-7.429626;-1.316225:-7.43284;-1.318136:-7.428111;-1.297992:-7.435901;-1.303728:-7.442844;-1.280534:-7.428088;-1.284883:-7.427907;-1.262579:-7.440898;-1.228992:-7.459428;-1.212873:-7.458874;-1.195818:-7.453618
sigma3_hotel_seed42,HOTEL:biwi_hotel:38:1060,HOTEL,biwi_hotel,biwi_hotel:38,1060,3,0.059954430907964706,0.08392827957868576,0.0,0.06370426714420319,0.15348480641841888,0.7853981852531433,0.0,-1.4:-7.28;-1.4:-7.28;-1.4:-7.28;-1.36:-7.32;-1.33:-7.38;-1.31:-7.42;-1.31:-7.43;-1.31:-7.43,-1.31:-7.43;-1.31:-7.43;-1.31:-7.43;-1.31:-7.43;-1.31:-7.43;-1.31:-7.43;-1.31:-7.43;-1.37:-7.53;-1.43:-7.56;-1.32:-7.44;-1.31:-7.43;-1.31:-7.43,-1.297348:-7.428107;-1.29138:-7.425579;-1.298733:-7.441471;-1.297929:-7.435917;-1.285184:-7.440686;-1.274434:-7.455204;-1.286426:-7.444139;-1.28623:-7.457741;-1.257142:-7.454448;-1.250305:-7.466398;-1.233634:-7.474291;-1.245125:-7.483246
sigma3_hotel_seed42,HOTEL:biwi_hotel:38:1070,HOTEL,biwi_hotel,biwi_hotel:38,1070,3,0.06503208726644516,0.13254854083061218,0.0,0.06370426714420319,0.15348480641841888,0.7853981852531433,0.0,-1.4:-7.28;-1.4:-7.28;-1.36:-7.32;-1.33:-7.38;-1.31:-7.42;-1.31:-7.43;-1.31:-7.43;-1.31:-7.43,-1.31:-7.43;-1.31:-7.43;-1.31:-7.43;-1.31:-7.43;-1.31:-7.43;-1.31:-7.43;-1.37:-7.53;-1.43:-7.56;-1.32:-7.44;-1.31:-7.43;-1.31:-7.43;-1.31:-7.43,-1.317448:-7.430356;-1.324843:-7.432027;-1.335491:-7.435275;-1.350521:-7.438338;-1.352645:-7.439352;-1.364825:-7.444808;-1.382973:-7.449038;-1.403672:-7.458642;-1.388916:-7.457063;-1.401092:-7.461554;-1.404782:-7.471408;-1.434026:-7.476761
sigma3_hotel_seed42,HOTEL:biwi_hotel:38:1080,HOTEL,biwi_hotel,biwi_hotel:38,1080,3,0.05362410843372345,0.09008960425853729,0.0,0.06370426714420319,0.09455924481153488,0.7853981852531433,0.0,-1.4:-7.28;-1.36:-7.32;-1.33:-7.38;-1.31:-7.42;-1.31:-7.43;-1.31:-7.43;-1.31:-7.43;-1.31:-7.43,-1.31:-7.43;-1.31:-7.43;-1.31:-7.43;-1.31:-7.43;-1.31:-7.43;-1.37:-7.53;-1.43:-7.56;-1.32:-7.44;-1.31:-7.43;-1.31:-7.43;-1.31:-7.43;-1.32:-7.41,-1.299972:-7.428309;-1.295834:-7.426445;-1.303539:-7.440389;-1.304594:-7.436242;-1.293402:-7.440491;-1.285589:-7.453474;-1.297978:-7.444614;-1.30022:-7.45786;-1.272558:-7.455168;-1.267704:-7.466253;-1.253301:-7.473969;-1.266474:-7.482464
sigma3_hotel_seed42,HOTEL:biwi_hotel:38:1090,HOTEL,biwi_hotel,biwi_hotel:38,1090,3,0.05286836996674538,0.10772731155157089,0.0,0.04350121319293976,0.07126686722040176,0.46364760398864746,0.0,-1.36:-7.32;-1.33:-7.38;-1.31:-7.42;-1.31:-7.43;-1.31:-7.43;-1.31:-7.43;-1.31:-7.43;-1.31:-7.43,-1.31:-7.43;-1.31:-7.43;-1.31:-7.43;-1.31:-7.43;-1.37:-7.53;-1.43:-7.56;-1.32:-7.44;-1.31:-7.43;-1.31:-7.43;-1.31:-7.43;-1.32:-7.41;-1.34:-7.37,-1.309261:-7.428319;-1.313318:-7.426845;-1.328531:-7.437983;-1.336016:-7.436045;-1.330753:-7.438248;-1.32911:-7.449033;-1.347827:-7.441276;-1.357236:-7.456067;-1.334511:-7.457002;-1.337587:-7.465025;-1.328968:-7.470098;-1.345999:-7.47756
sigma3_hotel_seed42,HOTEL:biwi_hotel:38:1100,HOTEL,biwi_hotel,biwi_hotel:38,1100,3,0.056341689079999924,0.13709226250648499,0.0,0.019543342292308807,0.047974493354558945,0.46364760398864746,0.0,-1.33:-7.38;-1.31:-7.42;-1.31:-7.43;-1.31:-7.43;-1.31:-7.43;-1.31:-7.43;-1.31:-7.43;-1.31:-7.43,-1.31:-7.43;-1.31:-7.43;-1.31:-7.43;-1.37:-7.53;-1.43:-7.56;-1.32:-7.44;-1.31:-7.43;-1.31:-7.43;-1.31:-7.43;-1.32:-7.41;-1.34:-7.37;-1.36:-7.34,-1.309488:-7.428299;-1.316609:-7.426503;-1.33044:-7.437241;-1.337475:-7.431885;-1.328288:-7.436558;-1.328693:-7.446558;-1.335033:-7.432866;-1.34242:-7.442126;-1.322485:-7.448999;-1.313731:-7.461084;-1.301973:-7.46233;-1.305789:-7.465919
sigma3_hotel_seed42,HOTEL:biwi_hotel:38:1110,HOTEL,biwi_hotel,biwi_hotel:38,1110,3,0.08483948558568954,0.22032731771469116,0.0,0.0035714285913854837,0.010416666977107525,0.0,0.0,-1.31:-7.42;-1.31:-7.43;-1.31:-7.43;-1.31:-7.43;-1.31:-7.43;-1.31:-7.43;-1.31:-7.43;-1.31:-7.43,-1.31:-7.43;-1.31:-7.43;-1.37:-7.53;-1.43:-7.56;-1.32:-7.44;-1.31:-7.43;-1.31:-7.43;-1.31:-7.43;-1.32:-7.41;-1.34:-7.37;-1.36:-7.34;-1.36:-7.3,-1.302253:-7.428285;-1.304883:-7.426414;-1.310398:-7.437617;-1.310987:-7.428889;-1.294123:-7.43677;-1.291465:-7.446683;-1.281789:-7.429108;-1.281415:-7.43243;-1.260289:-7.440729;-1.235746:-7.457924;-1.217517:-7.458138;-1.207224:-7.458756
sigma3_hotel_seed42,HOTEL:biwi_hotel:38:1120,HOTEL,biwi_hotel,biwi_hotel:38,1120,3,0.07499777525663376,0.15740619599819183,0.0,0.0,0.0,0.0,0.0,-1.31:-7.43;-1.31:-7.43;-1.31:-7.43;-1.31:-7.43;-1.31:-7.43;-1.31:-7.43;-1.31:-7.43;-1.31:-7.43,-1.31:-7.43;-1.37:-7.53;-1.43:-7.56;-1.32:-7.44;-1.31:-7.43;-1.31:-7.43;-1.31:-7.43;-1.32:-7.41;-1.34:-7.37;-1.36:-7.34;-1.36:-7.3;-1.36:-7.32,-1.318052:-7.430444;-1.333855:-7.437574;-1.324809:-7.423784;-1.332191:-7.428163;-1.31715:-7.4347;-1.343135:-7.428979;-1.304047:-7.430711;-1.319201:-7.420154;-1.308417:-7.435661;-1.274289:-7.451216;-1.27222:-7.451397;-1.255162:-7.437412
sigma3_hotel_seed42,HOTEL:biwi_hotel:38:1130,HOTEL,biwi_hotel,biwi_hotel:38,1130,3,0.08034420013427734,0.09432369470596313,0.0,0.0,0.0,0.0,0.0,-1.31:-7.43;-1.31:-7.43;-1.31:-7.43;-1.31:-7.43;-1.31:-7.43;-1.31:-7.43;-1.31:-7.43;-1.31:-7.43,-1.37:-7.53;-1.43:-7.56;-1.32:-7.44;-1.31:-7.43;-1.31:-7.43;-1.31:-7.43;-1.32:-7.41;-1.34:-7.37;-1.36:-7.34;-1.36:-7.3;-1.36:-7.32;-1.33:-7.38,-1.318052:-7.430444;-1.333855:-7.437574;-1.324809:-7.423784;-1.332191:-7.428163;-1.31715:-7.4347;-1.343135:-7.428979;-1.304047:-7.430711;-1.319201:-7.420154;-1.308417:-7.435661;-1.274289:-7.451216;-1.27222:-7.451397;-1.255162:-7.437412
sigma3_hotel_seed42,HOTEL:biwi_hotel:38:1140,HOTEL,biwi_hotel,biwi_hotel:38,1140,3,0.32863402366638184,0.5733431577682495,0.29154759645462036,0.04164965823292732,0.12147816270589828,0.0,0.0,-1.31:-7.43;-1.31:-7.43;-1.31:-7.43;-1.31:-7.43;-1.31:-7.43;-1.31:-7.43;-1.31:-7.43;-1.37:-7.53,-1.43:-7.56;-1.32:-7.44;-1.31:-7.43;-1.31:-7.43;-1.31:-7.43;-1.32:-7.41;-1.34:-7.37;-1.36:-7.34;-1.36:-7.3;-1.36:-7.32;-1.33:-7.38;-1.29:-7.44,-1.432453:-7.534686;-1.472848:-7.542325;-1.488691:-7.510884;-1.517409:-7.52787;-1.582701:-7.514437;-1.640202:-7.507278;-1.644855:-7.554433;-1.683813:-7.544734;-1.726946:-7.506239;-1.774473:-7.504087;-1.816147:-7.502835;-1.858102:-7.517346
sigma3_hotel_seed42,HOTEL:biwi_hotel:38:1150,HOTEL,biwi_hotel,biwi_hotel:38,1150,3,0.6607604026794434,1.1508378982543945,0.16770510375499725,0.06560752540826797,0.19439482688903809,0.5667291879653931,0.0,-1.31:-7.43;-1.31:-7.43;-1.31:-7.43;-1.31:-7.43;-1.31:-7.43;-1.31:-7.43;-1.37:-7.53;-1.43:-7.56,-1.32:-7.44;-1.31:-7.43;-1.31:-7.43;-1.31:-7.43;-1.32:-7.41;-1.34:-7.37;-1.36:-7.34;-1.36:-7.3;-1.36:-7.32;-1.33:-7.38;-1.29:-7.44;-1.27:-7.47,-1.530506:-7.563893;-1.610766:-7.573073;-1.675623:-7.537695;-1.752213:-7.565418;-1.834599:-7.542713;-1.923015:-7.535537;-1.97816:-7.564627;-2.084167:-7.571286;-2.139226:-7.572971;-2.24192:-7.544841;-2.327045:-7.549892;-2.418864:-7.537378
sigma3_hotel_seed42,HOTEL:biwi_hotel:46:1150,HOTEL,biwi_hotel,biwi_hotel:46,1150,3,0.02323092333972454,0.055337101221084595,0.0,0.0,0.0,0.0,1.0,-1.65:0.9;-1.65:0.9;-1.65:0.9;-1.65:0.9;-1.65:0.9;-1.65:0.9;-1.65:0.9;-1.65:0.9,-1.65:0.9;-1.65:0.9;-1.65:0.9;-1.65:0.9;-1.65:0.9;-1.65:0.9;-1.65:0.9;-1.65:0.9;-1.65:0.9;-1.65:0.9;-1.65:0.9;-1.65:0.9,-1.658052:0.8995554;-1.673855:0.8924253;-1.664809:0.9062156;-1.672191:0.9018373;-1.65715:0.8953;-1.683135:0.9010205;-1.644047:0.899289;-1.659201:0.9098464;-1.648417:0.8943391;-1.614289:0.8787839;-1.61222:0.878603;-1.595162:0.8925877
sigma3_hotel_seed42,HOTEL:biwi_hotel:47:1150,HOTEL,biwi_hotel,biwi_hotel:47,1150,3,0.023230932652950287,0.055337101221084595,0.0,0.0,0.0,0.0,1.0,-1.72:1.28;-1.72:1.28;-1.72:1.28;-1.72:1.28;-1.72:1.28;-1.72:1.28;-1.72:1.28;-1.72:1.28,-1.72:1.28;-1.72:1.28;-1.72:1.28;-1.72:1.28;-1.72:1.28;-1.72:1.28;-1.72:1.28;-1.72:1.28;-1.72:1.28;-1.72:1.28;-1.72:1.28;-1.72:1.28,-1.728052:1.279555;-1.743855:1.272425;-1.73481:1.286216;-1.742191:1.281837;-1.72715:1.2753;-1.753135:1.281021;-1.714047:1.279289;-1.729201:1.289846;-1.718417:1.274339;-1.684289:1.258784;-1.68222:1.258603;-1.665162:1.272588
sigma3_hotel_seed42,HOTEL:biwi_hotel:38:1160,HOTEL,biwi_hotel,biwi_hotel:38,1160,3,0.25961747765541077,0.3674065172672272,0.4069705009460449,0.12374617159366608,0.4305570125579834,3.3431203365325928,0.0,-1.31:-7.43;-1.31:-7.43;-1.31:-7.43;-1.31:-7.43;-1.31:-7.43;-1.37:-7.53;-1.43:-7.56;-1.32:-7.44,-1.31:-7.43;-1.31:-7.43;-1.31:-7.43;-1.32:-7.41;-1.34:-7.37;-1.36:-7.34;-1.36:-7.3;-1.36:-7.32;-1.33:-7.38;-1.29:-7.44;-1.27:-7.47;-1.27:-7.47,-1.279437:-7.457376;-1.228867:-7.446227;-1.166111:-7.468762;-1.131742:-7.44219;-1.10938:-7.449566;-1.075127:-7.483155;-1.051626:-7.46776;-1.010512:-7.449804;-0.9961121:-7.423413;-0.9643996:-7.405042;-0.9367427:-7.460006;-0.902642:-7.475972
sigma3_hotel_seed42,HOTEL:biwi_hotel:46:1160,HOTEL,biwi_hotel,biwi_hotel:46,1160,3,0.02323092333972454,0.055337101221084595,0.0,0.0,0.0,0.0,1.0,-1.65:0.9;-1.65:0.9;-1.65:0.9;-1.65:0.9;-1.65:0.9;-1.65:0.9;-1.65:0.9;-1.65:0.9,-1.65:0.9;-1.65:0.9;-1.65:0.9;-1.65:0.9;-1.65:0.9;-1.65:0.9;-1.65:0.9;-1.65:0.9;-1.65:0.9;-1.65:0.9;-1.65:0.9;-1.65:0.9,-1.658052:0.8995554;-1.673855:0.8924253;-1.664809:0.9062156;-1.672191:0.9018373;-1.65715:0.8953;-1.683135:0.9010205;-1.644047:0.899289;-1.659201:0.9098464;-1.648417:0.8943391;-1.614289:0.8787839;-1.61222:0.878603;-1.595162:0.8925877
sigma3_hotel_seed42,HOTEL:biwi_hotel:47:1160,HOTEL,biwi_hotel,biwi_hotel:47,1160,3,0.023230932652950287,0.055337101221084595,0.0,0.0,0.0,0.0,1.0,-1.72:1.28;-1.72:1.28;-1.72:1.28;-1.72:1.28;-1.72:1.28;-1.72:1.28;-1.72:1.28;-1.72:1.28,-1.72:1.28;-1.72:1.28;-1.72:1.28;-1.72:1.28;-1.72:1.28;-1.72:1.28;-1.72:1.28;-1.72:1.28;-1.72:1.28;-1.72:1.28;-1.72:1.28;-1.72:1.28,-1.728052:1.279555;-1.743855:1.272425;-1.73481:1.286216;-1.742191:1.281837;-1.72715:1.2753;-1.753135:1.281021;-1.714047:1.279289;-1.729201:1.289846;-1.718417:1.274339;-1.684289:1.258784;-1.68222:1.258603;-1.665162:1.272588
sigma3_hotel_seed42,HOTEL:biwi_hotel:38:1170,HOTEL,biwi_hotel,biwi_hotel:38,1170,3,0.08160717040300369,0.10718897730112076,0.0353553406894207,0.12879693508148193,0.5854119062423706,3.3865714073181152,0.0,-1.31:-7.43;-1.31:-7.43;-1.31:-7.43;-1.31:-7.43;-1.37:-7.53;-1.43:-7.56;-1.32:-7.44;-1.31:-7.43,-1.31:-7.43;-1.31:-7.43;-1.32:-7.41;-1.34:-7.37;-1.36:-7.34;-1.36:-7.3;-1.36:-7.32;-1.33:-7.38;-1.29:-7.44;-1.27:-7.47;-1.27:-7.47;-1.27:-7.47,-1.32677:-7.430942;-1.347048:-7.437758;-1.34845:-7.424332;-1.36362:-7.43184;-1.358253:-7.434166;-1.386406:-7.428588;-1.367334:-7.434831;-1.391478:-7.430665;-1.383225:-7.444753;-1.369681:-7.454556;-1.373828:-7.454381;-1.374174:-7.444757
sigma3_hotel_seed42,HOTEL:biwi_hotel:46:1170,HOTEL,biwi_hotel,biwi_hotel:46,1170,3,0.02323092333972454,0.055337101221084595,0.0,0.0,0.0,0.0,1.0,-1.65:0.9;-1.65:0.9;-1.65:0.9;-1.65:0.9;-1.65:0.9;-1.65:0.9;-1.65:0.9;-1.65:0.9,-1.65:0.9;-1.65:0.9;-1.65:0.9;-1.65:0.9;-1.65:0.9;-1.65:0.9;-1.65:0.9;-1.65:0.9;-1.65:0.9;-1.65:0.9;-1.65:0.9;-1.65:0.9,-1.658052:0.8995554;-1.673855:0.8924253;-1.664809:0.9062156;-1.672191:0.9018373;-1.65715:0.8953;-1.683135:0.9010205;-1.644047:0.899289;-1.659201:0.9098464;-1.648417:0.8943391;-1.614289:0.8787839;-1.61222:0.878603;-1.595162:0.8925877
sigma3_hotel_seed42,HOTEL:biwi_hotel:47:1170,HOTEL,biwi_hotel,biwi_hotel:47,1170,3,0.023230932652950287,0.055337101221084595,0.0,0.0,0.0,0.0,1.0,-1.72:1.28;-1.72:1.28;-1.72:1.28;-1.72:1.28;-1.72:1.28;-1.72:1.28;-1.72:1.28;-1.72:1.28,-1.72:1.28;-1.72:1.28;-1.72:1.28;-1.72:1.28;-1.72:1.28;-1.72:1.28;-1.72:1.28;-1.72:1.28;-1.72:1.28;-1.72:1.28;-1.72:1.28;-1.72:1.28,-1.728052:1.279555;-1.743855:1.272425;-1.73481:1.286216;-1.742191:1.281837;-1.72715:1.2753;-1.753135:1.281021;-1.714047:1.279289;-1.729201:1.289846;-1.718417:1.274339;-1.684289:1.258784;-1.68222:1.258603;-1.665162:1.272588
sigma3_hotel_seed42,HOTEL:biwi_hotel:38:1180,HOTEL,biwi_hotel,biwi_hotel:38,1180,3,0.24699045717716217,0.4996868968009949,0.0,0.12879693508148193,0.6001432538032532,3.3865714073181152,0.0,-1.31:-7.43;-1.31:-7.43;-1.31:-7.43;-1.37:-7.53;-1.43:-7.56;-1.32:-7.44;-1.31:-7.43;-1.31:-7.43,-1.31:-7.43;-1.32:-7.41;-1.34:-7.37;-1.36:-7.34;-1.36:-7.3;-1.36:-7.32;-1.33:-7.38;-1.29:-7.44;-1.27:-7.47;-1.27:-7.47;-1.27:-7.47;-1.27:-7.47,-1.355861:-7.431203;-1.387678:-7.440714;-1.418664:-7.415631;-1.44897:-7.444088;-1.481957:-7.426666;-1.514169:-7.409524;-1.559786:-7.446489;-1.607607:-7.461368;-1.618794:-7.467221;-1.681412:-7.449217;-1.712924:-7.443121;-1.768797:-7.44019
sigma3_hotel_seed42,HOTEL:biwi_hotel:46:1180,HOTEL,biwi_hotel,biwi_hotel:46,1180,3,0.02323092333972454,0.055337101221084595,0.0,0.0,0.0,0.0,1.0,-1.65:0.9;-1.65:0.9;-1.65:0.9;-1.65:0.9;-1.65:0.9;-1.65:0.9;-1.65:0.9;-1.65:0.9,-1.65:0.9;-1.65:0.9;-1.65:0.9;-1.65:0.9;-1.65:0.9;-1.65:0.9;-1.65:0.9;-1.65:0.9;-1.65:0.9;-1.65:0.9;-1.65:0.9;-1.65:0.9,-1.658052:0.8995554;-1.673855:0.8924253;-1.664809:0.9062156;-1.672191:0.9018373;-1.65715:0.8953;-1.683135:0.9010205;-1.644047:0.899289;-1.659201:0.9098464;-1.648417:0.8943391;-1.614289:0.8787839;-1.61222:0.878603;-1.595162:0.8925877
sigma3_hotel_seed42,HOTEL:biwi_hotel:47:1180,HOTEL,biwi_hotel,biwi_hotel:47,1180,3,0.023230932652950287,0.055337101221084595,0.0,0.0,0.0,0.0,1.0,-1.72:1.28;-1.72:1.28;-1.72:1.28;-1.72:1.28;-1.72:1.28;-1.72:1.28;-1.72:1.28;-1.72:1.28,-1.72:1.28;-1.72:1.28;-1.72:1.28;-1.72:1.28;-1.72:1.28;-1.72:1.28;-1.72:1.28;-1.72:1.28;-1.72:1.28;-1.72:1.28;-1.72:1.28;-1.72:1.28,-1.728052:1.279555;-1.743855:1.272425;-1.73481:1.286216;-1.742191:1.281837;-1.72715:1.2753;-1.753135:1.281021;-1.714047:1.279289;-1.729201:1.289846;-1.718417:1.274339;-1.684289:1.258784;-1.68222:1.258603;-1.665162:1.272588
sigma3_hotel_seed42,HOTEL:biwi_hotel:38:1190,HOTEL,biwi_hotel,biwi_hotel:38,1190,3,0.14976242184638977,0.24905173480510712,0.0,0.12879693508148193,0.6001432538032532,3.3865714073181152,0.0,-1.31:-7.43;-1.31:-7.43;-1.37:-7.53;-1.43:-7.56;-1.32:-7.44;-1.31:-7.43;-1.31:-7.43;-1.31:-7.43,-1.32:-7.41;-1.34:-7.37;-1.36:-7.34;-1.36:-7.3;-1.36:-7.32;-1.33:-7.38;-1.29:-7.44;-1.27:-7.47;-1.27:-7.47;-1.27:-7.47;-1.27:-7.47;-1.31:-7.58,-1.273895:-7.427043;-1.250723:-7.417997;-1.254715:-7.452951;-1.238826:-7.433117;-1.214944:-7.442778;-1.178882:-7.473161;-1.189659:-7.441727;-1.169953:-7.456948;-1.13134:-7.445354;-1.110278:-7.464256;-1.076445:-7.477104;-1.077764:-7.490037
sigma3_hotel_seed42,HOTEL:biwi_hotel:46:1190,HOTEL,biwi_hotel,biwi_hotel:46,1190,3,0.02323092333972454,0.055337101221084595,0.0,0.0,0.0,0.0,1.0,-1.65:0.9;-1.65:0.9;-1.65:0.9;-1.65:0.9;-1.65:0.9;-1.65:0.9;-1.65:0.9;-1.65:0.9,-1.65:0.9;-1.65:0.9;-1.65:0.9;-1.65:0.9;-1.65:0.9;-1.65:0.9;-1.65:0.9;-1.65:0.9;-1.65:0.9;-1.65:0.9;-1.65:0.9;-1.65:0.9,-1.658052:0.8995554;-1.673855:0.8924253;-1.664809:0.9062156;-1.672191:0.9018373;-1.65715:0.8953;-1.683135:0.9010205;-1.644047:0.899289;-1.659201:0.9098464;-1.648417:0.8943391;-1.614289:0.8787839;-1.61222:0.878603;-1.595162:0.8925877
sigma3_hotel_seed42,HOTEL:biwi_hotel:47:1190,HOTEL,biwi_hotel,biwi_hotel:47,1190,3,0.023230932652950287,0.055337101221084595,0.0,0.0,0.0,0.0,1.0,-1.72:1.28;-1.72:1.28;-1.72:1.28;-1.72:1.28;-1.72:1.28;-1.72:1.28;-1.72:1.28;-1.72:1.28,-1.72:1.28;-1.72:1.28;-1.72:1.28;-1.72:1.28;-1.72:1.28;-1.72:1.28;-1.72:1.28;-1.72:1.28;-1.72:1.28;-1.72:1.28;-1.72:1.28;-1.72:1.28,-1.728052:1.279555;-1.743855:1.272425;-1.73481:1.286216;-1.742191:1.281837;-1.72715:1.2753;-1.753135:1.281021;-1.714047:1.279289;-1.729201:1.289846;-1.718417:1.274339;-1.684289:1.258784;-1.68222:1.258603;-1.665162:1.272588
sigma3_hotel_seed42,HOTEL:biwi_hotel:38:1200,HOTEL,biwi_hotel,biwi_hotel:38,1200,3,0.1399695724248886,0.23432312905788422,0.055901698768138885,0.13678289949893951,0.5019574761390686,4.635617256164551,0.0,-1.31:-7.43;-1.37:-7.53;-1.43:-7.56;-1.32:-7.44;-1.31:-7.43;-1.31:-7.43;-1.31:-7.43;-1.32:-7.41,-1.34:-7.37;-1.36:-7.34;-1.36:-7.3;-1.36:-7.32;-1.33:-7.38;-1.29:-7.44;-1.27:-7.47;-1.27:-7.47;-1.27:-7.47;-1.27:-7.47;-1.31:-7.58;-1.29:-7.52,-1.329569:-7.405659;-1.338455:-7.40294;-1.379285:-7.412105;-1.384419:-7.419397;-1.397289:-7.407724;-1.379472:-7.415413;-1.43809:-7.414533;-1.448742:-7.444505;-1.435608:-7.444907;-1.478934:-7.437132;-1.473893:-7.428181;-1.509173:-7.437112
sigma3_hotel_seed42,HOTEL:biwi_hotel:38:1210,HOTEL,biwi_hotel,biwi_hotel:38,1210,3,0.1926792412996292,0.3378630578517914,0.11180339753627777,0.11110515147447586,0.4523331820964813,4.068887710571289,0.0,-1.37:-7.53;-1.43:-7.56;-1.32:-7.44;-1.31:-7.43;-1.31:-7.43;-1.31:-7.43;-1.32:-7.41;-1.34:-7.37,-1.36:-7.34;-1.36:-7.3;-1.36:-7.32;-1.33:-7.38;-1.29:-7.44;-1.27:-7.47;-1.27:-7.47;-1.27:-7.47;-1.27:-7.47;-1.31:-7.58;-1.29:-7.52;-1.27:-7.47,-1.369365:-7.372786;-1.389453:-7.380267;-1.400051:-7.361863;-1.419701:-7.380252;-1.43862:-7.368706;-1.469046:-7.373987;-1.470793:-7.38986;-1.514306:-7.397532;-1.509797:-7.390462;-1.538028:-7.384377;-1.560755:-7.397644;-1.598487:-7.390957
sigma3_hotel_seed42,HOTEL:biwi_hotel:38:1220,HOTEL,biwi_hotel,biwi_hotel:38,1220,3,0.28943443298339844,0.4934110641479492,0.09013878554105759,0.10002424567937851,0.2265876829624176,1.4168516397476196,0.0,-1.43:-7.56;-1.32:-7.44;-1.31:-7.43;-1.31:-7.43;-1.31:-7.43;-1.32:-7.41;-1.34:-7.37;-1.36:-7.34,-1.36:-7.3;-1.36:-7.32;-1.33:-7.38;-1.29:-7.44;-1.27:-7.47;-1.27:-7.47;-1.27:-7.47;-1.27:-7.47;-1.31:-7.58;-1.29:-7.52;-1.27:-7.47;-1.27:-7.47,-1.397265:-7.343719;-1.423673:-7.349679;-1.442951:-7.337752;-1.481099:-7.349699;-1.505682:-7.345837;-1.547603:-7.335561;-1.576413:-7.359048;-1.623119:-7.361124;-1.634007:-7.366159;-1.674865:-7.361406;-1.703312:-7.36675;-1.753008:-7.369215
sigma3_hotel_seed42,HOTEL:biwi_hotel:38:1230,HOTEL,biwi_hotel,biwi_hotel:38,1230,3,0.17215365171432495,0.21103139221668243,0.10000000149011612,0.056171316653490067,0.09502518177032471,1.9614033699035645,0.0,-1.32:-7.44;-1.31:-7.43;-1.31:-7.43;-1.31:-7.43;-1.32:-7.41;-1.34:-7.37;-1.36:-7.34;-1.36:-7.3,-1.36:-7.32;-1.33:-7.38;-1.29:-7.44;-1.27:-7.47;-1.27:-7.47;-1.27:-7.47;-1.27:-7.47;-1.31:-7.58;-1.29:-7.52;-1.27:-7.47;-1.27:-7.47;-1.27:-7.47,-1.368907:-7.302448;-1.370033:-7.311811;-1.364379:-7.295213;-1.368963:-7.315924;-1.369079:-7.307161;-1.381425:-7.30475;-1.383247:-7.331898;-1.40698:-7.341182;-1.385677:-7.33487;-1.401193:-7.333277;-1.405572:-7.342638;-1.437058:-7.341058
sigma3_hotel_seed42,HOTEL:biwi_hotel:38:1240,HOTEL,biwi_hotel,biwi_hotel:38,1240,3,0.18488775193691254,0.21964623034000397,0.05000000074505806,0.05826340988278389,0.14279378950595856,3.853950262069702,0.0,-1.31:-7.43;-1.31:-7.43;-1.31:-7.43;-1.32:-7.41;-1.34:-7.37;-1.36:-7.34;-1.36:-7.3;-1.36:-7.32,-1.33:-7.38;-1.29:-7.44;-1.27:-7.47;-1.27:-7.47;-1.27:-7.47;-1.27:-7.47;-1.31:-7.58;-1.29:-7.52;-1.27:-7.47;-1.27:-7.47;-1.27:-7.47;-1.27:-7.47,-1.361458:-7.320945;-1.36337:-7.320608;-1.372105:-7.329867;-1.384869:-7.32791;-1.386912:-7.330449;-1.394152:-7.341726;-1.413725:-7.34096;-1.431974:-7.349008;-1.418113:-7.342113;-1.430124:-7.347576;-1.432914:-7.362432;-1.464827:-7.368575
sigma3_hotel_seed42,HOTEL:biwi_hotel:38:1250,HOTEL,biwi_hotel,biwi_hotel:38,1250,3,0.09563907235860825,0.08551902323961258,0.16770510375499725,0.08222128450870514,0.19487711787223816,4.31759786605835,0.0,-1.31:-7.43;-1.31:-7.43;-1.32:-7.41;-1.34:-7.37;-1.36:-7.34;-1.36:-7.3;-1.36:-7.32;-1.33:-7.38,-1.29:-7.44;-1.27:-7.47;-1.27:-7.47;-1.27:-7.47;-1.27:-7.47;-1.31:-7.58;-1.29:-7.52;-1.27:-7.47;-1.27:-7.47;-1.27:-7.47;-1.27:-7.47;-1.27:-7.47,-1.332563:-7.384954;-1.320078:-7.395566;-1.293414:-7.368611;-1.275119:-7.398446;-1.268751:-7.382477;-1.26905:-7.381163;-1.236511:-7.410908;-1.243708:-7.429298;-1.204928:-7.413035;-1.205305:-7.405124;-1.199512:-7.416551;-1.202661:-7.417284
sigma3_hotel_seed42,HOTEL:biwi_hotel:38:1260,HOTEL,biwi_hotel,biwi_hotel:38,1260,3,0.34682273864746094,0.6046997904777527,0.18027757108211517,0.10797522217035294,0.18200141191482544,4.441952705383301,0.0,-1.31:-7.43;-1.32:-7.41;-1.34:-7.37;-1.36:-7.34;-1.36:-7.3;-1.36:-7.32;-1.33:-7.38;-1.29:-7.44,-1.27:-7.47;-1.27:-7.47;-1.27:-7.47;-1.27:-7.47;-1.31:-7.58;-1.29:-7.52;-1.27:-7.47;-1.27:-7.47;-1.27:-7.47;-1.27:-7.47;-1.27:-7.47;-1.27:-7.47,-1.235398:-7.452474;-1.172393:-7.451715;-1.101908:-7.456537;-1.049289:-7.459659;-0.9956967:-7.456198;-0.9453254:-7.478721;-0.8985811:-7.472475;-0.8603449:-7.484154;-0.7928302:-7.473527;-0.7493665:-7.456345;-0.7055839:-7.500354;-0.6661978:-7.502935
sigma3_hotel_seed42,HOTEL:biwi_hotel:38:1270,HOTEL,biwi_hotel,biwi_hotel:38,1270,3,0.23266983032226562,0.40316158533096313,0.09013878554105759,0.11286623030900955,0.19626685976982117,4.441952705383301,0.0,-1.32:-7.41;-1.34:-7.37;-1.36:-7.34;-1.36:-7.3;-1.36:-7.32;-1.33:-7.38;-1.29:-7.44;-1.27:-7.47,-1.27:-7.47;-1.27:-7.47;-1.27:-7.47;-1.31:-7.58;-1.29:-7.52;-1.27:-7.47;-1.27:-7.47;-1.27:-7.47;-1.27:-7.47;-1.27:-7.47;-1.27:-7.47;-1.27:-7.47,-1.226552:-7.467593;-1.190869:-7.467933;-1.172124:-7.480796;-1.135429:-7.482527;-1.098451:-7.48324;-1.052134:-7.498056;-1.041485:-7.495551;-1.011454:-7.515493;-0.9538642:-7.502592;-0.9245589:-7.519085;-0.879546:-7.522029;-0.8714421:-7.530752
sigma3_hotel_seed42,HOTEL:biwi_hotel:38:1280,HOTEL,biwi_hotel,biwi_hotel:38,1280,3,0.07738002389669418,0.12415716052055359,0.0,0.09689431637525558,0.2234080284833908,4.31759786605835,0.0,-1.34:-7.37;-1.36:-7.34;-1.36:-7.3;-1.36:-7.32;-1.33:-7.38;-1.29:-7.44;-1.27:-7.47;-1.27:-7.47,-1.27:-7.47;-1.27:-7.47;-1.31:-7.58;-1.29:-7.52;-1.27:-7.47;-1.27:-7.47;-1.27:-7.47;-1.27:-7.47;-1.27:-7.47;-1.27:-7.47;-1.27:-7.47;-1.27:-7.47,-1.278242:-7.468385;-1.290228:-7.467056;-1.313134:-7.476026;-1.327049:-7.475769;-1.327951:-7.476014;-1.332096:-7.48523;-1.357639:-7.477941;-1.374201:-7.494208;-1.356713:-7.498334;-1.368034:-7.503282;-1.365295:-7.506144;-1.386609:-7.51263
sigma3_hotel_seed42,HOTEL:biwi_hotel:38:1290,HOTEL,biwi_hotel,biwi_hotel:38,1290,3,0.05426246300339699,0.07806901633739471,0.0,0.08401735126972198,0.2001156508922577,3.729595184326172,0.0,-1.36:-7.34;-1.36:-7.3;-1.36:-7.32;-1.33:-7.38;-1.29:-7.44;-1.27:-7.47;-1.27:-7.47;-1.27:-7.47,-1.27:-7.47;-1.31:-7.58;-1.29:-7.52;-1.27:-7.47;-1.27:-7.47;-1.27:-7.47;-1.27:-7.47;-1.27:-7.47;-1.27:-7.47;-1.27:-7.47;-1.27:-7.47;-1.27:-7.47,-1.272286:-7.468341;-1.279014:-7.466916;-1.296818:-7.477324;-1.306469:-7.475952;-1.303282:-7.477496;-1.303589:-7.487752;-1.324605:-7.480153;-1.336423:-7.495441;-1.315462:-7.497451;-1.321315:-7.504438;-1.314677:-7.508766;-1.33315:-7.5159
sigma3_hotel_seed42,HOTEL:biwi_hotel:38:1300,HOTEL,biwi_hotel,biwi_hotel:38,1300,3,0.06594293564558029,0.10961839556694031,0.0,0.06973163783550262,0.1376156508922577,0.588002622127533,0.0,-1.36:-7.3;-1.36:-7.32;-1.33:-7.38;-1.29:-7.44;-1.27:-7.47;-1.27:-7.47;-1.27:-7.47;-1.27:-7.47,-1.31:-7.58;-1.29:-7.52;-1.27:-7.47;-1.27:-7.47;-1.27:-7.47;-1.27:-7.47;-1.27:-7.47;-1.27:-7.47;-1.27:-7.47;-1.27:-7.47;-1.27:-7.47;-1.27:-7.47,-1.274938:-7.469972;-1.280837:-7.471045;-1.291476:-7.475992;-1.304398:-7.477945;-1.304473:-7.479396;-1.313456:-7.486012;-1.330952:-7.487973;-1.34877:-7.498372;-1.331961:-7.496904;-1.34154:-7.502389;-1.342302:-7.511605;-1.368814:-7.517455
sigma3_hotel_seed42,HOTEL:biwi_hotel:38:1310,HOTEL,biwi_hotel,biwi_hotel:38,1310,3,0.17709951102733612,0.24859915673732758,0.2926174998283386,0.10439127683639526,0.20745627582073212,1.0611286163330078,0.0,-1.36:-7.32;-1.33:-7.38;-1.29:-7.44;-1.27:-7.47;-1.27:-7.47;-1.27:-7.47;-1.27:-7.47;-1.31:-7.58,-1.29:-7.52;-1.27:-7.47;-1.27:-7.47;-1.27:-7.47;-1.27:-7.47;-1.27:-7.47;-1.27:-7.47;-1.27:-7.47;-1.27:-7.47;-1.27:-7.47;-1.27:-7.47;-1.29:-7.47,-1.338071:-7.590207;-1.34745:-7.58889;-1.336626:-7.580622;-1.346004:-7.576471;-1.386189:-7.572313;-1.413553:-7.582402;-1.412881:-7.60511;-1.42233:-7.587924;-1.454056:-7.549797;-1.476221:-7.541188;-1.496086:-7.562997;-1.512172:-7.581539
sigma3_hotel_seed42,HOTEL:biwi_hotel:38:1320,HOTEL,biwi_hotel,biwi_hotel:38,1320,3,0.09802594035863876,0.23552511632442474,0.15811388194561005,0.10302110016345978,0.38482874631881714,4.0513458251953125,0.0,-1.33:-7.38;-1.29:-7.44;-1.27:-7.47;-1.27:-7.47;-1.27:-7.47;-1.27:-7.47;-1.31:-7.58;-1.29:-7.52,-1.27:-7.47;-1.27:-7.47;-1.27:-7.47;-1.27:-7.47;-1.27:-7.47;-1.27:-7.47;-1.27:-7.47;-1.27:-7.47;-1.27:-7.47;-1.27:-7.47;-1.29:-7.47;-1.38:-7.43,-1.291339:-7.52716;-1.278218:-7.533649;-1.249602:-7.514909;-1.23365:-7.532986;-1.23195:-7.521709;-1.232418:-7.525751;-1.205357:-7.549372;-1.207402:-7.557332;-1.182606:-7.537447;-1.181752:-7.52854;-1.177181:-7.545955;-1.177528:-7.550322
sigma3_hotel_seed42,HOTEL:biwi_hotel:38:1330,HOTEL,biwi_hotel,biwi_hotel:38,1330,3,0.2834397852420807,0.38552340865135193,0.13462911546230316,0.09649989753961563,0.3576875925064087,4.110101699829102,0.0,-1.29:-7.44;-1.27:-7.47;-1.27:-7.47;-1.27:-7.47;-1.27:-7.47;-1.31:-7.58;-1.29:-7.52;-1.27:-7.47,-1.27:-7.47;-1.27:-7.47;-1.27:-7.47;-1.27:-7.47;-1.27:-7.47;-1.27:-7.47;-1.27:-7.47;-1.27:-7.47;-1.27:-7.47;-1.29:-7.47;-1.38:-7.43;-1.47:-7.34,-1.337792:-7.475188;-1.389947:-7.487904;-1.413452:-7.449662;-1.462676:-7.478436;-1.50366:-7.462083;-1.576502:-7.456825;-1.577813:-7.482742;-1.658502:-7.482934;-1.67826:-7.488388;-1.726916:-7.471927;-1.781878:-7.486094;-1.833517:-7.46839
sigma3_hotel_seed42,HOTEL:biwi_hotel:38:1340,HOTEL,biwi_hotel,biwi_hotel:38,1340,3,0.09937746077775955,0.20287254452705383,0.0,0.08362292498350143,0.37622523307800293,3.173327922821045,0.0,-1.27:-7.47;-1.27:-7.47;-1.27:-7.47;-1.27:-7.47;-1.31:-7.58;-1.29:-7.52;-1.27:-7.47;-1.27:-7.47,-1.27:-7.47;-1.27:-7.47;-1.27:-7.47;-1.27:-7.47;-1.27:-7.47;-1.27:-7.47;-1.27:-7.47;-1.27:-7.47;-1.29:-7.47;-1.38:-7.43;-1.47:-7.34;-1.51:-7.27,-1.310272:-7.474475;-1.345654:-7.496572;-1.320454:-7.440164;-1.341496:-7.47251;-1.342498:-7.470416;-1.412614:-7.433474;-1.350469:-7.479869;-1.394167:-7.454147;-1.406253:-7.475617;-1.384764:-7.479043;-1.41595:-7.476888;-1.407996:-7.445364
sigma3_hotel_seed42,HOTEL:biwi_hotel:38:1350,HOTEL,biwi_hotel,biwi_hotel:38,1350,3,0.10317983478307724,0.24551987648010254,0.0,0.08362292498350143,0.37622523307800293,3.173327922821045,0.0,-1.27:-7.47;-1.27:-7.47;-1.27:-7.47;-1.31:-7.58;-1.29:-7.52;-1.27:-7.47;-1.27:-7.47;-1.27:-7.47,-1.27:-7.47;-1.27:-7.47;-1.27:-7.47;-1.27:-7.47;-1.27:-7.47;-1.27:-7.47;-1.27:-7.47;-1.29:-7.47;-1.38:-7.43;-1.47:-7.34;-1.51:-7.27;-1.52:-7.27,-1.279672:-7.466618;-1.289931:-7.464388;-1.32511:-7.473289;-1.33347:-7.478247;-1.342789:-7.470384;-1.332618:-7.478343;-1.380639:-7.475562;-1.393602:-7.501099;-1.379371:-7.502809;-1.412643:-7.499025;-1.408767:-7.493878;-1.43966:-7.502003
sigma3_hotel_seed42,HOTEL:biwi_hotel:38:1360,HOTEL,biwi_hotel,biwi_hotel:38,1360,3,0.12306772917509079,0.24397997558116913,0.0,0.08362292498350143,0.37622523307800293,3.173327922821045,0.0,-1.27:-7.47;-1.27:-7.47;-1.31:-7.58;-1.29:-7.52;-1.27:-7.47;-1.27:-7.47;-1.27:-7.47;-1.27:-7.47,-1.27:-7.47;-1.27:-7.47;-1.27:-7.47;-1.27:-7.47;-1.27:-7.47;-1.27:-7.47;-1.29:-7.47;-1.38:-7.43;-1.47:-7.34;-1.51:-7.27;-1.52:-7.27;-1.52:-7.27,-1.290525:-7.472872;-1.305231:-7.476997;-1.316389:-7.473097;-1.34359:-7.480335;-1.3586:-7.479241;-1.387755:-7.480669;-1.411629:-7.495517;-1.448984:-7.500035;-1.44746:-7.49573;-1.476014:-7.494427;-1.497176:-7.510063;-1.544276:-7.512769
sigma3_hotel_seed42,HOTEL:biwi_hotel:38:1370,HOTEL,biwi_hotel,biwi_hotel:38,1370,3,0.13025645911693573,0.26739150285720825,0.0,0.08362292498350143,0.2543012499809265,3.173327922821045,0.0,-1.27:-7.47;-1.31:-7.58;-1.29:-7.52;-1.27:-7.47;-1.27:-7.47;-1.27:-7.47;-1.27:-7.47;-1.27:-7.47,-1.27:-7.47;-1.27:-7.47;-1.27:-7.47;-1.27:-7.47;-1.27:-7.47;-1.29:-7.47;-1.38:-7.43;-1.47:-7.34;-1.51:-7.27;-1.52:-7.27;-1.52:-7.27;-1.52:-7.27,-1.279853:-7.468359;-1.292636:-7.467021;-1.317519:-7.475453;-1.331778:-7.476137;-1.334601:-7.475234;-1.338384:-7.483709;-1.367057:-7.477426;-1.384249:-7.49486;-1.368008:-7.498977;-1.382904:-7.502488;-1.381143:-7.504287;-1.404025:-7.510931
sigma3_hotel_seed42,HOTEL:biwi_hotel:38:1380,HOTEL,biwi_hotel,biwi_hotel:38,1380,3,0.16197174787521362,0.3214109241962433,0.0,0.041820429265499115,0.06651213020086288,0.058755822479724884,0.0,-1.31:-7.58;-1.29:-7.52;-1.27:-7.47;-1.27:-7.47;-1.27:-7.47;-1.27:-7.47;-1.27:-7.47;-1.27:-7.47,-1.27:-7.47;-1.27:-7.47;-1.27:-7.47;-1.27:-7.47;-1.29:-7.47;-1.38:-7.43;-1.47:-7.34;-1.51:-7.27;-1.52:-7.27;-1.52:-7.27;-1.52:-7.27;-1.52:-7.27,-1.271318:-7.468297;-1.279596:-7.465678;-1.297422:-7.478693;-1.30775:-7.472651;-1.301796:-7.477046;-1.30295:-7.488683;-1.317168:-7.474304;-1.327353:-7.485717;-1.308232:-7.491336;-1.305814:-7.501972;-1.296534:-7.504879;-1.306907:-7.510617
sigma3_hotel_seed42,HOTEL:biwi_hotel:38:1390,HOTEL,biwi_hotel,biwi_hotel:38,1390,3,0.19848237931728363,0.3561842143535614,0.0,0.01923273131251335,0.056095466017723083,0.0,0.0,-1.29:-7.52;-1.27:-7.47;-1.27:-7.47;-1.27:-7.47;-1.27:-7.47;-1.27:-7.47;-1.27:-7.47;-1.27:-7.47,-1.27:-7.47;-1.27:-7.47;-1.27:-7.47;-1.29:-7.47;-1.38:-7.43;-1.47:-7.34;-1.51:-7.27;-1.52:-7.27;-1.52:-7.27;-1.52:-7.27;-1.52:-7.27;-1.52:-7.27,-1.265764:-7.468142;-1.269222:-7.464418;-1.284564:-7.480631;-1.290678:-7.471726;-1.281568:-7.47752;-1.277176:-7.490118;-1.288628:-7.473015;-1.292628:-7.483343;-1.27233:-7.488116;-1.265349:-7.500925;-1.251031:-7.502978;-1.256652:-7.509822
sigma3_hotel_seed42,HOTEL:biwi_hotel:38:1400,HOTEL,biwi_hotel,biwi_hotel:38,1400,3,0.22578120231628418,0.3687089681625366,0.0,0.0,0.0,0.0,0.0,-1.27:-7.47;-1.27:-7.47;-1.27:-7.47;-1.27:-7.47;-1.27:-7.47;-1.27:-7.47;-1.27:-7.47;-1.27:-7.47,-1.27:-7.47;-1.27:-7.47;-1.29:-7.47;-1.38:-7.43;-1.47:-7.34;-1.51:-7.27;-1.52:-7.27;-1.52:-7.27;-1.52:-7.27;-1.52:-7.27;-1.52:-7.27;-1.52:-7.27,-1.278052:-7.470444;-1.293855:-7.477574;-1.284809:-7.463784;-1.292191:-7.468163;-1.27715:-7.4747;-1.303135:-7.468979;-1.264047:-7.470711;-1.279201:-7.460154;-1.268417:-7.475661;-1.234289:-7.491216;-1.23222:-7.491397;-1.215162:-7.477412
sigma3_hotel_seed42,HOTEL:biwi_hotel:38:1410,HOTEL,biwi_hotel,biwi_hotel:38,1410,3,0.24927370250225067,0.3687089681625366,0.0,0.0,0.0,0.0,0.0,-1.27:-7.47;-1.27:-7.47;-1.27:-7.47;-1.27:-7.47;-1.27:-7.47;-1.27:-7.47;-1.27:-7.47;-1.27:-7.47,-1.27:-7.47;-1.29:-7.47;-1.38:-7.43;-1.47:-7.34;-1.51:-7.27;-1.52:-7.27;-1.52:-7.27;-1.52:-7.27;-1.52:-7.27;-1.52:-7.27;-1.52:-7.27;-1.52:-7.27,-1.278052:-7.470444;-1.293855:-7.477574;-1.284809:-7.463784;-1.292191:-7.468163;-1.27715:-7.4747;-1.303135:-7.468979;-1.264047:-7.470711;-1.279201:-7.460154;-1.268417:-7.475661;-1.234289:-7.491216;-1.23222:-7.491397;-1.215162:-7.477412
sigma3_hotel_seed42,HOTEL:biwi_hotel:38:1420,HOTEL,biwi_hotel,biwi_hotel:38,1420,3,0.27414068579673767,0.3687089681625366,0.0,0.0,0.0,0.0,0.0,-1.27:-7.47;-1.27:-7.47;-1.27:-7.47;-1.27:-7.47;-1.27:-7.47;-1.27:-7.47;-1.27:-7.47;-1.27:-7.47,-1.29:-7.47;-1.38:-7.43;-1.47:-7.34;-1.51:-7.27;-1.52:-7.27;-1.52:-7.27;-1.52:-7.27;-1.52:-7.27;-1.52:-7.27;-1.52:-7.27;-1.52:-7.27;-1.52:-7.27,-1.278052:-7.470444;-1.293855:-7.477574;-1.284809:-7.463784;-1.292191:-7.468163;-1.27715:-7.4747;-1.303135:-7.468979;-1.264047:-7.470711;-1.279201:-7.460154;-1.268417:-7.475661;-1.234289:-7.491216;-1.23222:-7.491397;-1.215162:-7.477412
sigma3_hotel_seed42,HOTEL:biwi_hotel:38:1430,HOTEL,biwi_hotel,biwi_hotel:38,1430,3,0.2619297206401825,0.2959257662296295,0.05000000074505806,0.0071428571827709675,0.02083333395421505,0.0,0.0,-1.27:-7.47;-1.27:-7.47;-1.27:-7.47;-1.27:-7.47;-1.27:-7.47;-1.27:-7.47;-1.27:-7.47;-1.29:-7.47,-1.38:-7.43;-1.47:-7.34;-1.51:-7.27;-1.52:-7.27;-1.52:-7.27;-1.52:-7.27;-1.52:-7.27;-1.52:-7.27;-1.52:-7.27;-1.52:-7.27;-1.52:-7.27;-1.52:-7.27,-1.304376:-7.471078;-1.321127:-7.479811;-1.314783:-7.45904;-1.320235:-7.470332;-1.314003:-7.470608;-1.338931:-7.458485;-1.307646:-7.470266;-1.324625:-7.461759;-1.322026:-7.475095;-1.302959:-7.483152;-1.306899:-7.478974;-1.295448:-7.462739
sigma3_hotel_seed42,HOTEL:biwi_hotel:38:1440,HOTEL,biwi_hotel,biwi_hotel:38,1440,3,0.4881652891635895,0.9498398303985596,0.24622143805027008,0.04231734946370125,0.10481518507003784,0.4182243347167969,0.0,-1.27:-7.47;-1.27:-7.47;-1.27:-7.47;-1.27:-7.47;-1.27:-7.47;-1.27:-7.47;-1.29:-7.47;-1.38:-7.43,-1.47:-7.34;-1.51:-7.27;-1.52:-7.27;-1.52:-7.27;-1.52:-7.27;-1.52:-7.27;-1.52:-7.27;-1.52:-7.27;-1.52:-7.27;-1.52:-7.27;-1.52:-7.27;-1.52:-7.27,-1.490547:-7.432365;-1.582044:-7.440906;-1.656144:-7.405313;-1.73837:-7.430046;-1.836182:-7.409802;-1.933154:-7.398257;-1.991308:-7.432034;-2.097813:-7.437826;-2.166091:-7.43008;-2.272454:-7.409904;-2.365425:-7.404094;-2.461142:-7.398251
sigma3_hotel_seed42,HOTEL:biwi_hotel:38:1450,HOTEL,biwi_hotel,biwi_hotel:38,1450,3,0.4995058476924896,0.931592583656311,0.3181980550289154,0.08777421712875366,0.15689851343631744,0.7853981852531433,0.0,-1.27:-7.47;-1.27:-7.47;-1.27:-7.47;-1.27:-7.47;-1.27:-7.47;-1.29:-7.47;-1.38:-7.43;-1.47:-7.34,-1.51:-7.27;-1.52:-7.27;-1.52:-7.27;-1.52:-7.27;-1.52:-7.27;-1.52:-7.27;-1.52:-7.27;-1.52:-7.27;-1.52:-7.27;-1.52:-7.27;-1.52:-7.27;-1.52:-7.27,-1.580207:-7.341027;-1.669541:-7.351392;-1.724792:-7.308297;-1.793035:-7.328838;-1.907832:-7.316874;-2.013527:-7.292857;-2.036113:-7.351298;-2.115688:-7.343713;-2.200166:-7.299352;-2.282201:-7.304455;-2.373432:-7.281457;-2.45125:-7.295278
sigma3_hotel_seed42,HOTEL:biwi_hotel:38:1460,HOTEL,biwi_hotel,biwi_hotel:38,1460,3,0.3250356614589691,0.5913372039794922,0.20155644416809082,0.11656799167394638,0.21299397945404053,1.0516501665115356,0.0,-1.27:-7.47;-1.27:-7.47;-1.27:-7.47;-1.27:-7.47;-1.29:-7.47;-1.38:-7.43;-1.47:-7.34;-1.51:-7.27,-1.52:-7.27;-1.52:-7.27;-1.52:-7.27;-1.52:-7.27;-1.52:-7.27;-1.52:-7.27;-1.52:-7.27;-1.52:-7.27;-1.52:-7.27;-1.52:-7.27;-1.52:-7.27;-1.52:-7.27,-1.586448:-7.270839;-1.645938:-7.286385;-1.673681:-7.238363;-1.712623:-7.2721;-1.779946:-7.255609;-1.853456:-7.232244;-1.850021:-7.287874;-1.912623:-7.291206;-1.948237:-7.265483;-1.999714:-7.267722;-2.058099:-7.249515;-2.110988:-7.249686
sigma3_hotel_seed42,HOTEL:biwi_hotel:38:1470,HOTEL,biwi_hotel,biwi_hotel:38,1470,3,0.054303307086229324,0.07724616676568985,0.02500000037252903,0.12013942003250122,0.292324960231781,2.1033003330230713,0.0,-1.27:-7.47;-1.27:-7.47;-1.27:-7.47;-1.29:-7.47;-1.38:-7.43;-1.47:-7.34;-1.51:-7.27;-1.52:-7.27,-1.52:-7.27;-1.52:-7.27;-1.52:-7.27;-1.52:-7.27;-1.52:-7.27;-1.52:-7.27;-1.52:-7.27;-1.52:-7.27;-1.52:-7.27;-1.52:-7.27;-1.52:-7.27;-1.52:-7.27,-1.535465:-7.271094;-1.549825:-7.277637;-1.552425:-7.264466;-1.563972:-7.274591;-1.562723:-7.27373;-1.583677:-7.264339;-1.575221:-7.277555;-1.594804:-7.276898;-1.588353:-7.287253;-1.586714:-7.293345;-1.589404:-7.289711;-1.595897:-7.284374
sigma3_hotel_seed42,HOTEL:biwi_hotel:38:1480,HOTEL,biwi_hotel,biwi_hotel:38,1480,3,0.11316332966089249,0.20225052535533905,0.0,0.12013942003250122,0.3027416169643402,2.1033003330230713,0.0,-1.27:-7.47;-1.27:-7.47;-1.29:-7.47;-1.38:-7.43;-1.47:-7.34;-1.51:-7.27;-1.52:-7.27;-1.52:-7.27,-1.52:-7.27;-1.52:-7.27;-1.52:-7.27;-1.52:-7.27;-1.52:-7.27;-1.52:-7.27;-1.52:-7.27;-1.52:-7.27;-1.52:-7.27;-1.52:-7.27;-1.52:-7.27;-1.52:-7.27,-1.536662:-7.269262;-1.554438:-7.269312;-1.579808:-7.273798;-1.6004:-7.276586;-1.607859:-7.275196;-1.620881:-7.281304;-1.650126:-7.279282;-1.675328:-7.294285;-1.664086:-7.299129;-1.68391:-7.300843;-1.68955:-7.304401;-1.718358:-7.309489
sigma3_hotel_seed42,HOTEL:biwi_hotel:38:1490,HOTEL,biwi_hotel,biwi_hotel:38,1490,3,0.20280271768569946,0.39642810821533203,0.0,0.12013942003250122,0.2819082736968994,2.1033003330230713,0.0,-1.27:-7.47;-1.29:-7.47;-1.38:-7.43;-1.47:-7.34;-1.51:-7.27;-1.52:-7.27;-1.52:-7.27;-1.52:-7.27,-1.52:-7.27;-1.52:-7.27;-1.52:-7.27;-1.52:-7.27;-1.52:-7.27;-1.52:-7.27;-1.52:-7.27;-1.52:-7.27;-1.52:-7.27;-1.52:-7.27;-1.52:-7.27;-1.52:-7.27,-1.555045:-7.27376;-1.582025:-7.276142;-1.605067:-7.270087;-1.640583:-7.277028;-1.668387:-7.269752;-1.70757:-7.284833;-1.726528:-7.284693;-1.782504:-7.289258;-1.790339:-7.284268;-1.830205:-7.274728;-1.86476:-7.299464;-1.915763:-7.292947
sigma3_hotel_seed42,HOTEL:biwi_hotel:38:1500,HOTEL,biwi_hotel,biwi_hotel:38,1500,3,0.04972579702734947,0.0978713408112526,0.0,0.11299656331539154,0.19792643189430237,1.685076117515564,0.0,-1.29:-7.47;-1.38:-7.43;-1.47:-7.34;-1.51:-7.27;-1.52:-7.27;-1.52:-7.27;-1.52:-7.27;-1.52:-7.27,-1.52:-7.27;-1.52:-7.27;-1.52:-7.27;-1.52:-7.27;-1.52:-7.27;-1.52:-7.27;-1.52:-7.27;-1.52:-7.27;-1.52:-7.27;-1.52:-7.27;-1.52:-7.27;-1.52:-7.27,-1.504994:-7.268;-1.497299:-7.264818;-1.504315:-7.282624;-1.501997:-7.275636;-1.488134:-7.280896;-1.474843:-7.297007;-1.486713:-7.283897;-1.484559:-7.297662;-1.454515:-7.293536;-1.44625:-7.306183;-1.427856:-7.314573;-1.438326:-7.323928
sigma3_hotel_seed42,HOTEL:biwi_hotel:38:1510,HOTEL,biwi_hotel,biwi_hotel:38,1510,3,0.07102883607149124,0.13490809500217438,0.0,0.07782207429409027,0.14584310352802277,1.3179022073745728,0.0,-1.38:-7.43;-1.47:-7.34;-1.51:-7.27;-1.52:-7.27;-1.52:-7.27;-1.52:-7.27;-1.52:-7.27;-1.52:-7.27,-1.52:-7.27;-1.52:-7.27;-1.52:-7.27;-1.52:-7.27;-1.52:-7.27;-1.52:-7.27;-1.52:-7.27;-1.52:-7.27;-1.52:-7.27;-1.52:-7.27;-1.52:-7.27;-1.52:-7.27,-1.499393:-7.267743;-1.487802:-7.262936;-1.494053:-7.285409;-1.488175:-7.274722;-1.471476:-7.281309;-1.452238:-7.301354;-1.463278:-7.282857;-1.456437:-7.296747;-1.424264:-7.290906;-1.411995:-7.305433;-1.38939:-7.314929;-1.396821:-7.325019
sigma3_hotel_seed42,HOTEL:biwi_hotel:38:1520,HOTEL,biwi_hotel,biwi_hotel:38,1520,3,0.1341494917869568,0.24366113543510437,0.0,0.03236520662903786,0.08974763751029968,1.0516501665115356,0.0,-1.47:-7.34;-1.51:-7.27;-1.52:-7.27;-1.52:-7.27;-1.52:-7.27;-1.52:-7.27;-1.52:-7.27;-1.52:-7.27,-1.52:-7.27;-1.52:-7.27;-1.52:-7.27;-1.52:-7.27;-1.52:-7.27;-1.52:-7.27;-1.52:-7.27;-1.52:-7.27;-1.52:-7.27;-1.52:-7.27;-1.52:-7.27;-1.52:-7.27,-1.482818:-7.267318;-1.459509:-7.257374;-1.463431:-7.294512;-1.44775:-7.271841;-1.423749:-7.282609;-1.387428:-7.315409;-1.396577:-7.280189;-1.376879:-7.293504;-1.340006:-7.281502;-1.316928:-7.301433;-1.283167:-7.315666;-1.283263:-7.327674
sigma3_hotel_seed42,HOTEL:biwi_hotel:38:1530,HOTEL,biwi_hotel,biwi_hotel:38,1530,3,0.0653432309627533,0.12743045389652252,0.0,0.0035714285913854837,0.010416666977107525,0.0,0.0,-1.51:-7.27;-1.52:-7.27;-1.52:-7.27;-1.52:-7.27;-1.52:-7.27;-1.52:-7.27;-1.52:-7.27;-1.52:-7.27,-1.52:-7.27;-1.52:-7.27;-1.52:-7.27;-1.52:-7.27;-1.52:-7.27;-1.52:-7.27;-1.52:-7.27;-1.52:-7.27;-1.52:-7.27;-1.52:-7.27;-1.52:-7.27;-1.52:-7.27,-1.524711:-7.27189;-1.533151:-7.269412;-1.544062:-7.282884;-1.563668:-7.271969;-1.566062:-7.279289;-1.580871:-7.294288;-1.591487:-7.281569;-1.614123:-7.280613;-1.609274:-7.279116;-1.612547:-7.289327;-1.617456:-7.304842;-1.641902:-7.307126
sigma3_hotel_seed42,HOTEL:biwi_hotel:38:1540,HOTEL,biwi_hotel,biwi_hotel:38,1540,3,0.023230930790305138,0.05533711612224579,0.0,0.0,0.0,0.0,0.0,-1.52:-7.27;-1.52:-7.27;-1.52:-7.27;-1.52:-7.27;-1.52:-7.27;-1.52:-7.27;-1.52:-7.27;-1.52:-7.27,-1.52:-7.27;-1.52:-7.27;-1.52:-7.27;-1.52:-7.27;-1.52:-7.27;-1.52:-7.27;-1.52:-7.27;-1.52:-7.27;-1.52:-7.27;-1.52:-7.27;-1.52:-7.27;-1.52:-7.27,-1.528052:-7.270444;-1.543855:-7.277575;-1.534809:-7.263784;-1.542191:-7.268163;-1.52715:-7.2747;-1.553135:-7.26898;-1.514047:-7.270711;-1.529201:-7.260154;-1.518417:-7.275661;-1.484289:-7.291216;-1.48222:-7.291397;-1.465162:-7.277412
sigma3_hotel_seed42,HOTEL:biwi_hotel:38:1550,HOTEL,biwi_hotel,biwi_hotel:38,1550,3,0.023230930790305138,0.05533711612224579,0.0,0.0,0.0,0.0,0.0,-1.52:-7.27;-1.52:-7.27;-1.52:-7.27;-1.52:-7.27;-1.52:-7.27;-1.52:-7.27;-1.52:-7.27;-1.52:-7.27,-1.52:-7.27;-1.52:-7.27;-1.52:-7.27;-1.52:-7.27;-1.52:-7.27;-1.52:-7.27;-1.52:-7.27;-1.52:-7.27;-1.52:-7.27;-1.52:-7.27;-1.52:-7.27;-1.52:-7.27,-1.528052:-7.270444;-1.543855:-7.277575;-1.534809:-7.263784;-1.542191:-7.268163;-1.52715:-7.2747;-1.553135:-7.26898;-1.514047:-7.270711;-1.529201:-7.260154;-1.518417:-7.275661;-1.484289:-7.291216;-1.48222:-7.291397;-1.465162:-7.277412
sigma3_hotel_seed42,HOTEL:biwi_hotel:38:1560,HOTEL,biwi_hotel,biwi_hotel:38,1560,3,0.023230930790305138,0.05533711612224579,0.0,0.0,0.0,0.0,0.0,-1.52:-7.27;-1.52:-7.27;-1.52:-7.27;-1.52:-7.27;-1.52:-7.27;-1.52:-7.27;-1.52:-7.27;-1.52:-7.27,-1.52:-7.27;-1.52:-7.27;-1.52:-7.27;-1.52:-7.27;-1.52:-7.27;-1.52:-7.27;-1.52:-7.27;-1.52:-7.27;-1.52:-7.27;-1.52:-7.27;-1.52:-7.27;-1.52:-7.27,-1.528052:-7.270444;-1.543855:-7.277575;-1.534809:-7.263784;-1.542191:-7.268163;-1.52715:-7.2747;-1.553135:-7.26898;-1.514047:-7.270711;-1.529201:-7.260154;-1.518417:-7.275661;-1.484289:-7.291216;-1.48222:-7.291397;-1.465162:-7.277412
sigma3_hotel_seed42,HOTEL:biwi_hotel:38:1570,HOTEL,biwi_hotel,biwi_hotel:38,1570,3,0.023230930790305138,0.05533711612224579,0.0,0.0,0.0,0.0,0.0,-1.52:-7.27;-1.52:-7.27;-1.52:-7.27;-1.52:-7.27;-1.52:-7.27;-1.52:-7.27;-1.52:-7.27;-1.52:-7.27,-1.52:-7.27;-1.52:-7.27;-1.52:-7.27;-1.52:-7.27;-1.52:-7.27;-1.52:-7.27;-1.52:-7.27;-1.52:-7.27;-1.52:-7.27;-1.52:-7.27;-1.52:-7.27;-1.52:-7.27,-1.528052:-7.270444;-1.543855:-7.277575;-1.534809:-7.263784;-1.542191:-7.268163;-1.52715:-7.2747;-1.553135:-7.26898;-1.514047:-7.270711;-1.529201:-7.260154;-1.518417:-7.275661;-1.484289:-7.291216;-1.48222:-7.291397;-1.465162:-7.277412
sigma3_hotel_seed42,HOTEL:biwi_hotel:38:1580,HOTEL,biwi_hotel,biwi_hotel:38,1580,3,0.023230930790305138,0.05533711612224579,0.0,0.0,0.0,0.0,0.0,-1.52:-7.27;-1.52:-7.27;-1.52:-7.27;-1.52:-7.27;-1.52:-7.27;-1.52:-7.27;-1.52:-7.27;-1.52:-7.27,-1.52:-7.27;-1.52:-7.27;-1.52:-7.27;-1.52:-7.27;-1.52:-7.27;-1.52:-7.27;-1.52:-7.27;-1.52:-7.27;-1.52:-7.27;-1.52:-7.27;-1.52:-7.27;-1.52:-7.27,-1.528052:-7.270444;-1.543855:-7.277575;-1.534809:-7.263784;-1.542191:-7.268163;-1.52715:-7.2747;-1.553135:-7.26898;-1.514047:-7.270711;-1.529201:-7.260154;-1.518417:-7.275661;-1.484289:-7.291216;-1.48222:-7.291397;-1.465162:-7.277412
sigma3_hotel_seed42,HOTEL:biwi_hotel:38:1590,HOTEL,biwi_hotel,biwi_hotel:38,1590,3,0.023230930790305138,0.05533711612224579,0.0,0.0,0.0,0.0,0.0,-1.52:-7.27;-1.52:-7.27;-1.52:-7.27;-1.52:-7.27;-1.52:-7.27;-1.52:-7.27;-1.52:-7.27;-1.52:-7.27,-1.52:-7.27;-1.52:-7.27;-1.52:-7.27;-1.52:-7.27;-1.52:-7.27;-1.52:-7.27;-1.52:-7.27;-1.52:-7.27;-1.52:-7.27;-1.52:-7.27;-1.52:-7.27;-1.52:-7.27,-1.528052:-7.270444;-1.543855:-7.277575;-1.534809:-7.263784;-1.542191:-7.268163;-1.52715:-7.2747;-1.553135:-7.26898;-1.514047:-7.270711;-1.529201:-7.260154;-1.518417:-7.275661;-1.484289:-7.291216;-1.48222:-7.291397;-1.465162:-7.277412
sigma3_hotel_seed42,HOTEL:biwi_hotel:38:1600,HOTEL,biwi_hotel,biwi_hotel:38,1600,3,0.023230930790305138,0.05533711612224579,0.0,0.0,0.0,0.0,0.0,-1.52:-7.27;-1.52:-7.27;-1.52:-7.27;-1.52:-7.27;-1.52:-7.27;-1.52:-7.27;-1.52:-7.27;-1.52:-7.27,-1.52:-7.27;-1.52:-7.27;-1.52:-7.27;-1.52:-7.27;-1.52:-7.27;-1.52:-7.27;-1.52:-7.27;-1.52:-7.27;-1.52:-7.27;-1.52:-7.27;-1.52:-7.27;-1.52:-7.27,-1.528052:-7.270444;-1.543855:-7.277575;-1.534809:-7.263784;-1.542191:-7.268163;-1.52715:-7.2747;-1.553135:-7.26898;-1.514047:-7.270711;-1.529201:-7.260154;-1.518417:-7.275661;-1.484289:-7.291216;-1.48222:-7.291397;-1.465162:-7.277412
sigma3_hotel_seed42,HOTEL:biwi_hotel:38:1610,HOTEL,biwi_hotel,biwi_hotel:38,1610,3,0.023230930790305138,0.05533711612224579,0.0,0.0,0.0,0.0,0.0,-1.52:-7.27;-1.52:-7.27;-1.52:-7.27;-1.52:-7.27;-1.52:-7.27;-1.52:-7.27;-1.52:-7.27;-1.52:-7.27,-1.52:-7.27;-1.52:-7.27;-1.52:-7.27;-1.52:-7.27;-1.52:-7.27;-1.52:-7.27;-1.52:-7.27;-1.52:-7.27;-1.52:-7.27;-1.52:-7.27;-1.52:-7.27;-1.52:-7.27,-1.528052:-7.270444;-1.543855:-7.277575;-1.534809:-7.263784;-1.542191:-7.268163;-1.52715:-7.2747;-1.553135:-7.26898;-1.514047:-7.270711;-1.529201:-7.260154;-1.518417:-7.275661;-1.484289:-7.291216;-1.48222:-7.291397;-1.465162:-7.277412
sigma3_hotel_seed42,HOTEL:biwi_hotel:38:1620,HOTEL,biwi_hotel,biwi_hotel:38,1620,3,0.023230930790305138,0.05533711612224579,0.0,0.0,0.0,0.0,0.0,-1.52:-7.27;-1.52:-7.27;-1.52:-7.27;-1.52:-7.27;-1.52:-7.27;-1.52:-7.27;-1.52:-7.27;-1.52:-7.27,-1.52:-7.27;-1.52:-7.27;-1.52:-7.27;-1.52:-7.27;-1.52:-7.27;-1.52:-7.27;-1.52:-7.27;-1.52:-7.27;-1.52:-7.27;-1.52:-7.27;-1.52:-7.27;-1.52:-7.27,-1.528052:-7.270444;-1.543855:-7.277575;-1.534809:-7.263784;-1.542191:-7.268163;-1.52715:-7.2747;-1.553135:-7.26898;-1.514047:-7.270711;-1.529201:-7.260154;-1.518417:-7.275661;-1.484289:-7.291216;-1.48222:-7.291397;-1.465162:-7.277412
sigma3_hotel_seed42,HOTEL:biwi_hotel:38:1630,HOTEL,biwi_hotel,biwi_hotel:38,1630,3,0.023230930790305138,0.05533711612224579,0.0,0.0,0.0,0.0,0.0,-1.52:-7.27;-1.52:-7.27;-1.52:-7.27;-1.52:-7.27;-1.52:-7.27;-1.52:-7.27;-1.52:-7.27;-1.52:-7.27,-1.52:-7.27;-1.52:-7.27;-1.52:-7.27;-1.52:-7.27;-1.52:-7.27;-1.52:-7.27;-1.52:-7.27;-1.52:-7.27;-1.52:-7.27;-1.52:-7.27;-1.52:-7.27;-1.52:-7.27,-1.528052:-7.270444;-1.543855:-7.277575;-1.534809:-7.263784;-1.542191:-7.268163;-1.52715:-7.2747;-1.553135:-7.26898;-1.514047:-7.270711;-1.529201:-7.260154;-1.518417:-7.275661;-1.484289:-7.291216;-1.48222:-7.291397;-1.465162:-7.277412
sigma3_hotel_seed42,HOTEL:biwi_hotel:38:1640,HOTEL,biwi_hotel,biwi_hotel:38,1640,3,0.023230930790305138,0.05533711612224579,0.0,0.0,0.0,0.0,0.0,-1.52:-7.27;-1.52:-7.27;-1.52:-7.27;-1.52:-7.27;-1.52:-7.27;-1.52:-7.27;-1.52:-7.27;-1.52:-7.27,-1.52:-7.27;-1.52:-7.27;-1.52:-7.27;-1.52:-7.27;-1.52:-7.27;-1.52:-7.27;-1.52:-7.27;-1.52:-7.27;-1.52:-7.27;-1.52:-7.27;-1.52:-7.27;-1.52:-7.27,-1.528052:-7.270444;-1.543855:-7.277575;-1.534809:-7.263784;-1.542191:-7.268163;-1.52715:-7.2747;-1.553135:-7.26898;-1.514047:-7.270711;-1.529201:-7.260154;-1.518417:-7.275661;-1.484289:-7.291216;-1.48222:-7.291397;-1.465162:-7.277412
sigma3_hotel_seed42,HOTEL:biwi_hotel:38:1650,HOTEL,biwi_hotel,biwi_hotel:38,1650,3,0.023230930790305138,0.05533711612224579,0.0,0.0,0.0,0.0,0.0,-1.52:-7.27;-1.52:-7.27;-1.52:-7.27;-1.52:-7.27;-1.52:-7.27;-1.52:-7.27;-1.52:-7.27;-1.52:-7.27,-1.52:-7.27;-1.52:-7.27;-1.52:-7.27;-1.52:-7.27;-1.52:-7.27;-1.52:-7.27;-1.52:-7.27;-1.52:-7.27;-1.52:-7.27;-1.52:-7.27;-1.52:-7.27;-1.52:-7.27,-1.528052:-7.270444;-1.543855:-7.277575;-1.534809:-7.263784;-1.542191:-7.268163;-1.52715:-7.2747;-1.553135:-7.26898;-1.514047:-7.270711;-1.529201:-7.260154;-1.518417:-7.275661;-1.484289:-7.291216;-1.48222:-7.291397;-1.465162:-7.277412
sigma3_hotel_seed42,HOTEL:biwi_hotel:38:1660,HOTEL,biwi_hotel,biwi_hotel:38,1660,3,0.023230930790305138,0.05533711612224579,0.0,0.0,0.0,0.0,0.0,-1.52:-7.27;-1.52:-7.27;-1.52:-7.27;-1.52:-7.27;-1.52:-7.27;-1.52:-7.27;-1.52:-7.27;-1.52:-7.27,-1.52:-7.27;-1.52:-7.27;-1.52:-7.27;-1.52:-7.27;-1.52:-7.27;-1.52:-7.27;-1.52:-7.27;-1.52:-7.27;-1.52:-7.27;-1.52:-7.27;-1.52:-7.27;-1.52:-7.27,-1.528052:-7.270444;-1.543855:-7.277575;-1.534809:-7.263784;-1.542191:-7.268163;-1.52715:-7.2747;-1.553135:-7.26898;-1.514047:-7.270711;-1.529201:-7.260154;-1.518417:-7.275661;-1.484289:-7.291216;-1.48222:-7.291397;-1.465162:-7.277412
sigma3_hotel_seed42,HOTEL:biwi_hotel:38:1670,HOTEL,biwi_hotel,biwi_hotel:38,1670,3,0.023230930790305138,0.05533711612224579,0.0,0.0,0.0,0.0,0.0,-1.52:-7.27;-1.52:-7.27;-1.52:-7.27;-1.52:-7.27;-1.52:-7.27;-1.52:-7.27;-1.52:-7.27;-1.52:-7.27,-1.52:-7.27;-1.52:-7.27;-1.52:-7.27;-1.52:-7.27;-1.52:-7.27;-1.52:-7.27;-1.52:-7.27;-1.52:-7.27;-1.52:-7.27;-1.52:-7.27;-1.52:-7.27;-1.52:-7.27,-1.528052:-7.270444;-1.543855:-7.277575;-1.534809:-7.263784;-1.542191:-7.268163;-1.52715:-7.2747;-1.553135:-7.26898;-1.514047:-7.270711;-1.529201:-7.260154;-1.518417:-7.275661;-1.484289:-7.291216;-1.48222:-7.291397;-1.465162:-7.277412
sigma3_hotel_seed42,HOTEL:biwi_hotel:38:1680,HOTEL,biwi_hotel,biwi_hotel:38,1680,3,0.023230930790305138,0.05533711612224579,0.0,0.0,0.0,0.0,0.0,-1.52:-7.27;-1.52:-7.27;-1.52:-7.27;-1.52:-7.27;-1.52:-7.27;-1.52:-7.27;-1.52:-7.27;-1.52:-7.27,-1.52:-7.27;-1.52:-7.27;-1.52:-7.27;-1.52:-7.27;-1.52:-7.27;-1.52:-7.27;-1.52:-7.27;-1.52:-7.27;-1.52:-7.27;-1.52:-7.27;-1.52:-7.27;-1.52:-7.27,-1.528052:-7.270444;-1.543855:-7.277575;-1.534809:-7.263784;-1.542191:-7.268163;-1.52715:-7.2747;-1.553135:-7.26898;-1.514047:-7.270711;-1.529201:-7.260154;-1.518417:-7.275661;-1.484289:-7.291216;-1.48222:-7.291397;-1.465162:-7.277412
sigma3_hotel_seed42,HOTEL:biwi_hotel:38:1690,HOTEL,biwi_hotel,biwi_hotel:38,1690,3,0.023230930790305138,0.05533711612224579,0.0,0.0,0.0,0.0,0.0,-1.52:-7.27;-1.52:-7.27;-1.52:-7.27;-1.52:-7.27;-1.52:-7.27;-1.52:-7.27;-1.52:-7.27;-1.52:-7.27,-1.52:-7.27;-1.52:-7.27;-1.52:-7.27;-1.52:-7.27;-1.52:-7.27;-1.52:-7.27;-1.52:-7.27;-1.52:-7.27;-1.52:-7.27;-1.52:-7.27;-1.52:-7.27;-1.52:-7.27,-1.528052:-7.270444;-1.543855:-7.277575;-1.534809:-7.263784;-1.542191:-7.268163;-1.52715:-7.2747;-1.553135:-7.26898;-1.514047:-7.270711;-1.529201:-7.260154;-1.518417:-7.275661;-1.484289:-7.291216;-1.48222:-7.291397;-1.465162:-7.277412
sigma3_hotel_seed42,HOTEL:biwi_hotel:38:1700,HOTEL,biwi_hotel,biwi_hotel:38,1700,3,0.023230930790305138,0.05533711612224579,0.0,0.0,0.0,0.0,0.0,-1.52:-7.27;-1.52:-7.27;-1.52:-7.27;-1.52:-7.27;-1.52:-7.27;-1.52:-7.27;-1.52:-7.27;-1.52:-7.27,-1.52:-7.27;-1.52:-7.27;-1.52:-7.27;-1.52:-7.27;-1.52:-7.27;-1.52:-7.27;-1.52:-7.27;-1.52:-7.27;-1.52:-7.27;-1.52:-7.27;-1.52:-7.27;-1.52:-7.27,-1.528052:-7.270444;-1.543855:-7.277575;-1.534809:-7.263784;-1.542191:-7.268163;-1.52715:-7.2747;-1.553135:-7.26898;-1.514047:-7.270711;-1.529201:-7.260154;-1.518417:-7.275661;-1.484289:-7.291216;-1.48222:-7.291397;-1.465162:-7.277412
sigma3_hotel_seed42,HOTEL:biwi_hotel:38:1710,HOTEL,biwi_hotel,biwi_hotel:38,1710,3,0.023230930790305138,0.05533711612224579,0.0,0.0,0.0,0.0,0.0,-1.52:-7.27;-1.52:-7.27;-1.52:-7.27;-1.52:-7.27;-1.52:-7.27;-1.52:-7.27;-1.52:-7.27;-1.52:-7.27,-1.52:-7.27;-1.52:-7.27;-1.52:-7.27;-1.52:-7.27;-1.52:-7.27;-1.52:-7.27;-1.52:-7.27;-1.52:-7.27;-1.52:-7.27;-1.52:-7.27;-1.52:-7.27;-1.52:-7.27,-1.528052:-7.270444;-1.543855:-7.277575;-1.534809:-7.263784;-1.542191:-7.268163;-1.52715:-7.2747;-1.553135:-7.26898;-1.514047:-7.270711;-1.529201:-7.260154;-1.518417:-7.275661;-1.484289:-7.291216;-1.48222:-7.291397;-1.465162:-7.277412
sigma3_hotel_seed42,HOTEL:biwi_hotel:38:1720,HOTEL,biwi_hotel,biwi_hotel:38,1720,3,0.023230930790305138,0.05533711612224579,0.0,0.0,0.0,0.0,0.0,-1.52:-7.27;-1.52:-7.27;-1.52:-7.27;-1.52:-7.27;-1.52:-7.27;-1.52:-7.27;-1.52:-7.27;-1.52:-7.27,-1.52:-7.27;-1.52:-7.27;-1.52:-7.27;-1.52:-7.27;-1.52:-7.27;-1.52:-7.27;-1.52:-7.27;-1.52:-7.27;-1.52:-7.27;-1.52:-7.27;-1.52:-7.27;-1.52:-7.27,-1.528052:-7.270444;-1.543855:-7.277575;-1.534809:-7.263784;-1.542191:-7.268163;-1.52715:-7.2747;-1.553135:-7.26898;-1.514047:-7.270711;-1.529201:-7.260154;-1.518417:-7.275661;-1.484289:-7.291216;-1.48222:-7.291397;-1.465162:-7.277412
sigma3_hotel_seed42,HOTEL:biwi_hotel:38:1730,HOTEL,biwi_hotel,biwi_hotel:38,1730,3,0.023230930790305138,0.05533711612224579,0.0,0.0,0.0,0.0,0.0,-1.52:-7.27;-1.52:-7.27;-1.52:-7.27;-1.52:-7.27;-1.52:-7.27;-1.52:-7.27;-1.52:-7.27;-1.52:-7.27,-1.52:-7.27;-1.52:-7.27;-1.52:-7.27;-1.52:-7.27;-1.52:-7.27;-1.52:-7.27;-1.52:-7.27;-1.52:-7.27;-1.52:-7.27;-1.52:-7.27;-1.52:-7.27;-1.52:-7.27,-1.528052:-7.270444;-1.543855:-7.277575;-1.534809:-7.263784;-1.542191:-7.268163;-1.52715:-7.2747;-1.553135:-7.26898;-1.514047:-7.270711;-1.529201:-7.260154;-1.518417:-7.275661;-1.484289:-7.291216;-1.48222:-7.291397;-1.465162:-7.277412
sigma3_hotel_seed42,HOTEL:biwi_hotel:38:1740,HOTEL,biwi_hotel,biwi_hotel:38,1740,3,0.023230930790305138,0.05533711612224579,0.0,0.0,0.0,0.0,0.0,-1.52:-7.27;-1.52:-7.27;-1.52:-7.27;-1.52:-7.27;-1.52:-7.27;-1.52:-7.27;-1.52:-7.27;-1.52:-7.27,-1.52:-7.27;-1.52:-7.27;-1.52:-7.27;-1.52:-7.27;-1.52:-7.27;-1.52:-7.27;-1.52:-7.27;-1.52:-7.27;-1.52:-7.27;-1.52:-7.27;-1.52:-7.27;-1.52:-7.27,-1.528052:-7.270444;-1.543855:-7.277575;-1.534809:-7.263784;-1.542191:-7.268163;-1.52715:-7.2747;-1.553135:-7.26898;-1.514047:-7.270711;-1.529201:-7.260154;-1.518417:-7.275661;-1.484289:-7.291216;-1.48222:-7.291397;-1.465162:-7.277412
sigma3_hotel_seed42,HOTEL:biwi_hotel:38:1750,HOTEL,biwi_hotel,biwi_hotel:38,1750,3,0.023230930790305138,0.05533711612224579,0.0,0.0,0.0,0.0,0.0,-1.52:-7.27;-1.52:-7.27;-1.52:-7.27;-1.52:-7.27;-1.52:-7.27;-1.52:-7.27;-1.52:-7.27;-1.52:-7.27,-1.52:-7.27;-1.52:-7.27;-1.52:-7.27;-1.52:-7.27;-1.52:-7.27;-1.52:-7.27;-1.52:-7.27;-1.52:-7.27;-1.52:-7.27;-1.52:-7.27;-1.52:-7.27;-1.52:-7.27,-1.528052:-7.270444;-1.543855:-7.277575;-1.534809:-7.263784;-1.542191:-7.268163;-1.52715:-7.2747;-1.553135:-7.26898;-1.514047:-7.270711;-1.529201:-7.260154;-1.518417:-7.275661;-1.484289:-7.291216;-1.48222:-7.291397;-1.465162:-7.277412
sigma3_hotel_seed42,HOTEL:biwi_hotel:38:1760,HOTEL,biwi_hotel,biwi_hotel:38,1760,3,0.023230930790305138,0.05533711612224579,0.0,0.0,0.0,0.0,0.0,-1.52:-7.27;-1.52:-7.27;-1.52:-7.27;-1.52:-7.27;-1.52:-7.27;-1.52:-7.27;-1.52:-7.27;-1.52:-7.27,-1.52:-7.27;-1.52:-7.27;-1.52:-7.27;-1.52:-7.27;-1.52:-7.27;-1.52:-7.27;-1.52:-7.27;-1.52:-7.27;-1.52:-7.27;-1.52:-7.27;-1.52:-7.27;-1.52:-7.27,-1.528052:-7.270444;-1.543855:-7.277575;-1.534809:-7.263784;-1.542191:-7.268163;-1.52715:-7.2747;-1.553135:-7.26898;-1.514047:-7.270711;-1.529201:-7.260154;-1.518417:-7.275661;-1.484289:-7.291216;-1.48222:-7.291397;-1.465162:-7.277412
sigma3_hotel_seed42,HOTEL:biwi_hotel:38:1770,HOTEL,biwi_hotel,biwi_hotel:38,1770,3,0.023230930790305138,0.05533711612224579,0.0,0.0,0.0,0.0,0.0,-1.52:-7.27;-1.52:-7.27;-1.52:-7.27;-1.52:-7.27;-1.52:-7.27;-1.52:-7.27;-1.52:-7.27;-1.52:-7.27,-1.52:-7.27;-1.52:-7.27;-1.52:-7.27;-1.52:-7.27;-1.52:-7.27;-1.52:-7.27;-1.52:-7.27;-1.52:-7.27;-1.52:-7.27;-1.52:-7.27;-1.52:-7.27;-1.52:-7.27,-1.528052:-7.270444;-1.543855:-7.277575;-1.534809:-7.263784;-1.542191:-7.268163;-1.52715:-7.2747;-1.553135:-7.26898;-1.514047:-7.270711;-1.529201:-7.260154;-1.518417:-7.275661;-1.484289:-7.291216;-1.48222:-7.291397;-1.465162:-7.277412
sigma3_hotel_seed42,HOTEL:biwi_hotel:38:1780,HOTEL,biwi_hotel,biwi_hotel:38,1780,3,0.023230930790305138,0.05533711612224579,0.0,0.0,0.0,0.0,0.0,-1.52:-7.27;-1.52:-7.27;-1.52:-7.27;-1.52:-7.27;-1.52:-7.27;-1.52:-7.27;-1.52:-7.27;-1.52:-7.27,-1.52:-7.27;-1.52:-7.27;-1.52:-7.27;-1.52:-7.27;-1.52:-7.27;-1.52:-7.27;-1.52:-7.27;-1.52:-7.27;-1.52:-7.27;-1.52:-7.27;-1.52:-7.27;-1.52:-7.27,-1.528052:-7.270444;-1.543855:-7.277575;-1.534809:-7.263784;-1.542191:-7.268163;-1.52715:-7.2747;-1.553135:-7.26898;-1.514047:-7.270711;-1.529201:-7.260154;-1.518417:-7.275661;-1.484289:-7.291216;-1.48222:-7.291397;-1.465162:-7.277412
sigma3_hotel_seed42,HOTEL:biwi_hotel:38:1790,HOTEL,biwi_hotel,biwi_hotel:38,1790,3,0.023230930790305138,0.05533711612224579,0.0,0.0,0.0,0.0,0.0,-1.52:-7.27;-1.52:-7.27;-1.52:-7.27;-1.52:-7.27;-1.52:-7.27;-1.52:-7.27;-1.52:-7.27;-1.52:-7.27,-1.52:-7.27;-1.52:-7.27;-1.52:-7.27;-1.52:-7.27;-1.52:-7.27;-1.52:-7.27;-1.52:-7.27;-1.52:-7.27;-1.52:-7.27;-1.52:-7.27;-1.52:-7.27;-1.52:-7.27,-1.528052:-7.270444;-1.543855:-7.277575;-1.534809:-7.263784;-1.542191:-7.268163;-1.52715:-7.2747;-1.553135:-7.26898;-1.514047:-7.270711;-1.529201:-7.260154;-1.518417:-7.275661;-1.484289:-7.291216;-1.48222:-7.291397;-1.465162:-7.277412
sigma3_hotel_seed42,HOTEL:biwi_hotel:38:1800,HOTEL,biwi_hotel,biwi_hotel:38,1800,3,0.023230930790305138,0.05533711612224579,0.0,0.0,0.0,0.0,0.0,-1.52:-7.27;-1.52:-7.27;-1.52:-7.27;-1.52:-7.27;-1.52:-7.27;-1.52:-7.27;-1.52:-7.27;-1.52:-7.27,-1.52:-7.27;-1.52:-7.27;-1.52:-7.27;-1.52:-7.27;-1.52:-7.27;-1.52:-7.27;-1.52:-7.27;-1.52:-7.27;-1.52:-7.27;-1.52:-7.27;-1.52:-7.27;-1.52:-7.27,-1.528052:-7.270444;-1.543855:-7.277575;-1.534809:-7.263784;-1.542191:-7.268163;-1.52715:-7.2747;-1.553135:-7.26898;-1.514047:-7.270711;-1.529201:-7.260154;-1.518417:-7.275661;-1.484289:-7.291216;-1.48222:-7.291397;-1.465162:-7.277412
sigma3_hotel_seed42,HOTEL:biwi_hotel:71:2770,HOTEL,biwi_hotel,biwi_hotel:71,2770,3,4.016138076782227,7.464354515075684,1.4758472442626953,1.50128972530365,0.26196619868278503,0.3450375199317932,1.0,2.66:3.27;2.67:2.68;2.69:2.07;2.64:1.45;2.63:0.86;2.63:0.25;2.6:-0.34;2.62:-0.93,2.56:-1.51;2.45:-2.13;2.35:-2.71;2.19:-3.29;2.13:-3.91;2.06:-4.54;2.02:-5.18;2.09:-5.8;2.15:-6.46;2.28:-7.13;2.38:-7.77;2.43:-8.43,2.687257:-0.9805676;2.720518:-0.8780994;2.735972:-1.080934;2.699356:-0.9302167;2.656446:-0.9288931;2.71973:-1.004843;2.41939:-0.8978541;2.52602:-0.9514126;2.411652:-0.7431553;2.386062:-0.7108819;2.388542:-0.8894392;2.395664:-0.9657246
sigma3_hotel_seed42,HOTEL:biwi_hotel:72:2770,HOTEL,biwi_hotel,biwi_hotel:72,2770,3,4.187384128570557,7.910891056060791,1.5002083778381348,1.4756534099578857,0.26954081654548645,0.3401066064834595,1.0,1.95:3.46;1.86:2.86;1.83:2.27;1.79:1.72;1.75:1.16;1.79:0.55;1.8:-0.06;1.79:-0.66,1.79:-1.27;1.69:-1.91;1.6:-2.54;1.49:-3.15;1.35:-3.77;1.29:-4.42;1.2:-5.06;1.09:-5.73;0.99:-6.42;0.83:-7.1;0.76:-7.76;0.75:-8.58,1.810764:-0.7104332;1.793785:-0.5957102;1.752412:-0.8145591;1.659335:-0.6462374;1.586988:-0.6447746;1.608688:-0.7362695;1.239291:-0.5922118;1.298178:-0.6450577;1.14829:-0.4517855;1.088418:-0.4060394;1.055794:-0.6064816;1.034354:-0.6742208
sigma3_hotel_seed42,HOTEL:biwi_hotel:71:2780,HOTEL,biwi_hotel,biwi_hotel:71,2780,3,4.1098222732543945,7.702236175537109,1.457737922668457,1.4987934827804565,0.32265567779541016,0.466176837682724,1.0,2.67:2.68;2.69:2.07;2.64:1.45;2.63:0.86;2.63:0.25;2.6:-0.34;2.62:-0.93;2.56:-1.51,2.45:-2.13;2.35:-2.71;2.19:-3.29;2.13:-3.91;2.06:-4.54;2.02:-5.18;2.09:-5.8;2.15:-6.46;2.28:-7.13;2.38:-7.77;2.43:-8.43;2.48:-9.09,2.515574:-1.553616;2.438258:-1.445621;2.347097:-1.637085;2.208339:-1.48393;2.091453:-1.476878;2.05108:-1.558688;1.660078:-1.424993;1.66319:-1.471642;1.477869:-1.292081;1.380712:-1.240486;1.299736:-1.431479;1.244644:-1.487478
sigma3_hotel_seed42,HOTEL:biwi_hotel:72:2780,HOTEL,biwi_hotel,biwi_hotel:72,2780,3,4.26132869720459,8.01120376586914,1.524999976158142,1.4768275022506714,0.22091008722782135,0.25868549942970276,1.0,1.86:2.86;1.83:2.27;1.79:1.72;1.75:1.16;1.79:0.55;1.8:-0.06;1.79:-0.66;1.79:-1.27,1.69:-1.91;1.6:-2.54;1.49:-3.15;1.35:-3.77;1.29:-4.42;1.2:-5.06;1.09:-5.73;0.99:-6.42;0.83:-7.1;0.76:-7.76;0.75:-8.58;0.7:-9.28,1.845639:-1.322031;1.866741:-1.211988;1.863175:-1.426914;1.807545:-1.266495;1.757559:-1.263149;1.814112:-1.347127;1.481863:-1.222627;1.576349:-1.278464;1.45166:-1.074023;1.412038:-1.035054;1.409735:-1.223822;1.408307:-1.30017
sigma3_hotel_seed42,HOTEL:biwi_hotel:71:2790,HOTEL,biwi_hotel,biwi_hotel:71,2790,3,4.225967884063721,7.918278217315674,1.5742061138153076,1.5057058334350586,0.31569793820381165,0.4254412353038788,1.0,2.69:2.07;2.64:1.45;2.63:0.86;2.63:0.25;2.6:-0.34;2.62:-0.93;2.56:-1.51;2.45:-2.13,2.35:-2.71;2.19:-3.29;2.13:-3.91;2.06:-4.54;2.02:-5.18;2.09:-5.8;2.15:-6.46;2.28:-7.13;2.38:-7.77;2.43:-8.43;2.48:-9.09;2.45:-9.73,2.338074:-2.172823;2.202885:-2.05183;2.039863:-2.250167;1.834766:-2.089412;1.669064:-2.068021;1.58103:-2.158182;1.103069:-2.00217;1.050419:-2.052528;0.8207295:-1.881063;0.6590041:-1.809786;0.5448523:-2.012327;0.4465988:-2.069353
sigma3_hotel_seed42,HOTEL:biwi_hotel:72:2790,HOTEL,biwi_hotel,biwi_hotel:72,2790,3,4.318445205688477,8.087163925170898,1.6194134950637817,1.4971857070922852,0.28671425580978394,0.39188650250434875,1.0,1.83:2.27;1.79:1.72;1.75:1.16;1.79:0.55;1.8:-0.06;1.79:-0.66;1.79:-1.27;1.69:-1.91,1.6:-2.54;1.49:-3.15;1.35:-3.77;1.29:-4.42;1.2:-5.06;1.09:-5.73;0.99:-6.42;0.83:-7.1;0.76:-7.76;0.75:-8.58;0.7:-9.28;0.85:-9.9,1.606761:-1.955969;1.496051:-1.831;1.353085:-2.044382;1.165606:-1.873829;1.020087:-1.85704;0.9576144:-1.953948;0.4862477:-1.788273;0.4562821:-1.840677;0.2408371:-1.664703;0.09736431:-1.595937;0.001835942:-1.806134;-0.08162582:-1.866676
sigma3_hotel_seed42,HOTEL:biwi_hotel:83:3100,HOTEL,biwi_hotel,biwi_hotel:83,3100,3,3.9768495559692383,7.164015769958496,1.4508618116378784,1.493430256843567,0.42731207609176636,0.5966443419456482,0.0,1.65:2.7;1.73:2.09;1.73:1.52;1.71:0.91;1.78:0.3;1.76:-0.31;1.72:-0.89;1.74:-1.47,1.68:-2.07;1.66:-2.67;1.68:-3.29;1.58:-3.91;1.49:-4.55;1.35:-5.17;1.09:-5.74;0.93:-6.33;0.75:-6.88;0.51:-7.43;0.46:-8.02;0.41:-8.57,1.814983:-1.519844;1.856518:-1.422284;1.884701:-1.617174;1.860625:-1.473106;1.82278:-1.472512;1.891238:-1.542843;1.611774:-1.44758;1.726602:-1.500147;1.619427:-1.289853;1.602562:-1.261608;1.609183:-1.432812;1.622318:-1.509305
sigma3_hotel_seed42,HOTEL:biwi_hotel:83:3110,HOTEL,biwi_hotel,biwi_hotel:83,3110,3,3.9528286457061768,7.07236385345459,1.507481336593628,1.4890620708465576,0.4200406074523926,0.6003787517547607,0.0,1.73:2.09;1.73:1.52;1.71:0.91;1.78:0.3;1.76:-0.31;1.72:-0.89;1.74:-1.47;1.68:-2.07,1.66:-2.67;1.68:-3.29;1.58:-3.91;1.49:-4.55;1.35:-5.17;1.09:-5.74;0.93:-6.33;0.75:-6.88;0.51:-7.43;0.46:-8.02;0.41:-8.57;0.33:-9.13,1.655348:-2.116749;1.594702:-2.002426;1.513231:-2.211056;1.382491:-2.046193;1.279388:-2.041817;1.258473:-2.132265;0.8604181:-1.98449;0.8786067:-2.033809;0.7013493:-1.850841;0.6134421:-1.798813;0.5469024:-2.000011;0.5005652:-2.059693
sigma3_hotel_seed42,HOTEL:biwi_hotel:101:4000,HOTEL,biwi_hotel,biwi_hotel:101,4000,3,0.039083827286958694,0.11114576458930969,0.0,0.08566896617412567,0.2731882631778717,3.1415927410125732,1.0,1.26:-8.15;1.26:-8.15;1.25:-8.13;1.25:-8.13;1.31:-8.2;1.36:-8.29;1.37:-8.31;1.37:-8.31,1.37:-8.31;1.37:-8.31;1.37:-8.31;1.37:-8.31;1.38:-8.32;1.39:-8.32;1.39:-8.32;1.39:-8.32;1.39:-8.32;1.39:-8.32;1.39:-8.32;1.39:-8.32,1.380407:-8.308228;1.380451:-8.305897;1.376146:-8.317696;1.379416:-8.30822;1.397042:-8.315812;1.403886:-8.325491;1.415253:-8.307078;1.419725:-8.309812;1.439825:-8.317353;1.465836:-8.334625;1.486324:-8.333352;1.50035:-8.333275
sigma3_hotel_seed42,HOTEL:biwi_hotel:102:4000,HOTEL,biwi_hotel,biwi_hotel:102,4000,3,0.028542757034301758,0.02502255141735077,0.0,0.007985956966876984,0.04658474773168564,0.0,1.0,1.37:-9.2;1.37:-9.2;1.37:-9.2;1.38:-9.18;1.38:-9.18;1.38:-9.18;1.38:-9.18;1.38:-9.18,1.38:-9.18;1.38:-9.18;1.38:-9.18;1.38:-9.18;1.38:-9.18;1.38:-9.18;1.38:-9.18;1.38:-9.18;1.38:-9.18;1.38:-9.18;1.38:-9.18;1.38:-9.18,1.371052:-9.178709;1.357672:-9.184226;1.352333:-9.174871;1.346716:-9.18468;1.356553:-9.184163;1.344719:-9.180535;1.353252:-9.185883;1.340082:-9.193211;1.360444:-9.204985;1.371635:-9.213418;1.377847:-9.209188;1.378951:-9.205001
sigma3_hotel_seed42,HOTEL:biwi_hotel:96:4000,HOTEL,biwi_hotel,biwi_hotel:96,4000,3,3.030884027481079,5.679203987121582,0.9503288865089417,0.8749673366546631,0.525299608707428,1.3992918729782104,1.0,1.98:3.74;1.96:3.44;1.98:3.11;1.86:2.78;1.83:2.43;1.86:2.07;1.8:1.7;1.81:1.32,1.85:0.94;1.84:0.48;1.86:0.01;1.9:-0.5;1.86:-0.92;1.9:-1.47;1.92:-1.94;1.87:-2.41;1.95:-2.91;1.99:-3.4;1.96:-3.89;2.07:-4.38,1.882491:1.28673;1.920453:1.356305;1.957569:1.208958;1.970385:1.33337;1.921737:1.308405;1.983951:1.243462;1.801354:1.308242;1.920643:1.29432;1.814706:1.467643;1.81949:1.488868;1.803757:1.362531;1.825022:1.293918
sigma3_hotel_seed42,HOTEL:biwi_hotel:97:4000,HOTEL,biwi_hotel,biwi_hotel:97,4000,3,3.171531915664673,6.018977165222168,0.9463746547698975,0.9444243907928467,0.27814918756484985,0.5597658157348633,1.0,1.22:3.29;1.26:2.92;1.33:2.57;1.34:2.2;1.32:1.84;1.31:1.45;1.24:1.04;1.16:0.67,1.06:0.21;1.03:-0.23;1.03:-0.59;1.04:-1.03;1.01:-1.61;1.05:-2.07;1.1:-2.52;1.17:-2.99;1.24:-3.42;1.32:-4.01;1.33:-4.47;1.43:-4.96,1.041411:0.6520718;0.9096256:0.7077855;0.8017054:0.6349511;0.6763438:0.7116871;0.4987917:0.7183641;0.3886718:0.6870475;0.1206677:0.7166694;0.08056819:0.7072614;-0.1254392:0.8522055;-0.2450351:0.8946925;-0.3851458:0.7953404;-0.4646147:0.7530138
sigma3_hotel_seed42,HOTEL:biwi_hotel:101:4010,HOTEL,biwi_hotel,biwi_hotel:101,4010,3,0.02056085877120495,0.04095178470015526,0.0,0.08566896617412567,0.24989590048789978,3.1415927410125732,1.0,1.26:-8.15;1.25:-8.13;1.25:-8.13;1.31:-8.2;1.36:-8.29;1.37:-8.31;1.37:-8.31;1.37:-8.31,1.37:-8.31;1.37:-8.31;1.37:-8.31;1.38:-8.32;1.39:-8.32;1.39:-8.32;1.39:-8.32;1.39:-8.32;1.39:-8.32;1.39:-8.32;1.39:-8.32;1.39:-8.32,1.376908:-8.308274;1.378297:-8.306701;1.368369:-8.319327;1.3653:-8.316235;1.374798:-8.319783;1.380417:-8.331647;1.366388:-8.323567;1.361893:-8.337345;1.388214:-8.336088;1.390803:-8.346223;1.40346:-8.352816;1.389371:-8.360947
sigma3_hotel_seed42,HOTEL:biwi_hotel:102:4010,HOTEL,biwi_hotel,biwi_hotel:102,4010,3,0.053996384143829346,0.13750244677066803,0.0,0.007985956966876984,0.04658474773168564,0.0,1.0,1.37:-9.2;1.37:-9.2;1.38:-9.18;1.38:-9.18;1.38:-9.18;1.38:-9.18;1.38:-9.18;1.38:-9.18,1.38:-9.18;1.38:-9.18;1.38:-9.18;1.38:-9.18;1.38:-9.18;1.38:-9.18;1.38:-9.18;1.38:-9.18;1.38:-9.18;1.38:-9.18;1.38:-9.18;1.38:-9.18,1.390542:-9.178226;1.390683:-9.176243;1.387408:-9.187536;1.390369:-9.17844;1.408887:-9.186399;1.414818:-9.195539;1.427425:-9.177977;1.431765:-9.180446;1.452931:-9.188365;1.480121:-9.206198;1.500972:-9.205035;1.515159:-9.205276
sigma3_hotel_seed42,HOTEL:biwi_hotel:96:4010,HOTEL,biwi_hotel,biwi_hotel:96,4010,3,3.134317398071289,5.788100719451904,0.9552486538887024,0.9040507078170776,0.5044662356376648,1.3507589101791382,1.0,1.96:3.44;1.98:3.11;1.86:2.78;1.83:2.43;1.86:2.07;1.8:1.7;1.81:1.32;1.85:0.94,1.84:0.48;1.86:0.01;1.9:-0.5;1.86:-0.92;1.9:-1.47;1.92:-1.94;1.87:-2.41;1.95:-2.91;1.99:-3.4;1.96:-3.89;2.07:-4.38;2.12:-4.88,1.940499:0.9073947;1.998186:0.9742768;2.051778:0.8288164;2.08566:0.9513735;2.046926:0.924505;2.129494:0.8599218;1.968158:0.9177548;2.106653:0.9067621;2.012415:1.080269;2.026597:1.099679;2.02619:0.9815803;2.057601:0.9077641
sigma3_hotel_seed42,HOTEL:biwi_hotel:97:4010,HOTEL,biwi_hotel,biwi_hotel:97,4010,3,3.1533031463623047,5.915781021118164,1.1768602132797241,0.9796344637870789,0.3366282880306244,0.4711824357509613,1.0,1.26:2.92;1.33:2.57;1.34:2.2;1.32:1.84;1.31:1.45;1.24:1.04;1.16:0.67;1.06:0.21,1.03:-0.23;1.03:-0.59;1.04:-1.03;1.01:-1.61;1.05:-2.07;1.1:-2.52;1.17:-2.99;1.24:-3.42;1.32:-4.01;1.33:-4.47;1.43:-4.96;1.45:-5.4,0.9843425:0.1782499;0.8826871:0.2498276;0.807018:0.1355359;0.6864618:0.2337375;0.5483903:0.2414157;0.4643416:0.2027124;0.170328:0.2591144;0.1543263:0.2258666;-0.03083527:0.3979765;-0.1185551:0.4331543;-0.2338235:0.2951866;-0.2918956:0.2535179
sigma3_hotel_seed42,HOTEL:biwi_hotel:101:4020,HOTEL,biwi_hotel,biwi_hotel:101,4020,3,0.11720068007707596,0.24443726241588593,0.0,0.07768300920724869,0.22660352289676666,0.244978666305542,1.0,1.25:-8.13;1.25:-8.13;1.31:-8.2;1.36:-8.29;1.37:-8.31;1.37:-8.31;1.37:-8.31;1.37:-8.31,1.37:-8.31;1.37:-8.31;1.38:-8.32;1.39:-8.32;1.39:-8.32;1.39:-8.32;1.39:-8.32;1.39:-8.32;1.39:-8.32;1.39:-8.32;1.39:-8.32;1.39:-8.32,1.357996:-8.312755;1.349843:-8.314301;1.339984:-8.317916;1.317716:-8.319356;1.305764:-8.320127;1.285469:-8.328089;1.2612:-8.335297;1.230115:-8.339844;1.23394:-8.331473;1.209298:-8.332414;1.193256:-8.351066;1.148106:-8.355165
sigma3_hotel_seed42,HOTEL:biwi_hotel:102:4020,HOTEL,biwi_hotel,biwi_hotel:102,4020,3,0.030089018866419792,0.041447609663009644,0.0,0.007985956966876984,0.02329237386584282,0.0,1.0,1.37:-9.2;1.38:-9.18;1.38:-9.18;1.38:-9.18;1.38:-9.18;1.38:-9.18;1.38:-9.18;1.38:-9.18,1.38:-9.18;1.38:-9.18;1.38:-9.18;1.38:-9.18;1.38:-9.18;1.38:-9.18;1.38:-9.18;1.38:-9.18;1.38:-9.18;1.38:-9.18;1.38:-9.18;1.38:-9.18,1.379003:-9.178848;1.371097:-9.176827;1.357193:-9.188208;1.347164:-9.181567;1.35426:-9.187091;1.35065:-9.197133;1.343438:-9.183524;1.333522:-9.190739;1.350312:-9.197186;1.357123:-9.209295;1.366216:-9.212111;1.359448:-9.215994
sigma3_hotel_seed42,HOTEL:biwi_hotel:96:4020,HOTEL,biwi_hotel,biwi_hotel:96,4020,3,3.190850257873535,5.873047828674316,1.1502716541290283,0.9503018260002136,0.4569035470485687,1.068068504333496,1.0,1.98:3.11;1.86:2.78;1.83:2.43;1.86:2.07;1.8:1.7;1.81:1.32;1.85:0.94;1.84:0.48,1.86:0.01;1.9:-0.5;1.86:-0.92;1.9:-1.47;1.92:-1.94;1.87:-2.41;1.95:-2.91;1.99:-3.4;1.96:-3.89;2.07:-4.38;2.12:-4.88;2.16:-5.35,1.865368:0.4404936;1.852223:0.5204119;1.850195:0.3638539;1.801382:0.4908542;1.731188:0.4793713;1.738748:0.4192808;1.48749:0.4998873;1.554958:0.4664002;1.421133:0.6497618;1.399218:0.6749669;1.348411:0.5211704;1.343497:0.4660137
sigma3_hotel_seed42,HOTEL:biwi_hotel:97:4020,HOTEL,biwi_hotel,biwi_hotel:97,4020,3,3.054727792739868,5.688197612762451,1.1025538444519043,1.0096666812896729,0.34658199548721313,0.44679155945777893,1.0,1.33:2.57;1.34:2.2;1.32:1.84;1.31:1.45;1.24:1.04;1.16:0.67;1.06:0.21;1.03:-0.23,1.03:-0.59;1.04:-1.03;1.01:-1.61;1.05:-2.07;1.1:-2.52;1.17:-2.99;1.24:-3.42;1.32:-4.01;1.33:-4.47;1.43:-4.96;1.45:-5.4;1.49:-5.88,1.069535:-0.2685983;1.071663:-0.1913758;1.083056:-0.3455474;1.051372:-0.2203631;0.9885932:-0.2341451;1.010988:-0.2937692;0.7782222:-0.219425;0.8606674:-0.2498975;0.7358574:-0.06569968;0.7225649:-0.04275569;0.6823769:-0.1902767;0.6852306:-0.2490201
sigma3_hotel_seed42,HOTEL:biwi_hotel:101:4030,HOTEL,biwi_hotel,biwi_hotel:101,4030,3,0.0214382391422987,0.04977741464972496,0.0,0.07768300920724869,0.13056659698486328,0.244978666305542,1.0,1.25:-8.13;1.31:-8.2;1.36:-8.29;1.37:-8.31;1.37:-8.31;1.37:-8.31;1.37:-8.31;1.37:-8.31,1.37:-8.31;1.38:-8.32;1.39:-8.32;1.39:-8.32;1.39:-8.32;1.39:-8.32;1.39:-8.32;1.39:-8.32;1.39:-8.32;1.39:-8.32;1.39:-8.32;1.39:-8.32,1.38092:-8.308406;1.385864:-8.306186;1.378327:-8.321155;1.377567:-8.316155;1.38868:-8.320635;1.397284:-8.334611;1.384517:-8.324856;1.3826:-8.337879;1.410034:-8.334339;1.414791:-8.345545;1.42928:-8.354067;1.415606:-8.362686
sigma3_hotel_seed42,HOTEL:biwi_hotel:102:4030,HOTEL,biwi_hotel,biwi_hotel:102,4030,3,0.023230956867337227,0.055337052792310715,0.0,0.0,0.0,0.0,1.0,1.38:-9.18;1.38:-9.18;1.38:-9.18;1.38:-9.18;1.38:-9.18;1.38:-9.18;1.38:-9.18;1.38:-9.18,1.38:-9.18;1.38:-9.18;1.38:-9.18;1.38:-9.18;1.38:-9.18;1.38:-9.18;1.38:-9.18;1.38:-9.18;1.38:-9.18;1.38:-9.18;1.38:-9.18;1.38:-9.18,1.371948:-9.180445;1.356145:-9.187575;1.365191:-9.173784;1.357809:-9.178163;1.37285:-9.1847;1.346865:-9.17898;1.385953:-9.180712;1.370799:-9.170154;1.381583:-9.185661;1.415711:-9.201217;1.41778:-9.201397;1.434838:-9.187412
sigma3_hotel_seed42,HOTEL:biwi_hotel:96:4030,HOTEL,biwi_hotel,biwi_hotel:96,4030,3,3.18005633354187,5.8250837326049805,1.1760632991790771,0.9929034113883972,0.3938070237636566,0.869066059589386,1.0,1.86:2.78;1.83:2.43;1.86:2.07;1.8:1.7;1.81:1.32;1.85:0.94;1.84:0.48;1.86:0.01,1.9:-0.5;1.86:-0.92;1.9:-1.47;1.92:-1.94;1.87:-2.41;1.95:-2.91;1.99:-3.4;1.96:-3.89;2.07:-4.38;2.12:-4.88;2.16:-5.35;2.35:-5.82,1.924739:-0.03251401;1.954509:0.04374279;1.995276:-0.1110301;1.986064:0.007714851;1.941878:0.0002400652;1.987957:-0.0509079;1.772573:0.008634968;1.879534:-0.0313423;1.774149:0.1685038;1.77441:0.185786;1.758525:0.04162664;1.775518:-0.02331414
sigma3_hotel_seed42,HOTEL:biwi_hotel:97:4030,HOTEL,biwi_hotel,biwi_hotel:97,4030,3,3.184406280517578,5.846808910369873,0.8999999761581421,1.006047010421753,0.402641624212265,0.4323490560054779,1.0,1.34:2.2;1.32:1.84;1.31:1.45;1.24:1.04;1.16:0.67;1.06:0.21;1.03:-0.23;1.03:-0.59,1.04:-1.03;1.01:-1.61;1.05:-2.07;1.1:-2.52;1.17:-2.99;1.24:-3.42;1.32:-4.01;1.33:-4.47;1.43:-4.96;1.45:-5.4;1.49:-5.88;1.66:-6.36,1.06013:-0.6167981;1.061984:-0.5535569;1.065837:-0.6793946;1.055314:-0.5643996;0.9766762:-0.5897131;1.003171:-0.6526048;0.8169336:-0.5925232;0.902276:-0.5955087;0.775539:-0.4413102;0.7557712:-0.4124407;0.7092628:-0.5281878;0.7109609:-0.5907281
sigma3_hotel_seed42,HOTEL:biwi_hotel:101:4040,HOTEL,biwi_hotel,biwi_hotel:101,4040,3,0.13400839269161224,0.23103055357933044,0.0,0.04475606605410576,0.10727422684431076,0.04345089569687843,1.0,1.31:-8.2;1.36:-8.29;1.37:-8.31;1.37:-8.31;1.37:-8.31;1.37:-8.31;1.37:-8.31;1.37:-8.31,1.38:-8.32;1.39:-8.32;1.39:-8.32;1.39:-8.32;1.39:-8.32;1.39:-8.32;1.39:-8.32;1.39:-8.32;1.39:-8.32;1.39:-8.32;1.39:-8.32;1.39:-8.32,1.350901:-8.310784;1.332556:-8.313788;1.316641:-8.31152;1.293048:-8.316975;1.285159:-8.31695;1.261179:-8.318652;1.243022:-8.324625;1.212412:-8.332082;1.219654:-8.336027;1.203278:-8.338367;1.191267:-8.346079;1.160647:-8.34779
sigma3_hotel_seed42,HOTEL:biwi_hotel:102:4040,HOTEL,biwi_hotel,biwi_hotel:102,4040,3,0.023230956867337227,0.055337052792310715,0.0,0.0,0.0,0.0,1.0,1.38:-9.18;1.38:-9.18;1.38:-9.18;1.38:-9.18;1.38:-9.18;1.38:-9.18;1.38:-9.18;1.38:-9.18,1.38:-9.18;1.38:-9.18;1.38:-9.18;1.38:-9.18;1.38:-9.18;1.38:-9.18;1.38:-9.18;1.38:-9.18;1.38:-9.18;1.38:-9.18;1.38:-9.18;1.38:-9.18,1.371948:-9.180445;1.356145:-9.187575;1.365191:-9.173784;1.357809:-9.178163;1.37285:-9.1847;1.346865:-9.17898;1.385953:-9.180712;1.370799:-9.170154;1.381583:-9.185661;1.415711:-9.201217;1.41778:-9.201397;1.434838:-9.187412
sigma3_hotel_seed42,HOTEL:biwi_hotel:96:4040,HOTEL,biwi_hotel,biwi_hotel:96,4040,3,3.15088152885437,5.7804718017578125,1.278915524482727,1.050147294998169,0.3770296573638916,0.7361631393432617,1.0,1.83:2.43;1.86:2.07;1.8:1.7;1.81:1.32;1.85:0.94;1.84:0.48;1.86:0.01;1.9:-0.5,1.86:-0.92;1.9:-1.47;1.92:-1.94;1.87:-2.41;1.95:-2.91;1.99:-3.4;1.96:-3.89;2.07:-4.38;2.12:-4.88;2.16:-5.35;2.35:-5.82;2.45:-6.3,1.978932:-0.5450668;2.024367:-0.4675818;2.079314:-0.6259944;2.080983:-0.5083659;2.047056:-0.5120387;2.107986:-0.5606291;1.896746:-0.5056388;2.017475:-0.5512601;1.922158:-0.3430899;1.927916:-0.3275941;1.926952:-0.4717636;1.951184:-0.5410905
sigma3_hotel_seed42,HOTEL:biwi_hotel:97:4040,HOTEL,biwi_hotel,biwi_hotel:97,4040,3,3.2043616771698,5.8080549240112305,1.1002840995788574,1.0344606637954712,0.453683078289032,0.42520931363105774,1.0,1.32:1.84;1.31:1.45;1.24:1.04;1.16:0.67;1.06:0.21;1.03:-0.23;1.03:-0.59;1.04:-1.03,1.01:-1.61;1.05:-2.07;1.1:-2.52;1.17:-2.99;1.24:-3.42;1.32:-4.01;1.33:-4.47;1.43:-4.96;1.45:-5.4;1.49:-5.88;1.66:-6.36;1.86:-6.8,1.106259:-1.067965;1.137498:-0.9947717;1.174446:-1.145948;1.173512:-1.02424;1.125782:-1.040253;1.176987:-1.098215;0.9753965:-1.035355;1.085956:-1.062719;0.9787652:-0.8758438;0.9802941:-0.8565465;0.9622445:-0.9930096;0.9800044:-1.058998
sigma3_hotel_seed42,HOTEL:biwi_hotel:101:4050,HOTEL,biwi_hotel,biwi_hotel:101,4050,3,0.14322704076766968,0.2840573787689209,0.0353553406894207,0.013036719523370266,0.03802376613020897,0.32175055146217346,1.0,1.36:-8.29;1.37:-8.31;1.37:-8.31;1.37:-8.31;1.37:-8.31;1.37:-8.31;1.37:-8.31;1.38:-8.32,1.39:-8.32;1.39:-8.32;1.39:-8.32;1.39:-8.32;1.39:-8.32;1.39:-8.32;1.39:-8.32;1.39:-8.32;1.39:-8.32;1.39:-8.32;1.39:-8.32;1.39:-8.32,1.420341:-8.31679;1.442891:-8.305351;1.438807:-8.345836;1.456625:-8.318288;1.485603:-8.331653;1.524508:-8.367483;1.523377:-8.323139;1.547091:-8.334055;1.584855:-8.325675;1.619121:-8.349705;1.658061:-8.362074;1.669254:-8.372018
sigma3_hotel_seed42,HOTEL:biwi_hotel:102:4050,HOTEL,biwi_hotel,biwi_hotel:102,4050,3,0.023230919614434242,0.05533681809902191,0.0,0.0,0.0,0.0,1.0,1.38:-9.18;1.38:-9.18;1.38:-9.18;1.38:-9.18;1.38:-9.18;1.38:-9.18;1.38:-9.18;1.38:-9.18,1.38:-9.18;1.38:-9.18;1.38:-9.18;1.38:-9.18;1.38:-9.18;1.38:-9.18;1.38:-9.18;1.38:-9.18;1.38:-9.18;1.38:-9.18;1.38:-9.18;1.38:-9.18,1.371948:-9.180445;1.356145:-9.187575;1.365191:-9.173784;1.357809:-9.178163;1.37285:-9.1847;1.346865:-9.17898;1.385953:-9.180712;1.370799:-9.170154;1.381583:-9.185661;1.415711:-9.201217;1.41778:-9.201397;1.434838:-9.187412
sigma3_hotel_seed42,HOTEL:biwi_hotel:96:4050,HOTEL,biwi_hotel,biwi_hotel:96,4050,3,3.4030303955078125,6.218615531921387,1.0547511577606201,1.071808934211731,0.4081360101699829,0.6654820442199707,1.0,1.86:2.07;1.8:1.7;1.81:1.32;1.85:0.94;1.84:0.48;1.86:0.01;1.9:-0.5;1.86:-0.92,1.9:-1.47;1.92:-1.94;1.87:-2.41;1.95:-2.91;1.99:-3.4;1.96:-3.89;2.07:-4.38;2.12:-4.88;2.16:-5.35;2.35:-5.82;2.45:-6.3;2.51:-6.75,1.777681:-0.9451756;1.674402:-0.8812015;1.593255:-0.9793053;1.48265:-0.8881737;1.33398:-0.884617;1.251163:-0.9230025;0.9796462:-0.8774833;0.9646028:-0.8970047;0.7765367:-0.7385173;0.6823446:-0.7009476;0.5641176:-0.8197147;0.503201:-0.8640902
sigma3_hotel_seed42,HOTEL:biwi_hotel:97:4050,HOTEL,biwi_hotel,biwi_hotel:97,4050,3,3.1412689685821533,5.7659592628479,1.4519383907318115,1.1025489568710327,0.5394712686538696,0.3561449348926544,1.0,1.31:1.45;1.24:1.04;1.16:0.67;1.06:0.21;1.03:-0.23;1.03:-0.59;1.04:-1.03;1.01:-1.61,1.05:-2.07;1.1:-2.52;1.17:-2.99;1.24:-3.42;1.32:-4.01;1.33:-4.47;1.43:-4.96;1.45:-5.4;1.49:-5.88;1.66:-6.36;1.86:-6.8;1.95:-7.26,1.066129:-1.661489;1.087956:-1.554952;1.089203:-1.763279;1.037937:-1.607987;0.989033:-1.604572;1.044938:-1.684175;0.7245902:-1.567117;0.8200969:-1.62239;0.6978999:-1.419134;0.6614672:-1.381878;0.6589129:-1.564915;0.6598676:-1.640228
sigma3_hotel_seed42,HOTEL:biwi_hotel:101:4060,HOTEL,biwi_hotel,biwi_hotel:101,4060,3,0.036831825971603394,0.1113385409116745,0.02500000037252903,0.008622190915048122,0.0251480583101511,0.7853981852531433,1.0,1.37:-8.31;1.37:-8.31;1.37:-8.31;1.37:-8.31;1.37:-8.31;1.37:-8.31;1.38:-8.32;1.39:-8.32,1.39:-8.32;1.39:-8.32;1.39:-8.32;1.39:-8.32;1.39:-8.32;1.39:-8.32;1.39:-8.32;1.39:-8.32;1.39:-8.32;1.39:-8.32;1.39:-8.32;1.39:-8.32,1.395971:-8.318374;1.388286:-8.316781;1.383562:-8.327024;1.380567:-8.316418;1.399792:-8.326196;1.396935:-8.338719;1.415584:-8.315793;1.412183:-8.315664;1.432884:-8.327012;1.46613:-8.346587;1.482652:-8.348776;1.498519:-8.344899
sigma3_hotel_seed42,HOTEL:biwi_hotel:102:4060,HOTEL,biwi_hotel,biwi_hotel:102,4060,3,0.023230917751789093,0.05533669516444206,0.0,0.0,0.0,0.0,1.0,1.38:-9.18;1.38:-9.18;1.38:-9.18;1.38:-9.18;1.38:-9.18;1.38:-9.18;1.38:-9.18;1.38:-9.18,1.38:-9.18;1.38:-9.18;1.38:-9.18;1.38:-9.18;1.38:-9.18;1.38:-9.18;1.38:-9.18;1.38:-9.18;1.38:-9.18;1.38:-9.18;1.38:-9.18;1.38:-9.18,1.371948:-9.180445;1.356145:-9.187575;1.36519:-9.173784;1.357808:-9.178163;1.37285:-9.1847;1.346865:-9.17898;1.385952:-9.180712;1.370799:-9.170154;1.381583:-9.185661;1.41571:-9.201217;1.41778:-9.201397;1.434838:-9.187412
sigma3_hotel_seed42,HOTEL:biwi_hotel:96:4060,HOTEL,biwi_hotel,biwi_hotel:96,4060,3,3.1436767578125,5.706030368804932,1.378631591796875,1.1348872184753418,0.4934825599193573,0.6459607481956482,1.0,1.8:1.7;1.81:1.32;1.85:0.94;1.84:0.48;1.86:0.01;1.9:-0.5;1.86:-0.92;1.9:-1.47,1.92:-1.94;1.87:-2.41;1.95:-2.91;1.99:-3.4;1.96:-3.89;2.07:-4.38;2.12:-4.88;2.16:-5.35;2.35:-5.82;2.45:-6.3;2.51:-6.75;2.68:-7.2,2.000748:-1.518631;2.070328:-1.434533;2.138103:-1.607985;2.152725:-1.483075;2.132354:-1.482994;2.221099:-1.536802;2.001903:-1.475689;2.144077:-1.527053;2.060386:-1.310591;2.068574:-1.293257;2.092544:-1.442186;2.125241:-1.521001
sigma3_hotel_seed42,HOTEL:biwi_hotel:97:4060,HOTEL,biwi_hotel,biwi_hotel:97,4060,3,3.144273042678833,5.863266468048096,1.1543396711349487,1.1189072132110596,0.6412352323532104,0.4507242441177368,1.0,1.24:1.04;1.16:0.67;1.06:0.21;1.03:-0.23;1.03:-0.59;1.04:-1.03;1.01:-1.61;1.05:-2.07,1.1:-2.52;1.17:-2.99;1.24:-3.42;1.32:-4.01;1.33:-4.47;1.43:-4.96;1.45:-5.4;1.49:-5.88;1.66:-6.36;1.86:-6.8;1.95:-7.26;2.17:-7.81,1.103621:-2.110427;1.121035:-2.034185;1.149005:-2.188029;1.130399:-2.066592;1.077656:-2.077573;1.112621:-2.132516;0.8909996:-2.066854;0.9871117:-2.101872;0.8729663:-1.908817;0.868045:-1.889513;0.8404342:-2.03511;0.8510506:-2.097009
sigma3_hotel_seed42,HOTEL:biwi_hotel:101:4070,HOTEL,biwi_hotel,biwi_hotel:101,4070,3,0.03475313261151314,0.013720372691750526,0.0,0.008622190915048122,0.03556472435593605,0.7853981852531433,1.0,1.37:-8.31;1.37:-8.31;1.37:-8.31;1.37:-8.31;1.37:-8.31;1.38:-8.32;1.39:-8.32;1.39:-8.32,1.39:-8.32;1.39:-8.32;1.39:-8.32;1.39:-8.32;1.39:-8.32;1.39:-8.32;1.39:-8.32;1.39:-8.32;1.39:-8.32;1.39:-8.32;1.39:-8.32;1.39:-8.32,1.37173:-8.321789;1.349974:-8.333446;1.364005:-8.30668;1.351823:-8.319458;1.360872:-8.3235;1.320545:-8.307944;1.36586:-8.323824;1.341486:-8.308169;1.343897:-8.32489;1.372942:-8.336309;1.363525:-8.336461;1.37657:-8.317193
sigma3_hotel_seed42,HOTEL:biwi_hotel:102:4070,HOTEL,biwi_hotel,biwi_hotel:102,4070,3,0.02077951841056347,0.025920070707798004,0.0,0.0,0.0,0.0,1.0,1.38:-9.18;1.38:-9.18;1.38:-9.18;1.38:-9.18;1.38:-9.18;1.38:-9.18;1.38:-9.18;1.38:-9.18,1.38:-9.18;1.38:-9.18;1.38:-9.18;1.38:-9.18;1.38:-9.18;1.38:-9.18;1.38:-9.18;1.38:-9.18;1.38:-9.18;1.38:-9.18;1.38:-9.18;1.41:-9.18,1.371948:-9.180445;1.356145:-9.187575;1.36519:-9.173784;1.357808:-9.178163;1.37285:-9.1847;1.346864:-9.17898;1.385952:-9.180712;1.370799:-9.170154;1.381583:-9.185661;1.41571:-9.201217;1.41778:-9.201397;1.434838:-9.187412
sigma3_hotel_seed42,HOTEL:biwi_hotel:96:4070,HOTEL,biwi_hotel,biwi_hotel:96,4070,3,3.1657650470733643,5.7095947265625,1.1760632991790771,1.1671350002288818,0.5481306314468384,0.5974653959274292,1.0,1.81:1.32;1.85:0.94;1.84:0.48;1.86:0.01;1.9:-0.5;1.86:-0.92;1.9:-1.47;1.92:-1.94,1.87:-2.41;1.95:-2.91;1.99:-3.4;1.96:-3.89;2.07:-4.38;2.12:-4.88;2.16:-5.35;2.35:-5.82;2.45:-6.3;2.51:-6.75;2.68:-7.2;2.69:-7.62,1.985697:-1.980968;2.016135:-1.906269;2.057272:-2.058948;2.051364:-1.940112;2.006222:-1.95062;2.052503:-2.00299;1.843299:-1.944062;1.951531:-1.980208;1.845898:-1.782234;1.848455:-1.765722;1.830651:-1.908199;1.847868:-1.972851
sigma3_hotel_seed42,HOTEL:biwi_hotel:97:4070,HOTEL,biwi_hotel,biwi_hotel:97,4070,3,3.1756153106689453,5.864823341369629,1.1319231986999512,1.1454142332077026,0.5599296689033508,0.47352078557014465,1.0,1.16:0.67;1.06:0.21;1.03:-0.23;1.03:-0.59;1.04:-1.03;1.01:-1.61;1.05:-2.07;1.1:-2.52,1.17:-2.99;1.24:-3.42;1.32:-4.01;1.33:-4.47;1.43:-4.96;1.45:-5.4;1.49:-5.88;1.66:-6.36;1.86:-6.8;1.95:-7.26;2.17:-7.81;2.32:-8.25,1.158562:-2.557369;1.181432:-2.483436;1.209925:-2.635008;1.201261:-2.511626;1.14844:-2.52843;1.19225:-2.588221;0.9836039:-2.521136;1.086473:-2.547178;0.973713:-2.363708;0.9708027:-2.342768;0.9460205:-2.481031;0.9595159:-2.545157
sigma3_hotel_seed42,HOTEL:biwi_hotel:104:4430,HOTEL,biwi_hotel,biwi_hotel:104,4430,3,0.10724189877510071,0.12270644307136536,0.0,0.0071428571827709675,0.0416666679084301,0.0,2.625,1.34:-9.22;1.34:-9.22;1.34:-9.22;1.34:-9.22;1.34:-9.22;1.34:-9.2;1.34:-9.2;1.34:-9.2,1.34:-9.22;1.34:-9.22;1.34:-9.22;1.34:-9.22;1.34:-9.22;1.34:-9.22;1.34:-9.22;1.34:-9.22;1.34:-9.2;1.32:-9.2;1.3:-9.18;1.29:-9.16,1.298692:-9.204864;1.263625:-9.226546;1.288718:-9.170948;1.265406:-9.20228;1.260371:-9.200857;1.187533:-9.163281;1.246197:-9.210872;1.200908:-9.183538;1.183702:-9.202588;1.200649:-9.204517;1.164755:-9.205058;1.168096:-9.174014
sigma3_hotel_seed42,HOTEL:biwi_hotel:105:4430,HOTEL,biwi_hotel,biwi_hotel:105,4430,3,0.023230956867337227,0.055337052792310715,0.0,0.0,0.0,0.0,2.5,1.37:-8.27;1.37:-8.27;1.37:-8.27;1.37:-8.27;1.37:-8.27;1.37:-8.27;1.37:-8.27;1.37:-8.27,1.37:-8.27;1.37:-8.27;1.37:-8.27;1.37:-8.27;1.37:-8.27;1.37:-8.27;1.37:-8.27;1.37:-8.27;1.37:-8.27;1.37:-8.27;1.37:-8.27;1.37:-8.27,1.361948:-8.270445;1.346145:-8.277575;1.355191:-8.263784;1.347809:-8.268163;1.36285:-8.2747;1.336865:-8.26898;1.375953:-8.270712;1.360799:-8.260154;1.371583:-8.275661;1.405711:-8.291217;1.40778:-8.291397;1.424838:-8.277412
sigma3_hotel_seed42,HOTEL:biwi_hotel:106:4430,HOTEL,biwi_hotel,biwi_hotel:106,4430,3,1.5898336172103882,2.9852113723754883,0.5884301066398621,0.5425034165382385,0.4457932114601135,1.2328131198883057,3.0,2.59:-9.52;2.62:-9.36;2.61:-9.17;2.53:-8.93;2.48:-8.74;2.49:-8.47;2.51:-8.26;2.46:-8.03,2.35:-7.78;2.3:-7.57;2.29:-7.32;2.29:-7.11;2.19:-6.82;2.05:-6.54;2.1:-6.27;2.15:-6.07;2.11:-5.76;2.03:-5.49;2.04:-5.28;2.1:-5.03,2.409285:-8.047113;2.384468:-8.028802;2.38017:-8.047502;2.349249:-8.008023;2.253082:-8.012988;2.206939:-8.037893;2.15977:-8.052502;2.16066:-8.016633;2.060135:-7.937101;2.006553:-7.918958;1.956669:-7.96067;1.92839:-8.010275
sigma3_hotel_seed42,HOTEL:biwi_hotel:107:4430,HOTEL,biwi_hotel,biwi_hotel:107,4430,3,1.611568808555603,3.0641603469848633,0.8403868079185486,0.550604522228241,0.5432369709014893,0.7119187712669373,2.125,3.28:-9.49;3.3:-9.35;3.3:-9.16;3.28:-8.91;3.25:-8.71;3.23:-8.45;3.22:-8.29;3.09:-7.98,3.13:-7.79;3.12:-7.59;3.01:-7.33;2.96:-7.11;2.86:-6.81;2.8:-6.56;2.78:-6.34;2.81:-6.18;2.74:-5.89;2.68:-5.64;2.71:-5.34;2.7:-5.13,2.931314:-7.984401;2.787292:-7.957263;2.666869:-7.968646;2.53686:-7.931522;2.336464:-7.918912;2.192927:-7.933587;2.01605:-7.954204;1.936957:-7.924742;1.732591:-7.821894;1.584634:-7.793334;1.447968:-7.831023;1.339672:-7.875649
sigma3_hotel_seed42,HOTEL:biwi_hotel:104:4440,HOTEL,biwi_hotel,biwi_hotel:104,4440,3,0.07660219818353653,0.1946413815021515,0.05000000074505806,0.014285714365541935,0.0625,3.1415927410125732,2.5,1.34:-9.22;1.34:-9.22;1.34:-9.22;1.34:-9.22;1.34:-9.2;1.34:-9.2;1.34:-9.2;1.34:-9.22,1.34:-9.22;1.34:-9.22;1.34:-9.22;1.34:-9.22;1.34:-9.22;1.34:-9.22;1.34:-9.22;1.34:-9.2;1.32:-9.2;1.3:-9.18;1.29:-9.16;1.27:-9.16,1.357958:-9.219119;1.366951:-9.214058;1.361755:-9.236511;1.364061:-9.222939;1.377773:-9.230518;1.391589:-9.252755;1.384657:-9.231593;1.386162:-9.23973;1.411227:-9.23327;1.423744:-9.248093;1.441161:-9.260912;1.432386:-9.267313
sigma3_hotel_seed42,HOTEL:biwi_hotel:105:4440,HOTEL,biwi_hotel,biwi_hotel:105,4440,3,0.023230956867337227,0.055337052792310715,0.0,0.0,0.0,0.0,2.625,1.37:-8.27;1.37:-8.27;1.37:-8.27;1.37:-8.27;1.37:-8.27;1.37:-8.27;1.37:-8.27;1.37:-8.27,1.37:-8.27;1.37:-8.27;1.37:-8.27;1.37:-8.27;1.37:-8.27;1.37:-8.27;1.37:-8.27;1.37:-8.27;1.37:-8.27;1.37:-8.27;1.37:-8.27;1.37:-8.27,1.361948:-8.270445;1.346145:-8.277575;1.355191:-8.263784;1.347809:-8.268163;1.36285:-8.2747;1.336865:-8.26898;1.375953:-8.270712;1.360799:-8.260154;1.371583:-8.275661;1.405711:-8.291217;1.40778:-8.291397;1.424838:-8.277412
sigma3_hotel_seed42,HOTEL:biwi_hotel:106:4440,HOTEL,biwi_hotel,biwi_hotel:106,4440,3,1.6790270805358887,3.1529178619384766,0.6828250288963318,0.5819112062454224,0.4595906734466553,1.1953283548355103,3.0,2.62:-9.36;2.61:-9.17;2.53:-8.93;2.48:-8.74;2.49:-8.47;2.51:-8.26;2.46:-8.03;2.35:-7.78,2.3:-7.57;2.29:-7.32;2.29:-7.11;2.19:-6.82;2.05:-6.54;2.1:-6.27;2.15:-6.07;2.11:-5.76;2.03:-5.49;2.04:-5.28;2.1:-5.03;2.12:-4.83,2.202978:-7.785209;2.073831:-7.765077;1.971661:-7.76712;1.855988:-7.736536;1.67298:-7.726307;1.538206:-7.735971;1.396451:-7.76509;1.321872:-7.729274;1.135147:-7.637668;1.00349:-7.6174;0.8804665:-7.643965;0.7815648:-7.68473
sigma3_hotel_seed42,HOTEL:biwi_hotel:107:4440,HOTEL,biwi_hotel,biwi_hotel:107,4440,3,1.5836620330810547,2.921978235244751,0.48541221022605896,0.5694414377212524,0.7038983106613159,1.1745973825454712,2.125,3.3:-9.35;3.3:-9.16;3.28:-8.91;3.25:-8.71;3.23:-8.45;3.22:-8.29;3.09:-7.98;3.13:-7.79,3.12:-7.59;3.01:-7.33;2.96:-7.11;2.86:-6.81;2.8:-6.56;2.78:-6.34;2.81:-6.18;2.74:-5.89;2.68:-5.64;2.71:-5.34;2.7:-5.13;2.71:-4.91,3.138301:-7.814144;3.164801:-7.784449;3.203985:-7.832946;3.21651:-7.77617;3.164164:-7.787528;3.177375:-7.830003;3.132556:-7.816261;3.18803:-7.796543;3.125224:-7.710091;3.10966:-7.675953;3.093417:-7.748705;3.10988:-7.804486
sigma3_hotel_seed42,HOTEL:biwi_hotel:104:4450,HOTEL,biwi_hotel,biwi_hotel:104,4450,3,0.07900793850421906,0.2574579119682312,0.0,0.014285714365541935,0.0833333358168602,3.1415927410125732,2.375,1.34:-9.22;1.34:-9.22;1.34:-9.22;1.34:-9.2;1.34:-9.2;1.34:-9.2;1.34:-9.22;1.34:-9.22,1.34:-9.22;1.34:-9.22;1.34:-9.22;1.34:-9.22;1.34:-9.22;1.34:-9.22;1.34:-9.2;1.32:-9.2;1.3:-9.18;1.29:-9.16;1.27:-9.16;1.21:-9.24,1.342599:-9.218422;1.339847:-9.222738;1.341728:-9.216213;1.348897:-9.222787;1.366216:-9.223278;1.368036:-9.218899;1.386772:-9.221378;1.388788:-9.226015;1.41112:-9.23689;1.43339:-9.249042;1.451578:-9.239697;1.467414:-9.235271
sigma3_hotel_seed42,HOTEL:biwi_hotel:105:4450,HOTEL,biwi_hotel,biwi_hotel:105,4450,3,0.023230956867337227,0.055337052792310715,0.0,0.0,0.0,0.0,2.75,1.37:-8.27;1.37:-8.27;1.37:-8.27;1.37:-8.27;1.37:-8.27;1.37:-8.27;1.37:-8.27;1.37:-8.27,1.37:-8.27;1.37:-8.27;1.37:-8.27;1.37:-8.27;1.37:-8.27;1.37:-8.27;1.37:-8.27;1.37:-8.27;1.37:-8.27;1.37:-8.27;1.37:-8.27;1.37:-8.27,1.361948:-8.270445;1.346145:-8.277575;1.355191:-8.263784;1.347809:-8.268163;1.36285:-8.2747;1.336865:-8.26898;1.375953:-8.270712;1.360799:-8.260154;1.371583:-8.275661;1.405711:-8.291217;1.40778:-8.291397;1.424838:-8.277412
sigma3_hotel_seed42,HOTEL:biwi_hotel:106:4450,HOTEL,biwi_hotel,biwi_hotel:106,4450,3,1.6496061086654663,3.0537757873535156,0.5396758317947388,0.5910567045211792,0.44509878754615784,1.1069245338439941,3.0,2.61:-9.17;2.53:-8.93;2.48:-8.74;2.49:-8.47;2.51:-8.26;2.46:-8.03;2.35:-7.78;2.3:-7.57,2.29:-7.32;2.29:-7.11;2.19:-6.82;2.05:-6.54;2.1:-6.27;2.15:-6.07;2.11:-5.76;2.03:-5.49;2.04:-5.28;2.1:-5.03;2.12:-4.83;2.03:-4.55,2.203938:-7.582739;2.13666:-7.567349;2.094626:-7.572175;2.030055:-7.54044;1.891103:-7.539432;1.803292:-7.553421;1.730433:-7.585287;1.698137:-7.546093;1.559605:-7.458613;1.470134:-7.444474;1.387545:-7.470956;1.326391:-7.521613
sigma3_hotel_seed42,HOTEL:biwi_hotel:107:4450,HOTEL,biwi_hotel,biwi_hotel:107,4450,3,1.6254067420959473,2.8878896236419678,0.5006245970726013,0.5731021165847778,0.6911323070526123,1.3522220849990845,2.125,3.3:-9.16;3.28:-8.91;3.25:-8.71;3.23:-8.45;3.22:-8.29;3.09:-7.98;3.13:-7.79;3.12:-7.59,3.01:-7.33;2.96:-7.11;2.86:-6.81;2.8:-6.56;2.78:-6.34;2.81:-6.18;2.74:-5.89;2.68:-5.64;2.71:-5.34;2.7:-5.13;2.71:-4.91;2.69:-4.74,3.118992:-7.608526;3.137213:-7.591555;3.170118:-7.617989;3.170936:-7.577343;3.136985:-7.587125;3.132214:-7.622811;3.123953:-7.614986;3.146535:-7.579426;3.101403:-7.528608;3.094287:-7.511025;3.087415:-7.565472;3.092322:-7.599728
sigma3_hotel_seed42,HOTEL:biwi_hotel:104:4460,HOTEL,biwi_hotel,biwi_hotel:104,4460,3,0.06634563207626343,0.2532927691936493,0.0,0.014285714365541935,0.0833333358168602,3.1415927410125732,2.125,1.34:-9.22;1.34:-9.22;1.34:-9.2;1.34:-9.2;1.34:-9.2;1.34:-9.22;1.34:-9.22;1.34:-9.22,1.34:-9.22;1.34:-9.22;1.34:-9.22;1.34:-9.22;1.34:-9.22;1.34:-9.2;1.32:-9.2;1.3:-9.18;1.29:-9.16;1.27:-9.16;1.21:-9.24;1.14:-9.23,1.337939:-9.21961;1.330224:-9.223403;1.33366:-9.216984;1.333045:-9.219002;1.342912:-9.223289;1.331337:-9.219706;1.353497:-9.219363;1.347528:-9.214993;1.355364:-9.223357;1.377088:-9.234426;1.381176:-9.233844;1.393232:-9.224441
sigma3_hotel_seed42,HOTEL:biwi_hotel:105:4460,HOTEL,biwi_hotel,biwi_hotel:105,4460,3,0.023230956867337227,0.055337052792310715,0.0,0.0,0.0,0.0,2.875,1.37:-8.27;1.37:-8.27;1.37:-8.27;1.37:-8.27;1.37:-8.27;1.37:-8.27;1.37:-8.27;1.37:-8.27,1.37:-8.27;1.37:-8.27;1.37:-8.27;1.37:-8.27;1.37:-8.27;1.37:-8.27;1.37:-8.27;1.37:-8.27;1.37:-8.27;1.37:-8.27;1.37:-8.27;1.37:-8.27,1.361948:-8.270445;1.346145:-8.277575;1.355191:-8.263784;1.347809:-8.268163;1.36285:-8.2747;1.336865:-8.26898;1.375953:-8.270712;1.360799:-8.260154;1.371583:-8.275661;1.405711:-8.291217;1.40778:-8.291397;1.424838:-8.277412
sigma3_hotel_seed42,HOTEL:biwi_hotel:106:4460,HOTEL,biwi_hotel,biwi_hotel:106,4460,3,1.6320644617080688,2.9751217365264893,0.6254997849464417,0.5900630354881287,0.4432852566242218,1.2362622022628784,2.875,2.53:-8.93;2.48:-8.74;2.49:-8.47;2.51:-8.26;2.46:-8.03;2.35:-7.78;2.3:-7.57;2.29:-7.32,2.29:-7.11;2.19:-6.82;2.05:-6.54;2.1:-6.27;2.15:-6.07;2.11:-5.76;2.03:-5.49;2.04:-5.28;2.1:-5.03;2.12:-4.83;2.03:-4.55;1.98:-4.34,2.262862:-7.341467;2.258651:-7.314694;2.27132:-7.351285;2.260299:-7.301141;2.172018:-7.308176;2.153397:-7.340936;2.092684:-7.344526;2.124847:-7.322326;2.031878:-7.22625;1.987445:-7.195998;1.945195:-7.254789;1.936394:-7.314802
sigma3_hotel_seed42,HOTEL:biwi_hotel:107:4460,HOTEL,biwi_hotel,biwi_hotel:107,4460,3,1.632123351097107,3.012974262237549,0.7057797312736511,0.5843568444252014,0.7594956755638123,1.6334443092346191,2.125,3.28:-8.91;3.25:-8.71;3.23:-8.45;3.22:-8.29;3.09:-7.98;3.13:-7.79;3.12:-7.59;3.01:-7.33,2.96:-7.11;2.86:-6.81;2.8:-6.56;2.78:-6.34;2.81:-6.18;2.74:-5.89;2.68:-5.64;2.71:-5.34;2.7:-5.13;2.71:-4.91;2.69:-4.74;2.68:-4.5,2.862158:-7.334951;2.729239:-7.312388;2.622723:-7.318031;2.504489:-7.285316;2.319259:-7.274308;2.184689:-7.285322;2.030837:-7.310582;1.957006:-7.277997;1.766646:-7.183949;1.632623:-7.160235;1.506799:-7.190864;1.407659:-7.231146
sigma3_hotel_seed42,HOTEL:biwi_hotel:104:4470,HOTEL,biwi_hotel,biwi_hotel:104,4470,3,0.13524164259433746,0.3473234474658966,0.0,0.014285714365541935,0.0625,3.1415927410125732,1.875,1.34:-9.22;1.34:-9.2;1.34:-9.2;1.34:-9.2;1.34:-9.22;1.34:-9.22;1.34:-9.22;1.34:-9.22,1.34:-9.22;1.34:-9.22;1.34:-9.22;1.34:-9.22;1.34:-9.2;1.32:-9.2;1.3:-9.18;1.29:-9.16;1.27:-9.16;1.21:-9.24;1.14:-9.23;1.11:-9.23,1.362826:-9.219511;1.375135:-9.212304;1.370703:-9.240613;1.37462:-9.221305;1.389274:-9.230892;1.407065:-9.258756;1.401064:-9.230461;1.40491:-9.236362;1.42865:-9.227122;1.444129:-9.243861;1.463213:-9.260014;1.455428:-9.266238
sigma3_hotel_seed42,HOTEL:biwi_hotel:105:4470,HOTEL,biwi_hotel,biwi_hotel:105,4470,3,0.023230956867337227,0.055337052792310715,0.0,0.0,0.0,0.0,3.0,1.37:-8.27;1.37:-8.27;1.37:-8.27;1.37:-8.27;1.37:-8.27;1.37:-8.27;1.37:-8.27;1.37:-8.27,1.37:-8.27;1.37:-8.27;1.37:-8.27;1.37:-8.27;1.37:-8.27;1.37:-8.27;1.37:-8.27;1.37:-8.27;1.37:-8.27;1.37:-8.27;1.37:-8.27;1.37:-8.27,1.361948:-8.270445;1.346145:-8.277575;1.355191:-8.263784;1.347809:-8.268163;1.36285:-8.2747;1.336865:-8.26898;1.375953:-8.270712;1.360799:-8.260154;1.371583:-8.275661;1.405711:-8.291217;1.40778:-8.291397;1.424838:-8.277412
sigma3_hotel_seed42,HOTEL:biwi_hotel:106:4470,HOTEL,biwi_hotel,biwi_hotel:106,4470,3,1.6745896339416504,2.9656121730804443,0.5249999761581421,0.594895601272583,0.38206762075424194,0.9818970561027527,2.75,2.48:-8.74;2.49:-8.47;2.51:-8.26;2.46:-8.03;2.35:-7.78;2.3:-7.57;2.29:-7.32;2.29:-7.11,2.19:-6.82;2.05:-6.54;2.1:-6.27;2.15:-6.07;2.11:-5.76;2.03:-5.49;2.04:-5.28;2.1:-5.03;2.12:-4.83;2.03:-4.55;1.98:-4.34;2.02:-4.14,2.267947:-7.130344;2.267337:-7.10702;2.28419:-7.139177;2.274647:-7.092121;2.200551:-7.100023;2.183275:-7.132423;2.137752:-7.134076;2.164881:-7.106101;2.082977:-7.024227;2.048646:-6.998644;2.015167:-7.054178;2.009037:-7.105592
sigma3_hotel_seed42,HOTEL:biwi_hotel:107:4470,HOTEL,biwi_hotel,biwi_hotel:107,4470,3,1.566880226135254,2.861339569091797,0.5640257000923157,0.5927042365074158,0.7712492346763611,1.7380902767181396,2.125,3.25:-8.71;3.23:-8.45;3.22:-8.29;3.09:-7.98;3.13:-7.79;3.12:-7.59;3.01:-7.33;2.96:-7.11,2.86:-6.81;2.8:-6.56;2.78:-6.34;2.81:-6.18;2.74:-5.89;2.68:-5.64;2.71:-5.34;2.7:-5.13;2.71:-4.91;2.69:-4.74;2.68:-4.5;2.65:-4.24,2.906572:-7.127853;2.879412:-7.107378;2.872836:-7.1288;2.841713:-7.087565;2.736886:-7.091885;2.690675:-7.116481;2.633339:-7.132673;2.638299:-7.101098;2.530826:-7.012357;2.471348:-6.990988;2.415875:-7.034435;2.38669:-7.089198
sigma3_hotel_seed42,HOTEL:biwi_hotel:104:4480,HOTEL,biwi_hotel,biwi_hotel:104,4480,3,0.07960759848356247,0.19657664000988007,0.0,0.0071428571827709675,0.0416666679084301,0.0,1.625,1.34:-9.2;1.34:-9.2;1.34:-9.2;1.34:-9.22;1.34:-9.22;1.34:-9.22;1.34:-9.22;1.34:-9.22,1.34:-9.22;1.34:-9.22;1.34:-9.22;1.34:-9.2;1.32:-9.2;1.3:-9.18;1.29:-9.16;1.27:-9.16;1.21:-9.24;1.14:-9.23;1.11:-9.23;1.09:-9.23,1.331744:-9.218522;1.319132:-9.220429;1.304962:-9.220863;1.29498:-9.225026;1.300001:-9.225318;1.292096:-9.228398;1.283937:-9.226678;1.269338:-9.238293;1.288655:-9.246633;1.289448:-9.253922;1.29462:-9.253117;1.285029:-9.25462
sigma3_hotel_seed42,HOTEL:biwi_hotel:105:4480,HOTEL,biwi_hotel,biwi_hotel:105,4480,3,0.023230956867337227,0.055337052792310715,0.0,0.0,0.0,0.0,2.875,1.37:-8.27;1.37:-8.27;1.37:-8.27;1.37:-8.27;1.37:-8.27;1.37:-8.27;1.37:-8.27;1.37:-8.27,1.37:-8.27;1.37:-8.27;1.37:-8.27;1.37:-8.27;1.37:-8.27;1.37:-8.27;1.37:-8.27;1.37:-8.27;1.37:-8.27;1.37:-8.27;1.37:-8.27;1.37:-8.27,1.361948:-8.270445;1.346145:-8.277575;1.355191:-8.263784;1.347809:-8.268163;1.36285:-8.2747;1.336865:-8.26898;1.375953:-8.270712;1.360799:-8.260154;1.371583:-8.275661;1.405711:-8.291217;1.40778:-8.291397;1.424838:-8.277412
sigma3_hotel_seed42,HOTEL:biwi_hotel:106:4480,HOTEL,biwi_hotel,biwi_hotel:106,4480,3,1.6748905181884766,2.98525333404541,0.7668930888175964,0.6079570651054382,0.4521039128303528,1.256024956703186,2.625,2.49:-8.47;2.51:-8.26;2.46:-8.03;2.35:-7.78;2.3:-7.57;2.29:-7.32;2.29:-7.11;2.19:-6.82,2.05:-6.54;2.1:-6.27;2.15:-6.07;2.11:-5.76;2.03:-5.49;2.04:-5.28;2.1:-5.03;2.12:-4.83;2.03:-4.55;1.98:-4.34;2.02:-4.14;2.05:-3.98,2.078871:-6.830682;1.984406:-6.802968;1.91147:-6.824388;1.824826:-6.782138;1.663603:-6.776314;1.566085:-6.797152;1.427155:-6.811609;1.389982:-6.786616;1.224307:-6.684153;1.113012:-6.653648;1.009144:-6.699558;0.9374689:-6.750201
sigma3_hotel_seed42,HOTEL:biwi_hotel:107:4480,HOTEL,biwi_hotel,biwi_hotel:107,4480,3,1.6254132986068726,2.9887471199035645,0.7905694246292114,0.6125112771987915,0.7648336887359619,1.8220112323760986,1.875,3.23:-8.45;3.22:-8.29;3.09:-7.98;3.13:-7.79;3.12:-7.59;3.01:-7.33;2.96:-7.11;2.86:-6.81,2.8:-6.56;2.78:-6.34;2.81:-6.18;2.74:-5.89;2.68:-5.64;2.71:-5.34;2.7:-5.13;2.71:-4.91;2.69:-4.74;2.68:-4.5;2.65:-4.24;2.65:-4.07,2.71633:-6.816241;2.586625:-6.788226;2.479871:-6.803788;2.362899:-6.764525;2.17471:-6.753764;2.046022:-6.770606;1.877206:-6.788011;1.811643:-6.761095;1.618602:-6.658019;1.481918:-6.627732;1.35489:-6.669144;1.258403:-6.715008
sigma3_hotel_seed42,HOTEL:biwi_hotel:104:4490,HOTEL,biwi_hotel,biwi_hotel:104,4490,3,0.15315206348896027,0.335328608751297,0.0,0.0071428571827709675,0.0416666679084301,0.0,1.5,1.34:-9.2;1.34:-9.2;1.34:-9.22;1.34:-9.22;1.34:-9.22;1.34:-9.22;1.34:-9.22;1.34:-9.22,1.34:-9.22;1.34:-9.22;1.34:-9.2;1.32:-9.2;1.3:-9.18;1.29:-9.16;1.27:-9.16;1.21:-9.24;1.14:-9.23;1.11:-9.23;1.09:-9.23;1.13:-9.19,1.349355:-9.218212;1.348521:-9.216249;1.343873:-9.227611;1.345453:-9.218921;1.363166:-9.226556;1.368317:-9.235987;1.378659:-9.218711;1.38147:-9.222161;1.403049:-9.230166;1.428283:-9.247526;1.448373:-9.246617;1.46037:-9.247454
sigma3_hotel_seed42,HOTEL:biwi_hotel:105:4490,HOTEL,biwi_hotel,biwi_hotel:105,4490,3,0.023230956867337227,0.055337052792310715,0.0,0.0,0.0,0.0,2.75,1.37:-8.27;1.37:-8.27;1.37:-8.27;1.37:-8.27;1.37:-8.27;1.37:-8.27;1.37:-8.27;1.37:-8.27,1.37:-8.27;1.37:-8.27;1.37:-8.27;1.37:-8.27;1.37:-8.27;1.37:-8.27;1.37:-8.27;1.37:-8.27;1.37:-8.27;1.37:-8.27;1.37:-8.27;1.37:-8.27,1.361948:-8.270445;1.346145:-8.277575;1.355191:-8.263784;1.347809:-8.268163;1.36285:-8.2747;1.336865:-8.26898;1.375953:-8.270712;1.360799:-8.260154;1.371583:-8.275661;1.405711:-8.291217;1.40778:-8.291397;1.424838:-8.277412
sigma3_hotel_seed42,HOTEL:biwi_hotel:106:4490,HOTEL,biwi_hotel,biwi_hotel:106,4490,3,1.96343994140625,3.445643901824951,0.7826237678527832,0.6444211006164551,0.4192184507846832,1.0786006450653076,2.5,2.51:-8.26;2.46:-8.03;2.35:-7.78;2.3:-7.57;2.29:-7.32;2.29:-7.11;2.19:-6.82;2.05:-6.54,2.1:-6.27;2.15:-6.07;2.11:-5.76;2.03:-5.49;2.04:-5.28;2.1:-5.03;2.12:-4.83;2.03:-4.55;1.98:-4.34;2.02:-4.14;2.05:-3.98;1.97:-3.74,1.843408:-6.537049;1.642974:-6.508939;1.469507:-6.512006;1.293381:-6.479671;1.05513:-6.458832;0.866186:-6.466423;0.6376851:-6.489453;0.5161358:-6.459374;0.270481:-6.357792;0.08626914:-6.327849;-0.08560896:-6.35927;-0.2293007:-6.392459
sigma3_hotel_seed42,HOTEL:biwi_hotel:107:4490,HOTEL,biwi_hotel,biwi_hotel:107,4490,3,1.5700716972351074,2.882131814956665,0.6427479982376099,0.6470780372619629,0.631435215473175,1.5735561847686768,1.75,3.22:-8.29;3.09:-7.98;3.13:-7.79;3.12:-7.59;3.01:-7.33;2.96:-7.11;2.86:-6.81;2.8:-6.56,2.78:-6.34;2.81:-6.18;2.74:-5.89;2.68:-5.64;2.71:-5.34;2.7:-5.13;2.71:-4.91;2.69:-4.74;2.68:-4.5;2.65:-4.24;2.65:-4.07;2.58:-3.83,2.681792:-6.569164;2.575085:-6.539331;2.49047:-6.562374;2.395117:-6.519382;2.22791:-6.511482;2.124594:-6.53185;1.966739:-6.543034;1.924094:-6.52122;1.749774:-6.418041;1.632312:-6.38414;1.521181:-6.432305;1.445007:-6.47924
sigma3_hotel_seed42,HOTEL:biwi_hotel:104:4500,HOTEL,biwi_hotel,biwi_hotel:104,4500,3,0.10363789647817612,0.171314537525177,0.0,0.0071428571827709675,0.02083333395421505,0.0,1.375,1.34:-9.2;1.34:-9.22;1.34:-9.22;1.34:-9.22;1.34:-9.22;1.34:-9.22;1.34:-9.22;1.34:-9.22,1.34:-9.22;1.34:-9.2;1.32:-9.2;1.3:-9.18;1.29:-9.16;1.27:-9.16;1.21:-9.24;1.14:-9.23;1.11:-9.23;1.09:-9.23;1.13:-9.19;1.2:-9.12,1.337494:-9.219097;1.328415:-9.217782;1.315181:-9.227855;1.303067:-9.22242;1.30922:-9.227838;1.302324:-9.238111;1.294658:-9.226341;1.281416:-9.233506;1.298524:-9.239058;1.303901:-9.250517;1.310148:-9.25576;1.299667:-9.259338
sigma3_hotel_seed42,HOTEL:biwi_hotel:105:4500,HOTEL,biwi_hotel,biwi_hotel:105,4500,3,0.023230956867337227,0.055337052792310715,0.0,0.0,0.0,0.0,2.5,1.37:-8.27;1.37:-8.27;1.37:-8.27;1.37:-8.27;1.37:-8.27;1.37:-8.27;1.37:-8.27;1.37:-8.27,1.37:-8.27;1.37:-8.27;1.37:-8.27;1.37:-8.27;1.37:-8.27;1.37:-8.27;1.37:-8.27;1.37:-8.27;1.37:-8.27;1.37:-8.27;1.37:-8.27;1.37:-8.27,1.361948:-8.270445;1.346145:-8.277575;1.355191:-8.263784;1.347809:-8.268163;1.36285:-8.2747;1.336865:-8.26898;1.375953:-8.270712;1.360799:-8.260154;1.371583:-8.275661;1.405711:-8.291217;1.40778:-8.291397;1.424838:-8.277412
sigma3_hotel_seed42,HOTEL:biwi_hotel:106:4500,HOTEL,biwi_hotel,biwi_hotel:106,4500,3,1.5423916578292847,2.7938194274902344,0.6864765286445618,0.6584277153015137,0.55152827501297,1.52491295337677,2.25,2.46:-8.03;2.35:-7.78;2.3:-7.57;2.29:-7.32;2.29:-7.11;2.19:-6.82;2.05:-6.54;2.1:-6.27,2.15:-6.07;2.11:-5.76;2.03:-5.49;2.04:-5.28;2.1:-5.03;2.12:-4.83;2.03:-4.55;1.98:-4.34;2.02:-4.14;2.05:-3.98;1.97:-3.74;1.85:-3.51,2.123217:-6.300005;2.15668:-6.257565;2.201448:-6.332989;2.227535:-6.25576;2.163253:-6.274049;2.197042:-6.322332;2.109454:-6.298154;2.198197:-6.29602;2.119507:-6.173751;2.106211:-6.130699;2.07724:-6.221685;2.105692:-6.292094
sigma3_hotel_seed42,HOTEL:biwi_hotel:107:4500,HOTEL,biwi_hotel,biwi_hotel:107,4500,3,1.4867290258407593,2.7350516319274902,0.5522680282592773,0.6059182286262512,0.4667617976665497,1.113865613937378,1.625,3.09:-7.98;3.13:-7.79;3.12:-7.59;3.01:-7.33;2.96:-7.11;2.86:-6.81;2.8:-6.56;2.78:-6.34,2.81:-6.18;2.74:-5.89;2.68:-5.64;2.71:-5.34;2.7:-5.13;2.71:-4.91;2.69:-4.74;2.68:-4.5;2.65:-4.24;2.65:-4.07;2.58:-3.83;2.49:-3.6,2.755041:-6.359102;2.75281:-6.338539;2.767776:-6.366172;2.753824:-6.321629;2.683638:-6.329806;2.660552:-6.362145;2.624985:-6.363849;2.642762:-6.329646;2.564171:-6.256957;2.531375:-6.235961;2.500464:-6.28821;2.490364:-6.335052
sigma3_hotel_seed42,HOTEL:biwi_hotel:104:4510,HOTEL,biwi_hotel,biwi_hotel:104,4510,3,0.12720169126987457,0.034934382885694504,0.0,0.0,0.0,0.0,1.25,1.34:-9.22;1.34:-9.22;1.34:-9.22;1.34:-9.22;1.34:-9.22;1.34:-9.22;1.34:-9.22;1.34:-9.22,1.34:-9.2;1.32:-9.2;1.3:-9.18;1.29:-9.16;1.27:-9.16;1.21:-9.24;1.14:-9.23;1.11:-9.23;1.09:-9.23;1.13:-9.19;1.2:-9.12;1.36:-9.23,1.331948:-9.220445;1.316145:-9.227575;1.325191:-9.213784;1.317809:-9.218163;1.33285:-9.2247;1.306865:-9.21898;1.345953:-9.220712;1.330799:-9.210154;1.341583:-9.225661;1.375711:-9.241217;1.37778:-9.241397;1.394838:-9.227412
sigma3_hotel_seed42,HOTEL:biwi_hotel:105:4510,HOTEL,biwi_hotel,biwi_hotel:105,4510,3,0.023230956867337227,0.055337052792310715,0.0,0.0,0.0,0.0,2.25,1.37:-8.27;1.37:-8.27;1.37:-8.27;1.37:-8.27;1.37:-8.27;1.37:-8.27;1.37:-8.27;1.37:-8.27,1.37:-8.27;1.37:-8.27;1.37:-8.27;1.37:-8.27;1.37:-8.27;1.37:-8.27;1.37:-8.27;1.37:-8.27;1.37:-8.27;1.37:-8.27;1.37:-8.27;1.37:-8.27,1.361948:-8.270445;1.346145:-8.277575;1.355191:-8.263784;1.347809:-8.268163;1.36285:-8.2747;1.336865:-8.26898;1.375953:-8.270712;1.360799:-8.260154;1.371583:-8.275661;1.405711:-8.291217;1.40778:-8.291397;1.424838:-8.277412
sigma3_hotel_seed42,HOTEL:biwi_hotel:106:4510,HOTEL,biwi_hotel,biwi_hotel:106,4510,3,1.6202926635742188,2.871563196182251,0.5153881907463074,0.6345081925392151,0.5493292808532715,1.4060170650482178,2.0,2.35:-7.78;2.3:-7.57;2.29:-7.32;2.29:-7.11;2.19:-6.82;2.05:-6.54;2.1:-6.27;2.15:-6.07,2.11:-5.76;2.03:-5.49;2.04:-5.28;2.1:-5.03;2.12:-4.83;2.03:-4.55;1.98:-4.34;2.02:-4.14;2.05:-3.98;1.97:-3.74;1.85:-3.51;1.85:-3.31,2.195614:-6.09534;2.254687:-6.066652;2.322219:-6.121551;2.356582:-6.061549;2.352349:-6.078077;2.394834:-6.130365;2.382556:-6.097634;2.452214:-6.072504;2.429346:-6.010961;2.450484:-5.97891;2.468028:-6.061792;2.50911:-6.104897
sigma3_hotel_seed42,HOTEL:biwi_hotel:107:4510,HOTEL,biwi_hotel,biwi_hotel:107,4510,3,1.5941849946975708,2.8352267742156982,0.4069705009460449,0.5947123169898987,0.49500375986099243,1.1324187517166138,1.5,3.13:-7.79;3.12:-7.59;3.01:-7.33;2.96:-7.11;2.86:-6.81;2.8:-6.56;2.78:-6.34;2.81:-6.18,2.74:-5.89;2.68:-5.64;2.71:-5.34;2.7:-5.13;2.71:-4.91;2.69:-4.74;2.68:-4.5;2.65:-4.24;2.65:-4.07;2.58:-3.83;2.49:-3.6;2.49:-3.4,2.821209:-6.197399;2.849686:-6.183483;2.890848:-6.206124;2.902849:-6.174199;2.887282:-6.181287;2.894651:-6.214859;2.897685:-6.206749;2.924198:-6.181405;2.903049:-6.138393;2.906447:-6.120551;2.910476:-6.17371;2.922798:-6.201999
sigma3_hotel_seed42,HOTEL:biwi_hotel:104:4520,HOTEL,biwi_hotel,biwi_hotel:104,4520,3,0.10302362591028214,0.13271456956863403,0.05000000074505806,0.0071428571827709675,0.02083333395421505,0.0,1.125,1.34:-9.22;1.34:-9.22;1.34:-9.22;1.34:-9.22;1.34:-9.22;1.34:-9.22;1.34:-9.22;1.34:-9.2,1.32:-9.2;1.3:-9.18;1.29:-9.16;1.27:-9.16;1.21:-9.24;1.14:-9.23;1.11:-9.23;1.09:-9.23;1.13:-9.19;1.2:-9.12;1.36:-9.23;1.4:-9.28,1.334578:-9.199428;1.323295:-9.198722;1.309638:-9.20682;1.295492:-9.20254;1.299625:-9.207371;1.289447:-9.216621;1.281664:-9.206548;1.265349:-9.212922;1.280202:-9.218817;1.283463:-9.229224;1.286693:-9.234795;1.274364:-9.237235
sigma3_hotel_seed42,HOTEL:biwi_hotel:105:4520,HOTEL,biwi_hotel,biwi_hotel:105,4520,3,0.023230956867337227,0.055337052792310715,0.0,0.0,0.0,0.0,2.0,1.37:-8.27;1.37:-8.27;1.37:-8.27;1.37:-8.27;1.37:-8.27;1.37:-8.27;1.37:-8.27;1.37:-8.27,1.37:-8.27;1.37:-8.27;1.37:-8.27;1.37:-8.27;1.37:-8.27;1.37:-8.27;1.37:-8.27;1.37:-8.27;1.37:-8.27;1.37:-8.27;1.37:-8.27;1.37:-8.27,1.361948:-8.270445;1.346145:-8.277575;1.355191:-8.263784;1.347809:-8.268163;1.36285:-8.2747;1.336865:-8.26898;1.375953:-8.270712;1.360799:-8.260154;1.371583:-8.275661;1.405711:-8.291217;1.40778:-8.291397;1.424838:-8.277412
sigma3_hotel_seed42,HOTEL:biwi_hotel:106:4520,HOTEL,biwi_hotel,biwi_hotel:106,4520,3,1.4686784744262695,2.6815857887268066,0.7814249992370605,0.669043779373169,0.6384523510932922,1.5855544805526733,1.75,2.3:-7.57;2.29:-7.32;2.29:-7.11;2.19:-6.82;2.05:-6.54;2.1:-6.27;2.15:-6.07;2.11:-5.76,2.03:-5.49;2.04:-5.28;2.1:-5.03;2.12:-4.83;2.03:-4.55;1.98:-4.34;2.02:-4.14;2.05:-3.98;1.97:-3.74;1.85:-3.51;1.85:-3.31;1.91:-3.08,2.09622:-5.784853;2.095558:-5.745568;2.108018:-5.807016;2.103234:-5.739314;2.011072:-5.749994;2.009606:-5.791919;1.906353:-5.777639;1.961759:-5.770599;1.859317:-5.652302;1.816848:-5.610239;1.767748:-5.690823;1.76901:-5.757877
sigma3_hotel_seed42,HOTEL:biwi_hotel:107:4520,HOTEL,biwi_hotel,biwi_hotel:107,4520,3,1.5085840225219727,2.7537412643432617,0.7458217144012451,0.6297404170036316,0.5443716645240784,1.2043331861495972,1.375,3.12:-7.59;3.01:-7.33;2.96:-7.11;2.86:-6.81;2.8:-6.56;2.78:-6.34;2.81:-6.18;2.74:-5.89,2.68:-5.64;2.71:-5.34;2.7:-5.13;2.71:-4.91;2.69:-4.74;2.68:-4.5;2.65:-4.24;2.65:-4.07;2.58:-3.83;2.49:-3.6;2.49:-3.4;2.53:-3.17,2.669845:-5.906576;2.6189:-5.876587;2.586194:-5.909788;2.536406:-5.860846;2.406158:-5.861004;2.348816:-5.889358;2.238137:-5.896428;2.238893:-5.876563;2.104662:-5.77062;2.02256:-5.736623;1.9458:-5.793101;1.905171:-5.851917
sigma3_hotel_seed42,HOTEL:biwi_hotel:104:4530,HOTEL,biwi_hotel,biwi_hotel:104,4530,3,0.11170827597379684,0.21028438210487366,0.05000000074505806,0.014285714365541935,0.0502961166203022,1.5707963705062866,1.0,1.34:-9.22;1.34:-9.22;1.34:-9.22;1.34:-9.22;1.34:-9.22;1.34:-9.22;1.34:-9.2;1.32:-9.2,1.3:-9.18;1.29:-9.16;1.27:-9.16;1.21:-9.24;1.14:-9.23;1.11:-9.23;1.09:-9.23;1.13:-9.19;1.2:-9.12;1.36:-9.23;1.4:-9.28;1.4:-9.36,1.300311:-9.201623;1.280011:-9.211596;1.284838:-9.187756;1.274796:-9.201848;1.278442:-9.200798;1.24827:-9.186758;1.277014:-9.202822;1.25415:-9.194701;1.256104:-9.209354;1.270062:-9.216095;1.262867:-9.211532;1.268781:-9.19568
sigma3_hotel_seed42,HOTEL:biwi_hotel:105:4530,HOTEL,biwi_hotel,biwi_hotel:105,4530,3,0.023230956867337227,0.055337052792310715,0.0,0.0,0.0,0.0,1.75,1.37:-8.27;1.37:-8.27;1.37:-8.27;1.37:-8.27;1.37:-8.27;1.37:-8.27;1.37:-8.27;1.37:-8.27,1.37:-8.27;1.37:-8.27;1.37:-8.27;1.37:-8.27;1.37:-8.27;1.37:-8.27;1.37:-8.27;1.37:-8.27;1.37:-8.27;1.37:-8.27;1.37:-8.27;1.37:-8.27,1.361948:-8.270445;1.346145:-8.277575;1.355191:-8.263784;1.347809:-8.268163;1.36285:-8.2747;1.336865:-8.26898;1.375953:-8.270712;1.360799:-8.260154;1.371583:-8.275661;1.405711:-8.291217;1.40778:-8.291397;1.424838:-8.277412
sigma3_hotel_seed42,HOTEL:biwi_hotel:106:4530,HOTEL,biwi_hotel,biwi_hotel:106,4530,3,1.4559787511825562,2.651580333709717,0.7040063738822937,0.6802589893341064,0.6544288992881775,1.705307960510254,1.5,2.29:-7.32;2.29:-7.11;2.19:-6.82;2.05:-6.54;2.1:-6.27;2.15:-6.07;2.11:-5.76;2.03:-5.49,2.04:-5.28;2.1:-5.03;2.12:-4.83;2.03:-4.55;1.98:-4.34;2.02:-4.14;2.05:-3.98;1.97:-3.74;1.85:-3.51;1.85:-3.31;1.91:-3.08;1.94:-2.92,1.954796:-5.506199;1.900194:-5.47645;1.863592:-5.508489;1.809717:-5.459943;1.674648:-5.459722;1.612252:-5.487854;1.500218:-5.496249;1.496764:-5.475134;1.358772:-5.368369;1.272372:-5.335172;1.192519:-5.390667;1.147601:-5.450411
sigma3_hotel_seed42,HOTEL:biwi_hotel:107:4530,HOTEL,biwi_hotel,biwi_hotel:107,4530,3,1.5160635709762573,2.7347986698150635,0.6427479982376099,0.6207359433174133,0.5122050046920776,1.0288729667663574,1.25,3.01:-7.33;2.96:-7.11;2.86:-6.81;2.8:-6.56;2.78:-6.34;2.81:-6.18;2.74:-5.89;2.68:-5.64,2.71:-5.34;2.7:-5.13;2.71:-4.91;2.69:-4.74;2.68:-4.5;2.65:-4.24;2.65:-4.07;2.58:-3.83;2.49:-3.6;2.49:-3.4;2.53:-3.17;2.56:-3.01,2.590528:-5.653873;2.519043:-5.624507;2.467051:-5.652915;2.399695:-5.606605;2.254271:-5.603929;2.178136:-5.629207;2.052714:-5.639172;2.035987:-5.617301;1.886434:-5.512194;1.790052:-5.479329;1.700184:-5.531672;1.644852:-5.587135
sigma3_hotel_seed42,HOTEL:biwi_hotel:104:4540,HOTEL,biwi_hotel,biwi_hotel:104,4540,3,0.13207732141017914,0.2490759640932083,0.0707106813788414,0.024387240409851074,0.0711294487118721,2.356194496154785,1.0,1.34:-9.22;1.34:-9.22;1.34:-9.22;1.34:-9.22;1.34:-9.22;1.34:-9.2;1.32:-9.2;1.3:-9.18,1.29:-9.16;1.27:-9.16;1.21:-9.24;1.14:-9.23;1.11:-9.23;1.09:-9.23;1.13:-9.19;1.2:-9.12;1.36:-9.23;1.4:-9.28;1.4:-9.36;1.37:-9.31,1.273955:-9.181831;1.248335:-9.191144;1.24562:-9.170119;1.225197:-9.183849;1.223254:-9.182881;1.186324:-9.171738;1.201461:-9.187642;1.168752:-9.183146;1.170925:-9.197319;1.17373:-9.202218;1.160349:-9.201804;1.1516:-9.19025
sigma3_hotel_seed42,HOTEL:biwi_hotel:105:4540,HOTEL,biwi_hotel,biwi_hotel:105,4540,3,0.023230956867337227,0.055337052792310715,0.0,0.0,0.0,0.0,1.5,1.37:-8.27;1.37:-8.27;1.37:-8.27;1.37:-8.27;1.37:-8.27;1.37:-8.27;1.37:-8.27;1.37:-8.27,1.37:-8.27;1.37:-8.27;1.37:-8.27;1.37:-8.27;1.37:-8.27;1.37:-8.27;1.37:-8.27;1.37:-8.27;1.37:-8.27;1.37:-8.27;1.37:-8.27;1.37:-8.27,1.361948:-8.270445;1.346145:-8.277575;1.355191:-8.263784;1.347809:-8.268163;1.36285:-8.2747;1.336865:-8.26898;1.375953:-8.270712;1.360799:-8.260154;1.371583:-8.275661;1.405711:-8.291217;1.40778:-8.291397;1.424838:-8.277412
sigma3_hotel_seed42,HOTEL:biwi_hotel:106:4540,HOTEL,biwi_hotel,biwi_hotel:106,4540,3,1.4274104833602905,2.6211373805999756,0.5255948901176453,0.6803439855575562,0.6337039470672607,1.7088871002197266,1.375,2.29:-7.11;2.19:-6.82;2.05:-6.54;2.1:-6.27;2.15:-6.07;2.11:-5.76;2.03:-5.49;2.04:-5.28,2.1:-5.03;2.12:-4.83;2.03:-4.55;1.98:-4.34;2.02:-4.14;2.05:-3.98;1.97:-3.74;1.85:-3.51;1.85:-3.31;1.91:-3.08;1.94:-2.92;1.89:-2.66,2.012471:-5.299802;2.008628:-5.277147;2.02145:-5.307618;2.006805:-5.261087;1.928727:-5.268847;1.905149:-5.301704;1.861009:-5.304175;1.8819:-5.273252;1.79724:-5.19238;1.758803:-5.168634;1.723138:-5.223127;1.711655:-5.275063
sigma3_hotel_seed42,HOTEL:biwi_hotel:107:4540,HOTEL,biwi_hotel,biwi_hotel:107,4540,3,1.3790496587753296,2.574956178665161,0.753740668296814,0.6478380560874939,0.5211805105209351,1.265812635421753,1.125,2.96:-7.11;2.86:-6.81;2.8:-6.56;2.78:-6.34;2.81:-6.18;2.74:-5.89;2.68:-5.64;2.71:-5.34,2.7:-5.13;2.71:-4.91;2.69:-4.74;2.68:-4.5;2.65:-4.24;2.65:-4.07;2.58:-3.83;2.49:-3.6;2.49:-3.4;2.53:-3.17;2.56:-3.01;2.51:-2.77,2.724496:-5.367882;2.736644:-5.320452;2.760911:-5.404578;2.771605:-5.320049;2.69731:-5.339108;2.721478:-5.388052;2.596282:-5.354792;2.677182:-5.35627;2.579541:-5.228643;2.560404:-5.185133;2.516252:-5.281855;2.535628:-5.344829
sigma3_hotel_seed42,HOTEL:biwi_hotel:104:4550,HOTEL,biwi_hotel,biwi_hotel:104,4550,3,0.16023118793964386,0.2879485785961151,0.055901698768138885,0.03237319737672806,0.0815461128950119,2.677945137023926,1.0,1.34:-9.22;1.34:-9.22;1.34:-9.22;1.34:-9.22;1.34:-9.2;1.32:-9.2;1.3:-9.18;1.29:-9.16,1.27:-9.16;1.21:-9.24;1.14:-9.23;1.11:-9.23;1.09:-9.23;1.13:-9.19;1.2:-9.12;1.36:-9.23;1.4:-9.28;1.4:-9.36;1.37:-9.31;1.37:-9.32,1.268584:-9.161041;1.245977:-9.165343;1.233303:-9.158314;1.210492:-9.163786;1.206324:-9.164684;1.178104:-9.163415;1.17503:-9.167674;1.144448:-9.169341;1.149116:-9.17959;1.144154:-9.184881;1.133745:-9.188191;1.116123:-9.18413
sigma3_hotel_seed42,HOTEL:biwi_hotel:105:4550,HOTEL,biwi_hotel,biwi_hotel:105,4550,3,0.023230956867337227,0.055337052792310715,0.0,0.0,0.0,0.0,1.25,1.37:-8.27;1.37:-8.27;1.37:-8.27;1.37:-8.27;1.37:-8.27;1.37:-8.27;1.37:-8.27;1.37:-8.27,1.37:-8.27;1.37:-8.27;1.37:-8.27;1.37:-8.27;1.37:-8.27;1.37:-8.27;1.37:-8.27;1.37:-8.27;1.37:-8.27;1.37:-8.27;1.37:-8.27;1.37:-8.27,1.361948:-8.270445;1.346145:-8.277575;1.355191:-8.263784;1.347809:-8.268163;1.36285:-8.2747;1.336865:-8.26898;1.375953:-8.270712;1.360799:-8.260154;1.371583:-8.275661;1.405711:-8.291217;1.40778:-8.291397;1.424838:-8.277412
sigma3_hotel_seed42,HOTEL:biwi_hotel:106:4550,HOTEL,biwi_hotel,biwi_hotel:106,4550,3,1.4531564712524414,2.6981656551361084,0.6427479982376099,0.6626089811325073,0.6574541926383972,1.7652608156204224,1.25,2.19:-6.82;2.05:-6.54;2.1:-6.27;2.15:-6.07;2.11:-5.76;2.03:-5.49;2.04:-5.28;2.1:-5.03,2.12:-4.83;2.03:-4.55;1.98:-4.34;2.02:-4.14;2.05:-3.98;1.97:-3.74;1.85:-3.51;1.85:-3.31;1.91:-3.08;1.94:-2.92;1.89:-2.66;1.83:-2.43,2.147626:-5.059643;2.20704:-5.020585;2.274051:-5.092807;2.315744:-5.021015;2.288498:-5.03817;2.341937:-5.092682;2.290732:-5.059127;2.385744:-5.052096;2.343095:-4.9549;2.352103:-4.910032;2.35403:-5.005297;2.400119:-5.067245
sigma3_hotel_seed42,HOTEL:biwi_hotel:107:4550,HOTEL,biwi_hotel,biwi_hotel:107,4550,3,1.3854762315750122,2.5960185527801514,0.5255948901176453,0.6099845767021179,0.5570735931396484,1.3268587589263916,1.0,2.86:-6.81;2.8:-6.56;2.78:-6.34;2.81:-6.18;2.74:-5.89;2.68:-5.64;2.71:-5.34;2.7:-5.13,2.71:-4.91;2.69:-4.74;2.68:-4.5;2.65:-4.24;2.65:-4.07;2.58:-3.83;2.49:-3.6;2.49:-3.4;2.53:-3.17;2.56:-3.01;2.51:-2.77;2.45:-2.53,2.648268:-5.14806;2.620908:-5.127364;2.615544:-5.148945;2.587056:-5.108093;2.482607:-5.112061;2.439288:-5.134933;2.37907:-5.152331;2.387666:-5.123406;2.279842:-5.032941;2.221599:-5.010255;2.165586:-5.052953;2.13914:-5.107339
sigma3_hotel_seed42,HOTEL:biwi_hotel:104:4560,HOTEL,biwi_hotel,biwi_hotel:104,4560,3,0.17253606021404266,0.2504522204399109,0.05000000074505806,0.03951605409383774,0.10483849048614502,3.7850937843322754,1.0,1.34:-9.22;1.34:-9.22;1.34:-9.22;1.34:-9.2;1.32:-9.2;1.3:-9.18;1.29:-9.16;1.27:-9.16,1.21:-9.24;1.14:-9.23;1.11:-9.23;1.09:-9.23;1.13:-9.19;1.2:-9.12;1.36:-9.23;1.4:-9.28;1.4:-9.36;1.37:-9.31;1.37:-9.32;1.32:-9.34,1.242032:-9.161541;1.219743:-9.174912;1.220849:-9.142873;1.207246:-9.16879;1.205046:-9.161455;1.171923:-9.139297;1.185825:-9.172437;1.156913:-9.172916;1.162987:-9.187038;1.158488:-9.187123;1.147375:-9.178841;1.137963:-9.167986
sigma3_hotel_seed42,HOTEL:biwi_hotel:105:4560,HOTEL,biwi_hotel,biwi_hotel:105,4560,3,0.023230956867337227,0.055337052792310715,0.0,0.0,0.0,0.0,1.125,1.37:-8.27;1.37:-8.27;1.37:-8.27;1.37:-8.27;1.37:-8.27;1.37:-8.27;1.37:-8.27;1.37:-8.27,1.37:-8.27;1.37:-8.27;1.37:-8.27;1.37:-8.27;1.37:-8.27;1.37:-8.27;1.37:-8.27;1.37:-8.27;1.37:-8.27;1.37:-8.27;1.37:-8.27;1.37:-8.27,1.361948:-8.270445;1.346145:-8.277575;1.355191:-8.263784;1.347809:-8.268163;1.36285:-8.2747;1.336865:-8.26898;1.375953:-8.270712;1.360799:-8.260154;1.371583:-8.275661;1.405711:-8.291217;1.40778:-8.291397;1.424838:-8.277412
sigma3_hotel_seed42,HOTEL:biwi_hotel:106:4560,HOTEL,biwi_hotel,biwi_hotel:106,4560,3,1.4323559999465942,2.649937629699707,0.5024937987327576,0.6225904226303101,0.525962769985199,1.2543786764144897,1.125,2.05:-6.54;2.1:-6.27;2.15:-6.07;2.11:-5.76;2.03:-5.49;2.04:-5.28;2.1:-5.03;2.12:-4.83,2.03:-4.55;1.98:-4.34;2.02:-4.14;2.05:-3.98;1.97:-3.74;1.85:-3.51;1.85:-3.31;1.91:-3.08;1.94:-2.92;1.89:-2.66;1.83:-2.43;1.87:-2.2,2.12207:-4.851397;2.144039:-4.827908;2.179178:-4.865932;2.182978:-4.815308;2.139004:-4.826945;2.140291:-4.867843;2.115781:-4.855463;2.151972:-4.823359;2.095789:-4.756416;2.083945:-4.731897;2.07259:-4.796314;2.081367:-4.841495
sigma3_hotel_seed42,HOTEL:biwi_hotel:107:4560,HOTEL,biwi_hotel,biwi_hotel:107,4560,3,1.4125914573669434,2.6518921852111816,0.5505678653717041,0.5968159437179565,0.5282825827598572,1.274980068206787,1.0,2.8:-6.56;2.78:-6.34;2.81:-6.18;2.74:-5.89;2.68:-5.64;2.71:-5.34;2.7:-5.13;2.71:-4.91,2.69:-4.74;2.68:-4.5;2.65:-4.24;2.65:-4.07;2.58:-3.83;2.49:-3.6;2.49:-3.4;2.53:-3.17;2.56:-3.01;2.51:-2.77;2.45:-2.53;2.47:-2.3,2.72751:-4.932896;2.76268:-4.907305;2.80928:-4.95172;2.824053:-4.897505;2.793561:-4.910857;2.80968:-4.955898;2.788624:-4.936277;2.837256:-4.90707;2.792426:-4.841173;2.791879:-4.813628;2.790425:-4.884934;2.81073:-4.929912
sigma3_hotel_seed42,HOTEL:biwi_hotel:104:4570,HOTEL,biwi_hotel,biwi_hotel:104,4570,3,0.3723818063735962,0.7320245504379272,0.25,0.07523033767938614,0.1980079859495163,4.71238899230957,1.0,1.34:-9.22;1.34:-9.22;1.34:-9.2;1.32:-9.2;1.3:-9.18;1.29:-9.16;1.27:-9.16;1.21:-9.24,1.14:-9.23;1.11:-9.23;1.09:-9.23;1.13:-9.19;1.2:-9.12;1.36:-9.23;1.4:-9.28;1.4:-9.36;1.37:-9.31;1.37:-9.32;1.32:-9.34;1.39:-9.34,1.139538:-9.241207;1.089308:-9.254674;1.06488:-9.211246;1.032268:-9.243158;0.9667554:-9.225488;0.9017667:-9.207419;0.9029628:-9.261914;0.8496169:-9.266869;0.8186944:-9.234835;0.7667482:-9.235736;0.7167507:-9.222066;0.6664031:-9.229241
sigma3_hotel_seed42,HOTEL:biwi_hotel:105:4570,HOTEL,biwi_hotel,biwi_hotel:105,4570,3,0.02808861993253231,0.11362896859645844,0.0,0.0,0.0,0.0,1.0,1.37:-8.27;1.37:-8.27;1.37:-8.27;1.37:-8.27;1.37:-8.27;1.37:-8.27;1.37:-8.27;1.37:-8.27,1.37:-8.27;1.37:-8.27;1.37:-8.27;1.37:-8.27;1.37:-8.27;1.37:-8.27;1.37:-8.27;1.37:-8.27;1.37:-8.27;1.37:-8.27;1.37:-8.27;1.33:-8.34,1.361948:-8.270445;1.346145:-8.277575;1.355191:-8.263784;1.347809:-8.268163;1.36285:-8.2747;1.336865:-8.26898;1.375953:-8.270712;1.360799:-8.260154;1.371583:-8.275661;1.405711:-8.291217;1.40778:-8.291397;1.424838:-8.277412
sigma3_hotel_seed42,HOTEL:biwi_hotel:106:4570,HOTEL,biwi_hotel,biwi_hotel:106,4570,3,1.3770581483840942,2.673463821411133,0.7352720499038696,0.629561185836792,0.5947281122207642,1.603177785873413,1.0,2.1:-6.27;2.15:-6.07;2.11:-5.76;2.03:-5.49;2.04:-5.28;2.1:-5.03;2.12:-4.83;2.03:-4.55,1.98:-4.34;2.02:-4.14;2.05:-3.98;1.97:-3.74;1.85:-3.51;1.85:-3.31;1.91:-3.08;1.94:-2.92;1.89:-2.66;1.83:-2.43;1.87:-2.2;1.95:-1.97,1.947256:-4.565152;1.888416:-4.539845;1.84956:-4.563364;1.791606:-4.519938;1.653968:-4.519489;1.582607:-4.543436;1.482861:-4.559439;1.469743:-4.532328;1.330761:-4.430933;1.242245:-4.40386;1.160919:-4.450333;1.109921:-4.508046
sigma3_hotel_seed42,HOTEL:biwi_hotel:107:4570,HOTEL,biwi_hotel,biwi_hotel:107,4570,3,1.4422188997268677,2.6758060455322266,0.4279310703277588,0.579053521156311,0.5076649188995361,1.1615042686462402,1.0,2.78:-6.34;2.81:-6.18;2.74:-5.89;2.68:-5.64;2.71:-5.34;2.7:-5.13;2.71:-4.91;2.69:-4.74,2.68:-4.5;2.65:-4.24;2.65:-4.07;2.58:-3.83;2.49:-3.6;2.49:-3.4;2.53:-3.17;2.56:-3.01;2.51:-2.77;2.45:-2.53;2.47:-2.3;2.55:-2.07,2.661769:-4.754099;2.657078:-4.743893;2.668487:-4.75251;2.654459:-4.729662;2.599775:-4.731191;2.571705:-4.754138;2.558621:-4.76546;2.558:-4.73914;2.506649:-4.685827;2.477229:-4.672431;2.453055:-4.710173;2.436199:-4.743385
sigma3_hotel_seed42,HOTEL:biwi_hotel:110:4570,HOTEL,biwi_hotel,biwi_hotel:110,4570,3,4.344507217407227,8.010374069213867,1.655483365058899,1.5482615232467651,0.6674900054931641,1.0017110109329224,0.0,2.56:2.43;2.45:1.83;2.51:1.23;2.54:0.62;2.56:-0.01;2.66:-0.62;2.63:-1.22;2.8:-1.86,2.87:-2.51;3.04:-3.16;3.19:-3.83;3.17:-4.51;3.26:-5.19;3.08:-5.83;3.03:-6.51;2.83:-7.18;2.71:-7.87;2.63:-8.54;2.41:-9.17;2.39:-9.84,2.988059:-1.917971;3.152078:-1.819608;3.282961:-2.031761;3.362008:-1.89107;3.394712:-1.882937;3.582794:-1.947771;3.370638:-1.882864;3.598132:-1.949061;3.56396:-1.698586;3.598317:-1.683843;3.708854:-1.841412;3.778002:-1.950796
sigma3_hotel_seed42,HOTEL:biwi_hotel:104:4580,HOTEL,biwi_hotel,biwi_hotel:104,4580,3,0.7768632769584656,1.4242396354675293,0.1767766922712326,0.10048415511846542,0.2715015709400177,5.781581401824951,1.0,1.34:-9.22;1.34:-9.2;1.32:-9.2;1.3:-9.18;1.29:-9.16;1.27:-9.16;1.21:-9.24;1.14:-9.23,1.11:-9.23;1.09:-9.23;1.13:-9.19;1.2:-9.12;1.36:-9.23;1.4:-9.28;1.4:-9.36;1.37:-9.31;1.37:-9.32;1.32:-9.34;1.39:-9.34;1.4:-9.34,1.029932:-9.231729;0.938526:-9.237032;0.8547649:-9.209799;0.7686808:-9.229029;0.6630417:-9.209207;0.5703091:-9.202262;0.4929285:-9.231268;0.3850138:-9.237956;0.3086644:-9.226769;0.1884661:-9.203841;0.09145772:-9.199949;-0.01701891:-9.196766
sigma3_hotel_seed42,HOTEL:biwi_hotel:105:4580,HOTEL,biwi_hotel,biwi_hotel:105,4580,3,0.032063838094472885,0.1130329966545105,0.0,0.0,0.0,0.0,1.0,1.37:-8.27;1.37:-8.27;1.37:-8.27;1.37:-8.27;1.37:-8.27;1.37:-8.27;1.37:-8.27;1.37:-8.27,1.37:-8.27;1.37:-8.27;1.37:-8.27;1.37:-8.27;1.37:-8.27;1.37:-8.27;1.37:-8.27;1.37:-8.27;1.37:-8.27;1.37:-8.27;1.33:-8.34;1.36:-8.37,1.361948:-8.270445;1.346145:-8.277575;1.355191:-8.263784;1.347809:-8.268163;1.36285:-8.2747;1.336865:-8.26898;1.375953:-8.270712;1.360799:-8.260154;1.371583:-8.275661;1.405711:-8.291217;1.40778:-8.291397;1.424838:-8.277412
sigma3_hotel_seed42,HOTEL:biwi_hotel:106:4580,HOTEL,biwi_hotel,biwi_hotel:106,4580,3,1.418424129486084,2.703343152999878,0.5396758317947388,0.6330308318138123,0.5306612849235535,1.307131052017212,1.0,2.15:-6.07;2.11:-5.76;2.03:-5.49;2.04:-5.28;2.1:-5.03;2.12:-4.83;2.03:-4.55;1.98:-4.34,2.02:-4.14;2.05:-3.98;1.97:-3.74;1.85:-3.51;1.85:-3.31;1.91:-3.08;1.94:-2.92;1.89:-2.66;1.83:-2.43;1.87:-2.2;1.95:-1.97;1.97:-1.79,1.881058:-4.351973;1.804485:-4.331716;1.752216:-4.343451;1.681257:-4.307669;1.537068:-4.304829;1.448501:-4.3212;1.349796:-4.34536;1.317805:-4.312705;1.170931:-4.220612;1.075925:-4.199499;0.9867908:-4.233863;0.9243227:-4.282915
sigma3_hotel_seed42,HOTEL:biwi_hotel:107:4580,HOTEL,biwi_hotel,biwi_hotel:107,4580,3,1.4134645462036133,2.616264820098877,0.6005206108093262,0.606703519821167,0.41047585010528564,0.8147737383842468,1.125,2.81:-6.18;2.74:-5.89;2.68:-5.64;2.71:-5.34;2.7:-5.13;2.71:-4.91;2.69:-4.74;2.68:-4.5,2.65:-4.24;2.65:-4.07;2.58:-3.83;2.49:-3.6;2.49:-3.4;2.53:-3.17;2.56:-3.01;2.51:-2.77;2.45:-2.53;2.47:-2.3;2.55:-2.07;2.57:-1.89,2.656836:-4.521332;2.657248:-4.495248;2.67303:-4.532005;2.662939:-4.481531;2.58201:-4.489572;2.565038:-4.524797;2.51228:-4.524899;2.542923:-4.499385;2.456469:-4.409337;2.416857:-4.380865;2.380231:-4.441098;2.372768:-4.49882
sigma3_hotel_seed42,HOTEL:biwi_hotel:104:4590,HOTEL,biwi_hotel,biwi_hotel:104,4590,3,0.5094314217567444,0.8732557892799377,0.07500000298023224,0.10405558347702026,0.28498780727386475,4.352682113647461,1.0,1.34:-9.2;1.32:-9.2;1.3:-9.18;1.29:-9.16;1.27:-9.16;1.21:-9.24;1.14:-9.23;1.11:-9.23,1.09:-9.23;1.13:-9.19;1.2:-9.12;1.36:-9.23;1.4:-9.28;1.4:-9.36;1.37:-9.31;1.37:-9.32;1.32:-9.34;1.39:-9.34;1.4:-9.34;1.42:-9.29,1.053846:-9.235447;1.011699:-9.245703;0.9899809:-9.220415;0.9377897:-9.241277;0.9009738:-9.232803;0.8350612:-9.222769;0.8085167:-9.253266;0.7365651:-9.252711;0.7166783:-9.257429;0.6635426:-9.244152;0.6122835:-9.259809;0.5475495:-9.252506
sigma3_hotel_seed42,HOTEL:biwi_hotel:105:4590,HOTEL,biwi_hotel,biwi_hotel:105,4590,3,0.03249691054224968,0.06943290680646896,0.0,0.0,0.0,0.0,1.0,1.37:-8.27;1.37:-8.27;1.37:-8.27;1.37:-8.27;1.37:-8.27;1.37:-8.27;1.37:-8.27;1.37:-8.27,1.37:-8.27;1.37:-8.27;1.37:-8.27;1.37:-8.27;1.37:-8.27;1.37:-8.27;1.37:-8.27;1.37:-8.27;1.37:-8.27;1.33:-8.34;1.36:-8.37;1.37:-8.32,1.361948:-8.270445;1.346145:-8.277575;1.355191:-8.263784;1.347809:-8.268163;1.36285:-8.2747;1.336865:-8.26898;1.375953:-8.270712;1.360799:-8.260154;1.371583:-8.275661;1.405711:-8.291217;1.40778:-8.291397;1.424838:-8.277412
sigma3_hotel_seed42,HOTEL:biwi_hotel:106:4590,HOTEL,biwi_hotel,biwi_hotel:106,4590,3,1.3791266679763794,2.60147762298584,0.5099019408226013,0.5942418575286865,0.5660626888275146,1.5785375833511353,1.125,2.11:-5.76;2.03:-5.49;2.04:-5.28;2.1:-5.03;2.12:-4.83;2.03:-4.55;1.98:-4.34;2.02:-4.14,2.05:-3.98;1.97:-3.74;1.85:-3.51;1.85:-3.31;1.91:-3.08;1.94:-2.92;1.89:-2.66;1.83:-2.43;1.87:-2.2;1.95:-1.97;1.97:-1.79;1.88:-1.55,2.021119:-4.1611;2.041593:-4.138306;2.076065:-4.174859;2.079401:-4.125308;2.035529:-4.136691;2.035868:-4.176333;2.011902:-4.165164;2.046886:-4.132789;1.990435:-4.067013;1.978758:-4.043103;1.966967:-4.105816;1.975399:-4.149728
sigma3_hotel_seed42,HOTEL:biwi_hotel:107:4590,HOTEL,biwi_hotel,biwi_hotel:107,4590,3,1.3747698068618774,2.618441104888916,0.6543126106262207,0.593630850315094,0.3969896137714386,0.8867039680480957,1.25,2.74:-5.89;2.68:-5.64;2.71:-5.34;2.7:-5.13;2.71:-4.91;2.69:-4.74;2.68:-4.5;2.65:-4.24,2.65:-4.07;2.58:-3.83;2.49:-3.6;2.49:-3.4;2.53:-3.17;2.56:-3.01;2.51:-2.77;2.45:-2.53;2.47:-2.3;2.55:-2.07;2.57:-1.89;2.5:-1.65,2.594833:-4.258391;2.556808:-4.226114;2.53591:-4.265707;2.498175:-4.213278;2.379039:-4.214965;2.337072:-4.246447;2.228245:-4.248106;2.243436:-4.232573;2.118823:-4.124777;2.046849:-4.087123;1.978468:-4.149791;1.949767:-4.209976
sigma3_hotel_seed42,HOTEL:biwi_hotel:104:4600,HOTEL,biwi_hotel,biwi_hotel:104,4600,3,0.28862079977989197,0.3754640817642212,0.05000000074505806,0.10405558347702026,0.27457115054130554,3.567283868789673,1.0,1.32:-9.2;1.3:-9.18;1.29:-9.16;1.27:-9.16;1.21:-9.24;1.14:-9.23;1.11:-9.23;1.09:-9.23,1.13:-9.19;1.2:-9.12;1.36:-9.23;1.4:-9.28;1.4:-9.36;1.37:-9.31;1.37:-9.32;1.32:-9.34;1.39:-9.34;1.4:-9.34;1.42:-9.29;1.41:-9.28,1.093513:-9.23139;1.094384:-9.229841;1.088829:-9.242272;1.079626:-9.23578;1.08102:-9.24002;1.077558:-9.255705;1.065463:-9.248384;1.050388:-9.25277;1.063886:-9.244969;1.059698:-9.253346;1.060299:-9.269689;1.034595:-9.27333
sigma3_hotel_seed42,HOTEL:biwi_hotel:105:4600,HOTEL,biwi_hotel,biwi_hotel:105,4600,3,0.0335480235517025,0.0548994205892086,0.0,0.0,0.0,0.0,1.0,1.37:-8.27;1.37:-8.27;1.37:-8.27;1.37:-8.27;1.37:-8.27;1.37:-8.27;1.37:-8.27;1.37:-8.27,1.37:-8.27;1.37:-8.27;1.37:-8.27;1.37:-8.27;1.37:-8.27;1.37:-8.27;1.37:-8.27;1.37:-8.27;1.33:-8.34;1.36:-8.37;1.37:-8.32;1.37:-8.28,1.361948:-8.270445;1.346145:-8.277575;1.355191:-8.263784;1.347809:-8.268163;1.36285:-8.2747;1.336865:-8.26898;1.375953:-8.270712;1.360799:-8.260154;1.371583:-8.275661;1.405711:-8.291217;1.40778:-8.291397;1.424838:-8.277412
sigma3_hotel_seed42,HOTEL:biwi_hotel:106:4600,HOTEL,biwi_hotel,biwi_hotel:106,4600,3,1.4535149335861206,2.647315740585327,0.4069705009460449,0.5518081784248352,0.4963381886482239,1.2549465894699097,1.25,2.03:-5.49;2.04:-5.28;2.1:-5.03;2.12:-4.83;2.03:-4.55;1.98:-4.34;2.02:-4.14;2.05:-3.98,1.97:-3.74;1.85:-3.51;1.85:-3.31;1.91:-3.08;1.94:-2.92;1.89:-2.66;1.83:-2.43;1.87:-2.2;1.95:-1.97;1.97:-1.79;1.88:-1.55;1.83:-1.36,2.052855:-3.997035;2.073731:-3.983402;2.108867:-4.004081;2.114732:-3.972012;2.090261:-3.978891;2.089755:-4.010682;2.088664:-4.005921;2.110029:-3.97775;2.079348:-3.932655;2.076526:-3.915916;2.074276:-3.966152;2.081107:-3.99538
sigma3_hotel_seed42,HOTEL:biwi_hotel:107:4600,HOTEL,biwi_hotel,biwi_hotel:107,4600,3,1.4165349006652832,2.6015701293945312,0.42500001192092896,0.5625239610671997,0.3885646462440491,0.6663669347763062,1.375,2.68:-5.64;2.71:-5.34;2.7:-5.13;2.71:-4.91;2.69:-4.74;2.68:-4.5;2.65:-4.24;2.65:-4.07,2.58:-3.83;2.49:-3.6;2.49:-3.4;2.53:-3.17;2.56:-3.01;2.51:-2.77;2.45:-2.53;2.47:-2.3;2.55:-2.07;2.57:-1.89;2.5:-1.65;2.45:-1.46,2.609245:-4.086147;2.591904:-4.071442;2.595484:-4.086384;2.569207:-4.049772;2.493314:-4.05616;2.452609:-4.081481;2.424215:-4.092129;2.42239:-4.050271;2.337825:-3.987855;2.299173:-3.974462;2.262135:-4.013865;2.24007:-4.053086
sigma3_hotel_seed42,HOTEL:biwi_hotel:104:4610,HOTEL,biwi_hotel,biwi_hotel:104,4610,3,0.2934260368347168,0.6012686491012573,0.1414213627576828,0.11415711045265198,0.33927014470100403,5.6017279624938965,1.0,1.3:-9.18;1.29:-9.16;1.27:-9.16;1.21:-9.24;1.14:-9.23;1.11:-9.23;1.09:-9.23;1.13:-9.19,1.2:-9.12;1.36:-9.23;1.4:-9.28;1.4:-9.36;1.37:-9.31;1.37:-9.32;1.32:-9.34;1.39:-9.34;1.4:-9.34;1.42:-9.29;1.41:-9.28;1.42:-9.28,1.221657:-9.186256;1.291845:-9.182262;1.338376:-9.210346;1.417278:-9.203414;1.493672:-9.212059;1.590419:-9.23206;1.633327:-9.20739;1.708625:-9.243485;1.808157:-9.23041;1.886648:-9.255977;1.967015:-9.253138;2.021014:-9.26251
sigma3_hotel_seed42,HOTEL:biwi_hotel:105:4610,HOTEL,biwi_hotel,biwi_hotel:105,4610,3,0.03670133277773857,0.055337052792310715,0.0,0.0,0.0,0.0,1.0,1.37:-8.27;1.37:-8.27;1.37:-8.27;1.37:-8.27;1.37:-8.27;1.37:-8.27;1.37:-8.27;1.37:-8.27,1.37:-8.27;1.37:-8.27;1.37:-8.27;1.37:-8.27;1.37:-8.27;1.37:-8.27;1.37:-8.27;1.33:-8.34;1.36:-8.37;1.37:-8.32;1.37:-8.28;1.37:-8.27,1.361948:-8.270445;1.346145:-8.277575;1.355191:-8.263784;1.347809:-8.268163;1.36285:-8.2747;1.336865:-8.26898;1.375953:-8.270712;1.360799:-8.260154;1.371583:-8.275661;1.405711:-8.291217;1.40778:-8.291397;1.424838:-8.277412
sigma3_hotel_seed42,HOTEL:biwi_hotel:106:4610,HOTEL,biwi_hotel,biwi_hotel:106,4610,3,1.4313446283340454,2.651506185531616,0.6324555277824402,0.5670739412307739,0.5713209509849548,1.5740832090377808,1.375,2.04:-5.28;2.1:-5.03;2.12:-4.83;2.03:-4.55;1.98:-4.34;2.02:-4.14;2.05:-3.98;1.97:-3.74,1.85:-3.51;1.85:-3.31;1.91:-3.08;1.94:-2.92;1.89:-2.66;1.83:-2.43;1.87:-2.2;1.95:-1.97;1.97:-1.79;1.88:-1.55;1.83:-1.36;1.87:-1.16,1.88543:-3.75423;1.828977:-3.73756;1.796907:-3.746601;1.742026:-3.712544;1.611698:-3.71291;1.535458:-3.729152;1.466705:-3.757736;1.445278:-3.721086;1.314729:-3.632414;1.233226:-3.616231;1.157552:-3.646694;1.105373:-3.698864
sigma3_hotel_seed42,HOTEL:biwi_hotel:107:4610,HOTEL,biwi_hotel,biwi_hotel:107,4610,3,1.4293893575668335,2.6543235778808594,0.625,0.54413241147995,0.3890921175479889,0.8029093146324158,1.5,2.71:-5.34;2.7:-5.13;2.71:-4.91;2.69:-4.74;2.68:-4.5;2.65:-4.24;2.65:-4.07;2.58:-3.83,2.49:-3.6;2.49:-3.4;2.53:-3.17;2.56:-3.01;2.51:-2.77;2.45:-2.53;2.47:-2.3;2.55:-2.07;2.57:-1.89;2.5:-1.65;2.45:-1.46;2.47:-1.25,2.492765:-3.843323;2.430289:-3.826149;2.393121:-3.835116;2.334692:-3.801442;2.203283:-3.800736;2.12486:-3.81594;2.048034:-3.843288;2.023927:-3.808112;1.890319:-3.720683;1.807379:-3.703213;1.728955:-3.733764;1.675508:-3.78263
sigma3_hotel_seed42,HOTEL:biwi_hotel:104:4620,HOTEL,biwi_hotel,biwi_hotel:104,4620,3,0.2784988582134247,0.43099379539489746,0.2474873661994934,0.1415264904499054,0.36017194390296936,4.494578838348389,1.0,1.29:-9.16;1.27:-9.16;1.21:-9.24;1.14:-9.23;1.11:-9.23;1.09:-9.23;1.13:-9.19;1.2:-9.12,1.36:-9.23;1.4:-9.28;1.4:-9.36;1.37:-9.31;1.37:-9.32;1.32:-9.34;1.39:-9.34;1.4:-9.34;1.42:-9.29;1.41:-9.28;1.42:-9.28;1.41:-9.27,1.261986:-9.138012;1.332569:-9.126582;1.410534:-9.153256;1.461194:-9.128893;1.506942:-9.135942;1.561719:-9.17368;1.596431:-9.150379;1.650214:-9.142011;1.691858:-9.120872;1.738868:-9.099527;1.782902:-9.161685;1.830469:-9.175338
sigma3_hotel_seed42,HOTEL:biwi_hotel:105:4620,HOTEL,biwi_hotel,biwi_hotel:105,4620,3,0.04055599123239517,0.055337052792310715,0.0,0.0,0.0,0.0,1.0,1.37:-8.27;1.37:-8.27;1.37:-8.27;1.37:-8.27;1.37:-8.27;1.37:-8.27;1.37:-8.27;1.37:-8.27,1.37:-8.27;1.37:-8.27;1.37:-8.27;1.37:-8.27;1.37:-8.27;1.37:-8.27;1.33:-8.34;1.36:-8.37;1.37:-8.32;1.37:-8.28;1.37:-8.27;1.37:-8.27,1.361948:-8.270445;1.346145:-8.277575;1.355191:-8.263784;1.347809:-8.268163;1.36285:-8.2747;1.336865:-8.26898;1.375953:-8.270712;1.360799:-8.260154;1.371583:-8.275661;1.405711:-8.291217;1.40778:-8.291397;1.424838:-8.277412
sigma3_hotel_seed42,HOTEL:biwi_hotel:106:4620,HOTEL,biwi_hotel,biwi_hotel:106,4620,3,1.6509579420089722,3.025932788848877,0.648556113243103,0.5679036974906921,0.5475707650184631,1.5973435640335083,1.375,2.1:-5.03;2.12:-4.83;2.03:-4.55;1.98:-4.34;2.02:-4.14;2.05:-3.98;1.97:-3.74;1.85:-3.51,1.85:-3.31;1.91:-3.08;1.94:-2.92;1.89:-2.66;1.83:-2.43;1.87:-2.2;1.95:-1.97;1.97:-1.79;1.88:-1.55;1.83:-1.36;1.87:-1.16;1.92:-0.95,1.687945:-3.51325;1.545866:-3.496258;1.432458:-3.490471;1.305026:-3.464338;1.111944:-3.452646;0.9614372:-3.458279;0.8205789:-3.493886;0.7307256:-3.452943;0.5352848:-3.364745;0.3944691:-3.349141;0.2636013:-3.367878;0.1528519:-3.40631
sigma3_hotel_seed42,HOTEL:biwi_hotel:107:4620,HOTEL,biwi_hotel,biwi_hotel:107,4620,3,1.5665134191513062,2.8968305587768555,0.617454469203949,0.557255208492279,0.3890921175479889,0.7990965247154236,1.625,2.7:-5.13;2.71:-4.91;2.69:-4.74;2.68:-4.5;2.65:-4.24;2.65:-4.07;2.58:-3.83;2.49:-3.6,2.49:-3.4;2.53:-3.17;2.56:-3.01;2.51:-2.77;2.45:-2.53;2.47:-2.3;2.55:-2.07;2.57:-1.89;2.5:-1.65;2.45:-1.46;2.47:-1.25;2.52:-1.04,2.348969:-3.606265;2.229578:-3.588521;2.137311:-3.588101;2.029087:-3.558979;1.852257:-3.550393;1.722236:-3.559588;1.597549:-3.592082;1.526911:-3.553277;1.348107:-3.463778;1.222597:-3.446911;1.106051:-3.470355;1.011215:-3.512892
sigma3_hotel_seed42,HOTEL:biwi_hotel:104:4630,HOTEL,biwi_hotel,biwi_hotel:104,4630,3,0.6952961087226868,1.1805773973464966,0.48541221022605896,0.20372822880744934,0.47663381695747375,4.95496940612793,1.0,1.27:-9.16;1.21:-9.24;1.14:-9.23;1.11:-9.23;1.09:-9.23;1.13:-9.19;1.2:-9.12;1.36:-9.23,1.4:-9.28;1.4:-9.36;1.37:-9.31;1.37:-9.32;1.32:-9.34;1.39:-9.34;1.4:-9.34;1.42:-9.29;1.41:-9.28;1.42:-9.28;1.41:-9.27;1.43:-9.26,1.480336:-9.257588;1.618264:-9.236058;1.762211:-9.277966;1.87369:-9.240381;1.952352:-9.247705;2.075685:-9.296867;2.134681:-9.269109;2.266406:-9.257546;2.332343:-9.220542;2.411104:-9.171068;2.502491:-9.257014;2.610144:-9.291972
sigma3_hotel_seed42,HOTEL:biwi_hotel:105:4630,HOTEL,biwi_hotel,biwi_hotel:105,4630,3,0.038102030754089355,0.055257610976696014,0.0,0.0,0.0,0.0,1.0,1.37:-8.27;1.37:-8.27;1.37:-8.27;1.37:-8.27;1.37:-8.27;1.37:-8.27;1.37:-8.27;1.37:-8.27,1.37:-8.27;1.37:-8.27;1.37:-8.27;1.37:-8.27;1.37:-8.27;1.33:-8.34;1.36:-8.37;1.37:-8.32;1.37:-8.28;1.37:-8.27;1.37:-8.27;1.37:-8.27,1.361935:-8.270447;1.346125:-8.277583;1.355177:-8.263773;1.347794:-8.268167;1.362827:-8.274697;1.336828:-8.268961;1.375921:-8.270716;1.360759:-8.260155;1.371533:-8.275662;1.40565:-8.29121;1.407706:-8.291388;1.424761:-8.277395
sigma3_hotel_seed42,HOTEL:biwi_hotel:106:4630,HOTEL,biwi_hotel,biwi_hotel:106,4630,3,1.4227226972579956,2.6695423126220703,0.5,0.5675474405288696,0.5347358584403992,1.6675639152526855,1.375,2.12:-4.83;2.03:-4.55;1.98:-4.34;2.02:-4.14;2.05:-3.98;1.97:-3.74;1.85:-3.51;1.85:-3.31,1.91:-3.08;1.94:-2.92;1.89:-2.66;1.83:-2.43;1.87:-2.2;1.95:-1.97;1.97:-1.79;1.88:-1.55;1.83:-1.36;1.87:-1.16;1.92:-0.95;1.91:-0.68,1.808063:-3.329498;1.789985:-3.306173;1.791783:-3.334068;1.770338:-3.28929;1.671855:-3.294472;1.638532:-3.321401;1.57746:-3.333247;1.595866:-3.307304;1.493615:-3.213936;1.440552:-3.187967;1.389768:-3.237374;1.370384:-3.294435
sigma3_hotel_seed42,HOTEL:biwi_hotel:107:4630,HOTEL,biwi_hotel,biwi_hotel:107,4630,3,1.406727910041809,2.7287588119506836,0.5,0.5500312447547913,0.4271742105484009,1.009552240371704,1.625,2.71:-4.91;2.69:-4.74;2.68:-4.5;2.65:-4.24;2.65:-4.07;2.58:-3.83;2.49:-3.6;2.49:-3.4,2.53:-3.17;2.56:-3.01;2.51:-2.77;2.45:-2.53;2.47:-2.3;2.55:-2.07;2.57:-1.89;2.5:-1.65;2.45:-1.46;2.47:-1.25;2.52:-1.04;2.58:-0.69,2.475048:-3.420664;2.482343:-3.397176;2.504603:-3.431639;2.497967:-3.382836;2.433312:-3.392237;2.420642:-3.428822;2.38339:-3.424828;2.411718:-3.394058;2.338395:-3.317601;2.310521:-3.292924;2.284634:-3.352349;2.281813:-3.402418
sigma3_hotel_seed42,HOTEL:biwi_hotel:104:4640,HOTEL,biwi_hotel,biwi_hotel:104,4640,3,0.1916477084159851,0.3135344684123993,0.16007810831069946,0.19088225066661835,0.5220611095428467,4.179544925689697,1.0,1.21:-9.24;1.14:-9.23;1.11:-9.23;1.09:-9.23;1.13:-9.19;1.2:-9.12;1.36:-9.23;1.4:-9.28,1.4:-9.36;1.37:-9.31;1.37:-9.32;1.32:-9.34;1.39:-9.34;1.4:-9.34;1.42:-9.29;1.41:-9.28;1.42:-9.28;1.41:-9.27;1.43:-9.26;1.41:-9.23,1.416312:-9.286127;1.444869:-9.295705;1.485546:-9.274013;1.516936:-9.30178;1.543086:-9.287539;1.560032:-9.290415;1.601382:-9.311903;1.606358:-9.333012;1.662659:-9.322267;1.67778:-9.312322;1.697469:-9.33019;1.707824:-9.328004
sigma3_hotel_seed42,HOTEL:biwi_hotel:105:4640,HOTEL,biwi_hotel,biwi_hotel:105,4640,3,0.03880365565419197,0.05520423501729965,0.0,0.0,0.0,0.0,1.0,1.37:-8.27;1.37:-8.27;1.37:-8.27;1.37:-8.27;1.37:-8.27;1.37:-8.27;1.37:-8.27;1.37:-8.27,1.37:-8.27;1.37:-8.27;1.37:-8.27;1.37:-8.27;1.33:-8.34;1.36:-8.37;1.37:-8.32;1.37:-8.28;1.37:-8.27;1.37:-8.27;1.37:-8.27;1.37:-8.27,1.361926:-8.270448;1.346112:-8.277589;1.355168:-8.263766;1.347782:-8.268168;1.362811:-8.274695;1.336801:-8.26895;1.375899:-8.270718;1.36073:-8.260154;1.371498:-8.275663;1.40561:-8.291206;1.407657:-8.291382;1.424708:-8.277386
sigma3_hotel_seed42,HOTEL:biwi_hotel:106:4640,HOTEL,biwi_hotel,biwi_hotel:106,4640,3,1.4151058197021484,2.70943546295166,0.5942432284355164,0.5474004745483398,0.5206311345100403,1.8454912900924683,1.375,2.03:-4.55;1.98:-4.34;2.02:-4.14;2.05:-3.98;1.97:-3.74;1.85:-3.51;1.85:-3.31;1.91:-3.08,1.94:-2.92;1.89:-2.66;1.83:-2.43;1.87:-2.2;1.95:-1.97;1.97:-1.79;1.88:-1.55;1.83:-1.36;1.87:-1.16;1.92:-0.95;1.91:-0.68;1.83:-0.41,1.941266:-3.106712;1.987206:-3.073048;2.043344:-3.132271;2.072926:-3.069447;2.038413:-3.083179;2.074672:-3.13171;2.031439:-3.107527;2.107759:-3.093981;2.060008:-3.005873;2.059943:-2.965871;2.05696:-3.049681;2.09111:-3.106825
sigma3_hotel_seed42,HOTEL:biwi_hotel:107:4640,HOTEL,biwi_hotel,biwi_hotel:107,4640,3,1.3976184129714966,2.598041534423828,0.5836308598518372,0.5722740888595581,0.40560057759284973,1.1062768697738647,1.625,2.69:-4.74;2.68:-4.5;2.65:-4.24;2.65:-4.07;2.58:-3.83;2.49:-3.6;2.49:-3.4;2.53:-3.17,2.56:-3.01;2.51:-2.77;2.45:-2.53;2.47:-2.3;2.55:-2.07;2.57:-1.89;2.5:-1.65;2.45:-1.46;2.47:-1.25;2.52:-1.04;2.58:-0.69;2.57:-0.59,2.54614:-3.195051;2.578875:-3.163954;2.62383:-3.216055;2.642558:-3.157357;2.59591:-3.169387;2.617345:-3.213409;2.57209:-3.196594;2.635352:-3.179643;2.577201:-3.092004;2.56685:-3.055552;2.554663:-3.131771;2.577544:-3.18803
sigma3_hotel_seed42,HOTEL:biwi_hotel:104:4650,HOTEL,biwi_hotel,biwi_hotel:104,4650,3,0.10458990931510925,0.13849075138568878,0.20000000298023224,0.19419986009597778,0.5311954617500305,4.71238899230957,1.0,1.14:-9.23;1.11:-9.23;1.09:-9.23;1.13:-9.19;1.2:-9.12;1.36:-9.23;1.4:-9.28;1.4:-9.36,1.37:-9.31;1.37:-9.32;1.32:-9.34;1.39:-9.34;1.4:-9.34;1.42:-9.29;1.41:-9.28;1.42:-9.28;1.41:-9.27;1.43:-9.26;1.41:-9.23;1.44:-9.26,1.39917:-9.361378;1.404811:-9.371774;1.416335:-9.350418;1.428225:-9.377165;1.439123:-9.362565;1.44167:-9.365403;1.459157:-9.386649;1.443998:-9.403371;1.481917:-9.398043;1.478705:-9.394745;1.486711:-9.401679;1.473222:-9.394447
sigma3_hotel_seed42,HOTEL:biwi_hotel:105:4650,HOTEL,biwi_hotel,biwi_hotel:105,4650,3,0.037470512092113495,0.05510011315345764,0.0,0.0,0.0,0.0,1.125,1.37:-8.27;1.37:-8.27;1.37:-8.27;1.37:-8.27;1.37:-8.27;1.37:-8.27;1.37:-8.27;1.37:-8.27,1.37:-8.27;1.37:-8.27;1.37:-8.27;1.33:-8.34;1.36:-8.37;1.37:-8.32;1.37:-8.28;1.37:-8.27;1.37:-8.27;1.37:-8.27;1.37:-8.27;1.37:-8.27,1.36191:-8.27045;1.346087:-8.277598;1.355151:-8.263754;1.347759:-8.26817;1.362778:-8.274693;1.336746:-8.268931;1.375854:-8.270723;1.360671:-8.260152;1.371427:-8.275663;1.40553:-8.291199;1.40756:-8.291374;1.424605:-8.277369
sigma3_hotel_seed42,HOTEL:biwi_hotel:106:4650,HOTEL,biwi_hotel,biwi_hotel:106,4650,3,1.4776111841201782,2.721879005432129,0.4069705009460449,0.5284425616264343,0.505635142326355,1.4841870069503784,1.375,1.98:-4.34;2.02:-4.14;2.05:-3.98;1.97:-3.74;1.85:-3.51;1.85:-3.31;1.91:-3.08;1.94:-2.92,1.89:-2.66;1.83:-2.43;1.87:-2.2;1.95:-1.97;1.97:-1.79;1.88:-1.55;1.83:-1.36;1.87:-1.16;1.92:-0.95;1.91:-0.68;1.83:-0.41;1.77:-0.23,1.955666:-2.940475;1.988062:-2.920813;2.033761:-2.955338;2.044814:-2.907955;2.025695:-2.921152;2.035655:-2.962816;2.032516:-2.945269;2.067746:-2.907846;2.031837:-2.859985;2.038304:-2.840148;2.04279:-2.902828;2.060338:-2.93635
sigma3_hotel_seed42,HOTEL:biwi_hotel:107:4650,HOTEL,biwi_hotel,biwi_hotel:107,4650,3,1.4549018144607544,2.610853672027588,0.4069705009460449,0.5446240901947021,0.4497947692871094,1.0462000370025635,1.625,2.68:-4.5;2.65:-4.24;2.65:-4.07;2.58:-3.83;2.49:-3.6;2.49:-3.4;2.53:-3.17;2.56:-3.01,2.51:-2.77;2.45:-2.53;2.47:-2.3;2.55:-2.07;2.57:-1.89;2.5:-1.65;2.45:-1.46;2.47:-1.25;2.52:-1.04;2.58:-0.69;2.57:-0.59;2.54:-0.41,2.566547:-3.030235;2.590696:-3.010291;2.629542:-3.043322;2.635163:-2.996358;2.604259:-3.008502;2.606991:-3.047684;2.595781:-3.034744;2.627668:-2.99801;2.581245:-2.944251;2.579067:-2.923995;2.575216:-2.984051;2.58701:-3.020431
sigma3_hotel_seed42,HOTEL:biwi_hotel:104:4660,HOTEL,biwi_hotel,biwi_hotel:104,4660,3,0.45030537247657776,0.8242749571800232,0.14577379822731018,0.20431040227413177,0.6597544550895691,7.313561916351318,1.125,1.11:-9.23;1.09:-9.23;1.13:-9.19;1.2:-9.12;1.36:-9.23;1.4:-9.28;1.4:-9.36;1.37:-9.31,1.37:-9.32;1.32:-9.34;1.39:-9.34;1.4:-9.34;1.42:-9.29;1.41:-9.28;1.42:-9.28;1.41:-9.27;1.43:-9.26;1.41:-9.23;1.44:-9.26;1.43:-9.25,1.289839:-9.310534;1.223234:-9.31876;1.175959:-9.289184;1.120004:-9.307585;1.041644:-9.296092;0.9642799:-9.286304;0.9394975:-9.320749;0.8655368:-9.322476;0.8155792:-9.298476;0.7473164:-9.296981;0.6779029:-9.289734;0.6067883:-9.291856
sigma3_hotel_seed42,HOTEL:biwi_hotel:105:4660,HOTEL,biwi_hotel,biwi_hotel:105,4660,3,0.040190163999795914,0.07524406909942627,0.0,0.0,0.0,0.0,1.25,1.37:-8.27;1.37:-8.27;1.37:-8.27;1.37:-8.27;1.37:-8.27;1.37:-8.27;1.37:-8.27;1.37:-8.27,1.37:-8.27;1.37:-8.27;1.33:-8.34;1.36:-8.37;1.37:-8.32;1.37:-8.28;1.37:-8.27;1.37:-8.27;1.37:-8.27;1.37:-8.27;1.37:-8.27;1.35:-8.27,1.361954:-8.270444;1.346154:-8.277572;1.355197:-8.263788;1.347819:-8.268163;1.362864:-8.2747;1.336888:-8.268984;1.375971:-8.270709;1.360824:-8.260156;1.371613:-8.275662;1.405741:-8.291219;1.407817:-8.291398;1.424878:-8.277416
sigma3_hotel_seed42,HOTEL:biwi_hotel:106:4660,HOTEL,biwi_hotel,biwi_hotel:106,4660,3,1.4159857034683228,2.604442596435547,0.6619101166725159,0.5501580238342285,0.5960845947265625,1.847475528717041,1.375,2.02:-4.14;2.05:-3.98;1.97:-3.74;1.85:-3.51;1.85:-3.31;1.91:-3.08;1.94:-2.92;1.89:-2.66,1.83:-2.43;1.87:-2.2;1.95:-1.97;1.97:-1.79;1.88:-1.55;1.83:-1.36;1.87:-1.16;1.92:-0.95;1.91:-0.68;1.83:-0.41;1.77:-0.23;1.77:-0.06,1.870825:-2.681622;1.874151:-2.655277;1.892909:-2.693097;1.885895:-2.642194;1.808809:-2.650552;1.795772:-2.686141;1.743973:-2.684945;1.777827:-2.660355;1.694369:-2.571015;1.658105:-2.541878;1.623969:-2.603111;1.619806:-2.660108
sigma3_hotel_seed42,HOTEL:biwi_hotel:107:4660,HOTEL,biwi_hotel,biwi_hotel:107,4660,3,1.4274858236312866,2.599424123764038,0.6128825545310974,0.5387054681777954,0.46882471442222595,1.3220667839050293,1.5,2.65:-4.24;2.65:-4.07;2.58:-3.83;2.49:-3.6;2.49:-3.4;2.53:-3.17;2.56:-3.01;2.51:-2.77,2.45:-2.53;2.47:-2.3;2.55:-2.07;2.57:-1.89;2.5:-1.65;2.45:-1.46;2.47:-1.25;2.52:-1.04;2.58:-0.69;2.57:-0.59;2.54:-0.41;2.5:-0.19,2.473637:-2.788854;2.461437:-2.767686;2.467708:-2.793811;2.447294:-2.749978;2.361658:-2.756531;2.329932:-2.785904;2.283274:-2.793463;2.297468:-2.761494;2.206077:-2.68012;2.161605:-2.658039;2.119905:-2.707526;2.102423:-2.75884
sigma3_hotel_seed42,HOTEL:biwi_hotel:104:4670,HOTEL,biwi_hotel,biwi_hotel:104,4670,3,0.30659425258636475,0.5634198784828186,0.02500000037252903,0.20073898136615753,0.6545159220695496,7.5585408210754395,1.25,1.09:-9.23;1.13:-9.19;1.2:-9.12;1.36:-9.23;1.4:-9.28;1.4:-9.36;1.37:-9.31;1.37:-9.32,1.32:-9.34;1.39:-9.34;1.4:-9.34;1.42:-9.29;1.41:-9.28;1.42:-9.28;1.41:-9.27;1.43:-9.26;1.41:-9.23;1.44:-9.26;1.43:-9.25;1.43:-9.28,1.324124:-9.322791;1.287752:-9.32914;1.257763:-9.315159;1.213163:-9.330639;1.181319:-9.323133;1.134462:-9.317288;1.093258:-9.33929;1.035065:-9.34696;1.022666:-9.351742;0.9702031:-9.341103;0.931991:-9.349977;0.8708352:-9.349113
sigma3_hotel_seed42,HOTEL:biwi_hotel:105:4670,HOTEL,biwi_hotel,biwi_hotel:105,4670,3,0.041762787848711014,0.09531938284635544,0.0,0.0,0.0,0.0,1.375,1.37:-8.27;1.37:-8.27;1.37:-8.27;1.37:-8.27;1.37:-8.27;1.37:-8.27;1.37:-8.27;1.37:-8.27,1.37:-8.27;1.33:-8.34;1.36:-8.37;1.37:-8.32;1.37:-8.28;1.37:-8.27;1.37:-8.27;1.37:-8.27;1.37:-8.27;1.37:-8.27;1.35:-8.27;1.33:-8.27,1.361997:-8.270439;1.346233:-8.277543;1.355244:-8.263821;1.347891:-8.268158;1.362937:-8.274701;1.337033:-8.269025;1.376055:-8.270695;1.360952:-8.260167;1.371751:-8.275651;1.405863:-8.291209;1.407973:-8.291393;1.425029:-8.277438
sigma3_hotel_seed42,HOTEL:biwi_hotel:106:4670,HOTEL,biwi_hotel,biwi_hotel:106,4670,3,1.5105563402175903,2.7346038818359375,0.5942432284355164,0.576911211013794,0.4873429834842682,1.4055712223052979,1.25,2.05:-3.98;1.97:-3.74;1.85:-3.51;1.85:-3.31;1.91:-3.08;1.94:-2.92;1.89:-2.66;1.83:-2.43,1.87:-2.2;1.95:-1.97;1.97:-1.79;1.88:-1.55;1.83:-1.36;1.87:-1.16;1.92:-0.95;1.91:-0.68;1.83:-0.41;1.77:-0.23;1.77:-0.06;1.81:0.13,1.726044:-2.441453;1.642542:-2.41855;1.582335:-2.433607;1.505216:-2.395565;1.354328:-2.391597;1.261912:-2.409524;1.148542:-2.430359;1.114146:-2.400311;0.9600442:-2.304425;0.8586654:-2.280032;0.7638448:-2.318408;0.6975408:-2.368098
sigma3_hotel_seed42,HOTEL:biwi_hotel:107:4670,HOTEL,biwi_hotel,biwi_hotel:107,4670,3,1.5006600618362427,2.665245771408081,0.6184658408164978,0.5663434863090515,0.3761216402053833,1.0778559446334839,1.375,2.65:-4.07;2.58:-3.83;2.49:-3.6;2.49:-3.4;2.53:-3.17;2.56:-3.01;2.51:-2.77;2.45:-2.53,2.47:-2.3;2.55:-2.07;2.57:-1.89;2.5:-1.65;2.45:-1.46;2.47:-1.25;2.52:-1.04;2.58:-0.69;2.57:-0.59;2.54:-0.41;2.5:-0.19;2.5:-0.06,2.352276:-2.542347;2.273914:-2.517452;2.217759:-2.536907;2.145158:-2.496243;1.997666:-2.49284;1.911999:-2.513082;1.795856:-2.530254;1.768343:-2.503029;1.617068:-2.404636;1.518773:-2.377485;1.426648:-2.420372;1.3652:-2.471589
sigma3_hotel_seed42,HOTEL:biwi_hotel:104:4680,HOTEL,biwi_hotel,biwi_hotel:104,4680,3,0.5553712844848633,0.9454619884490967,0.13462911546230316,0.19976866245269775,0.6634365320205688,8.748830795288086,1.375,1.13:-9.19;1.2:-9.12;1.36:-9.23;1.4:-9.28;1.4:-9.36;1.37:-9.31;1.37:-9.32;1.32:-9.34,1.39:-9.34;1.4:-9.34;1.42:-9.29;1.41:-9.28;1.42:-9.28;1.41:-9.27;1.43:-9.26;1.41:-9.23;1.44:-9.26;1.43:-9.25;1.43:-9.28;1.41:-9.27,1.240043:-9.34336;1.173033:-9.346354;1.111434:-9.330825;1.040423:-9.343337;0.9735696:-9.328778;0.9007878:-9.336607;0.8449426:-9.34272;0.7510006:-9.349052;0.7076563:-9.351727;0.6213594:-9.329314;0.5504469:-9.345052;0.4668164:-9.335599
sigma3_hotel_seed42,HOTEL:biwi_hotel:105:4680,HOTEL,biwi_hotel,biwi_hotel:105,4680,3,0.04635216295719147,0.09546345472335815,0.0,0.0,0.0,0.0,1.5,1.37:-8.27;1.37:-8.27;1.37:-8.27;1.37:-8.27;1.37:-8.27;1.37:-8.27;1.37:-8.27;1.37:-8.27,1.33:-8.34;1.36:-8.37;1.37:-8.32;1.37:-8.28;1.37:-8.27;1.37:-8.27;1.37:-8.27;1.37:-8.27;1.37:-8.27;1.35:-8.27;1.33:-8.27;1.33:-8.27,1.36202:-8.270435;1.346272:-8.27753;1.355271:-8.263835;1.347932:-8.268157;1.362988:-8.274702;1.337121:-8.269044;1.376122:-8.270688;1.361044:-8.260175;1.371859:-8.275653;1.405975:-8.291217;1.408109:-8.291399;1.425172:-8.277455
sigma3_hotel_seed42,HOTEL:biwi_hotel:106:4680,HOTEL,biwi_hotel,biwi_hotel:106,4680,3,1.3874932527542114,2.56601881980896,0.5836308598518372,0.5699362754821777,0.548560619354248,1.6738076210021973,1.125,1.97:-3.74;1.85:-3.51;1.85:-3.31;1.91:-3.08;1.94:-2.92;1.89:-2.66;1.83:-2.43;1.87:-2.2,1.95:-1.97;1.97:-1.79;1.88:-1.55;1.83:-1.36;1.87:-1.16;1.92:-0.95;1.91:-0.68;1.83:-0.41;1.77:-0.23;1.77:-0.06;1.81:0.13;1.8:0.35,1.878293:-2.224694;1.905354:-2.193567;1.9444:-2.244422;1.957389:-2.186027;1.901877:-2.19738;1.916066:-2.240859;1.867004:-2.22659;1.9252:-2.208757;1.860157:-2.117863;1.842384:-2.081954;1.824538:-2.156894;1.841108:-2.21569
sigma3_hotel_seed42,HOTEL:biwi_hotel:107:4680,HOTEL,biwi_hotel,biwi_hotel:107,4680,3,1.3654624223709106,2.4656107425689697,0.5771698355674744,0.5595105886459351,0.4368111193180084,1.3203792572021484,1.25,2.58:-3.83;2.49:-3.6;2.49:-3.4;2.53:-3.17;2.56:-3.01;2.51:-2.77;2.45:-2.53;2.47:-2.3,2.55:-2.07;2.57:-1.89;2.5:-1.65;2.45:-1.46;2.47:-1.25;2.52:-1.04;2.58:-0.69;2.57:-0.59;2.54:-0.41;2.5:-0.19;2.5:-0.06;2.5:0.15,2.458915:-2.322933;2.468854:-2.294179;2.493473:-2.337238;2.493351:-2.283358;2.419886:-2.292342;2.416152:-2.329935;2.360652:-2.325457;2.404655:-2.305276;2.324306:-2.2115;2.29194:-2.178663;2.260716:-2.244762;2.263431:-2.304235
sigma3_hotel_seed42,HOTEL:biwi_hotel:104:4690,HOTEL,biwi_hotel,biwi_hotel:104,4690,3,0.5205023884773254,1.0083143711090088,0.17499999701976776,0.18941332399845123,0.5805293917655945,10.122231483459473,1.5,1.2:-9.12;1.36:-9.23;1.4:-9.28;1.4:-9.36;1.37:-9.31;1.37:-9.32;1.32:-9.34;1.39:-9.34,1.4:-9.34;1.42:-9.29;1.41:-9.28;1.42:-9.28;1.41:-9.27;1.43:-9.26;1.41:-9.23;1.44:-9.26;1.43:-9.25;1.43:-9.28;1.41:-9.27;1.38:-9.24,1.487506:-9.33768;1.565529:-9.334677;1.622844:-9.360015;1.709056:-9.356341;1.793598:-9.363825;1.89499:-9.38302;1.948867:-9.359453;2.029212:-9.397861;2.138417:-9.385621;2.224342:-9.408571;2.309705:-9.409205;2.372536:-9.417677
sigma3_hotel_seed42,HOTEL:biwi_hotel:105:4690,HOTEL,biwi_hotel,biwi_hotel:105,4690,3,0.22315068542957306,0.33417069911956787,0.20155644416809082,0.028793778270483017,0.08398184925317764,0.0,1.625,1.37:-8.27;1.37:-8.27;1.37:-8.27;1.37:-8.27;1.37:-8.27;1.37:-8.27;1.37:-8.27;1.33:-8.34,1.36:-8.37;1.37:-8.32;1.37:-8.28;1.37:-8.27;1.37:-8.27;1.37:-8.27;1.37:-8.27;1.37:-8.27;1.35:-8.27;1.33:-8.27;1.33:-8.27;1.33:-8.34,1.278701:-8.341043;1.245309:-8.35662;1.235493:-8.312078;1.219508:-8.349518;1.178883:-8.329886;1.132869:-8.313013;1.146612:-8.365549;1.104703:-8.375633;1.098832:-8.352134;1.063451:-8.352001;1.032308:-8.340646;0.995835:-8.341943
sigma3_hotel_seed42,HOTEL:biwi_hotel:106:4690,HOTEL,biwi_hotel,biwi_hotel:106,4690,3,1.4208335876464844,2.6051535606384277,0.6087898015975952,0.56425541639328,0.4613802433013916,1.355466365814209,1.0,1.85:-3.51;1.85:-3.31;1.91:-3.08;1.94:-2.92;1.89:-2.66;1.83:-2.43;1.87:-2.2;1.95:-1.97,1.97:-1.79;1.88:-1.55;1.83:-1.36;1.87:-1.16;1.92:-0.95;1.91:-0.68;1.83:-0.41;1.77:-0.23;1.77:-0.06;1.81:0.13;1.8:0.35;1.77:0.54,2.004429:-2.000583;2.068491:-1.9601;2.139848:-2.036575;2.18633:-1.961668;2.163776:-1.980593;2.223759:-2.036614;2.170723:-1.999558;2.272076:-1.99424;2.232139:-1.895497;2.246674:-1.850076;2.250855:-1.948508;2.301877:-2.010281
sigma3_hotel_seed42,HOTEL:biwi_hotel:107:4690,HOTEL,biwi_hotel,biwi_hotel:107,4690,3,1.368609070777893,2.4453108310699463,0.6087898015975952,0.5582727789878845,0.4004899263381958,1.1953901052474976,1.125,2.49:-3.6;2.49:-3.4;2.53:-3.17;2.56:-3.01;2.51:-2.77;2.45:-2.53;2.47:-2.3;2.55:-2.07,2.57:-1.89;2.5:-1.65;2.45:-1.46;2.47:-1.25;2.52:-1.04;2.58:-0.69;2.57:-0.59;2.54:-0.41;2.5:-0.19;2.5:-0.06;2.5:0.15;2.51:0.31,2.600789:-2.100159;2.662065:-2.060281;2.730967:-2.134802;2.775015:-2.06128;2.74949:-2.079388;2.806123:-2.134428;2.753024:-2.099323;2.851448:-2.093442;2.809431:-1.994814;2.820988:-1.949652;2.823396:-2.046406;2.871875:-2.108386
sigma3_hotel_seed42,HOTEL:biwi_hotel:112:4690,HOTEL,biwi_hotel,biwi_hotel:112,4690,3,3.9790985584259033,6.871179580688477,1.7508926391601562,1.5404181480407715,0.6687560081481934,0.5972119569778442,0.375,3.72:-8.77;3.71:-8.18;3.72:-7.63;3.73:-7.06;3.57:-6.41;3.44:-5.73;3.41:-5.19;3.29:-4.5,3.43:-3.81;3.39:-3.17;3.39:-2.53;3.47:-1.84;3.44:-1.24;3.5:-0.68;3.53:-0.12;3.49:0.42;3.53:0.9;3.55:1.3;3.42:1.75;3.41:2.24,3.252575:-4.546607;3.181302:-4.430543;3.087334:-4.638973;2.945012:-4.473989;2.832875:-4.46649;2.803158:-4.55734;2.391082:-4.407259;2.399079:-4.457441;2.214075:-4.276298;2.114126:-4.220703;2.041749:-4.422436;1.987831:-4.482391
sigma3_hotel_seed42,HOTEL:biwi_hotel:104:4700,HOTEL,biwi_hotel,biwi_hotel:104,4700,3,0.10139115899801254,0.16154882311820984,0.02500000037252903,0.12364014983177185,0.5032751560211182,9.828463554382324,1.5,1.36:-9.23;1.4:-9.28;1.4:-9.36;1.37:-9.31;1.37:-9.32;1.32:-9.34;1.39:-9.34;1.4:-9.34,1.42:-9.29;1.41:-9.28;1.42:-9.28;1.41:-9.27;1.43:-9.26;1.41:-9.23;1.44:-9.26;1.43:-9.25;1.43:-9.28;1.41:-9.27;1.38:-9.24;1.36:-9.24,1.406734:-9.338276;1.407969:-9.336704;1.397892:-9.349289;1.394699:-9.34623;1.404077:-9.349739;1.409583:-9.361572;1.395423:-9.353502;1.390789:-9.367309;1.417009:-9.366114;1.419437:-9.376188;1.431981:-9.382739;1.417809:-9.390851
sigma3_hotel_seed42,HOTEL:biwi_hotel:105:4700,HOTEL,biwi_hotel,biwi_hotel:105,4700,3,0.22132296860218048,0.34708642959594727,0.1060660183429718,0.04394606500864029,0.16796369850635529,1.3045443296432495,1.625,1.37:-8.27;1.37:-8.27;1.37:-8.27;1.37:-8.27;1.37:-8.27;1.37:-8.27;1.33:-8.34;1.36:-8.37,1.37:-8.32;1.37:-8.28;1.37:-8.27;1.37:-8.27;1.37:-8.27;1.37:-8.27;1.37:-8.27;1.35:-8.27;1.33:-8.27;1.33:-8.27;1.33:-8.34;1.35:-8.28,1.386659:-8.370147;1.412983:-8.379972;1.441529:-8.367381;1.472484:-8.389087;1.503195:-8.383174;1.529937:-8.377286;1.550054:-8.403991;1.564338:-8.423584;1.618625:-8.415674;1.638006:-8.42378;1.666507:-8.421033;1.666558:-8.422338
sigma3_hotel_seed42,HOTEL:biwi_hotel:106:4700,HOTEL,biwi_hotel,biwi_hotel:106,4700,3,1.4010101556777954,2.49404239654541,0.4527692496776581,0.557508111000061,0.4728598892688751,1.3243635892868042,1.0,1.85:-3.31;1.91:-3.08;1.94:-2.92;1.89:-2.66;1.83:-2.43;1.87:-2.2;1.95:-1.97;1.97:-1.79,1.88:-1.55;1.83:-1.36;1.87:-1.16;1.92:-0.95;1.91:-0.68;1.83:-0.41;1.77:-0.23;1.77:-0.06;1.81:0.13;1.8:0.35;1.77:0.54;1.76:0.69,1.970201:-1.810384;1.989575:-1.789323;2.023523:-1.822949;2.0254:-1.775281;1.984493:-1.786672;1.982595:-1.825364;1.963829:-1.81483;1.994563:-1.779706;1.940256:-1.71922;1.930385:-1.697674;1.92012:-1.757808;1.927452:-1.798415
sigma3_hotel_seed42,HOTEL:biwi_hotel:107:4700,HOTEL,biwi_hotel,biwi_hotel:107,4700,3,1.3558974266052246,2.426727533340454,0.4527692496776581,0.5515255331993103,0.4297633767127991,1.2472788095474243,1.0,2.49:-3.4;2.53:-3.17;2.56:-3.01;2.51:-2.77;2.45:-2.53;2.47:-2.3;2.55:-2.07;2.57:-1.89,2.5:-1.65;2.45:-1.46;2.47:-1.25;2.52:-1.04;2.58:-0.69;2.57:-0.59;2.54:-0.41;2.5:-0.19;2.5:-0.06;2.5:0.15;2.51:0.31;2.47:0.53,2.567898:-1.910285;2.584876:-1.889253;2.617073:-1.922222;2.617875:-1.875019;2.573963:-1.885976;2.570464:-1.923538;2.549265:-1.914633;2.579433:-1.880219;2.522463:-1.818085;2.510463:-1.796313;2.497869:-1.855366;2.503985:-1.89649
sigma3_hotel_seed42,HOTEL:biwi_hotel:112:4700,HOTEL,biwi_hotel,biwi_hotel:112,4700,3,3.815748929977417,6.624538898468018,1.7601491212844849,1.5811234712600708,0.8930045962333679,0.934456467628479,0.375,3.71:-8.18;3.72:-7.63;3.73:-7.06;3.57:-6.41;3.44:-5.73;3.41:-5.19;3.29:-4.5;3.43:-3.81,3.39:-3.17;3.39:-2.53;3.47:-1.84;3.44:-1.24;3.5:-0.68;3.53:-0.12;3.49:0.42;3.53:0.9;3.55:1.3;3.42:1.75;3.41:2.24;3.45:2.71,3.5896:-3.870515;3.723898:-3.757506;3.812801:-3.992198;3.849825:-3.832518;3.864861:-3.820841;4.033809:-3.901425;3.75648:-3.801283;3.954838:-3.871291;3.896772:-3.629989;3.901052:-3.60154;3.996899:-3.779422;4.046627:-3.887617
sigma3_hotel_seed42,HOTEL:biwi_hotel:104:4710,HOTEL,biwi_hotel,biwi_hotel:104,4710,3,0.060354191809892654,0.14446568489074707,0.13462911546230316,0.1200045794248581,0.5043065547943115,10.344012260437012,1.5,1.4:-9.28;1.4:-9.36;1.37:-9.31;1.37:-9.32;1.32:-9.34;1.39:-9.34;1.4:-9.34;1.42:-9.29,1.41:-9.28;1.42:-9.28;1.41:-9.27;1.43:-9.26;1.41:-9.23;1.44:-9.26;1.43:-9.25;1.43:-9.28;1.41:-9.27;1.38:-9.24;1.36:-9.24;1.29:-9.24,1.409065:-9.291435;1.406812:-9.303185;1.41421:-9.276795;1.419832:-9.305897;1.422134:-9.289962;1.414459:-9.28955;1.43105:-9.316739;1.409161:-9.330437;1.438348:-9.323657;1.428965:-9.320561;1.430038:-9.324976;1.411731:-9.317794
sigma3_hotel_seed42,HOTEL:biwi_hotel:105:4710,HOTEL,biwi_hotel,biwi_hotel:105,4710,3,0.21490485966205597,0.40548840165138245,0.12747548520565033,0.06215684860944748,0.2538617253303528,3.4633431434631348,1.625,1.37:-8.27;1.37:-8.27;1.37:-8.27;1.37:-8.27;1.37:-8.27;1.33:-8.34;1.36:-8.37;1.37:-8.32,1.37:-8.28;1.37:-8.27;1.37:-8.27;1.37:-8.27;1.37:-8.27;1.37:-8.27;1.35:-8.27;1.33:-8.27;1.33:-8.27;1.33:-8.34;1.35:-8.28;1.35:-8.27,1.322763:-8.324867;1.288901:-8.336982;1.277097:-8.306974;1.238918:-8.332697;1.213272:-8.321303;1.157995:-8.312448;1.149225:-8.343567;1.08684:-8.345129;1.079997:-8.349519;1.040313:-8.337735;1.000974:-8.351376;0.9507685:-8.340959
sigma3_hotel_seed42,HOTEL:biwi_hotel:106:4710,HOTEL,biwi_hotel,biwi_hotel:106,4710,3,1.3938769102096558,2.5250792503356934,0.6408002972602844,0.5641591548919678,0.5240494012832642,1.7239570617675781,1.0,1.91:-3.08;1.94:-2.92;1.89:-2.66;1.83:-2.43;1.87:-2.2;1.95:-1.97;1.97:-1.79;1.88:-1.55,1.83:-1.36;1.87:-1.16;1.92:-0.95;1.91:-0.68;1.83:-0.41;1.77:-0.23;1.77:-0.06;1.81:0.13;1.8:0.35;1.77:0.54;1.76:0.69;1.82:0.87,1.78927:-1.563495;1.728041:-1.548303;1.691827:-1.553871;1.632362:-1.521761;1.497871:-1.521622;1.4151:-1.536215;1.347966:-1.567867;1.320256:-1.528749;1.186399:-1.441452;1.101159:-1.427514;1.022516:-1.454488;0.9653788:-1.506057
sigma3_hotel_seed42,HOTEL:biwi_hotel:107:4710,HOTEL,biwi_hotel,biwi_hotel:107,4710,3,1.340919852256775,2.447269916534424,0.625,0.5574353933334351,0.46877989172935486,1.6285730600357056,1.125,2.53:-3.17;2.56:-3.01;2.51:-2.77;2.45:-2.53;2.47:-2.3;2.55:-2.07;2.57:-1.89;2.5:-1.65,2.45:-1.46;2.47:-1.25;2.52:-1.04;2.58:-0.69;2.57:-0.59;2.54:-0.41;2.5:-0.19;2.5:-0.06;2.5:0.15;2.51:0.31;2.47:0.53;2.43:0.75,2.435451:-1.666439;2.398858:-1.648317;2.384116:-1.663883;2.344458:-1.625994;2.232052:-1.629216;2.174263:-1.650779;2.117743:-1.672001;2.111574:-1.63665;1.997632:-1.550223;1.931314:-1.532321;1.870053:-1.569891;1.832132:-1.623117
sigma3_hotel_seed42,HOTEL:biwi_hotel:112:4710,HOTEL,biwi_hotel,biwi_hotel:112,4710,3,3.680131196975708,6.486645698547363,1.6031219959259033,1.6136798858642578,1.0667706727981567,1.1964186429977417,0.5,3.72:-7.63;3.73:-7.06;3.57:-6.41;3.44:-5.73;3.41:-5.19;3.29:-4.5;3.43:-3.81;3.39:-3.17,3.39:-2.53;3.47:-1.84;3.44:-1.24;3.5:-0.68;3.53:-0.12;3.49:0.42;3.53:0.9;3.55:1.3;3.42:1.75;3.41:2.24;3.45:2.71;3.42:3.27,3.480221:-3.219012;3.537845:-3.127364;3.586415:-3.313769;3.582862:-3.177281;3.554127:-3.178234;3.633969:-3.242206;3.383202:-3.162179;3.513612:-3.213406;3.418242:-2.997573;3.415448:-2.975535;3.430887:-3.13841;3.453537:-3.216559
sigma3_hotel_seed42,HOTEL:biwi_hotel:104:4720,HOTEL,biwi_hotel,biwi_hotel:104,4720,3,0.1179037019610405,0.20970448851585388,0.0353553406894207,0.09648390859365463,0.41741424798965454,8.908743858337402,1.5,1.4:-9.36;1.37:-9.31;1.37:-9.32;1.32:-9.34;1.39:-9.34;1.4:-9.34;1.42:-9.29;1.41:-9.28,1.42:-9.28;1.41:-9.27;1.43:-9.26;1.41:-9.23;1.44:-9.26;1.43:-9.25;1.43:-9.28;1.41:-9.27;1.38:-9.24;1.36:-9.24;1.29:-9.24;1.38:-9.28,1.391054:-9.281544;1.375682:-9.285085;1.361651:-9.282253;1.337449:-9.289407;1.326445:-9.288246;1.302081:-9.289515;1.278988:-9.300801;1.246468:-9.308646;1.252735:-9.308123;1.229118:-9.308271;1.21402:-9.31909;1.17465:-9.322514
sigma3_hotel_seed42,HOTEL:biwi_hotel:105:4720,HOTEL,biwi_hotel,biwi_hotel:105,4720,3,0.08734315633773804,0.21135979890823364,0.10000000149011612,0.07644256204366684,0.2685931324958801,3.660738706588745,1.625,1.37:-8.27;1.37:-8.27;1.37:-8.27;1.37:-8.27;1.33:-8.34;1.36:-8.37;1.37:-8.32;1.37:-8.28,1.37:-8.27;1.37:-8.27;1.37:-8.27;1.37:-8.27;1.37:-8.27;1.35:-8.27;1.33:-8.27;1.33:-8.27;1.33:-8.34;1.35:-8.28;1.35:-8.27;1.38:-8.35,1.348905:-8.283041;1.335855:-8.289429;1.328773:-8.275612;1.312859:-8.291811;1.30217:-8.281254;1.279238:-8.290178;1.276452:-8.301022;1.23709:-8.309438;1.248484:-8.305058;1.224383:-8.298107;1.208036:-8.315708;1.172754:-8.308501
sigma3_hotel_seed42,HOTEL:biwi_hotel:106:4720,HOTEL,biwi_hotel,biwi_hotel:106,4720,3,1.4232059717178345,2.562006950378418,0.49117207527160645,0.5761879682540894,0.4573501646518707,1.4500677585601807,1.125,1.94:-2.92;1.89:-2.66;1.83:-2.43;1.87:-2.2;1.95:-1.97;1.97:-1.79;1.88:-1.55;1.83:-1.36,1.87:-1.16;1.92:-0.95;1.91:-0.68;1.83:-0.41;1.77:-0.23;1.77:-0.06;1.81:0.13;1.8:0.35;1.77:0.54;1.76:0.69;1.82:0.87;1.9:1.05,1.740705:-1.37353;1.678898:-1.35686;1.641796:-1.364945;1.582465:-1.331426;1.448411:-1.331027;1.367647:-1.34655;1.29438:-1.375555;1.268732:-1.338676;1.134237:-1.25016;1.049189:-1.234001;0.9701462:-1.263693;0.9144351:-1.314855
sigma3_hotel_seed42,HOTEL:biwi_hotel:107:4720,HOTEL,biwi_hotel,biwi_hotel:107,4720,3,1.3932127952575684,2.5032122135162354,0.49117207527160645,0.5694642066955566,0.40702423453330994,1.2643001079559326,1.25,2.56:-3.01;2.51:-2.77;2.45:-2.53;2.47:-2.3;2.55:-2.07;2.57:-1.89;2.5:-1.65;2.45:-1.46,2.47:-1.25;2.52:-1.04;2.58:-0.69;2.57:-0.59;2.54:-0.41;2.5:-0.19;2.5:-0.06;2.5:0.15;2.51:0.31;2.47:0.53;2.43:0.75;2.4:0.95,2.365478:-1.474203;2.309507:-1.458204;2.278219:-1.466168;2.223779:-1.4328;2.094126:-1.433278;2.017684:-1.44898;1.95163:-1.478548;1.929748:-1.441134;1.800022:-1.353391;1.719177:-1.338074;1.644092:-1.367334;1.591942:-1.419201
sigma3_hotel_seed42,HOTEL:biwi_hotel:104:4730,HOTEL,biwi_hotel,biwi_hotel:104,4730,3,0.05864875018596649,0.09322192519903183,0.02500000037252903,0.07923050969839096,0.3708294928073883,8.663764953613281,1.5,1.37:-9.31;1.37:-9.32;1.32:-9.34;1.39:-9.34;1.4:-9.34;1.42:-9.29;1.41:-9.28;1.42:-9.28,1.41:-9.27;1.43:-9.26;1.41:-9.23;1.44:-9.26;1.43:-9.25;1.43:-9.28;1.41:-9.27;1.38:-9.24;1.36:-9.24;1.29:-9.24;1.38:-9.28;1.36:-9.24,1.404197:-9.279864;1.385936:-9.29173;1.392893:-9.264954;1.388198:-9.284754;1.400486:-9.282454;1.375433:-9.266745;1.406732:-9.286569;1.388955:-9.285581;1.40598:-9.302632;1.426774:-9.310936;1.428155:-9.302981;1.438902:-9.289647
sigma3_hotel_seed42,HOTEL:biwi_hotel:105:4730,HOTEL,biwi_hotel,biwi_hotel:105,4730,3,0.07353994995355606,0.1382131427526474,0.02500000037252903,0.08001399040222168,0.2998431324958801,3.660738706588745,1.5,1.37:-8.27;1.37:-8.27;1.37:-8.27;1.33:-8.34;1.36:-8.37;1.37:-8.32;1.37:-8.28;1.37:-8.27,1.37:-8.27;1.37:-8.27;1.37:-8.27;1.37:-8.27;1.35:-8.27;1.33:-8.27;1.33:-8.27;1.33:-8.34;1.35:-8.28;1.35:-8.27;1.38:-8.35;1.35:-8.28,1.359491:-8.267747;1.347229:-8.266193;1.318081:-8.274387;1.305581:-8.277063;1.299583:-8.273242;1.300549:-8.281231;1.263861:-8.276871;1.247563:-8.297381;1.262437:-8.30057;1.239447:-8.300882;1.241279:-8.300014;1.214472:-8.307111
sigma3_hotel_seed42,HOTEL:biwi_hotel:106:4730,HOTEL,biwi_hotel,biwi_hotel:106,4730,3,1.3639999628067017,2.3823928833007812,0.5099019408226013,0.5544725060462952,0.518736720085144,1.8395929336547852,1.25,1.89:-2.66;1.83:-2.43;1.87:-2.2;1.95:-1.97;1.97:-1.79;1.88:-1.55;1.83:-1.36;1.87:-1.16,1.92:-0.95;1.91:-0.68;1.83:-0.41;1.77:-0.23;1.77:-0.06;1.81:0.13;1.8:0.35;1.77:0.54;1.76:0.69;1.82:0.87;1.9:1.05;1.93:1.21,1.87007:-1.180977;1.889973:-1.158358;1.923679:-1.194531;1.925965:-1.145104;1.881481:-1.156481;1.880529:-1.196265;1.857102:-1.185189;1.890708:-1.152092;1.833869:-1.086732;1.821479:-1.063272;1.80939:-1.125773;1.816733:-1.169699
sigma3_hotel_seed42,HOTEL:biwi_hotel:107:4730,HOTEL,biwi_hotel,biwi_hotel:107,4730,3,1.3202929496765137,2.483863353729248,0.5273755788803101,0.5572488903999329,0.47244203090667725,1.5769922733306885,1.375,2.51:-2.77;2.45:-2.53;2.47:-2.3;2.55:-2.07;2.57:-1.89;2.5:-1.65;2.45:-1.46;2.47:-1.25,2.52:-1.04;2.58:-0.69;2.57:-0.59;2.54:-0.41;2.5:-0.19;2.5:-0.06;2.5:0.15;2.51:0.31;2.47:0.53;2.43:0.75;2.4:0.95;2.38:1.23,2.455005:-1.270275;2.461724:-1.247805;2.484041:-1.280538;2.477165:-1.232955;2.41461:-1.242307;2.40131:-1.277987;2.366769:-1.274556;2.393327:-1.242644;2.321413:-1.169165;2.295063:-1.145665;2.27014:-1.203396;2.267331:-1.251306
sigma3_hotel_seed42,HOTEL:biwi_hotel:104:4740,HOTEL,biwi_hotel,biwi_hotel:104,4740,3,0.0658542811870575,0.05018940567970276,0.0353553406894207,0.08070984482765198,0.3410070836544037,9.829669952392578,1.375,1.37:-9.32;1.32:-9.34;1.39:-9.34;1.4:-9.34;1.42:-9.29;1.41:-9.28;1.42:-9.28;1.41:-9.27,1.43:-9.26;1.41:-9.23;1.44:-9.26;1.43:-9.25;1.43:-9.28;1.41:-9.27;1.38:-9.24;1.36:-9.24;1.29:-9.24;1.38:-9.28;1.36:-9.24;1.35:-9.26,1.390283:-9.27112;1.369437:-9.278488;1.36595:-9.263512;1.348994:-9.273721;1.350852:-9.274126;1.321783:-9.266515;1.334349:-9.277375;1.307863:-9.275412;1.31516:-9.288561;1.320862:-9.295759;1.314284:-9.29496;1.307692:-9.287
sigma3_hotel_seed42,HOTEL:biwi_hotel:105:4740,HOTEL,biwi_hotel,biwi_hotel:105,4740,3,0.08450940251350403,0.14454492926597595,0.0,0.08001399040222168,0.31025978922843933,3.660738706588745,1.375,1.37:-8.27;1.37:-8.27;1.33:-8.34;1.36:-8.37;1.37:-8.32;1.37:-8.28;1.37:-8.27;1.37:-8.27,1.37:-8.27;1.37:-8.27;1.37:-8.27;1.35:-8.27;1.33:-8.27;1.33:-8.27;1.33:-8.34;1.35:-8.28;1.35:-8.27;1.38:-8.35;1.35:-8.28;1.35:-8.27,1.345312:-8.270602;1.323908:-8.279638;1.315385:-8.260139;1.297893:-8.278765;1.294218:-8.27363;1.266759:-8.261274;1.264335:-8.283083;1.235412:-8.289742;1.245334:-8.300956;1.234963:-8.301727;1.225578:-8.298115;1.207448:-8.29392
sigma3_hotel_seed42,HOTEL:biwi_hotel:106:4740,HOTEL,biwi_hotel,biwi_hotel:106,4740,3,1.381265640258789,2.455618143081665,0.5396758317947388,0.5466771721839905,0.4293014109134674,1.4485673904418945,1.375,1.83:-2.43;1.87:-2.2;1.95:-1.97;1.97:-1.79;1.88:-1.55;1.83:-1.36;1.87:-1.16;1.92:-0.95,1.91:-0.68;1.83:-0.41;1.77:-0.23;1.77:-0.06;1.81:0.13;1.8:0.35;1.77:0.54;1.76:0.69;1.82:0.87;1.9:1.05;1.93:1.21;1.88:1.47,1.94943:-0.9760174;1.994205:-0.9438806;2.049124:-1.00053;2.07619:-0.939154;2.043513:-0.9529842;2.076427:-1.001329;2.038388:-0.9773744;2.109528:-0.9605029;2.063309:-0.8772666;2.063878:-0.839757;2.062049:-0.9216188;2.093912:-0.9762833
sigma3_hotel_seed42,HOTEL:biwi_hotel:107:4740,HOTEL,biwi_hotel,biwi_hotel:107,4740,3,1.330614686012268,2.5395634174346924,0.5396758317947388,0.5459932088851929,0.4197101891040802,1.3840667009353638,1.5,2.45:-2.53;2.47:-2.3;2.55:-2.07;2.57:-1.89;2.5:-1.65;2.45:-1.46;2.47:-1.25;2.52:-1.04,2.58:-0.69;2.57:-0.59;2.54:-0.41;2.5:-0.19;2.5:-0.06;2.5:0.15;2.51:0.31;2.47:0.53;2.43:0.75;2.4:0.95;2.38:1.23;2.34:1.46,2.543041:-1.065601;2.582214:-1.033829;2.632335:-1.088557;2.655321:-1.028254;2.615721:-1.041262;2.643107:-1.087798;2.601466:-1.067065;2.668891:-1.050143;2.616856:-0.9645236;2.61197:-0.9274362;2.605144:-1.006912;2.632581:-1.062653
sigma3_hotel_seed42,HOTEL:biwi_hotel:104:4750,HOTEL,biwi_hotel,biwi_hotel:104,4750,3,0.26936736702919006,0.5236485004425049,0.055901698768138885,0.06946307420730591,0.24553287029266357,8.961130142211914,1.25,1.32:-9.34;1.39:-9.34;1.4:-9.34;1.42:-9.29;1.41:-9.28;1.42:-9.28;1.41:-9.27;1.43:-9.26,1.41:-9.23;1.44:-9.26;1.43:-9.25;1.43:-9.28;1.41:-9.27;1.38:-9.24;1.36:-9.24;1.29:-9.24;1.38:-9.28;1.36:-9.24;1.35:-9.26;1.31:-9.19,1.483783:-9.256044;1.520797:-9.244112;1.522549:-9.288385;1.553022:-9.262593;1.587912:-9.274083;1.643899:-9.31251;1.638137:-9.271608;1.674217:-9.289247;1.723827:-9.272655;1.757492:-9.296439;1.806702:-9.309905;1.81591:-9.32514
sigma3_hotel_seed42,HOTEL:biwi_hotel:105:4750,HOTEL,biwi_hotel,biwi_hotel:105,4750,3,0.07499000430107117,0.14944957196712494,0.0,0.08001399040222168,0.22627794742584229,3.660738706588745,1.25,1.37:-8.27;1.33:-8.34;1.36:-8.37;1.37:-8.32;1.37:-8.28;1.37:-8.27;1.37:-8.27;1.37:-8.27,1.37:-8.27;1.37:-8.27;1.35:-8.27;1.33:-8.27;1.33:-8.27;1.33:-8.34;1.35:-8.28;1.35:-8.27;1.38:-8.35;1.35:-8.28;1.35:-8.27;1.35:-8.27,1.360308:-8.266809;1.349774:-8.264677;1.315723:-8.273526;1.306719:-8.278018;1.298109:-8.270915;1.306755:-8.278928;1.260849:-8.275767;1.247424:-8.30042;1.261874:-8.302391;1.230608:-8.299403;1.234252:-8.295015;1.204235:-8.302979
sigma3_hotel_seed42,HOTEL:biwi_hotel:106:4750,HOTEL,biwi_hotel,biwi_hotel:106,4750,3,1.2833735942840576,2.3719418048858643,0.6754627823829651,0.5597959756851196,0.4760231077671051,1.5567846298217773,1.5,1.87:-2.2;1.95:-1.97;1.97:-1.79;1.88:-1.55;1.83:-1.36;1.87:-1.16;1.92:-0.95;1.91:-0.68,1.83:-0.41;1.77:-0.23;1.77:-0.06;1.81:0.13;1.8:0.35;1.77:0.54;1.76:0.69;1.82:0.87;1.9:1.05;1.93:1.21;1.88:1.47;1.85:1.68,1.908318:-0.7057423;1.92607:-0.6709532;1.957055:-0.7252578;1.966756:-0.6644986;1.889713:-0.6740903;1.899657:-0.7149663;1.828116:-0.7065522;1.891323:-0.69701;1.808381:-0.5869265;1.775797:-0.5454907;1.743162:-0.6212639;1.754902:-0.6900347
sigma3_hotel_seed42,HOTEL:biwi_hotel:107:4750,HOTEL,biwi_hotel,biwi_hotel:107,4750,3,1.2106066942214966,2.4085347652435303,0.887764036655426,0.5903638005256653,0.503415048122406,1.200033187866211,1.625,2.47:-2.3;2.55:-2.07;2.57:-1.89;2.5:-1.65;2.45:-1.46;2.47:-1.25;2.52:-1.04;2.58:-0.69,2.57:-0.59;2.54:-0.41;2.5:-0.19;2.5:-0.06;2.5:0.15;2.51:0.31;2.47:0.53;2.43:0.75;2.4:0.95;2.38:1.23;2.34:1.46;2.31:1.64,2.657405:-0.7227844;2.711698:-0.6612582;2.765792:-0.7915132;2.801133:-0.6776224;2.761011:-0.704954;2.835687:-0.7682352;2.693713:-0.7127948;2.822513:-0.7207966;2.736131:-0.5647424;2.748825:-0.5364971;2.741687:-0.6513636;2.778142:-0.7226009
sigma3_hotel_seed42,HOTEL:biwi_hotel:104:4760,HOTEL,biwi_hotel,biwi_hotel:104,4760,3,0.05179261788725853,0.10355614870786667,0.09013878554105759,0.05734004080295563,0.2296176254749298,10.656281471252441,1.125,1.39:-9.34;1.4:-9.34;1.42:-9.29;1.41:-9.28;1.42:-9.28;1.41:-9.27;1.43:-9.26;1.41:-9.23,1.44:-9.26;1.43:-9.25;1.43:-9.28;1.41:-9.27;1.38:-9.24;1.36:-9.24;1.29:-9.24;1.38:-9.28;1.36:-9.24;1.35:-9.26;1.31:-9.19;1.3:-9.18,1.403001:-9.231547;1.396749:-9.232245;1.387205:-9.238172;1.369999:-9.237832;1.364553:-9.239843;1.350562:-9.248887;1.331307:-9.250926;1.307427:-9.256994;1.317:-9.251498;1.301877:-9.255643;1.293887:-9.270721;1.259166:-9.275166
sigma3_hotel_seed42,HOTEL:biwi_hotel:105:4760,HOTEL,biwi_hotel,biwi_hotel:105,4760,3,0.050185855478048325,0.09273374825716019,0.0,0.05122021585702896,0.14229609072208405,2.356194496154785,1.125,1.33:-8.34;1.36:-8.37;1.37:-8.32;1.37:-8.28;1.37:-8.27;1.37:-8.27;1.37:-8.27;1.37:-8.27,1.37:-8.27;1.35:-8.27;1.33:-8.27;1.33:-8.27;1.33:-8.34;1.35:-8.28;1.35:-8.27;1.38:-8.35;1.35:-8.28;1.35:-8.27;1.35:-8.27;1.35:-8.27,1.363399:-8.268373;1.352862:-8.267018;1.331361:-8.276384;1.318621:-8.27582;1.318845:-8.276423;1.315758:-8.285926;1.291462:-8.278551;1.276207:-8.294548;1.294652:-8.298092;1.284837:-8.303601;1.28865:-8.306867;1.268119:-8.313532
sigma3_hotel_seed42,HOTEL:biwi_hotel:106:4760,HOTEL,biwi_hotel,biwi_hotel:106,4760,3,1.3216652870178223,2.5467488765716553,0.7040063738822937,0.5733983516693115,0.4675830006599426,1.5837403535842896,1.625,1.95:-1.97;1.97:-1.79;1.88:-1.55;1.83:-1.36;1.87:-1.16;1.92:-0.95;1.91:-0.68;1.83:-0.41,1.77:-0.23;1.77:-0.06;1.81:0.13;1.8:0.35;1.77:0.54;1.76:0.69;1.82:0.87;1.9:1.05;1.93:1.21;1.88:1.47;1.85:1.68;1.88:1.89,1.727429:-0.4217243;1.640852:-0.3932403;1.57535:-0.4174657;1.49595:-0.3737404;1.341484:-0.3689072;1.252535:-0.3911608;1.117003:-0.4033638;1.087716:-0.380168;0.9281725:-0.2772703;0.8230911:-0.2454095;0.7244774:-0.293913;0.6595618:-0.3452764
sigma3_hotel_seed42,HOTEL:biwi_hotel:107:4760,HOTEL,biwi_hotel,biwi_hotel:107,4760,3,1.274619460105896,2.447169065475464,0.2512468993663788,0.5392862558364868,0.6924906969070435,1.2454004287719727,1.75,2.55:-2.07;2.57:-1.89;2.5:-1.65;2.45:-1.46;2.47:-1.25;2.52:-1.04;2.58:-0.69;2.57:-0.59,2.54:-0.41;2.5:-0.19;2.5:-0.06;2.5:0.15;2.51:0.31;2.47:0.53;2.43:0.75;2.4:0.95;2.38:1.23;2.34:1.46;2.31:1.64;2.33:1.85,2.512774:-0.5953783;2.480139:-0.6011398;2.467623:-0.5740357;2.442775:-0.5900094;2.379852:-0.5762128;2.327996:-0.5732651;2.323161:-0.6164306;2.288896:-0.6119195;2.252998:-0.5695002;2.205225:-0.5646801;2.166849:-0.5696841;2.126425:-0.5886868
sigma3_hotel_seed42,HOTEL:biwi_hotel:104:4770,HOTEL,biwi_hotel,biwi_hotel:104,4770,3,0.16044491529464722,0.2829418480396271,0.1060660183429718,0.06892090290784836,0.25785958766937256,12.410188674926758,1.0,1.4:-9.34;1.42:-9.29;1.41:-9.28;1.42:-9.28;1.41:-9.27;1.43:-9.26;1.41:-9.23;1.44:-9.26,1.43:-9.25;1.43:-9.28;1.41:-9.27;1.38:-9.24;1.36:-9.24;1.29:-9.24;1.38:-9.28;1.36:-9.24;1.35:-9.26;1.31:-9.19;1.3:-9.18;1.3:-9.18,1.441832:-9.261441;1.449183:-9.273131;1.465654:-9.248728;1.481985:-9.277718;1.496372:-9.263245;1.50139:-9.262366;1.525771:-9.286459;1.514017:-9.304355;1.555587:-9.299786;1.55803:-9.297419;1.567771:-9.300916;1.559694:-9.292317
sigma3_hotel_seed42,HOTEL:biwi_hotel:105:4770,HOTEL,biwi_hotel,biwi_hotel:105,4770,3,0.03506362438201904,0.03780503198504448,0.0,0.03606792539358139,0.05639805644750595,0.19739556312561035,1.0,1.36:-8.37;1.37:-8.32;1.37:-8.28;1.37:-8.27;1.37:-8.27;1.37:-8.27;1.37:-8.27;1.37:-8.27,1.35:-8.27;1.33:-8.27;1.33:-8.27;1.33:-8.34;1.35:-8.28;1.35:-8.27;1.38:-8.35;1.35:-8.28;1.35:-8.27;1.35:-8.27;1.35:-8.27;1.35:-8.27,1.367638:-8.268286;1.358892:-8.266193;1.340765:-8.276791;1.332605:-8.272717;1.337576:-8.27525;1.33783:-8.285501;1.324161:-8.272659;1.314583:-8.284572;1.332272:-8.290307;1.333374:-8.299318;1.342234:-8.300282;1.333606:-8.304066
sigma3_hotel_seed42,HOTEL:biwi_hotel:106:4770,HOTEL,biwi_hotel,biwi_hotel:106,4770,3,1.3638516664505005,2.579150438308716,0.47434166073799133,0.5764801502227783,0.4330994784832001,1.1480076313018799,1.75,1.97:-1.79;1.88:-1.55;1.83:-1.36;1.87:-1.16;1.92:-0.95;1.91:-0.68;1.83:-0.41;1.77:-0.23,1.77:-0.06;1.81:0.13;1.8:0.35;1.77:0.54;1.76:0.69;1.82:0.87;1.9:1.05;1.93:1.21;1.88:1.47;1.85:1.68;1.88:1.89;1.91:2.08,1.652972:-0.2392106;1.567207:-0.2320895;1.511844:-0.2192951;1.43239:-0.198496;1.284725:-0.1953648;1.173775:-0.199442;1.113546:-0.2453362;1.056378:-0.1956991;0.9099612:-0.1203394;0.8124071:-0.1169674;0.7216871:-0.1251307;0.64477:-0.1674901
sigma3_hotel_seed42,HOTEL:biwi_hotel:107:4770,HOTEL,biwi_hotel,biwi_hotel:107,4770,3,1.2935031652450562,2.4542996883392334,0.45620718598365784,0.539777398109436,0.6657152771949768,0.9164291620254517,1.875,2.57:-1.89;2.5:-1.65;2.45:-1.46;2.47:-1.25;2.52:-1.04;2.58:-0.69;2.57:-0.59;2.54:-0.41,2.5:-0.19;2.5:-0.06;2.5:0.15;2.51:0.31;2.47:0.53;2.43:0.75;2.4:0.95;2.38:1.23;2.34:1.46;2.31:1.64;2.33:1.85;2.36:2.04,2.509561:-0.4214543;2.500798:-0.4168474;2.509918:-0.4143778;2.497488:-0.4042202;2.44914:-0.4014435;2.419706:-0.416199;2.413959:-0.4356506;2.406327:-0.416552;2.366785:-0.371041;2.338899:-0.3604449;2.315744:-0.388103;2.297045:-0.4134921
sigma3_hotel_seed42,HOTEL:biwi_hotel:104:4780,HOTEL,biwi_hotel,biwi_hotel:104,4780,3,0.09981223195791245,0.2130623310804367,0.0353553406894207,0.054738931357860565,0.26470184326171875,14.385876655578613,1.0,1.42:-9.29;1.41:-9.28;1.42:-9.28;1.41:-9.27;1.43:-9.26;1.41:-9.23;1.44:-9.26;1.43:-9.25,1.43:-9.28;1.41:-9.27;1.38:-9.24;1.36:-9.24;1.29:-9.24;1.38:-9.28;1.36:-9.24;1.35:-9.26;1.31:-9.19;1.3:-9.18;1.3:-9.18;1.3:-9.18,1.399702:-9.254165;1.37393:-9.259656;1.36268:-9.249954;1.328054:-9.256184;1.310611:-9.256297;1.267586:-9.255787;1.256622:-9.267995;1.209536:-9.263555;1.200949:-9.266131;1.178508:-9.266171;1.149995:-9.280808;1.109446:-9.275314
sigma3_hotel_seed42,HOTEL:biwi_hotel:105:4780,HOTEL,biwi_hotel,biwi_hotel:105,4780,3,0.20716281235218048,0.3740960657596588,0.05000000074505806,0.02500000037252903,0.0625,1.5707963705062866,1.0,1.37:-8.32;1.37:-8.28;1.37:-8.27;1.37:-8.27;1.37:-8.27;1.37:-8.27;1.37:-8.27;1.35:-8.27,1.33:-8.27;1.33:-8.27;1.33:-8.34;1.35:-8.28;1.35:-8.27;1.38:-8.35;1.35:-8.28;1.35:-8.27;1.35:-8.27;1.35:-8.27;1.35:-8.27;1.33:-8.29,1.313625:-8.27245;1.284826:-8.276527;1.258495:-8.268106;1.222867:-8.278292;1.197739:-8.273049;1.161928:-8.268694;1.127785:-8.283681;1.082313:-8.290449;1.072611:-8.295147;1.031173:-8.288721;1.003373:-8.294227;0.9559315:-8.294538
sigma3_hotel_seed42,HOTEL:biwi_hotel:106:4780,HOTEL,biwi_hotel,biwi_hotel:106,4780,3,1.25448739528656,2.351041078567505,0.42500001192092896,0.5456515550613403,0.4297623634338379,1.3683111667633057,1.75,1.88:-1.55;1.83:-1.36;1.87:-1.16;1.92:-0.95;1.91:-0.68;1.83:-0.41;1.77:-0.23;1.77:-0.06,1.81:0.13;1.8:0.35;1.77:0.54;1.76:0.69;1.82:0.87;1.9:1.05;1.93:1.21;1.88:1.47;1.85:1.68;1.88:1.89;1.91:2.08;1.9:2.26,1.742426:-0.07345483;1.736941:-0.06490817;1.748824:-0.07050869;1.735929:-0.05063985;1.684762:-0.05147197;1.657226:-0.07197696;1.647088:-0.08513264;1.645237:-0.05956845;1.597167:-0.009818647;1.570222:0.002511743;1.547295:-0.0321223;1.531404:-0.06196707
sigma3_hotel_seed42,HOTEL:biwi_hotel:107:4780,HOTEL,biwi_hotel,biwi_hotel:107,4780,3,1.2823981046676636,2.449831962585449,0.55901700258255,0.5303512215614319,0.6525688171386719,0.9046635627746582,2.0,2.5:-1.65;2.45:-1.46;2.47:-1.25;2.52:-1.04;2.58:-0.69;2.57:-0.59;2.54:-0.41;2.5:-0.19,2.5:-0.06;2.5:0.15;2.51:0.31;2.47:0.53;2.43:0.75;2.4:0.95;2.38:1.23;2.34:1.46;2.31:1.64;2.33:1.85;2.36:2.04;2.36:2.22,2.430994:-0.206471;2.389532:-0.1871997;2.370577:-0.2034689;2.328554:-0.1651717;2.208592:-0.1674521;2.148287:-0.1877925;2.082832:-0.2108968;2.076994:-0.1783419;1.956328:-0.08624671;1.884475:-0.066393;1.817595:-0.1039371;1.777345:-0.1595355
sigma3_hotel_seed42,HOTEL:biwi_hotel:104:4790,HOTEL,biwi_hotel,biwi_hotel:104,4790,3,0.1791030615568161,0.2739354968070984,0.07500000298023224,0.06040245294570923,0.2843584716320038,14.385876655578613,1.0,1.41:-9.28;1.42:-9.28;1.41:-9.27;1.43:-9.26;1.41:-9.23;1.44:-9.26;1.43:-9.25;1.43:-9.28,1.41:-9.27;1.38:-9.24;1.36:-9.24;1.29:-9.24;1.38:-9.28;1.36:-9.24;1.35:-9.26;1.31:-9.19;1.3:-9.18;1.3:-9.18;1.3:-9.18;1.3:-9.18,1.447918:-9.27979;1.462703:-9.279059;1.465003:-9.291687;1.472433:-9.289673;1.48542:-9.291586;1.500959:-9.306644;1.492141:-9.303858;1.493569:-9.315815;1.524053:-9.30438;1.527529:-9.314441;1.544193:-9.32647;1.526499:-9.334074
sigma3_hotel_seed42,HOTEL:biwi_hotel:105:4790,HOTEL,biwi_hotel,biwi_hotel:105,4790,3,0.30332261323928833,0.527742862701416,0.05000000074505806,0.01785714365541935,0.03125,1.5707963705062866,1.0,1.37:-8.28;1.37:-8.27;1.37:-8.27;1.37:-8.27;1.37:-8.27;1.37:-8.27;1.35:-8.27;1.33:-8.27,1.33:-8.27;1.33:-8.34;1.35:-8.28;1.35:-8.27;1.38:-8.35;1.35:-8.28;1.35:-8.27;1.35:-8.27;1.35:-8.27;1.35:-8.27;1.33:-8.29;1.31:-8.29,1.276959:-8.275408;1.236264:-8.283051;1.212049:-8.264751;1.159469:-8.278508;1.123306:-8.273841;1.061345:-8.262828;1.030746:-8.288436;0.9648954:-8.285239;0.9403949:-8.291882;0.8899597:-8.282649;0.842908:-8.293744;0.7822572:-8.289662
sigma3_hotel_seed42,HOTEL:biwi_hotel:106:4790,HOTEL,biwi_hotel,biwi_hotel:106,4790,3,1.2568796873092651,2.4077258110046387,0.48541221022605896,0.5448287129402161,0.38202017545700073,1.1210881471633911,1.75,1.83:-1.36;1.87:-1.16;1.92:-0.95;1.91:-0.68;1.83:-0.41;1.77:-0.23;1.77:-0.06;1.81:0.13,1.8:0.35;1.77:0.54;1.76:0.69;1.82:0.87;1.9:1.05;1.93:1.21;1.88:1.47;1.85:1.68;1.88:1.89;1.91:2.08;1.9:2.26;1.83:2.51,1.832854:0.1081068;1.872916:0.1306012;1.923889:0.08968615;1.939604:0.1416742;1.923467:0.1271155;1.940669:0.08089611;1.935809:0.1038399;1.978907:0.1397022;1.945763:0.1912902;1.95503:0.2140375;1.963098:0.1445313;1.985445:0.1072972
sigma3_hotel_seed42,HOTEL:biwi_hotel:107:4790,HOTEL,biwi_hotel,biwi_hotel:107,4790,3,1.3531365394592285,2.499185800552368,0.32499998807907104,0.5066123604774475,0.679326593875885,0.7322416305541992,2.0,2.45:-1.46;2.47:-1.25;2.52:-1.04;2.58:-0.69;2.57:-0.59;2.54:-0.41;2.5:-0.19;2.5:-0.06,2.5:0.15;2.51:0.31;2.47:0.53;2.43:0.75;2.4:0.95;2.38:1.23;2.34:1.46;2.31:1.64;2.33:1.85;2.36:2.04;2.36:2.22;2.45:2.42,2.456801:-0.07001429;2.437882:-0.06718402;2.437086:-0.05902721;2.416912:-0.05407196;2.35664:-0.04845271;2.316128:-0.05920626;2.305989:-0.08581108;2.288902:-0.06918482;2.242975:-0.02032666;2.203752:-0.01102855;2.171816:-0.03324867;2.142963:-0.06025353
sigma3_hotel_seed42,HOTEL:biwi_hotel:104:4800,HOTEL,biwi_hotel,biwi_hotel:104,4800,3,0.2137458175420761,0.45217448472976685,0.055901698768138885,0.06481698155403137,0.3076508343219757,14.064126014709473,1.0,1.42:-9.28;1.41:-9.27;1.43:-9.26;1.41:-9.23;1.44:-9.26;1.43:-9.25;1.43:-9.28;1.41:-9.27,1.38:-9.24;1.36:-9.24;1.29:-9.24;1.38:-9.28;1.36:-9.24;1.35:-9.26;1.31:-9.19;1.3:-9.18;1.3:-9.18;1.3:-9.18;1.3:-9.18;1.3:-9.18,1.360041:-9.274104;1.322416:-9.28204;1.295778:-9.26394;1.247105:-9.281712;1.210976:-9.273504;1.156112:-9.266423;1.117045:-9.293752;1.051762:-9.297772;1.0347:-9.300195;0.9774591:-9.287313;0.9317508:-9.300867;0.8635089:-9.298057
sigma3_hotel_seed42,HOTEL:biwi_hotel:105:4800,HOTEL,biwi_hotel,biwi_hotel:105,4800,3,0.08686698228120804,0.023344628512859344,0.0,0.014285714365541935,0.0416666679084301,0.0,1.0,1.37:-8.27;1.37:-8.27;1.37:-8.27;1.37:-8.27;1.37:-8.27;1.35:-8.27;1.33:-8.27;1.33:-8.27,1.33:-8.34;1.35:-8.28;1.35:-8.27;1.38:-8.35;1.35:-8.28;1.35:-8.27;1.35:-8.27;1.35:-8.27;1.35:-8.27;1.33:-8.29;1.31:-8.29;1.23:-8.23,1.30367:-8.272905;1.280661:-8.286891;1.295419:-8.251287;1.281797:-8.271159;1.278037:-8.270746;1.231094:-8.245833;1.269345:-8.275881;1.24025:-8.25827;1.228039:-8.270182;1.239933:-8.272713;1.216628:-8.273278;1.219764:-8.25098
sigma3_hotel_seed42,HOTEL:biwi_hotel:106:4800,HOTEL,biwi_hotel,biwi_hotel:106,4800,3,1.2221726179122925,2.3405892848968506,0.5505678653717041,0.5506380796432495,0.428027868270874,1.3376600742340088,1.625,1.87:-1.16;1.92:-0.95;1.91:-0.68;1.83:-0.41;1.77:-0.23;1.77:-0.06;1.81:0.13;1.8:0.35,1.77:0.54;1.76:0.69;1.82:0.87;1.9:1.05;1.93:1.21;1.88:1.47;1.85:1.68;1.88:1.89;1.91:2.08;1.9:2.26;1.83:2.51;1.8:2.68,1.792231:0.3286392;1.805583:0.3530974;1.833173:0.3156997;1.831711:0.3661266;1.773289:0.3559552;1.767577:0.3175558;1.731791:0.324817;1.766006:0.3541317;1.697896:0.4301719;1.675288:0.4562971;1.653934:0.3937524;1.656549:0.3438108
sigma3_hotel_seed42,HOTEL:biwi_hotel:107:4800,HOTEL,biwi_hotel,biwi_hotel:107,4800,3,1.346042513847351,2.4553439617156982,0.5249999761581421,0.5062729716300964,0.7314099073410034,0.5934501886367798,2.0,2.47:-1.25;2.52:-1.04;2.58:-0.69;2.57:-0.59;2.54:-0.41;2.5:-0.19;2.5:-0.06;2.5:0.15,2.51:0.31;2.47:0.53;2.43:0.75;2.4:0.95;2.38:1.23;2.34:1.46;2.31:1.64;2.33:1.85;2.36:2.04;2.36:2.22;2.45:2.42;2.47:2.6,2.499635:0.128942;2.516582:0.15163;2.549878:0.1162691;2.55419:0.164513;2.507244:0.1540497;2.507996:0.1177712;2.478824:0.125492;2.515986:0.1547468;2.456045:0.223527;2.443108:0.2486555;2.427974:0.188539;2.437361:0.144873
sigma3_hotel_seed42,HOTEL:biwi_hotel:104:4810,HOTEL,biwi_hotel,biwi_hotel:104,4810,3,0.09107955545186996,0.19331783056259155,0.1060660183429718,0.07491850852966309,0.29969322681427,12.493330001831055,1.0,1.41:-9.27;1.43:-9.26;1.41:-9.23;1.44:-9.26;1.43:-9.25;1.43:-9.28;1.41:-9.27;1.38:-9.24,1.36:-9.24;1.29:-9.24;1.38:-9.28;1.36:-9.24;1.35:-9.26;1.31:-9.19;1.3:-9.18;1.3:-9.18;1.3:-9.18;1.3:-9.18;1.3:-9.18;1.3:-9.18,1.363052:-9.242529;1.350767:-9.245802;1.340069:-9.244411;1.31554:-9.249883;1.302896:-9.249476;1.27783:-9.252805;1.254707:-9.264706;1.220881:-9.269849;1.224641:-9.264986;1.199106:-9.264934;1.181316:-9.280506;1.136947:-9.283854
sigma3_hotel_seed42,HOTEL:biwi_hotel:105:4810,HOTEL,biwi_hotel,biwi_hotel:105,4810,3,0.09636282175779343,0.1392737776041031,0.17499999701976776,0.03928571566939354,0.1145833358168602,1.5707963705062866,1.0,1.37:-8.27;1.37:-8.27;1.37:-8.27;1.37:-8.27;1.35:-8.27;1.33:-8.27;1.33:-8.27;1.33:-8.34,1.35:-8.28;1.35:-8.27;1.38:-8.35;1.35:-8.28;1.35:-8.27;1.35:-8.27;1.35:-8.27;1.35:-8.27;1.33:-8.29;1.31:-8.29;1.23:-8.23;1.17:-8.26,1.307413:-8.34381;1.301554:-8.355663;1.313677:-8.322923;1.317631:-8.353815;1.303516:-8.336843;1.284451:-8.330503;1.307951:-8.369025;1.28783:-8.381674;1.305431:-8.361164;1.290347:-8.356106;1.281366:-8.359639;1.264938:-8.361902
sigma3_hotel_seed42,HOTEL:biwi_hotel:106:4810,HOTEL,biwi_hotel,biwi_hotel:106,4810,3,1.2569421529769897,2.4012882709503174,0.4808846116065979,0.5422393679618835,0.37719735503196716,1.1780753135681152,1.5,1.92:-0.95;1.91:-0.68;1.83:-0.41;1.77:-0.23;1.77:-0.06;1.81:0.13;1.8:0.35;1.77:0.54,1.76:0.69;1.82:0.87;1.9:1.05;1.93:1.21;1.88:1.47;1.85:1.68;1.88:1.89;1.91:2.08;1.9:2.26;1.83:2.51;1.8:2.68;1.79:2.91,1.724748:0.5230926;1.703134:0.540181;1.703053:0.5226814;1.67597:0.5608842;1.588438:0.5555339;1.546723:0.531453;1.50522:0.5178415;1.507725:0.5542934;1.413604:0.6281403;1.367035:0.645338;1.322162:0.6048214;1.298423:0.5595664
sigma3_hotel_seed42,HOTEL:biwi_hotel:107:4810,HOTEL,biwi_hotel,biwi_hotel:107,4810,3,1.387632966041565,2.5204591751098633,0.40078049898147583,0.4864307940006256,0.6383198499679565,0.5919041037559509,1.875,2.52:-1.04;2.58:-0.69;2.57:-0.59;2.54:-0.41;2.5:-0.19;2.5:-0.06;2.5:0.15;2.51:0.31,2.47:0.53;2.43:0.75;2.4:0.95;2.38:1.23;2.34:1.46;2.31:1.64;2.33:1.85;2.36:2.04;2.36:2.22;2.45:2.42;2.47:2.6;2.46:2.83,2.481803:0.2926086;2.47417:0.3090135;2.487044:0.2892173;2.470581:0.3282617;2.404974:0.3208159;2.377118:0.2934865;2.349511:0.2874788;2.359213:0.3255317;2.282892:0.3882321;2.253431:0.4046957;2.223435:0.3606312;2.211663:0.3218048
sigma3_hotel_seed42,HOTEL:biwi_hotel:104:4820,HOTEL,biwi_hotel,biwi_hotel:104,4820,3,0.18310873210430145,0.3840927183628082,0.05000000074505806,0.07407540827989578,0.28604885935783386,11.583577156066895,1.0,1.43:-9.26;1.41:-9.23;1.44:-9.26;1.43:-9.25;1.43:-9.28;1.41:-9.27;1.38:-9.24;1.36:-9.24,1.29:-9.24;1.38:-9.28;1.36:-9.24;1.35:-9.26;1.31:-9.19;1.3:-9.18;1.3:-9.18;1.3:-9.18;1.3:-9.18;1.3:-9.18;1.3:-9.18;1.33:-9.25,1.32336:-9.243276;1.29588:-9.249937;1.276565:-9.237275;1.238218:-9.251286;1.212918:-9.246349;1.169919:-9.241196;1.138248:-9.264383;1.086913:-9.269266;1.07963:-9.269933;1.03682:-9.262834;1.003597:-9.275351;0.9467548:-9.275501
sigma3_hotel_seed42,HOTEL:biwi_hotel:105:4820,HOTEL,biwi_hotel,biwi_hotel:105,4820,3,0.06896161288022995,0.2103666216135025,0.15811388194561005,0.0618734136223793,0.2515932023525238,4.39063835144043,1.0,1.37:-8.27;1.37:-8.27;1.37:-8.27;1.35:-8.27;1.33:-8.27;1.33:-8.27;1.33:-8.34;1.35:-8.28,1.35:-8.27;1.38:-8.35;1.35:-8.28;1.35:-8.27;1.35:-8.27;1.35:-8.27;1.35:-8.27;1.33:-8.29;1.31:-8.29;1.23:-8.23;1.17:-8.26;1.13:-8.22,1.330396:-8.283291;1.326902:-8.296403;1.340962:-8.261751;1.347967:-8.296017;1.339137:-8.277954;1.323122:-8.270396;1.350159:-8.309529;1.330467:-8.325541;1.355379:-8.307653;1.343088:-8.302739;1.337022:-8.305128;1.322323:-8.305242
sigma3_hotel_seed42,HOTEL:biwi_hotel:106:4820,HOTEL,biwi_hotel,biwi_hotel:106,4820,3,1.3123489618301392,2.431429386138916,0.3758324086666107,0.4994350075721741,0.3508654236793518,1.0170737504959106,1.375,1.91:-0.68;1.83:-0.41;1.77:-0.23;1.77:-0.06;1.81:0.13;1.8:0.35;1.77:0.54;1.76:0.69,1.82:0.87;1.9:1.05;1.93:1.21;1.88:1.47;1.85:1.68;1.88:1.89;1.91:2.08;1.9:2.26;1.83:2.51;1.8:2.68;1.79:2.91;1.76:3.1,1.713452:0.6775724;1.689687:0.6848167;1.688012:0.6848879;1.661233:0.7044778;1.591047:0.7040434;1.545407:0.6887367;1.526958:0.6672199;1.512828:0.7001571;1.442973:0.7527826;1.403302:0.7619181;1.366369:0.7355387;1.338615:0.7053635
sigma3_hotel_seed42,HOTEL:biwi_hotel:107:4820,HOTEL,biwi_hotel,biwi_hotel:107,4820,3,1.3842101097106934,2.5224127769470215,0.55901700258255,0.4394669234752655,0.4492442011833191,0.5647294521331787,1.75,2.58:-0.69;2.57:-0.59;2.54:-0.41;2.5:-0.19;2.5:-0.06;2.5:0.15;2.51:0.31;2.47:0.53,2.43:0.75;2.4:0.95;2.38:1.23;2.34:1.46;2.31:1.64;2.33:1.85;2.36:2.04;2.36:2.22;2.45:2.42;2.47:2.6;2.46:2.83;2.46:3.01,2.416484:0.5125033;2.389879:0.5321329;2.383343:0.5118132;2.351046:0.5525324;2.248638:0.5479041;2.201025:0.5226458;2.148063:0.5072719;2.150026:0.5413337;2.044729:0.6264015;1.986481:0.6461386;1.93284:0.6031355;1.902662:0.5499307
sigma3_hotel_seed42,HOTEL:biwi_hotel:119:5680,HOTEL,biwi_hotel,biwi_hotel:119,5680,3,3.9490067958831787,7.365200042724609,1.209338665008545,1.364098310470581,0.46689119935035706,0.3931954503059387,1.0,1.3:3.75;1.23:3.21;1.25:2.68;1.24:2.15;1.23:1.65;1.21:1.03;1.23:0.42;1.29:-0.06,1.32:-0.61;1.38:-1.18;1.47:-1.86;1.53:-2.46;1.73:-3.04;1.83:-3.68;1.95:-4.21;2.07:-4.79;2.24:-5.45;2.37:-5.91;2.58:-6.61;2.68:-7.26,1.336833:-0.09974113;1.346504:-0.0234684;1.368241:-0.176593;1.343048:-0.05454047;1.285646:-0.06664765;1.31192:-0.1222471;1.085651:-0.05448279;1.174582:-0.08844082;1.055505:0.1039604;1.048537:0.1232027;1.013088:-0.02498795;1.019617:-0.08439584
sigma3_hotel_seed42,HOTEL:biwi_hotel:120:5680,HOTEL,biwi_hotel,biwi_hotel:120,5680,3,3.883577346801758,7.272907733917236,1.225000023841858,1.3357245922088623,0.5015189051628113,0.6552219986915588,1.0,0.59:3.3;0.58:2.8;0.52:2.25;0.57:1.7;0.58:1.19;0.57:0.64;0.64:0.06;0.64:-0.43,0.62:-0.92;0.69:-1.44;0.79:-2.02;0.8:-2.61;1.02:-3.24;1.07:-3.84;1.23:-4.44;1.4:-5.04;1.55:-5.73;1.71:-6.24;1.86:-6.84;1.93:-7.38,0.627902:-0.4676236;0.5795857:-0.3888242;0.5495524:-0.5342275;0.4695227:-0.4147963;0.3748657:-0.4201984;0.343736:-0.4737455;0.0694077:-0.3976251;0.1031958:-0.4330822;-0.05129665:-0.2489938;-0.09466451:-0.2218675;-0.1735145:-0.3778582;-0.1994295:-0.4258132
sigma3_hotel_seed42,HOTEL:biwi_hotel:119:5690,HOTEL,biwi_hotel,biwi_hotel:119,5690,3,4.0156989097595215,7.439379692077637,1.3770439624786377,1.366348147392273,0.45189523696899414,0.2964302599430084,1.0,1.23:3.21;1.25:2.68;1.24:2.15;1.23:1.65;1.21:1.03;1.23:0.42;1.29:-0.06;1.32:-0.61,1.38:-1.18;1.47:-1.86;1.53:-2.46;1.73:-3.04;1.83:-3.68;1.95:-4.21;2.07:-4.79;2.24:-5.45;2.37:-5.91;2.58:-6.61;2.68:-7.26;2.86:-7.87,1.379356:-0.6565111;1.403547:-0.5668533;1.426207:-0.7451192;1.396339:-0.6104434;1.349047:-0.6132011;1.395788:-0.6763675;1.1324:-0.5916892;1.232182:-0.6390138;1.11818:-0.4352646;1.102815:-0.4102401;1.089886:-0.5737907;1.098429:-0.6421899
sigma3_hotel_seed42,HOTEL:biwi_hotel:120:5690,HOTEL,biwi_hotel,biwi_hotel:120,5690,3,4.076124668121338,7.608267784118652,1.2260199785232544,1.3322632312774658,0.4486953020095825,0.6073517799377441,1.0,0.58:2.8;0.52:2.25;0.57:1.7;0.58:1.19;0.57:0.64;0.64:0.06;0.64:-0.43;0.62:-0.92,0.69:-1.44;0.79:-2.02;0.8:-2.61;1.02:-3.24;1.07:-3.84;1.23:-4.44;1.4:-5.04;1.55:-5.73;1.71:-6.24;1.86:-6.84;1.93:-7.38;2.14:-8.04,0.5788576:-0.9559606;0.5057124:-0.8762876;0.449896:-1.015466;0.3463953:-0.8998059;0.2316964:-0.8989382;0.178064:-0.9505168;-0.1188554:-0.8745319;-0.1086808:-0.9102644;-0.2793934:-0.7310752;-0.3465218:-0.6979717;-0.440665:-0.8519526;-0.4831282:-0.8982258
sigma3_hotel_seed42,HOTEL:biwi_hotel:119:5700,HOTEL,biwi_hotel,biwi_hotel:119,5700,3,4.017227649688721,7.379420757293701,1.432873010635376,1.3816238641738892,0.4582030773162842,0.2902320921421051,1.0,1.25:2.68;1.24:2.15;1.23:1.65;1.21:1.03;1.23:0.42;1.29:-0.06;1.32:-0.61;1.38:-1.18,1.47:-1.86;1.53:-2.46;1.73:-3.04;1.83:-3.68;1.95:-4.21;2.07:-4.79;2.24:-5.45;2.37:-5.91;2.58:-6.61;2.68:-7.26;2.86:-7.87;2.96:-8.47,1.479157:-1.230653;1.547093:-1.137664;1.603047:-1.327364;1.606395:-1.190571;1.584208:-1.188874;1.676154:-1.252504;1.426799:-1.173438;1.566453:-1.227667;1.477425:-1.009954;1.475893:-0.9871593;1.502938:-1.148397;1.530612:-1.230338
sigma3_hotel_seed42,HOTEL:biwi_hotel:120:5700,HOTEL,biwi_hotel,biwi_hotel:120,5700,3,3.9299027919769287,7.231471538543701,1.3117259740829468,1.3220586776733398,0.43293315172195435,0.5826353430747986,1.0,0.52:2.25;0.57:1.7;0.58:1.19;0.57:0.64;0.64:0.06;0.64:-0.43;0.62:-0.92;0.69:-1.44,0.79:-2.02;0.8:-2.61;1.02:-3.24;1.07:-3.84;1.23:-4.44;1.4:-5.04;1.55:-5.73;1.71:-6.24;1.86:-6.84;1.93:-7.38;2.14:-8.04;2.26:-8.63,0.8025659:-1.487107;0.884437:-1.410471;0.9711764:-1.572136;1.004855:-1.456613;0.9915001:-1.458795;1.086959:-1.504882;0.8993862:-1.46096;1.053829:-1.509885;0.9803519:-1.289264;1.002771:-1.278746;1.031348:-1.417937;1.072459:-1.496703
sigma3_hotel_seed42,HOTEL:biwi_hotel:119:5710,HOTEL,biwi_hotel,biwi_hotel:119,5710,3,3.931593894958496,7.375302314758301,1.7148250341415405,1.437279462814331,0.5457213521003723,0.3158116638660431,1.0,1.24:2.15;1.23:1.65;1.21:1.03;1.23:0.42;1.29:-0.06;1.32:-0.61;1.38:-1.18;1.47:-1.86,1.53:-2.46;1.73:-3.04;1.83:-3.68;1.95:-4.21;2.07:-4.79;2.24:-5.45;2.37:-5.91;2.58:-6.61;2.68:-7.26;2.86:-7.87;2.96:-8.47;3.13:-9.2,1.610781:-1.920784;1.725597:-1.804801;1.794821:-2.041872;1.811581:-1.878802;1.815712:-1.865676;1.968821:-1.949006;1.670549:-1.839116;1.850557:-1.909704;1.780185:-1.676067;1.770965:-1.642287;1.854297:-1.823893;1.894672:-1.928889
sigma3_hotel_seed42,HOTEL:biwi_hotel:120:5710,HOTEL,biwi_hotel,biwi_hotel:120,5710,3,3.9478557109832764,7.220382213592529,1.4713939428329468,1.3350192308425903,0.4438847005367279,0.5485050082206726,1.0,0.57:1.7;0.58:1.19;0.57:0.64;0.64:0.06;0.64:-0.43;0.62:-0.92;0.69:-1.44;0.79:-2.02,0.8:-2.61;1.02:-3.24;1.07:-3.84;1.23:-4.44;1.4:-5.04;1.55:-5.73;1.71:-6.24;1.86:-6.84;1.93:-7.38;2.14:-8.04;2.26:-8.63;2.24:-9.24,0.9202092:-2.072053;1.022044:-1.983295;1.111728:-2.169387;1.148487:-2.039705;1.146204:-2.036363;1.269125:-2.093243;1.053056:-2.031707;1.224408:-2.088561;1.157834:-1.8609;1.174413:-1.844189;1.228393:-1.994969;1.273903:-2.084542
sigma3_hotel_seed42,HOTEL:biwi_hotel:136:6790,HOTEL,biwi_hotel,biwi_hotel:136,6790,3,0.07880829274654388,0.1749940663576126,0.055901698768138885,0.06514272838830948,0.11880123615264893,4.31759786605835,0.0,3.14:-1.41;3.15:-1.43;3.17:-1.46;3.17:-1.49;3.18:-1.52;3.2:-1.52;3.2:-1.54;3.19:-1.56,3.18:-1.56;3.18:-1.56;3.19:-1.54;3.17:-1.52;3.15:-1.5;3.15:-1.49;3.17:-1.5;3.18:-1.52;3.18:-1.55;3.2:-1.59;3.22:-1.6;3.23:-1.6,3.184175:-1.561106;3.179017:-1.562011;3.169645:-1.56764;3.154147:-1.568426;3.150165:-1.570042;3.138257:-1.578259;3.118573:-1.581319;3.096802:-1.589143;3.109049:-1.583937;3.09456:-1.588144;3.088727:-1.60191;3.055159:-1.607319
sigma3_hotel_seed42,HOTEL:biwi_hotel:136:6800,HOTEL,biwi_hotel,biwi_hotel:136,6800,3,0.10791986435651779,0.21875157952308655,0.02500000037252903,0.060728203505277634,0.12490317225456238,5.300391674041748,0.0,3.15:-1.43;3.17:-1.46;3.17:-1.49;3.18:-1.52;3.2:-1.52;3.2:-1.54;3.19:-1.56;3.18:-1.56,3.18:-1.56;3.19:-1.54;3.17:-1.52;3.15:-1.5;3.15:-1.49;3.17:-1.5;3.18:-1.52;3.18:-1.55;3.2:-1.59;3.22:-1.6;3.23:-1.6;3.25:-1.61,3.163314:-1.559313;3.147812:-1.562968;3.129955:-1.557489;3.116216:-1.568189;3.111856:-1.563676;3.099771:-1.561053;3.080654:-1.570155;3.059595:-1.584178;3.072565:-1.590741;3.056417:-1.591358;3.05347:-1.588936;3.032082:-1.590918
sigma3_hotel_seed42,HOTEL:biwi_hotel:136:6810,HOTEL,biwi_hotel,biwi_hotel:136,6810,3,0.03780975565314293,0.03994311764836311,0.0,0.047851234674453735,0.11448650807142258,4.71238899230957,0.0,3.17:-1.46;3.17:-1.49;3.18:-1.52;3.2:-1.52;3.2:-1.54;3.19:-1.56;3.18:-1.56;3.18:-1.56,3.19:-1.54;3.17:-1.52;3.15:-1.5;3.15:-1.49;3.17:-1.5;3.18:-1.52;3.18:-1.55;3.2:-1.59;3.22:-1.6;3.23:-1.6;3.25:-1.61;3.25:-1.62,3.175491:-1.55862;3.165527:-1.564415;3.165146:-1.55442;3.164718:-1.563587;3.179376:-1.563963;3.171054:-1.559264;3.188442:-1.563973;3.180938:-1.56889;3.203042:-1.581598;3.222576:-1.592555;3.233881:-1.586166;3.243579:-1.580576
sigma3_hotel_seed42,HOTEL:biwi_hotel:136:6820,HOTEL,biwi_hotel,biwi_hotel:136,6820,3,0.14809727668762207,0.25154387950897217,0.055901698768138885,0.0451229065656662,0.1273622214794159,6.425082206726074,0.0,3.17:-1.49;3.18:-1.52;3.2:-1.52;3.2:-1.54;3.19:-1.56;3.18:-1.56;3.18:-1.56;3.19:-1.54,3.17:-1.52;3.15:-1.5;3.15:-1.49;3.17:-1.5;3.18:-1.52;3.18:-1.55;3.2:-1.59;3.22:-1.6;3.23:-1.6;3.25:-1.61;3.25:-1.62;3.2:-1.64,3.230992:-1.537333;3.258708:-1.527183;3.256713:-1.565614;3.275687:-1.543172;3.300672:-1.553388;3.341576:-1.587368;3.330683:-1.553239;3.353268:-1.568008;3.392698:-1.552857;3.414667:-1.572472;3.45052:-1.587885;3.448548:-1.601292
sigma3_hotel_seed42,HOTEL:biwi_hotel:136:6830,HOTEL,biwi_hotel,biwi_hotel:136,6830,3,0.21869270503520966,0.30118659138679504,0.0707106813788414,0.04393058270215988,0.12567181885242462,6.425082206726074,0.0,3.18:-1.52;3.2:-1.52;3.2:-1.54;3.19:-1.56;3.18:-1.56;3.18:-1.56;3.19:-1.54;3.17:-1.52,3.15:-1.5;3.15:-1.49;3.17:-1.5;3.18:-1.52;3.18:-1.55;3.2:-1.59;3.22:-1.6;3.23:-1.6;3.25:-1.61;3.25:-1.62;3.2:-1.64;3.1:-1.62,3.137078:-1.521795;3.1096:-1.526006;3.084892:-1.518888;3.050438:-1.529062;3.029557:-1.524877;2.995095:-1.523404;2.962468:-1.536739;2.917925:-1.545552;2.915198:-1.549543;2.878537:-1.544803;2.853328:-1.55293;2.806099:-1.554154
sigma3_hotel_seed42,HOTEL:biwi_hotel:138:6840,HOTEL,biwi_hotel,biwi_hotel:138,6840,3,0.08144696801900864,0.06953828781843185,0.0,0.04665092006325722,0.20840135216712952,3.6740968227386475,2.125,1.4:-8.32;1.42:-8.32;1.44:-8.32;1.44:-8.32;1.44:-8.32;1.48:-8.25;1.48:-8.26;1.48:-8.26,1.41:-8.27;1.39:-8.31;1.37:-8.33;1.38:-8.32;1.42:-8.34;1.41:-8.32;1.39:-8.33;1.35:-8.35;1.36:-8.37;1.4:-8.32;1.4:-8.39;1.47:-8.29,1.447585:-8.263189;1.416897:-8.283073;1.439674:-8.233539;1.424583:-8.262554;1.430798:-8.261007;1.372983:-8.229589;1.433255:-8.268071;1.397855:-8.247705;1.39607:-8.269919;1.423555:-8.276723;1.404076:-8.271763;1.417929:-8.243911
sigma3_hotel_seed42,HOTEL:biwi_hotel:139:6840,HOTEL,biwi_hotel,biwi_hotel:139,6840,3,0.05727114900946617,0.127338707447052,0.07500000298023224,0.07717034965753555,0.2593548595905304,9.604631423950195,1.75,1.23:-9.32;1.27:-9.3;1.29:-9.28;1.28:-9.28;1.28:-9.29;1.26:-9.28;1.19:-9.27;1.22:-9.27,1.25:-9.29;1.29:-9.3;1.31:-9.3;1.31:-9.3;1.31:-9.3;1.31:-9.3;1.31:-9.3;1.31:-9.3;1.31:-9.3;1.31:-9.3;1.31:-9.3;1.31:-9.3,1.24828:-9.267214;1.258102:-9.256292;1.248797:-9.293709;1.254283:-9.264387;1.280151:-9.28049;1.303432:-9.311353;1.307358:-9.264948;1.32181:-9.269736;1.350949:-9.271868;1.387803:-9.298168;1.421215:-9.306121;1.436563:-9.314034
sigma3_hotel_seed42,HOTEL:biwi_hotel:138:6850,HOTEL,biwi_hotel,biwi_hotel:138,6850,3,0.33538615703582764,0.649564802646637,0.1767766922712326,0.06476187705993652,0.2820582985877991,5.102995872497559,2.375,1.42:-8.32;1.44:-8.32;1.44:-8.32;1.44:-8.32;1.48:-8.25;1.48:-8.26;1.48:-8.26;1.41:-8.27,1.39:-8.31;1.37:-8.33;1.38:-8.32;1.42:-8.34;1.41:-8.32;1.39:-8.33;1.35:-8.35;1.36:-8.37;1.4:-8.32;1.4:-8.39;1.47:-8.29;1.41:-8.33,1.33461:-8.276955;1.280907:-8.296994;1.266077:-8.244474;1.209183:-8.285507;1.166295:-8.27013;1.080688:-8.234647;1.062947:-8.297408;0.9803605:-8.292584;0.9518601:-8.305859;0.8910274:-8.286707;0.8282959:-8.289445;0.7627442:-8.275278
sigma3_hotel_seed42,HOTEL:biwi_hotel:139:6850,HOTEL,biwi_hotel,biwi_hotel:139,6850,3,0.18402457237243652,0.38713687658309937,0.09013878554105759,0.07407540827989578,0.2593548595905304,9.87088394165039,2.0,1.27:-9.3;1.29:-9.28;1.28:-9.28;1.28:-9.29;1.26:-9.28;1.19:-9.27;1.22:-9.27;1.25:-9.29,1.29:-9.3;1.31:-9.3;1.31:-9.3;1.31:-9.3;1.31:-9.3;1.31:-9.3;1.31:-9.3;1.31:-9.3;1.31:-9.3;1.31:-9.3;1.31:-9.3;1.31:-9.3,1.308475:-9.285735;1.346995:-9.272414;1.350011:-9.320151;1.384046:-9.28997;1.423793:-9.303516;1.484086:-9.345443;1.485426:-9.296837;1.526203:-9.312452;1.577379:-9.297358;1.620759:-9.324697;1.675325:-9.337393;1.693765:-9.350986
sigma3_hotel_seed42,HOTEL:biwi_hotel:138:6860,HOTEL,biwi_hotel,biwi_hotel:138,6860,3,0.10384107381105423,0.13120807707309723,0.11180339753627777,0.07359093427658081,0.3219640552997589,5.016597270965576,2.625,1.44:-8.32;1.44:-8.32;1.44:-8.32;1.48:-8.25;1.48:-8.26;1.48:-8.26;1.41:-8.27;1.39:-8.31,1.37:-8.33;1.38:-8.32;1.42:-8.34;1.41:-8.32;1.39:-8.33;1.35:-8.35;1.36:-8.37;1.4:-8.32;1.4:-8.39;1.47:-8.29;1.41:-8.33;1.35:-8.33,1.357097:-8.310932;1.337891:-8.325731;1.337489:-8.286859;1.333736:-8.322577;1.312683:-8.304083;1.284799:-8.29206;1.302727:-8.336562;1.271934:-8.349118;1.282961:-8.332126;1.261056:-8.33157;1.245217:-8.324276;1.219042:-8.3219
sigma3_hotel_seed42,HOTEL:biwi_hotel:139:6860,HOTEL,biwi_hotel,biwi_hotel:139,6860,3,0.3557964861392975,0.6535646319389343,0.10307764261960983,0.0786992609500885,0.2365284413099289,7.857712745666504,2.125,1.29:-9.28;1.28:-9.28;1.28:-9.29;1.26:-9.28;1.19:-9.27;1.22:-9.27;1.25:-9.29;1.29:-9.3,1.31:-9.3;1.31:-9.3;1.31:-9.3;1.31:-9.3;1.31:-9.3;1.31:-9.3;1.31:-9.3;1.31:-9.3;1.31:-9.3;1.31:-9.3;1.31:-9.3;1.31:-9.3,1.346234:-9.302709;1.401808:-9.312557;1.462212:-9.300886;1.523025:-9.325563;1.584521:-9.320082;1.639117:-9.31566;1.692213:-9.335668;1.733164:-9.365906;1.822552:-9.359159;1.874055:-9.364685;1.925832:-9.368564;1.959913:-9.368992
sigma3_hotel_seed42,HOTEL:biwi_hotel:138:6870,HOTEL,biwi_hotel,biwi_hotel:138,6870,3,0.27490484714508057,0.5649228096008301,0.0707106813788414,0.08369246125221252,0.3427973985671997,5.338347911834717,2.875,1.44:-8.32;1.44:-8.32;1.48:-8.25;1.48:-8.26;1.48:-8.26;1.41:-8.27;1.39:-8.31;1.37:-8.33,1.38:-8.32;1.42:-8.34;1.41:-8.32;1.39:-8.33;1.35:-8.35;1.36:-8.37;1.4:-8.32;1.4:-8.39;1.47:-8.29;1.41:-8.33;1.35:-8.33;1.47:-8.29,1.326996:-8.332405;1.292152:-8.338241;1.263019:-8.325694;1.221162:-8.340004;1.192657:-8.333277;1.149004:-8.328184;1.110719:-8.347507;1.05634:-8.355845;1.046887:-8.361454;0.9995036:-8.352541;0.9652562:-8.360216;0.9093924:-8.359691
sigma3_hotel_seed42,HOTEL:biwi_hotel:139:6870,HOTEL,biwi_hotel,biwi_hotel:139,6870,3,0.34402838349342346,0.6332037448883057,0.05000000074505806,0.08227068930864334,0.24508942663669586,6.531895160675049,2.125,1.28:-9.28;1.28:-9.29;1.26:-9.28;1.19:-9.27;1.22:-9.27;1.25:-9.29;1.29:-9.3;1.31:-9.3,1.31:-9.3;1.31:-9.3;1.31:-9.3;1.31:-9.3;1.31:-9.3;1.31:-9.3;1.31:-9.3;1.31:-9.3;1.31:-9.3;1.31:-9.3;1.31:-9.3;1.31:-9.3,1.382646:-9.294696;1.435995:-9.285661;1.454232:-9.324903;1.508978:-9.306547;1.563408:-9.315711;1.642193:-9.349407;1.655157:-9.314888;1.712855:-9.339713;1.785513:-9.322849;1.839466:-9.350344;1.909601:-9.354726;1.939384:-9.369445
sigma3_hotel_seed42,HOTEL:biwi_hotel:138:6880,HOTEL,biwi_hotel,biwi_hotel:138,6880,3,0.05234244465827942,0.07697220146656036,0.0353553406894207,0.08874322474002838,0.3030097186565399,8.479940414428711,3.0,1.44:-8.32;1.48:-8.25;1.48:-8.26;1.48:-8.26;1.41:-8.27;1.39:-8.31;1.37:-8.33;1.38:-8.32,1.42:-8.34;1.41:-8.32;1.39:-8.33;1.35:-8.35;1.36:-8.37;1.4:-8.32;1.4:-8.39;1.47:-8.29;1.41:-8.33;1.35:-8.33;1.47:-8.29;1.48:-8.28,1.39372:-8.317981;1.396544:-8.313;1.388211:-8.332732;1.38997:-8.318371;1.407282:-8.327622;1.418645:-8.34212;1.421157:-8.318136;1.427332:-8.323359;1.44938:-8.328916;1.472066:-8.347373;1.49529:-8.347984;1.504439:-8.352989
sigma3_hotel_seed42,HOTEL:biwi_hotel:139:6880,HOTEL,biwi_hotel,biwi_hotel:139,6880,3,0.05072805657982826,0.06988655030727386,0.0,0.0786992609500885,0.23645997047424316,4.497451305389404,2.125,1.28:-9.29;1.26:-9.28;1.19:-9.27;1.22:-9.27;1.25:-9.29;1.29:-9.3;1.31:-9.3;1.31:-9.3,1.31:-9.3;1.31:-9.3;1.31:-9.3;1.31:-9.3;1.31:-9.3;1.31:-9.3;1.31:-9.3;1.31:-9.3;1.31:-9.3;1.31:-9.3;1.31:-9.3;1.31:-9.3,1.300889:-9.298578;1.287207:-9.300806;1.273369:-9.300602;1.262175:-9.304996;1.267365:-9.305629;1.257443:-9.308593;1.25035:-9.307126;1.234346:-9.318253;1.253855:-9.32712;1.255435:-9.334698;1.259769:-9.334481;1.249902:-9.33567
sigma3_hotel_seed42,HOTEL:biwi_hotel:138:6890,HOTEL,biwi_hotel,biwi_hotel:138,6890,3,0.3733690083026886,0.6190696954727173,0.11180339753627777,0.07592135667800903,0.2540343999862671,7.106539726257324,3.0,1.48:-8.25;1.48:-8.26;1.48:-8.26;1.41:-8.27;1.39:-8.31;1.37:-8.33;1.38:-8.32;1.42:-8.34,1.41:-8.32;1.39:-8.33;1.35:-8.35;1.36:-8.37;1.4:-8.32;1.4:-8.39;1.47:-8.29;1.41:-8.33;1.35:-8.33;1.47:-8.29;1.48:-8.28;1.48:-8.28,1.49355:-8.335347;1.548274:-8.329352;1.574145:-8.361129;1.633037:-8.34921;1.6907:-8.357175;1.769806:-8.383161;1.790577:-8.356897;1.849116:-8.384452;1.926746:-8.369388;1.983974:-8.395169;2.052687:-8.395782;2.085729:-8.407828
sigma3_hotel_seed42,HOTEL:biwi_hotel:139:6890,HOTEL,biwi_hotel,biwi_hotel:139,6890,3,0.049417003989219666,0.08429621905088425,0.0,0.07071330398321152,0.18437664210796356,4.175700664520264,2.125,1.26:-9.28;1.19:-9.27;1.22:-9.27;1.25:-9.29;1.29:-9.3;1.31:-9.3;1.31:-9.3;1.31:-9.3,1.31:-9.3;1.31:-9.3;1.31:-9.3;1.31:-9.3;1.31:-9.3;1.31:-9.3;1.31:-9.3;1.31:-9.3;1.31:-9.3;1.31:-9.3;1.31:-9.3;1.31:-9.3,1.305798:-9.298377;1.297296:-9.297472;1.279162:-9.306205;1.268577:-9.305848;1.271356:-9.307033;1.26914:-9.316083;1.249127:-9.309466;1.235965:-9.324427;1.256237:-9.327712;1.250374:-9.33443;1.256099:-9.337863;1.23821:-9.344182
sigma3_hotel_seed42,HOTEL:biwi_hotel:142:6890,HOTEL,biwi_hotel,biwi_hotel:142,6890,3,3.5990846157073975,6.487636089324951,1.2772040367126465,1.2348523139953613,0.7238509654998779,1.1283258199691772,3.25,0.6:-9.34;0.6:-8.96;0.59:-8.5;0.82:-7.99;0.99:-7.51;1.21:-7.03;1.31:-6.53;1.28:-6.02,1.33:-5.35;1.37:-4.86;1.32:-4.33;1.36:-3.72;1.33:-3.16;1.25:-2.6;1.34:-2.05;1.45:-1.65;1.44:-1.12;1.41:-0.52;1.45:-0.11;1.38:0.42,1.289985:-6.056487;1.261601:-5.98001;1.249303:-6.12732;1.191341:-6.004815;1.109017:-6.018056;1.097076:-6.075469;0.8461405:-5.999829;0.8998008:-6.02934;0.7566106:-5.84566;0.7305694:-5.822406;0.6625707:-5.97581;0.6484843:-6.026263
sigma3_hotel_seed42,HOTEL:biwi_hotel:143:6890,HOTEL,biwi_hotel,biwi_hotel:143,6890,3,3.3737146854400635,6.213988304138184,1.156773567199707,1.2326942682266235,0.6145550012588501,0.829359233379364,3.125,0.09:-9.2;0.09:-8.79;0.1:-8.32;0.3:-7.81;0.45:-7.33;0.49:-6.76;0.57:-6.28;0.62:-5.82,0.65:-5.27;0.66:-4.78;0.73:-4.23;0.76:-3.68;0.79:-3.22;0.85:-2.71;0.87:-2.17;0.81:-1.69;0.8:-1.13;0.7:-0.65;0.73:-0.14;0.8:0.36,0.7016271:-5.854747;0.7487676:-5.78672;0.7999331:-5.932087;0.8208057:-5.812351;0.7789245:-5.835229;0.8442545:-5.89417;0.6705188:-5.838978;0.7975563:-5.857798;0.6988823:-5.671981;0.7129548:-5.656592;0.7018685:-5.784774;0.7274934:-5.853565
sigma3_hotel_seed42,HOTEL:biwi_hotel:144:6890,HOTEL,biwi_hotel,biwi_hotel:144,6890,3,0.1412447988986969,0.24029912054538727,0.02500000037252903,0.16457897424697876,0.7557744383811951,7.99960994720459,2.0,0.01:-6.93;0.01:-6.93;0.01:-6.93;-0.14:-6.84;-0.23:-6.9;-0.29:-6.79;-0.26:-6.82;-0.26:-6.81,-0.24:-6.9;-0.33:-6.83;-0.25:-6.9;-0.24:-6.91;-0.24:-6.91;-0.24:-6.91;-0.24:-6.91;-0.24:-6.91;-0.24:-6.91;-0.24:-6.91;-0.24:-6.91;-0.24:-6.91,-0.2763979:-6.813243;-0.2850744:-6.819712;-0.2886093:-6.810388;-0.3077565:-6.823298;-0.3187162:-6.818918;-0.3423788:-6.818566;-0.3592509:-6.840533;-0.3928239:-6.846103;-0.3852582:-6.839112;-0.411681:-6.836885;-0.4284718:-6.851577;-0.4733673:-6.852699
sigma3_hotel_seed42,HOTEL:biwi_hotel:138:6900,HOTEL,biwi_hotel,biwi_hotel:138,6900,3,0.24076616764068604,0.500262439250946,0.055901698768138885,0.08033588528633118,0.31031692028045654,8.175732612609863,2.625,1.48:-8.26;1.48:-8.26;1.41:-8.27;1.39:-8.31;1.37:-8.33;1.38:-8.32;1.42:-8.34;1.41:-8.32,1.39:-8.33;1.35:-8.35;1.36:-8.37;1.4:-8.32;1.4:-8.39;1.47:-8.29;1.41:-8.33;1.35:-8.33;1.47:-8.29;1.48:-8.28;1.48:-8.28;1.48:-8.28,1.371861:-8.321058;1.340191:-8.324946;1.306715:-8.317109;1.270134:-8.329554;1.243548:-8.32192;1.21054:-8.319891;1.166626:-8.334085;1.11903:-8.346857;1.113019:-8.352175;1.065178:-8.343234;1.037408:-8.34775;0.9845229:-8.349029
sigma3_hotel_seed42,HOTEL:biwi_hotel:139:6900,HOTEL,biwi_hotel,biwi_hotel:139,6900,3,0.02967948652803898,0.07863307744264603,0.0,0.04545949026942253,0.07969043403863907,1.176005244255066,1.875,1.19:-9.27;1.22:-9.27;1.25:-9.29;1.29:-9.3;1.31:-9.3;1.31:-9.3;1.31:-9.3;1.31:-9.3,1.31:-9.3;1.31:-9.3;1.31:-9.3;1.31:-9.3;1.31:-9.3;1.31:-9.3;1.31:-9.3;1.31:-9.3;1.31:-9.3;1.31:-9.3;1.31:-9.3;1.31:-9.3,1.303099:-9.299788;1.283823:-9.304344;1.285274:-9.296124;1.279716:-9.295824;1.297842:-9.301723;1.279223:-9.304858;1.317851:-9.292936;1.303457:-9.285558;1.317902:-9.304138;1.35685:-9.321584;1.364733:-9.319569;1.388566:-9.303234
sigma3_hotel_seed42,HOTEL:biwi_hotel:142:6900,HOTEL,biwi_hotel,biwi_hotel:142,6900,3,3.4435360431671143,6.3082427978515625,1.6796576976776123,1.3390891551971436,0.8262081146240234,1.2398346662521362,3.0,0.6:-8.96;0.59:-8.5;0.82:-7.99;0.99:-7.51;1.21:-7.03;1.31:-6.53;1.28:-6.02;1.33:-5.35,1.37:-4.86;1.32:-4.33;1.36:-3.72;1.33:-3.16;1.25:-2.6;1.34:-2.05;1.45:-1.65;1.44:-1.12;1.41:-0.52;1.45:-0.11;1.38:0.42;1.38:0.91,1.425033:-5.405134;1.489345:-5.295717;1.523245:-5.514726;1.504806:-5.357338;1.479943:-5.350487;1.578928:-5.430734;1.273421:-5.319426;1.407743:-5.38063;1.309577:-5.163045;1.287731:-5.128691;1.322773:-5.310015;1.34205:-5.398129
sigma3_hotel_seed42,HOTEL:biwi_hotel:143:6900,HOTEL,biwi_hotel,biwi_hotel:143,6900,3,3.330087423324585,6.131051063537598,1.3770439624786377,1.2829862833023071,0.6472298502922058,0.8618649840354919,3.0,0.09:-8.79;0.1:-8.32;0.3:-7.81;0.45:-7.33;0.49:-6.76;0.57:-6.28;0.62:-5.82;0.65:-5.27,0.66:-4.78;0.73:-4.23;0.76:-3.68;0.79:-3.22;0.85:-2.71;0.87:-2.17;0.81:-1.69;0.8:-1.13;0.7:-0.65;0.73:-0.14;0.8:0.36;0.81:0.82,0.7118964:-5.313803;0.738237:-5.233611;0.7736112:-5.395102;0.7564244:-5.272067;0.7105415:-5.278156;0.753006:-5.332004;0.5220237:-5.265739;0.624958:-5.308763;0.5160792:-5.104547;0.5127956:-5.086422;0.4948445:-5.238844;0.5080627:-5.303611
sigma3_hotel_seed42,HOTEL:biwi_hotel:144:6900,HOTEL,biwi_hotel,biwi_hotel:144,6900,3,0.15433795750141144,0.23658700287342072,0.2304886132478714,0.197505921125412,0.8620039820671082,10.922533988952637,2.0,0.01:-6.93;0.01:-6.93;-0.14:-6.84;-0.23:-6.9;-0.29:-6.79;-0.26:-6.82;-0.26:-6.81;-0.24:-6.9,-0.33:-6.83;-0.25:-6.9;-0.24:-6.91;-0.24:-6.91;-0.24:-6.91;-0.24:-6.91;-0.24:-6.91;-0.24:-6.91;-0.24:-6.91;-0.24:-6.91;-0.24:-6.91;-0.24:-6.91,-0.2240852:-6.911569;-0.1937754:-6.909934;-0.1513944:-6.90975;-0.127737:-6.909176;-0.1192074:-6.905142;-0.104917:-6.922995;-0.08073926:-6.929625;-0.06429423:-6.929256;-0.04254505:-6.903767;-0.03140977:-6.889835;-0.01763241:-6.925118;-0.004970714:-6.937104
sigma3_hotel_seed42,HOTEL:biwi_hotel:138:6910,HOTEL,biwi_hotel,biwi_hotel:138,6910,3,0.21291840076446533,0.3389328718185425,0.055901698768138885,0.08832184225320816,0.26960036158561707,9.746528625488281,2.25,1.48:-8.26;1.41:-8.27;1.39:-8.31;1.37:-8.33;1.38:-8.32;1.42:-8.34;1.41:-8.32;1.39:-8.33,1.35:-8.35;1.36:-8.37;1.4:-8.32;1.4:-8.39;1.47:-8.29;1.41:-8.33;1.35:-8.33;1.47:-8.29;1.48:-8.28;1.48:-8.28;1.48:-8.28;1.4:-8.31,1.362302:-8.329738;1.338062:-8.331535;1.305807:-8.329771;1.278555:-8.338697;1.259485:-8.332225;1.239864:-8.333959;1.197905:-8.341286;1.162297:-8.357304;1.164093:-8.361722;1.124901:-8.355984;1.108395:-8.358189;1.065037:-8.361723
sigma3_hotel_seed42,HOTEL:biwi_hotel:139:6910,HOTEL,biwi_hotel,biwi_hotel:139,6910,3,0.026874924078583717,0.07387799769639969,0.0,0.03474520146846771,0.05885709822177887,0.588002622127533,1.625,1.22:-9.27;1.25:-9.29;1.29:-9.3;1.31:-9.3;1.31:-9.3;1.31:-9.3;1.31:-9.3;1.31:-9.3,1.31:-9.3;1.31:-9.3;1.31:-9.3;1.31:-9.3;1.31:-9.3;1.31:-9.3;1.31:-9.3;1.31:-9.3;1.31:-9.3;1.31:-9.3;1.31:-9.3;1.31:-9.3,1.306266:-9.298898;1.29026:-9.301746;1.287793:-9.298679;1.283172:-9.2972;1.300306:-9.302989;1.287477:-9.308635;1.3151:-9.295079;1.303789:-9.293137;1.321544:-9.308575;1.354823:-9.324776;1.364393:-9.324086;1.382804:-9.31255
sigma3_hotel_seed42,HOTEL:biwi_hotel:142:6910,HOTEL,biwi_hotel,biwi_hotel:142,6910,3,3.47983455657959,6.340152740478516,1.2290748357772827,1.3503466844558716,0.7586295008659363,0.8013932704925537,2.75,0.59:-8.5;0.82:-7.99;0.99:-7.51;1.21:-7.03;1.31:-6.53;1.28:-6.02;1.33:-5.35;1.37:-4.86,1.32:-4.33;1.36:-3.72;1.33:-3.16;1.25:-2.6;1.34:-2.05;1.45:-1.65;1.44:-1.12;1.41:-0.52;1.45:-0.11;1.38:0.42;1.38:0.91;1.41:1.44,1.395158:-4.900643;1.381167:-4.820865;1.382735:-4.976716;1.33196:-4.852136;1.262694:-4.86176;1.264959:-4.918048;1.012304:-4.841403;1.078173:-4.879018;0.9449943:-4.6872;0.9262019:-4.665405;0.8728018:-4.823505;0.8671373:-4.876869
sigma3_hotel_seed42,HOTEL:biwi_hotel:143:6910,HOTEL,biwi_hotel,biwi_hotel:143,6910,3,3.353668451309204,6.181042671203613,1.2252551317214966,1.2901276350021362,0.5108555555343628,0.5434976816177368,2.625,0.1:-8.32;0.3:-7.81;0.45:-7.33;0.49:-6.76;0.57:-6.28;0.62:-5.82;0.65:-5.27;0.66:-4.78,0.73:-4.23;0.76:-3.68;0.79:-3.22;0.85:-2.71;0.87:-2.17;0.81:-1.69;0.8:-1.13;0.7:-0.65;0.73:-0.14;0.8:0.36;0.81:0.82;0.79:1.36,0.6943439:-4.818021;0.6900626:-4.741516;0.6985403:-4.893812;0.6618903:-4.76944;0.5954817:-4.784358;0.6081564:-4.842934;0.3735336:-4.76933;0.4498704:-4.799589;0.3213621:-4.612226;0.3090228:-4.591457;0.2603869:-4.742587;0.2596735:-4.79825
sigma3_hotel_seed42,HOTEL:biwi_hotel:144:6910,HOTEL,biwi_hotel,biwi_hotel:144,6910,3,0.6775423884391785,1.125007152557373,0.285043865442276,0.23822647333145142,0.8820418119430542,13.373042106628418,1.75,0.01:-6.93;-0.14:-6.84;-0.23:-6.9;-0.29:-6.79;-0.26:-6.82;-0.26:-6.81;-0.24:-6.9;-0.33:-6.83,-0.25:-6.9;-0.24:-6.91;-0.24:-6.91;-0.24:-6.91;-0.24:-6.91;-0.24:-6.91;-0.24:-6.91;-0.24:-6.91;-0.24:-6.91;-0.24:-6.91;-0.24:-6.91;-0.26:-6.87,-0.4471415:-6.828943;-0.5454073:-6.84249;-0.608778:-6.792358;-0.6820625:-6.820623;-0.7992375:-6.805919;-0.9103967:-6.775716;-0.9352365:-6.838092;-1.025708:-6.836012;-1.108849:-6.798307;-1.197494:-6.802628;-1.295952:-6.772301;-1.381372:-6.779631
sigma3_hotel_seed42,HOTEL:biwi_hotel:138:6920,HOTEL,biwi_hotel,biwi_hotel:138,6920,3,0.4368927478790283,0.7992279529571533,0.11180339753627777,0.07903994619846344,0.23215365409851074,8.78127670288086,1.875,1.41:-8.27;1.39:-8.31;1.37:-8.33;1.38:-8.32;1.42:-8.34;1.41:-8.32;1.39:-8.33;1.35:-8.35,1.36:-8.37;1.4:-8.32;1.4:-8.39;1.47:-8.29;1.41:-8.33;1.35:-8.33;1.47:-8.29;1.48:-8.28;1.48:-8.28;1.48:-8.28;1.4:-8.31;1.47:-8.28,1.282423:-8.354373;1.232507:-8.366842;1.198586:-8.334087;1.143008:-8.36454;1.096538:-8.348909;1.030943:-8.32916;0.9835699:-8.372902;0.9068913:-8.379512;0.881722:-8.388053;0.8073093:-8.367226;0.7513734:-8.371336;0.6753148:-8.365092
sigma3_hotel_seed42,HOTEL:biwi_hotel:139:6920,HOTEL,biwi_hotel,biwi_hotel:139,6920,3,0.01871027611196041,0.055167071521282196,0.0,0.021868234500288963,0.04412570968270302,0.244978666305542,1.375,1.25:-9.29;1.29:-9.3;1.31:-9.3;1.31:-9.3;1.31:-9.3;1.31:-9.3;1.31:-9.3;1.31:-9.3,1.31:-9.3;1.31:-9.3;1.31:-9.3;1.31:-9.3;1.31:-9.3;1.31:-9.3;1.31:-9.3;1.31:-9.3;1.31:-9.3;1.31:-9.3;1.31:-9.3;1.31:-9.3,1.308259:-9.29982;1.298709:-9.30288;1.302525:-9.299316;1.298168:-9.297512;1.310047:-9.304856;1.294609:-9.304515;1.320354:-9.299107;1.311861:-9.292078;1.320415:-9.301856;1.347574:-9.316091;1.351584:-9.318413;1.364419:-9.309053
sigma3_hotel_seed42,HOTEL:biwi_hotel:142:6920,HOTEL,biwi_hotel,biwi_hotel:142,6920,3,3.4943971633911133,6.465977668762207,1.3308831453323364,1.340664267539978,0.7913446426391602,0.8936195969581604,2.375,0.82:-7.99;0.99:-7.51;1.21:-7.03;1.31:-6.53;1.28:-6.02;1.33:-5.35;1.37:-4.86;1.32:-4.33,1.36:-3.72;1.33:-3.16;1.25:-2.6;1.34:-2.05;1.45:-1.65;1.44:-1.12;1.41:-0.52;1.45:-0.11;1.38:0.42;1.38:0.91;1.41:1.44;1.41:2.08,1.306805:-4.364692;1.259283:-4.290104;1.229582:-4.427267;1.1562:-4.311874;1.058263:-4.319584;1.028361:-4.372068;0.7679315:-4.30248;0.8036298:-4.331789;0.6492925:-4.153111;0.6055884:-4.125975;0.5258169:-4.272808;0.5000334:-4.321627
sigma3_hotel_seed42,HOTEL:biwi_hotel:143:6920,HOTEL,biwi_hotel,biwi_hotel:143,6920,3,3.323786735534668,6.235851287841797,1.3860915899276733,1.2924928665161133,0.5385047793388367,0.5788425207138062,2.25,0.3:-7.81;0.45:-7.33;0.49:-6.76;0.57:-6.28;0.62:-5.82;0.65:-5.27;0.66:-4.78;0.73:-4.23,0.76:-3.68;0.79:-3.22;0.85:-2.71;0.87:-2.17;0.81:-1.69;0.8:-1.13;0.7:-0.65;0.73:-0.14;0.8:0.36;0.81:0.82;0.79:1.36;0.87:1.96,0.8186892:-4.275074;0.8743116:-4.198422;0.9386981:-4.356982;0.9502243:-4.239995;0.9215663:-4.244546;0.9909225:-4.292622;0.7883098:-4.24132;0.9186057:-4.286725;0.8291129:-4.073991;0.8412656:-4.060992;0.8467585:-4.20442;0.8753786:-4.275849
sigma3_hotel_seed42,HOTEL:biwi_hotel:144:6920,HOTEL,biwi_hotel,biwi_hotel:144,6920,3,0.04987509176135063,0.07536584138870239,0.2657536566257477,0.2137167900800705,0.9431586861610413,15.328425407409668,1.375,-0.14:-6.84;-0.23:-6.9;-0.29:-6.79;-0.26:-6.82;-0.26:-6.81;-0.24:-6.9;-0.33:-6.83;-0.25:-6.9,-0.24:-6.91;-0.24:-6.91;-0.24:-6.91;-0.24:-6.91;-0.24:-6.91;-0.24:-6.91;-0.24:-6.91;-0.24:-6.91;-0.24:-6.91;-0.24:-6.91;-0.26:-6.87;-0.24:-6.9,-0.2520473:-6.90907;-0.2392264:-6.9117;-0.2103257:-6.900288;-0.1976343:-6.908094;-0.2025509:-6.900627;-0.2046289:-6.909609;-0.1837603:-6.928266;-0.1821482:-6.927645;-0.1708804:-6.902954;-0.1713136:-6.89294;-0.1692479:-6.915923;-0.1688421:-6.924831
sigma3_hotel_seed42,HOTEL:biwi_hotel:138:6930,HOTEL,biwi_hotel,biwi_hotel:138,6930,3,0.11519856005907059,0.23560453951358795,0.055901698768138885,0.07105398923158646,0.26340365409851074,10.030323028564453,1.625,1.39:-8.31;1.37:-8.33;1.38:-8.32;1.42:-8.34;1.41:-8.32;1.39:-8.33;1.35:-8.35;1.36:-8.37,1.4:-8.32;1.4:-8.39;1.47:-8.29;1.41:-8.33;1.35:-8.33;1.47:-8.29;1.48:-8.28;1.48:-8.28;1.48:-8.28;1.4:-8.31;1.47:-8.28;1.34:-8.33,1.392336:-8.368247;1.414988:-8.361285;1.413988:-8.390887;1.428119:-8.375307;1.448275:-8.382743;1.479561:-8.410232;1.468813:-8.386796;1.483284:-8.400379;1.518834:-8.386559;1.533718:-8.402703;1.562099:-8.417231;1.55398:-8.428601
sigma3_hotel_seed42,HOTEL:biwi_hotel:139:6930,HOTEL,biwi_hotel,biwi_hotel:139,6930,3,0.0248494204133749,0.06192499026656151,0.0,0.0071428571827709675,0.02083333395421505,0.0,1.125,1.29:-9.3;1.31:-9.3;1.31:-9.3;1.31:-9.3;1.31:-9.3;1.31:-9.3;1.31:-9.3;1.31:-9.3,1.31:-9.3;1.31:-9.3;1.31:-9.3;1.31:-9.3;1.31:-9.3;1.31:-9.3;1.31:-9.3;1.31:-9.3;1.31:-9.3;1.31:-9.3;1.31:-9.3;1.31:-9.3,1.302029:-9.300423;1.285721:-9.307626;1.295004:-9.293863;1.287363:-9.297992;1.303562:-9.304876;1.277173:-9.299632;1.317835:-9.30055;1.3024:-9.289771;1.314317:-9.306101;1.350339:-9.322475;1.353217:-9.322569;1.371354:-9.308392
sigma3_hotel_seed42,HOTEL:biwi_hotel:142:6930,HOTEL,biwi_hotel,biwi_hotel:142,6930,3,3.39239764213562,6.216172695159912,1.5282751321792603,1.3771268129348755,0.8646945953369141,0.9637805223464966,2.0,0.99:-7.51;1.21:-7.03;1.31:-6.53;1.28:-6.02;1.33:-5.35;1.37:-4.86;1.32:-4.33;1.36:-3.72,1.33:-3.16;1.25:-2.6;1.34:-2.05;1.45:-1.65;1.44:-1.12;1.41:-0.52;1.45:-0.11;1.38:0.42;1.38:0.91;1.41:1.44;1.41:2.08;1.43:2.45,1.450126:-3.770348;1.508288:-3.676123;1.554534:-3.866815;1.548176:-3.728119;1.520371:-3.726627;1.6036:-3.792031;1.344586:-3.708011;1.475082:-3.7617;1.379702:-3.547123;1.372678:-3.522396;1.392305:-3.68634;1.414968:-3.766155
sigma3_hotel_seed42,HOTEL:biwi_hotel:143:6930,HOTEL,biwi_hotel,biwi_hotel:143,6930,3,3.265212297439575,6.06878137588501,1.3770439624786377,1.309609293937683,0.4321228265762329,0.4181189239025116,1.875,0.45:-7.33;0.49:-6.76;0.57:-6.28;0.62:-5.82;0.65:-5.27;0.66:-4.78;0.73:-4.23;0.76:-3.68,0.79:-3.22;0.85:-2.71;0.87:-2.17;0.81:-1.69;0.8:-1.13;0.7:-0.65;0.73:-0.14;0.8:0.36;0.81:0.82;0.79:1.36;0.87:1.96;0.83:2.35,0.8149288:-3.726012;0.8343918:-3.637593;0.8545388:-3.812868;0.8219623:-3.679869;0.7722489:-3.68283;0.8139737:-3.744667;0.5519333:-3.661332;0.6474774:-3.707965;0.5314234:-3.506359;0.5150259:-3.481329;0.4979059:-3.643379;0.5050361:-3.710075
sigma3_hotel_seed42,HOTEL:biwi_hotel:144:6930,HOTEL,biwi_hotel,biwi_hotel:144,6930,3,0.03535081818699837,0.13635185360908508,0.0353553406894207,0.18013665080070496,0.859376072883606,13.735542297363281,1.125,-0.23:-6.9;-0.29:-6.79;-0.26:-6.82;-0.26:-6.81;-0.24:-6.9;-0.33:-6.83;-0.25:-6.9;-0.24:-6.91,-0.24:-6.91;-0.24:-6.91;-0.24:-6.91;-0.24:-6.91;-0.24:-6.91;-0.24:-6.91;-0.24:-6.91;-0.24:-6.91;-0.24:-6.91;-0.26:-6.87;-0.24:-6.9;-0.24:-6.83,-0.2323028:-6.910506;-0.2274552:-6.907777;-0.2346464:-6.92409;-0.2412677:-6.916922;-0.2387305:-6.921237;-0.2360204:-6.9384;-0.2547646:-6.930099;-0.2652463:-6.938876;-0.2473538:-6.92888;-0.2536046:-6.937049;-0.2494734:-6.953566;-0.2771188:-6.961202
sigma3_hotel_seed42,HOTEL:biwi_hotel:138:6940,HOTEL,biwi_hotel,biwi_hotel:138,6940,3,0.24287207424640656,0.4010051488876343,0.16007810831069946,0.08382076025009155,0.2985404431819916,8.891934394836426,1.375,1.37:-8.33;1.38:-8.32;1.42:-8.34;1.41:-8.32;1.39:-8.33;1.35:-8.35;1.36:-8.37;1.4:-8.32,1.4:-8.39;1.47:-8.29;1.41:-8.33;1.35:-8.33;1.47:-8.29;1.48:-8.28;1.48:-8.28;1.48:-8.28;1.4:-8.31;1.47:-8.28;1.34:-8.33;1.47:-8.29,1.431152:-8.324964;1.471319:-8.339561;1.526044:-8.311966;1.569753:-8.348573;1.614759:-8.335501;1.643338:-8.325176;1.692314:-8.360079;1.708093:-8.386567;1.783814:-8.38216;1.812596:-8.377168;1.844183:-8.385811;1.860429:-8.381489
sigma3_hotel_seed42,HOTEL:biwi_hotel:139:6940,HOTEL,biwi_hotel,biwi_hotel:139,6940,3,0.023230917751789093,0.05533669516444206,0.0,0.0,0.0,0.0,1.0,1.31:-9.3;1.31:-9.3;1.31:-9.3;1.31:-9.3;1.31:-9.3;1.31:-9.3;1.31:-9.3;1.31:-9.3,1.31:-9.3;1.31:-9.3;1.31:-9.3;1.31:-9.3;1.31:-9.3;1.31:-9.3;1.31:-9.3;1.31:-9.3;1.31:-9.3;1.31:-9.3;1.31:-9.3;1.31:-9.3,1.301948:-9.300445;1.286145:-9.307575;1.29519:-9.293784;1.287808:-9.298162;1.30285:-9.3047;1.276865:-9.29898;1.315952:-9.300712;1.300799:-9.290154;1.311583:-9.305661;1.34571:-9.321217;1.34778:-9.321397;1.364838:-9.307412
sigma3_hotel_seed42,HOTEL:biwi_hotel:142:6940,HOTEL,biwi_hotel,biwi_hotel:142,6940,3,3.357069253921509,6.323695182800293,1.4020074605941772,1.3888367414474487,0.8275779485702515,0.8504140973091125,1.625,1.21:-7.03;1.31:-6.53;1.28:-6.02;1.33:-5.35;1.37:-4.86;1.32:-4.33;1.36:-3.72;1.33:-3.16,1.25:-2.6;1.34:-2.05;1.45:-1.65;1.44:-1.12;1.41:-0.52;1.45:-0.11;1.38:0.42;1.38:0.91;1.41:1.44;1.41:2.08;1.43:2.45;1.48:3.1,1.345375:-3.201124;1.320379:-3.114309;1.304209:-3.282154;1.236544:-3.146995;1.159711:-3.157247;1.154063:-3.222767;0.8720523:-3.128694;0.9270649:-3.166456;0.7832425:-2.975513;0.7539595:-2.949142;0.6931409:-3.119814;0.6783488:-3.172677
sigma3_hotel_seed42,HOTEL:biwi_hotel:143:6940,HOTEL,biwi_hotel,biwi_hotel:143,6940,3,3.310943365097046,6.096404075622559,1.1524430513381958,1.2701719999313354,0.4232805371284485,0.33366450667381287,1.625,0.49:-6.76;0.57:-6.28;0.62:-5.82;0.65:-5.27;0.66:-4.78;0.73:-4.23;0.76:-3.68;0.79:-3.22,0.85:-2.71;0.87:-2.17;0.81:-1.69;0.8:-1.13;0.7:-0.65;0.73:-0.14;0.8:0.36;0.81:0.82;0.79:1.36;0.87:1.96;0.83:2.35;0.81:2.85,0.8445114:-3.255369;0.8622383:-3.183082;0.8869528:-3.331808;0.8766548:-3.208186;0.8194882:-3.228793;0.856411:-3.289876;0.6506921:-3.22239;0.7493784:-3.244115;0.632786:-3.062068;0.6311684:-3.042408;0.5982314:-3.181334;0.6088448:-3.243085
sigma3_hotel_seed42,HOTEL:biwi_hotel:144:6940,HOTEL,biwi_hotel,biwi_hotel:144,6940,3,0.08591531962156296,0.14664068818092346,0.0,0.13538677990436554,0.7007395625114441,10.880001068115234,0.875,-0.29:-6.79;-0.26:-6.82;-0.26:-6.81;-0.24:-6.9;-0.33:-6.83;-0.25:-6.9;-0.24:-6.91;-0.24:-6.91,-0.24:-6.91;-0.24:-6.91;-0.24:-6.91;-0.24:-6.91;-0.24:-6.91;-0.24:-6.91;-0.24:-6.91;-0.24:-6.91;-0.26:-6.87;-0.24:-6.9;-0.24:-6.83;-0.24:-6.9,-0.2498392:-6.908179;-0.2623357:-6.906748;-0.2883068:-6.91522;-0.3019239:-6.916374;-0.3054561:-6.914717;-0.3077425:-6.923116;-0.3384963:-6.917238;-0.3552259:-6.935548;-0.3392085:-6.939391;-0.3560968:-6.942108;-0.3541181:-6.943161;-0.3778628:-6.949974
sigma3_hotel_seed42,HOTEL:biwi_hotel:138:6950,HOTEL,biwi_hotel,biwi_hotel:138,6950,3,0.1306900829076767,0.17961502075195312,0.17499999701976776,0.10377000272274017,0.386107861995697,10.109740257263184,1.125,1.38:-8.32;1.42:-8.34;1.41:-8.32;1.39:-8.33;1.35:-8.35;1.36:-8.37;1.4:-8.32;1.4:-8.39,1.47:-8.29;1.41:-8.33;1.35:-8.33;1.47:-8.29;1.48:-8.28;1.48:-8.28;1.48:-8.28;1.4:-8.31;1.47:-8.28;1.34:-8.33;1.47:-8.29;1.48:-8.28,1.380443:-8.394304;1.377499:-8.405306;1.391936:-8.374716;1.397626:-8.403791;1.385593:-8.387565;1.369238:-8.382878;1.393103:-8.419188;1.375628:-8.431479;1.394454:-8.410731;1.381358:-8.404996;1.374284:-8.410769;1.360004:-8.413651
sigma3_hotel_seed42,HOTEL:biwi_hotel:139:6950,HOTEL,biwi_hotel,biwi_hotel:139,6950,3,0.02323087304830551,0.05533634126186371,0.0,0.0,0.0,0.0,1.0,1.31:-9.3;1.31:-9.3;1.31:-9.3;1.31:-9.3;1.31:-9.3;1.31:-9.3;1.31:-9.3;1.31:-9.3,1.31:-9.3;1.31:-9.3;1.31:-9.3;1.31:-9.3;1.31:-9.3;1.31:-9.3;1.31:-9.3;1.31:-9.3;1.31:-9.3;1.31:-9.3;1.31:-9.3;1.31:-9.3,1.301948:-9.300445;1.286145:-9.307575;1.29519:-9.293784;1.287808:-9.298162;1.30285:-9.3047;1.276864:-9.29898;1.315952:-9.300712;1.300799:-9.290154;1.311583:-9.305661;1.34571:-9.321217;1.34778:-9.321397;1.364838:-9.307412
sigma3_hotel_seed42,HOTEL:biwi_hotel:142:6950,HOTEL,biwi_hotel,biwi_hotel:142,6950,3,3.3824141025543213,6.359224796295166,1.4142135381698608,1.4087594747543335,0.7438445687294006,0.682639479637146,1.375,1.31:-6.53;1.28:-6.02;1.33:-5.35;1.37:-4.86;1.32:-4.33;1.36:-3.72;1.33:-3.16;1.25:-2.6,1.34:-2.05;1.45:-1.65;1.44:-1.12;1.41:-0.52;1.45:-0.11;1.38:0.42;1.38:0.91;1.41:1.44;1.41:2.08;1.43:2.45;1.48:3.1;1.51:3.59,1.184622:-2.63529;1.090493:-2.551966;1.009692:-2.691523;0.8831854:-2.574886;0.751626:-2.568523;0.680535:-2.621823;0.3552645:-2.539763;0.3451848:-2.576626;0.1594276:-2.40124;0.06990767:-2.361465;-0.03590679:-2.517986;-0.09344661:-2.563755
sigma3_hotel_seed42,HOTEL:biwi_hotel:143:6950,HOTEL,biwi_hotel,biwi_hotel:143,6950,3,3.332491636276245,6.0740437507629395,1.2837932109832764,1.2797777652740479,0.4464617967605591,0.3287700116634369,1.375,0.57:-6.28;0.62:-5.82;0.65:-5.27;0.66:-4.78;0.73:-4.23;0.76:-3.68;0.79:-3.22;0.85:-2.71,0.87:-2.17;0.81:-1.69;0.8:-1.13;0.7:-0.65;0.73:-0.14;0.8:0.36;0.81:0.82;0.79:1.36;0.87:1.96;0.83:2.35;0.81:2.85;0.89:3.31,0.9523046:-2.750917;1.02252:-2.681422;1.100153:-2.83026;1.135185:-2.717126;1.111449:-2.729217;1.195696:-2.777605;1.027456:-2.735795;1.17366:-2.770141;1.092702:-2.565058;1.116186:-2.554545;1.128654:-2.68363;1.166183:-2.757762
sigma3_hotel_seed42,HOTEL:biwi_hotel:144:6950,HOTEL,biwi_hotel,biwi_hotel:144,6950,3,0.04664348065853119,0.05096663162112236,0.0,0.12023448944091797,0.6486562490463257,8.52380657196045,0.625,-0.26:-6.82;-0.26:-6.81;-0.24:-6.9;-0.33:-6.83;-0.25:-6.9;-0.24:-6.91;-0.24:-6.91;-0.24:-6.91,-0.24:-6.91;-0.24:-6.91;-0.24:-6.91;-0.24:-6.91;-0.24:-6.91;-0.24:-6.91;-0.24:-6.91;-0.26:-6.87;-0.24:-6.9;-0.24:-6.83;-0.24:-6.9;-0.24:-6.91,-0.2458098:-6.911066;-0.2446223:-6.922602;-0.2342818:-6.897247;-0.2235499:-6.926144;-0.2181769:-6.911175;-0.2200071:-6.909527;-0.2004976:-6.936141;-0.2167717:-6.953077;-0.1829699:-6.94513;-0.187717:-6.943295;-0.1838948:-6.945162;-0.1979816:-6.938845
sigma3_hotel_seed42,HOTEL:biwi_hotel:138:6960,HOTEL,biwi_hotel,biwi_hotel:138,6960,3,0.43732115626335144,0.690700888633728,0.3051638901233673,0.1313929259777069,0.5109167098999023,10.142515182495117,1.0,1.42:-8.34;1.41:-8.32;1.39:-8.33;1.35:-8.35;1.36:-8.37;1.4:-8.32;1.4:-8.39;1.47:-8.29,1.41:-8.33;1.35:-8.33;1.47:-8.29;1.48:-8.28;1.48:-8.28;1.48:-8.28;1.4:-8.31;1.47:-8.28;1.34:-8.33;1.47:-8.29;1.48:-8.28;1.48:-8.28,1.541185:-8.310247;1.619297:-8.295142;1.704904:-8.33054;1.759455:-8.29609;1.810187:-8.307554;1.872367:-8.351316;1.906642:-8.31962;1.969769:-8.304309;2.008154:-8.282735;2.062879:-8.259717;2.112026:-8.329378;2.167672:-8.344612
sigma3_hotel_seed42,HOTEL:biwi_hotel:139:6960,HOTEL,biwi_hotel,biwi_hotel:139,6960,3,0.023230990394949913,0.05533716827630997,0.0,0.0,0.0,0.0,1.0,1.31:-9.3;1.31:-9.3;1.31:-9.3;1.31:-9.3;1.31:-9.3;1.31:-9.3;1.31:-9.3;1.31:-9.3,1.31:-9.3;1.31:-9.3;1.31:-9.3;1.31:-9.3;1.31:-9.3;1.31:-9.3;1.31:-9.3;1.31:-9.3;1.31:-9.3;1.31:-9.3;1.31:-9.3;1.31:-9.3,1.301948:-9.300445;1.286145:-9.307575;1.29519:-9.293784;1.287809:-9.298162;1.30285:-9.3047;1.276865:-9.29898;1.315953:-9.300712;1.300799:-9.290154;1.311583:-9.305661;1.345711:-9.321217;1.34778:-9.321397;1.364838:-9.307412
sigma3_hotel_seed42,HOTEL:biwi_hotel:144:6960,HOTEL,biwi_hotel,biwi_hotel:144,6960,3,0.08415538817644119,0.13976457715034485,0.0,0.11666306108236313,0.5424267053604126,5.600882530212402,0.375,-0.26:-6.81;-0.24:-6.9;-0.33:-6.83;-0.25:-6.9;-0.24:-6.91;-0.24:-6.91;-0.24:-6.91;-0.24:-6.91,-0.24:-6.91;-0.24:-6.91;-0.24:-6.91;-0.24:-6.91;-0.24:-6.91;-0.24:-6.91;-0.26:-6.87;-0.24:-6.9;-0.24:-6.83;-0.24:-6.9;-0.24:-6.91;-0.24:-6.91,-0.2498439:-6.908364;-0.2626886:-6.907029;-0.2874959:-6.915481;-0.3018393:-6.91609;-0.3045637:-6.915279;-0.3084989:-6.923808;-0.3369496:-6.91742;-0.3542079:-6.934751;-0.3379264:-6.938931;-0.3525781:-6.942544;-0.3508196:-6.944421;-0.3736067:-6.951029
sigma3_hotel_seed42,HOTEL:biwi_hotel:138:6970,HOTEL,biwi_hotel,biwi_hotel:138,6970,3,0.5315532684326172,0.9853600263595581,0.18027757108211517,0.14916090667247772,0.6769864559173584,11.341243743896484,1.0,1.41:-8.32;1.39:-8.33;1.35:-8.35;1.36:-8.37;1.4:-8.32;1.4:-8.39;1.47:-8.29;1.41:-8.33,1.35:-8.33;1.47:-8.29;1.48:-8.28;1.48:-8.28;1.48:-8.28;1.4:-8.31;1.47:-8.28;1.34:-8.33;1.47:-8.29;1.48:-8.28;1.48:-8.28;1.48:-8.28,1.321265:-8.331888;1.246064:-8.336327;1.183913:-8.315321;1.112538:-8.326933;1.026447:-8.31584;0.942775:-8.313196;0.8953793:-8.335101;0.8066525:-8.336549;0.7460405:-8.319802;0.6607741:-8.310649;0.5805992:-8.311473;0.4951317:-8.311127
sigma3_hotel_seed42,HOTEL:biwi_hotel:139:6970,HOTEL,biwi_hotel,biwi_hotel:139,6970,3,0.023230908438563347,0.05533728748559952,0.0,0.0,0.0,0.0,1.0,1.31:-9.3;1.31:-9.3;1.31:-9.3;1.31:-9.3;1.31:-9.3;1.31:-9.3;1.31:-9.3;1.31:-9.3,1.31:-9.3;1.31:-9.3;1.31:-9.3;1.31:-9.3;1.31:-9.3;1.31:-9.3;1.31:-9.3;1.31:-9.3;1.31:-9.3;1.31:-9.3;1.31:-9.3;1.31:-9.3,1.301948:-9.300445;1.286145:-9.307575;1.29519:-9.293785;1.287809:-9.298162;1.30285:-9.3047;1.276865:-9.29898;1.315953:-9.300711;1.300799:-9.290154;1.311584:-9.305661;1.345711:-9.321217;1.34778:-9.321397;1.364839:-9.307412
sigma3_hotel_seed42,HOTEL:biwi_hotel:144:6970,HOTEL,biwi_hotel,biwi_hotel:144,6970,3,0.13321439921855927,0.23130746185779572,0.0,0.0837361216545105,0.34017160534858704,3.150373935699463,0.125,-0.24:-6.9;-0.33:-6.83;-0.25:-6.9;-0.24:-6.91;-0.24:-6.91;-0.24:-6.91;-0.24:-6.91;-0.24:-6.91,-0.24:-6.91;-0.24:-6.91;-0.24:-6.91;-0.24:-6.91;-0.24:-6.91;-0.26:-6.87;-0.24:-6.9;-0.24:-6.83;-0.24:-6.9;-0.24:-6.91;-0.24:-6.91;-0.24:-6.91,-0.2051228:-6.907099;-0.1828513:-6.898394;-0.1870195:-6.932351;-0.17192:-6.913264;-0.1486207:-6.922668;-0.1138837:-6.952221;-0.1247239:-6.921853;-0.1060394:-6.936989;-0.06792556:-6.92583;-0.04760823:-6.944368;-0.01467337:-6.956956;-0.01652469:-6.969682
sigma3_hotel_seed42,HOTEL:biwi_hotel:145:6970,HOTEL,biwi_hotel,biwi_hotel:145,6970,3,3.949235200881958,7.798247814178467,1.1559628248214722,1.3076128959655762,0.3861226439476013,0.6068267822265625,0.625,2.46:2.98;2.51:2.45;2.6:1.9;2.66:1.36;2.68:0.84;2.69:0.31;2.53:-0.18;2.36:-0.61,2.17:-1.09;1.95:-1.56;1.85:-1.99;1.85:-2.54;1.82:-3.13;1.99:-3.67;2.1:-4.27;2.27:-4.96;2.44:-5.52;2.53:-6.17;2.57:-6.81;2.59:-7.47,2.070488:-0.6207246;1.785527:-0.5697011;1.549664:-0.5888191;1.28683:-0.5516831;0.9988488:-0.5076698;0.7290711:-0.5057554;0.356015:-0.5026041;0.1690035:-0.5242542;-0.1262255:-0.3858036;-0.3586113:-0.326201;-0.6077342:-0.4193142;-0.7796085:-0.4373327
sigma3_hotel_seed42,HOTEL:biwi_hotel:138:6980,HOTEL,biwi_hotel,biwi_hotel:138,6980,3,0.5724331140518188,1.0193229913711548,0.15000000596046448,0.16260352730751038,0.6953607797622681,11.929245948791504,1.0,1.39:-8.33;1.35:-8.35;1.36:-8.37;1.4:-8.32;1.4:-8.39;1.47:-8.29;1.41:-8.33;1.35:-8.33,1.47:-8.29;1.48:-8.28;1.48:-8.28;1.48:-8.28;1.4:-8.31;1.47:-8.28;1.34:-8.33;1.47:-8.29;1.48:-8.28;1.48:-8.28;1.48:-8.28;1.48:-8.28,1.262385:-8.335642;1.197929:-8.348655;1.150518:-8.309282;1.080649:-8.343941;1.014516:-8.32146;0.9333922:-8.304197;0.8752015:-8.348448;0.7759988:-8.353415;0.7326604:-8.362256;0.6325142:-8.329669;0.5557443:-8.338744;0.461686:-8.325341
sigma3_hotel_seed42,HOTEL:biwi_hotel:139:6980,HOTEL,biwi_hotel,biwi_hotel:139,6980,3,0.02323092706501484,0.05533776059746742,0.0,0.0,0.0,0.0,1.0,1.31:-9.3;1.31:-9.3;1.31:-9.3;1.31:-9.3;1.31:-9.3;1.31:-9.3;1.31:-9.3;1.31:-9.3,1.31:-9.3;1.31:-9.3;1.31:-9.3;1.31:-9.3;1.31:-9.3;1.31:-9.3;1.31:-9.3;1.31:-9.3;1.31:-9.3;1.31:-9.3;1.31:-9.3;1.31:-9.3,1.301948:-9.300445;1.286145:-9.307575;1.295191:-9.293785;1.287809:-9.298162;1.302851:-9.3047;1.276865:-9.29898;1.315953:-9.300711;1.3008:-9.290154;1.311584:-9.305661;1.345711:-9.321217;1.347781:-9.321397;1.364839:-9.307412
sigma3_hotel_seed42,HOTEL:biwi_hotel:144:6980,HOTEL,biwi_hotel,biwi_hotel:144,6980,3,0.08128701150417328,0.1359020620584488,0.0,0.04301556944847107,0.11076831072568893,0.06656816601753235,0.0,-0.33:-6.83;-0.25:-6.9;-0.24:-6.91;-0.24:-6.91;-0.24:-6.91;-0.24:-6.91;-0.24:-6.91;-0.24:-6.91,-0.24:-6.91;-0.24:-6.91;-0.24:-6.91;-0.24:-6.91;-0.26:-6.87;-0.24:-6.9;-0.24:-6.83;-0.24:-6.9;-0.24:-6.91;-0.24:-6.91;-0.24:-6.91;-0.24:-6.91,-0.2510181:-6.910831;-0.2636584:-6.910531;-0.2775572:-6.916522;-0.2968579:-6.912562;-0.3000188:-6.91699;-0.3166029:-6.921489;-0.3278754:-6.917122;-0.3486992:-6.919147;-0.3441615:-6.924451;-0.3500831:-6.932534;-0.353541:-6.937699;-0.3724271:-6.940536
sigma3_hotel_seed42,HOTEL:biwi_hotel:145:6980,HOTEL,biwi_hotel,biwi_hotel:145,6980,3,3.9874918460845947,7.747883319854736,1.2905910015106201,1.3018568754196167,0.39563336968421936,0.5391080975532532,1.0,2.51:2.45;2.6:1.9;2.66:1.36;2.68:0.84;2.69:0.31;2.53:-0.18;2.36:-0.61;2.17:-1.09,1.95:-1.56;1.85:-1.99;1.85:-2.54;1.82:-3.13;1.99:-3.67;2.1:-4.27;2.27:-4.96;2.44:-5.52;2.53:-6.17;2.57:-6.81;2.59:-7.47;2.56:-8.12,1.956843:-1.111574;1.736704:-1.041099;1.544205:-1.117095;1.31824:-1.041566;1.083447:-1.008656;0.8863087:-1.034533;0.5023228:-0.9874823;0.3745186:-1.01772;0.1127737:-0.8662548;-0.07931352:-0.8080135;-0.2750204:-0.933625;-0.4110274:-0.964394
sigma3_hotel_seed42,HOTEL:biwi_hotel:138:6990,HOTEL,biwi_hotel,biwi_hotel:138,6990,3,0.6099810600280762,1.0536651611328125,0.3162277638912201,0.19180700182914734,0.835351288318634,13.178292274475098,1.0,1.35:-8.35;1.36:-8.37;1.4:-8.32;1.4:-8.39;1.47:-8.29;1.41:-8.33;1.35:-8.33;1.47:-8.29,1.48:-8.28;1.48:-8.28;1.48:-8.28;1.4:-8.31;1.47:-8.28;1.34:-8.33;1.47:-8.29;1.48:-8.28;1.48:-8.28;1.48:-8.28;1.48:-8.28;1.48:-8.28,1.563774:-8.29876;1.662559:-8.304027;1.761803:-8.303392;1.852418:-8.322553;1.948035:-8.317845;2.038477:-8.327415;2.113983:-8.332252;2.185303:-8.364773;2.307795:-8.360991;2.383091:-8.351553;2.464178:-8.380866;2.528415:-8.385056
sigma3_hotel_seed42,HOTEL:biwi_hotel:139:6990,HOTEL,biwi_hotel,biwi_hotel:139,6990,3,0.023230984807014465,0.055338241159915924,0.0,0.0,0.0,0.0,1.0,1.31:-9.3;1.31:-9.3;1.31:-9.3;1.31:-9.3;1.31:-9.3;1.31:-9.3;1.31:-9.3;1.31:-9.3,1.31:-9.3;1.31:-9.3;1.31:-9.3;1.31:-9.3;1.31:-9.3;1.31:-9.3;1.31:-9.3;1.31:-9.3;1.31:-9.3;1.31:-9.3;1.31:-9.3;1.31:-9.3,1.301948:-9.300445;1.286145:-9.307575;1.295191:-9.293785;1.287809:-9.298162;1.302851:-9.3047;1.276865:-9.29898;1.315953:-9.300711;1.3008:-9.290154;1.311584:-9.305661;1.345711:-9.321217;1.347781:-9.321397;1.364839:-9.307413
sigma3_hotel_seed42,HOTEL:biwi_hotel:144:6990,HOTEL,biwi_hotel,biwi_hotel:144,6990,3,0.05528445169329643,0.1331208348274231,0.0,0.005050762556493282,0.014731391333043575,0.0,0.0,-0.25:-6.9;-0.24:-6.91;-0.24:-6.91;-0.24:-6.91;-0.24:-6.91;-0.24:-6.91;-0.24:-6.91;-0.24:-6.91,-0.24:-6.91;-0.24:-6.91;-0.24:-6.91;-0.26:-6.87;-0.24:-6.9;-0.24:-6.83;-0.24:-6.9;-0.24:-6.91;-0.24:-6.91;-0.24:-6.91;-0.24:-6.91;-0.24:-6.91,-0.2354448:-6.908655;-0.2419502:-6.910449;-0.2396369:-6.911258;-0.2384457:-6.907685;-0.2184721:-6.915129;-0.223613:-6.919197;-0.1965158:-6.907282;-0.1981814:-6.90502;-0.1786092:-6.917114;-0.1437255:-6.934988;-0.1281129:-6.933588;-0.1079156:-6.926579
sigma3_hotel_seed42,HOTEL:biwi_hotel:145:6990,HOTEL,biwi_hotel,biwi_hotel:145,6990,3,4.379609107971191,8.296616554260254,1.2973530292510986,1.2881519794464111,0.39563336968421936,0.5484485030174255,1.375,2.6:1.9;2.66:1.36;2.68:0.84;2.69:0.31;2.53:-0.18;2.36:-0.61;2.17:-1.09;1.95:-1.56,1.85:-1.99;1.85:-2.54;1.82:-3.13;1.99:-3.67;2.1:-4.27;2.27:-4.96;2.44:-5.52;2.53:-6.17;2.57:-6.81;2.59:-7.47;2.56:-8.12;2.56:-8.78,1.668843:-1.576147;1.390893:-1.508734;1.144192:-1.561191;0.8697078:-1.49998;0.5862429:-1.455399;0.3321033:-1.472183;-0.08748984:-1.435471;-0.2693584:-1.463284;-0.5681813:-1.321214;-0.8097165:-1.25319;-1.046863:-1.36904;-1.220234:-1.394631
sigma3_hotel_seed42,HOTEL:biwi_hotel:138:7000,HOTEL,biwi_hotel,biwi_hotel:138,7000,3,0.09327920526266098,0.17692892253398895,0.0353553406894207,0.1888718158006668,0.8747885823249817,11.6387357711792,1.0,1.36:-8.37;1.4:-8.32;1.4:-8.39;1.47:-8.29;1.41:-8.33;1.35:-8.33;1.47:-8.29;1.48:-8.28,1.48:-8.28;1.48:-8.28;1.4:-8.31;1.47:-8.28;1.34:-8.33;1.47:-8.29;1.48:-8.28;1.48:-8.28;1.48:-8.28;1.48:-8.28;1.48:-8.28;1.48:-8.28,1.466871:-8.279943;1.453565:-8.281013;1.435385:-8.284249;1.416675:-8.287579;1.411058:-8.287216;1.397182:-8.292577;1.373154:-8.294442;1.349027:-8.306483;1.361205:-8.30817;1.344177:-8.310884;1.338367:-8.317775;1.308324:-8.322792
sigma3_hotel_seed42,HOTEL:biwi_hotel:139:7000,HOTEL,biwi_hotel,biwi_hotel:139,7000,3,0.023230968043208122,0.055337052792310715,0.0,0.0,0.0,0.0,1.0,1.31:-9.3;1.31:-9.3;1.31:-9.3;1.31:-9.3;1.31:-9.3;1.31:-9.3;1.31:-9.3;1.31:-9.3,1.31:-9.3;1.31:-9.3;1.31:-9.3;1.31:-9.3;1.31:-9.3;1.31:-9.3;1.31:-9.3;1.31:-9.3;1.31:-9.3;1.31:-9.3;1.31:-9.3;1.31:-9.3,1.301948:-9.300445;1.286145:-9.307575;1.29519:-9.293784;1.287809:-9.298162;1.30285:-9.3047;1.276865:-9.29898;1.315953:-9.300712;1.300799:-9.290154;1.311583:-9.305661;1.345711:-9.321217;1.34778:-9.321397;1.364838:-9.307412
sigma3_hotel_seed42,HOTEL:biwi_hotel:144:7000,HOTEL,biwi_hotel,biwi_hotel:144,7000,3,0.03132440894842148,0.05533716082572937,0.0,0.0,0.0,0.0,0.0,-0.24:-6.91;-0.24:-6.91;-0.24:-6.91;-0.24:-6.91;-0.24:-6.91;-0.24:-6.91;-0.24:-6.91;-0.24:-6.91,-0.24:-6.91;-0.24:-6.91;-0.26:-6.87;-0.24:-6.9;-0.24:-6.83;-0.24:-6.9;-0.24:-6.91;-0.24:-6.91;-0.24:-6.91;-0.24:-6.91;-0.24:-6.91;-0.24:-6.91,-0.2480518:-6.910444;-0.2638552:-6.917574;-0.2548095:-6.903784;-0.2621914:-6.908163;-0.2471497:-6.9147;-0.2731352:-6.908979;-0.2340473:-6.910711;-0.2492009:-6.900154;-0.2384167:-6.915661;-0.2042893:-6.931216;-0.2022199:-6.931397;-0.1851615:-6.917412
sigma3_hotel_seed42,HOTEL:biwi_hotel:145:7000,HOTEL,biwi_hotel,biwi_hotel:145,7000,3,4.101224422454834,7.662249565124512,1.103687047958374,1.2517776489257812,0.4808101952075958,0.685528576374054,1.625,2.66:1.36;2.68:0.84;2.69:0.31;2.53:-0.18;2.36:-0.61;2.17:-1.09;1.95:-1.56;1.85:-1.99,1.85:-2.54;1.82:-3.13;1.99:-3.67;2.1:-4.27;2.27:-4.96;2.44:-5.52;2.53:-6.17;2.57:-6.81;2.59:-7.47;2.56:-8.12;2.56:-8.78;2.53:-9.4,1.797306:-2.019971;1.71674:-1.95068;1.658115:-2.067266;1.561159:-1.964927;1.434968:-1.966222;1.372063:-2.010436;1.102256:-1.953379;1.107493:-1.978825;0.933475:-1.808582;0.8627707:-1.776717;0.7590225:-1.911397;0.7127769:-1.95636
sigma3_hotel_seed42,HOTEL:biwi_hotel:138:7010,HOTEL,biwi_hotel,biwi_hotel:138,7010,3,0.21646077930927277,0.4522022306919098,0.0,0.1660035103559494,0.757758378982544,9.171883583068848,1.0,1.4:-8.32;1.4:-8.39;1.47:-8.29;1.41:-8.33;1.35:-8.33;1.47:-8.29;1.48:-8.28;1.48:-8.28,1.48:-8.28;1.4:-8.31;1.47:-8.28;1.34:-8.33;1.47:-8.29;1.48:-8.28;1.48:-8.28;1.48:-8.28;1.48:-8.28;1.48:-8.28;1.48:-8.28;1.48:-8.28,1.444711:-8.278215;1.418484:-8.2803;1.370468:-8.274655;1.344666:-8.292361;1.31061:-8.27501;1.300991:-8.273203;1.229728:-8.290692;1.191166:-8.315914;1.184204:-8.317573;1.112092:-8.298944;1.090164:-8.292894;1.028112:-8.296846
sigma3_hotel_seed42,HOTEL:biwi_hotel:139:7010,HOTEL,biwi_hotel,biwi_hotel:139,7010,3,0.023230968043208122,0.055337052792310715,0.0,0.0,0.0,0.0,1.0,1.31:-9.3;1.31:-9.3;1.31:-9.3;1.31:-9.3;1.31:-9.3;1.31:-9.3;1.31:-9.3;1.31:-9.3,1.31:-9.3;1.31:-9.3;1.31:-9.3;1.31:-9.3;1.31:-9.3;1.31:-9.3;1.31:-9.3;1.31:-9.3;1.31:-9.3;1.31:-9.3;1.31:-9.3;1.31:-9.3,1.301948:-9.300445;1.286145:-9.307575;1.29519:-9.293784;1.287809:-9.298162;1.30285:-9.3047;1.276865:-9.29898;1.315953:-9.300712;1.300799:-9.290154;1.311583:-9.305661;1.345711:-9.321217;1.34778:-9.321397;1.364838:-9.307412
sigma3_hotel_seed42,HOTEL:biwi_hotel:144:7010,HOTEL,biwi_hotel,biwi_hotel:144,7010,3,0.03062264434993267,0.05533716082572937,0.0,0.0,0.0,0.0,0.0,-0.24:-6.91;-0.24:-6.91;-0.24:-6.91;-0.24:-6.91;-0.24:-6.91;-0.24:-6.91;-0.24:-6.91;-0.24:-6.91,-0.24:-6.91;-0.26:-6.87;-0.24:-6.9;-0.24:-6.83;-0.24:-6.9;-0.24:-6.91;-0.24:-6.91;-0.24:-6.91;-0.24:-6.91;-0.24:-6.91;-0.24:-6.91;-0.24:-6.91,-0.2480518:-6.910444;-0.2638552:-6.917574;-0.2548095:-6.903784;-0.2621914:-6.908163;-0.2471497:-6.9147;-0.2731352:-6.908979;-0.2340473:-6.910711;-0.2492009:-6.900154;-0.2384167:-6.915661;-0.2042893:-6.931216;-0.2022199:-6.931397;-0.1851615:-6.917412
sigma3_hotel_seed42,HOTEL:biwi_hotel:138:7020,HOTEL,biwi_hotel,biwi_hotel:138,7020,3,0.08188097923994064,0.13506360352039337,0.0,0.14100350439548492,0.5662503242492676,6.641017436981201,1.0,1.4:-8.39;1.47:-8.29;1.41:-8.33;1.35:-8.33;1.47:-8.29;1.48:-8.28;1.48:-8.28;1.48:-8.28,1.4:-8.31;1.47:-8.28;1.34:-8.33;1.47:-8.29;1.48:-8.28;1.48:-8.28;1.48:-8.28;1.48:-8.28;1.48:-8.28;1.48:-8.28;1.48:-8.28;1.48:-8.28,1.497654:-8.277858;1.505777:-8.271284;1.496721:-8.295618;1.500236:-8.279063;1.516333:-8.288777;1.533165:-8.303893;1.528616:-8.279726;1.539219:-8.286513;1.560946:-8.28877;1.579028:-8.306823;1.604329:-8.307814;1.609883:-8.317047
sigma3_hotel_seed42,HOTEL:biwi_hotel:139:7020,HOTEL,biwi_hotel,biwi_hotel:139,7020,3,0.023230968043208122,0.055337052792310715,0.0,0.0,0.0,0.0,1.0,1.31:-9.3;1.31:-9.3;1.31:-9.3;1.31:-9.3;1.31:-9.3;1.31:-9.3;1.31:-9.3;1.31:-9.3,1.31:-9.3;1.31:-9.3;1.31:-9.3;1.31:-9.3;1.31:-9.3;1.31:-9.3;1.31:-9.3;1.31:-9.3;1.31:-9.3;1.31:-9.3;1.31:-9.3;1.31:-9.3,1.301948:-9.300445;1.286145:-9.307575;1.29519:-9.293784;1.287809:-9.298162;1.30285:-9.3047;1.276865:-9.29898;1.315953:-9.300712;1.300799:-9.290154;1.311583:-9.305661;1.345711:-9.321217;1.34778:-9.321397;1.364838:-9.307412
sigma3_hotel_seed42,HOTEL:biwi_hotel:144:7020,HOTEL,biwi_hotel,biwi_hotel:144,7020,3,0.03150440379977226,0.05533716082572937,0.0,0.0,0.0,0.0,0.0,-0.24:-6.91;-0.24:-6.91;-0.24:-6.91;-0.24:-6.91;-0.24:-6.91;-0.24:-6.91;-0.24:-6.91;-0.24:-6.91,-0.26:-6.87;-0.24:-6.9;-0.24:-6.83;-0.24:-6.9;-0.24:-6.91;-0.24:-6.91;-0.24:-6.91;-0.24:-6.91;-0.24:-6.91;-0.24:-6.91;-0.24:-6.91;-0.24:-6.91,-0.2480518:-6.910444;-0.2638552:-6.917574;-0.2548095:-6.903784;-0.2621914:-6.908163;-0.2471497:-6.9147;-0.2731352:-6.908979;-0.2340473:-6.910711;-0.2492009:-6.900154;-0.2384167:-6.915661;-0.2042893:-6.931216;-0.2022199:-6.931397;-0.1851615:-6.917412
sigma3_hotel_seed42,HOTEL:biwi_hotel:138:7030,HOTEL,biwi_hotel,biwi_hotel:138,7030,3,0.6483835577964783,1.1842246055603027,0.21360009908676147,0.12792296707630157,0.4562402069568634,6.586457252502441,1.0,1.47:-8.29;1.41:-8.33;1.35:-8.33;1.47:-8.29;1.48:-8.28;1.48:-8.28;1.48:-8.28;1.4:-8.31,1.47:-8.28;1.34:-8.33;1.47:-8.29;1.48:-8.28;1.48:-8.28;1.48:-8.28;1.48:-8.28;1.48:-8.28;1.48:-8.28;1.48:-8.28;1.48:-8.28;1.48:-8.28,1.300236:-8.312015;1.218099:-8.315098;1.135739:-8.295432;1.053164:-8.311419;0.9564055:-8.291655;0.8746591:-8.291995;0.7902653:-8.311983;0.685335:-8.320436;0.6164368:-8.3133;0.4957592:-8.28594;0.4053473:-8.290197;0.2957877:-8.28539
sigma3_hotel_seed42,HOTEL:biwi_hotel:139:7030,HOTEL,biwi_hotel,biwi_hotel:139,7030,3,0.023230968043208122,0.055337052792310715,0.0,0.0,0.0,0.0,1.0,1.31:-9.3;1.31:-9.3;1.31:-9.3;1.31:-9.3;1.31:-9.3;1.31:-9.3;1.31:-9.3;1.31:-9.3,1.31:-9.3;1.31:-9.3;1.31:-9.3;1.31:-9.3;1.31:-9.3;1.31:-9.3;1.31:-9.3;1.31:-9.3;1.31:-9.3;1.31:-9.3;1.31:-9.3;1.31:-9.3,1.301948:-9.300445;1.286145:-9.307575;1.29519:-9.293784;1.287809:-9.298162;1.30285:-9.3047;1.276865:-9.29898;1.315953:-9.300712;1.300799:-9.290154;1.311583:-9.305661;1.345711:-9.321217;1.34778:-9.321397;1.364838:-9.307412
sigma3_hotel_seed42,HOTEL:biwi_hotel:144:7030,HOTEL,biwi_hotel,biwi_hotel:144,7030,3,0.14541196823120117,0.27864059805870056,0.11180339753627777,0.015971913933753967,0.04658474773168564,0.0,0.0,-0.24:-6.91;-0.24:-6.91;-0.24:-6.91;-0.24:-6.91;-0.24:-6.91;-0.24:-6.91;-0.24:-6.91;-0.26:-6.87,-0.24:-6.9;-0.24:-6.83;-0.24:-6.9;-0.24:-6.91;-0.24:-6.91;-0.24:-6.91;-0.24:-6.91;-0.24:-6.91;-0.24:-6.91;-0.24:-6.91;-0.24:-6.91;-0.24:-6.91,-0.281927:-6.873532;-0.295052:-6.881237;-0.299743:-6.86842;-0.3234952:-6.883518;-0.3373979:-6.878923;-0.3677422:-6.874617;-0.3859364:-6.900934;-0.4241302:-6.905358;-0.4200169:-6.900486;-0.4495875:-6.897269;-0.4709064:-6.910793;-0.5186371:-6.911404
sigma3_hotel_seed42,HOTEL:biwi_hotel:150:7030,HOTEL,biwi_hotel,biwi_hotel:150,7030,3,1.7919573783874512,3.3359620571136475,0.21360009908676147,0.40453818440437317,0.6485626697540283,3.013925552368164,1.375,2.97:-1.62;2.9:-1.71;2.83:-1.94;2.73:-2.11;2.53:-2.26;2.49:-2.4;2.43:-2.48;2.46:-2.56,2.37:-2.66;2.12:-2.79;1.93:-2.92;1.68:-3.13;1.43:-3.28;1.18:-3.44;0.97:-3.61;0.78:-3.76;0.55:-3.82;0.32:-3.86;0.1:-3.95;-0.15:-4.08,2.4839:-2.565856;2.520617:-2.576021;2.566226:-2.554401;2.604359:-2.586111;2.639575:-2.570215;2.664406:-2.574007;2.710679:-2.593782;2.719291:-2.62257;2.790207:-2.613231;2.80937:-2.601869;2.835299:-2.622004;2.84924:-2.619452
sigma3_hotel_seed42,HOTEL:biwi_hotel:138:7040,HOTEL,biwi_hotel,biwi_hotel:138,7040,3,0.36754515767097473,0.6309134364128113,0.190394327044487,0.12936821579933167,0.5828599333763123,9.093926429748535,1.0,1.41:-8.33;1.35:-8.33;1.47:-8.29;1.48:-8.28;1.48:-8.28;1.48:-8.28;1.4:-8.31;1.47:-8.28,1.34:-8.33;1.47:-8.29;1.48:-8.28;1.48:-8.28;1.48:-8.28;1.48:-8.28;1.48:-8.28;1.48:-8.28;1.48:-8.28;1.48:-8.28;1.48:-8.28;1.48:-8.28,1.522334:-8.289543;1.582506:-8.294599;1.650251:-8.287829;1.705142:-8.30576;1.765035:-8.296786;1.814558:-8.311223;1.868835:-8.313604;1.899653:-8.336194;1.98275:-8.332135;2.025996:-8.317159;2.070968:-8.351609;2.107285:-8.347567
sigma3_hotel_seed42,HOTEL:biwi_hotel:139:7040,HOTEL,biwi_hotel,biwi_hotel:139,7040,3,0.023230968043208122,0.055337052792310715,0.0,0.0,0.0,0.0,1.0,1.31:-9.3;1.31:-9.3;1.31:-9.3;1.31:-9.3;1.31:-9.3;1.31:-9.3;1.31:-9.3;1.31:-9.3,1.31:-9.3;1.31:-9.3;1.31:-9.3;1.31:-9.3;1.31:-9.3;1.31:-9.3;1.31:-9.3;1.31:-9.3;1.31:-9.3;1.31:-9.3;1.31:-9.3;1.31:-9.3,1.301948:-9.300445;1.286145:-9.307575;1.29519:-9.293784;1.287809:-9.298162;1.30285:-9.3047;1.276865:-9.29898;1.315953:-9.300712;1.300799:-9.290154;1.311583:-9.305661;1.345711:-9.321217;1.34778:-9.321397;1.364838:-9.307412
sigma3_hotel_seed42,HOTEL:biwi_hotel:144:7040,HOTEL,biwi_hotel,biwi_hotel:144,7040,3,0.05346602573990822,0.06186096370220184,0.09013878554105759,0.028848882764577866,0.13056659698486328,3.017237663269043,0.0,-0.24:-6.91;-0.24:-6.91;-0.24:-6.91;-0.24:-6.91;-0.24:-6.91;-0.24:-6.91;-0.26:-6.87;-0.24:-6.9,-0.24:-6.83;-0.24:-6.9;-0.24:-6.91;-0.24:-6.91;-0.24:-6.91;-0.24:-6.91;-0.24:-6.91;-0.24:-6.91;-0.24:-6.91;-0.24:-6.91;-0.24:-6.91;-0.24:-6.91,-0.2375221:-6.901578;-0.228447:-6.912377;-0.2137319:-6.894781;-0.2061793:-6.918267;-0.195896:-6.909734;-0.1959687:-6.903077;-0.1925523:-6.936775;-0.202574:-6.948299;-0.1703466:-6.940717;-0.1759092:-6.943012;-0.1677561:-6.946804;-0.1910927:-6.947879
sigma3_hotel_seed42,HOTEL:biwi_hotel:150:7040,HOTEL,biwi_hotel,biwi_hotel:150,7040,3,1.2577130794525146,2.240492582321167,0.33634060621261597,0.41186627745628357,0.6294535994529724,3.7399089336395264,1.25,2.9:-1.71;2.83:-1.94;2.73:-2.11;2.53:-2.26;2.49:-2.4;2.43:-2.48;2.46:-2.56;2.37:-2.66,2.12:-2.79;1.93:-2.92;1.68:-3.13;1.43:-3.28;1.18:-3.44;0.97:-3.61;0.78:-3.76;0.55:-3.82;0.32:-3.86;0.1:-3.95;-0.15:-4.08;-0.44:-4.16,2.240599:-2.660168;2.134743:-2.668511;2.061901:-2.626437;1.978:-2.643453;1.837154:-2.631977;1.714707:-2.606688;1.676401:-2.668007;1.585763:-2.659257;1.478767:-2.605053;1.376662:-2.610833;1.267181:-2.583769;1.172881:-2.604873
sigma3_hotel_seed42,HOTEL:biwi_hotel:138:7050,HOTEL,biwi_hotel,biwi_hotel:138,7050,3,0.7497091889381409,1.2332684993743896,0.3482097089290619,0.15768389403820038,0.6151679754257202,9.377959251403809,1.0,1.35:-8.33;1.47:-8.29;1.48:-8.28;1.48:-8.28;1.48:-8.28;1.4:-8.31;1.47:-8.28;1.34:-8.33,1.47:-8.29;1.48:-8.28;1.48:-8.28;1.48:-8.28;1.48:-8.28;1.48:-8.28;1.48:-8.28;1.48:-8.28;1.48:-8.28;1.48:-8.28;1.48:-8.28;1.46:-8.28,1.219907:-8.331827;1.121012:-8.342173;1.054717:-8.299854;0.9720113:-8.32096;0.852219:-8.30839;0.7358224:-8.284325;0.7037925:-8.336763;0.6051397:-8.332584;0.5170087:-8.296901;0.4222853:-8.298405;0.3183899:-8.277698;0.2267441:-8.28557
sigma3_hotel_seed42,HOTEL:biwi_hotel:139:7050,HOTEL,biwi_hotel,biwi_hotel:139,7050,3,0.023230968043208122,0.055337052792310715,0.0,0.0,0.0,0.0,1.0,1.31:-9.3;1.31:-9.3;1.31:-9.3;1.31:-9.3;1.31:-9.3;1.31:-9.3;1.31:-9.3;1.31:-9.3,1.31:-9.3;1.31:-9.3;1.31:-9.3;1.31:-9.3;1.31:-9.3;1.31:-9.3;1.31:-9.3;1.31:-9.3;1.31:-9.3;1.31:-9.3;1.31:-9.3;1.31:-9.3,1.301948:-9.300445;1.286145:-9.307575;1.29519:-9.293784;1.287809:-9.298162;1.30285:-9.3047;1.276865:-9.29898;1.315953:-9.300712;1.300799:-9.290154;1.311583:-9.305661;1.345711:-9.321217;1.34778:-9.321397;1.364838:-9.307412
sigma3_hotel_seed42,HOTEL:biwi_hotel:144:7050,HOTEL,biwi_hotel,biwi_hotel:144,7050,3,0.08992167562246323,0.11889749020338058,0.17499999701976776,0.053848881274461746,0.23679617047309875,5.570827484130859,0.0,-0.24:-6.91;-0.24:-6.91;-0.24:-6.91;-0.24:-6.91;-0.24:-6.91;-0.26:-6.87;-0.24:-6.9;-0.24:-6.83,-0.24:-6.9;-0.24:-6.91;-0.24:-6.91;-0.24:-6.91;-0.24:-6.91;-0.24:-6.91;-0.24:-6.91;-0.24:-6.91;-0.24:-6.91;-0.24:-6.91;-0.24:-6.91;-0.24:-6.91,-0.2680263:-6.831847;-0.281738:-6.847712;-0.2740132:-6.806482;-0.2722885:-6.844665;-0.286119:-6.825591;-0.3102371:-6.812299;-0.2840232:-6.857908;-0.3111825:-6.871409;-0.2929614:-6.856476;-0.3083331:-6.854554;-0.319932:-6.848801;-0.3393405:-6.844669
sigma3_hotel_seed42,HOTEL:biwi_hotel:150:7050,HOTEL,biwi_hotel,biwi_hotel:150,7050,3,1.0588728189468384,1.7434637546539307,0.7044501304626465,0.42663905024528503,0.7291474938392639,3.8620877265930176,1.0,2.83:-1.94;2.73:-2.11;2.53:-2.26;2.49:-2.4;2.43:-2.48;2.46:-2.56;2.37:-2.66;2.12:-2.79,1.93:-2.92;1.68:-3.13;1.43:-3.28;1.18:-3.44;0.97:-3.61;0.78:-3.76;0.55:-3.82;0.32:-3.86;0.1:-3.95;-0.15:-4.08;-0.44:-4.16;-0.69:-4.28,1.844966:-2.773215;1.554901:-2.753304;1.302722:-2.741914;1.038506:-2.699004;0.7478933:-2.699881;0.470847:-2.684564;0.2445362:-2.691433;0.02017498:-2.628415;-0.2889428:-2.57496;-0.5040429:-2.582594;-0.7489917:-2.560675;-0.9644747:-2.558277
sigma3_hotel_seed42,HOTEL:biwi_hotel:138:7060,HOTEL,biwi_hotel,biwi_hotel:138,7060,3,0.504631519317627,0.9787414073944092,0.3400367498397827,0.16108517348766327,0.7830000519752502,11.987229347229004,1.0,1.47:-8.29;1.48:-8.28;1.48:-8.28;1.48:-8.28;1.4:-8.31;1.47:-8.28;1.34:-8.33;1.47:-8.29,1.48:-8.28;1.48:-8.28;1.48:-8.28;1.48:-8.28;1.48:-8.28;1.48:-8.28;1.48:-8.28;1.48:-8.28;1.48:-8.28;1.48:-8.28;1.46:-8.28;1.38:-8.22,1.550923:-8.30462;1.637306:-8.301815;1.728877:-8.314462;1.800219:-8.312943;1.879843:-8.312332;1.954573:-8.341274;2.014044:-8.323896;2.071309:-8.336317;2.159991:-8.332293;2.224788:-8.311454;2.2885:-8.365007;2.347934:-8.365044
sigma3_hotel_seed42,HOTEL:biwi_hotel:139:7060,HOTEL,biwi_hotel,biwi_hotel:139,7060,3,0.023230968043208122,0.055337052792310715,0.0,0.0,0.0,0.0,1.0,1.31:-9.3;1.31:-9.3;1.31:-9.3;1.31:-9.3;1.31:-9.3;1.31:-9.3;1.31:-9.3;1.31:-9.3,1.31:-9.3;1.31:-9.3;1.31:-9.3;1.31:-9.3;1.31:-9.3;1.31:-9.3;1.31:-9.3;1.31:-9.3;1.31:-9.3;1.31:-9.3;1.31:-9.3;1.31:-9.3,1.301948:-9.300445;1.286145:-9.307575;1.29519:-9.293784;1.287809:-9.298162;1.30285:-9.3047;1.276865:-9.29898;1.315953:-9.300712;1.300799:-9.290154;1.311583:-9.305661;1.345711:-9.321217;1.34778:-9.321397;1.364838:-9.307412
sigma3_hotel_seed42,HOTEL:biwi_hotel:144:7060,HOTEL,biwi_hotel,biwi_hotel:144,7060,3,0.09681463241577148,0.17673273384571075,0.17499999701976776,0.07884888350963593,0.38262951374053955,8.712420463562012,0.0,-0.24:-6.91;-0.24:-6.91;-0.24:-6.91;-0.24:-6.91;-0.26:-6.87;-0.24:-6.9;-0.24:-6.83;-0.24:-6.9,-0.24:-6.91;-0.24:-6.91;-0.24:-6.91;-0.24:-6.91;-0.24:-6.91;-0.24:-6.91;-0.24:-6.91;-0.24:-6.91;-0.24:-6.91;-0.24:-6.91;-0.24:-6.91;-0.24:-6.91,-0.2739535:-6.903342;-0.2896934:-6.915405;-0.2858586:-6.880305;-0.2901853:-6.91107;-0.3167812:-6.893647;-0.3464267:-6.885251;-0.3288355:-6.928155;-0.3558266:-6.937689;-0.3506995:-6.913632;-0.3748791:-6.909792;-0.3924565:-6.909907;-0.4166842:-6.914141
sigma3_hotel_seed42,HOTEL:biwi_hotel:150:7060,HOTEL,biwi_hotel,biwi_hotel:150,7060,3,1.0308910608291626,1.8138951063156128,0.575543224811554,0.4384199380874634,0.6854179501533508,3.5870473384857178,0.75,2.73:-2.11;2.53:-2.26;2.49:-2.4;2.43:-2.48;2.46:-2.56;2.37:-2.66;2.12:-2.79;1.93:-2.92,1.68:-3.13;1.43:-3.28;1.18:-3.44;0.97:-3.61;0.78:-3.76;0.55:-3.82;0.32:-3.86;0.1:-3.95;-0.15:-4.08;-0.44:-4.16;-0.69:-4.28;-0.81:-4.5,1.720154:-2.916853;1.51743:-2.906661;1.359665:-2.885798;1.176982:-2.859351;0.9516205:-2.858598;0.7398405:-2.844235;0.6032506:-2.874405;0.4468523:-2.820708;0.2145629:-2.761485;0.05707538:-2.764742;-0.1265601:-2.753084;-0.2758068:-2.766549
sigma3_hotel_seed42,HOTEL:biwi_hotel:138:7070,HOTEL,biwi_hotel,biwi_hotel:138,7070,3,0.062077268958091736,0.3019811511039734,0.0353553406894207,0.16108517348766327,0.8971157073974609,9.759162902832031,1.0,1.48:-8.28;1.48:-8.28;1.48:-8.28;1.4:-8.31;1.47:-8.28;1.34:-8.33;1.47:-8.29;1.48:-8.28,1.48:-8.28;1.48:-8.28;1.48:-8.28;1.48:-8.28;1.48:-8.28;1.48:-8.28;1.48:-8.28;1.48:-8.28;1.48:-8.28;1.46:-8.28;1.38:-8.22;1.31:-8.16,1.487212:-8.278228;1.482939:-8.275328;1.474297:-8.288297;1.473804:-8.277778;1.489675:-8.285233;1.494012:-8.297997;1.502354:-8.275902;1.502175:-8.279677;1.521754:-8.2882;1.545897:-8.305004;1.563861:-8.305155;1.575287:-8.304276
sigma3_hotel_seed42,HOTEL:biwi_hotel:139:7070,HOTEL,biwi_hotel,biwi_hotel:139,7070,3,0.023230968043208122,0.055337052792310715,0.0,0.0,0.0,0.0,1.0,1.31:-9.3;1.31:-9.3;1.31:-9.3;1.31:-9.3;1.31:-9.3;1.31:-9.3;1.31:-9.3;1.31:-9.3,1.31:-9.3;1.31:-9.3;1.31:-9.3;1.31:-9.3;1.31:-9.3;1.31:-9.3;1.31:-9.3;1.31:-9.3;1.31:-9.3;1.31:-9.3;1.31:-9.3;1.31:-9.3,1.301948:-9.300445;1.286145:-9.307575;1.29519:-9.293784;1.287809:-9.298162;1.30285:-9.3047;1.276865:-9.29898;1.315953:-9.300712;1.300799:-9.290154;1.311583:-9.305661;1.345711:-9.321217;1.34778:-9.321397;1.364838:-9.307412
sigma3_hotel_seed42,HOTEL:biwi_hotel:144:7070,HOTEL,biwi_hotel,biwi_hotel:144,7070,3,0.1501217484474182,0.29813075065612793,0.02500000037252903,0.08242031186819077,0.44512951374053955,8.712420463562012,0.0,-0.24:-6.91;-0.24:-6.91;-0.24:-6.91;-0.26:-6.87;-0.24:-6.9;-0.24:-6.83;-0.24:-6.9;-0.24:-6.91,-0.24:-6.91;-0.24:-6.91;-0.24:-6.91;-0.24:-6.91;-0.24:-6.91;-0.24:-6.91;-0.24:-6.91;-0.24:-6.91;-0.24:-6.91;-0.24:-6.91;-0.24:-6.91;-0.24:-6.91,-0.2649643:-6.91235;-0.2841332:-6.917169;-0.298834:-6.910567;-0.3279989:-6.920221;-0.3438521:-6.917958;-0.3754046:-6.916664;-0.4004878:-6.932801;-0.4396834:-6.939087;-0.4381894:-6.938577;-0.4680288:-6.936354;-0.4897908:-6.948337;-0.5353509:-6.950618
sigma3_hotel_seed42,HOTEL:biwi_hotel:150:7070,HOTEL,biwi_hotel,biwi_hotel:150,7070,3,0.9465004801750183,1.8095126152038574,0.8162413835525513,0.4657401442527771,0.6225927472114563,3.036661386489868,0.625,2.53:-2.26;2.49:-2.4;2.43:-2.48;2.46:-2.56;2.37:-2.66;2.12:-2.79;1.93:-2.92;1.68:-3.13,1.43:-3.28;1.18:-3.44;0.97:-3.61;0.78:-3.76;0.55:-3.82;0.32:-3.86;0.1:-3.95;-0.15:-4.08;-0.44:-4.16;-0.69:-4.28;-0.81:-4.5;-1.08:-4.74,1.419261:-3.120875;1.154421:-3.098386;0.9327236:-3.085464;0.6977977:-3.054575;0.4215871:-3.041543;0.1669652:-3.029875;-0.06529832:-3.048225;-0.2555151:-3.008635;-0.5407563:-2.932142;-0.7482613:-2.916204;-0.9765805:-2.92185;-1.160602:-2.932283
sigma3_hotel_seed42,HOTEL:biwi_hotel:138:7080,HOTEL,biwi_hotel,biwi_hotel:138,7080,3,0.11306235939264297,0.12183059751987457,0.0,0.16108517348766327,0.9118471145629883,9.759162902832031,1.125,1.48:-8.28;1.48:-8.28;1.4:-8.31;1.47:-8.28;1.34:-8.33;1.47:-8.29;1.48:-8.28;1.48:-8.28,1.48:-8.28;1.48:-8.28;1.48:-8.28;1.48:-8.28;1.48:-8.28;1.48:-8.28;1.48:-8.28;1.48:-8.28;1.46:-8.28;1.38:-8.22;1.31:-8.16;1.32:-8.17,1.439452:-8.282848;1.407656:-8.300493;1.410816:-8.2557;1.39037:-8.289505;1.381528:-8.279355;1.332498:-8.249623;1.352081:-8.293834;1.310788:-8.289804;1.308338:-8.306421;1.298756:-8.302185;1.27479:-8.29434;1.2612:-8.276702
sigma3_hotel_seed42,HOTEL:biwi_hotel:139:7080,HOTEL,biwi_hotel,biwi_hotel:139,7080,3,0.023230968043208122,0.055337052792310715,0.0,0.0,0.0,0.0,1.0,1.31:-9.3;1.31:-9.3;1.31:-9.3;1.31:-9.3;1.31:-9.3;1.31:-9.3;1.31:-9.3;1.31:-9.3,1.31:-9.3;1.31:-9.3;1.31:-9.3;1.31:-9.3;1.31:-9.3;1.31:-9.3;1.31:-9.3;1.31:-9.3;1.31:-9.3;1.31:-9.3;1.31:-9.3;1.31:-9.3,1.301948:-9.300445;1.286145:-9.307575;1.29519:-9.293784;1.287809:-9.298162;1.30285:-9.3047;1.276865:-9.29898;1.315953:-9.300712;1.300799:-9.290154;1.311583:-9.305661;1.345711:-9.321217;1.34778:-9.321397;1.364838:-9.307412
sigma3_hotel_seed42,HOTEL:biwi_hotel:150:7080,HOTEL,biwi_hotel,biwi_hotel:150,7080,3,0.9740503430366516,1.8954607248306274,0.7288689613342285,0.5178635120391846,0.6192119121551514,2.829700231552124,0.5,2.49:-2.4;2.43:-2.48;2.46:-2.56;2.37:-2.66;2.12:-2.79;1.93:-2.92;1.68:-3.13;1.43:-3.28,1.18:-3.44;0.97:-3.61;0.78:-3.76;0.55:-3.82;0.32:-3.86;0.1:-3.95;-0.15:-4.08;-0.44:-4.16;-0.69:-4.28;-0.81:-4.5;-1.08:-4.74;-1.24:-4.9,1.153805:-3.263946;0.8632982:-3.244164;0.6126174:-3.231476;0.3489741:-3.190331;0.058442:-3.189917;-0.2194138:-3.173769;-0.4461652:-3.181933;-0.6700751:-3.121449;-0.9781028:-3.066876;-1.193143:-3.072306;-1.439136:-3.052242;-1.652476:-3.049964
sigma3_hotel_seed42,HOTEL:biwi_hotel:138:7090,HOTEL,biwi_hotel,biwi_hotel:138,7090,3,0.07507547736167908,0.18947622179985046,0.0,0.16108517348766327,0.8228470683097839,9.759162902832031,1.25,1.48:-8.28;1.4:-8.31;1.47:-8.28;1.34:-8.33;1.47:-8.29;1.48:-8.28;1.48:-8.28;1.48:-8.28,1.48:-8.28;1.48:-8.28;1.48:-8.28;1.48:-8.28;1.48:-8.28;1.48:-8.28;1.48:-8.28;1.46:-8.28;1.38:-8.22;1.31:-8.16;1.32:-8.17;1.35:-8.19,1.484534:-8.278292;1.483827:-8.276755;1.471866:-8.288809;1.467098:-8.286161;1.474967:-8.289192;1.479055:-8.300641;1.463223:-8.292686;1.456837:-8.306853;1.481774:-8.306439;1.482183:-8.315762;1.493286:-8.32177;1.478066:-8.329643
sigma3_hotel_seed42,HOTEL:biwi_hotel:139:7090,HOTEL,biwi_hotel,biwi_hotel:139,7090,3,0.023230968043208122,0.055337052792310715,0.0,0.0,0.0,0.0,1.0,1.31:-9.3;1.31:-9.3;1.31:-9.3;1.31:-9.3;1.31:-9.3;1.31:-9.3;1.31:-9.3;1.31:-9.3,1.31:-9.3;1.31:-9.3;1.31:-9.3;1.31:-9.3;1.31:-9.3;1.31:-9.3;1.31:-9.3;1.31:-9.3;1.31:-9.3;1.31:-9.3;1.31:-9.3;1.31:-9.3,1.301948:-9.300445;1.286145:-9.307575;1.29519:-9.293784;1.287809:-9.298162;1.30285:-9.3047;1.276865:-9.29898;1.315953:-9.300712;1.300799:-9.290154;1.311583:-9.305661;1.345711:-9.321217;1.34778:-9.321397;1.364838:-9.307412
sigma3_hotel_seed42,HOTEL:biwi_hotel:150:7090,HOTEL,biwi_hotel,biwi_hotel:150,7090,3,0.9009802341461182,1.797953724861145,0.7420411109924316,0.5881550908088684,0.535878598690033,1.8563222885131836,0.375,2.43:-2.48;2.46:-2.56;2.37:-2.66;2.12:-2.79;1.93:-2.92;1.68:-3.13;1.43:-3.28;1.18:-3.44,0.97:-3.61;0.78:-3.76;0.55:-3.82;0.32:-3.86;0.1:-3.95;-0.15:-4.08;-0.44:-4.16;-0.69:-4.28;-0.81:-4.5;-1.08:-4.74;-1.24:-4.9;-1.28:-5.02,0.9294697:-3.427333;0.6755701:-3.411979;0.4555755:-3.396102;0.2251722:-3.362686;-0.04172194:-3.360812;-0.2887312:-3.346706;-0.4811293:-3.36445;-0.6790047:-3.309173;-0.9531771:-3.254789;-1.152921:-3.260389;-1.370529:-3.236946;-1.564523:-3.244702
sigma3_hotel_seed42,HOTEL:biwi_hotel:138:7100,HOTEL,biwi_hotel,biwi_hotel:138,7100,3,0.10009641200304031,0.23454034328460693,0.0,0.13057087361812592,0.6545606255531311,6.663691520690918,1.375,1.4:-8.31;1.47:-8.28;1.34:-8.33;1.47:-8.29;1.48:-8.28;1.48:-8.28;1.48:-8.28;1.48:-8.28,1.48:-8.28;1.48:-8.28;1.48:-8.28;1.48:-8.28;1.48:-8.28;1.48:-8.28;1.46:-8.28;1.38:-8.22;1.31:-8.16;1.32:-8.17;1.35:-8.19;1.34:-8.19,1.471832:-8.278687;1.461798:-8.288571;1.466102:-8.267511;1.469018:-8.286749;1.483674:-8.282816;1.473358:-8.268699;1.494707:-8.287441;1.487197:-8.293729;1.510994:-8.307767;1.52778:-8.31552;1.538364:-8.304;1.548889:-8.296651
sigma3_hotel_seed42,HOTEL:biwi_hotel:139:7100,HOTEL,biwi_hotel,biwi_hotel:139,7100,3,0.023230968043208122,0.055337052792310715,0.0,0.0,0.0,0.0,1.125,1.31:-9.3;1.31:-9.3;1.31:-9.3;1.31:-9.3;1.31:-9.3;1.31:-9.3;1.31:-9.3;1.31:-9.3,1.31:-9.3;1.31:-9.3;1.31:-9.3;1.31:-9.3;1.31:-9.3;1.31:-9.3;1.31:-9.3;1.31:-9.3;1.31:-9.3;1.31:-9.3;1.31:-9.3;1.31:-9.3,1.301948:-9.300445;1.286145:-9.307575;1.29519:-9.293784;1.287809:-9.298162;1.30285:-9.3047;1.276865:-9.29898;1.315953:-9.300712;1.300799:-9.290154;1.311583:-9.305661;1.345711:-9.321217;1.34778:-9.321397;1.364838:-9.307412
sigma3_hotel_seed42,HOTEL:biwi_hotel:150:7100,HOTEL,biwi_hotel,biwi_hotel:150,7100,3,0.8480283617973328,1.6421903371810913,0.6754627823829651,0.6541354656219482,0.4521034061908722,0.8759444952011108,0.25,2.46:-2.56;2.37:-2.66;2.12:-2.79;1.93:-2.92;1.68:-3.13;1.43:-3.28;1.18:-3.44;0.97:-3.61,0.78:-3.76;0.55:-3.82;0.32:-3.86;0.1:-3.95;-0.15:-4.08;-0.44:-4.16;-0.69:-4.28;-0.81:-4.5;-1.08:-4.74;-1.24:-4.9;-1.28:-5.02;-1.32:-5.1,0.7607097:-3.607006;0.5603033:-3.594062;0.4005045:-3.577462;0.2189455:-3.549086;-0.009562373:-3.546039;-0.2177624:-3.536245;-0.3656995:-3.56532;-0.5167534:-3.51334;-0.7513181:-3.447225;-0.9140303:-3.44654;-1.094975:-3.440889;-1.2448:-3.459532
sigma3_hotel_seed42,HOTEL:biwi_hotel:138:7110,HOTEL,biwi_hotel,biwi_hotel:138,7110,3,0.0885838195681572,0.13006708025932312,0.0,0.10337168723344803,0.43017879128456116,3.55981707572937,1.5,1.47:-8.28;1.34:-8.33;1.47:-8.29;1.48:-8.28;1.48:-8.28;1.48:-8.28;1.48:-8.28;1.48:-8.28,1.48:-8.28;1.48:-8.28;1.48:-8.28;1.48:-8.28;1.48:-8.28;1.46:-8.28;1.38:-8.22;1.31:-8.16;1.32:-8.17;1.35:-8.19;1.34:-8.19;1.32:-8.19,1.465391:-8.27907;1.448959:-8.278882;1.424606:-8.284108;1.405873:-8.286184;1.40023:-8.285257;1.389187:-8.29182;1.361904:-8.28856;1.338999:-8.303419;1.351482:-8.308346;1.334469:-8.310995;1.330942:-8.314143;1.304843:-8.31918
sigma3_hotel_seed42,HOTEL:biwi_hotel:139:7110,HOTEL,biwi_hotel,biwi_hotel:139,7110,3,0.023230968043208122,0.055337052792310715,0.0,0.0,0.0,0.0,1.25,1.31:-9.3;1.31:-9.3;1.31:-9.3;1.31:-9.3;1.31:-9.3;1.31:-9.3;1.31:-9.3;1.31:-9.3,1.31:-9.3;1.31:-9.3;1.31:-9.3;1.31:-9.3;1.31:-9.3;1.31:-9.3;1.31:-9.3;1.31:-9.3;1.31:-9.3;1.31:-9.3;1.31:-9.3;1.31:-9.3,1.301948:-9.300445;1.286145:-9.307575;1.29519:-9.293784;1.287809:-9.298162;1.30285:-9.3047;1.276865:-9.29898;1.315953:-9.300712;1.300799:-9.290154;1.311583:-9.305661;1.345711:-9.321217;1.34778:-9.321397;1.364838:-9.307412
sigma3_hotel_seed42,HOTEL:biwi_hotel:150:7110,HOTEL,biwi_hotel,biwi_hotel:150,7110,3,0.835682213306427,1.6765588521957397,0.6051859259605408,0.6925419569015503,0.31199511885643005,0.5297144055366516,0.125,2.37:-2.66;2.12:-2.79;1.93:-2.92;1.68:-3.13;1.43:-3.28;1.18:-3.44;0.97:-3.61;0.78:-3.76,0.55:-3.82;0.32:-3.86;0.1:-3.95;-0.15:-4.08;-0.44:-4.16;-0.69:-4.28;-0.81:-4.5;-1.08:-4.74;-1.24:-4.9;-1.28:-5.02;-1.32:-5.1;-1.27:-5.29,0.5761991:-3.755698;0.3824682:-3.746815;0.2264907:-3.72551;0.05205405:-3.70239;-0.1702515:-3.70043;-0.3719056:-3.686606;-0.5033164:-3.719862;-0.6541694:-3.670346;-0.8764492:-3.610496;-1.035734:-3.615395;-1.211616:-3.598109;-1.362113:-3.615973
sigma3_hotel_seed42,HOTEL:biwi_hotel:138:7120,HOTEL,biwi_hotel,biwi_hotel:138,7120,3,0.08065638691186905,0.10080480575561523,0.0,0.05362744256854057,0.143578439950943,0.4868992269039154,1.625,1.34:-8.33;1.47:-8.29;1.48:-8.28;1.48:-8.28;1.48:-8.28;1.48:-8.28;1.48:-8.28;1.48:-8.28,1.48:-8.28;1.48:-8.28;1.48:-8.28;1.48:-8.28;1.46:-8.28;1.38:-8.22;1.31:-8.16;1.32:-8.17;1.35:-8.19;1.34:-8.19;1.32:-8.19;1.3:-8.19,1.446549:-8.283462;1.42356:-8.306103;1.452042:-8.249351;1.439247:-8.287494;1.436469:-8.28269;1.377032:-8.238117;1.426083:-8.29802;1.393667:-8.27927;1.385168:-8.293505;1.394827:-8.292438;1.367104:-8.287918;1.367697:-8.26469
sigma3_hotel_seed42,HOTEL:biwi_hotel:139:7120,HOTEL,biwi_hotel,biwi_hotel:139,7120,3,0.023230968043208122,0.055337052792310715,0.0,0.0,0.0,0.0,1.375,1.31:-9.3;1.31:-9.3;1.31:-9.3;1.31:-9.3;1.31:-9.3;1.31:-9.3;1.31:-9.3;1.31:-9.3,1.31:-9.3;1.31:-9.3;1.31:-9.3;1.31:-9.3;1.31:-9.3;1.31:-9.3;1.31:-9.3;1.31:-9.3;1.31:-9.3;1.31:-9.3;1.31:-9.3;1.31:-9.3,1.301948:-9.300445;1.286145:-9.307575;1.29519:-9.293784;1.287809:-9.298162;1.30285:-9.3047;1.276865:-9.29898;1.315953:-9.300712;1.300799:-9.290154;1.311583:-9.305661;1.345711:-9.321217;1.34778:-9.321397;1.364838:-9.307412
sigma3_hotel_seed42,HOTEL:biwi_hotel:138:7130,HOTEL,biwi_hotel,biwi_hotel:138,7130,3,0.16099552810192108,0.32811301946640015,0.0,0.005050762556493282,0.014731391333043575,0.0,1.625,1.47:-8.29;1.48:-8.28;1.48:-8.28;1.48:-8.28;1.48:-8.28;1.48:-8.28;1.48:-8.28;1.48:-8.28,1.48:-8.28;1.48:-8.28;1.48:-8.28;1.46:-8.28;1.38:-8.22;1.31:-8.16;1.32:-8.17;1.35:-8.19;1.34:-8.19;1.32:-8.19;1.3:-8.19;1.3:-8.19,1.482149:-8.278922;1.472782:-8.282096;1.477113:-8.279757;1.475976:-8.277661;1.497476:-8.285604;1.487106:-8.288388;1.51972:-8.278134;1.514711:-8.274009;1.535347:-8.288485;1.573887:-8.307541;1.588448:-8.306301;1.609921:-8.297735
sigma3_hotel_seed42,HOTEL:biwi_hotel:139:7130,HOTEL,biwi_hotel,biwi_hotel:139,7130,3,0.023230968043208122,0.055337052792310715,0.0,0.0,0.0,0.0,1.375,1.31:-9.3;1.31:-9.3;1.31:-9.3;1.31:-9.3;1.31:-9.3;1.31:-9.3;1.31:-9.3;1.31:-9.3,1.31:-9.3;1.31:-9.3;1.31:-9.3;1.31:-9.3;1.31:-9.3;1.31:-9.3;1.31:-9.3;1.31:-9.3;1.31:-9.3;1.31:-9.3;1.31:-9.3;1.31:-9.3,1.301948:-9.300445;1.286145:-9.307575;1.29519:-9.293784;1.287809:-9.298162;1.30285:-9.3047;1.276865:-9.29898;1.315953:-9.300712;1.300799:-9.290154;1.311583:-9.305661;1.345711:-9.321217;1.34778:-9.321397;1.364838:-9.307412
sigma3_hotel_seed42,HOTEL:biwi_hotel:138:7140,HOTEL,biwi_hotel,biwi_hotel:138,7140,3,0.14640511572360992,0.2542405128479004,0.0,0.0,0.0,0.0,1.625,1.48:-8.28;1.48:-8.28;1.48:-8.28;1.48:-8.28;1.48:-8.28;1.48:-8.28;1.48:-8.28;1.48:-8.28,1.48:-8.28;1.48:-8.28;1.46:-8.28;1.38:-8.22;1.31:-8.16;1.32:-8.17;1.35:-8.19;1.34:-8.19;1.32:-8.19;1.3:-8.19;1.3:-8.19;1.3:-8.19,1.471948:-8.280444;1.456145:-8.287575;1.465191:-8.273784;1.457809:-8.278162;1.47285:-8.284699;1.446865:-8.278979;1.485953:-8.280711;1.470799:-8.270153;1.481583:-8.285661;1.515711:-8.301216;1.51778:-8.301396;1.534838:-8.287412
sigma3_hotel_seed42,HOTEL:biwi_hotel:139:7140,HOTEL,biwi_hotel,biwi_hotel:139,7140,3,0.023230968043208122,0.055337052792310715,0.0,0.0,0.0,0.0,1.375,1.31:-9.3;1.31:-9.3;1.31:-9.3;1.31:-9.3;1.31:-9.3;1.31:-9.3;1.31:-9.3;1.31:-9.3,1.31:-9.3;1.31:-9.3;1.31:-9.3;1.31:-9.3;1.31:-9.3;1.31:-9.3;1.31:-9.3;1.31:-9.3;1.31:-9.3;1.31:-9.3;1.31:-9.3;1.31:-9.3,1.301948:-9.300445;1.286145:-9.307575;1.29519:-9.293784;1.287809:-9.298162;1.30285:-9.3047;1.276865:-9.29898;1.315953:-9.300712;1.300799:-9.290154;1.311583:-9.305661;1.345711:-9.321217;1.34778:-9.321397;1.364838:-9.307412
sigma3_hotel_seed42,HOTEL:biwi_hotel:138:7150,HOTEL,biwi_hotel,biwi_hotel:138,7150,3,0.15988250076770782,0.2542405128479004,0.0,0.0,0.0,0.0,1.625,1.48:-8.28;1.48:-8.28;1.48:-8.28;1.48:-8.28;1.48:-8.28;1.48:-8.28;1.48:-8.28;1.48:-8.28,1.48:-8.28;1.46:-8.28;1.38:-8.22;1.31:-8.16;1.32:-8.17;1.35:-8.19;1.34:-8.19;1.32:-8.19;1.3:-8.19;1.3:-8.19;1.3:-8.19;1.3:-8.19,1.471948:-8.280444;1.456145:-8.287575;1.465191:-8.273784;1.457809:-8.278162;1.47285:-8.284699;1.446865:-8.278979;1.485953:-8.280711;1.470799:-8.270153;1.481583:-8.285661;1.515711:-8.301216;1.51778:-8.301396;1.534838:-8.287412
sigma3_hotel_seed42,HOTEL:biwi_hotel:139:7150,HOTEL,biwi_hotel,biwi_hotel:139,7150,3,0.023230968043208122,0.055337052792310715,0.0,0.0,0.0,0.0,1.375,1.31:-9.3;1.31:-9.3;1.31:-9.3;1.31:-9.3;1.31:-9.3;1.31:-9.3;1.31:-9.3;1.31:-9.3,1.31:-9.3;1.31:-9.3;1.31:-9.3;1.31:-9.3;1.31:-9.3;1.31:-9.3;1.31:-9.3;1.31:-9.3;1.31:-9.3;1.31:-9.3;1.31:-9.3;1.31:-9.3,1.301948:-9.300445;1.286145:-9.307575;1.29519:-9.293784;1.287809:-9.298162;1.30285:-9.3047;1.276865:-9.29898;1.315953:-9.300712;1.300799:-9.290154;1.311583:-9.305661;1.345711:-9.321217;1.34778:-9.321397;1.364838:-9.307412
sigma3_hotel_seed42,HOTEL:biwi_hotel:138:7160,HOTEL,biwi_hotel,biwi_hotel:138,7160,3,0.17501205205917358,0.2542405128479004,0.0,0.0,0.0,0.0,1.5,1.48:-8.28;1.48:-8.28;1.48:-8.28;1.48:-8.28;1.48:-8.28;1.48:-8.28;1.48:-8.28;1.48:-8.28,1.46:-8.28;1.38:-8.22;1.31:-8.16;1.32:-8.17;1.35:-8.19;1.34:-8.19;1.32:-8.19;1.3:-8.19;1.3:-8.19;1.3:-8.19;1.3:-8.19;1.3:-8.19,1.471948:-8.280444;1.456145:-8.287575;1.465191:-8.273784;1.457809:-8.278162;1.47285:-8.284699;1.446865:-8.278979;1.485953:-8.280711;1.470799:-8.270153;1.481583:-8.285661;1.515711:-8.301216;1.51778:-8.301396;1.534838:-8.287412
sigma3_hotel_seed42,HOTEL:biwi_hotel:139:7160,HOTEL,biwi_hotel,biwi_hotel:139,7160,3,0.023230968043208122,0.055337052792310715,0.0,0.0,0.0,0.0,1.375,1.31:-9.3;1.31:-9.3;1.31:-9.3;1.31:-9.3;1.31:-9.3;1.31:-9.3;1.31:-9.3;1.31:-9.3,1.31:-9.3;1.31:-9.3;1.31:-9.3;1.31:-9.3;1.31:-9.3;1.31:-9.3;1.31:-9.3;1.31:-9.3;1.31:-9.3;1.31:-9.3;1.31:-9.3;1.31:-9.3,1.301948:-9.300445;1.286145:-9.307575;1.29519:-9.293784;1.287809:-9.298162;1.30285:-9.3047;1.276865:-9.29898;1.315953:-9.300712;1.300799:-9.290154;1.311583:-9.305661;1.345711:-9.321217;1.34778:-9.321397;1.364838:-9.307412
sigma3_hotel_seed42,HOTEL:biwi_hotel:138:7170,HOTEL,biwi_hotel,biwi_hotel:138,7170,3,0.14974386990070343,0.17530587315559387,0.05000000074505806,0.0071428571827709675,0.02083333395421505,0.0,1.375,1.48:-8.28;1.48:-8.28;1.48:-8.28;1.48:-8.28;1.48:-8.28;1.48:-8.28;1.48:-8.28;1.46:-8.28,1.38:-8.22;1.31:-8.16;1.32:-8.17;1.35:-8.19;1.34:-8.19;1.32:-8.19;1.3:-8.19;1.3:-8.19;1.3:-8.19;1.3:-8.19;1.3:-8.19;1.3:-8.19,1.445624:-8.281078;1.428873:-8.28981;1.435217:-8.26904;1.429765:-8.280332;1.435997:-8.280607;1.411069:-8.268485;1.442354:-8.280266;1.425375:-8.271759;1.427974:-8.285095;1.447041:-8.293152;1.443101:-8.288975;1.454552:-8.272738
sigma3_hotel_seed42,HOTEL:biwi_hotel:139:7170,HOTEL,biwi_hotel,biwi_hotel:139,7170,3,0.023230968043208122,0.055337052792310715,0.0,0.0,0.0,0.0,1.375,1.31:-9.3;1.31:-9.3;1.31:-9.3;1.31:-9.3;1.31:-9.3;1.31:-9.3;1.31:-9.3;1.31:-9.3,1.31:-9.3;1.31:-9.3;1.31:-9.3;1.31:-9.3;1.31:-9.3;1.31:-9.3;1.31:-9.3;1.31:-9.3;1.31:-9.3;1.31:-9.3;1.31:-9.3;1.31:-9.3,1.301948:-9.300445;1.286145:-9.307575;1.29519:-9.293784;1.287809:-9.298162;1.30285:-9.3047;1.276865:-9.29898;1.315953:-9.300712;1.300799:-9.290154;1.311583:-9.305661;1.345711:-9.321217;1.34778:-9.321397;1.364838:-9.307412
sigma3_hotel_seed42,HOTEL:biwi_hotel:138:7180,HOTEL,biwi_hotel,biwi_hotel:138,7180,3,0.3050735294818878,0.5682980418205261,0.25,0.04285714402794838,0.1092216819524765,0.6435011029243469,1.25,1.48:-8.28;1.48:-8.28;1.48:-8.28;1.48:-8.28;1.48:-8.28;1.48:-8.28;1.46:-8.28;1.38:-8.22,1.31:-8.16;1.32:-8.17;1.35:-8.19;1.34:-8.19;1.32:-8.19;1.3:-8.19;1.3:-8.19;1.3:-8.19;1.3:-8.19;1.3:-8.19;1.3:-8.19;1.28:-8.19,1.30103:-8.221633;1.238414:-8.234489;1.205025:-8.193113;1.157575:-8.220636;1.086734:-8.206544;1.008417:-8.188765;1.003583:-8.235196;0.9339718:-8.23645;0.8924347:-8.21272;0.8356279:-8.21276;0.7711852:-8.201808;0.7118161:-8.201391
sigma3_hotel_seed42,HOTEL:biwi_hotel:139:7180,HOTEL,biwi_hotel,biwi_hotel:139,7180,3,0.02372855879366398,0.06130807101726532,0.0,0.0,0.0,0.0,1.25,1.31:-9.3;1.31:-9.3;1.31:-9.3;1.31:-9.3;1.31:-9.3;1.31:-9.3;1.31:-9.3;1.31:-9.3,1.31:-9.3;1.31:-9.3;1.31:-9.3;1.31:-9.3;1.31:-9.3;1.31:-9.3;1.31:-9.3;1.31:-9.3;1.31:-9.3;1.31:-9.3;1.31:-9.3;1.31:-9.28,1.301948:-9.300445;1.286145:-9.307575;1.29519:-9.293784;1.287808:-9.298162;1.30285:-9.3047;1.276865:-9.29898;1.315953:-9.300712;1.300799:-9.290154;1.311583:-9.305661;1.345711:-9.321217;1.34778:-9.321397;1.364838:-9.307412
sigma3_hotel_seed42,HOTEL:biwi_hotel:156:7480,HOTEL,biwi_hotel,biwi_hotel:156,7480,3,4.337919235229492,7.8551554679870605,1.75,1.7177276611328125,0.6979352831840515,0.738312840461731,1.0,1.42:-9.38;1.45:-8.78;1.46:-8.11;1.34:-7.43;1.36:-6.75;1.47:-5.97;1.45:-5.29;1.45:-4.59,1.38:-3.87;1.34:-3.2;1.24:-2.49;1.19:-1.82;1.27:-1.17;1.32:-0.52;1.32:0.11;1.33:0.72;1.23:1.36;1.15:1.93;1.09:2.57;1.01:3.19,1.555372:-4.643736;1.630354:-4.540694;1.68056:-4.749742;1.678609:-4.60019;1.659697:-4.595564;1.764349:-4.66942;1.48597:-4.572696;1.630947:-4.631595;1.54146:-4.410093;1.532133:-4.381774;1.570867:-4.55513;1.597253:-4.643173
sigma3_hotel_seed42,HOTEL:biwi_hotel:157:7480,HOTEL,biwi_hotel,biwi_hotel:157,7480,3,4.328727722167969,7.904168128967285,1.7507141828536987,1.6951266527175903,0.4156830608844757,0.5534626841545105,1.0,2.25:-9.31;2.17:-8.67;2.12:-8.01;2.04:-7.34;2.05:-6.68;2.11:-5.99;2.06:-5.28;2.08:-4.58,2.13:-3.92;2.18:-3.24;2.16:-2.54;2.01:-1.81;1.97:-1.14;1.89:-0.48;1.88:0.13;1.89:0.75;1.79:1.39;1.83:2.03;1.77:2.66;1.69:3.27,2.172183:-4.636201;2.233471:-4.521618;2.258761:-4.749778;2.231995:-4.585465;2.204939:-4.577713;2.303841:-4.663717;1.979622:-4.541471;2.110566:-4.60418;2.008109:-4.386642;1.979666:-4.348825;2.014865:-4.537449;2.030317:-4.626839
sigma3_hotel_seed42,HOTEL:biwi_hotel:174:9260,HOTEL,biwi_hotel,biwi_hotel:174,9260,3,3.4863741397857666,6.309502601623535,1.3009611368179321,1.2564961910247803,0.37514951825141907,0.6420985460281372,1.0,0.95:1.71;0.96:1.25;0.95:0.75;1:0.25;0.99:-0.25;0.97:-0.75;1.04:-1.28;1.02:-1.8,1.01:-2.3;1.03:-2.84;0.96:-3.38;0.97:-3.92;0.99:-4.48;0.95:-5.03;0.99:-5.57;1.05:-6.07;1:-6.55;0.98:-7.08;0.94:-7.57;0.83:-8.09,1.025179:-1.842589;0.9913983:-1.751107;0.9618932:-1.924723;0.8807182:-1.785949;0.7984917:-1.79153;0.7891744:-1.859813;0.4855402:-1.75729;0.5316291:-1.798414;0.3814176:-1.611593;0.3385238:-1.579166;0.277212:-1.752596;0.2566105:-1.806605
sigma3_hotel_seed42,HOTEL:biwi_hotel:175:9260,HOTEL,biwi_hotel,biwi_hotel:175,9260,3,3.4064931869506836,6.027825355529785,1.2837932109832764,1.2595487833023071,0.2747044861316681,0.42068246006965637,1.0,1.64:2;1.63:1.5;1.62:1.01;1.61:0.49;1.64:-0.01;1.6:-0.5;1.58:-1.01;1.64:-1.52,1.66:-2.04;1.76:-2.55;1.83:-3.11;1.83:-3.65;1.9:-4.22;1.8:-4.76;1.76:-5.28;1.61:-5.79;1.58:-6.22;1.45:-6.7;1.33:-7.16;1.31:-7.57,1.737727:-1.565462;1.80331:-1.490605;1.878292:-1.646995;1.900185:-1.533023;1.87757:-1.536891;1.955963:-1.582163;1.764931:-1.537249;1.904584:-1.583479;1.822108:-1.368244;1.839849:-1.357166;1.853368:-1.496391;1.887654:-1.569917
sigma3_hotel_seed42,HOTEL:biwi_hotel:174:9270,HOTEL,biwi_hotel,biwi_hotel:174,9270,3,3.5144805908203125,6.333442687988281,1.250249981880188,1.270778775215149,0.35185715556144714,0.6188107132911682,1.0,0.96:1.25;0.95:0.75;1:0.25;0.99:-0.25;0.97:-0.75;1.04:-1.28;1.02:-1.8;1.01:-2.3,1.03:-2.84;0.96:-3.38;0.97:-3.92;0.99:-4.48;0.95:-5.03;0.99:-5.57;1.05:-6.07;1:-6.55;0.98:-7.08;0.94:-7.57;0.83:-8.09;0.8:-8.61,1.010768:-2.342045;0.9732078:-2.251335;0.9407804:-2.422342;0.8570679:-2.285275;0.7717336:-2.290208;0.7583575:-2.357304;0.454219:-2.256564;0.4968225:-2.297285;0.3444782:-2.111158;0.2989664:-2.078462;0.2346625:-2.250546;0.2118275:-2.303927
sigma3_hotel_seed42,HOTEL:biwi_hotel:175:9270,HOTEL,biwi_hotel,biwi_hotel:175,9270,3,3.403409719467163,5.995047569274902,1.3009611368179321,1.2667932510375977,0.30723685026168823,0.4989406168460846,1.0,1.63:1.5;1.62:1.01;1.61:0.49;1.64:-0.01;1.6:-0.5;1.58:-1.01;1.64:-1.52;1.66:-2.04,1.76:-2.55;1.83:-3.11;1.83:-3.65;1.9:-4.22;1.8:-4.76;1.76:-5.28;1.61:-5.79;1.58:-6.22;1.45:-6.7;1.33:-7.16;1.31:-7.57;1.29:-8.06,1.703506:-2.085166;1.710315:-1.995691;1.718415:-2.171504;1.674064:-2.0362;1.616718:-2.04043;1.646171:-2.104607;1.373451:-2.015488;1.457256:-2.060521;1.332807:-1.862169;1.310712:-1.835532;1.282569:-2.00146;1.283002:-2.064956
sigma3_hotel_seed42,HOTEL:biwi_hotel:180:9370,HOTEL,biwi_hotel,biwi_hotel:180,9370,3,0.025610649958252907,0.05533711612224579,0.0,0.0,0.0,0.0,0.0,-1.09:-6.72;-1.09:-6.72;-1.09:-6.72;-1.09:-6.72;-1.09:-6.72;-1.09:-6.72;-1.09:-6.72;-1.09:-6.72,-1.09:-6.72;-1.09:-6.72;-1.09:-6.72;-1.09:-6.72;-1.09:-6.72;-1.09:-6.72;-1.09:-6.72;-1.09:-6.72;-1.09:-6.72;-1.11:-6.79;-1.09:-6.73;-1.09:-6.72,-1.098052:-6.720444;-1.113855:-6.727574;-1.10481:-6.713784;-1.112191:-6.718163;-1.09715:-6.7247;-1.123135:-6.718979;-1.084047:-6.720711;-1.099201:-6.710154;-1.088417:-6.725661;-1.054289:-6.741216;-1.05222:-6.741397;-1.035162:-6.727412
sigma3_hotel_seed42,HOTEL:biwi_hotel:180:9380,HOTEL,biwi_hotel,biwi_hotel:180,9380,3,0.028054052963852882,0.05533711612224579,0.0,0.0,0.0,0.0,0.0,-1.09:-6.72;-1.09:-6.72;-1.09:-6.72;-1.09:-6.72;-1.09:-6.72;-1.09:-6.72;-1.09:-6.72;-1.09:-6.72,-1.09:-6.72;-1.09:-6.72;-1.09:-6.72;-1.09:-6.72;-1.09:-6.72;-1.09:-6.72;-1.09:-6.72;-1.09:-6.72;-1.11:-6.79;-1.09:-6.73;-1.09:-6.72;-1.09:-6.72,-1.098052:-6.720444;-1.113855:-6.727574;-1.10481:-6.713784;-1.112191:-6.718163;-1.09715:-6.7247;-1.123135:-6.718979;-1.084047:-6.720711;-1.099201:-6.710154;-1.088417:-6.725661;-1.054289:-6.741216;-1.05222:-6.741397;-1.035162:-6.727412
sigma3_hotel_seed42,HOTEL:biwi_hotel:180:9390,HOTEL,biwi_hotel,biwi_hotel:180,9390,3,0.028717422857880592,0.05533711612224579,0.0,0.0,0.0,0.0,0.0,-1.09:-6.72;-1.09:-6.72;-1.09:-6.72;-1.09:-6.72;-1.09:-6.72;-1.09:-6.72;-1.09:-6.72;-1.09:-6.72,-1.09:-6.72;-1.09:-6.72;-1.09:-6.72;-1.09:-6.72;-1.09:-6.72;-1.09:-6.72;-1.09:-6.72;-1.11:-6.79;-1.09:-6.73;-1.09:-6.72;-1.09:-6.72;-1.09:-6.72,-1.098052:-6.720444;-1.113855:-6.727574;-1.10481:-6.713784;-1.112191:-6.718163;-1.09715:-6.7247;-1.123135:-6.718979;-1.084047:-6.720711;-1.099201:-6.710154;-1.088417:-6.725661;-1.054289:-6.741216;-1.05222:-6.741397;-1.035162:-6.727412
sigma3_hotel_seed42,HOTEL:biwi_hotel:180:9400,HOTEL,biwi_hotel,biwi_hotel:180,9400,3,0.029597127810120583,0.05533711612224579,0.0,0.0,0.0,0.0,0.0,-1.09:-6.72;-1.09:-6.72;-1.09:-6.72;-1.09:-6.72;-1.09:-6.72;-1.09:-6.72;-1.09:-6.72;-1.09:-6.72,-1.09:-6.72;-1.09:-6.72;-1.09:-6.72;-1.09:-6.72;-1.09:-6.72;-1.09:-6.72;-1.11:-6.79;-1.09:-6.73;-1.09:-6.72;-1.09:-6.72;-1.09:-6.72;-1.09:-6.72,-1.098052:-6.720444;-1.113855:-6.727574;-1.10481:-6.713784;-1.112191:-6.718163;-1.09715:-6.7247;-1.123135:-6.718979;-1.084047:-6.720711;-1.099201:-6.710154;-1.088417:-6.725661;-1.054289:-6.741216;-1.05222:-6.741397;-1.035162:-6.727412
sigma3_hotel_seed42,HOTEL:biwi_hotel:181:9400,HOTEL,biwi_hotel,biwi_hotel:181,9400,3,4.116833209991455,7.685647010803223,1.584692358970642,1.4465231895446777,0.847620964050293,1.2443586587905884,1.875,1.17:-9.88;1.21:-9.22;1.39:-8.65;1.58:-8.14;1.54:-7.67;1.58:-7.1;1.73:-6.55;1.8:-5.92,1.88:-5.25;1.99:-4.66;2.06:-4.12;2.12:-3.45;2.14:-2.76;2.12:-2.17;2.22:-1.52;2.21:-0.82;2.16:-0.18;2.27:0.47;2.15:1.13;2.13:1.71,1.90956:-5.973492;1.989408:-5.874424;2.048532:-6.076429;2.054905:-5.933012;2.039651:-5.927781;2.147714:-5.99626;1.88513:-5.909185;2.034975:-5.968114;1.950856:-5.746903;1.946572:-5.720805;1.988782:-5.886817;2.019876:-5.974858
sigma3_hotel_seed42,HOTEL:biwi_hotel:182:9400,HOTEL,biwi_hotel,biwi_hotel:182,9400,3,4.004511833190918,7.556931495666504,1.7714753150939941,1.5196502208709717,0.8116716742515564,0.6695573329925537,1.75,1.89:-9.65;1.92:-9.05;1.98:-8.51;2.15:-7.98;2.17:-7.28;2.21:-6.76;2.28:-6.14;2.39:-5.44,2.46:-4.86;2.51:-4.27;2.55:-3.65;2.66:-3.03;2.7:-2.42;2.71:-1.76;2.8:-1.12;2.81:-0.51;2.76:0.09;2.84:0.81;2.81:1.47;2.81:2.05,2.526512:-5.501064;2.636898:-5.38362;2.700737:-5.622644;2.711978:-5.45787;2.713736:-5.444095;2.863816:-5.528811;2.558181:-5.415181;2.733902:-5.486283;2.660486:-5.254466;2.647316:-5.218913;2.728462:-5.402268;2.766431:-5.506805
sigma3_hotel_seed42,HOTEL:biwi_hotel:180:9410,HOTEL,biwi_hotel,biwi_hotel:180,9410,3,0.026906916871666908,0.05533711612224579,0.0,0.0,0.0,0.0,0.0,-1.09:-6.72;-1.09:-6.72;-1.09:-6.72;-1.09:-6.72;-1.09:-6.72;-1.09:-6.72;-1.09:-6.72;-1.09:-6.72,-1.09:-6.72;-1.09:-6.72;-1.09:-6.72;-1.09:-6.72;-1.09:-6.72;-1.11:-6.79;-1.09:-6.73;-1.09:-6.72;-1.09:-6.72;-1.09:-6.72;-1.09:-6.72;-1.09:-6.72,-1.098052:-6.720444;-1.113855:-6.727574;-1.10481:-6.713784;-1.112191:-6.718163;-1.09715:-6.7247;-1.123135:-6.718979;-1.084047:-6.720711;-1.099201:-6.710154;-1.088417:-6.725661;-1.054289:-6.741216;-1.05222:-6.741397;-1.035162:-6.727412
sigma3_hotel_seed42,HOTEL:biwi_hotel:181:9410,HOTEL,biwi_hotel,biwi_hotel:181,9410,3,4.078066825866699,7.678715229034424,1.6868979930877686,1.4513617753982544,0.7172020673751831,1.007194995880127,1.875,1.21:-9.22;1.39:-8.65;1.58:-8.14;1.54:-7.67;1.58:-7.1;1.73:-6.55;1.8:-5.92;1.88:-5.25,1.99:-4.66;2.06:-4.12;2.12:-3.45;2.14:-2.76;2.12:-2.17;2.22:-1.52;2.21:-0.82;2.16:-0.18;2.27:0.47;2.15:1.13;2.13:1.71;2.13:2.37,1.998948:-5.307992;2.090037:-5.197486;2.145624:-5.421292;2.148248:-5.264839;2.139558:-5.253895;2.266891:-5.332288;1.973022:-5.227046;2.13176:-5.293378;2.0501:-5.069018;2.0362:-5.035604;2.09721:-5.212303;2.129462:-5.308715
sigma3_hotel_seed42,HOTEL:biwi_hotel:182:9410,HOTEL,biwi_hotel,biwi_hotel:182,9410,3,4.051583766937256,7.531989097595215,1.460522174835205,1.5137428045272827,0.8735561370849609,0.6446179151535034,1.75,1.92:-9.05;1.98:-8.51;2.15:-7.98;2.17:-7.28;2.21:-6.76;2.28:-6.14;2.39:-5.44;2.46:-4.86,2.51:-4.27;2.55:-3.65;2.66:-3.03;2.7:-2.42;2.71:-1.76;2.8:-1.12;2.81:-0.51;2.76:0.09;2.84:0.81;2.81:1.47;2.81:2.05;2.77:2.62,2.560333:-4.906907;2.62841:-4.824807;2.696851:-4.995294;2.713086:-4.870974;2.69058:-4.874585;2.774315:-4.928567;2.560971:-4.869413;2.702184:-4.917377;2.617014:-4.698536;2.629685:-4.684268;2.647289:-4.834643;2.678571:-4.911434
sigma3_hotel_seed42,HOTEL:biwi_hotel:185:9410,HOTEL,biwi_hotel,biwi_hotel:185,9410,3,0.1241726204752922,0.14434626698493958,0.05000000074505806,0.08102169632911682,0.19026342034339905,5.570827484130859,0.0,-0.88:-1.08;-0.86:-1.04;-0.85:-1;-0.85:-1;-0.87:-1.03;-0.91:-1.07;-0.93:-1.09;-0.93:-1.07,-0.92:-1.05;-0.88:-1.04;-0.86:-1.04;-0.84:-1.04;-0.85:-0.99;-0.87:-1;-0.91:-1.03;-0.91:-0.98;-0.91:-0.99;-0.9:-1.03;-0.89:-1.05;-0.88:-1.08,-0.93954:-1.069679;-0.9546492:-1.069348;-0.9702039:-1.075292;-0.9865413:-1.071678;-0.9847181:-1.075792;-0.9982789:-1.083708;-1.005299:-1.073787;-1.02463:-1.078902;-1.013584:-1.086805;-1.011685:-1.096255;-1.011271:-1.100424;-1.022852:-1.100716
sigma3_hotel_seed42,HOTEL:biwi_hotel:180:9420,HOTEL,biwi_hotel,biwi_hotel:180,9420,3,0.028211340308189392,0.05533711612224579,0.0,0.0,0.0,0.0,0.0,-1.09:-6.72;-1.09:-6.72;-1.09:-6.72;-1.09:-6.72;-1.09:-6.72;-1.09:-6.72;-1.09:-6.72;-1.09:-6.72,-1.09:-6.72;-1.09:-6.72;-1.09:-6.72;-1.09:-6.72;-1.11:-6.79;-1.09:-6.73;-1.09:-6.72;-1.09:-6.72;-1.09:-6.72;-1.09:-6.72;-1.09:-6.72;-1.09:-6.72,-1.098052:-6.720444;-1.113855:-6.727574;-1.10481:-6.713784;-1.112191:-6.718163;-1.09715:-6.7247;-1.123135:-6.718979;-1.084047:-6.720711;-1.099201:-6.710154;-1.088417:-6.725661;-1.054289:-6.741216;-1.05222:-6.741397;-1.035162:-6.727412
sigma3_hotel_seed42,HOTEL:biwi_hotel:181:9420,HOTEL,biwi_hotel,biwi_hotel:181,9420,3,4.1472649574279785,7.752481937408447,1.50041663646698,1.4522264003753662,0.7428399920463562,1.0219378471374512,1.875,1.39:-8.65;1.58:-8.14;1.54:-7.67;1.58:-7.1;1.73:-6.55;1.8:-5.92;1.88:-5.25;1.99:-4.66,2.06:-4.12;2.12:-3.45;2.14:-2.76;2.12:-2.17;2.22:-1.52;2.21:-0.82;2.16:-0.18;2.27:0.47;2.15:1.13;2.13:1.71;2.13:2.37;2.01:3.01,2.121734:-4.710278;2.224819:-4.627655;2.322618:-4.802865;2.367481:-4.680703;2.366015:-4.679559;2.486003:-4.73043;2.290855:-4.680774;2.46412:-4.7348;2.400768:-4.506853;2.425146:-4.494617;2.475712:-4.638241;2.52417:-4.725413
sigma3_hotel_seed42,HOTEL:biwi_hotel:182:9420,HOTEL,biwi_hotel,biwi_hotel:182,9420,3,4.086338520050049,7.550710678100586,1.4802870750427246,1.5311684608459473,0.7817926406860352,0.4804527461528778,1.75,1.98:-8.51;2.15:-7.98;2.17:-7.28;2.21:-6.76;2.28:-6.14;2.39:-5.44;2.46:-4.86;2.51:-4.27,2.55:-3.65;2.66:-3.03;2.7:-2.42;2.71:-1.76;2.8:-1.12;2.81:-0.51;2.76:0.09;2.84:0.81;2.81:1.47;2.81:2.05;2.77:2.62;2.76:3.23,2.609227:-4.316799;2.676457:-4.236654;2.746621:-4.403076;2.764063:-4.28206;2.741809:-4.284925;2.824569:-4.335979;2.61711:-4.281028;2.757691:-4.32916;2.673547:-4.112193;2.686721:-4.098239;2.70413:-4.244603;2.736576:-4.320674
sigma3_hotel_seed42,HOTEL:biwi_hotel:185:9420,HOTEL,biwi_hotel,biwi_hotel:185,9420,3,0.09432446956634521,0.1319580227136612,0.055901698768138885,0.07303573936223984,0.19026342034339905,5.8158063888549805,0.0,-0.86:-1.04;-0.85:-1;-0.85:-1;-0.87:-1.03;-0.91:-1.07;-0.93:-1.09;-0.93:-1.07;-0.92:-1.05,-0.88:-1.04;-0.86:-1.04;-0.84:-1.04;-0.85:-0.99;-0.87:-1;-0.91:-1.03;-0.91:-0.98;-0.91:-0.99;-0.9:-1.03;-0.89:-1.05;-0.88:-1.08;-0.86:-1.08,-0.8886474:-1.047562;-0.8686215:-1.039598;-0.8732067:-1.071355;-0.8609924:-1.053727;-0.84048:-1.062495;-0.809927:-1.09053;-0.8218925:-1.062954;-0.8070631:-1.077217;-0.7716877:-1.066123;-0.7549244:-1.083298;-0.725826:-1.096511;-0.7311743:-1.108581
sigma3_hotel_seed42,HOTEL:biwi_hotel:187:9420,HOTEL,biwi_hotel,biwi_hotel:187,9420,3,4.631160259246826,8.605378150939941,1.5219231843948364,1.536643385887146,0.4831078052520752,0.4950712025165558,0.0,1.71:2.67;1.75:2.05;1.81:1.48;1.89:0.91;1.9:0.32;1.92:-0.29;1.85:-1.01;1.7:-1.6,1.62:-2.24;1.51:-2.89;1.46:-3.54;1.44:-4.22;1.39:-4.91;1.35:-5.59;1.3:-6.27;1.22:-6.91;1.25:-7.68;1.27:-8.34;1.26:-8.9;1.39:-9.67,1.475495:-1.631584;1.244765:-1.523486;1.000704:-1.667987;0.7240074:-1.541822;0.4783174:-1.502102;0.2917737:-1.568575;-0.2201327:-1.445591;-0.3614056:-1.489116;-0.6485338:-1.334254;-0.8847508:-1.251481;-1.070889:-1.42725;-1.227968:-1.472514
sigma3_hotel_seed42,HOTEL:biwi_hotel:180:9430,HOTEL,biwi_hotel,biwi_hotel:180,9430,3,0.02739318273961544,0.05533711612224579,0.0,0.0,0.0,0.0,0.0,-1.09:-6.72;-1.09:-6.72;-1.09:-6.72;-1.09:-6.72;-1.09:-6.72;-1.09:-6.72;-1.09:-6.72;-1.09:-6.72,-1.09:-6.72;-1.09:-6.72;-1.09:-6.72;-1.11:-6.79;-1.09:-6.73;-1.09:-6.72;-1.09:-6.72;-1.09:-6.72;-1.09:-6.72;-1.09:-6.72;-1.09:-6.72;-1.09:-6.72,-1.098052:-6.720444;-1.113855:-6.727574;-1.10481:-6.713784;-1.112191:-6.718163;-1.09715:-6.7247;-1.123135:-6.718979;-1.084047:-6.720711;-1.099201:-6.710154;-1.088417:-6.725661;-1.054289:-6.741216;-1.05222:-6.741397;-1.035162:-6.727412
sigma3_hotel_seed42,HOTEL:biwi_hotel:185:9430,HOTEL,biwi_hotel,biwi_hotel:185,9430,3,0.284308522939682,0.5432497262954712,0.10307764261960983,0.07303573936223984,0.18025478720664978,3.8794076442718506,0.0,-0.85:-1;-0.85:-1;-0.87:-1.03;-0.91:-1.07;-0.93:-1.09;-0.93:-1.07;-0.92:-1.05;-0.88:-1.04,-0.86:-1.04;-0.84:-1.04;-0.85:-0.99;-0.87:-1;-0.91:-1.03;-0.91:-0.98;-0.91:-0.99;-0.9:-1.03;-0.89:-1.05;-0.88:-1.08;-0.86:-1.08;-0.91:-1,-0.8178506:-1.035266;-0.772864:-1.025219;-0.7632257:-1.06581;-0.7207084:-1.044898;-0.6764515:-1.054267;-0.6096929:-1.090247;-0.6065297:-1.05432;-0.560057:-1.074996;-0.4991546:-1.058011;-0.4565601:-1.083521;-0.396203:-1.092324;-0.3774974:-1.107523
sigma3_hotel_seed42,HOTEL:biwi_hotel:180:9440,HOTEL,biwi_hotel,biwi_hotel:180,9440,3,0.028498858213424683,0.05533711612224579,0.0,0.0,0.0,0.0,0.0,-1.09:-6.72;-1.09:-6.72;-1.09:-6.72;-1.09:-6.72;-1.09:-6.72;-1.09:-6.72;-1.09:-6.72;-1.09:-6.72,-1.09:-6.72;-1.09:-6.72;-1.11:-6.79;-1.09:-6.73;-1.09:-6.72;-1.09:-6.72;-1.09:-6.72;-1.09:-6.72;-1.09:-6.72;-1.09:-6.72;-1.09:-6.72;-1.09:-6.72,-1.098052:-6.720444;-1.113855:-6.727574;-1.10481:-6.713784;-1.112191:-6.718163;-1.09715:-6.7247;-1.123135:-6.718979;-1.084047:-6.720711;-1.099201:-6.710154;-1.088417:-6.725661;-1.054289:-6.741216;-1.05222:-6.741397;-1.035162:-6.727412
sigma3_hotel_seed42,HOTEL:biwi_hotel:185:9440,HOTEL,biwi_hotel,biwi_hotel:185,9440,3,0.24092364311218262,0.4265894889831543,0.05000000074505806,0.08017859607934952,0.16598933935165405,4.124386310577393,0.0,-0.85:-1;-0.87:-1.03;-0.91:-1.07;-0.93:-1.09;-0.93:-1.07;-0.92:-1.05;-0.88:-1.04;-0.86:-1.04,-0.84:-1.04;-0.85:-0.99;-0.87:-1;-0.91:-1.03;-0.91:-0.98;-0.91:-0.99;-0.9:-1.03;-0.89:-1.05;-0.88:-1.08;-0.86:-1.08;-0.91:-1;-0.91:-1.06,-0.8070641:-1.036123;-0.7708505:-1.02401;-0.7698786:-1.068631;-0.7406096:-1.042369;-0.7066574:-1.054063;-0.6517584:-1.092721;-0.6584051:-1.051347;-0.623372:-1.068681;-0.5748888:-1.05213;-0.5421233:-1.075737;-0.4940342:-1.089663;-0.4857798:-1.104898
sigma3_hotel_seed42,HOTEL:biwi_hotel:180:9450,HOTEL,biwi_hotel,biwi_hotel:180,9450,3,0.02684888243675232,0.05533711612224579,0.0,0.0,0.0,0.0,0.0,-1.09:-6.72;-1.09:-6.72;-1.09:-6.72;-1.09:-6.72;-1.09:-6.72;-1.09:-6.72;-1.09:-6.72;-1.09:-6.72,-1.09:-6.72;-1.11:-6.79;-1.09:-6.73;-1.09:-6.72;-1.09:-6.72;-1.09:-6.72;-1.09:-6.72;-1.09:-6.72;-1.09:-6.72;-1.09:-6.72;-1.09:-6.72;-1.09:-6.72,-1.098052:-6.720444;-1.113855:-6.727574;-1.10481:-6.713784;-1.112191:-6.718163;-1.09715:-6.7247;-1.123135:-6.718979;-1.084047:-6.720711;-1.099201:-6.710154;-1.088417:-6.725661;-1.054289:-6.741216;-1.05222:-6.741397;-1.035162:-6.727412
sigma3_hotel_seed42,HOTEL:biwi_hotel:185:9450,HOTEL,biwi_hotel,biwi_hotel:185,9450,3,0.23688440024852753,0.41569817066192627,0.05000000074505806,0.074444480240345,0.14269696176052094,3.9269907474517822,0.0,-0.87:-1.03;-0.91:-1.07;-0.93:-1.09;-0.93:-1.07;-0.92:-1.05;-0.88:-1.04;-0.86:-1.04;-0.84:-1.04,-0.85:-0.99;-0.87:-1;-0.91:-1.03;-0.91:-0.98;-0.91:-0.99;-0.9:-1.03;-0.89:-1.05;-0.88:-1.08;-0.86:-1.08;-0.91:-1;-0.91:-1.06;-0.94:-1.11,-0.7922066:-1.036514;-0.7604605:-1.024219;-0.7627774:-1.068673;-0.7393701:-1.041722;-0.7099374:-1.053821;-0.6612602:-1.09211;-0.671431:-1.050524;-0.6420018:-1.066553;-0.5986427:-1.050822;-0.5704913:-1.073188;-0.5281048:-1.088506;-0.5243539:-1.103422
sigma3_hotel_seed42,HOTEL:biwi_hotel:180:9460,HOTEL,biwi_hotel,biwi_hotel:180,9460,3,0.030382873490452766,0.07970085740089417,0.0,0.0,0.0,0.0,0.0,-1.09:-6.72;-1.09:-6.72;-1.09:-6.72;-1.09:-6.72;-1.09:-6.72;-1.09:-6.72;-1.09:-6.72;-1.09:-6.72,-1.11:-6.79;-1.09:-6.73;-1.09:-6.72;-1.09:-6.72;-1.09:-6.72;-1.09:-6.72;-1.09:-6.72;-1.09:-6.72;-1.09:-6.72;-1.09:-6.72;-1.09:-6.72;-1.11:-6.7,-1.098052:-6.720444;-1.113855:-6.727574;-1.10481:-6.713784;-1.112191:-6.718163;-1.09715:-6.7247;-1.123135:-6.718979;-1.084047:-6.720711;-1.099201:-6.710154;-1.088417:-6.725661;-1.054289:-6.741216;-1.05222:-6.741397;-1.035162:-6.727412
sigma3_hotel_seed42,HOTEL:biwi_hotel:185:9460,HOTEL,biwi_hotel,biwi_hotel:185,9460,3,0.05593280866742134,0.12306708842515945,0.12747548520565033,0.07245221734046936,0.17397326231002808,5.695182800292969,0.0,-0.91:-1.07;-0.93:-1.09;-0.93:-1.07;-0.92:-1.05;-0.88:-1.04;-0.86:-1.04;-0.84:-1.04;-0.85:-0.99,-0.87:-1;-0.91:-1.03;-0.91:-0.98;-0.91:-0.99;-0.9:-1.03;-0.89:-1.05;-0.88:-1.08;-0.86:-1.08;-0.91:-1;-0.91:-1.06;-0.94:-1.11;-0.94:-1.13,-0.8699272:-0.9920853;-0.8809287:-1.001572;-0.882682:-0.9795341;-0.8896651:-1.003064;-0.897948:-0.9893872;-0.9167216:-0.9920799;-0.9096465:-1.013277;-0.9422038:-1.024094;-0.9252568:-1.01707;-0.9441477:-1.012475;-0.9548615:-1.021472;-0.9829896:-1.014686
sigma3_hotel_seed42,HOTEL:biwi_hotel:192:9460,HOTEL,biwi_hotel,biwi_hotel:192,9460,3,4.465768337249756,8.338184356689453,1.4615916013717651,1.593148112297058,0.4747009873390198,0.4319427013397217,0.25,2.07:3.85;2.1:3.27;2.18:2.63;2.14:1.99;2.1:1.29;2.03:0.57;1.9:0;1.77:-0.57,1.64:-1.21;1.61:-1.93;1.53:-2.53;1.47:-3.16;1.45:-3.85;1.43:-4.52;1.44:-5.16;1.5:-5.79;1.59:-6.47;1.63:-7.19;1.71:-7.9;1.84:-8.56,1.636259:-0.6039499;1.482617:-0.5077999;1.328262:-0.6533054;1.133871:-0.5302;0.9545261:-0.5083399;0.8350912:-0.5695563;0.4216198:-0.4648581;0.3538623:-0.5055158;0.1242235:-0.3404698;-0.0304718:-0.2805395;-0.1686065:-0.4481438;-0.269886:-0.493174
sigma3_hotel_seed42,HOTEL:biwi_hotel:180:9470,HOTEL,biwi_hotel,biwi_hotel:180,9470,3,0.1477808803319931,0.21725399792194366,0.18200275301933289,0.02600039169192314,0.0758344754576683,0.0,0.0,-1.09:-6.72;-1.09:-6.72;-1.09:-6.72;-1.09:-6.72;-1.09:-6.72;-1.09:-6.72;-1.09:-6.72;-1.11:-6.79,-1.09:-6.73;-1.09:-6.72;-1.09:-6.72;-1.09:-6.72;-1.09:-6.72;-1.09:-6.72;-1.09:-6.72;-1.09:-6.72;-1.09:-6.72;-1.09:-6.72;-1.11:-6.7;-1.11:-6.7,-1.146997:-6.791896;-1.165674:-6.806664;-1.164597:-6.765822;-1.16929:-6.803497;-1.195223:-6.783379;-1.227077:-6.770941;-1.207091:-6.818595;-1.238708:-6.832871;-1.228362:-6.811074;-1.254395:-6.808405;-1.27294:-6.803601;-1.300051:-6.805261
sigma3_hotel_seed42,HOTEL:biwi_hotel:185:9470,HOTEL,biwi_hotel,biwi_hotel:185,9470,3,0.20820440351963043,0.40462082624435425,0.055901698768138885,0.07033664733171463,0.1907506287097931,5.176036357879639,0.0,-0.93:-1.09;-0.93:-1.07;-0.92:-1.05;-0.88:-1.04;-0.86:-1.04;-0.84:-1.04;-0.85:-0.99;-0.87:-1,-0.91:-1.03;-0.91:-0.98;-0.91:-0.99;-0.9:-1.03;-0.89:-1.05;-0.88:-1.08;-0.86:-1.08;-0.91:-1;-0.91:-1.06;-0.94:-1.11;-0.94:-1.13;-0.92:-1.12,-0.9150968:-1.002744;-0.9505655:-1.010839;-0.975527:-0.9918301;-1.015399:-1.010686;-1.042641:-1.002544;-1.088779:-0.9917877;-1.120064:-1.017457;-1.173911:-1.024652;-1.183247:-1.032223;-1.227917:-1.02288;-1.262124:-1.027328;-1.313237:-1.024699
sigma3_hotel_seed42,HOTEL:biwi_hotel:180:9480,HOTEL,biwi_hotel,biwi_hotel:180,9480,3,0.04203164204955101,0.07191438972949982,0.15811388194561005,0.048588089644908905,0.2175164669752121,3.098141670227051,0.0,-1.09:-6.72;-1.09:-6.72;-1.09:-6.72;-1.09:-6.72;-1.09:-6.72;-1.09:-6.72;-1.11:-6.79;-1.09:-6.73,-1.09:-6.72;-1.09:-6.72;-1.09:-6.72;-1.09:-6.72;-1.09:-6.72;-1.09:-6.72;-1.09:-6.72;-1.09:-6.72;-1.09:-6.72;-1.11:-6.7;-1.11:-6.7;-1.11:-6.7,-1.104702:-6.733452;-1.103792:-6.746516;-1.086207:-6.712791;-1.075537:-6.747397;-1.078952:-6.729376;-1.090335:-6.722694;-1.060695:-6.760015;-1.077486:-6.777822;-1.046704:-6.761353;-1.055259:-6.755852;-1.057583:-6.759747;-1.069057:-6.759121
sigma3_hotel_seed42,HOTEL:biwi_hotel:185:9480,HOTEL,biwi_hotel,biwi_hotel:185,9480,3,0.3733733892440796,0.7119620442390442,0.125,0.08105093240737915,0.209796741604805,4.892242431640625,0.0,-0.93:-1.07;-0.92:-1.05;-0.88:-1.04;-0.86:-1.04;-0.84:-1.04;-0.85:-0.99;-0.87:-1;-0.91:-1.03,-0.91:-0.98;-0.91:-0.99;-0.9:-1.03;-0.89:-1.05;-0.88:-1.08;-0.86:-1.08;-0.91:-1;-0.91:-1.06;-0.94:-1.11;-0.94:-1.13;-0.92:-1.12;-0.88:-1.08,-0.9862823:-1.036907;-1.043503:-1.054357;-1.063836:-1.008816;-1.126913:-1.043606;-1.170904:-1.030898;-1.259374:-1.003626;-1.280514:-1.055512;-1.368126:-1.050713;-1.396763:-1.064132;-1.457173:-1.046492;-1.521993:-1.054822;-1.590924:-1.041569
sigma3_hotel_seed42,HOTEL:biwi_hotel:180:9490,HOTEL,biwi_hotel,biwi_hotel:180,9490,3,0.0451325885951519,0.010167156346142292,0.02500000037252903,0.052159518003463745,0.2736119329929352,3.4198923110961914,0.0,-1.09:-6.72;-1.09:-6.72;-1.09:-6.72;-1.09:-6.72;-1.09:-6.72;-1.11:-6.79;-1.09:-6.73;-1.09:-6.72,-1.09:-6.72;-1.09:-6.72;-1.09:-6.72;-1.09:-6.72;-1.09:-6.72;-1.09:-6.72;-1.09:-6.72;-1.09:-6.72;-1.11:-6.7;-1.11:-6.7;-1.11:-6.7;-1.11:-6.7,-1.116047:-6.722364;-1.143844:-6.738194;-1.12696:-6.699188;-1.139108:-6.720643;-1.130458:-6.720604;-1.177571:-6.698086;-1.12315:-6.723386;-1.15295:-6.706299;-1.15159:-6.727403;-1.121851:-6.736481;-1.134552:-6.731911;-1.117821:-6.706496
sigma3_hotel_seed42,HOTEL:biwi_hotel:185:9490,HOTEL,biwi_hotel,biwi_hotel:185,9490,3,0.08303419500589371,0.06266506761312485,0.125,0.09092211723327637,0.2700258493423462,6.244369983673096,0.0,-0.92:-1.05;-0.88:-1.04;-0.86:-1.04;-0.84:-1.04;-0.85:-0.99;-0.87:-1;-0.91:-1.03;-0.91:-0.98,-0.91:-0.99;-0.9:-1.03;-0.89:-1.05;-0.88:-1.08;-0.86:-1.08;-0.91:-1;-0.91:-1.06;-0.94:-1.11;-0.94:-1.13;-0.92:-1.12;-0.88:-1.08;-0.89:-0.98,-0.9150457:-0.9815806;-0.9123887:-0.9945587;-0.8968222:-0.9652508;-0.8829217:-0.997124;-0.8751111:-0.9814965;-0.8767533:-0.9765865;-0.8502077:-1.00687;-0.8647338:-1.024317;-0.8280414:-1.016783;-0.8288791:-1.014676;-0.8242126:-1.015096;-0.8337968:-1.007715
sigma3_hotel_seed42,HOTEL:biwi_hotel:180:9500,HOTEL,biwi_hotel,biwi_hotel:180,9500,3,0.1026146188378334,0.1380125880241394,0.0,0.052159518003463745,0.2840285897254944,3.4198923110961914,0.0,-1.09:-6.72;-1.09:-6.72;-1.09:-6.72;-1.09:-6.72;-1.11:-6.79;-1.09:-6.73;-1.09:-6.72;-1.09:-6.72,-1.09:-6.72;-1.09:-6.72;-1.09:-6.72;-1.09:-6.72;-1.09:-6.72;-1.09:-6.72;-1.09:-6.72;-1.11:-6.7;-1.11:-6.7;-1.11:-6.7;-1.11:-6.7;-1.11:-6.7,-1.132754:-6.724842;-1.169276:-6.748097;-1.142507:-6.688484;-1.164998:-6.722954;-1.167839:-6.720407;-1.241934:-6.680661;-1.178676:-6.731204;-1.22469:-6.704051;-1.239203:-6.725428;-1.219518:-6.727699;-1.254042:-6.725928;-1.247857:-6.69344
sigma3_hotel_seed42,HOTEL:biwi_hotel:185:9500,HOTEL,biwi_hotel,biwi_hotel:185,9500,3,0.12370876222848892,0.1522226333618164,0.02500000037252903,0.07976816594600677,0.30923348665237427,9.140983581542969,0.0,-0.88:-1.04;-0.86:-1.04;-0.84:-1.04;-0.85:-0.99;-0.87:-1;-0.91:-1.03;-0.91:-0.98;-0.91:-0.99,-0.9:-1.03;-0.89:-1.05;-0.88:-1.08;-0.86:-1.08;-0.91:-1;-0.91:-1.06;-0.94:-1.11;-0.94:-1.13;-0.92:-1.12;-0.88:-1.08;-0.89:-0.98;-0.94:-0.95,-0.9236065:-0.9891585;-0.9390396:-0.9895978;-0.9607796:-0.9936594;-0.9785968:-0.9964585;-0.9826926:-0.9958194;-0.9941856:-1.001627;-1.018338:-0.9998438;-1.040654:-1.013861;-1.026908:-1.018689;-1.041561:-1.022017;-1.044397:-1.025465;-1.069392:-1.030184
sigma3_hotel_seed42,HOTEL:biwi_hotel:194:9500,HOTEL,biwi_hotel,biwi_hotel:194,9500,3,3.700619697570801,6.71903133392334,1.4758472442626953,1.4670861959457397,0.4654943645000458,0.39633581042289734,1.5,1.72:-8.94;1.78:-8.3;1.8:-7.81;1.88:-7.26;1.96:-6.65;1.98:-6.05;2.04:-5.44;2.06:-4.85,2.09:-4.22;2.16:-3.62;2.15:-3.04;2.14:-2.5;2.1:-1.94;1.99:-1.37;1.92:-0.83;1.84:-0.3;1.79:0.24;1.75:0.86;1.69:1.29;1.73:1.84,2.112617:-4.897625;2.129691:-4.802085;2.139488:-4.990183;2.096933:-4.847744;2.045241:-4.84929;2.08863:-4.918921;1.801815:-4.821015;1.894342:-4.869969;1.773465:-4.667904;1.748658:-4.638262;1.733334:-4.810074;1.736046:-4.879028
sigma3_hotel_seed42,HOTEL:biwi_hotel:195:9500,HOTEL,biwi_hotel,biwi_hotel:195,9500,3,3.694241762161255,6.85252571105957,1.4769055843353271,1.4776667356491089,0.43533265590667725,0.44781923294067383,1.25,2.24:-9.13;2.31:-8.51;2.35:-7.95;2.43:-7.42;2.48:-6.87;2.47:-6.2;2.53:-5.6;2.56:-5.01,2.58:-4.42;2.61:-3.85;2.59:-3.29;2.55:-2.75;2.51:-2.18;2.43:-1.59;2.42:-1.02;2.38:-0.44;2.36:0.12;2.33:0.62;2.24:1.29;2.23:1.8,2.632835:-5.057722;2.671833:-4.967731;2.706693:-5.148397;2.68895:-5.014059;2.650232:-5.015465;2.711843:-5.077921;2.455813:-4.996706;2.569181:-5.046093;2.464019:-4.837774;2.454146:-4.813977;2.454345:-4.975668;2.469742:-5.048331
sigma3_hotel_seed42,HOTEL:biwi_hotel:196:9500,HOTEL,biwi_hotel,biwi_hotel:196,9500,3,4.130620956420898,7.659107208251953,1.5662455558776855,1.5173133611679077,0.6405805945396423,0.686348021030426,0.75,2.07:3.9;2:3.36;2.05:2.77;1.97:2.08;1.9:1.49;1.81:0.87;1.66:0.32;1.57:-0.3,1.44:-0.92;1.34:-1.49;1.27:-2.12;1.16:-2.75;1.15:-3.37;1.18:-4.1;1.23:-4.67;1.38:-5.3;1.44:-5.93;1.51:-6.57;1.52:-7.23;1.45:-7.91,1.568698:-0.3504128;1.527618:-0.2283636;1.45718:-0.4578184;1.335587:-0.278595;1.248584:-0.2776374;1.250461:-0.3787777;0.8432211:-0.2136687;0.8790935:-0.2659937;0.7110424:-0.07874925;0.6340712:-0.02622491;0.5842484:-0.2401893;0.5479662:-0.3041956
sigma3_hotel_seed42,HOTEL:biwi_hotel:180:9510,HOTEL,biwi_hotel,biwi_hotel:180,9510,3,0.08142822235822678,0.14966125786304474,0.0,0.052159518003463745,0.2840285897254944,3.4198923110961914,0.0,-1.09:-6.72;-1.09:-6.72;-1.09:-6.72;-1.11:-6.79;-1.09:-6.73;-1.09:-6.72;-1.09:-6.72;-1.09:-6.72,-1.09:-6.72;-1.09:-6.72;-1.09:-6.72;-1.09:-6.72;-1.09:-6.72;-1.09:-6.72;-1.11:-6.7;-1.11:-6.7;-1.11:-6.7;-1.11:-6.7;-1.11:-6.7;-1.11:-6.7,-1.099702:-6.717011;-1.110393:-6.715117;-1.142987:-6.723526;-1.152353:-6.727859;-1.160128:-6.7214;-1.152972:-6.729112;-1.196346:-6.726019;-1.210047:-6.749749;-1.195306:-6.752029;-1.224403:-6.7498;-1.220884:-6.745949;-1.249716:-6.753647
sigma3_hotel_seed42,HOTEL:biwi_hotel:185:9510,HOTEL,biwi_hotel,biwi_hotel:185,9510,3,0.11590339988470078,0.2292751520872116,0.10307764261960983,0.08735068887472153,0.34217387437820435,9.38596248626709,0.0,-0.86:-1.04;-0.84:-1.04;-0.85:-0.99;-0.87:-1;-0.91:-1.03;-0.91:-0.98;-0.91:-0.99;-0.9:-1.03,-0.89:-1.05;-0.88:-1.08;-0.86:-1.08;-0.91:-1;-0.91:-1.06;-0.94:-1.11;-0.94:-1.13;-0.92:-1.12;-0.88:-1.08;-0.89:-0.98;-0.94:-0.95;-0.95:-0.93,-0.8916651:-1.031081;-0.8773065:-1.042755;-0.857768:-1.023703;-0.8426179:-1.049606;-0.8263812:-1.040142;-0.8191494:-1.032255;-0.8105902:-1.068172;-0.8137517:-1.081982;-0.7742786:-1.074031;-0.7740686:-1.077458;-0.759032:-1.078527;-0.7764214:-1.079792
sigma3_hotel_seed42,HOTEL:biwi_hotel:194:9510,HOTEL,biwi_hotel,biwi_hotel:194,9510,3,3.6255266666412354,6.610022068023682,1.5767847299575806,1.462767481803894,0.3467332422733307,0.3573504686355591,1.625,1.78:-8.3;1.8:-7.81;1.88:-7.26;1.96:-6.65;1.98:-6.05;2.04:-5.44;2.06:-4.85;2.09:-4.22,2.16:-3.62;2.15:-3.04;2.14:-2.5;2.1:-1.94;1.99:-1.37;1.92:-0.83;1.84:-0.3;1.79:0.24;1.75:0.86;1.69:1.29;1.73:1.84;1.77:2.35,2.161489:-4.269022;2.19887:-4.172148;2.224205:-4.365543;2.197585:-4.22157;2.156954:-4.222425;2.220187:-4.292985;1.940649:-4.197448;2.051791:-4.248476;1.941963:-4.038609;1.925075:-4.010981;1.926498:-4.183082;1.937494:-4.2579
sigma3_hotel_seed42,HOTEL:biwi_hotel:195:9510,HOTEL,biwi_hotel,biwi_hotel:195,9510,3,3.6547420024871826,6.720712661743164,1.4758472442626953,1.4656667709350586,0.3758721947669983,0.423617959022522,1.375,2.31:-8.51;2.35:-7.95;2.43:-7.42;2.48:-6.87;2.47:-6.2;2.53:-5.6;2.56:-5.01;2.58:-4.42,2.61:-3.85;2.59:-3.29;2.55:-2.75;2.51:-2.18;2.43:-1.59;2.42:-1.02;2.38:-0.44;2.36:0.12;2.33:0.62;2.24:1.29;2.23:1.8;2.23:2.27,2.635293:-4.46687;2.655074:-4.37441;2.670706:-4.557312;2.633989:-4.418719;2.583885:-4.421254;2.627812:-4.487761;2.352696:-4.396369;2.4481:-4.444125;2.330073:-4.241218;2.310064:-4.214065;2.294761:-4.382038;2.299904:-4.450349
sigma3_hotel_seed42,HOTEL:biwi_hotel:199:9510,HOTEL,biwi_hotel,biwi_hotel:199,9510,3,0.49209603667259216,0.8108015656471252,0.5202162861824036,0.39651012420654297,0.8197087049484253,3.7953217029571533,0.125,-1.42:-3.51;-1.31:-3.57;-1.12:-3.53;-1.05:-3.55;-0.98:-3.66;-0.74:-3.67;-0.61:-3.72;-0.49:-3.89,-0.4:-4.02;-0.31:-4.19;-0.3:-4.21;-0.3:-4.21;-0.06:-4.27;-0.03:-4.27;-0.03:-4.27;-0.03:-4.27;-0.03:-4.27;-0.22:-4.18;-0.19:-4.29;-0.11:-4.16,-0.3776951:-3.916332;-0.2490555:-3.896263;-0.1143964:-3.937447;-0.01533759:-3.897862;0.06181455:-3.907899;0.1722754:-3.958657;0.2331269:-3.926983;0.3493638:-3.907257;0.4102938:-3.87866;0.4879366:-3.836429;0.5749838:-3.920311;0.6730701:-3.949761
sigma3_hotel_seed42,HOTEL:biwi_hotel:180:9520,HOTEL,biwi_hotel,biwi_hotel:180,9520,3,0.11781474202871323,0.23304878175258636,0.0,0.052159518003463745,0.2840285897254944,3.4198923110961914,0.0,-1.09:-6.72;-1.09:-6.72;-1.11:-6.79;-1.09:-6.73;-1.09:-6.72;-1.09:-6.72;-1.09:-6.72;-1.09:-6.72,-1.09:-6.72;-1.09:-6.72;-1.09:-6.72;-1.09:-6.72;-1.09:-6.72;-1.11:-6.7;-1.11:-6.7;-1.11:-6.7;-1.11:-6.7;-1.11:-6.7;-1.11:-6.7;-1.11:-6.7,-1.110074:-6.721451;-1.126643:-6.724855;-1.142235:-6.722055;-1.167158:-6.729242;-1.178846:-6.727805;-1.203499:-6.729077;-1.227798:-6.739828;-1.260972:-6.748193;-1.255199:-6.74835;-1.279771:-6.748149;-1.295251:-6.758341;-1.334732:-6.761704
sigma3_hotel_seed42,HOTEL:biwi_hotel:185:9520,HOTEL,biwi_hotel,biwi_hotel:185,9520,3,0.26087602972984314,0.43424463272094727,0.055901698768138885,0.08819378912448883,0.3022681176662445,7.836439609527588,0.0,-0.84:-1.04;-0.85:-0.99;-0.87:-1;-0.91:-1.03;-0.91:-0.98;-0.91:-0.99;-0.9:-1.03;-0.89:-1.05,-0.88:-1.08;-0.86:-1.08;-0.91:-1;-0.91:-1.06;-0.94:-1.11;-0.94:-1.13;-0.92:-1.12;-0.88:-1.08;-0.89:-0.98;-0.94:-0.95;-0.95:-0.93;-0.9:-1.02,-0.838508:-1.046374;-0.8002738:-1.039417;-0.7908983:-1.071191;-0.7555823:-1.056792;-0.7180607:-1.063547;-0.6633917:-1.093001;-0.6615743:-1.067665;-0.6255211:-1.086564;-0.5706643:-1.071068;-0.5371425:-1.092577;-0.486645:-1.101218;-0.4761063:-1.114247
sigma3_hotel_seed42,HOTEL:biwi_hotel:194:9520,HOTEL,biwi_hotel,biwi_hotel:194,9520,3,3.6122376918792725,6.653780460357666,1.5101737976074219,1.5033608675003052,0.3104282319545746,0.32226109504699707,1.75,1.8:-7.81;1.88:-7.26;1.96:-6.65;1.98:-6.05;2.04:-5.44;2.06:-4.85;2.09:-4.22;2.16:-3.62,2.15:-3.04;2.14:-2.5;2.1:-1.94;1.99:-1.37;1.92:-0.83;1.84:-0.3;1.79:0.24;1.75:0.86;1.69:1.29;1.73:1.84;1.77:2.35;1.82:2.96,2.261985:-3.669478;2.33262:-3.580574;2.395519:-3.763362;2.405918:-3.631438;2.385187:-3.631422;2.476739:-3.691184;2.242401:-3.620363;2.385069:-3.672653;2.299136:-3.453794;2.303899:-3.434402;2.32982:-3.591053;2.360143:-3.67182
sigma3_hotel_seed42,HOTEL:biwi_hotel:195:9520,HOTEL,biwi_hotel,biwi_hotel:195,9520,3,3.6625680923461914,6.718791961669922,1.4269722700119019,1.469010353088379,0.3470812439918518,0.3638106882572174,1.5,2.35:-7.95;2.43:-7.42;2.48:-6.87;2.47:-6.2;2.53:-5.6;2.56:-5.01;2.58:-4.42;2.61:-3.85,2.59:-3.29;2.55:-2.75;2.51:-2.18;2.43:-1.59;2.42:-1.02;2.38:-0.44;2.36:0.12;2.33:0.62;2.24:1.29;2.23:1.8;2.23:2.27;2.24:2.82,2.684191:-3.893793;2.723472:-3.815273;2.771603:-3.97571;2.767546:-3.854532;2.728581:-3.861496;2.781693:-3.913764;2.563674:-3.853571;2.678808:-3.896394;2.577803:-3.686869;2.582924:-3.672053;2.573323:-3.822253;2.592598:-3.889533
sigma3_hotel_seed42,HOTEL:biwi_hotel:199:9520,HOTEL,biwi_hotel,biwi_hotel:199,9520,3,0.5154948830604553,1.0276234149932861,0.3952847123146057,0.4082294702529907,0.7383936047554016,3.0975968837738037,0.25,-1.31:-3.57;-1.12:-3.53;-1.05:-3.55;-0.98:-3.66;-0.74:-3.67;-0.61:-3.72;-0.49:-3.89;-0.4:-4.02,-0.31:-4.19;-0.3:-4.21;-0.3:-4.21;-0.06:-4.27;-0.03:-4.27;-0.03:-4.27;-0.03:-4.27;-0.03:-4.27;-0.22:-4.18;-0.19:-4.29;-0.11:-4.16;-0.19:-4.19,-0.2880985:-4.040841;-0.1581447:-4.031779;-0.02564782:-4.052762;0.07759479:-4.03967;0.173397:-4.040582;0.2832118:-4.081096;0.3673564:-4.060236;0.4671537:-4.057065;0.565017:-4.04624;0.645614:-4.009908;0.741316:-4.079734;0.8333561:-4.096448
sigma3_hotel_seed42,HOTEL:biwi_hotel:180:9530,HOTEL,biwi_hotel,biwi_hotel:180,9530,3,0.0668301060795784,0.11730001121759415,0.0,0.052159518003463745,0.20819412171840668,3.4198923110961914,0.0,-1.09:-6.72;-1.11:-6.79;-1.09:-6.73;-1.09:-6.72;-1.09:-6.72;-1.09:-6.72;-1.09:-6.72;-1.09:-6.72,-1.09:-6.72;-1.09:-6.72;-1.09:-6.72;-1.09:-6.72;-1.11:-6.7;-1.11:-6.7;-1.11:-6.7;-1.11:-6.7;-1.11:-6.7;-1.11:-6.7;-1.11:-6.7;-1.11:-6.7,-1.098813:-6.718337;-1.110842:-6.716886;-1.134967:-6.725537;-1.148063:-6.725775;-1.150055:-6.725075;-1.152794:-6.733633;-1.179918:-6.726721;-1.195807:-6.743659;-1.179497:-6.747835;-1.192799:-6.75182;-1.190009:-6.753243;-1.211064:-6.759542
sigma3_hotel_seed42,HOTEL:biwi_hotel:185:9530,HOTEL,biwi_hotel,biwi_hotel:185,9530,3,0.18743687868118286,0.25600704550743103,0.07905694097280502,0.08127685636281967,0.24932266771793365,6.1412882804870605,0.0,-0.85:-0.99;-0.87:-1;-0.91:-1.03;-0.91:-0.98;-0.91:-0.99;-0.9:-1.03;-0.89:-1.05;-0.88:-1.08,-0.86:-1.08;-0.91:-1;-0.91:-1.06;-0.94:-1.11;-0.94:-1.13;-0.92:-1.12;-0.88:-1.08;-0.89:-0.98;-0.94:-0.95;-0.95:-0.93;-0.9:-1.02;-0.89:-1.05,-0.8533736:-1.079006;-0.8295429:-1.081439;-0.8168948:-1.087278;-0.7951468:-1.093131;-0.7712762:-1.091674;-0.7441665:-1.102072;-0.7415077:-1.108172;-0.7286456:-1.123754;-0.6845821:-1.112124;-0.6713146:-1.123583;-0.6420977:-1.129425;-0.6490524:-1.136509
sigma3_hotel_seed42,HOTEL:biwi_hotel:199:9530,HOTEL,biwi_hotel,biwi_hotel:199,9530,3,0.4463503360748291,0.8542440533638,0.4808846116065979,0.40758267045021057,0.6403059959411621,2.7304465770721436,0.25,-1.12:-3.53;-1.05:-3.55;-0.98:-3.66;-0.74:-3.67;-0.61:-3.72;-0.49:-3.89;-0.4:-4.02;-0.31:-4.19,-0.3:-4.21;-0.3:-4.21;-0.06:-4.27;-0.03:-4.27;-0.03:-4.27;-0.03:-4.27;-0.03:-4.27;-0.22:-4.18;-0.19:-4.29;-0.11:-4.16;-0.19:-4.19;-0.09:-4.35,-0.207222:-4.214923;-0.08591577:-4.196126;0.03882754:-4.235763;0.1266921:-4.197158;0.1988155:-4.207536;0.2968984:-4.259955;0.3584917:-4.226712;0.4601592:-4.204374;0.5191467:-4.179291;0.5903793:-4.14205;0.6723465:-4.224929;0.7587437:-4.253216
sigma3_hotel_seed42,HOTEL:biwi_hotel:180:9540,HOTEL,biwi_hotel,biwi_hotel:180,9540,3,0.03301076591014862,0.06146848946809769,0.0,0.026159126311540604,0.06651213020086288,0.32175055146217346,0.125,-1.11:-6.79;-1.09:-6.73;-1.09:-6.72;-1.09:-6.72;-1.09:-6.72;-1.09:-6.72;-1.09:-6.72;-1.09:-6.72,-1.09:-6.72;-1.09:-6.72;-1.09:-6.72;-1.11:-6.7;-1.11:-6.7;-1.11:-6.7;-1.11:-6.7;-1.11:-6.7;-1.11:-6.7;-1.11:-6.7;-1.11:-6.7;-1.11:-6.7,-1.088059:-6.718204;-1.093476:-6.714925;-1.109893:-6.729856;-1.117767:-6.722139;-1.11001:-6.727341;-1.107872:-6.73954;-1.120632:-6.723599;-1.127185:-6.734432;-1.107367:-6.739516;-1.102409:-6.751395;-1.090179:-6.753806;-1.097887:-6.760263
sigma3_hotel_seed42,HOTEL:biwi_hotel:185:9540,HOTEL,biwi_hotel,biwi_hotel:185,9540,3,0.31238624453544617,0.4884379506111145,0.05000000074505806,0.08043375611305237,0.2528002858161926,7.210480690002441,0.0,-0.87:-1;-0.91:-1.03;-0.91:-0.98;-0.91:-0.99;-0.9:-1.03;-0.89:-1.05;-0.88:-1.08;-0.86:-1.08,-0.91:-1;-0.91:-1.06;-0.94:-1.11;-0.94:-1.13;-0.92:-1.12;-0.88:-1.08;-0.89:-0.98;-0.94:-0.95;-0.95:-0.93;-0.9:-1.02;-0.89:-1.05;-0.9:-1.09,-0.8053088:-1.076057;-0.7648977:-1.068531;-0.754748:-1.102045;-0.7167143:-1.086453;-0.6767387:-1.093686;-0.6183807:-1.1245;-0.6151865:-1.096944;-0.5758151:-1.116381;-0.518649:-1.100606;-0.4819743:-1.123282;-0.4281854:-1.131533;-0.4146615:-1.144938
sigma3_hotel_seed42,HOTEL:biwi_hotel:199:9540,HOTEL,biwi_hotel,biwi_hotel:199,9540,3,0.19249308109283447,0.23180341720581055,0.055901698768138885,0.3895682394504547,0.7236393690109253,2.027930736541748,0.375,-1.05:-3.55;-0.98:-3.66;-0.74:-3.67;-0.61:-3.72;-0.49:-3.89;-0.4:-4.02;-0.31:-4.19;-0.3:-4.21,-0.3:-4.21;-0.06:-4.27;-0.03:-4.27;-0.03:-4.27;-0.03:-4.27;-0.03:-4.27;-0.22:-4.18;-0.19:-4.29;-0.11:-4.16;-0.19:-4.19;-0.09:-4.35;-0.13:-4.4,-0.3126653:-4.211488;-0.3154747:-4.224679;-0.3043077:-4.193259;-0.2951997:-4.226008;-0.2958419:-4.209514;-0.3045471:-4.203163;-0.280809:-4.23705;-0.2994985:-4.25374;-0.269629:-4.242691;-0.2769069:-4.240656;-0.2779832:-4.239734;-0.2923913:-4.234586
sigma3_hotel_seed42,HOTEL:biwi_hotel:180:9550,HOTEL,biwi_hotel,biwi_hotel:180,9550,3,0.03498709201812744,0.0666857361793518,0.0,0.0035714285913854837,0.010416666977107525,0.0,0.25,-1.09:-6.73;-1.09:-6.72;-1.09:-6.72;-1.09:-6.72;-1.09:-6.72;-1.09:-6.72;-1.09:-6.72;-1.09:-6.72,-1.09:-6.72;-1.09:-6.72;-1.11:-6.7;-1.11:-6.7;-1.11:-6.7;-1.11:-6.7;-1.11:-6.7;-1.11:-6.7;-1.11:-6.7;-1.11:-6.7;-1.11:-6.7;-1.11:-6.7,-1.086561:-6.720856;-1.089607:-6.71655;-1.099889:-6.735408;-1.112944:-6.721141;-1.109725:-6.729722;-1.11471:-6.74873;-1.124217:-6.729649;-1.138358:-6.731104;-1.12754:-6.728504;-1.12405:-6.741263;-1.120981:-6.756202;-1.138913:-6.760092
sigma3_hotel_seed42,HOTEL:biwi_hotel:185:9550,HOTEL,biwi_hotel,biwi_hotel:185,9550,3,0.2440546602010727,0.4256514012813568,0.235849529504776,0.0962693989276886,0.2703614830970764,7.125578880310059,0.0,-0.91:-1.03;-0.91:-0.98;-0.91:-0.99;-0.9:-1.03;-0.89:-1.05;-0.88:-1.08;-0.86:-1.08;-0.91:-1,-0.91:-1.06;-0.94:-1.11;-0.94:-1.13;-0.92:-1.12;-0.88:-1.08;-0.89:-0.98;-0.94:-0.95;-0.95:-0.93;-0.9:-1.02;-0.89:-1.05;-0.9:-1.09;-0.9:-1.11,-0.9672108:-1.000745;-1.007677:-1.01638;-1.022388:-0.9710469;-1.043908:-1.007318;-1.091021:-0.9888564;-1.143439:-0.9698516;-1.132429:-1.023072;-1.179212:-1.031433;-1.192793:-1.007759;-1.231481:-1.008876;-1.269488:-0.9945861;-1.309852:-0.9951064
sigma3_hotel_seed42,HOTEL:biwi_hotel:199:9550,HOTEL,biwi_hotel,biwi_hotel:199,9550,3,0.1867835968732834,0.3256165087223053,0.0,0.3430025279521942,0.5414829254150391,1.065506100654602,0.625,-0.98:-3.66;-0.74:-3.67;-0.61:-3.72;-0.49:-3.89;-0.4:-4.02;-0.31:-4.19;-0.3:-4.21;-0.3:-4.21,-0.06:-4.27;-0.03:-4.27;-0.03:-4.27;-0.03:-4.27;-0.03:-4.27;-0.22:-4.18;-0.19:-4.29;-0.11:-4.16;-0.19:-4.19;-0.09:-4.35;-0.13:-4.4;-0.09:-4.52,-0.247173:-4.206234;-0.2081442:-4.198806;-0.1988831:-4.231889;-0.1627876:-4.216482;-0.1245004:-4.223645;-0.06834161:-4.254061;-0.06650659:-4.227144;-0.02919057:-4.246233;0.02629802:-4.230536;0.06092173:-4.252573;0.112589:-4.261327;0.1240915:-4.274662
sigma3_hotel_seed42,HOTEL:biwi_hotel:200:9550,HOTEL,biwi_hotel,biwi_hotel:200,9550,3,3.7184064388275146,6.78342866897583,1.4002232551574707,1.399978756904602,0.365420401096344,0.4254279136657715,1.75,2.01:-9.81;1.99:-9.27;2.06:-8.71;2.13:-8.19;2.13:-7.64;2.14:-7.03;2.12:-6.46;2.13:-5.9,2.2:-5.32;2.15:-4.73;2.04:-4.16;1.96:-3.54;1.85:-2.95;1.79:-2.42;1.78:-1.86;1.68:-1.2;1.73:-0.75;1.86:-0.26;1.79:0.32;1.8:0.86,2.16883:-5.94395;2.170261:-5.856832;2.176467:-6.027828;2.130337:-5.894951;2.069787:-5.900781;2.092112:-5.963248;1.824098:-5.876944;1.903264:-5.919925;1.77637:-5.722994;1.755201:-5.697669;1.720305:-5.862066;1.718967:-5.922945
sigma3_hotel_seed42,HOTEL:biwi_hotel:201:9550,HOTEL,biwi_hotel,biwi_hotel:201,9550,3,3.7064244747161865,6.7829766273498535,1.350000023841858,1.3994814157485962,0.38082125782966614,0.5382505059242249,1.5,2.78:-9.95;2.74:-9.37;2.77:-8.83;2.84:-8.3;2.84:-7.75;2.82:-7.15;2.86:-6.58;2.86:-6.04,2.79:-5.45;2.76:-4.87;2.65:-4.31;2.67:-3.65;2.65:-3.15;2.51:-2.62;2.54:-2.01;2.59:-1.45;2.57:-0.92;2.63:-0.36;2.63:0.19;2.54:0.72,2.897899:-6.082468;2.898062:-6.000215;2.908817:-6.16223;2.867148:-6.035371;2.806061:-6.042863;2.824031:-6.100532;2.571305:-6.023157;2.649891:-6.063818;2.524313:-5.86763;2.508173:-5.845459;2.468946:-6.004191;2.469021:-6.062605
sigma3_hotel_seed42,HOTEL:biwi_hotel:180:9560,HOTEL,biwi_hotel,biwi_hotel:180,9560,3,0.03512435406446457,0.07970085740089417,0.0,0.0,0.0,0.0,0.375,-1.09:-6.72;-1.09:-6.72;-1.09:-6.72;-1.09:-6.72;-1.09:-6.72;-1.09:-6.72;-1.09:-6.72;-1.09:-6.72,-1.09:-6.72;-1.11:-6.7;-1.11:-6.7;-1.11:-6.7;-1.11:-6.7;-1.11:-6.7;-1.11:-6.7;-1.11:-6.7;-1.11:-6.7;-1.11:-6.7;-1.11:-6.7;-1.11:-6.7,-1.098052:-6.720444;-1.113855:-6.727574;-1.10481:-6.713784;-1.112191:-6.718163;-1.09715:-6.7247;-1.123135:-6.718979;-1.084047:-6.720711;-1.099201:-6.710154;-1.088417:-6.725661;-1.054289:-6.741216;-1.05222:-6.741397;-1.035162:-6.727412
sigma3_hotel_seed42,HOTEL:biwi_hotel:185:9560,HOTEL,biwi_hotel,biwi_hotel:185,9560,3,0.07248829305171967,0.05492362752556801,0.15000000596046448,0.09984082728624344,0.36271634697914124,6.56697940826416,0.0,-0.91:-0.98;-0.91:-0.99;-0.9:-1.03;-0.89:-1.05;-0.88:-1.08;-0.86:-1.08;-0.91:-1;-0.91:-1.06,-0.94:-1.11;-0.94:-1.13;-0.92:-1.12;-0.88:-1.08;-0.89:-0.98;-0.94:-0.95;-0.95:-0.93;-0.9:-1.02;-0.89:-1.05;-0.9:-1.09;-0.9:-1.11;-0.92:-1.11,-0.9310457:-1.064478;-0.9350288:-1.07498;-0.9216272:-1.045085;-0.9173037:-1.072999;-0.931814:-1.057075;-0.9496001:-1.052874;-0.9273174:-1.089074;-0.9451603:-1.100342;-0.9291953:-1.078267;-0.943863:-1.072422;-0.9523147:-1.078675;-0.9676287:-1.082648
sigma3_hotel_seed42,HOTEL:biwi_hotel:199:9560,HOTEL,biwi_hotel,biwi_hotel:199,9560,3,2.113024950027466,3.667398691177368,0.6184658408164978,0.34556612372398376,0.6772530674934387,1.6021449565887451,0.875,-0.74:-3.67;-0.61:-3.72;-0.49:-3.89;-0.4:-4.02;-0.31:-4.19;-0.3:-4.21;-0.3:-4.21;-0.06:-4.27,-0.03:-4.27;-0.03:-4.27;-0.03:-4.27;-0.03:-4.27;-0.22:-4.18;-0.19:-4.29;-0.11:-4.16;-0.19:-4.19;-0.09:-4.35;-0.13:-4.4;-0.09:-4.52;0.06:-4.69,0.2616715:-4.286608;0.5968148:-4.290777;0.9245623:-4.288299;1.249903:-4.31118;1.559518:-4.297904;1.893424:-4.341332;2.211562:-4.318359;2.50719:-4.330071;2.821733:-4.362398;3.094776:-4.317356;3.408:-4.364809;3.713137:-4.366888
sigma3_hotel_seed42,HOTEL:biwi_hotel:200:9560,HOTEL,biwi_hotel,biwi_hotel:200,9560,3,3.7502353191375732,6.667422294616699,1.460522174835205,1.4156354665756226,0.33526426553726196,0.3663063049316406,2.0,1.99:-9.27;2.06:-8.71;2.13:-8.19;2.13:-7.64;2.14:-7.03;2.12:-6.46;2.13:-5.9;2.2:-5.32,2.15:-4.73;2.04:-4.16;1.96:-3.54;1.85:-2.95;1.79:-2.42;1.78:-1.86;1.68:-1.2;1.73:-0.75;1.86:-0.26;1.79:0.32;1.8:0.86;1.76:1.26,2.302324:-5.367786;2.373172:-5.285577;2.444067:-5.456081;2.462143:-5.33289;2.442066:-5.334437;2.529994:-5.387058;2.31779:-5.329345;2.461429:-5.379139;2.378767:-5.161274;2.390689:-5.146058;2.413072:-5.293917;2.446557:-5.37198
sigma3_hotel_seed42,HOTEL:biwi_hotel:201:9560,HOTEL,biwi_hotel,biwi_hotel:201,9560,3,3.6750452518463135,6.808528423309326,1.4853451251983643,1.404038667678833,0.3864469826221466,0.5319875478744507,1.5,2.74:-9.37;2.77:-8.83;2.84:-8.3;2.84:-7.75;2.82:-7.15;2.86:-6.58;2.86:-6.04;2.79:-5.45,2.76:-4.87;2.65:-4.31;2.67:-3.65;2.65:-3.15;2.51:-2.62;2.54:-2.01;2.59:-1.45;2.57:-0.92;2.63:-0.36;2.63:0.19;2.54:0.72;2.55:1.32,2.757254:-5.489447;2.690606:-5.398828;2.62925:-5.560928;2.519547:-5.42891;2.410511:-5.428023;2.369298:-5.49249;2.042565:-5.393325;2.057716:-5.433043;1.886414:-5.251858;1.815605:-5.213593;1.731285:-5.383337;1.689164:-5.433889
sigma3_hotel_seed42,HOTEL:biwi_hotel:180:9570,HOTEL,biwi_hotel,biwi_hotel:180,9570,3,0.03642565757036209,0.07970085740089417,0.0,0.0,0.0,0.0,0.5,-1.09:-6.72;-1.09:-6.72;-1.09:-6.72;-1.09:-6.72;-1.09:-6.72;-1.09:-6.72;-1.09:-6.72;-1.09:-6.72,-1.11:-6.7;-1.11:-6.7;-1.11:-6.7;-1.11:-6.7;-1.11:-6.7;-1.11:-6.7;-1.11:-6.7;-1.11:-6.7;-1.11:-6.7;-1.11:-6.7;-1.11:-6.7;-1.11:-6.7,-1.098052:-6.720444;-1.113855:-6.727574;-1.10481:-6.713784;-1.112191:-6.718163;-1.09715:-6.7247;-1.123135:-6.718979;-1.084047:-6.720711;-1.099201:-6.710154;-1.088417:-6.725661;-1.054289:-6.741216;-1.05222:-6.741397;-1.035162:-6.727412
sigma3_hotel_seed42,HOTEL:biwi_hotel:185:9570,HOTEL,biwi_hotel,biwi_hotel:185,9570,3,0.2558004558086395,0.39548459649086,0.14577379822731018,0.11709422618150711,0.36271634697914124,6.862420082092285,0.0,-0.91:-0.99;-0.9:-1.03;-0.89:-1.05;-0.88:-1.08;-0.86:-1.08;-0.91:-1;-0.91:-1.06;-0.94:-1.11,-0.94:-1.13;-0.92:-1.12;-0.88:-1.08;-0.89:-0.98;-0.94:-0.95;-0.95:-0.93;-0.9:-1.02;-0.89:-1.05;-0.9:-1.09;-0.9:-1.11;-0.92:-1.11;-0.95:-1.11,-0.9813941:-1.11322;-1.012755:-1.118944;-1.033782:-1.102983;-1.067065:-1.116858;-1.099968:-1.107204;-1.144055:-1.11364;-1.155132:-1.126327;-1.210213:-1.131089;-1.220515:-1.122154;-1.259888:-1.115271;-1.296615:-1.130731;-1.345192:-1.125205
sigma3_hotel_seed42,HOTEL:biwi_hotel:199:9570,HOTEL,biwi_hotel,biwi_hotel:199,9570,3,0.17415551841259003,0.6378414630889893,0.07500000298023224,0.30653616786003113,0.7793232202529907,1.2581640481948853,1.125,-0.61:-3.72;-0.49:-3.89;-0.4:-4.02;-0.31:-4.19;-0.3:-4.21;-0.3:-4.21;-0.06:-4.27;-0.03:-4.27,-0.03:-4.27;-0.03:-4.27;-0.03:-4.27;-0.22:-4.18;-0.19:-4.29;-0.11:-4.16;-0.19:-4.19;-0.09:-4.35;-0.13:-4.4;-0.09:-4.52;0.06:-4.69;0.17:-4.87,-0.04076574:-4.27247;-0.04389764:-4.280626;-0.04178286:-4.266276;-0.04904242:-4.284951;-0.051716:-4.276278;-0.06550821:-4.277094;-0.06960433:-4.299674;-0.09614576:-4.309207;-0.07702262:-4.302702;-0.09508123:-4.300091;-0.1018909:-4.311755;-0.1351758:-4.309902
sigma3_hotel_seed42,HOTEL:biwi_hotel:200:9570,HOTEL,biwi_hotel,biwi_hotel:200,9570,3,3.643538236618042,6.636262893676758,1.4802870750427246,1.4255485534667969,0.4190308749675751,0.5615028142929077,2.125,2.06:-8.71;2.13:-8.19;2.13:-7.64;2.14:-7.03;2.12:-6.46;2.13:-5.9;2.2:-5.32;2.15:-4.73,2.04:-4.16;1.96:-3.54;1.85:-2.95;1.79:-2.42;1.78:-1.86;1.68:-1.2;1.73:-0.75;1.86:-0.26;1.79:0.32;1.8:0.86;1.76:1.26;1.69:1.89,2.161775:-4.773428;2.133497:-4.678681;2.105464:-4.860285;2.025836:-4.715553;1.947151:-4.722727;1.943938:-4.795868;1.633905:-4.686156;1.684889:-4.727657;1.536074:-4.53798;1.495685:-4.505419;1.438308:-4.685133;1.419114:-4.740732
sigma3_hotel_seed42,HOTEL:biwi_hotel:201:9570,HOTEL,biwi_hotel,biwi_hotel:201,9570,3,3.642676591873169,6.610602855682373,1.4519383907318115,1.4183039665222168,0.3864469826221466,0.5225845575332642,1.625,2.77:-8.83;2.84:-8.3;2.84:-7.75;2.82:-7.15;2.86:-6.58;2.86:-6.04;2.79:-5.45;2.76:-4.87,2.65:-4.31;2.67:-3.65;2.65:-3.15;2.51:-2.62;2.54:-2.01;2.59:-1.45;2.57:-0.92;2.63:-0.36;2.63:0.19;2.54:0.72;2.55:1.32;2.58:1.71,2.780483:-4.914065;2.761826:-4.820021;2.742823:-5.001426;2.672053:-4.85826;2.599123:-4.864533;2.605229:-4.936066;2.302988:-4.830512;2.36289:-4.873197;2.220368:-4.680939;2.184289:-4.649594;2.135236:-4.826602;2.121041:-4.884652
sigma3_hotel_seed42,HOTEL:biwi_hotel:180:9580,HOTEL,biwi_hotel,biwi_hotel:180,9580,3,0.12192576378583908,0.20343956351280212,0.0707106813788414,0.010101525112986565,0.02946278266608715,0.0,0.625,-1.09:-6.72;-1.09:-6.72;-1.09:-6.72;-1.09:-6.72;-1.09:-6.72;-1.09:-6.72;-1.09:-6.72;-1.11:-6.7,-1.11:-6.7;-1.11:-6.7;-1.11:-6.7;-1.11:-6.7;-1.11:-6.7;-1.11:-6.7;-1.11:-6.7;-1.11:-6.7;-1.11:-6.7;-1.11:-6.7;-1.11:-6.7;-1.11:-6.7,-1.135699:-6.701485;-1.161192:-6.707385;-1.172942:-6.695429;-1.197362:-6.704143;-1.204135:-6.703659;-1.237277:-6.699165;-1.238504:-6.708034;-1.272803:-6.708261;-1.271506:-6.719099;-1.278802:-6.722434;-1.293711:-6.725467;-1.312564:-6.718859
sigma3_hotel_seed42,HOTEL:biwi_hotel:185:9580,HOTEL,biwi_hotel,biwi_hotel:185,9580,3,0.11324048042297363,0.13893015682697296,0.05000000074505806,0.10951171070337296,0.3860771954059601,7.184170722961426,0.0,-0.9:-1.03;-0.89:-1.05;-0.88:-1.08;-0.86:-1.08;-0.91:-1;-0.91:-1.06;-0.94:-1.11;-0.94:-1.13,-0.92:-1.12;-0.88:-1.08;-0.89:-0.98;-0.94:-0.95;-0.95:-0.93;-0.9:-1.02;-0.89:-1.05;-0.9:-1.09;-0.9:-1.11;-0.92:-1.11;-0.95:-1.11;-0.96:-1.11,-0.9200434:-1.128811;-0.9082938:-1.12371;-0.913389:-1.146846;-0.9092271:-1.134465;-0.8954093:-1.141253;-0.8783711:-1.16347;-0.8892962:-1.144294;-0.8857959:-1.155149;-0.8580964:-1.146581;-0.8483408:-1.160438;-0.829715:-1.173612;-0.8412422:-1.182098
sigma3_hotel_seed42,HOTEL:biwi_hotel:200:9580,HOTEL,biwi_hotel,biwi_hotel:200,9580,3,3.6423254013061523,6.6287994384765625,1.4512925148010254,1.4454866647720337,0.40558066964149475,0.5337870121002197,2.125,2.13:-8.19;2.13:-7.64;2.14:-7.03;2.12:-6.46;2.13:-5.9;2.2:-5.32;2.15:-4.73;2.04:-4.16,1.96:-3.54;1.85:-2.95;1.79:-2.42;1.78:-1.86;1.68:-1.2;1.73:-0.75;1.86:-0.26;1.79:0.32;1.8:0.86;1.76:1.26;1.69:1.89;1.7:2.39,1.935851:-4.192513;1.808466:-4.109522;1.694805:-4.238082;1.538633:-4.1282;1.3801:-4.114212;1.277659:-4.163578;0.9270595:-4.084453;0.8855507:-4.120767;0.678542:-3.951689;0.5591538:-3.90512;0.4314606:-4.057518;0.3521727:-4.100327
sigma3_hotel_seed42,HOTEL:biwi_hotel:201:9580,HOTEL,biwi_hotel,biwi_hotel:201,9580,3,3.707960844039917,6.744640827178955,1.426753282546997,1.4311963319778442,0.3965105414390564,0.5335502028465271,1.75,2.84:-8.3;2.84:-7.75;2.82:-7.15;2.86:-6.58;2.86:-6.04;2.79:-5.45;2.76:-4.87;2.65:-4.31,2.67:-3.65;2.65:-3.15;2.51:-2.62;2.54:-2.01;2.59:-1.45;2.57:-0.92;2.63:-0.36;2.63:0.19;2.54:0.72;2.55:1.32;2.58:1.71;2.4:2.31,2.520197:-4.339003;2.370962:-4.261922;2.241989:-4.372605;2.072717:-4.274648;1.896181:-4.257012;1.769502:-4.297838;1.420576:-4.232091;1.359064:-4.265628;1.140388:-4.100728;1.007009:-4.053411;0.8613964:-4.195923;0.7697376:-4.234649
sigma3_hotel_seed42,HOTEL:biwi_hotel:180:9590,HOTEL,biwi_hotel,biwi_hotel:180,9590,3,0.02396165020763874,0.008367692120373249,0.0,0.010101525112986565,0.0589255653321743,0.0,0.75,-1.09:-6.72;-1.09:-6.72;-1.09:-6.72;-1.09:-6.72;-1.09:-6.72;-1.09:-6.72;-1.11:-6.7;-1.11:-6.7,-1.11:-6.7;-1.11:-6.7;-1.11:-6.7;-1.11:-6.7;-1.11:-6.7;-1.11:-6.7;-1.11:-6.7;-1.11:-6.7;-1.11:-6.7;-1.11:-6.7;-1.11:-6.7;-1.11:-6.7,-1.122979:-6.700979;-1.138951:-6.709347;-1.130974:-6.689821;-1.137074:-6.69948;-1.131116:-6.701639;-1.157973:-6.689918;-1.125727:-6.700724;-1.142311:-6.690582;-1.141287:-6.70245;-1.120466:-6.710944;-1.126526:-6.709802;-1.115326:-6.693546
sigma3_hotel_seed42,HOTEL:biwi_hotel:185:9590,HOTEL,biwi_hotel,biwi_hotel:185,9590,3,0.11137345433235168,0.12498121708631516,0.055901698768138885,0.10951171070337296,0.41321834921836853,9.076717376708984,0.0,-0.89:-1.05;-0.88:-1.08;-0.86:-1.08;-0.91:-1;-0.91:-1.06;-0.94:-1.11;-0.94:-1.13;-0.92:-1.12,-0.88:-1.08;-0.89:-0.98;-0.94:-0.95;-0.95:-0.93;-0.9:-1.02;-0.89:-1.05;-0.9:-1.09;-0.9:-1.11;-0.92:-1.11;-0.95:-1.11;-0.96:-1.11;-0.94:-1.11,-0.9042113:-1.117965;-0.8959421:-1.114565;-0.9028462:-1.133007;-0.9000245:-1.125543;-0.8857897:-1.130966;-0.8716542:-1.147606;-0.8834837:-1.133817;-0.8806785:-1.147635;-0.8503166:-1.143232;-0.8415771:-1.156112;-0.8226104:-1.164667;-0.832741:-1.174155
sigma3_hotel_seed42,HOTEL:biwi_hotel:200:9590,HOTEL,biwi_hotel,biwi_hotel:200,9590,3,3.5518722534179688,6.551930904388428,1.562849998474121,1.4723223447799683,0.40295764803886414,0.5797106623649597,2.0,2.13:-7.64;2.14:-7.03;2.12:-6.46;2.13:-5.9;2.2:-5.32;2.15:-4.73;2.04:-4.16;1.96:-3.54,1.85:-2.95;1.79:-2.42;1.78:-1.86;1.68:-1.2;1.73:-0.75;1.86:-0.26;1.79:0.32;1.8:0.86;1.76:1.26;1.69:1.89;1.7:2.39;1.75:2.94,1.907426:-3.581642;1.823613:-3.479327;1.732192:-3.657793;1.59376:-3.513948;1.471449:-3.505838;1.421914:-3.580394;1.043823:-3.459165;1.041373:-3.503941;0.8544599:-3.326228;0.7559838:-3.276459;0.668257:-3.458537;0.6110091:-3.512171
sigma3_hotel_seed42,HOTEL:biwi_hotel:201:9590,HOTEL,biwi_hotel,biwi_hotel:201,9590,3,3.5199975967407227,6.5558247566223145,1.6507574319839478,1.4705902338027954,0.5112611055374146,0.7244821190834045,1.625,2.84:-7.75;2.82:-7.15;2.86:-6.58;2.86:-6.04;2.79:-5.45;2.76:-4.87;2.65:-4.31;2.67:-3.65,2.65:-3.15;2.51:-2.62;2.54:-2.01;2.59:-1.45;2.57:-0.92;2.63:-0.36;2.63:0.19;2.54:0.72;2.55:1.32;2.58:1.71;2.4:2.31;2.49:2.87,2.736327:-3.703882;2.769448:-3.591111;2.773002:-3.812308;2.72432:-3.649387;2.681411:-3.643686;2.751962:-3.729222;2.417578:-3.603076;2.522764:-3.66205;2.404428:-3.454204;2.366016:-3.414274;2.376601:-3.603908;2.379967:-3.684901
sigma3_hotel_seed42,HOTEL:biwi_hotel:203:9590,HOTEL,biwi_hotel,biwi_hotel:203,9590,3,3.809781074523926,7.083546161651611,1.1918997764587402,1.2087547779083252,0.588610827922821,1.0827000141143799,0.875,0.94:4.05;1.04:3.55;0.95:3.07;0.91:2.62;0.93:2.13;0.85:1.67;0.83:1.17;0.75:0.7,0.58:0.17;0.6:-0.43;0.54:-0.97;0.59:-1.54;0.72:-2.08;0.76:-2.7;0.93:-3.24;0.97:-3.69;0.98:-4.37;1.11:-4.98;1.07:-5.54;1.11:-6.12,0.6722924:0.6680486;0.5682886:0.7417679;0.4881697:0.62371;0.3632896:0.725052;0.2234082:0.7325883;0.1376464:0.6911979;-0.164828:0.7524864;-0.1832389:0.7190205;-0.3710909:0.8917211;-0.461426:0.927973;-0.5783309:0.786;-0.6388656:0.7442623
sigma3_hotel_seed42,HOTEL:biwi_hotel:180:9600,HOTEL,biwi_hotel,biwi_hotel:180,9600,3,0.12044533342123032,0.18618376553058624,0.0,0.010101525112986565,0.0589255653321743,0.0,0.875,-1.09:-6.72;-1.09:-6.72;-1.09:-6.72;-1.09:-6.72;-1.09:-6.72;-1.11:-6.7;-1.11:-6.7;-1.11:-6.7,-1.11:-6.7;-1.11:-6.7;-1.11:-6.7;-1.11:-6.7;-1.11:-6.7;-1.11:-6.7;-1.11:-6.7;-1.11:-6.7;-1.11:-6.7;-1.11:-6.7;-1.11:-6.7;-1.11:-6.7,-1.152321:-6.705098;-1.188243:-6.7269;-1.162755:-6.671004;-1.187683:-6.702007;-1.193639:-6.701121;-1.268965:-6.663332;-1.209765:-6.711189;-1.256674:-6.682567;-1.275504:-6.701535;-1.258784:-6.703458;-1.296599:-6.70512;-1.294316:-6.673693
sigma3_hotel_seed42,HOTEL:biwi_hotel:185:9600,HOTEL,biwi_hotel,biwi_hotel:185,9600,3,0.4578986167907715,0.7719831466674805,0.1414213627576828,0.11842091381549835,0.4178357720375061,8.149422645568848,0.125,-0.88:-1.08;-0.86:-1.08;-0.91:-1;-0.91:-1.06;-0.94:-1.11;-0.94:-1.13;-0.92:-1.12;-0.88:-1.08,-0.89:-0.98;-0.94:-0.95;-0.95:-0.93;-0.9:-1.02;-0.89:-1.05;-0.9:-1.09;-0.9:-1.11;-0.92:-1.11;-0.95:-1.11;-0.96:-1.11;-0.94:-1.11;-0.94:-1.11,-0.8212439:-1.084457;-0.7588663:-1.095118;-0.6902409:-1.081104;-0.6263419:-1.109609;-0.5609218:-1.102316;-0.5051349:-1.097071;-0.4481047:-1.120402;-0.4058788:-1.153525;-0.3093269:-1.146213;-0.2580539:-1.146881;-0.2050272:-1.156747;-0.1695399:-1.158468
sigma3_hotel_seed42,HOTEL:biwi_hotel:203:9600,HOTEL,biwi_hotel,biwi_hotel:203,9600,3,4.286542892456055,7.81065559387207,1.3914920091629028,1.2254314422607422,0.5022741556167603,0.841746985912323,1.25,1.04:3.55;0.95:3.07;0.91:2.62;0.93:2.13;0.85:1.67;0.83:1.17;0.75:0.7;0.58:0.17,0.6:-0.43;0.54:-0.97;0.59:-1.54;0.72:-2.08;0.76:-2.7;0.93:-3.24;0.97:-3.69;0.98:-4.37;1.11:-4.98;1.07:-5.54;1.11:-6.12;1.1:-6.67,0.3327681:0.1460589;0.08394971:0.2314045;-0.1531888:0.1359735;-0.421142:0.2272509;-0.6821948:0.2680098;-0.8988114:0.2288071;-1.352405:0.3033557;-1.508378:0.2681792;-1.797159:0.4179384;-2.029818:0.4909471;-2.239285:0.3484271;-2.40007:0.3125391
sigma3_hotel_seed42,HOTEL:biwi_hotel:180:9610,HOTEL,biwi_hotel,biwi_hotel:180,9610,3,0.025058845058083534,0.011927157640457153,0.0,0.010101525112986565,0.0589255653321743,0.0,1.0,-1.09:-6.72;-1.09:-6.72;-1.09:-6.72;-1.09:-6.72;-1.11:-6.7;-1.11:-6.7;-1.11:-6.7;-1.11:-6.7,-1.11:-6.7;-1.11:-6.7;-1.11:-6.7;-1.11:-6.7;-1.11:-6.7;-1.11:-6.7;-1.11:-6.7;-1.11:-6.7;-1.11:-6.7;-1.11:-6.7;-1.11:-6.7;-1.11:-6.7,-1.124163:-6.701236;-1.143069:-6.711155;-1.130999:-6.689289;-1.140845:-6.699193;-1.129933:-6.703886;-1.164094:-6.691689;-1.122151:-6.702854;-1.142451:-6.689554;-1.13705:-6.705326;-1.107121:-6.717854;-1.1122:-6.717834;-1.098105:-6.700871
sigma3_hotel_seed42,HOTEL:biwi_hotel:185:9610,HOTEL,biwi_hotel,biwi_hotel:185,9610,3,0.1919892430305481,0.33471959829330444,0.2512468993663788,0.14717046916484833,0.3884618580341339,6.905093669891357,0.25,-0.86:-1.08;-0.91:-1;-0.91:-1.06;-0.94:-1.11;-0.94:-1.13;-0.92:-1.12;-0.88:-1.08;-0.89:-0.98,-0.94:-0.95;-0.95:-0.93;-0.9:-1.02;-0.89:-1.05;-0.9:-1.09;-0.9:-1.11;-0.92:-1.11;-0.95:-1.11;-0.96:-1.11;-0.94:-1.11;-0.94:-1.11;-0.94:-1.11,-0.9387689:-0.985517;-0.9668571:-0.9922711;-0.9726914:-0.9648689;-0.9917347:-0.9807608;-1.043034:-0.9682247;-1.08781:-0.964478;-1.086326:-1.005554;-1.116388:-0.9991277;-1.145721:-0.9637501;-1.182897:-0.9597547;-1.214513:-0.963799;-1.247185:-0.9770547
sigma3_hotel_seed42,HOTEL:biwi_hotel:203:9610,HOTEL,biwi_hotel,biwi_hotel:203,9610,3,3.6802070140838623,6.854024887084961,1.5008331537246704,1.2654203176498413,0.652456521987915,1.0887633562088013,1.125,0.95:3.07;0.91:2.62;0.93:2.13;0.85:1.67;0.83:1.17;0.75:0.7;0.58:0.17;0.6:-0.43,0.54:-0.97;0.59:-1.54;0.72:-2.08;0.76:-2.7;0.93:-3.24;0.97:-3.69;0.98:-4.37;1.11:-4.98;1.07:-5.54;1.11:-6.12;1.1:-6.67;0.96:-7.35,0.7368261:-0.4861796;0.846808:-0.3863436;0.9307286:-0.5932378;0.9615594:-0.4507448;0.9640105:-0.4421749;1.102825:-0.5089018;0.8548963:-0.4289767;1.032345:-0.4925873;0.966454:-0.2626414;0.9727058:-0.2386239;1.042409:-0.4002653;1.087709:-0.4971647
sigma3_hotel_seed42,HOTEL:biwi_hotel:204:9610,HOTEL,biwi_hotel,biwi_hotel:204,9610,3,0.3804596960544586,0.7190260291099548,0.36055514216423035,0.47912347316741943,1.0337287187576294,1.923852562904358,2.125,-0.12:-5.85;-0.12:-5.85;-0.43:-6.03;-0.62:-6.04;-0.9:-5.92;-1.1:-5.88;-1.24:-5.88;-1.36:-5.8,-1.45:-5.69;-1.46:-5.68;-1.46:-5.68;-1.44:-5.68;-1.44:-5.68;-1.44:-5.68;-1.44:-5.68;-1.44:-5.68;-1.44:-5.68;-1.44:-5.68;-1.44:-5.68;-1.44:-5.68,-1.452238:-5.803045;-1.518059:-5.810683;-1.557874:-5.774597;-1.60955:-5.793129;-1.709006:-5.778613;-1.794675:-5.765617;-1.814371:-5.820462;-1.87464:-5.813033;-1.943148:-5.763642;-2.017469:-5.763528;-2.086903:-5.75448;-2.152636:-5.775647
sigma3_hotel_seed42,HOTEL:biwi_hotel:180:9620,HOTEL,biwi_hotel,biwi_hotel:180,9620,3,0.030507588759064674,0.038259223103523254,0.0,0.010101525112986565,0.0589255653321743,0.0,1.0,-1.09:-6.72;-1.09:-6.72;-1.09:-6.72;-1.11:-6.7;-1.11:-6.7;-1.11:-6.7;-1.11:-6.7;-1.11:-6.7,-1.11:-6.7;-1.11:-6.7;-1.11:-6.7;-1.11:-6.7;-1.11:-6.7;-1.11:-6.7;-1.11:-6.7;-1.11:-6.7;-1.11:-6.7;-1.11:-6.7;-1.11:-6.7;-1.11:-6.7,-1.111404:-6.698318;-1.120342:-6.696232;-1.136818:-6.707002;-1.144769:-6.701766;-1.137851:-6.705482;-1.138475:-6.716362;-1.147712:-6.701723;-1.156897:-6.711868;-1.138792:-6.718496;-1.133129:-6.729115;-1.123409:-6.730529;-1.128889:-6.733271
sigma3_hotel_seed42,HOTEL:biwi_hotel:185:9620,HOTEL,biwi_hotel,biwi_hotel:185,9620,3,0.562693178653717,1.0096113681793213,0.14577379822731018,0.1343025118112564,0.31758883595466614,5.252808570861816,0.375,-0.91:-1;-0.91:-1.06;-0.94:-1.11;-0.94:-1.13;-0.92:-1.12;-0.88:-1.08;-0.89:-0.98;-0.94:-0.95,-0.95:-0.93;-0.9:-1.02;-0.89:-1.05;-0.9:-1.09;-0.9:-1.11;-0.92:-1.11;-0.95:-1.11;-0.96:-1.11;-0.94:-1.11;-0.94:-1.11;-0.94:-1.11;-0.94:-1.11,-1.037309:-0.9529092;-1.116713:-0.9594461;-1.186524:-0.9313992;-1.263133:-0.9535412;-1.347368:-0.9330953;-1.431026:-0.9297734;-1.493559:-0.9532214;-1.595895:-0.9611867;-1.652329:-0.9596969;-1.756058:-0.9342309;-1.83941:-0.9385267;-1.9334:-0.929801
sigma3_hotel_seed42,HOTEL:biwi_hotel:203:9620,HOTEL,biwi_hotel,biwi_hotel:203,9620,3,3.8842222690582275,7.207955360412598,1.3583077192306519,1.2981163263320923,0.6815075278282166,1.1032919883728027,1.125,0.91:2.62;0.93:2.13;0.85:1.67;0.83:1.17;0.75:0.7;0.58:0.17;0.6:-0.43;0.54:-0.97,0.59:-1.54;0.72:-2.08;0.76:-2.7;0.93:-3.24;0.97:-3.69;0.98:-4.37;1.11:-4.98;1.07:-5.54;1.11:-6.12;1.1:-6.67;0.96:-7.35;0.98:-8,0.5096305:-1.010501;0.4454945:-0.9182017;0.3847432:-1.083708;0.2751415:-0.9499261;0.1684101:-0.9478272;0.1314656:-1.01339;-0.1989932:-0.9115884;-0.1817496:-0.9529929;-0.3516657:-0.772211;-0.4234437:-0.7325983;-0.5035259:-0.90317;-0.5442575:-0.9550544
sigma3_hotel_seed42,HOTEL:biwi_hotel:204:9620,HOTEL,biwi_hotel,biwi_hotel:204,9620,3,0.5262671113014221,0.9571905732154846,0.35531675815582275,0.5298830270767212,0.7045177221298218,2.220916748046875,2.0,-0.12:-5.85;-0.43:-6.03;-0.62:-6.04;-0.9:-5.92;-1.1:-5.88;-1.24:-5.88;-1.36:-5.8;-1.45:-5.69,-1.46:-5.68;-1.46:-5.68;-1.44:-5.68;-1.44:-5.68;-1.44:-5.68;-1.44:-5.68;-1.44:-5.68;-1.44:-5.68;-1.44:-5.68;-1.44:-5.68;-1.44:-5.68;-1.44:-5.68,-1.554736:-5.694983;-1.632882:-5.698381;-1.680494:-5.668468;-1.745284:-5.672986;-1.864825:-5.663788;-1.963972:-5.65376;-1.996694:-5.706959;-2.059791:-5.682442;-2.160696:-5.625879;-2.243533:-5.626629;-2.325099:-5.619298;-2.396578:-5.645754
sigma3_hotel_seed42,HOTEL:biwi_hotel:180:9630,HOTEL,biwi_hotel,biwi_hotel:180,9630,3,0.04915810003876686,0.12174887955188751,0.0,0.010101525112986565,0.0589255653321743,0.0,1.0,-1.09:-6.72;-1.09:-6.72;-1.11:-6.7;-1.11:-6.7;-1.11:-6.7;-1.11:-6.7;-1.11:-6.7;-1.11:-6.7,-1.11:-6.7;-1.11:-6.7;-1.11:-6.7;-1.11:-6.7;-1.11:-6.7;-1.11:-6.7;-1.11:-6.7;-1.11:-6.7;-1.11:-6.7;-1.11:-6.7;-1.11:-6.7;-1.11:-6.7,-1.098287:-6.698038;-1.096161:-6.69449;-1.10338:-6.71018;-1.101028:-6.699425;-1.084468:-6.707034;-1.074493:-6.718334;-1.071185:-6.699218;-1.065839:-6.704926;-1.043921:-6.710856;-1.023:-6.727783;-1.001031:-6.726929;-0.9922668:-6.731011
sigma3_hotel_seed42,HOTEL:biwi_hotel:185:9630,HOTEL,biwi_hotel,biwi_hotel:185,9630,3,0.27119341492652893,0.4037230610847473,0.055901698768138885,0.12085989117622375,0.3275974690914154,5.279118061065674,0.5,-0.91:-1.06;-0.94:-1.11;-0.94:-1.13;-0.92:-1.12;-0.88:-1.08;-0.89:-0.98;-0.94:-0.95;-0.95:-0.93,-0.9:-1.02;-0.89:-1.05;-0.9:-1.09;-0.9:-1.11;-0.92:-1.11;-0.95:-1.11;-0.96:-1.11;-0.94:-1.11;-0.94:-1.11;-0.94:-1.11;-0.94:-1.11;-0.94:-1.11,-0.9874599:-0.9320016;-1.018374:-0.9386211;-1.040918:-0.9243584;-1.075501:-0.9394166;-1.095861:-0.933683;-1.135032:-0.9263592;-1.161256:-0.9455505;-1.207496:-0.9534146;-1.210662:-0.9610642;-1.245174:-0.9556939;-1.271512:-0.9599738;-1.314257:-0.9585937
sigma3_hotel_seed42,HOTEL:biwi_hotel:203:9630,HOTEL,biwi_hotel,biwi_hotel:203,9630,3,3.74908447265625,6.975320339202881,1.4304718971252441,1.3273236751556396,0.6915225982666016,1.088460087776184,1.375,0.93:2.13;0.85:1.67;0.83:1.17;0.75:0.7;0.58:0.17;0.6:-0.43;0.54:-0.97;0.59:-1.54,0.72:-2.08;0.76:-2.7;0.93:-3.24;0.97:-3.69;0.98:-4.37;1.11:-4.98;1.07:-5.54;1.11:-6.12;1.1:-6.67;0.96:-7.35;0.98:-8;0.93:-8.56,0.6849169:-1.59043;0.7484407:-1.49812;0.8015374:-1.685808;0.8017528:-1.550172;0.7774262:-1.548211;0.8652273:-1.610866;0.6155474:-1.532292;0.7511704:-1.586325;0.6601709:-1.370885;0.656844:-1.347571;0.6806801:-1.507611;0.7069963:-1.588246
sigma3_hotel_seed42,HOTEL:biwi_hotel:204:9630,HOTEL,biwi_hotel,biwi_hotel:204,9630,3,0.09461436420679092,0.19690556824207306,0.0353553406894207,0.40690913796424866,0.6211593747138977,1.8471020460128784,1.75,-0.43:-6.03;-0.62:-6.04;-0.9:-5.92;-1.1:-5.88;-1.24:-5.88;-1.36:-5.8;-1.45:-5.69;-1.46:-5.68,-1.46:-5.68;-1.44:-5.68;-1.44:-5.68;-1.44:-5.68;-1.44:-5.68;-1.44:-5.68;-1.44:-5.68;-1.44:-5.68;-1.44:-5.68;-1.44:-5.68;-1.44:-5.68;-1.44:-5.68,-1.469471:-5.682559;-1.474323:-5.686079;-1.479275:-5.685128;-1.495823:-5.691297;-1.503639:-5.690062;-1.520265:-5.694832;-1.539285:-5.70789;-1.56653:-5.713874;-1.557184:-5.7056;-1.578578:-5.706589;-1.59017:-5.722305;-1.6315:-5.725823
sigma3_hotel_seed42,HOTEL:biwi_hotel:180:9640,HOTEL,biwi_hotel,biwi_hotel:180,9640,3,0.0921684131026268,0.1601654440164566,0.0,0.010101525112986565,0.02946278266608715,0.0,1.0,-1.09:-6.72;-1.11:-6.7;-1.11:-6.7;-1.11:-6.7;-1.11:-6.7;-1.11:-6.7;-1.11:-6.7;-1.11:-6.7,-1.11:-6.7;-1.11:-6.7;-1.11:-6.7;-1.11:-6.7;-1.11:-6.7;-1.11:-6.7;-1.11:-6.7;-1.11:-6.7;-1.11:-6.7;-1.11:-6.7;-1.11:-6.7;-1.11:-6.7,-1.08877:-6.699667;-1.073227:-6.698546;-1.06843:-6.711945;-1.057411:-6.707523;-1.039552:-6.710725;-1.021263:-6.727485;-1.020954:-6.719707;-1.01585:-6.729167;-0.9838545:-6.719895;-0.9706185:-6.733099;-0.9492268:-6.743525;-0.9573622:-6.748525
sigma3_hotel_seed42,HOTEL:biwi_hotel:185:9640,HOTEL,biwi_hotel,biwi_hotel:185,9640,3,0.14750893414020538,0.1972099095582962,0.2573907673358917,0.13680517673492432,0.4139237403869629,7.836840629577637,0.625,-0.94:-1.11;-0.94:-1.13;-0.92:-1.12;-0.88:-1.08;-0.89:-0.98;-0.94:-0.95;-0.95:-0.93;-0.9:-1.02,-0.89:-1.05;-0.9:-1.09;-0.9:-1.11;-0.92:-1.11;-0.95:-1.11;-0.96:-1.11;-0.94:-1.11;-0.94:-1.11;-0.94:-1.11;-0.94:-1.11;-0.94:-1.11;-0.94:-1.11,-0.8920577:-1.032034;-0.8693528:-1.029174;-0.8322831:-1.030032;-0.8157449:-1.024798;-0.8178632:-1.022404;-0.8116418:-1.040372;-0.7936167:-1.048108;-0.780454:-1.040636;-0.7738566:-1.011916;-0.7683078:-0.9988201;-0.7613224:-1.033235;-0.7530202:-1.047308
sigma3_hotel_seed42,HOTEL:biwi_hotel:203:9640,HOTEL,biwi_hotel,biwi_hotel:203,9640,3,3.784266710281372,7.067969799041748,1.3885693550109863,1.3589390516281128,0.7054070234298706,1.1049978733062744,1.625,0.85:1.67;0.83:1.17;0.75:0.7;0.58:0.17;0.6:-0.43;0.54:-0.97;0.59:-1.54;0.72:-2.08,0.76:-2.7;0.93:-3.24;0.97:-3.69;0.98:-4.37;1.11:-4.98;1.07:-5.54;1.11:-6.12;1.1:-6.67;0.96:-7.35;0.98:-8;0.93:-8.56;0.94:-9.19,0.8866141:-2.129527;1.027527:-2.060522;1.173335:-2.215384;1.265471:-2.112669;1.286864:-2.111913;1.436226:-2.145871;1.307479:-2.133055;1.517153:-2.18656;1.482973:-1.948793;1.537082:-1.948946;1.612596:-2.069414;1.684964:-2.161399
sigma3_hotel_seed42,HOTEL:biwi_hotel:204:9640,HOTEL,biwi_hotel,biwi_hotel:204,9640,3,0.10813716799020767,0.1830775886774063,0.0,0.33895808458328247,0.47118881344795227,1.38962721824646,1.75,-0.62:-6.04;-0.9:-5.92;-1.1:-5.88;-1.24:-5.88;-1.36:-5.8;-1.45:-5.69;-1.46:-5.68;-1.46:-5.68,-1.44:-5.68;-1.44:-5.68;-1.44:-5.68;-1.44:-5.68;-1.44:-5.68;-1.44:-5.68;-1.44:-5.68;-1.44:-5.68;-1.44:-5.68;-1.44:-5.68;-1.44:-5.68;-1.44:-5.68,-1.469724:-5.677102;-1.480677:-5.675119;-1.513001:-5.683887;-1.522991:-5.687666;-1.530516:-5.681727;-1.524206:-5.689822;-1.566875:-5.686081;-1.581005:-5.709378;-1.566221:-5.71175;-1.594414:-5.70998;-1.591125:-5.706756;-1.619803:-5.714474
sigma3_hotel_seed42,HOTEL:biwi_hotel:180:9650,HOTEL,biwi_hotel,biwi_hotel:180,9650,3,0.023230673745274544,0.05533492565155029,0.0,0.0,0.0,0.0,1.0,-1.11:-6.7;-1.11:-6.7;-1.11:-6.7;-1.11:-6.7;-1.11:-6.7;-1.11:-6.7;-1.11:-6.7;-1.11:-6.7,-1.11:-6.7;-1.11:-6.7;-1.11:-6.7;-1.11:-6.7;-1.11:-6.7;-1.11:-6.7;-1.11:-6.7;-1.11:-6.7;-1.11:-6.7;-1.11:-6.7;-1.11:-6.7;-1.11:-6.7,-1.118052:-6.700444;-1.133856:-6.707575;-1.12481:-6.693784;-1.132192:-6.698163;-1.11715:-6.7047;-1.143136:-6.698979;-1.104048:-6.700711;-1.119202:-6.690154;-1.108418:-6.705661;-1.074291:-6.721216;-1.072222:-6.721396;-1.055164:-6.707412
sigma3_hotel_seed42,HOTEL:biwi_hotel:185:9650,HOTEL,biwi_hotel,biwi_hotel:185,9650,3,0.08363743871450424,0.0883282944560051,0.07905694097280502,0.14095616340637207,0.45148158073425293,5.987744331359863,0.625,-0.94:-1.13;-0.92:-1.12;-0.88:-1.08;-0.89:-0.98;-0.94:-0.95;-0.95:-0.93;-0.9:-1.02;-0.89:-1.05,-0.9:-1.09;-0.9:-1.11;-0.92:-1.11;-0.95:-1.11;-0.96:-1.11;-0.94:-1.11;-0.94:-1.11;-0.94:-1.11;-0.94:-1.11;-0.94:-1.11;-0.94:-1.11;-0.94:-1.11,-0.8958161:-1.051207;-0.8942916:-1.062228;-0.8850533:-1.038364;-0.8757219:-1.066296;-0.8699679:-1.051217;-0.872062:-1.051751;-0.8549207:-1.076449;-0.8725153:-1.092514;-0.8390392:-1.085382;-0.8452361:-1.082731;-0.8410147:-1.087128;-0.8566914:-1.080648
sigma3_hotel_seed42,HOTEL:biwi_hotel:203:9650,HOTEL,biwi_hotel,biwi_hotel:203,9650,3,3.797122001647949,7.0930705070495605,1.553222417831421,1.4021137952804565,0.7609631419181824,1.1481980085372925,1.75,0.83:1.17;0.75:0.7;0.58:0.17;0.6:-0.43;0.54:-0.97;0.59:-1.54;0.72:-2.08;0.76:-2.7,0.93:-3.24;0.97:-3.69;0.98:-4.37;1.11:-4.98;1.07:-5.54;1.11:-6.12;1.1:-6.67;0.96:-7.35;0.98:-8;0.93:-8.56;0.94:-9.19;0.93:-9.81,0.8217245:-2.751817;0.8493652:-2.6442;0.8541583:-2.855529;0.8068192:-2.698449;0.7607042:-2.695374;0.8221493:-2.776484;0.5016246:-2.658401;0.6024232:-2.713972;0.4827196:-2.507655;0.4484922:-2.470992;0.4502235:-2.655894;0.4528641:-2.732996
sigma3_hotel_seed42,HOTEL:biwi_hotel:204:9650,HOTEL,biwi_hotel,biwi_hotel:204,9650,3,0.10391334444284439,0.19076697528362274,0.05000000074505806,0.23730416595935822,0.37417101860046387,3.538325548171997,1.75,-0.9:-5.92;-1.1:-5.88;-1.24:-5.88;-1.36:-5.8;-1.45:-5.69;-1.46:-5.68;-1.46:-5.68;-1.44:-5.68,-1.44:-5.68;-1.44:-5.68;-1.44:-5.68;-1.44:-5.68;-1.44:-5.68;-1.44:-5.68;-1.44:-5.68;-1.44:-5.68;-1.44:-5.68;-1.44:-5.68;-1.44:-5.68;-1.44:-5.68,-1.410971:-5.677364;-1.39299:-5.670285;-1.397997:-5.699488;-1.386659:-5.683962;-1.366137:-5.692147;-1.337712:-5.717743;-1.348855:-5.692455;-1.335036:-5.707187;-1.299297:-5.698098;-1.282527:-5.714902;-1.253872:-5.726255;-1.25826:-5.737988
sigma3_hotel_seed42,HOTEL:biwi_hotel:180:9660,HOTEL,biwi_hotel,biwi_hotel:180,9660,3,0.023230792954564095,0.05533575266599655,0.0,0.0,0.0,0.0,1.0,-1.11:-6.7;-1.11:-6.7;-1.11:-6.7;-1.11:-6.7;-1.11:-6.7;-1.11:-6.7;-1.11:-6.7;-1.11:-6.7,-1.11:-6.7;-1.11:-6.7;-1.11:-6.7;-1.11:-6.7;-1.11:-6.7;-1.11:-6.7;-1.11:-6.7;-1.11:-6.7;-1.11:-6.7;-1.11:-6.7;-1.11:-6.7;-1.11:-6.7,-1.118052:-6.700444;-1.133855:-6.707574;-1.12481:-6.693784;-1.132192:-6.698163;-1.11715:-6.7047;-1.143136:-6.698979;-1.104048:-6.700711;-1.119202:-6.690154;-1.108418:-6.705661;-1.07429:-6.721216;-1.072221:-6.721397;-1.055163:-6.707412
sigma3_hotel_seed42,HOTEL:biwi_hotel:185:9660,HOTEL,biwi_hotel,biwi_hotel:185,9660,3,0.15185260772705078,0.23370039463043213,0.10307764261960983,0.14769558608531952,0.4372161328792572,6.232723236083984,0.625,-0.92:-1.12;-0.88:-1.08;-0.89:-0.98;-0.94:-0.95;-0.95:-0.93;-0.9:-1.02;-0.89:-1.05;-0.9:-1.09,-0.9:-1.11;-0.92:-1.11;-0.95:-1.11;-0.96:-1.11;-0.94:-1.11;-0.94:-1.11;-0.94:-1.11;-0.94:-1.11;-0.94:-1.11;-0.94:-1.11;-0.94:-1.11;-0.94:-1.11,-0.8662695:-1.088073;-0.8435952:-1.079316;-0.8470379:-1.113491;-0.8340252:-1.093837;-0.8143034:-1.10296;-0.7818484:-1.133744;-0.7949579:-1.104637;-0.7798372:-1.117923;-0.7456074:-1.103658;-0.7301186:-1.120782;-0.701546:-1.136876;-0.7095922:-1.149091
sigma3_hotel_seed42,HOTEL:biwi_hotel:204:9660,HOTEL,biwi_hotel,biwi_hotel:204,9660,3,0.026024693623185158,0.0529114194214344,0.0,0.16446103155612946,0.3198886811733246,3.3409299850463867,1.75,-1.1:-5.88;-1.24:-5.88;-1.36:-5.8;-1.45:-5.69;-1.46:-5.68;-1.46:-5.68;-1.44:-5.68;-1.44:-5.68,-1.44:-5.68;-1.44:-5.68;-1.44:-5.68;-1.44:-5.68;-1.44:-5.68;-1.44:-5.68;-1.44:-5.68;-1.44:-5.68;-1.44:-5.68;-1.44:-5.68;-1.44:-5.68;-1.44:-5.68,-1.4374:-5.678447;-1.439537:-5.677158;-1.452328:-5.688322;-1.458602:-5.686284;-1.452187:-5.688935;-1.449957:-5.699767;-1.466774:-5.692739;-1.475042:-5.706758;-1.451461:-5.706644;-1.452942:-5.715251;-1.443602:-5.72127;-1.46034:-5.728846
sigma3_hotel_seed42,HOTEL:biwi_hotel:206:9660,HOTEL,biwi_hotel,biwi_hotel:206,9660,3,4.032985210418701,7.637457370758057,1.7016535997390747,1.397027850151062,0.49745702743530273,0.5724747776985168,1.5,1.26:3.88;1.24:3.45;1.16:2.94;1.14:2.42;1.08:1.84;1.11:1.24;1.1:0.66;1.13:-0.02,1.26:-0.53;1.29:-1.2;1.45:-1.82;1.55:-2.44;1.7:-3.03;1.87:-3.61;2:-4.29;2.26:-4.91;2.6:-5.41;3.03:-5.99;3.4:-6.47;4:-7.19,1.239399:-0.07959849;1.320241:0.04019441;1.356282:-0.1994356;1.339847:-0.03037789;1.324489:-0.01808005;1.447016:-0.1070616;1.11676:0.01910338;1.264993:-0.04942258;1.17277:0.1732363;1.144969:0.2134342;1.202244:0.02305203;1.225422:-0.0743501
sigma3_hotel_seed42,HOTEL:biwi_hotel:180:9670,HOTEL,biwi_hotel,biwi_hotel:180,9670,3,0.023230725899338722,0.05533652380108833,0.0,0.0,0.0,0.0,1.0,-1.11:-6.7;-1.11:-6.7;-1.11:-6.7;-1.11:-6.7;-1.11:-6.7;-1.11:-6.7;-1.11:-6.7;-1.11:-6.7,-1.11:-6.7;-1.11:-6.7;-1.11:-6.7;-1.11:-6.7;-1.11:-6.7;-1.11:-6.7;-1.11:-6.7;-1.11:-6.7;-1.11:-6.7;-1.11:-6.7;-1.11:-6.7;-1.11:-6.7,-1.118052:-6.700444;-1.133855:-6.707574;-1.124809:-6.693784;-1.132191:-6.698163;-1.11715:-6.7047;-1.143135:-6.698979;-1.104048:-6.700711;-1.119201:-6.690154;-1.108417:-6.705661;-1.07429:-6.721216;-1.07222:-6.721397;-1.055162:-6.707412
sigma3_hotel_seed42,HOTEL:biwi_hotel:185:9670,HOTEL,biwi_hotel,biwi_hotel:185,9670,3,0.18932907283306122,0.348956823348999,0.05000000074505806,0.13463538885116577,0.37915173172950745,5.592635154724121,0.625,-0.88:-1.08;-0.89:-0.98;-0.94:-0.95;-0.95:-0.93;-0.9:-1.02;-0.89:-1.05;-0.9:-1.09;-0.9:-1.11,-0.92:-1.11;-0.95:-1.11;-0.96:-1.11;-0.94:-1.11;-0.94:-1.11;-0.94:-1.11;-0.94:-1.11;-0.94:-1.11;-0.94:-1.11;-0.94:-1.11;-0.94:-1.11;-0.97:-1.03,-0.8605083:-1.107322;-0.8340843:-1.097527;-0.8365198:-1.134862;-0.8185248:-1.1132;-0.7940467:-1.123213;-0.7547161:-1.15618;-0.7655557:-1.122989;-0.7440385:-1.137725;-0.7050828:-1.123428;-0.6836073:-1.142753;-0.6486043:-1.157614;-0.6507039:-1.170786
sigma3_hotel_seed42,HOTEL:biwi_hotel:204:9670,HOTEL,biwi_hotel,biwi_hotel:204,9670,3,0.02502778358757496,0.0508856400847435,0.0,0.1144610345363617,0.2339906543493271,2.752927303314209,1.75,-1.24:-5.88;-1.36:-5.8;-1.45:-5.69;-1.46:-5.68;-1.46:-5.68;-1.44:-5.68;-1.44:-5.68;-1.44:-5.68,-1.44:-5.68;-1.44:-5.68;-1.44:-5.68;-1.44:-5.68;-1.44:-5.68;-1.44:-5.68;-1.44:-5.68;-1.44:-5.68;-1.44:-5.68;-1.44:-5.68;-1.44:-5.68;-1.44:-5.68,-1.436818:-5.678301;-1.438719:-5.676787;-1.451838:-5.688515;-1.457575:-5.68612;-1.450634:-5.688856;-1.447417:-5.700068;-1.464277:-5.692183;-1.47174:-5.706573;-1.447591:-5.70664;-1.448423:-5.715499;-1.438205:-5.721174;-1.454071:-5.728901
sigma3_hotel_seed42,HOTEL:biwi_hotel:180:9680,HOTEL,biwi_hotel,biwi_hotel:180,9680,3,0.023230748251080513,0.055338770151138306,0.0,0.0,0.0,0.0,1.0,-1.11:-6.7;-1.11:-6.7;-1.11:-6.7;-1.11:-6.7;-1.11:-6.7;-1.11:-6.7;-1.11:-6.7;-1.11:-6.7,-1.11:-6.7;-1.11:-6.7;-1.11:-6.7;-1.11:-6.7;-1.11:-6.7;-1.11:-6.7;-1.11:-6.7;-1.11:-6.7;-1.11:-6.7;-1.11:-6.7;-1.11:-6.7;-1.11:-6.7,-1.118051:-6.700444;-1.133854:-6.707574;-1.124809:-6.693785;-1.13219:-6.698163;-1.117149:-6.7047;-1.143133:-6.69898;-1.104046:-6.700711;-1.119199:-6.690154;-1.108415:-6.70566;-1.074288:-6.721216;-1.072218:-6.721396;-1.05516:-6.707412
sigma3_hotel_seed42,HOTEL:biwi_hotel:185:9680,HOTEL,biwi_hotel,biwi_hotel:185,9680,3,0.1621243804693222,0.3526456356048584,0.05000000074505806,0.1058858335018158,0.3246326744556427,6.232723236083984,0.5,-0.89:-0.98;-0.94:-0.95;-0.95:-0.93;-0.9:-1.02;-0.89:-1.05;-0.9:-1.09;-0.9:-1.11;-0.92:-1.11,-0.95:-1.11;-0.96:-1.11;-0.94:-1.11;-0.94:-1.11;-0.94:-1.11;-0.94:-1.11;-0.94:-1.11;-0.94:-1.11;-0.94:-1.11;-0.94:-1.11;-0.97:-1.03;-0.92:-1.1,-0.9485918:-1.109063;-0.9723848:-1.110648;-1.009464:-1.108534;-1.034902:-1.119736;-1.057638:-1.10998;-1.072142:-1.111136;-1.123117:-1.120691;-1.157923:-1.140101;-1.157774:-1.143513;-1.206157:-1.134149;-1.222749:-1.133399;-1.270658:-1.137393
sigma3_hotel_seed42,HOTEL:biwi_hotel:204:9680,HOTEL,biwi_hotel,biwi_hotel:204,9680,3,0.1830071210861206,0.32816600799560547,0.0,0.0629531592130661,0.18979647755622864,2.4558632373809814,1.875,-1.36:-5.8;-1.45:-5.69;-1.46:-5.68;-1.46:-5.68;-1.44:-5.68;-1.44:-5.68;-1.44:-5.68;-1.44:-5.68,-1.44:-5.68;-1.44:-5.68;-1.44:-5.68;-1.44:-5.68;-1.44:-5.68;-1.44:-5.68;-1.44:-5.68;-1.44:-5.68;-1.44:-5.68;-1.44:-5.68;-1.44:-5.68;-1.44:-5.68,-1.39161:-5.676568;-1.359098:-5.664445;-1.360602:-5.70857;-1.336372:-5.682009;-1.306548:-5.693873;-1.257199:-5.732078;-1.266842:-5.69113;-1.236934:-5.7072;-1.193044:-5.691046;-1.164704:-5.713382;-1.121869:-5.728714;-1.118048:-5.743558
sigma3_hotel_seed42,HOTEL:biwi_hotel:180:9690,HOTEL,biwi_hotel,biwi_hotel:180,9690,3,0.023230774328112602,0.05533935874700546,0.0,0.0,0.0,0.0,1.0,-1.11:-6.7;-1.11:-6.7;-1.11:-6.7;-1.11:-6.7;-1.11:-6.7;-1.11:-6.7;-1.11:-6.7;-1.11:-6.7,-1.11:-6.7;-1.11:-6.7;-1.11:-6.7;-1.11:-6.7;-1.11:-6.7;-1.11:-6.7;-1.11:-6.7;-1.11:-6.7;-1.11:-6.7;-1.11:-6.7;-1.11:-6.7;-1.11:-6.7,-1.118051:-6.700444;-1.133854:-6.707574;-1.124809:-6.693785;-1.13219:-6.698163;-1.117149:-6.7047;-1.143133:-6.69898;-1.104046:-6.700711;-1.119199:-6.690154;-1.108415:-6.70566;-1.074287:-6.721216;-1.072218:-6.721396;-1.055159:-6.707412
sigma3_hotel_seed42,HOTEL:biwi_hotel:185:9690,HOTEL,biwi_hotel,biwi_hotel:185,9690,3,0.32971739768981934,0.6477492451667786,0.07500000298023224,0.0957752913236618,0.29210031032562256,5.665993690490723,0.375,-0.94:-0.95;-0.95:-0.93;-0.9:-1.02;-0.89:-1.05;-0.9:-1.09;-0.9:-1.11;-0.92:-1.11;-0.95:-1.11,-0.96:-1.11;-0.94:-1.11;-0.94:-1.11;-0.94:-1.11;-0.94:-1.11;-0.94:-1.11;-0.94:-1.11;-0.94:-1.11;-0.94:-1.11;-0.97:-1.03;-0.92:-1.1;-0.92:-1.11,-1.00621:-1.112515;-1.049596:-1.119609;-1.090158:-1.10144;-1.140134:-1.122054;-1.182909:-1.109056;-1.232491:-1.100244;-1.289109:-1.128053;-1.355525:-1.139071;-1.376078:-1.144805;-1.447792:-1.126791;-1.494132:-1.131985;-1.567439:-1.130047
sigma3_hotel_seed42,HOTEL:biwi_hotel:204:9690,HOTEL,biwi_hotel,biwi_hotel:204,9690,3,0.04128780961036682,0.04662798345088959,0.0,0.012193620204925537,0.05639805644750595,2.356194496154785,1.875,-1.45:-5.69;-1.46:-5.68;-1.46:-5.68;-1.44:-5.68;-1.44:-5.68;-1.44:-5.68;-1.44:-5.68;-1.44:-5.68,-1.44:-5.68;-1.44:-5.68;-1.44:-5.68;-1.44:-5.68;-1.44:-5.68;-1.44:-5.68;-1.44:-5.68;-1.44:-5.68;-1.44:-5.68;-1.44:-5.68;-1.44:-5.68;-1.44:-5.68,-1.448658:-5.679492;-1.462922:-5.681974;-1.471497:-5.680711;-1.483132:-5.682116;-1.476396:-5.685384;-1.490906:-5.687884;-1.48618:-5.684174;-1.502617:-5.687637;-1.488194:-5.69793;-1.478212:-5.708372;-1.475068:-5.709285;-1.478362:-5.706505
sigma3_hotel_seed42,HOTEL:biwi_hotel:180:9700,HOTEL,biwi_hotel,biwi_hotel:180,9700,3,0.023230919614434242,0.05533711612224579,0.0,0.0,0.0,0.0,1.0,-1.11:-6.7;-1.11:-6.7;-1.11:-6.7;-1.11:-6.7;-1.11:-6.7;-1.11:-6.7;-1.11:-6.7;-1.11:-6.7,-1.11:-6.7;-1.11:-6.7;-1.11:-6.7;-1.11:-6.7;-1.11:-6.7;-1.11:-6.7;-1.11:-6.7;-1.11:-6.7;-1.11:-6.7;-1.11:-6.7;-1.11:-6.7;-1.11:-6.7,-1.118052:-6.700444;-1.133855:-6.707574;-1.12481:-6.693784;-1.132191:-6.698163;-1.11715:-6.7047;-1.143135:-6.698979;-1.104047:-6.700711;-1.119201:-6.690154;-1.108417:-6.705661;-1.074289:-6.721216;-1.07222:-6.721397;-1.055162:-6.707412
sigma3_hotel_seed42,HOTEL:biwi_hotel:185:9700,HOTEL,biwi_hotel,biwi_hotel:185,9700,3,0.12493377923965454,0.2208521068096161,0.02500000037252903,0.09136076271533966,0.18241319060325623,2.567852258682251,0.25,-0.95:-0.93;-0.9:-1.02;-0.89:-1.05;-0.9:-1.09;-0.9:-1.11;-0.92:-1.11;-0.95:-1.11;-0.96:-1.11,-0.94:-1.11;-0.94:-1.11;-0.94:-1.11;-0.94:-1.11;-0.94:-1.11;-0.94:-1.11;-0.94:-1.11;-0.94:-1.11;-0.97:-1.03;-0.92:-1.1;-0.92:-1.11;-0.92:-1.11,-0.9724705:-1.107832;-0.9859044:-1.10659;-1.016256:-1.113678;-1.02997:-1.117423;-1.038003:-1.112726;-1.03826:-1.119955;-1.077141:-1.117224;-1.095314:-1.137882;-1.082108:-1.141017;-1.108468:-1.140035;-1.10857:-1.138951;-1.137938:-1.145758
sigma3_hotel_seed42,HOTEL:biwi_hotel:204:9700,HOTEL,biwi_hotel,biwi_hotel:204,9700,3,0.029705120250582695,0.08997199684381485,0.0,0.0071428571827709675,0.0416666679084301,0.0,1.75,-1.46:-5.68;-1.46:-5.68;-1.44:-5.68;-1.44:-5.68;-1.44:-5.68;-1.44:-5.68;-1.44:-5.68;-1.44:-5.68,-1.44:-5.68;-1.44:-5.68;-1.44:-5.68;-1.44:-5.68;-1.44:-5.68;-1.44:-5.68;-1.44:-5.68;-1.44:-5.68;-1.44:-5.68;-1.44:-5.68;-1.44:-5.68;-1.44:-5.68,-1.442884:-5.679724;-1.455347:-5.684638;-1.44896:-5.677057;-1.45328:-5.677728;-1.435557:-5.685039;-1.453554:-5.683851;-1.418305:-5.679125;-1.428335:-5.671607;-1.413456:-5.686235;-1.377679:-5.703364;-1.36976:-5.703103;-1.350806:-5.691805
sigma3_hotel_seed42,HOTEL:biwi_hotel:180:9710,HOTEL,biwi_hotel,biwi_hotel:180,9710,3,0.023230919614434242,0.05533711612224579,0.0,0.0,0.0,0.0,1.0,-1.11:-6.7;-1.11:-6.7;-1.11:-6.7;-1.11:-6.7;-1.11:-6.7;-1.11:-6.7;-1.11:-6.7;-1.11:-6.7,-1.11:-6.7;-1.11:-6.7;-1.11:-6.7;-1.11:-6.7;-1.11:-6.7;-1.11:-6.7;-1.11:-6.7;-1.11:-6.7;-1.11:-6.7;-1.11:-6.7;-1.11:-6.7;-1.11:-6.7,-1.118052:-6.700444;-1.133855:-6.707574;-1.12481:-6.693784;-1.132191:-6.698163;-1.11715:-6.7047;-1.143135:-6.698979;-1.104047:-6.700711;-1.119201:-6.690154;-1.108417:-6.705661;-1.074289:-6.721216;-1.07222:-6.721397;-1.055162:-6.707412
sigma3_hotel_seed42,HOTEL:biwi_hotel:185:9710,HOTEL,biwi_hotel,biwi_hotel:185,9710,3,0.0761779248714447,0.12481679022312164,0.05000000074505806,0.061733510345220566,0.13854752480983734,5.524096965789795,0.125,-0.9:-1.02;-0.89:-1.05;-0.9:-1.09;-0.9:-1.11;-0.92:-1.11;-0.95:-1.11;-0.96:-1.11;-0.94:-1.11,-0.94:-1.11;-0.94:-1.11;-0.94:-1.11;-0.94:-1.11;-0.94:-1.11;-0.94:-1.11;-0.94:-1.11;-0.97:-1.03;-0.92:-1.1;-0.92:-1.11;-0.92:-1.11;-0.92:-1.11,-0.9180014:-1.107683;-0.905177:-1.102558;-0.911191:-1.126047;-0.9043752:-1.114801;-0.8871915:-1.12152;-0.8663539:-1.14236;-0.8778616:-1.123178;-0.8698906:-1.137425;-0.8370069:-1.130824;-0.8245007:-1.145544;-0.80099:-1.155412;-0.8084272:-1.165953
sigma3_hotel_seed42,HOTEL:biwi_hotel:204:9710,HOTEL,biwi_hotel,biwi_hotel:204,9710,3,0.024849481880664825,0.06192552670836449,0.0,0.0071428571827709675,0.02083333395421505,0.0,1.75,-1.46:-5.68;-1.44:-5.68;-1.44:-5.68;-1.44:-5.68;-1.44:-5.68;-1.44:-5.68;-1.44:-5.68;-1.44:-5.68,-1.44:-5.68;-1.44:-5.68;-1.44:-5.68;-1.44:-5.68;-1.44:-5.68;-1.44:-5.68;-1.44:-5.68;-1.44:-5.68;-1.44:-5.68;-1.44:-5.68;-1.44:-5.68;-1.44:-5.68,-1.447971:-5.680422;-1.464279:-5.687626;-1.454996:-5.673862;-1.462637:-5.677992;-1.446438:-5.684876;-1.472827:-5.679632;-1.432165:-5.68055;-1.447599:-5.669771;-1.435683:-5.6861;-1.399661:-5.702476;-1.396783:-5.702569;-1.378646:-5.688392
sigma3_hotel_seed42,HOTEL:biwi_hotel:180:9720,HOTEL,biwi_hotel,biwi_hotel:180,9720,3,0.023230919614434242,0.05533711612224579,0.0,0.0,0.0,0.0,1.0,-1.11:-6.7;-1.11:-6.7;-1.11:-6.7;-1.11:-6.7;-1.11:-6.7;-1.11:-6.7;-1.11:-6.7;-1.11:-6.7,-1.11:-6.7;-1.11:-6.7;-1.11:-6.7;-1.11:-6.7;-1.11:-6.7;-1.11:-6.7;-1.11:-6.7;-1.11:-6.7;-1.11:-6.7;-1.11:-6.7;-1.11:-6.7;-1.11:-6.7,-1.118052:-6.700444;-1.133855:-6.707574;-1.12481:-6.693784;-1.132191:-6.698163;-1.11715:-6.7047;-1.143135:-6.698979;-1.104047:-6.700711;-1.119201:-6.690154;-1.108417:-6.705661;-1.074289:-6.721216;-1.07222:-6.721397;-1.055162:-6.707412
sigma3_hotel_seed42,HOTEL:biwi_hotel:185:9720,HOTEL,biwi_hotel,biwi_hotel:185,9720,3,0.032021064311265945,0.02923492342233658,0.0,0.05043966323137283,0.13608849048614502,4.957367420196533,0.0,-0.89:-1.05;-0.9:-1.09;-0.9:-1.11;-0.92:-1.11;-0.95:-1.11;-0.96:-1.11;-0.94:-1.11;-0.94:-1.11,-0.94:-1.11;-0.94:-1.11;-0.94:-1.11;-0.94:-1.11;-0.94:-1.11;-0.94:-1.11;-0.97:-1.03;-0.92:-1.1;-0.92:-1.11;-0.92:-1.11;-0.92:-1.11;-0.94:-1.11,-0.9397697:-1.108193;-0.9461346:-1.105834;-0.9627969:-1.116604;-0.9670077:-1.112072;-0.9606116:-1.114295;-0.956351:-1.124244;-0.9673349:-1.110604;-0.9729027:-1.121955;-0.9554867:-1.127435;-0.9519542:-1.136813;-0.9403794:-1.13601;-0.944556:-1.138878
sigma3_hotel_seed42,HOTEL:biwi_hotel:204:9720,HOTEL,biwi_hotel,biwi_hotel:204,9720,3,0.023230930790305138,0.05533711612224579,0.0,0.0,0.0,0.0,1.625,-1.44:-5.68;-1.44:-5.68;-1.44:-5.68;-1.44:-5.68;-1.44:-5.68;-1.44:-5.68;-1.44:-5.68;-1.44:-5.68,-1.44:-5.68;-1.44:-5.68;-1.44:-5.68;-1.44:-5.68;-1.44:-5.68;-1.44:-5.68;-1.44:-5.68;-1.44:-5.68;-1.44:-5.68;-1.44:-5.68;-1.44:-5.68;-1.44:-5.68,-1.448052:-5.680444;-1.463855:-5.687574;-1.45481:-5.673784;-1.462191:-5.678163;-1.44715:-5.6847;-1.473135:-5.678979;-1.434047:-5.680711;-1.449201:-5.670154;-1.438417:-5.685661;-1.404289:-5.701216;-1.40222:-5.701397;-1.385162:-5.687412
sigma3_hotel_seed42,HOTEL:biwi_hotel:180:9730,HOTEL,biwi_hotel,biwi_hotel:180,9730,3,0.023230919614434242,0.05533711612224579,0.0,0.0,0.0,0.0,1.0,-1.11:-6.7;-1.11:-6.7;-1.11:-6.7;-1.11:-6.7;-1.11:-6.7;-1.11:-6.7;-1.11:-6.7;-1.11:-6.7,-1.11:-6.7;-1.11:-6.7;-1.11:-6.7;-1.11:-6.7;-1.11:-6.7;-1.11:-6.7;-1.11:-6.7;-1.11:-6.7;-1.11:-6.7;-1.11:-6.7;-1.11:-6.7;-1.11:-6.7,-1.118052:-6.700444;-1.133855:-6.707574;-1.12481:-6.693784;-1.132191:-6.698163;-1.11715:-6.7047;-1.143135:-6.698979;-1.104047:-6.700711;-1.119201:-6.690154;-1.108417:-6.705661;-1.074289:-6.721216;-1.07222:-6.721397;-1.055162:-6.707412
sigma3_hotel_seed42,HOTEL:biwi_hotel:185:9730,HOTEL,biwi_hotel,biwi_hotel:185,9730,3,0.03871243819594383,0.08020913600921631,0.0,0.0357142873108387,0.1127961128950119,4.71238899230957,0.0,-0.9:-1.09;-0.9:-1.11;-0.92:-1.11;-0.95:-1.11;-0.96:-1.11;-0.94:-1.11;-0.94:-1.11;-0.94:-1.11,-0.94:-1.11;-0.94:-1.11;-0.94:-1.11;-0.94:-1.11;-0.94:-1.11;-0.97:-1.03;-0.92:-1.1;-0.92:-1.11;-0.92:-1.11;-0.92:-1.11;-0.94:-1.11;-0.94:-1.11,-0.929415:-1.108168;-0.9269481:-1.10558;-0.9349492:-1.120869;-0.9358703:-1.113869;-0.92246:-1.119691;-0.9148553:-1.134181;-0.9219059:-1.120021;-0.9231738:-1.131036;-0.8962842:-1.130973;-0.8850315:-1.144358;-0.8688134:-1.151085;-0.8755063:-1.157687
sigma3_hotel_seed42,HOTEL:biwi_hotel:180:9740,HOTEL,biwi_hotel,biwi_hotel:180,9740,3,0.023230919614434242,0.05533711612224579,0.0,0.0,0.0,0.0,1.0,-1.11:-6.7;-1.11:-6.7;-1.11:-6.7;-1.11:-6.7;-1.11:-6.7;-1.11:-6.7;-1.11:-6.7;-1.11:-6.7,-1.11:-6.7;-1.11:-6.7;-1.11:-6.7;-1.11:-6.7;-1.11:-6.7;-1.11:-6.7;-1.11:-6.7;-1.11:-6.7;-1.11:-6.7;-1.11:-6.7;-1.11:-6.7;-1.11:-6.7,-1.118052:-6.700444;-1.133855:-6.707574;-1.12481:-6.693784;-1.132191:-6.698163;-1.11715:-6.7047;-1.143135:-6.698979;-1.104047:-6.700711;-1.119201:-6.690154;-1.108417:-6.705661;-1.074289:-6.721216;-1.07222:-6.721397;-1.055162:-6.707412
sigma3_hotel_seed42,HOTEL:biwi_hotel:185:9740,HOTEL,biwi_hotel,biwi_hotel:185,9740,3,0.0574774332344532,0.08020935952663422,0.0,0.02857142873108387,0.0833333358168602,3.1415927410125732,0.0,-0.9:-1.11;-0.92:-1.11;-0.95:-1.11;-0.96:-1.11;-0.94:-1.11;-0.94:-1.11;-0.94:-1.11;-0.94:-1.11,-0.94:-1.11;-0.94:-1.11;-0.94:-1.11;-0.94:-1.11;-0.97:-1.03;-0.92:-1.1;-0.92:-1.11;-0.92:-1.11;-0.92:-1.11;-0.94:-1.11;-0.94:-1.11;-0.94:-1.11,-0.9423622:-1.110727;-0.9508071:-1.108271;-0.9618763:-1.121484;-0.9776325:-1.111045;-0.9750976:-1.118584;-0.9861035:-1.132998;-0.9924816:-1.117851;-1.010206:-1.11889;-1.000452:-1.12061;-0.9965277:-1.132601;-0.9958425:-1.14435;-1.011566:-1.146219
sigma3_hotel_seed42,HOTEL:biwi_hotel:180:9750,HOTEL,biwi_hotel,biwi_hotel:180,9750,3,0.023230919614434242,0.05533711612224579,0.0,0.0,0.0,0.0,1.0,-1.11:-6.7;-1.11:-6.7;-1.11:-6.7;-1.11:-6.7;-1.11:-6.7;-1.11:-6.7;-1.11:-6.7;-1.11:-6.7,-1.11:-6.7;-1.11:-6.7;-1.11:-6.7;-1.11:-6.7;-1.11:-6.7;-1.11:-6.7;-1.11:-6.7;-1.11:-6.7;-1.11:-6.7;-1.11:-6.7;-1.11:-6.7;-1.11:-6.7,-1.118052:-6.700444;-1.133855:-6.707574;-1.12481:-6.693784;-1.132191:-6.698163;-1.11715:-6.7047;-1.143135:-6.698979;-1.104047:-6.700711;-1.119201:-6.690154;-1.108417:-6.705661;-1.074289:-6.721216;-1.07222:-6.721397;-1.055162:-6.707412
sigma3_hotel_seed42,HOTEL:biwi_hotel:185:9750,HOTEL,biwi_hotel,biwi_hotel:185,9750,3,0.05774529650807381,0.06094133108854294,0.0,0.02142857201397419,0.0729166641831398,3.1415927410125732,0.0,-0.92:-1.11;-0.95:-1.11;-0.96:-1.11;-0.94:-1.11;-0.94:-1.11;-0.94:-1.11;-0.94:-1.11;-0.94:-1.11,-0.94:-1.11;-0.94:-1.11;-0.94:-1.11;-0.97:-1.03;-0.92:-1.1;-0.92:-1.11;-0.92:-1.11;-0.92:-1.11;-0.94:-1.11;-0.94:-1.11;-0.94:-1.11;-0.94:-1.11,-0.9491793:-1.109483;-0.9635599:-1.111475;-0.9741205:-1.111431;-0.9866499:-1.112472;-0.9813964:-1.115382;-0.9952766:-1.11866;-0.9944384:-1.114516;-1.011536:-1.119157;-0.9975426:-1.128773;-0.9907207:-1.138449;-0.9881991:-1.139671;-0.9941714:-1.137916
sigma3_hotel_seed42,HOTEL:biwi_hotel:180:9760,HOTEL,biwi_hotel,biwi_hotel:180,9760,3,0.023230919614434242,0.05533711612224579,0.0,0.0,0.0,0.0,1.0,-1.11:-6.7;-1.11:-6.7;-1.11:-6.7;-1.11:-6.7;-1.11:-6.7;-1.11:-6.7;-1.11:-6.7;-1.11:-6.7,-1.11:-6.7;-1.11:-6.7;-1.11:-6.7;-1.11:-6.7;-1.11:-6.7;-1.11:-6.7;-1.11:-6.7;-1.11:-6.7;-1.11:-6.7;-1.11:-6.7;-1.11:-6.7;-1.11:-6.7,-1.118052:-6.700444;-1.133855:-6.707574;-1.12481:-6.693784;-1.132191:-6.698163;-1.11715:-6.7047;-1.143135:-6.698979;-1.104047:-6.700711;-1.119201:-6.690154;-1.108417:-6.705661;-1.074289:-6.721216;-1.07222:-6.721397;-1.055162:-6.707412
sigma3_hotel_seed42,HOTEL:biwi_hotel:185:9760,HOTEL,biwi_hotel,biwi_hotel:185,9760,3,0.046322550624608994,0.0792163535952568,0.0,0.010714286006987095,0.0520833320915699,3.1415927410125732,0.0,-0.95:-1.11;-0.96:-1.11;-0.94:-1.11;-0.94:-1.11;-0.94:-1.11;-0.94:-1.11;-0.94:-1.11;-0.94:-1.11,-0.94:-1.11;-0.94:-1.11;-0.97:-1.03;-0.92:-1.1;-0.92:-1.11;-0.92:-1.11;-0.92:-1.11;-0.94:-1.11;-0.94:-1.11;-0.94:-1.11;-0.94:-1.11;-0.92:-1.13,-0.9353598:-1.111466;-0.936723:-1.106551;-0.9461374:-1.12722;-0.9594102:-1.111187;-0.9576139:-1.12009;-0.9621301:-1.141321;-0.9727345:-1.121197;-0.9876868:-1.121279;-0.9788519:-1.115973;-0.9771724:-1.128503;-0.9755736:-1.146228;-0.9966436:-1.150025
sigma3_hotel_seed42,HOTEL:biwi_hotel:180:9770,HOTEL,biwi_hotel,biwi_hotel:180,9770,3,0.023230919614434242,0.05533711612224579,0.0,0.0,0.0,0.0,1.0,-1.11:-6.7;-1.11:-6.7;-1.11:-6.7;-1.11:-6.7;-1.11:-6.7;-1.11:-6.7;-1.11:-6.7;-1.11:-6.7,-1.11:-6.7;-1.11:-6.7;-1.11:-6.7;-1.11:-6.7;-1.11:-6.7;-1.11:-6.7;-1.11:-6.7;-1.11:-6.7;-1.11:-6.7;-1.11:-6.7;-1.11:-6.7;-1.11:-6.7,-1.118052:-6.700444;-1.133855:-6.707574;-1.12481:-6.693784;-1.132191:-6.698163;-1.11715:-6.7047;-1.143135:-6.698979;-1.104047:-6.700711;-1.119201:-6.690154;-1.108417:-6.705661;-1.074289:-6.721216;-1.07222:-6.721397;-1.055162:-6.707412
sigma3_hotel_seed42,HOTEL:biwi_hotel:185:9770,HOTEL,biwi_hotel,biwi_hotel:185,9770,3,0.03242931142449379,0.03814556449651718,0.0,0.0071428571827709675,0.02083333395421505,0.0,0.0,-0.96:-1.11;-0.94:-1.11;-0.94:-1.11;-0.94:-1.11;-0.94:-1.11;-0.94:-1.11;-0.94:-1.11;-0.94:-1.11,-0.94:-1.11;-0.97:-1.03;-0.92:-1.1;-0.92:-1.11;-0.92:-1.11;-0.92:-1.11;-0.94:-1.11;-0.94:-1.11;-0.94:-1.11;-0.94:-1.11;-0.92:-1.13;-0.9:-1.15,-0.9479706:-1.110422;-0.9642792:-1.117626;-0.9549958:-1.103863;-0.9626371:-1.107992;-0.9464379:-1.114876;-0.9728268:-1.109632;-0.9321649:-1.11055;-0.9475994:-1.099771;-0.9356826:-1.1161;-0.8996606:-1.132475;-0.896783:-1.132569;-0.8786457:-1.118392
sigma3_hotel_seed42,HOTEL:biwi_hotel:180:9780,HOTEL,biwi_hotel,biwi_hotel:180,9780,3,0.023230919614434242,0.05533711612224579,0.0,0.0,0.0,0.0,1.0,-1.11:-6.7;-1.11:-6.7;-1.11:-6.7;-1.11:-6.7;-1.11:-6.7;-1.11:-6.7;-1.11:-6.7;-1.11:-6.7,-1.11:-6.7;-1.11:-6.7;-1.11:-6.7;-1.11:-6.7;-1.11:-6.7;-1.11:-6.7;-1.11:-6.7;-1.11:-6.7;-1.11:-6.7;-1.11:-6.7;-1.11:-6.7;-1.11:-6.7,-1.118052:-6.700444;-1.133855:-6.707574;-1.12481:-6.693784;-1.132191:-6.698163;-1.11715:-6.7047;-1.143135:-6.698979;-1.104047:-6.700711;-1.119201:-6.690154;-1.108417:-6.705661;-1.074289:-6.721216;-1.07222:-6.721397;-1.055162:-6.707412
sigma3_hotel_seed42,HOTEL:biwi_hotel:185:9780,HOTEL,biwi_hotel,biwi_hotel:185,9780,3,0.03075132519006729,0.04024747014045715,0.0,0.0,0.0,0.0,0.0,-0.94:-1.11;-0.94:-1.11;-0.94:-1.11;-0.94:-1.11;-0.94:-1.11;-0.94:-1.11;-0.94:-1.11;-0.94:-1.11,-0.97:-1.03;-0.92:-1.1;-0.92:-1.11;-0.92:-1.11;-0.92:-1.11;-0.94:-1.11;-0.94:-1.11;-0.94:-1.11;-0.94:-1.11;-0.92:-1.13;-0.9:-1.15;-0.9:-1.08,-0.9480518:-1.110445;-0.9638551:-1.117575;-0.9548095:-1.103784;-0.9621914:-1.108163;-0.9471497:-1.1147;-0.9731352:-1.108979;-0.9340473:-1.110711;-0.9492009:-1.100154;-0.9384167:-1.115661;-0.9042893:-1.131216;-0.9022199:-1.131397;-0.8851615:-1.117412
sigma3_hotel_seed42,HOTEL:biwi_hotel:180:9790,HOTEL,biwi_hotel,biwi_hotel:180,9790,3,0.023230919614434242,0.05533711612224579,0.0,0.0,0.0,0.0,1.0,-1.11:-6.7;-1.11:-6.7;-1.11:-6.7;-1.11:-6.7;-1.11:-6.7;-1.11:-6.7;-1.11:-6.7;-1.11:-6.7,-1.11:-6.7;-1.11:-6.7;-1.11:-6.7;-1.11:-6.7;-1.11:-6.7;-1.11:-6.7;-1.11:-6.7;-1.11:-6.7;-1.11:-6.7;-1.11:-6.7;-1.11:-6.7;-1.11:-6.7,-1.118052:-6.700444;-1.133855:-6.707574;-1.12481:-6.693784;-1.132191:-6.698163;-1.11715:-6.7047;-1.143135:-6.698979;-1.104047:-6.700711;-1.119201:-6.690154;-1.108417:-6.705661;-1.074289:-6.721216;-1.07222:-6.721397;-1.055162:-6.707412
sigma3_hotel_seed42,HOTEL:biwi_hotel:185:9790,HOTEL,biwi_hotel,biwi_hotel:185,9790,3,0.26188918948173523,0.42123153805732727,0.21360009908676147,0.030514299869537354,0.08900003880262375,0.0,0.0,-0.94:-1.11;-0.94:-1.11;-0.94:-1.11;-0.94:-1.11;-0.94:-1.11;-0.94:-1.11;-0.94:-1.11;-0.97:-1.03,-0.92:-1.1;-0.92:-1.11;-0.92:-1.11;-0.92:-1.11;-0.94:-1.11;-0.94:-1.11;-0.94:-1.11;-0.94:-1.11;-0.92:-1.13;-0.9:-1.15;-0.9:-1.08;-0.91:-1.07,-1.02351:-1.030883;-1.060125:-1.046639;-1.0718:-1.001561;-1.090036:-1.038491;-1.13277:-1.019555;-1.18138:-1.001433;-1.16834:-1.054187;-1.21239:-1.06322;-1.221491:-1.040419;-1.257481:-1.041041;-1.291456:-1.027986;-1.329155:-1.028229
sigma3_hotel_seed42,HOTEL:biwi_hotel:180:9800,HOTEL,biwi_hotel,biwi_hotel:180,9800,3,0.023230919614434242,0.05533711612224579,0.0,0.0,0.0,0.0,1.0,-1.11:-6.7;-1.11:-6.7;-1.11:-6.7;-1.11:-6.7;-1.11:-6.7;-1.11:-6.7;-1.11:-6.7;-1.11:-6.7,-1.11:-6.7;-1.11:-6.7;-1.11:-6.7;-1.11:-6.7;-1.11:-6.7;-1.11:-6.7;-1.11:-6.7;-1.11:-6.7;-1.11:-6.7;-1.11:-6.7;-1.11:-6.7;-1.11:-6.7,-1.118052:-6.700444;-1.133855:-6.707574;-1.12481:-6.693784;-1.132191:-6.698163;-1.11715:-6.7047;-1.143135:-6.698979;-1.104047:-6.700711;-1.119201:-6.690154;-1.108417:-6.705661;-1.074289:-6.721216;-1.07222:-6.721397;-1.055162:-6.707412
sigma3_hotel_seed42,HOTEL:biwi_hotel:185:9800,HOTEL,biwi_hotel,biwi_hotel:185,9800,3,0.07901705056428909,0.16116711497306824,0.2150581330060959,0.06123688817024231,0.26608335971832275,2.8801138401031494,0.0,-0.94:-1.11;-0.94:-1.11;-0.94:-1.11;-0.94:-1.11;-0.94:-1.11;-0.94:-1.11;-0.97:-1.03;-0.92:-1.1,-0.92:-1.11;-0.92:-1.11;-0.92:-1.11;-0.94:-1.11;-0.94:-1.11;-0.94:-1.11;-0.94:-1.11;-0.92:-1.13;-0.9:-1.15;-0.9:-1.08;-0.91:-1.07;-0.95:-1.05,-0.9197693:-1.108545;-0.905266:-1.112421;-0.8749173:-1.099006;-0.8597367:-1.110023;-0.8601665:-1.101517;-0.8598844:-1.109166;-0.83588:-1.128659;-0.8342288:-1.130975;-0.8166819:-1.108736;-0.8147951:-1.09897;-0.8103672:-1.120587;-0.8086455:-1.127419
sigma3_hotel_seed42,HOTEL:biwi_hotel:222:10050,HOTEL,biwi_hotel,biwi_hotel:222,10050,3,0.09397748857736588,0.23049558699131012,0.05000000074505806,0.13859644532203674,0.21923577785491943,3.648691177368164,0.0,-0.94:-0.96;-0.99:-1.05;-1.02:-1.15;-1.02:-1.2;-1.06:-1.2;-1.09:-1.17;-1.11:-1.15;-1.11:-1.13,-1.13:-1.11;-1.15:-1.08;-1.15:-1.08;-1.15:-1.08;-1.15:-1.08;-1.15:-1.08;-1.15:-1.08;-1.15:-1.08;-1.15:-1.1;-1.21:-1.19;-1.33:-1.31;-1.34:-1.32,-1.107117:-1.129888;-1.106812:-1.129021;-1.115175:-1.139917;-1.123389:-1.137271;-1.120206:-1.140436;-1.121681:-1.152183;-1.138348:-1.148412;-1.150362:-1.158552;-1.131022:-1.153484;-1.136374:-1.161136;-1.132413:-1.173017;-1.156847:-1.180061
sigma3_hotel_seed42,HOTEL:biwi_hotel:222:10060,HOTEL,biwi_hotel,biwi_hotel:222,10060,3,0.16752910614013672,0.3668234646320343,0.0707106813788414,0.11192785948514938,0.2167767435312271,4.218447685241699,0.0,-0.99:-1.05;-1.02:-1.15;-1.02:-1.2;-1.06:-1.2;-1.09:-1.17;-1.11:-1.15;-1.11:-1.13;-1.13:-1.11,-1.15:-1.08;-1.15:-1.08;-1.15:-1.08;-1.15:-1.08;-1.15:-1.08;-1.15:-1.08;-1.15:-1.08;-1.15:-1.1;-1.21:-1.19;-1.33:-1.31;-1.34:-1.32;-1.69:-1.46,-1.163818:-1.110789;-1.192793:-1.113949;-1.224105:-1.108565;-1.257743:-1.118861;-1.280157:-1.112826;-1.309824:-1.112444;-1.349821:-1.12322;-1.393097:-1.136046;-1.395533:-1.141372;-1.436826:-1.134934;-1.460243:-1.139601;-1.507873:-1.141583
sigma3_hotel_seed42,HOTEL:biwi_hotel:223:10060,HOTEL,biwi_hotel,biwi_hotel:223,10060,3,3.4353015422821045,6.303949356079102,1.0198038816452026,1.1022061109542847,0.7627566456794739,1.5298659801483154,1.125,1.5:4.07;1.44:3.69;1.63:3.22;1.65:2.78;1.62:2.32;1.65:1.87;1.71:1.44;1.63:1.04,1.67:0.54;1.68:0.06;1.61:-0.44;1.62:-0.91;1.65:-1.37;1.65:-1.86;1.72:-2.35;1.83:-2.77;1.88:-3.23;1.93:-3.67;2.01:-4.16;2.01:-4.67,1.463517:1.023559;1.287916:1.07769;1.145858:1.02028;0.9809915:1.08501;0.7734722:1.102458;0.6159837:1.082057;0.3188881:1.10308;0.2365105:1.088636;0.005898237:1.234254;-0.1430446:1.280032;-0.3153228:1.180675;-0.4204289:1.146596
sigma3_hotel_seed42,HOTEL:biwi_hotel:222:10070,HOTEL,biwi_hotel,biwi_hotel:222,10070,3,0.1681477427482605,0.4132072925567627,0.09013878554105759,0.08751802146434784,0.16645433008670807,4.124386310577393,0.0,-1.02:-1.15;-1.02:-1.2;-1.06:-1.2;-1.09:-1.17;-1.11:-1.15;-1.11:-1.13;-1.13:-1.11;-1.15:-1.08,-1.15:-1.08;-1.15:-1.08;-1.15:-1.08;-1.15:-1.08;-1.15:-1.08;-1.15:-1.08;-1.15:-1.1;-1.21:-1.19;-1.33:-1.31;-1.34:-1.32;-1.69:-1.46;-1.76:-1.4,-1.177223:-1.083844;-1.194495:-1.092313;-1.201078:-1.07694;-1.229322:-1.093636;-1.246691:-1.088521;-1.282995:-1.082062;-1.302935:-1.110929;-1.346149:-1.114637;-1.345473:-1.111132;-1.379032:-1.106397;-1.405096:-1.119954;-1.456208:-1.119909
sigma3_hotel_seed42,HOTEL:biwi_hotel:223:10070,HOTEL,biwi_hotel,biwi_hotel:223,10070,3,3.0997250080108643,5.738744735717773,1.2539936304092407,1.143952488899231,0.6486924290657043,1.2663202285766602,1.375,1.44:3.69;1.63:3.22;1.65:2.78;1.62:2.32;1.65:1.87;1.71:1.44;1.63:1.04;1.67:0.54,1.68:0.06;1.61:-0.44;1.62:-0.91;1.65:-1.37;1.65:-1.86;1.72:-2.35;1.83:-2.77;1.88:-3.23;1.93:-3.67;2.01:-4.16;2.01:-4.67;1.95:-5.25,1.770853:0.4935336;1.840027:0.5708133;1.915275:0.4096269;1.937421:0.5263692;1.916846:0.5236989;2.000432:0.4763329;1.80347:0.524815;1.946128:0.4769507;1.864852:0.6933395;1.881146:0.7057761;1.899558:0.564332;1.934601:0.4887241
sigma3_hotel_seed42,HOTEL:biwi_hotel:224:10070,HOTEL,biwi_hotel,biwi_hotel:224,10070,3,3.2749099731445312,5.9910807609558105,1.3557746410369873,1.1116251945495605,0.8272296190261841,1.7006289958953857,1.5,0.5:4.18;0.55:3.77;0.71:3.4;0.74:2.98;0.73:2.54;0.92:2.13;0.95:1.69;0.9:1.15,1.03:0.73;1.07:0.29;0.98:-0.26;1.08:-0.71;1.19:-1.15;1.14:-1.78;1.19:-2.21;1.4:-2.62;1.41:-3.07;1.41:-3.53;1.55:-4.03;1.42:-4.53,0.8509734:1.107938;0.7708595:1.209509;0.6840091:1.031561;0.5496759:1.174787;0.4295921:1.182407;0.3832074:1.108765;0.01043147:1.227922;0.01164687:1.182914;-0.1728444:1.361479;-0.2684364:1.410367;-0.3540049:1.229736;-0.4085454:1.175215
sigma3_hotel_seed42,HOTEL:biwi_hotel:223:10080,HOTEL,biwi_hotel,biwi_hotel:223,10080,3,3.117140531539917,5.783362865447998,1.2002604007720947,1.134364128112793,0.5064307451248169,0.9865738749504089,1.5,1.63:3.22;1.65:2.78;1.62:2.32;1.65:1.87;1.71:1.44;1.63:1.04;1.67:0.54;1.68:0.06,1.61:-0.44;1.62:-0.91;1.65:-1.37;1.65:-1.86;1.72:-2.35;1.83:-2.77;1.88:-3.23;1.93:-3.67;2.01:-4.16;2.01:-4.67;1.95:-5.25;1.9:-5.74,1.73633:0.01799143;1.756679:0.09473639;1.789494:-0.05983147;1.771624:0.05987196;1.722007:0.0517018;1.758082:-0.000271488;1.535507:0.06236469;1.63363:0.02299784;1.522313:0.2217711;1.519175:0.2395213;1.494638:0.09217319;1.506719:0.02997608
sigma3_hotel_seed42,HOTEL:biwi_hotel:224:10080,HOTEL,biwi_hotel,biwi_hotel:224,10080,3,3.1292364597320557,5.753245830535889,1.0991474390029907,1.1211328506469727,0.9306526184082031,1.8063323497772217,1.625,0.55:3.77;0.71:3.4;0.74:2.98;0.73:2.54;0.92:2.13;0.95:1.69;0.9:1.15;1.03:0.73,1.07:0.29;0.98:-0.26;1.08:-0.71;1.19:-1.15;1.14:-1.78;1.19:-2.21;1.4:-2.62;1.41:-3.07;1.41:-3.53;1.55:-4.03;1.42:-4.53;1.25:-5.05,1.187671:0.6902564;1.318479:0.7518901;1.448139:0.6084275;1.54668:0.7150059;1.554267:0.698651;1.699852:0.6530002;1.594951:0.6722446;1.799701:0.6443741;1.755273:0.8532543;1.808033:0.8573604;1.867834:0.7519302;1.936498:0.6621413
sigma3_hotel_seed42,HOTEL:biwi_hotel:226:10080,HOTEL,biwi_hotel,biwi_hotel:226,10080,3,3.068843126296997,5.703495025634766,1.2562344074249268,1.2564935684204102,0.4330354630947113,0.6515272259712219,0.0,1.62:-9.94;1.72:-9.5;1.71:-8.99;1.7:-8.5;1.64:-8.02;1.5:-7.49;1.45:-6.96;1.4:-6.46,1.31:-5.96;1.27:-5.46;1.21:-4.99;1.12:-4.52;1.1:-4.04;0.97:-3.58;0.85:-3.14;0.76:-2.65;0.67:-2.19;0.67:-1.75;0.74:-1.28;0.81:-0.75,1.37554:-6.493356;1.31856:-6.420269;1.280627:-6.551592;1.200474:-6.439906;1.09449:-6.445804;1.055088:-6.495925;0.7919396:-6.42989;0.8189117:-6.458124;0.6589468:-6.281766;0.6076106:-6.253326;0.5209243:-6.396793;0.4892913:-6.444471
sigma3_hotel_seed42,HOTEL:biwi_hotel:223:10090,HOTEL,biwi_hotel,biwi_hotel:223,10090,3,3.379070997238159,6.237435340881348,1.262190580368042,1.1573718786239624,0.5362333059310913,1.0359516143798828,1.625,1.65:2.78;1.62:2.32;1.65:1.87;1.71:1.44;1.63:1.04;1.67:0.54;1.68:0.06;1.61:-0.44,1.62:-0.91;1.65:-1.37;1.65:-1.86;1.72:-2.35;1.83:-2.77;1.88:-3.23;1.93:-3.67;2.01:-4.16;2.01:-4.67;1.95:-5.25;1.9:-5.74;1.86:-6.25,1.487401:-0.4708895;1.344976:-0.3907371;1.219424:-0.5088046;1.052638:-0.4062804;0.8814158:-0.3883135;0.7636805:-0.4321934;0.4100811:-0.3608741;0.3546598:-0.3966788;0.1392274:-0.2308978;0.007278323:-0.182303;-0.1309268:-0.3279278;-0.2189476:-0.3692199
sigma3_hotel_seed42,HOTEL:biwi_hotel:224:10090,HOTEL,biwi_hotel,biwi_hotel:224,10090,3,3.189929246902466,5.789127826690674,1.1045360565185547,1.134954810142517,0.8816021680831909,1.679002046585083,1.75,0.71:3.4;0.74:2.98;0.73:2.54;0.92:2.13;0.95:1.69;0.9:1.15;1.03:0.73;1.07:0.29,0.98:-0.26;1.08:-0.71;1.19:-1.15;1.14:-1.78;1.19:-2.21;1.4:-2.62;1.41:-3.07;1.41:-3.53;1.55:-4.03;1.42:-4.53;1.25:-5.05;1.36:-5.5,1.123349:0.2550752;1.140239:0.3278964;1.161518:0.1782078;1.150568:0.3035337;1.092303:0.282308;1.13122:0.2189207;0.923959:0.2895381;1.022223:0.2696655;0.9044721:0.4466884;0.8999255:0.4687347;0.8679036:0.3316464;0.8782673:0.2690495
sigma3_hotel_seed42,HOTEL:biwi_hotel:226:10090,HOTEL,biwi_hotel,biwi_hotel:226,10090,3,3.0503244400024414,5.690021991729736,1.27008855342865,1.2767845392227173,0.33888542652130127,0.48686957359313965,0.0,1.72:-9.5;1.71:-8.99;1.7:-8.5;1.64:-8.02;1.5:-7.49;1.45:-6.96;1.4:-6.46;1.31:-5.96,1.27:-5.46;1.21:-4.99;1.12:-4.52;1.1:-4.04;0.97:-3.58;0.85:-3.14;0.76:-2.65;0.67:-2.19;0.67:-1.75;0.74:-1.28;0.81:-0.75;0.96:-0.34,1.206382:-5.987092;1.081508:-5.920861;0.9856473:-6.01786;0.8509724:-5.929793;0.6915837:-5.919461;0.5837049:-5.952471;0.2884835:-5.906797;0.2515635:-5.934444;0.05219173:-5.769418;-0.05338728:-5.731616;-0.1873403:-5.858916;-0.2600849:-5.897675
sigma3_hotel_seed42,HOTEL:biwi_hotel:223:10100,HOTEL,biwi_hotel,biwi_hotel:223,10100,3,3.113886833190918,5.836521625518799,1.175265908241272,1.1606323719024658,0.5618712306022644,1.0646276473999023,1.75,1.62:2.32;1.65:1.87;1.71:1.44;1.63:1.04;1.67:0.54;1.68:0.06;1.61:-0.44;1.62:-0.91,1.65:-1.37;1.65:-1.86;1.72:-2.35;1.83:-2.77;1.88:-3.23;1.93:-3.67;2.01:-4.16;2.01:-4.67;1.95:-5.25;1.9:-5.74;1.86:-6.25;1.91:-6.77,1.686724:-0.9521;1.718449:-0.8766533;1.761443:-1.030416;1.755044:-0.912195;1.711611:-0.9205891;1.758881:-0.9715298;1.547406:-0.9134653;1.656365:-0.9524944;1.552102:-0.7520041;1.554495:-0.7356655;1.539019:-0.8791047;1.556939:-0.9441669
sigma3_hotel_seed42,HOTEL:biwi_hotel:224:10100,HOTEL,biwi_hotel,biwi_hotel:224,10100,3,3.403850555419922,6.135450839996338,1.3932874202728271,1.183613657951355,1.012406826019287,1.8378299474716187,1.875,0.74:2.98;0.73:2.54;0.92:2.13;0.95:1.69;0.9:1.15;1.03:0.73;1.07:0.29;0.98:-0.26,1.08:-0.71;1.19:-1.15;1.14:-1.78;1.19:-2.21;1.4:-2.62;1.41:-3.07;1.41:-3.53;1.55:-4.03;1.42:-4.53;1.25:-5.05;1.36:-5.5;1.37:-5.96,0.8839605:-0.2994118;0.7636067:-0.1957804;0.6344304:-0.3653708;0.461723:-0.2262633;0.307848:-0.2100194;0.2241522:-0.2820444;-0.186772:-0.1613537;-0.2236233:-0.2061221;-0.4358035:-0.03371735;-0.5694259:0.02443856;-0.6818184:-0.15523;-0.763895:-0.2075879
sigma3_hotel_seed42,HOTEL:biwi_hotel:226:10100,HOTEL,biwi_hotel,biwi_hotel:226,10100,3,3.0293467044830322,5.704197883605957,1.2539936304092407,1.2737486362457275,0.37013542652130127,0.5843325257301331,0.0,1.71:-8.99;1.7:-8.5;1.64:-8.02;1.5:-7.49;1.45:-6.96;1.4:-6.46;1.31:-5.96;1.27:-5.46,1.21:-4.99;1.12:-4.52;1.1:-4.04;0.97:-3.58;0.85:-3.14;0.76:-2.65;0.67:-2.19;0.67:-1.75;0.74:-1.28;0.81:-0.75;0.96:-0.34;1.12:0.22,1.28424:-5.496995;1.260736:-5.419824;1.250792:-5.569039;1.196467:-5.445519;1.117164:-5.458178;1.112441:-5.516634;0.8626186:-5.439899;0.9209124:-5.469622;0.7805197:-5.28806;0.7543162:-5.263343;0.6924585:-5.414709;0.6811684:-5.467293
sigma3_hotel_seed42,HOTEL:biwi_hotel:223:10110,HOTEL,biwi_hotel,biwi_hotel:223,10110,3,3.139226198196411,5.843364715576172,1.1524430513381958,1.1641960144042969,0.5476057529449463,1.0364078283309937,1.875,1.65:1.87;1.71:1.44;1.63:1.04;1.67:0.54;1.68:0.06;1.61:-0.44;1.62:-0.91;1.65:-1.37,1.65:-1.86;1.72:-2.35;1.83:-2.77;1.88:-3.23;1.93:-3.67;2.01:-4.16;2.01:-4.67;1.95:-5.25;1.9:-5.74;1.86:-6.25;1.91:-6.77;1.92:-7.24,1.722978:-1.408;1.76129:-1.336069;1.805894:-1.485965;1.812408:-1.36596;1.768643:-1.382264;1.825307:-1.438656;1.631854:-1.38011;1.749061:-1.407618;1.646477:-1.2175;1.653033:-1.200346;1.63943:-1.335229;1.660711:-1.402391
sigma3_hotel_seed42,HOTEL:biwi_hotel:224:10110,HOTEL,biwi_hotel,biwi_hotel:224,10110,3,3.1168415546417236,5.767985820770264,1.1524430513381958,1.1910649538040161,1.0253981351852417,1.7620209455490112,2.0,0.73:2.54;0.92:2.13;0.95:1.69;0.9:1.15;1.03:0.73;1.07:0.29;0.98:-0.26;1.08:-0.71,1.19:-1.15;1.14:-1.78;1.19:-2.21;1.4:-2.62;1.41:-3.07;1.41:-3.53;1.55:-4.03;1.42:-4.53;1.25:-5.05;1.36:-5.5;1.37:-5.96;1.19:-6.51,1.21986:-0.7516133;1.330994:-0.6868705;1.446626:-0.8325464;1.522576:-0.7255707;1.521533:-0.7378614;1.644662:-0.7812858;1.516197:-0.7573031;1.70113:-0.7917434;1.645932:-0.5778188;1.690403:-0.5734739;1.734892:-0.6897113;1.793344:-0.7736569
sigma3_hotel_seed42,HOTEL:biwi_hotel:226:10110,HOTEL,biwi_hotel,biwi_hotel:226,10110,3,3.03145432472229,5.798016548156738,1.1845357418060303,1.267931580543518,0.3545784652233124,0.5275256633758545,0.0,1.7:-8.5;1.64:-8.02;1.5:-7.49;1.45:-6.96;1.4:-6.46;1.31:-5.96;1.27:-5.46;1.21:-4.99,1.12:-4.52;1.1:-4.04;0.97:-3.58;0.85:-3.14;0.76:-2.65;0.67:-2.19;0.67:-1.75;0.74:-1.28;0.81:-0.75;0.96:-0.34;1.12:0.22;1.25:0.73,1.158852:-5.017648;1.081187:-4.951072;1.023495:-5.062969;0.9334161:-4.962201;0.8058014:-4.966106;0.7468452:-5.011099;0.4878447:-4.957337;0.4968107:-4.977277;0.3236888:-4.811755;0.2534543:-4.779541;0.1508307:-4.907523;0.1056015:-4.953956
sigma3_hotel_seed42,HOTEL:biwi_hotel:227:10110,HOTEL,biwi_hotel,biwi_hotel:227,10110,3,3.2928502559661865,5.950329780578613,1.068877935409546,1.2672624588012695,0.7306028008460999,1.238062858581543,1.875,1.72:3.87;1.8:3.32;1.83:2.82;2.02:2.31;2.09:1.82;2.02:1.31;2.03:0.8;1.95:0.38,1.85:-0.03;1.95:-0.51;2.01:-1.01;2.03:-1.53;2.18:-2.01;2.24:-2.44;2.19:-2.89;2.18:-3.29;2.16:-3.75;2.05:-4.24;1.97:-4.65;1.96:-5.16,1.802011:0.3616343;1.641569:0.4178666;1.513317:0.35133;1.359754:0.4220825;1.165184:0.4357781;1.022073:0.4115108;0.7305198:0.4380661;0.6621852:0.422381;0.440547:0.5725116;0.305334:0.6153937;0.1429656:0.5099059;0.04724085:0.4745164
sigma3_hotel_seed42,HOTEL:biwi_hotel:223:10120,HOTEL,biwi_hotel,biwi_hotel:223,10120,3,3.175478219985962,5.878580570220947,1.225000023841858,1.1841367483139038,0.4426559805870056,0.7654977440834045,2.0,1.71:1.44;1.63:1.04;1.67:0.54;1.68:0.06;1.61:-0.44;1.62:-0.91;1.65:-1.37;1.65:-1.86,1.72:-2.35;1.83:-2.77;1.88:-3.23;1.93:-3.67;2.01:-4.16;2.01:-4.67;1.95:-5.25;1.9:-5.74;1.86:-6.25;1.91:-6.77;1.92:-7.24;1.85:-7.72,1.679897:-1.901695;1.671362:-1.820347;1.675821:-1.979551;1.627755:-1.853627;1.56184:-1.861747;1.570925:-1.91884;1.316196:-1.840979;1.386862:-1.880427;1.256586:-1.687375;1.23765:-1.664711;1.190741:-1.823193;1.187289:-1.878893
sigma3_hotel_seed42,HOTEL:biwi_hotel:224:10120,HOTEL,biwi_hotel,biwi_hotel:224,10120,3,3.171592950820923,5.829691410064697,1.1338540315628052,1.1916567087173462,0.8705584406852722,1.422453761100769,2.0,0.92:2.13;0.95:1.69;0.9:1.15;1.03:0.73;1.07:0.29;0.98:-0.26;1.08:-0.71;1.19:-1.15,1.14:-1.78;1.19:-2.21;1.4:-2.62;1.41:-3.07;1.41:-3.53;1.55:-4.03;1.42:-4.53;1.25:-5.05;1.36:-5.5;1.37:-5.96;1.19:-6.51;1.19:-7.01,1.304514:-1.18729;1.388183:-1.121308;1.472444:-1.267014;1.526354:-1.15234;1.506251:-1.171565;1.608106:-1.225279;1.462063:-1.184345;1.622973:-1.20763;1.547925:-1.013317;1.576986:-1.001534;1.598485:-1.119318;1.643029:-1.197938
sigma3_hotel_seed42,HOTEL:biwi_hotel:226:10120,HOTEL,biwi_hotel,biwi_hotel:226,10120,3,3.08948016166687,5.979665756225586,1.1963486671447754,1.266075849533081,0.28755784034729004,0.4558546841144562,0.0,1.64:-8.02;1.5:-7.49;1.45:-6.96;1.4:-6.46;1.31:-5.96;1.27:-5.46;1.21:-4.99;1.12:-4.52,1.1:-4.04;0.97:-3.58;0.85:-3.14;0.76:-2.65;0.67:-2.19;0.67:-1.75;0.74:-1.28;0.81:-0.75;0.96:-0.34;1.12:0.22;1.25:0.73;1.45:1.21,1.010217:-4.543682;0.8818251:-4.481399;0.7812802:-4.569348;0.6492122:-4.485515;0.4827184:-4.476769;0.3723151:-4.508965;0.08675325:-4.469267;0.04770708:-4.490292;-0.1546407:-4.331798;-0.2648871:-4.292799;-0.4025843:-4.410742;-0.4783257:-4.450209
sigma3_hotel_seed42,HOTEL:biwi_hotel:227:10120,HOTEL,biwi_hotel,biwi_hotel:227,10120,3,3.443002939224243,6.083270072937012,1.0550473928451538,1.2194879055023193,0.6802382469177246,1.204559564590454,2.0,1.8:3.32;1.83:2.82;2.02:2.31;2.09:1.82;2.02:1.31;2.03:0.8;1.95:0.38;1.85:-0.03,1.95:-0.51;2.01:-1.01;2.03:-1.53;2.18:-2.01;2.24:-2.44;2.19:-2.89;2.18:-3.29;2.16:-3.75;2.05:-4.24;1.97:-4.65;1.96:-5.16;1.89:-5.6,1.674647:-0.04728558;1.489874:0.007826222;1.341778:-0.04926139;1.166654:0.01427549;0.9547203:0.03444452;0.7863322:0.01630786;0.4791604:0.03749459;0.3874735:0.01953843;0.1520741:0.1683149;-0.001253963:0.2139569;-0.1804858:0.1105362;-0.2905887:0.07901456
sigma3_hotel_seed42,HOTEL:biwi_hotel:223:10130,HOTEL,biwi_hotel,biwi_hotel:223,10130,3,3.1204397678375244,5.793078899383545,1.2374368906021118,1.2152272462844849,0.35285910964012146,0.6301692724227905,2.125,1.63:1.04;1.67:0.54;1.68:0.06;1.61:-0.44;1.62:-0.91;1.65:-1.37;1.65:-1.86;1.72:-2.35,1.83:-2.77;1.88:-3.23;1.93:-3.67;2.01:-4.16;2.01:-4.67;1.95:-5.25;1.9:-5.74;1.86:-6.25;1.91:-6.77;1.92:-7.24;1.85:-7.72;1.84:-8.19,1.813092:-2.394338;1.873455:-2.321369;1.945822:-2.473804;1.96562:-2.361579;1.93982:-2.366913;2.011984:-2.411139;1.824304:-2.36794;1.959464:-2.412107;1.874413:-2.19903;1.892227:-2.188613;1.899743:-2.326349;1.932237:-2.397655
sigma3_hotel_seed42,HOTEL:biwi_hotel:224:10130,HOTEL,biwi_hotel,biwi_hotel:224,10130,3,3.141385316848755,5.796523094177246,1.5799524784088135,1.2598564624786377,0.9959046840667725,1.5862257480621338,2.0,0.95:1.69;0.9:1.15;1.03:0.73;1.07:0.29;0.98:-0.26;1.08:-0.71;1.19:-1.15;1.14:-1.78,1.19:-2.21;1.4:-2.62;1.41:-3.07;1.41:-3.53;1.55:-4.03;1.42:-4.53;1.25:-5.05;1.36:-5.5;1.37:-5.96;1.19:-6.51;1.19:-7.01;1.29:-7.46,1.142221:-1.834534;1.107207:-1.702119;1.030239:-1.95086;0.9020392:-1.759033;0.8158875:-1.754071;0.8300618:-1.864551;0.392544:-1.682801;0.4330907:-1.741085;0.263118:-1.550012;0.1748777:-1.490721;0.1362967:-1.715065;0.09849668:-1.787258
sigma3_hotel_seed42,HOTEL:biwi_hotel:226:10130,HOTEL,biwi_hotel,biwi_hotel:226,10130,3,3.0656416416168213,5.830220699310303,1.2010412216186523,1.2418750524520874,0.2674647867679596,0.439220130443573,0.125,1.5:-7.49;1.45:-6.96;1.4:-6.46;1.31:-5.96;1.27:-5.46;1.21:-4.99;1.12:-4.52;1.1:-4.04,0.97:-3.58;0.85:-3.14;0.76:-2.65;0.67:-2.19;0.67:-1.75;0.74:-1.28;0.81:-0.75;0.96:-0.34;1.12:0.22;1.25:0.73;1.45:1.21;1.58:1.69,1.117417:-4.076602;1.097487:-3.999866;1.089566:-4.148942;1.039323:-4.025139;0.9615048:-4.038636;0.9614218:-4.097946;0.7156059:-4.021452;0.7775624:-4.049676;0.6390072:-3.869957;0.6138166:-3.844828;0.5550779:-3.993893;0.5456887:-4.047741
sigma3_hotel_seed42,HOTEL:biwi_hotel:227:10130,HOTEL,biwi_hotel,biwi_hotel:227,10130,3,3.0815515518188477,5.630158424377441,1.2257651090621948,1.2157046794891357,0.7339715957641602,1.3524945974349976,2.0,1.83:2.82;2.02:2.31;2.09:1.82;2.02:1.31;2.03:0.8;1.95:0.38;1.85:-0.03;1.95:-0.51,2.01:-1.01;2.03:-1.53;2.18:-2.01;2.24:-2.44;2.19:-2.89;2.18:-3.29;2.16:-3.75;2.05:-4.24;1.97:-4.65;1.96:-5.16;1.89:-5.6;1.76:-6.07,2.129095:-0.556623;2.283291:-0.4939535;2.44308:-0.6399444;2.555583:-0.5420234;2.582426:-0.5464918;2.743757:-0.5786417;2.644995:-0.5763662;2.868675:-0.6224928;2.843023:-0.3879703;2.908298:-0.3915632;2.990176:-0.5005969;3.070691:-0.59453
sigma3_hotel_seed42,HOTEL:biwi_hotel:223:10140,HOTEL,biwi_hotel,biwi_hotel:223,10140,3,3.201246976852417,5.904678821563721,1.0854146480560303,1.1911444664001465,0.39928314089775085,0.6854239106178284,2.25,1.67:0.54;1.68:0.06;1.61:-0.44;1.62:-0.91;1.65:-1.37;1.65:-1.86;1.72:-2.35;1.83:-2.77,1.88:-3.23;1.93:-3.67;2.01:-4.16;2.01:-4.67;1.95:-5.25;1.9:-5.74;1.86:-6.25;1.91:-6.77;1.92:-7.24;1.85:-7.72;1.84:-8.19;1.86:-8.71,1.927952:-2.806459;1.993479:-2.738819;2.060666:-2.885323;2.09729:-2.767771;2.066665:-2.787912;2.151296:-2.844364;1.98935:-2.795479;2.133313:-2.817393;2.046595:-2.627912;2.06684:-2.613484;2.073447:-2.736377;2.108685:-2.81056
sigma3_hotel_seed42,HOTEL:biwi_hotel:224:10140,HOTEL,biwi_hotel,biwi_hotel:224,10140,3,3.0753300189971924,5.740359783172607,1.0822430849075317,1.2207804918289185,1.0034815073013306,1.388683557510376,2.125,0.9:1.15;1.03:0.73;1.07:0.29;0.98:-0.26;1.08:-0.71;1.19:-1.15;1.14:-1.78;1.19:-2.21,1.4:-2.62;1.41:-3.07;1.41:-3.53;1.55:-4.03;1.42:-4.53;1.25:-5.05;1.36:-5.5;1.37:-5.96;1.19:-6.51;1.19:-7.01;1.29:-7.46;1.16:-7.98,1.255769:-2.247445;1.285884:-2.175344;1.323991:-2.32466;1.323258:-2.204067;1.274715:-2.221238;1.322143:-2.278128;1.123228:-2.217404;1.232756:-2.244232;1.125038:-2.054464;1.129299:-2.03737;1.107604:-2.175209;1.124564:-2.239749
sigma3_hotel_seed42,HOTEL:biwi_hotel:227:10140,HOTEL,biwi_hotel,biwi_hotel:227,10140,3,3.003608465194702,5.437369346618652,1.2589678764343262,1.201184868812561,0.6538320779800415,1.2237379550933838,2.0,2.02:2.31;2.09:1.82;2.02:1.31;2.03:0.8;1.95:0.38;1.85:-0.03;1.95:-0.51;2.01:-1.01,2.03:-1.53;2.18:-2.01;2.24:-2.44;2.19:-2.89;2.18:-3.29;2.16:-3.75;2.05:-4.24;1.97:-4.65;1.96:-5.16;1.89:-5.6;1.76:-6.07;1.78:-6.48,2.095307:-1.054331;2.147218:-0.979705;2.210834:-1.134046;2.221464:-1.019604;2.190883:-1.024795;2.25552:-1.070871;2.057442:-1.022563;2.184549:-1.066844;2.093828:-0.8557214;2.106507:-0.8435209;2.107828:-0.9846796;2.135701:-1.054278
sigma3_hotel_seed42,HOTEL:biwi_hotel:223:10150,HOTEL,biwi_hotel,biwi_hotel:223,10150,3,3.251230478286743,5.933244228363037,1.156773567199707,1.1849321126937866,0.38850075006484985,0.6733784675598145,2.375,1.68:0.06;1.61:-0.44;1.62:-0.91;1.65:-1.37;1.65:-1.86;1.72:-2.35;1.83:-2.77;1.88:-3.23,1.93:-3.67;2.01:-4.16;2.01:-4.67;1.95:-5.25;1.9:-5.74;1.86:-6.25;1.91:-6.77;1.92:-7.24;1.85:-7.72;1.84:-8.19;1.86:-8.71;1.77:-9.18,1.921299:-3.2689;1.925107:-3.192102;1.939601:-3.345657;1.909448:-3.221641;1.847989:-3.235023;1.870374:-3.293149;1.639575:-3.221132;1.723386:-3.252738;1.60001:-3.065345;1.588993:-3.043951;1.549251:-3.192183;1.552862:-3.25073
sigma3_hotel_seed42,HOTEL:biwi_hotel:224:10150,HOTEL,biwi_hotel,biwi_hotel:224,10150,3,3.2417714595794678,5.955463886260986,1.1516293287277222,1.2282779216766357,1.0754082202911377,1.5367690324783325,2.25,1.03:0.73;1.07:0.29;0.98:-0.26;1.08:-0.71;1.19:-1.15;1.14:-1.78;1.19:-2.21;1.4:-2.62,1.41:-3.07;1.41:-3.53;1.55:-4.03;1.42:-4.53;1.25:-5.05;1.36:-5.5;1.37:-5.96;1.19:-6.51;1.19:-7.01;1.29:-7.46;1.16:-7.98;1.13:-8.44,1.582833:-2.656574;1.748783:-2.60712;1.912137:-2.728162;2.05385:-2.637298;2.088935:-2.657291;2.265896:-2.701388;2.226195:-2.695019;2.455451:-2.712911;2.449579:-2.528942;2.526556:-2.519082;2.612659:-2.608557;2.708736:-2.697601
sigma3_hotel_seed42,HOTEL:biwi_hotel:227:10150,HOTEL,biwi_hotel,biwi_hotel:227,10150,3,2.9661290645599365,5.411634922027588,1.3009611368179321,1.2102597951889038,0.5531029105186462,1.0264246463775635,2.125,2.09:1.82;2.02:1.31;2.03:0.8;1.95:0.38;1.85:-0.03;1.95:-0.51;2.01:-1.01;2.03:-1.53,2.18:-2.01;2.24:-2.44;2.19:-2.89;2.18:-3.29;2.16:-3.75;2.05:-4.24;1.97:-4.65;1.96:-5.16;1.89:-5.6;1.76:-6.07;1.78:-6.48;1.78:-6.95,2.05753:-1.575423;2.047148:-1.480784;2.034691:-1.663815;1.969901:-1.52132;1.902476:-1.52512;1.918373:-1.59554;1.618828:-1.491922;1.686175:-1.537199;1.549191:-1.343978;1.514193:-1.312031;1.474774:-1.486525;1.46507:-1.547536
sigma3_hotel_seed42,HOTEL:biwi_hotel:227:10160,HOTEL,biwi_hotel,biwi_hotel:227,10160,3,3.0036966800689697,5.581815242767334,1.2572290897369385,1.2060133218765259,0.6114515662193298,1.1348589658737183,2.25,2.02:1.31;2.03:0.8;1.95:0.38;1.85:-0.03;1.95:-0.51;2.01:-1.01;2.03:-1.53;2.18:-2.01,2.24:-2.44;2.19:-2.89;2.18:-3.29;2.16:-3.75;2.05:-4.24;1.97:-4.65;1.96:-5.16;1.89:-5.6;1.76:-6.07;1.78:-6.48;1.78:-6.95;1.65:-7.47,2.342048:-2.055715;2.477967:-1.990791;2.618548:-2.138619;2.713337:-2.036614;2.729313:-2.041979;2.875514:-2.078368;2.759244:-2.065894;2.966029:-2.109854;2.928246:-1.883596;2.982385:-1.88267;3.050878:-1.995478;3.122176:-2.085823
sigma3_hotel_seed42,HOTEL:biwi_hotel:227:10170,HOTEL,biwi_hotel,biwi_hotel:227,10170,3,2.9648354053497314,5.533635139465332,1.0854146480560303,1.1788947582244873,0.5861152410507202,1.0912772417068481,2.375,2.03:0.8;1.95:0.38;1.85:-0.03;1.95:-0.51;2.01:-1.01;2.03:-1.53;2.18:-2.01;2.24:-2.44,2.19:-2.89;2.18:-3.29;2.16:-3.75;2.05:-4.24;1.97:-4.65;1.96:-5.16;1.89:-5.6;1.76:-6.07;1.78:-6.48;1.78:-6.95;1.65:-7.47;1.64:-7.98,2.289033:-2.47408;2.301168:-2.401222;2.317264:-2.550641;2.302718:-2.424126;2.241098:-2.44676;2.276011:-2.511822;2.066278:-2.438581;2.160403:-2.456366;2.03922:-2.282427;2.032436:-2.259383;1.996055:-2.39682;2.003983:-2.458349
sigma3_hotel_seed42,HOTEL:biwi_hotel:227:10180,HOTEL,biwi_hotel,biwi_hotel:227,10180,3,3.0867178440093994,5.8675217628479,1.1319231986999512,1.1879011392593384,0.6792846918106079,1.2895641326904297,2.5,1.95:0.38;1.85:-0.03;1.95:-0.51;2.01:-1.01;2.03:-1.53;2.18:-2.01;2.24:-2.44;2.19:-2.89,2.18:-3.29;2.16:-3.75;2.05:-4.24;1.97:-4.65;1.96:-5.16;1.89:-5.6;1.76:-6.07;1.78:-6.48;1.78:-6.95;1.65:-7.47;1.64:-7.98;1.68:-8.56,2.068996:-2.915256;1.929033:-2.851111;1.820686:-2.939675;1.674736:-2.857038;1.503162:-2.84403;1.379421:-2.873311;1.079033:-2.832712;1.028062:-2.859265;0.8198159:-2.696572;0.7033155:-2.657321;0.5577412:-2.780952;0.4757949:-2.817379
sigma3_hotel_seed42,HOTEL:biwi_hotel:230:10260,HOTEL,biwi_hotel,biwi_hotel:230,10260,3,3.8645989894866943,7.1097893714904785,1.53235924243927,1.4539111852645874,0.47761180996894836,0.6445220112800598,1.625,0.93:-9.76;0.76:-9.2;0.63:-8.65;0.58:-8.08;0.45:-7.48;0.41:-6.95;0.41:-6.36;0.35:-5.75,0.43:-5.1;0.52:-4.55;0.56:-3.91;0.73:-3.38;0.79:-2.81;0.84:-2.26;0.94:-1.72;0.95:-1.14;1.02:-0.6;1.13:-0.06;1.19:0.53;1.34:1.07,0.3349754:-5.795183;0.2831938:-5.689412;0.2199737:-5.884429;0.1066439:-5.729791;0.01043501:-5.728522;-0.007048309:-5.810311;-0.3707753:-5.679788;-0.3432935:-5.726256;-0.5110819:-5.542293;-0.583612:-5.497158;-0.6485885:-5.687438;-0.6859994:-5.745015
sigma3_hotel_seed42,HOTEL:biwi_hotel:231:10260,HOTEL,biwi_hotel,biwi_hotel:231,10260,3,2.470247983932495,4.456465244293213,0.9055384993553162,0.9900921583175659,0.4452448785305023,0.8372999429702759,2.125,2.75:-9.51;2.86:-9.17;2.92:-8.79;2.95:-8.32;3.05:-7.92;3.11:-7.53;3.1:-7.14;3.14:-6.78,3.16:-6.41;3.1:-5.96;3.06:-5.59;3.09:-5.22;3.05:-4.82;2.98:-4.46;3.08:-4.1;3.05:-3.75;3:-3.38;3.06:-3.06;3.15:-2.74;3.15:-2.36,3.212368:-6.810898;3.263427:-6.753638;3.318552:-6.875036;3.356059:-6.765162;3.313006:-6.796597;3.379025:-6.859047;3.250494:-6.807335;3.374761:-6.810699;3.28918:-6.65768;3.306446:-6.630216;3.289745:-6.745065;3.326242:-6.812979
sigma3_hotel_seed42,HOTEL:biwi_hotel:232:10260,HOTEL,biwi_hotel,biwi_hotel:232,10260,3,2.585552453994751,4.6223464012146,0.9552486538887024,1.0463194847106934,0.5405099391937256,1.1228439807891846,1.5,3.52:-10.01;3.43:-9.55;3.44:-9.17;3.54:-8.78;3.56:-8.35;3.56:-7.92;3.63:-7.49;3.59:-7.11,3.65:-6.6;3.64:-6.25;3.71:-5.78;3.64:-5.35;3.63:-5.03;3.63:-4.68;3.64:-4.33;3.58:-3.97;3.48:-3.68;3.52:-3.34;3.64:-2.96;3.65:-2.58,3.532779:-7.129578;3.456108:-7.072247;3.392599:-7.164566;3.317473:-7.072305;3.178082:-7.080822;3.125615:-7.126035;2.895861:-7.08555;2.90897:-7.088112;2.733891:-6.94181;2.654617:-6.905269;2.552523:-7.006911;2.505392:-7.058388
sigma3_hotel_seed42,HOTEL:biwi_hotel:233:10260,HOTEL,biwi_hotel,biwi_hotel:233,10260,3,0.024032458662986755,0.06233417987823486,0.0,0.0071428571827709675,0.0416666679084301,0.0,0.5,-1.11:-6.76;-1.11:-6.76;-1.11:-6.76;-1.11:-6.76;-1.09:-6.76;-1.09:-6.76;-1.09:-6.76;-1.09:-6.76,-1.09:-6.76;-1.09:-6.76;-1.09:-6.76;-1.09:-6.76;-1.09:-6.76;-1.09:-6.76;-1.09:-6.76;-1.09:-6.76;-1.09:-6.76;-1.09:-6.76;-1.09:-6.76;-1.09:-6.76,-1.097012:-6.760301;-1.112166:-6.766973;-1.103676:-6.754461;-1.110457:-6.758058;-1.094863:-6.764764;-1.119244:-6.759997;-1.080909:-6.760363;-1.095046:-6.750406;-1.083437:-6.765752;-1.048939:-6.781643;-1.045684:-6.781744;-1.028219:-6.768288
sigma3_hotel_seed42,HOTEL:biwi_hotel:230:10270,HOTEL,biwi_hotel,biwi_hotel:230,10270,3,3.674924612045288,6.803400993347168,1.6372613906860352,1.4787932634353638,0.5863317251205444,0.8024020791053772,1.5,0.76:-9.2;0.63:-8.65;0.58:-8.08;0.45:-7.48;0.41:-6.95;0.41:-6.36;0.35:-5.75;0.43:-5.1,0.52:-4.55;0.56:-3.91;0.73:-3.38;0.79:-2.81;0.84:-2.26;0.94:-1.72;0.95:-1.14;1.02:-0.6;1.13:-0.06;1.19:0.53;1.34:1.07;1.45:1.61,0.5551455:-5.155009;0.6520869:-5.054909;0.7245243:-5.260913;0.744196:-5.116963;0.7387325:-5.110145;0.8642374:-5.178582;0.6080257:-5.094181;0.7734876:-5.155636;0.6992109:-4.928919;0.700702:-4.903916;0.7582694:-5.068782;0.7969148:-5.161982
sigma3_hotel_seed42,HOTEL:biwi_hotel:231:10270,HOTEL,biwi_hotel,biwi_hotel:231,10270,3,2.4489545822143555,4.425109386444092,0.9263503551483154,0.9948024153709412,0.4018380641937256,0.7376563549041748,2.125,2.86:-9.17;2.92:-8.79;2.95:-8.32;3.05:-7.92;3.11:-7.53;3.1:-7.14;3.14:-6.78;3.16:-6.41,3.1:-5.96;3.06:-5.59;3.09:-5.22;3.05:-4.82;2.98:-4.46;3.08:-4.1;3.05:-3.75;3:-3.38;3.06:-3.06;3.15:-2.74;3.15:-2.36;3.13:-2,3.206123:-6.438478;3.226482:-6.377395;3.249807:-6.50203;3.257333:-6.388087;3.192809:-6.416817;3.233757:-6.480664;3.069974:-6.42176;3.16946:-6.424389;3.058805:-6.272026;3.054336:-6.243199;3.018052:-6.360128;3.033675:-6.424061
sigma3_hotel_seed42,HOTEL:biwi_hotel:232:10270,HOTEL,biwi_hotel,biwi_hotel:232,10270,3,2.432147741317749,4.4476399421691895,1.2837932109832764,1.0623178482055664,0.5779575109481812,1.1253085136413574,1.625,3.43:-9.55;3.44:-9.17;3.54:-8.78;3.56:-8.35;3.56:-7.92;3.63:-7.49;3.59:-7.11;3.65:-6.6,3.64:-6.25;3.71:-5.78;3.64:-5.35;3.63:-5.03;3.63:-4.68;3.64:-4.33;3.58:-3.97;3.48:-3.68;3.52:-3.34;3.64:-2.96;3.65:-2.58;3.65:-2.2,3.74012:-6.642255;3.797313:-6.56996;3.863698:-6.721512;3.883193:-6.606963;3.853625:-6.616004;3.925261:-6.664242;3.739342:-6.617092;3.872537:-6.655429;3.784152:-6.450154;3.7997:-6.43757;3.803907:-6.572608;3.834847:-6.643797
sigma3_hotel_seed42,HOTEL:biwi_hotel:233:10270,HOTEL,biwi_hotel,biwi_hotel:233,10270,3,0.030163155868649483,0.07793524116277695,0.0,0.0071428571827709675,0.0416666679084301,0.0,0.5,-1.11:-6.76;-1.11:-6.76;-1.11:-6.76;-1.09:-6.76;-1.09:-6.76;-1.09:-6.76;-1.09:-6.76;-1.09:-6.76,-1.09:-6.76;-1.09:-6.76;-1.09:-6.76;-1.09:-6.76;-1.09:-6.76;-1.09:-6.76;-1.09:-6.76;-1.09:-6.76;-1.09:-6.76;-1.09:-6.76;-1.09:-6.76;-1.09:-6.76,-1.098019:-6.76015;-1.11839:-6.765229;-1.115477:-6.755425;-1.121696:-6.755258;-1.1035:-6.761418;-1.12454:-6.763713;-1.082203:-6.752306;-1.097852:-6.742716;-1.085038:-6.762188;-1.044279:-6.780084;-1.037403:-6.777994;-1.012065:-6.760066
sigma3_hotel_seed42,HOTEL:biwi_hotel:230:10280,HOTEL,biwi_hotel,biwi_hotel:230,10280,3,3.687939405441284,6.7783355712890625,1.3932874202728271,1.475993275642395,0.6051198840141296,0.6975313425064087,1.5,0.63:-8.65;0.58:-8.08;0.45:-7.48;0.41:-6.95;0.41:-6.36;0.35:-5.75;0.43:-5.1;0.52:-4.55,0.56:-3.91;0.73:-3.38;0.79:-2.81;0.84:-2.26;0.94:-1.72;0.95:-1.14;1.02:-0.6;1.13:-0.06;1.19:0.53;1.34:1.07;1.45:1.61;1.5:2.15,0.6470618:-4.598397;0.744935:-4.521863;0.8454355:-4.685193;0.8926783:-4.570813;0.8887566:-4.571361;1.000238:-4.615989;0.8221271:-4.576849;0.9912887:-4.628052;0.9277208:-4.402854;0.956293:-4.393769;0.9991611:-4.529996;1.048039:-4.613251
sigma3_hotel_seed42,HOTEL:biwi_hotel:231:10280,HOTEL,biwi_hotel,biwi_hotel:231,10280,3,2.4103822708129883,4.507092475891113,1.1349560022354126,1.0195434093475342,0.42086800932884216,0.8313508033752441,2.125,2.92:-8.79;2.95:-8.32;3.05:-7.92;3.11:-7.53;3.1:-7.14;3.14:-6.78;3.16:-6.41;3.1:-5.96,3.06:-5.59;3.09:-5.22;3.05:-4.82;2.98:-4.46;3.08:-4.1;3.05:-3.75;3:-3.38;3.06:-3.06;3.15:-2.74;3.15:-2.36;3.13:-2;3.18:-1.6,3.032704:-5.98604;2.942431:-5.921151;2.872302:-6.025078;2.772743:-5.929708;2.633882:-5.92962;2.564166:-5.971302;2.30008:-5.922392;2.297402:-5.941306;2.116787:-5.781124;2.033014:-5.745391;1.923548:-5.866516;1.870423:-5.912643
sigma3_hotel_seed42,HOTEL:biwi_hotel:232:10280,HOTEL,biwi_hotel,biwi_hotel:232,10280,3,2.4256162643432617,4.463145732879639,0.8753570914268494,1.051607608795166,0.6655498743057251,1.0462878942489624,1.625,3.44:-9.17;3.54:-8.78;3.56:-8.35;3.56:-7.92;3.63:-7.49;3.59:-7.11;3.65:-6.6;3.64:-6.25,3.71:-5.78;3.64:-5.35;3.63:-5.03;3.63:-4.68;3.64:-4.33;3.58:-3.97;3.48:-3.68;3.52:-3.34;3.64:-2.96;3.65:-2.58;3.65:-2.2;3.66:-1.81,3.632953:-6.272459;3.604115:-6.215031;3.58283:-6.319881;3.551111:-6.21826;3.446637:-6.238172;3.440418:-6.292651;3.248782:-6.24539;3.305059:-6.244762;3.161263:-6.097922;3.118531:-6.065151;3.047879:-6.170657;3.031271:-6.228639
sigma3_hotel_seed42,HOTEL:biwi_hotel:233:10280,HOTEL,biwi_hotel,biwi_hotel:233,10280,3,0.029705120250582695,0.08997199684381485,0.0,0.0071428571827709675,0.0416666679084301,0.0,0.5,-1.11:-6.76;-1.11:-6.76;-1.09:-6.76;-1.09:-6.76;-1.09:-6.76;-1.09:-6.76;-1.09:-6.76;-1.09:-6.76,-1.09:-6.76;-1.09:-6.76;-1.09:-6.76;-1.09:-6.76;-1.09:-6.76;-1.09:-6.76;-1.09:-6.76;-1.09:-6.76;-1.09:-6.76;-1.09:-6.76;-1.09:-6.76;-1.09:-6.76,-1.092884:-6.759725;-1.105347:-6.764638;-1.09896:-6.757057;-1.10328:-6.757729;-1.085557:-6.765039;-1.103554:-6.763851;-1.068305:-6.759125;-1.078335:-6.751607;-1.063456:-6.766235;-1.027679:-6.783365;-1.01976:-6.783103;-1.000806:-6.771805
sigma3_hotel_seed42,HOTEL:biwi_hotel:230:10290,HOTEL,biwi_hotel,biwi_hotel:230,10290,3,3.6034533977508545,6.701211452484131,1.6031219959259033,1.500657558441162,0.6233659982681274,0.6714380383491516,1.5,0.58:-8.08;0.45:-7.48;0.41:-6.95;0.41:-6.36;0.35:-5.75;0.43:-5.1;0.52:-4.55;0.56:-3.91,0.73:-3.38;0.79:-2.81;0.84:-2.26;0.94:-1.72;0.95:-1.14;1.02:-0.6;1.13:-0.06;1.19:0.53;1.34:1.07;1.45:1.61;1.5:2.15;1.65:2.67,0.6575243:-3.961707;0.7239268:-3.864854;0.7741339:-4.061323;0.7717526:-3.919742;0.7486075:-3.916746;0.8416451:-3.98423;0.5786895:-3.897464;0.7164535:-3.953359;0.624933:-3.736032;0.6182164:-3.71036;0.6467317:-3.876248;0.672184:-3.959488
sigma3_hotel_seed42,HOTEL:biwi_hotel:231:10290,HOTEL,biwi_hotel,biwi_hotel:231,10290,3,2.387293577194214,4.4364094734191895,0.9303897023200989,0.9842574596405029,0.4036462903022766,0.6749771237373352,2.125,2.95:-8.32;3.05:-7.92;3.11:-7.53;3.1:-7.14;3.14:-6.78;3.16:-6.41;3.1:-5.96;3.06:-5.59,3.09:-5.22;3.05:-4.82;2.98:-4.46;3.08:-4.1;3.05:-3.75;3:-3.38;3.06:-3.06;3.15:-2.74;3.15:-2.36;3.13:-2;3.18:-1.6;3.14:-1.25,3.007659:-5.61017;2.935148:-5.552166;2.875165:-5.647027;2.803:-5.553171;2.667107:-5.562392;2.618942:-5.608634;2.390315:-5.566604;2.407265:-5.56965;2.23466:-5.42248;2.158528:-5.3864;2.059623:-5.489357;2.015057:-5.541414
sigma3_hotel_seed42,HOTEL:biwi_hotel:232:10290,HOTEL,biwi_hotel,biwi_hotel:232,10290,3,2.3672680854797363,4.462522029876709,1.1879603862762451,1.0775246620178223,0.722611665725708,1.0181764364242554,1.625,3.54:-8.78;3.56:-8.35;3.56:-7.92;3.63:-7.49;3.59:-7.11;3.65:-6.6;3.64:-6.25;3.71:-5.78,3.64:-5.35;3.63:-5.03;3.63:-4.68;3.64:-4.33;3.58:-3.97;3.48:-3.68;3.52:-3.34;3.64:-2.96;3.65:-2.58;3.65:-2.2;3.66:-1.81;3.68:-1.37,3.808156:-5.817555;3.873953:-5.749251;3.942612:-5.896574;3.977878:-5.779814;3.948442:-5.797919;4.032457:-5.852681;3.867809:-5.80484;4.011503:-5.829761;3.925603:-5.637077;3.945847:-5.623208;3.953469:-5.747732;3.988843:-5.821822
sigma3_hotel_seed42,HOTEL:biwi_hotel:233:10290,HOTEL,biwi_hotel,biwi_hotel:233,10290,3,0.023205453529953957,0.04219717159867287,0.0,0.0071428571827709675,0.02083333395421505,0.0,0.5,-1.11:-6.76;-1.09:-6.76;-1.09:-6.76;-1.09:-6.76;-1.09:-6.76;-1.09:-6.76;-1.09:-6.76;-1.09:-6.76,-1.09:-6.76;-1.09:-6.76;-1.09:-6.76;-1.09:-6.76;-1.09:-6.76;-1.09:-6.76;-1.09:-6.76;-1.09:-6.76;-1.09:-6.76;-1.09:-6.76;-1.09:-6.76;-1.07:-6.76,-1.097971:-6.760423;-1.114279:-6.767626;-1.104996:-6.753863;-1.112637:-6.757992;-1.096438:-6.764876;-1.122827:-6.759632;-1.082165:-6.76055;-1.097599:-6.749772;-1.085683:-6.766101;-1.049661:-6.782476;-1.046783:-6.782569;-1.028646:-6.768392
sigma3_hotel_seed42,HOTEL:biwi_hotel:230:10300,HOTEL,biwi_hotel,biwi_hotel:230,10300,3,3.6347362995147705,6.672905445098877,1.3914920091629028,1.4801843166351318,0.6819871664047241,0.7813668847084045,1.375,0.45:-7.48;0.41:-6.95;0.41:-6.36;0.35:-5.75;0.43:-5.1;0.52:-4.55;0.56:-3.91;0.73:-3.38,0.79:-2.81;0.84:-2.26;0.94:-1.72;0.95:-1.14;1.02:-0.6;1.13:-0.06;1.19:0.53;1.34:1.07;1.45:1.61;1.5:2.15;1.65:2.67;1.73:3.21,0.8993174:-3.428046;1.042639:-3.363552;1.195546:-3.51082;1.295074:-3.413204;1.317562:-3.414735;1.465681:-3.444753;1.353217:-3.44067;1.565724:-3.491633;1.534427:-3.25248;1.595581:-3.256537;1.668905:-3.372441;1.743741:-3.462891
sigma3_hotel_seed42,HOTEL:biwi_hotel:231:10300,HOTEL,biwi_hotel,biwi_hotel:231,10300,3,2.343336343765259,4.344424724578857,0.92803555727005,0.9695802330970764,0.43361395597457886,0.7712417244911194,2.0,3.05:-7.92;3.11:-7.53;3.1:-7.14;3.14:-6.78;3.16:-6.41;3.1:-5.96;3.06:-5.59;3.09:-5.22,3.05:-4.82;2.98:-4.46;3.08:-4.1;3.05:-3.75;3:-3.38;3.06:-3.06;3.15:-2.74;3.15:-2.36;3.13:-2;3.18:-1.6;3.14:-1.25;3.04:-0.89,3.137146:-5.248973;3.15729:-5.186161;3.178947:-5.314499;3.184458:-5.198378;3.120234:-5.226243;3.162893:-5.290967;2.99298:-5.229658;3.092993:-5.233529;2.980878:-5.080108;2.974737:-5.051185;2.94035:-5.168985;2.955167:-5.233596
sigma3_hotel_seed42,HOTEL:biwi_hotel:232:10300,HOTEL,biwi_hotel,biwi_hotel:232,10300,3,2.322467565536499,4.510082721710205,1.0891510248184204,1.0793801546096802,0.8534472584724426,1.280922770500183,1.625,3.56:-8.35;3.56:-7.92;3.63:-7.49;3.59:-7.11;3.65:-6.6;3.64:-6.25;3.71:-5.78;3.64:-5.35,3.63:-5.03;3.63:-4.68;3.64:-4.33;3.58:-3.97;3.48:-3.68;3.52:-3.34;3.64:-2.96;3.65:-2.58;3.65:-2.2;3.66:-1.81;3.68:-1.37;3.65:-0.98,3.562776:-5.374143;3.46489:-5.311391;3.387299:-5.408534;3.283697:-5.317104;3.137015:-5.315845;3.060411:-5.355604;2.796944:-5.310961;2.787571:-5.327265;2.602166:-5.171176;2.510891:-5.13375;2.396088:-5.24919;2.337987:-5.295028
sigma3_hotel_seed42,HOTEL:biwi_hotel:233:10300,HOTEL,biwi_hotel,biwi_hotel:233,10300,3,0.020287828519940376,0.035618267953395844,0.0,0.0,0.0,0.0,0.5,-1.09:-6.76;-1.09:-6.76;-1.09:-6.76;-1.09:-6.76;-1.09:-6.76;-1.09:-6.76;-1.09:-6.76;-1.09:-6.76,-1.09:-6.76;-1.09:-6.76;-1.09:-6.76;-1.09:-6.76;-1.09:-6.76;-1.09:-6.76;-1.09:-6.76;-1.09:-6.76;-1.09:-6.76;-1.09:-6.76;-1.07:-6.76;-1.07:-6.76,-1.098052:-6.760445;-1.113855:-6.767575;-1.10481:-6.753785;-1.112191:-6.758163;-1.09715:-6.7647;-1.123135:-6.75898;-1.084047:-6.760711;-1.099201:-6.750154;-1.088417:-6.765661;-1.054289:-6.781216;-1.05222:-6.781397;-1.035162:-6.767413
sigma3_hotel_seed42,HOTEL:biwi_hotel:230:10310,HOTEL,biwi_hotel,biwi_hotel:230,10310,3,3.595355987548828,6.637689113616943,1.432873010635376,1.495056390762329,0.7287954688072205,0.9115484952926636,1.0,0.41:-6.95;0.41:-6.36;0.35:-5.75;0.43:-5.1;0.52:-4.55;0.56:-3.91;0.73:-3.38;0.79:-2.81,0.84:-2.26;0.94:-1.72;0.95:-1.14;1.02:-0.6;1.13:-0.06;1.19:0.53;1.34:1.07;1.45:1.61;1.5:2.15;1.65:2.67;1.73:3.21;1.76:3.75,0.9102187:-2.855228;0.9997095:-2.785576;1.100841:-2.935867;1.14917:-2.82865;1.139922:-2.833726;1.237474:-2.87318;1.077303:-2.844053;1.239683:-2.889837;1.173189:-2.666058;1.207819:-2.661824;1.236749:-2.793048;1.283667:-2.870576
sigma3_hotel_seed42,HOTEL:biwi_hotel:231:10310,HOTEL,biwi_hotel,biwi_hotel:231,10310,3,2.3230812549591064,4.342607498168945,1.0049875974655151,0.9722254276275635,0.44002825021743774,0.7735297679901123,1.875,3.11:-7.53;3.1:-7.14;3.14:-6.78;3.16:-6.41;3.1:-5.96;3.06:-5.59;3.09:-5.22;3.05:-4.82,2.98:-4.46;3.08:-4.1;3.05:-3.75;3:-3.38;3.06:-3.06;3.15:-2.74;3.15:-2.36;3.13:-2;3.18:-1.6;3.14:-1.25;3.04:-0.89;3.04:-0.53,3.019376:-4.843316;2.964859:-4.781742;2.920718:-4.889081;2.860356:-4.787643;2.74055:-4.7997;2.710443:-4.85041;2.484693:-4.800693;2.518017:-4.807078;2.356296:-4.654572;2.294721:-4.620942;2.209441:-4.7317;2.176157:-4.785821
sigma3_hotel_seed42,HOTEL:biwi_hotel:232:10310,HOTEL,biwi_hotel,biwi_hotel:232,10310,3,2.30908465385437,4.4324727058410645,0.8003905415534973,1.0401502847671509,0.9110510945320129,1.249682903289795,1.5,3.56:-7.92;3.63:-7.49;3.59:-7.11;3.65:-6.6;3.64:-6.25;3.71:-5.78;3.64:-5.35;3.63:-5.03,3.63:-4.68;3.64:-4.33;3.58:-3.97;3.48:-3.68;3.52:-3.34;3.64:-2.96;3.65:-2.58;3.65:-2.2;3.66:-1.81;3.68:-1.37;3.65:-0.98;3.65:-0.62,3.607569:-5.052813;3.590221:-5.009036;3.584603:-5.080317;3.563985:-5.003313;3.457098:-5.017224;3.442248:-5.062709;3.310784:-5.041583;3.357827:-5.033211;3.234519:-4.903575;3.184409:-4.866237;3.119803:-4.953321;3.106738:-5.019054
sigma3_hotel_seed42,HOTEL:biwi_hotel:233:10310,HOTEL,biwi_hotel,biwi_hotel:233,10310,3,0.019026337191462517,0.035618267953395844,0.0,0.0,0.0,0.0,0.375,-1.09:-6.76;-1.09:-6.76;-1.09:-6.76;-1.09:-6.76;-1.09:-6.76;-1.09:-6.76;-1.09:-6.76;-1.09:-6.76,-1.09:-6.76;-1.09:-6.76;-1.09:-6.76;-1.09:-6.76;-1.09:-6.76;-1.09:-6.76;-1.09:-6.76;-1.09:-6.76;-1.09:-6.76;-1.07:-6.76;-1.07:-6.76;-1.07:-6.76,-1.098052:-6.760445;-1.113855:-6.767575;-1.10481:-6.753785;-1.112191:-6.758163;-1.09715:-6.7647;-1.123135:-6.75898;-1.084047:-6.760711;-1.099201:-6.750154;-1.088417:-6.765661;-1.054289:-6.781216;-1.05222:-6.781397;-1.035162:-6.767413
sigma3_hotel_seed42,HOTEL:biwi_hotel:231:10320,HOTEL,biwi_hotel,biwi_hotel:231,10320,3,2.3780715465545654,4.436246395111084,0.916856050491333,0.9638733863830566,0.4313725233078003,0.7296165227890015,1.625,3.1:-7.14;3.14:-6.78;3.16:-6.41;3.1:-5.96;3.06:-5.59;3.09:-5.22;3.05:-4.82;2.98:-4.46,3.08:-4.1;3.05:-3.75;3:-3.38;3.06:-3.06;3.15:-2.74;3.15:-2.36;3.13:-2;3.18:-1.6;3.14:-1.25;3.04:-0.89;3.04:-0.53;3.06:-0.15,2.902816:-4.474684;2.811741:-4.423925;2.735472:-4.498377;2.65584:-4.416076;2.500317:-4.424293;2.43275:-4.465166;2.212741:-4.436072;2.212886:-4.430773;2.029618:-4.293836;1.938197:-4.254637;1.82305:-4.343416;1.766883:-4.393599
sigma3_hotel_seed42,HOTEL:biwi_hotel:232:10320,HOTEL,biwi_hotel,biwi_hotel:232,10320,3,2.347003221511841,4.571097373962402,0.875,1.0095572471618652,0.818126380443573,1.014670729637146,1.375,3.63:-7.49;3.59:-7.11;3.65:-6.6;3.64:-6.25;3.71:-5.78;3.64:-5.35;3.63:-5.03;3.63:-4.68,3.64:-4.33;3.58:-3.97;3.48:-3.68;3.52:-3.34;3.64:-2.96;3.65:-2.58;3.65:-2.2;3.66:-1.81;3.68:-1.37;3.65:-0.98;3.65:-0.62;3.64:-0.13,3.675372:-4.709923;3.70795:-4.656499;3.748055:-4.762265;3.772012:-4.662442;3.715338:-4.68904;3.761749:-4.746931;3.633405:-4.700308;3.736597:-4.702697;3.645709:-4.563441;3.646747:-4.527462;3.616623:-4.636054;3.645942:-4.701094
sigma3_hotel_seed42,HOTEL:biwi_hotel:233:10320,HOTEL,biwi_hotel,biwi_hotel:233,10320,3,0.023815631866455078,0.0797010213136673,0.0,0.0,0.0,0.0,0.25,-1.09:-6.76;-1.09:-6.76;-1.09:-6.76;-1.09:-6.76;-1.09:-6.76;-1.09:-6.76;-1.09:-6.76;-1.09:-6.76,-1.09:-6.76;-1.09:-6.76;-1.09:-6.76;-1.09:-6.76;-1.09:-6.76;-1.09:-6.76;-1.09:-6.76;-1.09:-6.76;-1.07:-6.76;-1.07:-6.76;-1.07:-6.76;-1.11:-6.74,-1.098052:-6.760445;-1.113855:-6.767575;-1.10481:-6.753785;-1.112191:-6.758163;-1.09715:-6.7647;-1.123135:-6.75898;-1.084047:-6.760711;-1.099201:-6.750154;-1.088417:-6.765661;-1.054289:-6.781216;-1.05222:-6.781397;-1.035162:-6.767413
sigma3_hotel_seed42,HOTEL:biwi_hotel:231:10330,HOTEL,biwi_hotel,biwi_hotel:231,10330,3,2.3560264110565186,4.483796119689941,0.9340770840644836,0.9679503440856934,0.5851634740829468,1.1359556913375854,1.25,3.14:-6.78;3.16:-6.41;3.1:-5.96;3.06:-5.59;3.09:-5.22;3.05:-4.82;2.98:-4.46;3.08:-4.1,3.05:-3.75;3:-3.38;3.06:-3.06;3.15:-2.74;3.15:-2.36;3.13:-2;3.18:-1.6;3.14:-1.25;3.04:-0.89;3.04:-0.53;3.06:-0.15;3:0.29,3.190455:-4.134112;3.28106:-4.077378;3.371889:-4.203255;3.443232:-4.097066;3.424148:-4.123474;3.530226:-4.17976;3.424837:-4.143187;3.587113:-4.153611;3.524981:-3.985439;3.558578:-3.964369;3.578372:-4.069969;3.633657:-4.148796
sigma3_hotel_seed42,HOTEL:biwi_hotel:232:10330,HOTEL,biwi_hotel,biwi_hotel:232,10330,3,2.3637683391571045,4.545098781585693,0.8753570914268494,0.9981442093849182,0.6576970219612122,0.8212486505508423,1.25,3.59:-7.11;3.65:-6.6;3.64:-6.25;3.71:-5.78;3.64:-5.35;3.63:-5.03;3.63:-4.68;3.64:-4.33,3.58:-3.97;3.48:-3.68;3.52:-3.34;3.64:-2.96;3.65:-2.58;3.65:-2.2;3.66:-1.81;3.68:-1.37;3.65:-0.98;3.65:-0.62;3.64:-0.13;3.56:0.21,3.644008:-4.353959;3.627824:-4.297273;3.619155:-4.402622;3.598879:-4.301108;3.50427:-4.322569;3.508905:-4.377889;3.330048:-4.330565;3.396113:-4.33049;3.263028:-4.184931;3.229528:-4.151709;3.167131:-4.258061;3.159893:-4.317453
sigma3_hotel_seed42,HOTEL:biwi_hotel:233:10330,HOTEL,biwi_hotel,biwi_hotel:233,10330,3,0.037064697593450546,0.1780904233455658,0.0,0.0,0.0,0.0,0.125,-1.09:-6.76;-1.09:-6.76;-1.09:-6.76;-1.09:-6.76;-1.09:-6.76;-1.09:-6.76;-1.09:-6.76;-1.09:-6.76,-1.09:-6.76;-1.09:-6.76;-1.09:-6.76;-1.09:-6.76;-1.09:-6.76;-1.09:-6.76;-1.09:-6.76;-1.07:-6.76;-1.07:-6.76;-1.07:-6.76;-1.11:-6.74;-1.2:-6.7,-1.098052:-6.760445;-1.113855:-6.767575;-1.10481:-6.753785;-1.112191:-6.758163;-1.09715:-6.7647;-1.123135:-6.75898;-1.084047:-6.760711;-1.099201:-6.750154;-1.088417:-6.765661;-1.054289:-6.781216;-1.05222:-6.781397;-1.035162:-6.767413
sigma3_hotel_seed42,HOTEL:biwi_hotel:231:10340,HOTEL,biwi_hotel,biwi_hotel:231,10340,3,2.3306150436401367,4.498467922210693,0.8782083988189697,0.9610729217529297,0.6031290292739868,1.3058547973632812,1.125,3.16:-6.41;3.1:-5.96;3.06:-5.59;3.09:-5.22;3.05:-4.82;2.98:-4.46;3.08:-4.1;3.05:-3.75,3:-3.38;3.06:-3.06;3.15:-2.74;3.15:-2.36;3.13:-2;3.18:-1.6;3.14:-1.25;3.04:-0.89;3.04:-0.53;3.06:-0.15;3:0.29;2.97:0.74,3.036535:-3.772722;3.006872:-3.718024;2.986386:-3.81435;2.955734:-3.71923;2.849984:-3.736379;2.841504:-3.787549;2.658142:-3.745682;2.710975:-3.745447;2.570985:-3.604598;2.524647:-3.567939;2.45384:-3.668765;2.438832:-3.726999
sigma3_hotel_seed42,HOTEL:biwi_hotel:232:10340,HOTEL,biwi_hotel,biwi_hotel:232,10340,3,2.409560441970825,4.608113765716553,0.9124143719673157,0.9450900554656982,0.5494347214698792,0.8692886233329773,1.125,3.65:-6.6;3.64:-6.25;3.71:-5.78;3.64:-5.35;3.63:-5.03;3.63:-4.68;3.64:-4.33;3.58:-3.97,3.48:-3.68;3.52:-3.34;3.64:-2.96;3.65:-2.58;3.65:-2.2;3.66:-1.81;3.68:-1.37;3.65:-0.98;3.65:-0.62;3.64:-0.13;3.56:0.21;3.49:0.61,3.531697:-3.98831;3.472033:-3.938372;3.426086:-4.017115;3.373376:-3.932841;3.241956:-3.945459;3.201353:-3.989669;3.01009:-3.958814;3.034844:-3.954439;2.876214:-3.81839;2.807592:-3.779772;2.713285:-3.871897;2.678632:-3.926121
sigma3_hotel_seed42,HOTEL:biwi_hotel:231:10350,HOTEL,biwi_hotel,biwi_hotel:231,10350,3,2.3588626384735107,4.550197601318359,0.933407723903656,0.9322803020477295,0.5466938018798828,1.3298091888427734,1.0,3.1:-5.96;3.06:-5.59;3.09:-5.22;3.05:-4.82;2.98:-4.46;3.08:-4.1;3.05:-3.75;3:-3.38,3.06:-3.06;3.15:-2.74;3.15:-2.36;3.13:-2;3.18:-1.6;3.14:-1.25;3.04:-0.89;3.04:-0.53;3.06:-0.15;3:0.29;2.97:0.74;3:1.13,2.970129:-3.400123;2.918413:-3.342366;2.87476:-3.442716;2.822783:-3.343877;2.700269:-3.359202;2.674165:-3.410607;2.462649:-3.365728;2.499864:-3.364756;2.33884:-3.218706;2.277213:-3.184493;2.192524:-3.286135;2.160017:-3.341993
sigma3_hotel_seed42,HOTEL:biwi_hotel:232:10350,HOTEL,biwi_hotel,biwi_hotel:232,10350,3,2.6802804470062256,4.971957683563232,0.7668930888175964,0.9295952320098877,0.4831852912902832,0.8597863912582397,1.0,3.64:-6.25;3.71:-5.78;3.64:-5.35;3.63:-5.03;3.63:-4.68;3.64:-4.33;3.58:-3.97;3.48:-3.68,3.52:-3.34;3.64:-2.96;3.65:-2.58;3.65:-2.2;3.66:-1.81;3.68:-1.37;3.65:-0.98;3.65:-0.62;3.64:-0.13;3.56:0.21;3.49:0.61;3.57:1.02,3.319009:-3.684044;3.168008:-3.652092;3.039059:-3.670629;2.903686:-3.629081;2.697645:-3.615083;2.553773:-3.632817;2.353956:-3.646199;2.276053:-3.622619;2.064036:-3.514086;1.910398:-3.479012;1.767906:-3.524817;1.658288:-3.569741
sigma3_hotel_seed42,HOTEL:biwi_hotel:231:10360,HOTEL,biwi_hotel,biwi_hotel:231,10360,3,2.427993059158325,4.646666049957275,0.8139410018920898,0.9156447649002075,0.5996422171592712,1.460884690284729,1.0,3.06:-5.59;3.09:-5.22;3.05:-4.82;2.98:-4.46;3.08:-4.1;3.05:-3.75;3:-3.38;3.06:-3.06,3.15:-2.74;3.15:-2.36;3.13:-2;3.18:-1.6;3.14:-1.25;3.04:-0.89;3.04:-0.53;3.06:-0.15;3:0.29;2.97:0.74;3:1.13;3.01:1.52,3.141054:-3.093585;3.213311:-3.042791;3.292332:-3.149219;3.352558:-3.052342;3.323557:-3.080336;3.405363:-3.136636;3.313583:-3.097835;3.450346:-3.10331;3.389361:-2.960166;3.415261:-2.926476;3.414114:-3.032249;3.468617:-3.103978
sigma3_hotel_seed42,HOTEL:biwi_hotel:232:10360,HOTEL,biwi_hotel,biwi_hotel:232,10360,3,2.54358172416687,4.721127986907959,0.8558621406555176,0.8821526169776917,0.4863712191581726,0.999730110168457,1.0,3.71:-5.78;3.64:-5.35;3.63:-5.03;3.63:-4.68;3.64:-4.33;3.58:-3.97;3.48:-3.68;3.52:-3.34,3.64:-2.96;3.65:-2.58;3.65:-2.2;3.66:-1.81;3.68:-1.37;3.65:-0.98;3.65:-0.62;3.64:-0.13;3.56:0.21;3.49:0.61;3.57:1.02;3.58:1.36,3.571934:-3.370311;3.602907:-3.310869;3.637141:-3.431894;3.654514:-3.321527;3.598078:-3.349103;3.648118:-3.411797;3.498226:-3.355366;3.604275:-3.359518;3.505152:-3.212072;3.50532:-3.179929;3.477453:-3.2947;3.502174:-3.360486
sigma3_hotel_seed42,HOTEL:biwi_hotel:231:10370,HOTEL,biwi_hotel,biwi_hotel:231,10370,3,2.526799440383911,4.743032455444336,0.8310385346412659,0.901788055896759,0.5515612363815308,1.3691314458847046,1.0,3.09:-5.22;3.05:-4.82;2.98:-4.46;3.08:-4.1;3.05:-3.75;3:-3.38;3.06:-3.06;3.15:-2.74,3.15:-2.36;3.13:-2;3.18:-1.6;3.14:-1.25;3.04:-0.89;3.04:-0.53;3.06:-0.15;3:0.29;2.97:0.74;3:1.13;3.01:1.52;3:1.9,3.244975:-2.773551;3.331745:-2.724964;3.425144:-2.828472;3.499461:-2.735987;3.48316:-2.762716;3.578249:-2.816746;3.501884:-2.783217;3.650295:-2.789486;3.60273:-2.646616;3.63869:-2.614279;3.650774:-2.717334;3.714251:-2.788945
sigma3_hotel_seed42,HOTEL:biwi_hotel:232:10370,HOTEL,biwi_hotel,biwi_hotel:232,10370,3,2.619426965713501,4.82343053817749,0.9962429404258728,0.868880033493042,0.44902023673057556,1.058364987373352,1.0,3.64:-5.35;3.63:-5.03;3.63:-4.68;3.64:-4.33;3.58:-3.97;3.48:-3.68;3.52:-3.34;3.64:-2.96,3.65:-2.58;3.65:-2.2;3.66:-1.81;3.68:-1.37;3.65:-0.98;3.65:-0.62;3.64:-0.13;3.56:0.21;3.49:0.61;3.57:1.02;3.58:1.36;3.42:1.73,3.772082:-2.994783;3.876406:-2.933338;3.97577:-3.074012;4.054984:-2.960847;4.043515:-2.985517;4.168186:-3.041827;4.051789:-3.006485;4.232921:-3.021084;4.170194:-2.834908;4.208719:-2.822579;4.244873:-2.927937;4.300946:-3.0123
sigma3_hotel_seed42,HOTEL:biwi_hotel:235:10370,HOTEL,biwi_hotel,biwi_hotel:235,10370,3,2.527541399002075,4.699159145355225,0.8189169764518738,0.8704217076301575,0.42995548248291016,1.0299094915390015,1.0,4:-9.3;4.02:-8.91;4.04:-8.55;3.97:-8.19;3.92:-7.87;3.98:-7.55;3.94:-7.21;3.87:-6.89,3.95:-6.5;3.89:-6.17;3.81:-5.81;3.82:-5.41;3.83:-4.95;3.77:-4.52;3.81:-4.12;3.83:-3.76;3.81:-3.39;3.82:-3.02;3.82:-2.65;3.8:-2.26,3.782436:-6.905103;3.69785:-6.862136;3.629103:-6.916549;3.552903:-6.85034;3.39683:-6.851561;3.324709:-6.886293;3.13929:-6.873369;3.131609:-6.864153;2.961184:-6.740017;2.860969:-6.697679;2.754376:-6.772731;2.698542:-6.828248
sigma3_hotel_seed42,HOTEL:biwi_hotel:236:10370,HOTEL,biwi_hotel,biwi_hotel:236,10370,3,2.5155136585235596,4.685442924499512,1.1070795059204102,0.9206682443618774,0.4433223009109497,0.7876298427581787,1.125,3.42:-9.44;3.38:-9.1;3.33:-8.76;3.35:-8.41;3.34:-8.07;3.26:-7.66;3.24:-7.32;3.29:-6.88,3.21:-6.56;3.15:-6.12;3.21:-5.74;3.19:-5.31;3.1:-4.93;3.11:-4.57;3.13:-4.2;3.07:-3.8;3.02:-3.42;3.07:-3.03;3.06:-2.68;2.94:-2.25,3.371958:-6.91576;3.420276:-6.846006;3.469881:-6.994174;3.489663:-6.873077;3.448989:-6.893798;3.518881:-6.953772;3.340313:-6.895779;3.468271:-6.916182;3.370278:-6.73349;3.380405:-6.715192;3.37424:-6.842098;3.400772:-6.912732
sigma3_hotel_seed42,HOTEL:biwi_hotel:231:10380,HOTEL,biwi_hotel,biwi_hotel:231,10380,3,2.465578079223633,4.6431779861450195,0.949999988079071,0.8939327001571655,0.6121513843536377,1.550919532775879,1.0,3.05:-4.82;2.98:-4.46;3.08:-4.1;3.05:-3.75;3:-3.38;3.06:-3.06;3.15:-2.74;3.15:-2.36,3.13:-2;3.18:-1.6;3.14:-1.25;3.04:-0.89;3.04:-0.53;3.06:-0.15;3:0.29;2.97:0.74;3:1.13;3.01:1.52;3:1.9;3.08:2.27,3.20056:-2.389074;3.217777:-2.321622;3.233288:-2.461377;3.232269:-2.337319;3.166888:-2.36567;3.210829:-2.433885;3.022926:-2.365202;3.123749:-2.370353;3.003995:-2.210625;2.995891:-2.184615;2.962124:-2.306929;2.972214:-2.371927
sigma3_hotel_seed42,HOTEL:biwi_hotel:232:10380,HOTEL,biwi_hotel,biwi_hotel:232,10380,3,2.5612120628356934,4.715836048126221,0.9503288865089417,0.8902997970581055,0.5306631922721863,1.3066942691802979,1.0,3.63:-5.03;3.63:-4.68;3.64:-4.33;3.58:-3.97;3.48:-3.68;3.52:-3.34;3.64:-2.96;3.65:-2.58,3.65:-2.2;3.66:-1.81;3.68:-1.37;3.65:-0.98;3.65:-0.62;3.64:-0.13;3.56:0.21;3.49:0.61;3.57:1.02;3.58:1.36;3.42:1.73;3.42:2.12,3.705767:-2.609729;3.726603:-2.541075;3.745081:-2.684714;3.746046:-2.558141;3.68408:-2.587359;3.731886:-2.656933;3.542978:-2.585824;3.647467:-2.591743;3.529281:-2.42998;3.524515:-2.405006;3.493506:-2.529701;3.505569:-2.59506
sigma3_hotel_seed42,HOTEL:biwi_hotel:235:10380,HOTEL,biwi_hotel,biwi_hotel:235,10380,3,2.5383670330047607,4.683355808258057,0.9953014850616455,0.8731389045715332,0.5711320042610168,1.4433274269104004,1.0,4.02:-8.91;4.04:-8.55;3.97:-8.19;3.92:-7.87;3.98:-7.55;3.94:-7.21;3.87:-6.89;3.95:-6.5,3.89:-6.17;3.81:-5.81;3.82:-5.41;3.83:-4.95;3.77:-4.52;3.81:-4.12;3.83:-3.76;3.81:-3.39;3.82:-3.02;3.82:-2.65;3.8:-2.26;3.75:-1.88,4.049211:-6.533607;4.116443:-6.46727;4.179753:-6.612688;4.221912:-6.492093;4.18926:-6.517436;4.280328:-6.579649;4.125917:-6.526592;4.273051:-6.539889;4.185307:-6.362046;4.204175:-6.344393;4.21193:-6.460756;4.248229:-6.536779
sigma3_hotel_seed42,HOTEL:biwi_hotel:236:10380,HOTEL,biwi_hotel,biwi_hotel:236,10380,3,2.61684513092041,4.816819190979004,0.8246211409568787,0.9162052869796753,0.6171952486038208,1.1168559789657593,1.0,3.38:-9.1;3.33:-8.76;3.35:-8.41;3.34:-8.07;3.26:-7.66;3.24:-7.32;3.29:-6.88;3.21:-6.56,3.15:-6.12;3.21:-5.74;3.19:-5.31;3.1:-4.93;3.11:-4.57;3.13:-4.2;3.07:-3.8;3.02:-3.42;3.07:-3.03;3.06:-2.68;2.94:-2.25;3:-1.87,3.073778:-6.568196;2.939656:-6.527085;2.82386:-6.567841;2.704388:-6.510303;2.510152:-6.502663;2.391476:-6.529993;2.172517:-6.525613;2.121439:-6.511941;1.9148:-6.390374;1.776625:-6.348745;1.639374:-6.413519;1.547152:-6.462492
sigma3_hotel_seed42,HOTEL:biwi_hotel:231:10390,HOTEL,biwi_hotel,biwi_hotel:231,10390,3,2.483330488204956,4.617579460144043,0.9013878107070923,0.8917229175567627,0.4645308256149292,1.1434231996536255,1.0,2.98:-4.46;3.08:-4.1;3.05:-3.75;3:-3.38;3.06:-3.06;3.15:-2.74;3.15:-2.36;3.13:-2,3.18:-1.6;3.14:-1.25;3.04:-0.89;3.04:-0.53;3.06:-0.15;3:0.29;2.97:0.74;3:1.13;3.01:1.52;3:1.9;3.08:2.27;3.09:2.61,3.14842:-2.025938;3.144124:-1.96643;3.144633:-2.080882;3.131843:-1.973778;3.04741:-1.996631;3.065506:-2.055317;2.886726:-2.002383;2.964104:-2.004381;2.837456:-1.856087;2.811777:-1.823915;2.759794:-1.934194;2.759554:-1.99574
sigma3_hotel_seed42,HOTEL:biwi_hotel:232:10390,HOTEL,biwi_hotel,biwi_hotel:232,10390,3,2.584144353866577,4.701120376586914,0.949999988079071,0.9010140895843506,0.5306631922721863,1.3044403791427612,1.0,3.63:-4.68;3.64:-4.33;3.58:-3.97;3.48:-3.68;3.52:-3.34;3.64:-2.96;3.65:-2.58;3.65:-2.2,3.66:-1.81;3.68:-1.37;3.65:-0.98;3.65:-0.62;3.64:-0.13;3.56:0.21;3.49:0.61;3.57:1.02;3.58:1.36;3.42:1.73;3.42:2.12;3.53:2.47,3.723822:-2.231737;3.767573:-2.165961;3.808863:-2.305858;3.831799:-2.184318;3.784842:-2.212661;3.852895:-2.27935;3.688893:-2.216368;3.812:-2.224167;3.712483:-2.062297;3.719729:-2.037189;3.706268:-2.156847;3.733215:-2.226726
sigma3_hotel_seed42,HOTEL:biwi_hotel:235:10390,HOTEL,biwi_hotel,biwi_hotel:235,10390,3,2.5839643478393555,4.78001594543457,0.8385254740715027,0.864158570766449,0.636043906211853,1.5779560804367065,1.0,4.04:-8.55;3.97:-8.19;3.92:-7.87;3.98:-7.55;3.94:-7.21;3.87:-6.89;3.95:-6.5;3.89:-6.17,3.81:-5.81;3.82:-5.41;3.83:-4.95;3.77:-4.52;3.81:-4.12;3.83:-3.76;3.81:-3.39;3.82:-3.02;3.82:-2.65;3.8:-2.26;3.75:-1.88;3.75:-1.46,3.795113:-6.184282;3.697497:-6.13809;3.615826:-6.197693;3.529761:-6.126722;3.365157:-6.128548;3.286069:-6.164017;3.077632:-6.145905;3.064686:-6.138829;2.881713:-6.01042;2.775976:-5.967213;2.65873:-6.046028;2.596622:-6.098779
sigma3_hotel_seed42,HOTEL:biwi_hotel:236:10390,HOTEL,biwi_hotel,biwi_hotel:236,10390,3,2.494180917739868,4.641586780548096,1.110180139541626,0.9520678520202637,0.6702625155448914,1.0232138633728027,1.0,3.33:-8.76;3.35:-8.41;3.34:-8.07;3.26:-7.66;3.24:-7.32;3.29:-6.88;3.21:-6.56;3.15:-6.12,3.21:-5.74;3.19:-5.31;3.1:-4.93;3.11:-4.57;3.13:-4.2;3.07:-3.8;3.02:-3.42;3.07:-3.03;3.06:-2.68;2.94:-2.25;3:-1.87;3.07:-1.5,3.146978:-6.147533;3.114709:-6.081212;3.091:-6.205002;3.044719:-6.093604;2.945588:-6.109526;2.936862:-6.165819;2.713823:-6.10591;2.767242:-6.117105;2.619097:-5.95627;2.5772:-5.926521;2.507918:-6.049046;2.48874:-6.105048
sigma3_hotel_seed42,HOTEL:biwi_hotel:231:10400,HOTEL,biwi_hotel,biwi_hotel:231,10400,3,2.483581304550171,4.545411109924316,1.007782220840454,0.9022522568702698,0.4126959443092346,0.966824471950531,1.0,3.08:-4.1;3.05:-3.75;3:-3.38;3.06:-3.06;3.15:-2.74;3.15:-2.36;3.13:-2;3.18:-1.6,3.14:-1.25;3.04:-0.89;3.04:-0.53;3.06:-0.15;3:0.29;2.97:0.74;3:1.13;3.01:1.52;3:1.9;3.08:2.27;3.09:2.61;3.47:2.91,3.247553:-1.632791;3.280084:-1.562886;3.311888:-1.710261;3.319885:-1.584863;3.267874:-1.610537;3.325052:-1.676608;3.138369:-1.609315;3.252692:-1.622211;3.143134:-1.450904;3.145375:-1.428831;3.124966:-1.556372;3.143441:-1.623665
sigma3_hotel_seed42,HOTEL:biwi_hotel:232:10400,HOTEL,biwi_hotel,biwi_hotel:232,10400,3,2.568831443786621,4.755059719085693,0.9753204584121704,0.9152945280075073,0.4717376232147217,1.1363633871078491,1.0,3.64:-4.33;3.58:-3.97;3.48:-3.68;3.52:-3.34;3.64:-2.96;3.65:-2.58;3.65:-2.2;3.66:-1.81,3.68:-1.37;3.65:-0.98;3.65:-0.62;3.64:-0.13;3.56:0.21;3.49:0.61;3.57:1.02;3.58:1.36;3.42:1.73;3.42:2.12;3.53:2.47;3.05:2.94,3.687306:-1.83851;3.682733:-1.771148;3.68066:-1.90479;3.659287:-1.785752;3.579169:-1.808487;3.600326:-1.871682;3.395558:-1.806269;3.475686:-1.81436;3.343106:-1.653818;3.319863:-1.626201;3.270875:-1.748893;3.267917:-1.810064
sigma3_hotel_seed42,HOTEL:biwi_hotel:235:10400,HOTEL,biwi_hotel,biwi_hotel:235,10400,3,2.623903512954712,4.7798614501953125,0.9219544529914856,0.8648868799209595,0.6270170211791992,1.5797202587127686,1.0,3.97:-8.19;3.92:-7.87;3.98:-7.55;3.94:-7.21;3.87:-6.89;3.95:-6.5;3.89:-6.17;3.81:-5.81,3.82:-5.41;3.83:-4.95;3.77:-4.52;3.81:-4.12;3.83:-3.76;3.81:-3.39;3.82:-3.02;3.82:-2.65;3.8:-2.26;3.75:-1.88;3.75:-1.46;3.68:-1.09,3.729469:-5.825175;3.637028:-5.774413;3.559054:-5.847249;3.477632:-5.766713;3.321094:-5.77254;3.253124:-5.812264;3.031742:-5.784124;3.029853:-5.78009;2.846857:-5.645535;2.75144:-5.604091;2.637383:-5.690944;2.580888:-5.741777
sigma3_hotel_seed42,HOTEL:biwi_hotel:236:10400,HOTEL,biwi_hotel,biwi_hotel:236,10400,3,2.515692949295044,4.644790172576904,0.9617692232131958,0.9642595648765564,0.7770764231681824,1.2288594245910645,1.0,3.35:-8.41;3.34:-8.07;3.26:-7.66;3.24:-7.32;3.29:-6.88;3.21:-6.56;3.15:-6.12;3.21:-5.74,3.19:-5.31;3.1:-4.93;3.11:-4.57;3.13:-4.2;3.07:-3.8;3.02:-3.42;3.07:-3.03;3.06:-2.68;2.94:-2.25;3:-1.87;3.07:-1.5;3.02:-1.12,3.275788:-5.772611;3.306363:-5.702613;3.336313:-5.849956;3.3426:-5.724237;3.289378:-5.750185;3.344672:-5.816627;3.156597:-5.748497;3.26913:-5.761023;3.158276:-5.59035;3.159682:-5.568033;3.137523:-5.696041;3.154988:-5.762828
sigma3_hotel_seed42,HOTEL:biwi_hotel:235:10410,HOTEL,biwi_hotel,biwi_hotel:235,10410,3,2.577197790145874,4.6789374351501465,1.0003124475479126,0.8921163082122803,0.6150259375572205,1.4830392599105835,1.0,3.92:-7.87;3.98:-7.55;3.94:-7.21;3.87:-6.89;3.95:-6.5;3.89:-6.17;3.81:-5.81;3.82:-5.41,3.83:-4.95;3.77:-4.52;3.81:-4.12;3.83:-3.76;3.81:-3.39;3.82:-3.02;3.82:-2.65;3.8:-2.26;3.75:-1.88;3.75:-1.46;3.68:-1.09;3.64:-0.75,3.877669:-5.442169;3.899503:-5.371156;3.920436:-5.519272;3.918298:-5.391699;3.85989:-5.418104;3.907756:-5.486457;3.711479:-5.413639;3.815923:-5.425164;3.699293:-5.258172;3.695582:-5.233857;3.666864:-5.363774;3.679906:-5.428767
sigma3_hotel_seed42,HOTEL:biwi_hotel:236:10410,HOTEL,biwi_hotel,biwi_hotel:236,10410,3,2.4459872245788574,4.536264896392822,1.0761622190475464,0.9965159296989441,0.7722272872924805,1.2686419486999512,1.0,3.34:-8.07;3.26:-7.66;3.24:-7.32;3.29:-6.88;3.21:-6.56;3.15:-6.12;3.21:-5.74;3.19:-5.31,3.1:-4.93;3.11:-4.57;3.13:-4.2;3.07:-3.8;3.02:-3.42;3.07:-3.03;3.06:-2.68;2.94:-2.25;3:-1.87;3.07:-1.5;3.02:-1.12;2.96:-0.78,3.213465:-5.33997;3.203648:-5.270962;3.199377:-5.406995;3.170491:-5.287397;3.089574:-5.308475;3.103268:-5.370425;2.889539:-5.30318;2.963944:-5.315348;2.828944:-5.149926;2.805386:-5.123453;2.751768:-5.252482;2.746295:-5.311228
sigma3_hotel_seed42,HOTEL:biwi_hotel:235:10420,HOTEL,biwi_hotel,biwi_hotel:235,10420,3,2.504506826400757,4.680166721343994,1.1502716541290283,0.9401635527610779,0.5712963938713074,1.1838417053222656,1.0,3.98:-7.55;3.94:-7.21;3.87:-6.89;3.95:-6.5;3.89:-6.17;3.81:-5.81;3.82:-5.41;3.83:-4.95,3.77:-4.52;3.81:-4.12;3.83:-3.76;3.81:-3.39;3.82:-3.02;3.82:-2.65;3.8:-2.26;3.75:-1.88;3.75:-1.46;3.68:-1.09;3.64:-0.75;3.66:-0.29,3.871037:-4.986268;3.874516:-4.91099;3.885413:-5.062747;3.858776:-4.936669;3.7946:-4.954922;3.819165:-5.017327;3.594875:-4.942548;3.679666:-4.966813;3.55446:-4.78764;3.543201:-4.764616;3.50157:-4.908591;3.505048:-4.967601
sigma3_hotel_seed42,HOTEL:biwi_hotel:236:10420,HOTEL,biwi_hotel,biwi_hotel:236,10420,3,2.506805658340454,4.647436618804932,0.9762812256813049,0.986794650554657,0.7657979130744934,1.3207758665084839,1.0,3.26:-7.66;3.24:-7.32;3.29:-6.88;3.21:-6.56;3.15:-6.12;3.21:-5.74;3.19:-5.31;3.1:-4.93,3.11:-4.57;3.13:-4.2;3.07:-3.8;3.02:-3.42;3.07:-3.03;3.06:-2.68;2.94:-2.25;3:-1.87;3.07:-1.5;3.02:-1.12;2.96:-0.78;3.04:-0.42,2.998242:-4.946434;2.883311:-4.892499;2.787134:-4.966298;2.68058:-4.887064;2.511522:-4.885914;2.420634:-4.921452;2.171263:-4.891883;2.148227:-4.894947;1.951051:-4.754673;1.840921:-4.712671;1.7127:-4.805842;1.642487:-4.852338
sigma3_hotel_seed42,HOTEL:biwi_hotel:235:10430,HOTEL,biwi_hotel,biwi_hotel:235,10430,3,2.489741563796997,4.587320327758789,1.0854146480560303,0.9729567170143127,0.6130695343017578,1.245968222618103,1.0,3.94:-7.21;3.87:-6.89;3.95:-6.5;3.89:-6.17;3.81:-5.81;3.82:-5.41;3.83:-4.95;3.77:-4.52,3.81:-4.12;3.83:-3.76;3.81:-3.39;3.82:-3.02;3.82:-2.65;3.8:-2.26;3.75:-1.88;3.75:-1.46;3.68:-1.09;3.64:-0.75;3.66:-0.29;3.61:-0,3.708151:-4.545592;3.623668:-4.481204;3.557136:-4.585437;3.463876:-4.489335;3.327794:-4.490656;3.265256:-4.533739;3.00708:-4.484861;3.010254:-4.501747;2.832679:-4.343825;2.751146:-4.307722;2.64649:-4.426043;2.596518:-4.473965
sigma3_hotel_seed42,HOTEL:biwi_hotel:236:10430,HOTEL,biwi_hotel,biwi_hotel:236,10430,3,2.465359687805176,4.4877777099609375,0.9003471732139587,0.9937772154808044,0.7448759078979492,1.4091966152191162,1.0,3.24:-7.32;3.29:-6.88;3.21:-6.56;3.15:-6.12;3.21:-5.74;3.19:-5.31;3.1:-4.93;3.11:-4.57,3.13:-4.2;3.07:-3.8;3.02:-3.42;3.07:-3.03;3.06:-2.68;2.94:-2.25;3:-1.87;3.07:-1.5;3.02:-1.12;2.96:-0.78;3.04:-0.42;3.03:-0.1,3.158808:-4.599386;3.185185:-4.539852;3.215185:-4.660987;3.228899:-4.549994;3.168797:-4.578187;3.214287:-4.640975;3.06049:-4.58441;3.163369:-4.587564;3.059826:-4.438566;3.05828:-4.407708;3.026203:-4.522946;3.047272:-4.587745
sigma3_hotel_seed42,HOTEL:biwi_hotel:235:10440,HOTEL,biwi_hotel,biwi_hotel:235,10440,3,2.4397451877593994,4.531417369842529,1.0049875974655151,0.999538242816925,0.5493962168693542,1.0665972232818604,1.0,3.87:-6.89;3.95:-6.5;3.89:-6.17;3.81:-5.81;3.82:-5.41;3.83:-4.95;3.77:-4.52;3.81:-4.12,3.83:-3.76;3.81:-3.39;3.82:-3.02;3.82:-2.65;3.8:-2.26;3.75:-1.88;3.75:-1.46;3.68:-1.09;3.64:-0.75;3.66:-0.29;3.61:-0;3.55:0.37,3.889076:-4.152971;3.934267:-4.084388;3.977266:-4.231053;3.997866:-4.107228;3.952789:-4.132986;4.022613:-4.197948;3.847877:-4.135564;3.97424:-4.148231;3.872541:-3.975156;3.880667:-3.954481;3.870591:-4.07765;3.895583:-4.148221
sigma3_hotel_seed42,HOTEL:biwi_hotel:236:10440,HOTEL,biwi_hotel,biwi_hotel:236,10440,3,2.4803173542022705,4.536141395568848,0.9263503551483154,0.9679587483406067,0.5753176212310791,1.0772978067398071,1.0,3.29:-6.88;3.21:-6.56;3.15:-6.12;3.21:-5.74;3.19:-5.31;3.1:-4.93;3.11:-4.57;3.13:-4.2,3.07:-3.8;3.02:-3.42;3.07:-3.03;3.06:-2.68;2.94:-2.25;3:-1.87;3.07:-1.5;3.02:-1.12;2.96:-0.78;3.04:-0.42;3.03:-0.1;3.02:0.31,3.192215:-4.230428;3.227129:-4.167727;3.263195:-4.299363;3.281757:-4.181108;3.2292:-4.212166;3.284703:-4.279055;3.12731:-4.215962;3.239789:-4.219957;3.138551:-4.065656;3.144903:-4.037945;3.119441:-4.158515;3.144403:-4.224435
sigma3_hotel_seed42,HOTEL:biwi_hotel:235:10450,HOTEL,biwi_hotel,biwi_hotel:235,10450,3,2.457099676132202,4.529648780822754,0.9013878107070923,0.9861220121383667,0.4373190104961395,0.7285922765731812,1.0,3.95:-6.5;3.89:-6.17;3.81:-5.81;3.82:-5.41;3.83:-4.95;3.77:-4.52;3.81:-4.12;3.83:-3.76,3.81:-3.39;3.82:-3.02;3.82:-2.65;3.8:-2.26;3.75:-1.88;3.75:-1.46;3.68:-1.09;3.64:-0.75;3.66:-0.29;3.61:-0;3.55:0.37;3.57:0.73,3.8924:-3.790861;3.932226:-3.731222;3.975116:-3.855625;4.00041:-3.742646;3.950997:-3.773349;4.008521:-3.838083;3.865376:-3.779712;3.979565:-3.783312;3.885952:-3.633712;3.895196:-3.603643;3.871763:-3.721276;3.902077:-3.78746
sigma3_hotel_seed42,HOTEL:biwi_hotel:236:10450,HOTEL,biwi_hotel,biwi_hotel:236,10450,3,2.470733880996704,4.566756725311279,1.0111874341964722,0.9946110844612122,0.537593424320221,1.1707383394241333,1.0,3.21:-6.56;3.15:-6.12;3.21:-5.74;3.19:-5.31;3.1:-4.93;3.11:-4.57;3.13:-4.2;3.07:-3.8,3.02:-3.42;3.07:-3.03;3.06:-2.68;2.94:-2.25;3:-1.87;3.07:-1.5;3.02:-1.12;2.96:-0.78;3.04:-0.42;3.03:-0.1;3.02:0.31;2.94:0.7,3.003117:-3.820229;2.91703:-3.762105;2.846689:-3.853389;2.761363:-3.762771;2.616885:-3.768187;2.55395:-3.811028;2.314369:-3.770849;2.318022:-3.776568;2.137948:-3.628292;2.052896:-3.591238;1.944336:-3.695516;1.891965:-3.744872
sigma3_hotel_seed42,HOTEL:biwi_hotel:235:10460,HOTEL,biwi_hotel,biwi_hotel:235,10460,3,2.4266886711120605,4.421949863433838,0.9263503551483154,0.9986684322357178,0.44271019101142883,0.7992768287658691,1.0,3.89:-6.17;3.81:-5.81;3.82:-5.41;3.83:-4.95;3.77:-4.52;3.81:-4.12;3.83:-3.76;3.81:-3.39,3.82:-3.02;3.82:-2.65;3.8:-2.26;3.75:-1.88;3.75:-1.46;3.68:-1.09;3.64:-0.75;3.66:-0.29;3.61:-0;3.55:0.37;3.57:0.73;3.51:1.04,3.816139:-3.41401;3.80209:-3.357668;3.795816:-3.462909;3.777829:-3.361354;3.68481:-3.383635;3.690866:-3.439188;3.514967:-3.39199;3.582785:-3.391573;3.451395:-3.245867;3.420258:-3.213042;3.35858:-3.319784;3.352874:-3.379158
sigma3_hotel_seed42,HOTEL:biwi_hotel:236:10460,HOTEL,biwi_hotel,biwi_hotel:236,10460,3,2.438591241836548,4.478151798248291,0.9581884145736694,0.972898006439209,0.42113158106803894,0.8966712355613708,1.0,3.15:-6.12;3.21:-5.74;3.19:-5.31;3.1:-4.93;3.11:-4.57;3.13:-4.2;3.07:-3.8;3.02:-3.42,3.07:-3.03;3.06:-2.68;2.94:-2.25;3:-1.87;3.07:-1.5;3.02:-1.12;2.96:-0.78;3.04:-0.42;3.03:-0.1;3.02:0.31;2.94:0.7;2.95:1.03,2.99598:-3.442167;2.948233:-3.381966;2.908772:-3.488497;2.856957:-3.386487;2.739919:-3.401439;2.717389:-3.453883;2.501278:-3.404998;2.541657:-3.407655;2.383325:-3.257648;2.325807:-3.224393;2.244684:-3.331632;2.214989:-3.387421
sigma3_hotel_seed42,HOTEL:biwi_hotel:235:10470,HOTEL,biwi_hotel,biwi_hotel:235,10470,3,2.448662042617798,4.405521392822266,0.9253377914428711,0.9991517663002014,0.3713679313659668,0.6366350054740906,1.0,3.81:-5.81;3.82:-5.41;3.83:-4.95;3.77:-4.52;3.81:-4.12;3.83:-3.76;3.81:-3.39;3.82:-3.02,3.82:-2.65;3.8:-2.26;3.75:-1.88;3.75:-1.46;3.68:-1.09;3.64:-0.75;3.66:-0.29;3.61:-0;3.55:0.37;3.57:0.73;3.51:1.04;3.39:1.34,3.882804:-3.050329;3.917099:-2.986908;3.952045:-3.120381;3.969507:-3.000879;3.916494:-3.032006;3.972054:-3.099317;3.811557:-3.035366;3.924232:-3.039512;3.821404:-2.883682;3.827375:-2.856762;3.801888:-2.977917;3.825761:-3.043917
sigma3_hotel_seed42,HOTEL:biwi_hotel:236:10470,HOTEL,biwi_hotel,biwi_hotel:236,10470,3,2.414374828338623,4.421899795532227,0.9829801917076111,0.9759281277656555,0.4275471270084381,0.9519281983375549,1.0,3.21:-5.74;3.19:-5.31;3.1:-4.93;3.11:-4.57;3.13:-4.2;3.07:-3.8;3.02:-3.42;3.07:-3.03,3.06:-2.68;2.94:-2.25;3:-1.87;3.07:-1.5;3.02:-1.12;2.96:-0.78;3.04:-0.42;3.03:-0.1;3.02:0.31;2.94:0.7;2.95:1.03;2.88:1.37,3.132495:-3.061938;3.15947:-2.991889;3.185323:-3.139078;3.188906:-3.012357;3.133099:-3.039423;3.185538:-3.107279;2.995564:-3.036985;3.104989:-3.047797;2.991492:-2.879779;2.991049:-2.856563;2.965683:-2.984695;2.981313:-3.050739
sigma3_hotel_seed42,HOTEL:biwi_hotel:235:10480,HOTEL,biwi_hotel,biwi_hotel:235,10480,3,2.4133858680725098,4.3870320320129395,0.925000011920929,0.9883928298950195,0.319284588098526,0.6603963971138,1.0,3.82:-5.41;3.83:-4.95;3.77:-4.52;3.81:-4.12;3.83:-3.76;3.81:-3.39;3.82:-3.02;3.82:-2.65,3.8:-2.26;3.75:-1.88;3.75:-1.46;3.68:-1.09;3.64:-0.75;3.66:-0.29;3.61:-0;3.55:0.37;3.57:0.73;3.51:1.04;3.39:1.34;3.41:1.75,3.827598:-2.674084;3.807859:-2.612095;3.791944:-2.73038;3.763992:-2.619902;3.667898:-2.641772;3.673853:-2.701005;3.474248:-2.645317;3.541019:-2.646764;3.399111:-2.494123;3.363052:-2.464109;3.301329:-2.5755;3.288575:-2.635351
sigma3_hotel_seed42,HOTEL:biwi_hotel:236:10480,HOTEL,biwi_hotel,biwi_hotel:236,10480,3,2.4162609577178955,4.387247085571289,0.8753570914268494,0.9472416639328003,0.4130552411079407,0.9219226241111755,1.0,3.19:-5.31;3.1:-4.93;3.11:-4.57;3.13:-4.2;3.07:-3.8;3.02:-3.42;3.07:-3.03;3.06:-2.68,2.94:-2.25;3:-1.87;3.07:-1.5;3.02:-1.12;2.96:-0.78;3.04:-0.42;3.03:-0.1;3.02:0.31;2.94:0.7;2.95:1.03;2.88:1.37;2.88:1.71,3.063041:-2.704415;3.047491:-2.647971;3.039359:-2.751987;3.019456:-2.651839;2.925331:-2.671996;2.930843:-2.726586;2.753162:-2.680096;2.819015:-2.680804;2.687516:-2.537052;2.65265:-2.502315;2.591779:-2.607429;2.585516:-2.667353
sigma3_hotel_seed42,HOTEL:biwi_hotel:235:10490,HOTEL,biwi_hotel,biwi_hotel:235,10490,3,2.3872926235198975,4.3719658851623535,0.9762812256813049,0.9635370373725891,0.2694164216518402,0.5512580871582031,1.0,3.83:-4.95;3.77:-4.52;3.81:-4.12;3.83:-3.76;3.81:-3.39;3.82:-3.02;3.82:-2.65;3.8:-2.26,3.75:-1.88;3.75:-1.46;3.68:-1.09;3.64:-0.75;3.66:-0.29;3.61:-0;3.55:0.37;3.57:0.73;3.51:1.04;3.39:1.34;3.41:1.75;3.44:2.12,3.78773:-2.285218;3.748967:-2.221503;3.71812:-2.337714;3.66958:-2.230516;3.562606:-2.245623;3.548731:-2.300253;3.328569:-2.245195;3.376559:-2.252684;3.224107:-2.097332;3.174517:-2.06552;3.10097:-2.180554;3.077315:-2.236896
sigma3_hotel_seed42,HOTEL:biwi_hotel:236:10490,HOTEL,biwi_hotel,biwi_hotel:236,10490,3,2.496690273284912,4.538145542144775,1.1160757541656494,0.9672123193740845,0.4485076367855072,0.9051772952079773,1.0,3.1:-4.93;3.11:-4.57;3.13:-4.2;3.07:-3.8;3.02:-3.42;3.07:-3.03;3.06:-2.68;2.94:-2.25,3:-1.87;3.07:-1.5;3.02:-1.12;2.96:-0.78;3.04:-0.42;3.03:-0.1;3.02:0.31;2.94:0.7;2.95:1.03;2.88:1.37;2.88:1.71;2.91:2.05,2.808576:-2.266089;2.665922:-2.212483;2.548768:-2.278039;2.4162:-2.205701;2.229165:-2.197543;2.107736:-2.22619;1.837932:-2.201038;1.787908:-2.208552;1.575353:-2.066214;1.447673:-2.022614;1.298912:-2.117974;1.212674:-2.158782
sigma3_hotel_seed42,HOTEL:biwi_hotel:235:10500,HOTEL,biwi_hotel,biwi_hotel:235,10500,3,2.381089925765991,4.363719463348389,0.9581884145736694,0.945361852645874,0.19360360503196716,0.39253994822502136,1.0,3.77:-4.52;3.81:-4.12;3.83:-3.76;3.81:-3.39;3.82:-3.02;3.82:-2.65;3.8:-2.26;3.75:-1.88,3.75:-1.46;3.68:-1.09;3.64:-0.75;3.66:-0.29;3.61:-0;3.55:0.37;3.57:0.73;3.51:1.04;3.39:1.34;3.41:1.75;3.44:2.12;3.41:2.47,3.690754:-1.89951;3.612568:-1.84222;3.547421:-1.933797;3.470915:-1.842147;3.330246:-1.84989;3.276711:-1.894681;3.045774:-1.854632;3.057444:-1.857344;2.881496:-1.711792;2.8002:-1.67461;2.69765:-1.775388;2.649585:-1.826954
sigma3_hotel_seed42,HOTEL:biwi_hotel:236:10500,HOTEL,biwi_hotel,biwi_hotel:236,10500,3,2.3411524295806885,4.3070292472839355,0.9617692232131958,0.975986897945404,0.6283756494522095,1.3076941967010498,1.0,3.11:-4.57;3.13:-4.2;3.07:-3.8;3.02:-3.42;3.07:-3.03;3.06:-2.68;2.94:-2.25;3:-1.87,3.07:-1.5;3.02:-1.12;2.96:-0.78;3.04:-0.42;3.03:-0.1;3.02:0.31;2.94:0.7;2.95:1.03;2.88:1.37;2.88:1.71;2.91:2.05;2.86:2.4,3.081625:-1.902945;3.129436:-1.834956;3.175539:-1.980941;3.199022:-1.857903;3.155408:-1.883868;3.226937:-1.948086;3.055592:-1.88761;3.184413:-1.900318;3.084451:-1.725639;3.094809:-1.706034;3.086083:-1.828759;3.112353:-1.899629
sigma3_hotel_seed42,HOTEL:biwi_hotel:235:10510,HOTEL,biwi_hotel,biwi_hotel:235,10510,3,2.3176817893981934,4.299893856048584,1.0499999523162842,0.9517922401428223,0.21371807157993317,0.4791972041130066,1.0,3.81:-4.12;3.83:-3.76;3.81:-3.39;3.82:-3.02;3.82:-2.65;3.8:-2.26;3.75:-1.88;3.75:-1.46,3.68:-1.09;3.64:-0.75;3.66:-0.29;3.61:-0;3.55:0.37;3.57:0.73;3.51:1.04;3.39:1.34;3.41:1.75;3.44:2.12;3.41:2.47;3.47:2.83,3.77102:-1.493601;3.756935:-1.420322;3.751015:-1.563608;3.711595:-1.441649;3.632882:-1.458352;3.641193:-1.519112;3.410568:-1.446777;3.47942:-1.467513;3.343155:-1.295383;3.318159:-1.269013;3.263559:-1.407771;3.256614:-1.464596
sigma3_hotel_seed42,HOTEL:biwi_hotel:236:10510,HOTEL,biwi_hotel,biwi_hotel:236,10510,3,2.3649117946624756,4.322964668273926,0.9414085149765015,0.9781380891799927,0.5541070103645325,1.135180115699768,1.0,3.13:-4.2;3.07:-3.8;3.02:-3.42;3.07:-3.03;3.06:-2.68;2.94:-2.25;3:-1.87;3.07:-1.5,3.02:-1.12;2.96:-0.78;3.04:-0.42;3.03:-0.1;3.02:0.31;2.94:0.7;2.95:1.03;2.88:1.37;2.88:1.71;2.91:2.05;2.86:2.4;2.78:2.73,3.177321:-1.532927;3.25312:-1.468482;3.324596:-1.611962;3.376789:-1.492758;3.348221:-1.519775;3.446814:-1.581395;3.303959:-1.53262;3.459513:-1.544012;3.376867:-1.364818;3.401566:-1.349135;3.414435:-1.462253;3.455024:-1.539938
sigma3_hotel_seed42,HOTEL:biwi_hotel:235:10520,HOTEL,biwi_hotel,biwi_hotel:235,10520,3,2.3652780055999756,4.429718017578125,0.9414085149765015,0.957509458065033,0.26037660241127014,0.55667644739151,1.0,3.83:-3.76;3.81:-3.39;3.82:-3.02;3.82:-2.65;3.8:-2.26;3.75:-1.88;3.75:-1.46;3.68:-1.09,3.64:-0.75;3.66:-0.29;3.61:-0;3.55:0.37;3.57:0.73;3.51:1.04;3.39:1.34;3.41:1.75;3.44:2.12;3.41:2.47;3.47:2.83;3.51:3.19,3.558264:-1.1029;3.426899:-1.053023;3.316264:-1.114007;3.200132:-1.042194;3.015634:-1.039317;2.908009:-1.070827;2.658635:-1.04924;2.620887:-1.047832;2.413581:-0.9130949;2.290581:-0.8691356;2.149094:-0.9540292;2.068427:-0.9985877
sigma3_hotel_seed42,HOTEL:biwi_hotel:236:10520,HOTEL,biwi_hotel,biwi_hotel:236,10520,3,2.2896063327789307,4.209894180297852,0.9581884145736694,0.9705668091773987,0.6562479138374329,1.4349242448806763,1.0,3.07:-3.8;3.02:-3.42;3.07:-3.03;3.06:-2.68;2.94:-2.25;3:-1.87;3.07:-1.5;3.02:-1.12,2.96:-0.78;3.04:-0.42;3.03:-0.1;3.02:0.31;2.94:0.7;2.95:1.03;2.88:1.37;2.88:1.71;2.91:2.05;2.86:2.4;2.78:2.73;2.83:3.05,2.965611:-1.139747;2.891817:-1.082196;2.830138:-1.175525;2.757437:-1.082587;2.619894:-1.091339;2.57108:-1.137221;2.342735:-1.096171;2.358608:-1.098566;2.185153:-0.9529147;2.106848:-0.916081;2.007561:-1.017098;1.96209:-1.069459
sigma3_hotel_seed42,HOTEL:biwi_hotel:240:10520,HOTEL,biwi_hotel,biwi_hotel:240,10520,3,3.5692098140716553,6.396291255950928,1.609541893005371,1.5495063066482544,0.4879259765148163,0.719086229801178,0.0,3.04:-9.01;3.08:-8.44;3.08:-7.85;3.03:-7.23;3.07:-6.62;2.96:-5.98;2.93:-5.33;2.86:-4.69,2.8:-4.21;2.86:-3.53;2.73:-2.93;2.71:-2.38;2.75:-1.8;2.74:-1.22;2.76:-0.74;2.74:-0.25;2.67:0.22;2.65:0.74;2.62:1.21;2.51:1.68,2.872053:-4.737231;2.844905:-4.630206;2.803707:-4.834049;2.710939:-4.674408;2.632694:-4.676944;2.638899:-4.761904;2.289065:-4.629384;2.339566:-4.676963;2.186476:-4.486676;2.131979:-4.445556;2.084518:-4.639122;2.061102:-4.70052
sigma3_hotel_seed42,HOTEL:biwi_hotel:235:10530,HOTEL,biwi_hotel,biwi_hotel:235,10530,3,2.3191416263580322,4.306520462036133,0.8558621406555176,0.9474397301673889,0.2733207941055298,0.5455250144004822,1.0,3.81:-3.39;3.82:-3.02;3.82:-2.65;3.8:-2.26;3.75:-1.88;3.75:-1.46;3.68:-1.09;3.64:-0.75,3.66:-0.29;3.61:-0;3.55:0.37;3.57:0.73;3.51:1.04;3.39:1.34;3.41:1.75;3.44:2.12;3.41:2.47;3.47:2.83;3.51:3.19;3.47:3.55,3.600954:-0.7703618;3.555875:-0.7223154;3.524424:-0.7980846;3.484289:-0.7169186;3.363145:-0.7292696;3.333866:-0.7731014;3.161198:-0.7448891;3.194975:-0.741183;3.050232:-0.6092981;2.98877:-0.5685971;2.90524:-0.6589599;2.881025:-0.716055
sigma3_hotel_seed42,HOTEL:biwi_hotel:236:10530,HOTEL,biwi_hotel,biwi_hotel:236,10530,3,2.286466360092163,4.230562210083008,0.8631338477134705,0.9569875597953796,0.5945107340812683,1.2204320430755615,1.0,3.02:-3.42;3.07:-3.03;3.06:-2.68;2.94:-2.25;3:-1.87;3.07:-1.5;3.02:-1.12;2.96:-0.78,3.04:-0.42;3.03:-0.1;3.02:0.31;2.94:0.7;2.95:1.03;2.88:1.37;2.88:1.71;2.91:2.05;2.86:2.4;2.78:2.73;2.83:3.05;2.88:3.44,2.934132:-0.8022527;2.905853:-0.7554936;2.8905:-0.831303;2.864005:-0.7507907;2.754388:-0.7646477;2.737743:-0.8097054;2.583999:-0.7826198;2.629056:-0.7785413;2.497859:-0.6480545;2.446413:-0.6077144;2.37437:-0.6982023;2.360382:-0.7585301
sigma3_hotel_seed42,HOTEL:biwi_hotel:240:10530,HOTEL,biwi_hotel,biwi_hotel:240,10530,3,3.6398496627807617,6.338757514953613,1.209338665008545,1.518196940422058,0.6083331108093262,0.6644386649131775,0.0,3.08:-8.44;3.08:-7.85;3.03:-7.23;3.07:-6.62;2.96:-5.98;2.93:-5.33;2.86:-4.69;2.8:-4.21,2.86:-3.53;2.73:-2.93;2.71:-2.38;2.75:-1.8;2.74:-1.22;2.76:-0.74;2.74:-0.25;2.67:0.22;2.65:0.74;2.62:1.21;2.51:1.68;2.63:2.06,2.713827:-4.235932;2.604409:-4.171257;2.521769:-4.270523;2.4042:-4.179022;2.254037:-4.175756;2.160788:-4.212867;1.883125:-4.16632;1.861692:-4.18854;1.670549:-4.023529;1.578975:-3.988947;1.452563:-4.115424;1.388588:-4.156007
sigma3_hotel_seed42,HOTEL:biwi_hotel:235:10540,HOTEL,biwi_hotel,biwi_hotel:235,10540,3,2.2222096920013428,4.037390232086182,1.151086449623108,0.9796895384788513,0.4026583731174469,0.6790642142295837,1.0,3.82:-3.02;3.82:-2.65;3.8:-2.26;3.75:-1.88;3.75:-1.46;3.68:-1.09;3.64:-0.75;3.66:-0.29,3.61:-0;3.55:0.37;3.57:0.73;3.51:1.04;3.39:1.34;3.41:1.75;3.44:2.12;3.41:2.47;3.47:2.83;3.51:3.19;3.47:3.55;3.52:3.72,3.724564:-0.3266507;3.753909:-0.2540398;3.787618:-0.4044008;3.786693:-0.2815;3.736689:-0.2998928;3.787168:-0.3600628;3.587179:-0.2952399;3.696566:-0.3190555;3.587414:-0.136357;3.588084:-0.1161223;3.567646:-0.2511353;3.584444:-0.3168758
sigma3_hotel_seed42,HOTEL:biwi_hotel:236:10540,HOTEL,biwi_hotel,biwi_hotel:236,10540,3,2.326688289642334,4.27351188659668,0.9219544529914856,0.9482696056365967,0.6667089462280273,1.4577000141143799,1.0,3.07:-3.03;3.06:-2.68;2.94:-2.25;3:-1.87;3.07:-1.5;3.02:-1.12;2.96:-0.78;3.04:-0.42,3.03:-0.1;3.02:0.31;2.94:0.7;2.95:1.03;2.88:1.37;2.88:1.71;2.91:2.05;2.86:2.4;2.78:2.73;2.83:3.05;2.88:3.44;2.8:3.78,3.127311:-0.4523083;3.192359:-0.3937303;3.258817:-0.5201381;3.306794:-0.409631;3.272328:-0.4385367;3.354215:-0.4993553;3.22831:-0.4514725;3.36704:-0.4583816;3.288081:-0.298003;3.309828:-0.2733713;3.30785:-0.3854863;3.349938:-0.4579799
sigma3_hotel_seed42,HOTEL:biwi_hotel:240:10540,HOTEL,biwi_hotel,biwi_hotel:240,10540,3,3.509789228439331,6.035001277923584,1.7066048383712769,1.551283359527588,0.7905503511428833,0.7963300347328186,0.0,3.08:-7.85;3.03:-7.23;3.07:-6.62;2.96:-5.98;2.93:-5.33;2.86:-4.69;2.8:-4.21;2.86:-3.53,2.73:-2.93;2.71:-2.38;2.75:-1.8;2.74:-1.22;2.76:-0.74;2.74:-0.25;2.67:0.22;2.65:0.74;2.62:1.21;2.51:1.68;2.63:2.06;2.61:2.37,3.007358:-3.585163;3.128299:-3.49051;3.227402:-3.689624;3.273598:-3.553528;3.282146:-3.546721;3.427717:-3.608194;3.203157:-3.540687;3.391381:-3.602603;3.333861:-3.368622;3.351338:-3.349829;3.425848:-3.504824;3.47793:-3.602264
sigma3_hotel_seed42,HOTEL:biwi_hotel:240:10550,HOTEL,biwi_hotel,biwi_hotel:240,10550,3,3.4008820056915283,5.910957336425781,1.5348045825958252,1.548393726348877,0.9109684824943542,0.9517550468444824,0.0,3.03:-7.23;3.07:-6.62;2.96:-5.98;2.93:-5.33;2.86:-4.69;2.8:-4.21;2.86:-3.53;2.73:-2.93,2.71:-2.38;2.75:-1.8;2.74:-1.22;2.76:-0.74;2.74:-0.25;2.67:0.22;2.65:0.74;2.62:1.21;2.51:1.68;2.63:2.06;2.61:2.37;2.56:2.77,2.601233:-2.963599;2.451847:-2.869627;2.304153:-3.012455;2.116091:-2.891279;1.940062:-2.871119;1.823102:-2.930644;1.420061:-2.829911;1.35659:-2.869566;1.130505:-2.703603;0.9820484:-2.6461;0.8451157:-2.811648;0.7473253:-2.856156
sigma3_hotel_seed42,HOTEL:biwi_hotel:240:10560,HOTEL,biwi_hotel,biwi_hotel:240,10560,3,3.2214319705963135,5.633981227874756,1.3759087324142456,1.5266270637512207,0.8774892091751099,0.8930841088294983,0.0,3.07:-6.62;2.96:-5.98;2.93:-5.33;2.86:-4.69;2.8:-4.21;2.86:-3.53;2.73:-2.93;2.71:-2.38,2.75:-1.8;2.74:-1.22;2.76:-0.74;2.74:-0.25;2.67:0.22;2.65:0.74;2.62:1.21;2.51:1.68;2.63:2.06;2.61:2.37;2.56:2.77;2.64:3.22,2.741949:-2.422439;2.735512:-2.337804;2.73783:-2.50351;2.688004:-2.372967;2.622719:-2.380845;2.635219:-2.441792;2.370914:-2.357758;2.443176:-2.398151;2.312285:-2.203211;2.29139:-2.179166;2.247232:-2.342507;2.242897:-2.399969
sigma3_hotel_seed42,HOTEL:biwi_hotel:254:10710,HOTEL,biwi_hotel,biwi_hotel:254,10710,3,4.148593425750732,7.609065532684326,1.5252048969268799,1.6447659730911255,0.3557406961917877,0.3609086573123932,0.0,2.84:-9.9;2.77:-9.22;2.78:-8.53;2.78:-7.89;2.76:-7.25;2.8:-6.59;2.79:-5.91;2.8:-5.3,2.85:-4.63;2.88:-3.93;2.97:-3.34;3:-2.72;2.98:-2.08;2.99:-1.44;2.93:-0.8;2.85:-0.2;2.76:0.46;2.64:1.07;2.61:1.69;2.58:2.28,2.847178:-5.348449;2.858324:-5.24754;2.85678:-5.444869;2.803265:-5.29496;2.747579:-5.296019;2.787959:-5.371979;2.480122:-5.261832;2.566589:-5.311821;2.439459:-5.110442;2.406897:-5.077065;2.389034:-5.257151;2.386344:-5.326601
sigma3_hotel_seed42,HOTEL:biwi_hotel:254:10720,HOTEL,biwi_hotel,biwi_hotel:254,10720,3,4.120825290679932,7.546306133270264,1.6796576976776123,1.6405766010284424,0.34687450528144836,0.3019338846206665,0.0,2.77:-9.22;2.78:-8.53;2.78:-7.89;2.76:-7.25;2.8:-6.59;2.79:-5.91;2.8:-5.3;2.85:-4.63,2.88:-3.93;2.97:-3.34;3:-2.72;2.98:-2.08;2.99:-1.44;2.93:-0.8;2.85:-0.2;2.76:0.46;2.64:1.07;2.61:1.69;2.58:2.28;2.58:2.84,2.965463:-4.684491;3.051744:-4.582962;3.113422:-4.790365;3.122535:-4.643869;3.110672:-4.637835;3.226269:-4.708705;2.959278:-4.618456;3.114778:-4.678893;3.033252:-4.454994;3.029221:-4.428202;3.078003:-4.596844;3.110843:-4.687612
sigma3_hotel_seed42,HOTEL:biwi_hotel:254:10730,HOTEL,biwi_hotel,biwi_hotel:254,10730,3,4.011337757110596,7.372091770172119,1.7516064643859863,1.644351601600647,0.3313175439834595,0.3190999925136566,0.0,2.78:-8.53;2.78:-7.89;2.76:-7.25;2.8:-6.59;2.79:-5.91;2.8:-5.3;2.85:-4.63;2.88:-3.93,2.97:-3.34;3:-2.72;2.98:-2.08;2.99:-1.44;2.93:-0.8;2.85:-0.2;2.76:0.46;2.64:1.07;2.61:1.69;2.58:2.28;2.58:2.84;2.47:3.39,2.969115:-3.986624;3.027104:-3.86942;3.04653:-4.101996;3.014042:-3.934105;2.984867:-3.926006;3.082006:-4.015027;2.747288:-3.886764;2.874892:-3.950038;2.769205:-3.733105;2.736678:-3.693335;2.770466:-3.885882;2.783164:-3.975437
sigma3_hotel_seed42,HOTEL:biwi_hotel:259:10850,HOTEL,biwi_hotel,biwi_hotel:259,10850,3,4.022334575653076,7.502962589263916,1.4519383907318115,1.401853322982788,0.324871301651001,0.47993582487106323,0.375,3.58:2.97;3.46:2.39;3.45:1.84;3.48:1.32;3.45:0.77;3.45:0.2;3.43:-0.36;3.4:-0.94,3.45:-1.53;3.45:-2.16;3.47:-2.77;3.45:-3.35;3.33:-3.96;3.23:-4.58;3.04:-5.18;2.88:-5.77;2.77:-6.39;2.67:-7.16;2.71:-7.8;2.74:-8.45,3.40987:-0.988714;3.380884:-0.8772906;3.333167:-1.088595;3.233629:-0.9240071;3.154614:-0.9242563;3.162597:-1.013033;2.797187:-0.87212;2.845402:-0.9222306;2.689815:-0.7332433;2.628596:-0.6883185;2.583768:-0.8861839;2.558206:-0.9492401
sigma3_hotel_seed42,HOTEL:biwi_hotel:259:10860,HOTEL,biwi_hotel,biwi_hotel:259,10860,3,4.075855255126953,7.560440540313721,1.4802870750427246,1.4017930030822754,0.2900848984718323,0.43031951785087585,0.375,3.46:2.39;3.45:1.84;3.48:1.32;3.45:0.77;3.45:0.2;3.43:-0.36;3.4:-0.94;3.45:-1.53,3.45:-2.16;3.47:-2.77;3.45:-3.35;3.33:-3.96;3.23:-4.58;3.04:-5.18;2.88:-5.77;2.77:-6.39;2.67:-7.16;2.71:-7.8;2.74:-8.45;2.85:-9.1,3.558157:-1.582504;3.636257:-1.486171;3.697031:-1.683064;3.705081:-1.542842;3.688825:-1.538848;3.79325:-1.604856;3.538678:-1.522408;3.687258:-1.579728;3.603145:-1.359032;3.601484:-1.334743;3.640082:-1.497995;3.671368:-1.584309
sigma3_hotel_seed42,HOTEL:biwi_hotel:259:10870,HOTEL,biwi_hotel,biwi_hotel:259,10870,3,4.0689215660095215,7.588368892669678,1.5750000476837158,1.4303319454193115,0.3047007620334625,0.43905502557754517,0.375,3.45:1.84;3.48:1.32;3.45:0.77;3.45:0.2;3.43:-0.36;3.4:-0.94;3.45:-1.53;3.45:-2.16,3.47:-2.77;3.45:-3.35;3.33:-3.96;3.23:-4.58;3.04:-5.18;2.88:-5.77;2.77:-6.39;2.67:-7.16;2.71:-7.8;2.74:-8.45;2.85:-9.1;3.06:-9.78,3.509056:-2.213469;3.534119:-2.099462;3.529337:-2.322053;3.472538:-2.156897;3.4247:-2.151923;3.48772:-2.239584;3.144685:-2.108632;3.242333:-2.166759;3.118362:-1.960844;3.075776:-1.919574;3.07959:-2.112477;3.078408:-2.191653
sigma3_hotel_seed42,HOTEL:biwi_hotel:261:10900,HOTEL,biwi_hotel,biwi_hotel:261,10900,3,4.333195209503174,8.005072593688965,1.552417516708374,1.5516921281814575,0.45570483803749084,0.4992597699165344,0.25,1.27:3.92;1.35:3.26;1.41:2.68;1.47:2.08;1.68:1.46;1.79:0.85;1.89:0.26;2.05:-0.34,2.07:-0.95;2.14:-1.59;2.11:-2.24;2.04:-2.91;2.08:-3.59;2.04:-4.29;2.1:-4.96;2.15:-5.64;2.06:-6.31;2.06:-7.01;1.93:-7.66;1.77:-8.3,2.254734:-0.3956568;2.436695:-0.3111644;2.59898:-0.5001235;2.70883:-0.3780833;2.752588:-0.3722364;2.950045:-0.4213663;2.793799:-0.3883255;3.039474:-0.4512428;3.02233:-0.1967938;3.078804:-0.1927274;3.196496:-0.329971;3.28017:-0.438666
sigma3_hotel_seed42,HOTEL:biwi_hotel:262:11000,HOTEL,biwi_hotel,biwi_hotel:262,11000,3,3.981297492980957,7.2618231773376465,1.467353105545044,1.5321931838989258,0.41039782762527466,0.4916640818119049,0.625,3.39:-9.44;3.45:-8.86;3.43:-8.25;3.48:-7.66;3.43:-6.99;3.37:-6.35;3.31:-5.75;3.22:-5.17,3.22:-4.62;3.23:-4.02;3.17:-3.38;3.19:-2.78;3.28:-2.23;3.28:-1.47;3.36:-0.82;3.38:-0.27;3.36:0.33;3.36:0.94;3.22:1.51;3.17:1.98,3.129089:-5.203631;3.01275:-5.119242;2.908613:-5.254138;2.760998:-5.139833;2.61139:-5.128803;2.519742:-5.181313;2.173582:-5.098145;2.142416:-5.13469;1.941711:-4.963041;1.831807:-4.9183;1.711363:-5.074518;1.638705:-5.118536
sigma3_hotel_seed42,HOTEL:biwi_hotel:262:11010,HOTEL,biwi_hotel,biwi_hotel:262,11010,3,3.9777019023895264,7.24860954284668,1.375,1.5203734636306763,0.42021897435188293,0.5097519755363464,0.75,3.45:-8.86;3.43:-8.25;3.48:-7.66;3.43:-6.99;3.37:-6.35;3.31:-5.75;3.22:-5.17;3.22:-4.62,3.23:-4.02;3.17:-3.38;3.19:-2.78;3.28:-2.23;3.28:-1.47;3.36:-0.82;3.38:-0.27;3.36:0.33;3.36:0.94;3.22:1.51;3.17:1.98;3.11:2.6,3.256963:-4.662126;3.255751:-4.57924;3.264459:-4.742575;3.221155:-4.614119;3.158704:-4.622701;3.174812:-4.681936;2.919274:-4.602397;2.996592:-4.642229;2.869335:-4.445216;2.85306:-4.423235;2.811553:-4.584394;2.810102:-4.642403
sigma3_hotel_seed42,HOTEL:biwi_hotel:263:11010,HOTEL,biwi_hotel,biwi_hotel:263,11010,3,4.186984539031982,7.743237018585205,1.6190274953842163,1.6435320377349854,0.46043023467063904,0.5753926634788513,0.625,1.15:-10.15;1.19:-9.46;1.26:-8.82;1.23:-8.21;1.24:-7.58;1.33:-6.89;1.39:-6.21;1.54:-5.58,1.74:-4.92;1.88:-4.29;2.07:-3.69;2.22:-3.04;2.27:-2.39;2.4:-1.76;2.46:-1.09;2.45:-0.44;2.5:0.22;2.47:0.88;2.4:1.5;2.4:2.08,1.711372:-5.636059;1.858582:-5.545765;1.985114:-5.740026;2.058361:-5.611;2.082528:-5.602931;2.251671:-5.657851;2.056445:-5.606153;2.269342:-5.669889;2.229848:-5.428618;2.262269:-5.415054;2.357358:-5.560232;2.423883:-5.6632
sigma3_hotel_seed42,HOTEL:biwi_hotel:262:11020,HOTEL,biwi_hotel,biwi_hotel:262,11020,3,3.981027603149414,7.218351364135742,1.5002083778381348,1.5167148113250732,0.3974992632865906,0.40909820795059204,0.875,3.43:-8.25;3.48:-7.66;3.43:-6.99;3.37:-6.35;3.31:-5.75;3.22:-5.17;3.22:-4.62;3.23:-4.02,3.17:-3.38;3.19:-2.78;3.28:-2.23;3.28:-1.47;3.36:-0.82;3.38:-0.27;3.36:0.33;3.36:0.94;3.22:1.51;3.17:1.98;3.11:2.6;3:3.15,3.313668:-4.067083;3.363947:-3.980685;3.412389:-4.156575;3.408533:-4.02649;3.375906:-4.0294;3.445393:-4.088374;3.207697:-4.016497;3.331961:-4.064716;3.234549:-3.851866;3.234487:-3.83243;3.240474:-3.989682;3.262003:-4.063595
sigma3_hotel_seed42,HOTEL:biwi_hotel:263:11020,HOTEL,biwi_hotel,biwi_hotel:263,11020,3,4.18735933303833,7.700528144836426,1.7240939140319824,1.6429888010025024,0.46043023467063904,0.5848483443260193,0.75,1.19:-9.46;1.26:-8.82;1.23:-8.21;1.24:-7.58;1.33:-6.89;1.39:-6.21;1.54:-5.58;1.74:-4.92,1.88:-4.29;2.07:-3.69;2.22:-3.04;2.27:-2.39;2.4:-1.76;2.46:-1.09;2.45:-0.44;2.5:0.22;2.47:0.88;2.4:1.5;2.4:2.08;2.35:2.61,1.979264:-4.975424;2.195889:-4.891289;2.387051:-5.085801;2.527862:-4.961987;2.59039:-4.959787;2.817289:-5.011045;2.682053:-4.984172;2.959824:-5.045997;2.961591:-4.775321;3.039591:-4.779191;3.179835:-4.919351;3.276789:-5.034553
sigma3_hotel_seed42,HOTEL:biwi_hotel:264:11150,HOTEL,biwi_hotel,biwi_hotel:264,11150,3,4.4541192054748535,8.217543601989746,1.5700318813323975,1.4811698198318481,0.7691200375556946,1.2344738245010376,0.625,1.86:3.35;1.87:2.8;1.74:2.23;1.78:1.63;1.67:1.05;1.62:0.46;1.65:-0.14;1.55:-0.76,1.64:-1.39;1.64:-2.01;1.61:-2.64;1.69:-3.29;1.58:-3.95;1.62:-4.62;1.64:-5.33;1.54:-6.03;1.63:-6.72;1.54:-7.36;1.6:-8;1.66:-8.67,1.445327:-0.8018515;1.316528:-0.6861181;1.165617:-0.8763641;0.9720242:-0.7218357;0.8118346:-0.7024131;0.7269896:-0.7873451;0.2707825:-0.6416976;0.224655:-0.6903414;0.001706839:-0.5184936;-0.1495342:-0.4516118;-0.2616913:-0.6475487;-0.3537456:-0.7030153
sigma3_hotel_seed42,HOTEL:biwi_hotel:265:11350,HOTEL,biwi_hotel,biwi_hotel:265,11350,3,3.8629438877105713,7.094791412353516,1.275979995727539,1.334183692932129,0.3463851511478424,0.5152580738067627,0.5,0.78:3;0.8:2.48;0.8:1.96;0.85:1.4;0.85:0.87;0.8:0.34;0.82:-0.22;0.8:-0.73,0.75:-1.26;0.85:-1.92;0.83:-2.48;0.81:-3.05;0.77:-3.63;0.7:-4.23;0.63:-4.77;0.67:-5.45;0.61:-6.1;0.49:-6.7;0.5:-7.29;0.47:-7.82,0.8055597:-0.7712497;0.7720578:-0.6839933;0.7475097:-0.84995;0.6714214:-0.7163941;0.5891536:-0.7234864;0.577132:-0.7876688;0.2874169:-0.6933427;0.33428:-0.7323809;0.1858128:-0.545254;0.1478512:-0.5158883;0.08360392:-0.6845115;0.06451523:-0.7368052
sigma3_hotel_seed42,HOTEL:biwi_hotel:266:11350,HOTEL,biwi_hotel,biwi_hotel:266,11350,3,0.023230919614434242,0.05533714219927788,0.0,0.0,0.0,0.0,0.5,-0.83:2.36;-0.83:2.36;-0.83:2.36;-0.83:2.36;-0.83:2.36;-0.83:2.36;-0.83:2.36;-0.83:2.36,-0.83:2.36;-0.83:2.36;-0.83:2.36;-0.83:2.36;-0.83:2.36;-0.83:2.36;-0.83:2.36;-0.83:2.36;-0.83:2.36;-0.83:2.36;-0.83:2.36;-0.83:2.36,-0.8380518:2.359555;-0.8538551:2.352425;-0.8448095:2.366215;-0.8521914:2.361837;-0.8371497:2.3553;-0.8631352:2.361021;-0.8240473:2.359289;-0.8392009:2.369846;-0.8284166:2.354339;-0.7942893:2.338784;-0.7922199:2.338603;-0.7751615:2.352588
sigma3_hotel_seed42,HOTEL:biwi_hotel:277:11770,HOTEL,biwi_hotel,biwi_hotel:277,11770,3,3.815187692642212,7.077885627746582,1.3536986112594604,1.3919956684112549,0.3773801922798157,0.5506237149238586,0.0,0.28:1.49;0.23:0.93;0.21:0.37;0.2:-0.19;0.14:-0.71;0.1:-1.27;0.2:-1.85;0.24:-2.39,0.25:-2.95;0.34:-3.51;0.42:-4.19;0.28:-4.67;0.32:-5.26;0.28:-5.87;0.19:-6.45;0.21:-6.99;0.09:-7.62;0.06:-8.33;0.1:-8.91;0.17:-9.49,0.288115:-2.435531;0.299869:-2.345555;0.3115411:-2.522998;0.2708856:-2.387055;0.216193:-2.391133;0.2505344:-2.455765;-0.02098761:-2.366852;0.06733407:-2.41241;-0.05453546:-2.212071;-0.07483126:-2.185853;-0.09887289:-2.352153;-0.09653272:-2.417135
sigma3_hotel_seed42,HOTEL:biwi_hotel:278:11770,HOTEL,biwi_hotel,biwi_hotel:278,11770,3,4.489443302154541,8.362698554992676,1.6796576976776123,1.6049749851226807,0.3547443747520447,0.41236618161201477,0.0,1.34:4.05;1.24:3.41;1.2:2.78;1.15:2.14;1.18:1.49;1.19:0.89;1.17:0.24;1.22:-0.43,1.22:-1.09;1.26:-1.75;1.31:-2.42;1.33:-3.1;1.42:-3.81;1.43:-4.51;1.41:-5.21;1.42:-5.93;1.37:-6.67;1.38:-7.38;1.32:-8.15;1.28:-8.85,1.337051:-0.4896022;1.425931:-0.3707168;1.469732:-0.6099524;1.461318:-0.4418359;1.450216:-0.4301166;1.579381:-0.5183027;1.256748:-0.3956208;1.412547:-0.4640194;1.32512:-0.2379756;1.302463:-0.199793;1.364913:-0.3890477;1.391758:-0.4880487
sigma3_hotel_seed42,HOTEL:biwi_hotel:282:11790,HOTEL,biwi_hotel,biwi_hotel:282,11790,3,3.944838762283325,7.196310520172119,1.4252192974090576,1.5479848384857178,0.26560574769973755,0.15967147052288055,0.0,3.5:-8.7;3.52:-8.11;3.56:-7.49;3.62:-6.81;3.62:-6.19;3.62:-5.57;3.62:-4.94;3.63:-4.37,3.44:-3.71;3.35:-3.11;3.22:-2.52;3.11:-1.94;3.08:-1.35;3.05:-0.75;3.05:-0.17;3.08:0.52;3.08:1.12;3.11:1.67;3.12:2.23;3.1:2.8,3.672145:-4.413386;3.676615:-4.326855;3.685864:-4.49766;3.643336:-4.364574;3.583766:-4.372092;3.607376:-4.435;3.343112:-4.349795;3.425255:-4.391518;3.299603:-4.191904;3.281992:-4.168394;3.247116:-4.333793;3.246539:-4.394818
sigma3_hotel_seed42,HOTEL:biwi_hotel:282:11800,HOTEL,biwi_hotel,biwi_hotel:282,11800,3,3.9224367141723633,7.236782073974609,1.717010498046875,1.5824366807937622,0.4565032422542572,0.4269716739654541,0.0,3.52:-8.11;3.56:-7.49;3.62:-6.81;3.62:-6.19;3.62:-5.57;3.62:-4.94;3.63:-4.37;3.44:-3.71,3.35:-3.11;3.22:-2.52;3.11:-1.94;3.08:-1.35;3.05:-0.75;3.05:-0.17;3.08:0.52;3.08:1.12;3.11:1.67;3.12:2.23;3.1:2.8;3.09:3.3,3.251618:-3.740299;3.051489:-3.644258;2.850955:-3.775226;2.614903:-3.660555;2.3965:-3.628721;2.23274:-3.685064;1.783064:-3.583985;1.671568:-3.623715;1.411152:-3.466201;1.214309:-3.396851;1.044324:-3.55953;0.9122066:-3.601321
sigma3_hotel_seed42,HOTEL:biwi_hotel:288:12450,HOTEL,biwi_hotel,biwi_hotel:288,12450,3,3.4554922580718994,5.780476093292236,1.5660459995269775,1.6442515850067139,0.34744611382484436,0.43012428283691406,0.625,3.1:-7.4;3.03:-6.72;2.95:-6.06;2.91:-5.43;2.91:-4.79;2.86:-4.12;2.77:-3.44;2.59:-2.84,2.36:-2.18;2.15:-1.58;1.89:-1.02;1.68:-0.46;1.48:0.07;1.26:0.62;1.07:1.14;0.84:1.6;0.67:2.03;0.47:2.48;0.25:2.83;0.18:3.06,2.353556:-2.863383;2.113053:-2.780679;1.886912:-2.873808;1.62926:-2.78476;1.377065:-2.746129;1.167258:-2.783634;0.7283679:-2.712837;0.5802152:-2.746922;0.2991576:-2.597241;0.07776833:-2.527682;-0.1263611:-2.668144;-0.2804415:-2.702109
sigma3_hotel_seed42,HOTEL:biwi_hotel:288:12460,HOTEL,biwi_hotel,biwi_hotel:288,12460,3,3.281391143798828,5.4753828048706055,1.7473193407058716,1.6497280597686768,0.40551048517227173,0.4559480547904968,0.75,3.03:-6.72;2.95:-6.06;2.91:-5.43;2.91:-4.79;2.86:-4.12;2.77:-3.44;2.59:-2.84;2.36:-2.18,2.15:-1.58;1.89:-1.02;1.68:-0.46;1.48:0.07;1.26:0.62;1.07:1.14;0.84:1.6;0.67:2.03;0.47:2.48;0.25:2.83;0.18:3.06;0.09:3.33,2.062867:-2.202478;1.770313:-2.108532;1.48009:-2.207186;1.163409:-2.111503;0.8668642:-2.06066;0.613484:-2.105519;0.09800696:-2.015377;-0.100158:-2.052274;-0.4213095:-1.909295;-0.6999221:-1.822617;-0.9349811:-1.973417;-1.127896:-2.008216
sigma3_hotel_seed42,HOTEL:biwi_hotel:288:12470,HOTEL,biwi_hotel,biwi_hotel:288,12470,3,3.098140001296997,4.90552282333374,1.589221477508545,1.6393201351165771,0.4193079471588135,0.4000817835330963,0.875,2.95:-6.06;2.91:-5.43;2.91:-4.79;2.86:-4.12;2.77:-3.44;2.59:-2.84;2.36:-2.18;2.15:-1.58,1.89:-1.02;1.68:-0.46;1.48:0.07;1.26:0.62;1.07:1.14;0.84:1.6;0.67:2.03;0.47:2.48;0.25:2.83;0.18:3.06;0.09:3.33;0.02:3.33,1.851382:-1.598132;1.557472:-1.518159;1.281058:-1.589842;0.9784441:-1.513878;0.6822754:-1.464496;0.4200443:-1.493948;-0.0521791:-1.431889;-0.2504296:-1.463574;-0.5652659:-1.323157;-0.8316481:-1.244624;-1.07357:-1.376629;-1.262096:-1.405017
sigma3_hotel_seed42,HOTEL:biwi_hotel:288:12480,HOTEL,biwi_hotel,biwi_hotel:288,12480,3,3.030583143234253,4.697400093078613,1.5435348749160767,1.6343721151351929,0.4430581331253052,0.43467020988464355,1.0,2.91:-5.43;2.91:-4.79;2.86:-4.12;2.77:-3.44;2.59:-2.84;2.36:-2.18;2.15:-1.58;1.89:-1.02,1.68:-0.46;1.48:0.07;1.26:0.62;1.07:1.14;0.84:1.6;0.67:2.03;0.47:2.48;0.25:2.83;0.18:3.06;0.09:3.33;0.02:3.33;0:3.37,1.498118:-1.024143;1.125131:-0.9705753;0.7987416:-0.9677607;0.4540871:-0.9423668;0.09310818:-0.8797635;-0.2592214:-0.8723348;-0.7095939:-0.8693249;-0.9798118:-0.8895832;-1.334226:-0.7653633;-1.64736:-0.6867562;-1.955676:-0.7754475;-2.186967:-0.7872518
sigma3_hotel_seed42,HOTEL:biwi_hotel:289:12480,HOTEL,biwi_hotel,biwi_hotel:289,12480,3,3.6184070110321045,6.656824111938477,1.546164631843567,1.556015133857727,0.4444514214992523,0.5950492024421692,1.0,2.98:-7.11;2.98:-6.5;2.88:-5.87;2.81:-5.27;2.79:-4.61;2.65:-4.01;2.54:-3.41;2.39:-2.81,2.15:-2.28;2.01:-1.68;1.86:-1.12;1.7:-0.59;1.64:0.07;1.53:0.64;1.53:1.2;1.52:1.74;1.41:2.27;1.36:2.83;1.22:3.36;0.92:3.9,2.230065:-2.839186;2.054772:-2.754356;1.891242:-2.871478;1.689781:-2.768132;1.492315:-2.742819;1.346029:-2.789053;0.951557:-2.709449;0.8645469:-2.745838;0.6258323:-2.585594;0.4612517:-2.52783;0.3031604:-2.677393;0.1916959:-2.716863
sigma3_hotel_seed42,HOTEL:biwi_hotel:288:12490,HOTEL,biwi_hotel,biwi_hotel:288,12490,3,2.694148063659668,3.9580399990081787,1.4952006340026855,1.6194007396697998,0.43440237641334534,0.4360809624195099,1.0,2.91:-4.79;2.86:-4.12;2.77:-3.44;2.59:-2.84;2.36:-2.18;2.15:-1.58;1.89:-1.02;1.68:-0.46,1.48:0.07;1.26:0.62;1.07:1.14;0.84:1.6;0.67:2.03;0.47:2.48;0.25:2.83;0.18:3.06;0.09:3.33;0.02:3.33;0:3.37;0:3.39,1.406068:-0.4770322;1.134255:-0.4082533;0.8921754:-0.4651896;0.6217028:-0.4010077;0.3433156:-0.3575366;0.09579301:-0.3764291;-0.3233238:-0.3365205;-0.4995459:-0.3649722;-0.7949575:-0.2217443;-1.032227:-0.1541354;-1.264523:-0.2724213;-1.434319:-0.2990118
sigma3_hotel_seed42,HOTEL:biwi_hotel:288:12500,HOTEL,biwi_hotel,biwi_hotel:288,12500,3,2.466672420501709,3.511949062347412,1.416200876235962,1.5817641019821167,0.42439377307891846,0.38104772567749023,1.0,2.86:-4.12;2.77:-3.44;2.59:-2.84;2.36:-2.18;2.15:-1.58;1.89:-1.02;1.68:-0.46;1.48:0.07,1.26:0.62;1.07:1.14;0.84:1.6;0.67:2.03;0.47:2.48;0.25:2.83;0.18:3.06;0.09:3.33;0.02:3.33;0:3.37;0:3.39;0:3.39,1.208175:0.05657797;0.9381135:0.1129387;0.711257:0.07907572;0.455943:0.126246;0.1803151:0.1678057;-0.07225764:0.1623319;-0.4506027:0.1774459;-0.6241105:0.1535442;-0.9119744:0.2949986;-1.135758:0.3547831;-1.372136:0.252947;-1.53607:0.2317926
sigma3_hotel_seed42,HOTEL:biwi_hotel:288:12510,HOTEL,biwi_hotel,biwi_hotel:288,12510,3,2.2558815479278564,3.2813193798065186,1.4809203147888184,1.548349142074585,0.32842326164245605,0.24084867537021637,1.0,2.77:-3.44;2.59:-2.84;2.36:-2.18;2.15:-1.58;1.89:-1.02;1.68:-0.46;1.48:0.07;1.26:0.62,1.07:1.14;0.84:1.6;0.67:2.03;0.47:2.48;0.25:2.83;0.18:3.06;0.09:3.33;0.02:3.33;0:3.37;0:3.39;0:3.39;0:3.39,0.9638113:0.6065887;0.6730487:0.6682712;0.4198155:0.6306327;0.1401055:0.6816255;-0.1535956:0.7281631;-0.4230998:0.7189167;-0.8345587:0.7432177;-1.02798:0.7178152;-1.332409:0.8569527;-1.580037:0.9241002;-1.82851:0.8171631;-2.008248:0.7950052
sigma3_hotel_seed42,HOTEL:biwi_hotel:288:12520,HOTEL,biwi_hotel,biwi_hotel:288,12520,3,1.9168505668640137,2.739683151245117,1.3840610980987549,1.5223512649536133,0.291260689496994,0.22717325389385223,1.0,2.59:-2.84;2.36:-2.18;2.15:-1.58;1.89:-1.02;1.68:-0.46;1.48:0.07;1.26:0.62;1.07:1.14,0.84:1.6;0.67:2.03;0.47:2.48;0.25:2.83;0.18:3.06;0.09:3.33;0.02:3.33;0:3.37;0:3.39;0:3.39;0:3.39;0:3.39,0.8238048:1.122734;0.576046:1.185279;0.3647546:1.132925;0.1227143:1.19259;-0.1355566:1.230308;-0.3635936:1.216067;-0.7439581:1.244652;-0.8969092:1.217789;-1.173513:1.364234;-1.383722:1.423366;-1.602385:1.311457;-1.753893:1.28531
sigma3_hotel_seed42,HOTEL:biwi_hotel:292:12520,HOTEL,biwi_hotel,biwi_hotel:292,12520,3,0.023230919614434242,0.05533714219927788,0.0,0.0,0.0,0.0,1.875,-0.85:2.36;-0.85:2.36;-0.85:2.36;-0.85:2.36;-0.85:2.36;-0.85:2.36;-0.85:2.36;-0.85:2.36,-0.85:2.36;-0.85:2.36;-0.85:2.36;-0.85:2.36;-0.85:2.36;-0.85:2.36;-0.85:2.36;-0.85:2.36;-0.85:2.36;-0.85:2.36;-0.85:2.36;-0.85:2.36,-0.8580518:2.359555;-0.8738552:2.352425;-0.8648096:2.366215;-0.8721914:2.361837;-0.8571497:2.3553;-0.8831353:2.361021;-0.8440474:2.359289;-0.8592009:2.369846;-0.8484167:2.354339;-0.8142893:2.338784;-0.8122199:2.338603;-0.7951615:2.352588
sigma3_hotel_seed42,HOTEL:biwi_hotel:293:12520,HOTEL,biwi_hotel,biwi_hotel:293,12520,3,0.023230919614434242,0.055337175726890564,0.0,0.0,0.0,0.0,2.0,-0.81:4.04;-0.81:4.04;-0.81:4.04;-0.81:4.04;-0.81:4.04;-0.81:4.04;-0.81:4.04;-0.81:4.04,-0.81:4.04;-0.81:4.04;-0.81:4.04;-0.81:4.04;-0.81:4.04;-0.81:4.04;-0.81:4.04;-0.81:4.04;-0.81:4.04;-0.81:4.04;-0.81:4.04;-0.81:4.04,-0.8180518:4.039556;-0.8338552:4.032425;-0.8248096:4.046216;-0.8321914:4.041837;-0.8171497:4.0353;-0.8431352:4.04102;-0.8040473:4.039289;-0.8192009:4.049846;-0.8084167:4.034339;-0.7742893:4.018784;-0.7722199:4.018603;-0.7551615:4.032588
sigma3_hotel_seed42,HOTEL:biwi_hotel:294:12520,HOTEL,biwi_hotel,biwi_hotel:294,12520,3,0.25685736536979675,0.46207281947135925,0.5099019408226013,0.27685126662254333,0.8613494038581848,9.147186279296875,1.875,-0.39:4.31;-0.4:4.15;-0.4:4.06;-0.41:4.2;-0.42:4.11;-0.42:4.04;-0.42:4.02;-0.46:4.22,-0.47:4.28;-0.42:4.22;-0.45:4.13;-0.44:4.15;-0.44:4.12;-0.44:4.06;-0.42:4.14;-0.42:4.08;-0.42:4.04;-0.42:4.02;-0.42:4;-0.42:3.99,-0.4930473:4.20245;-0.5045705:4.219803;-0.4954576:4.199487;-0.5145092:4.239045;-0.5881589:4.232267;-0.6192746:4.205613;-0.6534884:4.197464;-0.6441036:4.233767;-0.7268687:4.302215;-0.7623574:4.319948;-0.7976361:4.275932;-0.8125618:4.233735
sigma3_hotel_seed42,HOTEL:biwi_hotel:288:12530,HOTEL,biwi_hotel,biwi_hotel:288,12530,3,2.0116260051727295,3.2305026054382324,1.2857390642166138,1.4564112424850464,0.30049553513526917,0.33915621042251587,1.125,2.36:-2.18;2.15:-1.58;1.89:-1.02;1.68:-0.46;1.48:0.07;1.26:0.62;1.07:1.14;0.84:1.6,0.67:2.03;0.47:2.48;0.25:2.83;0.18:3.06;0.09:3.33;0.02:3.33;0:3.37;0:3.39;0:3.39;0:3.39;0:3.39;0:3.39,0.4811105:1.599692;0.139106:1.636093;-0.1426792:1.662919;-0.4393854:1.671275;-0.778866:1.724017;-1.107949:1.744595;-1.479049:1.715906;-1.717569:1.705198;-2.045968:1.827007;-2.321892:1.89242;-2.616264:1.829153;-2.822411:1.818331
sigma3_hotel_seed42,HOTEL:biwi_hotel:292:12530,HOTEL,biwi_hotel,biwi_hotel:292,12530,3,0.023230919614434242,0.05533714219927788,0.0,0.0,0.0,0.0,2.125,-0.85:2.36;-0.85:2.36;-0.85:2.36;-0.85:2.36;-0.85:2.36;-0.85:2.36;-0.85:2.36;-0.85:2.36,-0.85:2.36;-0.85:2.36;-0.85:2.36;-0.85:2.36;-0.85:2.36;-0.85:2.36;-0.85:2.36;-0.85:2.36;-0.85:2.36;-0.85:2.36;-0.85:2.36;-0.85:2.36,-0.8580518:2.359555;-0.8738552:2.352425;-0.8648096:2.366215;-0.8721914:2.361837;-0.8571497:2.3553;-0.8831353:2.361021;-0.8440474:2.359289;-0.8592009:2.369846;-0.8484167:2.354339;-0.8142893:2.338784;-0.8122199:2.338603;-0.7951615:2.352588
sigma3_hotel_seed42,HOTEL:biwi_hotel:293:12530,HOTEL,biwi_hotel,biwi_hotel:293,12530,3,0.023230919614434242,0.055337175726890564,0.0,0.0,0.0,0.0,2.0,-0.81:4.04;-0.81:4.04;-0.81:4.04;-0.81:4.04;-0.81:4.04;-0.81:4.04;-0.81:4.04;-0.81:4.04,-0.81:4.04;-0.81:4.04;-0.81:4.04;-0.81:4.04;-0.81:4.04;-0.81:4.04;-0.81:4.04;-0.81:4.04;-0.81:4.04;-0.81:4.04;-0.81:4.04;-0.81:4.04,-0.8180518:4.039556;-0.8338552:4.032425;-0.8248096:4.046216;-0.8321914:4.041837;-0.8171497:4.0353;-0.8431352:4.04102;-0.8040473:4.039289;-0.8192009:4.049846;-0.8084167:4.034339;-0.7742893:4.018784;-0.7722199:4.018603;-0.7551615:4.032588
sigma3_hotel_seed42,HOTEL:biwi_hotel:294:12530,HOTEL,biwi_hotel,biwi_hotel:294,12530,3,0.4814481735229492,0.8146658539772034,0.1520690619945526,0.24132105708122253,0.9368364214897156,9.117013931274414,2.0,-0.4:4.15;-0.4:4.06;-0.41:4.2;-0.42:4.11;-0.42:4.04;-0.42:4.02;-0.46:4.22;-0.47:4.28,-0.42:4.22;-0.45:4.13;-0.44:4.15;-0.44:4.12;-0.44:4.06;-0.42:4.14;-0.42:4.08;-0.42:4.04;-0.42:4.02;-0.42:4;-0.42:3.99;-0.42:3.99,-0.5556751:4.279605;-0.620011:4.266249;-0.6569927:4.311626;-0.7021956:4.279744;-0.7852242:4.297036;-0.8652107:4.318656;-0.87141:4.261431;-0.9364976:4.255326;-0.9811262:4.291925;-1.04593:4.289663;-1.111681:4.307877;-1.174077:4.298299
sigma3_hotel_seed42,HOTEL:biwi_hotel:288:12540,HOTEL,biwi_hotel,biwi_hotel:288,12540,3,1.4805970191955566,2.2866098880767822,1.1559628248214722,1.3945170640945435,0.3036734461784363,0.3283180892467499,1.25,2.15:-1.58;1.89:-1.02;1.68:-0.46;1.48:0.07;1.26:0.62;1.07:1.14;0.84:1.6;0.67:2.03,0.47:2.48;0.25:2.83;0.18:3.06;0.09:3.33;0.02:3.33;0:3.37;0:3.39;0:3.39;0:3.39;0:3.39;0:3.39;0:3.39,0.4339608:2.021898;0.1999056:2.066645;0.007075548:2.045461;-0.1994766:2.087266;-0.456772:2.115714;-0.673131:2.109904;-0.9866526:2.108876;-1.122933:2.101248;-1.388345:2.232607;-1.584184:2.286297;-1.799442:2.2077;-1.940705:2.180765
sigma3_hotel_seed42,HOTEL:biwi_hotel:292:12540,HOTEL,biwi_hotel,biwi_hotel:292,12540,3,0.023230919614434242,0.05533714219927788,0.0,0.0,0.0,0.0,2.25,-0.85:2.36;-0.85:2.36;-0.85:2.36;-0.85:2.36;-0.85:2.36;-0.85:2.36;-0.85:2.36;-0.85:2.36,-0.85:2.36;-0.85:2.36;-0.85:2.36;-0.85:2.36;-0.85:2.36;-0.85:2.36;-0.85:2.36;-0.85:2.36;-0.85:2.36;-0.85:2.36;-0.85:2.36;-0.85:2.36,-0.8580518:2.359555;-0.8738552:2.352425;-0.8648096:2.366215;-0.8721914:2.361837;-0.8571497:2.3553;-0.8831353:2.361021;-0.8440474:2.359289;-0.8592009:2.369846;-0.8484167:2.354339;-0.8142893:2.338784;-0.8122199:2.338603;-0.7951615:2.352588
sigma3_hotel_seed42,HOTEL:biwi_hotel:293:12540,HOTEL,biwi_hotel,biwi_hotel:293,12540,3,0.023230919614434242,0.055337175726890564,0.0,0.0,0.0,0.0,2.0,-0.81:4.04;-0.81:4.04;-0.81:4.04;-0.81:4.04;-0.81:4.04;-0.81:4.04;-0.81:4.04;-0.81:4.04,-0.81:4.04;-0.81:4.04;-0.81:4.04;-0.81:4.04;-0.81:4.04;-0.81:4.04;-0.81:4.04;-0.81:4.04;-0.81:4.04;-0.81:4.04;-0.81:4.04;-0.81:4.04,-0.8180518:4.039556;-0.8338552:4.032425;-0.8248096:4.046216;-0.8321914:4.041837;-0.8171497:4.0353;-0.8431352:4.04102;-0.8040473:4.039289;-0.8192009:4.049846;-0.8084167:4.034339;-0.7742893:4.018784;-0.7722199:4.018603;-0.7551615:4.032588
sigma3_hotel_seed42,HOTEL:biwi_hotel:294:12540,HOTEL,biwi_hotel,biwi_hotel:294,12540,3,0.16581273078918457,0.2525217831134796,0.19525624811649323,0.2370719462633133,0.8367810249328613,8.658732414245605,2.0,-0.4:4.06;-0.41:4.2;-0.42:4.11;-0.42:4.04;-0.42:4.02;-0.46:4.22;-0.47:4.28;-0.42:4.22,-0.45:4.13;-0.44:4.15;-0.44:4.12;-0.44:4.06;-0.42:4.14;-0.42:4.08;-0.42:4.04;-0.42:4.02;-0.42:4;-0.42:3.99;-0.42:3.99;-0.42:3.99,-0.4514223:4.217445;-0.4643358:4.203851;-0.4591913:4.241518;-0.4602298:4.205645;-0.4818344:4.225106;-0.5084375:4.234881;-0.4872098:4.190711;-0.5144213:4.175194;-0.499509:4.197438;-0.522376:4.201451;-0.5371744:4.202434;-0.5608155:4.199615
sigma3_hotel_seed42,HOTEL:biwi_hotel:288:12550,HOTEL,biwi_hotel,biwi_hotel:288,12550,3,1.511168360710144,2.6306934356689453,1.231107234954834,1.3498846292495728,0.2891479432582855,0.29415252804756165,1.5,1.89:-1.02;1.68:-0.46;1.48:0.07;1.26:0.62;1.07:1.14;0.84:1.6;0.67:2.03;0.47:2.48,0.25:2.83;0.18:3.06;0.09:3.33;0.02:3.33;0:3.37;0:3.39;0:3.39;0:3.39;0:3.39;0:3.39;0:3.39;0:3.39,0.1883679:2.475204;-0.08552244:2.516304;-0.3113832:2.514102;-0.5505009:2.542712;-0.8382428:2.580273;-1.095852:2.584435;-1.429143:2.572239;-1.603078:2.564186;-1.891479:2.690857;-2.11724:2.749073;-2.361193:2.677562;-2.526402:2.656623
sigma3_hotel_seed42,HOTEL:biwi_hotel:292:12550,HOTEL,biwi_hotel,biwi_hotel:292,12550,3,0.023230919614434242,0.05533714219927788,0.0,0.0,0.0,0.0,2.375,-0.85:2.36;-0.85:2.36;-0.85:2.36;-0.85:2.36;-0.85:2.36;-0.85:2.36;-0.85:2.36;-0.85:2.36,-0.85:2.36;-0.85:2.36;-0.85:2.36;-0.85:2.36;-0.85:2.36;-0.85:2.36;-0.85:2.36;-0.85:2.36;-0.85:2.36;-0.85:2.36;-0.85:2.36;-0.85:2.36,-0.8580518:2.359555;-0.8738552:2.352425;-0.8648096:2.366215;-0.8721914:2.361837;-0.8571497:2.3553;-0.8831353:2.361021;-0.8440474:2.359289;-0.8592009:2.369846;-0.8484167:2.354339;-0.8142893:2.338784;-0.8122199:2.338603;-0.7951615:2.352588
sigma3_hotel_seed42,HOTEL:biwi_hotel:293:12550,HOTEL,biwi_hotel,biwi_hotel:293,12550,3,0.023230919614434242,0.055337175726890564,0.0,0.0,0.0,0.0,2.0,-0.81:4.04;-0.81:4.04;-0.81:4.04;-0.81:4.04;-0.81:4.04;-0.81:4.04;-0.81:4.04;-0.81:4.04,-0.81:4.04;-0.81:4.04;-0.81:4.04;-0.81:4.04;-0.81:4.04;-0.81:4.04;-0.81:4.04;-0.81:4.04;-0.81:4.04;-0.81:4.04;-0.81:4.04;-0.81:4.04,-0.8180518:4.039556;-0.8338552:4.032425;-0.8248096:4.046216;-0.8321914:4.041837;-0.8171497:4.0353;-0.8431352:4.04102;-0.8040473:4.039289;-0.8192009:4.049846;-0.8084167:4.034339;-0.7742893:4.018784;-0.7722199:4.018603;-0.7551615:4.032588
sigma3_hotel_seed42,HOTEL:biwi_hotel:294:12550,HOTEL,biwi_hotel,biwi_hotel:294,12550,3,0.2375391125679016,0.4087577760219574,0.23717083036899567,0.22082610428333282,0.6861976981163025,6.715592861175537,2.125,-0.41:4.2;-0.42:4.11;-0.42:4.04;-0.42:4.02;-0.46:4.22;-0.47:4.28;-0.42:4.22;-0.45:4.13,-0.44:4.15;-0.44:4.12;-0.44:4.06;-0.42:4.14;-0.42:4.08;-0.42:4.04;-0.42:4.02;-0.42:4;-0.42:3.99;-0.42:3.99;-0.42:3.99;-0.42:3.99,-0.5005094:4.126176;-0.5305649:4.116101;-0.5382971:4.150203;-0.5563573:4.125834;-0.6045675:4.141558;-0.6502301:4.149981;-0.6446894:4.103812;-0.6792532:4.104054;-0.7001128:4.13587;-0.7378206:4.13858;-0.7690959:4.140092;-0.8038554:4.130492
sigma3_hotel_seed42,HOTEL:biwi_hotel:288:12560,HOTEL,biwi_hotel,biwi_hotel:288,12560,3,1.7463406324386597,3.26300048828125,1.033501386642456,1.2839275598526,0.3624371290206909,0.43502551317214966,1.875,1.68:-0.46;1.48:0.07;1.26:0.62;1.07:1.14;0.84:1.6;0.67:2.03;0.47:2.48;0.25:2.83,0.18:3.06;0.09:3.33;0.02:3.33;0:3.37;0:3.39;0:3.39;0:3.39;0:3.39;0:3.39;0:3.39;0:3.39;0.13:3.49,-0.07107377:2.837705;-0.3794373:2.868095;-0.642912:2.891377;-0.91611:2.908581;-1.238663:2.945228;-1.536253:2.957086;-1.8395:2.93411;-2.060015:2.950655;-2.373106:3.047074;-2.634162:3.09671;-2.898376:3.063938;-3.102585:3.045519
sigma3_hotel_seed42,HOTEL:biwi_hotel:292:12560,HOTEL,biwi_hotel,biwi_hotel:292,12560,3,0.023230919614434242,0.05533714219927788,0.0,0.0,0.0,0.0,2.5,-0.85:2.36;-0.85:2.36;-0.85:2.36;-0.85:2.36;-0.85:2.36;-0.85:2.36;-0.85:2.36;-0.85:2.36,-0.85:2.36;-0.85:2.36;-0.85:2.36;-0.85:2.36;-0.85:2.36;-0.85:2.36;-0.85:2.36;-0.85:2.36;-0.85:2.36;-0.85:2.36;-0.85:2.36;-0.85:2.36,-0.8580518:2.359555;-0.8738552:2.352425;-0.8648096:2.366215;-0.8721914:2.361837;-0.8571497:2.3553;-0.8831353:2.361021;-0.8440474:2.359289;-0.8592009:2.369846;-0.8484167:2.354339;-0.8142893:2.338784;-0.8122199:2.338603;-0.7951615:2.352588
sigma3_hotel_seed42,HOTEL:biwi_hotel:293:12560,HOTEL,biwi_hotel,biwi_hotel:293,12560,3,0.023230919614434242,0.055337175726890564,0.0,0.0,0.0,0.0,2.125,-0.81:4.04;-0.81:4.04;-0.81:4.04;-0.81:4.04;-0.81:4.04;-0.81:4.04;-0.81:4.04;-0.81:4.04,-0.81:4.04;-0.81:4.04;-0.81:4.04;-0.81:4.04;-0.81:4.04;-0.81:4.04;-0.81:4.04;-0.81:4.04;-0.81:4.04;-0.81:4.04;-0.81:4.04;-0.81:4.04,-0.8180518:4.039556;-0.8338552:4.032425;-0.8248096:4.046216;-0.8321914:4.041837;-0.8171497:4.0353;-0.8431352:4.04102;-0.8040473:4.039289;-0.8192009:4.049846;-0.8084167:4.034339;-0.7742893:4.018784;-0.7722199:4.018603;-0.7551615:4.032588
sigma3_hotel_seed42,HOTEL:biwi_hotel:294:12560,HOTEL,biwi_hotel,biwi_hotel:294,12560,3,0.2542974352836609,0.46677762269973755,0.055901698768138885,0.19647139310836792,0.784829318523407,9.604631423950195,2.25,-0.42:4.11;-0.42:4.04;-0.42:4.02;-0.46:4.22;-0.47:4.28;-0.42:4.22;-0.45:4.13;-0.44:4.15,-0.44:4.12;-0.44:4.06;-0.42:4.14;-0.42:4.08;-0.42:4.04;-0.42:4.02;-0.42:4;-0.42:3.99;-0.42:3.99;-0.42:3.99;-0.42:3.99;-0.42:3.99,-0.4780293:4.146174;-0.5056622:4.138655;-0.5229905:4.153292;-0.5627963:4.138051;-0.5895567:4.14314;-0.6357951:4.149607;-0.6666887:4.123137;-0.7204622:4.119828;-0.7294485:4.120173;-0.7740231:4.127965;-0.8100836:4.113917;-0.8699336:4.114262
sigma3_hotel_seed42,HOTEL:biwi_hotel:296:12700,HOTEL,biwi_hotel,biwi_hotel:296,12700,3,4.689785480499268,8.55420970916748,1.5821267366409302,1.612048864364624,0.3984186351299286,0.45096004009246826,1.5,1.28:3.22;1.23:2.62;1.16:2.01;1.17:1.3;1.12:0.64;1.13:0;1.07:-0.65;1.01:-1.28,1.04:-1.97;0.97:-2.66;1.02:-3.35;1:-4.07;0.93:-4.86;0.95:-5.59;0.85:-6.33;0.85:-7;0.82:-7.67;0.73:-8.35;0.75:-9.06;0.65:-9.78,0.9858995:-1.329127;0.9251359:-1.205941;0.8338082:-1.431471;0.6931987:-1.254352;0.5903145:-1.248763;0.5743892:-1.349101;0.1479366:-1.182891;0.1650694:-1.235337;-0.01614046:-1.051741;-0.1118542:-0.9944279;-0.1740005:-1.207847;-0.2236072:-1.270517
sigma3_hotel_seed42,HOTEL:biwi_hotel:297:12700,HOTEL,biwi_hotel,biwi_hotel:297,12700,3,4.587935924530029,8.516317367553711,1.628074049949646,1.6563953161239624,0.5711763501167297,0.4635959565639496,1.25,1.85:3.28;1.79:2.68;1.77:2.07;1.8:1.36;1.78:0.72;1.77:0.07;1.83:-0.7;1.79:-1.35,1.79:-2;1.74:-2.67;1.77:-3.35;1.67:-4.06;1.57:-4.71;1.51:-5.47;1.51:-6.24;1.5:-6.98;1.41:-7.66;1.35:-8.35;1.44:-9.11;1.38:-9.82,1.77014:-1.40097;1.7128:-1.272337;1.618892:-1.509195;1.475294:-1.324143;1.37543:-1.318224;1.366083:-1.424751;0.9248636:-1.247233;0.9446283:-1.301911;0.7633647:-1.117519;0.6655754:-1.057473;0.6088488:-1.278345;0.5596173:-1.343288
sigma3_hotel_seed42,HOTEL:biwi_hotel:303:12900,HOTEL,biwi_hotel,biwi_hotel:303,12900,3,1.1885318756103516,2.056241512298584,0.4430011212825775,0.5020333528518677,0.7753880620002747,2.7243123054504395,0.0,-2:0.22;-1.89:0.04;-1.82:-0.26;-1.67:-0.44;-1.45:-0.51;-1.27:-0.5;-1.22:-0.46;-1.05:-0.41,-1.03:-0.38;-1.08:-0.38;-1.14:-0.37;-1.18:-0.32;-1.22:-0.26;-1.22:-0.24;-1.22:-0.23;-1.22:-0.23;-1.22:-0.23;-1.22:-0.23;-1.22:-0.23;-1.22:-0.23,-0.8910659:-0.4218404;-0.7147826:-0.4243968;-0.5498702:-0.4244592;-0.3865854:-0.4467858;-0.2338167:-0.4347596;-0.06492144:-0.4616268;0.08192575:-0.4534622;0.2217269:-0.4862486;0.4074275:-0.4895177;0.5289083:-0.4608615;0.6828058:-0.5007142;0.8165935:-0.5135782
sigma3_hotel_seed42,HOTEL:biwi_hotel:303:12910,HOTEL,biwi_hotel,biwi_hotel:303,12910,3,0.14572949707508087,0.19808633625507355,0.09013878554105759,0.43957093358039856,0.8012592196464539,3.1017370223999023,0.0,-1.89:0.04;-1.82:-0.26;-1.67:-0.44;-1.45:-0.51;-1.27:-0.5;-1.22:-0.46;-1.05:-0.41;-1.03:-0.38,-1.08:-0.38;-1.14:-0.37;-1.18:-0.32;-1.22:-0.26;-1.22:-0.24;-1.22:-0.23;-1.22:-0.23;-1.22:-0.23;-1.22:-0.23;-1.22:-0.23;-1.22:-0.23;-1.22:-0.23,-1.059507:-0.3829679;-1.080225:-0.3886918;-1.094091:-0.3747843;-1.117218:-0.3895356;-1.137754:-0.3792969;-1.168956:-0.3880998;-1.175956:-0.3986195;-1.221719:-0.4061089;-1.21938:-0.3992173;-1.250414:-0.3922493;-1.275261:-0.4091648;-1.316354:-0.4030725
sigma3_hotel_seed42,HOTEL:biwi_hotel:303:12920,HOTEL,biwi_hotel,biwi_hotel:303,12920,3,0.4249402582645416,0.8675101399421692,0.125,0.3474072217941284,0.730358898639679,4.795029640197754,0.0,-1.82:-0.26;-1.67:-0.44;-1.45:-0.51;-1.27:-0.5;-1.22:-0.46;-1.05:-0.41;-1.03:-0.38;-1.08:-0.38,-1.14:-0.37;-1.18:-0.32;-1.22:-0.26;-1.22:-0.24;-1.22:-0.23;-1.22:-0.23;-1.22:-0.23;-1.22:-0.23;-1.22:-0.23;-1.22:-0.23;-1.22:-0.23;-1.22:-0.23,-1.171654:-0.382367;-1.249619:-0.3844731;-1.323343:-0.3690768;-1.402838:-0.3794479;-1.488321:-0.3652894;-1.569611:-0.3696399;-1.637848:-0.3808896;-1.73707:-0.3861251;-1.797686:-0.3807332;-1.898163:-0.3604681;-1.981158:-0.3688724;-2.077094:-0.3640286
sigma3_hotel_seed42,HOTEL:biwi_hotel:303:12930,HOTEL,biwi_hotel,biwi_hotel:303,12930,3,0.522696316242218,1.012588381767273,0.1520690619945526,0.2854501008987427,0.6092735528945923,4.3921732902526855,0.0,-1.67:-0.44;-1.45:-0.51;-1.27:-0.5;-1.22:-0.46;-1.05:-0.41;-1.03:-0.38;-1.08:-0.38;-1.14:-0.37,-1.18:-0.32;-1.22:-0.26;-1.22:-0.24;-1.22:-0.23;-1.22:-0.23;-1.22:-0.23;-1.22:-0.23;-1.22:-0.23;-1.22:-0.23;-1.22:-0.23;-1.22:-0.23;-1.22:-0.23,-1.238853:-0.3716637;-1.324123:-0.3729191;-1.405371:-0.3584226;-1.490518:-0.3661814;-1.588122:-0.3533073;-1.67552:-0.3557156;-1.750325:-0.3694499;-1.852292:-0.3732955;-1.924504:-0.3618764;-2.03219:-0.3445209;-2.12292:-0.3480776;-2.225829:-0.3468041
sigma3_hotel_seed42,HOTEL:biwi_hotel:303:12940,HOTEL,biwi_hotel,biwi_hotel:303,12940,3,0.22071367502212524,0.40218767523765564,0.16007810831069946,0.22586558759212494,0.5626888275146484,4.759528636932373,0.0,-1.45:-0.51;-1.27:-0.5;-1.22:-0.46;-1.05:-0.41;-1.03:-0.38;-1.08:-0.38;-1.14:-0.37;-1.18:-0.32,-1.22:-0.26;-1.22:-0.24;-1.22:-0.23;-1.22:-0.23;-1.22:-0.23;-1.22:-0.23;-1.22:-0.23;-1.22:-0.23;-1.22:-0.23;-1.22:-0.23;-1.22:-0.23;-1.22:-0.23,-1.232584:-0.3214355;-1.27212:-0.3325131;-1.292546:-0.3003345;-1.321319:-0.3259453;-1.365669:-0.3119811;-1.416447:-0.3033052;-1.417281:-0.338926;-1.469057:-0.3455904;-1.484634:-0.3274237;-1.525444:-0.3260443;-1.565715:-0.3227924;-1.611737:-0.3210903
sigma3_hotel_seed42,HOTEL:biwi_hotel:303:12950,HOTEL,biwi_hotel,biwi_hotel:303,12950,3,0.2325691133737564,0.42061829566955566,0.18027757108211517,0.18723468482494354,0.43412983417510986,4.227024555206299,0.0,-1.27:-0.5;-1.22:-0.46;-1.05:-0.41;-1.03:-0.38;-1.08:-0.38;-1.14:-0.37;-1.18:-0.32;-1.22:-0.26,-1.22:-0.24;-1.22:-0.23;-1.22:-0.23;-1.22:-0.23;-1.22:-0.23;-1.22:-0.23;-1.22:-0.23;-1.22:-0.23;-1.22:-0.23;-1.22:-0.23;-1.22:-0.23;-1.22:-0.23,-1.273272:-0.261418;-1.313079:-0.2737793;-1.331438:-0.2382126;-1.358605:-0.2663222;-1.402312:-0.2515014;-1.453619:-0.2402322;-1.450768:-0.2796087;-1.501892:-0.2859573;-1.516757:-0.2679698;-1.555953:-0.2670594;-1.595576:-0.261456;-1.639616:-0.2590183
sigma3_hotel_seed42,HOTEL:biwi_hotel:303:12960,HOTEL,biwi_hotel,biwi_hotel:303,12960,3,0.035870205610990524,0.0766248106956482,0.05000000074505806,0.17150923609733582,0.36762210726737976,4.426337718963623,0.0,-1.22:-0.46;-1.05:-0.41;-1.03:-0.38;-1.08:-0.38;-1.14:-0.37;-1.18:-0.32;-1.22:-0.26;-1.22:-0.24,-1.22:-0.23;-1.22:-0.23;-1.22:-0.23;-1.22:-0.23;-1.22:-0.23;-1.22:-0.23;-1.22:-0.23;-1.22:-0.23;-1.22:-0.23;-1.22:-0.23;-1.22:-0.23;-1.22:-0.23,-1.214289:-0.2408514;-1.208362:-0.2352756;-1.219009:-0.258055;-1.232517:-0.2428823;-1.232119:-0.2527488;-1.232244:-0.260872;-1.25372:-0.2514509;-1.258177:-0.2532584;-1.250934:-0.2512944;-1.258285:-0.2645733;-1.24882:-0.2707933;-1.2711:-0.2870975
sigma3_hotel_seed42,HOTEL:biwi_hotel:303:12970,HOTEL,biwi_hotel,biwi_hotel:303,12970,3,0.019777005538344383,0.04985309764742851,0.02500000037252903,0.11179478466510773,0.22040601074695587,3.729595184326172,0.0,-1.05:-0.41;-1.03:-0.38;-1.08:-0.38;-1.14:-0.37;-1.18:-0.32;-1.22:-0.26;-1.22:-0.24;-1.22:-0.23,-1.22:-0.23;-1.22:-0.23;-1.22:-0.23;-1.22:-0.23;-1.22:-0.23;-1.22:-0.23;-1.22:-0.23;-1.22:-0.23;-1.22:-0.23;-1.22:-0.23;-1.22:-0.23;-1.22:-0.23,-1.216402:-0.2282315;-1.222013:-0.2255014;-1.234771:-0.2380261;-1.238416:-0.2299828;-1.227178:-0.2354459;-1.224012:-0.2472686;-1.225783:-0.2290401;-1.229514:-0.2364925;-1.210549:-0.2435412;-1.196588:-0.257087;-1.182142:-0.2576338;-1.179664:-0.2592977
sigma3_hotel_seed42,HOTEL:biwi_hotel:303:12980,HOTEL,biwi_hotel,biwi_hotel:303,12980,3,0.13462857902050018,0.24737681448459625,0.0,0.09891781955957413,0.1514917016029358,1.5707963705062866,0.0,-1.03:-0.38;-1.08:-0.38;-1.14:-0.37;-1.18:-0.32;-1.22:-0.26;-1.22:-0.24;-1.22:-0.23;-1.22:-0.23,-1.22:-0.23;-1.22:-0.23;-1.22:-0.23;-1.22:-0.23;-1.22:-0.23;-1.22:-0.23;-1.22:-0.23;-1.22:-0.23;-1.22:-0.23;-1.22:-0.23;-1.22:-0.23;-1.22:-0.23,-1.240441:-0.2292986;-1.260176:-0.2298803;-1.288716:-0.2322334;-1.311071:-0.2375158;-1.323084:-0.2337839;-1.337203:-0.238289;-1.37243:-0.2398465;-1.400817:-0.2558922;-1.393002:-0.2603436;-1.421051:-0.2588665;-1.430262:-0.2613794;-1.464731:-0.2660848
sigma3_hotel_seed42,HOTEL:biwi_hotel:304:12980,HOTEL,biwi_hotel,biwi_hotel:304,12980,3,4.1906046867370605,7.703340530395508,1.6033169031143188,1.496628999710083,0.7313973307609558,0.6697830557823181,0.25,2.26:3.62;2.28:3;2.38:2.5;2.39:1.89;2.44:1.28;2.53:0.61;2.56:0.09;2.68:-0.54,2.69:-1.23;2.66:-1.84;2.61:-2.46;2.46:-3.1;2.33:-3.73;2.17:-4.32;2.01:-4.9;2.02:-5.5;1.99:-6.17;2.08:-6.83;2.11:-7.57;2.14:-8.24,2.818067:-0.5954111;2.929009:-0.497317;3.015639:-0.7014451;3.049464:-0.5605737;3.052098:-0.5534483;3.190009:-0.6190438;2.948407:-0.5422325;3.12701:-0.6044276;3.061977:-0.3733258;3.071519:-0.3511944;3.13967:-0.5117891;3.185637:-0.6079555
sigma3_hotel_seed42,HOTEL:biwi_hotel:303:12990,HOTEL,biwi_hotel,biwi_hotel:303,12990,3,0.12709970772266388,0.2349231243133545,0.0,0.08106067776679993,0.13676030933856964,1.4056476354599,0.0,-1.08:-0.38;-1.14:-0.37;-1.18:-0.32;-1.22:-0.26;-1.22:-0.24;-1.22:-0.23;-1.22:-0.23;-1.22:-0.23,-1.22:-0.23;-1.22:-0.23;-1.22:-0.23;-1.22:-0.23;-1.22:-0.23;-1.22:-0.23;-1.22:-0.23;-1.22:-0.23;-1.22:-0.23;-1.22:-0.23;-1.22:-0.23;-1.22:-0.23,-1.238469:-0.2287472;-1.256386:-0.228784;-1.286504:-0.2323492;-1.306095:-0.2377239;-1.317847:-0.2329908;-1.327037:-0.2381086;-1.365287:-0.2389978;-1.39071:-0.2570635;-1.381795:-0.2609298;-1.411449:-0.2587726;-1.418197:-0.2596406;-1.452298:-0.2650223
sigma3_hotel_seed42,HOTEL:biwi_hotel:304:12990,HOTEL,biwi_hotel,biwi_hotel:304,12990,3,4.125955104827881,7.6519670486450195,1.7251811027526855,1.5215396881103516,0.7116864919662476,0.678364098072052,0.25,2.28:3;2.38:2.5;2.39:1.89;2.44:1.28;2.53:0.61;2.56:0.09;2.68:-0.54;2.69:-1.23,2.66:-1.84;2.61:-2.46;2.46:-3.1;2.33:-3.73;2.17:-4.32;2.01:-4.9;2.02:-5.5;1.99:-6.17;2.08:-6.83;2.11:-7.57;2.14:-8.24;2.2:-8.92,2.787237:-1.290673;2.854813:-1.162192;2.869385:-1.416302;2.832101:-1.234999;2.808176:-1.222168;2.922238:-1.321616;2.55586:-1.174651;2.690905:-1.244416;2.586359:-1.024047;2.544502:-0.9774117;2.594534:-1.181682;2.607264:-1.278879
sigma3_hotel_seed42,HOTEL:biwi_hotel:303:13000,HOTEL,biwi_hotel,biwi_hotel:303,13000,3,0.07739075273275375,0.13265785574913025,0.0,0.059336524456739426,0.090175561606884,0.6747409701347351,0.0,-1.14:-0.37;-1.18:-0.32;-1.22:-0.26;-1.22:-0.24;-1.22:-0.23;-1.22:-0.23;-1.22:-0.23;-1.22:-0.23,-1.22:-0.23;-1.22:-0.23;-1.22:-0.23;-1.22:-0.23;-1.22:-0.23;-1.22:-0.23;-1.22:-0.23;-1.22:-0.23;-1.22:-0.23;-1.22:-0.23;-1.22:-0.23;-1.22:-0.23,-1.229267:-0.228393;-1.242158:-0.2270807;-1.265943:-0.2358031;-1.280592:-0.2357379;-1.282197:-0.2357596;-1.287003:-0.2447962;-1.313325:-0.2375604;-1.330704:-0.2539959;-1.313813:-0.2584863;-1.326076:-0.2630831;-1.324008:-0.2656922;-1.345811:-0.2720678
sigma3_hotel_seed42,HOTEL:biwi_hotel:304:13000,HOTEL,biwi_hotel,biwi_hotel:304,13000,3,4.186384677886963,7.914150714874268,1.5268431901931763,1.5575523376464844,0.6568073034286499,0.5609930157661438,0.25,2.38:2.5;2.39:1.89;2.44:1.28;2.53:0.61;2.56:0.09;2.68:-0.54;2.69:-1.23;2.66:-1.84,2.61:-2.46;2.46:-3.1;2.33:-3.73;2.17:-4.32;2.01:-4.9;2.02:-5.5;1.99:-6.17;2.08:-6.83;2.11:-7.57;2.14:-8.24;2.2:-8.92;2.2:-9.67,2.610315:-1.885698;2.527861:-1.768421;2.421368:-1.976026;2.267747:-1.810978;2.147024:-1.801509;2.107175:-1.893145;1.682454:-1.740475;1.679717:-1.790329;1.487029:-1.611052;1.377159:-1.552873;1.2975:-1.756122;1.235686:-1.814818
sigma3_hotel_seed42,HOTEL:biwi_hotel:303:13010,HOTEL,biwi_hotel,biwi_hotel:303,13010,3,0.024172566831111908,0.03957444429397583,0.0,0.03646822273731232,0.0797588974237442,0.588002622127533,0.0,-1.18:-0.32;-1.22:-0.26;-1.22:-0.24;-1.22:-0.23;-1.22:-0.23;-1.22:-0.23;-1.22:-0.23;-1.22:-0.23,-1.22:-0.23;-1.22:-0.23;-1.22:-0.23;-1.22:-0.23;-1.22:-0.23;-1.22:-0.23;-1.22:-0.23;-1.22:-0.23;-1.22:-0.23;-1.22:-0.23;-1.22:-0.23;-1.22:-0.23,-1.218545:-0.2283629;-1.225221:-0.2264533;-1.238422:-0.2381172;-1.24592:-0.2322453;-1.236506:-0.2373805;-1.237346:-0.2493901;-1.244128:-0.2348765;-1.252595:-0.244352;-1.231464:-0.249658;-1.222481:-0.2618527;-1.211652:-0.2658539;-1.217664:-0.2695055
sigma3_hotel_seed42,HOTEL:biwi_hotel:304:13010,HOTEL,biwi_hotel,biwi_hotel:304,13010,3,4.195648670196533,7.753845691680908,1.5550321340560913,1.5618133544921875,0.638433039188385,0.5269308686256409,0.25,2.39:1.89;2.44:1.28;2.53:0.61;2.56:0.09;2.68:-0.54;2.69:-1.23;2.66:-1.84;2.61:-2.46,2.46:-3.1;2.33:-3.73;2.17:-4.32;2.01:-4.9;2.02:-5.5;1.99:-6.17;2.08:-6.83;2.11:-7.57;2.14:-8.24;2.2:-8.92;2.2:-9.67;2.19:-10.19,2.605427:-2.5104;2.561495:-2.387642;2.487449:-2.617557;2.362487:-2.437919;2.273249:-2.436157;2.272916:-2.537745;1.861159:-2.371363;1.894255:-2.423952;1.724097:-2.237279;1.64389:-2.183695;1.592642:-2.398252;1.554281:-2.462258
sigma3_hotel_seed42,HOTEL:biwi_hotel:306:13010,HOTEL,biwi_hotel,biwi_hotel:306,13010,3,4.095648765563965,7.676138877868652,1.3583077192306519,1.3581230640411377,0.39054059982299805,0.3142459988594055,0.25,1.14:3.16;1.15:2.66;1.14:2.12;1.17:1.6;1.18:1.1;1.12:0.54;1.04:-0.09;0.98:-0.63,0.82:-1.22;0.8:-1.86;0.79:-2.5;0.74:-3.05;0.88:-3.64;1:-4.26;1.1:-4.87;1.34:-5.52;1.45:-6.04;1.54:-6.69;1.7:-7.33;1.75:-8.04,0.9434191:-0.6705599;0.8733275:-0.5751933;0.8032978:-0.7451277;0.6851661:-0.6074769;0.5735652:-0.6047192;0.5321259:-0.6738251;0.187399:-0.5653034;0.1987564:-0.606952;0.02330494:-0.426352;-0.05525625:-0.3842975;-0.1389354:-0.5597162;-0.1849338:-0.6117337
sigma3_hotel_seed42,HOTEL:biwi_hotel:303:13020,HOTEL,biwi_hotel,biwi_hotel:303,13020,3,0.07142221182584763,0.12392459064722061,0.0,0.010714286006987095,0.02083333395421505,0.0,0.0,-1.22:-0.26;-1.22:-0.24;-1.22:-0.23;-1.22:-0.23;-1.22:-0.23;-1.22:-0.23;-1.22:-0.23;-1.22:-0.23,-1.22:-0.23;-1.22:-0.23;-1.22:-0.23;-1.22:-0.23;-1.22:-0.23;-1.22:-0.23;-1.22:-0.23;-1.22:-0.23;-1.22:-0.23;-1.22:-0.23;-1.22:-0.23;-1.22:-0.23,-1.198273:-0.2295727;-1.18507:-0.2241984;-1.187384:-0.2480915;-1.182153:-0.2336329;-1.167635:-0.2410794;-1.150175:-0.2653576;-1.156539:-0.2441576;-1.153046:-0.2517321;-1.127149:-0.2419335;-1.114577:-0.2569429;-1.095792:-0.271799;-1.105902:-0.2783628
sigma3_hotel_seed42,HOTEL:biwi_hotel:306:13020,HOTEL,biwi_hotel,biwi_hotel:306,13020,3,4.501180171966553,8.358386039733887,1.5282751321792603,1.397840976715088,0.4604177176952362,0.4298923909664154,0.125,1.15:2.66;1.14:2.12;1.17:1.6;1.18:1.1;1.12:0.54;1.04:-0.09;0.98:-0.63;0.82:-1.22,0.8:-1.86;0.79:-2.5;0.74:-3.05;0.88:-3.64;1:-4.26;1.1:-4.87;1.34:-5.52;1.45:-6.04;1.54:-6.69;1.7:-7.33;1.75:-8.04;1.72:-8.69,0.6258436:-1.252504;0.4215435:-1.149221;0.2091202:-1.292534;-0.0385558:-1.168498;-0.2625368:-1.134838;-0.4266027:-1.198381;-0.9023593:-1.083871;-1.018211:-1.126439;-1.285816:-0.9675958;-1.494393:-0.8928904;-1.664767:-1.064295;-1.802542:-1.110137
sigma3_hotel_seed42,HOTEL:biwi_hotel:303:13030,HOTEL,biwi_hotel,biwi_hotel:303,13030,3,0.03190245106816292,0.06323777884244919,0.0,0.0035714285913854837,0.010416666977107525,0.0,0.0,-1.22:-0.24;-1.22:-0.23;-1.22:-0.23;-1.22:-0.23;-1.22:-0.23;-1.22:-0.23;-1.22:-0.23;-1.22:-0.23,-1.22:-0.23;-1.22:-0.23;-1.22:-0.23;-1.22:-0.23;-1.22:-0.23;-1.22:-0.23;-1.22:-0.23;-1.22:-0.23;-1.22:-0.23;-1.22:-0.23;-1.22:-0.23;-1.22:-0.23,-1.216559:-0.230856;-1.219604:-0.2265494;-1.229886:-0.245409;-1.24294:-0.2311411;-1.23972:-0.2397219;-1.244704:-0.2587314;-1.254211:-0.2396488;-1.268351:-0.2411041;-1.257533:-0.2385036;-1.254042:-0.2512626;-1.250973:-0.266202;-1.268904:-0.2700924
sigma3_hotel_seed42,HOTEL:biwi_hotel:306:13030,HOTEL,biwi_hotel,biwi_hotel:306,13030,3,4.01487398147583,7.4794182777404785,1.6007810831069946,1.4336336851119995,0.5686878561973572,0.5873250365257263,0.0,1.14:2.12;1.17:1.6;1.18:1.1;1.12:0.54;1.04:-0.09;0.98:-0.63;0.82:-1.22;0.8:-1.86,0.79:-2.5;0.74:-3.05;0.88:-3.64;1:-4.26;1.1:-4.87;1.34:-5.52;1.45:-6.04;1.54:-6.69;1.7:-7.33;1.75:-8.04;1.72:-8.69;1.75:-9.34,0.9041903:-1.917507;0.9789206:-1.80293;1.015747:-2.032472;1.000168:-1.86937;0.9812904:-1.85966;1.094132:-1.94412;0.7775722:-1.826014;0.9208365:-1.891116;0.8269418:-1.670298;0.8030388:-1.633275;0.851009:-1.818812;0.8732455:-1.912148
sigma3_hotel_seed42,HOTEL:biwi_hotel:303:13040,HOTEL,biwi_hotel,biwi_hotel:303,13040,3,0.023230932652950287,0.055337101221084595,0.0,0.0,0.0,0.0,0.0,-1.22:-0.23;-1.22:-0.23;-1.22:-0.23;-1.22:-0.23;-1.22:-0.23;-1.22:-0.23;-1.22:-0.23;-1.22:-0.23,-1.22:-0.23;-1.22:-0.23;-1.22:-0.23;-1.22:-0.23;-1.22:-0.23;-1.22:-0.23;-1.22:-0.23;-1.22:-0.23;-1.22:-0.23;-1.22:-0.23;-1.22:-0.23;-1.22:-0.23,-1.228052:-0.2304446;-1.243855:-0.2375747;-1.23481:-0.2237844;-1.242191:-0.2281626;-1.22715:-0.2347;-1.253135:-0.2289794;-1.214047:-0.230711;-1.229201:-0.2201536;-1.218417:-0.2356609;-1.184289:-0.2512161;-1.18222:-0.251397;-1.165162:-0.2374123
sigma3_hotel_seed42,HOTEL:biwi_hotel:306:13040,HOTEL,biwi_hotel,biwi_hotel:306,13040,3,4.020401477813721,7.472818851470947,1.600195288658142,1.4762099981307983,0.5496417284011841,0.5653100609779358,0.0,1.17:1.6;1.18:1.1;1.12:0.54;1.04:-0.09;0.98:-0.63;0.82:-1.22;0.8:-1.86;0.79:-2.5,0.74:-3.05;0.88:-3.64;1:-4.26;1.1:-4.87;1.34:-5.52;1.45:-6.04;1.54:-6.69;1.7:-7.33;1.75:-8.04;1.72:-8.69;1.75:-9.34;1.71:-9.94,0.8709034:-2.554052;0.9196622:-2.443989;0.9395585:-2.662361;0.9073035:-2.503206;0.8732705:-2.497721;0.9570656:-2.579903;0.6405581:-2.462926;0.7605045:-2.522195;0.6524943:-2.309067;0.624001:-2.272921;0.6455748:-2.457727;0.6570994:-2.541728
sigma3_hotel_seed42,HOTEL:biwi_hotel:303:13050,HOTEL,biwi_hotel,biwi_hotel:303,13050,3,0.023230932652950287,0.055337101221084595,0.0,0.0,0.0,0.0,0.0,-1.22:-0.23;-1.22:-0.23;-1.22:-0.23;-1.22:-0.23;-1.22:-0.23;-1.22:-0.23;-1.22:-0.23;-1.22:-0.23,-1.22:-0.23;-1.22:-0.23;-1.22:-0.23;-1.22:-0.23;-1.22:-0.23;-1.22:-0.23;-1.22:-0.23;-1.22:-0.23;-1.22:-0.23;-1.22:-0.23;-1.22:-0.23;-1.22:-0.23,-1.228052:-0.2304446;-1.243855:-0.2375747;-1.23481:-0.2237844;-1.242191:-0.2281626;-1.22715:-0.2347;-1.253135:-0.2289794;-1.214047:-0.230711;-1.229201:-0.2201536;-1.218417:-0.2356609;-1.184289:-0.2512161;-1.18222:-0.251397;-1.165162:-0.2374123
sigma3_hotel_seed42,HOTEL:biwi_hotel:303:13060,HOTEL,biwi_hotel,biwi_hotel:303,13060,3,0.023230932652950287,0.055337101221084595,0.0,0.0,0.0,0.0,0.0,-1.22:-0.23;-1.22:-0.23;-1.22:-0.23;-1.22:-0.23;-1.22:-0.23;-1.22:-0.23;-1.22:-0.23;-1.22:-0.23,-1.22:-0.23;-1.22:-0.23;-1.22:-0.23;-1.22:-0.23;-1.22:-0.23;-1.22:-0.23;-1.22:-0.23;-1.22:-0.23;-1.22:-0.23;-1.22:-0.23;-1.22:-0.23;-1.22:-0.23,-1.228052:-0.2304446;-1.243855:-0.2375747;-1.23481:-0.2237844;-1.242191:-0.2281626;-1.22715:-0.2347;-1.253135:-0.2289794;-1.214047:-0.230711;-1.229201:-0.2201536;-1.218417:-0.2356609;-1.184289:-0.2512161;-1.18222:-0.251397;-1.165162:-0.2374123
sigma3_hotel_seed42,HOTEL:biwi_hotel:307:13060,HOTEL,biwi_hotel,biwi_hotel:307,13060,3,2.4258506298065186,4.18252420425415,1.1011357307434082,1.18660569190979,0.4564497768878937,0.7620705366134644,0.375,2.6:-8.67;2.49:-8.26;2.47:-7.74;2.5:-7.26;2.47:-6.78;2.46:-6.28;2.53:-5.81;2.55:-5.37,2.55:-4.94;2.56:-4.48;2.48:-4.14;2.35:-3.8;2.29:-3.42;2.24:-3.07;2.12:-2.74;2.07:-2.36;2.1:-2.07;2.1:-1.73;2.03:-1.54;2.04:-1.24,2.617344:-5.404007;2.64918:-5.334065;2.684243:-5.481011;2.690242:-5.357844;2.639277:-5.38143;2.69197:-5.44392;2.503478:-5.380158;2.616362:-5.39721;2.507535:-5.218323;2.512229:-5.19912;2.489989:-5.330467;2.507899:-5.39627
sigma3_hotel_seed42,HOTEL:biwi_hotel:303:13070,HOTEL,biwi_hotel,biwi_hotel:303,13070,3,0.023230932652950287,0.055337101221084595,0.0,0.0,0.0,0.0,0.0,-1.22:-0.23;-1.22:-0.23;-1.22:-0.23;-1.22:-0.23;-1.22:-0.23;-1.22:-0.23;-1.22:-0.23;-1.22:-0.23,-1.22:-0.23;-1.22:-0.23;-1.22:-0.23;-1.22:-0.23;-1.22:-0.23;-1.22:-0.23;-1.22:-0.23;-1.22:-0.23;-1.22:-0.23;-1.22:-0.23;-1.22:-0.23;-1.22:-0.23,-1.228052:-0.2304446;-1.243855:-0.2375747;-1.23481:-0.2237844;-1.242191:-0.2281626;-1.22715:-0.2347;-1.253135:-0.2289794;-1.214047:-0.230711;-1.229201:-0.2201536;-1.218417:-0.2356609;-1.184289:-0.2512161;-1.18222:-0.251397;-1.165162:-0.2374123
sigma3_hotel_seed42,HOTEL:biwi_hotel:307:13070,HOTEL,biwi_hotel,biwi_hotel:307,13070,3,2.3022563457489014,3.8482229709625244,1.0750000476837158,1.1885700225830078,0.33169350028038025,0.5838165879249573,0.625,2.49:-8.26;2.47:-7.74;2.5:-7.26;2.47:-6.78;2.46:-6.28;2.53:-5.81;2.55:-5.37;2.55:-4.94,2.56:-4.48;2.48:-4.14;2.35:-3.8;2.29:-3.42;2.24:-3.07;2.12:-2.74;2.07:-2.36;2.1:-2.07;2.1:-1.73;2.03:-1.54;2.04:-1.24;2.03:-1.12,2.599222:-4.973058;2.611473:-4.900939;2.626755:-5.049434;2.613899:-4.922365;2.551392:-4.94693;2.586979:-5.013372;2.380336:-4.93956;2.475046:-4.954594;2.353366:-4.783208;2.347037:-4.759907;2.309797:-4.895845;2.317767:-4.957448
sigma3_hotel_seed42,HOTEL:biwi_hotel:303:13080,HOTEL,biwi_hotel,biwi_hotel:303,13080,3,0.023230932652950287,0.055337101221084595,0.0,0.0,0.0,0.0,0.0,-1.22:-0.23;-1.22:-0.23;-1.22:-0.23;-1.22:-0.23;-1.22:-0.23;-1.22:-0.23;-1.22:-0.23;-1.22:-0.23,-1.22:-0.23;-1.22:-0.23;-1.22:-0.23;-1.22:-0.23;-1.22:-0.23;-1.22:-0.23;-1.22:-0.23;-1.22:-0.23;-1.22:-0.23;-1.22:-0.23;-1.22:-0.23;-1.22:-0.23,-1.228052:-0.2304446;-1.243855:-0.2375747;-1.23481:-0.2237844;-1.242191:-0.2281626;-1.22715:-0.2347;-1.253135:-0.2289794;-1.214047:-0.230711;-1.229201:-0.2201536;-1.218417:-0.2356609;-1.184289:-0.2512161;-1.18222:-0.251397;-1.165162:-0.2374123
sigma3_hotel_seed42,HOTEL:biwi_hotel:307:13080,HOTEL,biwi_hotel,biwi_hotel:307,13080,3,2.137610912322998,3.3138997554779053,1.1502716541290283,1.1670429706573486,0.2979346811771393,0.5046908855438232,0.75,2.47:-7.74;2.5:-7.26;2.47:-6.78;2.46:-6.28;2.53:-5.81;2.55:-5.37;2.55:-4.94;2.56:-4.48,2.48:-4.14;2.35:-3.8;2.29:-3.42;2.24:-3.07;2.12:-2.74;2.07:-2.36;2.1:-2.07;2.1:-1.73;2.03:-1.54;2.04:-1.24;2.03:-1.12;2.02:-1.21,2.615754:-4.51529;2.635064:-4.442883;2.659991:-4.592048;2.651196:-4.46792;2.594689:-4.488638;2.634483:-4.550501;2.429598:-4.482358;2.52992:-4.503446;2.414065:-4.323249;2.411935:-4.302701;2.381147:-4.440218;2.392664:-4.502879
sigma3_hotel_seed42,HOTEL:biwi_hotel:303:13090,HOTEL,biwi_hotel,biwi_hotel:303,13090,3,0.023230932652950287,0.055337101221084595,0.0,0.0,0.0,0.0,0.0,-1.22:-0.23;-1.22:-0.23;-1.22:-0.23;-1.22:-0.23;-1.22:-0.23;-1.22:-0.23;-1.22:-0.23;-1.22:-0.23,-1.22:-0.23;-1.22:-0.23;-1.22:-0.23;-1.22:-0.23;-1.22:-0.23;-1.22:-0.23;-1.22:-0.23;-1.22:-0.23;-1.22:-0.23;-1.22:-0.23;-1.22:-0.23;-1.22:-0.23,-1.228052:-0.2304446;-1.243855:-0.2375747;-1.23481:-0.2237844;-1.242191:-0.2281626;-1.22715:-0.2347;-1.253135:-0.2289794;-1.214047:-0.230711;-1.229201:-0.2201536;-1.218417:-0.2356609;-1.184289:-0.2512161;-1.18222:-0.251397;-1.165162:-0.2374123
sigma3_hotel_seed42,HOTEL:biwi_hotel:307:13090,HOTEL,biwi_hotel,biwi_hotel:307,13090,3,2.035330057144165,3.1021568775177,0.873212456703186,1.120024561882019,0.3916846811771393,0.6326796412467957,0.875,2.5:-7.26;2.47:-6.78;2.46:-6.28;2.53:-5.81;2.55:-5.37;2.55:-4.94;2.56:-4.48;2.48:-4.14,2.35:-3.8;2.29:-3.42;2.24:-3.07;2.12:-2.74;2.07:-2.36;2.1:-2.07;2.1:-1.73;2.03:-1.54;2.04:-1.24;2.03:-1.12;2.02:-1.21;2.02:-1.21,2.339471:-4.148717;2.202646:-4.105805;2.082484:-4.150169;1.958608:-4.088719;1.756664:-4.082592;1.633469:-4.112191;1.407823:-4.106225;1.354788:-4.091733;1.141235:-3.964327;0.9981037:-3.923661;0.8553652:-3.991157;0.7580777:-4.04389
sigma3_hotel_seed42,HOTEL:biwi_hotel:303:13100,HOTEL,biwi_hotel,biwi_hotel:303,13100,3,0.023230932652950287,0.055337101221084595,0.0,0.0,0.0,0.0,0.0,-1.22:-0.23;-1.22:-0.23;-1.22:-0.23;-1.22:-0.23;-1.22:-0.23;-1.22:-0.23;-1.22:-0.23;-1.22:-0.23,-1.22:-0.23;-1.22:-0.23;-1.22:-0.23;-1.22:-0.23;-1.22:-0.23;-1.22:-0.23;-1.22:-0.23;-1.22:-0.23;-1.22:-0.23;-1.22:-0.23;-1.22:-0.23;-1.22:-0.23,-1.228052:-0.2304446;-1.243855:-0.2375747;-1.23481:-0.2237844;-1.242191:-0.2281626;-1.22715:-0.2347;-1.253135:-0.2289794;-1.214047:-0.230711;-1.229201:-0.2201536;-1.218417:-0.2356609;-1.184289:-0.2512161;-1.18222:-0.251397;-1.165162:-0.2374123
sigma3_hotel_seed42,HOTEL:biwi_hotel:307:13100,HOTEL,biwi_hotel,biwi_hotel:307,13100,3,2.024901866912842,3.0342905521392822,0.910013735294342,1.0782634019851685,0.4143052101135254,0.7243689298629761,0.875,2.47:-6.78;2.46:-6.28;2.53:-5.81;2.55:-5.37;2.55:-4.94;2.56:-4.48;2.48:-4.14;2.35:-3.8,2.29:-3.42;2.24:-3.07;2.12:-2.74;2.07:-2.36;2.1:-2.07;2.1:-1.73;2.03:-1.54;2.04:-1.24;2.03:-1.12;2.02:-1.21;2.02:-1.21;2.02:-1.2,2.166796:-3.801831;1.992582:-3.766045;1.838614:-3.786863;1.681275:-3.742899;1.451635:-3.725634;1.287616:-3.744814;1.057226:-3.755734;0.9634296:-3.73377;0.7287987:-3.617625;0.5532681:-3.578788;0.3924847:-3.628512;0.2651243:-3.675344
sigma3_hotel_seed42,HOTEL:biwi_hotel:303:13110,HOTEL,biwi_hotel,biwi_hotel:303,13110,3,0.023230932652950287,0.055337101221084595,0.0,0.0,0.0,0.0,0.0,-1.22:-0.23;-1.22:-0.23;-1.22:-0.23;-1.22:-0.23;-1.22:-0.23;-1.22:-0.23;-1.22:-0.23;-1.22:-0.23,-1.22:-0.23;-1.22:-0.23;-1.22:-0.23;-1.22:-0.23;-1.22:-0.23;-1.22:-0.23;-1.22:-0.23;-1.22:-0.23;-1.22:-0.23;-1.22:-0.23;-1.22:-0.23;-1.22:-0.23,-1.228052:-0.2304446;-1.243855:-0.2375747;-1.23481:-0.2237844;-1.242191:-0.2281626;-1.22715:-0.2347;-1.253135:-0.2289794;-1.214047:-0.230711;-1.229201:-0.2201536;-1.218417:-0.2356609;-1.184289:-0.2512161;-1.18222:-0.251397;-1.165162:-0.2374123
sigma3_hotel_seed42,HOTEL:biwi_hotel:307:13110,HOTEL,biwi_hotel,biwi_hotel:307,13110,3,1.7147802114486694,2.4177474975585938,0.9617692232131958,1.0370519161224365,0.4092870354652405,0.7651218175888062,0.875,2.46:-6.28;2.53:-5.81;2.55:-5.37;2.55:-4.94;2.56:-4.48;2.48:-4.14;2.35:-3.8;2.29:-3.42,2.24:-3.07;2.12:-2.74;2.07:-2.36;2.1:-2.07;2.1:-1.73;2.03:-1.54;2.04:-1.24;2.03:-1.12;2.02:-1.21;2.02:-1.21;2.02:-1.2;2.01:-1.13,2.216476:-3.437757;2.125874:-3.382483;2.050558:-3.466638;1.965225:-3.379597;1.814304:-3.385549;1.747499:-3.4273;1.513327:-3.391754;1.51352:-3.393043;1.330204:-3.249484;1.240302:-3.211332;1.127738:-3.308855;1.072057:-3.3584
sigma3_hotel_seed42,HOTEL:biwi_hotel:303:13120,HOTEL,biwi_hotel,biwi_hotel:303,13120,3,0.023230932652950287,0.055337101221084595,0.0,0.0,0.0,0.0,0.0,-1.22:-0.23;-1.22:-0.23;-1.22:-0.23;-1.22:-0.23;-1.22:-0.23;-1.22:-0.23;-1.22:-0.23;-1.22:-0.23,-1.22:-0.23;-1.22:-0.23;-1.22:-0.23;-1.22:-0.23;-1.22:-0.23;-1.22:-0.23;-1.22:-0.23;-1.22:-0.23;-1.22:-0.23;-1.22:-0.23;-1.22:-0.23;-1.22:-0.23,-1.228052:-0.2304446;-1.243855:-0.2375747;-1.23481:-0.2237844;-1.242191:-0.2281626;-1.22715:-0.2347;-1.253135:-0.2289794;-1.214047:-0.230711;-1.229201:-0.2201536;-1.218417:-0.2356609;-1.184289:-0.2512161;-1.18222:-0.251397;-1.165162:-0.2374123
sigma3_hotel_seed42,HOTEL:biwi_hotel:307:13120,HOTEL,biwi_hotel,biwi_hotel:307,13120,3,1.5531935691833496,2.1315174102783203,0.8838834762573242,0.9936123490333557,0.3814883530139923,0.677400529384613,0.75,2.53:-5.81;2.55:-5.37;2.55:-4.94;2.56:-4.48;2.48:-4.14;2.35:-3.8;2.29:-3.42;2.24:-3.07,2.12:-2.74;2.07:-2.36;2.1:-2.07;2.1:-1.73;2.03:-1.54;2.04:-1.24;2.03:-1.12;2.02:-1.21;2.02:-1.21;2.02:-1.2;2.01:-1.13;2.01:-1.14,2.15208:-3.084184;2.057083:-3.036224;1.977241:-3.102175;1.892957:-3.026146;1.730888:-3.031067;1.655069:-3.069247;1.442888:-3.046994;1.434565:-3.039507;1.250388:-2.906388;1.150054:-2.866203;1.033149:-2.949211;0.9717776:-3.001575
sigma3_hotel_seed42,HOTEL:biwi_hotel:303:13130,HOTEL,biwi_hotel,biwi_hotel:303,13130,3,0.023230932652950287,0.055337101221084595,0.0,0.0,0.0,0.0,0.0,-1.22:-0.23;-1.22:-0.23;-1.22:-0.23;-1.22:-0.23;-1.22:-0.23;-1.22:-0.23;-1.22:-0.23;-1.22:-0.23,-1.22:-0.23;-1.22:-0.23;-1.22:-0.23;-1.22:-0.23;-1.22:-0.23;-1.22:-0.23;-1.22:-0.23;-1.22:-0.23;-1.22:-0.23;-1.22:-0.23;-1.22:-0.23;-1.22:-0.23,-1.228052:-0.2304446;-1.243855:-0.2375747;-1.23481:-0.2237844;-1.242191:-0.2281626;-1.22715:-0.2347;-1.253135:-0.2289794;-1.214047:-0.230711;-1.229201:-0.2201536;-1.218417:-0.2356609;-1.184289:-0.2512161;-1.18222:-0.251397;-1.165162:-0.2374123
sigma3_hotel_seed42,HOTEL:biwi_hotel:307:13130,HOTEL,biwi_hotel,biwi_hotel:307,13130,3,1.6085071563720703,2.3418691158294678,0.8778524994850159,0.9617147445678711,0.4340304434299469,0.8388512134552002,0.625,2.55:-5.37;2.55:-4.94;2.56:-4.48;2.48:-4.14;2.35:-3.8;2.29:-3.42;2.24:-3.07;2.12:-2.74,2.07:-2.36;2.1:-2.07;2.1:-1.73;2.03:-1.54;2.04:-1.24;2.03:-1.12;2.02:-1.21;2.02:-1.21;2.02:-1.2;2.01:-1.13;2.01:-1.14;2:-1.16,1.952394:-2.743364;1.788907:-2.705772;1.645925:-2.732742;1.500464:-2.685115;1.284101:-2.670193;1.135469:-2.691087;0.9053187:-2.69621;0.8251387:-2.678264;0.5997839:-2.56224;0.4373937:-2.521382;0.2842294:-2.575856;0.1693901:-2.620554
sigma3_hotel_seed42,HOTEL:biwi_hotel:309:13130,HOTEL,biwi_hotel,biwi_hotel:309,13130,3,0.03410840407013893,0.10077756643295288,0.02500000037252903,0.02377447858452797,0.11168072372674942,0.7853981852531433,1.0,-1.54:-6.73;-1.54:-6.73;-1.54:-6.73;-1.56:-6.71;-1.56:-6.71;-1.56:-6.71;-1.58:-6.69;-1.58:-6.68,-1.58:-6.68;-1.58:-6.68;-1.58:-6.68;-1.6:-6.68;-1.62:-6.68;-1.62:-6.68;-1.62:-6.68;-1.62:-6.68;-1.62:-6.68;-1.62:-6.68;-1.62:-6.68;-1.57:-6.72,-1.586295:-6.679594;-1.595955:-6.679831;-1.609428:-6.685879;-1.623251:-6.685314;-1.621917:-6.687838;-1.631569:-6.695624;-1.645388:-6.691619;-1.663088:-6.700812;-1.647481:-6.703451;-1.651839:-6.710738;-1.651096:-6.717524;-1.670768:-6.721391
sigma3_hotel_seed42,HOTEL:biwi_hotel:310:13130,HOTEL,biwi_hotel,biwi_hotel:310,13130,3,0.20759962499141693,0.31212425231933594,0.02500000037252903,0.05000000074505806,0.14172449707984924,1.5707963705062866,1.0,-1.49:-8.22;-1.49:-8.22;-1.49:-8.22;-1.47:-8.22;-1.45:-8.22;-1.45:-8.19;-1.45:-8.13;-1.45:-8.12,-1.45:-8.2;-1.47:-8.28;-1.48:-8.34;-1.48:-8.33;-1.48:-8.31;-1.46:-8.29;-1.44:-8.29;-1.44:-8.29;-1.44:-8.29;-1.44:-8.29;-1.44:-8.29;-1.33:-8.28,-1.480509:-8.12195;-1.513575:-8.132942;-1.514829:-8.106555;-1.537165:-8.121568;-1.53725:-8.120926;-1.581877:-8.110184;-1.554807:-8.123591;-1.593:-8.115478;-1.592033:-8.133862;-1.580284:-8.139803;-1.597256:-8.140116;-1.598754:-8.121277
sigma3_hotel_seed42,HOTEL:biwi_hotel:311:13130,HOTEL,biwi_hotel,biwi_hotel:311,13130,3,0.023230919614434242,0.0553370825946331,0.0,0.0,0.0,0.0,0.0,-1.36:-2.68;-1.36:-2.68;-1.36:-2.68;-1.36:-2.68;-1.36:-2.68;-1.36:-2.68;-1.36:-2.68;-1.36:-2.68,-1.36:-2.68;-1.36:-2.68;-1.36:-2.68;-1.36:-2.68;-1.36:-2.68;-1.36:-2.68;-1.36:-2.68;-1.36:-2.68;-1.36:-2.68;-1.36:-2.68;-1.36:-2.68;-1.36:-2.68,-1.368052:-2.680445;-1.383855:-2.687575;-1.37481:-2.673784;-1.382191:-2.678163;-1.36715:-2.6847;-1.393135:-2.678979;-1.354047:-2.680711;-1.369201:-2.670154;-1.358417:-2.685661;-1.324289:-2.701216;-1.32222:-2.701397;-1.305162:-2.687412
sigma3_hotel_seed42,HOTEL:biwi_hotel:313:13130,HOTEL,biwi_hotel,biwi_hotel:313,13130,3,0.02323094569146633,0.055337175726890564,0.0,0.0,0.0,0.0,0.0,-0.52:3.4;-0.52:3.4;-0.52:3.4;-0.52:3.4;-0.52:3.4;-0.52:3.4;-0.52:3.4;-0.52:3.4,-0.52:3.4;-0.52:3.4;-0.52:3.4;-0.52:3.4;-0.52:3.4;-0.52:3.4;-0.52:3.4;-0.52:3.4;-0.52:3.4;-0.52:3.4;-0.52:3.4;-0.52:3.4,-0.5280518:3.399555;-0.5438551:3.392425;-0.5348095:3.406216;-0.5421914:3.401838;-0.5271497:3.3953;-0.5531352:3.401021;-0.5140473:3.399289;-0.5292009:3.409847;-0.5184166:3.394339;-0.4842893:3.378784;-0.4822199:3.378603;-0.4651615:3.392588
sigma3_hotel_seed42,HOTEL:biwi_hotel:303:13140,HOTEL,biwi_hotel,biwi_hotel:303,13140,3,0.023230932652950287,0.055337101221084595,0.0,0.0,0.0,0.0,0.0,-1.22:-0.23;-1.22:-0.23;-1.22:-0.23;-1.22:-0.23;-1.22:-0.23;-1.22:-0.23;-1.22:-0.23;-1.22:-0.23,-1.22:-0.23;-1.22:-0.23;-1.22:-0.23;-1.22:-0.23;-1.22:-0.23;-1.22:-0.23;-1.22:-0.23;-1.22:-0.23;-1.22:-0.23;-1.22:-0.23;-1.22:-0.23;-1.22:-0.23,-1.228052:-0.2304446;-1.243855:-0.2375747;-1.23481:-0.2237844;-1.242191:-0.2281626;-1.22715:-0.2347;-1.253135:-0.2289794;-1.214047:-0.230711;-1.229201:-0.2201536;-1.218417:-0.2356609;-1.184289:-0.2512161;-1.18222:-0.251397;-1.165162:-0.2374123
sigma3_hotel_seed42,HOTEL:biwi_hotel:307:13140,HOTEL,biwi_hotel,biwi_hotel:307,13140,3,1.081579566001892,1.3765547275543213,0.9581884145736694,0.9450273513793945,0.49069762229919434,1.0350590944290161,0.5,2.55:-4.94;2.56:-4.48;2.48:-4.14;2.35:-3.8;2.29:-3.42;2.24:-3.07;2.12:-2.74;2.07:-2.36,2.1:-2.07;2.1:-1.73;2.03:-1.54;2.04:-1.24;2.03:-1.12;2.02:-1.21;2.02:-1.21;2.02:-1.2;2.01:-1.13;2.01:-1.14;2:-1.16;2:-1.18,2.043526:-2.383198;1.993516:-2.321723;1.951996:-2.429727;1.896101:-2.327618;1.778633:-2.340307;1.754424:-2.392071;1.532265:-2.342088;1.570067:-2.347395;1.410774:-2.19671;1.350401:-2.162487;1.269414:-2.27114;1.238621:-2.326824
sigma3_hotel_seed42,HOTEL:biwi_hotel:309:13140,HOTEL,biwi_hotel,biwi_hotel:309,13140,3,0.02354230172932148,0.061177875846624374,0.0,0.02377447858452797,0.12209738790988922,0.7853981852531433,1.0,-1.54:-6.73;-1.54:-6.73;-1.56:-6.71;-1.56:-6.71;-1.56:-6.71;-1.58:-6.69;-1.58:-6.68;-1.58:-6.68,-1.58:-6.68;-1.58:-6.68;-1.6:-6.68;-1.62:-6.68;-1.62:-6.68;-1.62:-6.68;-1.62:-6.68;-1.62:-6.68;-1.62:-6.68;-1.62:-6.68;-1.57:-6.72;-1.56:-6.73,-1.592215:-6.680975;-1.606189:-6.689574;-1.596803:-6.669912;-1.60291:-6.6803;-1.59782:-6.68273;-1.625045:-6.669235;-1.594788:-6.683135;-1.610478:-6.673117;-1.609797:-6.683408;-1.591173:-6.691292;-1.598114:-6.690975;-1.589547:-6.67643
sigma3_hotel_seed42,HOTEL:biwi_hotel:310:13140,HOTEL,biwi_hotel,biwi_hotel:310,13140,3,0.11819558590650558,0.21694794297218323,0.20000000298023224,0.07857143133878708,0.23547449707984924,4.71238899230957,1.125,-1.49:-8.22;-1.49:-8.22;-1.47:-8.22;-1.45:-8.22;-1.45:-8.19;-1.45:-8.13;-1.45:-8.12;-1.45:-8.2,-1.47:-8.28;-1.48:-8.34;-1.48:-8.33;-1.48:-8.31;-1.46:-8.29;-1.44:-8.29;-1.44:-8.29;-1.44:-8.29;-1.44:-8.29;-1.44:-8.29;-1.33:-8.28;-1.32:-8.27,-1.472668:-8.205012;-1.477915:-8.21433;-1.465459:-8.18644;-1.463158:-8.211174;-1.481292:-8.196352;-1.500868:-8.193462;-1.48126:-8.228652;-1.498807:-8.236964;-1.488508:-8.21289;-1.504765:-8.206823;-1.515058:-8.214434;-1.531138:-8.220127
sigma3_hotel_seed42,HOTEL:biwi_hotel:311:13140,HOTEL,biwi_hotel,biwi_hotel:311,13140,3,0.023230919614434242,0.0553370825946331,0.0,0.0,0.0,0.0,0.0,-1.36:-2.68;-1.36:-2.68;-1.36:-2.68;-1.36:-2.68;-1.36:-2.68;-1.36:-2.68;-1.36:-2.68;-1.36:-2.68,-1.36:-2.68;-1.36:-2.68;-1.36:-2.68;-1.36:-2.68;-1.36:-2.68;-1.36:-2.68;-1.36:-2.68;-1.36:-2.68;-1.36:-2.68;-1.36:-2.68;-1.36:-2.68;-1.36:-2.68,-1.368052:-2.680445;-1.383855:-2.687575;-1.37481:-2.673784;-1.382191:-2.678163;-1.36715:-2.6847;-1.393135:-2.678979;-1.354047:-2.680711;-1.369201:-2.670154;-1.358417:-2.685661;-1.324289:-2.701216;-1.32222:-2.701397;-1.305162:-2.687412
sigma3_hotel_seed42,HOTEL:biwi_hotel:313:13140,HOTEL,biwi_hotel,biwi_hotel:313,13140,3,0.02323094569146633,0.055337175726890564,0.0,0.0,0.0,0.0,0.0,-0.52:3.4;-0.52:3.4;-0.52:3.4;-0.52:3.4;-0.52:3.4;-0.52:3.4;-0.52:3.4;-0.52:3.4,-0.52:3.4;-0.52:3.4;-0.52:3.4;-0.52:3.4;-0.52:3.4;-0.52:3.4;-0.52:3.4;-0.52:3.4;-0.52:3.4;-0.52:3.4;-0.52:3.4;-0.52:3.4,-0.5280518:3.399555;-0.5438551:3.392425;-0.5348095:3.406216;-0.5421914:3.401838;-0.5271497:3.3953;-0.5531352:3.401021;-0.5140473:3.399289;-0.5292009:3.409847;-0.5184166:3.394339;-0.4842893:3.378784;-0.4822199:3.378603;-0.4651615:3.392588
sigma3_hotel_seed42,HOTEL:biwi_hotel:303:13150,HOTEL,biwi_hotel,biwi_hotel:303,13150,3,0.023230932652950287,0.055337101221084595,0.0,0.0,0.0,0.0,0.0,-1.22:-0.23;-1.22:-0.23;-1.22:-0.23;-1.22:-0.23;-1.22:-0.23;-1.22:-0.23;-1.22:-0.23;-1.22:-0.23,-1.22:-0.23;-1.22:-0.23;-1.22:-0.23;-1.22:-0.23;-1.22:-0.23;-1.22:-0.23;-1.22:-0.23;-1.22:-0.23;-1.22:-0.23;-1.22:-0.23;-1.22:-0.23;-1.22:-0.23,-1.228052:-0.2304446;-1.243855:-0.2375747;-1.23481:-0.2237844;-1.242191:-0.2281626;-1.22715:-0.2347;-1.253135:-0.2289794;-1.214047:-0.230711;-1.229201:-0.2201536;-1.218417:-0.2356609;-1.184289:-0.2512161;-1.18222:-0.251397;-1.165162:-0.2374123
sigma3_hotel_seed42,HOTEL:biwi_hotel:307:13150,HOTEL,biwi_hotel,biwi_hotel:307,13150,3,0.8062922358512878,0.8744358420372009,0.7288689613342285,0.8848269581794739,0.45988088846206665,1.0161417722702026,0.25,2.56:-4.48;2.48:-4.14;2.35:-3.8;2.29:-3.42;2.24:-3.07;2.12:-2.74;2.07:-2.36;2.1:-2.07,2.1:-1.73;2.03:-1.54;2.04:-1.24;2.03:-1.12;2.02:-1.21;2.02:-1.21;2.02:-1.2;2.01:-1.13;2.01:-1.14;2:-1.16;2:-1.18;1.98:-1.21,2.112838:-2.098004;2.1337:-2.054907;2.165701:-2.130662;2.179772:-2.052323;2.104676:-2.070274;2.126071:-2.118559;2.026788:-2.094452;2.105435:-2.090186;2.014617:-1.964647;1.992815:-1.924252;1.954613:-2.015099;1.971866:-2.084398
sigma3_hotel_seed42,HOTEL:biwi_hotel:309:13150,HOTEL,biwi_hotel,biwi_hotel:309,13150,3,0.024147791787981987,0.07022959738969803,0.0,0.02377447858452797,0.09263460338115692,0.7853981852531433,1.0,-1.54:-6.73;-1.56:-6.71;-1.56:-6.71;-1.56:-6.71;-1.58:-6.69;-1.58:-6.68;-1.58:-6.68;-1.58:-6.68,-1.58:-6.68;-1.6:-6.68;-1.62:-6.68;-1.62:-6.68;-1.62:-6.68;-1.62:-6.68;-1.62:-6.68;-1.62:-6.68;-1.62:-6.68;-1.57:-6.72;-1.56:-6.73;-1.56:-6.74,-1.586581:-6.680961;-1.602886:-6.680191;-1.611228:-6.68695;-1.62668:-6.676646;-1.619672:-6.684952;-1.637137:-6.697611;-1.623902:-6.678169;-1.643884:-6.67241;-1.637138:-6.682363;-1.618043:-6.697639;-1.616904:-6.705046;-1.616017:-6.697641
sigma3_hotel_seed42,HOTEL:biwi_hotel:310:13150,HOTEL,biwi_hotel,biwi_hotel:310,13150,3,0.10103567689657211,0.24023224413394928,0.20615528523921967,0.10802218317985535,0.23547449707984924,4.957367420196533,1.25,-1.49:-8.22;-1.47:-8.22;-1.45:-8.22;-1.45:-8.19;-1.45:-8.13;-1.45:-8.12;-1.45:-8.2;-1.47:-8.28,-1.48:-8.34;-1.48:-8.33;-1.48:-8.31;-1.46:-8.29;-1.44:-8.29;-1.44:-8.29;-1.44:-8.29;-1.44:-8.29;-1.44:-8.29;-1.33:-8.28;-1.32:-8.27;-1.32:-8.29,-1.492531:-8.285839;-1.497559:-8.293523;-1.484656:-8.268813;-1.483425:-8.289185;-1.503862:-8.276011;-1.523723:-8.27527;-1.506495:-8.308196;-1.522234:-8.31293;-1.517237:-8.287004;-1.533642:-8.280442;-1.544664:-8.290507;-1.560099:-8.298001
sigma3_hotel_seed42,HOTEL:biwi_hotel:311:13150,HOTEL,biwi_hotel,biwi_hotel:311,13150,3,0.023230919614434242,0.0553370825946331,0.0,0.0,0.0,0.0,0.0,-1.36:-2.68;-1.36:-2.68;-1.36:-2.68;-1.36:-2.68;-1.36:-2.68;-1.36:-2.68;-1.36:-2.68;-1.36:-2.68,-1.36:-2.68;-1.36:-2.68;-1.36:-2.68;-1.36:-2.68;-1.36:-2.68;-1.36:-2.68;-1.36:-2.68;-1.36:-2.68;-1.36:-2.68;-1.36:-2.68;-1.36:-2.68;-1.36:-2.68,-1.368052:-2.680445;-1.383855:-2.687575;-1.37481:-2.673784;-1.382191:-2.678163;-1.36715:-2.6847;-1.393135:-2.678979;-1.354047:-2.680711;-1.369201:-2.670154;-1.358417:-2.685661;-1.324289:-2.701216;-1.32222:-2.701397;-1.305162:-2.687412
sigma3_hotel_seed42,HOTEL:biwi_hotel:313:13150,HOTEL,biwi_hotel,biwi_hotel:313,13150,3,0.02323094569146633,0.055337175726890564,0.0,0.0,0.0,0.0,0.0,-0.52:3.4;-0.52:3.4;-0.52:3.4;-0.52:3.4;-0.52:3.4;-0.52:3.4;-0.52:3.4;-0.52:3.4,-0.52:3.4;-0.52:3.4;-0.52:3.4;-0.52:3.4;-0.52:3.4;-0.52:3.4;-0.52:3.4;-0.52:3.4;-0.52:3.4;-0.52:3.4;-0.52:3.4;-0.52:3.4,-0.5280518:3.399555;-0.5438551:3.392425;-0.5348095:3.406216;-0.5421914:3.401838;-0.5271497:3.3953;-0.5531352:3.401021;-0.5140473:3.399289;-0.5292009:3.409847;-0.5184166:3.394339;-0.4842893:3.378784;-0.4822199:3.378603;-0.4651615:3.392588
sigma3_hotel_seed42,HOTEL:biwi_hotel:303:13160,HOTEL,biwi_hotel,biwi_hotel:303,13160,3,0.023230932652950287,0.055337101221084595,0.0,0.0,0.0,0.0,0.0,-1.22:-0.23;-1.22:-0.23;-1.22:-0.23;-1.22:-0.23;-1.22:-0.23;-1.22:-0.23;-1.22:-0.23;-1.22:-0.23,-1.22:-0.23;-1.22:-0.23;-1.22:-0.23;-1.22:-0.23;-1.22:-0.23;-1.22:-0.23;-1.22:-0.23;-1.22:-0.23;-1.22:-0.23;-1.22:-0.23;-1.22:-0.23;-1.22:-0.23,-1.228052:-0.2304446;-1.243855:-0.2375747;-1.23481:-0.2237844;-1.242191:-0.2281626;-1.22715:-0.2347;-1.253135:-0.2289794;-1.214047:-0.230711;-1.229201:-0.2201536;-1.218417:-0.2356609;-1.184289:-0.2512161;-1.18222:-0.251397;-1.165162:-0.2374123
sigma3_hotel_seed42,HOTEL:biwi_hotel:307:13160,HOTEL,biwi_hotel,biwi_hotel:307,13160,3,0.525157630443573,0.5558740496635437,0.8500000238418579,0.8815109133720398,0.4685366451740265,0.9851125478744507,0.25,2.48:-4.14;2.35:-3.8;2.29:-3.42;2.24:-3.07;2.12:-2.74;2.07:-2.36;2.1:-2.07;2.1:-1.73,2.03:-1.54;2.04:-1.24;2.03:-1.12;2.02:-1.21;2.02:-1.21;2.02:-1.2;2.01:-1.13;2.01:-1.14;2:-1.16;2:-1.18;1.98:-1.21;1.93:-1.21,2.13805:-1.759367;2.165854:-1.707558;2.202447:-1.807834;2.223545:-1.71182;2.162693:-1.736809;2.20365:-1.792521;2.076784:-1.749302;2.1747:-1.751292;2.082364:-1.61483;2.078941:-1.577153;2.04524:-1.682899;2.072302:-1.747351
sigma3_hotel_seed42,HOTEL:biwi_hotel:309:13160,HOTEL,biwi_hotel,biwi_hotel:309,13160,3,0.025912873446941376,0.05442264303565025,0.0,0.01367295440286398,0.06317182630300522,0.7853981852531433,1.0,-1.56:-6.71;-1.56:-6.71;-1.56:-6.71;-1.58:-6.69;-1.58:-6.68;-1.58:-6.68;-1.58:-6.68;-1.58:-6.68,-1.6:-6.68;-1.62:-6.68;-1.62:-6.68;-1.62:-6.68;-1.62:-6.68;-1.62:-6.68;-1.62:-6.68;-1.62:-6.68;-1.57:-6.72;-1.56:-6.73;-1.56:-6.74;-1.56:-6.75,-1.581535:-6.678323;-1.590602:-6.676254;-1.607139:-6.687005;-1.615284:-6.68179;-1.608425:-6.685525;-1.609261:-6.696422;-1.618588:-6.681812;-1.627977:-6.69197;-1.60986:-6.698621;-1.604283:-6.70923;-1.594698:-6.710732;-1.600368:-6.7135
sigma3_hotel_seed42,HOTEL:biwi_hotel:310:13160,HOTEL,biwi_hotel,biwi_hotel:310,13160,3,0.0907091572880745,0.1543286144733429,0.1520690619945526,0.12260347604751587,0.25876685976982117,5.037197589874268,1.25,-1.47:-8.22;-1.45:-8.22;-1.45:-8.19;-1.45:-8.13;-1.45:-8.12;-1.45:-8.2;-1.47:-8.28;-1.48:-8.34,-1.48:-8.33;-1.48:-8.31;-1.46:-8.29;-1.44:-8.29;-1.44:-8.29;-1.44:-8.29;-1.44:-8.29;-1.44:-8.29;-1.33:-8.28;-1.32:-8.27;-1.32:-8.29;-1.32:-8.31,-1.4901:-8.341085;-1.492031:-8.353524;-1.482187:-8.324858;-1.472746:-8.355681;-1.47157:-8.340064;-1.477482:-8.335443;-1.456273:-8.366256;-1.474044:-8.383035;-1.443327:-8.373151;-1.449818:-8.371737;-1.449256:-8.371027;-1.464028:-8.365438
sigma3_hotel_seed42,HOTEL:biwi_hotel:311:13160,HOTEL,biwi_hotel,biwi_hotel:311,13160,3,0.02793511189520359,0.11178737878799438,0.0,0.0,0.0,0.0,0.0,-1.36:-2.68;-1.36:-2.68;-1.36:-2.68;-1.36:-2.68;-1.36:-2.68;-1.36:-2.68;-1.36:-2.68;-1.36:-2.68,-1.36:-2.68;-1.36:-2.68;-1.36:-2.68;-1.36:-2.68;-1.36:-2.68;-1.36:-2.68;-1.36:-2.68;-1.36:-2.68;-1.36:-2.68;-1.36:-2.68;-1.36:-2.68;-1.36:-2.59,-1.368052:-2.680445;-1.383855:-2.687575;-1.37481:-2.673784;-1.382191:-2.678163;-1.36715:-2.6847;-1.393135:-2.678979;-1.354047:-2.680711;-1.369201:-2.670154;-1.358417:-2.685661;-1.324289:-2.701216;-1.32222:-2.701397;-1.305162:-2.687412
sigma3_hotel_seed42,HOTEL:biwi_hotel:313:13160,HOTEL,biwi_hotel,biwi_hotel:313,13160,3,0.03576524928212166,0.20574882626533508,0.0,0.0,0.0,0.0,0.0,-0.52:3.4;-0.52:3.4;-0.52:3.4;-0.52:3.4;-0.52:3.4;-0.52:3.4;-0.52:3.4;-0.52:3.4,-0.52:3.4;-0.52:3.4;-0.52:3.4;-0.52:3.4;-0.52:3.4;-0.52:3.4;-0.52:3.4;-0.52:3.4;-0.52:3.4;-0.52:3.4;-0.52:3.4;-0.56:3.21,-0.5280518:3.399555;-0.5438551:3.392425;-0.5348095:3.406216;-0.5421914:3.401838;-0.5271497:3.3953;-0.5531352:3.401021;-0.5140473:3.399289;-0.5292009:3.409847;-0.5184166:3.394339;-0.4842893:3.378784;-0.4822199:3.378603;-0.4651615:3.392588
sigma3_hotel_seed42,HOTEL:biwi_hotel:303:13170,HOTEL,biwi_hotel,biwi_hotel:303,13170,3,0.023230932652950287,0.055337101221084595,0.0,0.0,0.0,0.0,0.0,-1.22:-0.23;-1.22:-0.23;-1.22:-0.23;-1.22:-0.23;-1.22:-0.23;-1.22:-0.23;-1.22:-0.23;-1.22:-0.23,-1.22:-0.23;-1.22:-0.23;-1.22:-0.23;-1.22:-0.23;-1.22:-0.23;-1.22:-0.23;-1.22:-0.23;-1.22:-0.23;-1.22:-0.23;-1.22:-0.23;-1.22:-0.23;-1.22:-0.23,-1.228052:-0.2304446;-1.243855:-0.2375747;-1.23481:-0.2237844;-1.242191:-0.2281626;-1.22715:-0.2347;-1.253135:-0.2289794;-1.214047:-0.230711;-1.229201:-0.2201536;-1.218417:-0.2356609;-1.184289:-0.2512161;-1.18222:-0.251397;-1.165162:-0.2374123
sigma3_hotel_seed42,HOTEL:biwi_hotel:307:13170,HOTEL,biwi_hotel,biwi_hotel:307,13170,3,0.6119566559791565,0.8491944670677185,0.5062114000320435,0.8238248825073242,0.5569813251495361,1.1295033693313599,0.25,2.35:-3.8;2.29:-3.42;2.24:-3.07;2.12:-2.74;2.07:-2.36;2.1:-2.07;2.1:-1.73;2.03:-1.54,2.04:-1.24;2.03:-1.12;2.02:-1.21;2.02:-1.21;2.02:-1.2;2.01:-1.13;2.01:-1.14;2:-1.16;2:-1.18;1.98:-1.21;1.93:-1.21;1.8:-1.09,1.928619:-1.551526;1.859549:-1.541869;1.817798:-1.536626;1.750501:-1.511029;1.613805:-1.510294;1.517969:-1.520055;1.464187:-1.559366;1.421238:-1.512017;1.28596:-1.434227;1.198007:-1.428044;1.117357:-1.444241;1.051324:-1.49077
sigma3_hotel_seed42,HOTEL:biwi_hotel:309:13170,HOTEL,biwi_hotel,biwi_hotel:309,13170,3,0.04530265927314758,0.09649907052516937,0.05000000074505806,0.020815812051296234,0.08400515466928482,2.356194496154785,1.125,-1.56:-6.71;-1.56:-6.71;-1.58:-6.69;-1.58:-6.68;-1.58:-6.68;-1.58:-6.68;-1.58:-6.68;-1.6:-6.68,-1.62:-6.68;-1.62:-6.68;-1.62:-6.68;-1.62:-6.68;-1.62:-6.68;-1.62:-6.68;-1.62:-6.68;-1.57:-6.72;-1.56:-6.73;-1.56:-6.74;-1.56:-6.75;-1.56:-6.73,-1.612011:-6.680352;-1.621325:-6.686411;-1.625714:-6.673651;-1.629964:-6.686258;-1.62902:-6.682015;-1.639254:-6.671259;-1.637368:-6.68689;-1.649732:-6.691565;-1.641094:-6.699629;-1.644796:-6.702963;-1.642802:-6.694949;-1.648474:-6.691473
sigma3_hotel_seed42,HOTEL:biwi_hotel:310:13170,HOTEL,biwi_hotel,biwi_hotel:310,13170,3,0.1452246755361557,0.2138003706932068,0.02500000037252903,0.11903204768896103,0.29486599564552307,6.442845344543457,1.25,-1.45:-8.22;-1.45:-8.19;-1.45:-8.13;-1.45:-8.12;-1.45:-8.2;-1.47:-8.28;-1.48:-8.34;-1.48:-8.33,-1.48:-8.31;-1.46:-8.29;-1.44:-8.29;-1.44:-8.29;-1.44:-8.29;-1.44:-8.29;-1.44:-8.29;-1.33:-8.28;-1.32:-8.27;-1.32:-8.29;-1.32:-8.31;-1.36:-8.31,-1.485826:-8.329125;-1.495811:-8.328671;-1.511668:-8.336199;-1.524733:-8.334935;-1.522858:-8.337275;-1.530049:-8.345998;-1.545707:-8.339617;-1.561936:-8.350538;-1.545201:-8.354035;-1.549361:-8.361445;-1.546776:-8.366821;-1.564845:-8.371231
sigma3_hotel_seed42,HOTEL:biwi_hotel:311:13170,HOTEL,biwi_hotel,biwi_hotel:311,13170,3,0.02959843911230564,0.05753639340400696,0.0,0.0,0.0,0.0,0.0,-1.36:-2.68;-1.36:-2.68;-1.36:-2.68;-1.36:-2.68;-1.36:-2.68;-1.36:-2.68;-1.36:-2.68;-1.36:-2.68,-1.36:-2.68;-1.36:-2.68;-1.36:-2.68;-1.36:-2.68;-1.36:-2.68;-1.36:-2.68;-1.36:-2.68;-1.36:-2.68;-1.36:-2.68;-1.36:-2.68;-1.36:-2.59;-1.36:-2.67,-1.368052:-2.680445;-1.383855:-2.687575;-1.37481:-2.673784;-1.382191:-2.678163;-1.36715:-2.6847;-1.393135:-2.678979;-1.354047:-2.680711;-1.369201:-2.670154;-1.358417:-2.685661;-1.324289:-2.701216;-1.32222:-2.701397;-1.305162:-2.687412
sigma3_hotel_seed42,HOTEL:biwi_hotel:313:13170,HOTEL,biwi_hotel,biwi_hotel:313,13170,3,0.04948347434401512,0.22810710966587067,0.0,0.0,0.0,0.0,0.0,-0.52:3.4;-0.52:3.4;-0.52:3.4;-0.52:3.4;-0.52:3.4;-0.52:3.4;-0.52:3.4;-0.52:3.4,-0.52:3.4;-0.52:3.4;-0.52:3.4;-0.52:3.4;-0.52:3.4;-0.52:3.4;-0.52:3.4;-0.52:3.4;-0.52:3.4;-0.52:3.4;-0.56:3.21;-0.57:3.19,-0.5280518:3.399555;-0.5438551:3.392425;-0.5348095:3.406216;-0.5421914:3.401838;-0.5271497:3.3953;-0.5531352:3.401021;-0.5140473:3.399289;-0.5292009:3.409847;-0.5184166:3.394339;-0.4842893:3.378784;-0.4822199:3.378603;-0.4651615:3.392588
sigma3_hotel_seed42,HOTEL:biwi_hotel:315:13170,HOTEL,biwi_hotel,biwi_hotel:315,13170,3,2.3880136013031006,3.3385298252105713,1.0550473928451538,1.1519935131072998,0.7505298256874084,1.4661140441894531,1.625,1.13:-10.03;1.12:-9.54;1:-9.05;0.79:-8.66;0.77:-8.24;0.83:-7.78;0.79:-7.3;0.69:-6.89,0.73:-6.46;0.75:-5.98;0.62:-5.55;0.57:-5.14;0.59:-4.67;0.39:-4.29;0.16:-3.96;-0.05:-3.54;-0.27:-3.46;-0.45:-3.49;-0.56:-3.5;-0.57:-3.51,0.6367155:-6.911708;0.5625306:-6.851891;0.501887:-6.949836;0.4253826:-6.854973;0.290477:-6.862319;0.2402568:-6.908083;0.004545927:-6.863894;0.0192759:-6.870546;-0.153793:-6.720651;-0.2305884:-6.684549;-0.3297195:-6.791497;-0.3748389:-6.842821
sigma3_hotel_seed42,HOTEL:biwi_hotel:316:13170,HOTEL,biwi_hotel,biwi_hotel:316,13170,3,4.659444332122803,8.639046669006348,1.750178575515747,1.6198151111602783,0.35415664315223694,0.41574016213417053,0.25,1.73:3.4;1.75:2.75;1.69:2.14;1.62:1.5;1.53:0.88;1.41:0.24;1.38:-0.41;1.39:-1.11,1.39:-1.81;1.51:-2.5;1.52:-3.18;1.69:-3.99;1.68:-4.64;1.55:-5.29;1.63:-6.07;1.64:-6.76;1.65:-7.55;1.66:-8.41;1.59:-9.01;1.68:-9.8,1.498797:-1.170651;1.578919:-1.045732;1.608292:-1.294862;1.585626:-1.118736;1.569185:-1.105854;1.693501:-1.200742;1.346006:-1.064111;1.493018:-1.134027;1.397676:-0.9102026;1.364715:-0.8671132;1.423493:-1.06501;1.443691:-1.164186
sigma3_hotel_seed42,HOTEL:biwi_hotel:303:13180,HOTEL,biwi_hotel,biwi_hotel:303,13180,3,0.023230932652950287,0.055337101221084595,0.0,0.0,0.0,0.0,0.0,-1.22:-0.23;-1.22:-0.23;-1.22:-0.23;-1.22:-0.23;-1.22:-0.23;-1.22:-0.23;-1.22:-0.23;-1.22:-0.23,-1.22:-0.23;-1.22:-0.23;-1.22:-0.23;-1.22:-0.23;-1.22:-0.23;-1.22:-0.23;-1.22:-0.23;-1.22:-0.23;-1.22:-0.23;-1.22:-0.23;-1.22:-0.23;-1.22:-0.23,-1.228052:-0.2304446;-1.243855:-0.2375747;-1.23481:-0.2237844;-1.242191:-0.2281626;-1.22715:-0.2347;-1.253135:-0.2289794;-1.214047:-0.230711;-1.229201:-0.2201536;-1.218417:-0.2356609;-1.184289:-0.2512161;-1.18222:-0.251397;-1.165162:-0.2374123
sigma3_hotel_seed42,HOTEL:biwi_hotel:309:13180,HOTEL,biwi_hotel,biwi_hotel:309,13180,3,0.2564793825149536,0.5088245868682861,0.05000000074505806,0.027958668768405914,0.05454237386584282,2.356194496154785,1.25,-1.56:-6.71;-1.58:-6.69;-1.58:-6.68;-1.58:-6.68;-1.58:-6.68;-1.58:-6.68;-1.6:-6.68;-1.62:-6.68,-1.62:-6.68;-1.62:-6.68;-1.62:-6.68;-1.62:-6.68;-1.62:-6.68;-1.62:-6.68;-1.57:-6.72;-1.56:-6.73;-1.56:-6.74;-1.56:-6.75;-1.56:-6.73;-1.56:-6.73,-1.66083:-6.68525;-1.691212:-6.693042;-1.705295:-6.677294;-1.749128:-6.690116;-1.777252:-6.687127;-1.831343:-6.68082;-1.854693:-6.705882;-1.913191:-6.702843;-1.928076:-6.702974;-1.968927:-6.696634;-2.009851:-6.713851;-2.068445:-6.710362
sigma3_hotel_seed42,HOTEL:biwi_hotel:310:13180,HOTEL,biwi_hotel,biwi_hotel:310,13180,3,0.17156875133514404,0.29251623153686523,0.05000000074505806,0.11546061933040619,0.2740326523780823,6.442845344543457,1.25,-1.45:-8.19;-1.45:-8.13;-1.45:-8.12;-1.45:-8.2;-1.47:-8.28;-1.48:-8.34;-1.48:-8.33;-1.48:-8.31,-1.46:-8.29;-1.44:-8.29;-1.44:-8.29;-1.44:-8.29;-1.44:-8.29;-1.44:-8.29;-1.33:-8.28;-1.32:-8.27;-1.32:-8.29;-1.32:-8.31;-1.36:-8.31;-1.31:-8.37,-1.48884:-8.308391;-1.501355:-8.307071;-1.524774:-8.315896;-1.539117:-8.315751;-1.54043:-8.315866;-1.54496:-8.324977;-1.570958:-8.317719;-1.587997:-8.334085;-1.570857:-8.338424;-1.582728:-8.343166;-1.580381:-8.345881;-1.60198:-8.352303
sigma3_hotel_seed42,HOTEL:biwi_hotel:311:13180,HOTEL,biwi_hotel,biwi_hotel:311,13180,3,0.029978930950164795,0.0553370825946331,0.0,0.0,0.0,0.0,0.0,-1.36:-2.68;-1.36:-2.68;-1.36:-2.68;-1.36:-2.68;-1.36:-2.68;-1.36:-2.68;-1.36:-2.68;-1.36:-2.68,-1.36:-2.68;-1.36:-2.68;-1.36:-2.68;-1.36:-2.68;-1.36:-2.68;-1.36:-2.68;-1.36:-2.68;-1.36:-2.68;-1.36:-2.68;-1.36:-2.59;-1.36:-2.67;-1.36:-2.68,-1.368052:-2.680445;-1.383855:-2.687575;-1.37481:-2.673784;-1.382191:-2.678163;-1.36715:-2.6847;-1.393135:-2.678979;-1.354047:-2.680711;-1.369201:-2.670154;-1.358417:-2.685661;-1.324289:-2.701216;-1.32222:-2.701397;-1.305162:-2.687412
sigma3_hotel_seed42,HOTEL:biwi_hotel:313:13180,HOTEL,biwi_hotel,biwi_hotel:313,13180,3,0.06330013275146484,0.22810710966587067,0.0,0.0,0.0,0.0,0.0,-0.52:3.4;-0.52:3.4;-0.52:3.4;-0.52:3.4;-0.52:3.4;-0.52:3.4;-0.52:3.4;-0.52:3.4,-0.52:3.4;-0.52:3.4;-0.52:3.4;-0.52:3.4;-0.52:3.4;-0.52:3.4;-0.52:3.4;-0.52:3.4;-0.52:3.4;-0.56:3.21;-0.57:3.19;-0.57:3.19,-0.5280518:3.399555;-0.5438551:3.392425;-0.5348095:3.406216;-0.5421914:3.401838;-0.5271497:3.3953;-0.5531352:3.401021;-0.5140473:3.399289;-0.5292009:3.409847;-0.5184166:3.394339;-0.4842893:3.378784;-0.4822199:3.378603;-0.4651615:3.392588
sigma3_hotel_seed42,HOTEL:biwi_hotel:315:13180,HOTEL,biwi_hotel,biwi_hotel:315,13180,3,2.352187156677246,3.2919816970825195,1.0796411037445068,1.1311914920806885,0.7832604050636292,1.5783363580703735,1.75,1.12:-9.54;1:-9.05;0.79:-8.66;0.77:-8.24;0.83:-7.78;0.79:-7.3;0.69:-6.89;0.73:-6.46,0.75:-5.98;0.62:-5.55;0.57:-5.14;0.59:-4.67;0.39:-4.29;0.16:-3.96;-0.05:-3.54;-0.27:-3.46;-0.45:-3.49;-0.56:-3.5;-0.57:-3.51;-0.6:-3.43,0.7918513:-6.494945;0.8181126:-6.423119;0.8473819:-6.572291;0.8458955:-6.447951;0.7926371:-6.469437;0.8411989:-6.532296;0.6429405:-6.465027;0.7501842:-6.484367;0.6381543:-6.306645;0.6377777:-6.285418;0.613471:-6.418979;0.6286731:-6.484097
sigma3_hotel_seed42,HOTEL:biwi_hotel:317:13180,HOTEL,biwi_hotel,biwi_hotel:317,13180,3,1.8419127464294434,2.4535939693450928,1.0982941389083862,1.1303588151931763,0.5125711560249329,0.9407868385314941,2.125,0.66:-9.8;0.54:-9.33;0.55:-8.84;0.5:-8.41;0.38:-7.97;0.36:-7.52;0.33:-7.11;0.24:-6.68,0.2:-6.25;0.22:-5.79;0.16:-5.43;0.03:-5.1;-0.09:-4.84;-0.18:-4.63;-0.44:-4.45;-0.65:-4.27;-0.79:-4.2;-0.98:-4.18;-1.02:-4.18;-0.86:-4.19,0.133959:-6.69979;0.01215512:-6.641998;-0.08638386:-6.722232;-0.2053536:-6.640963;-0.3735588:-6.636257;-0.4743666:-6.670102;-0.7409242:-6.635896;-0.7720044:-6.647394;-0.9719236:-6.498388;-1.082196:-6.457905;-1.215482:-6.562876;-1.288609:-6.605868
sigma3_hotel_seed42,HOTEL:biwi_hotel:303:13190,HOTEL,biwi_hotel,biwi_hotel:303,13190,3,0.023230932652950287,0.055337101221084595,0.0,0.0,0.0,0.0,0.0,-1.22:-0.23;-1.22:-0.23;-1.22:-0.23;-1.22:-0.23;-1.22:-0.23;-1.22:-0.23;-1.22:-0.23;-1.22:-0.23,-1.22:-0.23;-1.22:-0.23;-1.22:-0.23;-1.22:-0.23;-1.22:-0.23;-1.22:-0.23;-1.22:-0.23;-1.22:-0.23;-1.22:-0.23;-1.22:-0.23;-1.22:-0.23;-1.22:-0.23,-1.228052:-0.2304446;-1.243855:-0.2375747;-1.23481:-0.2237844;-1.242191:-0.2281626;-1.22715:-0.2347;-1.253135:-0.2289794;-1.214047:-0.230711;-1.229201:-0.2201536;-1.218417:-0.2356609;-1.184289:-0.2512161;-1.18222:-0.251397;-1.165162:-0.2374123
sigma3_hotel_seed42,HOTEL:biwi_hotel:309:13190,HOTEL,biwi_hotel,biwi_hotel:309,13190,3,0.13040298223495483,0.22018085420131683,0.0,0.01785714365541935,0.0520833320915699,1.5707963705062866,1.375,-1.58:-6.69;-1.58:-6.68;-1.58:-6.68;-1.58:-6.68;-1.58:-6.68;-1.6:-6.68;-1.62:-6.68;-1.62:-6.68,-1.62:-6.68;-1.62:-6.68;-1.62:-6.68;-1.62:-6.68;-1.62:-6.68;-1.57:-6.72;-1.56:-6.73;-1.56:-6.74;-1.56:-6.75;-1.56:-6.73;-1.56:-6.73;-1.56:-6.73,-1.638758:-6.682574;-1.656662:-6.686291;-1.662914:-6.680735;-1.685609:-6.681839;-1.690693:-6.685606;-1.720614:-6.681997;-1.717046:-6.687167;-1.745094:-6.680204;-1.748624:-6.688962;-1.751182:-6.696615;-1.761965:-6.7006;-1.777614:-6.696476
sigma3_hotel_seed42,HOTEL:biwi_hotel:310:13190,HOTEL,biwi_hotel,biwi_hotel:310,13190,3,0.06186772882938385,0.13186340034008026,0.0707106813788414,0.10413357615470886,0.24278266727924347,7.228243350982666,1.25,-1.45:-8.13;-1.45:-8.12;-1.45:-8.2;-1.47:-8.28;-1.48:-8.34;-1.48:-8.33;-1.48:-8.31;-1.46:-8.29,-1.44:-8.29;-1.44:-8.29;-1.44:-8.29;-1.44:-8.29;-1.44:-8.29;-1.33:-8.28;-1.32:-8.27;-1.32:-8.29;-1.32:-8.31;-1.36:-8.31;-1.31:-8.37;-1.29:-8.36,-1.452941:-8.290984;-1.443137:-8.296461;-1.435657:-8.292583;-1.431029:-8.304296;-1.422013:-8.300583;-1.417882:-8.30362;-1.422494:-8.321058;-1.430112:-8.332373;-1.401142:-8.323004;-1.405634:-8.327981;-1.396599:-8.336449;-1.42043:-8.34061
sigma3_hotel_seed42,HOTEL:biwi_hotel:311:13190,HOTEL,biwi_hotel,biwi_hotel:311,13190,3,0.031205033883452415,0.0553370825946331,0.0,0.0,0.0,0.0,0.0,-1.36:-2.68;-1.36:-2.68;-1.36:-2.68;-1.36:-2.68;-1.36:-2.68;-1.36:-2.68;-1.36:-2.68;-1.36:-2.68,-1.36:-2.68;-1.36:-2.68;-1.36:-2.68;-1.36:-2.68;-1.36:-2.68;-1.36:-2.68;-1.36:-2.68;-1.36:-2.68;-1.36:-2.59;-1.36:-2.67;-1.36:-2.68;-1.36:-2.68,-1.368052:-2.680445;-1.383855:-2.687575;-1.37481:-2.673784;-1.382191:-2.678163;-1.36715:-2.6847;-1.393135:-2.678979;-1.354047:-2.680711;-1.369201:-2.670154;-1.358417:-2.685661;-1.324289:-2.701216;-1.32222:-2.701397;-1.305162:-2.687412
sigma3_hotel_seed42,HOTEL:biwi_hotel:313:13190,HOTEL,biwi_hotel,biwi_hotel:313,13190,3,0.08041978627443314,0.22810710966587067,0.0,0.0,0.0,0.0,0.0,-0.52:3.4;-0.52:3.4;-0.52:3.4;-0.52:3.4;-0.52:3.4;-0.52:3.4;-0.52:3.4;-0.52:3.4,-0.52:3.4;-0.52:3.4;-0.52:3.4;-0.52:3.4;-0.52:3.4;-0.52:3.4;-0.52:3.4;-0.52:3.4;-0.56:3.21;-0.57:3.19;-0.57:3.19;-0.57:3.19,-0.5280518:3.399555;-0.5438551:3.392425;-0.5348095:3.406216;-0.5421914:3.401838;-0.5271497:3.3953;-0.5531352:3.401021;-0.5140473:3.399289;-0.5292009:3.409847;-0.5184166:3.394339;-0.4842893:3.378784;-0.4822199:3.378603;-0.4651615:3.392588
sigma3_hotel_seed42,HOTEL:biwi_hotel:303:13200,HOTEL,biwi_hotel,biwi_hotel:303,13200,3,0.023230932652950287,0.055337101221084595,0.0,0.0,0.0,0.0,0.0,-1.22:-0.23;-1.22:-0.23;-1.22:-0.23;-1.22:-0.23;-1.22:-0.23;-1.22:-0.23;-1.22:-0.23;-1.22:-0.23,-1.22:-0.23;-1.22:-0.23;-1.22:-0.23;-1.22:-0.23;-1.22:-0.23;-1.22:-0.23;-1.22:-0.23;-1.22:-0.23;-1.22:-0.23;-1.22:-0.23;-1.22:-0.23;-1.22:-0.23,-1.228052:-0.2304446;-1.243855:-0.2375747;-1.23481:-0.2237844;-1.242191:-0.2281626;-1.22715:-0.2347;-1.253135:-0.2289794;-1.214047:-0.230711;-1.229201:-0.2201536;-1.218417:-0.2356609;-1.184289:-0.2512161;-1.18222:-0.251397;-1.165162:-0.2374123
sigma3_hotel_seed42,HOTEL:biwi_hotel:309:13200,HOTEL,biwi_hotel,biwi_hotel:309,13200,3,0.12407300621271133,0.2083471715450287,0.0,0.014285714365541935,0.0416666679084301,0.0,1.375,-1.58:-6.68;-1.58:-6.68;-1.58:-6.68;-1.58:-6.68;-1.6:-6.68;-1.62:-6.68;-1.62:-6.68;-1.62:-6.68,-1.62:-6.68;-1.62:-6.68;-1.62:-6.68;-1.62:-6.68;-1.57:-6.72;-1.56:-6.73;-1.56:-6.74;-1.56:-6.75;-1.56:-6.73;-1.56:-6.73;-1.56:-6.73;-1.54:-6.73,-1.647204:-6.683023;-1.670225:-6.697705;-1.654341:-6.660321;-1.668246:-6.681665;-1.672658:-6.680918;-1.721137:-6.654167;-1.682528:-6.68703;-1.712219:-6.669058;-1.725044:-6.680784;-1.714176:-6.682692;-1.738704:-6.683212;-1.73653:-6.66083
sigma3_hotel_seed42,HOTEL:biwi_hotel:310:13200,HOTEL,biwi_hotel,biwi_hotel:310,13200,3,0.12586386501789093,0.24777525663375854,0.05000000074505806,0.1077050045132637,0.16986599564552307,4.872048854827881,1.25,-1.45:-8.12;-1.45:-8.2;-1.47:-8.28;-1.48:-8.34;-1.48:-8.33;-1.48:-8.31;-1.46:-8.29;-1.44:-8.29,-1.44:-8.29;-1.44:-8.29;-1.44:-8.29;-1.44:-8.29;-1.33:-8.28;-1.32:-8.27;-1.32:-8.29;-1.32:-8.31;-1.36:-8.31;-1.31:-8.37;-1.29:-8.36;-1.26:-8.3,-1.442512:-8.288343;-1.449439:-8.286922;-1.467437:-8.297275;-1.47725:-8.295945;-1.474218:-8.29744;-1.47467:-8.307657;-1.495858:-8.300069;-1.507857:-8.315394;-1.487028:-8.317485;-1.493088:-8.324394;-1.486598:-8.328667;-1.505179:-8.335775
sigma3_hotel_seed42,HOTEL:biwi_hotel:311:13200,HOTEL,biwi_hotel,biwi_hotel:311,13200,3,0.029653117060661316,0.0553370825946331,0.0,0.0,0.0,0.0,0.0,-1.36:-2.68;-1.36:-2.68;-1.36:-2.68;-1.36:-2.68;-1.36:-2.68;-1.36:-2.68;-1.36:-2.68;-1.36:-2.68,-1.36:-2.68;-1.36:-2.68;-1.36:-2.68;-1.36:-2.68;-1.36:-2.68;-1.36:-2.68;-1.36:-2.68;-1.36:-2.59;-1.36:-2.67;-1.36:-2.68;-1.36:-2.68;-1.36:-2.68,-1.368052:-2.680445;-1.383855:-2.687575;-1.37481:-2.673784;-1.382191:-2.678163;-1.36715:-2.6847;-1.393135:-2.678979;-1.354047:-2.680711;-1.369201:-2.670154;-1.358417:-2.685661;-1.324289:-2.701216;-1.32222:-2.701397;-1.305162:-2.687412
sigma3_hotel_seed42,HOTEL:biwi_hotel:313:13200,HOTEL,biwi_hotel,biwi_hotel:313,13200,3,0.09796211868524551,0.22810710966587067,0.0,0.0,0.0,0.0,0.0,-0.52:3.4;-0.52:3.4;-0.52:3.4;-0.52:3.4;-0.52:3.4;-0.52:3.4;-0.52:3.4;-0.52:3.4,-0.52:3.4;-0.52:3.4;-0.52:3.4;-0.52:3.4;-0.52:3.4;-0.52:3.4;-0.52:3.4;-0.56:3.21;-0.57:3.19;-0.57:3.19;-0.57:3.19;-0.57:3.19,-0.5280518:3.399555;-0.5438551:3.392425;-0.5348095:3.406216;-0.5421914:3.401838;-0.5271497:3.3953;-0.5531352:3.401021;-0.5140473:3.399289;-0.5292009:3.409847;-0.5184166:3.394339;-0.4842893:3.378784;-0.4822199:3.378603;-0.4651615:3.392588
sigma3_hotel_seed42,HOTEL:biwi_hotel:303:13210,HOTEL,biwi_hotel,biwi_hotel:303,13210,3,0.023230932652950287,0.055337101221084595,0.0,0.0,0.0,0.0,0.0,-1.22:-0.23;-1.22:-0.23;-1.22:-0.23;-1.22:-0.23;-1.22:-0.23;-1.22:-0.23;-1.22:-0.23;-1.22:-0.23,-1.22:-0.23;-1.22:-0.23;-1.22:-0.23;-1.22:-0.23;-1.22:-0.23;-1.22:-0.23;-1.22:-0.23;-1.22:-0.23;-1.22:-0.23;-1.22:-0.23;-1.22:-0.23;-1.22:-0.23,-1.228052:-0.2304446;-1.243855:-0.2375747;-1.23481:-0.2237844;-1.242191:-0.2281626;-1.22715:-0.2347;-1.253135:-0.2289794;-1.214047:-0.230711;-1.229201:-0.2201536;-1.218417:-0.2356609;-1.184289:-0.2512161;-1.18222:-0.251397;-1.165162:-0.2374123
sigma3_hotel_seed42,HOTEL:biwi_hotel:309:13210,HOTEL,biwi_hotel,biwi_hotel:309,13210,3,0.04266558587551117,0.05383606255054474,0.0,0.014285714365541935,0.0416666679084301,0.0,1.375,-1.58:-6.68;-1.58:-6.68;-1.58:-6.68;-1.6:-6.68;-1.62:-6.68;-1.62:-6.68;-1.62:-6.68;-1.62:-6.68,-1.62:-6.68;-1.62:-6.68;-1.62:-6.68;-1.57:-6.72;-1.56:-6.73;-1.56:-6.74;-1.56:-6.75;-1.56:-6.73;-1.56:-6.73;-1.56:-6.73;-1.54:-6.73;-1.54:-6.73,-1.604749:-6.677874;-1.598951:-6.672449;-1.607983:-6.692677;-1.60294:-6.678984;-1.587141:-6.686673;-1.570826:-6.700138;-1.572229:-6.677702;-1.56258:-6.684555;-1.541737:-6.688236;-1.523169:-6.70493;-1.49875:-6.703732;-1.490155:-6.709658
sigma3_hotel_seed42,HOTEL:biwi_hotel:310:13210,HOTEL,biwi_hotel,biwi_hotel:310,13210,3,0.14974382519721985,0.28457891941070557,0.0,0.07913357764482498,0.16986599564552307,4.627070426940918,1.25,-1.45:-8.2;-1.47:-8.28;-1.48:-8.34;-1.48:-8.33;-1.48:-8.31;-1.46:-8.29;-1.44:-8.29;-1.44:-8.29,-1.44:-8.29;-1.44:-8.29;-1.44:-8.29;-1.33:-8.28;-1.32:-8.27;-1.32:-8.29;-1.32:-8.31;-1.36:-8.31;-1.31:-8.37;-1.29:-8.36;-1.26:-8.3;-1.24:-8.23,-1.445635:-8.288278;-1.454993:-8.287361;-1.47487:-8.294355;-1.483028:-8.294971;-1.481493:-8.294367;-1.481209:-8.301235;-1.500735:-8.294827;-1.511854:-8.309835;-1.494728:-8.314756;-1.501722:-8.320174;-1.495154:-8.319231;-1.508712:-8.323695
sigma3_hotel_seed42,HOTEL:biwi_hotel:311:13210,HOTEL,biwi_hotel,biwi_hotel:311,13210,3,0.029950683936476707,0.0553370825946331,0.0,0.0,0.0,0.0,0.0,-1.36:-2.68;-1.36:-2.68;-1.36:-2.68;-1.36:-2.68;-1.36:-2.68;-1.36:-2.68;-1.36:-2.68;-1.36:-2.68,-1.36:-2.68;-1.36:-2.68;-1.36:-2.68;-1.36:-2.68;-1.36:-2.68;-1.36:-2.68;-1.36:-2.59;-1.36:-2.67;-1.36:-2.68;-1.36:-2.68;-1.36:-2.68;-1.36:-2.68,-1.368052:-2.680445;-1.383855:-2.687575;-1.37481:-2.673784;-1.382191:-2.678163;-1.36715:-2.6847;-1.393135:-2.678979;-1.354047:-2.680711;-1.369201:-2.670154;-1.358417:-2.685661;-1.324289:-2.701216;-1.32222:-2.701397;-1.305162:-2.687412
sigma3_hotel_seed42,HOTEL:biwi_hotel:313:13210,HOTEL,biwi_hotel,biwi_hotel:313,13210,3,0.11547765135765076,0.22810710966587067,0.0,0.0,0.0,0.0,0.0,-0.52:3.4;-0.52:3.4;-0.52:3.4;-0.52:3.4;-0.52:3.4;-0.52:3.4;-0.52:3.4;-0.52:3.4,-0.52:3.4;-0.52:3.4;-0.52:3.4;-0.52:3.4;-0.52:3.4;-0.52:3.4;-0.56:3.21;-0.57:3.19;-0.57:3.19;-0.57:3.19;-0.57:3.19;-0.57:3.19,-0.5280518:3.399555;-0.5438551:3.392425;-0.5348095:3.406216;-0.5421914:3.401838;-0.5271497:3.3953;-0.5531352:3.401021;-0.5140473:3.399289;-0.5292009:3.409847;-0.5184166:3.394339;-0.4842893:3.378784;-0.4822199:3.378603;-0.4651615:3.392588
sigma3_hotel_seed42,HOTEL:biwi_hotel:333:14340,HOTEL,biwi_hotel,biwi_hotel:333,14340,3,1.0174436569213867,1.7083755731582642,0.5771698355674744,0.6540006399154663,1.1563115119934082,1.7417844533920288,0.25,0.52:-4.89;0.35:-4.51;0.34:-4.47;0.14:-4.25;-0.03:-3.94;-0.19:-3.62;-0.31:-3.56;-0.53:-3.49,-0.61:-3.41;-0.75:-3.25;-0.96:-2.87;-1.15:-2.71;-1.32:-2.55;-1.4:-2.42;-1.37:-2.41;-1.27:-2.33;-1.26:-2.32;-1.26:-2.32;-1.26:-2.32;-1.26:-2.32,-0.7296803:-3.479271;-0.920997:-3.482368;-1.083301:-3.440786;-1.244506:-3.450364;-1.454591:-3.437315;-1.642435:-3.403621;-1.762921:-3.454504;-1.92425:-3.441972;-2.105551:-3.394627;-2.273829:-3.400804;-2.450148:-3.356012;-2.613189:-3.362797
sigma3_hotel_seed42,HOTEL:biwi_hotel:334:14340,HOTEL,biwi_hotel,biwi_hotel:334,14340,3,3.9434378147125244,7.182449817657471,1.7707695960998535,1.4722241163253784,0.714155912399292,0.8735625743865967,0.25,0.65:1.14;0.69:0.6;0.76:0.06;0.78:-0.53;0.92:-1.14;0.96:-1.74;0.94:-2.25;1.1:-2.94,1.09:-3.51;0.96:-4.09;0.8:-4.61;0.43:-5.08;0.07:-5.43;-0.32:-5.89;-0.8:-6.21;-1.12:-6.46;-1.68:-6.91;-2.09:-7.25;-2.43:-7.62;-2.77:-8.08,1.323671:-2.998577;1.522979:-2.895319;1.676934:-3.123144;1.781819:-2.973125;1.833115:-2.968552;2.053423:-3.042012;1.845344:-2.972363;2.104911:-3.038492;2.087206:-2.769795;2.139257:-2.760606;2.274489:-2.929537;2.354213:-3.047106
sigma3_hotel_seed42,HOTEL:biwi_hotel:344:14950,HOTEL,biwi_hotel,biwi_hotel:344,14950,3,2.9982879161834717,5.491752624511719,1.1338540315628052,1.0209782123565674,0.5736634135246277,0.6677053570747375,0.0,1.66:4.05;1.71:3.59;1.71:3.17;1.71:2.82;1.72:2.43;1.75:1.98;1.72:1.65;1.83:1.21,1.73:0.75;1.7:0.35;1.71:-0.1;1.54:-0.5;1.42:-0.87;1.3:-1.34;1.15:-1.8;1.06:-2.25;0.99:-2.74;0.86:-3.23;0.96:-3.67;0.93:-4.12,1.962696:1.169103;2.066549:1.235189;2.17208:1.087894;2.241073:1.197951;2.235151:1.184811;2.354846:1.137697;2.218581:1.168309;2.39711:1.136337;2.336514:1.342546;2.374184:1.3508;2.41486:1.234962;2.46981:1.151464
sigma3_hotel_seed42,HOTEL:biwi_hotel:344:14960,HOTEL,biwi_hotel,biwi_hotel:344,14960,3,2.9334733486175537,5.505202293395996,1.1768602132797241,1.0238476991653442,0.7267040014266968,1.0184741020202637,0.0,1.71:3.59;1.71:3.17;1.71:2.82;1.72:2.43;1.75:1.98;1.72:1.65;1.83:1.21;1.73:0.75,1.7:0.35;1.71:-0.1;1.54:-0.5;1.42:-0.87;1.3:-1.34;1.15:-1.8;1.06:-2.25;0.99:-2.74;0.86:-3.23;0.96:-3.67;0.93:-4.12;0.95:-4.57,1.596251:0.7226188;1.444894:0.7925227;1.321676:0.6967962;1.158124:0.7834702;0.9793329:0.8020681;0.8473034:0.7705452;0.5193515:0.8200014;0.4565684:0.7879778;0.2398752:0.9513298;0.1088301:0.9956822;-0.04042029:0.8651032;-0.1306318:0.8281
sigma3_hotel_seed42,HOTEL:biwi_hotel:345:14960,HOTEL,biwi_hotel,biwi_hotel:345,14960,3,4.372928142547607,8.035710334777832,1.7813267707824707,1.6900503635406494,0.20239117741584778,0.2079840749502182,0.0,2.07:-10.06;2.1:-9.44;2.19:-8.79;2.28:-8.12;2.36:-7.43;2.46:-6.76;2.54:-6.07;2.6:-5.36,2.72:-4.66;2.8:-3.98;2.95:-3.31;3.06:-2.67;3.16:-1.96;3.29:-1.34;3.37:-0.67;3.41:-0.01;3.48:0.64;3.57:1.32;3.56:1.99;3.55:2.58,2.712519:-5.417314;2.795851:-5.303828;2.841063:-5.532862;2.8343:-5.37063;2.819771:-5.362036;2.939286:-5.44585;2.6313:-5.331475;2.782703:-5.396024;2.693769:-5.171124;2.675947:-5.136632;2.728791:-5.321385;2.754762:-5.416264
sigma3_hotel_seed42,HOTEL:biwi_hotel:344:14970,HOTEL,biwi_hotel,biwi_hotel:344,14970,3,2.928455114364624,5.521392345428467,1.0028085708618164,1.017106056213379,0.7498242855072021,1.1576749086380005,0.0,1.71:3.17;1.71:2.82;1.72:2.43;1.75:1.98;1.72:1.65;1.83:1.21;1.73:0.75;1.7:0.35,1.71:-0.1;1.54:-0.5;1.42:-0.87;1.3:-1.34;1.15:-1.8;1.06:-2.25;0.99:-2.74;0.86:-3.23;0.96:-3.67;0.93:-4.12;0.95:-4.57;0.72:-5.12,1.635582:0.3251395;1.548367:0.3886087;1.480413:0.2864426;1.385917:0.3815965;1.247585:0.3794677;1.18098:0.3369448;0.9238952:0.3845318;0.9246432:0.3687228;0.7453705:0.5271994;0.6639684:0.562424;0.555482:0.4439434;0.5038326:0.397159
sigma3_hotel_seed42,HOTEL:biwi_hotel:344:14980,HOTEL,biwi_hotel,biwi_hotel:344,14980,3,3.0037221908569336,5.4626784324646,1.1252777576446533,1.0528600215911865,0.7735744714736938,1.2291179895401,0.0,1.71:2.82;1.72:2.43;1.75:1.98;1.72:1.65;1.83:1.21;1.73:0.75;1.7:0.35;1.71:-0.1,1.54:-0.5;1.42:-0.87;1.3:-1.34;1.15:-1.8;1.06:-2.25;0.99:-2.74;0.86:-3.23;0.96:-3.67;0.93:-4.12;0.95:-4.57;0.72:-5.12;0.76:-5.49,1.796035:-0.139625;1.848943:-0.06802139;1.90714:-0.2186973;1.925881:-0.1009499;1.891364:-0.1146327;1.962486:-0.1682331;1.778174:-0.1155579;1.908645:-0.14643;1.815809:0.04831923;1.82791:0.06403785;1.828045:-0.06744293;1.856909:-0.1385847
sigma3_hotel_seed42,HOTEL:biwi_hotel:344:14990,HOTEL,biwi_hotel,biwi_hotel:344,14990,3,3.32635760307312,6.238654613494873,1.0865657329559326,1.0687521696090698,0.9022930860519409,1.612274408340454,0.0,1.72:2.43;1.75:1.98;1.72:1.65;1.83:1.21;1.73:0.75;1.7:0.35;1.71:-0.1;1.54:-0.5,1.42:-0.87;1.3:-1.34;1.15:-1.8;1.06:-2.25;0.99:-2.74;0.86:-3.23;0.96:-3.67;0.93:-4.12;0.95:-4.57;0.72:-5.12;0.76:-5.49;0.74:-6.03,1.226153:-0.5049164;0.9235425:-0.4633273;0.6743026:-0.4580905;0.4074559:-0.4356359;0.09905279:-0.3902566;-0.1891184:-0.3796842;-0.5462098:-0.3957208;-0.7478988:-0.4086288;-1.053552:-0.2801383;-1.300927:-0.2187798;-1.565588:-0.2917474;-1.748041:-0.3089455
sigma3_hotel_seed42,HOTEL:biwi_hotel:344:15000,HOTEL,biwi_hotel,biwi_hotel:344,15000,3,3.1827151775360107,5.904364585876465,0.9724324941635132,1.046600103378296,0.8232778906822205,1.5432963371276855,0.0,1.75:1.98;1.72:1.65;1.83:1.21;1.73:0.75;1.7:0.35;1.71:-0.1;1.54:-0.5;1.42:-0.87,1.3:-1.34;1.15:-1.8;1.06:-2.25;0.99:-2.74;0.86:-3.23;0.96:-3.67;0.93:-4.12;0.95:-4.57;0.72:-5.12;0.76:-5.49;0.74:-6.03;0.85:-6.48,1.252809:-0.882549;1.078924:-0.8329614;0.9361216:-0.8816928;0.7797646:-0.8203171;0.5679001:-0.8064674;0.4134833:-0.8273954;0.1320628:-0.8123183;0.05285454:-0.8181235;-0.1779881:-0.6800205;-0.3279951:-0.6335474;-0.5007809:-0.7221309;-0.6059867:-0.7579702
sigma3_hotel_seed42,HOTEL:biwi_hotel:356:15820,HOTEL,biwi_hotel,biwi_hotel:356,15820,3,0.07719288021326065,0.21534211933612823,0.0,0.019543342292308807,0.05336568504571915,1.1071487665176392,0.0,0.54:0.01;0.52:-0.03;0.51:-0.03;0.51:-0.03;0.51:-0.03;0.51:-0.03;0.51:-0.03;0.51:-0.03,0.51:-0.03;0.51:-0.03;0.53:-0.07;0.53:-0.08;0.5:-0.04;0.53:-0.02;0.53:-0.07;0.53:-0.08;0.53:-0.02;0.53:-0.05;0.46:-0.03;0.47:0.14,0.5034752:-0.02932268;0.4927009:-0.0290298;0.4774422:-0.03606623;0.4635069:-0.03449198;0.4653011:-0.03726461;0.4563653:-0.04572463;0.4425142:-0.0392317;0.4253457:-0.04879152;0.4409924:-0.05282096;0.4378523:-0.06062076;0.4396456:-0.0662516;0.4221459:-0.06995766
sigma3_hotel_seed42,HOTEL:biwi_hotel:356:15830,HOTEL,biwi_hotel,biwi_hotel:356,15830,3,0.10027176886796951,0.3178587853908539,0.0,0.0035714285913854837,0.010416666977107525,0.0,0.0,0.52:-0.03;0.51:-0.03;0.51:-0.03;0.51:-0.03;0.51:-0.03;0.51:-0.03;0.51:-0.03;0.51:-0.03,0.51:-0.03;0.53:-0.07;0.53:-0.08;0.5:-0.04;0.53:-0.02;0.53:-0.07;0.53:-0.08;0.53:-0.02;0.53:-0.05;0.46:-0.03;0.47:0.14;0.47:0.24,0.5052894:-0.03188958;0.4968487:-0.02941163;0.4859382:-0.04288372;0.4663322:-0.03196897;0.4639378:-0.0392886;0.4491291:-0.0542876;0.4385127:-0.04156932;0.415877:-0.04061292;0.4207259:-0.03911546;0.4174528:-0.04932679;0.4125441:-0.06484138;0.3880975:-0.06712568
sigma3_hotel_seed42,HOTEL:biwi_hotel:356:15840,HOTEL,biwi_hotel,biwi_hotel:356,15840,3,0.09528034180402756,0.23719708621501923,0.0,0.0,0.0,0.0,0.0,0.51:-0.03;0.51:-0.03;0.51:-0.03;0.51:-0.03;0.51:-0.03;0.51:-0.03;0.51:-0.03;0.51:-0.03,0.53:-0.07;0.53:-0.08;0.5:-0.04;0.53:-0.02;0.53:-0.07;0.53:-0.08;0.53:-0.02;0.53:-0.05;0.46:-0.03;0.47:0.14;0.47:0.24;0.47:0.18,0.5019482:-0.03044459;0.4861448:-0.03757469;0.4951905:-0.02378437;0.4878086:-0.02816262;0.5028503:-0.03469999;0.4768647:-0.02897943;0.5159526:-0.030711;0.5007991:-0.0201536;0.5115833:-0.03566089;0.5457107:-0.05121611;0.5477801:-0.05139701;0.5648385:-0.03741232
sigma3_hotel_seed42,HOTEL:biwi_hotel:356:15850,HOTEL,biwi_hotel,biwi_hotel:356,15850,3,0.24802148342132568,0.4576666057109833,0.11180339753627777,0.015971913933753967,0.04658474773168564,0.0,0.0,0.51:-0.03;0.51:-0.03;0.51:-0.03;0.51:-0.03;0.51:-0.03;0.51:-0.03;0.51:-0.03;0.53:-0.07,0.53:-0.08;0.5:-0.04;0.53:-0.02;0.53:-0.07;0.53:-0.08;0.53:-0.02;0.53:-0.05;0.46:-0.03;0.47:0.14;0.47:0.24;0.47:0.18;0.47:0.16,0.550783:-0.07218008;0.5761918:-0.0864459;0.613552:-0.06118732;0.6447018:-0.09339568;0.6758392:-0.08324876;0.6951671:-0.06945317;0.7252143:-0.1080625;0.7333163:-0.1287306;0.790592:-0.1235032;0.8080385:-0.1254103;0.8308692:-0.1236221;0.8314824:-0.1206941
sigma3_hotel_seed42,HOTEL:biwi_hotel:356:15860,HOTEL,biwi_hotel,biwi_hotel:356,15860,3,0.14585046470165253,0.21982403099536896,0.02500000037252903,0.019543342292308807,0.08414257317781448,0.46364760398864746,0.0,0.51:-0.03;0.51:-0.03;0.51:-0.03;0.51:-0.03;0.51:-0.03;0.51:-0.03;0.53:-0.07;0.53:-0.08,0.5:-0.04;0.53:-0.02;0.53:-0.07;0.53:-0.08;0.53:-0.02;0.53:-0.05;0.46:-0.03;0.47:0.14;0.47:0.24;0.47:0.18;0.47:0.16;0.47:0.12,0.5168512:-0.08019324;0.4985142:-0.08401883;0.4915015:-0.07849434;0.4768923:-0.08127187;0.4815545:-0.08446103;0.4599493:-0.0849469;0.4697764:-0.08334651;0.4483803:-0.08304147;0.458123:-0.09468533;0.4688306:-0.1044811;0.4667872:-0.1062681;0.463851:-0.09973802
sigma3_hotel_seed42,HOTEL:biwi_hotel:356:15870,HOTEL,biwi_hotel,biwi_hotel:356,15870,3,0.2758498191833496,0.44981539249420166,0.125,0.03740048408508301,0.14488165080547333,2.9617390632629395,0.0,0.51:-0.03;0.51:-0.03;0.51:-0.03;0.51:-0.03;0.51:-0.03;0.53:-0.07;0.53:-0.08;0.5:-0.04,0.53:-0.02;0.53:-0.07;0.53:-0.08;0.53:-0.02;0.53:-0.05;0.46:-0.03;0.47:0.14;0.47:0.24;0.47:0.18;0.47:0.16;0.47:0.12;0.46:0.08,0.4497937:-0.04460252;0.4127571:-0.05738272;0.3983786:-0.0274704;0.3548613:-0.0532619;0.3270584:-0.04458237;0.2678196:-0.02681596;0.2476908:-0.06613901;0.1859187:-0.06735308;0.1750058:-0.07447864;0.1314096:-0.06458631;0.09008449:-0.07219188;0.03466409:-0.06636678
sigma3_hotel_seed42,HOTEL:biwi_hotel:356:15880,HOTEL,biwi_hotel,biwi_hotel:356,15880,3,0.17159689962863922,0.1502055525779724,0.09013878554105759,0.050277452915906906,0.21076244115829468,4.588034152984619,0.0,0.51:-0.03;0.51:-0.03;0.51:-0.03;0.51:-0.03;0.53:-0.07;0.53:-0.08;0.5:-0.04;0.53:-0.02,0.53:-0.07;0.53:-0.08;0.53:-0.02;0.53:-0.05;0.46:-0.03;0.47:0.14;0.47:0.24;0.47:0.18;0.47:0.16;0.47:0.12;0.46:0.08;0.51:0.01,0.5426214:-0.02046522;0.5567045:-0.02592754;0.5673512:-0.02263814;0.5781846:-0.03443449;0.5925282:-0.03067184;0.6032926:-0.03440535;0.6033297:-0.05077007;0.6019899:-0.06319276;0.6363794:-0.05366918;0.6381958:-0.0604821;0.6537963:-0.06712592;0.6362677:-0.07135212
sigma3_hotel_seed42,HOTEL:biwi_hotel:356:15890,HOTEL,biwi_hotel,biwi_hotel:356,15890,3,0.1733608990907669,0.12630093097686768,0.125,0.0681345984339714,0.29009342193603516,6.746832847595215,0.0,0.51:-0.03;0.51:-0.03;0.51:-0.03;0.53:-0.07;0.53:-0.08;0.5:-0.04;0.53:-0.02;0.53:-0.07,0.53:-0.08;0.53:-0.02;0.53:-0.05;0.46:-0.03;0.47:0.14;0.47:0.24;0.47:0.18;0.47:0.16;0.47:0.12;0.46:0.08;0.51:0.01;0.52:0.01,0.5244099:-0.07117455;0.5259765:-0.08330386;0.5383176:-0.05623909;0.5505751:-0.08639285;0.5564036:-0.07125895;0.5547506:-0.06781858;0.577255:-0.09627659;0.5620962:-0.1138288;0.5969181:-0.1054962;0.5938093:-0.1038589;0.5976846:-0.1043735;0.5855417:-0.09796391
sigma3_hotel_seed42,HOTEL:biwi_hotel:356:15900,HOTEL,biwi_hotel,biwi_hotel:356,15900,3,0.18378140032291412,0.1969643235206604,0.02500000037252903,0.07170602679252625,0.33176007866859436,6.746832847595215,0.0,0.51:-0.03;0.51:-0.03;0.53:-0.07;0.53:-0.08;0.5:-0.04;0.53:-0.02;0.53:-0.07;0.53:-0.08,0.53:-0.02;0.53:-0.05;0.46:-0.03;0.47:0.14;0.47:0.24;0.47:0.18;0.47:0.16;0.47:0.12;0.46:0.08;0.51:0.01;0.52:0.01;0.52:0.01,0.5196564:-0.08073225;0.5104038:-0.0829919;0.4993553:-0.0844776;0.4819499:-0.08870701;0.4775207:-0.0891965;0.4619378:-0.0934462;0.4428096:-0.09990363;0.4189476:-0.1088094;0.4314409:-0.1072848;0.4163212:-0.1106542;0.4094875:-0.1210164;0.3773687:-0.1258354
sigma3_hotel_seed42,HOTEL:biwi_hotel:358:15900,HOTEL,biwi_hotel,biwi_hotel:358,15900,3,3.621803045272827,6.560863971710205,1.3520817756652832,1.4407005310058594,1.0816694498062134,1.3283413648605347,0.875,2.7:-10.16;2.6:-9.58;2.68:-9.04;2.61:-8.45;2.58:-7.92;2.63:-7.2;2.52:-6.7;2.55:-6.16,2.54:-5.6;2.41:-5.03;2.48:-4.47;2.53:-3.85;2.53:-3.27;2.67:-2.75;2.76:-2.24;2.78:-1.71;2.87:-1.2;2.92:-0.65;2.9:-0.15;3.02:0.35,2.639186:-6.202363;2.695119:-6.130232;2.761684:-6.281301;2.779978:-6.16736;2.749959:-6.176254;2.818942:-6.223592;2.632498:-6.177332;2.764348:-6.21639;2.675454:-6.00902;2.691754:-5.997446;2.694025:-6.133871;2.724222:-6.204193
sigma3_hotel_seed42,HOTEL:biwi_hotel:356:15910,HOTEL,biwi_hotel,biwi_hotel:356,15910,3,0.15784020721912384,0.11703021079301834,0.15000000596046448,0.09313459694385529,0.3580920100212097,9.888425827026367,0.0,0.51:-0.03;0.53:-0.07;0.53:-0.08;0.5:-0.04;0.53:-0.02;0.53:-0.07;0.53:-0.08;0.53:-0.02,0.53:-0.05;0.46:-0.03;0.47:0.14;0.47:0.24;0.47:0.18;0.47:0.16;0.47:0.12;0.46:0.08;0.51:0.01;0.52:0.01;0.52:0.01;0.52:0.01,0.5280662:-0.02125703;0.5322325:-0.03348;0.5471191:-0.006954703;0.561858:-0.03699241;0.5720815:-0.02221336;0.5737172:-0.0191103;0.598242:-0.04621402;0.5850601:-0.06396385;0.6233103:-0.05762534;0.6237235:-0.05597169;0.6304432:-0.05691473;0.6210096:-0.04910261
sigma3_hotel_seed42,HOTEL:biwi_hotel:358:15910,HOTEL,biwi_hotel,biwi_hotel:358,15910,3,3.594895124435425,6.487800121307373,1.4002232551574707,1.4305332899093628,0.9361803531646729,1.0838814973831177,1.0,2.6:-9.58;2.68:-9.04;2.61:-8.45;2.58:-7.92;2.63:-7.2;2.52:-6.7;2.55:-6.16;2.54:-5.6,2.41:-5.03;2.48:-4.47;2.53:-3.85;2.53:-3.27;2.67:-2.75;2.76:-2.24;2.78:-1.71;2.87:-1.2;2.92:-0.65;2.9:-0.15;3.02:0.35;3.06:0.82,2.602944:-5.644457;2.630579:-5.562529;2.665067:-5.727277;2.646963:-5.602245;2.60184:-5.607497;2.646824:-5.662875;2.41086:-5.593743;2.514765:-5.63784;2.406012:-5.433277;2.401101:-5.414;2.38565:-5.5681;2.398852:-5.634024
sigma3_hotel_seed42,HOTEL:biwi_hotel:359:15910,HOTEL,biwi_hotel,biwi_hotel:359,15910,3,3.619612455368042,6.640401363372803,1.262190580368042,1.3767096996307373,0.9464428424835205,1.124163031578064,1.0,3.58:-9.8;3.53:-9.32;3.6:-8.73;3.54:-8.17;3.45:-7.57;3.53:-7.1;3.44:-6.48;3.37:-5.98,3.39:-5.42;3.32:-4.85;3.29:-4.35;3.35:-3.74;3.31:-3.14;3.36:-2.59;3.41:-2.03;3.36:-1.53;3.45:-1.04;3.51:-0.52;3.49:0.01;3.64:0.51,3.304475:-6.012586;3.210215:-5.937812;3.138739:-6.061565;3.021845:-5.955777;2.889671:-5.952068;2.812606:-5.996833;2.514886:-5.931564;2.505698:-5.964363;2.323101:-5.788645;2.242649:-5.754781;2.130716:-5.901224;2.075832:-5.94355
sigma3_hotel_seed42,HOTEL:biwi_hotel:356:15920,HOTEL,biwi_hotel,biwi_hotel:356,15920,3,0.1540220081806183,0.10704631358385086,0.07500000298023224,0.08787696808576584,0.4142841696739197,12.566370964050293,0.0,0.53:-0.07;0.53:-0.08;0.5:-0.04;0.53:-0.02;0.53:-0.07;0.53:-0.08;0.53:-0.02;0.53:-0.05,0.46:-0.03;0.47:0.14;0.47:0.24;0.47:0.18;0.47:0.16;0.47:0.12;0.46:0.08;0.51:0.01;0.52:0.01;0.52:0.01;0.52:0.01;0.52:0.01,0.5171552:-0.05195283;0.5123855:-0.06103816;0.5141354:-0.04124794;0.5124984:-0.06449509;0.5111817:-0.05075311;0.4999988:-0.05563458;0.5082876:-0.07438286;0.4808805:-0.08685297;0.5049065:-0.08098825;0.490338:-0.07618375;0.4862764:-0.08678795;0.4618553:-0.0798783
sigma3_hotel_seed42,HOTEL:biwi_hotel:356:15930,HOTEL,biwi_hotel,biwi_hotel:356,15930,3,0.6109277606010437,1.1111043691635132,0.18200275301933289,0.11030593514442444,0.44315263628959656,11.917374610900879,0.0,0.53:-0.08;0.5:-0.04;0.53:-0.02;0.53:-0.07;0.53:-0.08;0.53:-0.02;0.53:-0.05;0.46:-0.03,0.47:0.14;0.47:0.24;0.47:0.18;0.47:0.16;0.47:0.12;0.46:0.08;0.51:0.01;0.52:0.01;0.52:0.01;0.52:0.01;0.52:0.01;0.52:0.01,0.3651735:-0.03296209;0.2923377:-0.03867564;0.2149687:-0.01280433;0.1397467:-0.039637;0.05381775:-0.01153068;-0.01694506:-0.01127508;-0.106097:-0.03584157;-0.2119124:-0.05030733;-0.2678006:-0.05264343;-0.3963128:-0.01231497;-0.4800488:-0.02128621;-0.5909277:-0.009814067
sigma3_hotel_seed42,HOTEL:biwi_hotel:356:15940,HOTEL,biwi_hotel,biwi_hotel:356,15940,3,0.14337559044361115,0.15529122948646545,0.42573466897010803,0.1532680243253708,0.5543552041053772,11.642333030700684,0.0,0.5:-0.04;0.53:-0.02;0.53:-0.07;0.53:-0.08;0.53:-0.02;0.53:-0.05;0.46:-0.03;0.47:0.14,0.47:0.24;0.47:0.18;0.47:0.16;0.47:0.12;0.46:0.08;0.51:0.01;0.52:0.01;0.52:0.01;0.52:0.01;0.52:0.01;0.52:0.01;0.52:0.01,0.4902833:0.1187283;0.5238771:0.1396277;0.5729481:0.1030379;0.5897156:0.1512601;0.5714996:0.1382246;0.588292:0.09855461;0.5789908:0.1152475;0.6228955:0.1478496;0.586099:0.2000409;0.5953534:0.2230307;0.5994028:0.1599983;0.6231129:0.1261168
sigma3_hotel_seed42,HOTEL:biwi_hotel:356:15950,HOTEL,biwi_hotel,biwi_hotel:356,15950,3,0.3497503101825714,0.572277307510376,0.25,0.1761053502559662,0.5486811995506287,9.542289733886719,0.0,0.53:-0.02;0.53:-0.07;0.53:-0.08;0.53:-0.02;0.53:-0.05;0.46:-0.03;0.47:0.14;0.47:0.24,0.47:0.18;0.47:0.16;0.47:0.12;0.46:0.08;0.51:0.01;0.52:0.01;0.52:0.01;0.52:0.01;0.52:0.01;0.52:0.01;0.52:0.01;0.52:0.01,0.4125472:0.2328295;0.3773386:0.2299582;0.3659813:0.2513629;0.3377889:0.2461681;0.2708347:0.2551168;0.2170221:0.2551117;0.2079017:0.2161431;0.1768471:0.2334592;0.1249059:0.2764474;0.0798963:0.2807975;0.03966311:0.2732624;0.00224176:0.253778
sigma3_hotel_seed42,HOTEL:biwi_hotel:361:15950,HOTEL,biwi_hotel,biwi_hotel:361,15950,3,0.023230919614434242,0.055337175726890564,0.0,0.0,0.0,0.0,0.0,-0.89:-6.71;-0.89:-6.71;-0.89:-6.71;-0.89:-6.71;-0.89:-6.71;-0.89:-6.71;-0.89:-6.71;-0.89:-6.71,-0.89:-6.71;-0.89:-6.71;-0.89:-6.71;-0.89:-6.71;-0.89:-6.71;-0.89:-6.71;-0.89:-6.71;-0.89:-6.71;-0.89:-6.71;-0.89:-6.71;-0.89:-6.71;-0.89:-6.71,-0.8980518:-6.710444;-0.9138551:-6.717575;-0.9048095:-6.703784;-0.9121914:-6.708163;-0.8971497:-6.7147;-0.9231352:-6.70898;-0.8840473:-6.710711;-0.8992009:-6.700154;-0.8884166:-6.715661;-0.8542893:-6.731216;-0.8522199:-6.731397;-0.8351615:-6.717412
sigma3_hotel_seed42,HOTEL:biwi_hotel:356:15960,HOTEL,biwi_hotel,biwi_hotel:356,15960,3,0.2005053162574768,0.21783454716205597,0.15000000596046448,0.17967677116394043,0.6736811995506287,12.683882713317871,0.125,0.53:-0.07;0.53:-0.08;0.53:-0.02;0.53:-0.05;0.46:-0.03;0.47:0.14;0.47:0.24;0.47:0.18,0.47:0.16;0.47:0.12;0.46:0.08;0.51:0.01;0.52:0.01;0.52:0.01;0.52:0.01;0.52:0.01;0.52:0.01;0.52:0.01;0.52:0.01;0.43:0.04,0.4302939:0.1786848;0.4069761:0.1626547;0.4060357:0.206244;0.3994544:0.1676734;0.3725954:0.1875787;0.3378119:0.202752;0.3578271:0.1526297;0.3236028:0.1410735;0.3301513:0.1603314;0.3046911:0.1612949;0.2842712:0.1701259;0.2563923:0.1715761
sigma3_hotel_seed42,HOTEL:biwi_hotel:361:15960,HOTEL,biwi_hotel,biwi_hotel:361,15960,3,0.023230919614434242,0.055337175726890564,0.0,0.0,0.0,0.0,0.0,-0.89:-6.71;-0.89:-6.71;-0.89:-6.71;-0.89:-6.71;-0.89:-6.71;-0.89:-6.71;-0.89:-6.71;-0.89:-6.71,-0.89:-6.71;-0.89:-6.71;-0.89:-6.71;-0.89:-6.71;-0.89:-6.71;-0.89:-6.71;-0.89:-6.71;-0.89:-6.71;-0.89:-6.71;-0.89:-6.71;-0.89:-6.71;-0.89:-6.71,-0.8980518:-6.710444;-0.9138551:-6.717575;-0.9048095:-6.703784;-0.9121914:-6.708163;-0.8971497:-6.7147;-0.9231352:-6.70898;-0.8840473:-6.710711;-0.8992009:-6.700154;-0.8884166:-6.715661;-0.8542893:-6.731216;-0.8522199:-6.731397;-0.8351615:-6.717412
sigma3_hotel_seed42,HOTEL:biwi_hotel:356:15970,HOTEL,biwi_hotel,biwi_hotel:356,15970,3,0.12388139963150024,0.14974236488342285,0.05000000074505806,0.18324820697307587,0.6424311995506287,9.542289733886719,0.375,0.53:-0.08;0.53:-0.02;0.53:-0.05;0.46:-0.03;0.47:0.14;0.47:0.24;0.47:0.18;0.47:0.16,0.47:0.12;0.46:0.08;0.51:0.01;0.52:0.01;0.52:0.01;0.52:0.01;0.52:0.01;0.52:0.01;0.52:0.01;0.52:0.01;0.43:0.04;0.42:0.04,0.4883205:0.1602814;0.5024952:0.1625297;0.5023075:0.146122;0.5079324:0.1516289;0.5198457:0.1482616;0.5354261:0.1304969;0.5240949:0.1379993;0.5251969:0.1265057;0.5537832:0.1382509;0.5570084:0.1275817;0.5729371:0.1139884;0.5545427:0.1057347
sigma3_hotel_seed42,HOTEL:biwi_hotel:361:15970,HOTEL,biwi_hotel,biwi_hotel:361,15970,3,0.023230919614434242,0.055337175726890564,0.0,0.0,0.0,0.0,0.0,-0.89:-6.71;-0.89:-6.71;-0.89:-6.71;-0.89:-6.71;-0.89:-6.71;-0.89:-6.71;-0.89:-6.71;-0.89:-6.71,-0.89:-6.71;-0.89:-6.71;-0.89:-6.71;-0.89:-6.71;-0.89:-6.71;-0.89:-6.71;-0.89:-6.71;-0.89:-6.71;-0.89:-6.71;-0.89:-6.71;-0.89:-6.71;-0.89:-6.71,-0.8980518:-6.710444;-0.9138551:-6.717575;-0.9048095:-6.703784;-0.9121914:-6.708163;-0.8971497:-6.7147;-0.9231352:-6.70898;-0.8840473:-6.710711;-0.8992009:-6.700154;-0.8884166:-6.715661;-0.8542893:-6.731216;-0.8522199:-6.731397;-0.8351615:-6.717412
sigma3_hotel_seed42,HOTEL:biwi_hotel:356:15980,HOTEL,biwi_hotel,biwi_hotel:356,15980,3,0.2511519491672516,0.29322248697280884,0.10000000149011612,0.1761053502559662,0.5695145130157471,6.400696754455566,0.625,0.53:-0.02;0.53:-0.05;0.46:-0.03;0.47:0.14;0.47:0.24;0.47:0.18;0.47:0.16;0.47:0.12,0.46:0.08;0.51:0.01;0.52:0.01;0.52:0.01;0.52:0.01;0.52:0.01;0.52:0.01;0.52:0.01;0.52:0.01;0.43:0.04;0.42:0.04;0.34:0.02,0.4251402:0.1175339;0.3913531:0.1099125;0.3706645:0.131573;0.3396964:0.1133886;0.3029352:0.124662;0.2572853:0.1236376;0.249877:0.1025755;0.1967768:0.09672375;0.1851726:0.1093464;0.1455048:0.1140776;0.1081426:0.1056511;0.06075904:0.1094646
sigma3_hotel_seed42,HOTEL:biwi_hotel:361:15980,HOTEL,biwi_hotel,biwi_hotel:361,15980,3,0.023230919614434242,0.055337175726890564,0.0,0.0,0.0,0.0,0.0,-0.89:-6.71;-0.89:-6.71;-0.89:-6.71;-0.89:-6.71;-0.89:-6.71;-0.89:-6.71;-0.89:-6.71;-0.89:-6.71,-0.89:-6.71;-0.89:-6.71;-0.89:-6.71;-0.89:-6.71;-0.89:-6.71;-0.89:-6.71;-0.89:-6.71;-0.89:-6.71;-0.89:-6.71;-0.89:-6.71;-0.89:-6.71;-0.89:-6.71,-0.8980518:-6.710444;-0.9138551:-6.717575;-0.9048095:-6.703784;-0.9121914:-6.708163;-0.8971497:-6.7147;-0.9231352:-6.70898;-0.8840473:-6.710711;-0.8992009:-6.700154;-0.8884166:-6.715661;-0.8542893:-6.731216;-0.8522199:-6.731397;-0.8351615:-6.717412
sigma3_hotel_seed42,HOTEL:biwi_hotel:356:15990,HOTEL,biwi_hotel,biwi_hotel:356,15990,3,0.12499060481786728,0.06611066311597824,0.10307764261960983,0.1801164299249649,0.49032363295555115,4.796579837799072,0.875,0.53:-0.05;0.46:-0.03;0.47:0.14;0.47:0.24;0.47:0.18;0.47:0.16;0.47:0.12;0.46:0.08,0.51:0.01;0.52:0.01;0.52:0.01;0.52:0.01;0.52:0.01;0.52:0.01;0.52:0.01;0.52:0.01;0.43:0.04;0.42:0.04;0.34:0.02;0.29:0,0.4309318:0.07895134;0.4126412:0.06706524;0.4081548:0.09719637;0.4005136:0.06837991;0.3818676:0.08398221;0.3564007:0.08933757;0.3662621:0.05612045;0.3331726:0.04451702;0.3434727:0.05785659;0.3206425:0.05935571;0.3045714:0.06060588;0.2749108:0.06436564
sigma3_hotel_seed42,HOTEL:biwi_hotel:361:15990,HOTEL,biwi_hotel,biwi_hotel:361,15990,3,0.023230919614434242,0.055337175726890564,0.0,0.0,0.0,0.0,0.0,-0.89:-6.71;-0.89:-6.71;-0.89:-6.71;-0.89:-6.71;-0.89:-6.71;-0.89:-6.71;-0.89:-6.71;-0.89:-6.71,-0.89:-6.71;-0.89:-6.71;-0.89:-6.71;-0.89:-6.71;-0.89:-6.71;-0.89:-6.71;-0.89:-6.71;-0.89:-6.71;-0.89:-6.71;-0.89:-6.71;-0.89:-6.71;-0.89:-6.71,-0.8980518:-6.710444;-0.9138551:-6.717575;-0.9048095:-6.703784;-0.9121914:-6.708163;-0.8971497:-6.7147;-0.9231352:-6.70898;-0.8840473:-6.710711;-0.8992009:-6.700154;-0.8884166:-6.715661;-0.8542893:-6.731216;-0.8522199:-6.731397;-0.8351615:-6.717412
sigma3_hotel_seed42,HOTEL:biwi_hotel:356:16000,HOTEL,biwi_hotel,biwi_hotel:356,16000,3,0.27559441328048706,0.5872203707695007,0.2150581330060959,0.18483863770961761,0.3831174075603485,4.310555458068848,1.125,0.46:-0.03;0.47:0.14;0.47:0.24;0.47:0.18;0.47:0.16;0.47:0.12;0.46:0.08;0.51:0.01,0.52:0.01;0.52:0.01;0.52:0.01;0.52:0.01;0.52:0.01;0.52:0.01;0.52:0.01;0.43:0.04;0.42:0.04;0.34:0.02;0.29:0;0.31:0.1,0.5359085:0.0009787101;0.5734098:-0.003379131;0.622075:0.006597826;0.6569636:-0.008137802;0.6860048:0.0008685421;0.710721:-0.01040307;0.7494607:-0.02139682;0.7655365:-0.03468698;0.8162201:-0.02074831;0.8378265:-0.008137604;0.8622242:-0.03654652;0.8806142:-0.03866211
sigma3_hotel_seed42,HOTEL:biwi_hotel:361:16000,HOTEL,biwi_hotel,biwi_hotel:361,16000,3,0.023230919614434242,0.055337175726890564,0.0,0.0,0.0,0.0,0.0,-0.89:-6.71;-0.89:-6.71;-0.89:-6.71;-0.89:-6.71;-0.89:-6.71;-0.89:-6.71;-0.89:-6.71;-0.89:-6.71,-0.89:-6.71;-0.89:-6.71;-0.89:-6.71;-0.89:-6.71;-0.89:-6.71;-0.89:-6.71;-0.89:-6.71;-0.89:-6.71;-0.89:-6.71;-0.89:-6.71;-0.89:-6.71;-0.89:-6.71,-0.8980518:-6.710444;-0.9138551:-6.717575;-0.9048095:-6.703784;-0.9121914:-6.708163;-0.8971497:-6.7147;-0.9231352:-6.70898;-0.8840473:-6.710711;-0.8992009:-6.700154;-0.8884166:-6.715661;-0.8542893:-6.731216;-0.8522199:-6.731397;-0.8351615:-6.717412
sigma3_hotel_seed42,HOTEL:biwi_hotel:356:16010,HOTEL,biwi_hotel,biwi_hotel:356,16010,3,0.08346730470657349,0.2731490135192871,0.02500000037252903,0.1275908201932907,0.393442302942276,5.202346324920654,1.375,0.47:0.14;0.47:0.24;0.47:0.18;0.47:0.16;0.47:0.12;0.46:0.08;0.51:0.01;0.52:0.01,0.52:0.01;0.52:0.01;0.52:0.01;0.52:0.01;0.52:0.01;0.52:0.01;0.43:0.04;0.42:0.04;0.34:0.02;0.29:0;0.31:0.1;0.29:0.23,0.5083281:0.01042251;0.4956108:0.009916937;0.4766017:0.005266795;0.4592375:0.002833344;0.4549377:0.002984395;0.4435358:-0.003330296;0.4193959:-0.003045054;0.397286:-0.01601867;0.410888:-0.01816166;0.3954825:-0.02150538;0.3918735:-0.02753511;0.3640176:-0.03292922
sigma3_hotel_seed42,HOTEL:biwi_hotel:361:16010,HOTEL,biwi_hotel,biwi_hotel:361,16010,3,0.023230919614434242,0.055337175726890564,0.0,0.0,0.0,0.0,0.0,-0.89:-6.71;-0.89:-6.71;-0.89:-6.71;-0.89:-6.71;-0.89:-6.71;-0.89:-6.71;-0.89:-6.71;-0.89:-6.71,-0.89:-6.71;-0.89:-6.71;-0.89:-6.71;-0.89:-6.71;-0.89:-6.71;-0.89:-6.71;-0.89:-6.71;-0.89:-6.71;-0.89:-6.71;-0.89:-6.71;-0.89:-6.71;-0.89:-6.71,-0.8980518:-6.710444;-0.9138551:-6.717575;-0.9048095:-6.703784;-0.9121914:-6.708163;-0.8971497:-6.7147;-0.9231352:-6.70898;-0.8840473:-6.710711;-0.8992009:-6.700154;-0.8884166:-6.715661;-0.8542893:-6.731216;-0.8522199:-6.731397;-0.8351615:-6.717412
sigma3_hotel_seed42,HOTEL:biwi_hotel:362:16010,HOTEL,biwi_hotel,biwi_hotel:362,16010,3,3.8563709259033203,7.088853359222412,1.550201654434204,1.4279842376708984,0.397646963596344,0.5900446176528931,2.25,1.69:2.49;1.68:1.97;1.61:1.41;1.65:0.83;1.65:0.27;1.63:-0.28;1.68:-0.88;1.69:-1.5,1.76:-2.07;1.8:-2.67;1.78:-3.26;1.83:-3.81;1.89:-4.36;1.89:-4.93;1.92:-5.64;1.89:-6.26;1.87:-6.86;1.94:-7.47;1.98:-7.95;1.95:-8.6,1.75375:-1.552944;1.783784:-1.442011;1.786776:-1.659645;1.737686:-1.498545;1.692826:-1.494203;1.758757:-1.578472;1.428684:-1.454728;1.531284:-1.512083;1.411615:-1.304797;1.37456:-1.266129;1.380583:-1.454652;1.382986:-1.53386
sigma3_hotel_seed42,HOTEL:biwi_hotel:363:16010,HOTEL,biwi_hotel,biwi_hotel:363,16010,3,3.8973381519317627,7.1544599533081055,1.4826074838638306,1.407652497291565,0.313633531332016,0.4467974603176117,2.25,2.25:2.49;2.3:1.97;2.34:1.4;2.3:0.85;2.25:0.3;2.24:-0.27;2.21:-0.85;2.27:-1.44,2.35:-2;2.38:-2.6;2.47:-3.2;2.48:-3.78;2.47:-4.37;2.47:-4.98;2.42:-5.66;2.4:-6.23;2.47:-6.87;2.49:-7.56;2.57:-8.1;2.58:-8.65,2.381328:-1.492765;2.462858:-1.396182;2.526235:-1.594;2.536938:-1.45352;2.522573:-1.44935;2.630406:-1.515503;2.376978:-1.433433;2.528697:-1.491156;2.446465:-1.269193;2.446063:-1.245194;2.487573:-1.408461;2.520275:-1.495789
sigma3_hotel_seed42,HOTEL:biwi_hotel:356:16020,HOTEL,biwi_hotel,biwi_hotel:356,16020,3,0.0967024639248848,0.23104289174079895,0.0,0.09187653660774231,0.237192302942276,2.060753583908081,1.625,0.47:0.24;0.47:0.18;0.47:0.16;0.47:0.12;0.46:0.08;0.51:0.01;0.52:0.01;0.52:0.01,0.52:0.01;0.52:0.01;0.52:0.01;0.52:0.01;0.52:0.01;0.43:0.04;0.42:0.04;0.34:0.02;0.29:0;0.31:0.1;0.29:0.23;0.35:0.2,0.510177:0.01197115;0.4978959:0.01347939;0.471038:0.004966119;0.4579272:0.003445366;0.4538377:0.005700052;0.4527511:-0.002656018;0.4203343:0.002923416;0.4039675:-0.01608255;0.4198128:-0.01972017;0.4013466:-0.02181151;0.403508:-0.02226751;0.379075:-0.02920616
sigma3_hotel_seed42,HOTEL:biwi_hotel:361:16020,HOTEL,biwi_hotel,biwi_hotel:361,16020,3,0.023230919614434242,0.055337175726890564,0.0,0.0,0.0,0.0,0.0,-0.89:-6.71;-0.89:-6.71;-0.89:-6.71;-0.89:-6.71;-0.89:-6.71;-0.89:-6.71;-0.89:-6.71;-0.89:-6.71,-0.89:-6.71;-0.89:-6.71;-0.89:-6.71;-0.89:-6.71;-0.89:-6.71;-0.89:-6.71;-0.89:-6.71;-0.89:-6.71;-0.89:-6.71;-0.89:-6.71;-0.89:-6.71;-0.89:-6.71,-0.8980518:-6.710444;-0.9138551:-6.717575;-0.9048095:-6.703784;-0.9121914:-6.708163;-0.8971497:-6.7147;-0.9231352:-6.70898;-0.8840473:-6.710711;-0.8992009:-6.700154;-0.8884166:-6.715661;-0.8542893:-6.731216;-0.8522199:-6.731397;-0.8351615:-6.717412
sigma3_hotel_seed42,HOTEL:biwi_hotel:362:16020,HOTEL,biwi_hotel,biwi_hotel:362,16020,3,3.86627459526062,7.143856525421143,1.4357054233551025,1.4473363161087036,0.403888076543808,0.5909855961799622,2.25,1.68:1.97;1.61:1.41;1.65:0.83;1.65:0.27;1.63:-0.28;1.68:-0.88;1.69:-1.5;1.76:-2.07,1.8:-2.67;1.78:-3.26;1.83:-3.81;1.89:-4.36;1.89:-4.93;1.92:-5.64;1.89:-6.26;1.87:-6.86;1.94:-7.47;1.98:-7.95;1.95:-8.6;1.93:-9.25,1.837697:-2.119745;1.882247:-2.023794;1.914901:-2.216024;1.895124:-2.074354;1.859265:-2.073647;1.929971:-2.141884;1.657508:-2.050708;1.775282:-2.103249;1.670809:-1.892528;1.65661:-1.865424;1.665269:-2.033767;1.680689:-2.110495
sigma3_hotel_seed42,HOTEL:biwi_hotel:363:16020,HOTEL,biwi_hotel,biwi_hotel:363,16020,3,3.940201997756958,7.1881818771362305,1.4142135381698608,1.423112154006958,0.2980765700340271,0.46154946088790894,2.25,2.3:1.97;2.34:1.4;2.3:0.85;2.25:0.3;2.24:-0.27;2.21:-0.85;2.27:-1.44;2.35:-2,2.38:-2.6;2.47:-3.2;2.48:-3.78;2.47:-4.37;2.47:-4.98;2.42:-5.66;2.4:-6.23;2.47:-6.87;2.49:-7.56;2.57:-8.1;2.58:-8.65;2.57:-9.24,2.452216:-2.049146;2.523229:-1.962416;2.589056:-2.141095;2.602096:-2.012365;2.582007:-2.012285;2.673108:-2.069319;2.44611:-2.003108;2.589344:-2.05506;2.504927:-1.836986;2.511613:-1.818632;2.537351:-1.971705;2.569132:-2.051818
sigma3_hotel_seed42,HOTEL:biwi_hotel:356:16030,HOTEL,biwi_hotel,biwi_hotel:356,16030,3,0.1509924978017807,0.5031258463859558,0.0,0.07044796645641327,0.1955256462097168,2.060753583908081,1.875,0.47:0.18;0.47:0.16;0.47:0.12;0.46:0.08;0.51:0.01;0.52:0.01;0.52:0.01;0.52:0.01,0.52:0.01;0.52:0.01;0.52:0.01;0.52:0.01;0.43:0.04;0.42:0.04;0.34:0.02;0.29:0;0.31:0.1;0.29:0.23;0.35:0.2;0.18:0.38,0.5183561:0.01166305;0.5121949:0.01309869;0.4949408:0.002536314;0.4857495:0.004028102;0.4893771:0.002344463;0.4894842:-0.00802449;0.4689561:-0.0003911369;0.457649:-0.01557413;0.4789842:-0.01735591;0.473721:-0.02456256;0.4807793:-0.02904925;0.4626121:-0.03625231
sigma3_hotel_seed42,HOTEL:biwi_hotel:361:16030,HOTEL,biwi_hotel,biwi_hotel:361,16030,3,0.023230919614434242,0.055337175726890564,0.0,0.0,0.0,0.0,0.0,-0.89:-6.71;-0.89:-6.71;-0.89:-6.71;-0.89:-6.71;-0.89:-6.71;-0.89:-6.71;-0.89:-6.71;-0.89:-6.71,-0.89:-6.71;-0.89:-6.71;-0.89:-6.71;-0.89:-6.71;-0.89:-6.71;-0.89:-6.71;-0.89:-6.71;-0.89:-6.71;-0.89:-6.71;-0.89:-6.71;-0.89:-6.71;-0.89:-6.71,-0.8980518:-6.710444;-0.9138551:-6.717575;-0.9048095:-6.703784;-0.9121914:-6.708163;-0.8971497:-6.7147;-0.9231352:-6.70898;-0.8840473:-6.710711;-0.8992009:-6.700154;-0.8884166:-6.715661;-0.8542893:-6.731216;-0.8522199:-6.731397;-0.8351615:-6.717412
sigma3_hotel_seed42,HOTEL:biwi_hotel:362:16030,HOTEL,biwi_hotel,biwi_hotel:362,16030,3,3.8738906383514404,7.215272426605225,1.5033296346664429,1.4605412483215332,0.33162036538124084,0.453401118516922,2.25,1.61:1.41;1.65:0.83;1.65:0.27;1.63:-0.28;1.68:-0.88;1.69:-1.5;1.76:-2.07;1.8:-2.67,1.78:-3.26;1.83:-3.81;1.89:-4.36;1.89:-4.93;1.92:-5.64;1.89:-6.26;1.87:-6.86;1.94:-7.47;1.98:-7.95;1.95:-8.6;1.93:-9.25;1.94:-9.92,1.876348:-2.721442;1.919756:-2.619324;1.944314:-2.822585;1.916543:-2.673191;1.879804:-2.670536;1.953364:-2.744999;1.659945:-2.641777;1.775917:-2.69696;1.668144:-2.486216;1.646408:-2.454797;1.658255:-2.630652;1.670623:-2.709758
sigma3_hotel_seed42,HOTEL:biwi_hotel:363:16030,HOTEL,biwi_hotel,biwi_hotel:363,16030,3,3.9772021770477295,7.2795915603637695,1.5018738508224487,1.433593511581421,0.27887776494026184,0.4108280837535858,2.25,2.34:1.4;2.3:0.85;2.25:0.3;2.24:-0.27;2.21:-0.85;2.27:-1.44;2.35:-2;2.38:-2.6,2.47:-3.2;2.48:-3.78;2.47:-4.37;2.47:-4.98;2.42:-5.66;2.4:-6.23;2.47:-6.87;2.49:-7.56;2.57:-8.1;2.58:-8.65;2.57:-9.24;2.62:-9.88,2.431955:-2.650815;2.448848:-2.543897;2.445316:-2.752648;2.389691:-2.595907;2.337379:-2.59394;2.387754:-2.675092;2.063391:-2.555377;2.154382:-2.609264;2.028466:-2.406318;1.990753:-2.369058;1.982677:-2.554736;1.980541:-2.628549
sigma3_hotel_seed42,HOTEL:biwi_hotel:356:16040,HOTEL,biwi_hotel,biwi_hotel:356,16040,3,0.16423118114471436,0.38745051622390747,0.0,0.06330510973930359,0.174692302942276,2.060753583908081,2.0,0.47:0.16;0.47:0.12;0.46:0.08;0.51:0.01;0.52:0.01;0.52:0.01;0.52:0.01;0.52:0.01,0.52:0.01;0.52:0.01;0.52:0.01;0.43:0.04;0.42:0.04;0.34:0.02;0.29:0;0.31:0.1;0.29:0.23;0.35:0.2;0.18:0.38;0.24:0.32,0.5114769:0.01161247;0.4992428:0.01293684;0.4760954:0.004034849;0.4619794:0.004239229;0.4608845:0.004055379;0.4565586:-0.005111298;0.430802:0.002163352;0.4140157:-0.01414997;0.4313402:-0.01837594;0.419761:-0.02322751;0.4223158:-0.02601983;0.4008676:-0.03247627
sigma3_hotel_seed42,HOTEL:biwi_hotel:361:16040,HOTEL,biwi_hotel,biwi_hotel:361,16040,3,0.023230919614434242,0.055337175726890564,0.0,0.0,0.0,0.0,0.0,-0.89:-6.71;-0.89:-6.71;-0.89:-6.71;-0.89:-6.71;-0.89:-6.71;-0.89:-6.71;-0.89:-6.71;-0.89:-6.71,-0.89:-6.71;-0.89:-6.71;-0.89:-6.71;-0.89:-6.71;-0.89:-6.71;-0.89:-6.71;-0.89:-6.71;-0.89:-6.71;-0.89:-6.71;-0.89:-6.71;-0.89:-6.71;-0.89:-6.71,-0.8980518:-6.710444;-0.9138551:-6.717575;-0.9048095:-6.703784;-0.9121914:-6.708163;-0.8971497:-6.7147;-0.9231352:-6.70898;-0.8840473:-6.710711;-0.8992009:-6.700154;-0.8884166:-6.715661;-0.8542893:-6.731216;-0.8522199:-6.731397;-0.8351615:-6.717412
sigma3_hotel_seed42,HOTEL:biwi_hotel:365:16040,HOTEL,biwi_hotel,biwi_hotel:365,16040,3,4.12794303894043,7.763315677642822,1.4008926153182983,1.3351647853851318,0.37830862402915955,0.3850070536136627,1.75,1.28:4;1.33:3.54;1.41:2.98;1.54:2.5;1.65:1.96;1.75:1.41;1.8:0.87;1.82:0.31,2.08:-0.3;1.94:-0.93;1.96:-1.55;1.95:-2.17;1.93:-2.78;1.95:-3.42;1.94:-4.05;1.98:-4.71;1.99:-5.37;2.01:-6.01;2.04:-6.69;1.91:-7.47,1.871769:0.2621317;1.887928:0.3589625;1.895434:0.1685894;1.850672:0.3127865;1.798324:0.311418;1.841508:0.2403145;1.54993:0.3410133;1.641469:0.2917298;1.519407:0.4937684;1.49292:0.5242697;1.477453:0.3505689;1.479117:0.2813491
sigma3_hotel_seed42,HOTEL:biwi_hotel:366:16040,HOTEL,biwi_hotel,biwi_hotel:366,16040,3,3.956169843673706,7.607609272003174,1.7467827796936035,1.4523183107376099,0.5116938352584839,0.30524230003356934,1.625,0.64:4.11;0.78:3.58;0.83:3.07;0.88:2.46;0.97:1.89;1.06:1.38;1.17:0.79;1.28:0.1,1.22:-0.37;1.25:-0.98;1.27:-1.56;1.25:-2.11;1.22:-2.81;1.19:-3.36;1.18:-4.01;1.16:-4.67;1.18:-5.48;1.23:-5.95;1.24:-6.82;1.25:-7.55,1.4613:0.03940312;1.617205:0.1537177;1.722262:-0.08735379;1.77693:0.07561684;1.803583:0.08506513;1.991552:0.001263298;1.722275:0.1008023;1.940455:0.03118356;1.893404:0.2830555;1.909922:0.3072847;2.020366:0.1251193;2.077522:0.01246839
sigma3_hotel_seed42,HOTEL:biwi_hotel:356:16050,HOTEL,biwi_hotel,biwi_hotel:356,16050,3,0.23869091272354126,0.3296385705471039,0.0,0.04901939630508423,0.1642756462097168,1.8157750368118286,2.0,0.47:0.12;0.46:0.08;0.51:0.01;0.52:0.01;0.52:0.01;0.52:0.01;0.52:0.01;0.52:0.01,0.52:0.01;0.52:0.01;0.43:0.04;0.42:0.04;0.34:0.02;0.29:0;0.31:0.1;0.29:0.23;0.35:0.2;0.18:0.38;0.24:0.32;0.27:0.14,0.5275683:0.01173081;0.5295398:0.01331546;0.5201775:0.0005295146;0.5175813:0.003745398;0.5275329:5.328283e-05;0.5335766:-0.01192569;0.5200502:-0.003811972;0.5160806:-0.01748126;0.5427868:-0.01598986;0.5459814:-0.02635035;0.559071:-0.03310609;0.5452974:-0.04130896
sigma3_hotel_seed42,HOTEL:biwi_hotel:361:16050,HOTEL,biwi_hotel,biwi_hotel:361,16050,3,0.023230919614434242,0.055337175726890564,0.0,0.0,0.0,0.0,0.0,-0.89:-6.71;-0.89:-6.71;-0.89:-6.71;-0.89:-6.71;-0.89:-6.71;-0.89:-6.71;-0.89:-6.71;-0.89:-6.71,-0.89:-6.71;-0.89:-6.71;-0.89:-6.71;-0.89:-6.71;-0.89:-6.71;-0.89:-6.71;-0.89:-6.71;-0.89:-6.71;-0.89:-6.71;-0.89:-6.71;-0.89:-6.71;-0.89:-6.71,-0.8980518:-6.710444;-0.9138551:-6.717575;-0.9048095:-6.703784;-0.9121914:-6.708163;-0.8971497:-6.7147;-0.9231352:-6.70898;-0.8840473:-6.710711;-0.8992009:-6.700154;-0.8884166:-6.715661;-0.8542893:-6.731216;-0.8522199:-6.731397;-0.8351615:-6.717412
sigma3_hotel_seed42,HOTEL:biwi_hotel:365:16050,HOTEL,biwi_hotel,biwi_hotel:365,16050,3,4.344282150268555,7.987984657287598,1.6577469110488892,1.4067323207855225,0.5249231457710266,0.7185930609703064,1.875,1.33:3.54;1.41:2.98;1.54:2.5;1.65:1.96;1.75:1.41;1.8:0.87;1.82:0.31;2.08:-0.3,1.94:-0.93;1.96:-1.55;1.95:-2.17;1.93:-2.78;1.95:-3.42;1.94:-4.05;1.98:-4.71;1.99:-5.37;2.01:-6.01;2.04:-6.69;1.91:-7.47;1.95:-8.11,2.374487:-0.3534358;2.647318:-0.2796825;2.897069:-0.4645391;3.098659:-0.3518693;3.192727:-0.3558684;3.463194:-0.3985693;3.394254:-0.4021499;3.725168:-0.4602338;3.762862:-0.1665056;3.88373:-0.1879637;4.05738:-0.3172705;4.181361:-0.4399977
sigma3_hotel_seed42,HOTEL:biwi_hotel:366:16050,HOTEL,biwi_hotel,biwi_hotel:366,16050,3,4.386409282684326,8.279075622558594,1.1845357418060303,1.4257595539093018,0.7052702307701111,0.4297797679901123,1.75,0.78:3.58;0.83:3.07;0.88:2.46;0.97:1.89;1.06:1.38;1.17:0.79;1.28:0.1;1.22:-0.37,1.25:-0.98;1.27:-1.56;1.25:-2.11;1.22:-2.81;1.19:-3.36;1.18:-4.01;1.16:-4.67;1.18:-5.48;1.23:-5.95;1.24:-6.82;1.25:-7.55;1.19:-8.18,1.020399:-0.3900935;0.8117371:-0.3271055;0.6389222:-0.3928041;0.4317567:-0.3248027;0.2063781:-0.296572;0.01516569:-0.3161117;-0.3356382:-0.2828911;-0.4517915:-0.3098513;-0.7029357:-0.1564279;-0.8765602:-0.1056714;-1.06945:-0.2235707;-1.195379:-0.2520085
sigma3_hotel_seed42,HOTEL:biwi_hotel:356:16060,HOTEL,biwi_hotel,biwi_hotel:356,16060,3,0.22791211307048798,0.21585486829280853,0.0,0.034294020384550095,0.09439852088689804,0.9505468606948853,2.0,0.46:0.08;0.51:0.01;0.52:0.01;0.52:0.01;0.52:0.01;0.52:0.01;0.52:0.01;0.52:0.01,0.52:0.01;0.43:0.04;0.42:0.04;0.34:0.02;0.29:0;0.31:0.1;0.29:0.23;0.35:0.2;0.18:0.38;0.24:0.32;0.27:0.14;0.33:0.1,0.5205977:0.01132991;0.5150001:0.0139338;0.5001364:0.001248175;0.4922512:0.007937577;0.4987562:0.003244324;0.4991997:-0.006810179;0.488475:0.006562863;0.4812251:-0.002326434;0.49817:-0.007467682;0.502297:-0.01871594;0.5129593:-0.0204463;0.5055119:-0.02565392
sigma3_hotel_seed42,HOTEL:biwi_hotel:361:16060,HOTEL,biwi_hotel,biwi_hotel:361,16060,3,0.023230919614434242,0.055337175726890564,0.0,0.0,0.0,0.0,0.0,-0.89:-6.71;-0.89:-6.71;-0.89:-6.71;-0.89:-6.71;-0.89:-6.71;-0.89:-6.71;-0.89:-6.71;-0.89:-6.71,-0.89:-6.71;-0.89:-6.71;-0.89:-6.71;-0.89:-6.71;-0.89:-6.71;-0.89:-6.71;-0.89:-6.71;-0.89:-6.71;-0.89:-6.71;-0.89:-6.71;-0.89:-6.71;-0.89:-6.71,-0.8980518:-6.710444;-0.9138551:-6.717575;-0.9048095:-6.703784;-0.9121914:-6.708163;-0.8971497:-6.7147;-0.9231352:-6.70898;-0.8840473:-6.710711;-0.8992009:-6.700154;-0.8884166:-6.715661;-0.8542893:-6.731216;-0.8522199:-6.731397;-0.8351615:-6.717412
sigma3_hotel_seed42,HOTEL:biwi_hotel:365:16060,HOTEL,biwi_hotel,biwi_hotel:365,16060,3,4.578872203826904,8.463274955749512,1.6134202480316162,1.4351904392242432,0.843839704990387,1.2175822257995605,2.0,1.41:2.98;1.54:2.5;1.65:1.96;1.75:1.41;1.8:0.87;1.82:0.31;2.08:-0.3;1.94:-0.93,1.96:-1.55;1.95:-2.17;1.93:-2.78;1.95:-3.42;1.94:-4.05;1.98:-4.71;1.99:-5.37;2.01:-6.01;2.04:-6.69;1.91:-7.47;1.95:-8.11;1.95:-8.75,1.722457:-0.9639685;1.497315:-0.8488454;1.251129:-1.008486;0.9717394:-0.8715515;0.7307045:-0.8321494;0.5534316:-0.9070195;0.02353847:-0.7691383;-0.1131797:-0.8152586;-0.399843:-0.6587662;-0.6372261:-0.5729681;-0.8161998:-0.7589626;-0.9721427:-0.807198
sigma3_hotel_seed42,HOTEL:biwi_hotel:366:16060,HOTEL,biwi_hotel,biwi_hotel:366,16060,3,4.158192157745361,7.911057949066162,1.5268431901931763,1.4608638286590576,0.7744714617729187,0.5899507403373718,1.875,0.83:3.07;0.88:2.46;0.97:1.89;1.06:1.38;1.17:0.79;1.28:0.1;1.22:-0.37;1.25:-0.98,1.27:-1.56;1.25:-2.11;1.22:-2.81;1.19:-3.36;1.18:-4.01;1.16:-4.67;1.18:-5.48;1.23:-5.95;1.24:-6.82;1.25:-7.55;1.19:-8.18;1.15:-8.93,1.325302:-1.0325;1.367809:-0.9266474;1.387302:-1.136525;1.354486:-0.9825248;1.317152:-0.978578;1.392332:-1.056734;1.086096:-0.9462227;1.200778:-1.003082;1.090941:-0.7925197;1.064435:-0.7583848;1.078193:-0.9386618;1.088681:-1.019181
sigma3_hotel_seed42,HOTEL:biwi_hotel:356:16070,HOTEL,biwi_hotel,biwi_hotel:356,16070,3,0.2720734775066376,0.41316187381744385,0.0,0.0035714285913854837,0.010416666977107525,0.0,1.875,0.51:0.01;0.52:0.01;0.52:0.01;0.52:0.01;0.52:0.01;0.52:0.01;0.52:0.01;0.52:0.01,0.43:0.04;0.42:0.04;0.34:0.02;0.29:0;0.31:0.1;0.29:0.23;0.35:0.2;0.18:0.38;0.24:0.32;0.27:0.14;0.33:0.1;0.21:0.16,0.5134599:0.009801531;0.4971532:0.003834007;0.5041669:0.01460921;0.4973649:0.01287451;0.514474:0.005721131;0.4912513:0.007780993;0.5309567:0.01176645;0.5167192:0.02166986;0.5295162:0.005070364;0.5668868:-0.01210586;0.5719223:-0.01197469;0.591855:0.002236003
sigma3_hotel_seed42,HOTEL:biwi_hotel:361:16070,HOTEL,biwi_hotel,biwi_hotel:361,16070,3,0.02569371461868286,0.0848907083272934,0.0,0.0,0.0,0.0,0.0,-0.89:-6.71;-0.89:-6.71;-0.89:-6.71;-0.89:-6.71;-0.89:-6.71;-0.89:-6.71;-0.89:-6.71;-0.89:-6.71,-0.89:-6.71;-0.89:-6.71;-0.89:-6.71;-0.89:-6.71;-0.89:-6.71;-0.89:-6.71;-0.89:-6.71;-0.89:-6.71;-0.89:-6.71;-0.89:-6.71;-0.89:-6.71;-0.87:-6.64,-0.8980518:-6.710444;-0.9138551:-6.717575;-0.9048095:-6.703784;-0.9121914:-6.708163;-0.8971497:-6.7147;-0.9231352:-6.70898;-0.8840473:-6.710711;-0.8992009:-6.700154;-0.8884166:-6.715661;-0.8542893:-6.731216;-0.8522199:-6.731397;-0.8351615:-6.717412
sigma3_hotel_seed42,HOTEL:biwi_hotel:365:16070,HOTEL,biwi_hotel,biwi_hotel:365,16070,3,4.230696678161621,7.886083126068115,1.5508062839508057,1.479129672050476,0.9449507594108582,1.4049639701843262,2.0,1.54:2.5;1.65:1.96;1.75:1.41;1.8:0.87;1.82:0.31;2.08:-0.3;1.94:-0.93;1.96:-1.55,1.95:-2.17;1.93:-2.78;1.95:-3.42;1.94:-4.05;1.98:-4.71;1.99:-5.37;2.01:-6.01;2.04:-6.69;1.91:-7.47;1.95:-8.11;1.95:-8.75;1.88:-9.46,2.017627:-1.604582;2.041308:-1.48615;2.030217:-1.716637;1.967243:-1.545801;1.918367:-1.539652;1.982743:-1.631945;1.624358:-1.492107;1.720208:-1.551919;1.593442:-1.345981;1.545394:-1.301671;1.55078:-1.500268;1.547051:-1.580949
sigma3_hotel_seed42,HOTEL:biwi_hotel:366:16070,HOTEL,biwi_hotel,biwi_hotel:366,16070,3,4.244806289672852,7.980703830718994,1.4508618116378784,1.4495420455932617,0.7484862804412842,0.5298048853874207,2.0,0.88:2.46;0.97:1.89;1.06:1.38;1.17:0.79;1.28:0.1;1.22:-0.37;1.25:-0.98;1.27:-1.56,1.25:-2.11;1.22:-2.81;1.19:-3.36;1.18:-4.01;1.16:-4.67;1.18:-5.48;1.23:-5.95;1.24:-6.82;1.25:-7.55;1.19:-8.18;1.15:-8.93;1.24:-9.59,1.371903:-1.611748;1.442997:-1.515716;1.498113:-1.711328;1.500672:-1.570875;1.480181:-1.567967;1.57717:-1.634451;1.319605:-1.550441;1.461799:-1.606405;1.37337:-1.387473;1.369657:-1.362954;1.401438:-1.527409;1.42933:-1.611543
sigma3_hotel_seed42,HOTEL:biwi_hotel:356:16080,HOTEL,biwi_hotel,biwi_hotel:356,16080,3,0.4354572296142578,0.824734628200531,0.23717083036899567,0.033881545066833496,0.09882117807865143,0.0,1.625,0.52:0.01;0.52:0.01;0.52:0.01;0.52:0.01;0.52:0.01;0.52:0.01;0.52:0.01;0.43:0.04,0.42:0.04;0.34:0.02;0.29:0;0.31:0.1;0.29:0.23;0.35:0.2;0.18:0.38;0.24:0.32;0.27:0.14;0.33:0.1;0.21:0.16;0.23:0.15,0.3238269:0.03550463;0.2399063:0.02436298;0.1764286:0.06575979;0.09752473:0.03426176;0.01192224:0.05838466;-0.08319002:0.06966516;-0.1344503:0.03471639;-0.2448405:0.02985131;-0.3033974:0.02777303;-0.4080397:0.05708251;-0.4978777:0.0531837;-0.5906113:0.06763303
sigma3_hotel_seed42,HOTEL:biwi_hotel:361:16080,HOTEL,biwi_hotel,biwi_hotel:361,16080,3,0.02932898700237274,0.07882190495729446,0.0,0.0,0.0,0.0,0.0,-0.89:-6.71;-0.89:-6.71;-0.89:-6.71;-0.89:-6.71;-0.89:-6.71;-0.89:-6.71;-0.89:-6.71;-0.89:-6.71,-0.89:-6.71;-0.89:-6.71;-0.89:-6.71;-0.89:-6.71;-0.89:-6.71;-0.89:-6.71;-0.89:-6.71;-0.89:-6.71;-0.89:-6.71;-0.89:-6.71;-0.87:-6.64;-0.85:-6.64,-0.8980518:-6.710444;-0.9138551:-6.717575;-0.9048095:-6.703784;-0.9121914:-6.708163;-0.8971497:-6.7147;-0.9231352:-6.70898;-0.8840473:-6.710711;-0.8992009:-6.700154;-0.8884166:-6.715661;-0.8542893:-6.731216;-0.8522199:-6.731397;-0.8351615:-6.717412
sigma3_hotel_seed42,HOTEL:biwi_hotel:356:16090,HOTEL,biwi_hotel,biwi_hotel:356,16090,3,0.15827077627182007,0.16731078922748566,0.02500000037252903,0.037452973425388336,0.18782120943069458,0.32175055146217346,1.375,0.52:0.01;0.52:0.01;0.52:0.01;0.52:0.01;0.52:0.01;0.52:0.01;0.43:0.04;0.42:0.04,0.34:0.02;0.29:0;0.31:0.1;0.29:0.23;0.35:0.2;0.18:0.38;0.24:0.32;0.27:0.14;0.33:0.1;0.21:0.16;0.23:0.15;0.22:0.19,0.3947823:0.03812802;0.3699827:0.02866125;0.3687419:0.05094029;0.3510927:0.03695288;0.3492151:0.03841311;0.3137648:0.0505057;0.3320301:0.03449087;0.3014072:0.04026818;0.3015075:0.02634767;0.305944:0.0218694;0.2927028:0.02330208;0.2876146:0.03696025
sigma3_hotel_seed42,HOTEL:biwi_hotel:361:16090,HOTEL,biwi_hotel,biwi_hotel:361,16090,3,0.030286291614174843,0.040974363684654236,0.0,0.0,0.0,0.0,0.0,-0.89:-6.71;-0.89:-6.71;-0.89:-6.71;-0.89:-6.71;-0.89:-6.71;-0.89:-6.71;-0.89:-6.71;-0.89:-6.71,-0.89:-6.71;-0.89:-6.71;-0.89:-6.71;-0.89:-6.71;-0.89:-6.71;-0.89:-6.71;-0.89:-6.71;-0.89:-6.71;-0.89:-6.71;-0.87:-6.64;-0.85:-6.64;-0.86:-6.75,-0.8980518:-6.710444;-0.9138551:-6.717575;-0.9048095:-6.703784;-0.9121914:-6.708163;-0.8971497:-6.7147;-0.9231352:-6.70898;-0.8840473:-6.710711;-0.8992009:-6.700154;-0.8884166:-6.715661;-0.8542893:-6.731216;-0.8522199:-6.731397;-0.8351615:-6.717412
sigma3_hotel_seed42,HOTEL:biwi_hotel:356:16100,HOTEL,biwi_hotel,biwi_hotel:356,16100,3,0.3938651382923126,0.6688019037246704,0.20615528523921967,0.0669037327170372,0.2636556923389435,0.5667291879653931,1.125,0.52:0.01;0.52:0.01;0.52:0.01;0.52:0.01;0.52:0.01;0.43:0.04;0.42:0.04;0.34:0.02,0.29:0;0.31:0.1;0.29:0.23;0.35:0.2;0.18:0.38;0.24:0.32;0.27:0.14;0.33:0.1;0.21:0.16;0.23:0.15;0.22:0.19;0.22:0.14,0.2479689:0.01195434;0.1810706:-0.009279713;0.1574632:0.0505867;0.08995709:0.004495809;0.03658149:0.02571284;-0.06298661:0.05730346;-0.08007061:-0.003047319;-0.1816001:0.0009639785;-0.2166758:-0.01525607;-0.2899813:0.01164597;-0.3659399:0.004369769;-0.4388727:0.02518361
sigma3_hotel_seed42,HOTEL:biwi_hotel:361:16100,HOTEL,biwi_hotel,biwi_hotel:361,16100,3,0.03643714264035225,0.11529477685689926,0.0,0.0,0.0,0.0,0.0,-0.89:-6.71;-0.89:-6.71;-0.89:-6.71;-0.89:-6.71;-0.89:-6.71;-0.89:-6.71;-0.89:-6.71;-0.89:-6.71,-0.89:-6.71;-0.89:-6.71;-0.89:-6.71;-0.89:-6.71;-0.89:-6.71;-0.89:-6.71;-0.89:-6.71;-0.89:-6.71;-0.87:-6.64;-0.85:-6.64;-0.86:-6.75;-0.86:-6.83,-0.8980518:-6.710444;-0.9138551:-6.717575;-0.9048095:-6.703784;-0.9121914:-6.708163;-0.8971497:-6.7147;-0.9231352:-6.70898;-0.8840473:-6.710711;-0.8992009:-6.700154;-0.8884166:-6.715661;-0.8542893:-6.731216;-0.8522199:-6.731397;-0.8351615:-6.717412
sigma3_hotel_seed42,HOTEL:biwi_hotel:356:16110,HOTEL,biwi_hotel,biwi_hotel:356,16110,3,0.43773746490478516,0.6975531578063965,0.13462911546230316,0.08613646030426025,0.2949056923389435,0.7022569179534912,1.0,0.52:0.01;0.52:0.01;0.52:0.01;0.52:0.01;0.43:0.04;0.42:0.04;0.34:0.02;0.29:0,0.31:0.1;0.29:0.23;0.35:0.2;0.18:0.38;0.24:0.32;0.27:0.14;0.33:0.1;0.21:0.16;0.23:0.15;0.22:0.19;0.22:0.14;0.22:0.15,0.2075727:-0.006398577;0.145964:-0.02164166;0.1129848:0.02210383;0.04852563:-0.01350944;-0.003374994:0.00527478;-0.08795306:0.02451368;-0.1189902:-0.01887432;-0.2126687:-0.0207493;-0.2436828:-0.03341834;-0.3181886:-0.00843329;-0.3864555:-0.01813483;-0.4605896:-0.002899215
sigma3_hotel_seed42,HOTEL:biwi_hotel:361:16110,HOTEL,biwi_hotel,biwi_hotel:361,16110,3,0.04605427756905556,0.16326335072517395,0.0,0.0,0.0,0.0,0.0,-0.89:-6.71;-0.89:-6.71;-0.89:-6.71;-0.89:-6.71;-0.89:-6.71;-0.89:-6.71;-0.89:-6.71;-0.89:-6.71,-0.89:-6.71;-0.89:-6.71;-0.89:-6.71;-0.89:-6.71;-0.89:-6.71;-0.89:-6.71;-0.89:-6.71;-0.87:-6.64;-0.85:-6.64;-0.86:-6.75;-0.86:-6.83;-0.85:-6.88,-0.8980518:-6.710444;-0.9138551:-6.717575;-0.9048095:-6.703784;-0.9121914:-6.708163;-0.8971497:-6.7147;-0.9231352:-6.70898;-0.8840473:-6.710711;-0.8992009:-6.700154;-0.8884166:-6.715661;-0.8542893:-6.731216;-0.8522199:-6.731397;-0.8351615:-6.717412
sigma3_hotel_seed42,HOTEL:biwi_hotel:356:16120,HOTEL,biwi_hotel,biwi_hotel:356,16120,3,0.35599470138549805,0.5190884470939636,0.25495097041130066,0.12255802750587463,0.43961864709854126,2.8509552478790283,0.875,0.52:0.01;0.52:0.01;0.52:0.01;0.43:0.04;0.42:0.04;0.34:0.02;0.29:0;0.31:0.1,0.29:0.23;0.35:0.2;0.18:0.38;0.24:0.32;0.27:0.14;0.33:0.1;0.21:0.16;0.23:0.15;0.22:0.19;0.22:0.14;0.22:0.15;0.24:0.13,0.3474223:0.08728013;0.3954508:0.08957331;0.4538454:0.08473041;0.4925543:0.0869399;0.5245322:0.0891005;0.5583817:0.06732061;0.5934218:0.06947587;0.6232514:0.06699216;0.665351:0.08495696;0.6949808:0.1007651;0.7248117:0.05928472;0.753168:0.05182407
sigma3_hotel_seed42,HOTEL:biwi_hotel:361:16120,HOTEL,biwi_hotel,biwi_hotel:361,16120,3,0.05673893913626671,0.12579290568828583,0.0,0.0,0.0,0.0,0.0,-0.89:-6.71;-0.89:-6.71;-0.89:-6.71;-0.89:-6.71;-0.89:-6.71;-0.89:-6.71;-0.89:-6.71;-0.89:-6.71,-0.89:-6.71;-0.89:-6.71;-0.89:-6.71;-0.89:-6.71;-0.89:-6.71;-0.89:-6.71;-0.87:-6.64;-0.85:-6.64;-0.86:-6.75;-0.86:-6.83;-0.85:-6.88;-0.71:-6.73,-0.8980518:-6.710444;-0.9138551:-6.717575;-0.9048095:-6.703784;-0.9121914:-6.708163;-0.8971497:-6.7147;-0.9231352:-6.70898;-0.8840473:-6.710711;-0.8992009:-6.700154;-0.8884166:-6.715661;-0.8542893:-6.731216;-0.8522199:-6.731397;-0.8351615:-6.717412
sigma3_hotel_seed42,HOTEL:biwi_hotel:369:16120,HOTEL,biwi_hotel,biwi_hotel:369,16120,3,0.02323094569146633,0.055337175726890564,0.0,0.0,0.0,0.0,1.25,-0.59:2.83;-0.59:2.83;-0.59:2.83;-0.59:2.83;-0.59:2.83;-0.59:2.83;-0.59:2.83;-0.59:2.83,-0.59:2.83;-0.59:2.83;-0.59:2.83;-0.59:2.83;-0.59:2.83;-0.59:2.83;-0.59:2.83;-0.59:2.83;-0.59:2.83;-0.59:2.83;-0.59:2.83;-0.59:2.83,-0.5980518:2.829555;-0.6138551:2.822425;-0.6048095:2.836215;-0.6121914:2.831837;-0.5971497:2.8253;-0.6231352:2.831021;-0.5840473:2.829289;-0.5992008:2.839846;-0.5884166:2.824339;-0.5542893:2.808784;-0.5522199:2.808603;-0.5351615:2.822587
sigma3_hotel_seed42,HOTEL:biwi_hotel:371:16120,HOTEL,biwi_hotel,biwi_hotel:371,16120,3,0.02323094569146633,0.055337175726890564,0.0,0.0,0.0,0.0,1.125,-0.66:3.35;-0.66:3.35;-0.66:3.35;-0.66:3.35;-0.66:3.35;-0.66:3.35;-0.66:3.35;-0.66:3.35,-0.66:3.35;-0.66:3.35;-0.66:3.35;-0.66:3.35;-0.66:3.35;-0.66:3.35;-0.66:3.35;-0.66:3.35;-0.66:3.35;-0.66:3.35;-0.66:3.35;-0.66:3.35,-0.6680518:3.349555;-0.6838552:3.342425;-0.6748096:3.356215;-0.6821914:3.351837;-0.6671497:3.3453;-0.6931353:3.351021;-0.6540474:3.349289;-0.6692009:3.359846;-0.6584167:3.344339;-0.6242893:3.328784;-0.6222199:3.328603;-0.6051615:3.342587
sigma3_hotel_seed42,HOTEL:biwi_hotel:356:16130,HOTEL,biwi_hotel,biwi_hotel:356,16130,3,0.34961843490600586,0.6326237320899963,0.32882365584373474,0.16953283548355103,0.49170199036598206,3.2009999752044678,0.875,0.52:0.01;0.52:0.01;0.43:0.04;0.42:0.04;0.34:0.02;0.29:0;0.31:0.1;0.29:0.23,0.35:0.2;0.18:0.38;0.24:0.32;0.27:0.14;0.33:0.1;0.21:0.16;0.23:0.15;0.22:0.19;0.22:0.14;0.22:0.15;0.24:0.13;0.24:0.16,0.2133652:0.2221625;0.1610922:0.2216812;0.1364859:0.2417312;0.09211057:0.2447553;9.042025e-05:0.2512797;-0.07249323:0.2513386;-0.09567201:0.2087737;-0.1353541:0.2388086;-0.2188544:0.2903458;-0.2789067:0.2931659;-0.3350945:0.2877061;-0.3842753:0.2624356
sigma3_hotel_seed42,HOTEL:biwi_hotel:361:16130,HOTEL,biwi_hotel,biwi_hotel:361,16130,3,0.07577832788228989,0.19150523841381073,0.0,0.0,0.0,0.0,0.0,-0.89:-6.71;-0.89:-6.71;-0.89:-6.71;-0.89:-6.71;-0.89:-6.71;-0.89:-6.71;-0.89:-6.71;-0.89:-6.71,-0.89:-6.71;-0.89:-6.71;-0.89:-6.71;-0.89:-6.71;-0.89:-6.71;-0.87:-6.64;-0.85:-6.64;-0.86:-6.75;-0.86:-6.83;-0.85:-6.88;-0.71:-6.73;-0.66:-6.64,-0.8980518:-6.710444;-0.9138551:-6.717575;-0.9048095:-6.703784;-0.9121914:-6.708163;-0.8971497:-6.7147;-0.9231352:-6.70898;-0.8840473:-6.710711;-0.8992009:-6.700154;-0.8884166:-6.715661;-0.8542893:-6.731216;-0.8522199:-6.731397;-0.8351615:-6.717412
sigma3_hotel_seed42,HOTEL:biwi_hotel:369:16130,HOTEL,biwi_hotel,biwi_hotel:369,16130,3,0.02323094569146633,0.055337175726890564,0.0,0.0,0.0,0.0,1.25,-0.59:2.83;-0.59:2.83;-0.59:2.83;-0.59:2.83;-0.59:2.83;-0.59:2.83;-0.59:2.83;-0.59:2.83,-0.59:2.83;-0.59:2.83;-0.59:2.83;-0.59:2.83;-0.59:2.83;-0.59:2.83;-0.59:2.83;-0.59:2.83;-0.59:2.83;-0.59:2.83;-0.59:2.83;-0.59:2.83,-0.5980518:2.829555;-0.6138551:2.822425;-0.6048095:2.836215;-0.6121914:2.831837;-0.5971497:2.8253;-0.6231352:2.831021;-0.5840473:2.829289;-0.5992008:2.839846;-0.5884166:2.824339;-0.5542893:2.808784;-0.5522199:2.808603;-0.5351615:2.822587
sigma3_hotel_seed42,HOTEL:biwi_hotel:371:16130,HOTEL,biwi_hotel,biwi_hotel:371,16130,3,0.02323094569146633,0.055337175726890564,0.0,0.0,0.0,0.0,1.125,-0.66:3.35;-0.66:3.35;-0.66:3.35;-0.66:3.35;-0.66:3.35;-0.66:3.35;-0.66:3.35;-0.66:3.35,-0.66:3.35;-0.66:3.35;-0.66:3.35;-0.66:3.35;-0.66:3.35;-0.66:3.35;-0.66:3.35;-0.66:3.35;-0.66:3.35;-0.66:3.35;-0.66:3.35;-0.66:3.35,-0.6680518:3.349555;-0.6838552:3.342425;-0.6748096:3.356215;-0.6821914:3.351837;-0.6671497:3.3453;-0.6931353:3.351021;-0.6540474:3.349289;-0.6692009:3.359846;-0.6584167:3.344339;-0.6242893:3.328784;-0.6222199:3.328603;-0.6051615:3.342587
sigma3_hotel_seed42,HOTEL:biwi_hotel:356:16140,HOTEL,biwi_hotel,biwi_hotel:356,16140,3,0.2654864490032196,0.3280506134033203,0.16770510375499725,0.19349071383476257,0.5792198181152344,5.3880934715271,0.875,0.52:0.01;0.43:0.04;0.42:0.04;0.34:0.02;0.29:0;0.31:0.1;0.29:0.23;0.35:0.2,0.18:0.38;0.24:0.32;0.27:0.14;0.33:0.1;0.21:0.16;0.23:0.15;0.22:0.19;0.22:0.14;0.22:0.15;0.24:0.13;0.24:0.16;0.27:0.18,0.3579764:0.1962041;0.3758644:0.1820643;0.4098853:0.2137693;0.437178:0.1776764;0.4612139:0.1944656;0.4704695:0.1997728;0.5136877:0.169464;0.5093477:0.1477014;0.5642236:0.1529382;0.5770777:0.1591481;0.5921761:0.1523625;0.5975149:0.1612588
sigma3_hotel_seed42,HOTEL:biwi_hotel:361:16140,HOTEL,biwi_hotel,biwi_hotel:361,16140,3,0.09045064449310303,0.12636695802211761,0.0,0.0,0.0,0.0,0.0,-0.89:-6.71;-0.89:-6.71;-0.89:-6.71;-0.89:-6.71;-0.89:-6.71;-0.89:-6.71;-0.89:-6.71;-0.89:-6.71,-0.89:-6.71;-0.89:-6.71;-0.89:-6.71;-0.89:-6.71;-0.87:-6.64;-0.85:-6.64;-0.86:-6.75;-0.86:-6.83;-0.85:-6.88;-0.71:-6.73;-0.66:-6.64;-0.71:-6.7,-0.8980518:-6.710444;-0.9138551:-6.717575;-0.9048095:-6.703784;-0.9121914:-6.708163;-0.8971497:-6.7147;-0.9231352:-6.70898;-0.8840473:-6.710711;-0.8992009:-6.700154;-0.8884166:-6.715661;-0.8542893:-6.731216;-0.8522199:-6.731397;-0.8351615:-6.717412
sigma3_hotel_seed42,HOTEL:biwi_hotel:369:16140,HOTEL,biwi_hotel,biwi_hotel:369,16140,3,0.02526126056909561,0.07970096915960312,0.0,0.0,0.0,0.0,1.25,-0.59:2.83;-0.59:2.83;-0.59:2.83;-0.59:2.83;-0.59:2.83;-0.59:2.83;-0.59:2.83;-0.59:2.83,-0.59:2.83;-0.59:2.83;-0.59:2.83;-0.59:2.83;-0.59:2.83;-0.59:2.83;-0.59:2.83;-0.59:2.83;-0.59:2.83;-0.59:2.83;-0.59:2.83;-0.61:2.85,-0.5980518:2.829555;-0.6138551:2.822425;-0.6048095:2.836215;-0.6121914:2.831837;-0.5971497:2.8253;-0.6231352:2.831021;-0.5840473:2.829289;-0.5992008:2.839846;-0.5884166:2.824339;-0.5542893:2.808784;-0.5522199:2.808603;-0.5351615:2.822587
sigma3_hotel_seed42,HOTEL:biwi_hotel:371:16140,HOTEL,biwi_hotel,biwi_hotel:371,16140,3,0.02323094569146633,0.055337175726890564,0.0,0.0,0.0,0.0,1.125,-0.66:3.35;-0.66:3.35;-0.66:3.35;-0.66:3.35;-0.66:3.35;-0.66:3.35;-0.66:3.35;-0.66:3.35,-0.66:3.35;-0.66:3.35;-0.66:3.35;-0.66:3.35;-0.66:3.35;-0.66:3.35;-0.66:3.35;-0.66:3.35;-0.66:3.35;-0.66:3.35;-0.66:3.35;-0.66:3.35,-0.6680518:3.349555;-0.6838552:3.342425;-0.6748096:3.356215;-0.6821914:3.351837;-0.6671497:3.3453;-0.6931353:3.351021;-0.6540474:3.349289;-0.6692009:3.359846;-0.6584167:3.344339;-0.6242893:3.328784;-0.6222199:3.328603;-0.6051615:3.342587
sigma3_hotel_seed42,HOTEL:biwi_hotel:356:16150,HOTEL,biwi_hotel,biwi_hotel:356,16150,3,0.8827648162841797,1.5205390453338623,0.6189709305763245,0.2480335831642151,0.814644992351532,7.857621192932129,1.0,0.43:0.04;0.42:0.04;0.34:0.02;0.29:0;0.31:0.1;0.29:0.23;0.35:0.2;0.18:0.38,0.24:0.32;0.27:0.14;0.33:0.1;0.21:0.16;0.23:0.15;0.22:0.19;0.22:0.14;0.22:0.15;0.24:0.13;0.24:0.16;0.27:0.18;0.28:0.18,0.04103296:0.3743989;-0.07515794:0.3833913;-0.1579157:0.3972405;-0.261833:0.4185068;-0.4270616:0.4237686;-0.5598434:0.423601;-0.6492663:0.3819164;-0.7278688:0.4297026;-0.895703:0.5025204;-1.008613:0.5076091;-1.120212:0.5014376;-1.213076:0.4676838
sigma3_hotel_seed42,HOTEL:biwi_hotel:361:16150,HOTEL,biwi_hotel,biwi_hotel:361,16150,3,0.10464673489332199,0.1153997853398323,0.0,0.0,0.0,0.0,0.0,-0.89:-6.71;-0.89:-6.71;-0.89:-6.71;-0.89:-6.71;-0.89:-6.71;-0.89:-6.71;-0.89:-6.71;-0.89:-6.71,-0.89:-6.71;-0.89:-6.71;-0.89:-6.71;-0.87:-6.64;-0.85:-6.64;-0.86:-6.75;-0.86:-6.83;-0.85:-6.88;-0.71:-6.73;-0.66:-6.64;-0.71:-6.7;-0.72:-6.71,-0.8980518:-6.710444;-0.9138551:-6.717575;-0.9048095:-6.703784;-0.9121914:-6.708163;-0.8971497:-6.7147;-0.9231352:-6.70898;-0.8840473:-6.710711;-0.8992009:-6.700154;-0.8884166:-6.715661;-0.8542893:-6.731216;-0.8522199:-6.731397;-0.8351615:-6.717412
sigma3_hotel_seed42,HOTEL:biwi_hotel:369:16150,HOTEL,biwi_hotel,biwi_hotel:369,16150,3,0.029151298105716705,0.0987207219004631,0.0,0.0,0.0,0.0,1.25,-0.59:2.83;-0.59:2.83;-0.59:2.83;-0.59:2.83;-0.59:2.83;-0.59:2.83;-0.59:2.83;-0.59:2.83,-0.59:2.83;-0.59:2.83;-0.59:2.83;-0.59:2.83;-0.59:2.83;-0.59:2.83;-0.59:2.83;-0.59:2.83;-0.59:2.83;-0.59:2.83;-0.61:2.85;-0.63:2.85,-0.5980518:2.829555;-0.6138551:2.822425;-0.6048095:2.836215;-0.6121914:2.831837;-0.5971497:2.8253;-0.6231352:2.831021;-0.5840473:2.829289;-0.5992008:2.839846;-0.5884166:2.824339;-0.5542893:2.808784;-0.5522199:2.808603;-0.5351615:2.822587
sigma3_hotel_seed42,HOTEL:biwi_hotel:371:16150,HOTEL,biwi_hotel,biwi_hotel:371,16150,3,0.024057911708950996,0.06526079028844833,0.0,0.0,0.0,0.0,1.125,-0.66:3.35;-0.66:3.35;-0.66:3.35;-0.66:3.35;-0.66:3.35;-0.66:3.35;-0.66:3.35;-0.66:3.35,-0.66:3.35;-0.66:3.35;-0.66:3.35;-0.66:3.35;-0.66:3.35;-0.66:3.35;-0.66:3.35;-0.66:3.35;-0.66:3.35;-0.66:3.35;-0.66:3.35;-0.67:3.35,-0.6680518:3.349555;-0.6838552:3.342425;-0.6748096:3.356215;-0.6821914:3.351837;-0.6671497:3.3453;-0.6931353:3.351021;-0.6540474:3.349289;-0.6692009:3.359846;-0.6584167:3.344339;-0.6242893:3.328784;-0.6222199:3.328603;-0.6051615:3.342587
sigma3_hotel_seed42,HOTEL:biwi_hotel:356:16160,HOTEL,biwi_hotel,biwi_hotel:356,16160,3,0.16544921696186066,0.11505256593227386,0.2121320366859436,0.2747667133808136,1.0850765705108643,10.725671768188477,1.25,0.42:0.04;0.34:0.02;0.29:0;0.31:0.1;0.29:0.23;0.35:0.2;0.18:0.38;0.24:0.32,0.27:0.14;0.33:0.1;0.21:0.16;0.23:0.15;0.22:0.19;0.22:0.14;0.22:0.15;0.24:0.13;0.24:0.16;0.27:0.18;0.28:0.18;0.3:0.18,0.2378207:0.3095277;0.2521009:0.3100621;0.2811955:0.3154673;0.2921134:0.3144936;0.2819829:0.3198271;0.2795257:0.3063235;0.2954667:0.2917141;0.3001938:0.2959671;0.304042:0.3259278;0.3011581:0.3375648;0.3016204:0.3090257;0.3018245:0.2950381
sigma3_hotel_seed42,HOTEL:biwi_hotel:361:16160,HOTEL,biwi_hotel,biwi_hotel:361,16160,3,0.11563185602426529,0.1153997853398323,0.0,0.0,0.0,0.0,0.0,-0.89:-6.71;-0.89:-6.71;-0.89:-6.71;-0.89:-6.71;-0.89:-6.71;-0.89:-6.71;-0.89:-6.71;-0.89:-6.71,-0.89:-6.71;-0.89:-6.71;-0.87:-6.64;-0.85:-6.64;-0.86:-6.75;-0.86:-6.83;-0.85:-6.88;-0.71:-6.73;-0.66:-6.64;-0.71:-6.7;-0.72:-6.71;-0.72:-6.71,-0.8980518:-6.710444;-0.9138551:-6.717575;-0.9048095:-6.703784;-0.9121914:-6.708163;-0.8971497:-6.7147;-0.9231352:-6.70898;-0.8840473:-6.710711;-0.8992009:-6.700154;-0.8884166:-6.715661;-0.8542893:-6.731216;-0.8522199:-6.731397;-0.8351615:-6.717412
sigma3_hotel_seed42,HOTEL:biwi_hotel:369:16160,HOTEL,biwi_hotel,biwi_hotel:369,16160,3,0.03393351286649704,0.11131396144628525,0.0,0.0,0.0,0.0,1.25,-0.59:2.83;-0.59:2.83;-0.59:2.83;-0.59:2.83;-0.59:2.83;-0.59:2.83;-0.59:2.83;-0.59:2.83,-0.59:2.83;-0.59:2.83;-0.59:2.83;-0.59:2.83;-0.59:2.83;-0.59:2.83;-0.59:2.83;-0.59:2.83;-0.59:2.83;-0.61:2.85;-0.63:2.85;-0.64:2.86,-0.5980518:2.829555;-0.6138551:2.822425;-0.6048095:2.836215;-0.6121914:2.831837;-0.5971497:2.8253;-0.6231352:2.831021;-0.5840473:2.829289;-0.5992008:2.839846;-0.5884166:2.824339;-0.5542893:2.808784;-0.5522199:2.808603;-0.5351615:2.822587
sigma3_hotel_seed42,HOTEL:biwi_hotel:371:16160,HOTEL,biwi_hotel,biwi_hotel:371,16160,3,0.0264608021825552,0.08516164869070053,0.0,0.0,0.0,0.0,1.125,-0.66:3.35;-0.66:3.35;-0.66:3.35;-0.66:3.35;-0.66:3.35;-0.66:3.35;-0.66:3.35;-0.66:3.35,-0.66:3.35;-0.66:3.35;-0.66:3.35;-0.66:3.35;-0.66:3.35;-0.66:3.35;-0.66:3.35;-0.66:3.35;-0.66:3.35;-0.66:3.35;-0.67:3.35;-0.69:3.35,-0.6680518:3.349555;-0.6838552:3.342425;-0.6748096:3.356215;-0.6821914:3.351837;-0.6671497:3.3453;-0.6931353:3.351021;-0.6540474:3.349289;-0.6692009:3.359846;-0.6584167:3.344339;-0.6242893:3.328784;-0.6222199:3.328603;-0.6051615:3.342587
sigma3_hotel_seed42,HOTEL:biwi_hotel:375:16160,HOTEL,biwi_hotel,biwi_hotel:375,16160,3,3.6260287761688232,6.6459174156188965,1.428504467010498,1.2337464094161987,0.4412980079650879,0.6780434846878052,3.125,1.12:2.68;1.11:2.22;1.14:1.78;1.16:1.35;1.15:0.86;1.26:0.33;1.27:-0.19;1.23:-0.76,1.24:-1.21;1.26:-1.82;1.18:-2.34;1.18:-2.88;1.25:-3.46;1.18:-4.06;1.16:-4.62;1.23:-5.19;1.34:-5.64;1.37:-6.19;1.34:-6.77;1.3:-7.29,1.207718:-0.8060544;1.150204:-0.6968337;1.077511:-0.8962835;0.9550757:-0.7384605;0.8536438:-0.734612;0.8330897:-0.8189408;0.4537252:-0.6826155;0.4754792:-0.7309002;0.3023198:-0.5477731;0.2201:-0.4988614;0.1536129:-0.6920689;0.1112704:-0.7512584
sigma3_hotel_seed42,HOTEL:biwi_hotel:376:16160,HOTEL,biwi_hotel,biwi_hotel:376,16160,3,3.65232253074646,6.820621967315674,1.278915524482727,1.2089146375656128,0.28764820098876953,0.43584638833999634,2.5,1.84:2.87;1.83:2.4;1.87:1.93;1.89:1.49;1.88:1.01;1.91:0.53;1.9:-0;1.86:-0.51,1.86:-1.05;1.8:-1.58;1.75:-2.11;1.77:-2.67;1.79:-3.23;1.82:-3.77;1.84:-4.33;1.87:-4.89;1.84:-5.45;1.84:-6.01;1.85:-6.6;1.87:-7.22,1.826582:-0.5506681;1.759879:-0.4572826;1.695355:-0.6239439;1.582171:-0.4893581;1.47344:-0.4861966;1.434912:-0.5524811;1.098871:-0.4488041;1.113547:-0.490779;0.9416081:-0.3106101;0.8661869:-0.2696303;0.7853391:-0.4410528;0.7425988:-0.4931988
sigma3_hotel_seed42,HOTEL:biwi_hotel:377:16160,HOTEL,biwi_hotel,biwi_hotel:377,16160,3,3.729792833328247,6.966423511505127,1.3086252212524414,1.2689733505249023,0.33953019976615906,0.5440012812614441,2.0,2.43:2.89;2.43:2.4;2.45:1.94;2.54:1.43;2.52:0.91;2.49:0.4;2.48:-0.13;2.42:-0.65,2.42:-1.17;2.46:-1.72;2.45:-2.29;2.49:-2.83;2.5:-3.39;2.48:-3.92;2.53:-4.5;2.54:-5.05;2.55:-5.61;2.58:-6.22;2.57:-6.84;2.64:-7.42,2.365111:-0.6883291;2.279927:-0.5975209;2.199794:-0.7537231;2.072882:-0.6258096;1.948997:-0.6193271;1.891309:-0.6811527;1.548969:-0.5836934;1.546475:-0.6241148;1.363581:-0.4472455;1.274321:-0.4042452;1.179443:-0.5707475;1.125348:-0.6202294
sigma3_hotel_seed42,HOTEL:biwi_hotel:356:16170,HOTEL,biwi_hotel,biwi_hotel:356,16170,3,0.3285796642303467,0.5040627121925354,0.45620718598365784,0.31048843264579773,1.1826735734939575,11.210392951965332,1.5,0.34:0.02;0.29:0;0.31:0.1;0.29:0.23;0.35:0.2;0.18:0.38;0.24:0.32;0.27:0.14,0.33:0.1;0.21:0.16;0.23:0.15;0.22:0.19;0.22:0.14;0.22:0.15;0.24:0.13;0.24:0.16;0.27:0.18;0.28:0.18;0.3:0.18;0.26:0.13,0.330575:0.1131434;0.4023883:0.1440267;0.4810085:0.08270957;0.5261554:0.1463182;0.5345566:0.1281662;0.5916121:0.07190292;0.5819812:0.111571;0.6641576:0.1335211;0.6519297:0.1946736;0.6837679:0.2299234;0.7106143:0.1402252;0.7629817:0.09700558
sigma3_hotel_seed42,HOTEL:biwi_hotel:361:16170,HOTEL,biwi_hotel,biwi_hotel:361,16170,3,0.1284552812576294,0.1153997853398323,0.0,0.0,0.0,0.0,0.0,-0.89:-6.71;-0.89:-6.71;-0.89:-6.71;-0.89:-6.71;-0.89:-6.71;-0.89:-6.71;-0.89:-6.71;-0.89:-6.71,-0.89:-6.71;-0.87:-6.64;-0.85:-6.64;-0.86:-6.75;-0.86:-6.83;-0.85:-6.88;-0.71:-6.73;-0.66:-6.64;-0.71:-6.7;-0.72:-6.71;-0.72:-6.71;-0.72:-6.71,-0.8980518:-6.710444;-0.9138551:-6.717575;-0.9048095:-6.703784;-0.9121914:-6.708163;-0.8971497:-6.7147;-0.9231352:-6.70898;-0.8840473:-6.710711;-0.8992009:-6.700154;-0.8884166:-6.715661;-0.8542893:-6.731216;-0.8522199:-6.731397;-0.8351615:-6.717412
sigma3_hotel_seed42,HOTEL:biwi_hotel:369:16170,HOTEL,biwi_hotel,biwi_hotel:369,16170,3,0.040743064135313034,0.13486334681510925,0.0,0.0,0.0,0.0,1.125,-0.59:2.83;-0.59:2.83;-0.59:2.83;-0.59:2.83;-0.59:2.83;-0.59:2.83;-0.59:2.83;-0.59:2.83,-0.59:2.83;-0.59:2.83;-0.59:2.83;-0.59:2.83;-0.59:2.83;-0.59:2.83;-0.59:2.83;-0.59:2.83;-0.61:2.85;-0.63:2.85;-0.64:2.86;-0.67:2.82,-0.5980518:2.829555;-0.6138551:2.822425;-0.6048095:2.836215;-0.6121914:2.831837;-0.5971497:2.8253;-0.6231352:2.831021;-0.5840473:2.829289;-0.5992008:2.839846;-0.5884166:2.824339;-0.5542893:2.808784;-0.5522199:2.808603;-0.5351615:2.822587
sigma3_hotel_seed42,HOTEL:biwi_hotel:371:16170,HOTEL,biwi_hotel,biwi_hotel:371,16170,3,0.030401654541492462,0.10487035661935806,0.0,0.0,0.0,0.0,1.0,-0.66:3.35;-0.66:3.35;-0.66:3.35;-0.66:3.35;-0.66:3.35;-0.66:3.35;-0.66:3.35;-0.66:3.35,-0.66:3.35;-0.66:3.35;-0.66:3.35;-0.66:3.35;-0.66:3.35;-0.66:3.35;-0.66:3.35;-0.66:3.35;-0.66:3.35;-0.67:3.35;-0.69:3.35;-0.71:3.34,-0.6680518:3.349555;-0.6838552:3.342425;-0.6748096:3.356215;-0.6821914:3.351837;-0.6671497:3.3453;-0.6931353:3.351021;-0.6540474:3.349289;-0.6692009:3.359846;-0.6584167:3.344339;-0.6242893:3.328784;-0.6222199:3.328603;-0.6051615:3.342587
sigma3_hotel_seed42,HOTEL:biwi_hotel:375:16170,HOTEL,biwi_hotel,biwi_hotel:375,16170,3,3.6659114360809326,6.779439926147461,1.1252777576446533,1.2301757335662842,0.5301299095153809,0.6805104613304138,3.0,1.11:2.22;1.14:1.78;1.16:1.35;1.15:0.86;1.26:0.33;1.27:-0.19;1.23:-0.76;1.24:-1.21,1.26:-1.82;1.18:-2.34;1.18:-2.88;1.25:-3.46;1.18:-4.06;1.16:-4.62;1.23:-5.19;1.34:-5.64;1.37:-6.19;1.34:-6.77;1.3:-7.29;1.29:-8,1.282625:-1.247803;1.287791:-1.171937;1.302476:-1.324421;1.27539:-1.199948;1.213638:-1.215441;1.238:-1.274972;1.011723:-1.202798;1.097344:-1.231381;0.9741887:-1.046615;0.9642289:-1.025067;0.9245641:-1.171233;0.9288571:-1.230186
sigma3_hotel_seed42,HOTEL:biwi_hotel:376:16170,HOTEL,biwi_hotel,biwi_hotel:376,16170,3,3.6096737384796143,6.7178053855896,1.350000023841858,1.2338767051696777,0.28764820098876953,0.4079423248767853,2.625,1.83:2.4;1.87:1.93;1.89:1.49;1.88:1.01;1.91:0.53;1.9:-0;1.86:-0.51;1.86:-1.05,1.8:-1.58;1.75:-2.11;1.77:-2.67;1.79:-3.23;1.82:-3.77;1.84:-4.33;1.87:-4.89;1.84:-5.45;1.84:-6.01;1.85:-6.6;1.87:-7.22;1.98:-7.78,1.908191:-1.09552;1.920204:-1.006519;1.93331:-1.182025;1.893836:-1.047748;1.839652:-1.051421;1.874164:-1.114561;1.605964:-1.02792;1.694599:-1.073632;1.573643:-0.8739946;1.553889:-0.8480138;1.530314:-1.012239;1.533544:-1.077046
sigma3_hotel_seed42,HOTEL:biwi_hotel:377:16170,HOTEL,biwi_hotel,biwi_hotel:377,16170,3,3.6759119033813477,6.874791145324707,1.2999999523162842,1.2796876430511475,0.364472359418869,0.6154269576072693,2.0,2.43:2.4;2.45:1.94;2.54:1.43;2.52:0.91;2.49:0.4;2.48:-0.13;2.42:-0.65;2.42:-1.17,2.46:-1.72;2.45:-2.29;2.49:-2.83;2.5:-3.39;2.48:-3.92;2.53:-4.5;2.54:-5.05;2.55:-5.61;2.58:-6.22;2.57:-6.84;2.64:-7.42;2.7:-8.04,2.463041:-1.213824;2.46904:-1.128506;2.481228:-1.296755;2.440978:-1.166438;2.383207:-1.172338;2.409001:-1.232587;2.149517:-1.151042;2.233097:-1.193913;2.109806:-0.9958342;2.092378:-0.9720933;2.060426:-1.133474;2.062054:-1.194872
sigma3_hotel_seed42,HOTEL:biwi_hotel:378:16170,HOTEL,biwi_hotel,biwi_hotel:378,16170,3,1.6544017791748047,2.4436445236206055,0.5857686996459961,0.5155361890792847,1.1798927783966064,1.685841679573059,0.0,-0.82:-2.48;-0.82:-2.48;-1.06:-2.3;-1.1:-2.19;-1.14:-1.97;-1.15:-1.8;-1.4:-1.49;-1.58:-1.34,-1.45:-1.2;-1.41:-1.01;-1.38:-0.88;-1.66:-0.52;-1.73:-0.32;-1.71:-0.12;-1.81:0.04;-1.97:0.19;-2.11:0.3;-2.22:0.45;-2.37:0.53;-2.52:0.48,-1.830595:-1.330059;-2.08247:-1.307856;-2.301055:-1.300718;-2.530487:-1.262191;-2.802503:-1.255226;-3.046892:-1.249927;-3.265272:-1.264797;-3.450719:-1.212604;-3.733675:-1.141083;-3.938655:-1.134435;-4.154533:-1.13241;-4.342246:-1.148133
sigma3_hotel_seed42,HOTEL:biwi_hotel:356:16180,HOTEL,biwi_hotel,biwi_hotel:356,16180,3,0.4248404800891876,0.6908307671546936,0.18027757108211517,0.3170096278190613,1.18710458278656,9.879340171813965,1.5,0.29:0;0.31:0.1;0.29:0.23;0.35:0.2;0.18:0.38;0.24:0.32;0.27:0.14;0.33:0.1,0.21:0.16;0.23:0.15;0.22:0.19;0.22:0.14;0.22:0.15;0.24:0.13;0.24:0.16;0.27:0.18;0.28:0.18;0.3:0.18;0.26:0.13;0.22:0.15,0.3756636:0.09070481;0.4304398:0.08568436;0.4932458:0.0935565;0.5433333:0.07565498;0.5955763:0.08503531;0.639006:0.07147888;0.6895497:0.06668512;0.7164594:0.0452981;0.7926511:0.0520626;0.8300097:0.06657138;0.8698874:0.03363346;0.9013451:0.03591237
sigma3_hotel_seed42,HOTEL:biwi_hotel:361:16180,HOTEL,biwi_hotel,biwi_hotel:361,16180,3,0.14481286704540253,0.11549539119005203,0.0,0.0,0.0,0.0,0.0,-0.89:-6.71;-0.89:-6.71;-0.89:-6.71;-0.89:-6.71;-0.89:-6.71;-0.89:-6.71;-0.89:-6.71;-0.89:-6.71,-0.87:-6.64;-0.85:-6.64;-0.86:-6.75;-0.86:-6.83;-0.85:-6.88;-0.71:-6.73;-0.66:-6.64;-0.71:-6.7;-0.72:-6.71;-0.72:-6.71;-0.72:-6.71;-0.72:-6.71,-0.8980684:-6.710446;-0.9138793:-6.717585;-0.904826:-6.70377;-0.9122102:-6.708167;-0.8971788:-6.714696;-0.9231815:-6.708956;-0.8840864:-6.710716;-0.8992511:-6.700154;-0.8884792:-6.715663;-0.8543646:-6.731208;-0.8523117:-6.731384;-0.8352587:-6.717391
sigma3_hotel_seed42,HOTEL:biwi_hotel:369:16180,HOTEL,biwi_hotel,biwi_hotel:369,16180,3,0.04463471844792366,0.13476651906967163,0.0,0.0,0.0,0.0,1.0,-0.59:2.83;-0.59:2.83;-0.59:2.83;-0.59:2.83;-0.59:2.83;-0.59:2.83;-0.59:2.83;-0.59:2.83,-0.59:2.83;-0.59:2.83;-0.59:2.83;-0.59:2.83;-0.59:2.83;-0.59:2.83;-0.59:2.83;-0.61:2.85;-0.63:2.85;-0.64:2.86;-0.67:2.82;-0.67:2.82,-0.5980684:2.829554;-0.6138793:2.822415;-0.604826:2.83623;-0.6122102:2.831833;-0.5971788:2.825304;-0.6231816:2.831044;-0.5840864:2.829284;-0.5992511:2.839846;-0.5884792:2.824337;-0.5543646:2.808792;-0.5523117:2.808616;-0.5352588:2.822609
sigma3_hotel_seed42,HOTEL:biwi_hotel:371:16180,HOTEL,biwi_hotel,biwi_hotel:371,16180,3,0.03481295704841614,0.11477088183164597,0.0,0.0,0.0,0.0,1.0,-0.66:3.35;-0.66:3.35;-0.66:3.35;-0.66:3.35;-0.66:3.35;-0.66:3.35;-0.66:3.35;-0.66:3.35,-0.66:3.35;-0.66:3.35;-0.66:3.35;-0.66:3.35;-0.66:3.35;-0.66:3.35;-0.66:3.35;-0.66:3.35;-0.67:3.35;-0.69:3.35;-0.71:3.34;-0.72:3.34,-0.6680684:3.349554;-0.6838793:3.342415;-0.6748261:3.35623;-0.6822102:3.351833;-0.6671788:3.345304;-0.6931816:3.351044;-0.6540865:3.349284;-0.6692511:3.359846;-0.6584792:3.344337;-0.6243647:3.328792;-0.6223117:3.328616;-0.6052588:3.342609
sigma3_hotel_seed42,HOTEL:biwi_hotel:375:16180,HOTEL,biwi_hotel,biwi_hotel:375,16180,3,3.614800453186035,6.7013044357299805,1.5258194208145142,1.290642261505127,0.6823903918266296,0.6694687008857727,2.875,1.14:1.78;1.16:1.35;1.15:0.86;1.26:0.33;1.27:-0.19;1.23:-0.76;1.24:-1.21;1.26:-1.82,1.18:-2.34;1.18:-2.88;1.25:-3.46;1.18:-4.06;1.16:-4.62;1.23:-5.19;1.34:-5.64;1.37:-6.19;1.34:-6.77;1.3:-7.29;1.29:-8;1.28:-8.57,1.357081:-1.872;1.423117:-1.774325;1.472092:-1.972172;1.468415:-1.829695;1.445136:-1.826225;1.538521:-1.89439;1.272638:-1.806072;1.40995:-1.862476;1.317973:-1.645448;1.309943:-1.619032;1.338994:-1.785666;1.36406:-1.869223
sigma3_hotel_seed42,HOTEL:biwi_hotel:376:16180,HOTEL,biwi_hotel,biwi_hotel:376,16180,3,3.6962080001831055,6.82705545425415,1.3334635496139526,1.2559075355529785,0.31345248222351074,0.4811914265155792,2.625,1.87:1.93;1.89:1.49;1.88:1.01;1.91:0.53;1.9:-0;1.86:-0.51;1.86:-1.05;1.8:-1.58,1.75:-2.11;1.77:-2.67;1.79:-3.23;1.82:-3.77;1.84:-4.33;1.87:-4.89;1.84:-5.45;1.84:-6.01;1.85:-6.6;1.87:-7.22;1.98:-7.78;2.01:-8.3,1.784811:-1.622095;1.733568:-1.527745;1.683445:-1.701187;1.583228:-1.562124;1.487022:-1.562725;1.463338:-1.63196;1.136562:-1.525022;1.165786:-1.567317;1.003269:-1.383948;0.9414012:-1.345829;0.87077:-1.520652;0.8377781:-1.574334
sigma3_hotel_seed42,HOTEL:biwi_hotel:377:16180,HOTEL,biwi_hotel,biwi_hotel:377,16180,3,3.683948516845703,6.89598274230957,1.378631591796875,1.3121941089630127,0.3269481360912323,0.5568051338195801,2.0,2.45:1.94;2.54:1.43;2.52:0.91;2.49:0.4;2.48:-0.13;2.42:-0.65;2.42:-1.17;2.46:-1.72,2.45:-2.29;2.49:-2.83;2.5:-3.39;2.48:-3.92;2.53:-4.5;2.54:-5.05;2.55:-5.61;2.58:-6.22;2.57:-6.84;2.64:-7.42;2.7:-8.04;2.69:-8.67,2.567584:-1.769155;2.644487:-1.684328;2.71756:-1.860182;2.737675:-1.734319;2.721219:-1.734051;2.81717:-1.788543;2.599785:-1.727741;2.748651:-1.779851;2.66877:-1.560414;2.679667:-1.543728;2.709661:-1.693237;2.745168:-1.774238
sigma3_hotel_seed42,HOTEL:biwi_hotel:378:16180,HOTEL,biwi_hotel,biwi_hotel:378,16180,3,1.520534873008728,2.5560264587402344,0.4776243269443512,0.5837682485580444,1.1904774904251099,3.3102777004241943,0.0,-0.82:-2.48;-1.06:-2.3;-1.1:-2.19;-1.14:-1.97;-1.15:-1.8;-1.4:-1.49;-1.58:-1.34;-1.45:-1.2,-1.41:-1.01;-1.38:-0.88;-1.66:-0.52;-1.73:-0.32;-1.71:-0.12;-1.81:0.04;-1.97:0.19;-2.11:0.3;-2.22:0.45;-2.37:0.53;-2.52:0.48;-2.61:0.48,-1.374866:-1.222778;-1.289958:-1.202894;-1.199235:-1.247234;-1.143242:-1.202346;-1.09648:-1.217036;-1.030481:-1.267962;-0.9996817:-1.230138;-0.9276428:-1.2081;-0.8976062:-1.179651;-0.8432568:-1.153043;-0.7922961:-1.231706;-0.7327284:-1.254683
sigma3_hotel_seed42,HOTEL:biwi_hotel:356:16190,HOTEL,biwi_hotel,biwi_hotel:356,16190,3,0.1814538687467575,0.31481900811195374,0.3354102075099945,0.32850381731987,1.3495136499404907,12.54653263092041,1.5,0.31:0.1;0.29:0.23;0.35:0.2;0.18:0.38;0.24:0.32;0.27:0.14;0.33:0.1;0.21:0.16,0.23:0.15;0.22:0.19;0.22:0.14;0.22:0.15;0.24:0.13;0.24:0.16;0.27:0.18;0.28:0.18;0.3:0.18;0.26:0.13;0.22:0.15;0.24:0.15,0.1823812:0.1567094;0.162994:0.152058;0.1487281:0.162792;0.1245064:0.1503747;0.1057737:0.1597581;0.07563142:0.1480572;0.06640755:0.1419388;0.01986448:0.1347969;0.0228982:0.1400909;-0.008147776:0.148081;-0.03259163:0.1276363;-0.07442893:0.1343327
sigma3_hotel_seed42,HOTEL:biwi_hotel:361:16190,HOTEL,biwi_hotel,biwi_hotel:361,16190,3,0.0884372815489769,0.032723568379879,0.18200275301933289,0.02600039169192314,0.0758344754576683,0.0,0.0,-0.89:-6.71;-0.89:-6.71;-0.89:-6.71;-0.89:-6.71;-0.89:-6.71;-0.89:-6.71;-0.89:-6.71;-0.87:-6.64,-0.85:-6.64;-0.86:-6.75;-0.86:-6.83;-0.85:-6.88;-0.71:-6.73;-0.66:-6.64;-0.71:-6.7;-0.72:-6.71;-0.72:-6.71;-0.72:-6.71;-0.72:-6.71;-0.72:-6.71,-0.8708571:-6.64455;-0.8578029:-6.656298;-0.8299097:-6.627491;-0.8098965:-6.659471;-0.799711:-6.643034;-0.7984592:-6.640249;-0.7632169:-6.670803;-0.7705247:-6.690164;-0.7279854:-6.676734;-0.7256888:-6.669413;-0.7180784:-6.679069;-0.7197323:-6.677278
sigma3_hotel_seed42,HOTEL:biwi_hotel:369:16190,HOTEL,biwi_hotel,biwi_hotel:369,16190,3,0.05087655782699585,0.13470220565795898,0.0,0.0,0.0,0.0,1.0,-0.59:2.83;-0.59:2.83;-0.59:2.83;-0.59:2.83;-0.59:2.83;-0.59:2.83;-0.59:2.83;-0.59:2.83,-0.59:2.83;-0.59:2.83;-0.59:2.83;-0.59:2.83;-0.59:2.83;-0.59:2.83;-0.61:2.85;-0.63:2.85;-0.64:2.86;-0.67:2.82;-0.67:2.82;-0.67:2.82,-0.5980788:2.829552;-0.6138952:2.822409;-0.6048369:2.836239;-0.6122239:2.831831;-0.5971988:2.825306;-0.6232143:2.831058;-0.5841135:2.829281;-0.5992863:2.839846;-0.5885224:2.824337;-0.5544146:2.808797;-0.5523726:2.808622;-0.5353233:2.822622
sigma3_hotel_seed42,HOTEL:biwi_hotel:371:16190,HOTEL,biwi_hotel,biwi_hotel:371,16190,3,0.038373228162527084,0.1147066205739975,0.0,0.0,0.0,0.0,1.0,-0.66:3.35;-0.66:3.35;-0.66:3.35;-0.66:3.35;-0.66:3.35;-0.66:3.35;-0.66:3.35;-0.66:3.35,-0.66:3.35;-0.66:3.35;-0.66:3.35;-0.66:3.35;-0.66:3.35;-0.66:3.35;-0.66:3.35;-0.67:3.35;-0.69:3.35;-0.71:3.34;-0.72:3.34;-0.72:3.34,-0.6680789:3.349552;-0.6838953:3.342409;-0.6748369:3.356239;-0.682224:3.351831;-0.6671989:3.345306;-0.6932144:3.351058;-0.6541136:3.349281;-0.6692864:3.359846;-0.6585224:3.344337;-0.6244147:3.328797;-0.6223727:3.328622;-0.6053234:3.342622
sigma3_hotel_seed42,HOTEL:biwi_hotel:375:16190,HOTEL,biwi_hotel,biwi_hotel:375,16190,3,3.832484245300293,7.038555145263672,1.315294623374939,1.3248040676116943,0.7526552081108093,0.7880097031593323,2.75,1.16:1.35;1.15:0.86;1.26:0.33;1.27:-0.19;1.23:-0.76;1.24:-1.21;1.26:-1.82;1.18:-2.34,1.18:-2.88;1.25:-3.46;1.18:-4.06;1.16:-4.62;1.23:-5.19;1.34:-5.64;1.37:-6.19;1.34:-6.77;1.3:-7.29;1.29:-8;1.28:-8.57;1.45:-9.06,1.087304:-2.376216;0.9694791:-2.283329;0.8544568:-2.433386;0.6958063:-2.308679;0.545514:-2.294529;0.4583558:-2.355273;0.08350706:-2.255599;0.04991806:-2.296238;-0.1549308:-2.125295;-0.2754378:-2.074277;-0.390733:-2.240208;-0.4670696:-2.287549
sigma3_hotel_seed42,HOTEL:biwi_hotel:376:16190,HOTEL,biwi_hotel,biwi_hotel:376,16190,3,3.7547569274902344,6.923027038574219,1.3308831453323364,1.2887285947799683,0.27178582549095154,0.4336042106151581,2.625,1.89:1.49;1.88:1.01;1.91:0.53;1.9:-0;1.86:-0.51;1.86:-1.05;1.8:-1.58;1.75:-2.11,1.77:-2.67;1.79:-3.23;1.82:-3.77;1.84:-4.33;1.87:-4.89;1.84:-5.45;1.84:-6.01;1.85:-6.6;1.87:-7.22;1.98:-7.78;2.01:-8.3;2.07:-8.88,1.722966:-2.151051;1.661454:-2.057162;1.601592:-2.226657;1.49268:-2.089941;1.388086:-2.088589;1.354302:-2.156446;1.020929:-2.050927;1.04051:-2.092687;0.8714734:-1.911067;0.8010977:-1.871261;0.7231356:-2.044715;0.6834804:-2.097238
sigma3_hotel_seed42,HOTEL:biwi_hotel:378:16190,HOTEL,biwi_hotel,biwi_hotel:378,16190,3,1.5068845748901367,2.3879196643829346,0.48541221022605896,0.5459699630737305,1.0769983530044556,3.2726352214813232,0.125,-1.06:-2.3;-1.1:-2.19;-1.14:-1.97;-1.15:-1.8;-1.4:-1.49;-1.58:-1.34;-1.45:-1.2;-1.41:-1.01,-1.38:-0.88;-1.66:-0.52;-1.73:-0.32;-1.71:-0.12;-1.81:0.04;-1.97:0.19;-2.11:0.3;-2.22:0.45;-2.37:0.53;-2.52:0.48;-2.61:0.48;-2.63:0.52,-1.343379:-1.03593;-1.266095:-1.008028;-1.182583:-1.066158;-1.135963:-1.004605;-1.112655:-1.024032;-1.053806:-1.081637;-1.047201:-1.038346;-0.9699149:-1.00994;-0.9699993:-0.9630502;-0.9278629:-0.9324191;-0.8910943:-1.020633;-0.8361327:-1.056134
sigma3_hotel_seed42,HOTEL:biwi_hotel:356:16200,HOTEL,biwi_hotel,biwi_hotel:356,16200,3,0.19724291563034058,0.3696892559528351,0.055901698768138885,0.28951495885849,1.326221227645874,13.501031875610352,1.5,0.29:0.23;0.35:0.2;0.18:0.38;0.24:0.32;0.27:0.14;0.33:0.1;0.21:0.16;0.23:0.15,0.22:0.19;0.22:0.14;0.22:0.15;0.24:0.13;0.24:0.16;0.27:0.18;0.28:0.18;0.3:0.18;0.26:0.13;0.22:0.15;0.24:0.15;0.24:0.17,0.2751899:0.1529531;0.3099377:0.1572656;0.3206148:0.1327161;0.3528849:0.1413681;0.3871975:0.1369513;0.4349605:0.1127922;0.4374748:0.1293439;0.4677864:0.1111848;0.52031:0.1256532;0.5488097:0.1067784;0.5941231:0.09914082;0.6004179:0.0877253
sigma3_hotel_seed42,HOTEL:biwi_hotel:361:16200,HOTEL,biwi_hotel,biwi_hotel:361,16200,3,0.22896380722522736,0.2614799439907074,0.05000000074505806,0.03314324840903282,0.1487511396408081,1.292496681213379,0.0,-0.89:-6.71;-0.89:-6.71;-0.89:-6.71;-0.89:-6.71;-0.89:-6.71;-0.89:-6.71;-0.87:-6.64;-0.85:-6.64,-0.86:-6.75;-0.86:-6.83;-0.85:-6.88;-0.71:-6.73;-0.66:-6.64;-0.71:-6.7;-0.72:-6.71;-0.72:-6.71;-0.72:-6.71;-0.72:-6.71;-0.72:-6.71;-0.72:-6.71,-0.8646323:-6.640045;-0.8836684:-6.641609;-0.898582:-6.642421;-0.9182035:-6.64252;-0.9184756:-6.645557;-0.9387286:-6.65041;-0.9443177:-6.645526;-0.9689726:-6.649816;-0.9595203:-6.658918;-0.9597786:-6.666798;-0.9641158:-6.671303;-0.9783664:-6.669768
sigma3_hotel_seed42,HOTEL:biwi_hotel:369:16200,HOTEL,biwi_hotel,biwi_hotel:369,16200,3,0.0541033111512661,0.13457709550857544,0.0,0.0,0.0,0.0,1.0,-0.59:2.83;-0.59:2.83;-0.59:2.83;-0.59:2.83;-0.59:2.83;-0.59:2.83;-0.59:2.83;-0.59:2.83,-0.59:2.83;-0.59:2.83;-0.59:2.83;-0.59:2.83;-0.59:2.83;-0.61:2.85;-0.63:2.85;-0.64:2.86;-0.67:2.82;-0.67:2.82;-0.67:2.82;-0.67:2.82,-0.5980985:2.82955;-0.613926:2.822397;-0.6048577:2.836253;-0.612253:2.831828;-0.597239:2.825309;-0.6232814:2.83108;-0.5841684:2.829275;-0.5993584:2.839849;-0.5886096:2.824337;-0.5545115:2.808805;-0.5524908:2.808632;-0.5354488:2.822641
sigma3_hotel_seed42,HOTEL:biwi_hotel:371:16200,HOTEL,biwi_hotel,biwi_hotel:371,16200,3,0.05306442081928253,0.2385796755552292,0.0,0.0,0.0,0.0,1.0,-0.66:3.35;-0.66:3.35;-0.66:3.35;-0.66:3.35;-0.66:3.35;-0.66:3.35;-0.66:3.35;-0.66:3.35,-0.66:3.35;-0.66:3.35;-0.66:3.35;-0.66:3.35;-0.66:3.35;-0.66:3.35;-0.67:3.35;-0.69:3.35;-0.71:3.34;-0.72:3.34;-0.72:3.34;-0.78:3.18,-0.6680986:3.34955;-0.683926:3.342397;-0.6748577:3.356253;-0.682253:3.351828;-0.667239:3.345309;-0.6932815:3.35108;-0.6541684:3.349275;-0.6693584:3.359849;-0.6586096:3.344337;-0.6245116:3.328805;-0.6224909:3.328632;-0.6054489:3.342641
sigma3_hotel_seed42,HOTEL:biwi_hotel:378:16200,HOTEL,biwi_hotel,biwi_hotel:378,16200,3,1.4463777542114258,2.06585955619812,0.333541601896286,0.5518162846565247,1.0257771015167236,3.1230204105377197,0.25,-1.1:-2.19;-1.14:-1.97;-1.15:-1.8;-1.4:-1.49;-1.58:-1.34;-1.45:-1.2;-1.41:-1.01;-1.38:-0.88,-1.66:-0.52;-1.73:-0.32;-1.71:-0.12;-1.81:0.04;-1.97:0.19;-2.11:0.3;-2.22:0.45;-2.37:0.53;-2.52:0.48;-2.61:0.48;-2.63:0.52;-2.63:0.54,-1.360925:-0.8956742;-1.324757:-0.885392;-1.278964:-0.9022984;-1.258053:-0.88186;-1.259541:-0.8846307;-1.243464:-0.9150309;-1.230737:-0.9091654;-1.203588:-0.897039;-1.200875:-0.859657;-1.192026:-0.8415354;-1.18003:-0.8921818;-1.164513:-0.9160642
sigma3_hotel_seed42,HOTEL:biwi_hotel:356:16210,HOTEL,biwi_hotel,biwi_hotel:356,16210,3,0.04192053899168968,0.035305920988321304,0.10307764261960983,0.28028246760368347,1.062535047531128,12.989176750183105,1.25,0.35:0.2;0.18:0.38;0.24:0.32;0.27:0.14;0.33:0.1;0.21:0.16;0.23:0.15;0.22:0.19,0.22:0.14;0.22:0.15;0.24:0.13;0.24:0.16;0.27:0.18;0.28:0.18;0.3:0.18;0.26:0.13;0.22:0.15;0.24:0.15;0.24:0.17;0.24:0.17,0.2286914:0.1916538;0.2318214:0.193128;0.2239175:0.1803232;0.2220519:0.1836018;0.2326967:0.1796391;0.2390971:0.1676293;0.2267136:0.1753068;0.2234324:0.1621031;0.250654:0.1642281;0.254809:0.1535149;0.2683339:0.1461888;0.2547361:0.1379164
sigma3_hotel_seed42,HOTEL:biwi_hotel:361:16210,HOTEL,biwi_hotel,biwi_hotel:361,16210,3,0.239237442612648,0.3394468128681183,0.27613401412963867,0.07259096950292587,0.26751941442489624,2.9539527893066406,0.0,-0.89:-6.71;-0.89:-6.71;-0.89:-6.71;-0.89:-6.71;-0.89:-6.71;-0.87:-6.64;-0.85:-6.64;-0.86:-6.75,-0.86:-6.83;-0.85:-6.88;-0.71:-6.73;-0.66:-6.64;-0.71:-6.7;-0.72:-6.71;-0.72:-6.71;-0.72:-6.71;-0.72:-6.71;-0.72:-6.71;-0.72:-6.71;-0.72:-6.71,-0.8888781:-6.759119;-0.899484:-6.760016;-0.8896077:-6.747355;-0.898163:-6.748616;-0.9358391:-6.742507;-0.9635504:-6.749465;-0.9599633:-6.775412;-0.9721834:-6.761912;-0.9983788:-6.726528;-1.020318:-6.718854;-1.039702:-6.736906;-1.056751:-6.752697
sigma3_hotel_seed42,HOTEL:biwi_hotel:369:16210,HOTEL,biwi_hotel,biwi_hotel:369,16210,3,0.05745291709899902,0.11620049923658371,0.0,0.0,0.0,0.0,1.0,-0.59:2.83;-0.59:2.83;-0.59:2.83;-0.59:2.83;-0.59:2.83;-0.59:2.83;-0.59:2.83;-0.59:2.83,-0.59:2.83;-0.59:2.83;-0.59:2.83;-0.59:2.83;-0.61:2.85;-0.63:2.85;-0.64:2.86;-0.67:2.82;-0.67:2.82;-0.67:2.82;-0.67:2.82;-0.65:2.84,-0.5980448:2.829556;-0.6138432:2.822429;-0.6048016:2.836212;-0.612178:2.831838;-0.5971328:2.8253;-0.6231059:2.831015;-0.5840241:2.829291;-0.5991697:2.839844;-0.5883799:2.824338;-0.5542513:2.808781;-0.5521734:2.808602;-0.5351121:2.822583
sigma3_hotel_seed42,HOTEL:biwi_hotel:371:16210,HOTEL,biwi_hotel,biwi_hotel:371,16210,3,0.06355506926774979,0.20327918231487274,0.0,0.0,0.0,0.0,1.0,-0.66:3.35;-0.66:3.35;-0.66:3.35;-0.66:3.35;-0.66:3.35;-0.66:3.35;-0.66:3.35;-0.66:3.35,-0.66:3.35;-0.66:3.35;-0.66:3.35;-0.66:3.35;-0.66:3.35;-0.67:3.35;-0.69:3.35;-0.71:3.34;-0.72:3.34;-0.72:3.34;-0.78:3.18;-0.75:3.2,-0.6680448:3.349556;-0.6838433:3.342429;-0.6748016:3.356212;-0.6821781:3.351838;-0.6671329:3.3453;-0.693106:3.351015;-0.6540241:3.349291;-0.6691698:3.359844;-0.65838:3.344338;-0.6242513:3.328781;-0.6221735:3.328602;-0.6051122:3.342583
sigma3_hotel_seed42,HOTEL:biwi_hotel:378:16210,HOTEL,biwi_hotel,biwi_hotel:378,16210,3,0.9628117680549622,1.5069726705551147,1.140175461769104,0.634838879108429,1.3671268224716187,3.8897647857666016,0.25,-1.14:-1.97;-1.15:-1.8;-1.4:-1.49;-1.58:-1.34;-1.45:-1.2;-1.41:-1.01;-1.38:-0.88;-1.66:-0.52,-1.73:-0.32;-1.71:-0.12;-1.81:0.04;-1.97:0.19;-2.11:0.3;-2.22:0.45;-2.37:0.53;-2.52:0.48;-2.61:0.48;-2.63:0.52;-2.63:0.54;-2.63:0.56,-1.847638:-0.52467;-2.03593:-0.4845599;-2.194834:-0.5092413;-2.355816:-0.4634648;-2.582033:-0.4452835;-2.748243:-0.4601236;-3.011006:-0.4614564;-3.105573:-0.4547648;-3.342428:-0.3367653;-3.51053:-0.2877758;-3.68637:-0.3511173;-3.803533:-0.3854031
sigma3_hotel_seed42,HOTEL:biwi_hotel:356:16220,HOTEL,biwi_hotel,biwi_hotel:356,16220,3,0.0489148385822773,0.03632030636072159,0.125,0.20971518754959106,0.8105959296226501,12.772761344909668,1.0,0.18:0.38;0.24:0.32;0.27:0.14;0.33:0.1;0.21:0.16;0.23:0.15;0.22:0.19;0.22:0.14,0.22:0.15;0.24:0.13;0.24:0.16;0.27:0.18;0.28:0.18;0.3:0.18;0.26:0.13;0.22:0.15;0.24:0.15;0.24:0.17;0.24:0.17;0.22:0.08,0.2045943:0.1370661;0.2042787:0.1230782;0.2210442:0.1586618;0.2317284:0.1220769;0.2288565:0.1407151;0.2169355:0.1488776;0.2472558:0.1100656;0.2291806:0.09126299;0.2611867:0.1066063;0.2526875:0.1115264;0.2500737:0.109532;0.2380239:0.1115326
sigma3_hotel_seed42,HOTEL:biwi_hotel:361:16220,HOTEL,biwi_hotel,biwi_hotel:361,16220,3,0.19213789701461792,0.2156379669904709,0.20000000298023224,0.1011623963713646,0.3004598021507263,3.0446128845214844,0.0,-0.89:-6.71;-0.89:-6.71;-0.89:-6.71;-0.89:-6.71;-0.87:-6.64;-0.85:-6.64;-0.86:-6.75;-0.86:-6.83,-0.85:-6.88;-0.71:-6.73;-0.66:-6.64;-0.71:-6.7;-0.72:-6.71;-0.72:-6.71;-0.72:-6.71;-0.72:-6.71;-0.72:-6.71;-0.72:-6.71;-0.72:-6.71;-0.72:-6.71,-0.8749498:-6.836836;-0.8738077:-6.843153;-0.8549784:-6.822416;-0.8493192:-6.839004;-0.8631628:-6.827743;-0.8764753:-6.829821;-0.8571131:-6.858091;-0.8669181:-6.860957;-0.8588864:-6.836528;-0.8687598:-6.829043;-0.8747134:-6.842876;-0.8841091:-6.849885
sigma3_hotel_seed42,HOTEL:biwi_hotel:369:16220,HOTEL,biwi_hotel,biwi_hotel:369,16220,3,0.0599999874830246,0.11639123409986496,0.0,0.0,0.0,0.0,1.0,-0.59:2.83;-0.59:2.83;-0.59:2.83;-0.59:2.83;-0.59:2.83;-0.59:2.83;-0.59:2.83;-0.59:2.83,-0.59:2.83;-0.59:2.83;-0.59:2.83;-0.61:2.85;-0.63:2.85;-0.64:2.86;-0.67:2.82;-0.67:2.82;-0.67:2.82;-0.67:2.82;-0.65:2.84;-0.65:2.84,-0.5979903:2.829563;-0.6137455:2.822465;-0.6047425:2.836171;-0.6120886:2.831843;-0.597042:2.825299;-0.6229252:2.830965;-0.5839201:2.829309;-0.5990098:2.83983;-0.5882071:2.824352;-0.5540982:2.808792;-0.5519793:2.808608;-0.5349233:2.822556
sigma3_hotel_seed42,HOTEL:biwi_hotel:371:16220,HOTEL,biwi_hotel,biwi_hotel:371,16220,3,0.06395331770181656,0.1172664687037468,0.0,0.0,0.0,0.0,1.0,-0.66:3.35;-0.66:3.35;-0.66:3.35;-0.66:3.35;-0.66:3.35;-0.66:3.35;-0.66:3.35;-0.66:3.35,-0.66:3.35;-0.66:3.35;-0.66:3.35;-0.66:3.35;-0.67:3.35;-0.69:3.35;-0.71:3.34;-0.72:3.34;-0.72:3.34;-0.78:3.18;-0.75:3.2;-0.72:3.32,-0.6679904:3.349563;-0.6837456:3.342465;-0.6747425:3.356171;-0.6820886:3.351843;-0.667042:3.345299;-0.6929252:3.350965;-0.6539202:3.349309;-0.6690099:3.35983;-0.6582072:3.344352;-0.6240983:3.328792;-0.6219794:3.328608;-0.6049234:3.342556
sigma3_hotel_seed42,HOTEL:biwi_hotel:356:16230,HOTEL,biwi_hotel,biwi_hotel:356,16230,3,0.1817803531885147,0.3370249271392822,0.02500000037252903,0.18298204243183136,0.7442489266395569,15.29410457611084,0.875,0.24:0.32;0.27:0.14;0.33:0.1;0.21:0.16;0.23:0.15;0.22:0.19;0.22:0.14;0.22:0.15,0.24:0.13;0.24:0.16;0.27:0.18;0.28:0.18;0.3:0.18;0.26:0.13;0.22:0.15;0.24:0.15;0.24:0.17;0.24:0.17;0.22:0.08;0.24:0.12,0.1970614:0.1461129;0.1817069:0.1417802;0.1709127:0.1462882;0.1407221:0.1390692;0.1215003:0.1406168;0.08868048:0.1386223;0.06243825:0.1218026;0.02044249:0.1192644;0.01743962:0.1261865;-0.01659425:0.1292299;-0.04309592:0.1102808;-0.0968236:0.1083523
sigma3_hotel_seed42,HOTEL:biwi_hotel:361:16230,HOTEL,biwi_hotel,biwi_hotel:361,16230,3,0.21926821768283844,0.22222797572612762,0.12747548520565033,0.11937317997217178,0.3334001898765564,3.2420084476470947,0.0,-0.89:-6.71;-0.89:-6.71;-0.89:-6.71;-0.87:-6.64;-0.85:-6.64;-0.86:-6.75;-0.86:-6.83;-0.85:-6.88,-0.71:-6.73;-0.66:-6.64;-0.71:-6.7;-0.72:-6.71;-0.72:-6.71;-0.72:-6.71;-0.72:-6.71;-0.72:-6.71;-0.72:-6.71;-0.72:-6.71;-0.72:-6.71;-0.72:-6.71,-0.8469135:-6.881345;-0.836471:-6.893159;-0.8201007:-6.872264;-0.8084491:-6.899394;-0.7960224:-6.888115;-0.7932644:-6.881876;-0.7850562:-6.916667;-0.7940185:-6.930429;-0.7573001:-6.922987;-0.7616:-6.923862;-0.7507855:-6.926876;-0.7707956:-6.926345
sigma3_hotel_seed42,HOTEL:biwi_hotel:369:16230,HOTEL,biwi_hotel,biwi_hotel:369,16230,3,0.061671968549489975,0.1165684387087822,0.0,0.0,0.0,0.0,1.0,-0.59:2.83;-0.59:2.83;-0.59:2.83;-0.59:2.83;-0.59:2.83;-0.59:2.83;-0.59:2.83;-0.59:2.83,-0.59:2.83;-0.59:2.83;-0.61:2.85;-0.63:2.85;-0.64:2.86;-0.67:2.82;-0.67:2.82;-0.67:2.82;-0.67:2.82;-0.65:2.84;-0.65:2.84;-0.65:2.84,-0.5979624:2.829567;-0.6136982:2.822481;-0.60471:2.836154;-0.6120383:2.831845;-0.5969794:2.825298;-0.6228175:2.83094;-0.5838368:2.829318;-0.5988976:2.839821;-0.5880747:2.824349;-0.5539612:2.808783;-0.5518117:2.808601;-0.5347473:2.822535
sigma3_hotel_seed42,HOTEL:biwi_hotel:371:16230,HOTEL,biwi_hotel,biwi_hotel:371,16230,3,0.06876108050346375,0.11528055369853973,0.0,0.0,0.0,0.0,1.0,-0.66:3.35;-0.66:3.35;-0.66:3.35;-0.66:3.35;-0.66:3.35;-0.66:3.35;-0.66:3.35;-0.66:3.35,-0.66:3.35;-0.66:3.35;-0.66:3.35;-0.67:3.35;-0.69:3.35;-0.71:3.34;-0.72:3.34;-0.72:3.34;-0.78:3.18;-0.75:3.2;-0.72:3.32;-0.72:3.34,-0.6679625:3.349567;-0.6836982:3.342481;-0.6747101:3.356153;-0.6820383:3.351845;-0.6669794:3.345298;-0.6928175:3.35094;-0.6538368:3.349318;-0.6688976:3.359821;-0.6580747:3.344349;-0.6239612:3.328783;-0.6218117:3.328601;-0.6047474:3.342535
sigma3_hotel_seed42,HOTEL:biwi_hotel:356:16240,HOTEL,biwi_hotel,biwi_hotel:356,16240,3,0.14980389177799225,0.2776143252849579,0.0707106813788414,0.12791110575199127,0.6326627731323242,16.83265495300293,0.625,0.27:0.14;0.33:0.1;0.21:0.16;0.23:0.15;0.22:0.19;0.22:0.14;0.22:0.15;0.24:0.13,0.24:0.16;0.27:0.18;0.28:0.18;0.3:0.18;0.26:0.13;0.22:0.15;0.24:0.15;0.24:0.17;0.24:0.17;0.22:0.08;0.24:0.12;0.22:0.13,0.2805137:0.1326244;0.3077123:0.1429821;0.3050883:0.1040954;0.3232262:0.1270473;0.3475808:0.1166136;0.3878392:0.08231863;0.3762536:0.11704;0.3981938:0.1024823;0.4368264:0.1176294;0.458243:0.0980794;0.4933801:0.08228946;0.4907936:0.06883997
sigma3_hotel_seed42,HOTEL:biwi_hotel:361:16240,HOTEL,biwi_hotel,biwi_hotel:361,16240,3,0.8739871978759766,1.511576533317566,0.5129570960998535,0.19265276193618774,0.5818764567375183,5.435276508331299,0.0,-0.89:-6.71;-0.89:-6.71;-0.87:-6.64;-0.85:-6.64;-0.86:-6.75;-0.86:-6.83;-0.85:-6.88;-0.71:-6.73,-0.66:-6.64;-0.71:-6.7;-0.72:-6.71;-0.72:-6.71;-0.72:-6.71;-0.72:-6.71;-0.72:-6.71;-0.72:-6.71;-0.72:-6.71;-0.72:-6.71;-0.72:-6.71;-0.72:-6.71,-0.5708013:-6.757898;-0.4097365:-6.739384;-0.243717:-6.774145;-0.1097265:-6.746018;-0.009796858:-6.748856;0.1354333:-6.79582;0.2178859:-6.773493;0.3667502:-6.765803;0.4586354:-6.734868;0.5505657:-6.679611;0.6635637:-6.764616;0.7889463:-6.79913
sigma3_hotel_seed42,HOTEL:biwi_hotel:369:16240,HOTEL,biwi_hotel,biwi_hotel:369,16240,3,0.06157584860920906,0.08388640731573105,0.0,0.0,0.0,0.0,1.0,-0.59:2.83;-0.59:2.83;-0.59:2.83;-0.59:2.83;-0.59:2.83;-0.59:2.83;-0.59:2.83;-0.59:2.83,-0.59:2.83;-0.61:2.85;-0.63:2.85;-0.64:2.86;-0.67:2.82;-0.67:2.82;-0.67:2.82;-0.67:2.82;-0.65:2.84;-0.65:2.84;-0.65:2.84;-0.6:2.77,-0.5979418:2.82957;-0.6136641:2.822492;-0.6046844:2.836142;-0.6119988:2.831846;-0.5969259:2.825296;-0.6227323:2.830923;-0.5837629:2.829323;-0.5988024:2.839813;-0.5879586:2.824343;-0.5538353:2.808769;-0.5516596:2.808592;-0.534585:2.822515
sigma3_hotel_seed42,HOTEL:biwi_hotel:371:16240,HOTEL,biwi_hotel,biwi_hotel:371,16240,3,0.07086977362632751,0.08388635516166687,0.0,0.0,0.0,0.0,1.0,-0.66:3.35;-0.66:3.35;-0.66:3.35;-0.66:3.35;-0.66:3.35;-0.66:3.35;-0.66:3.35;-0.66:3.35,-0.66:3.35;-0.66:3.35;-0.67:3.35;-0.69:3.35;-0.71:3.34;-0.72:3.34;-0.72:3.34;-0.78:3.18;-0.75:3.2;-0.72:3.32;-0.72:3.34;-0.67:3.29,-0.6679418:3.34957;-0.6836641:3.342492;-0.6746844:3.356142;-0.6819988:3.351846;-0.666926:3.345296;-0.6927323:3.350923;-0.6537629:3.349323;-0.6688024:3.359812;-0.6579587:3.344343;-0.6238353:3.328769;-0.6216596:3.328592;-0.6045851:3.342515
sigma3_hotel_seed42,HOTEL:biwi_hotel:356:16250,HOTEL,biwi_hotel,biwi_hotel:356,16250,3,0.053686123341321945,0.08998417109251022,0.07500000298023224,0.11287146061658859,0.4742659330368042,16.171611785888672,0.375,0.33:0.1;0.21:0.16;0.23:0.15;0.22:0.19;0.22:0.14;0.22:0.15;0.24:0.13;0.24:0.16,0.27:0.18;0.28:0.18;0.3:0.18;0.26:0.13;0.22:0.15;0.24:0.15;0.24:0.17;0.24:0.17;0.22:0.08;0.24:0.12;0.22:0.13;0.25:0.12,0.2246611:0.158254;0.21795:0.1482728;0.2195511:0.1708571;0.2179328:0.1457723;0.2142815:0.1601572;0.2011164:0.1578183;0.2110005:0.1353586;0.1833631:0.1229264;0.2058201:0.1300868;0.1906721:0.1341111;0.1853101:0.1263858;0.1609448:0.1328964
sigma3_hotel_seed42,HOTEL:biwi_hotel:361:16250,HOTEL,biwi_hotel,biwi_hotel:361,16250,3,0.08364931493997574,0.17451666295528412,0.2573907673358917,0.22942288219928741,0.6187154650688171,5.679106712341309,0.0,-0.89:-6.71;-0.87:-6.64;-0.85:-6.64;-0.86:-6.75;-0.86:-6.83;-0.85:-6.88;-0.71:-6.73;-0.66:-6.64,-0.71:-6.7;-0.72:-6.71;-0.72:-6.71;-0.72:-6.71;-0.72:-6.71;-0.72:-6.71;-0.72:-6.71;-0.72:-6.71;-0.72:-6.71;-0.72:-6.71;-0.72:-6.71;-0.62:-6.81,-0.6766751:-6.647582;-0.6751717:-6.651844;-0.6576375:-6.634676;-0.6539856:-6.64772;-0.6732488:-6.637174;-0.6880099:-6.642187;-0.6728066:-6.668537;-0.6816406:-6.6706;-0.6783233:-6.641263;-0.6922213:-6.632464;-0.7004037:-6.65001;-0.7117604:-6.661554
sigma3_hotel_seed42,HOTEL:biwi_hotel:369:16250,HOTEL,biwi_hotel,biwi_hotel:369,16250,3,0.07006794214248657,0.19961880147457123,0.0,0.0,0.0,0.0,1.0,-0.59:2.83;-0.59:2.83;-0.59:2.83;-0.59:2.83;-0.59:2.83;-0.59:2.83;-0.59:2.83;-0.59:2.83,-0.61:2.85;-0.63:2.85;-0.64:2.86;-0.67:2.82;-0.67:2.82;-0.67:2.82;-0.67:2.82;-0.65:2.84;-0.65:2.84;-0.65:2.84;-0.6:2.77;-0.7:2.71,-0.5980518:2.829555;-0.6138551:2.822425;-0.6048095:2.836215;-0.6121914:2.831837;-0.5971497:2.8253;-0.6231352:2.831021;-0.5840473:2.829289;-0.5992008:2.839846;-0.5884166:2.824339;-0.5542893:2.808784;-0.5522199:2.808603;-0.5351615:2.822587
sigma3_hotel_seed42,HOTEL:biwi_hotel:371:16250,HOTEL,biwi_hotel,biwi_hotel:371,16250,3,0.0724555030465126,0.10270150005817413,0.0,0.0,0.0,0.0,1.0,-0.66:3.35;-0.66:3.35;-0.66:3.35;-0.66:3.35;-0.66:3.35;-0.66:3.35;-0.66:3.35;-0.66:3.35,-0.66:3.35;-0.67:3.35;-0.69:3.35;-0.71:3.34;-0.72:3.34;-0.72:3.34;-0.78:3.18;-0.75:3.2;-0.72:3.32;-0.72:3.34;-0.67:3.29;-0.61:3.24,-0.6680518:3.349555;-0.6838552:3.342425;-0.6748096:3.356215;-0.6821914:3.351837;-0.6671497:3.3453;-0.6931353:3.351021;-0.6540474:3.349289;-0.6692009:3.359846;-0.6584167:3.344339;-0.6242893:3.328784;-0.6222199:3.328603;-0.6051615:3.342587
sigma3_hotel_seed42,HOTEL:biwi_hotel:380:16250,HOTEL,biwi_hotel,biwi_hotel:380,16250,3,3.7776002883911133,6.95065975189209,1.453444242477417,1.3946930170059204,0.17513082921504974,0.20610129833221436,0.0,1.82:3.63;1.9:3.12;2.01:2.57;2.09:2.01;2.17:1.46;2.24:0.9;2.27:0.34;2.31:-0.24,2.3:-0.81;2.27:-1.36;2.22:-1.94;2.17:-2.53;2.15:-3.09;2.16:-3.68;2.16:-4.28;2.21:-4.88;2.22:-5.48;2.2:-6.05;2.18:-6.65;2.18:-7.23,2.385211:-0.2903712;2.427134:-0.1913028;2.453926:-0.3889222;2.428422:-0.2431077;2.39083:-0.2418065;2.460781:-0.3134897;2.176565:-0.2155502;2.291555:-0.2689888;2.184064:-0.05866282;2.165452:-0.02931607;2.173658:-0.2020388;2.186453:-0.2793435
sigma3_hotel_seed42,HOTEL:biwi_hotel:356:16260,HOTEL,biwi_hotel,biwi_hotel:356,16260,3,0.20321394503116608,0.3430503010749817,0.09013878554105759,0.07783268392086029,0.34415969252586365,14.012811660766602,0.375,0.21:0.16;0.23:0.15;0.22:0.19;0.22:0.14;0.22:0.15;0.24:0.13;0.24:0.16;0.27:0.18,0.28:0.18;0.3:0.18;0.26:0.13;0.22:0.15;0.24:0.15;0.24:0.17;0.24:0.17;0.22:0.08;0.24:0.12;0.22:0.13;0.25:0.12;0.24:0.14,0.3100471:0.1824481;0.340671:0.1866661;0.348733:0.1629356;0.3754576:0.1716824;0.4051986:0.1671755;0.4467125:0.1437124;0.4460281:0.1594587;0.4705946:0.14269;0.5180802:0.1566912;0.5416163:0.1392883;0.5810679:0.1301768;0.5824219:0.1192452
sigma3_hotel_seed42,HOTEL:biwi_hotel:361:16260,HOTEL,biwi_hotel,biwi_hotel:361,16260,3,0.48620161414146423,0.8894246220588684,0.19525624811649323,0.2313162386417389,0.733587920665741,7.3405632972717285,0.0,-0.87:-6.64;-0.85:-6.64;-0.86:-6.75;-0.86:-6.83;-0.85:-6.88;-0.71:-6.73;-0.66:-6.64;-0.71:-6.7,-0.72:-6.71;-0.72:-6.71;-0.72:-6.71;-0.72:-6.71;-0.72:-6.71;-0.72:-6.71;-0.72:-6.71;-0.72:-6.71;-0.72:-6.71;-0.72:-6.71;-0.62:-6.81;-0.71:-6.72,-0.8041965:-6.699618;-0.8834163:-6.70904;-0.9394398:-6.673794;-1.003163:-6.694386;-1.097578:-6.682064;-1.1871:-6.665895;-1.215722:-6.708955;-1.296338:-6.709505;-1.360251:-6.680136;-1.438358:-6.680665;-1.519363:-6.664925;-1.597996:-6.669609
sigma3_hotel_seed42,HOTEL:biwi_hotel:369:16260,HOTEL,biwi_hotel,biwi_hotel:369,16260,3,0.08980091661214828,0.1858339160680771,0.0707106813788414,0.010101525112986565,0.02946278266608715,0.0,1.0,-0.59:2.83;-0.59:2.83;-0.59:2.83;-0.59:2.83;-0.59:2.83;-0.59:2.83;-0.59:2.83;-0.61:2.85,-0.63:2.85;-0.64:2.86;-0.67:2.82;-0.67:2.82;-0.67:2.82;-0.67:2.82;-0.65:2.84;-0.65:2.84;-0.65:2.84;-0.6:2.77;-0.7:2.71;-0.72:2.67,-0.6356986:2.848515;-0.6611922:2.842615;-0.672942:2.854571;-0.6973618:2.845857;-0.7041352:2.846341;-0.7372766:2.850834;-0.7385039:2.841966;-0.7728025:2.841738;-0.7715063:2.830901;-0.7788019:2.827566;-0.7937113:2.824533;-0.8125635:2.831141
sigma3_hotel_seed42,HOTEL:biwi_hotel:371:16260,HOTEL,biwi_hotel,biwi_hotel:371,16260,3,0.0742432177066803,0.10271722823381424,0.0,0.0,0.0,0.0,1.0,-0.66:3.35;-0.66:3.35;-0.66:3.35;-0.66:3.35;-0.66:3.35;-0.66:3.35;-0.66:3.35;-0.66:3.35,-0.67:3.35;-0.69:3.35;-0.71:3.34;-0.72:3.34;-0.72:3.34;-0.78:3.18;-0.75:3.2;-0.72:3.32;-0.72:3.34;-0.67:3.29;-0.61:3.24;-0.6:3.24,-0.6680518:3.349555;-0.6838552:3.342425;-0.6748096:3.356215;-0.6821914:3.351837;-0.6671497:3.3453;-0.6931353:3.351021;-0.6540474:3.349289;-0.6692009:3.359846;-0.6584167:3.344339;-0.6242893:3.328784;-0.6222199:3.328603;-0.6051615:3.342587
sigma3_hotel_seed42,HOTEL:biwi_hotel:380:16260,HOTEL,biwi_hotel,biwi_hotel:380,16260,3,3.8124377727508545,7.046693325042725,1.4252192974090576,1.4139256477355957,0.17616227269172668,0.25069910287857056,0.0,1.9:3.12;2.01:2.57;2.09:2.01;2.17:1.46;2.24:0.9;2.27:0.34;2.31:-0.24;2.3:-0.81,2.27:-1.36;2.22:-1.94;2.17:-2.53;2.15:-3.09;2.16:-3.68;2.16:-4.28;2.21:-4.88;2.22:-5.48;2.2:-6.05;2.18:-6.65;2.18:-7.23;2.12:-7.86,2.327882:-0.8582141;2.318157:-0.7529032;2.293808:-0.9556212;2.217611:-0.7992903;2.149747:-0.8004623;2.17245:-0.8821545;1.838189:-0.7579457;1.904903:-0.8073719;1.763336:-0.612317;1.717268:-0.5737766;1.684428:-0.7620649;1.670183:-0.8276783
sigma3_hotel_seed42,HOTEL:biwi_hotel:356:16270,HOTEL,biwi_hotel,biwi_hotel:356,16270,3,0.036967288702726364,0.0380534827709198,0.02500000037252903,0.07341815531253815,0.3128834068775177,12.321392059326172,0.25,0.23:0.15;0.22:0.19;0.22:0.14;0.22:0.15;0.24:0.13;0.24:0.16;0.27:0.18;0.28:0.18,0.3:0.18;0.26:0.13;0.22:0.15;0.24:0.15;0.24:0.17;0.24:0.17;0.22:0.08;0.24:0.12;0.22:0.13;0.25:0.12;0.24:0.14;0.22:0.13,0.2775247:0.1816574;0.2680911:0.1831557;0.2518122:0.1738997;0.24353:0.1776462;0.2500277:0.1745298;0.2484249:0.1648544;0.238917:0.1774111;0.2289108:0.166865;0.2472312:0.1600604;0.2517669:0.1500529;0.2607902:0.1490101;0.2543859:0.1462996
sigma3_hotel_seed42,HOTEL:biwi_hotel:361:16270,HOTEL,biwi_hotel,biwi_hotel:361,16270,3,0.23636536300182343,0.49319547414779663,0.0353553406894207,0.22922413051128387,0.6815188527107239,5.769766807556152,0.0,-0.85:-6.64;-0.86:-6.75;-0.86:-6.83;-0.85:-6.88;-0.71:-6.73;-0.66:-6.64;-0.71:-6.7;-0.72:-6.71,-0.72:-6.71;-0.72:-6.71;-0.72:-6.71;-0.72:-6.71;-0.72:-6.71;-0.72:-6.71;-0.72:-6.71;-0.72:-6.71;-0.72:-6.71;-0.62:-6.81;-0.71:-6.72;-0.65:-6.8,-0.7569403:-6.71066;-0.7874172:-6.714186;-0.8222318:-6.707099;-0.8569236:-6.719759;-0.883593:-6.71126;-0.9131015:-6.709583;-0.9595635:-6.723503;-1.00521:-6.737797;-1.010631:-6.742672;-1.060127:-6.733049;-1.086329:-6.736312;-1.13929:-6.738053
sigma3_hotel_seed42,HOTEL:biwi_hotel:369:16270,HOTEL,biwi_hotel,biwi_hotel:369,16270,3,0.0792013630270958,0.20853090286254883,0.05000000074505806,0.017244381830096245,0.0502961166203022,0.7853981852531433,1.0,-0.59:2.83;-0.59:2.83;-0.59:2.83;-0.59:2.83;-0.59:2.83;-0.59:2.83;-0.61:2.85;-0.63:2.85,-0.64:2.86;-0.67:2.82;-0.67:2.82;-0.67:2.82;-0.67:2.82;-0.65:2.84;-0.65:2.84;-0.65:2.84;-0.6:2.77;-0.7:2.71;-0.72:2.67;-0.57:2.7,-0.6523576:2.848191;-0.6746252:2.837934;-0.6713104:2.862586;-0.683959:2.84763;-0.6824807:2.849182;-0.7153479:2.863532;-0.6892368:2.846181;-0.7152575:2.8539;-0.7144855:2.839256;-0.7039257:2.833625;-0.7138289:2.837468;-0.7114813:2.853193
sigma3_hotel_seed42,HOTEL:biwi_hotel:371:16270,HOTEL,biwi_hotel,biwi_hotel:371,16270,3,0.08134225755929947,0.1441945731639862,0.02500000037252903,0.0035714285913854837,0.010416666977107525,0.0,1.0,-0.66:3.35;-0.66:3.35;-0.66:3.35;-0.66:3.35;-0.66:3.35;-0.66:3.35;-0.66:3.35;-0.67:3.35,-0.69:3.35;-0.71:3.34;-0.72:3.34;-0.72:3.34;-0.78:3.18;-0.75:3.2;-0.72:3.32;-0.72:3.34;-0.67:3.29;-0.61:3.24;-0.6:3.24;-0.6:3.24,-0.6834441:3.349025;-0.6993469:3.340665;-0.6921469:3.360717;-0.6973894:3.350386;-0.6926603:3.349194;-0.718419:3.361358;-0.6876161:3.349911;-0.7038684:3.359463;-0.7040345:3.348092;-0.6852776:3.340758;-0.691893:3.342586;-0.6809999:3.359294
sigma3_hotel_seed42,HOTEL:biwi_hotel:380:16270,HOTEL,biwi_hotel,biwi_hotel:380,16270,3,3.875516891479492,7.102386474609375,1.3770439624786377,1.4103275537490845,0.1726846694946289,0.23215000331401825,0.0,2.01:2.57;2.09:2.01;2.17:1.46;2.24:0.9;2.27:0.34;2.31:-0.24;2.3:-0.81;2.27:-1.36,2.22:-1.94;2.17:-2.53;2.15:-3.09;2.16:-3.68;2.16:-4.28;2.21:-4.88;2.22:-5.48;2.2:-6.05;2.18:-6.65;2.18:-7.23;2.12:-7.86;2.14:-8.41,2.259499:-1.404237;2.211597:-1.302462;2.156671:-1.491322;2.051393:-1.341007;1.958092:-1.341889;1.941507:-1.420113;1.593784:-1.297169;1.625411:-1.341788;1.461634:-1.156923;1.396918:-1.115381;1.331652:-1.301388;1.298073:-1.357692
sigma3_hotel_seed42,HOTEL:biwi_hotel:356:16280,HOTEL,biwi_hotel,biwi_hotel:356,16280,3,0.21119149029254913,0.29257628321647644,0.05000000074505806,0.06583563983440399,0.2289731353521347,9.42477798461914,0.125,0.22:0.19;0.22:0.14;0.22:0.15;0.24:0.13;0.24:0.16;0.27:0.18;0.28:0.18;0.3:0.18,0.26:0.13;0.22:0.15;0.24:0.15;0.24:0.17;0.24:0.17;0.22:0.08;0.24:0.12;0.22:0.13;0.25:0.12;0.24:0.14;0.22:0.13;0.27:0.14,0.3402483:0.1831441;0.3664599:0.1933422;0.3630615:0.15502;0.3816158:0.1773773;0.4074657:0.1668521;0.4479997:0.1336667;0.4374379:0.1686996;0.4605905:0.153192;0.5008856:0.1662519;0.5244608:0.1461228;0.561326:0.1323992;0.5618045:0.1187626
sigma3_hotel_seed42,HOTEL:biwi_hotel:361:16280,HOTEL,biwi_hotel,biwi_hotel:361,16280,3,0.3171224296092987,0.6007416844367981,0.0,0.18977642059326172,0.6633098721504211,5.679106712341309,0.0,-0.86:-6.75;-0.86:-6.83;-0.85:-6.88;-0.71:-6.73;-0.66:-6.64;-0.71:-6.7;-0.72:-6.71;-0.72:-6.71,-0.72:-6.71;-0.72:-6.71;-0.72:-6.71;-0.72:-6.71;-0.72:-6.71;-0.72:-6.71;-0.72:-6.71;-0.72:-6.71;-0.62:-6.81;-0.71:-6.72;-0.65:-6.8;-0.71:-6.72,-0.7704316:-6.710451;-0.8078726:-6.715726;-0.8557448:-6.701205;-0.8961368:-6.723213;-0.9398654:-6.70547;-0.9714415:-6.698308;-1.041949:-6.725092;-1.098638:-6.744116;-1.116525:-6.747519;-1.197751:-6.725605;-1.23637:-6.724187;-1.310724:-6.724603
sigma3_hotel_seed42,HOTEL:biwi_hotel:369:16280,HOTEL,biwi_hotel,biwi_hotel:369,16280,3,0.11807239800691605,0.25828346610069275,0.0353553406894207,0.022295145317912102,0.06502750515937805,1.5707963705062866,1.0,-0.59:2.83;-0.59:2.83;-0.59:2.83;-0.59:2.83;-0.59:2.83;-0.61:2.85;-0.63:2.85;-0.64:2.86,-0.67:2.82;-0.67:2.82;-0.67:2.82;-0.67:2.82;-0.65:2.84;-0.65:2.84;-0.65:2.84;-0.6:2.77;-0.7:2.71;-0.72:2.67;-0.57:2.7;-0.56:2.7,-0.6721873:2.856427;-0.7014233:2.838441;-0.6806174:2.883507;-0.6984593:2.858366;-0.6981941:2.858421;-0.7571413:2.888263;-0.7044747:2.851686;-0.7407242:2.873642;-0.7500007:2.855791;-0.7294474:2.850838;-0.7546159:2.85131;-0.7475111:2.877623
sigma3_hotel_seed42,HOTEL:biwi_hotel:371:16280,HOTEL,biwi_hotel,biwi_hotel:371,16280,3,0.09198737889528275,0.15010590851306915,0.05000000074505806,0.010714286006987095,0.02083333395421505,0.0,1.0,-0.66:3.35;-0.66:3.35;-0.66:3.35;-0.66:3.35;-0.66:3.35;-0.66:3.35;-0.67:3.35;-0.69:3.35,-0.71:3.34;-0.72:3.34;-0.72:3.34;-0.78:3.18;-0.75:3.2;-0.72:3.32;-0.72:3.34;-0.67:3.29;-0.61:3.24;-0.6:3.24;-0.6:3.24;-0.6:3.24,-0.7044055:3.348896;-0.7211151:3.340152;-0.7148849:3.360818;-0.7205085:3.349493;-0.7140322:3.349254;-0.7388271:3.361343;-0.7077335:3.34947;-0.7247963:3.357795;-0.7216604:3.344232;-0.7026817:3.335982;-0.7061241:3.340431;-0.6948951:3.356304
sigma3_hotel_seed42,HOTEL:biwi_hotel:380:16280,HOTEL,biwi_hotel,biwi_hotel:380,16280,3,3.8963911533355713,7.2701826095581055,1.4553779363632202,1.4162081480026245,0.19982582330703735,0.26110830903053284,0.0,2.09:2.01;2.17:1.46;2.24:0.9;2.27:0.34;2.31:-0.24;2.3:-0.81;2.27:-1.36;2.22:-1.94,2.17:-2.53;2.15:-3.09;2.16:-3.68;2.16:-4.28;2.21:-4.88;2.22:-5.48;2.2:-6.05;2.18:-6.65;2.18:-7.23;2.12:-7.86;2.14:-8.41;2.05:-9.18,2.224445:-1.988271;2.189361:-1.876063;2.135478:-2.088218;2.030018:-1.921975;1.947165:-1.923068;1.949162:-2.013477;1.577713:-1.869093;1.620256:-1.918301;1.460348:-1.730535;1.396378:-1.684854;1.34601:-1.885317;1.316939:-1.94687
sigma3_hotel_seed42,HOTEL:biwi_hotel:356:16290,HOTEL,biwi_hotel,biwi_hotel:356,16290,3,0.1442563533782959,0.2788572311401367,0.16007810831069946,0.0708467960357666,0.24782989919185638,8.528722763061523,0.125,0.22:0.14;0.22:0.15;0.24:0.13;0.24:0.16;0.27:0.18;0.28:0.18;0.3:0.18;0.26:0.13,0.22:0.15;0.24:0.15;0.24:0.17;0.24:0.17;0.22:0.08;0.24:0.12;0.22:0.13;0.25:0.12;0.24:0.14;0.22:0.13;0.27:0.14;0.24:0.15,0.2193598:0.1286468;0.1907575:0.1165234;0.1798624:0.149235;0.1625693:0.1208672;0.1323232:0.1360251;0.09419645:0.1440482;0.1008909:0.108248;0.05870627:0.09950623;0.05694477:0.1144854;0.02646498:0.1159361;-0.0009957552:0.1187503;-0.03748053:0.122325
sigma3_hotel_seed42,HOTEL:biwi_hotel:361:16290,HOTEL,biwi_hotel,biwi_hotel:361,16290,3,0.25668683648109436,0.5240711569786072,0.0,0.161204993724823,0.6303694844245911,5.481711387634277,0.0,-0.86:-6.83;-0.85:-6.88;-0.71:-6.73;-0.66:-6.64;-0.71:-6.7;-0.72:-6.71;-0.72:-6.71;-0.72:-6.71,-0.72:-6.71;-0.72:-6.71;-0.72:-6.71;-0.72:-6.71;-0.72:-6.71;-0.72:-6.71;-0.72:-6.71;-0.62:-6.81;-0.71:-6.72;-0.65:-6.8;-0.71:-6.72;-0.65:-6.75,-0.7583209:-6.709857;-0.7884359:-6.713174;-0.8292683:-6.705494;-0.8619519:-6.721069;-0.8933642:-6.708467;-0.916873:-6.705975;-0.9745718:-6.722838;-1.019535:-6.741256;-1.027202:-6.744906;-1.088327:-6.7307;-1.114928:-6.730358;-1.173783:-6.732612
sigma3_hotel_seed42,HOTEL:biwi_hotel:369:16290,HOTEL,biwi_hotel,biwi_hotel:369,16290,3,0.19937139749526978,0.3522488474845886,0.125,0.04015228897333145,0.12112297117710114,3.28348970413208,1.0,-0.59:2.83;-0.59:2.83;-0.59:2.83;-0.59:2.83;-0.61:2.85;-0.63:2.85;-0.64:2.86;-0.67:2.82,-0.67:2.82;-0.67:2.82;-0.67:2.82;-0.65:2.84;-0.65:2.84;-0.65:2.84;-0.6:2.77;-0.7:2.71;-0.72:2.67;-0.57:2.7;-0.56:2.7;-0.67:2.66,-0.7029977:2.81669;-0.726925:2.811068;-0.7426675:2.825227;-0.7696429:2.811207;-0.7931492:2.821042;-0.8287885:2.812367;-0.8369786:2.802309;-0.8865716:2.796329;-0.8881451:2.802642;-0.9214663:2.810113;-0.9501984:2.792335;-0.993615:2.799114
sigma3_hotel_seed42,HOTEL:biwi_hotel:371:16290,HOTEL,biwi_hotel,biwi_hotel:371,16290,3,0.11590990424156189,0.17563152313232422,0.055901698768138885,0.018700242042541504,0.03125,0.46364760398864746,1.0,-0.66:3.35;-0.66:3.35;-0.66:3.35;-0.66:3.35;-0.66:3.35;-0.67:3.35;-0.69:3.35;-0.71:3.34,-0.72:3.34;-0.72:3.34;-0.78:3.18;-0.75:3.2;-0.72:3.32;-0.72:3.34;-0.67:3.29;-0.61:3.24;-0.6:3.24;-0.6:3.24;-0.6:3.24;-0.6:3.24,-0.7271076:3.338424;-0.7440257:3.328848;-0.7383491:3.351233;-0.7463884:3.337531;-0.7418651:3.338563;-0.7684692:3.353153;-0.7412831:3.336161;-0.7608594:3.343586;-0.7576279:3.329866;-0.7444317:3.322709;-0.7487157:3.328399;-0.7429425:3.342048
sigma3_hotel_seed42,HOTEL:biwi_hotel:380:16290,HOTEL,biwi_hotel,biwi_hotel:380,16290,3,3.909815788269043,7.271839141845703,1.4802870750427246,1.4291821718215942,0.1955111026763916,0.24247226119041443,0.0,2.17:1.46;2.24:0.9;2.27:0.34;2.31:-0.24;2.3:-0.81;2.27:-1.36;2.22:-1.94;2.17:-2.53,2.15:-3.09;2.16:-3.68;2.16:-4.28;2.21:-4.88;2.22:-5.48;2.2:-6.05;2.18:-6.65;2.18:-7.23;2.12:-7.86;2.14:-8.41;2.05:-9.18;1.98:-9.78,2.180062:-2.579489;2.151274:-2.464675;2.09973:-2.682321;1.996623:-2.513142;1.917318:-2.512871;1.92721:-2.605451;1.550781:-2.45784;1.598803:-2.50902;1.441601:-2.319134;1.377161:-2.272314;1.334014:-2.474949;1.30684:-2.539385
sigma3_hotel_seed42,HOTEL:biwi_hotel:382:16290,HOTEL,biwi_hotel,biwi_hotel:382,16290,3,3.0574398040771484,5.672605514526367,1.175265908241272,1.0786011219024658,0.6252555847167969,0.6036142110824585,1.625,3.29:-10.05;3.26:-9.71;3.24:-9.32;3.31:-8.94;3.41:-8.38;3.42:-7.97;3.47:-7.52;3.48:-7.05,3.4:-6.57;3.29:-6.11;3.16:-5.63;3.04:-5.18;3.05:-4.71;3.06:-4.28;3:-3.8;2.98:-3.33;2.94:-2.83;2.86:-2.33;2.83:-1.85;2.8:-1.41,3.523788:-7.087216;3.530319:-7.011699;3.544983:-7.16395;3.520045:-7.038906;3.458407:-7.055495;3.485236:-7.116219;3.261415:-7.043452;3.348668:-7.070172;3.225904:-6.887874;3.216012:-6.865669;3.177491:-7.010049;3.182533:-7.069693
sigma3_hotel_seed42,HOTEL:biwi_hotel:383:16290,HOTEL,biwi_hotel,biwi_hotel:383,16290,3,3.160878896713257,5.897374629974365,1.125,1.1314595937728882,0.4823248088359833,0.7107598185539246,1.625,3.84:-10.31;3.92:-9.78;3.93:-9.32;3.92:-8.92;3.93:-8.46;3.83:-8.04;3.83:-7.61;3.83:-7.16,3.84:-6.65;3.78:-6.09;3.81:-5.75;3.76:-5.26;3.76:-4.78;3.71:-4.27;3.7:-3.75;3.69:-3.22;3.68:-2.73;3.46:-2.26;3.64:-1.77;3.43:-1.28,3.870867:-7.196206;3.874367:-7.120639;3.884201:-7.27292;3.857464:-7.146204;3.793136:-7.16449;3.81891:-7.227708;3.593925:-7.151766;3.678842:-7.17555;3.553437:-6.998231;3.541007:-6.974223;3.500226:-7.11743;3.503797:-7.176913
sigma3_hotel_seed42,HOTEL:biwi_hotel:356:16300,HOTEL,biwi_hotel,biwi_hotel:356,16300,3,0.41309988498687744,0.8009441494941711,0.11180339753627777,0.08324728161096573,0.28318873047828674,7.532230854034424,0.125,0.22:0.15;0.24:0.13;0.24:0.16;0.27:0.18;0.28:0.18;0.3:0.18;0.26:0.13;0.22:0.15,0.24:0.15;0.24:0.17;0.24:0.17;0.22:0.08;0.24:0.12;0.22:0.13;0.25:0.12;0.24:0.14;0.22:0.13;0.27:0.14;0.24:0.15;0.27:0.16,0.1497752:0.1459982;0.09509665:0.1381166;0.04887199:0.1609436;-0.01354869:0.1388167;-0.06685495:0.1538699;-0.1325394:0.1606082;-0.1896969:0.1337424;-0.2735269:0.1261674;-0.3044489:0.1190131;-0.3866564:0.1420923;-0.4476899:0.1309073;-0.5306374:0.1378334
sigma3_hotel_seed42,HOTEL:biwi_hotel:361:16300,HOTEL,biwi_hotel,biwi_hotel:361,16300,3,0.06954888254404068,0.18250912427902222,0.0,0.1429942101240158,0.38189321756362915,3.2884433269500732,0.0,-0.85:-6.88;-0.71:-6.73;-0.66:-6.64;-0.71:-6.7;-0.72:-6.71;-0.72:-6.71;-0.72:-6.71;-0.72:-6.71,-0.72:-6.71;-0.72:-6.71;-0.72:-6.71;-0.72:-6.71;-0.72:-6.71;-0.72:-6.71;-0.62:-6.81;-0.71:-6.72;-0.65:-6.8;-0.71:-6.72;-0.65:-6.75;-0.59:-6.78,-0.719955:-6.708266;-0.7245788:-6.705971;-0.7421863:-6.719238;-0.7516963:-6.715765;-0.7475295:-6.718583;-0.7461164:-6.729825;-0.768243:-6.720589;-0.778088:-6.735776;-0.7562336:-6.737242;-0.7613014:-6.745497;-0.752683:-6.750262;-0.7713493:-6.759458
sigma3_hotel_seed42,HOTEL:biwi_hotel:369:16300,HOTEL,biwi_hotel,biwi_hotel:369,16300,3,0.11240720003843307,0.1670970767736435,0.0,0.04015228897333145,0.17320631444454193,3.28348970413208,1.0,-0.59:2.83;-0.59:2.83;-0.59:2.83;-0.61:2.85;-0.63:2.85;-0.64:2.86;-0.67:2.82;-0.67:2.82,-0.67:2.82;-0.67:2.82;-0.65:2.84;-0.65:2.84;-0.65:2.84;-0.6:2.77;-0.7:2.71;-0.72:2.67;-0.57:2.7;-0.56:2.7;-0.67:2.66;-0.68:2.64,-0.6805827:2.82056;-0.6947855:2.81872;-0.7081856:2.818873;-0.7206334:2.816316;-0.7183266:2.815368;-0.7302567:2.812693;-0.7359218:2.814825;-0.7533895:2.807536;-0.7403108:2.799144;-0.7402077:2.791923;-0.7387124:2.791717;-0.7487472:2.7923
sigma3_hotel_seed42,HOTEL:biwi_hotel:371:16300,HOTEL,biwi_hotel,biwi_hotel:371,16300,3,0.15372341871261597,0.16498242318630219,0.02500000037252903,0.022271672263741493,0.04598139226436615,0.9272952079772949,1.0,-0.66:3.35;-0.66:3.35;-0.66:3.35;-0.66:3.35;-0.67:3.35;-0.69:3.35;-0.71:3.34;-0.72:3.34,-0.72:3.34;-0.78:3.18;-0.75:3.2;-0.72:3.32;-0.72:3.34;-0.67:3.29;-0.61:3.24;-0.6:3.24;-0.6:3.24;-0.6:3.24;-0.6:3.24;-0.67:3.27,-0.7450851:3.337425;-0.7675456:3.32356;-0.7534089:3.358845;-0.7649163:3.338665;-0.7666719:3.339735;-0.8103761:3.363899;-0.7716551:3.335031;-0.7988423:3.350999;-0.8081731:3.338257;-0.7946405:3.335227;-0.8147585:3.336445;-0.8091434:3.358647
sigma3_hotel_seed42,HOTEL:biwi_hotel:382:16300,HOTEL,biwi_hotel,biwi_hotel:382,16300,3,3.009685754776001,5.6525163650512695,1.216552495956421,1.1304939985275269,0.6664677262306213,0.7532660961151123,1.625,3.26:-9.71;3.24:-9.32;3.31:-8.94;3.41:-8.38;3.42:-7.97;3.47:-7.52;3.48:-7.05;3.4:-6.57,3.29:-6.11;3.16:-5.63;3.04:-5.18;3.05:-4.71;3.06:-4.28;3:-3.8;2.98:-3.33;2.94:-2.83;2.86:-2.33;2.83:-1.85;2.8:-1.41;2.79:-0.92,3.309308:-6.594022;3.196766:-6.531569;3.110836:-6.625532;2.993639:-6.536597;2.838866:-6.534099;2.742679:-6.570487;2.46963:-6.527399;2.445871:-6.546121;2.252432:-6.384327;2.157962:-6.349244;2.028313:-6.470971;1.962015:-6.511546
sigma3_hotel_seed42,HOTEL:biwi_hotel:383:16300,HOTEL,biwi_hotel,biwi_hotel:383,16300,3,3.1361703872680664,5.830316066741943,1.2752450704574585,1.122207522392273,0.4425671696662903,0.6022884249687195,1.625,3.92:-9.78;3.93:-9.32;3.92:-8.92;3.93:-8.46;3.83:-8.04;3.83:-7.61;3.83:-7.16;3.84:-6.65,3.78:-6.09;3.81:-5.75;3.76:-5.26;3.76:-4.78;3.71:-4.27;3.7:-3.75;3.69:-3.22;3.68:-2.73;3.46:-2.26;3.64:-1.77;3.43:-1.28;3.36:-0.84,3.874041:-6.690694;3.869974:-6.611833;3.879557:-6.767342;3.838704:-6.643611;3.774738:-6.653376;3.787825:-6.709356;3.544348:-6.635815;3.619759:-6.672788;3.492613:-6.481136;3.477596:-6.459702;3.4329:-6.613597;3.432461:-6.669866
sigma3_hotel_seed42,HOTEL:biwi_hotel:356:16310,HOTEL,biwi_hotel,biwi_hotel:356,16310,3,0.07408089935779572,0.12296105176210403,0.05000000074505806,0.0802886113524437,0.292974054813385,7.8539814949035645,0.0,0.24:0.13;0.24:0.16;0.27:0.18;0.28:0.18;0.3:0.18;0.26:0.13;0.22:0.15;0.24:0.15,0.24:0.17;0.24:0.17;0.22:0.08;0.24:0.12;0.22:0.13;0.25:0.12;0.24:0.14;0.22:0.13;0.27:0.14;0.24:0.15;0.27:0.16;0.29:0.14,0.2214517:0.1488164;0.2006624:0.1408068;0.2006699:0.1571206;0.1846385:0.1471609;0.1896249:0.1455194;0.1590496:0.1537573;0.1789785:0.1432548;0.1533626:0.1477292;0.1617463:0.1330968;0.1740333:0.1238195;0.1689096:0.1247416;0.1671721:0.1342779
sigma3_hotel_seed42,HOTEL:biwi_hotel:361:16310,HOTEL,biwi_hotel,biwi_hotel:361,16310,3,0.04698081687092781,0.03769360110163689,0.0,0.06971462070941925,0.2692197263240814,3.0446128845214844,0.0,-0.71:-6.73;-0.66:-6.64;-0.71:-6.7;-0.72:-6.71;-0.72:-6.71;-0.72:-6.71;-0.72:-6.71;-0.72:-6.71,-0.72:-6.71;-0.72:-6.71;-0.72:-6.71;-0.72:-6.71;-0.72:-6.71;-0.62:-6.81;-0.71:-6.72;-0.65:-6.8;-0.71:-6.72;-0.65:-6.75;-0.59:-6.78;-0.7:-6.71,-0.7154626:-6.708086;-0.7179629:-6.704325;-0.7337374:-6.720188;-0.7381752:-6.712034;-0.7297723:-6.716782;-0.7231558:-6.728723;-0.7360612:-6.712547;-0.7386739:-6.723743;-0.7189122:-6.72792;-0.7138007:-6.739728;-0.6989968:-6.740591;-0.7044955:-6.747425
sigma3_hotel_seed42,HOTEL:biwi_hotel:369:16310,HOTEL,biwi_hotel,biwi_hotel:369,16310,3,0.10652607679367065,0.227023646235466,0.0,0.04015228897333145,0.17320631444454193,3.28348970413208,1.125,-0.59:2.83;-0.59:2.83;-0.61:2.85;-0.63:2.85;-0.64:2.86;-0.67:2.82;-0.67:2.82;-0.67:2.82,-0.67:2.82;-0.65:2.84;-0.65:2.84;-0.65:2.84;-0.6:2.77;-0.7:2.71;-0.72:2.67;-0.57:2.7;-0.56:2.7;-0.67:2.66;-0.68:2.64;-0.7:2.62,-0.6653695:2.821329;-0.6672809:2.820127;-0.6677936:2.819134;-0.6633727:2.820159;-0.6504566:2.816298;-0.6493366:2.815517;-0.6352768:2.821259;-0.6335079:2.819786;-0.6190968:2.812893;-0.5987347:2.800721;-0.5855345:2.803864;-0.5728855:2.8081
sigma3_hotel_seed42,HOTEL:biwi_hotel:371:16310,HOTEL,biwi_hotel,biwi_hotel:371,16310,3,0.13165493309497833,0.17200413346290588,0.0,0.022271672263741493,0.05639805644750595,0.9272952079772949,1.125,-0.66:3.35;-0.66:3.35;-0.66:3.35;-0.67:3.35;-0.69:3.35;-0.71:3.34;-0.72:3.34;-0.72:3.34,-0.78:3.18;-0.75:3.2;-0.72:3.32;-0.72:3.34;-0.67:3.29;-0.61:3.24;-0.6:3.24;-0.6:3.24;-0.6:3.24;-0.6:3.24;-0.67:3.27;-0.61:3.24,-0.7274953:3.339508;-0.7356727:3.334583;-0.7320158:3.345862;-0.7345873:3.340069;-0.7349483:3.338243;-0.7517389:3.347874;-0.7362015:3.338916;-0.7457599:3.345224;-0.7498235:3.341284;-0.7414369:3.336628;-0.7484367:3.335536;-0.7450734:3.346492
sigma3_hotel_seed42,HOTEL:biwi_hotel:382:16310,HOTEL,biwi_hotel,biwi_hotel:382,16310,3,3.0489540100097656,5.674064636230469,1.1824233531951904,1.159942865371704,0.6096986532211304,0.5894345641136169,1.625,3.24:-9.32;3.31:-8.94;3.41:-8.38;3.42:-7.97;3.47:-7.52;3.48:-7.05;3.4:-6.57;3.29:-6.11,3.16:-5.63;3.04:-5.18;3.05:-4.71;3.06:-4.28;3:-3.8;2.98:-3.33;2.94:-2.83;2.86:-2.33;2.83:-1.85;2.8:-1.41;2.79:-0.92;2.82:-0.51,3.153529:-6.130162;3.002715:-6.071872;2.882781:-6.145266;2.735314:-6.070436;2.549402:-6.057965;2.416194:-6.084598;2.125649:-6.053806;2.066041:-6.071523;1.850254:-5.918686;1.722407:-5.876883;1.567702:-5.986453;1.478025:-6.023086
sigma3_hotel_seed42,HOTEL:biwi_hotel:383:16310,HOTEL,biwi_hotel,biwi_hotel:383,16310,3,3.0472280979156494,5.725958824157715,1.4080127477645874,1.1590276956558228,0.46629393100738525,0.6818988919258118,1.625,3.93:-9.32;3.92:-8.92;3.93:-8.46;3.83:-8.04;3.83:-7.61;3.83:-7.16;3.84:-6.65;3.78:-6.09,3.81:-5.75;3.76:-5.26;3.76:-4.78;3.71:-4.27;3.7:-3.75;3.69:-3.22;3.68:-2.73;3.46:-2.26;3.64:-1.77;3.43:-1.28;3.36:-0.84;3.36:-0.38,3.771629:-6.13154;3.72665:-6.041452;3.687454:-6.208574;3.597519:-6.074456;3.506286:-6.076729;3.486225:-6.141644;3.177951:-6.043375;3.213533:-6.08448;3.05702:-5.900459;3.004143:-5.865993;2.935835:-6.035238;2.908572:-6.088136
sigma3_hotel_seed42,HOTEL:biwi_hotel:356:16320,HOTEL,biwi_hotel,biwi_hotel:356,16320,3,0.048546794801950455,0.07993733137845993,0.05000000074505806,0.07671718299388885,0.28949645161628723,8.441984176635742,0.0,0.24:0.16;0.27:0.18;0.28:0.18;0.3:0.18;0.26:0.13;0.22:0.15;0.24:0.15;0.24:0.17,0.24:0.17;0.22:0.08;0.24:0.12;0.22:0.13;0.25:0.12;0.24:0.14;0.22:0.13;0.27:0.14;0.24:0.15;0.27:0.16;0.29:0.14;0.29:0.08,0.2486737:0.1718042;0.2454461:0.1735832;0.2394996:0.1620943;0.239878:0.1702217;0.2577507:0.1633554;0.2618127:0.1488556;0.2710755:0.1687517;0.2692893:0.1631392;0.2942393:0.15684;0.3193696:0.1402682;0.3370228:0.1367006;0.3452411:0.1377789
sigma3_hotel_seed42,HOTEL:biwi_hotel:361:16320,HOTEL,biwi_hotel,biwi_hotel:361,16320,3,0.100253164768219,0.10179372131824493,0.0,0.032944511622190475,0.0814305990934372,0.09065988659858704,0.0,-0.66:-6.64;-0.71:-6.7;-0.72:-6.71;-0.72:-6.71;-0.72:-6.71;-0.72:-6.71;-0.72:-6.71;-0.72:-6.71,-0.72:-6.71;-0.72:-6.71;-0.72:-6.71;-0.72:-6.71;-0.62:-6.81;-0.71:-6.72;-0.65:-6.8;-0.71:-6.72;-0.65:-6.75;-0.59:-6.78;-0.7:-6.71;-0.72:-6.71,-0.7270163:-6.708364;-0.7387999:-6.706796;-0.7605708:-6.716085;-0.7731138:-6.714486;-0.7722822:-6.715515;-0.7756866:-6.72502;-0.7969546:-6.715514;-0.8117885:-6.730083;-0.7947536:-6.735304;-0.8017728:-6.741619;-0.7973896:-6.743631;-0.8140992:-6.748824
sigma3_hotel_seed42,HOTEL:biwi_hotel:369:16320,HOTEL,biwi_hotel,biwi_hotel:369,16320,3,0.14088478684425354,0.15280474722385406,0.0,0.04015228897333145,0.14374352991580963,3.28348970413208,1.25,-0.59:2.83;-0.61:2.85;-0.63:2.85;-0.64:2.86;-0.67:2.82;-0.67:2.82;-0.67:2.82;-0.67:2.82,-0.65:2.84;-0.65:2.84;-0.65:2.84;-0.6:2.77;-0.7:2.71;-0.72:2.67;-0.57:2.7;-0.56:2.7;-0.67:2.66;-0.68:2.64;-0.7:2.62;-0.57:2.69,-0.6386763:2.821463;-0.6156205:2.824931;-0.6101685:2.804354;-0.5916965:2.812838;-0.5679123:2.808181;-0.5374747:2.78656;-0.5382645:2.801035;-0.5230597:2.788209;-0.4839068:2.799915;-0.4648339:2.784048;-0.4341884:2.773656;-0.4371333:2.76547
sigma3_hotel_seed42,HOTEL:biwi_hotel:371:16320,HOTEL,biwi_hotel,biwi_hotel:371,16320,3,0.2560247778892517,0.39592188596725464,0.42720019817352295,0.08330027014017105,0.23439814150333405,2.1393208503723145,1.25,-0.66:3.35;-0.66:3.35;-0.67:3.35;-0.69:3.35;-0.71:3.34;-0.72:3.34;-0.72:3.34;-0.78:3.18,-0.75:3.2;-0.72:3.32;-0.72:3.34;-0.67:3.29;-0.61:3.24;-0.6:3.24;-0.6:3.24;-0.6:3.24;-0.6:3.24;-0.67:3.27;-0.61:3.24;-0.6:3.24,-0.798463:3.161642;-0.7991255:3.17933;-0.779062:3.156001;-0.7874596:3.19664;-0.8453883:3.188552;-0.8628926:3.160402;-0.8908665:3.157324;-0.8715461:3.191704;-0.9419535:3.255131;-0.9642461:3.274259;-0.9892823:3.227123;-0.9925953:3.188784
sigma3_hotel_seed42,HOTEL:biwi_hotel:382:16320,HOTEL,biwi_hotel,biwi_hotel:382,16320,3,3.138991117477417,5.794323921203613,1.2432316541671753,1.199549674987793,0.4490751028060913,0.613740861415863,1.75,3.31:-8.94;3.41:-8.38;3.42:-7.97;3.47:-7.52;3.48:-7.05;3.4:-6.57;3.29:-6.11;3.16:-5.63,3.04:-5.18;3.05:-4.71;3.06:-4.28;3:-3.8;2.98:-3.33;2.94:-2.83;2.86:-2.33;2.83:-1.85;2.8:-1.41;2.79:-0.92;2.82:-0.51;2.83:-0.1,2.953067:-5.6469;2.740211:-5.592024;2.568977:-5.639987;2.367387:-5.584185;2.136228:-5.555261;1.939229:-5.566256;1.6105:-5.550056;1.49156:-5.572468;1.240477:-5.424704;1.065209:-5.375272;0.8678439:-5.477439;0.7413018:-5.504769
sigma3_hotel_seed42,HOTEL:biwi_hotel:383:16320,HOTEL,biwi_hotel,biwi_hotel:383,16320,3,3.185715913772583,5.803009033203125,0.8533024191856384,1.138026237487793,0.648014485836029,0.829911470413208,1.625,3.92:-8.92;3.93:-8.46;3.83:-8.04;3.83:-7.61;3.83:-7.16;3.84:-6.65;3.78:-6.09;3.81:-5.75,3.76:-5.26;3.76:-4.78;3.71:-4.27;3.7:-3.75;3.69:-3.22;3.68:-2.73;3.46:-2.26;3.64:-1.77;3.43:-1.28;3.36:-0.84;3.36:-0.38;3.35:0.06,3.825624:-5.77513;3.81662:-5.715019;3.812372:-5.830714;3.795309:-5.722288;3.707258:-5.745573;3.721236:-5.804642;3.536713:-5.750839;3.61107:-5.752156;3.479487:-5.601911;3.451671:-5.571074;3.395935:-5.682134;3.391748:-5.742859
sigma3_hotel_seed42,HOTEL:biwi_hotel:356:16330,HOTEL,biwi_hotel,biwi_hotel:356,16330,3,0.11511540412902832,0.20126932859420776,0.0,0.06384021788835526,0.2808670103549957,7.8539814949035645,0.0,0.27:0.18;0.28:0.18;0.3:0.18;0.26:0.13;0.22:0.15;0.24:0.15;0.24:0.17;0.24:0.17,0.22:0.08;0.24:0.12;0.22:0.13;0.25:0.12;0.24:0.14;0.22:0.13;0.27:0.14;0.24:0.15;0.27:0.16;0.29:0.14;0.29:0.08;0.27:0.06,0.2302609:0.1727536;0.2191009:0.1746619;0.1876289:0.1659335;0.1771525:0.1625068;0.1701632:0.1678715;0.1753192:0.1597358;0.1342497:0.1637633;0.1197704:0.1411359;0.1347204:0.1385669;0.1080443:0.1397337;0.1111567:0.1423844;0.08314146:0.1347879
sigma3_hotel_seed42,HOTEL:biwi_hotel:361:16330,HOTEL,biwi_hotel,biwi_hotel:361,16330,3,0.07467187941074371,0.07870383560657501,0.0,0.005050762556493282,0.014731391333043575,0.0,0.0,-0.71:-6.7;-0.72:-6.71;-0.72:-6.71;-0.72:-6.71;-0.72:-6.71;-0.72:-6.71;-0.72:-6.71;-0.72:-6.71,-0.72:-6.71;-0.72:-6.71;-0.72:-6.71;-0.62:-6.81;-0.71:-6.72;-0.65:-6.8;-0.71:-6.72;-0.65:-6.75;-0.59:-6.78;-0.7:-6.71;-0.72:-6.71;-0.72:-6.71,-0.7171756:-6.711201;-0.7195348:-6.707226;-0.7294197:-6.72541;-0.7430086:-6.712248;-0.7417541:-6.720017;-0.7473528:-6.738832;-0.7594483:-6.722255;-0.7751158:-6.724053;-0.7651787:-6.719431;-0.7655919:-6.730749;-0.7646905:-6.74719;-0.7869253:-6.751416
sigma3_hotel_seed42,HOTEL:biwi_hotel:369:16330,HOTEL,biwi_hotel,biwi_hotel:369,16330,3,0.37821757793426514,0.6073585152626038,0.0707106813788414,0.04015228897333145,0.15237297117710114,5.497786998748779,1.375,-0.61:2.85;-0.63:2.85;-0.64:2.86;-0.67:2.82;-0.67:2.82;-0.67:2.82;-0.67:2.82;-0.65:2.84,-0.65:2.84;-0.65:2.84;-0.6:2.77;-0.7:2.71;-0.72:2.67;-0.57:2.7;-0.56:2.7;-0.67:2.66;-0.68:2.64;-0.7:2.62;-0.57:2.69;-0.56:2.7,-0.5715818:2.845415;-0.5142262:2.854223;-0.4913129:2.81494;-0.4307556:2.832863;-0.3711888:2.822939;-0.286413:2.790685;-0.2681445:2.825767;-0.2049851:2.798377;-0.1265379:2.814819;-0.06612915:2.786426;0.007607579:2.784142;0.04330784:2.770029
sigma3_hotel_seed42,HOTEL:biwi_hotel:371:16330,HOTEL,biwi_hotel,biwi_hotel:371,16330,3,0.17065000534057617,0.21060168743133545,0.09013878554105759,0.09617723524570465,0.4336128532886505,4.656890392303467,1.375,-0.66:3.35;-0.67:3.35;-0.69:3.35;-0.71:3.34;-0.72:3.34;-0.72:3.34;-0.78:3.18;-0.75:3.2,-0.72:3.32;-0.72:3.34;-0.67:3.29;-0.61:3.24;-0.6:3.24;-0.6:3.24;-0.6:3.24;-0.6:3.24;-0.67:3.27;-0.61:3.24;-0.6:3.24;-0.6:3.24,-0.7724495:3.197281;-0.7781568:3.183313;-0.7664515:3.220126;-0.7607988:3.183356;-0.7716289:3.202585;-0.7899563:3.211611;-0.7632432:3.170242;-0.7855362:3.152415;-0.760294:3.170631;-0.7751696:3.175165;-0.7829669:3.174616;-0.8001763:3.174559
sigma3_hotel_seed42,HOTEL:biwi_hotel:382:16330,HOTEL,biwi_hotel,biwi_hotel:382,16330,3,3.138265371322632,5.752727031707764,1.1643130779266357,1.1627163887023926,0.29979825019836426,0.4653034210205078,1.875,3.41:-8.38;3.42:-7.97;3.47:-7.52;3.48:-7.05;3.4:-6.57;3.29:-6.11;3.16:-5.63;3.04:-5.18,3.05:-4.71;3.06:-4.28;3:-3.8;2.98:-3.33;2.94:-2.83;2.86:-2.33;2.83:-1.85;2.8:-1.41;2.79:-0.92;2.82:-0.51;2.83:-0.1;2.79:0.36,2.860091:-5.195016;2.672739:-5.142513;2.521097:-5.193419;2.347455:-5.132857;2.13052:-5.113448;1.960504:-5.130959;1.659441:-5.113845;1.566114:-5.127445;1.328596:-4.983407;1.171456:-4.936663;0.989928:-5.033426;0.8776698:-5.065575
sigma3_hotel_seed42,HOTEL:biwi_hotel:383:16330,HOTEL,biwi_hotel,biwi_hotel:383,16330,3,3.1850216388702393,5.783940315246582,1.2313610315322876,1.1496104001998901,0.7031738758087158,0.7641288042068481,1.75,3.93:-8.46;3.83:-8.04;3.83:-7.61;3.83:-7.16;3.84:-6.65;3.78:-6.09;3.81:-5.75;3.76:-5.26,3.76:-4.78;3.71:-4.27;3.7:-3.75;3.69:-3.22;3.68:-2.73;3.46:-2.26;3.64:-1.77;3.43:-1.28;3.36:-0.84;3.36:-0.38;3.35:0.06;3.3:0.51,3.795853:-5.294365;3.794434:-5.220309;3.79952:-5.369203;3.771027:-5.243064;3.701912:-5.263502;3.722606:-5.327507;3.499675:-5.251914;3.580588:-5.271883;3.451565:-5.097726;3.437377:-5.073499;3.390807:-5.214919;3.391458:-5.273217
sigma3_hotel_seed42,HOTEL:biwi_hotel:356:16340,HOTEL,biwi_hotel,biwi_hotel:356,16340,3,0.05722075700759888,0.020342513918876648,0.2304886132478714,0.09319572895765305,0.3664872646331787,10.776905059814453,0.0,0.28:0.18;0.3:0.18;0.26:0.13;0.22:0.15;0.24:0.15;0.24:0.17;0.24:0.17;0.22:0.08,0.24:0.12;0.22:0.13;0.25:0.12;0.24:0.14;0.22:0.13;0.27:0.14;0.24:0.15;0.27:0.16;0.29:0.14;0.29:0.08;0.27:0.06;0.27:0.04,0.2151724:0.07193919;0.2257857:0.0675651;0.2522125:0.0828431;0.2642283:0.07016884;0.2587335:0.07968808;0.2546209:0.07331941;0.2765655:0.05125234;0.2746721:0.04810719;0.2892958:0.07205084;0.2864897:0.08142643;0.2873419:0.06157852;0.2850015:0.05373946
sigma3_hotel_seed42,HOTEL:biwi_hotel:361:16340,HOTEL,biwi_hotel,biwi_hotel:361,16340,3,0.06487495452165604,0.05533935874700546,0.0,0.0,0.0,0.0,0.0,-0.72:-6.71;-0.72:-6.71;-0.72:-6.71;-0.72:-6.71;-0.72:-6.71;-0.72:-6.71;-0.72:-6.71;-0.72:-6.71,-0.72:-6.71;-0.72:-6.71;-0.62:-6.81;-0.71:-6.72;-0.65:-6.8;-0.71:-6.72;-0.65:-6.75;-0.59:-6.78;-0.7:-6.71;-0.72:-6.71;-0.72:-6.71;-0.72:-6.71,-0.7280512:-6.710444;-0.7438539:-6.717574;-0.7348089:-6.703785;-0.7421902:-6.708163;-0.7271485:-6.7147;-0.7531329:-6.70898;-0.714046:-6.710711;-0.7291988:-6.700154;-0.7184145:-6.715661;-0.6842875:-6.731216;-0.6822176:-6.731397;-0.6651593:-6.717412
sigma3_hotel_seed42,HOTEL:biwi_hotel:369:16340,HOTEL,biwi_hotel,biwi_hotel:369,16340,3,0.13963358104228973,0.1727743297815323,0.0,0.03300943225622177,0.16710436344146729,4.71238899230957,1.375,-0.63:2.85;-0.64:2.86;-0.67:2.82;-0.67:2.82;-0.67:2.82;-0.67:2.82;-0.65:2.84;-0.65:2.84,-0.65:2.84;-0.6:2.77;-0.7:2.71;-0.72:2.67;-0.57:2.7;-0.56:2.7;-0.67:2.66;-0.68:2.64;-0.7:2.62;-0.57:2.69;-0.56:2.7;-0.68:2.65,-0.6367736:2.840926;-0.6328576:2.845612;-0.6404691:2.824953;-0.6421764:2.838231;-0.6300008:2.830268;-0.6216387:2.809816;-0.6275827:2.831327;-0.6296515:2.82438;-0.6073842:2.827394;-0.5946856:2.812606;-0.5800202:2.801168;-0.5876244:2.796006
sigma3_hotel_seed42,HOTEL:biwi_hotel:371:16340,HOTEL,biwi_hotel,biwi_hotel:371,16340,3,0.5067241787910461,0.8604097962379456,0.3092329204082489,0.1367819458246231,0.5273628234863281,5.394705772399902,1.375,-0.67:3.35;-0.69:3.35;-0.71:3.34;-0.72:3.34;-0.72:3.34;-0.78:3.18;-0.75:3.2;-0.72:3.32,-0.72:3.34;-0.67:3.29;-0.61:3.24;-0.6:3.24;-0.6:3.24;-0.6:3.24;-0.6:3.24;-0.67:3.27;-0.61:3.24;-0.6:3.24;-0.6:3.24;-0.6:3.24,-0.804953:3.314578;-0.8649464:3.309995;-0.8968099:3.33929;-0.944715:3.331609;-1.039978:3.342274;-1.11949:3.3493;-1.140798:3.298793;-1.190375:3.320991;-1.268883:3.370348;-1.335063:3.37113;-1.396481:3.374166;-1.45308:3.352068
sigma3_hotel_seed42,HOTEL:biwi_hotel:382:16340,HOTEL,biwi_hotel,biwi_hotel:382,16340,3,3.0131664276123047,5.500475883483887,1.175265908241272,1.184139370918274,0.37788254022598267,0.6609073877334595,2.0,3.42:-7.97;3.47:-7.52;3.48:-7.05;3.4:-6.57;3.29:-6.11;3.16:-5.63;3.04:-5.18;3.05:-4.71,3.06:-4.28;3:-3.8;2.98:-3.33;2.94:-2.83;2.86:-2.33;2.83:-1.85;2.8:-1.41;2.79:-0.92;2.82:-0.51;2.83:-0.1;2.79:0.36;2.79:0.77,3.095879:-4.746803;3.104529:-4.672037;3.121328:-4.8234;3.099321:-4.69876;3.0385:-4.716254;3.066951:-4.776927;2.846994:-4.705441;2.93642:-4.731132;2.81484:-4.548563;2.806878:-4.527095;2.769105:-4.670541;2.775177:-4.730456
sigma3_hotel_seed42,HOTEL:biwi_hotel:383:16340,HOTEL,biwi_hotel,biwi_hotel:383,16340,3,3.183047294616699,5.7655463218688965,1.2000000476837158,1.1668459177017212,0.6516024470329285,0.6320744752883911,1.875,3.83:-8.04;3.83:-7.61;3.83:-7.16;3.84:-6.65;3.78:-6.09;3.81:-5.75;3.76:-5.26;3.76:-4.78,3.71:-4.27;3.7:-3.75;3.69:-3.22;3.68:-2.73;3.46:-2.26;3.64:-1.77;3.43:-1.28;3.36:-0.84;3.36:-0.38;3.35:0.06;3.3:0.51;3.34:0.97,3.785697:-4.818696;3.772184:-4.740347;3.772279:-4.894413;3.725003:-4.768787;3.654188:-4.782048;3.658258:-4.841009;3.41176:-4.763272;3.479014:-4.795572;3.34506:-4.609035;3.32701:-4.586571;3.272403:-4.741421;3.267028:-4.795084
sigma3_hotel_seed42,HOTEL:biwi_hotel:356:16350,HOTEL,biwi_hotel,biwi_hotel:356,16350,3,0.04837745800614357,0.12960343062877655,0.11180339753627777,0.10202478617429733,0.42681246995925903,11.427982330322266,0.125,0.3:0.18;0.26:0.13;0.22:0.15;0.24:0.15;0.24:0.17;0.24:0.17;0.22:0.08;0.24:0.12,0.22:0.13;0.25:0.12;0.24:0.14;0.22:0.13;0.27:0.14;0.24:0.15;0.27:0.16;0.29:0.14;0.29:0.08;0.27:0.06;0.27:0.04;0.18:-0.02,0.2213358:0.1176351;0.2158593:0.102204;0.2304731:0.140994;0.2388527:0.1033303;0.2349127:0.1218206;0.2194627:0.1330554;0.2501864:0.09140483;0.2289472:0.07577665;0.256733:0.08814469;0.2487334:0.09118325;0.2441087:0.09368439;0.2311717:0.09907352
sigma3_hotel_seed42,HOTEL:biwi_hotel:361:16350,HOTEL,biwi_hotel,biwi_hotel:361,16350,3,0.06419910490512848,0.055337175726890564,0.0,0.0,0.0,0.0,0.0,-0.72:-6.71;-0.72:-6.71;-0.72:-6.71;-0.72:-6.71;-0.72:-6.71;-0.72:-6.71;-0.72:-6.71;-0.72:-6.71,-0.72:-6.71;-0.62:-6.81;-0.71:-6.72;-0.65:-6.8;-0.71:-6.72;-0.65:-6.75;-0.59:-6.78;-0.7:-6.71;-0.72:-6.71;-0.72:-6.71;-0.72:-6.71;-0.72:-6.71,-0.7280518:-6.710444;-0.7438552:-6.717575;-0.7348096:-6.703784;-0.7421914:-6.708163;-0.7271497:-6.7147;-0.7531353:-6.70898;-0.7140474:-6.710711;-0.7292009:-6.700154;-0.7184167:-6.715661;-0.6842893:-6.731216;-0.6822199:-6.731397;-0.6651616:-6.717412
sigma3_hotel_seed42,HOTEL:biwi_hotel:369:16350,HOTEL,biwi_hotel,biwi_hotel:369,16350,3,0.1893053650856018,0.19400708377361298,0.0,0.027958668768405914,0.1110088974237442,2.9996955394744873,1.375,-0.64:2.86;-0.67:2.82;-0.67:2.82;-0.67:2.82;-0.67:2.82;-0.65:2.84;-0.65:2.84;-0.65:2.84,-0.6:2.77;-0.7:2.71;-0.72:2.67;-0.57:2.7;-0.56:2.7;-0.67:2.66;-0.68:2.64;-0.7:2.62;-0.57:2.69;-0.56:2.7;-0.68:2.65;-0.7:2.64,-0.6660045:2.840011;-0.6844735:2.837844;-0.7006105:2.83889;-0.7194369:2.835783;-0.7216734:2.834979;-0.7403965:2.83235;-0.7505837:2.832936;-0.7751564:2.826097;-0.7654942:2.817751;-0.7714466:2.812184;-0.7761704:2.809497;-0.7935942:2.809938
sigma3_hotel_seed42,HOTEL:biwi_hotel:371:16350,HOTEL,biwi_hotel,biwi_hotel:371,16350,3,0.18446801602840424,0.24050721526145935,0.05000000074505806,0.1367819458246231,0.6256993412971497,5.176036357879639,1.375,-0.69:3.35;-0.71:3.34;-0.72:3.34;-0.72:3.34;-0.78:3.18;-0.75:3.2;-0.72:3.32;-0.72:3.34,-0.67:3.29;-0.61:3.24;-0.6:3.24;-0.6:3.24;-0.6:3.24;-0.6:3.24;-0.67:3.27;-0.61:3.24;-0.6:3.24;-0.6:3.24;-0.6:3.24;-0.6:3.24,-0.7450108:3.339137;-0.7589661:3.324758;-0.755793:3.360796;-0.7550386:3.326533;-0.7676174:3.343912;-0.7880547:3.354075;-0.7683781:3.313921;-0.7950692:3.300722;-0.7775134:3.313948;-0.7931361:3.314301;-0.803111:3.320398;-0.8249478:3.325101
sigma3_hotel_seed42,HOTEL:biwi_hotel:382:16350,HOTEL,biwi_hotel,biwi_hotel:382,16350,3,3.059826612472534,5.534455299377441,1.0752906799316406,1.176048994064331,0.37296444177627563,0.5735017657279968,2.0,3.47:-7.52;3.48:-7.05;3.4:-6.57;3.29:-6.11;3.16:-5.63;3.04:-5.18;3.05:-4.71;3.06:-4.28,3:-3.8;2.98:-3.33;2.94:-2.83;2.86:-2.33;2.83:-1.85;2.8:-1.41;2.79:-0.92;2.82:-0.51;2.83:-0.1;2.79:0.36;2.79:0.77;2.78:1.22,3.131116:-4.314445;3.167373:-4.244318;3.205516:-4.39201;3.215096:-4.268914;3.166779:-4.291727;3.22499:-4.354148;3.038565:-4.291043;3.155566:-4.308665;3.04949:-4.130147;3.054727:-4.110432;3.037452:-4.240025;3.057739:-4.307482
sigma3_hotel_seed42,HOTEL:biwi_hotel:383:16350,HOTEL,biwi_hotel,biwi_hotel:383,16350,3,3.1402673721313477,5.688002586364746,1.281112790107727,1.1962906122207642,0.6915082335472107,0.72980135679245,1.75,3.83:-7.61;3.83:-7.16;3.84:-6.65;3.78:-6.09;3.81:-5.75;3.76:-5.26;3.76:-4.78;3.71:-4.27,3.7:-3.75;3.69:-3.22;3.68:-2.73;3.46:-2.26;3.64:-1.77;3.43:-1.28;3.36:-0.84;3.36:-0.38;3.35:0.06;3.3:0.51;3.34:0.97;3.33:1.41,3.712172:-4.304926;3.678159:-4.23018;3.659799:-4.371926;3.599083:-4.252674;3.510529:-4.26475;3.494123:-4.3207;3.243985:-4.248582;3.292771:-4.275836;3.145978:-4.096244;3.113277:-4.071168;3.04194:-4.219096;3.024087:-4.269771
sigma3_hotel_seed42,HOTEL:biwi_hotel:356:16360,HOTEL,biwi_hotel,biwi_hotel:356,16360,3,0.2871815264225006,0.4001617431640625,0.055901698768138885,0.0871424451470375,0.40597912669181824,11.63907527923584,0.25,0.26:0.13;0.22:0.15;0.24:0.15;0.24:0.17;0.24:0.17;0.22:0.08;0.24:0.12;0.22:0.13,0.25:0.12;0.24:0.14;0.22:0.13;0.27:0.14;0.24:0.15;0.27:0.16;0.29:0.14;0.29:0.08;0.27:0.06;0.27:0.04;0.18:-0.02;0.14:0.05,0.162625:0.1250988;0.1175421:0.1095694;0.1059689:0.1477115;0.05834255:0.1188903;0.03177948:0.1267581;-0.03913927:0.1504221;-0.04592142:0.1080444;-0.1130203:0.1124268;-0.1273634:0.09813704;-0.1628608:0.1065126;-0.2078022:0.1019085;-0.2551304:0.1132561
sigma3_hotel_seed42,HOTEL:biwi_hotel:361:16360,HOTEL,biwi_hotel,biwi_hotel:361,16360,3,0.064991794526577,0.055337175726890564,0.0,0.0,0.0,0.0,0.0,-0.72:-6.71;-0.72:-6.71;-0.72:-6.71;-0.72:-6.71;-0.72:-6.71;-0.72:-6.71;-0.72:-6.71;-0.72:-6.71,-0.62:-6.81;-0.71:-6.72;-0.65:-6.8;-0.71:-6.72;-0.65:-6.75;-0.59:-6.78;-0.7:-6.71;-0.72:-6.71;-0.72:-6.71;-0.72:-6.71;-0.72:-6.71;-0.72:-6.71,-0.7280518:-6.710444;-0.7438552:-6.717575;-0.7348096:-6.703784;-0.7421914:-6.708163;-0.7271497:-6.7147;-0.7531353:-6.70898;-0.7140474:-6.710711;-0.7292009:-6.700154;-0.7184167:-6.715661;-0.6842893:-6.731216;-0.6822199:-6.731397;-0.6651616:-6.717412
sigma3_hotel_seed42,HOTEL:biwi_hotel:369:16360,HOTEL,biwi_hotel,biwi_hotel:369,16360,3,0.4004582464694977,0.6966222524642944,0.2150581330060959,0.04082411527633667,0.14853312075138092,1.7359449863433838,1.375,-0.67:2.82;-0.67:2.82;-0.67:2.82;-0.67:2.82;-0.65:2.84;-0.65:2.84;-0.65:2.84;-0.6:2.77,-0.7:2.71;-0.72:2.67;-0.57:2.7;-0.56:2.7;-0.67:2.66;-0.68:2.64;-0.7:2.62;-0.57:2.69;-0.56:2.7;-0.68:2.65;-0.7:2.64;-0.7:2.64,-0.5482004:2.757354;-0.4884007:2.75842;-0.4196636:2.753439;-0.369684:2.752248;-0.3195309:2.754857;-0.2721722:2.732615;-0.2273666:2.738379;-0.1903563:2.730222;-0.1290115:2.741252;-0.08679146:2.757837;-0.0453757:2.714662;-0.007114947:2.712062
sigma3_hotel_seed42,HOTEL:biwi_hotel:371:16360,HOTEL,biwi_hotel,biwi_hotel:371,16360,3,0.051943790167570114,0.05153530463576317,0.1767766922712326,0.1540497988462448,0.7005755305290222,7.0685834884643555,1.375,-0.71:3.34;-0.72:3.34;-0.72:3.34;-0.78:3.18;-0.75:3.2;-0.72:3.32;-0.72:3.34;-0.67:3.29,-0.61:3.24;-0.6:3.24;-0.6:3.24;-0.6:3.24;-0.6:3.24;-0.67:3.27;-0.61:3.24;-0.6:3.24;-0.6:3.24;-0.6:3.24;-0.6:3.24;-0.6:3.24,-0.6682671:3.28865;-0.6607636:3.27722;-0.6445098:3.3013;-0.6277136:3.272408;-0.6147018:3.286778;-0.6093546:3.287954;-0.5851625:3.263567;-0.5959345:3.244427;-0.5543959:3.250783;-0.5524703:3.25296;-0.5433065:3.25002;-0.5514346:3.257242
sigma3_hotel_seed42,HOTEL:biwi_hotel:382:16360,HOTEL,biwi_hotel,biwi_hotel:382,16360,3,3.010606527328491,5.496573448181152,1.209338665008545,1.1809165477752686,0.36824509501457214,0.5346863269805908,1.75,3.48:-7.05;3.4:-6.57;3.29:-6.11;3.16:-5.63;3.04:-5.18;3.05:-4.71;3.06:-4.28;3:-3.8,2.98:-3.33;2.94:-2.83;2.86:-2.33;2.83:-1.85;2.8:-1.41;2.79:-0.92;2.82:-0.51;2.83:-0.1;2.79:0.36;2.79:0.77;2.78:1.22;2.73:1.68,2.973131:-3.831213;2.916216:-3.760528;2.875857:-3.886321;2.799413:-3.777234;2.689819:-3.783627;2.652841:-3.833683;2.396914:-3.771385;2.424817:-3.79506;2.264202:-3.624997;2.208712:-3.594543;2.123103:-3.729701;2.090781:-3.779278
sigma3_hotel_seed42,HOTEL:biwi_hotel:383:16360,HOTEL,biwi_hotel,biwi_hotel:383,16360,3,3.090871810913086,5.6328558921813965,1.300240397453308,1.2213249206542969,0.6710951328277588,0.7886945605278015,1.5,3.83:-7.16;3.84:-6.65;3.78:-6.09;3.81:-5.75;3.76:-5.26;3.76:-4.78;3.71:-4.27;3.7:-3.75,3.69:-3.22;3.68:-2.73;3.46:-2.26;3.64:-1.77;3.43:-1.28;3.36:-0.84;3.36:-0.38;3.35:0.06;3.3:0.51;3.34:0.97;3.33:1.41;3.4:1.86,3.713368:-3.79287;3.687424:-3.70415;3.668694:-3.874306;3.597315:-3.738956;3.521499:-3.745099;3.518881:-3.81006;3.229892:-3.713848;3.28358:-3.755171;3.140109:-3.568033;3.104848:-3.538001;3.049033:-3.70668;3.034877:-3.76101
sigma3_hotel_seed42,HOTEL:biwi_hotel:356:16370,HOTEL,biwi_hotel,biwi_hotel:356,16370,3,0.1117238700389862,0.33631929755210876,0.07905694097280502,0.08246438205242157,0.39619383215904236,11.96082592010498,0.375,0.22:0.15;0.24:0.15;0.24:0.17;0.24:0.17;0.22:0.08;0.24:0.12;0.22:0.13;0.25:0.12,0.24:0.14;0.22:0.13;0.27:0.14;0.24:0.15;0.27:0.16;0.29:0.14;0.29:0.08;0.27:0.06;0.27:0.04;0.18:-0.02;0.14:0.05;0.08:0.22,0.2741824:0.1211453;0.2857746:0.1297092;0.2790454:0.09802432;0.2827441:0.1205049;0.2994504:0.1090882;0.3187443:0.07975525;0.3132331:0.1134682;0.3195089:0.107377;0.3441908:0.1142533;0.3638448:0.09538394;0.3859292:0.08062381;0.3827125:0.07345382
sigma3_hotel_seed42,HOTEL:biwi_hotel:361:16370,HOTEL,biwi_hotel,biwi_hotel:361,16370,3,0.7887216210365295,1.338783860206604,0.3535533845424652,0.05050762742757797,0.1473139077425003,0.0,0.0,-0.72:-6.71;-0.72:-6.71;-0.72:-6.71;-0.72:-6.71;-0.72:-6.71;-0.72:-6.71;-0.72:-6.71;-0.62:-6.81,-0.71:-6.72;-0.65:-6.8;-0.71:-6.72;-0.65:-6.75;-0.59:-6.78;-0.7:-6.71;-0.72:-6.71;-0.72:-6.71;-0.72:-6.71;-0.72:-6.71;-0.72:-6.71;-0.72:-6.71,-0.5049586:-6.833564;-0.3755652:-6.819978;-0.2395248:-6.850712;-0.1389389:-6.821982;-0.04543036:-6.830007;0.06472373:-6.876025;0.1434656:-6.846959;0.2496637:-6.827555;0.3289203:-6.816253;0.4156406:-6.78015;0.5108273:-6.855565;0.6088364:-6.872899
sigma3_hotel_seed42,HOTEL:biwi_hotel:369:16370,HOTEL,biwi_hotel,biwi_hotel:369,16370,3,0.7676871418952942,1.3307503461837769,0.29154759645462036,0.0824737697839737,0.3051299452781677,3.3865714073181152,1.375,-0.67:2.82;-0.67:2.82;-0.67:2.82;-0.65:2.84;-0.65:2.84;-0.65:2.84;-0.6:2.77;-0.7:2.71,-0.72:2.67;-0.57:2.7;-0.56:2.7;-0.67:2.66;-0.68:2.64;-0.7:2.62;-0.57:2.69;-0.56:2.7;-0.68:2.65;-0.7:2.64;-0.7:2.64;-0.68:2.66,-0.8305568:2.710936;-0.9438633:2.704216;-1.033728:2.738797;-1.128381:2.724761;-1.268309:2.736013;-1.388:2.758363;-1.449805:2.709583;-1.555106:2.713019;-1.663761:2.752963;-1.779371:2.751549;-1.896041:2.779358;-2.006366:2.767935
sigma3_hotel_seed42,HOTEL:biwi_hotel:371:16370,HOTEL,biwi_hotel,biwi_hotel:371,16370,3,0.31461265683174133,0.5439369678497314,0.19525624811649323,0.1783721148967743,0.7005755305290222,5.9472174644470215,1.375,-0.72:3.34;-0.72:3.34;-0.78:3.18;-0.75:3.2;-0.72:3.32;-0.72:3.34;-0.67:3.29;-0.61:3.24,-0.6:3.24;-0.6:3.24;-0.6:3.24;-0.6:3.24;-0.67:3.27;-0.61:3.24;-0.6:3.24;-0.6:3.24;-0.6:3.24;-0.6:3.24;-0.6:3.24;-0.6:3.24,-0.5656128:3.230088;-0.5111451:3.226563;-0.4491432:3.231808;-0.4007707:3.217144;-0.3523719:3.225584;-0.3102351:3.210063;-0.2626901:3.206737;-0.2350237:3.187313;-0.1636142:3.197036;-0.1284631:3.212217;-0.09026861:3.176947;-0.05977905:3.176528
sigma3_hotel_seed42,HOTEL:biwi_hotel:382:16370,HOTEL,biwi_hotel,biwi_hotel:382,16370,3,2.9979164600372314,5.439564228057861,1.1760632991790771,1.175132393836975,0.37363627552986145,0.5469398498535156,1.5,3.4:-6.57;3.29:-6.11;3.16:-5.63;3.04:-5.18;3.05:-4.71;3.06:-4.28;3:-3.8;2.98:-3.33,2.94:-2.83;2.86:-2.33;2.83:-1.85;2.8:-1.41;2.79:-0.92;2.82:-0.51;2.83:-0.1;2.79:0.36;2.79:0.77;2.78:1.22;2.73:1.68;2.78:2.09,3.014233:-3.36734;3.010384:-3.290396;3.015655:-3.443732;2.979871:-3.317278;2.912753:-3.333249;2.929581:-3.39484;2.694777:-3.317707;2.772068:-3.345201;2.642932:-3.164432;2.627572:-3.140719;2.581228:-3.28877;2.58097:-3.345922
sigma3_hotel_seed42,HOTEL:biwi_hotel:383:16370,HOTEL,biwi_hotel,biwi_hotel:383,16370,3,3.027758836746216,5.543422222137451,1.3252358436584473,1.228466510772705,0.5919042229652405,0.662716269493103,1.25,3.84:-6.65;3.78:-6.09;3.81:-5.75;3.76:-5.26;3.76:-4.78;3.71:-4.27;3.7:-3.75;3.69:-3.22,3.68:-2.73;3.46:-2.26;3.64:-1.77;3.43:-1.28;3.36:-0.84;3.36:-0.38;3.35:0.06;3.3:0.51;3.34:0.97;3.33:1.41;3.4:1.86;3.44:2.3,3.715527:-3.262469;3.702541:-3.177934;3.699602:-3.342218;3.644035:-3.212437;3.575668:-3.219346;3.582813:-3.279555;3.315025:-3.194659;3.381176:-3.235392;3.247109:-3.044052;3.222242:-3.018442;3.174288:-3.180743;3.167711:-3.236731
sigma3_hotel_seed42,HOTEL:biwi_hotel:356:16380,HOTEL,biwi_hotel,biwi_hotel:356,16380,3,0.11427179723978043,0.28555622696876526,0.055901698768138885,0.08330748230218887,0.41881436109542847,12.746224403381348,0.5,0.24:0.15;0.24:0.17;0.24:0.17;0.22:0.08;0.24:0.12;0.22:0.13;0.25:0.12;0.24:0.14,0.22:0.13;0.27:0.14;0.24:0.15;0.27:0.16;0.29:0.14;0.29:0.08;0.27:0.06;0.27:0.04;0.18:-0.02;0.14:0.05;0.08:0.22;0.01:0.37,0.2301581:0.1417951;0.2176249:0.1432134;0.191805:0.1347485;0.1781015:0.1336565;0.1746645:0.1352115;0.1721734:0.1268059;0.1417032:0.1327345;0.1249118:0.1145432;0.1409585:0.1106652;0.1243394:0.1078409;0.1262868:0.106686;0.1026595:0.09989527
sigma3_hotel_seed42,HOTEL:biwi_hotel:361:16380,HOTEL,biwi_hotel,biwi_hotel:361,16380,3,0.1224900558590889,0.1912917047739029,0.3181980550289154,0.09596449136734009,0.42721036076545715,3.1415927410125732,0.0,-0.72:-6.71;-0.72:-6.71;-0.72:-6.71;-0.72:-6.71;-0.72:-6.71;-0.72:-6.71;-0.62:-6.81;-0.71:-6.72,-0.65:-6.8;-0.71:-6.72;-0.65:-6.75;-0.59:-6.78;-0.7:-6.71;-0.72:-6.71;-0.72:-6.71;-0.72:-6.71;-0.72:-6.71;-0.72:-6.71;-0.72:-6.71;-0.72:-6.71,-0.7401763:-6.728355;-0.7515415:-6.730567;-0.7430106:-6.715116;-0.7513919:-6.720347;-0.7886534:-6.712546;-0.8170682:-6.717724;-0.8122485:-6.745985;-0.8266683:-6.736101;-0.8489003:-6.701307;-0.8722708:-6.693925;-0.8919421:-6.709973;-0.9106998:-6.725037
sigma3_hotel_seed42,HOTEL:biwi_hotel:369:16380,HOTEL,biwi_hotel,biwi_hotel:369,16380,3,0.24007107317447662,0.3510267734527588,0.11180339753627777,0.09844568371772766,0.3910279870033264,3.9533004760742188,1.375,-0.67:2.82;-0.67:2.82;-0.65:2.84;-0.65:2.84;-0.65:2.84;-0.6:2.77;-0.7:2.71;-0.72:2.67,-0.57:2.7;-0.56:2.7;-0.67:2.66;-0.68:2.64;-0.7:2.62;-0.57:2.69;-0.56:2.7;-0.68:2.65;-0.7:2.64;-0.7:2.64;-0.68:2.66;-0.69:2.66,-0.7521351:2.666585;-0.7754136:2.661333;-0.7911693:2.674363;-0.8183354:2.661129;-0.8410054:2.670681;-0.8760452:2.660969;-0.8849307:2.652459;-0.9346188:2.646545;-0.9357265:2.65228;-0.9689054:2.660101;-0.9972844:2.64109;-1.040824:2.64808
sigma3_hotel_seed42,HOTEL:biwi_hotel:371:16380,HOTEL,biwi_hotel,biwi_hotel:371,16380,3,0.08065701276063919,0.14896903932094574,0.02500000037252903,0.18194355070590973,0.5962324142456055,6.641955852508545,1.375,-0.72:3.34;-0.78:3.18;-0.75:3.2;-0.72:3.32;-0.72:3.34;-0.67:3.29;-0.61:3.24;-0.6:3.24,-0.6:3.24;-0.6:3.24;-0.6:3.24;-0.67:3.27;-0.61:3.24;-0.6:3.24;-0.6:3.24;-0.6:3.24;-0.6:3.24;-0.6:3.24;-0.6:3.24;-0.6:3.24,-0.6098073:3.242118;-0.6218776:3.243702;-0.6496028:3.235148;-0.6622185:3.233269;-0.666853:3.236108;-0.6667662:3.227793;-0.7008094:3.233081;-0.7168214:3.213395;-0.7011443:3.209958;-0.7211537:3.208479;-0.7188136:3.208607;-0.74392:3.201545
sigma3_hotel_seed42,HOTEL:biwi_hotel:382:16380,HOTEL,biwi_hotel,biwi_hotel:382,16380,3,2.947453498840332,5.388908863067627,1.2539936304092407,1.1853567361831665,0.3817313015460968,0.5544765591621399,1.5,3.29:-6.11;3.16:-5.63;3.04:-5.18;3.05:-4.71;3.06:-4.28;3:-3.8;2.98:-3.33;2.94:-2.83,2.86:-2.33;2.83:-1.85;2.8:-1.41;2.79:-0.92;2.82:-0.51;2.83:-0.1;2.79:0.36;2.79:0.77;2.78:1.22;2.73:1.68;2.78:2.09;2.81:2.51,2.907442:-2.863883;2.843217:-2.790095;2.799191:-2.92036;2.71106:-2.810254;2.600783:-2.812956;2.554389:-2.861166;2.283128:-2.795537;2.302844:-2.826278;2.13902:-2.64976;2.081358:-2.619937;1.990966:-2.763949;1.955229:-2.810686
sigma3_hotel_seed42,HOTEL:biwi_hotel:383:16380,HOTEL,biwi_hotel,biwi_hotel:383,16380,3,2.9981629848480225,5.468880653381348,1.2252551317214966,1.2023582458496094,0.3859695494174957,0.46951285004615784,1.25,3.78:-6.09;3.81:-5.75;3.76:-5.26;3.76:-4.78;3.71:-4.27;3.7:-3.75;3.69:-3.22;3.68:-2.73,3.46:-2.26;3.64:-1.77;3.43:-1.28;3.36:-0.84;3.36:-0.38;3.35:0.06;3.3:0.51;3.34:0.97;3.33:1.41;3.4:1.86;3.44:2.3;3.44:2.72,3.708632:-2.76666;3.698059:-2.690244;3.699354:-2.842024;3.658296:-2.715881;3.587212:-2.733113;3.59484:-2.794312;3.357563:-2.716972;3.428544:-2.743781;3.295341:-2.561287;3.28001:-2.539034;3.225472:-2.690207;3.221539:-2.744516
sigma3_hotel_seed42,HOTEL:biwi_hotel:385:16380,HOTEL,biwi_hotel,biwi_hotel:385,16380,3,4.489538669586182,8.284424781799316,1.7066048383712769,1.5754849910736084,0.48178762197494507,0.5219911336898804,1.25,0.87:4.04;1.1:3.36;1.19:2.74;1.25:2.13;1.23:1.59;1.26:0.98;1.28:0.36;1.34:-0.32,1.43:-0.98;1.5:-1.63;1.56:-2.29;1.62:-2.98;1.53:-3.74;1.52:-4.42;1.52:-5.14;1.47:-5.88;1.51:-6.6;1.51:-7.27;1.53:-7.95;1.58:-8.66,1.454068:-0.3808816;1.539871:-0.2563421;1.574481:-0.5055446;1.557097:-0.3300265;1.543851:-0.3170385;1.673357:-0.4113221;1.330369:-0.2768641;1.482671:-0.3471482;1.390817:-0.1213517;1.36078:-0.07923536;1.42394:-0.2761175;1.446847:-0.3766454
sigma3_hotel_seed42,HOTEL:biwi_hotel:356:16390,HOTEL,biwi_hotel,biwi_hotel:356,16390,3,0.33635807037353516,0.4795041084289551,0.055901698768138885,0.08415057510137558,0.43092143535614014,11.394096374511719,0.625,0.24:0.17;0.24:0.17;0.22:0.08;0.24:0.12;0.22:0.13;0.25:0.12;0.24:0.14;0.22:0.13,0.27:0.14;0.24:0.15;0.27:0.16;0.29:0.14;0.29:0.08;0.27:0.06;0.27:0.04;0.18:-0.02;0.14:0.05;0.08:0.22;0.01:0.37;-0.15:0.48,0.1570835:0.126315;0.1084834:0.1177174;0.06906654:0.1398569;0.01203047:0.1177903;-0.0343354:0.1302323;-0.09507659:0.1413567;-0.1493316:0.1098073;-0.2241949:0.102375;-0.2493621:0.09562106;-0.3231755:0.1143213;-0.3771085:0.1063532;-0.4550075:0.1100072
sigma3_hotel_seed42,HOTEL:biwi_hotel:361:16390,HOTEL,biwi_hotel,biwi_hotel:361,16390,3,0.13041828572750092,0.16148164868354797,0.25,0.1316787749528885,0.6633725166320801,6.1412882804870605,0.0,-0.72:-6.71;-0.72:-6.71;-0.72:-6.71;-0.72:-6.71;-0.72:-6.71;-0.62:-6.81;-0.71:-6.72;-0.65:-6.8,-0.71:-6.72;-0.65:-6.75;-0.59:-6.78;-0.7:-6.71;-0.72:-6.71;-0.72:-6.71;-0.72:-6.71;-0.72:-6.71;-0.72:-6.71;-0.72:-6.71;-0.72:-6.71;-0.72:-6.71,-0.6593672:-6.806162;-0.6534346:-6.81416;-0.6309267:-6.791132;-0.6199006:-6.81261;-0.6249428:-6.799739;-0.6325883:-6.800518;-0.6076459:-6.829061;-0.6159688:-6.837524;-0.5957372:-6.816857;-0.600922:-6.809277;-0.6017393:-6.822179;-0.6079463:-6.826277
sigma3_hotel_seed42,HOTEL:biwi_hotel:369:16390,HOTEL,biwi_hotel,biwi_hotel:369,16390,3,0.5893664956092834,1.0203849077224731,0.3824264705181122,0.15307803452014923,0.5530732870101929,6.185140132904053,1.25,-0.67:2.82;-0.65:2.84;-0.65:2.84;-0.65:2.84;-0.6:2.77;-0.7:2.71;-0.72:2.67;-0.57:2.7,-0.56:2.7;-0.67:2.66;-0.68:2.64;-0.7:2.62;-0.57:2.69;-0.56:2.7;-0.68:2.65;-0.7:2.64;-0.7:2.64;-0.68:2.66;-0.69:2.66;-0.71:2.68,-0.4907273:2.687334;-0.4067503:2.686663;-0.3181888:2.680487;-0.2462856:2.672761;-0.1627892:2.67674;-0.0890967:2.652435;-0.02633828:2.665439;0.02520663:2.644644;0.1244286:2.644828;0.1886582:2.663955;0.2522154:2.615772;0.3086199:2.62001
sigma3_hotel_seed42,HOTEL:biwi_hotel:371:16390,HOTEL,biwi_hotel,biwi_hotel:371,16390,3,0.05879364535212517,0.10116622596979141,0.0,0.12091495096683502,0.3970177173614502,4.124386310577393,1.25,-0.78:3.18;-0.75:3.2;-0.72:3.32;-0.72:3.34;-0.67:3.29;-0.61:3.24;-0.6:3.24;-0.6:3.24,-0.6:3.24;-0.6:3.24;-0.67:3.27;-0.61:3.24;-0.6:3.24;-0.6:3.24;-0.6:3.24;-0.6:3.24;-0.6:3.24;-0.6:3.24;-0.6:3.24;-0.6:3.24,-0.6053889:3.241636;-0.6148562:3.243011;-0.6353186:3.233352;-0.6471909:3.234143;-0.6461342:3.233276;-0.6484404:3.223562;-0.6718149:3.230999;-0.686105:3.215201;-0.6669531:3.212089;-0.6756548:3.206164;-0.6710481:3.2026;-0.6910015:3.195803
sigma3_hotel_seed42,HOTEL:biwi_hotel:382:16390,HOTEL,biwi_hotel,biwi_hotel:382,16390,3,2.956125497817993,5.512824535369873,1.2658989429473877,1.188594937324524,0.3904576003551483,0.6294158101081848,1.625,3.16:-5.63;3.04:-5.18;3.05:-4.71;3.06:-4.28;3:-3.8;2.98:-3.33;2.94:-2.83;2.86:-2.33,2.83:-1.85;2.8:-1.41;2.79:-0.92;2.82:-0.51;2.83:-0.1;2.79:0.36;2.79:0.77;2.78:1.22;2.73:1.68;2.78:2.09;2.81:2.51;2.76:3.04,2.756804:-2.358848;2.631319:-2.29033;2.535448:-2.391707;2.396872:-2.301723;2.239408:-2.289796;2.130604:-2.322988;1.827664:-2.274057;1.789474:-2.305496;1.590117:-2.13732;1.484672:-2.099566;1.351265:-2.231846;1.278507:-2.27003
sigma3_hotel_seed42,HOTEL:biwi_hotel:383:16390,HOTEL,biwi_hotel,biwi_hotel:383,16390,3,3.4082727432250977,6.202070713043213,1.2973530292510986,1.265794038772583,0.42862603068351746,0.6972026228904724,1.25,3.81:-5.75;3.76:-5.26;3.76:-4.78;3.71:-4.27;3.7:-3.75;3.69:-3.22;3.68:-2.73;3.46:-2.26,3.64:-1.77;3.43:-1.28;3.36:-0.84;3.36:-0.38;3.35:0.06;3.3:0.51;3.34:0.97;3.33:1.41;3.4:1.86;3.44:2.3;3.44:2.72;3.44:3.16,3.135504:-2.262703;2.82361:-2.223812;2.566804:-2.210575;2.294811:-2.193201;1.979066:-2.146495;1.681478:-2.133026;1.32546:-2.154075;1.115275:-2.164595;0.8049128:-2.039895;0.551347:-1.977749;0.2798724:-2.045743;0.09196758:-2.060763
sigma3_hotel_seed42,HOTEL:biwi_hotel:385:16390,HOTEL,biwi_hotel,biwi_hotel:385,16390,3,4.527914524078369,8.378301620483398,1.665270209312439,1.5570077896118164,0.36068350076675415,0.3875100314617157,1.25,1.1:3.36;1.19:2.74;1.25:2.13;1.23:1.59;1.26:0.98;1.28:0.36;1.34:-0.32;1.43:-0.98,1.5:-1.63;1.56:-2.29;1.62:-2.98;1.53:-3.74;1.52:-4.42;1.52:-5.14;1.47:-5.88;1.51:-6.6;1.51:-7.27;1.53:-7.95;1.58:-8.66;1.55:-9.42,1.561553:-1.039653;1.666222:-0.925167;1.728575:-1.158242;1.738433:-0.9966329;1.736817:-0.9846702;1.879058:-1.067092;1.579911:-0.9573326;1.750752:-1.026079;1.674948:-0.7958373;1.663245:-0.7619632;1.736954:-0.9431075;1.773245:-1.044673
sigma3_hotel_seed42,HOTEL:biwi_hotel:361:16400,HOTEL,biwi_hotel,biwi_hotel:361,16400,3,0.375232458114624,0.6671091914176941,0.25,0.1673930585384369,0.8717058300971985,9.282880783081055,0.0,-0.72:-6.71;-0.72:-6.71;-0.72:-6.71;-0.72:-6.71;-0.62:-6.81;-0.71:-6.72;-0.65:-6.8;-0.71:-6.72,-0.65:-6.75;-0.59:-6.78;-0.7:-6.71;-0.72:-6.71;-0.72:-6.71;-0.72:-6.71;-0.72:-6.71;-0.72:-6.71;-0.72:-6.71;-0.72:-6.71;-0.72:-6.71;-0.72:-6.71,-0.7822776:-6.722711;-0.8405204:-6.7309;-0.8782921:-6.703013;-0.9310801:-6.721148;-0.9956975:-6.709857;-1.068954:-6.704261;-1.086818:-6.73222;-1.160494:-6.733227;-1.199742:-6.716741;-1.259611:-6.711511;-1.322814:-6.714316;-1.387107:-6.711559
sigma3_hotel_seed42,HOTEL:biwi_hotel:369:16400,HOTEL,biwi_hotel,biwi_hotel:369,16400,3,0.10540226101875305,0.16211262345314026,0.02500000037252903,0.14654794335365295,0.6727544665336609,4.646590709686279,1.125,-0.65:2.84;-0.65:2.84;-0.65:2.84;-0.6:2.77;-0.7:2.71;-0.72:2.67;-0.57:2.7;-0.56:2.7,-0.67:2.66;-0.68:2.64;-0.7:2.62;-0.57:2.69;-0.56:2.7;-0.68:2.65;-0.7:2.64;-0.7:2.64;-0.68:2.66;-0.69:2.66;-0.71:2.68;-0.72:2.65,-0.5887523:2.699365;-0.6144533:2.696879;-0.6422813:2.699694;-0.6727499:2.691898;-0.6901274:2.695782;-0.7167864:2.694415;-0.7511647:2.687194;-0.7897481:2.674908;-0.7880769:2.669762;-0.8211153:2.673043;-0.8398413:2.667619;-0.8814249:2.664917
sigma3_hotel_seed42,HOTEL:biwi_hotel:371:16400,HOTEL,biwi_hotel,biwi_hotel:371,16400,3,0.034512121230363846,0.05635090544819832,0.0,0.10803797841072083,0.2928510308265686,3.3865714073181152,1.125,-0.75:3.2;-0.72:3.32;-0.72:3.34;-0.67:3.29;-0.61:3.24;-0.6:3.24;-0.6:3.24;-0.6:3.24,-0.6:3.24;-0.67:3.27;-0.61:3.24;-0.6:3.24;-0.6:3.24;-0.6:3.24;-0.6:3.24;-0.6:3.24;-0.6:3.24;-0.6:3.24;-0.6:3.24;-0.6:3.24,-0.5985478:3.241686;-0.6019757:3.243171;-0.6165774:3.231862;-0.6235523:3.233933;-0.6177992:3.231575;-0.6156969:3.220664;-0.6338717:3.228459;-0.6427128:3.213785;-0.6195725:3.213103;-0.6219932:3.204837;-0.6129078:3.199587;-0.6295983:3.192048
sigma3_hotel_seed42,HOTEL:biwi_hotel:361:16410,HOTEL,biwi_hotel,biwi_hotel:361,16410,3,0.2415468543767929,0.3748842775821686,0.16770510375499725,0.19135093688964844,1.0412769317626953,11.96082592010498,0.0,-0.72:-6.71;-0.72:-6.71;-0.72:-6.71;-0.62:-6.81;-0.71:-6.72;-0.65:-6.8;-0.71:-6.72;-0.65:-6.75,-0.59:-6.78;-0.7:-6.71;-0.72:-6.71;-0.72:-6.71;-0.72:-6.71;-0.72:-6.71;-0.72:-6.71;-0.72:-6.71;-0.72:-6.71;-0.72:-6.71;-0.72:-6.71;-0.72:-6.71,-0.636624:-6.754124;-0.6134626:-6.767479;-0.5760769:-6.738296;-0.5451475:-6.773517;-0.5164015:-6.757067;-0.5019025:-6.7539;-0.4574181:-6.781157;-0.4580345:-6.804932;-0.3976601:-6.799862;-0.3817816:-6.792643;-0.3629157:-6.802331;-0.3546439:-6.793983
sigma3_hotel_seed42,HOTEL:biwi_hotel:369:16410,HOTEL,biwi_hotel,biwi_hotel:369,16410,3,0.7627242207527161,1.5115422010421753,0.2926174998283386,0.18835043907165527,0.804516077041626,7.4394121170043945,1.0,-0.65:2.84;-0.65:2.84;-0.6:2.77;-0.7:2.71;-0.72:2.67;-0.57:2.7;-0.56:2.7;-0.67:2.66,-0.68:2.64;-0.7:2.62;-0.57:2.69;-0.56:2.7;-0.68:2.65;-0.7:2.64;-0.7:2.64;-0.68:2.66;-0.69:2.66;-0.71:2.68;-0.72:2.65;-0.57:2.7,-0.7952413:2.660887;-0.9070331:2.66263;-1.015869:2.674155;-1.121531:2.675442;-1.263413:2.684044;-1.372797:2.688868;-1.472223:2.665659;-1.584412:2.666612;-1.698832:2.69981;-1.833687:2.707143;-1.952685:2.721273;-2.081511:2.709707
sigma3_hotel_seed42,HOTEL:biwi_hotel:371:16410,HOTEL,biwi_hotel,biwi_hotel:371,16410,3,0.08281532675027847,0.14901325106620789,0.0,0.06386184692382812,0.18409784138202667,3.1415927410125732,1.0,-0.72:3.32;-0.72:3.34;-0.67:3.29;-0.61:3.24;-0.6:3.24;-0.6:3.24;-0.6:3.24;-0.6:3.24,-0.67:3.27;-0.61:3.24;-0.6:3.24;-0.6:3.24;-0.6:3.24;-0.6:3.24;-0.6:3.24;-0.6:3.24;-0.6:3.24;-0.6:3.24;-0.6:3.24;-0.6:3.24,-0.6100454:3.240303;-0.6210687:3.239624;-0.6379161:3.234974;-0.6542277:3.232615;-0.657528:3.232372;-0.6684489:3.226031;-0.6909019:3.225634;-0.7120327:3.213361;-0.6976945:3.212156;-0.7117117:3.208304;-0.7147168:3.201422;-0.7423483:3.195933
sigma3_hotel_seed42,HOTEL:biwi_hotel:386:16410,HOTEL,biwi_hotel,biwi_hotel:386,16410,3,0.36985039710998535,1.050071358680725,0.4756574332714081,0.45330578088760376,0.5035008192062378,1.4284307956695557,0.0,3.44:2.78;3.21:2.76;3:2.74;2.89:2.74;2.73:2.82;2.56:2.96;2.46:3.04;2.27:3.05,2.09:3.04;1.97:3.02;1.83:3.04;1.62:3.14;1.5:3.18;1.45:3.17;1.43:3.16;1.43:3.16;1.43:3.16;1.43:3.16;1.43:3.16;1.43:3.16,2.087047:3.056083;1.919444:3.049902;1.774136:3.095222;1.63462:3.074846;1.447323:3.096686;1.28862:3.131444;1.167318:3.073721;1.017967:3.076627;0.8610876:3.112513;0.6913381:3.120007;0.5342864:3.163422;0.3799289:3.160904
sigma3_hotel_seed42,HOTEL:biwi_hotel:361:16420,HOTEL,biwi_hotel,biwi_hotel:361,16420,3,0.342733770608902,0.4923466742038727,0.16770510375499725,0.2153088003396988,1.0412769317626953,11.96082592010498,0.0,-0.72:-6.71;-0.72:-6.71;-0.62:-6.81;-0.71:-6.72;-0.65:-6.8;-0.71:-6.72;-0.65:-6.75;-0.59:-6.78,-0.7:-6.71;-0.72:-6.71;-0.72:-6.71;-0.72:-6.71;-0.72:-6.71;-0.72:-6.71;-0.72:-6.71;-0.72:-6.71;-0.72:-6.71;-0.72:-6.71;-0.72:-6.71;-0.72:-6.71,-0.5702456:-6.785895;-0.5370441:-6.795704;-0.4943825:-6.774055;-0.4595527:-6.804635;-0.4295519:-6.788963;-0.408665:-6.792586;-0.3652012:-6.813383;-0.3586436:-6.840227;-0.2935758:-6.829025;-0.2778804:-6.817948;-0.2553012:-6.837516;-0.2441109:-6.836233
sigma3_hotel_seed42,HOTEL:biwi_hotel:369:16420,HOTEL,biwi_hotel,biwi_hotel:369,16420,3,0.08340305089950562,0.09492532163858414,0.055901698768138885,0.19633640348911285,0.8211380839347839,8.197790145874023,1.0,-0.65:2.84;-0.6:2.77;-0.7:2.71;-0.72:2.67;-0.57:2.7;-0.56:2.7;-0.67:2.66;-0.68:2.64,-0.7:2.62;-0.57:2.69;-0.56:2.7;-0.68:2.65;-0.7:2.64;-0.7:2.64;-0.68:2.66;-0.69:2.66;-0.71:2.68;-0.72:2.65;-0.57:2.7;-0.68:2.67,-0.6707882:2.639251;-0.660183:2.63521;-0.6540508:2.635331;-0.6491531:2.626871;-0.6394699:2.629236;-0.6331761:2.623431;-0.6387414:2.610753;-0.6446672:2.599496;-0.6157495:2.609228;-0.6185238:2.603108;-0.6080998:2.593739;-0.630639:2.588918
sigma3_hotel_seed42,HOTEL:biwi_hotel:371:16420,HOTEL,biwi_hotel,biwi_hotel:371,16420,3,0.4955892264842987,0.8014189004898071,0.190394327044487,0.08391818404197693,0.17382125556468964,3.522099018096924,1.0,-0.72:3.34;-0.67:3.29;-0.61:3.24;-0.6:3.24;-0.6:3.24;-0.6:3.24;-0.6:3.24;-0.67:3.27,-0.61:3.24;-0.6:3.24;-0.6:3.24;-0.6:3.24;-0.6:3.24;-0.6:3.24;-0.6:3.24;-0.6:3.24;-0.6:3.24;-0.6:3.24;-0.6:3.24;-0.67:3.28,-0.7507132:3.266531;-0.8167023:3.26019;-0.8699121:3.284621;-0.9352534:3.265811;-1.000461:3.281746;-1.075482:3.280811;-1.116961:3.264181;-1.207091:3.258456;-1.247253:3.25873;-1.326137:3.278085;-1.395101:3.267571;-1.471413:3.277046
sigma3_hotel_seed42,HOTEL:biwi_hotel:386:16420,HOTEL,biwi_hotel,biwi_hotel:386,16420,3,0.5529342293739319,1.3757401704788208,0.45069390535354614,0.4352377951145172,0.5059598684310913,1.5282989740371704,0.0,3.21:2.76;3:2.74;2.89:2.74;2.73:2.82;2.56:2.96;2.46:3.04;2.27:3.05;2.09:3.04,1.97:3.02;1.83:3.04;1.62:3.14;1.5:3.18;1.45:3.17;1.43:3.16;1.43:3.16;1.43:3.16;1.43:3.16;1.43:3.16;1.43:3.16;1.43:3.16,1.912897:3.049263;1.742778:3.052469;1.571957:3.07408;1.417907:3.069256;1.227479:3.089606;1.077846:3.107334;0.9087167:3.075987;0.7505223:3.078341;0.583457:3.109613;0.3928349:3.124092;0.2331173:3.15319;0.05426908:3.154963
sigma3_hotel_seed42,HOTEL:biwi_hotel:361:16430,HOTEL,biwi_hotel,biwi_hotel:361,16430,3,0.4798002541065216,0.883027970790863,0.3259601294994354,0.2618745267391205,1.0994117259979248,14.999337196350098,0.0,-0.72:-6.71;-0.62:-6.81;-0.71:-6.72;-0.65:-6.8;-0.71:-6.72;-0.65:-6.75;-0.59:-6.78;-0.7:-6.71,-0.72:-6.71;-0.72:-6.71;-0.72:-6.71;-0.72:-6.71;-0.72:-6.71;-0.72:-6.71;-0.72:-6.71;-0.72:-6.71;-0.72:-6.71;-0.72:-6.71;-0.72:-6.71;-0.72:-6.71,-0.8028005:-6.709223;-0.8877633:-6.722944;-0.9405954:-6.674869;-1.002079:-6.704246;-1.103061:-6.689048;-1.200071:-6.661883;-1.217663:-6.72115;-1.297891:-6.72163;-1.365119:-6.687251;-1.442267:-6.691047;-1.526766:-6.664386;-1.602129:-6.670174
sigma3_hotel_seed42,HOTEL:biwi_hotel:369:16430,HOTEL,biwi_hotel,biwi_hotel:369,16430,3,0.09656423330307007,0.07749725878238678,0.0707106813788414,0.17571532726287842,0.6749578714370728,6.8689141273498535,1.0,-0.6:2.77;-0.7:2.71;-0.72:2.67;-0.57:2.7;-0.56:2.7;-0.67:2.66;-0.68:2.64;-0.7:2.62,-0.57:2.69;-0.56:2.7;-0.68:2.65;-0.7:2.64;-0.7:2.64;-0.68:2.66;-0.69:2.66;-0.71:2.68;-0.72:2.65;-0.57:2.7;-0.68:2.67;-0.7:2.65,-0.7092052:2.621689;-0.7175277:2.617666;-0.7313121:2.624239;-0.7337809:2.611138;-0.7319864:2.617398;-0.732303:2.622434;-0.7468247:2.611398;-0.756329:2.594515;-0.7371493:2.58825;-0.7474835:2.586913;-0.740753:2.595011;-0.7522076:2.592727
sigma3_hotel_seed42,HOTEL:biwi_hotel:371:16430,HOTEL,biwi_hotel,biwi_hotel:371,16430,3,0.1408795863389969,0.24921965599060059,0.16770510375499725,0.0826222375035286,0.31254854798316956,6.514276027679443,1.0,-0.67:3.29;-0.61:3.24;-0.6:3.24;-0.6:3.24;-0.6:3.24;-0.6:3.24;-0.67:3.27;-0.61:3.24,-0.6:3.24;-0.6:3.24;-0.6:3.24;-0.6:3.24;-0.6:3.24;-0.6:3.24;-0.6:3.24;-0.6:3.24;-0.6:3.24;-0.6:3.24;-0.67:3.28;-0.61:3.24,-0.6019692:3.235773;-0.581762:3.222781;-0.5476676:3.252428;-0.5203304:3.21707;-0.4982365:3.234242;-0.4885014:3.237399;-0.4466436:3.208405;-0.4499965:3.184458;-0.3940405:3.193078;-0.3838749:3.200708;-0.3689395:3.190772;-0.3646673:3.196156
sigma3_hotel_seed42,HOTEL:biwi_hotel:386:16430,HOTEL,biwi_hotel,biwi_hotel:386,16430,3,0.322724848985672,0.7787030339241028,0.3041381239891052,0.4033467471599579,0.4630924165248871,1.5429974794387817,0.0,3:2.74;2.89:2.74;2.73:2.82;2.56:2.96;2.46:3.04;2.27:3.05;2.09:3.04;1.97:3.02,1.83:3.04;1.62:3.14;1.5:3.18;1.45:3.17;1.43:3.16;1.43:3.16;1.43:3.16;1.43:3.16;1.43:3.16;1.43:3.16;1.43:3.16;1.43:3.16,1.844182:3.021529;1.732908:3.017918;1.63861:3.04354;1.540868:3.035893;1.403497:3.044747;1.287154:3.058975;1.217395:3.022082;1.110787:3.025826;1.002958:3.062667;0.8858206:3.063131;0.7701254:3.083615;0.6562165:3.072607
sigma3_hotel_seed42,HOTEL:biwi_hotel:361:16440,HOTEL,biwi_hotel,biwi_hotel:361,16440,3,0.35720983147621155,0.6869325637817383,0.05000000074505806,0.2185097634792328,0.9382836222648621,12.424473762512207,0.0,-0.62:-6.81;-0.71:-6.72;-0.65:-6.8;-0.71:-6.72;-0.65:-6.75;-0.59:-6.78;-0.7:-6.71;-0.72:-6.71,-0.72:-6.71;-0.72:-6.71;-0.72:-6.71;-0.72:-6.71;-0.72:-6.71;-0.72:-6.71;-0.72:-6.71;-0.72:-6.71;-0.72:-6.71;-0.72:-6.71;-0.72:-6.71;-0.72:-6.71,-0.7845374:-6.714074;-0.8345432:-6.723087;-0.8730492:-6.699965;-0.9321426:-6.722118;-0.9789705:-6.710238;-1.04325:-6.698589;-1.095745:-6.730822;-1.172896:-6.736895;-1.199047:-6.74404;-1.272232:-6.725625;-1.328119:-6.734687;-1.406626:-6.73053
sigma3_hotel_seed42,HOTEL:biwi_hotel:369:16440,HOTEL,biwi_hotel,biwi_hotel:369,16440,3,0.7004258632659912,1.0614538192749023,0.3691205680370331,0.18679718673229218,0.771277129650116,9.152320861816406,1.0,-0.7:2.71;-0.72:2.67;-0.57:2.7;-0.56:2.7;-0.67:2.66;-0.68:2.64;-0.7:2.62;-0.57:2.69,-0.56:2.7;-0.68:2.65;-0.7:2.64;-0.7:2.64;-0.68:2.66;-0.69:2.66;-0.71:2.68;-0.72:2.65;-0.57:2.7;-0.68:2.67;-0.7:2.65;-0.57:2.69,-0.4717279:2.671107;-0.363659:2.678856;-0.2496719:2.657994;-0.1631768:2.672002;-0.075618:2.668686;0.01719391:2.63177;0.08717704:2.654465;0.1686602:2.657115;0.2542385:2.664094;0.3303934:2.692446;0.4103133:2.6286;0.4891776:2.620524
sigma3_hotel_seed42,HOTEL:biwi_hotel:371:16440,HOTEL,biwi_hotel,biwi_hotel:371,16440,3,0.07619838416576385,0.0956856831908226,0.02500000037252903,0.058299917727708817,0.29963070154190063,6.2831854820251465,1.0,-0.61:3.24;-0.6:3.24;-0.6:3.24;-0.6:3.24;-0.6:3.24;-0.67:3.27;-0.61:3.24;-0.6:3.24,-0.6:3.24;-0.6:3.24;-0.6:3.24;-0.6:3.24;-0.6:3.24;-0.6:3.24;-0.6:3.24;-0.6:3.24;-0.6:3.24;-0.67:3.28;-0.61:3.24;-0.6:3.24,-0.6328346:3.236251;-0.66451:3.217579;-0.6414976:3.263289;-0.6622578:3.239009;-0.658319:3.236949;-0.7221504:3.26595;-0.6625937:3.230967;-0.7016191:3.255296;-0.7078862:3.234502;-0.6802241:3.226297;-0.7044481:3.225694;-0.6948411:3.252685
sigma3_hotel_seed42,HOTEL:biwi_hotel:386:16440,HOTEL,biwi_hotel,biwi_hotel:386,16440,3,0.5166935324668884,1.1829164028167725,0.3535533845424652,0.4145686626434326,0.411406546831131,1.3863955736160278,0.0,2.89:2.74;2.73:2.82;2.56:2.96;2.46:3.04;2.27:3.05;2.09:3.04;1.97:3.02;1.83:3.04,1.62:3.14;1.5:3.18;1.45:3.17;1.43:3.16;1.43:3.16;1.43:3.16;1.43:3.16;1.43:3.16;1.43:3.16;1.43:3.16;1.43:3.16;1.43:3.16,1.692849:3.042759;1.569672:3.044793;1.443699:3.058897;1.327467:3.056103;1.173023:3.070781;1.058764:3.078253;0.9334029:3.051361;0.8089939:3.049991;0.6822908:3.081473;0.5243964:3.09636;0.3953528:3.112908;0.2483428:3.105433
sigma3_hotel_seed42,HOTEL:biwi_hotel:361:16450,HOTEL,biwi_hotel,biwi_hotel:361,16450,3,0.10187787562608719,0.17948618531227112,0.0,0.17305290699005127,0.7229547500610352,9.42477798461914,0.0,-0.71:-6.72;-0.65:-6.8;-0.71:-6.72;-0.65:-6.75;-0.59:-6.78;-0.7:-6.71;-0.72:-6.71;-0.72:-6.71,-0.72:-6.71;-0.72:-6.71;-0.72:-6.71;-0.72:-6.71;-0.72:-6.71;-0.72:-6.71;-0.72:-6.71;-0.72:-6.71;-0.72:-6.71;-0.72:-6.71;-0.72:-6.71;-0.72:-6.71,-0.7378768:-6.70944;-0.7547953:-6.712162;-0.7753661:-6.709158;-0.792164:-6.717881;-0.7985949:-6.714032;-0.8121458:-6.713662;-0.8352438:-6.72021;-0.8588291:-6.734419;-0.8473887:-6.74038;-0.8662561:-6.740752;-0.8713362:-6.74034;-0.8963972:-6.743156
sigma3_hotel_seed42,HOTEL:biwi_hotel:369:16450,HOTEL,biwi_hotel,biwi_hotel:369,16450,3,0.1194809302687645,0.05369597673416138,0.0353553406894207,0.17587603628635406,0.7195232510566711,7.21193790435791,1.0,-0.72:2.67;-0.57:2.7;-0.56:2.7;-0.67:2.66;-0.68:2.64;-0.7:2.62;-0.57:2.69;-0.56:2.7,-0.68:2.65;-0.7:2.64;-0.7:2.64;-0.68:2.66;-0.69:2.66;-0.71:2.68;-0.72:2.65;-0.57:2.7;-0.68:2.67;-0.7:2.65;-0.57:2.69;-0.56:2.7,-0.5495142:2.701358;-0.5434816:2.707687;-0.5580938:2.682794;-0.5647832:2.696881;-0.5575727:2.688477;-0.5476704:2.675489;-0.57:2.691625;-0.5685182:2.681417;-0.5493819:2.681825;-0.5499611:2.667832;-0.5324142:2.663966;-0.5469722:2.647908
sigma3_hotel_seed42,HOTEL:biwi_hotel:371:16450,HOTEL,biwi_hotel,biwi_hotel:371,16450,3,0.05347076430916786,0.059100355952978134,0.0,0.054728489369153976,0.29963070154190063,3.5464844703674316,1.0,-0.6:3.24;-0.6:3.24;-0.6:3.24;-0.6:3.24;-0.67:3.27;-0.61:3.24;-0.6:3.24;-0.6:3.24,-0.6:3.24;-0.6:3.24;-0.6:3.24;-0.6:3.24;-0.6:3.24;-0.6:3.24;-0.6:3.24;-0.6:3.24;-0.67:3.28;-0.61:3.24;-0.6:3.24;-0.6:3.24,-0.6246141:3.237331;-0.6502559:3.223069;-0.6333073:3.257332;-0.6489887:3.239982;-0.6438119:3.23713;-0.6934462:3.258289;-0.6443166:3.234392;-0.674753:3.253564;-0.6779413:3.236152;-0.6518781:3.227097;-0.6687517:3.226456;-0.658411:3.249001
sigma3_hotel_seed42,HOTEL:biwi_hotel:386:16450,HOTEL,biwi_hotel,biwi_hotel:386,16450,3,1.0201386213302612,1.9682743549346924,0.5814851522445679,0.43375030159950256,0.4587751030921936,1.4636409282684326,0.0,2.73:2.82;2.56:2.96;2.46:3.04;2.27:3.05;2.09:3.04;1.97:3.02;1.83:3.04;1.62:3.14,1.5:3.18;1.45:3.17;1.43:3.16;1.43:3.16;1.43:3.16;1.43:3.16;1.43:3.16;1.43:3.16;1.43:3.16;1.43:3.16;1.43:3.16;1.43:3.16,1.412514:3.147426;1.212532:3.149594;1.052126:3.18317;0.8795555:3.191311;0.6580667:3.195765;0.4545434:3.223337;0.3344054:3.180318;0.1742308:3.213517;-0.03383577:3.267423;-0.1947688:3.257959;-0.3784162:3.293267;-0.5345162:3.281573
sigma3_hotel_seed42,HOTEL:biwi_hotel:361:16460,HOTEL,biwi_hotel,biwi_hotel:361,16460,3,0.0747978612780571,0.13200567662715912,0.0,0.13733862340450287,0.5146214365959167,6.2831854820251465,0.0,-0.65:-6.8;-0.71:-6.72;-0.65:-6.75;-0.59:-6.78;-0.7:-6.71;-0.72:-6.71;-0.72:-6.71;-0.72:-6.71,-0.72:-6.71;-0.72:-6.71;-0.72:-6.71;-0.72:-6.71;-0.72:-6.71;-0.72:-6.71;-0.72:-6.71;-0.72:-6.71;-0.72:-6.71;-0.72:-6.71;-0.72:-6.71;-0.72:-6.71,-0.7297106:-6.70791;-0.7407026:-6.707466;-0.7660497:-6.712788;-0.7760729:-6.717404;-0.7798874:-6.713328;-0.7789639:-6.718634;-0.8102299:-6.717243;-0.8245241:-6.736931;-0.8083112:-6.740673;-0.8276671:-6.741554;-0.82434:-6.739288;-0.8471375:-6.745519
sigma3_hotel_seed42,HOTEL:biwi_hotel:369:16460,HOTEL,biwi_hotel,biwi_hotel:369,16460,3,0.7134871482849121,1.3950377702713013,0.32499998807907104,0.167672261595726,0.7195232510566711,9.765527725219727,1.0,-0.57:2.7;-0.56:2.7;-0.67:2.66;-0.68:2.64;-0.7:2.62;-0.57:2.69;-0.56:2.7;-0.68:2.65,-0.7:2.64;-0.7:2.64;-0.68:2.66;-0.69:2.66;-0.71:2.68;-0.72:2.65;-0.57:2.7;-0.68:2.67;-0.7:2.65;-0.57:2.69;-0.56:2.7;-0.56:2.7,-0.7980425:2.650385;-0.902449:2.649248;-0.9963443:2.666954;-1.091997:2.663754;-1.222173:2.672014;-1.329003:2.680328;-1.406767:2.652002;-1.510834:2.654014;-1.613532:2.687304;-1.730794:2.690492;-1.8409:2.705263;-1.955029:2.695019
sigma3_hotel_seed42,HOTEL:biwi_hotel:371:16460,HOTEL,biwi_hotel,biwi_hotel:371,16460,3,0.1275995671749115,0.2191735804080963,0.0,0.054728489369153976,0.29963070154190063,3.5464844703674316,1.0,-0.6:3.24;-0.6:3.24;-0.6:3.24;-0.67:3.27;-0.61:3.24;-0.6:3.24;-0.6:3.24;-0.6:3.24,-0.6:3.24;-0.6:3.24;-0.6:3.24;-0.6:3.24;-0.6:3.24;-0.6:3.24;-0.6:3.24;-0.67:3.28;-0.61:3.24;-0.6:3.24;-0.6:3.24;-0.6:3.24,-0.5668664:3.242822;-0.5458738:3.251042;-0.5502919:3.218503;-0.5363139:3.236528;-0.5138425:3.227487;-0.4809872:3.199114;-0.4919178:3.227968;-0.4746837:3.212951;-0.4372779:3.223493;-0.4180182:3.205473;-0.3863591:3.193253;-0.3889666:3.180823
sigma3_hotel_seed42,HOTEL:biwi_hotel:386:16460,HOTEL,biwi_hotel,biwi_hotel:386,16460,3,0.7168627381324768,1.363458514213562,0.3162277638912201,0.4002731442451477,0.47541168332099915,1.5721261501312256,0.0,2.56:2.96;2.46:3.04;2.27:3.05;2.09:3.04;1.97:3.02;1.83:3.04;1.62:3.14;1.5:3.18,1.45:3.17;1.43:3.16;1.43:3.16;1.43:3.16;1.43:3.16;1.43:3.16;1.43:3.16;1.43:3.16;1.43:3.16;1.43:3.16;1.43:3.16;1.43:3.16,1.356134:3.182515;1.22996:3.174893;1.130819:3.214277;1.027352:3.198836;0.8721262:3.210129;0.7391602:3.237003;0.6748171:3.182255;0.5619863:3.187587;0.440038:3.231901;0.3157732:3.228573;0.1873224:3.262735;0.06946623:3.249258
sigma3_hotel_seed42,HOTEL:biwi_hotel:361:16470,HOTEL,biwi_hotel,biwi_hotel:361,16470,3,0.14845579862594604,0.26075848937034607,0.0,0.10162433236837387,0.3450503945350647,3.6052403450012207,0.0,-0.71:-6.72;-0.65:-6.75;-0.59:-6.78;-0.7:-6.71;-0.72:-6.71;-0.72:-6.71;-0.72:-6.71;-0.72:-6.71,-0.72:-6.71;-0.72:-6.71;-0.72:-6.71;-0.72:-6.71;-0.72:-6.71;-0.72:-6.71;-0.72:-6.71;-0.72:-6.71;-0.72:-6.71;-0.72:-6.71;-0.72:-6.71;-0.72:-6.71,-0.6822399:-6.707712;-0.6553198:-6.700519;-0.6537966:-6.731308;-0.6340115:-6.715523;-0.6091585:-6.722991;-0.5713205:-6.751445;-0.5789351:-6.726754;-0.5584725:-6.741754;-0.5178091:-6.727417;-0.497745:-6.745157;-0.4632852:-6.758276;-0.4662882:-6.770211
sigma3_hotel_seed42,HOTEL:biwi_hotel:369:16470,HOTEL,biwi_hotel,biwi_hotel:369,16470,3,0.2612823247909546,0.42602622509002686,0.055901698768138885,0.17208679020404816,0.6999526619911194,7.041563034057617,1.0,-0.56:2.7;-0.67:2.66;-0.68:2.64;-0.7:2.62;-0.57:2.69;-0.56:2.7;-0.68:2.65;-0.7:2.64,-0.7:2.64;-0.68:2.66;-0.69:2.66;-0.71:2.68;-0.72:2.65;-0.57:2.7;-0.68:2.67;-0.7:2.65;-0.57:2.69;-0.56:2.7;-0.56:2.7;-0.68:2.67,-0.7377129:2.6373;-0.7667891:2.630412;-0.7883122:2.644352;-0.8251703:2.628685;-0.8490624:2.634887;-0.8900263:2.641271;-0.9215854:2.618369;-0.9713839:2.610897;-0.9762392:2.607539;-1.01792:2.614782;-1.048438:2.606136;-1.101215:2.606154
sigma3_hotel_seed42,HOTEL:biwi_hotel:371:16470,HOTEL,biwi_hotel,biwi_hotel:371,16470,3,0.0713755190372467,0.13580337166786194,0.0,0.054728489369153976,0.29963070154190063,3.5464844703674316,1.0,-0.6:3.24;-0.6:3.24;-0.67:3.27;-0.61:3.24;-0.6:3.24;-0.6:3.24;-0.6:3.24;-0.6:3.24,-0.6:3.24;-0.6:3.24;-0.6:3.24;-0.6:3.24;-0.6:3.24;-0.6:3.24;-0.67:3.28;-0.61:3.24;-0.6:3.24;-0.6:3.24;-0.6:3.24;-0.6:3.24,-0.6090466:3.240951;-0.6204475:3.241263;-0.6401876:3.234457;-0.6552391:3.233408;-0.6572818:3.23314;-0.6647918:3.225363;-0.6886845:3.22876;-0.7074759:3.214537;-0.6915209:3.211931;-0.7041083:3.207501;-0.7042102:3.202574;-0.7286752:3.196581
sigma3_hotel_seed42,HOTEL:biwi_hotel:386:16470,HOTEL,biwi_hotel,biwi_hotel:386,16470,3,0.32813605666160583,0.6603150963783264,0.12747548520565033,0.3727473318576813,0.44625094532966614,1.4691144227981567,0.0,2.46:3.04;2.27:3.05;2.09:3.04;1.97:3.02;1.83:3.04;1.62:3.14;1.5:3.18;1.45:3.17,1.43:3.16;1.43:3.16;1.43:3.16;1.43:3.16;1.43:3.16;1.43:3.16;1.43:3.16;1.43:3.16;1.43:3.16;1.43:3.16;1.43:3.16;1.43:3.16,1.389417:3.16789;1.344237:3.160395;1.297426:3.180902;1.246719:3.156414;1.197124:3.173769;1.149548:3.184468;1.081356:3.151788;1.012142:3.137669;0.9871305:3.132876;0.9015221:3.156306;0.8515331:3.153975;0.7696966:3.156064
sigma3_hotel_seed42,HOTEL:biwi_hotel:361:16480,HOTEL,biwi_hotel,biwi_hotel:361,16480,3,0.05848291516304016,0.08787712454795837,0.0,0.07766646146774292,0.3450503945350647,3.6052403450012207,0.0,-0.65:-6.75;-0.59:-6.78;-0.7:-6.71;-0.72:-6.71;-0.72:-6.71;-0.72:-6.71;-0.72:-6.71;-0.72:-6.71,-0.72:-6.71;-0.72:-6.71;-0.72:-6.71;-0.72:-6.71;-0.72:-6.71;-0.72:-6.71;-0.72:-6.71;-0.72:-6.71;-0.72:-6.71;-0.72:-6.71;-0.72:-6.71;-0.65:-6.69,-0.702305:-6.707884;-0.6949772:-6.701417;-0.7032583:-6.725862;-0.7007129:-6.708651;-0.6832801:-6.719318;-0.6681003:-6.73503;-0.6701327:-6.709775;-0.6603409:-6.715617;-0.6376886:-6.71877;-0.616755:-6.738056;-0.5912024:-6.739731;-0.5845561:-6.748647
sigma3_hotel_seed42,HOTEL:biwi_hotel:369:16480,HOTEL,biwi_hotel,biwi_hotel:369,16480,3,0.15982066094875336,0.21998277306556702,0.0,0.13028427958488464,0.6170154213905334,6.2831854820251465,1.0,-0.67:2.66;-0.68:2.64;-0.7:2.62;-0.57:2.69;-0.56:2.7;-0.68:2.65;-0.7:2.64;-0.7:2.64,-0.68:2.66;-0.69:2.66;-0.71:2.68;-0.72:2.65;-0.57:2.7;-0.68:2.67;-0.7:2.65;-0.57:2.69;-0.56:2.7;-0.56:2.7;-0.68:2.67;-0.66:2.64,-0.7218435:2.640062;-0.7390872:2.633819;-0.7550167:2.646965;-0.7690969:2.630078;-0.7769035:2.637694;-0.7931514:2.646769;-0.811361:2.628002;-0.8354815:2.614704;-0.8259964:2.607737;-0.8476831:2.610437;-0.8548235:2.615386;-0.878605:2.615418
sigma3_hotel_seed42,HOTEL:biwi_hotel:371:16480,HOTEL,biwi_hotel,biwi_hotel:371,16480,3,0.12555527687072754,0.20590020716190338,0.0,0.054728489369153976,0.22029972076416016,3.5464844703674316,1.0,-0.6:3.24;-0.67:3.27;-0.61:3.24;-0.6:3.24;-0.6:3.24;-0.6:3.24;-0.6:3.24;-0.6:3.24,-0.6:3.24;-0.6:3.24;-0.6:3.24;-0.6:3.24;-0.6:3.24;-0.67:3.28;-0.61:3.24;-0.6:3.24;-0.6:3.24;-0.6:3.24;-0.6:3.24;-0.6:3.24,-0.5695764:3.241449;-0.5481548:3.24681;-0.5467861:3.221589;-0.5321963:3.234244;-0.5113767:3.227886;-0.4824123:3.203141;-0.4884724:3.22281;-0.4752765:3.210433;-0.4397078:3.222804;-0.4233746:3.2069;-0.395458:3.193966;-0.4016908:3.184608
sigma3_hotel_seed42,HOTEL:biwi_hotel:386:16480,HOTEL,biwi_hotel,biwi_hotel:386,16480,3,0.10997134447097778,0.1990441381931305,0.055901698768138885,0.3127822279930115,0.4542085826396942,1.6272848844528198,0.125,2.27:3.05;2.09:3.04;1.97:3.02;1.83:3.04;1.62:3.14;1.5:3.18;1.45:3.17;1.43:3.16,1.43:3.16;1.43:3.16;1.43:3.16;1.43:3.16;1.43:3.16;1.43:3.16;1.43:3.16;1.43:3.16;1.43:3.16;1.43:3.16;1.43:3.16;1.43:3.16,1.414522:3.161259;1.398222:3.161637;1.370682:3.156412;1.35253:3.152977;1.344358:3.155875;1.336048:3.149558;1.302534:3.151411;1.279683:3.134147;1.291296:3.130027;1.268108:3.129685;1.264173:3.127991;1.234564:3.122271
sigma3_hotel_seed42,HOTEL:biwi_hotel:388:16480,HOTEL,biwi_hotel,biwi_hotel:388,16480,3,3.753206968307495,6.861097812652588,1.507481336593628,1.5286931991577148,0.5755314826965332,0.8065474033355713,1.375,3.45:-9.94;3.34:-9.38;3.31:-8.72;3.16:-8.13;3.14:-7.5;3.05:-6.9;2.94:-6.31;2.88:-5.71,2.77:-5.13;2.69:-4.57;2.66:-3.99;2.61:-3.39;2.6:-2.77;2.62:-2.21;2.61:-1.64;2.66:-1.07;2.65:-0.45;2.65:0.15;2.66:0.68;2.68:1.12,2.895026:-5.754936;2.870783:-5.657177;2.842817:-5.844457;2.762967:-5.696771;2.686946:-5.701671;2.690393:-5.776865;2.372704:-5.663;2.426976:-5.707129;2.279791:-5.516984;2.236643:-5.48217;2.18602:-5.663693;2.167993:-5.721967
sigma3_hotel_seed42,HOTEL:biwi_hotel:389:16480,HOTEL,biwi_hotel,biwi_hotel:389,16480,3,3.9501259326934814,7.180562973022461,1.5348045825958252,1.5201257467269897,0.6594821810722351,0.7342180013656616,1.0,4:-10.12;4.02:-9.59;3.98:-8.99;3.81:-8.3;3.8:-7.73;3.8:-7.11;3.69:-6.51;3.56:-5.91,3.5:-5.25;3.41:-4.57;3.3:-4.03;3.28:-3.45;3.25:-2.81;3.24:-2.25;3.26:-1.74;3.35:-1.13;3.34:-0.4;3.42:0.17;3.49:0.83;3.51:1.18,3.49088:-5.945073;3.392585:-5.859303;3.305016:-6.003029;3.172484:-5.882385;3.03735:-5.87686;2.962477:-5.933867;2.626575:-5.845609;2.612436:-5.881841;2.422245:-5.705706;2.329247:-5.664796;2.219572:-5.826629;2.157946:-5.872123
sigma3_hotel_seed42,HOTEL:biwi_hotel:361:16490,HOTEL,biwi_hotel,biwi_hotel:361,16490,3,0.11334466189146042,0.1469143182039261,0.0,0.05370858684182167,0.13960160315036774,0.5667291879653931,0.0,-0.59:-6.78;-0.7:-6.71;-0.72:-6.71;-0.72:-6.71;-0.72:-6.71;-0.72:-6.71;-0.72:-6.71;-0.72:-6.71,-0.72:-6.71;-0.72:-6.71;-0.72:-6.71;-0.72:-6.71;-0.72:-6.71;-0.72:-6.71;-0.72:-6.71;-0.72:-6.71;-0.72:-6.71;-0.72:-6.71;-0.65:-6.69;-0.64:-6.69,-0.6906869:-6.708607;-0.6681529:-6.705723;-0.663527:-6.724868;-0.6465418:-6.718517;-0.6251528:-6.722107;-0.5963317:-6.742263;-0.60118:-6.731382;-0.5880086:-6.745608;-0.5493564:-6.732885;-0.5352724:-6.74687;-0.5071758:-6.757798;-0.5148348:-6.766925
sigma3_hotel_seed42,HOTEL:biwi_hotel:369:16490,HOTEL,biwi_hotel,biwi_hotel:369,16490,3,0.16673684120178223,0.25785309076309204,0.0707106813788414,0.13239985704421997,0.6360615491867065,8.78127670288086,1.0,-0.68:2.64;-0.7:2.62;-0.57:2.69;-0.56:2.7;-0.68:2.65;-0.7:2.64;-0.7:2.64;-0.68:2.66,-0.69:2.66;-0.71:2.68;-0.72:2.65;-0.57:2.7;-0.68:2.67;-0.7:2.65;-0.57:2.69;-0.56:2.7;-0.56:2.7;-0.68:2.67;-0.66:2.64;-0.57:2.69,-0.6376697:2.662636;-0.6046993:2.665848;-0.5935071:2.644376;-0.5627234:2.65078;-0.5297915:2.647252;-0.4852782:2.625263;-0.4820456:2.638407;-0.4543796:2.620865;-0.4031594:2.634695;-0.3764676:2.616828;-0.3334973:2.60961;-0.3286909:2.599126
sigma3_hotel_seed42,HOTEL:biwi_hotel:371:16490,HOTEL,biwi_hotel,biwi_hotel:371,16490,3,0.020908834412693977,0.03924951329827309,0.0,0.02752929925918579,0.07115574926137924,0.46364760398864746,1.0,-0.67:3.27;-0.61:3.24;-0.6:3.24;-0.6:3.24;-0.6:3.24;-0.6:3.24;-0.6:3.24;-0.6:3.24,-0.6:3.24;-0.6:3.24;-0.6:3.24;-0.6:3.24;-0.67:3.28;-0.61:3.24;-0.6:3.24;-0.6:3.24;-0.6:3.24;-0.6:3.24;-0.6:3.24;-0.6:3.24,-0.601813:3.240001;-0.6121765:3.2382;-0.6102354:3.238803;-0.6163771:3.243738;-0.606121:3.235286;-0.622147:3.232925;-0.5980854:3.242481;-0.6077556:3.250651;-0.6020355:3.241608;-0.5754981:3.227147;-0.5732133:3.222808;-0.5614857:3.232439
sigma3_hotel_seed42,HOTEL:biwi_hotel:386:16490,HOTEL,biwi_hotel,biwi_hotel:386,16490,3,0.05089334771037102,0.08837292343378067,0.0,0.24839738011360168,0.4141388535499573,1.5176347494125366,0.25,2.09:3.04;1.97:3.02;1.83:3.04;1.62:3.14;1.5:3.18;1.45:3.17;1.43:3.16;1.43:3.16,1.43:3.16;1.43:3.16;1.43:3.16;1.43:3.16;1.43:3.16;1.43:3.16;1.43:3.16;1.43:3.16;1.43:3.16;1.43:3.16;1.43:3.16;1.43:3.14,1.425832:3.161044;1.418625:3.161522;1.402729:3.153368;1.391219:3.153332;1.392577:3.152017;1.388458:3.143275;1.368077:3.147262;1.35331:3.13365;1.372202:3.132621;1.364139:3.1265;1.367433:3.120568;1.345535:3.11401
sigma3_hotel_seed42,HOTEL:biwi_hotel:388:16490,HOTEL,biwi_hotel,biwi_hotel:388,16490,3,3.804797887802124,7.047484874725342,1.4758472442626953,1.535706639289856,0.4982285499572754,0.7457720041275024,1.25,3.34:-9.38;3.31:-8.72;3.16:-8.13;3.14:-7.5;3.05:-6.9;2.94:-6.31;2.88:-5.71;2.77:-5.13,2.69:-4.57;2.66:-3.99;2.61:-3.39;2.6:-2.77;2.62:-2.21;2.61:-1.64;2.66:-1.07;2.65:-0.45;2.65:0.15;2.66:0.68;2.68:1.12;2.62:1.78,2.649878:-5.161809;2.508554:-5.076982;2.378961:-5.204815;2.208236:-5.094838;2.03843:-5.077675;1.923812:-5.12779;1.556353:-5.045598;1.501479:-5.082186;1.284607:-4.915424;1.15131:-4.864996;1.015123:-5.018715;0.9259459:-5.06085
sigma3_hotel_seed42,HOTEL:biwi_hotel:389:16490,HOTEL,biwi_hotel,biwi_hotel:389,16490,3,3.880122184753418,7.204902172088623,1.6568042039871216,1.5673916339874268,0.6594821810722351,0.7526406645774841,1.0,4.02:-9.59;3.98:-8.99;3.81:-8.3;3.8:-7.73;3.8:-7.11;3.69:-6.51;3.56:-5.91;3.5:-5.25,3.41:-4.57;3.3:-4.03;3.28:-3.45;3.25:-2.81;3.24:-2.25;3.26:-1.74;3.35:-1.13;3.34:-0.4;3.42:0.17;3.49:0.83;3.51:1.18;3.48:1.88,3.491053:-5.298985;3.443857:-5.180947;3.371719:-5.400648;3.248915:-5.228481;3.156926:-5.226124;3.151105:-5.321773;2.751725:-5.165742;2.782205:-5.216943;2.612164:-5.031536;2.532558:-4.979801;2.477328:-5.18695;2.438625:-5.249246
sigma3_hotel_seed42,HOTEL:biwi_hotel:361:16500,HOTEL,biwi_hotel,biwi_hotel:361,16500,3,0.053675729781389236,0.15414400398731232,0.0,0.0071428571827709675,0.02083333395421505,0.0,0.0,-0.7:-6.71;-0.72:-6.71;-0.72:-6.71;-0.72:-6.71;-0.72:-6.71;-0.72:-6.71;-0.72:-6.71;-0.72:-6.71,-0.72:-6.71;-0.72:-6.71;-0.72:-6.71;-0.72:-6.71;-0.72:-6.71;-0.72:-6.71;-0.72:-6.71;-0.72:-6.71;-0.72:-6.71;-0.65:-6.69;-0.64:-6.69;-0.64:-6.69,-0.7160369:-6.711433;-0.7177252:-6.706859;-0.7272146:-6.726616;-0.7406276:-6.711587;-0.7392299:-6.720037;-0.7442192:-6.740554;-0.7553835:-6.72172;-0.7708044:-6.722289;-0.7618239:-6.716979;-0.7611136:-6.728961;-0.7600654:-6.746503;-0.7818595:-6.750301
sigma3_hotel_seed42,HOTEL:biwi_hotel:369:16500,HOTEL,biwi_hotel,biwi_hotel:369,16500,3,0.06409772485494614,0.06278093159198761,0.02500000037252903,0.1258697509765625,0.49140214920043945,8.287335395812988,1.0,-0.7:2.62;-0.57:2.69;-0.56:2.7;-0.68:2.65;-0.7:2.64;-0.7:2.64;-0.68:2.66;-0.69:2.66,-0.71:2.68;-0.72:2.65;-0.57:2.7;-0.68:2.67;-0.7:2.65;-0.57:2.69;-0.56:2.7;-0.56:2.7;-0.68:2.67;-0.66:2.64;-0.57:2.69;-0.56:2.7,-0.6769897:2.662095;-0.673578:2.666539;-0.6825996:2.649883;-0.6764321:2.661292;-0.6608577:2.655228;-0.6453857:2.642974;-0.6435376:2.664351;-0.635013:2.657724;-0.6151561:2.652654;-0.5956866:2.637024;-0.5722711:2.639932;-0.5607198:2.637223
sigma3_hotel_seed42,HOTEL:biwi_hotel:371:16500,HOTEL,biwi_hotel,biwi_hotel:371,16500,3,0.029694335535168648,0.07227325439453125,0.0,0.0035714285913854837,0.010416666977107525,0.0,1.0,-0.61:3.24;-0.6:3.24;-0.6:3.24;-0.6:3.24;-0.6:3.24;-0.6:3.24;-0.6:3.24;-0.6:3.24,-0.6:3.24;-0.6:3.24;-0.6:3.24;-0.67:3.28;-0.61:3.24;-0.6:3.24;-0.6:3.24;-0.6:3.24;-0.6:3.24;-0.6:3.24;-0.6:3.24;-0.6:3.24,-0.6065401:3.239802;-0.6228468:3.233834;-0.6158331:3.244609;-0.6226351:3.242875;-0.605526:3.235721;-0.6287487:3.237781;-0.5890433:3.241766;-0.6032808:3.25167;-0.5904838:3.23507;-0.5531132:3.217894;-0.5480777:3.218025;-0.528145:3.232236
sigma3_hotel_seed42,HOTEL:biwi_hotel:386:16500,HOTEL,biwi_hotel,biwi_hotel:386,16500,3,0.041766900569200516,0.17016951739788055,0.0,0.20494906604290009,0.36755409836769104,1.2105889320373535,0.375,1.97:3.02;1.83:3.04;1.62:3.14;1.5:3.18;1.45:3.17;1.43:3.16;1.43:3.16;1.43:3.16,1.43:3.16;1.43:3.16;1.43:3.16;1.43:3.16;1.43:3.16;1.43:3.16;1.43:3.16;1.43:3.16;1.43:3.16;1.43:3.16;1.43:3.14;1.31:3.12,1.440525:3.161797;1.444934:3.163734;1.437275:3.14957;1.436712:3.153829;1.448447:3.149503;1.456902:3.136424;1.4448:3.145642;1.443227:3.132187;1.471451:3.134727;1.476998:3.123408;1.492114:3.115964;1.4797:3.107369
sigma3_hotel_seed42,HOTEL:biwi_hotel:361:16510,HOTEL,biwi_hotel,biwi_hotel:361,16510,3,0.030209092423319817,0.03720946982502937,0.0,0.0,0.0,0.0,0.0,-0.72:-6.71;-0.72:-6.71;-0.72:-6.71;-0.72:-6.71;-0.72:-6.71;-0.72:-6.71;-0.72:-6.71;-0.72:-6.71,-0.72:-6.71;-0.72:-6.71;-0.72:-6.71;-0.72:-6.71;-0.72:-6.71;-0.72:-6.71;-0.72:-6.71;-0.72:-6.71;-0.65:-6.69;-0.64:-6.69;-0.64:-6.69;-0.64:-6.69,-0.7280518:-6.710444;-0.7438552:-6.717575;-0.7348096:-6.703784;-0.7421914:-6.708163;-0.7271497:-6.7147;-0.7531353:-6.70898;-0.7140474:-6.710711;-0.7292009:-6.700154;-0.7184167:-6.715661;-0.6842893:-6.731216;-0.6822199:-6.731397;-0.6651616:-6.717412
sigma3_hotel_seed42,HOTEL:biwi_hotel:369:16510,HOTEL,biwi_hotel,biwi_hotel:369,16510,3,0.25949615240097046,0.3825956881046295,0.0707106813788414,0.08323977142572403,0.37494024634361267,8.78127670288086,1.0,-0.57:2.69;-0.56:2.7;-0.68:2.65;-0.7:2.64;-0.7:2.64;-0.68:2.66;-0.69:2.66;-0.71:2.68,-0.72:2.65;-0.57:2.7;-0.68:2.67;-0.7:2.65;-0.57:2.69;-0.56:2.7;-0.56:2.7;-0.68:2.67;-0.66:2.64;-0.57:2.69;-0.56:2.7;-0.65:2.61,-0.7384328:2.678911;-0.7629944:2.675779;-0.7879304:2.679796;-0.8185463:2.671341;-0.8360317:2.674973;-0.8644242:2.67443;-0.8969203:2.664738;-0.9362537:2.653949;-0.9350616:2.65009;-0.9679852:2.653362;-0.9880038:2.646352;-1.031095:2.643856
sigma3_hotel_seed42,HOTEL:biwi_hotel:371:16510,HOTEL,biwi_hotel,biwi_hotel:371,16510,3,0.026456808671355247,0.05533714219927788,0.0,0.0,0.0,0.0,1.0,-0.6:3.24;-0.6:3.24;-0.6:3.24;-0.6:3.24;-0.6:3.24;-0.6:3.24;-0.6:3.24;-0.6:3.24,-0.6:3.24;-0.6:3.24;-0.67:3.28;-0.61:3.24;-0.6:3.24;-0.6:3.24;-0.6:3.24;-0.6:3.24;-0.6:3.24;-0.6:3.24;-0.6:3.24;-0.6:3.24,-0.6080518:3.239555;-0.6238552:3.232425;-0.6148096:3.246216;-0.6221914:3.241838;-0.6071497:3.2353;-0.6331353:3.241021;-0.5940474:3.239289;-0.6092009:3.249846;-0.5984167:3.234339;-0.5642893:3.218784;-0.5622199:3.218603;-0.5451615:3.232588
sigma3_hotel_seed42,HOTEL:biwi_hotel:386:16510,HOTEL,biwi_hotel,biwi_hotel:386,16510,3,0.19878007471561432,0.4625111222267151,0.0,0.1544414460659027,0.25682342052459717,0.9080668091773987,0.5,1.83:3.04;1.62:3.14;1.5:3.18;1.45:3.17;1.43:3.16;1.43:3.16;1.43:3.16;1.43:3.16,1.43:3.16;1.43:3.16;1.43:3.16;1.43:3.16;1.43:3.16;1.43:3.16;1.43:3.16;1.43:3.16;1.43:3.16;1.43:3.14;1.31:3.12;1.28:3.1,1.477352:3.163466;1.508775:3.175639;1.506395:3.131543;1.529518:3.158226;1.558742:3.146219;1.606943:3.108227;1.59675:3.149431;1.625812:3.133432;1.668992:3.149007;1.696876:3.126772;1.73894:3.111547;1.742499:3.096705
sigma3_hotel_seed42,HOTEL:biwi_hotel:361:16520,HOTEL,biwi_hotel,biwi_hotel:361,16520,3,0.036508526653051376,0.03699174150824547,0.0,0.0,0.0,0.0,0.0,-0.72:-6.71;-0.72:-6.71;-0.72:-6.71;-0.72:-6.71;-0.72:-6.71;-0.72:-6.71;-0.72:-6.71;-0.72:-6.71,-0.72:-6.71;-0.72:-6.71;-0.72:-6.71;-0.72:-6.71;-0.72:-6.71;-0.72:-6.71;-0.72:-6.71;-0.65:-6.69;-0.64:-6.69;-0.64:-6.69;-0.64:-6.69;-0.69:-6.69,-0.7280518:-6.710444;-0.7438552:-6.717575;-0.7348096:-6.703784;-0.7421914:-6.708163;-0.7271497:-6.7147;-0.7531353:-6.70898;-0.7140474:-6.710711;-0.7292009:-6.700154;-0.7184167:-6.715661;-0.6842893:-6.731216;-0.6822199:-6.731397;-0.6651616:-6.717412
sigma3_hotel_seed42,HOTEL:biwi_hotel:369:16520,HOTEL,biwi_hotel,biwi_hotel:369,16520,3,0.2159206122159958,0.26618725061416626,0.07905694097280502,0.0894828587770462,0.2789110839366913,8.064735412597656,1.0,-0.56:2.7;-0.68:2.65;-0.7:2.64;-0.7:2.64;-0.68:2.66;-0.69:2.66;-0.71:2.68;-0.72:2.65,-0.57:2.7;-0.68:2.67;-0.7:2.65;-0.57:2.69;-0.56:2.7;-0.56:2.7;-0.68:2.67;-0.66:2.64;-0.57:2.69;-0.56:2.7;-0.65:2.61;-0.69:2.66,-0.7414267:2.646651;-0.7548366:2.640589;-0.7622499:2.651961;-0.7825077:2.63818;-0.7955827:2.645708;-0.8217546:2.640172;-0.8320756:2.625814;-0.8717821:2.619513;-0.8648658:2.6247;-0.8919149:2.630109;-0.9112853:2.612665;-0.9526353:2.61666
sigma3_hotel_seed42,HOTEL:biwi_hotel:371:16520,HOTEL,biwi_hotel,biwi_hotel:371,16520,3,0.025984808802604675,0.05533714219927788,0.0,0.0,0.0,0.0,1.0,-0.6:3.24;-0.6:3.24;-0.6:3.24;-0.6:3.24;-0.6:3.24;-0.6:3.24;-0.6:3.24;-0.6:3.24,-0.6:3.24;-0.67:3.28;-0.61:3.24;-0.6:3.24;-0.6:3.24;-0.6:3.24;-0.6:3.24;-0.6:3.24;-0.6:3.24;-0.6:3.24;-0.6:3.24;-0.6:3.24,-0.6080518:3.239555;-0.6238552:3.232425;-0.6148096:3.246216;-0.6221914:3.241838;-0.6071497:3.2353;-0.6331353:3.241021;-0.5940474:3.239289;-0.6092009:3.249846;-0.5984167:3.234339;-0.5642893:3.218784;-0.5622199:3.218603;-0.5451615:3.232588
sigma3_hotel_seed42,HOTEL:biwi_hotel:361:16530,HOTEL,biwi_hotel,biwi_hotel:361,16530,3,0.05122026801109314,0.1592942178249359,0.0,0.0,0.0,0.0,0.0,-0.72:-6.71;-0.72:-6.71;-0.72:-6.71;-0.72:-6.71;-0.72:-6.71;-0.72:-6.71;-0.72:-6.71;-0.72:-6.71,-0.72:-6.71;-0.72:-6.71;-0.72:-6.71;-0.72:-6.71;-0.72:-6.71;-0.72:-6.71;-0.65:-6.69;-0.64:-6.69;-0.64:-6.69;-0.64:-6.69;-0.69:-6.69;-0.82:-6.68,-0.7280518:-6.710444;-0.7438552:-6.717575;-0.7348096:-6.703784;-0.7421914:-6.708163;-0.7271497:-6.7147;-0.7531353:-6.70898;-0.7140474:-6.710711;-0.7292009:-6.700154;-0.7184167:-6.715661;-0.6842893:-6.731216;-0.6822199:-6.731397;-0.6651616:-6.717412
sigma3_hotel_seed42,HOTEL:biwi_hotel:369:16530,HOTEL,biwi_hotel,biwi_hotel:369,16530,3,0.638669490814209,1.156799077987671,0.3952847123146057,0.09952352941036224,0.35305914282798767,10.210176467895508,1.0,-0.68:2.65;-0.7:2.64;-0.7:2.64;-0.68:2.66;-0.69:2.66;-0.71:2.68;-0.72:2.65;-0.57:2.7,-0.68:2.67;-0.7:2.65;-0.57:2.69;-0.56:2.7;-0.56:2.7;-0.68:2.67;-0.66:2.64;-0.57:2.69;-0.56:2.7;-0.65:2.61;-0.69:2.66;-0.72:2.59,-0.4780645:2.6837;-0.3777001:2.687653;-0.272339:2.673686;-0.189782:2.677465;-0.1022248:2.677819;-0.01537424:2.646328;0.05380183:2.664286;0.1243676:2.656371;0.2183783:2.660308;0.2903004:2.685508;0.3653799:2.628187;0.4362721:2.624913
sigma3_hotel_seed42,HOTEL:biwi_hotel:371:16530,HOTEL,biwi_hotel,biwi_hotel:371,16530,3,0.027954226359725,0.05533714219927788,0.0,0.0,0.0,0.0,1.0,-0.6:3.24;-0.6:3.24;-0.6:3.24;-0.6:3.24;-0.6:3.24;-0.6:3.24;-0.6:3.24;-0.6:3.24,-0.67:3.28;-0.61:3.24;-0.6:3.24;-0.6:3.24;-0.6:3.24;-0.6:3.24;-0.6:3.24;-0.6:3.24;-0.6:3.24;-0.6:3.24;-0.6:3.24;-0.6:3.24,-0.6080518:3.239555;-0.6238552:3.232425;-0.6148096:3.246216;-0.6221914:3.241838;-0.6071497:3.2353;-0.6331353:3.241021;-0.5940474:3.239289;-0.6092009:3.249846;-0.5984167:3.234339;-0.5642893:3.218784;-0.5622199:3.218603;-0.5451615:3.232588
sigma3_hotel_seed42,HOTEL:biwi_hotel:361:16540,HOTEL,biwi_hotel,biwi_hotel:361,16540,3,0.07185503095388412,0.23957675695419312,0.0,0.0,0.0,0.0,0.0,-0.72:-6.71;-0.72:-6.71;-0.72:-6.71;-0.72:-6.71;-0.72:-6.71;-0.72:-6.71;-0.72:-6.71;-0.72:-6.71,-0.72:-6.71;-0.72:-6.71;-0.72:-6.71;-0.72:-6.71;-0.72:-6.71;-0.65:-6.69;-0.64:-6.69;-0.64:-6.69;-0.64:-6.69;-0.69:-6.69;-0.82:-6.68;-0.9:-6.67,-0.7280518:-6.710444;-0.7438552:-6.717575;-0.7348096:-6.703784;-0.7421914:-6.708163;-0.7271497:-6.7147;-0.7531353:-6.70898;-0.7140474:-6.710711;-0.7292009:-6.700154;-0.7184167:-6.715661;-0.6842893:-6.731216;-0.6822199:-6.731397;-0.6651616:-6.717412
sigma3_hotel_seed42,HOTEL:biwi_hotel:369:16540,HOTEL,biwi_hotel,biwi_hotel:369,16540,3,0.7075569033622742,1.3227291107177734,0.285043865442276,0.1322581171989441,0.6131307482719421,10.476428031921387,1.0,-0.7:2.64;-0.7:2.64;-0.68:2.66;-0.69:2.66;-0.71:2.68;-0.72:2.65;-0.57:2.7;-0.68:2.67,-0.7:2.65;-0.57:2.69;-0.56:2.7;-0.56:2.7;-0.68:2.67;-0.66:2.64;-0.57:2.69;-0.56:2.7;-0.65:2.61;-0.69:2.66;-0.72:2.59;-0.57:2.69,-0.8018194:2.668136;-0.9003133:2.65823;-0.9844698:2.699668;-1.071219:2.668756;-1.183838:2.694674;-1.284172:2.712055;-1.358371:2.667138;-1.471691:2.658524;-1.551331:2.669559;-1.679312:2.695866;-1.782148:2.70815;-1.892525:2.713233
sigma3_hotel_seed42,HOTEL:biwi_hotel:371:16540,HOTEL,biwi_hotel,biwi_hotel:371,16540,3,0.522968053817749,0.9065081477165222,0.20155644416809082,0.028793778270483017,0.08398184925317764,0.0,1.0,-0.6:3.24;-0.6:3.24;-0.6:3.24;-0.6:3.24;-0.6:3.24;-0.6:3.24;-0.6:3.24;-0.67:3.28,-0.61:3.24;-0.6:3.24;-0.6:3.24;-0.6:3.24;-0.6:3.24;-0.6:3.24;-0.6:3.24;-0.6:3.24;-0.6:3.24;-0.6:3.24;-0.6:3.24;-0.6:3.24,-0.7564216:3.276611;-0.8268128:3.268813;-0.8812648:3.298074;-0.9481803:3.276059;-1.017982:3.293371;-1.097721:3.296527;-1.137789:3.274179;-1.230283:3.268451;-1.273833:3.269864;-1.355272:3.288972;-1.427765:3.282495;-1.505024:3.291844
sigma3_hotel_seed42,HOTEL:biwi_hotel:361:16550,HOTEL,biwi_hotel,biwi_hotel:361,16550,3,0.09106925129890442,0.24928726255893707,0.0,0.0,0.0,0.0,0.0,-0.72:-6.71;-0.72:-6.71;-0.72:-6.71;-0.72:-6.71;-0.72:-6.71;-0.72:-6.71;-0.72:-6.71;-0.72:-6.71,-0.72:-6.71;-0.72:-6.71;-0.72:-6.71;-0.72:-6.71;-0.65:-6.69;-0.64:-6.69;-0.64:-6.69;-0.64:-6.69;-0.69:-6.69;-0.82:-6.68;-0.9:-6.67;-0.91:-6.67,-0.7280684:-6.710446;-0.7438793:-6.717585;-0.7348261:-6.70377;-0.7422102:-6.708167;-0.7271788:-6.714696;-0.7531816:-6.708956;-0.7140865:-6.710716;-0.7292511:-6.700154;-0.7184792:-6.715663;-0.6843647:-6.731208;-0.6823117:-6.731384;-0.6652588:-6.717391
sigma3_hotel_seed42,HOTEL:biwi_hotel:369:16550,HOTEL,biwi_hotel,biwi_hotel:369,16550,3,0.35841870307922363,0.5855535268783569,0.0707106813788414,0.1423596441745758,0.6779949069023132,10.995573997497559,1.0,-0.7:2.64;-0.68:2.66;-0.69:2.66;-0.71:2.68;-0.72:2.65;-0.57:2.7;-0.68:2.67;-0.7:2.65,-0.57:2.69;-0.56:2.7;-0.56:2.7;-0.68:2.67;-0.66:2.64;-0.57:2.69;-0.56:2.7;-0.65:2.61;-0.69:2.66;-0.72:2.59;-0.57:2.69;-0.64:2.57,-0.7486213:2.647536;-0.7877457:2.641391;-0.8217514:2.655686;-0.8676844:2.639606;-0.9014481:2.648234;-0.9484169:2.654336;-0.9931626:2.632987;-1.052798:2.623827;-1.066505:2.617471;-1.122165:2.629373;-1.161234:2.622459;-1.223095:2.623597
sigma3_hotel_seed42,HOTEL:biwi_hotel:371:16550,HOTEL,biwi_hotel,biwi_hotel:371,16550,3,0.11138959974050522,0.19720986485481262,0.18027757108211517,0.054547715932130814,0.24298536777496338,3.0727362632751465,1.0,-0.6:3.24;-0.6:3.24;-0.6:3.24;-0.6:3.24;-0.6:3.24;-0.6:3.24;-0.67:3.28;-0.61:3.24,-0.6:3.24;-0.6:3.24;-0.6:3.24;-0.6:3.24;-0.6:3.24;-0.6:3.24;-0.6:3.24;-0.6:3.24;-0.6:3.24;-0.6:3.24;-0.6:3.24;-0.6:3.24,-0.6059658:3.235603;-0.5886356:3.223259;-0.5573401:3.252382;-0.5332426:3.218432;-0.5166683:3.235416;-0.5106635:3.23819;-0.4718506:3.208582;-0.4769361:3.186195;-0.4265759:3.197375;-0.4203441:3.205051;-0.4086781:3.194896;-0.407264:3.198232
sigma3_hotel_seed42,HOTEL:biwi_hotel:361:16560,HOTEL,biwi_hotel,biwi_hotel:361,16560,3,0.10690408200025558,0.24922147393226624,0.0,0.0,0.0,0.0,0.0,-0.72:-6.71;-0.72:-6.71;-0.72:-6.71;-0.72:-6.71;-0.72:-6.71;-0.72:-6.71;-0.72:-6.71;-0.72:-6.71,-0.72:-6.71;-0.72:-6.71;-0.72:-6.71;-0.65:-6.69;-0.64:-6.69;-0.64:-6.69;-0.64:-6.69;-0.69:-6.69;-0.82:-6.68;-0.9:-6.67;-0.91:-6.67;-0.91:-6.67,-0.7280789:-6.710448;-0.7438953:-6.717591;-0.7348369:-6.703761;-0.742224:-6.708169;-0.7271989:-6.714694;-0.7532144:-6.708942;-0.7141136:-6.710719;-0.7292864:-6.700153;-0.7185224:-6.715663;-0.6844146:-6.731203;-0.6823727:-6.731378;-0.6653234:-6.717378
sigma3_hotel_seed42,HOTEL:biwi_hotel:369:16560,HOTEL,biwi_hotel,biwi_hotel:369,16560,3,0.5574465990066528,0.903221607208252,0.3400367498397827,0.1808348000049591,0.8087234497070312,11.294073104858398,1.0,-0.68:2.66;-0.69:2.66;-0.71:2.68;-0.72:2.65;-0.57:2.7;-0.68:2.67;-0.7:2.65;-0.57:2.69,-0.56:2.7;-0.56:2.7;-0.68:2.67;-0.66:2.64;-0.57:2.69;-0.56:2.7;-0.65:2.61;-0.69:2.66;-0.72:2.59;-0.57:2.69;-0.64:2.57;-0.58:2.69,-0.4904348:2.677716;-0.4053521:2.676274;-0.3163934:2.671816;-0.2431552:2.661385;-0.1585261:2.666625;-0.08397385:2.643183;-0.01945436:2.654736;0.03188705:2.631345;0.1349418:2.63131;0.1987075:2.650758;0.263236:2.603381;0.3194565:2.607615
sigma3_hotel_seed42,HOTEL:biwi_hotel:371:16560,HOTEL,biwi_hotel,biwi_hotel:371,16560,3,0.07746976613998413,0.09825389832258224,0.02500000037252903,0.058119144290685654,0.3096845746040344,3.660738706588745,1.0,-0.6:3.24;-0.6:3.24;-0.6:3.24;-0.6:3.24;-0.6:3.24;-0.67:3.28;-0.61:3.24;-0.6:3.24,-0.6:3.24;-0.6:3.24;-0.6:3.24;-0.6:3.24;-0.6:3.24;-0.6:3.24;-0.6:3.24;-0.6:3.24;-0.6:3.24;-0.6:3.24;-0.6:3.24;-0.6:3.24,-0.631269:3.236458;-0.6608748:3.218825;-0.6396531:3.262266;-0.658714:3.238919;-0.6564137:3.237422;-0.7163315:3.265561;-0.6615903:3.231584;-0.6982512:3.254324;-0.7056888:3.235543;-0.6815473:3.228596;-0.7054306:3.228049;-0.6972671:3.253891
sigma3_hotel_seed42,HOTEL:biwi_hotel:361:16570,HOTEL,biwi_hotel,biwi_hotel:361,16570,3,0.12869198620319366,0.3347252905368805,0.0,0.0,0.0,0.0,0.0,-0.72:-6.71;-0.72:-6.71;-0.72:-6.71;-0.72:-6.71;-0.72:-6.71;-0.72:-6.71;-0.72:-6.71;-0.72:-6.71,-0.72:-6.71;-0.72:-6.71;-0.65:-6.69;-0.64:-6.69;-0.64:-6.69;-0.64:-6.69;-0.69:-6.69;-0.82:-6.68;-0.9:-6.67;-0.91:-6.67;-0.91:-6.67;-0.92:-6.5,-0.7280986:-6.71045;-0.743926:-6.717603;-0.7348577:-6.703747;-0.742253:-6.708172;-0.727239:-6.714692;-0.7532815:-6.70892;-0.7141684:-6.710725;-0.7293584:-6.70015;-0.7186096:-6.715663;-0.6845117:-6.731194;-0.6824909:-6.731368;-0.6654489:-6.717359
sigma3_hotel_seed42,HOTEL:biwi_hotel:369:16570,HOTEL,biwi_hotel,biwi_hotel:369,16570,3,0.1932307928800583,0.39914238452911377,0.0353553406894207,0.18231414258480072,0.9142781496047974,10.995573997497559,1.0,-0.69:2.66;-0.71:2.68;-0.72:2.65;-0.57:2.7;-0.68:2.67;-0.7:2.65;-0.57:2.69;-0.56:2.7,-0.56:2.7;-0.68:2.67;-0.66:2.64;-0.57:2.69;-0.56:2.7;-0.65:2.61;-0.69:2.66;-0.72:2.59;-0.57:2.69;-0.64:2.57;-0.58:2.69;-0.64:2.81,-0.6052009:2.698406;-0.6383737:2.690044;-0.6687764:2.711235;-0.7029741:2.687352;-0.73432:2.701227;-0.7705997:2.714611;-0.8132961:2.683524;-0.8633331:2.670829;-0.8738921:2.664662;-0.9310209:2.679562;-0.9633722:2.681394;-1.018624:2.683674
sigma3_hotel_seed42,HOTEL:biwi_hotel:371:16570,HOTEL,biwi_hotel,biwi_hotel:371,16570,3,0.050657808780670166,0.07977756857872009,0.0,0.058119144290685654,0.32010123133659363,3.660738706588745,1.0,-0.6:3.24;-0.6:3.24;-0.6:3.24;-0.6:3.24;-0.67:3.28;-0.61:3.24;-0.6:3.24;-0.6:3.24,-0.6:3.24;-0.6:3.24;-0.6:3.24;-0.6:3.24;-0.6:3.24;-0.6:3.24;-0.6:3.24;-0.6:3.24;-0.6:3.24;-0.6:3.24;-0.6:3.24;-0.67:3.32,-0.6214718:3.237728;-0.6452028:3.224967;-0.6299553:3.255015;-0.644237:3.240426;-0.6375808:3.236787;-0.6827609:3.254838;-0.6360276:3.235397;-0.6636363:3.253035;-0.6646873:3.236244;-0.6375216:3.226072;-0.6511588:3.225241;-0.6399248:3.246109
sigma3_hotel_seed42,HOTEL:biwi_hotel:391:16570,HOTEL,biwi_hotel,biwi_hotel:391,16570,3,2.2384512424468994,4.120269298553467,1.006541132926941,1.2534841299057007,0.6901121139526367,1.0322152376174927,0.125,3.34:-10.19;3.12:-9.64;3.04:-9.14;2.91:-8.65;2.69:-8.15;2.66:-7.61;2.6:-7.2;2.5:-6.81,2.47:-6.45;2.42:-6.12;2.35:-5.8;2.39:-5.52;2.49:-5.23;2.6:-4.91;2.65:-4.62;2.89:-4.27;2.98:-3.98;2.95:-3.64;2.97:-3.42;3.01:-3.14,2.389799:-6.824022;2.267913:-6.772928;2.165898:-6.839441;2.05698:-6.763928;1.880481:-6.76349;1.781833:-6.797423;1.536236:-6.772497;1.507298:-6.771693;1.305581:-6.634236;1.191188:-6.592106;1.055817:-6.680669;0.9809964:-6.726051
sigma3_hotel_seed42,HOTEL:biwi_hotel:361:16580,HOTEL,biwi_hotel,biwi_hotel:361,16580,3,0.1550983190536499,0.3527510464191437,0.0,0.0,0.0,0.0,0.0,-0.72:-6.71;-0.72:-6.71;-0.72:-6.71;-0.72:-6.71;-0.72:-6.71;-0.72:-6.71;-0.72:-6.71;-0.72:-6.71,-0.72:-6.71;-0.65:-6.69;-0.64:-6.69;-0.64:-6.69;-0.64:-6.69;-0.69:-6.69;-0.82:-6.68;-0.9:-6.67;-0.91:-6.67;-0.91:-6.67;-0.92:-6.5;-0.97:-6.54,-0.7280448:-6.710443;-0.7438433:-6.717571;-0.7348017:-6.703788;-0.7421781:-6.708162;-0.7271329:-6.7147;-0.753106:-6.708985;-0.7140241:-6.710709;-0.7291698:-6.700156;-0.71838:-6.715662;-0.6842513:-6.731219;-0.6821735:-6.731398;-0.6651122:-6.717417
sigma3_hotel_seed42,HOTEL:biwi_hotel:369:16580,HOTEL,biwi_hotel,biwi_hotel:369,16580,3,0.3155987858772278,0.6022865176200867,0.0,0.172212615609169,0.8758947253227234,8.961130142211914,1.0,-0.71:2.68;-0.72:2.65;-0.57:2.7;-0.68:2.67;-0.7:2.65;-0.57:2.69;-0.56:2.7;-0.56:2.7,-0.68:2.67;-0.66:2.64;-0.57:2.69;-0.56:2.7;-0.65:2.61;-0.69:2.66;-0.72:2.59;-0.57:2.69;-0.64:2.57;-0.58:2.69;-0.64:2.81;-0.73:2.9,-0.6257285:2.697426;-0.6743132:2.688993;-0.7228424:2.712452;-0.7775291:2.685764;-0.831542:2.704444;-0.8842348:2.717058;-0.9554822:2.680606;-1.030172:2.667218;-1.059261:2.662238;-1.151131:2.688039;-1.206463:2.685315;-1.293878:2.688361
sigma3_hotel_seed42,HOTEL:biwi_hotel:371:16580,HOTEL,biwi_hotel,biwi_hotel:371,16580,3,0.16721200942993164,0.47458213567733765,0.0,0.058119144290685654,0.32010123133659363,3.660738706588745,1.0,-0.6:3.24;-0.6:3.24;-0.6:3.24;-0.67:3.28;-0.61:3.24;-0.6:3.24;-0.6:3.24;-0.6:3.24,-0.6:3.24;-0.6:3.24;-0.6:3.24;-0.6:3.24;-0.6:3.24;-0.6:3.24;-0.6:3.24;-0.6:3.24;-0.6:3.24;-0.6:3.24;-0.67:3.32;-0.76:3.42,-0.5615457:3.243063;-0.5366501:3.252762;-0.5403055:3.215898;-0.5229052:3.237163;-0.4979073:3.227012;-0.4593094:3.19504;-0.4699642:3.228515;-0.4483039:3.213131;-0.4087374:3.225556;-0.3862504:3.205959;-0.3506979:3.192614;-0.3509976:3.179282
sigma3_hotel_seed42,HOTEL:biwi_hotel:391:16580,HOTEL,biwi_hotel,biwi_hotel:391,16580,3,2.0036733150482178,3.5887155532836914,0.9031195640563965,1.1709411144256592,0.61458820104599,0.978225588798523,0.125,3.12:-9.64;3.04:-9.14;2.91:-8.65;2.69:-8.15;2.66:-7.61;2.6:-7.2;2.5:-6.81;2.47:-6.45,2.42:-6.12;2.35:-5.8;2.39:-5.52;2.49:-5.23;2.6:-4.91;2.65:-4.62;2.89:-4.27;2.98:-3.98;2.95:-3.64;2.97:-3.42;3.01:-3.14;2.97:-2.92,2.515155:-6.479154;2.5431:-6.423548;2.577456:-6.534912;2.595952:-6.430644;2.536104:-6.458412;2.579642:-6.51819;2.440349:-6.46792;2.541848:-6.469869;2.443998:-6.326069;2.443597:-6.292854;2.410272:-6.404242;2.434668:-6.468563
sigma3_hotel_seed42,HOTEL:biwi_hotel:361:16590,HOTEL,biwi_hotel,biwi_hotel:361,16590,3,0.1793081909418106,0.3994474411010742,0.0,0.0,0.0,0.0,0.0,-0.72:-6.71;-0.72:-6.71;-0.72:-6.71;-0.72:-6.71;-0.72:-6.71;-0.72:-6.71;-0.72:-6.71;-0.72:-6.71,-0.65:-6.69;-0.64:-6.69;-0.64:-6.69;-0.64:-6.69;-0.69:-6.69;-0.82:-6.68;-0.9:-6.67;-0.91:-6.67;-0.91:-6.67;-0.92:-6.5;-0.97:-6.54;-1:-6.5,-0.7279904:-6.710437;-0.7437456:-6.717535;-0.7347425:-6.703829;-0.7420886:-6.708157;-0.727042:-6.714701;-0.7529252:-6.709035;-0.7139202:-6.71069;-0.7290099:-6.70017;-0.7182072:-6.715648;-0.6840983:-6.731208;-0.6819794:-6.731392;-0.6649233:-6.717444
sigma3_hotel_seed42,HOTEL:biwi_hotel:369:16590,HOTEL,biwi_hotel,biwi_hotel:369,16590,3,0.6644037961959839,1.0247069597244263,0.3092329204082489,0.20509488880634308,0.8184027671813965,9.348006248474121,1.0,-0.72:2.65;-0.57:2.7;-0.68:2.67;-0.7:2.65;-0.57:2.69;-0.56:2.7;-0.56:2.7;-0.68:2.67,-0.66:2.64;-0.57:2.69;-0.56:2.7;-0.65:2.61;-0.69:2.66;-0.72:2.59;-0.57:2.69;-0.64:2.57;-0.58:2.69;-0.64:2.81;-0.73:2.9;-0.88:2.94,-0.7873554:2.66867;-0.879271:2.6681;-0.969113:2.682502;-1.060659:2.675645;-1.171984:2.689144;-1.2651:2.688803;-1.3505:2.671112;-1.457351:2.667643;-1.54185:2.684691;-1.662676:2.702425;-1.762564:2.702558;-1.876357:2.700634
sigma3_hotel_seed42,HOTEL:biwi_hotel:371:16590,HOTEL,biwi_hotel,biwi_hotel:371,16590,3,0.09331805258989334,0.3092328608036041,0.0,0.058119144290685654,0.32010123133659363,3.660738706588745,1.0,-0.6:3.24;-0.6:3.24;-0.67:3.28;-0.61:3.24;-0.6:3.24;-0.6:3.24;-0.6:3.24;-0.6:3.24,-0.6:3.24;-0.6:3.24;-0.6:3.24;-0.6:3.24;-0.6:3.24;-0.6:3.24;-0.6:3.24;-0.6:3.24;-0.6:3.24;-0.67:3.32;-0.76:3.42;-0.89:3.45,-0.6072147:3.240532;-0.6161491:3.240216;-0.6317914:3.23426;-0.6458991:3.232796;-0.6470702:3.231998;-0.6552663:3.224753;-0.6762836:3.225721;-0.6946574:3.213225;-0.6783321:3.212454;-0.6895837:3.207556;-0.6900036:3.200694;-0.7154096:3.194768
sigma3_hotel_seed42,HOTEL:biwi_hotel:391:16590,HOTEL,biwi_hotel,biwi_hotel:391,16590,3,2.094134569168091,3.6501407623291016,0.8344159722328186,1.1093007326126099,0.5990312099456787,0.9447793364524841,0.0,3.04:-9.14;2.91:-8.65;2.69:-8.15;2.66:-7.61;2.6:-7.2;2.5:-6.81;2.47:-6.45;2.42:-6.12,2.35:-5.8;2.39:-5.52;2.49:-5.23;2.6:-4.91;2.65:-4.62;2.89:-4.27;2.98:-3.98;2.95:-3.64;2.97:-3.42;3.01:-3.14;2.97:-2.92;2.96:-2.78,2.342499:-6.137055;2.277223:-6.096514;2.225451:-6.149244;2.161264:-6.084246;2.01161:-6.087453;1.947382:-6.124639;1.790089:-6.116526;1.790903:-6.102932;1.632749:-5.977311;1.538292:-5.938499;1.443038:-6.012306;1.392318:-6.076346
sigma3_hotel_seed42,HOTEL:biwi_hotel:392:16590,HOTEL,biwi_hotel,biwi_hotel:392,16590,3,0.46997952461242676,0.3638788163661957,0.625,0.834235429763794,0.7174220681190491,1.8215821981430054,0.625,3.92:-4.09;3.56:-4.25;3.16:-4.19;2.82:-4.18;2.49:-4.3;2.19:-4.3;1.9:-4.24;1.65:-4.24,1.37:-4.38;1.05:-4.42;0.72:-4.36;0.4:-4.35;-0.09:-4.47;-0.36:-4.34;-0.65:-4.37;-0.95:-4.44;-1.21:-4.44;-1.35:-4.39;-1.37:-4.39;-1.37:-4.39,1.408365:-4.217737;1.152173:-4.202077;0.8887807:-4.195136;0.6555398:-4.175921;0.3912376:-4.160498;0.1765796:-4.140609;-0.08452153:-4.153091;-0.299811:-4.1369;-0.5544585:-4.094078;-0.7987477:-4.093884;-1.018185:-4.05076;-1.261315:-4.042731
sigma3_hotel_seed42,HOTEL:biwi_hotel:361:16600,HOTEL,biwi_hotel,biwi_hotel:361,16600,3,0.8353347778320312,1.7455559968948364,0.18200275301933289,0.02600039169192314,0.0758344754576683,0.0,0.0,-0.72:-6.71;-0.72:-6.71;-0.72:-6.71;-0.72:-6.71;-0.72:-6.71;-0.72:-6.71;-0.72:-6.71;-0.65:-6.69,-0.64:-6.69;-0.64:-6.69;-0.64:-6.69;-0.69:-6.69;-0.82:-6.68;-0.9:-6.67;-0.91:-6.67;-0.91:-6.67;-0.92:-6.5;-0.97:-6.54;-1:-6.5;-1.22:-6.37,-0.5481775:-6.69234;-0.4529989:-6.694795;-0.3682891:-6.704245;-0.26992:-6.71709;-0.1728069:-6.717089;-0.06994921:-6.728796;0.00811249:-6.721226;0.09194118:-6.764814;0.2218373:-6.754241;0.3117826:-6.764112;0.4024212:-6.775053;0.475947:-6.783194
sigma3_hotel_seed42,HOTEL:biwi_hotel:391:16600,HOTEL,biwi_hotel,biwi_hotel:391,16600,3,2.1573264598846436,3.668710470199585,0.8189169764518738,1.0452346801757812,0.5279966592788696,0.8545904755592346,0.125,2.91:-8.65;2.69:-8.15;2.66:-7.61;2.6:-7.2;2.5:-6.81;2.47:-6.45;2.42:-6.12;2.35:-5.8,2.39:-5.52;2.49:-5.23;2.6:-4.91;2.65:-4.62;2.89:-4.27;2.98:-3.98;2.95:-3.64;2.97:-3.42;3.01:-3.14;2.97:-2.92;2.96:-2.78;2.98:-2.59,2.253416:-5.814091;2.160591:-5.771292;2.083612:-5.82373;1.999554:-5.758497;1.835561:-5.758482;1.754704:-5.792416;1.563784:-5.781078;1.548421:-5.770667;1.370994:-5.645893;1.263318:-5.604006;1.150894:-5.677587;1.087918:-5.733161
sigma3_hotel_seed42,HOTEL:biwi_hotel:361:16610,HOTEL,biwi_hotel,biwi_hotel:361,16610,3,0.3399233818054199,0.9961954355239868,0.02500000037252903,0.02957182191312313,0.14171525835990906,0.2782996594905853,0.0,-0.72:-6.71;-0.72:-6.71;-0.72:-6.71;-0.72:-6.71;-0.72:-6.71;-0.72:-6.71;-0.65:-6.69;-0.64:-6.69,-0.64:-6.69;-0.64:-6.69;-0.69:-6.69;-0.82:-6.68;-0.9:-6.67;-0.91:-6.67;-0.91:-6.67;-0.92:-6.5;-0.97:-6.54;-1:-6.5;-1.22:-6.37;-1.44:-6.31,-0.6341022:-6.688394;-0.6417627:-6.687007;-0.6460164:-6.696732;-0.6488796:-6.686482;-0.6294872:-6.696211;-0.6326134:-6.708288;-0.6133168:-6.685941;-0.6166908:-6.68563;-0.5959272:-6.697098;-0.562382:-6.716693;-0.545859:-6.718726;-0.5297134:-6.714702
sigma3_hotel_seed42,HOTEL:biwi_hotel:361:16620,HOTEL,biwi_hotel,biwi_hotel:361,16620,3,0.3067837655544281,0.6687737107276917,0.0,0.02957182191312313,0.15213192999362946,0.2782996594905853,0.0,-0.72:-6.71;-0.72:-6.71;-0.72:-6.71;-0.72:-6.71;-0.72:-6.71;-0.65:-6.69;-0.64:-6.69;-0.64:-6.69,-0.64:-6.69;-0.69:-6.69;-0.82:-6.68;-0.9:-6.67;-0.91:-6.67;-0.91:-6.67;-0.92:-6.5;-0.97:-6.54;-1:-6.5;-1.22:-6.37;-1.44:-6.31;-1.38:-6.47,-0.6643022:-6.691252;-0.6888979:-6.701293;-0.6900436:-6.677361;-0.7046075:-6.693539;-0.7044331:-6.690837;-0.7371495:-6.678224;-0.7176966:-6.694913;-0.746196:-6.69152;-0.7426878:-6.706091;-0.7363563:-6.710168;-0.7473562:-6.706975;-0.7493417:-6.69255
sigma3_hotel_seed42,HOTEL:biwi_hotel:412:17620,HOTEL,biwi_hotel,biwi_hotel:412,17620,3,3.9909496307373047,7.3351664543151855,1.5301144123077393,1.503727674484253,0.3282478451728821,0.4471112787723541,0.0,2.73:3.47;2.6:2.91;2.45:2.31;2.38:1.71;2.28:1.13;2.16:0.54;2.14:-0.07;2.09:-0.68,2.05:-1.27;2.05:-1.86;1.96:-2.48;1.89:-3.04;1.83:-3.64;1.76:-4.29;1.79:-4.93;1.71:-5.62;1.65:-6.23;1.69:-6.79;1.63:-7.4;1.52:-8.02,2.101902:-0.7299861;2.075242:-0.6142278;2.024437:-0.8337911;1.922014:-0.6636593;1.843992:-0.6627153;1.85674:-0.7559593;1.478408:-0.6072292;1.528262:-0.6592536;1.372039:-0.4688413;1.307185:-0.4214706;1.266763:-0.6246828;1.240304:-0.690169
sigma3_hotel_seed42,HOTEL:biwi_hotel:412:17630,HOTEL,biwi_hotel,biwi_hotel:412,17630,3,4.016310214996338,7.3692402839660645,1.4783859252929688,1.5096073150634766,0.30495548248291016,0.44432660937309265,0.0,2.6:2.91;2.45:2.31;2.38:1.71;2.28:1.13;2.16:0.54;2.14:-0.07;2.09:-0.68;2.05:-1.27,2.05:-1.86;1.96:-2.48;1.89:-3.04;1.83:-3.64;1.76:-4.29;1.79:-4.93;1.71:-5.62;1.65:-6.23;1.69:-6.79;1.63:-7.4;1.52:-8.02;1.48:-8.64,2.056689:-1.319089;2.0242:-1.204803;1.97013:-1.421019;1.86448:-1.252364;1.783088:-1.252488;1.789045:-1.344741;1.412235:-1.197153;1.456909:-1.247686;1.297728:-1.05906;1.23234:-1.012178;1.185724:-1.214641;1.157064:-1.277839
sigma3_hotel_seed42,HOTEL:biwi_hotel:412:17640,HOTEL,biwi_hotel,biwi_hotel:412,17640,3,4.032324314117432,7.358062267303467,1.475000023841858,1.4994410276412964,0.26328882575035095,0.3831826150417328,0.0,2.45:2.31;2.38:1.71;2.28:1.13;2.16:0.54;2.14:-0.07;2.09:-0.68;2.05:-1.27;2.05:-1.86,1.96:-2.48;1.89:-3.04;1.83:-3.64;1.76:-4.29;1.79:-4.93;1.71:-5.62;1.65:-6.23;1.69:-6.79;1.63:-7.4;1.52:-8.02;1.48:-8.64;1.38:-9.24,2.115779:-1.910303;2.147478:-1.808761;2.162717:-2.00963;2.125767:-1.860198;2.08214:-1.858973;2.14354:-1.933868;1.845343:-1.828377;1.950626:-1.881583;1.835868:-1.674209;1.810396:-1.642197;1.81132:-1.819469;1.818259:-1.895001
sigma3_hotel_seed42,HOTEL:biwi_hotel:413:17750,HOTEL,biwi_hotel,biwi_hotel:413,17750,3,3.97015380859375,7.3768229484558105,1.518222689628601,1.5354992151260376,0.2213999330997467,0.25333714485168457,0.375,0.67:-9.43;0.7:-8.8;0.74:-8.19;0.8:-7.59;0.89:-7.01;1:-6.4;1.16:-5.78;1.34:-5.2,1.5:-4.61;1.68:-4.03;1.85:-3.43;2.08:-2.82;2.26:-2.21;2.39:-1.59;2.52:-0.94;2.61:-0.32;2.73:0.29;2.87:0.9;3.01:1.48;3.22:2.05,1.530381:-5.252825;1.697489:-5.178613;1.859485:-5.346229;1.967915:-5.238059;2.004086:-5.233882;2.182355:-5.27154;2.051451:-5.255822;2.28463:-5.314668;2.263895:-5.068026;2.322899:-5.067524;2.424132:-5.190815;2.506483:-5.292234
sigma3_hotel_seed42,HOTEL:biwi_hotel:413:17760,HOTEL,biwi_hotel,biwi_hotel:413,17760,3,3.99409556388855,7.4843573570251465,1.5282751321792603,1.5285693407058716,0.2213999330997467,0.27154311537742615,0.375,0.7:-8.8;0.74:-8.19;0.8:-7.59;0.89:-7.01;1:-6.4;1.16:-5.78;1.34:-5.2;1.5:-4.61,1.68:-4.03;1.85:-3.43;2.08:-2.82;2.26:-2.21;2.39:-1.59;2.52:-0.94;2.61:-0.32;2.73:0.29;2.87:0.9;3.01:1.48;3.22:2.05;3.48:2.73,1.679785:-4.662105;1.835294:-4.587346;1.986796:-4.75455;2.084809:-4.645101;2.114227:-4.64173;2.281357:-4.680761;2.142026:-4.660785;2.364464:-4.718369;2.336454:-4.475241;2.390242:-4.473237;2.481719:-4.598967;2.558363:-4.697394
sigma3_hotel_seed42,HOTEL:biwi_hotel:414:17770,HOTEL,biwi_hotel,biwi_hotel:414,17770,3,3.846780776977539,7.066586494445801,1.725724458694458,1.6236672401428223,0.4852360785007477,0.4747680425643921,0.375,2.79:-10.1;2.69:-9.56;2.63:-8.95;2.66:-8.25;2.63:-7.57;2.68:-6.89;2.71:-6.26;2.73:-5.57,2.82:-4.89;2.81:-4.25;2.82:-3.62;2.89:-2.94;2.84:-2.46;2.8:-2;2.81:-1.52;2.75:-1;2.75:-0.38;2.78:0.23;2.76:0.85;2.82:1.45,2.817149:-5.62326;2.872143:-5.515745;2.900099:-5.730682;2.876323:-5.57409;2.845318:-5.570401;2.932505:-5.650651;2.628018:-5.539523;2.754103:-5.597274;2.650236:-5.380881;2.628557:-5.348025;2.651957:-5.530673;2.666693:-5.614923
sigma3_hotel_seed42,HOTEL:biwi_hotel:414:17780,HOTEL,biwi_hotel,biwi_hotel:414,17780,3,3.7802159786224365,7.022341728210449,1.7148250341415405,1.6725060939788818,0.4749111831188202,0.4923132658004761,0.5,2.69:-9.56;2.63:-8.95;2.66:-8.25;2.63:-7.57;2.68:-6.89;2.71:-6.26;2.73:-5.57;2.82:-4.89,2.81:-4.25;2.82:-3.62;2.89:-2.94;2.84:-2.46;2.8:-2;2.81:-1.52;2.75:-1;2.75:-0.38;2.78:0.23;2.76:0.85;2.82:1.45;2.89:2.05,2.961142:-4.946999;3.075433:-4.842952;3.157898:-5.058579;3.187993:-4.909803;3.191862:-4.901504;3.336104:-4.973562;3.076868:-4.885825;3.257896:-4.950289;3.191852:-4.716694;3.196924:-4.691525;3.270652:-4.86003;3.31521:-4.959456
