run_id,mask_direction,sample_id,scene,component,target_pedestrian_id,start_frame,sigma,ADE,FDE,v_last,v_mean,a_mean,turning,density,observed_trajectory,ground_truth_future,predicted_future_mean
sigma3_hotel_seed42,tril,HOTEL:biwi_hotel:5:0,HOTEL,biwi_hotel,biwi_hotel:5,0,3,0.14636410772800446,0.3009920120239258,0.0,0.0,0.0,0.0,2.375,-1.59:0.93;-1.59:0.93;-1.59:0.93;-1.59:0.93;-1.59:0.93;-1.59:0.93;-1.59:0.93;-1.59:0.93,-1.59:0.93;-1.59:0.93;-1.59:0.93;-1.59:0.93;-1.59:0.93;-1.59:0.93;-1.59:0.93;-1.59:0.93;-1.59:0.93;-1.59:0.93;-1.59:0.93;-1.59:0.93,-1.602727:0.9280915;-1.622531:0.9312668;-1.644011:0.9326533;-1.67391:0.9192751;-1.700624:0.92322;-1.717656:0.9348046;-1.739732:0.9510919;-1.779836:0.9270067;-1.789689:0.9163129;-1.828564:0.934368;-1.84216:0.9490123;-1.890241:0.9512546
sigma3_hotel_seed42,tril,HOTEL:biwi_hotel:6:0,HOTEL,biwi_hotel,biwi_hotel:6,0,3,0.16132290661334991,0.32094529271125793,0.0,0.0,0.0,0.0,1.5,-1.72:1.32;-1.72:1.32;-1.72:1.32;-1.72:1.32;-1.72:1.32;-1.72:1.32;-1.72:1.32;-1.72:1.32,-1.72:1.32;-1.72:1.32;-1.72:1.32;-1.7:1.32;-1.7:1.32;-1.7:1.32;-1.7:1.32;-1.7:1.32;-1.7:1.32;-1.7:1.32;-1.7:1.32;-1.7:1.32,-1.732727:1.318092;-1.752531:1.321267;-1.774011:1.322653;-1.80391:1.309275;-1.830624:1.31322;-1.847656:1.324805;-1.869732:1.341092;-1.909836:1.317007;-1.919689:1.306313;-1.958564:1.324368;-1.97216:1.339012;-2.020241:1.341255
sigma3_hotel_seed42,tril,HOTEL:biwi_hotel:8:0,HOTEL,biwi_hotel,biwi_hotel:8,0,3,0.1429464966058731,0.3002432584762573,0.0,0.0,0.0,0.0,1.25,-1.45:-0.76;-1.45:-0.76;-1.45:-0.76;-1.45:-0.76;-1.45:-0.76;-1.45:-0.76;-1.45:-0.76;-1.45:-0.76,-1.45:-0.76;-1.45:-0.76;-1.45:-0.76;-1.45:-0.76;-1.45:-0.76;-1.45:-0.76;-1.45:-0.76;-1.45:-0.76;-1.45:-0.76;-1.45:-0.76;-1.51:-0.65;-1.45:-0.74,-1.462727:-0.7619085;-1.482531:-0.7587332;-1.504011:-0.7573467;-1.53391:-0.7707249;-1.560624:-0.76678;-1.577656:-0.7551954;-1.599732:-0.7389081;-1.639836:-0.7629933;-1.649689:-0.7736871;-1.688564:-0.7556319;-1.70216:-0.7409877;-1.750241:-0.7387454
sigma3_hotel_seed42,tril,HOTEL:biwi_hotel:5:10,HOTEL,biwi_hotel,biwi_hotel:5,10,3,0.14636410772800446,0.3009920120239258,0.0,0.0,0.0,0.0,2.375,-1.59:0.93;-1.59:0.93;-1.59:0.93;-1.59:0.93;-1.59:0.93;-1.59:0.93;-1.59:0.93;-1.59:0.93,-1.59:0.93;-1.59:0.93;-1.59:0.93;-1.59:0.93;-1.59:0.93;-1.59:0.93;-1.59:0.93;-1.59:0.93;-1.59:0.93;-1.59:0.93;-1.59:0.93;-1.59:0.93,-1.602727:0.9280915;-1.622531:0.9312668;-1.644011:0.9326533;-1.67391:0.9192751;-1.700624:0.92322;-1.717656:0.9348046;-1.739732:0.9510919;-1.779836:0.9270067;-1.789689:0.9163129;-1.828564:0.934368;-1.84216:0.9490123;-1.890241:0.9512546
sigma3_hotel_seed42,tril,HOTEL:biwi_hotel:6:10,HOTEL,biwi_hotel,biwi_hotel:6,10,3,0.1629881113767624,0.32094529271125793,0.0,0.0,0.0,0.0,1.375,-1.72:1.32;-1.72:1.32;-1.72:1.32;-1.72:1.32;-1.72:1.32;-1.72:1.32;-1.72:1.32;-1.72:1.32,-1.72:1.32;-1.72:1.32;-1.7:1.32;-1.7:1.32;-1.7:1.32;-1.7:1.32;-1.7:1.32;-1.7:1.32;-1.7:1.32;-1.7:1.32;-1.7:1.32;-1.7:1.32,-1.732727:1.318092;-1.752531:1.321267;-1.774011:1.322653;-1.80391:1.309275;-1.830624:1.31322;-1.847656:1.324805;-1.869732:1.341092;-1.909836:1.317007;-1.919689:1.306313;-1.958564:1.324368;-1.97216:1.339012;-2.020241:1.341255
sigma3_hotel_seed42,tril,HOTEL:biwi_hotel:8:10,HOTEL,biwi_hotel,biwi_hotel:8,10,3,0.14371003210544586,0.3009920120239258,0.0,0.0,0.0,0.0,1.375,-1.45:-0.76;-1.45:-0.76;-1.45:-0.76;-1.45:-0.76;-1.45:-0.76;-1.45:-0.76;-1.45:-0.76;-1.45:-0.76,-1.45:-0.76;-1.45:-0.76;-1.45:-0.76;-1.45:-0.76;-1.45:-0.76;-1.45:-0.76;-1.45:-0.76;-1.45:-0.76;-1.45:-0.76;-1.51:-0.65;-1.45:-0.74;-1.45:-0.76,-1.462727:-0.7619085;-1.482531:-0.7587332;-1.504011:-0.7573467;-1.53391:-0.7707249;-1.560624:-0.76678;-1.577656:-0.7551954;-1.599732:-0.7389081;-1.639836:-0.7629933;-1.649689:-0.7736871;-1.688564:-0.7556319;-1.70216:-0.7409877;-1.750241:-0.7387454
sigma3_hotel_seed42,tril,HOTEL:biwi_hotel:5:20,HOTEL,biwi_hotel,biwi_hotel:5,20,3,0.14636410772800446,0.3009920120239258,0.0,0.0,0.0,0.0,2.375,-1.59:0.93;-1.59:0.93;-1.59:0.93;-1.59:0.93;-1.59:0.93;-1.59:0.93;-1.59:0.93;-1.59:0.93,-1.59:0.93;-1.59:0.93;-1.59:0.93;-1.59:0.93;-1.59:0.93;-1.59:0.93;-1.59:0.93;-1.59:0.93;-1.59:0.93;-1.59:0.93;-1.59:0.93;-1.59:0.93,-1.602727:0.9280915;-1.622531:0.9312668;-1.644011:0.9326533;-1.67391:0.9192751;-1.700624:0.92322;-1.717656:0.9348046;-1.739732:0.9510919;-1.779836:0.9270067;-1.789689:0.9163129;-1.828564:0.934368;-1.84216:0.9490123;-1.890241:0.9512546
sigma3_hotel_seed42,tril,HOTEL:biwi_hotel:6:20,HOTEL,biwi_hotel,biwi_hotel:6,20,3,0.16465400159358978,0.32094529271125793,0.0,0.0,0.0,0.0,1.375,-1.72:1.32;-1.72:1.32;-1.72:1.32;-1.72:1.32;-1.72:1.32;-1.72:1.32;-1.72:1.32;-1.72:1.32,-1.72:1.32;-1.7:1.32;-1.7:1.32;-1.7:1.32;-1.7:1.32;-1.7:1.32;-1.7:1.32;-1.7:1.32;-1.7:1.32;-1.7:1.32;-1.7:1.32;-1.7:1.32,-1.732727:1.318092;-1.752531:1.321267;-1.774011:1.322653;-1.80391:1.309275;-1.830624:1.31322;-1.847656:1.324805;-1.869732:1.341092;-1.909836:1.317007;-1.919689:1.306313;-1.958564:1.324368;-1.97216:1.339012;-2.020241:1.341255
sigma3_hotel_seed42,tril,HOTEL:biwi_hotel:8:20,HOTEL,biwi_hotel,biwi_hotel:8,20,3,0.1384413093328476,0.21902534365653992,0.0,0.0,0.0,0.0,1.5,-1.45:-0.76;-1.45:-0.76;-1.45:-0.76;-1.45:-0.76;-1.45:-0.76;-1.45:-0.76;-1.45:-0.76;-1.45:-0.76,-1.45:-0.76;-1.45:-0.76;-1.45:-0.76;-1.45:-0.76;-1.45:-0.76;-1.45:-0.76;-1.45:-0.76;-1.45:-0.76;-1.51:-0.65;-1.45:-0.74;-1.45:-0.76;-1.55:-0.65,-1.462727:-0.7619085;-1.482531:-0.7587332;-1.504011:-0.7573467;-1.53391:-0.7707249;-1.560624:-0.76678;-1.577656:-0.7551954;-1.599732:-0.7389081;-1.639836:-0.7629933;-1.649689:-0.7736871;-1.688564:-0.7556319;-1.70216:-0.7409877;-1.750241:-0.7387454
sigma3_hotel_seed42,tril,HOTEL:biwi_hotel:5:30,HOTEL,biwi_hotel,biwi_hotel:5,30,3,0.14636410772800446,0.3009920120239258,0.0,0.0,0.0,0.0,2.375,-1.59:0.93;-1.59:0.93;-1.59:0.93;-1.59:0.93;-1.59:0.93;-1.59:0.93;-1.59:0.93;-1.59:0.93,-1.59:0.93;-1.59:0.93;-1.59:0.93;-1.59:0.93;-1.59:0.93;-1.59:0.93;-1.59:0.93;-1.59:0.93;-1.59:0.93;-1.59:0.93;-1.59:0.93;-1.59:0.93,-1.602727:0.9280915;-1.622531:0.9312668;-1.644011:0.9326533;-1.67391:0.9192751;-1.700624:0.92322;-1.717656:0.9348046;-1.739732:0.9510919;-1.779836:0.9270067;-1.789689:0.9163129;-1.828564:0.934368;-1.84216:0.9490123;-1.890241:0.9512546
sigma3_hotel_seed42,tril,HOTEL:biwi_hotel:6:30,HOTEL,biwi_hotel,biwi_hotel:6,30,3,0.16631342470645905,0.32094529271125793,0.0,0.0,0.0,0.0,1.375,-1.72:1.32;-1.72:1.32;-1.72:1.32;-1.72:1.32;-1.72:1.32;-1.72:1.32;-1.72:1.32;-1.72:1.32,-1.7:1.32;-1.7:1.32;-1.7:1.32;-1.7:1.32;-1.7:1.32;-1.7:1.32;-1.7:1.32;-1.7:1.32;-1.7:1.32;-1.7:1.32;-1.7:1.32;-1.7:1.32,-1.732727:1.318092;-1.752531:1.321267;-1.774011:1.322653;-1.80391:1.309275;-1.830624:1.31322;-1.847656:1.324805;-1.869732:1.341092;-1.909836:1.317007;-1.919689:1.306313;-1.958564:1.324368;-1.97216:1.339012;-2.020241:1.341255
sigma3_hotel_seed42,tril,HOTEL:biwi_hotel:8:30,HOTEL,biwi_hotel,biwi_hotel:8,30,3,0.13568292558193207,0.26379185914993286,0.0,0.0,0.0,0.0,1.625,-1.45:-0.76;-1.45:-0.76;-1.45:-0.76;-1.45:-0.76;-1.45:-0.76;-1.45:-0.76;-1.45:-0.76;-1.45:-0.76,-1.45:-0.76;-1.45:-0.76;-1.45:-0.76;-1.45:-0.76;-1.45:-0.76;-1.45:-0.76;-1.45:-0.76;-1.51:-0.65;-1.45:-0.74;-1.45:-0.76;-1.55:-0.65;-1.52:-0.61,-1.462727:-0.7619085;-1.482531:-0.7587332;-1.504011:-0.7573467;-1.53391:-0.7707249;-1.560624:-0.76678;-1.577656:-0.7551954;-1.599732:-0.7389081;-1.639836:-0.7629933;-1.649689:-0.7736871;-1.688564:-0.7556319;-1.70216:-0.7409877;-1.750241:-0.7387454
sigma3_hotel_seed42,tril,HOTEL:biwi_hotel:5:40,HOTEL,biwi_hotel,biwi_hotel:5,40,3,0.14636410772800446,0.3009920120239258,0.0,0.0,0.0,0.0,2.5,-1.59:0.93;-1.59:0.93;-1.59:0.93;-1.59:0.93;-1.59:0.93;-1.59:0.93;-1.59:0.93;-1.59:0.93,-1.59:0.93;-1.59:0.93;-1.59:0.93;-1.59:0.93;-1.59:0.93;-1.59:0.93;-1.59:0.93;-1.59:0.93;-1.59:0.93;-1.59:0.93;-1.59:0.93;-1.59:0.93,-1.602727:0.9280915;-1.622531:0.9312668;-1.644011:0.9326533;-1.67391:0.9192751;-1.700624:0.92322;-1.717656:0.9348046;-1.739732:0.9510919;-1.779836:0.9270067;-1.789689:0.9163129;-1.828564:0.934368;-1.84216:0.9490123;-1.890241:0.9512546
sigma3_hotel_seed42,tril,HOTEL:biwi_hotel:6:40,HOTEL,biwi_hotel,biwi_hotel:6,40,3,0.14227533340454102,0.3125445544719696,0.05000000074505806,0.0071428571827709675,0.02083333395421505,0.0,1.375,-1.72:1.32;-1.72:1.32;-1.72:1.32;-1.72:1.32;-1.72:1.32;-1.72:1.32;-1.72:1.32;-1.7:1.32,-1.7:1.32;-1.7:1.32;-1.7:1.32;-1.7:1.32;-1.7:1.32;-1.7:1.32;-1.7:1.32;-1.7:1.32;-1.7:1.32;-1.7:1.32;-1.7:1.32;-1.7:1.32,-1.68371:1.318587;-1.670392:1.319453;-1.653039:1.317768;-1.625454:1.319646;-1.604231:1.30769;-1.583616:1.313523;-1.554292:1.302765;-1.531802:1.307519;-1.502841:1.312192;-1.464344:1.302567;-1.436717:1.288897;-1.389951:1.280585
sigma3_hotel_seed42,tril,HOTEL:biwi_hotel:8:40,HOTEL,biwi_hotel,biwi_hotel:8,40,3,0.1366012990474701,0.3002432584762573,0.0,0.0,0.0,0.0,1.625,-1.45:-0.76;-1.45:-0.76;-1.45:-0.76;-1.45:-0.76;-1.45:-0.76;-1.45:-0.76;-1.45:-0.76;-1.45:-0.76,-1.45:-0.76;-1.45:-0.76;-1.45:-0.76;-1.45:-0.76;-1.45:-0.76;-1.45:-0.76;-1.51:-0.65;-1.45:-0.74;-1.45:-0.76;-1.55:-0.65;-1.52:-0.61;-1.45:-0.74,-1.462727:-0.7619085;-1.482531:-0.7587332;-1.504011:-0.7573467;-1.53391:-0.7707249;-1.560624:-0.76678;-1.577656:-0.7551954;-1.599732:-0.7389081;-1.639836:-0.7629933;-1.649689:-0.7736871;-1.688564:-0.7556319;-1.70216:-0.7409877;-1.750241:-0.7387454
sigma3_hotel_seed42,tril,HOTEL:biwi_hotel:5:50,HOTEL,biwi_hotel,biwi_hotel:5,50,3,0.14553292095661163,0.2910178601741791,0.0,0.0,0.0,0.0,2.625,-1.59:0.93;-1.59:0.93;-1.59:0.93;-1.59:0.93;-1.59:0.93;-1.59:0.93;-1.59:0.93;-1.59:0.93,-1.59:0.93;-1.59:0.93;-1.59:0.93;-1.59:0.93;-1.59:0.93;-1.59:0.93;-1.59:0.93;-1.59:0.93;-1.59:0.93;-1.59:0.93;-1.59:0.93;-1.6:0.93,-1.602727:0.9280915;-1.622531:0.9312668;-1.644011:0.9326533;-1.67391:0.9192751;-1.700624:0.92322;-1.717656:0.9348046;-1.739732:0.9510919;-1.779836:0.9270067;-1.789689:0.9163129;-1.828564:0.934368;-1.84216:0.9490123;-1.890241:0.9512546
sigma3_hotel_seed42,tril,HOTEL:biwi_hotel:6:50,HOTEL,biwi_hotel,biwi_hotel:6,50,3,0.1165863499045372,0.22139841318130493,0.0,0.0071428571827709675,0.0416666679084301,0.0,1.5,-1.72:1.32;-1.72:1.32;-1.72:1.32;-1.72:1.32;-1.72:1.32;-1.72:1.32;-1.7:1.32;-1.7:1.32,-1.7:1.32;-1.7:1.32;-1.7:1.32;-1.7:1.32;-1.7:1.32;-1.7:1.32;-1.7:1.32;-1.7:1.32;-1.7:1.32;-1.7:1.32;-1.7:1.32;-1.72:1.32,-1.710138:1.3183;-1.726006:1.320725;-1.744154:1.32178;-1.768469:1.31051;-1.790494:1.312395;-1.804004:1.323292;-1.821578:1.337362;-1.854867:1.315588;-1.860583:1.306732;-1.892378:1.321217;-1.901496:1.332877;-1.94101:1.333103
sigma3_hotel_seed42,tril,HOTEL:biwi_hotel:8:50,HOTEL,biwi_hotel,biwi_hotel:8,50,3,0.14119736850261688,0.3009920120239258,0.0,0.0,0.0,0.0,1.625,-1.45:-0.76;-1.45:-0.76;-1.45:-0.76;-1.45:-0.76;-1.45:-0.76;-1.45:-0.76;-1.45:-0.76;-1.45:-0.76,-1.45:-0.76;-1.45:-0.76;-1.45:-0.76;-1.45:-0.76;-1.45:-0.76;-1.51:-0.65;-1.45:-0.74;-1.45:-0.76;-1.55:-0.65;-1.52:-0.61;-1.45:-0.74;-1.45:-0.76,-1.462727:-0.7619085;-1.482531:-0.7587332;-1.504011:-0.7573467;-1.53391:-0.7707249;-1.560624:-0.76678;-1.577656:-0.7551954;-1.599732:-0.7389081;-1.639836:-0.7629933;-1.649689:-0.7736871;-1.688564:-0.7556319;-1.70216:-0.7409877;-1.750241:-0.7387454
sigma3_hotel_seed42,tril,HOTEL:biwi_hotel:5:60,HOTEL,biwi_hotel,biwi_hotel:5,60,3,0.1438710242509842,0.281045526266098,0.0,0.0,0.0,0.0,2.75,-1.59:0.93;-1.59:0.93;-1.59:0.93;-1.59:0.93;-1.59:0.93;-1.59:0.93;-1.59:0.93;-1.59:0.93,-1.59:0.93;-1.59:0.93;-1.59:0.93;-1.59:0.93;-1.59:0.93;-1.59:0.93;-1.59:0.93;-1.59:0.93;-1.59:0.93;-1.59:0.93;-1.6:0.93;-1.61:0.93,-1.602727:0.9280915;-1.622531:0.9312668;-1.644011:0.9326533;-1.67391:0.9192751;-1.700624:0.92322;-1.717656:0.9348046;-1.739732:0.9510919;-1.779836:0.9270067;-1.789689:0.9163129;-1.828564:0.934368;-1.84216:0.9490123;-1.890241:0.9512546
sigma3_hotel_seed42,tril,HOTEL:biwi_hotel:6:60,HOTEL,biwi_hotel,biwi_hotel:6,60,3,0.08823730796575546,0.16565924882888794,0.0,0.0071428571827709675,0.0416666679084301,0.0,1.625,-1.72:1.32;-1.72:1.32;-1.72:1.32;-1.72:1.32;-1.72:1.32;-1.7:1.32;-1.7:1.32;-1.7:1.32,-1.7:1.32;-1.7:1.32;-1.7:1.32;-1.7:1.32;-1.7:1.32;-1.7:1.32;-1.7:1.32;-1.7:1.32;-1.7:1.32;-1.7:1.32;-1.72:1.32;-1.72:1.32,-1.707359:1.318239;-1.719234:1.320609;-1.73429:1.320763;-1.754192:1.311822;-1.771809:1.311283;-1.781457:1.321875;-1.794446:1.334728;-1.8218:1.314717;-1.822647:1.307731;-1.849069:1.319074;-1.853377:1.3282;-1.885547:1.326087
sigma3_hotel_seed42,tril,HOTEL:biwi_hotel:8:60,HOTEL,biwi_hotel,biwi_hotel:8,60,3,0.14477284252643585,0.3009920120239258,0.0,0.0,0.0,0.0,1.625,-1.45:-0.76;-1.45:-0.76;-1.45:-0.76;-1.45:-0.76;-1.45:-0.76;-1.45:-0.76;-1.45:-0.76;-1.45:-0.76,-1.45:-0.76;-1.45:-0.76;-1.45:-0.76;-1.45:-0.76;-1.51:-0.65;-1.45:-0.74;-1.45:-0.76;-1.55:-0.65;-1.52:-0.61;-1.45:-0.74;-1.45:-0.76;-1.45:-0.76,-1.462727:-0.7619085;-1.482531:-0.7587332;-1.504011:-0.7573467;-1.53391:-0.7707249;-1.560624:-0.76678;-1.577656:-0.7551954;-1.599732:-0.7389081;-1.639836:-0.7629933;-1.649689:-0.7736871;-1.688564:-0.7556319;-1.70216:-0.7409877;-1.750241:-0.7387454
sigma3_hotel_seed42,tril,HOTEL:biwi_hotel:24:500,HOTEL,biwi_hotel,biwi_hotel:24,500,3,2.566115617752075,4.888423919677734,0.8003905415534973,0.7474912405014038,0.41131797432899475,0.843997061252594,1.625,0.27:2.65;0.44:2.34;0.58:2.1;0.7:1.88;0.72:1.61;0.76:1.34;0.83:1;0.82:0.68,0.85:0.35;0.99:0.01;1.07:-0.32;1.13:-0.71;1.22:-1.08;1.29:-1.47;1.33:-1.82;1.42:-2.18;1.49:-2.54;1.5:-2.91;1.54:-3.31;1.64:-3.8,0.7685553:0.659436;0.652548:0.6388341;0.5719101:0.6963652;0.5195541:0.6393571;0.3852373:0.6197103;0.28908:0.6889293;0.1694332:0.8887826;0.05557173:0.613577;-0.1106102:0.5911077;-0.2752232:0.6340003;-0.3801894:0.7032803;-0.4861053:0.6018591
sigma3_hotel_seed42,tril,HOTEL:biwi_hotel:25:500,HOTEL,biwi_hotel,biwi_hotel:25,500,3,2.4506678581237793,4.742990970611572,0.8003905415534973,0.7747266888618469,0.3993722200393677,1.1694496870040894,1.125,-0.67:2.78;-0.45:2.56;-0.29:2.33;-0.09:2.1;0.05:1.83;0.15:1.52;0.27:1.22;0.26:0.9,0.3:0.59;0.27:0.28;0.26:-0.05;0.3:-0.39;0.26:-0.78;0.34:-1.18;0.37:-1.57;0.42:-1.96;0.5:-2.33;0.54:-2.74;0.66:-3.14;0.71:-3.52,0.1955727:0.8808869;0.06629722:0.8674501;-0.02620044:0.9174702;-0.09602571:0.873172;-0.2333301:0.8517906;-0.3353913:0.9162475;-0.4614527:1.100632;-0.5818912:0.8566029;-0.7444731:0.8366848;-0.9074512:0.8762103;-1.020951:0.9373424;-1.130847:0.8511836
sigma3_hotel_seed42,tril,HOTEL:biwi_hotel:24:510,HOTEL,biwi_hotel,biwi_hotel:24,510,3,2.3747994899749756,4.579565525054932,0.8284021019935608,0.7395653128623962,0.3749360144138336,0.9394263625144958,1.75,0.44:2.34;0.58:2.1;0.7:1.88;0.72:1.61;0.76:1.34;0.83:1;0.82:0.68;0.85:0.35,0.99:0.01;1.07:-0.32;1.13:-0.71;1.22:-1.08;1.29:-1.47;1.33:-1.82;1.42:-2.18;1.49:-2.54;1.5:-2.91;1.54:-3.31;1.64:-3.8;1.66:-4.26,0.9214373:0.3243454;0.9378422:0.2887372;0.9831551:0.3573268;1.050622:0.267909;0.9958314:0.2445891;1.00119:0.3441146;0.9921249:0.5505681;0.9511508:0.2265837;0.8776224:0.1881344;0.7893124:0.2532213;0.7606019:0.3324284;0.6995558:0.2177188
sigma3_hotel_seed42,tril,HOTEL:biwi_hotel:25:510,HOTEL,biwi_hotel,biwi_hotel:25,510,3,2.3283700942993164,4.39030647277832,0.7814249992370605,0.775242030620575,0.38912490010261536,1.151416540145874,1.25,-0.45:2.56;-0.29:2.33;-0.09:2.1;0.05:1.83;0.15:1.52;0.27:1.22;0.26:0.9;0.3:0.59,0.27:0.28;0.26:-0.05;0.3:-0.39;0.26:-0.78;0.34:-1.18;0.37:-1.57;0.42:-1.96;0.5:-2.33;0.54:-2.74;0.66:-3.14;0.71:-3.52;0.8:-3.9,0.3952717:0.5637426;0.4292129:0.5321818;0.4951341:0.5969759;0.5770097:0.5089861;0.5461558:0.4861193;0.5731719:0.5834854;0.5856894:0.7757702;0.5625889:0.4725415;0.5165132:0.4309451;0.4519539:0.4965491;0.4402523:0.5719117;0.3938945:0.4714835
sigma3_hotel_seed42,tril,HOTEL:biwi_hotel:24:520,HOTEL,biwi_hotel,biwi_hotel:24,520,3,2.392397880554199,4.579981803894043,0.919238805770874,0.771653413772583,0.46052905917167664,1.2106457948684692,1.875,0.58:2.1;0.7:1.88;0.72:1.61;0.76:1.34;0.83:1;0.82:0.68;0.85:0.35;0.99:0.01,1.07:-0.32;1.13:-0.71;1.22:-1.08;1.29:-1.47;1.33:-1.82;1.42:-2.18;1.49:-2.54;1.5:-2.91;1.54:-3.31;1.64:-3.8;1.66:-4.26;1.67:-4.72,1.199501:-0.01979665;1.349172:-0.06344164;1.521525:0.002895456;1.704586:-0.09553249;1.753622:-0.1239297;1.880185:-0.0265623;1.973813:0.1736889;2.027089:-0.1664906;2.077217:-0.2157913;2.075933:-0.1386545;2.144152:-0.05646194;2.134609:-0.1636449
sigma3_hotel_seed42,tril,HOTEL:biwi_hotel:25:520,HOTEL,biwi_hotel,biwi_hotel:25,520,3,2.551715135574341,4.8264970779418945,0.7786206007003784,0.7864097952842712,0.42037490010261536,1.268272042274475,1.25,-0.29:2.33;-0.09:2.1;0.05:1.83;0.15:1.52;0.27:1.22;0.26:0.9;0.3:0.59;0.27:0.28,0.26:-0.05;0.3:-0.39;0.26:-0.78;0.34:-1.18;0.37:-1.57;0.42:-1.96;0.5:-2.33;0.54:-2.74;0.66:-3.14;0.71:-3.52;0.8:-3.9;0.89:-4.27,0.2298202:0.2591795;0.1246071:0.2490825;0.05850932:0.2946405;0.01213256:0.2489907;-0.09439632:0.2330746;-0.1735501:0.292933;-0.2715536:0.4669775;-0.3672199:0.24129;-0.5060809:0.2166417;-0.6361125:0.2587844;-0.7297746:0.3181555;-0.8134511:0.2458972
sigma3_hotel_seed42,tril,HOTEL:biwi_hotel:24:530,HOTEL,biwi_hotel,biwi_hotel:24,530,3,2.465648651123047,4.755931854248047,0.848896324634552,0.803424596786499,0.4074293076992035,0.9380092024803162,1.875,0.7:1.88;0.72:1.61;0.76:1.34;0.83:1;0.82:0.68;0.85:0.35;0.99:0.01;1.07:-0.32,1.13:-0.71;1.22:-1.08;1.29:-1.47;1.33:-1.82;1.42:-2.18;1.49:-2.54;1.5:-2.91;1.54:-3.31;1.64:-3.8;1.66:-4.26;1.67:-4.72;1.7:-5.18,1.178019:-0.3467639;1.223754:-0.3796319;1.300514:-0.3131547;1.394248:-0.4041547;1.371934:-0.4265867;1.408448:-0.328312;1.430077:-0.1343497;1.416379:-0.4422561;1.379185:-0.4844508;1.321105:-0.4178034;1.319397:-0.340235;1.278815:-0.4427546
sigma3_hotel_seed42,tril,HOTEL:biwi_hotel:25:530,HOTEL,biwi_hotel,biwi_hotel:25,530,3,2.6423990726470947,4.911441802978516,0.8253787159919739,0.7954656481742859,0.37472203373908997,1.0970607995986938,1.25,-0.09:2.1;0.05:1.83;0.15:1.52;0.27:1.22;0.26:0.9;0.3:0.59;0.27:0.28;0.26:-0.05,0.3:-0.39;0.26:-0.78;0.34:-1.18;0.37:-1.57;0.42:-1.96;0.5:-2.33;0.54:-2.74;0.66:-3.14;0.71:-3.52;0.8:-3.9;0.89:-4.27;0.88:-4.65,0.2112848:-0.07045212;0.09591533:-0.08529741;0.01837283:-0.03303771;-0.03457966:-0.08325656;-0.1594933:-0.1020777;-0.2499306:-0.03671585;-0.3626261:0.1489715;-0.4704375:-0.09964016;-0.624459:-0.1216935;-0.775351:-0.07952925;-0.8771992:-0.01537505;-0.9750654:-0.1023641
sigma3_hotel_seed42,tril,HOTEL:biwi_hotel:24:540,HOTEL,biwi_hotel,biwi_hotel:24,540,3,2.478708028793335,4.744755744934082,0.9864709973335266,0.84765625,0.45247676968574524,0.9500564932823181,1.75,0.72:1.61;0.76:1.34;0.83:1;0.82:0.68;0.85:0.35;0.99:0.01;1.07:-0.32;1.13:-0.71,1.22:-1.08;1.29:-1.47;1.33:-1.82;1.42:-2.18;1.49:-2.54;1.5:-2.91;1.54:-3.31;1.64:-3.8;1.66:-4.26;1.67:-4.72;1.7:-5.18;1.65:-5.59,1.222602:-0.7370802;1.245356:-0.7846975;1.297667:-0.6980072;1.383129:-0.8062946;1.3172:-0.8337357;1.327968:-0.7230411;1.313417:-0.4934241;1.273857:-0.8711089;1.195377:-0.9078594;1.085686:-0.8396218;1.06777:-0.745833;0.9969447:-0.8904017
sigma3_hotel_seed42,tril,HOTEL:biwi_hotel:25:540,HOTEL,biwi_hotel,biwi_hotel:25,540,3,2.4879205226898193,4.54976749420166,0.8558621406555176,0.8091109395027161,0.3689112663269043,1.0781530141830444,1.25,0.05:1.83;0.15:1.52;0.27:1.22;0.26:0.9;0.3:0.59;0.27:0.28;0.26:-0.05;0.3:-0.39,0.26:-0.78;0.34:-1.18;0.37:-1.57;0.42:-1.96;0.5:-2.33;0.54:-2.74;0.66:-3.14;0.71:-3.52;0.8:-3.9;0.89:-4.27;0.88:-4.65;0.94:-5.06,0.417111:-0.417328;0.4658124:-0.4539647;0.5462773:-0.3815308;0.6469235:-0.4791288;0.6227408:-0.5028026;0.6625764:-0.4010825;0.6837157:-0.2003048;0.6717964:-0.5249814;0.6347034:-0.5670317;0.5709654:-0.4994026;0.5742654:-0.4171038;0.5315788:-0.5286008
sigma3_hotel_seed42,tril,HOTEL:biwi_hotel:24:550,HOTEL,biwi_hotel,biwi_hotel:24,550,3,2.496790647506714,4.7229790687561035,0.9519716501235962,0.8861711621284485,0.4107036292552948,0.9800496101379395,1.75,0.76:1.34;0.83:1;0.82:0.68;0.85:0.35;0.99:0.01;1.07:-0.32;1.13:-0.71;1.22:-1.08,1.29:-1.47;1.33:-1.82;1.42:-2.18;1.49:-2.54;1.5:-2.91;1.54:-3.31;1.64:-3.8;1.66:-4.26;1.67:-4.72;1.7:-5.18;1.65:-5.59;1.59:-5.98,1.361839:-1.10858;1.424371:-1.155041;1.519557:-1.069031;1.641019:-1.180773;1.611872:-1.210263;1.664743:-1.096851;1.689005:-0.8811483;1.680598:-1.247385;1.649512:-1.288675;1.574867:-1.216211;1.58913:-1.124205;1.538537:-1.257301
sigma3_hotel_seed42,tril,HOTEL:biwi_hotel:25:550,HOTEL,biwi_hotel,biwi_hotel:25,550,3,2.829422950744629,5.180491924285889,0.9801148176193237,0.8327952027320862,0.4438895285129547,1.2290042638778687,1.25,0.15:1.52;0.27:1.22;0.26:0.9;0.3:0.59;0.27:0.28;0.26:-0.05;0.3:-0.39;0.26:-0.78,0.34:-1.18;0.37:-1.57;0.42:-1.96;0.5:-2.33;0.54:-2.74;0.66:-3.14;0.71:-3.52;0.8:-3.9;0.89:-4.27;0.88:-4.65;0.94:-5.06;0.93:-5.46,0.175855:-0.7983649;0.02499674:-0.8243519;-0.0934867:-0.7575217;-0.1759964:-0.8135553;-0.3573295:-0.841543;-0.485912:-0.763817;-0.646687:-0.5483112;-0.7948077:-0.8522344;-0.9946164:-0.8655046;-1.207894:-0.8253938;-1.339807:-0.7514119;-1.483073:-0.8758345
sigma3_hotel_seed42,tril,HOTEL:biwi_hotel:24:560,HOTEL,biwi_hotel,biwi_hotel:24,560,3,2.5487136840820312,4.818325996398926,0.9905806183815002,0.9037072658538818,0.3542683720588684,0.8067777156829834,1.75,0.83:1;0.82:0.68;0.85:0.35;0.99:0.01;1.07:-0.32;1.13:-0.71;1.22:-1.08;1.29:-1.47,1.33:-1.82;1.42:-2.18;1.49:-2.54;1.5:-2.91;1.54:-3.31;1.64:-3.8;1.66:-4.26;1.67:-4.72;1.7:-5.18;1.65:-5.59;1.59:-5.98;1.65:-6.4,1.365405:-1.496346;1.361712:-1.537875;1.392722:-1.454051;1.455851:-1.555459;1.380855:-1.581881;1.376973:-1.477598;1.346027:-1.258585;1.296727:-1.612486;1.208978:-1.646765;1.09209:-1.58327;1.063637:-1.493347;0.9895015:-1.62716
sigma3_hotel_seed42,tril,HOTEL:biwi_hotel:25:560,HOTEL,biwi_hotel,biwi_hotel:25,560,3,2.4600441455841064,4.5236077308654785,1.0198038816452026,0.8630850911140442,0.432312935590744,1.116860270500183,1.25,0.27:1.22;0.26:0.9;0.3:0.59;0.27:0.28;0.26:-0.05;0.3:-0.39;0.26:-0.78;0.34:-1.18,0.37:-1.57;0.42:-1.96;0.5:-2.33;0.54:-2.74;0.66:-3.14;0.71:-3.52;0.8:-3.9;0.89:-4.27;0.88:-4.65;0.94:-5.06;0.93:-5.46;0.97:-5.87,0.455871:-1.207917;0.5020091:-1.264123;0.5759065:-1.169066;0.6853408:-1.285326;0.6174326:-1.320423;0.6464108:-1.196602;0.642836:-0.9570182;0.6069269:-1.367916;0.5419817:-1.403808;0.4304698:-1.328148;0.4205803:-1.22938;0.3418438:-1.390218
sigma3_hotel_seed42,tril,HOTEL:biwi_hotel:24:570,HOTEL,biwi_hotel,biwi_hotel:24,570,3,2.6672894954681396,4.947256088256836,0.8806957602500916,0.9151794910430908,0.36340269446372986,0.7486822009086609,1.75,0.82:0.68;0.85:0.35;0.99:0.01;1.07:-0.32;1.13:-0.71;1.22:-1.08;1.29:-1.47;1.33:-1.82,1.42:-2.18;1.49:-2.54;1.5:-2.91;1.54:-3.31;1.64:-3.8;1.66:-4.26;1.67:-4.72;1.7:-5.18;1.65:-5.59;1.59:-5.98;1.65:-6.4;1.69:-6.77,1.350655:-1.844128;1.30197:-1.878903;1.28852:-1.804099;1.306122:-1.888642;1.199208:-1.914749;1.156447:-1.818139;1.089508:-1.6059;1.007512:-1.934148;0.8847917:-1.963055;0.7461498:-1.904337;0.6797147:-1.823053;0.5874856:-1.947158
sigma3_hotel_seed42,tril,HOTEL:biwi_hotel:25:570,HOTEL,biwi_hotel,biwi_hotel:25,570,3,2.4840710163116455,4.558589935302734,0.9778803586959839,0.8884407877922058,0.432312935590744,1.077920913696289,1.25,0.26:0.9;0.3:0.59;0.27:0.28;0.26:-0.05;0.3:-0.39;0.26:-0.78;0.34:-1.18;0.37:-1.57,0.42:-1.96;0.5:-2.33;0.54:-2.74;0.66:-3.14;0.71:-3.52;0.8:-3.9;0.89:-4.27;0.88:-4.65;0.94:-5.06;0.93:-5.46;0.97:-5.87;0.99:-6.24,0.4596415:-1.597301;0.4703125:-1.647375;0.5125089:-1.554438;0.5927898:-1.668214;0.5168294:-1.695539;0.5192431:-1.584217;0.4923954:-1.347292;0.4477348:-1.738487;0.3578159:-1.773769;0.2336135:-1.707198;0.2139456:-1.608335;0.1377141:-1.761791
sigma3_hotel_seed42,tril,HOTEL:biwi_hotel:24:580,HOTEL,biwi_hotel,biwi_hotel:24,580,3,2.646972894668579,4.803719997406006,0.9276987910270691,0.9293646812438965,0.3014616370201111,0.5799216628074646,1.75,0.85:0.35;0.99:0.01;1.07:-0.32;1.13:-0.71;1.22:-1.08;1.29:-1.47;1.33:-1.82;1.42:-2.18,1.49:-2.54;1.5:-2.91;1.54:-3.31;1.64:-3.8;1.66:-4.26;1.67:-4.72;1.7:-5.18;1.65:-5.59;1.59:-5.98;1.65:-6.4;1.69:-6.77;1.71:-7.14,1.575534:-2.209009;1.644015:-2.250114;1.748259:-2.167981;1.874931:-2.278516;1.866563:-2.303936;1.930397:-2.197249;1.967601:-1.993407;1.974628:-2.336102;1.959559:-2.380229;1.902959:-2.310568;1.931365:-2.220991;1.896945:-2.339918
sigma3_hotel_seed42,tril,HOTEL:biwi_hotel:25:580,HOTEL,biwi_hotel,biwi_hotel:25,580,3,2.5199527740478516,4.61417818069458,0.9829801917076111,0.9172343611717224,0.3802295923233032,0.9038615822792053,1.125,0.3:0.59;0.27:0.28;0.26:-0.05;0.3:-0.39;0.26:-0.78;0.34:-1.18;0.37:-1.57;0.42:-1.96,0.5:-2.33;0.54:-2.74;0.66:-3.14;0.71:-3.52;0.8:-3.9;0.89:-4.27;0.88:-4.65;0.94:-5.06;0.93:-5.46;0.97:-5.87;0.99:-6.24;0.97:-6.62,0.4748001:-1.985653;0.4599339:-2.028324;0.4765838:-1.945351;0.5277396:-2.044291;0.4381357:-2.070386;0.4186421:-1.966066;0.3747182:-1.740271;0.3127817:-2.100765;0.2067606:-2.133221;0.07766777:-2.07013;0.03518322:-1.980132;-0.04758638:-2.119426
sigma3_hotel_seed42,tril,HOTEL:biwi_hotel:24:590,HOTEL,biwi_hotel,biwi_hotel:24,590,3,2.6953442096710205,4.7337117195129395,0.916856050491333,0.9290242791175842,0.25893285870552063,0.4800812005996704,1.625,0.99:0.01;1.07:-0.32;1.13:-0.71;1.22:-1.08;1.29:-1.47;1.33:-1.82;1.42:-2.18;1.49:-2.54,1.5:-2.91;1.54:-3.31;1.64:-3.8;1.66:-4.26;1.67:-4.72;1.7:-5.18;1.65:-5.59;1.59:-5.98;1.65:-6.4;1.69:-6.77;1.71:-7.14;1.8:-7.43,1.626602:-2.568309;1.681325:-2.608737;1.770691:-2.528262;1.883375:-2.635329;1.862742:-2.660343;1.912134:-2.554939;1.936786:-2.34905;1.932193:-2.690502;1.902092:-2.733099;1.835546:-2.66475;1.851072:-2.576426;1.809582:-2.696298
sigma3_hotel_seed42,tril,HOTEL:biwi_hotel:25:590,HOTEL,biwi_hotel,biwi_hotel:25,590,3,2.4785120487213135,4.508759021759033,0.9463746547698975,0.9411992430686951,0.38832464814186096,0.9231103658676147,1.0,0.27:0.28;0.26:-0.05;0.3:-0.39;0.26:-0.78;0.34:-1.18;0.37:-1.57;0.42:-1.96;0.5:-2.33,0.54:-2.74;0.66:-3.14;0.71:-3.52;0.8:-3.9;0.89:-4.27;0.88:-4.65;0.94:-5.06;0.93:-5.46;0.97:-5.87;0.99:-6.24;0.97:-6.62;1.07:-6.99,0.6302009:-2.358049;0.6868294:-2.400524;0.7746134:-2.319897;0.8876335:-2.426098;0.8608541:-2.451908;0.906592:-2.344365;0.9288925:-2.132866;0.9203103:-2.482869;0.8845137:-2.524077;0.8138593:-2.454245;0.8245479:-2.365149;0.7787923:-2.490655
sigma3_hotel_seed42,tril,HOTEL:biwi_hotel:28:590,HOTEL,biwi_hotel,biwi_hotel:28,590,3,2.7091572284698486,5.343769073486328,0.9253377914428711,0.8819780945777893,0.34975162148475647,0.8203386068344116,0.125,0.74:3.69;0.78:3.36;0.87:3.03;0.92:2.66;0.96:2.31;1.07:1.96;1.11:1.63;1.1:1.26,1.15:0.91;1.2:0.56;1.2:0.2;1.22:-0.14;1.32:-0.53;1.34:-0.97;1.31:-1.39;1.29:-1.88;1.2:-2.36;1.13:-2.86;1.13:-3.41;1.09:-3.95,1.032998:1.24064;0.9010221:1.220211;0.8032898:1.279226;0.7360582:1.226706;0.5835667:1.203624;0.4740678:1.274555;0.3377286:1.475765;0.2104728:1.19951;0.0334959:1.182006;-0.1479615:1.223083;-0.2645535:1.292153;-0.3845338:1.186304
sigma3_hotel_seed42,tril,HOTEL:biwi_hotel:24:600,HOTEL,biwi_hotel,biwi_hotel:24,600,3,2.873199224472046,4.981426239013672,0.9253377914428711,0.9399445056915283,0.25641417503356934,0.5599221587181091,1.5,1.07:-0.32;1.13:-0.71;1.22:-1.08;1.29:-1.47;1.33:-1.82;1.42:-2.18;1.49:-2.54;1.5:-2.91,1.54:-3.31;1.64:-3.8;1.66:-4.26;1.67:-4.72;1.7:-5.18;1.65:-5.59;1.59:-5.98;1.65:-6.4;1.69:-6.77;1.71:-7.14;1.8:-7.43;1.88:-7.7,1.463301:-2.932061;1.347819:-2.956032;1.273665:-2.888969;1.233155:-2.955204;1.094966:-2.976988;1.005434:-2.90047;0.8870867:-2.698745;0.7757236:-2.987752;0.6127983:-3.008867;0.4455438:-2.962092;0.3459656:-2.887154;0.2405416:-2.996088
sigma3_hotel_seed42,tril,HOTEL:biwi_hotel:25:600,HOTEL,biwi_hotel,biwi_hotel:25,600,3,2.501798391342163,4.555558204650879,1.0298664569854736,0.9704117774963379,0.39413541555404663,0.8913930058479309,1.0,0.26:-0.05;0.3:-0.39;0.26:-0.78;0.34:-1.18;0.37:-1.57;0.42:-1.96;0.5:-2.33;0.54:-2.74,0.66:-3.14;0.71:-3.52;0.8:-3.9;0.89:-4.27;0.88:-4.65;0.94:-5.06;0.93:-5.46;0.97:-5.87;0.99:-6.24;0.97:-6.62;1.07:-6.99;1.13:-7.34,0.6068814:-2.766252;0.5868642:-2.810091;0.604062:-2.720739;0.6574507:-2.824705;0.5655504:-2.853494;0.5506561:-2.746953;0.5031002:-2.522501;0.4422108:-2.888559;0.3412064:-2.920009;0.2062782:-2.857176;0.1693063:-2.764121;0.08371237:-2.906221
sigma3_hotel_seed42,tril,HOTEL:biwi_hotel:28:600,HOTEL,biwi_hotel,biwi_hotel:28,600,3,2.623856782913208,5.191141128540039,0.8838834762573242,0.8895273804664612,0.3635490834712982,0.8436277508735657,0.125,0.78:3.36;0.87:3.03;0.92:2.66;0.96:2.31;1.07:1.96;1.11:1.63;1.1:1.26;1.15:0.91,1.2:0.56;1.2:0.2;1.22:-0.14;1.32:-0.53;1.34:-0.97;1.31:-1.39;1.29:-1.88;1.2:-2.36;1.13:-2.86;1.13:-3.41;1.09:-3.95;1.08:-4.42,1.278351:0.8820851;1.330414:0.8428525;1.415906:0.920364;1.523609:0.8168774;1.5006:0.7921821;1.545751:0.8964727;1.568405:1.100952;1.560131:0.7648064;1.52648:0.7224821;1.460153:0.7907051;1.470158:0.8767683;1.427386:0.7595046
sigma3_hotel_seed42,tril,HOTEL:biwi_hotel:24:610,HOTEL,biwi_hotel,biwi_hotel:24,610,3,2.694322347640991,4.457576274871826,1.0049875974655151,0.9425897598266602,0.26305052638053894,0.546610414981842,1.5,1.13:-0.71;1.22:-1.08;1.29:-1.47;1.33:-1.82;1.42:-2.18;1.49:-2.54;1.5:-2.91;1.54:-3.31,1.64:-3.8;1.66:-4.26;1.67:-4.72;1.7:-5.18;1.65:-5.59;1.59:-5.98;1.65:-6.4;1.69:-6.77;1.71:-7.14;1.8:-7.43;1.88:-7.7;1.85:-7.96,1.660479:-3.338521;1.691658:-3.390654;1.756576:-3.293374;1.858915:-3.414944;1.800989:-3.442915;1.82533:-3.328819;1.816791:-3.092854;1.789771:-3.490929;1.721556:-3.528972;1.6101:-3.460527;1.611181:-3.358314;1.545034:-3.512868
sigma3_hotel_seed42,tril,HOTEL:biwi_hotel:25:610,HOTEL,biwi_hotel,biwi_hotel:25,610,3,2.41485595703125,4.318787097930908,1.0440306663513184,0.9972929954528809,0.37984663248062134,0.8662811517715454,1.0,0.3:-0.39;0.26:-0.78;0.34:-1.18;0.37:-1.57;0.42:-1.96;0.5:-2.33;0.54:-2.74;0.66:-3.14,0.71:-3.52;0.8:-3.9;0.89:-4.27;0.88:-4.65;0.94:-5.06;0.93:-5.46;0.97:-5.87;0.99:-6.24;0.97:-6.62;1.07:-6.99;1.13:-7.34;1.22:-7.67,0.8280529:-3.170034;0.9022325:-3.225383;1.010187:-3.125021;1.152456:-3.252769;1.122787:-3.284834;1.187218:-3.163289;1.214236:-2.931697;1.21439:-3.3371;1.187746:-3.377924;1.103088:-3.30298;1.133517:-3.199158;1.080904:-3.353454
sigma3_hotel_seed42,tril,HOTEL:biwi_hotel:28:610,HOTEL,biwi_hotel,biwi_hotel:28,610,3,2.7360098361968994,5.363987445831299,0.8838834762573242,0.8936347961425781,0.3046235144138336,0.7116971611976624,0.0,0.87:3.03;0.92:2.66;0.96:2.31;1.07:1.96;1.11:1.63;1.1:1.26;1.15:0.91;1.2:0.56,1.2:0.2;1.22:-0.14;1.32:-0.53;1.34:-0.97;1.31:-1.39;1.29:-1.88;1.2:-2.36;1.13:-2.86;1.13:-3.41;1.09:-3.95;1.08:-4.42;1.08:-4.94,1.316815:0.53255;1.359358:0.494699;1.435203:0.5705632;1.533303:0.469941;1.504072:0.4458593;1.540469:0.5484201;1.555669:0.7521563;1.541017:0.4208634;1.499238:0.3794386;1.428121:0.4463048;1.430778:0.5310103;1.384867:0.4153168
sigma3_hotel_seed42,tril,HOTEL:biwi_hotel:28:620,HOTEL,biwi_hotel,biwi_hotel:28,620,3,2.9499080181121826,5.650984287261963,0.8999999761581421,0.8888622522354126,0.33444592356681824,0.8330647945404053,0.0,0.92:2.66;0.96:2.31;1.07:1.96;1.11:1.63;1.1:1.26;1.15:0.91;1.2:0.56;1.2:0.2,1.22:-0.14;1.32:-0.53;1.34:-0.97;1.31:-1.39;1.29:-1.88;1.2:-2.36;1.13:-2.86;1.13:-3.41;1.09:-3.95;1.08:-4.42;1.08:-4.94;1.04:-5.4,1.14451:0.1796838;1.024556:0.1582618;0.938922:0.2179068;0.8844408:0.1611385;0.7431985:0.1405694;0.6427073:0.2113278;0.5176644:0.4139341;0.4006084:0.1345033;0.23009:0.1145754;0.05904508:0.1573723;-0.04842436:0.2282962;-0.1584115:0.1224478
sigma3_hotel_seed42,tril,HOTEL:biwi_hotel:38:1000,HOTEL,biwi_hotel,biwi_hotel:38,1000,3,0.18876485526561737,0.26627567410469055,0.0,0.014285714365541935,0.02083333395421505,0.0,0.0,-1.4:-7.32;-1.4:-7.3;-1.4:-7.28;-1.4:-7.28;-1.4:-7.28;-1.4:-7.28;-1.4:-7.28;-1.4:-7.28,-1.4:-7.28;-1.36:-7.32;-1.33:-7.38;-1.31:-7.42;-1.31:-7.43;-1.31:-7.43;-1.31:-7.43;-1.31:-7.43;-1.31:-7.43;-1.31:-7.43;-1.31:-7.43;-1.31:-7.43,-1.406078:-7.281022;-1.416691:-7.278983;-1.427492:-7.279085;-1.441706:-7.286966;-1.454582:-7.286622;-1.460321:-7.278459;-1.46858:-7.271719;-1.490404:-7.28496;-1.489179:-7.290882;-1.504818:-7.280816;-1.506429:-7.274672;-1.52608:-7.274398
sigma3_hotel_seed42,tril,HOTEL:biwi_hotel:38:1010,HOTEL,biwi_hotel,biwi_hotel:38,1010,3,0.21828334033489227,0.303862988948822,0.0,0.0071428571827709675,0.02083333395421505,0.0,0.125,-1.4:-7.3;-1.4:-7.28;-1.4:-7.28;-1.4:-7.28;-1.4:-7.28;-1.4:-7.28;-1.4:-7.28;-1.4:-7.28,-1.36:-7.32;-1.33:-7.38;-1.31:-7.42;-1.31:-7.43;-1.31:-7.43;-1.31:-7.43;-1.31:-7.43;-1.31:-7.43;-1.31:-7.43;-1.31:-7.43;-1.31:-7.43;-1.31:-7.43,-1.407323:-7.281161;-1.420528:-7.278965;-1.43365:-7.278144;-1.452047:-7.288812;-1.467837:-7.286748;-1.476317:-7.277615;-1.487673:-7.268528;-1.514224:-7.284411;-1.516027:-7.292816;-1.53736:-7.279945;-1.541616:-7.271513;-1.568255:-7.269885
sigma3_hotel_seed42,tril,HOTEL:biwi_hotel:38:1020,HOTEL,biwi_hotel,biwi_hotel:38,1020,3,0.1430879831314087,0.3276767134666443,0.1414213627576828,0.02020305022597313,0.0589255653321743,0.0,0.375,-1.4:-7.28;-1.4:-7.28;-1.4:-7.28;-1.4:-7.28;-1.4:-7.28;-1.4:-7.28;-1.4:-7.28;-1.36:-7.32,-1.33:-7.38;-1.31:-7.42;-1.31:-7.43;-1.31:-7.43;-1.31:-7.43;-1.31:-7.43;-1.31:-7.43;-1.31:-7.43;-1.31:-7.43;-1.31:-7.43;-1.31:-7.43;-1.37:-7.53,-1.33973:-7.320953;-1.341292:-7.319428;-1.330513:-7.30677;-1.321424:-7.329318;-1.29692:-7.327537;-1.281812:-7.311973;-1.256618:-7.306706;-1.238626:-7.303599;-1.215031:-7.325559;-1.191688:-7.315967;-1.157486:-7.319536;-1.124097:-7.313428
sigma3_hotel_seed42,tril,HOTEL:biwi_hotel:38:1030,HOTEL,biwi_hotel,biwi_hotel:38,1030,3,0.10421279072761536,0.31415387988090515,0.16770510375499725,0.04416092112660408,0.08221793919801712,0.32175055146217346,0.625,-1.4:-7.28;-1.4:-7.28;-1.4:-7.28;-1.4:-7.28;-1.4:-7.28;-1.4:-7.28;-1.36:-7.32;-1.33:-7.38,-1.31:-7.42;-1.31:-7.43;-1.31:-7.43;-1.31:-7.43;-1.31:-7.43;-1.31:-7.43;-1.31:-7.43;-1.31:-7.43;-1.31:-7.43;-1.31:-7.43;-1.37:-7.53;-1.43:-7.56,-1.313946:-7.380036;-1.325697:-7.377748;-1.331999:-7.358194;-1.335368:-7.385178;-1.319894:-7.378878;-1.317084:-7.356224;-1.303249:-7.345126;-1.285692:-7.340121;-1.267232:-7.359699;-1.262438:-7.352214;-1.223089:-7.343793;-1.202023:-7.343853
sigma3_hotel_seed42,tril,HOTEL:biwi_hotel:38:1040,HOTEL,biwi_hotel,biwi_hotel:38,1040,3,0.06817027181386948,0.1263200044631958,0.11180339753627777,0.06013283506035805,0.10551031678915024,0.32175055146217346,0.875,-1.4:-7.28;-1.4:-7.28;-1.4:-7.28;-1.4:-7.28;-1.4:-7.28;-1.36:-7.32;-1.33:-7.38;-1.31:-7.42,-1.31:-7.43;-1.31:-7.43;-1.31:-7.43;-1.31:-7.43;-1.31:-7.43;-1.31:-7.43;-1.31:-7.43;-1.31:-7.43;-1.31:-7.43;-1.37:-7.53;-1.43:-7.56;-1.32:-7.44,-1.295993:-7.421511;-1.306948:-7.417701;-1.307114:-7.40448;-1.309543:-7.428823;-1.296058:-7.425072;-1.290735:-7.407705;-1.275811:-7.400337;-1.269282:-7.398778;-1.252861:-7.41951;-1.245308:-7.408083;-1.217618:-7.405869;-1.200179:-7.400004
sigma3_hotel_seed42,tril,HOTEL:biwi_hotel:38:1050,HOTEL,biwi_hotel,biwi_hotel:38,1050,3,0.08233077079057693,0.1689894199371338,0.02500000037252903,0.06370426714420319,0.1430681347846985,0.7853981852531433,1.0,-1.4:-7.28;-1.4:-7.28;-1.4:-7.28;-1.4:-7.28;-1.36:-7.32;-1.33:-7.38;-1.31:-7.42;-1.31:-7.43,-1.31:-7.43;-1.31:-7.43;-1.31:-7.43;-1.31:-7.43;-1.31:-7.43;-1.31:-7.43;-1.31:-7.43;-1.31:-7.43;-1.37:-7.53;-1.43:-7.56;-1.32:-7.44;-1.31:-7.43,-1.317414:-7.430709;-1.331139:-7.430875;-1.344489:-7.427921;-1.36167:-7.441069;-1.375696:-7.438099;-1.386671:-7.428893;-1.398918:-7.419655;-1.423712:-7.436849;-1.428024:-7.44855;-1.446463:-7.436783;-1.451952:-7.429669;-1.478958:-7.426739
sigma3_hotel_seed42,tril,HOTEL:biwi_hotel:38:1060,HOTEL,biwi_hotel,biwi_hotel:38,1060,3,0.03989771381020546,0.05407290160655975,0.0,0.06370426714420319,0.15348480641841888,0.7853981852531433,1.125,-1.4:-7.28;-1.4:-7.28;-1.4:-7.28;-1.36:-7.32;-1.33:-7.38;-1.31:-7.42;-1.31:-7.43;-1.31:-7.43,-1.31:-7.43;-1.31:-7.43;-1.31:-7.43;-1.31:-7.43;-1.31:-7.43;-1.31:-7.43;-1.31:-7.43;-1.37:-7.53;-1.43:-7.56;-1.32:-7.44;-1.31:-7.43;-1.31:-7.43,-1.312397:-7.429537;-1.309671:-7.430549;-1.313409:-7.435779;-1.314291:-7.43049;-1.311371:-7.438326;-1.306275:-7.435318;-1.303703:-7.43462;-1.302737:-7.43889;-1.286572:-7.437442;-1.280195:-7.442763;-1.267508:-7.447718;-1.261977:-7.454853
sigma3_hotel_seed42,tril,HOTEL:biwi_hotel:38:1070,HOTEL,biwi_hotel,biwi_hotel:38,1070,3,0.11206815391778946,0.2221950888633728,0.0,0.06370426714420319,0.15348480641841888,0.7853981852531433,1.25,-1.4:-7.28;-1.4:-7.28;-1.36:-7.32;-1.33:-7.38;-1.31:-7.42;-1.31:-7.43;-1.31:-7.43;-1.31:-7.43,-1.31:-7.43;-1.31:-7.43;-1.31:-7.43;-1.31:-7.43;-1.31:-7.43;-1.31:-7.43;-1.37:-7.53;-1.43:-7.56;-1.32:-7.44;-1.31:-7.43;-1.31:-7.43;-1.31:-7.43,-1.323732:-7.430303;-1.33814:-7.428802;-1.357033:-7.43074;-1.380842:-7.435071;-1.401401:-7.434629;-1.412772:-7.427993;-1.431297:-7.418409;-1.460634:-7.433452;-1.463183:-7.438585;-1.48981:-7.427912;-1.497539:-7.419788;-1.53195:-7.419568
sigma3_hotel_seed42,tril,HOTEL:biwi_hotel:38:1080,HOTEL,biwi_hotel,biwi_hotel:38,1080,3,0.1469113975763321,0.2897236943244934,0.0,0.06370426714420319,0.09455924481153488,0.7853981852531433,1.25,-1.4:-7.28;-1.36:-7.32;-1.33:-7.38;-1.31:-7.42;-1.31:-7.43;-1.31:-7.43;-1.31:-7.43;-1.31:-7.43,-1.31:-7.43;-1.31:-7.43;-1.31:-7.43;-1.31:-7.43;-1.31:-7.43;-1.37:-7.53;-1.43:-7.56;-1.32:-7.44;-1.31:-7.43;-1.31:-7.43;-1.31:-7.43;-1.32:-7.41,-1.323404:-7.430427;-1.346563:-7.42845;-1.366835:-7.424629;-1.398916:-7.444211;-1.423286:-7.43417;-1.439862:-7.424663;-1.461703:-7.41241;-1.503038:-7.431328;-1.515355:-7.448566;-1.551005:-7.425607;-1.564169:-7.411072;-1.609591:-7.401219
sigma3_hotel_seed42,tril,HOTEL:biwi_hotel:38:1090,HOTEL,biwi_hotel,biwi_hotel:38,1090,3,0.0728970542550087,0.1037946417927742,0.0,0.04350121319293976,0.07126686722040176,0.46364760398864746,1.125,-1.36:-7.32;-1.33:-7.38;-1.31:-7.42;-1.31:-7.43;-1.31:-7.43;-1.31:-7.43;-1.31:-7.43;-1.31:-7.43,-1.31:-7.43;-1.31:-7.43;-1.31:-7.43;-1.31:-7.43;-1.37:-7.53;-1.43:-7.56;-1.32:-7.44;-1.31:-7.43;-1.31:-7.43;-1.31:-7.43;-1.32:-7.41;-1.34:-7.37,-1.314102:-7.430992;-1.327451:-7.427614;-1.336057:-7.425955;-1.352653:-7.440408;-1.364277:-7.435626;-1.368335:-7.426992;-1.374213:-7.421441;-1.39934:-7.432454;-1.39884:-7.443751;-1.415068:-7.427389;-1.415552:-7.419621;-1.434138:-7.413718
sigma3_hotel_seed42,tril,HOTEL:biwi_hotel:38:1100,HOTEL,biwi_hotel,biwi_hotel:38,1100,3,0.0900735855102539,0.14557340741157532,0.0,0.019543342292308807,0.047974493354558945,0.46364760398864746,0.875,-1.33:-7.38;-1.31:-7.42;-1.31:-7.43;-1.31:-7.43;-1.31:-7.43;-1.31:-7.43;-1.31:-7.43;-1.31:-7.43,-1.31:-7.43;-1.31:-7.43;-1.31:-7.43;-1.37:-7.53;-1.43:-7.56;-1.32:-7.44;-1.31:-7.43;-1.31:-7.43;-1.31:-7.43;-1.32:-7.41;-1.34:-7.37;-1.36:-7.34,-1.315809:-7.431358;-1.330533:-7.428427;-1.342989:-7.426516;-1.364437:-7.442125;-1.379102:-7.437374;-1.387239:-7.427179;-1.39756:-7.416512;-1.426721:-7.433286;-1.429116:-7.446409;-1.452908:-7.429677;-1.456207:-7.419603;-1.484749:-7.41503
sigma3_hotel_seed42,tril,HOTEL:biwi_hotel:38:1110,HOTEL,biwi_hotel,biwi_hotel:38,1110,3,0.1318419724702835,0.24358150362968445,0.0,0.0035714285913854837,0.010416666977107525,0.0,0.625,-1.31:-7.42;-1.31:-7.43;-1.31:-7.43;-1.31:-7.43;-1.31:-7.43;-1.31:-7.43;-1.31:-7.43;-1.31:-7.43,-1.31:-7.43;-1.31:-7.43;-1.37:-7.53;-1.43:-7.56;-1.32:-7.44;-1.31:-7.43;-1.31:-7.43;-1.31:-7.43;-1.32:-7.41;-1.34:-7.37;-1.36:-7.34;-1.36:-7.3,-1.323275:-7.431175;-1.34082:-7.430312;-1.360782:-7.428689;-1.383246:-7.438143;-1.408126:-7.435956;-1.425058:-7.42625;-1.446154:-7.414277;-1.479689:-7.435718;-1.489776:-7.442259;-1.519412:-7.429571;-1.533268:-7.418174;-1.573133:-7.417925
sigma3_hotel_seed42,tril,HOTEL:biwi_hotel:38:1120,HOTEL,biwi_hotel,biwi_hotel:38,1120,3,0.14993204176425934,0.2655108869075775,0.0,0.0,0.0,0.0,0.375,-1.31:-7.43;-1.31:-7.43;-1.31:-7.43;-1.31:-7.43;-1.31:-7.43;-1.31:-7.43;-1.31:-7.43;-1.31:-7.43,-1.31:-7.43;-1.37:-7.53;-1.43:-7.56;-1.32:-7.44;-1.31:-7.43;-1.31:-7.43;-1.31:-7.43;-1.32:-7.41;-1.34:-7.37;-1.36:-7.34;-1.36:-7.3;-1.36:-7.32,-1.322726:-7.431909;-1.342531:-7.428733;-1.364011:-7.427347;-1.39391:-7.440725;-1.420624:-7.43678;-1.437656:-7.425195;-1.459732:-7.408908;-1.499836:-7.432993;-1.509688:-7.443687;-1.548564:-7.425632;-1.56216:-7.410987;-1.610241:-7.408745
sigma3_hotel_seed42,tril,HOTEL:biwi_hotel:38:1130,HOTEL,biwi_hotel,biwi_hotel:38,1130,3,0.15493397414684296,0.2817109227180481,0.0,0.0,0.0,0.0,0.25,-1.31:-7.43;-1.31:-7.43;-1.31:-7.43;-1.31:-7.43;-1.31:-7.43;-1.31:-7.43;-1.31:-7.43;-1.31:-7.43,-1.37:-7.53;-1.43:-7.56;-1.32:-7.44;-1.31:-7.43;-1.31:-7.43;-1.31:-7.43;-1.32:-7.41;-1.34:-7.37;-1.36:-7.34;-1.36:-7.3;-1.36:-7.32;-1.33:-7.38,-1.322726:-7.431909;-1.342531:-7.428733;-1.364011:-7.427347;-1.39391:-7.440725;-1.420624:-7.43678;-1.437656:-7.425195;-1.459732:-7.408908;-1.499836:-7.432993;-1.509688:-7.443687;-1.548564:-7.425632;-1.56216:-7.410987;-1.610241:-7.408745
sigma3_hotel_seed42,tril,HOTEL:biwi_hotel:38:1140,HOTEL,biwi_hotel,biwi_hotel:38,1140,3,0.45705580711364746,0.8504062294960022,0.29154759645462036,0.04164965823292732,0.12147816270589828,0.0,0.125,-1.31:-7.43;-1.31:-7.43;-1.31:-7.43;-1.31:-7.43;-1.31:-7.43;-1.31:-7.43;-1.31:-7.43;-1.37:-7.53,-1.43:-7.56;-1.32:-7.44;-1.31:-7.43;-1.31:-7.43;-1.31:-7.43;-1.32:-7.41;-1.34:-7.37;-1.36:-7.34;-1.36:-7.3;-1.36:-7.32;-1.33:-7.38;-1.29:-7.44,-1.41887:-7.532546;-1.476023:-7.523565;-1.552396:-7.522532;-1.638576:-7.532958;-1.687466:-7.512545;-1.749997:-7.489781;-1.817921:-7.421726;-1.876037:-7.465951;-1.926715:-7.481846;-2.017948:-7.465813;-2.048357:-7.413849;-2.140146:-7.418966
sigma3_hotel_seed42,tril,HOTEL:biwi_hotel:38:1150,HOTEL,biwi_hotel,biwi_hotel:38,1150,3,0.6642526984214783,1.2248214483261108,0.16770510375499725,0.06560752540826797,0.19439482688903809,0.5667291879653931,0.0,-1.31:-7.43;-1.31:-7.43;-1.31:-7.43;-1.31:-7.43;-1.31:-7.43;-1.31:-7.43;-1.37:-7.53;-1.43:-7.56,-1.32:-7.44;-1.31:-7.43;-1.31:-7.43;-1.31:-7.43;-1.32:-7.41;-1.34:-7.37;-1.36:-7.34;-1.36:-7.3;-1.36:-7.32;-1.33:-7.38;-1.29:-7.44;-1.27:-7.47,-1.501958:-7.558379;-1.57251:-7.555738;-1.647565:-7.561319;-1.752113:-7.572021;-1.830163:-7.544415;-1.895939:-7.544759;-1.992389:-7.499866;-2.101059:-7.541159;-2.169948:-7.569842;-2.276098:-7.524666;-2.353884:-7.48564;-2.494744:-7.456257
sigma3_hotel_seed42,tril,HOTEL:biwi_hotel:46:1150,HOTEL,biwi_hotel,biwi_hotel:46,1150,3,0.14636410772800446,0.3009920120239258,0.0,0.0,0.0,0.0,1.0,-1.65:0.9;-1.65:0.9;-1.65:0.9;-1.65:0.9;-1.65:0.9;-1.65:0.9;-1.65:0.9;-1.65:0.9,-1.65:0.9;-1.65:0.9;-1.65:0.9;-1.65:0.9;-1.65:0.9;-1.65:0.9;-1.65:0.9;-1.65:0.9;-1.65:0.9;-1.65:0.9;-1.65:0.9;-1.65:0.9,-1.662727:0.8980914;-1.682531:0.9012668;-1.704011:0.9026533;-1.73391:0.8892751;-1.760624:0.89322;-1.777656:0.9048045;-1.799732:0.9210919;-1.839836:0.8970067;-1.849689:0.8863128;-1.888564:0.904368;-1.902159:0.9190123;-1.950241:0.9212546
sigma3_hotel_seed42,tril,HOTEL:biwi_hotel:47:1150,HOTEL,biwi_hotel,biwi_hotel:47,1150,3,0.14636413753032684,0.30099213123321533,0.0,0.0,0.0,0.0,1.0,-1.72:1.28;-1.72:1.28;-1.72:1.28;-1.72:1.28;-1.72:1.28;-1.72:1.28;-1.72:1.28;-1.72:1.28,-1.72:1.28;-1.72:1.28;-1.72:1.28;-1.72:1.28;-1.72:1.28;-1.72:1.28;-1.72:1.28;-1.72:1.28;-1.72:1.28;-1.72:1.28;-1.72:1.28;-1.72:1.28,-1.732727:1.278091;-1.752531:1.281267;-1.774011:1.282653;-1.80391:1.269275;-1.830624:1.27322;-1.847656:1.284804;-1.869732:1.301092;-1.909836:1.277007;-1.919689:1.266313;-1.958564:1.284368;-1.97216:1.299012;-2.020241:1.301255
sigma3_hotel_seed42,tril,HOTEL:biwi_hotel:38:1160,HOTEL,biwi_hotel,biwi_hotel:38,1160,3,0.49530553817749023,0.7973294258117676,0.4069705009460449,0.12374617159366608,0.4305570125579834,3.3431203365325928,0.0,-1.31:-7.43;-1.31:-7.43;-1.31:-7.43;-1.31:-7.43;-1.31:-7.43;-1.37:-7.53;-1.43:-7.56;-1.32:-7.44,-1.31:-7.43;-1.31:-7.43;-1.31:-7.43;-1.32:-7.41;-1.34:-7.37;-1.36:-7.34;-1.36:-7.3;-1.36:-7.32;-1.33:-7.38;-1.29:-7.44;-1.27:-7.47;-1.27:-7.47,-1.230577:-7.4469;-1.13591:-7.449905;-1.067636:-7.448399;-1.018523:-7.464047;-0.9423012:-7.488847;-0.8697701:-7.430888;-0.7812787:-7.371253;-0.7172953:-7.432605;-0.6205172:-7.460531;-0.5855373:-7.460818;-0.4977322:-7.450597;-0.472821:-7.485487
sigma3_hotel_seed42,tril,HOTEL:biwi_hotel:46:1160,HOTEL,biwi_hotel,biwi_hotel:46,1160,3,0.14636410772800446,0.3009920120239258,0.0,0.0,0.0,0.0,1.0,-1.65:0.9;-1.65:0.9;-1.65:0.9;-1.65:0.9;-1.65:0.9;-1.65:0.9;-1.65:0.9;-1.65:0.9,-1.65:0.9;-1.65:0.9;-1.65:0.9;-1.65:0.9;-1.65:0.9;-1.65:0.9;-1.65:0.9;-1.65:0.9;-1.65:0.9;-1.65:0.9;-1.65:0.9;-1.65:0.9,-1.662727:0.8980914;-1.682531:0.9012668;-1.704011:0.9026533;-1.73391:0.8892751;-1.760624:0.89322;-1.777656:0.9048045;-1.799732:0.9210919;-1.839836:0.8970067;-1.849689:0.8863128;-1.888564:0.904368;-1.902159:0.9190123;-1.950241:0.9212546
sigma3_hotel_seed42,tril,HOTEL:biwi_hotel:47:1160,HOTEL,biwi_hotel,biwi_hotel:47,1160,3,0.14636413753032684,0.30099213123321533,0.0,0.0,0.0,0.0,1.0,-1.72:1.28;-1.72:1.28;-1.72:1.28;-1.72:1.28;-1.72:1.28;-1.72:1.28;-1.72:1.28;-1.72:1.28,-1.72:1.28;-1.72:1.28;-1.72:1.28;-1.72:1.28;-1.72:1.28;-1.72:1.28;-1.72:1.28;-1.72:1.28;-1.72:1.28;-1.72:1.28;-1.72:1.28;-1.72:1.28,-1.732727:1.278091;-1.752531:1.281267;-1.774011:1.282653;-1.80391:1.269275;-1.830624:1.27322;-1.847656:1.284804;-1.869732:1.301092;-1.909836:1.277007;-1.919689:1.266313;-1.958564:1.284368;-1.97216:1.299012;-2.020241:1.301255
sigma3_hotel_seed42,tril,HOTEL:biwi_hotel:38:1170,HOTEL,biwi_hotel,biwi_hotel:38,1170,3,0.13046622276306152,0.20602577924728394,0.0353553406894207,0.12879693508148193,0.5854119062423706,3.3865714073181152,0.0,-1.31:-7.43;-1.31:-7.43;-1.31:-7.43;-1.31:-7.43;-1.37:-7.53;-1.43:-7.56;-1.32:-7.44;-1.31:-7.43,-1.31:-7.43;-1.31:-7.43;-1.32:-7.41;-1.34:-7.37;-1.36:-7.34;-1.36:-7.3;-1.36:-7.32;-1.33:-7.38;-1.29:-7.44;-1.27:-7.47;-1.27:-7.47;-1.27:-7.47,-1.296848:-7.430478;-1.289982:-7.431549;-1.27545:-7.429402;-1.253188:-7.435232;-1.234908:-7.440958;-1.219878:-7.435475;-1.196146:-7.446053;-1.180216:-7.442389;-1.159663:-7.445448;-1.124613:-7.449204;-1.10307:-7.460687;-1.064134:-7.461896
sigma3_hotel_seed42,tril,HOTEL:biwi_hotel:46:1170,HOTEL,biwi_hotel,biwi_hotel:46,1170,3,0.1451292634010315,0.2981381118297577,0.0,0.0,0.0,0.0,1.0,-1.65:0.9;-1.65:0.9;-1.65:0.9;-1.65:0.9;-1.65:0.9;-1.65:0.9;-1.65:0.9;-1.65:0.9,-1.65:0.9;-1.65:0.9;-1.65:0.9;-1.65:0.9;-1.65:0.9;-1.65:0.9;-1.65:0.9;-1.65:0.9;-1.65:0.9;-1.65:0.9;-1.65:0.9;-1.65:0.9,-1.662751:0.8981032;-1.682307:0.9012562;-1.703698:0.9024757;-1.733225:0.8895958;-1.759823:0.893263;-1.776686:0.9047212;-1.798636:0.9208118;-1.838328:0.8969371;-1.847927:0.8866745;-1.88636:0.9043384;-1.899842:0.9187553;-1.947416:0.9207417
sigma3_hotel_seed42,tril,HOTEL:biwi_hotel:47:1170,HOTEL,biwi_hotel,biwi_hotel:47,1170,3,0.1451292484998703,0.2981381118297577,0.0,0.0,0.0,0.0,1.0,-1.72:1.28;-1.72:1.28;-1.72:1.28;-1.72:1.28;-1.72:1.28;-1.72:1.28;-1.72:1.28;-1.72:1.28,-1.72:1.28;-1.72:1.28;-1.72:1.28;-1.72:1.28;-1.72:1.28;-1.72:1.28;-1.72:1.28;-1.72:1.28;-1.72:1.28;-1.72:1.28;-1.72:1.28;-1.72:1.28,-1.732751:1.278103;-1.752307:1.281256;-1.773698:1.282476;-1.803225:1.269596;-1.829823:1.273263;-1.846686:1.284721;-1.868636:1.300812;-1.908328:1.276937;-1.917928:1.266675;-1.95636:1.284338;-1.969842:1.298755;-2.017416:1.300742
sigma3_hotel_seed42,tril,HOTEL:biwi_hotel:38:1180,HOTEL,biwi_hotel,biwi_hotel:38,1180,3,0.18045133352279663,0.36183562874794006,0.0,0.12879693508148193,0.6001432538032532,3.3865714073181152,0.0,-1.31:-7.43;-1.31:-7.43;-1.31:-7.43;-1.37:-7.53;-1.43:-7.56;-1.32:-7.44;-1.31:-7.43;-1.31:-7.43,-1.31:-7.43;-1.32:-7.41;-1.34:-7.37;-1.36:-7.34;-1.36:-7.3;-1.36:-7.32;-1.33:-7.38;-1.29:-7.44;-1.27:-7.47;-1.27:-7.47;-1.27:-7.47;-1.27:-7.47,-1.325:-7.428371;-1.355547:-7.427588;-1.380611:-7.417017;-1.414836:-7.443848;-1.438098:-7.426446;-1.460251:-7.415305;-1.483782:-7.408387;-1.521275:-7.416624;-1.537864:-7.438007;-1.569986:-7.414142;-1.580112:-7.397035;-1.620848:-7.381507
sigma3_hotel_seed42,tril,HOTEL:biwi_hotel:46:1180,HOTEL,biwi_hotel,biwi_hotel:46,1180,3,0.14310456812381744,0.293768048286438,0.0,0.0,0.0,0.0,1.0,-1.65:0.9;-1.65:0.9;-1.65:0.9;-1.65:0.9;-1.65:0.9;-1.65:0.9;-1.65:0.9;-1.65:0.9,-1.65:0.9;-1.65:0.9;-1.65:0.9;-1.65:0.9;-1.65:0.9;-1.65:0.9;-1.65:0.9;-1.65:0.9;-1.65:0.9;-1.65:0.9;-1.65:0.9;-1.65:0.9,-1.662617:0.8981124;-1.681861:0.9012291;-1.70303:0.9023617;-1.732073:0.8898196;-1.758404:0.8932448;-1.775007:0.9046221;-1.796659:0.9204972;-1.835825:0.8968357;-1.8451:0.8868942;-1.88297:0.9042057;-1.896183:0.918373;-1.943078:0.9201279
sigma3_hotel_seed42,tril,HOTEL:biwi_hotel:47:1180,HOTEL,biwi_hotel,biwi_hotel:47,1180,3,0.14310456812381744,0.293768048286438,0.0,0.0,0.0,0.0,1.0,-1.72:1.28;-1.72:1.28;-1.72:1.28;-1.72:1.28;-1.72:1.28;-1.72:1.28;-1.72:1.28;-1.72:1.28,-1.72:1.28;-1.72:1.28;-1.72:1.28;-1.72:1.28;-1.72:1.28;-1.72:1.28;-1.72:1.28;-1.72:1.28;-1.72:1.28;-1.72:1.28;-1.72:1.28;-1.72:1.28,-1.732617:1.278112;-1.751861:1.281229;-1.77303:1.282362;-1.802073:1.26982;-1.828405:1.273245;-1.845007:1.284622;-1.866659:1.300497;-1.905825:1.276836;-1.9151:1.266894;-1.95297:1.284206;-1.966184:1.298373;-2.013078:1.300128
sigma3_hotel_seed42,tril,HOTEL:biwi_hotel:38:1190,HOTEL,biwi_hotel,biwi_hotel:38,1190,3,0.12162300199270248,0.23572884500026703,0.0,0.12879693508148193,0.6001432538032532,3.3865714073181152,0.0,-1.31:-7.43;-1.31:-7.43;-1.37:-7.53;-1.43:-7.56;-1.32:-7.44;-1.31:-7.43;-1.31:-7.43;-1.31:-7.43,-1.32:-7.41;-1.34:-7.37;-1.36:-7.34;-1.36:-7.3;-1.36:-7.32;-1.33:-7.38;-1.29:-7.44;-1.27:-7.47;-1.27:-7.47;-1.27:-7.47;-1.27:-7.47;-1.31:-7.58,-1.312617:-7.431287;-1.331406:-7.425568;-1.338353:-7.421374;-1.358698:-7.444583;-1.371869:-7.433634;-1.375669:-7.423795;-1.380285:-7.41965;-1.412722:-7.428792;-1.415673:-7.44606;-1.434872:-7.420399;-1.436999:-7.409069;-1.456913:-7.395651
sigma3_hotel_seed42,tril,HOTEL:biwi_hotel:46:1190,HOTEL,biwi_hotel,biwi_hotel:46,1190,3,0.13871023058891296,0.28405633568763733,0.0,0.0,0.0,0.0,1.0,-1.65:0.9;-1.65:0.9;-1.65:0.9;-1.65:0.9;-1.65:0.9;-1.65:0.9;-1.65:0.9;-1.65:0.9,-1.65:0.9;-1.65:0.9;-1.65:0.9;-1.65:0.9;-1.65:0.9;-1.65:0.9;-1.65:0.9;-1.65:0.9;-1.65:0.9;-1.65:0.9;-1.65:0.9;-1.65:0.9,-1.662459:0.8981407;-1.680971:0.9011699;-1.701702:0.9020051;-1.729519:0.8905569;-1.755378:0.8932967;-1.771425:0.9044055;-1.792503:0.9196724;-1.830412:0.8965918;-1.83896:0.8876897;-1.875439:0.9040183;-1.888181:0.917549;-1.933443:0.9186553
sigma3_hotel_seed42,tril,HOTEL:biwi_hotel:47:1190,HOTEL,biwi_hotel,biwi_hotel:47,1190,3,0.13871021568775177,0.2840562164783478,0.0,0.0,0.0,0.0,1.0,-1.72:1.28;-1.72:1.28;-1.72:1.28;-1.72:1.28;-1.72:1.28;-1.72:1.28;-1.72:1.28;-1.72:1.28,-1.72:1.28;-1.72:1.28;-1.72:1.28;-1.72:1.28;-1.72:1.28;-1.72:1.28;-1.72:1.28;-1.72:1.28;-1.72:1.28;-1.72:1.28;-1.72:1.28;-1.72:1.28,-1.73246:1.278141;-1.750971:1.28117;-1.771702:1.282005;-1.799519:1.270557;-1.825378:1.273297;-1.841425:1.284405;-1.862503:1.299672;-1.900412:1.276592;-1.90896:1.26769;-1.945439:1.284018;-1.958181:1.297549;-2.003443:1.298655
sigma3_hotel_seed42,tril,HOTEL:biwi_hotel:38:1200,HOTEL,biwi_hotel,biwi_hotel:38,1200,3,0.183442160487175,0.3334066867828369,0.055901698768138885,0.13678289949893951,0.5019574761390686,4.635617256164551,0.0,-1.31:-7.43;-1.37:-7.53;-1.43:-7.56;-1.32:-7.44;-1.31:-7.43;-1.31:-7.43;-1.31:-7.43;-1.32:-7.41,-1.34:-7.37;-1.36:-7.34;-1.36:-7.3;-1.36:-7.32;-1.33:-7.38;-1.29:-7.44;-1.27:-7.47;-1.27:-7.47;-1.27:-7.47;-1.27:-7.47;-1.31:-7.58;-1.29:-7.52,-1.336444:-7.409153;-1.355715:-7.415298;-1.375803:-7.410664;-1.404252:-7.427734;-1.42192:-7.419289;-1.440555:-7.41404;-1.467215:-7.392877;-1.499683:-7.422801;-1.517394:-7.445695;-1.54574:-7.428651;-1.561317:-7.418896;-1.605321:-7.411683
sigma3_hotel_seed42,tril,HOTEL:biwi_hotel:38:1210,HOTEL,biwi_hotel,biwi_hotel:38,1210,3,0.14906436204910278,0.20209962129592896,0.11180339753627777,0.11110515147447586,0.4523331820964813,4.068887710571289,0.125,-1.37:-7.53;-1.43:-7.56;-1.32:-7.44;-1.31:-7.43;-1.31:-7.43;-1.31:-7.43;-1.32:-7.41;-1.34:-7.37,-1.36:-7.34;-1.36:-7.3;-1.36:-7.32;-1.33:-7.38;-1.29:-7.44;-1.27:-7.47;-1.27:-7.47;-1.27:-7.47;-1.27:-7.47;-1.31:-7.58;-1.29:-7.52;-1.27:-7.47,-1.350882:-7.365626;-1.373796:-7.369724;-1.387801:-7.358027;-1.400124:-7.376519;-1.402586:-7.360962;-1.413106:-7.356959;-1.422894:-7.360721;-1.42923:-7.351951;-1.437369:-7.369308;-1.431315:-7.357594;-1.426953:-7.352525;-1.422349:-7.337207
sigma3_hotel_seed42,tril,HOTEL:biwi_hotel:38:1220,HOTEL,biwi_hotel,biwi_hotel:38,1220,3,0.29165852069854736,0.525662899017334,0.09013878554105759,0.10002424567937851,0.2265876829624176,1.4168516397476196,0.125,-1.43:-7.56;-1.32:-7.44;-1.31:-7.43;-1.31:-7.43;-1.31:-7.43;-1.32:-7.41;-1.34:-7.37;-1.36:-7.34,-1.36:-7.3;-1.36:-7.32;-1.33:-7.38;-1.29:-7.44;-1.27:-7.47;-1.27:-7.47;-1.27:-7.47;-1.27:-7.47;-1.31:-7.58;-1.29:-7.52;-1.27:-7.47;-1.27:-7.47,-1.381102:-7.339403;-1.410571:-7.342421;-1.437693:-7.336302;-1.479816:-7.360538;-1.507818:-7.34587;-1.533586:-7.338439;-1.568325:-7.316473;-1.61731:-7.346193;-1.642348:-7.374123;-1.686381:-7.347127;-1.710212:-7.330621;-1.772572:-7.315913
sigma3_hotel_seed42,tril,HOTEL:biwi_hotel:38:1230,HOTEL,biwi_hotel,biwi_hotel:38,1230,3,0.16836576163768768,0.18189197778701782,0.10000000149011612,0.056171316653490067,0.09502518177032471,1.9614033699035645,0.125,-1.32:-7.44;-1.31:-7.43;-1.31:-7.43;-1.31:-7.43;-1.32:-7.41;-1.34:-7.37;-1.36:-7.34;-1.36:-7.3,-1.36:-7.32;-1.33:-7.38;-1.29:-7.44;-1.27:-7.47;-1.27:-7.47;-1.27:-7.47;-1.27:-7.47;-1.31:-7.58;-1.29:-7.52;-1.27:-7.47;-1.27:-7.47;-1.27:-7.47,-1.35869:-7.299924;-1.367302:-7.304173;-1.366672:-7.298285;-1.37479:-7.318907;-1.367059:-7.313403;-1.366261:-7.308253;-1.365339:-7.297051;-1.374734:-7.312814;-1.373664:-7.340311;-1.369732:-7.325825;-1.364699:-7.328229;-1.367778:-7.316624
sigma3_hotel_seed42,tril,HOTEL:biwi_hotel:38:1240,HOTEL,biwi_hotel,biwi_hotel:38,1240,3,0.16948723793029785,0.24708688259124756,0.05000000074505806,0.05826340988278389,0.14279378950595856,3.853950262069702,0.125,-1.31:-7.43;-1.31:-7.43;-1.31:-7.43;-1.32:-7.41;-1.34:-7.37;-1.36:-7.34;-1.36:-7.3;-1.36:-7.32,-1.33:-7.38;-1.29:-7.44;-1.27:-7.47;-1.27:-7.47;-1.27:-7.47;-1.27:-7.47;-1.31:-7.58;-1.29:-7.52;-1.27:-7.47;-1.27:-7.47;-1.27:-7.47;-1.27:-7.47,-1.342368:-7.320615;-1.334677:-7.322512;-1.314262:-7.319633;-1.292004:-7.330451;-1.261439:-7.335492;-1.241343:-7.3311;-1.211:-7.339275;-1.189896:-7.334301;-1.164724:-7.349573;-1.120324:-7.350748;-1.093938:-7.368542;-1.047673:-7.362191
sigma3_hotel_seed42,tril,HOTEL:biwi_hotel:38:1250,HOTEL,biwi_hotel,biwi_hotel:38,1250,3,0.36946842074394226,0.7252480983734131,0.16770510375499725,0.08222128450870514,0.19487711787223816,4.31759786605835,0.125,-1.31:-7.43;-1.31:-7.43;-1.32:-7.41;-1.34:-7.37;-1.36:-7.34;-1.36:-7.3;-1.36:-7.32;-1.33:-7.38,-1.29:-7.44;-1.27:-7.47;-1.27:-7.47;-1.27:-7.47;-1.27:-7.47;-1.31:-7.58;-1.29:-7.52;-1.27:-7.47;-1.27:-7.47;-1.27:-7.47;-1.27:-7.47;-1.27:-7.47,-1.263038:-7.37895;-1.213646:-7.379436;-1.169192:-7.355142;-1.113037:-7.379765;-1.052964:-7.38773;-1.006676:-7.340956;-0.9279146:-7.346106;-0.8539357:-7.326431;-0.775663:-7.338979;-0.7114885:-7.344875;-0.6243442:-7.347277;-0.5532523:-7.359286
sigma3_hotel_seed42,tril,HOTEL:biwi_hotel:38:1260,HOTEL,biwi_hotel,biwi_hotel:38,1260,3,0.46414002776145935,0.8931108117103577,0.18027757108211517,0.10797522217035294,0.18200141191482544,4.441952705383301,0.125,-1.31:-7.43;-1.32:-7.41;-1.34:-7.37;-1.36:-7.34;-1.36:-7.3;-1.36:-7.32;-1.33:-7.38;-1.29:-7.44,-1.27:-7.47;-1.27:-7.47;-1.27:-7.47;-1.27:-7.47;-1.31:-7.58;-1.29:-7.52;-1.27:-7.47;-1.27:-7.47;-1.27:-7.47;-1.27:-7.47;-1.27:-7.47;-1.27:-7.47,-1.211718:-7.438818;-1.144905:-7.44071;-1.08529:-7.418551;-1.017717:-7.441111;-0.9484826:-7.453099;-0.8879389:-7.403265;-0.7957025:-7.408548;-0.7144648:-7.391993;-0.6215898:-7.405522;-0.5475224:-7.409721;-0.4531677:-7.415224;-0.3778648:-7.428265
sigma3_hotel_seed42,tril,HOTEL:biwi_hotel:38:1270,HOTEL,biwi_hotel,biwi_hotel:38,1270,3,0.14797937870025635,0.32609134912490845,0.09013878554105759,0.11286623030900955,0.19626685976982117,4.441952705383301,0.125,-1.32:-7.41;-1.34:-7.37;-1.36:-7.34;-1.36:-7.3;-1.36:-7.32;-1.33:-7.38;-1.29:-7.44;-1.27:-7.47,-1.27:-7.47;-1.27:-7.47;-1.27:-7.47;-1.31:-7.58;-1.29:-7.52;-1.27:-7.47;-1.27:-7.47;-1.27:-7.47;-1.27:-7.47;-1.27:-7.47;-1.27:-7.47;-1.27:-7.47,-1.24762:-7.470179;-1.248682:-7.468991;-1.234395:-7.454008;-1.213157:-7.475018;-1.182405:-7.474948;-1.167183:-7.460146;-1.133918:-7.468946;-1.104507:-7.45098;-1.077338:-7.468747;-1.03464:-7.46673;-0.9966962:-7.478203;-0.9439087:-7.470216
sigma3_hotel_seed42,tril,HOTEL:biwi_hotel:38:1280,HOTEL,biwi_hotel,biwi_hotel:38,1280,3,0.12250430136919022,0.22848929464817047,0.0,0.09689431637525558,0.2234080284833908,4.31759786605835,0.125,-1.34:-7.37;-1.36:-7.34;-1.36:-7.3;-1.36:-7.32;-1.33:-7.38;-1.29:-7.44;-1.27:-7.47;-1.27:-7.47,-1.27:-7.47;-1.27:-7.47;-1.31:-7.58;-1.29:-7.52;-1.27:-7.47;-1.27:-7.47;-1.27:-7.47;-1.27:-7.47;-1.27:-7.47;-1.27:-7.47;-1.27:-7.47;-1.27:-7.47,-1.281753:-7.469465;-1.303135:-7.469578;-1.31876:-7.465081;-1.343382:-7.484397;-1.360136:-7.473651;-1.374027:-7.466651;-1.390785:-7.460237;-1.42366:-7.473218;-1.434713:-7.49159;-1.455587:-7.472081;-1.46621:-7.462398;-1.497582:-7.449662
sigma3_hotel_seed42,tril,HOTEL:biwi_hotel:38:1290,HOTEL,biwi_hotel,biwi_hotel:38,1290,3,0.03549428656697273,0.028538115322589874,0.0,0.08401735126972198,0.2001156508922577,3.729595184326172,0.0,-1.36:-7.34;-1.36:-7.3;-1.36:-7.32;-1.33:-7.38;-1.29:-7.44;-1.27:-7.47;-1.27:-7.47;-1.27:-7.47,-1.27:-7.47;-1.31:-7.58;-1.29:-7.52;-1.27:-7.47;-1.27:-7.47;-1.27:-7.47;-1.27:-7.47;-1.27:-7.47;-1.27:-7.47;-1.27:-7.47;-1.27:-7.47;-1.27:-7.47,-1.27511:-7.469504;-1.280051:-7.469908;-1.28644:-7.472188;-1.292969:-7.474084;-1.295987:-7.475994;-1.296045:-7.472175;-1.298457:-7.471564;-1.307418:-7.476783;-1.299686:-7.480453;-1.299339:-7.477999;-1.294114:-7.478825;-1.297025:-7.479168
sigma3_hotel_seed42,tril,HOTEL:biwi_hotel:38:1300,HOTEL,biwi_hotel,biwi_hotel:38,1300,3,0.2135615348815918,0.4186692535877228,0.0,0.06973163783550262,0.1376156508922577,0.588002622127533,0.0,-1.36:-7.3;-1.36:-7.32;-1.33:-7.38;-1.29:-7.44;-1.27:-7.47;-1.27:-7.47;-1.27:-7.47;-1.27:-7.47,-1.31:-7.58;-1.29:-7.52;-1.27:-7.47;-1.27:-7.47;-1.27:-7.47;-1.27:-7.47;-1.27:-7.47;-1.27:-7.47;-1.27:-7.47;-1.27:-7.47;-1.27:-7.47;-1.27:-7.47,-1.289791:-7.469967;-1.319354:-7.469564;-1.34761:-7.464067;-1.389675:-7.487154;-1.422127:-7.473594;-1.44774:-7.463555;-1.480637:-7.446388;-1.532148:-7.471369;-1.553766:-7.492959;-1.601756:-7.466343;-1.623785:-7.447471;-1.687219:-7.435187
sigma3_hotel_seed42,tril,HOTEL:biwi_hotel:38:1310,HOTEL,biwi_hotel,biwi_hotel:38,1310,3,0.3155921697616577,0.5179513096809387,0.2926174998283386,0.10439127683639526,0.20745627582073212,1.0611286163330078,0.0,-1.36:-7.32;-1.33:-7.38;-1.29:-7.44;-1.27:-7.47;-1.27:-7.47;-1.27:-7.47;-1.27:-7.47;-1.31:-7.58,-1.29:-7.52;-1.27:-7.47;-1.27:-7.47;-1.27:-7.47;-1.27:-7.47;-1.27:-7.47;-1.27:-7.47;-1.27:-7.47;-1.27:-7.47;-1.27:-7.47;-1.27:-7.47;-1.29:-7.47,-1.332056:-7.587794;-1.368898:-7.58076;-1.425594:-7.583671;-1.49126:-7.59442;-1.507869:-7.583649;-1.552903:-7.553745;-1.597245:-7.464895;-1.626583:-7.534843;-1.663429:-7.555501;-1.731938:-7.555245;-1.742424:-7.503663;-1.805148:-7.523819
sigma3_hotel_seed42,tril,HOTEL:biwi_hotel:38:1320,HOTEL,biwi_hotel,biwi_hotel:38,1320,3,0.08972551673650742,0.2959105968475342,0.15811388194561005,0.10302110016345978,0.38482874631881714,4.0513458251953125,0.0,-1.33:-7.38;-1.29:-7.44;-1.27:-7.47;-1.27:-7.47;-1.27:-7.47;-1.27:-7.47;-1.31:-7.58;-1.29:-7.52,-1.27:-7.47;-1.27:-7.47;-1.27:-7.47;-1.27:-7.47;-1.27:-7.47;-1.27:-7.47;-1.27:-7.47;-1.27:-7.47;-1.27:-7.47;-1.27:-7.47;-1.29:-7.47;-1.38:-7.43,-1.268549:-7.520474;-1.273763:-7.518847;-1.275466:-7.499374;-1.272516:-7.526083;-1.250027:-7.521711;-1.244139:-7.496303;-1.223401:-7.483179;-1.197958:-7.480453;-1.17515:-7.499996;-1.16334:-7.496672;-1.118729:-7.489005;-1.090744:-7.492401
sigma3_hotel_seed42,tril,HOTEL:biwi_hotel:38:1330,HOTEL,biwi_hotel,biwi_hotel:38,1330,3,0.05262443795800209,0.18524010479450226,0.13462911546230316,0.09649989753961563,0.3576875925064087,4.110101699829102,0.0,-1.29:-7.44;-1.27:-7.47;-1.27:-7.47;-1.27:-7.47;-1.27:-7.47;-1.31:-7.58;-1.29:-7.52;-1.27:-7.47,-1.27:-7.47;-1.27:-7.47;-1.27:-7.47;-1.27:-7.47;-1.27:-7.47;-1.27:-7.47;-1.27:-7.47;-1.27:-7.47;-1.27:-7.47;-1.29:-7.47;-1.38:-7.43;-1.47:-7.34,-1.266155:-7.470246;-1.284318:-7.468669;-1.295615:-7.454517;-1.311587:-7.481537;-1.309315:-7.473019;-1.315727:-7.456367;-1.315642:-7.444724;-1.322344:-7.448854;-1.317645:-7.47318;-1.326397:-7.458239;-1.309808:-7.450618;-1.315612:-7.442363
sigma3_hotel_seed42,tril,HOTEL:biwi_hotel:38:1340,HOTEL,biwi_hotel,biwi_hotel:38,1340,3,0.11044201254844666,0.4323010742664337,0.0,0.08362292498350143,0.37622523307800293,3.173327922821045,0.0,-1.27:-7.47;-1.27:-7.47;-1.27:-7.47;-1.27:-7.47;-1.31:-7.58;-1.29:-7.52;-1.27:-7.47;-1.27:-7.47,-1.27:-7.47;-1.27:-7.47;-1.27:-7.47;-1.27:-7.47;-1.27:-7.47;-1.27:-7.47;-1.27:-7.47;-1.27:-7.47;-1.29:-7.47;-1.38:-7.43;-1.47:-7.34;-1.51:-7.27,-1.264985:-7.470479;-1.259441:-7.470978;-1.255614:-7.473075;-1.245616:-7.471825;-1.238265:-7.479959;-1.229151:-7.474591;-1.217654:-7.477248;-1.210873:-7.480794;-1.192946:-7.478587;-1.177175:-7.483744;-1.160772:-7.489851;-1.14249:-7.497642
sigma3_hotel_seed42,tril,HOTEL:biwi_hotel:38:1350,HOTEL,biwi_hotel,biwi_hotel:38,1350,3,0.08941269665956497,0.30850228667259216,0.0,0.08362292498350143,0.37622523307800293,3.173327922821045,0.0,-1.27:-7.47;-1.27:-7.47;-1.27:-7.47;-1.31:-7.58;-1.29:-7.52;-1.27:-7.47;-1.27:-7.47;-1.27:-7.47,-1.27:-7.47;-1.27:-7.47;-1.27:-7.47;-1.27:-7.47;-1.27:-7.47;-1.27:-7.47;-1.27:-7.47;-1.29:-7.47;-1.38:-7.43;-1.47:-7.34;-1.51:-7.27;-1.52:-7.27,-1.275127:-7.470459;-1.277918:-7.468612;-1.285043:-7.473902;-1.29149:-7.469442;-1.29671:-7.476533;-1.294882:-7.47217;-1.296925:-7.470629;-1.305891:-7.47565;-1.293151:-7.473662;-1.295756:-7.473452;-1.289629:-7.475427;-1.294029:-7.480026
sigma3_hotel_seed42,tril,HOTEL:biwi_hotel:38:1360,HOTEL,biwi_hotel,biwi_hotel:38,1360,3,0.1165783479809761,0.18045254051685333,0.0,0.08362292498350143,0.37622523307800293,3.173327922821045,0.0,-1.27:-7.47;-1.27:-7.47;-1.31:-7.58;-1.29:-7.52;-1.27:-7.47;-1.27:-7.47;-1.27:-7.47;-1.27:-7.47,-1.27:-7.47;-1.27:-7.47;-1.27:-7.47;-1.27:-7.47;-1.27:-7.47;-1.27:-7.47;-1.29:-7.47;-1.38:-7.43;-1.47:-7.34;-1.51:-7.27;-1.52:-7.27;-1.52:-7.27,-1.282348:-7.47051;-1.306723:-7.468485;-1.32722:-7.463202;-1.362578:-7.487439;-1.386569:-7.475251;-1.403714:-7.464554;-1.425747:-7.449974;-1.469606:-7.470931;-1.482855:-7.492745;-1.52223:-7.466563;-1.534794:-7.450473;-1.584168:-7.438658
sigma3_hotel_seed42,tril,HOTEL:biwi_hotel:38:1370,HOTEL,biwi_hotel,biwi_hotel:38,1370,3,0.10851489752531052,0.1884004771709442,0.0,0.08362292498350143,0.2543012499809265,3.173327922821045,0.0,-1.27:-7.47;-1.31:-7.58;-1.29:-7.52;-1.27:-7.47;-1.27:-7.47;-1.27:-7.47;-1.27:-7.47;-1.27:-7.47,-1.27:-7.47;-1.27:-7.47;-1.27:-7.47;-1.27:-7.47;-1.27:-7.47;-1.29:-7.47;-1.38:-7.43;-1.47:-7.34;-1.51:-7.27;-1.52:-7.27;-1.52:-7.27;-1.52:-7.27,-1.275618:-7.47104;-1.293892:-7.466304;-1.303751:-7.463352;-1.324512:-7.481999;-1.340294:-7.47338;-1.346269:-7.464414;-1.354613:-7.459585;-1.386804:-7.469831;-1.390435:-7.48371;-1.411237:-7.46132;-1.415656:-7.450636;-1.438981:-7.44009
sigma3_hotel_seed42,tril,HOTEL:biwi_hotel:38:1380,HOTEL,biwi_hotel,biwi_hotel:38,1380,3,0.1501965969800949,0.2839357554912567,0.0,0.041820429265499115,0.06651213020086288,0.058755822479724884,0.0,-1.31:-7.58;-1.29:-7.52;-1.27:-7.47;-1.27:-7.47;-1.27:-7.47;-1.27:-7.47;-1.27:-7.47;-1.27:-7.47,-1.27:-7.47;-1.27:-7.47;-1.27:-7.47;-1.27:-7.47;-1.29:-7.47;-1.38:-7.43;-1.47:-7.34;-1.51:-7.27;-1.52:-7.27;-1.52:-7.27;-1.52:-7.27;-1.52:-7.27,-1.27092:-7.470445;-1.276507:-7.468884;-1.282637:-7.46929;-1.289138:-7.470121;-1.298927:-7.475333;-1.296166:-7.46935;-1.30065:-7.470612;-1.313108:-7.474547;-1.301695:-7.473972;-1.309877:-7.467786;-1.305853:-7.466859;-1.316578:-7.468088
sigma3_hotel_seed42,tril,HOTEL:biwi_hotel:38:1390,HOTEL,biwi_hotel,biwi_hotel:38,1390,3,0.16028787195682526,0.25076666474342346,0.0,0.01923273131251335,0.056095466017723083,0.0,0.0,-1.29:-7.52;-1.27:-7.47;-1.27:-7.47;-1.27:-7.47;-1.27:-7.47;-1.27:-7.47;-1.27:-7.47;-1.27:-7.47,-1.27:-7.47;-1.27:-7.47;-1.27:-7.47;-1.29:-7.47;-1.38:-7.43;-1.47:-7.34;-1.51:-7.27;-1.52:-7.27;-1.52:-7.27;-1.52:-7.27;-1.52:-7.27;-1.52:-7.27,-1.273664:-7.471148;-1.281386:-7.469119;-1.290661:-7.469542;-1.301739:-7.474135;-1.313817:-7.477165;-1.316466:-7.469035;-1.323155:-7.463799;-1.341238:-7.475339;-1.335446:-7.477995;-1.349733:-7.470171;-1.348742:-7.465868;-1.366228:-7.468086
sigma3_hotel_seed42,tril,HOTEL:biwi_hotel:38:1400,HOTEL,biwi_hotel,biwi_hotel:38,1400,3,0.14368055760860443,0.18567173182964325,0.0,0.0,0.0,0.0,0.0,-1.27:-7.47;-1.27:-7.47;-1.27:-7.47;-1.27:-7.47;-1.27:-7.47;-1.27:-7.47;-1.27:-7.47;-1.27:-7.47,-1.27:-7.47;-1.27:-7.47;-1.29:-7.47;-1.38:-7.43;-1.47:-7.34;-1.51:-7.27;-1.52:-7.27;-1.52:-7.27;-1.52:-7.27;-1.52:-7.27;-1.52:-7.27;-1.52:-7.27,-1.282727:-7.471909;-1.302531:-7.468733;-1.324011:-7.467347;-1.35391:-7.480725;-1.380624:-7.47678;-1.397656:-7.465195;-1.419732:-7.448908;-1.459836:-7.472993;-1.469689:-7.483687;-1.508564:-7.465632;-1.52216:-7.450987;-1.570241:-7.448745
sigma3_hotel_seed42,tril,HOTEL:biwi_hotel:38:1410,HOTEL,biwi_hotel,biwi_hotel:38,1410,3,0.16237159073352814,0.18567173182964325,0.0,0.0,0.0,0.0,0.0,-1.27:-7.47;-1.27:-7.47;-1.27:-7.47;-1.27:-7.47;-1.27:-7.47;-1.27:-7.47;-1.27:-7.47;-1.27:-7.47,-1.27:-7.47;-1.29:-7.47;-1.38:-7.43;-1.47:-7.34;-1.51:-7.27;-1.52:-7.27;-1.52:-7.27;-1.52:-7.27;-1.52:-7.27;-1.52:-7.27;-1.52:-7.27;-1.52:-7.27,-1.282727:-7.471909;-1.302531:-7.468733;-1.324011:-7.467347;-1.35391:-7.480725;-1.380624:-7.47678;-1.397656:-7.465195;-1.419732:-7.448908;-1.459836:-7.472993;-1.469689:-7.483687;-1.508564:-7.465632;-1.52216:-7.450987;-1.570241:-7.448745
sigma3_hotel_seed42,tril,HOTEL:biwi_hotel:38:1420,HOTEL,biwi_hotel,biwi_hotel:38,1420,3,0.18573413789272308,0.18567173182964325,0.0,0.0,0.0,0.0,0.0,-1.27:-7.47;-1.27:-7.47;-1.27:-7.47;-1.27:-7.47;-1.27:-7.47;-1.27:-7.47;-1.27:-7.47;-1.27:-7.47,-1.29:-7.47;-1.38:-7.43;-1.47:-7.34;-1.51:-7.27;-1.52:-7.27;-1.52:-7.27;-1.52:-7.27;-1.52:-7.27;-1.52:-7.27;-1.52:-7.27;-1.52:-7.27;-1.52:-7.27,-1.282727:-7.471909;-1.302531:-7.468733;-1.324011:-7.467347;-1.35391:-7.480725;-1.380624:-7.47678;-1.397656:-7.465195;-1.419732:-7.448908;-1.459836:-7.472993;-1.469689:-7.483687;-1.508564:-7.465632;-1.52216:-7.450987;-1.570241:-7.448745
sigma3_hotel_seed42,tril,HOTEL:biwi_hotel:38:1430,HOTEL,biwi_hotel,biwi_hotel:38,1430,3,0.202042356133461,0.20635859668254852,0.05000000074505806,0.0071428571827709675,0.02083333395421505,0.0,0.0,-1.27:-7.47;-1.27:-7.47;-1.27:-7.47;-1.27:-7.47;-1.27:-7.47;-1.27:-7.47;-1.27:-7.47;-1.29:-7.47,-1.38:-7.43;-1.47:-7.34;-1.51:-7.27;-1.52:-7.27;-1.52:-7.27;-1.52:-7.27;-1.52:-7.27;-1.52:-7.27;-1.52:-7.27;-1.52:-7.27;-1.52:-7.27;-1.52:-7.27,-1.306018:-7.471309;-1.328571:-7.469196;-1.352646:-7.467347;-1.385017:-7.48114;-1.414224:-7.475341;-1.434489:-7.464822;-1.460715:-7.448841;-1.503534:-7.472992;-1.517501:-7.484715;-1.557806:-7.465901;-1.575356:-7.450501;-1.62728:-7.44628
sigma3_hotel_seed42,tril,HOTEL:biwi_hotel:38:1440,HOTEL,biwi_hotel,biwi_hotel:38,1440,3,0.364792138338089,0.7384808659553528,0.24622143805027008,0.04231734946370125,0.10481518507003784,0.4182243347167969,0.0,-1.27:-7.47;-1.27:-7.47;-1.27:-7.47;-1.27:-7.47;-1.27:-7.47;-1.27:-7.47;-1.29:-7.47;-1.38:-7.43,-1.47:-7.34;-1.51:-7.27;-1.52:-7.27;-1.52:-7.27;-1.52:-7.27;-1.52:-7.27;-1.52:-7.27;-1.52:-7.27;-1.52:-7.27;-1.52:-7.27;-1.52:-7.27;-1.52:-7.27,-1.433888:-7.429526;-1.495769:-7.426089;-1.561535:-7.425845;-1.651165:-7.44277;-1.713652:-7.417571;-1.769957:-7.409745;-1.848202:-7.366489;-1.935593:-7.404038;-1.990709:-7.431555;-2.083174:-7.393672;-2.138982:-7.354251;-2.255825:-7.332574
sigma3_hotel_seed42,tril,HOTEL:biwi_hotel:38:1450,HOTEL,biwi_hotel,biwi_hotel:38,1450,3,0.3745051920413971,0.7295182347297668,0.3181980550289154,0.08777421712875366,0.15689851343631744,0.7853981852531433,0.0,-1.27:-7.47;-1.27:-7.47;-1.27:-7.47;-1.27:-7.47;-1.27:-7.47;-1.29:-7.47;-1.38:-7.43;-1.47:-7.34,-1.51:-7.27;-1.52:-7.27;-1.52:-7.27;-1.52:-7.27;-1.52:-7.27;-1.52:-7.27;-1.52:-7.27;-1.52:-7.27;-1.52:-7.27;-1.52:-7.27;-1.52:-7.27;-1.52:-7.27,-1.518574:-7.34219;-1.576357:-7.333179;-1.653371:-7.331004;-1.740365:-7.342993;-1.790801:-7.321805;-1.853676:-7.298525;-1.922023:-7.232725;-1.981391:-7.275012;-2.031441:-7.290912;-2.124564:-7.273831;-2.154306:-7.221349;-2.24818:-7.22584
sigma3_hotel_seed42,tril,HOTEL:biwi_hotel:38:1460,HOTEL,biwi_hotel,biwi_hotel:38,1460,3,0.3221515119075775,0.6266925930976868,0.20155644416809082,0.11656799167394638,0.21299397945404053,1.0516501665115356,0.0,-1.27:-7.47;-1.27:-7.47;-1.27:-7.47;-1.27:-7.47;-1.29:-7.47;-1.38:-7.43;-1.47:-7.34;-1.51:-7.27,-1.52:-7.27;-1.52:-7.27;-1.52:-7.27;-1.52:-7.27;-1.52:-7.27;-1.52:-7.27;-1.52:-7.27;-1.52:-7.27;-1.52:-7.27;-1.52:-7.27;-1.52:-7.27;-1.52:-7.27,-1.542293:-7.271298;-1.593656:-7.265028;-1.652572:-7.256752;-1.723804:-7.279214;-1.76565:-7.257907;-1.813402:-7.2362;-1.867575:-7.190378;-1.921791:-7.221813;-1.959058:-7.243713;-2.035339:-7.220164;-2.057663:-7.177261;-2.138933:-7.171688
sigma3_hotel_seed42,tril,HOTEL:biwi_hotel:38:1470,HOTEL,biwi_hotel,biwi_hotel:38,1470,3,0.09170317649841309,0.1751186102628708,0.02500000037252903,0.12013942003250122,0.292324960231781,2.1033003330230713,0.0,-1.27:-7.47;-1.27:-7.47;-1.27:-7.47;-1.29:-7.47;-1.38:-7.43;-1.47:-7.34;-1.51:-7.27;-1.52:-7.27,-1.52:-7.27;-1.52:-7.27;-1.52:-7.27;-1.52:-7.27;-1.52:-7.27;-1.52:-7.27;-1.52:-7.27;-1.52:-7.27;-1.52:-7.27;-1.52:-7.27;-1.52:-7.27;-1.52:-7.27,-1.528535:-7.270392;-1.547091:-7.269416;-1.559331:-7.265807;-1.578352:-7.281601;-1.591642:-7.275744;-1.602287:-7.268122;-1.61404:-7.263455;-1.641906:-7.273986;-1.647188:-7.290088;-1.661572:-7.27359;-1.669824:-7.268649;-1.694654:-7.257252
sigma3_hotel_seed42,tril,HOTEL:biwi_hotel:38:1480,HOTEL,biwi_hotel,biwi_hotel:38,1480,3,0.04313606396317482,0.11477627605199814,0.0,0.12013942003250122,0.3027416169643402,2.1033003330230713,0.0,-1.27:-7.47;-1.27:-7.47;-1.29:-7.47;-1.38:-7.43;-1.47:-7.34;-1.51:-7.27;-1.52:-7.27;-1.52:-7.27,-1.52:-7.27;-1.52:-7.27;-1.52:-7.27;-1.52:-7.27;-1.52:-7.27;-1.52:-7.27;-1.52:-7.27;-1.52:-7.27;-1.52:-7.27;-1.52:-7.27;-1.52:-7.27;-1.52:-7.27,-1.518536:-7.270256;-1.516059:-7.268937;-1.513404:-7.273676;-1.506124:-7.268198;-1.500232:-7.276922;-1.490478:-7.274134;-1.480498:-7.280679;-1.476319:-7.277443;-1.456986:-7.274037;-1.439386:-7.278043;-1.42587:-7.286718;-1.407013:-7.290188
sigma3_hotel_seed42,tril,HOTEL:biwi_hotel:38:1490,HOTEL,biwi_hotel,biwi_hotel:38,1490,3,0.09801646322011948,0.18598860502243042,0.0,0.12013942003250122,0.2819082736968994,2.1033003330230713,0.0,-1.27:-7.47;-1.29:-7.47;-1.38:-7.43;-1.47:-7.34;-1.51:-7.27;-1.52:-7.27;-1.52:-7.27;-1.52:-7.27,-1.52:-7.27;-1.52:-7.27;-1.52:-7.27;-1.52:-7.27;-1.52:-7.27;-1.52:-7.27;-1.52:-7.27;-1.52:-7.27;-1.52:-7.27;-1.52:-7.27;-1.52:-7.27;-1.52:-7.27,-1.533159:-7.270359;-1.544829:-7.268745;-1.562422:-7.272572;-1.583163:-7.27234;-1.60102:-7.275111;-1.610036:-7.269402;-1.626205:-7.261287;-1.651005:-7.27394;-1.649422:-7.276175;-1.671276:-7.26934;-1.676683:-7.264326;-1.705947:-7.266058
sigma3_hotel_seed42,tril,HOTEL:biwi_hotel:38:1500,HOTEL,biwi_hotel,biwi_hotel:38,1500,3,0.11211597174406052,0.2284097820520401,0.0,0.11299656331539154,0.19792643189430237,1.685076117515564,0.0,-1.29:-7.47;-1.38:-7.43;-1.47:-7.34;-1.51:-7.27;-1.52:-7.27;-1.52:-7.27;-1.52:-7.27;-1.52:-7.27,-1.52:-7.27;-1.52:-7.27;-1.52:-7.27;-1.52:-7.27;-1.52:-7.27;-1.52:-7.27;-1.52:-7.27;-1.52:-7.27;-1.52:-7.27;-1.52:-7.27;-1.52:-7.27;-1.52:-7.27,-1.525127:-7.271351;-1.548705:-7.265727;-1.55997:-7.259557;-1.587839:-7.287978;-1.606342:-7.2737;-1.615297:-7.262353;-1.625879:-7.254276;-1.666725:-7.267954;-1.67544:-7.289953;-1.704759:-7.259178;-1.711801:-7.243897;-1.744475:-7.227787
sigma3_hotel_seed42,tril,HOTEL:biwi_hotel:38:1510,HOTEL,biwi_hotel,biwi_hotel:38,1510,3,0.021667199209332466,0.0424751453101635,0.0,0.07782207429409027,0.14584310352802277,1.3179022073745728,0.0,-1.38:-7.43;-1.47:-7.34;-1.51:-7.27;-1.52:-7.27;-1.52:-7.27;-1.52:-7.27;-1.52:-7.27;-1.52:-7.27,-1.52:-7.27;-1.52:-7.27;-1.52:-7.27;-1.52:-7.27;-1.52:-7.27;-1.52:-7.27;-1.52:-7.27;-1.52:-7.27;-1.52:-7.27;-1.52:-7.27;-1.52:-7.27;-1.52:-7.27,-1.515635:-7.268964;-1.524406:-7.26902;-1.527729:-7.263738;-1.533786:-7.268609;-1.545111:-7.271749;-1.537181:-7.267424;-1.54398:-7.278436;-1.55621:-7.271801;-1.541657:-7.27426;-1.54998:-7.26144;-1.545976:-7.261741;-1.559392:-7.254113
sigma3_hotel_seed42,tril,HOTEL:biwi_hotel:38:1520,HOTEL,biwi_hotel,biwi_hotel:38,1520,3,0.06266703456640244,0.12157309800386429,0.0,0.03236520662903786,0.08974763751029968,1.0516501665115356,0.0,-1.47:-7.34;-1.51:-7.27;-1.52:-7.27;-1.52:-7.27;-1.52:-7.27;-1.52:-7.27;-1.52:-7.27;-1.52:-7.27,-1.52:-7.27;-1.52:-7.27;-1.52:-7.27;-1.52:-7.27;-1.52:-7.27;-1.52:-7.27;-1.52:-7.27;-1.52:-7.27;-1.52:-7.27;-1.52:-7.27;-1.52:-7.27;-1.52:-7.27,-1.524814:-7.271061;-1.534689:-7.268779;-1.545184:-7.268754;-1.55893:-7.275033;-1.572799:-7.276405;-1.576794:-7.268243;-1.585333:-7.262681;-1.606578:-7.274411;-1.60279:-7.278617;-1.619749:-7.268515;-1.620608:-7.262927;-1.641386:-7.263252
sigma3_hotel_seed42,tril,HOTEL:biwi_hotel:38:1530,HOTEL,biwi_hotel,biwi_hotel:38,1530,3,0.09172874689102173,0.17661148309707642,0.0,0.0035714285913854837,0.010416666977107525,0.0,0.0,-1.51:-7.27;-1.52:-7.27;-1.52:-7.27;-1.52:-7.27;-1.52:-7.27;-1.52:-7.27;-1.52:-7.27;-1.52:-7.27,-1.52:-7.27;-1.52:-7.27;-1.52:-7.27;-1.52:-7.27;-1.52:-7.27;-1.52:-7.27;-1.52:-7.27;-1.52:-7.27;-1.52:-7.27;-1.52:-7.27;-1.52:-7.27;-1.52:-7.27,-1.532519:-7.270578;-1.543722:-7.271472;-1.559893:-7.271955;-1.570219:-7.2716;-1.590763:-7.275149;-1.603619:-7.268371;-1.620215:-7.262814;-1.641581:-7.278711;-1.64647:-7.275887;-1.661763:-7.272831;-1.672281:-7.267605;-1.696588:-7.272898
sigma3_hotel_seed42,tril,HOTEL:biwi_hotel:38:1540,HOTEL,biwi_hotel,biwi_hotel:38,1540,3,0.14636413753032684,0.3009920120239258,0.0,0.0,0.0,0.0,0.0,-1.52:-7.27;-1.52:-7.27;-1.52:-7.27;-1.52:-7.27;-1.52:-7.27;-1.52:-7.27;-1.52:-7.27;-1.52:-7.27,-1.52:-7.27;-1.52:-7.27;-1.52:-7.27;-1.52:-7.27;-1.52:-7.27;-1.52:-7.27;-1.52:-7.27;-1.52:-7.27;-1.52:-7.27;-1.52:-7.27;-1.52:-7.27;-1.52:-7.27,-1.532727:-7.271909;-1.552531:-7.268733;-1.574011:-7.267347;-1.60391:-7.280725;-1.630624:-7.27678;-1.647656:-7.265195;-1.669732:-7.248908;-1.709836:-7.272993;-1.719689:-7.283687;-1.758564:-7.265632;-1.77216:-7.250988;-1.820241:-7.248745
sigma3_hotel_seed42,tril,HOTEL:biwi_hotel:38:1550,HOTEL,biwi_hotel,biwi_hotel:38,1550,3,0.14636413753032684,0.3009920120239258,0.0,0.0,0.0,0.0,0.0,-1.52:-7.27;-1.52:-7.27;-1.52:-7.27;-1.52:-7.27;-1.52:-7.27;-1.52:-7.27;-1.52:-7.27;-1.52:-7.27,-1.52:-7.27;-1.52:-7.27;-1.52:-7.27;-1.52:-7.27;-1.52:-7.27;-1.52:-7.27;-1.52:-7.27;-1.52:-7.27;-1.52:-7.27;-1.52:-7.27;-1.52:-7.27;-1.52:-7.27,-1.532727:-7.271909;-1.552531:-7.268733;-1.574011:-7.267347;-1.60391:-7.280725;-1.630624:-7.27678;-1.647656:-7.265195;-1.669732:-7.248908;-1.709836:-7.272993;-1.719689:-7.283687;-1.758564:-7.265632;-1.77216:-7.250988;-1.820241:-7.248745
sigma3_hotel_seed42,tril,HOTEL:biwi_hotel:38:1560,HOTEL,biwi_hotel,biwi_hotel:38,1560,3,0.14636413753032684,0.3009920120239258,0.0,0.0,0.0,0.0,0.0,-1.52:-7.27;-1.52:-7.27;-1.52:-7.27;-1.52:-7.27;-1.52:-7.27;-1.52:-7.27;-1.52:-7.27;-1.52:-7.27,-1.52:-7.27;-1.52:-7.27;-1.52:-7.27;-1.52:-7.27;-1.52:-7.27;-1.52:-7.27;-1.52:-7.27;-1.52:-7.27;-1.52:-7.27;-1.52:-7.27;-1.52:-7.27;-1.52:-7.27,-1.532727:-7.271909;-1.552531:-7.268733;-1.574011:-7.267347;-1.60391:-7.280725;-1.630624:-7.27678;-1.647656:-7.265195;-1.669732:-7.248908;-1.709836:-7.272993;-1.719689:-7.283687;-1.758564:-7.265632;-1.77216:-7.250988;-1.820241:-7.248745
sigma3_hotel_seed42,tril,HOTEL:biwi_hotel:38:1570,HOTEL,biwi_hotel,biwi_hotel:38,1570,3,0.14636413753032684,0.3009920120239258,0.0,0.0,0.0,0.0,0.0,-1.52:-7.27;-1.52:-7.27;-1.52:-7.27;-1.52:-7.27;-1.52:-7.27;-1.52:-7.27;-1.52:-7.27;-1.52:-7.27,-1.52:-7.27;-1.52:-7.27;-1.52:-7.27;-1.52:-7.27;-1.52:-7.27;-1.52:-7.27;-1.52:-7.27;-1.52:-7.27;-1.52:-7.27;-1.52:-7.27;-1.52:-7.27;-1.52:-7.27,-1.532727:-7.271909;-1.552531:-7.268733;-1.574011:-7.267347;-1.60391:-7.280725;-1.630624:-7.27678;-1.647656:-7.265195;-1.669732:-7.248908;-1.709836:-7.272993;-1.719689:-7.283687;-1.758564:-7.265632;-1.77216:-7.250988;-1.820241:-7.248745
sigma3_hotel_seed42,tril,HOTEL:biwi_hotel:38:1580,HOTEL,biwi_hotel,biwi_hotel:38,1580,3,0.14636413753032684,0.3009920120239258,0.0,0.0,0.0,0.0,0.0,-1.52:-7.27;-1.52:-7.27;-1.52:-7.27;-1.52:-7.27;-1.52:-7.27;-1.52:-7.27;-1.52:-7.27;-1.52:-7.27,-1.52:-7.27;-1.52:-7.27;-1.52:-7.27;-1.52:-7.27;-1.52:-7.27;-1.52:-7.27;-1.52:-7.27;-1.52:-7.27;-1.52:-7.27;-1.52:-7.27;-1.52:-7.27;-1.52:-7.27,-1.532727:-7.271909;-1.552531:-7.268733;-1.574011:-7.267347;-1.60391:-7.280725;-1.630624:-7.27678;-1.647656:-7.265195;-1.669732:-7.248908;-1.709836:-7.272993;-1.719689:-7.283687;-1.758564:-7.265632;-1.77216:-7.250988;-1.820241:-7.248745
sigma3_hotel_seed42,tril,HOTEL:biwi_hotel:38:1590,HOTEL,biwi_hotel,biwi_hotel:38,1590,3,0.14636413753032684,0.3009920120239258,0.0,0.0,0.0,0.0,0.0,-1.52:-7.27;-1.52:-7.27;-1.52:-7.27;-1.52:-7.27;-1.52:-7.27;-1.52:-7.27;-1.52:-7.27;-1.52:-7.27,-1.52:-7.27;-1.52:-7.27;-1.52:-7.27;-1.52:-7.27;-1.52:-7.27;-1.52:-7.27;-1.52:-7.27;-1.52:-7.27;-1.52:-7.27;-1.52:-7.27;-1.52:-7.27;-1.52:-7.27,-1.532727:-7.271909;-1.552531:-7.268733;-1.574011:-7.267347;-1.60391:-7.280725;-1.630624:-7.27678;-1.647656:-7.265195;-1.669732:-7.248908;-1.709836:-7.272993;-1.719689:-7.283687;-1.758564:-7.265632;-1.77216:-7.250988;-1.820241:-7.248745
sigma3_hotel_seed42,tril,HOTEL:biwi_hotel:38:1600,HOTEL,biwi_hotel,biwi_hotel:38,1600,3,0.14636413753032684,0.3009920120239258,0.0,0.0,0.0,0.0,0.0,-1.52:-7.27;-1.52:-7.27;-1.52:-7.27;-1.52:-7.27;-1.52:-7.27;-1.52:-7.27;-1.52:-7.27;-1.52:-7.27,-1.52:-7.27;-1.52:-7.27;-1.52:-7.27;-1.52:-7.27;-1.52:-7.27;-1.52:-7.27;-1.52:-7.27;-1.52:-7.27;-1.52:-7.27;-1.52:-7.27;-1.52:-7.27;-1.52:-7.27,-1.532727:-7.271909;-1.552531:-7.268733;-1.574011:-7.267347;-1.60391:-7.280725;-1.630624:-7.27678;-1.647656:-7.265195;-1.669732:-7.248908;-1.709836:-7.272993;-1.719689:-7.283687;-1.758564:-7.265632;-1.77216:-7.250988;-1.820241:-7.248745
sigma3_hotel_seed42,tril,HOTEL:biwi_hotel:38:1610,HOTEL,biwi_hotel,biwi_hotel:38,1610,3,0.14636413753032684,0.3009920120239258,0.0,0.0,0.0,0.0,0.0,-1.52:-7.27;-1.52:-7.27;-1.52:-7.27;-1.52:-7.27;-1.52:-7.27;-1.52:-7.27;-1.52:-7.27;-1.52:-7.27,-1.52:-7.27;-1.52:-7.27;-1.52:-7.27;-1.52:-7.27;-1.52:-7.27;-1.52:-7.27;-1.52:-7.27;-1.52:-7.27;-1.52:-7.27;-1.52:-7.27;-1.52:-7.27;-1.52:-7.27,-1.532727:-7.271909;-1.552531:-7.268733;-1.574011:-7.267347;-1.60391:-7.280725;-1.630624:-7.27678;-1.647656:-7.265195;-1.669732:-7.248908;-1.709836:-7.272993;-1.719689:-7.283687;-1.758564:-7.265632;-1.77216:-7.250988;-1.820241:-7.248745
sigma3_hotel_seed42,tril,HOTEL:biwi_hotel:38:1620,HOTEL,biwi_hotel,biwi_hotel:38,1620,3,0.14636413753032684,0.3009920120239258,0.0,0.0,0.0,0.0,0.0,-1.52:-7.27;-1.52:-7.27;-1.52:-7.27;-1.52:-7.27;-1.52:-7.27;-1.52:-7.27;-1.52:-7.27;-1.52:-7.27,-1.52:-7.27;-1.52:-7.27;-1.52:-7.27;-1.52:-7.27;-1.52:-7.27;-1.52:-7.27;-1.52:-7.27;-1.52:-7.27;-1.52:-7.27;-1.52:-7.27;-1.52:-7.27;-1.52:-7.27,-1.532727:-7.271909;-1.552531:-7.268733;-1.574011:-7.267347;-1.60391:-7.280725;-1.630624:-7.27678;-1.647656:-7.265195;-1.669732:-7.248908;-1.709836:-7.272993;-1.719689:-7.283687;-1.758564:-7.265632;-1.77216:-7.250988;-1.820241:-7.248745
sigma3_hotel_seed42,tril,HOTEL:biwi_hotel:38:1630,HOTEL,biwi_hotel,biwi_hotel:38,1630,3,0.14636413753032684,0.3009920120239258,0.0,0.0,0.0,0.0,0.0,-1.52:-7.27;-1.52:-7.27;-1.52:-7.27;-1.52:-7.27;-1.52:-7.27;-1.52:-7.27;-1.52:-7.27;-1.52:-7.27,-1.52:-7.27;-1.52:-7.27;-1.52:-7.27;-1.52:-7.27;-1.52:-7.27;-1.52:-7.27;-1.52:-7.27;-1.52:-7.27;-1.52:-7.27;-1.52:-7.27;-1.52:-7.27;-1.52:-7.27,-1.532727:-7.271909;-1.552531:-7.268733;-1.574011:-7.267347;-1.60391:-7.280725;-1.630624:-7.27678;-1.647656:-7.265195;-1.669732:-7.248908;-1.709836:-7.272993;-1.719689:-7.283687;-1.758564:-7.265632;-1.77216:-7.250988;-1.820241:-7.248745
sigma3_hotel_seed42,tril,HOTEL:biwi_hotel:38:1640,HOTEL,biwi_hotel,biwi_hotel:38,1640,3,0.14636413753032684,0.3009920120239258,0.0,0.0,0.0,0.0,0.0,-1.52:-7.27;-1.52:-7.27;-1.52:-7.27;-1.52:-7.27;-1.52:-7.27;-1.52:-7.27;-1.52:-7.27;-1.52:-7.27,-1.52:-7.27;-1.52:-7.27;-1.52:-7.27;-1.52:-7.27;-1.52:-7.27;-1.52:-7.27;-1.52:-7.27;-1.52:-7.27;-1.52:-7.27;-1.52:-7.27;-1.52:-7.27;-1.52:-7.27,-1.532727:-7.271909;-1.552531:-7.268733;-1.574011:-7.267347;-1.60391:-7.280725;-1.630624:-7.27678;-1.647656:-7.265195;-1.669732:-7.248908;-1.709836:-7.272993;-1.719689:-7.283687;-1.758564:-7.265632;-1.77216:-7.250988;-1.820241:-7.248745
sigma3_hotel_seed42,tril,HOTEL:biwi_hotel:38:1650,HOTEL,biwi_hotel,biwi_hotel:38,1650,3,0.14636413753032684,0.3009920120239258,0.0,0.0,0.0,0.0,0.0,-1.52:-7.27;-1.52:-7.27;-1.52:-7.27;-1.52:-7.27;-1.52:-7.27;-1.52:-7.27;-1.52:-7.27;-1.52:-7.27,-1.52:-7.27;-1.52:-7.27;-1.52:-7.27;-1.52:-7.27;-1.52:-7.27;-1.52:-7.27;-1.52:-7.27;-1.52:-7.27;-1.52:-7.27;-1.52:-7.27;-1.52:-7.27;-1.52:-7.27,-1.532727:-7.271909;-1.552531:-7.268733;-1.574011:-7.267347;-1.60391:-7.280725;-1.630624:-7.27678;-1.647656:-7.265195;-1.669732:-7.248908;-1.709836:-7.272993;-1.719689:-7.283687;-1.758564:-7.265632;-1.77216:-7.250988;-1.820241:-7.248745
sigma3_hotel_seed42,tril,HOTEL:biwi_hotel:38:1660,HOTEL,biwi_hotel,biwi_hotel:38,1660,3,0.14636413753032684,0.3009920120239258,0.0,0.0,0.0,0.0,0.0,-1.52:-7.27;-1.52:-7.27;-1.52:-7.27;-1.52:-7.27;-1.52:-7.27;-1.52:-7.27;-1.52:-7.27;-1.52:-7.27,-1.52:-7.27;-1.52:-7.27;-1.52:-7.27;-1.52:-7.27;-1.52:-7.27;-1.52:-7.27;-1.52:-7.27;-1.52:-7.27;-1.52:-7.27;-1.52:-7.27;-1.52:-7.27;-1.52:-7.27,-1.532727:-7.271909;-1.552531:-7.268733;-1.574011:-7.267347;-1.60391:-7.280725;-1.630624:-7.27678;-1.647656:-7.265195;-1.669732:-7.248908;-1.709836:-7.272993;-1.719689:-7.283687;-1.758564:-7.265632;-1.77216:-7.250988;-1.820241:-7.248745
sigma3_hotel_seed42,tril,HOTEL:biwi_hotel:38:1670,HOTEL,biwi_hotel,biwi_hotel:38,1670,3,0.14636413753032684,0.3009920120239258,0.0,0.0,0.0,0.0,0.0,-1.52:-7.27;-1.52:-7.27;-1.52:-7.27;-1.52:-7.27;-1.52:-7.27;-1.52:-7.27;-1.52:-7.27;-1.52:-7.27,-1.52:-7.27;-1.52:-7.27;-1.52:-7.27;-1.52:-7.27;-1.52:-7.27;-1.52:-7.27;-1.52:-7.27;-1.52:-7.27;-1.52:-7.27;-1.52:-7.27;-1.52:-7.27;-1.52:-7.27,-1.532727:-7.271909;-1.552531:-7.268733;-1.574011:-7.267347;-1.60391:-7.280725;-1.630624:-7.27678;-1.647656:-7.265195;-1.669732:-7.248908;-1.709836:-7.272993;-1.719689:-7.283687;-1.758564:-7.265632;-1.77216:-7.250988;-1.820241:-7.248745
sigma3_hotel_seed42,tril,HOTEL:biwi_hotel:38:1680,HOTEL,biwi_hotel,biwi_hotel:38,1680,3,0.14636413753032684,0.3009920120239258,0.0,0.0,0.0,0.0,0.0,-1.52:-7.27;-1.52:-7.27;-1.52:-7.27;-1.52:-7.27;-1.52:-7.27;-1.52:-7.27;-1.52:-7.27;-1.52:-7.27,-1.52:-7.27;-1.52:-7.27;-1.52:-7.27;-1.52:-7.27;-1.52:-7.27;-1.52:-7.27;-1.52:-7.27;-1.52:-7.27;-1.52:-7.27;-1.52:-7.27;-1.52:-7.27;-1.52:-7.27,-1.532727:-7.271909;-1.552531:-7.268733;-1.574011:-7.267347;-1.60391:-7.280725;-1.630624:-7.27678;-1.647656:-7.265195;-1.669732:-7.248908;-1.709836:-7.272993;-1.719689:-7.283687;-1.758564:-7.265632;-1.77216:-7.250988;-1.820241:-7.248745
sigma3_hotel_seed42,tril,HOTEL:biwi_hotel:38:1690,HOTEL,biwi_hotel,biwi_hotel:38,1690,3,0.14636413753032684,0.3009920120239258,0.0,0.0,0.0,0.0,0.0,-1.52:-7.27;-1.52:-7.27;-1.52:-7.27;-1.52:-7.27;-1.52:-7.27;-1.52:-7.27;-1.52:-7.27;-1.52:-7.27,-1.52:-7.27;-1.52:-7.27;-1.52:-7.27;-1.52:-7.27;-1.52:-7.27;-1.52:-7.27;-1.52:-7.27;-1.52:-7.27;-1.52:-7.27;-1.52:-7.27;-1.52:-7.27;-1.52:-7.27,-1.532727:-7.271909;-1.552531:-7.268733;-1.574011:-7.267347;-1.60391:-7.280725;-1.630624:-7.27678;-1.647656:-7.265195;-1.669732:-7.248908;-1.709836:-7.272993;-1.719689:-7.283687;-1.758564:-7.265632;-1.77216:-7.250988;-1.820241:-7.248745
sigma3_hotel_seed42,tril,HOTEL:biwi_hotel:38:1700,HOTEL,biwi_hotel,biwi_hotel:38,1700,3,0.14636413753032684,0.3009920120239258,0.0,0.0,0.0,0.0,0.0,-1.52:-7.27;-1.52:-7.27;-1.52:-7.27;-1.52:-7.27;-1.52:-7.27;-1.52:-7.27;-1.52:-7.27;-1.52:-7.27,-1.52:-7.27;-1.52:-7.27;-1.52:-7.27;-1.52:-7.27;-1.52:-7.27;-1.52:-7.27;-1.52:-7.27;-1.52:-7.27;-1.52:-7.27;-1.52:-7.27;-1.52:-7.27;-1.52:-7.27,-1.532727:-7.271909;-1.552531:-7.268733;-1.574011:-7.267347;-1.60391:-7.280725;-1.630624:-7.27678;-1.647656:-7.265195;-1.669732:-7.248908;-1.709836:-7.272993;-1.719689:-7.283687;-1.758564:-7.265632;-1.77216:-7.250988;-1.820241:-7.248745
sigma3_hotel_seed42,tril,HOTEL:biwi_hotel:38:1710,HOTEL,biwi_hotel,biwi_hotel:38,1710,3,0.14636413753032684,0.3009920120239258,0.0,0.0,0.0,0.0,0.0,-1.52:-7.27;-1.52:-7.27;-1.52:-7.27;-1.52:-7.27;-1.52:-7.27;-1.52:-7.27;-1.52:-7.27;-1.52:-7.27,-1.52:-7.27;-1.52:-7.27;-1.52:-7.27;-1.52:-7.27;-1.52:-7.27;-1.52:-7.27;-1.52:-7.27;-1.52:-7.27;-1.52:-7.27;-1.52:-7.27;-1.52:-7.27;-1.52:-7.27,-1.532727:-7.271909;-1.552531:-7.268733;-1.574011:-7.267347;-1.60391:-7.280725;-1.630624:-7.27678;-1.647656:-7.265195;-1.669732:-7.248908;-1.709836:-7.272993;-1.719689:-7.283687;-1.758564:-7.265632;-1.77216:-7.250988;-1.820241:-7.248745
sigma3_hotel_seed42,tril,HOTEL:biwi_hotel:38:1720,HOTEL,biwi_hotel,biwi_hotel:38,1720,3,0.14636413753032684,0.3009920120239258,0.0,0.0,0.0,0.0,0.0,-1.52:-7.27;-1.52:-7.27;-1.52:-7.27;-1.52:-7.27;-1.52:-7.27;-1.52:-7.27;-1.52:-7.27;-1.52:-7.27,-1.52:-7.27;-1.52:-7.27;-1.52:-7.27;-1.52:-7.27;-1.52:-7.27;-1.52:-7.27;-1.52:-7.27;-1.52:-7.27;-1.52:-7.27;-1.52:-7.27;-1.52:-7.27;-1.52:-7.27,-1.532727:-7.271909;-1.552531:-7.268733;-1.574011:-7.267347;-1.60391:-7.280725;-1.630624:-7.27678;-1.647656:-7.265195;-1.669732:-7.248908;-1.709836:-7.272993;-1.719689:-7.283687;-1.758564:-7.265632;-1.77216:-7.250988;-1.820241:-7.248745
sigma3_hotel_seed42,tril,HOTEL:biwi_hotel:38:1730,HOTEL,biwi_hotel,biwi_hotel:38,1730,3,0.14636413753032684,0.3009920120239258,0.0,0.0,0.0,0.0,0.0,-1.52:-7.27;-1.52:-7.27;-1.52:-7.27;-1.52:-7.27;-1.52:-7.27;-1.52:-7.27;-1.52:-7.27;-1.52:-7.27,-1.52:-7.27;-1.52:-7.27;-1.52:-7.27;-1.52:-7.27;-1.52:-7.27;-1.52:-7.27;-1.52:-7.27;-1.52:-7.27;-1.52:-7.27;-1.52:-7.27;-1.52:-7.27;-1.52:-7.27,-1.532727:-7.271909;-1.552531:-7.268733;-1.574011:-7.267347;-1.60391:-7.280725;-1.630624:-7.27678;-1.647656:-7.265195;-1.669732:-7.248908;-1.709836:-7.272993;-1.719689:-7.283687;-1.758564:-7.265632;-1.77216:-7.250988;-1.820241:-7.248745
sigma3_hotel_seed42,tril,HOTEL:biwi_hotel:38:1740,HOTEL,biwi_hotel,biwi_hotel:38,1740,3,0.14636413753032684,0.3009920120239258,0.0,0.0,0.0,0.0,0.0,-1.52:-7.27;-1.52:-7.27;-1.52:-7.27;-1.52:-7.27;-1.52:-7.27;-1.52:-7.27;-1.52:-7.27;-1.52:-7.27,-1.52:-7.27;-1.52:-7.27;-1.52:-7.27;-1.52:-7.27;-1.52:-7.27;-1.52:-7.27;-1.52:-7.27;-1.52:-7.27;-1.52:-7.27;-1.52:-7.27;-1.52:-7.27;-1.52:-7.27,-1.532727:-7.271909;-1.552531:-7.268733;-1.574011:-7.267347;-1.60391:-7.280725;-1.630624:-7.27678;-1.647656:-7.265195;-1.669732:-7.248908;-1.709836:-7.272993;-1.719689:-7.283687;-1.758564:-7.265632;-1.77216:-7.250988;-1.820241:-7.248745
sigma3_hotel_seed42,tril,HOTEL:biwi_hotel:38:1750,HOTEL,biwi_hotel,biwi_hotel:38,1750,3,0.14636413753032684,0.3009920120239258,0.0,0.0,0.0,0.0,0.0,-1.52:-7.27;-1.52:-7.27;-1.52:-7.27;-1.52:-7.27;-1.52:-7.27;-1.52:-7.27;-1.52:-7.27;-1.52:-7.27,-1.52:-7.27;-1.52:-7.27;-1.52:-7.27;-1.52:-7.27;-1.52:-7.27;-1.52:-7.27;-1.52:-7.27;-1.52:-7.27;-1.52:-7.27;-1.52:-7.27;-1.52:-7.27;-1.52:-7.27,-1.532727:-7.271909;-1.552531:-7.268733;-1.574011:-7.267347;-1.60391:-7.280725;-1.630624:-7.27678;-1.647656:-7.265195;-1.669732:-7.248908;-1.709836:-7.272993;-1.719689:-7.283687;-1.758564:-7.265632;-1.77216:-7.250988;-1.820241:-7.248745
sigma3_hotel_seed42,tril,HOTEL:biwi_hotel:38:1760,HOTEL,biwi_hotel,biwi_hotel:38,1760,3,0.14636413753032684,0.3009920120239258,0.0,0.0,0.0,0.0,0.0,-1.52:-7.27;-1.52:-7.27;-1.52:-7.27;-1.52:-7.27;-1.52:-7.27;-1.52:-7.27;-1.52:-7.27;-1.52:-7.27,-1.52:-7.27;-1.52:-7.27;-1.52:-7.27;-1.52:-7.27;-1.52:-7.27;-1.52:-7.27;-1.52:-7.27;-1.52:-7.27;-1.52:-7.27;-1.52:-7.27;-1.52:-7.27;-1.52:-7.27,-1.532727:-7.271909;-1.552531:-7.268733;-1.574011:-7.267347;-1.60391:-7.280725;-1.630624:-7.27678;-1.647656:-7.265195;-1.669732:-7.248908;-1.709836:-7.272993;-1.719689:-7.283687;-1.758564:-7.265632;-1.77216:-7.250988;-1.820241:-7.248745
sigma3_hotel_seed42,tril,HOTEL:biwi_hotel:38:1770,HOTEL,biwi_hotel,biwi_hotel:38,1770,3,0.14636413753032684,0.3009920120239258,0.0,0.0,0.0,0.0,0.0,-1.52:-7.27;-1.52:-7.27;-1.52:-7.27;-1.52:-7.27;-1.52:-7.27;-1.52:-7.27;-1.52:-7.27;-1.52:-7.27,-1.52:-7.27;-1.52:-7.27;-1.52:-7.27;-1.52:-7.27;-1.52:-7.27;-1.52:-7.27;-1.52:-7.27;-1.52:-7.27;-1.52:-7.27;-1.52:-7.27;-1.52:-7.27;-1.52:-7.27,-1.532727:-7.271909;-1.552531:-7.268733;-1.574011:-7.267347;-1.60391:-7.280725;-1.630624:-7.27678;-1.647656:-7.265195;-1.669732:-7.248908;-1.709836:-7.272993;-1.719689:-7.283687;-1.758564:-7.265632;-1.77216:-7.250988;-1.820241:-7.248745
sigma3_hotel_seed42,tril,HOTEL:biwi_hotel:38:1780,HOTEL,biwi_hotel,biwi_hotel:38,1780,3,0.14636413753032684,0.3009920120239258,0.0,0.0,0.0,0.0,0.0,-1.52:-7.27;-1.52:-7.27;-1.52:-7.27;-1.52:-7.27;-1.52:-7.27;-1.52:-7.27;-1.52:-7.27;-1.52:-7.27,-1.52:-7.27;-1.52:-7.27;-1.52:-7.27;-1.52:-7.27;-1.52:-7.27;-1.52:-7.27;-1.52:-7.27;-1.52:-7.27;-1.52:-7.27;-1.52:-7.27;-1.52:-7.27;-1.52:-7.27,-1.532727:-7.271909;-1.552531:-7.268733;-1.574011:-7.267347;-1.60391:-7.280725;-1.630624:-7.27678;-1.647656:-7.265195;-1.669732:-7.248908;-1.709836:-7.272993;-1.719689:-7.283687;-1.758564:-7.265632;-1.77216:-7.250988;-1.820241:-7.248745
sigma3_hotel_seed42,tril,HOTEL:biwi_hotel:38:1790,HOTEL,biwi_hotel,biwi_hotel:38,1790,3,0.14636413753032684,0.3009920120239258,0.0,0.0,0.0,0.0,0.0,-1.52:-7.27;-1.52:-7.27;-1.52:-7.27;-1.52:-7.27;-1.52:-7.27;-1.52:-7.27;-1.52:-7.27;-1.52:-7.27,-1.52:-7.27;-1.52:-7.27;-1.52:-7.27;-1.52:-7.27;-1.52:-7.27;-1.52:-7.27;-1.52:-7.27;-1.52:-7.27;-1.52:-7.27;-1.52:-7.27;-1.52:-7.27;-1.52:-7.27,-1.532727:-7.271909;-1.552531:-7.268733;-1.574011:-7.267347;-1.60391:-7.280725;-1.630624:-7.27678;-1.647656:-7.265195;-1.669732:-7.248908;-1.709836:-7.272993;-1.719689:-7.283687;-1.758564:-7.265632;-1.77216:-7.250988;-1.820241:-7.248745
sigma3_hotel_seed42,tril,HOTEL:biwi_hotel:38:1800,HOTEL,biwi_hotel,biwi_hotel:38,1800,3,0.14636413753032684,0.3009920120239258,0.0,0.0,0.0,0.0,0.0,-1.52:-7.27;-1.52:-7.27;-1.52:-7.27;-1.52:-7.27;-1.52:-7.27;-1.52:-7.27;-1.52:-7.27;-1.52:-7.27,-1.52:-7.27;-1.52:-7.27;-1.52:-7.27;-1.52:-7.27;-1.52:-7.27;-1.52:-7.27;-1.52:-7.27;-1.52:-7.27;-1.52:-7.27;-1.52:-7.27;-1.52:-7.27;-1.52:-7.27,-1.532727:-7.271909;-1.552531:-7.268733;-1.574011:-7.267347;-1.60391:-7.280725;-1.630624:-7.27678;-1.647656:-7.265195;-1.669732:-7.248908;-1.709836:-7.272993;-1.719689:-7.283687;-1.758564:-7.265632;-1.77216:-7.250988;-1.820241:-7.248745
sigma3_hotel_seed42,tril,HOTEL:biwi_hotel:71:2770,HOTEL,biwi_hotel,biwi_hotel:71,2770,3,3.8831875324249268,7.165383815765381,1.4758472442626953,1.50128972530365,0.26196619868278503,0.3450375199317932,1.375,2.66:3.27;2.67:2.68;2.69:2.07;2.64:1.45;2.63:0.86;2.63:0.25;2.6:-0.34;2.62:-0.93,2.56:-1.51;2.45:-2.13;2.35:-2.71;2.19:-3.29;2.13:-3.91;2.06:-4.54;2.02:-5.18;2.09:-5.8;2.15:-6.46;2.28:-7.13;2.38:-7.77;2.43:-8.43,2.743622:-0.9613571;2.708859:-1.050396;2.718724:-0.8861467;2.81325:-1.066072;2.656846:-1.107275;2.63379:-0.9630485;2.533726:-0.6437144;2.461394:-1.219302;2.310042:-1.241866;2.065512:-1.173749;2.056238:-1.02022;1.923826:-1.282518
sigma3_hotel_seed42,tril,HOTEL:biwi_hotel:72:2770,HOTEL,biwi_hotel,biwi_hotel:72,2770,3,4.145211219787598,7.801558971405029,1.5002083778381348,1.4756534099578857,0.26954081654548645,0.3401066064834595,1.25,1.95:3.46;1.86:2.86;1.83:2.27;1.79:1.72;1.75:1.16;1.79:0.55;1.8:-0.06;1.79:-0.66,1.79:-1.27;1.69:-1.91;1.6:-2.54;1.49:-3.15;1.35:-3.77;1.29:-4.42;1.2:-5.06;1.09:-5.73;0.99:-6.42;0.83:-7.1;0.76:-7.76;0.75:-8.58,1.699823:-0.6812593;1.48915:-0.7547986;1.320795:-0.6117396;1.235962:-0.7344981;0.921287:-0.7887024;0.7408055:-0.6504167;0.4871659:-0.3407373;0.263845:-0.8639423;-0.03194392:-0.8608323;-0.3966534:-0.8069314;-0.5663009:-0.6811896;-0.8057396:-0.9351324
sigma3_hotel_seed42,tril,HOTEL:biwi_hotel:71:2780,HOTEL,biwi_hotel,biwi_hotel:71,2780,3,4.119980335235596,7.788483142852783,1.457737922668457,1.4987934827804565,0.32265567779541016,0.466176837682724,1.375,2.67:2.68;2.69:2.07;2.64:1.45;2.63:0.86;2.63:0.25;2.6:-0.34;2.62:-0.93;2.56:-1.51,2.45:-2.13;2.35:-2.71;2.19:-3.29;2.13:-3.91;2.06:-4.54;2.02:-5.18;2.09:-5.8;2.15:-6.46;2.28:-7.13;2.38:-7.77;2.43:-8.43;2.48:-9.09,2.454718:-1.529547;2.228847:-1.594445;2.047308:-1.461342;1.941221:-1.568693;1.624454:-1.624986;1.437848:-1.493122;1.177295:-1.202474;0.9460018:-1.68786;0.655229:-1.682693;0.2935848:-1.632842;0.1135149:-1.517681;-0.1305661:-1.752057
sigma3_hotel_seed42,tril,HOTEL:biwi_hotel:72:2780,HOTEL,biwi_hotel,biwi_hotel:72,2780,3,4.122457504272461,7.725385665893555,1.524999976158142,1.4768275022506714,0.22091008722782135,0.25868549942970276,1.25,1.86:2.86;1.83:2.27;1.79:1.72;1.75:1.16;1.79:0.55;1.8:-0.06;1.79:-0.66;1.79:-1.27,1.69:-1.91;1.6:-2.54;1.49:-3.15;1.35:-3.77;1.29:-4.42;1.2:-5.06;1.09:-5.73;0.99:-6.42;0.83:-7.1;0.76:-7.76;0.75:-8.58;0.7:-9.28,1.794143:-1.297037;1.646328:-1.380508;1.545943:-1.218339;1.540094:-1.376808;1.287806:-1.42095;1.167161:-1.282245;0.9679757:-0.9571902;0.812157:-1.520976;0.5636538:-1.527499;0.238567:-1.469166;0.1430777:-1.321432;-0.04592133:-1.590709
sigma3_hotel_seed42,tril,HOTEL:biwi_hotel:71:2790,HOTEL,biwi_hotel,biwi_hotel:71,2790,3,4.319125652313232,8.146136283874512,1.5742061138153076,1.5057058334350586,0.31569793820381165,0.4254412353038788,1.25,2.69:2.07;2.64:1.45;2.63:0.86;2.63:0.25;2.6:-0.34;2.62:-0.93;2.56:-1.51;2.45:-2.13,2.35:-2.71;2.19:-3.29;2.13:-3.91;2.06:-4.54;2.02:-5.18;2.09:-5.8;2.15:-6.46;2.28:-7.13;2.38:-7.77;2.43:-8.43;2.48:-9.09;2.45:-9.73,2.267651:-2.143501;1.97734:-2.210315;1.719539:-2.074819;1.542557:-2.165822;1.150595:-2.233482;0.8984919:-2.096782;0.5658464:-1.788143;0.2726929:-2.292337;-0.07739282:-2.272063;-0.5167696:-2.233131;-0.7504051:-2.11903;-1.057783:-2.377789
sigma3_hotel_seed42,tril,HOTEL:biwi_hotel:72:2790,HOTEL,biwi_hotel,biwi_hotel:72,2790,3,4.341937065124512,8.156195640563965,1.6194134950637817,1.4971857070922852,0.28671425580978394,0.39188650250434875,1.25,1.83:2.27;1.79:1.72;1.75:1.16;1.79:0.55;1.8:-0.06;1.79:-0.66;1.79:-1.27;1.69:-1.91,1.6:-2.54;1.49:-3.15;1.35:-3.77;1.29:-4.42;1.2:-5.06;1.09:-5.73;0.99:-6.42;0.83:-7.1;0.76:-7.76;0.75:-8.58;0.7:-9.28;0.85:-9.9,1.52384:-1.925133;1.236933:-1.996534;0.9871979:-1.850018;0.8246648:-1.953886;0.4304413:-2.022211;0.1843574:-1.876891;-0.144742:-1.56238;-0.4336855:-2.086524;-0.782933:-2.066136;-1.225386:-2.023461;-1.45133:-1.901658;-1.756359:-2.171454
sigma3_hotel_seed42,tril,HOTEL:biwi_hotel:83:3100,HOTEL,biwi_hotel,biwi_hotel:83,3100,3,3.8527910709381104,6.824220180511475,1.4508618116378784,1.493430256843567,0.42731207609176636,0.5966443419456482,0.25,1.65:2.7;1.73:2.09;1.73:1.52;1.71:0.91;1.78:0.3;1.76:-0.31;1.72:-0.89;1.74:-1.47,1.68:-2.07;1.66:-2.67;1.68:-3.29;1.58:-3.91;1.49:-4.55;1.35:-5.17;1.09:-5.74;0.93:-6.33;0.75:-6.88;0.51:-7.43;0.46:-8.02;0.41:-8.57,1.907305:-1.502859;1.913984:-1.592579;1.964753:-1.429199;2.095074:-1.61544;1.97607:-1.655322;1.989659:-1.509976;1.927562:-1.195999;1.88655:-1.769726;1.773077:-1.798569;1.561152:-1.727149;1.583531:-1.573047;1.473366:-1.829137
sigma3_hotel_seed42,tril,HOTEL:biwi_hotel:83:3110,HOTEL,biwi_hotel,biwi_hotel:83,3110,3,3.929400682449341,6.978720188140869,1.507481336593628,1.4890620708465576,0.4200406074523926,0.6003787517547607,0.25,1.73:2.09;1.73:1.52;1.71:0.91;1.78:0.3;1.76:-0.31;1.72:-0.89;1.74:-1.47;1.68:-2.07,1.66:-2.67;1.68:-3.29;1.58:-3.91;1.49:-4.55;1.35:-5.17;1.09:-5.74;0.93:-6.33;0.75:-6.88;0.51:-7.43;0.46:-8.02;0.41:-8.57;0.33:-9.13,1.564248:-2.088914;1.32127:-2.156164;1.124137:-2.016986;1.005758:-2.126122;0.6677828:-2.186847;0.4686068:-2.049272;0.1904122:-1.753898;-0.05619621:-2.25173;-0.3599497:-2.242812;-0.7430922:-2.193551;-0.9342462:-2.075919;-1.194812:-2.319898
sigma3_hotel_seed42,tril,HOTEL:biwi_hotel:101:4000,HOTEL,biwi_hotel,biwi_hotel:101,4000,3,0.17079035937786102,0.343018501996994,0.0,0.08566896617412567,0.2731882631778717,3.1415927410125732,1.375,1.26:-8.15;1.26:-8.15;1.25:-8.13;1.25:-8.13;1.31:-8.2;1.36:-8.29;1.37:-8.31;1.37:-8.31,1.37:-8.31;1.37:-8.31;1.37:-8.31;1.37:-8.31;1.38:-8.32;1.39:-8.32;1.39:-8.32;1.39:-8.32;1.39:-8.32;1.39:-8.32;1.39:-8.32;1.39:-8.32,1.355768:-8.311231;1.334175:-8.308146;1.310936:-8.307349;1.273855:-8.323406;1.248981:-8.316641;1.231918:-8.306079;1.208219:-8.287943;1.16546:-8.311146;1.155943:-8.327722;1.113571:-8.306859;1.101254:-8.291726;1.048721:-8.285499
sigma3_hotel_seed42,tril,HOTEL:biwi_hotel:102:4000,HOTEL,biwi_hotel,biwi_hotel:102,4000,3,0.05089682340621948,0.0907442718744278,0.0,0.007985956966876984,0.04658474773168564,0.0,1.25,1.37:-9.2;1.37:-9.2;1.37:-9.2;1.38:-9.18;1.38:-9.18;1.38:-9.18;1.38:-9.18;1.38:-9.18,1.38:-9.18;1.38:-9.18;1.38:-9.18;1.38:-9.18;1.38:-9.18;1.38:-9.18;1.38:-9.18;1.38:-9.18;1.38:-9.18;1.38:-9.18;1.38:-9.18;1.38:-9.18,1.375276:-9.180475;1.364729:-9.177701;1.357002:-9.178012;1.3456:-9.184546;1.33428:-9.183825;1.33294:-9.177691;1.327426:-9.177011;1.307894:-9.182853;1.31227:-9.187151;1.302074:-9.175947;1.302351:-9.17172;1.289989:-9.16849
sigma3_hotel_seed42,tril,HOTEL:biwi_hotel:96:4000,HOTEL,biwi_hotel,biwi_hotel:96,4000,3,2.976675033569336,5.59445858001709,0.9503288865089417,0.8749673366546631,0.525299608707428,1.3992918729782104,1.0,1.98:3.74;1.96:3.44;1.98:3.11;1.86:2.78;1.83:2.43;1.86:2.07;1.8:1.7;1.81:1.32,1.85:0.94;1.84:0.48;1.86:0.01;1.9:-0.5;1.86:-0.92;1.9:-1.47;1.92:-1.94;1.87:-2.41;1.95:-2.91;1.99:-3.4;1.96:-3.89;2.07:-4.38,1.863273:1.294673;1.855656:1.255303;1.877782:1.331483;1.930009:1.23876;1.849075:1.213733;1.833871:1.315488;1.798833:1.533869;1.740657:1.189647;1.642123:1.155968;1.525845:1.219537;1.483333:1.30442;1.406354:1.174956
sigma3_hotel_seed42,tril,HOTEL:biwi_hotel:97:4000,HOTEL,biwi_hotel,biwi_hotel:97,4000,3,3.1614739894866943,6.0152668952941895,0.9463746547698975,0.9444243907928467,0.27814918756484985,0.5597658157348633,1.0,1.22:3.29;1.26:2.92;1.33:2.57;1.34:2.2;1.32:1.84;1.31:1.45;1.24:1.04;1.16:0.67,1.06:0.21;1.03:-0.23;1.03:-0.59;1.04:-1.03;1.01:-1.61;1.05:-2.07;1.1:-2.52;1.17:-2.99;1.24:-3.42;1.32:-4.01;1.33:-4.47;1.43:-4.96,1.037033:0.6552726;0.8627046:0.6370872;0.7137222:0.690695;0.594069:0.6564891;0.3973466:0.6264797;0.245131:0.6951104;0.06284893:0.9014677;-0.1047405:0.628849;-0.3167262:0.6205757;-0.5427573:0.6528237;-0.6967626:0.7159001;-0.8566247:0.6037028
sigma3_hotel_seed42,tril,HOTEL:biwi_hotel:101:4010,HOTEL,biwi_hotel,biwi_hotel:101,4010,3,0.12266889959573746,0.22885054349899292,0.0,0.08566896617412567,0.24989590048789978,3.1415927410125732,1.375,1.26:-8.15;1.25:-8.13;1.25:-8.13;1.31:-8.2;1.36:-8.29;1.37:-8.31;1.37:-8.31;1.37:-8.31,1.37:-8.31;1.37:-8.31;1.37:-8.31;1.38:-8.32;1.39:-8.32;1.39:-8.32;1.39:-8.32;1.39:-8.32;1.39:-8.32;1.39:-8.32;1.39:-8.32;1.39:-8.32,1.355509:-8.310134;1.344282:-8.309563;1.324193:-8.313751;1.300268:-8.313516;1.281931:-8.316144;1.271027:-8.31023;1.252167:-8.298713;1.226632:-8.314844;1.227135:-8.318124;1.201196:-8.312387;1.195754:-8.30604;1.16139:-8.309505
sigma3_hotel_seed42,tril,HOTEL:biwi_hotel:102:4010,HOTEL,biwi_hotel,biwi_hotel:102,4010,3,0.08856352418661118,0.17769034206867218,0.0,0.007985956966876984,0.04658474773168564,0.0,1.125,1.37:-9.2;1.37:-9.2;1.38:-9.18;1.38:-9.18;1.38:-9.18;1.38:-9.18;1.38:-9.18;1.38:-9.18,1.38:-9.18;1.38:-9.18;1.38:-9.18;1.38:-9.18;1.38:-9.18;1.38:-9.18;1.38:-9.18;1.38:-9.18;1.38:-9.18;1.38:-9.18;1.38:-9.18;1.38:-9.18,1.373166:-9.181692;1.360618:-9.178493;1.346601:-9.178707;1.325463:-9.188978;1.309344:-9.18805;1.301239:-9.177887;1.289716:-9.165771;1.261764:-9.183844;1.261701:-9.192569;1.236071:-9.179387;1.232931:-9.170101;1.202597:-9.169892
sigma3_hotel_seed42,tril,HOTEL:biwi_hotel:96:4010,HOTEL,biwi_hotel,biwi_hotel:96,4010,3,3.0671145915985107,5.651705265045166,0.9552486538887024,0.9040507078170776,0.5044662356376648,1.3507589101791382,1.125,1.96:3.44;1.98:3.11;1.86:2.78;1.83:2.43;1.86:2.07;1.8:1.7;1.81:1.32;1.85:0.94,1.84:0.48;1.86:0.01;1.9:-0.5;1.86:-0.92;1.9:-1.47;1.92:-1.94;1.87:-2.41;1.95:-2.91;1.99:-3.4;1.96:-3.89;2.07:-4.38;2.12:-4.88,1.969423:0.9120682;2.011606:0.8677089;2.085773:0.9521258;2.188857:0.8428354;2.149334:0.8173733;2.182394:0.9250571;2.19038:1.143654;2.172403:0.7826096;2.120735:0.7425579;2.034838:0.8107492;2.038071:0.9030209;1.984957:0.7700917
sigma3_hotel_seed42,tril,HOTEL:biwi_hotel:97:4010,HOTEL,biwi_hotel,biwi_hotel:97,4010,3,3.2453553676605225,6.110743999481201,1.1768602132797241,0.9796344637870789,0.3366282880306244,0.4711824357509613,1.0,1.26:2.92;1.33:2.57;1.34:2.2;1.32:1.84;1.31:1.45;1.24:1.04;1.16:0.67;1.06:0.21,1.03:-0.23;1.03:-0.59;1.04:-1.03;1.01:-1.61;1.05:-2.07;1.1:-2.52;1.17:-2.99;1.24:-3.42;1.32:-4.01;1.33:-4.47;1.43:-4.96;1.45:-5.4,0.9386796:0.1934801;0.7423799:0.1512972;0.5752231:0.2416172;0.4604602:0.1727836;0.2051435:0.1317248;0.03153253:0.2291306;-0.1901134:0.4836437;-0.3893192:0.1009699;-0.6460744:0.09881385;-0.9408033:0.1383469;-1.108862:0.2274927;-1.310604:0.05162865
sigma3_hotel_seed42,tril,HOTEL:biwi_hotel:101:4020,HOTEL,biwi_hotel,biwi_hotel:101,4020,3,0.2801225185394287,0.5616451501846313,0.0,0.07768300920724869,0.22660352289676666,0.244978666305542,1.25,1.25:-8.13;1.25:-8.13;1.31:-8.2;1.36:-8.29;1.37:-8.31;1.37:-8.31;1.37:-8.31;1.37:-8.31,1.37:-8.31;1.37:-8.31;1.38:-8.32;1.39:-8.32;1.39:-8.32;1.39:-8.32;1.39:-8.32;1.39:-8.32;1.39:-8.32;1.39:-8.32;1.39:-8.32;1.39:-8.32,1.343578:-8.309885;1.306029:-8.309176;1.270307:-8.303079;1.217385:-8.329439;1.175908:-8.311537;1.142142:-8.301137;1.098921:-8.28018;1.034885:-8.309351;1.003813:-8.334546;0.9434414:-8.302325;0.9115281:-8.278199;0.831386:-8.261727
sigma3_hotel_seed42,tril,HOTEL:biwi_hotel:102:4020,HOTEL,biwi_hotel,biwi_hotel:102,4020,3,0.0859304741024971,0.169669508934021,0.0,0.007985956966876984,0.02329237386584282,0.0,1.0,1.37:-9.2;1.38:-9.18;1.38:-9.18;1.38:-9.18;1.38:-9.18;1.38:-9.18;1.38:-9.18;1.38:-9.18,1.38:-9.18;1.38:-9.18;1.38:-9.18;1.38:-9.18;1.38:-9.18;1.38:-9.18;1.38:-9.18;1.38:-9.18;1.38:-9.18;1.38:-9.18;1.38:-9.18;1.38:-9.18,1.371956:-9.18116;1.359783:-9.179592;1.345882:-9.17911;1.328967:-9.187277;1.312206:-9.187029;1.302945:-9.178014;1.290553:-9.168805;1.26528:-9.185527;1.26354:-9.191484;1.242459:-9.180974;1.237496:-9.17321;1.210439:-9.173921
sigma3_hotel_seed42,tril,HOTEL:biwi_hotel:96:4020,HOTEL,biwi_hotel,biwi_hotel:96,4020,3,3.314708709716797,6.129758358001709,1.1502716541290283,0.9503018260002136,0.4569035470485687,1.068068504333496,1.375,1.98:3.11;1.86:2.78;1.83:2.43;1.86:2.07;1.8:1.7;1.81:1.32;1.85:0.94;1.84:0.48,1.86:0.01;1.9:-0.5;1.86:-0.92;1.9:-1.47;1.92:-1.94;1.87:-2.41;1.95:-2.91;1.99:-3.4;1.96:-3.89;2.07:-4.38;2.12:-4.88;2.16:-5.35,1.751765:0.4608446;1.586998:0.4181362;1.453534:0.5089728;1.373005:0.4307384;1.150634:0.3962747;1.003823:0.4924954;0.8147702:0.7446656;0.6448705:0.3634451;0.4105936:0.3551326;0.148546:0.3992994;0.006157398:0.4916677;-0.1661404:0.3212436
sigma3_hotel_seed42,tril,HOTEL:biwi_hotel:97:4020,HOTEL,biwi_hotel,biwi_hotel:97,4020,3,3.022688865661621,5.650794982910156,1.1025538444519043,1.0096666812896729,0.34658199548721313,0.44679155945777893,1.0,1.33:2.57;1.34:2.2;1.32:1.84;1.31:1.45;1.24:1.04;1.16:0.67;1.06:0.21;1.03:-0.23,1.03:-0.59;1.04:-1.03;1.01:-1.61;1.05:-2.07;1.1:-2.52;1.17:-2.99;1.24:-3.42;1.32:-4.01;1.33:-4.47;1.43:-4.96;1.45:-5.4;1.49:-5.88,1.052873:-0.2554317;0.9809389:-0.3090377;0.9468976:-0.2035989;0.9652373:-0.3159352;0.8131918:-0.3488202;0.750647:-0.2356191;0.6454939:0.01838174;0.5423679:-0.3986508;0.3816534:-0.4212523;0.1829015:-0.360854;0.1110649:-0.255824;-0.01282537:-0.4327073
sigma3_hotel_seed42,tril,HOTEL:biwi_hotel:101:4030,HOTEL,biwi_hotel,biwi_hotel:101,4030,3,0.17229123413562775,0.34007716178894043,0.0,0.07768300920724869,0.13056659698486328,0.244978666305542,1.125,1.25:-8.13;1.31:-8.2;1.36:-8.29;1.37:-8.31;1.37:-8.31;1.37:-8.31;1.37:-8.31;1.37:-8.31,1.37:-8.31;1.38:-8.32;1.39:-8.32;1.39:-8.32;1.39:-8.32;1.39:-8.32;1.39:-8.32;1.39:-8.32;1.39:-8.32;1.39:-8.32;1.39:-8.32;1.39:-8.32,1.359568:-8.311044;1.334881:-8.308434;1.31474:-8.302579;1.276923:-8.330621;1.254516:-8.317174;1.237298:-8.304754;1.216423:-8.286919;1.171049:-8.310843;1.157685:-8.336526;1.115618:-8.308417;1.104309:-8.290754;1.052514:-8.278096
sigma3_hotel_seed42,tril,HOTEL:biwi_hotel:102:4030,HOTEL,biwi_hotel,biwi_hotel:102,4030,3,0.14636412262916565,0.30099213123321533,0.0,0.0,0.0,0.0,1.0,1.38:-9.18;1.38:-9.18;1.38:-9.18;1.38:-9.18;1.38:-9.18;1.38:-9.18;1.38:-9.18;1.38:-9.18,1.38:-9.18;1.38:-9.18;1.38:-9.18;1.38:-9.18;1.38:-9.18;1.38:-9.18;1.38:-9.18;1.38:-9.18;1.38:-9.18;1.38:-9.18;1.38:-9.18;1.38:-9.18,1.367273:-9.181909;1.347469:-9.178734;1.325989:-9.177347;1.29609:-9.190725;1.269376:-9.18678;1.252344:-9.175196;1.230268:-9.158909;1.190164:-9.182994;1.180311:-9.193687;1.141436:-9.175632;1.12784:-9.160988;1.079759:-9.158746
sigma3_hotel_seed42,tril,HOTEL:biwi_hotel:96:4030,HOTEL,biwi_hotel,biwi_hotel:96,4030,3,3.1065919399261475,5.697346210479736,1.1760632991790771,0.9929034113883972,0.3938070237636566,0.869066059589386,1.625,1.86:2.78;1.83:2.43;1.86:2.07;1.8:1.7;1.81:1.32;1.85:0.94;1.84:0.48;1.86:0.01,1.9:-0.5;1.86:-0.92;1.9:-1.47;1.92:-1.94;1.87:-2.41;1.95:-2.91;1.99:-3.4;1.96:-3.89;2.07:-4.38;2.12:-4.88;2.16:-5.35;2.35:-5.82,1.931756:-0.01771047;1.905772:-0.08210801;1.91313:0.03494667;1.978155:-0.09816144;1.852198:-0.1299761;1.822145:-0.008065362;1.748376:0.2651908;1.675119:-0.196389;1.537417:-0.224259;1.352134:-0.1586957;1.315793:-0.0408185;1.207099:-0.2384652
sigma3_hotel_seed42,tril,HOTEL:biwi_hotel:97:4030,HOTEL,biwi_hotel,biwi_hotel:97,4030,3,3.1332848072052,5.779313564300537,0.8999999761581421,1.006047010421753,0.402641624212265,0.4323490560054779,1.0,1.34:2.2;1.32:1.84;1.31:1.45;1.24:1.04;1.16:0.67;1.06:0.21;1.03:-0.23;1.03:-0.59,1.04:-1.03;1.01:-1.61;1.05:-2.07;1.1:-2.52;1.17:-2.99;1.24:-3.42;1.32:-4.01;1.33:-4.47;1.43:-4.96;1.45:-5.4;1.49:-5.88;1.66:-6.36,1.065269:-0.6143314;1.033373:-0.6460835;1.036883:-0.5760131;1.066094:-0.6571473;0.9762877:-0.6834849;0.9497666:-0.5872114;0.9012007:-0.3857139;0.8312923:-0.6974519;0.7294003:-0.7283657;0.6106757:-0.6679808;0.5541818:-0.5910329;0.4720253:-0.7041021
sigma3_hotel_seed42,tril,HOTEL:biwi_hotel:101:4040,HOTEL,biwi_hotel,biwi_hotel:101,4040,3,0.2532956302165985,0.5102925896644592,0.0,0.04475606605410576,0.10727422684431076,0.04345089569687843,1.0,1.31:-8.2;1.36:-8.29;1.37:-8.31;1.37:-8.31;1.37:-8.31;1.37:-8.31;1.37:-8.31;1.37:-8.31,1.38:-8.32;1.39:-8.32;1.39:-8.32;1.39:-8.32;1.39:-8.32;1.39:-8.32;1.39:-8.32;1.39:-8.32;1.39:-8.32;1.39:-8.32;1.39:-8.32;1.39:-8.32,1.352314:-8.311951;1.318347:-8.307109;1.287671:-8.301387;1.233508:-8.332983;1.197401:-8.316211;1.170247:-8.301181;1.136151:-8.27491;1.072245:-8.307412;1.049271:-8.336515;0.9846317:-8.300437;0.9618164:-8.274528;0.8833126:-8.259449
sigma3_hotel_seed42,tril,HOTEL:biwi_hotel:102:4040,HOTEL,biwi_hotel,biwi_hotel:102,4040,3,0.14636412262916565,0.30099213123321533,0.0,0.0,0.0,0.0,1.0,1.38:-9.18;1.38:-9.18;1.38:-9.18;1.38:-9.18;1.38:-9.18;1.38:-9.18;1.38:-9.18;1.38:-9.18,1.38:-9.18;1.38:-9.18;1.38:-9.18;1.38:-9.18;1.38:-9.18;1.38:-9.18;1.38:-9.18;1.38:-9.18;1.38:-9.18;1.38:-9.18;1.38:-9.18;1.38:-9.18,1.367273:-9.181909;1.347469:-9.178734;1.325989:-9.177347;1.29609:-9.190725;1.269376:-9.18678;1.252344:-9.175196;1.230268:-9.158909;1.190164:-9.182994;1.180311:-9.193687;1.141436:-9.175632;1.12784:-9.160988;1.079759:-9.158746
sigma3_hotel_seed42,tril,HOTEL:biwi_hotel:96:4040,HOTEL,biwi_hotel,biwi_hotel:96,4040,3,3.057934522628784,5.597979545593262,1.278915524482727,1.050147294998169,0.3770296573638916,0.7361631393432617,1.75,1.83:2.43;1.86:2.07;1.8:1.7;1.81:1.32;1.85:0.94;1.84:0.48;1.86:0.01;1.9:-0.5,1.86:-0.92;1.9:-1.47;1.92:-1.94;1.87:-2.41;1.95:-2.91;1.99:-3.4;1.96:-3.89;2.07:-4.38;2.12:-4.88;2.16:-5.35;2.35:-5.82;2.45:-6.3,2.008882:-0.5297424;2.001904:-0.605321;2.029757:-0.4708963;2.123817:-0.6259334;2.002962:-0.6598498;1.99063:-0.528154;1.925211:-0.2350556;1.866031:-0.7458405;1.73651:-0.7753639;1.542798:-0.7067901;1.530116:-0.5742064;1.422391:-0.7971468
sigma3_hotel_seed42,tril,HOTEL:biwi_hotel:97:4040,HOTEL,biwi_hotel,biwi_hotel:97,4040,3,3.2270126342773438,5.917786121368408,1.1002840995788574,1.0344606637954712,0.453683078289032,0.42520931363105774,1.125,1.32:1.84;1.31:1.45;1.24:1.04;1.16:0.67;1.06:0.21;1.03:-0.23;1.03:-0.59;1.04:-1.03,1.01:-1.61;1.05:-2.07;1.1:-2.52;1.17:-2.99;1.24:-3.42;1.32:-4.01;1.33:-4.47;1.43:-4.96;1.45:-5.4;1.49:-5.88;1.66:-6.36;1.86:-6.8,1.043766:-1.054346;0.9651988:-1.101936;0.9227263:-1.006808;0.9274666:-1.107167;0.7753016:-1.138422;0.7047669:-1.030599;0.5981348:-0.7870952;0.4891361:-1.177286;0.3254051:-1.199641;0.1339988:-1.140556;0.05050439:-1.043796;-0.07217979:-1.206533
sigma3_hotel_seed42,tril,HOTEL:biwi_hotel:101:4050,HOTEL,biwi_hotel,biwi_hotel:101,4050,3,0.0656181201338768,0.161457821726799,0.0353553406894207,0.013036719523370266,0.03802376613020897,0.32175055146217346,1.0,1.36:-8.29;1.37:-8.31;1.37:-8.31;1.37:-8.31;1.37:-8.31;1.37:-8.31;1.37:-8.31;1.38:-8.32,1.39:-8.32;1.39:-8.32;1.39:-8.32;1.39:-8.32;1.39:-8.32;1.39:-8.32;1.39:-8.32;1.39:-8.32;1.39:-8.32;1.39:-8.32;1.39:-8.32;1.39:-8.32,1.38941:-8.321183;1.394508:-8.320364;1.402899:-8.32093;1.416054:-8.324054;1.427692:-8.331151;1.439453:-8.324446;1.456829:-8.328979;1.465016:-8.330297;1.484675:-8.331719;1.506107:-8.334345;1.524541:-8.341936;1.549356:-8.345965
sigma3_hotel_seed42,tril,HOTEL:biwi_hotel:102:4050,HOTEL,biwi_hotel,biwi_hotel:102,4050,3,0.1463632434606552,0.3009902536869049,0.0,0.0,0.0,0.0,1.0,1.38:-9.18;1.38:-9.18;1.38:-9.18;1.38:-9.18;1.38:-9.18;1.38:-9.18;1.38:-9.18;1.38:-9.18,1.38:-9.18;1.38:-9.18;1.38:-9.18;1.38:-9.18;1.38:-9.18;1.38:-9.18;1.38:-9.18;1.38:-9.18;1.38:-9.18;1.38:-9.18;1.38:-9.18;1.38:-9.18,1.367273:-9.181909;1.347469:-9.178734;1.325989:-9.177347;1.296091:-9.190725;1.269377:-9.18678;1.252345:-9.175196;1.230269:-9.158909;1.190165:-9.182994;1.180313:-9.193687;1.141437:-9.175632;1.127842:-9.160988;1.079761:-9.158746
sigma3_hotel_seed42,tril,HOTEL:biwi_hotel:96:4050,HOTEL,biwi_hotel,biwi_hotel:96,4050,3,3.4687345027923584,6.366863250732422,1.0547511577606201,1.071808934211731,0.4081360101699829,0.6654820442199707,1.75,1.86:2.07;1.8:1.7;1.81:1.32;1.85:0.94;1.84:0.48;1.86:0.01;1.9:-0.5;1.86:-0.92,1.9:-1.47;1.92:-1.94;1.87:-2.41;1.95:-2.91;1.99:-3.4;1.96:-3.89;2.07:-4.38;2.12:-4.88;2.16:-5.35;2.35:-5.82;2.45:-6.3;2.51:-6.75,1.738073:-0.935316;1.558397:-0.9609139;1.404752:-0.896129;1.287797:-0.9411262;1.07422:-0.9740834;0.9159238:-0.8968009;0.7226607:-0.6752138;0.5465655:-0.9817857;0.3211557:-0.9882503;0.07506847:-0.9537262;-0.08230448:-0.8823898;-0.2538522:-1.014316
sigma3_hotel_seed42,tril,HOTEL:biwi_hotel:97:4050,HOTEL,biwi_hotel,biwi_hotel:97,4050,3,3.3632404804229736,6.276081085205078,1.4519383907318115,1.1025489568710327,0.5394712686538696,0.3561449348926544,1.25,1.31:1.45;1.24:1.04;1.16:0.67;1.06:0.21;1.03:-0.23;1.03:-0.59;1.04:-1.03;1.01:-1.61,1.05:-2.07;1.1:-2.52;1.17:-2.99;1.24:-3.42;1.32:-4.01;1.33:-4.47;1.43:-4.96;1.45:-5.4;1.49:-5.88;1.66:-6.36;1.86:-6.8;1.95:-7.26,0.946471:-1.633665;0.7582582:-1.709744;0.6124231:-1.563516;0.5553246:-1.697869;0.268347:-1.743147;0.1051345:-1.611303;-0.1284704:-1.293507;-0.3241191:-1.827458;-0.6099955:-1.829252;-0.955057:-1.774705;-1.098579:-1.64106;-1.311406:-1.897871
sigma3_hotel_seed42,tril,HOTEL:biwi_hotel:101:4060,HOTEL,biwi_hotel,biwi_hotel:101,4060,3,0.0596265010535717,0.14100611209869385,0.02500000037252903,0.008622190915048122,0.0251480583101511,0.7853981852531433,1.0,1.37:-8.31;1.37:-8.31;1.37:-8.31;1.37:-8.31;1.37:-8.31;1.37:-8.31;1.38:-8.32;1.39:-8.32,1.39:-8.32;1.39:-8.32;1.39:-8.32;1.39:-8.32;1.39:-8.32;1.39:-8.32;1.39:-8.32;1.39:-8.32;1.39:-8.32;1.39:-8.32;1.39:-8.32;1.39:-8.32,1.395657:-8.320833;1.401832:-8.32021;1.406476:-8.323279;1.417383:-8.320533;1.42472:-8.329688;1.435273:-8.324204;1.448179:-8.327463;1.455267:-8.330043;1.474866:-8.325958;1.49119:-8.331364;1.508361:-8.337629;1.528556:-8.346169
sigma3_hotel_seed42,tril,HOTEL:biwi_hotel:102:4060,HOTEL,biwi_hotel,biwi_hotel:102,4060,3,0.1463356912136078,0.3009277880191803,0.0,0.0,0.0,0.0,1.0,1.38:-9.18;1.38:-9.18;1.38:-9.18;1.38:-9.18;1.38:-9.18;1.38:-9.18;1.38:-9.18;1.38:-9.18,1.38:-9.18;1.38:-9.18;1.38:-9.18;1.38:-9.18;1.38:-9.18;1.38:-9.18;1.38:-9.18;1.38:-9.18;1.38:-9.18;1.38:-9.18;1.38:-9.18;1.38:-9.18,1.367274:-9.181909;1.347474:-9.178734;1.325997:-9.17735;1.296106:-9.19072;1.269395:-9.18678;1.252367:-9.175198;1.230294:-9.158915;1.190198:-9.182995;1.180352:-9.193681;1.141486:-9.175633;1.127893:-9.160994;1.079823:-9.158756
sigma3_hotel_seed42,tril,HOTEL:biwi_hotel:96:4060,HOTEL,biwi_hotel,biwi_hotel:96,4060,3,3.06437611579895,5.585176467895508,1.378631591796875,1.1348872184753418,0.4934825599193573,0.6459607481956482,1.75,1.8:1.7;1.81:1.32;1.85:0.94;1.84:0.48;1.86:0.01;1.9:-0.5;1.86:-0.92;1.9:-1.47,1.92:-1.94;1.87:-2.41;1.95:-2.91;1.99:-3.4;1.96:-3.89;2.07:-4.38;2.12:-4.88;2.16:-5.35;2.35:-5.82;2.45:-6.3;2.51:-6.75;2.68:-7.2,2.008111:-1.500258;1.986281:-1.583166;2.00173:-1.435376;2.092825:-1.601595;1.950677:-1.63852;1.927866:-1.500796;1.842601:-1.191247;1.772938:-1.737331;1.625873:-1.763456;1.404341:-1.694947;1.388187:-1.552344;1.265988:-1.796782
sigma3_hotel_seed42,tril,HOTEL:biwi_hotel:97:4060,HOTEL,biwi_hotel,biwi_hotel:97,4060,3,3.0090866088867188,5.584182262420654,1.1543396711349487,1.1189072132110596,0.6412352323532104,0.4507242441177368,1.375,1.24:1.04;1.16:0.67;1.06:0.21;1.03:-0.23;1.03:-0.59;1.04:-1.03;1.01:-1.61;1.05:-2.07,1.1:-2.52;1.17:-2.99;1.24:-3.42;1.32:-4.01;1.33:-4.47;1.43:-4.96;1.45:-5.4;1.49:-5.88;1.66:-6.36;1.86:-6.8;1.95:-7.26;2.17:-7.81,1.196408:-2.10056;1.23072:-2.169698;1.299738:-2.045709;1.423804:-2.195465;1.348179:-2.227284;1.374686:-2.09945;1.35347:-1.827845;1.327647:-2.303731;1.245785:-2.339201;1.099839:-2.268038;1.115721:-2.143365;1.036452:-2.342079
sigma3_hotel_seed42,tril,HOTEL:biwi_hotel:101:4070,HOTEL,biwi_hotel,biwi_hotel:101,4070,3,0.08723940700292587,0.1749497652053833,0.0,0.008622190915048122,0.03556472435593605,0.7853981852531433,1.0,1.37:-8.31;1.37:-8.31;1.37:-8.31;1.37:-8.31;1.37:-8.31;1.38:-8.32;1.39:-8.32;1.39:-8.32,1.39:-8.32;1.39:-8.32;1.39:-8.32;1.39:-8.32;1.39:-8.32;1.39:-8.32;1.39:-8.32;1.39:-8.32;1.39:-8.32;1.39:-8.32;1.39:-8.32;1.39:-8.32,1.382457:-8.32145;1.370883:-8.319771;1.356425:-8.319311;1.338608:-8.327649;1.321559:-8.328179;1.311997:-8.318272;1.299352:-8.307132;1.273685:-8.325869;1.272518:-8.332065;1.249043:-8.321754;1.244599:-8.31353;1.215107:-8.315558
sigma3_hotel_seed42,tril,HOTEL:biwi_hotel:102:4070,HOTEL,biwi_hotel,biwi_hotel:102,4070,3,0.14882351458072662,0.3308458924293518,0.0,0.0,0.0,0.0,1.0,1.38:-9.18;1.38:-9.18;1.38:-9.18;1.38:-9.18;1.38:-9.18;1.38:-9.18;1.38:-9.18;1.38:-9.18,1.38:-9.18;1.38:-9.18;1.38:-9.18;1.38:-9.18;1.38:-9.18;1.38:-9.18;1.38:-9.18;1.38:-9.18;1.38:-9.18;1.38:-9.18;1.38:-9.18;1.41:-9.18,1.367274:-9.181909;1.347476:-9.178734;1.325999:-9.17735;1.29611:-9.19072;1.2694:-9.18678;1.252373:-9.175198;1.230301:-9.158915;1.190207:-9.182996;1.180361:-9.193681;1.141496:-9.175634;1.127905:-9.160995;1.079837:-9.158758
sigma3_hotel_seed42,tril,HOTEL:biwi_hotel:96:4070,HOTEL,biwi_hotel,biwi_hotel:96,4070,3,3.0512545108795166,5.446589469909668,1.1760632991790771,1.1671350002288818,0.5481306314468384,0.5974653959274292,1.75,1.81:1.32;1.85:0.94;1.84:0.48;1.86:0.01;1.9:-0.5;1.86:-0.92;1.9:-1.47;1.92:-1.94,1.87:-2.41;1.95:-2.91;1.99:-3.4;1.96:-3.89;2.07:-4.38;2.12:-4.88;2.16:-5.35;2.35:-5.82;2.45:-6.3;2.51:-6.75;2.68:-7.2;2.69:-7.62,2.082466:-1.971164;2.124532:-2.040361;2.203859:-1.914344;2.337238:-2.067486;2.271014:-2.099797;2.308679:-1.971206;2.295908:-1.702731;2.278847:-2.177961;2.209201:-2.214767;2.069967:-2.143216;2.096435:-2.017509;2.022425:-2.214476
sigma3_hotel_seed42,tril,HOTEL:biwi_hotel:97:4070,HOTEL,biwi_hotel,biwi_hotel:97,4070,3,3.115366220474243,5.7847208976745605,1.1319231986999512,1.1454142332077026,0.5599296689033508,0.47352078557014465,1.375,1.16:0.67;1.06:0.21;1.03:-0.23;1.03:-0.59;1.04:-1.03;1.01:-1.61;1.05:-2.07;1.1:-2.52,1.17:-2.99;1.24:-3.42;1.32:-4.01;1.33:-4.47;1.43:-4.96;1.45:-5.4;1.49:-5.88;1.66:-6.36;1.86:-6.8;1.95:-7.26;2.17:-7.81;2.32:-8.25,1.171021:-2.547039;1.155492:-2.601999;1.17283:-2.499819;1.236827:-2.618858;1.131783:-2.648328;1.111921:-2.533682;1.05649:-2.282469;0.9923629:-2.699324;0.874445:-2.730022;0.718256:-2.664949;0.6836089:-2.559314;0.5890009:-2.730341
sigma3_hotel_seed42,tril,HOTEL:biwi_hotel:104:4430,HOTEL,biwi_hotel,biwi_hotel:104,4430,3,0.025619402527809143,0.06634150445461273,0.0,0.0071428571827709675,0.0416666679084301,0.0,2.625,1.34:-9.22;1.34:-9.22;1.34:-9.22;1.34:-9.22;1.34:-9.22;1.34:-9.2;1.34:-9.2;1.34:-9.2,1.34:-9.22;1.34:-9.22;1.34:-9.22;1.34:-9.22;1.34:-9.22;1.34:-9.22;1.34:-9.22;1.34:-9.22;1.34:-9.2;1.32:-9.2;1.3:-9.18;1.29:-9.16,1.338371:-9.200271;1.33719:-9.201009;1.331396:-9.202286;1.329662:-9.200277;1.323824:-9.207964;1.325316:-9.202217;1.32271:-9.201208;1.316822:-9.208773;1.328414:-9.206494;1.325948:-9.207088;1.332164:-9.208668;1.326695:-9.215269
sigma3_hotel_seed42,tril,HOTEL:biwi_hotel:105:4430,HOTEL,biwi_hotel,biwi_hotel:105,4430,3,0.11848912388086319,0.24044214189052582,0.0,0.0,0.0,0.0,2.5,1.37:-8.27;1.37:-8.27;1.37:-8.27;1.37:-8.27;1.37:-8.27;1.37:-8.27;1.37:-8.27;1.37:-8.27,1.37:-8.27;1.37:-8.27;1.37:-8.27;1.37:-8.27;1.37:-8.27;1.37:-8.27;1.37:-8.27;1.37:-8.27;1.37:-8.27;1.37:-8.27;1.37:-8.27;1.37:-8.27,1.358908:-8.271658;1.343402:-8.268976;1.324869:-8.269099;1.301989:-8.276217;1.278311:-8.276313;1.265429:-8.266435;1.246833:-8.254376;1.214336:-8.27404;1.209661:-8.278948;1.178851:-8.266165;1.168551:-8.255443;1.129947:-8.256331
sigma3_hotel_seed42,tril,HOTEL:biwi_hotel:106:4430,HOTEL,biwi_hotel,biwi_hotel:106,4430,3,1.590062141418457,2.980064630508423,0.5884301066398621,0.5425034165382385,0.4457932114601135,1.2328131198883057,3.0,2.59:-9.52;2.62:-9.36;2.61:-9.17;2.53:-8.93;2.48:-8.74;2.49:-8.47;2.51:-8.26;2.46:-8.03,2.35:-7.78;2.3:-7.57;2.29:-7.32;2.29:-7.11;2.19:-6.82;2.05:-6.54;2.1:-6.27;2.15:-6.07;2.11:-5.76;2.03:-5.49;2.04:-5.28;2.1:-5.03,2.408832:-8.041972;2.343384:-8.037323;2.27364:-8.042522;2.211192:-8.035899;2.174579:-8.032599;2.104614:-8.006398;2.034206:-7.89043;1.991606:-7.993532;1.906872:-8.007465;1.847622:-8.011263;1.78758:-7.962651;1.733877:-7.987489
sigma3_hotel_seed42,tril,HOTEL:biwi_hotel:107:4430,HOTEL,biwi_hotel,biwi_hotel:107,4430,3,1.5572280883789062,2.9886794090270996,0.8403868079185486,0.550604522228241,0.5432369709014893,0.7119187712669373,2.125,3.28:-9.49;3.3:-9.35;3.3:-9.16;3.28:-8.91;3.25:-8.71;3.23:-8.45;3.22:-8.29;3.09:-7.98,3.13:-7.79;3.12:-7.59;3.01:-7.33;2.96:-7.11;2.86:-6.81;2.8:-6.56;2.78:-6.34;2.81:-6.18;2.74:-5.89;2.68:-5.64;2.71:-5.34;2.7:-5.13,3.00567:-7.995904;2.884861:-7.999069;2.788065:-7.97561;2.710683:-7.992507;2.605257:-8.000401;2.493168:-7.956297;2.378082:-7.799632;2.27633:-7.979344;2.118557:-7.997664;2.002283:-7.978045;1.882246:-7.927372;1.793673:-7.977942
sigma3_hotel_seed42,tril,HOTEL:biwi_hotel:104:4440,HOTEL,biwi_hotel,biwi_hotel:104,4440,3,0.07986370474100113,0.2251504361629486,0.05000000074505806,0.014285714365541935,0.0625,3.1415927410125732,2.5,1.34:-9.22;1.34:-9.22;1.34:-9.22;1.34:-9.22;1.34:-9.2;1.34:-9.2;1.34:-9.2;1.34:-9.22,1.34:-9.22;1.34:-9.22;1.34:-9.22;1.34:-9.22;1.34:-9.22;1.34:-9.22;1.34:-9.22;1.34:-9.2;1.32:-9.2;1.3:-9.18;1.29:-9.16;1.27:-9.16,1.34737:-9.220041;1.3494:-9.222638;1.356173:-9.219341;1.368988:-9.227786;1.379605:-9.230615;1.386491:-9.224437;1.399884:-9.229562;1.406843:-9.232571;1.419264:-9.238614;1.441486:-9.239824;1.455852:-9.246496;1.477555:-9.247255
sigma3_hotel_seed42,tril,HOTEL:biwi_hotel:105:4440,HOTEL,biwi_hotel,biwi_hotel:105,4440,3,0.11948451399803162,0.2422793209552765,0.0,0.0,0.0,0.0,2.625,1.37:-8.27;1.37:-8.27;1.37:-8.27;1.37:-8.27;1.37:-8.27;1.37:-8.27;1.37:-8.27;1.37:-8.27,1.37:-8.27;1.37:-8.27;1.37:-8.27;1.37:-8.27;1.37:-8.27;1.37:-8.27;1.37:-8.27;1.37:-8.27;1.37:-8.27;1.37:-8.27;1.37:-8.27;1.37:-8.27,1.358645:-8.27171;1.343123:-8.269018;1.324431:-8.269215;1.301503:-8.276461;1.277776:-8.276464;1.264478:-8.266459;1.245885:-8.253956;1.213204:-8.274207;1.2081:-8.279171;1.177206:-8.266505;1.166743:-8.25563;1.128082:-8.256782
sigma3_hotel_seed42,tril,HOTEL:biwi_hotel:106:4440,HOTEL,biwi_hotel,biwi_hotel:106,4440,3,1.6453534364700317,3.092224359512329,0.6828250288963318,0.5819112062454224,0.4595906734466553,1.1953283548355103,3.0,2.62:-9.36;2.61:-9.17;2.53:-8.93;2.48:-8.74;2.49:-8.47;2.51:-8.26;2.46:-8.03;2.35:-7.78,2.3:-7.57;2.29:-7.32;2.29:-7.11;2.19:-6.82;2.05:-6.54;2.1:-6.27;2.15:-6.07;2.11:-5.76;2.03:-5.49;2.04:-5.28;2.1:-5.03;2.12:-4.83,2.259823:-7.791353;2.162059:-7.790447;2.060073:-7.789208;1.966372:-7.784323;1.885589:-7.790668;1.780661:-7.759167;1.674567:-7.617651;1.590138:-7.758612;1.463207:-7.773193;1.35557:-7.772848;1.259169:-7.728372;1.168121:-7.77207
sigma3_hotel_seed42,tril,HOTEL:biwi_hotel:107:4440,HOTEL,biwi_hotel,biwi_hotel:107,4440,3,1.654935359954834,3.022489547729492,0.48541221022605896,0.5694414377212524,0.7038983106613159,1.1745973825454712,2.125,3.3:-9.35;3.3:-9.16;3.28:-8.91;3.25:-8.71;3.23:-8.45;3.22:-8.29;3.09:-7.98;3.13:-7.79,3.12:-7.59;3.01:-7.33;2.96:-7.11;2.86:-6.81;2.8:-6.56;2.78:-6.34;2.81:-6.18;2.74:-5.89;2.68:-5.64;2.71:-5.34;2.7:-5.13;2.71:-4.91,3.182031:-7.805242;3.213005:-7.809207;3.253038:-7.794027;3.306425:-7.817206;3.34833:-7.827761;3.366956:-7.777282;3.410125:-7.683179;3.450128:-7.78804;3.451708:-7.814212;3.489289:-7.808143;3.507962:-7.781881;3.548434:-7.813872
sigma3_hotel_seed42,tril,HOTEL:biwi_hotel:104:4450,HOTEL,biwi_hotel,biwi_hotel:104,4450,3,0.047270145267248154,0.177388995885849,0.0,0.014285714365541935,0.0833333358168602,3.1415927410125732,2.375,1.34:-9.22;1.34:-9.22;1.34:-9.22;1.34:-9.2;1.34:-9.2;1.34:-9.2;1.34:-9.22;1.34:-9.22,1.34:-9.22;1.34:-9.22;1.34:-9.22;1.34:-9.22;1.34:-9.22;1.34:-9.22;1.34:-9.2;1.32:-9.2;1.3:-9.18;1.29:-9.16;1.27:-9.16;1.21:-9.24,1.337374:-9.21974;1.334312:-9.218912;1.333629:-9.221858;1.33714:-9.219245;1.337002:-9.224109;1.341908:-9.221889;1.345942:-9.229347;1.343238:-9.226394;1.355289:-9.224525;1.368503:-9.224381;1.375101:-9.230279;1.387101:-9.229892
sigma3_hotel_seed42,tril,HOTEL:biwi_hotel:105:4450,HOTEL,biwi_hotel,biwi_hotel:105,4450,3,0.10755812376737595,0.2185019701719284,0.0,0.0,0.0,0.0,2.75,1.37:-8.27;1.37:-8.27;1.37:-8.27;1.37:-8.27;1.37:-8.27;1.37:-8.27;1.37:-8.27;1.37:-8.27,1.37:-8.27;1.37:-8.27;1.37:-8.27;1.37:-8.27;1.37:-8.27;1.37:-8.27;1.37:-8.27;1.37:-8.27;1.37:-8.27;1.37:-8.27;1.37:-8.27;1.37:-8.27,1.360695:-8.271279;1.346012:-8.26895;1.329008:-8.268633;1.308032:-8.274375;1.285288:-8.275455;1.2752:-8.266521;1.257324:-8.257766;1.22737:-8.273564;1.225584:-8.277351;1.19711:-8.264883;1.188239:-8.255706;1.151969:-8.255657
sigma3_hotel_seed42,tril,HOTEL:biwi_hotel:106:4450,HOTEL,biwi_hotel,biwi_hotel:106,4450,3,1.6506117582321167,3.0385563373565674,0.5396758317947388,0.5910567045211792,0.44509878754615784,1.1069245338439941,3.0,2.61:-9.17;2.53:-8.93;2.48:-8.74;2.49:-8.47;2.51:-8.26;2.46:-8.03;2.35:-7.78;2.3:-7.57,2.29:-7.32;2.29:-7.11;2.19:-6.82;2.05:-6.54;2.1:-6.27;2.15:-6.07;2.11:-5.76;2.03:-5.49;2.04:-5.28;2.1:-5.03;2.12:-4.83;2.03:-4.55,2.218261:-7.577469;2.130907:-7.568195;2.028983:-7.583733;1.929885:-7.557261;1.876485:-7.556967;1.786996:-7.535943;1.69241:-7.432681;1.634016:-7.507158;1.544976:-7.512062;1.467839:-7.528418;1.394927:-7.484818;1.319947:-7.504429
sigma3_hotel_seed42,tril,HOTEL:biwi_hotel:107:4450,HOTEL,biwi_hotel,biwi_hotel:107,4450,3,1.5863279104232788,2.8315112590789795,0.5006245970726013,0.5731021165847778,0.6911323070526123,1.3522220849990845,2.25,3.3:-9.16;3.28:-8.91;3.25:-8.71;3.23:-8.45;3.22:-8.29;3.09:-7.98;3.13:-7.79;3.12:-7.59,3.01:-7.33;2.96:-7.11;2.86:-6.81;2.8:-6.56;2.78:-6.34;2.81:-6.18;2.74:-5.89;2.68:-5.64;2.71:-5.34;2.7:-5.13;2.71:-4.91;2.69:-4.74,3.105531:-7.601366;3.073282:-7.596714;3.038934:-7.599261;3.016245:-7.597036;3.023619:-7.595288;2.988962:-7.570167;2.964745:-7.477964;2.969973:-7.550558;2.927667:-7.5653;2.918697:-7.577267;2.904428:-7.541691;2.907734:-7.563127
sigma3_hotel_seed42,tril,HOTEL:biwi_hotel:104:4460,HOTEL,biwi_hotel,biwi_hotel:104,4460,3,0.04734833166003227,0.16416554152965546,0.0,0.014285714365541935,0.0833333358168602,3.1415927410125732,2.125,1.34:-9.22;1.34:-9.22;1.34:-9.2;1.34:-9.2;1.34:-9.2;1.34:-9.22;1.34:-9.22;1.34:-9.22,1.34:-9.22;1.34:-9.22;1.34:-9.22;1.34:-9.22;1.34:-9.22;1.34:-9.2;1.32:-9.2;1.3:-9.18;1.29:-9.16;1.27:-9.16;1.21:-9.24;1.14:-9.23,1.339713:-9.21926;1.334357:-9.219785;1.328588:-9.21864;1.32489:-9.216126;1.313865:-9.223031;1.318753:-9.219428;1.311607:-9.22689;1.302551:-9.224605;1.316258:-9.22128;1.310751:-9.216294;1.314086:-9.218077;1.303714:-9.217833
sigma3_hotel_seed42,tril,HOTEL:biwi_hotel:105:4460,HOTEL,biwi_hotel,biwi_hotel:105,4460,3,0.10842215269804001,0.21959568560123444,0.0,0.0,0.0,0.0,2.875,1.37:-8.27;1.37:-8.27;1.37:-8.27;1.37:-8.27;1.37:-8.27;1.37:-8.27;1.37:-8.27;1.37:-8.27,1.37:-8.27;1.37:-8.27;1.37:-8.27;1.37:-8.27;1.37:-8.27;1.37:-8.27;1.37:-8.27;1.37:-8.27;1.37:-8.27;1.37:-8.27;1.37:-8.27;1.37:-8.27,1.36019:-8.271311;1.345612:-8.269086;1.328384:-8.26895;1.30769:-8.274483;1.284926:-8.275595;1.274228:-8.26663;1.256317:-8.257466;1.226452:-8.273936;1.224056:-8.277471;1.195937:-8.265548;1.186759:-8.256351;1.150799:-8.256834
sigma3_hotel_seed42,tril,HOTEL:biwi_hotel:106:4460,HOTEL,biwi_hotel,biwi_hotel:106,4460,3,1.6498337984085083,2.9786465167999268,0.6254997849464417,0.5900630354881287,0.4432852566242218,1.2362622022628784,3.0,2.53:-8.93;2.48:-8.74;2.49:-8.47;2.51:-8.26;2.46:-8.03;2.35:-7.78;2.3:-7.57;2.29:-7.32,2.29:-7.11;2.19:-6.82;2.05:-6.54;2.1:-6.27;2.15:-6.07;2.11:-5.76;2.03:-5.49;2.04:-5.28;2.1:-5.03;2.12:-4.83;2.03:-4.55;1.98:-4.34,2.288814:-7.340493;2.250639:-7.344056;2.234357:-7.325463;2.232643:-7.357965;2.212301:-7.35241;2.172714:-7.312788;2.13811:-7.17052;2.110945:-7.333422;2.024561:-7.364351;1.986277:-7.338941;1.938427:-7.282257;1.915721:-7.317953
sigma3_hotel_seed42,tril,HOTEL:biwi_hotel:107:4460,HOTEL,biwi_hotel,biwi_hotel:107,4460,3,1.588377833366394,2.9229791164398193,0.7057797312736511,0.5843568444252014,0.7594956755638123,1.6334443092346191,2.375,3.28:-8.91;3.25:-8.71;3.23:-8.45;3.22:-8.29;3.09:-7.98;3.13:-7.79;3.12:-7.59;3.01:-7.33,2.96:-7.11;2.86:-6.81;2.8:-6.56;2.78:-6.34;2.81:-6.18;2.74:-5.89;2.68:-5.64;2.71:-5.34;2.7:-5.13;2.71:-4.91;2.69:-4.74;2.68:-4.5,2.949725:-7.346117;2.874488:-7.350401;2.804909:-7.337965;2.745198:-7.355183;2.678283:-7.361034;2.593653:-7.323493;2.511211:-7.164087;2.438104:-7.34148;2.315215:-7.367428;2.21753:-7.351551;2.134244:-7.303748;2.059461:-7.35635
sigma3_hotel_seed42,tril,HOTEL:biwi_hotel:104:4470,HOTEL,biwi_hotel,biwi_hotel:104,4470,3,0.06499861925840378,0.2050488144159317,0.0,0.014285714365541935,0.0625,3.1415927410125732,1.875,1.34:-9.22;1.34:-9.2;1.34:-9.2;1.34:-9.2;1.34:-9.22;1.34:-9.22;1.34:-9.22;1.34:-9.22,1.34:-9.22;1.34:-9.22;1.34:-9.22;1.34:-9.22;1.34:-9.2;1.32:-9.2;1.3:-9.18;1.29:-9.16;1.27:-9.16;1.21:-9.24;1.14:-9.23;1.11:-9.23,1.341763:-9.219544;1.336046:-9.219184;1.331858:-9.217516;1.327095:-9.218498;1.318148:-9.223699;1.324376:-9.219201;1.319679:-9.225896;1.309873:-9.223742;1.324227:-9.223561;1.318543:-9.216146;1.323799:-9.217076;1.314494:-9.214931
sigma3_hotel_seed42,tril,HOTEL:biwi_hotel:105:4470,HOTEL,biwi_hotel,biwi_hotel:105,4470,3,0.1177448108792305,0.23736070096492767,0.0,0.0,0.0,0.0,3.0,1.37:-8.27;1.37:-8.27;1.37:-8.27;1.37:-8.27;1.37:-8.27;1.37:-8.27;1.37:-8.27;1.37:-8.27,1.37:-8.27;1.37:-8.27;1.37:-8.27;1.37:-8.27;1.37:-8.27;1.37:-8.27;1.37:-8.27;1.37:-8.27;1.37:-8.27;1.37:-8.27;1.37:-8.27;1.37:-8.27,1.358148:-8.271526;1.342937:-8.269361;1.324306:-8.269601;1.303016:-8.27555;1.279208:-8.276046;1.265679:-8.266588;1.246856:-8.25523;1.21542:-8.274779;1.209997:-8.278387;1.181054:-8.267035;1.170027:-8.256867;1.132917:-8.258516
sigma3_hotel_seed42,tril,HOTEL:biwi_hotel:106:4470,HOTEL,biwi_hotel,biwi_hotel:106,4470,3,1.739052653312683,3.0510900020599365,0.5249999761581421,0.594895601272583,0.38206762075424194,0.9818970561027527,3.0,2.48:-8.74;2.49:-8.47;2.51:-8.26;2.46:-8.03;2.35:-7.78;2.3:-7.57;2.29:-7.32;2.29:-7.11,2.19:-6.82;2.05:-6.54;2.1:-6.27;2.15:-6.07;2.11:-5.76;2.03:-5.49;2.04:-5.28;2.1:-5.03;2.12:-4.83;2.03:-4.55;1.98:-4.34;2.02:-4.14,2.335267:-7.125107;2.358221:-7.128644;2.390484:-7.11431;2.436188:-7.137503;2.474336:-7.144771;2.486176:-7.096792;2.5216:-7.000585;2.557257:-7.105813;2.550182:-7.131917;2.582282:-7.126892;2.596494:-7.097336;2.634064:-7.128658
sigma3_hotel_seed42,tril,HOTEL:biwi_hotel:107:4470,HOTEL,biwi_hotel,biwi_hotel:107,4470,3,1.587220549583435,2.8966550827026367,0.5640257000923157,0.5927042365074158,0.7712492346763611,1.7380902767181396,2.5,3.25:-8.71;3.23:-8.45;3.22:-8.29;3.09:-7.98;3.13:-7.79;3.12:-7.59;3.01:-7.33;2.96:-7.11,2.86:-6.81;2.8:-6.56;2.78:-6.34;2.81:-6.18;2.74:-5.89;2.68:-5.64;2.71:-5.34;2.7:-5.13;2.71:-4.91;2.69:-4.74;2.68:-4.5;2.65:-4.24,2.876227:-7.11783;2.783013:-7.108712;2.678705:-7.121744;2.577327:-7.096912;2.517606:-7.098331;2.425862:-7.075591;2.327245:-6.970022;2.26331:-7.049409;2.169803:-7.054533;2.087099:-7.068349;2.009583:-7.025002;1.931405:-7.046106
sigma3_hotel_seed42,tril,HOTEL:biwi_hotel:104:4480,HOTEL,biwi_hotel,biwi_hotel:104,4480,3,0.060057464987039566,0.1382148265838623,0.0,0.0071428571827709675,0.0416666679084301,0.0,1.625,1.34:-9.2;1.34:-9.2;1.34:-9.2;1.34:-9.22;1.34:-9.22;1.34:-9.22;1.34:-9.22;1.34:-9.22,1.34:-9.22;1.34:-9.22;1.34:-9.22;1.34:-9.2;1.32:-9.2;1.3:-9.18;1.29:-9.16;1.27:-9.16;1.21:-9.24;1.14:-9.23;1.11:-9.23;1.09:-9.23,1.335541:-9.220785;1.323322:-9.217482;1.314748:-9.216718;1.301255:-9.225554;1.287563:-9.223951;1.285102:-9.216667;1.278172:-9.21484;1.255291:-9.222222;1.25824:-9.227809;1.243855:-9.213984;1.24262:-9.208046;1.225733:-9.203926
sigma3_hotel_seed42,tril,HOTEL:biwi_hotel:105:4480,HOTEL,biwi_hotel,biwi_hotel:105,4480,3,0.12259823083877563,0.2483130842447281,0.0,0.0,0.0,0.0,2.875,1.37:-8.27;1.37:-8.27;1.37:-8.27;1.37:-8.27;1.37:-8.27;1.37:-8.27;1.37:-8.27;1.37:-8.27,1.37:-8.27;1.37:-8.27;1.37:-8.27;1.37:-8.27;1.37:-8.27;1.37:-8.27;1.37:-8.27;1.37:-8.27;1.37:-8.27;1.37:-8.27;1.37:-8.27;1.37:-8.27,1.35805:-8.271724;1.342224:-8.269116;1.323082:-8.269332;1.299893:-8.276731;1.275787:-8.276491;1.261684:-8.266418;1.242646:-8.253468;1.209468:-8.274399;1.203467:-8.279456;1.172294:-8.266857;1.161198:-8.255718;1.122028:-8.256997
sigma3_hotel_seed42,tril,HOTEL:biwi_hotel:106:4480,HOTEL,biwi_hotel,biwi_hotel:106,4480,3,1.7015680074691772,3.0389316082000732,0.7668930888175964,0.6079570651054382,0.4521039128303528,1.256024956703186,2.875,2.49:-8.47;2.51:-8.26;2.46:-8.03;2.35:-7.78;2.3:-7.57;2.29:-7.32;2.29:-7.11;2.19:-6.82,2.05:-6.54;2.1:-6.27;2.15:-6.07;2.11:-5.76;2.03:-5.49;2.04:-5.28;2.1:-5.03;2.12:-4.83;2.03:-4.55;1.98:-4.34;2.02:-4.14;2.05:-3.98,2.112048:-6.836453;1.997123:-6.839709;1.906707:-6.816331;1.836193:-6.834732;1.737372:-6.841383;1.629909:-6.797534;1.521022:-6.642162;1.42507:-6.820803;1.271514:-6.840231;1.162615:-6.820354;1.046771:-6.769319;0.9637448:-6.818161
sigma3_hotel_seed42,tril,HOTEL:biwi_hotel:107:4480,HOTEL,biwi_hotel,biwi_hotel:107,4480,3,1.6457690000534058,3.0674760341644287,0.7905694246292114,0.6125112771987915,0.7648336887359619,1.8220112323760986,2.25,3.23:-8.45;3.22:-8.29;3.09:-7.98;3.13:-7.79;3.12:-7.59;3.01:-7.33;2.96:-7.11;2.86:-6.81,2.8:-6.56;2.78:-6.34;2.81:-6.18;2.74:-5.89;2.68:-5.64;2.71:-5.34;2.7:-5.13;2.71:-4.91;2.69:-4.74;2.68:-4.5;2.65:-4.24;2.65:-4.07,2.755579:-6.825262;2.623284:-6.831719;2.510512:-6.805364;2.414377:-6.824408;2.285603:-6.839013;2.158683:-6.792213;2.025757:-6.615335;1.901221:-6.823466;1.724493:-6.843422;1.574174:-6.820021;1.441173:-6.771336;1.329135:-6.838524
sigma3_hotel_seed42,tril,HOTEL:biwi_hotel:104:4490,HOTEL,biwi_hotel,biwi_hotel:104,4490,3,0.046052735298871994,0.034481171518564224,0.0,0.0071428571827709675,0.0416666679084301,0.0,1.5,1.34:-9.2;1.34:-9.2;1.34:-9.22;1.34:-9.22;1.34:-9.22;1.34:-9.22;1.34:-9.22;1.34:-9.22,1.34:-9.22;1.34:-9.22;1.34:-9.2;1.32:-9.2;1.3:-9.18;1.29:-9.16;1.27:-9.16;1.21:-9.24;1.14:-9.23;1.11:-9.23;1.09:-9.23;1.13:-9.19,1.331486:-9.22179;1.313922:-9.218032;1.296771:-9.21659;1.267681:-9.233197;1.248015:-9.227888;1.236125:-9.216393;1.22036:-9.200801;1.184089:-9.222116;1.17901:-9.236976;1.144606:-9.217604;1.137769:-9.204317;1.096937:-9.199786
sigma3_hotel_seed42,tril,HOTEL:biwi_hotel:105:4490,HOTEL,biwi_hotel,biwi_hotel:105,4490,3,0.1310085654258728,0.2668028473854065,0.0,0.0,0.0,0.0,2.75,1.37:-8.27;1.37:-8.27;1.37:-8.27;1.37:-8.27;1.37:-8.27;1.37:-8.27;1.37:-8.27;1.37:-8.27,1.37:-8.27;1.37:-8.27;1.37:-8.27;1.37:-8.27;1.37:-8.27;1.37:-8.27;1.37:-8.27;1.37:-8.27;1.37:-8.27;1.37:-8.27;1.37:-8.27;1.37:-8.27,1.357704:-8.271758;1.340472:-8.269048;1.32048:-8.268668;1.295033:-8.278137;1.270033:-8.276574;1.254806:-8.266022;1.23463:-8.251962;1.199118:-8.273993;1.191643:-8.281018;1.157941:-8.266616;1.145882:-8.254292;1.103658:-8.254331
sigma3_hotel_seed42,tril,HOTEL:biwi_hotel:106:4490,HOTEL,biwi_hotel,biwi_hotel:106,4490,3,1.8523122072219849,3.297583818435669,0.7826237678527832,0.6444211006164551,0.4192184507846832,1.0786006450653076,2.75,2.51:-8.26;2.46:-8.03;2.35:-7.78;2.3:-7.57;2.29:-7.32;2.29:-7.11;2.19:-6.82;2.05:-6.54,2.1:-6.27;2.15:-6.07;2.11:-5.76;2.03:-5.49;2.04:-5.28;2.1:-5.03;2.12:-4.83;2.03:-4.55;1.98:-4.34;2.02:-4.14;2.05:-3.98;1.97:-3.74,1.898999:-6.547588;1.741524:-6.545274;1.580373:-6.542703;1.430486:-6.523263;1.289905:-6.539546;1.132034:-6.505141;0.9683118:-6.358531;0.8308841:-6.503485;0.6553044:-6.507983;0.4951676:-6.514403;0.3456237:-6.4758;0.2064471:-6.526385
sigma3_hotel_seed42,tril,HOTEL:biwi_hotel:107:4490,HOTEL,biwi_hotel,biwi_hotel:107,4490,3,1.5350713729858398,2.824408531188965,0.6427479982376099,0.6470780372619629,0.631435215473175,1.5735561847686768,2.125,3.22:-8.29;3.09:-7.98;3.13:-7.79;3.12:-7.59;3.01:-7.33;2.96:-7.11;2.86:-6.81;2.8:-6.56,2.78:-6.34;2.81:-6.18;2.74:-5.89;2.68:-5.64;2.71:-5.34;2.7:-5.13;2.71:-4.91;2.69:-4.74;2.68:-4.5;2.65:-4.24;2.65:-4.07;2.58:-3.83,2.72775:-6.57234;2.645516:-6.570974;2.560205:-6.570355;2.482014:-6.568858;2.418806:-6.572045;2.329662:-6.54155;2.240154:-6.404446;2.171348:-6.539732;2.05968:-6.556709;1.968816:-6.554559;1.887664:-6.508536;1.811667:-6.547894
sigma3_hotel_seed42,tril,HOTEL:biwi_hotel:104:4500,HOTEL,biwi_hotel,biwi_hotel:104,4500,3,0.05718204006552696,0.11624956130981445,0.0,0.0071428571827709675,0.02083333395421505,0.0,1.375,1.34:-9.2;1.34:-9.22;1.34:-9.22;1.34:-9.22;1.34:-9.22;1.34:-9.22;1.34:-9.22;1.34:-9.22,1.34:-9.22;1.34:-9.2;1.32:-9.2;1.3:-9.18;1.29:-9.16;1.27:-9.16;1.21:-9.24;1.14:-9.23;1.11:-9.23;1.09:-9.23;1.13:-9.19;1.2:-9.12,1.329233:-9.220796;1.314846:-9.220773;1.29825:-9.218972;1.280509:-9.227728;1.260404:-9.226473;1.246886:-9.217589;1.230108:-9.208059;1.202604:-9.226775;1.196034:-9.232893;1.173178:-9.222528;1.163673:-9.213838;1.131946:-9.214248
sigma3_hotel_seed42,tril,HOTEL:biwi_hotel:105:4500,HOTEL,biwi_hotel,biwi_hotel:105,4500,3,0.1358199268579483,0.277050256729126,0.0,0.0,0.0,0.0,2.5,1.37:-8.27;1.37:-8.27;1.37:-8.27;1.37:-8.27;1.37:-8.27;1.37:-8.27;1.37:-8.27;1.37:-8.27,1.37:-8.27;1.37:-8.27;1.37:-8.27;1.37:-8.27;1.37:-8.27;1.37:-8.27;1.37:-8.27;1.37:-8.27;1.37:-8.27;1.37:-8.27;1.37:-8.27;1.37:-8.27,1.357327:-8.271733;1.3393:-8.269092;1.318794:-8.268359;1.292447:-8.278708;1.266806:-8.276482;1.250803:-8.265785;1.229847:-8.25139;1.193213:-8.273895;1.184712:-8.281686;1.149992:-8.266536;1.137132:-8.253672;1.093465:-8.253106
sigma3_hotel_seed42,tril,HOTEL:biwi_hotel:106:4500,HOTEL,biwi_hotel,biwi_hotel:106,4500,3,1.5818425416946411,2.820080518722534,0.6864765286445618,0.6584277153015137,0.55152827501297,1.52491295337677,2.5,2.46:-8.03;2.35:-7.78;2.3:-7.57;2.29:-7.32;2.29:-7.11;2.19:-6.82;2.05:-6.54;2.1:-6.27,2.15:-6.07;2.11:-5.76;2.03:-5.49;2.04:-5.28;2.1:-5.03;2.12:-4.83;2.03:-4.55;1.98:-4.34;2.02:-4.14;2.05:-3.98;1.97:-3.74;1.85:-3.51,2.159642:-6.293593;2.186636:-6.303701;2.240879:-6.276281;2.303691:-6.324486;2.314201:-6.329214;2.32855:-6.267379;2.353699:-6.123034;2.352832:-6.31368;2.31334:-6.354402;2.314689:-6.30843;2.292498:-6.256309;2.28911:-6.295684
sigma3_hotel_seed42,tril,HOTEL:biwi_hotel:107:4500,HOTEL,biwi_hotel,biwi_hotel:107,4500,3,1.4868773221969604,2.7048985958099365,0.5522680282592773,0.6059182286262512,0.4667617976665497,1.113865613937378,2.0,3.09:-7.98;3.13:-7.79;3.12:-7.59;3.01:-7.33;2.96:-7.11;2.86:-6.81;2.8:-6.56;2.78:-6.34,2.81:-6.18;2.74:-5.89;2.68:-5.64;2.71:-5.34;2.7:-5.13;2.71:-4.91;2.69:-4.74;2.68:-4.5;2.65:-4.24;2.65:-4.07;2.58:-3.83;2.49:-3.6,2.752991:-6.353435;2.708324:-6.349082;2.662716:-6.35321;2.624187:-6.351964;2.609873:-6.346556;2.562104:-6.321404;2.514875:-6.210009;2.493422:-6.309;2.428468:-6.326197;2.392174:-6.326398;2.352471:-6.278298;2.32191:-6.299671
sigma3_hotel_seed42,tril,HOTEL:biwi_hotel:104:4510,HOTEL,biwi_hotel,biwi_hotel:104,4510,3,0.07650238275527954,0.32171180844306946,0.0,0.0,0.0,0.0,1.25,1.34:-9.22;1.34:-9.22;1.34:-9.22;1.34:-9.22;1.34:-9.22;1.34:-9.22;1.34:-9.22;1.34:-9.22,1.34:-9.2;1.32:-9.2;1.3:-9.18;1.29:-9.16;1.27:-9.16;1.21:-9.24;1.14:-9.23;1.11:-9.23;1.09:-9.23;1.13:-9.19;1.2:-9.12;1.36:-9.23,1.327273:-9.221909;1.307473:-9.218734;1.285995:-9.21735;1.256102:-9.23072;1.22939:-9.22678;1.212362:-9.215198;1.190288:-9.198914;1.15019:-9.222995;1.140343:-9.233682;1.101475:-9.215633;1.087881:-9.200993;1.039809:-9.198754
sigma3_hotel_seed42,tril,HOTEL:biwi_hotel:105:4510,HOTEL,biwi_hotel,biwi_hotel:105,4510,3,0.1463422030210495,0.3009418249130249,0.0,0.0,0.0,0.0,2.25,1.37:-8.27;1.37:-8.27;1.37:-8.27;1.37:-8.27;1.37:-8.27;1.37:-8.27;1.37:-8.27;1.37:-8.27,1.37:-8.27;1.37:-8.27;1.37:-8.27;1.37:-8.27;1.37:-8.27;1.37:-8.27;1.37:-8.27;1.37:-8.27;1.37:-8.27;1.37:-8.27;1.37:-8.27;1.37:-8.27,1.357273:-8.271909;1.337473:-8.268734;1.315995:-8.26735;1.286102:-8.28072;1.25939:-8.27678;1.242362:-8.265198;1.220288:-8.248914;1.18019:-8.272995;1.170343:-8.283682;1.131475:-8.265634;1.117881:-8.250993;1.069809:-8.248755
sigma3_hotel_seed42,tril,HOTEL:biwi_hotel:106:4510,HOTEL,biwi_hotel,biwi_hotel:106,4510,3,1.679654598236084,2.9867589473724365,0.5153881907463074,0.6345081925392151,0.5493292808532715,1.4060170650482178,2.25,2.35:-7.78;2.3:-7.57;2.29:-7.32;2.29:-7.11;2.19:-6.82;2.05:-6.54;2.1:-6.27;2.15:-6.07,2.11:-5.76;2.03:-5.49;2.04:-5.28;2.1:-5.03;2.12:-4.83;2.03:-4.55;1.98:-4.34;2.02:-4.14;2.05:-3.98;1.97:-3.74;1.85:-3.51;1.85:-3.31,2.223261:-6.082758;2.289103:-6.089372;2.35808:-6.078394;2.434714:-6.096052;2.500132:-6.113218;2.548686:-6.05983;2.62274:-5.977407;2.685192:-6.071799;2.721553:-6.097633;2.786605:-6.093337;2.82866:-6.077599;2.88963:-6.109982
sigma3_hotel_seed42,tril,HOTEL:biwi_hotel:107:4510,HOTEL,biwi_hotel,biwi_hotel:107,4510,3,1.6460100412368774,2.965137481689453,0.4069705009460449,0.5947123169898987,0.49500375986099243,1.1324187517166138,1.875,3.13:-7.79;3.12:-7.59;3.01:-7.33;2.96:-7.11;2.86:-6.81;2.8:-6.56;2.78:-6.34;2.81:-6.18,2.74:-5.89;2.68:-5.64;2.71:-5.34;2.7:-5.13;2.71:-4.91;2.69:-4.74;2.68:-4.5;2.65:-4.24;2.65:-4.07;2.58:-3.83;2.49:-3.6;2.49:-3.4,2.862616:-6.189437;2.906312:-6.191342;2.946774:-6.185518;3.000087:-6.193145;3.067297:-6.206664;3.097404:-6.163205;3.158744:-6.098773;3.227755:-6.154565;3.260085:-6.173127;3.32557:-6.189651;3.373766:-6.178897;3.445632:-6.206922
sigma3_hotel_seed42,tril,HOTEL:biwi_hotel:104:4520,HOTEL,biwi_hotel,biwi_hotel:104,4520,3,0.11398738622665405,0.13219143450260162,0.05000000074505806,0.0071428571827709675,0.02083333395421505,0.0,1.125,1.34:-9.22;1.34:-9.22;1.34:-9.22;1.34:-9.22;1.34:-9.22;1.34:-9.22;1.34:-9.22;1.34:-9.2,1.32:-9.2;1.3:-9.18;1.29:-9.16;1.27:-9.16;1.21:-9.24;1.14:-9.23;1.11:-9.23;1.09:-9.23;1.13:-9.19;1.2:-9.12;1.36:-9.23;1.4:-9.28,1.338165:-9.200249;1.330527:-9.201057;1.325089:-9.198403;1.318495:-9.21005;1.314231:-9.208294;1.311011:-9.200705;1.308918:-9.197193;1.295989:-9.208233;1.298333:-9.217881;1.295025:-9.21036;1.298138:-9.207721;1.290571:-9.205839
sigma3_hotel_seed42,tril,HOTEL:biwi_hotel:105:4520,HOTEL,biwi_hotel,biwi_hotel:105,4520,3,0.13685573637485504,0.2800106704235077,0.0,0.0,0.0,0.0,2.0,1.37:-8.27;1.37:-8.27;1.37:-8.27;1.37:-8.27;1.37:-8.27;1.37:-8.27;1.37:-8.27;1.37:-8.27,1.37:-8.27;1.37:-8.27;1.37:-8.27;1.37:-8.27;1.37:-8.27;1.37:-8.27;1.37:-8.27;1.37:-8.27;1.37:-8.27;1.37:-8.27;1.37:-8.27;1.37:-8.27,1.357631:-8.27186;1.33944:-8.268835;1.318891:-8.268153;1.291515:-8.279152;1.265876:-8.276711;1.250094:-8.265694;1.229279:-8.250615;1.191867:-8.273484;1.183679:-8.281983;1.147701:-8.266041;1.135204:-8.252758;1.090573:-8.251931
sigma3_hotel_seed42,tril,HOTEL:biwi_hotel:106:4520,HOTEL,biwi_hotel,biwi_hotel:106,4520,3,1.501693844795227,2.7246620655059814,0.7814249992370605,0.669043779373169,0.6384523510932922,1.5855544805526733,2.0,2.3:-7.57;2.29:-7.32;2.29:-7.11;2.19:-6.82;2.05:-6.54;2.1:-6.27;2.15:-6.07;2.11:-5.76,2.03:-5.49;2.04:-5.28;2.1:-5.03;2.12:-4.83;2.03:-4.55;1.98:-4.34;2.02:-4.14;2.05:-3.98;1.97:-3.74;1.85:-3.51;1.85:-3.31;1.91:-3.08,2.092914:-5.781179;2.030311:-5.788142;1.999146:-5.757811;1.985562:-5.799181;1.933752:-5.797617;1.879397:-5.75228;1.822509:-5.590104;1.770198:-5.785867;1.655263:-5.816626;1.584385:-5.780066;1.517776:-5.719528;1.480031:-5.770522
sigma3_hotel_seed42,tril,HOTEL:biwi_hotel:107:4520,HOTEL,biwi_hotel,biwi_hotel:107,4520,3,1.5382906198501587,2.79335880279541,0.7458217144012451,0.6297404170036316,0.5443716645240784,1.2043331861495972,1.75,3.12:-7.59;3.01:-7.33;2.96:-7.11;2.86:-6.81;2.8:-6.56;2.78:-6.34;2.81:-6.18;2.74:-5.89,2.68:-5.64;2.71:-5.34;2.7:-5.13;2.71:-4.91;2.69:-4.74;2.68:-4.5;2.65:-4.24;2.65:-4.07;2.58:-3.83;2.49:-3.6;2.49:-3.4;2.53:-3.17,2.6947:-5.908467;2.60492:-5.910569;2.544198:-5.887186;2.50108:-5.912145;2.431561:-5.914077;2.352742:-5.87132;2.272439:-5.724639;2.202574:-5.893083;2.076203:-5.916788;1.996205:-5.892192;1.906123:-5.838829;1.849254:-5.87914
sigma3_hotel_seed42,tril,HOTEL:biwi_hotel:104:4530,HOTEL,biwi_hotel,biwi_hotel:104,4530,3,0.13157914578914642,0.42008331418037415,0.05000000074505806,0.014285714365541935,0.0502961166203022,1.5707963705062866,1.0,1.34:-9.22;1.34:-9.22;1.34:-9.22;1.34:-9.22;1.34:-9.22;1.34:-9.22;1.34:-9.2;1.32:-9.2,1.3:-9.18;1.29:-9.16;1.27:-9.16;1.21:-9.24;1.14:-9.23;1.11:-9.23;1.09:-9.23;1.13:-9.19;1.2:-9.12;1.36:-9.23;1.4:-9.28;1.4:-9.36,1.305972:-9.200722;1.285012:-9.200134;1.263459:-9.196827;1.234197:-9.212671;1.209206:-9.205956;1.190566:-9.195967;1.167199:-9.181698;1.128677:-9.204321;1.11575:-9.218209;1.080796:-9.20021;1.066233:-9.186557;1.019777:-9.181392
sigma3_hotel_seed42,tril,HOTEL:biwi_hotel:105:4530,HOTEL,biwi_hotel,biwi_hotel:105,4530,3,0.12854404747486115,0.2618628442287445,0.0,0.0,0.0,0.0,1.75,1.37:-8.27;1.37:-8.27;1.37:-8.27;1.37:-8.27;1.37:-8.27;1.37:-8.27;1.37:-8.27;1.37:-8.27,1.37:-8.27;1.37:-8.27;1.37:-8.27;1.37:-8.27;1.37:-8.27;1.37:-8.27;1.37:-8.27;1.37:-8.27;1.37:-8.27;1.37:-8.27;1.37:-8.27;1.37:-8.27,1.358051:-8.271824;1.341211:-8.26893;1.321524:-8.268749;1.296274:-8.277966;1.271626:-8.276704;1.256925:-8.266107;1.237268:-8.252019;1.20212:-8.273906;1.195329:-8.280729;1.161784:-8.266456;1.1503:-8.254287;1.108592:-8.254579
sigma3_hotel_seed42,tril,HOTEL:biwi_hotel:106:4530,HOTEL,biwi_hotel,biwi_hotel:106,4530,3,1.5408633947372437,2.798421621322632,0.7040063738822937,0.6802589893341064,0.6544288992881775,1.705307960510254,1.75,2.29:-7.32;2.29:-7.11;2.19:-6.82;2.05:-6.54;2.1:-6.27;2.15:-6.07;2.11:-5.76;2.03:-5.49,2.04:-5.28;2.1:-5.03;2.12:-4.83;2.03:-4.55;1.98:-4.34;2.02:-4.14;2.05:-3.98;1.97:-3.74;1.85:-3.51;1.85:-3.31;1.91:-3.08;1.94:-2.92,1.942093:-5.503354;1.826116:-5.502786;1.723723:-5.490496;1.637846:-5.493378;1.54384:-5.499002;1.433118:-5.461422;1.319892:-5.32137;1.22788:-5.469336;1.08522:-5.482606;0.9799914:-5.474926;0.8678803:-5.426644;0.7811108:-5.467183
sigma3_hotel_seed42,tril,HOTEL:biwi_hotel:107:4530,HOTEL,biwi_hotel,biwi_hotel:107,4530,3,1.5510269403457642,2.790637969970703,0.6427479982376099,0.6207359433174133,0.5122050046920776,1.0288729667663574,1.5,3.01:-7.33;2.96:-7.11;2.86:-6.81;2.8:-6.56;2.78:-6.34;2.81:-6.18;2.74:-5.89;2.68:-5.64,2.71:-5.34;2.7:-5.13;2.71:-4.91;2.69:-4.74;2.68:-4.5;2.65:-4.24;2.65:-4.07;2.58:-3.83;2.49:-3.6;2.49:-3.4;2.53:-3.17;2.56:-3.01,2.602443:-5.653533;2.500467:-5.652832;2.408498:-5.643398;2.33133:-5.646652;2.251519:-5.650012;2.151052:-5.614463;2.04975:-5.476686;1.969686:-5.619876;1.839026:-5.634767;1.744758:-5.628188;1.645097:-5.579466;1.56721:-5.61807
sigma3_hotel_seed42,tril,HOTEL:biwi_hotel:104:4540,HOTEL,biwi_hotel,biwi_hotel:104,4540,3,0.16188518702983856,0.3953871428966522,0.0707106813788414,0.024387240409851074,0.0711294487118721,2.356194496154785,1.0,1.34:-9.22;1.34:-9.22;1.34:-9.22;1.34:-9.22;1.34:-9.22;1.34:-9.2;1.32:-9.2;1.3:-9.18,1.29:-9.16;1.27:-9.16;1.21:-9.24;1.14:-9.23;1.11:-9.23;1.09:-9.23;1.13:-9.19;1.2:-9.12;1.36:-9.23;1.4:-9.28;1.4:-9.36;1.37:-9.31,1.284773:-9.179712;1.263021:-9.181737;1.241459:-9.176517;1.214303:-9.193967;1.190487:-9.185266;1.16988:-9.176579;1.145302:-9.164552;1.108902:-9.18618;1.092685:-9.201785;1.062311:-9.184845;1.046261:-9.172262;1.00204:-9.165306
sigma3_hotel_seed42,tril,HOTEL:biwi_hotel:105:4540,HOTEL,biwi_hotel,biwi_hotel:105,4540,3,0.11842500418424606,0.24031700193881989,0.0,0.0,0.0,0.0,1.5,1.37:-8.27;1.37:-8.27;1.37:-8.27;1.37:-8.27;1.37:-8.27;1.37:-8.27;1.37:-8.27;1.37:-8.27,1.37:-8.27;1.37:-8.27;1.37:-8.27;1.37:-8.27;1.37:-8.27;1.37:-8.27;1.37:-8.27;1.37:-8.27;1.37:-8.27;1.37:-8.27;1.37:-8.27;1.37:-8.27,1.35892:-8.271655;1.343418:-8.268975;1.324895:-8.269094;1.302024:-8.276206;1.27835:-8.276307;1.265487:-8.266434;1.246895:-8.254397;1.214412:-8.274035;1.209756:-8.278937;1.178957:-8.266153;1.168666:-8.25544;1.130073:-8.25632
sigma3_hotel_seed42,tril,HOTEL:biwi_hotel:106:4540,HOTEL,biwi_hotel,biwi_hotel:106,4540,3,1.4319729804992676,2.598187208175659,0.5255948901176453,0.6803439855575562,0.6337039470672607,1.7088871002197266,1.5,2.29:-7.11;2.19:-6.82;2.05:-6.54;2.1:-6.27;2.15:-6.07;2.11:-5.76;2.03:-5.49;2.04:-5.28,2.1:-5.03;2.12:-4.83;2.03:-4.55;1.98:-4.34;2.02:-4.14;2.05:-3.98;1.97:-3.74;1.85:-3.51;1.85:-3.31;1.91:-3.08;1.94:-2.92;1.89:-2.66,2.013152:-5.293809;1.966554:-5.28934;1.920512:-5.292495;1.881244:-5.293062;1.865108:-5.286951;1.816196:-5.260807;1.767686:-5.147865;1.743861:-5.249557;1.676312:-5.267545;1.637885:-5.266153;1.596071:-5.21645;1.563548:-5.237597
sigma3_hotel_seed42,tril,HOTEL:biwi_hotel:107:4540,HOTEL,biwi_hotel,biwi_hotel:107,4540,3,1.420119285583496,2.6241579055786133,0.753740668296814,0.6478380560874939,0.5211805105209351,1.265812635421753,1.25,2.96:-7.11;2.86:-6.81;2.8:-6.56;2.78:-6.34;2.81:-6.18;2.74:-5.89;2.68:-5.64;2.71:-5.34,2.7:-5.13;2.71:-4.91;2.69:-4.74;2.68:-4.5;2.65:-4.24;2.65:-4.07;2.58:-3.83;2.49:-3.6;2.49:-3.4;2.53:-3.17;2.56:-3.01;2.51:-2.77,2.738574:-5.363716;2.735434:-5.377964;2.757637:-5.34292;2.79003:-5.400241;2.765784:-5.404968;2.752557:-5.344985;2.742411:-5.167504;2.711528:-5.399818;2.631843:-5.441734;2.579626:-5.390242;2.542043:-5.330039;2.513575:-5.394156
sigma3_hotel_seed42,tril,HOTEL:biwi_hotel:104:4550,HOTEL,biwi_hotel,biwi_hotel:104,4550,3,0.1603555828332901,0.27621766924858093,0.055901698768138885,0.03237319737672806,0.0815461128950119,2.677945137023926,1.0,1.34:-9.22;1.34:-9.22;1.34:-9.22;1.34:-9.22;1.34:-9.2;1.32:-9.2;1.3:-9.18;1.29:-9.16,1.27:-9.16;1.21:-9.24;1.14:-9.23;1.11:-9.23;1.09:-9.23;1.13:-9.19;1.2:-9.12;1.36:-9.23;1.4:-9.28;1.4:-9.36;1.37:-9.31;1.37:-9.32,1.284701:-9.159709;1.268851:-9.163191;1.259646:-9.155088;1.246107:-9.177535;1.237138:-9.168442;1.225738:-9.160134;1.215573:-9.152562;1.193035:-9.169924;1.182947:-9.190369;1.172616:-9.174663;1.166453:-9.168237;1.145826:-9.158624
sigma3_hotel_seed42,tril,HOTEL:biwi_hotel:105:4550,HOTEL,biwi_hotel,biwi_hotel:105,4550,3,0.13123483955860138,0.2675183415412903,0.0,0.0,0.0,0.0,1.25,1.37:-8.27;1.37:-8.27;1.37:-8.27;1.37:-8.27;1.37:-8.27;1.37:-8.27;1.37:-8.27;1.37:-8.27,1.37:-8.27;1.37:-8.27;1.37:-8.27;1.37:-8.27;1.37:-8.27;1.37:-8.27;1.37:-8.27;1.37:-8.27;1.37:-8.27;1.37:-8.27;1.37:-8.27;1.37:-8.27,1.357795:-8.271811;1.340532:-8.268932;1.320546:-8.268608;1.294855:-8.278153;1.269773:-8.2766;1.254666:-8.265956;1.234554:-8.251752;1.198796:-8.273829;1.191477:-8.280909;1.157393:-8.266275;1.145427:-8.253837;1.102969:-8.253854
sigma3_hotel_seed42,tril,HOTEL:biwi_hotel:106:4550,HOTEL,biwi_hotel,biwi_hotel:106,4550,3,1.4754492044448853,2.683650255203247,0.6427479982376099,0.6626089811325073,0.6574541926383972,1.7652608156204224,1.25,2.19:-6.82;2.05:-6.54;2.1:-6.27;2.15:-6.07;2.11:-5.76;2.03:-5.49;2.04:-5.28;2.1:-5.03,2.12:-4.83;2.03:-4.55;1.98:-4.34;2.02:-4.14;2.05:-3.98;1.97:-3.74;1.85:-3.51;1.85:-3.31;1.91:-3.08;1.94:-2.92;1.89:-2.66;1.83:-2.43,2.165883:-5.053545;2.200182:-5.063305;2.259741:-5.035916;2.326986:-5.082992;2.341518:-5.09207;2.361977:-5.027868;2.394272:-4.887748;2.397757:-5.07404;2.369785:-5.114506;2.374716:-5.069449;2.358799:-5.02183;2.356013:-5.061594
sigma3_hotel_seed42,tril,HOTEL:biwi_hotel:107:4550,HOTEL,biwi_hotel,biwi_hotel:107,4550,3,1.3934040069580078,2.5901384353637695,0.5255948901176453,0.6099845767021179,0.5570735931396484,1.3268587589263916,1.0,2.86:-6.81;2.8:-6.56;2.78:-6.34;2.81:-6.18;2.74:-5.89;2.68:-5.64;2.71:-5.34;2.7:-5.13,2.71:-4.91;2.69:-4.74;2.68:-4.5;2.65:-4.24;2.65:-4.07;2.58:-3.83;2.49:-3.6;2.49:-3.4;2.53:-3.17;2.56:-3.01;2.51:-2.77;2.45:-2.53,2.694968:-5.14635;2.663878:-5.145234;2.634752:-5.140242;2.609909:-5.159438;2.603088:-5.154015;2.566166:-5.119541;2.533708:-4.994498;2.515933:-5.121047;2.455508:-5.14811;2.413423:-5.140164;2.387585:-5.08664;2.358162:-5.11851
sigma3_hotel_seed42,tril,HOTEL:biwi_hotel:104:4560,HOTEL,biwi_hotel,biwi_hotel:104,4560,3,0.24868708848953247,0.4729384481906891,0.05000000074505806,0.03951605409383774,0.10483849048614502,3.7850937843322754,1.0,1.34:-9.22;1.34:-9.22;1.34:-9.22;1.34:-9.2;1.32:-9.2;1.3:-9.18;1.29:-9.16;1.27:-9.16,1.21:-9.24;1.14:-9.23;1.11:-9.23;1.09:-9.23;1.13:-9.19;1.2:-9.12;1.36:-9.23;1.4:-9.28;1.4:-9.36;1.37:-9.31;1.37:-9.32;1.32:-9.34,1.25199:-9.15938;1.22367:-9.160804;1.198372:-9.154049;1.160486:-9.179191;1.133447:-9.164115;1.108924:-9.154946;1.079263:-9.139843;1.032919:-9.163264;1.010946:-9.187299;0.9711627:-9.162386;0.9511768:-9.145405;0.8955133:-9.131477
sigma3_hotel_seed42,tril,HOTEL:biwi_hotel:105:4560,HOTEL,biwi_hotel,biwi_hotel:105,4560,3,0.11946243792772293,0.24194739758968353,0.0,0.0,0.0,0.0,1.125,1.37:-8.27;1.37:-8.27;1.37:-8.27;1.37:-8.27;1.37:-8.27;1.37:-8.27;1.37:-8.27;1.37:-8.27,1.37:-8.27;1.37:-8.27;1.37:-8.27;1.37:-8.27;1.37:-8.27;1.37:-8.27;1.37:-8.27;1.37:-8.27;1.37:-8.27;1.37:-8.27;1.37:-8.27;1.37:-8.27,1.358507:-8.271641;1.342963:-8.269096;1.324246:-8.269258;1.301662:-8.276162;1.277796:-8.276266;1.264454:-8.266445;1.245662:-8.254368;1.213215:-8.274287;1.208021:-8.278902;1.177538:-8.266478;1.166832:-8.255775;1.128406:-8.256921
sigma3_hotel_seed42,tril,HOTEL:biwi_hotel:106:4560,HOTEL,biwi_hotel,biwi_hotel:106,4560,3,1.459070086479187,2.687490940093994,0.5024937987327576,0.6225904226303101,0.525962769985199,1.2543786764144897,1.125,2.05:-6.54;2.1:-6.27;2.15:-6.07;2.11:-5.76;2.03:-5.49;2.04:-5.28;2.1:-5.03;2.12:-4.83,2.03:-4.55;1.98:-4.34;2.02:-4.14;2.05:-3.98;1.97:-3.74;1.85:-3.51;1.85:-3.31;1.91:-3.08;1.94:-2.92;1.89:-2.66;1.83:-2.43;1.87:-2.2,2.150295:-4.842844;2.162141:-4.843231;2.17919:-4.83559;2.208315:-4.847799;2.245293:-4.854263;2.25051:-4.815175;2.276286:-4.727544;2.311664:-4.811015;2.304473:-4.832636;2.334088:-4.835572;2.348886:-4.810228;2.388342:-4.83703
sigma3_hotel_seed42,tril,HOTEL:biwi_hotel:107:4560,HOTEL,biwi_hotel,biwi_hotel:107,4560,3,1.3866820335388184,2.601160764694214,0.5505678653717041,0.5968159437179565,0.5282825827598572,1.274980068206787,1.0,2.8:-6.56;2.78:-6.34;2.81:-6.18;2.74:-5.89;2.68:-5.64;2.71:-5.34;2.7:-5.13;2.71:-4.91,2.69:-4.74;2.68:-4.5;2.65:-4.24;2.65:-4.07;2.58:-3.83;2.49:-3.6;2.49:-3.4;2.53:-3.17;2.56:-3.01;2.51:-2.77;2.45:-2.53;2.47:-2.3,2.709646:-4.923329;2.685015:-4.921119;2.666267:-4.916113;2.662144:-4.924284;2.674427:-4.923616;2.649037:-4.893967;2.636721:-4.796979;2.647959:-4.883577;2.606983:-4.902293;2.606436:-4.907287;2.596818:-4.872198;2.612398:-4.89726
sigma3_hotel_seed42,tril,HOTEL:biwi_hotel:104:4570,HOTEL,biwi_hotel,biwi_hotel:104,4570,3,0.4619494378566742,0.9127674698829651,0.25,0.07523033767938614,0.1980079859495163,4.71238899230957,1.0,1.34:-9.22;1.34:-9.22;1.34:-9.2;1.32:-9.2;1.3:-9.18;1.29:-9.16;1.27:-9.16;1.21:-9.24,1.14:-9.23;1.11:-9.23;1.09:-9.23;1.13:-9.19;1.2:-9.12;1.36:-9.23;1.4:-9.28;1.4:-9.36;1.37:-9.31;1.37:-9.32;1.32:-9.34;1.39:-9.34,1.171025:-9.24182;1.109488:-9.232164;1.036356:-9.223082;0.9589738:-9.240644;0.9113907:-9.217303;0.8513318:-9.190108;0.7891828:-9.139406;0.7375382:-9.166898;0.6924335:-9.180605;0.6117878:-9.164504;0.5873933:-9.111819;0.5063914:-9.111133
sigma3_hotel_seed42,tril,HOTEL:biwi_hotel:105:4570,HOTEL,biwi_hotel,biwi_hotel:105,4570,3,0.1271834820508957,0.2380450814962387,0.0,0.0,0.0,0.0,1.0,1.37:-8.27;1.37:-8.27;1.37:-8.27;1.37:-8.27;1.37:-8.27;1.37:-8.27;1.37:-8.27;1.37:-8.27,1.37:-8.27;1.37:-8.27;1.37:-8.27;1.37:-8.27;1.37:-8.27;1.37:-8.27;1.37:-8.27;1.37:-8.27;1.37:-8.27;1.37:-8.27;1.37:-8.27;1.33:-8.34,1.357707:-8.271729;1.340765:-8.26911;1.320943:-8.268829;1.296132:-8.277779;1.271285:-8.276506;1.256222:-8.266108;1.23623:-8.252398;1.201301:-8.274149;1.194032:-8.280653;1.161055:-8.26674;1.149089:-8.254719;1.107632:-8.255041
sigma3_hotel_seed42,tril,HOTEL:biwi_hotel:106:4570,HOTEL,biwi_hotel,biwi_hotel:106,4570,3,1.4101346731185913,2.7271547317504883,0.7352720499038696,0.629561185836792,0.5947281122207642,1.603177785873413,1.0,2.1:-6.27;2.15:-6.07;2.11:-5.76;2.03:-5.49;2.04:-5.28;2.1:-5.03;2.12:-4.83;2.03:-4.55,1.98:-4.34;2.02:-4.14;2.05:-3.98;1.97:-3.74;1.85:-3.51;1.85:-3.31;1.91:-3.08;1.94:-2.92;1.89:-2.66;1.83:-2.43;1.87:-2.2;1.95:-1.97,1.971301:-4.567;1.875783:-4.56919;1.802991:-4.549286;1.749105:-4.568012;1.673338:-4.570245;1.583209:-4.529185;1.493591:-4.382612;1.418341:-4.547786;1.284864:-4.568505;1.198834:-4.550223;1.101568:-4.497803;1.036203:-4.539504
sigma3_hotel_seed42,tril,HOTEL:biwi_hotel:107:4570,HOTEL,biwi_hotel,biwi_hotel:107,4570,3,1.430413842201233,2.6491150856018066,0.4279310703277588,0.579053521156311,0.5076649188995361,1.1615042686462402,1.0,2.78:-6.34;2.81:-6.18;2.74:-5.89;2.68:-5.64;2.71:-5.34;2.7:-5.13;2.71:-4.91;2.69:-4.74,2.68:-4.5;2.65:-4.24;2.65:-4.07;2.58:-3.83;2.49:-3.6;2.49:-3.4;2.53:-3.17;2.56:-3.01;2.51:-2.77;2.45:-2.53;2.47:-2.3;2.55:-2.07,2.679777:-4.750271;2.652465:-4.745583;2.621224:-4.747947;2.603823:-4.744514;2.619867:-4.744374;2.589485:-4.719225;2.573868:-4.635602;2.590128:-4.69629;2.557354:-4.709404;2.559064:-4.727704;2.555362:-4.697194;2.571354:-4.719029
sigma3_hotel_seed42,tril,HOTEL:biwi_hotel:110:4570,HOTEL,biwi_hotel,biwi_hotel:110,4570,3,4.176254749298096,7.5675859451293945,1.655483365058899,1.5482615232467651,0.6674900054931641,1.0017110109329224,0.0,2.56:2.43;2.45:1.83;2.51:1.23;2.54:0.62;2.56:-0.01;2.66:-0.62;2.63:-1.22;2.8:-1.86,2.87:-2.51;3.04:-3.16;3.19:-3.83;3.17:-4.51;3.26:-5.19;3.08:-5.83;3.03:-6.51;2.83:-7.18;2.71:-7.87;2.63:-8.54;2.41:-9.17;2.39:-9.84,3.081041:-1.89834;3.153458:-2.014111;3.272823:-1.801998;3.497316:-2.045435;3.400035:-2.091804;3.473374:-1.910945;3.452882:-1.556271;3.462878:-2.242208;3.392066:-2.270829;3.174769:-2.188036;3.272096:-1.994447;3.175331:-2.313273
sigma3_hotel_seed42,tril,HOTEL:biwi_hotel:104:4580,HOTEL,biwi_hotel,biwi_hotel:104,4580,3,0.7948854565620422,1.5213208198547363,0.1767766922712326,0.10048415511846542,0.2715015709400177,5.781581401824951,1.0,1.34:-9.22;1.34:-9.2;1.32:-9.2;1.3:-9.18;1.29:-9.16;1.27:-9.16;1.21:-9.24;1.14:-9.23,1.11:-9.23;1.09:-9.23;1.13:-9.19;1.2:-9.12;1.36:-9.23;1.4:-9.28;1.4:-9.36;1.37:-9.31;1.37:-9.32;1.32:-9.34;1.39:-9.34;1.4:-9.34,1.046333:-9.225752;0.9654105:-9.223422;0.8778498:-9.232427;0.7605501:-9.235755;0.6658351:-9.204859;0.5871546:-9.213259;0.4737352:-9.174119;0.3482431:-9.20752;0.2661355:-9.23335;0.1506826:-9.183749;0.05402219:-9.147239;-0.1038829:-9.110319
sigma3_hotel_seed42,tril,HOTEL:biwi_hotel:105:4580,HOTEL,biwi_hotel,biwi_hotel:105,4580,3,0.1317063719034195,0.2832881212234497,0.0,0.0,0.0,0.0,1.0,1.37:-8.27;1.37:-8.27;1.37:-8.27;1.37:-8.27;1.37:-8.27;1.37:-8.27;1.37:-8.27;1.37:-8.27,1.37:-8.27;1.37:-8.27;1.37:-8.27;1.37:-8.27;1.37:-8.27;1.37:-8.27;1.37:-8.27;1.37:-8.27;1.37:-8.27;1.37:-8.27;1.33:-8.34;1.36:-8.37,1.357321:-8.271672;1.33987:-8.26922;1.319691:-8.268689;1.294611:-8.277994;1.269274:-8.276349;1.253583:-8.26596;1.232978:-8.25226;1.197511:-8.274214;1.189408:-8.280962;1.156135:-8.266805;1.143452:-8.254544;1.101304:-8.25455
sigma3_hotel_seed42,tril,HOTEL:biwi_hotel:106:4580,HOTEL,biwi_hotel,biwi_hotel:106,4580,3,1.398679256439209,2.653834104537964,0.5396758317947388,0.6330308318138123,0.5306612849235535,1.307131052017212,1.0,2.15:-6.07;2.11:-5.76;2.03:-5.49;2.04:-5.28;2.1:-5.03;2.12:-4.83;2.03:-4.55;1.98:-4.34,2.02:-4.14;2.05:-3.98;1.97:-3.74;1.85:-3.51;1.85:-3.31;1.91:-3.08;1.94:-2.92;1.89:-2.66;1.83:-2.43;1.87:-2.2;1.95:-1.97;1.97:-1.79,1.917793:-4.351217;1.850929:-4.347678;1.773333:-4.354819;1.699562:-4.346763;1.655511:-4.346855;1.578856:-4.321192;1.501803:-4.196007;1.449888:-4.309431;1.359452:-4.324818;1.284531:-4.329124;1.22082:-4.283311;1.154778:-4.315519
sigma3_hotel_seed42,tril,HOTEL:biwi_hotel:107:4580,HOTEL,biwi_hotel,biwi_hotel:107,4580,3,1.4222129583358765,2.6236557960510254,0.6005206108093262,0.606703519821167,0.41047585010528564,0.8147737383842468,1.125,2.81:-6.18;2.74:-5.89;2.68:-5.64;2.71:-5.34;2.7:-5.13;2.71:-4.91;2.69:-4.74;2.68:-4.5,2.65:-4.24;2.65:-4.07;2.58:-3.83;2.49:-3.6;2.49:-3.4;2.53:-3.17;2.56:-3.01;2.51:-2.77;2.45:-2.53;2.47:-2.3;2.55:-2.07;2.57:-1.89,2.651111:-4.516048;2.590886:-4.513963;2.543238:-4.506474;2.505794:-4.518188;2.472321:-4.514459;2.415904:-4.481528;2.358562:-4.355988;2.319542:-4.483503;2.232737:-4.504631;2.180689:-4.49284;2.123537:-4.440616;2.083805:-4.468213
sigma3_hotel_seed42,tril,HOTEL:biwi_hotel:104:4590,HOTEL,biwi_hotel,biwi_hotel:104,4590,3,0.5201058387756348,0.9218556880950928,0.07500000298023224,0.10405558347702026,0.28498780727386475,4.352682113647461,1.0,1.34:-9.2;1.32:-9.2;1.3:-9.18;1.29:-9.16;1.27:-9.16;1.21:-9.24;1.14:-9.23;1.11:-9.23,1.09:-9.23;1.13:-9.19;1.2:-9.12;1.36:-9.23;1.4:-9.28;1.4:-9.36;1.37:-9.31;1.37:-9.32;1.32:-9.34;1.39:-9.34;1.4:-9.34;1.42:-9.29,1.075045:-9.228096;1.031997:-9.229715;0.9914498:-9.223261;0.9370108:-9.246188;0.8884793:-9.225733;0.8491188:-9.219688;0.7969012:-9.204212;0.7288806:-9.228824;0.6898518:-9.251273;0.6304196:-9.21879;0.5890387:-9.195045;0.5053734:-9.174778
sigma3_hotel_seed42,tril,HOTEL:biwi_hotel:105:4590,HOTEL,biwi_hotel,biwi_hotel:105,4590,3,0.14619454741477966,0.30857977271080017,0.0,0.0,0.0,0.0,1.0,1.37:-8.27;1.37:-8.27;1.37:-8.27;1.37:-8.27;1.37:-8.27;1.37:-8.27;1.37:-8.27;1.37:-8.27,1.37:-8.27;1.37:-8.27;1.37:-8.27;1.37:-8.27;1.37:-8.27;1.37:-8.27;1.37:-8.27;1.37:-8.27;1.37:-8.27;1.33:-8.34;1.36:-8.37;1.37:-8.32,1.357273:-8.271909;1.337469:-8.268734;1.315989:-8.267347;1.28609:-8.280725;1.259376:-8.27678;1.242344:-8.265196;1.220268:-8.248909;1.180164:-8.272994;1.170312:-8.283688;1.131436:-8.265633;1.117841:-8.250988;1.069759:-8.248746
sigma3_hotel_seed42,tril,HOTEL:biwi_hotel:106:4590,HOTEL,biwi_hotel,biwi_hotel:106,4590,3,1.4331666231155396,2.6840806007385254,0.5099019408226013,0.5942418575286865,0.5660626888275146,1.5785375833511353,1.125,2.11:-5.76;2.03:-5.49;2.04:-5.28;2.1:-5.03;2.12:-4.83;2.03:-4.55;1.98:-4.34;2.02:-4.14,2.05:-3.98;1.97:-3.74;1.85:-3.51;1.85:-3.31;1.91:-3.08;1.94:-2.92;1.89:-2.66;1.83:-2.43;1.87:-2.2;1.95:-1.97;1.97:-1.79;1.88:-1.55,2.071977:-4.153709;2.106398:-4.157017;2.147749:-4.144849;2.200603:-4.164641;2.249874:-4.174462;2.272619:-4.12667;2.320918:-4.038816;2.367758:-4.132134;2.375889:-4.157475;2.420848:-4.155522;2.446785:-4.132274;2.496746:-4.162262
sigma3_hotel_seed42,tril,HOTEL:biwi_hotel:107:4590,HOTEL,biwi_hotel,biwi_hotel:107,4590,3,1.4098730087280273,2.6759395599365234,0.6543126106262207,0.593630850315094,0.3969896137714386,0.8867039680480957,1.25,2.74:-5.89;2.68:-5.64;2.71:-5.34;2.7:-5.13;2.71:-4.91;2.69:-4.74;2.68:-4.5;2.65:-4.24,2.65:-4.07;2.58:-3.83;2.49:-3.6;2.49:-3.4;2.53:-3.17;2.56:-3.01;2.51:-2.77;2.45:-2.53;2.47:-2.3;2.55:-2.07;2.57:-1.89;2.5:-1.65,2.607203:-4.257813;2.53554:-4.261173;2.480539:-4.244119;2.439761:-4.267051;2.383388:-4.267981;2.309856:-4.228904;2.238957:-4.077706;2.178279:-4.247919;2.061285:-4.274049;1.984414:-4.253906;1.906667:-4.201791;1.850999:-4.246045
sigma3_hotel_seed42,tril,HOTEL:biwi_hotel:104:4600,HOTEL,biwi_hotel,biwi_hotel:104,4600,3,0.32305222749710083,0.40883737802505493,0.05000000074505806,0.10405558347702026,0.27457115054130554,3.567283868789673,1.0,1.32:-9.2;1.3:-9.18;1.29:-9.16;1.27:-9.16;1.21:-9.24;1.14:-9.23;1.11:-9.23;1.09:-9.23,1.13:-9.19;1.2:-9.12;1.36:-9.23;1.4:-9.28;1.4:-9.36;1.37:-9.31;1.37:-9.32;1.32:-9.34;1.39:-9.34;1.4:-9.34;1.42:-9.29;1.41:-9.28,1.08142:-9.229205;1.068951:-9.230441;1.060587:-9.229102;1.053286:-9.235494;1.044963:-9.233583;1.038777:-9.230032;1.031351:-9.232919;1.015966:-9.236539;1.015011:-9.243584;1.016094:-9.236435;1.011657:-9.237043;1.004203:-9.230235
sigma3_hotel_seed42,tril,HOTEL:biwi_hotel:105:4600,HOTEL,biwi_hotel,biwi_hotel:105,4600,3,0.14563563466072083,0.30186283588409424,0.0,0.0,0.0,0.0,1.0,1.37:-8.27;1.37:-8.27;1.37:-8.27;1.37:-8.27;1.37:-8.27;1.37:-8.27;1.37:-8.27;1.37:-8.27,1.37:-8.27;1.37:-8.27;1.37:-8.27;1.37:-8.27;1.37:-8.27;1.37:-8.27;1.37:-8.27;1.37:-8.27;1.33:-8.34;1.36:-8.37;1.37:-8.32;1.37:-8.28,1.357273:-8.271909;1.337469:-8.268734;1.315989:-8.267347;1.28609:-8.280725;1.259376:-8.27678;1.242344:-8.265196;1.220268:-8.248909;1.180164:-8.272994;1.170311:-8.283688;1.131436:-8.265633;1.117841:-8.250988;1.069759:-8.248746
sigma3_hotel_seed42,tril,HOTEL:biwi_hotel:106:4600,HOTEL,biwi_hotel,biwi_hotel:106,4600,3,1.526058554649353,2.8026540279388428,0.4069705009460449,0.5518081784248352,0.4963381886482239,1.2549465894699097,1.25,2.03:-5.49;2.04:-5.28;2.1:-5.03;2.12:-4.83;2.03:-4.55;1.98:-4.34;2.02:-4.14;2.05:-3.98,1.97:-3.74;1.85:-3.51;1.85:-3.31;1.91:-3.08;1.94:-2.92;1.89:-2.66;1.83:-2.43;1.87:-2.2;1.95:-1.97;1.97:-1.79;1.88:-1.55;1.83:-1.36,2.105282:-3.988338;2.155009:-3.990077;2.198411:-3.986414;2.253319:-3.990879;2.326269:-4.005871;2.361391:-3.962624;2.42838:-3.903826;2.503203:-3.951368;2.544736:-3.968766;2.616002:-3.988656;2.670848:-3.980995;2.747102:-4.008357
sigma3_hotel_seed42,tril,HOTEL:biwi_hotel:107:4600,HOTEL,biwi_hotel,biwi_hotel:107,4600,3,1.4088879823684692,2.5789272785186768,0.42500001192092896,0.5625239610671997,0.3885646462440491,0.6663669347763062,1.375,2.68:-5.64;2.71:-5.34;2.7:-5.13;2.71:-4.91;2.69:-4.74;2.68:-4.5;2.65:-4.24;2.65:-4.07,2.58:-3.83;2.49:-3.6;2.49:-3.4;2.53:-3.17;2.56:-3.01;2.51:-2.77;2.45:-2.53;2.47:-2.3;2.55:-2.07;2.57:-1.89;2.5:-1.65;2.45:-1.46,2.632484:-4.079277;2.60201:-4.072926;2.560144:-4.080078;2.524939:-4.074117;2.53448:-4.072115;2.498608:-4.047689;2.473368:-3.96264;2.478799:-4.021396;2.445881:-4.034938;2.430267:-4.053227;2.423948:-4.018099;2.418963:-4.038741
sigma3_hotel_seed42,tril,HOTEL:biwi_hotel:104:4610,HOTEL,biwi_hotel,biwi_hotel:104,4610,3,0.23675213754177094,0.48801544308662415,0.1414213627576828,0.11415711045265198,0.33927014470100403,5.6017279624938965,1.0,1.3:-9.18;1.29:-9.16;1.27:-9.16;1.21:-9.24;1.14:-9.23;1.11:-9.23;1.09:-9.23;1.13:-9.19,1.2:-9.12;1.36:-9.23;1.4:-9.28;1.4:-9.36;1.37:-9.31;1.37:-9.32;1.32:-9.34;1.39:-9.34;1.4:-9.34;1.42:-9.29;1.41:-9.28;1.42:-9.28,1.181301:-9.188603;1.235903:-9.199784;1.297465:-9.195252;1.357016:-9.208212;1.428389:-9.220053;1.485745:-9.20859;1.557924:-9.21329;1.619606:-9.215028;1.68125:-9.240625;1.766535:-9.245236;1.826792:-9.27422;1.907974:-9.273645
sigma3_hotel_seed42,tril,HOTEL:biwi_hotel:105:4610,HOTEL,biwi_hotel,biwi_hotel:105,4610,3,0.14549292623996735,0.3009920120239258,0.0,0.0,0.0,0.0,1.0,1.37:-8.27;1.37:-8.27;1.37:-8.27;1.37:-8.27;1.37:-8.27;1.37:-8.27;1.37:-8.27;1.37:-8.27,1.37:-8.27;1.37:-8.27;1.37:-8.27;1.37:-8.27;1.37:-8.27;1.37:-8.27;1.37:-8.27;1.33:-8.34;1.36:-8.37;1.37:-8.32;1.37:-8.28;1.37:-8.27,1.357273:-8.271909;1.337469:-8.268734;1.315989:-8.267347;1.28609:-8.280725;1.259376:-8.27678;1.242344:-8.265196;1.220268:-8.248909;1.180164:-8.272994;1.170311:-8.283688;1.131436:-8.265633;1.117841:-8.250988;1.069759:-8.248746
sigma3_hotel_seed42,tril,HOTEL:biwi_hotel:106:4610,HOTEL,biwi_hotel,biwi_hotel:106,4610,3,1.429932951927185,2.6281375885009766,0.6324555277824402,0.5670739412307739,0.5713209509849548,1.5740832090377808,1.375,2.04:-5.28;2.1:-5.03;2.12:-4.83;2.03:-4.55;1.98:-4.34;2.02:-4.14;2.05:-3.98;1.97:-3.74,1.85:-3.51;1.85:-3.31;1.91:-3.08;1.94:-2.92;1.89:-2.66;1.83:-2.43;1.87:-2.2;1.95:-1.97;1.97:-1.79;1.88:-1.55;1.83:-1.36;1.87:-1.16,1.923821:-3.754309;1.852458:-3.751825;1.788363:-3.747468;1.735115:-3.751872;1.690277:-3.749726;1.619817:-3.718096;1.548653:-3.593011;1.499613:-3.716602;1.403382:-3.733976;1.340342:-3.728114;1.272534:-3.677529;1.220406:-3.706593
sigma3_hotel_seed42,tril,HOTEL:biwi_hotel:107:4610,HOTEL,biwi_hotel,biwi_hotel:107,4610,3,1.4325603246688843,2.6570956707000732,0.625,0.54413241147995,0.3890921175479889,0.8029093146324158,1.5,2.71:-5.34;2.7:-5.13;2.71:-4.91;2.69:-4.74;2.68:-4.5;2.65:-4.24;2.65:-4.07;2.58:-3.83,2.49:-3.6;2.49:-3.4;2.53:-3.17;2.56:-3.01;2.51:-2.77;2.45:-2.53;2.47:-2.3;2.55:-2.07;2.57:-1.89;2.5:-1.65;2.45:-1.46;2.47:-1.25,2.530105:-3.843918;2.472353:-3.843934;2.409719:-3.843649;2.352103:-3.848877;2.310595:-3.849574;2.241252:-3.81981;2.173556:-3.6805;2.123056:-3.820406;2.029031:-3.842545;1.953963:-3.837057;1.893213:-3.789568;1.832471:-3.829479
sigma3_hotel_seed42,tril,HOTEL:biwi_hotel:104:4620,HOTEL,biwi_hotel,biwi_hotel:104,4620,3,0.4471384286880493,0.8575018048286438,0.2474873661994934,0.1415264904499054,0.36017194390296936,4.494578838348389,1.0,1.29:-9.16;1.27:-9.16;1.21:-9.24;1.14:-9.23;1.11:-9.23;1.09:-9.23;1.13:-9.19;1.2:-9.12,1.36:-9.23;1.4:-9.28;1.4:-9.36;1.37:-9.31;1.37:-9.32;1.32:-9.34;1.39:-9.34;1.4:-9.34;1.42:-9.29;1.41:-9.28;1.42:-9.28;1.41:-9.27,1.281975:-9.117579;1.356496:-9.121043;1.428554:-9.099639;1.512738:-9.117405;1.59246:-9.130145;1.661411:-9.083101;1.765583:-9.098716;1.859564:-9.071306;1.957541:-9.082793;2.057994:-9.08955;2.15386:-9.103085;2.252624:-9.110957
sigma3_hotel_seed42,tril,HOTEL:biwi_hotel:105:4620,HOTEL,biwi_hotel,biwi_hotel:105,4620,3,0.14712022244930267,0.3009920120239258,0.0,0.0,0.0,0.0,1.0,1.37:-8.27;1.37:-8.27;1.37:-8.27;1.37:-8.27;1.37:-8.27;1.37:-8.27;1.37:-8.27;1.37:-8.27,1.37:-8.27;1.37:-8.27;1.37:-8.27;1.37:-8.27;1.37:-8.27;1.37:-8.27;1.33:-8.34;1.36:-8.37;1.37:-8.32;1.37:-8.28;1.37:-8.27;1.37:-8.27,1.357273:-8.271909;1.337469:-8.268734;1.315989:-8.267347;1.28609:-8.280725;1.259376:-8.27678;1.242344:-8.265196;1.220268:-8.248909;1.180164:-8.272994;1.170311:-8.283688;1.131436:-8.265633;1.117841:-8.250988;1.069759:-8.248746
sigma3_hotel_seed42,tril,HOTEL:biwi_hotel:106:4620,HOTEL,biwi_hotel,biwi_hotel:106,4620,3,1.5937695503234863,2.942176103591919,0.648556113243103,0.5679036974906921,0.5475707650184631,1.5973435640335083,1.375,2.1:-5.03;2.12:-4.83;2.03:-4.55;1.98:-4.34;2.02:-4.14;2.05:-3.98;1.97:-3.74;1.85:-3.51,1.85:-3.31;1.91:-3.08;1.94:-2.92;1.89:-2.66;1.83:-2.43;1.87:-2.2;1.95:-1.97;1.97:-1.79;1.88:-1.55;1.83:-1.36;1.87:-1.16;1.92:-0.95,1.729851:-3.517152;1.610279:-3.512283;1.476846:-3.520453;1.349403:-3.496609;1.251984:-3.505342;1.12629:-3.478467;0.9961551:-3.348851;0.8969096:-3.46351;0.763258:-3.468855;0.6399882:-3.481541;0.5292755:-3.441161;0.4183753:-3.480123
sigma3_hotel_seed42,tril,HOTEL:biwi_hotel:107:4620,HOTEL,biwi_hotel,biwi_hotel:107,4620,3,1.5139309167861938,2.799910306930542,0.617454469203949,0.557255208492279,0.3890921175479889,0.7990965247154236,1.625,2.7:-5.13;2.71:-4.91;2.69:-4.74;2.68:-4.5;2.65:-4.24;2.65:-4.07;2.58:-3.83;2.49:-3.6,2.49:-3.4;2.53:-3.17;2.56:-3.01;2.51:-2.77;2.45:-2.53;2.47:-2.3;2.55:-2.07;2.57:-1.89;2.5:-1.65;2.45:-1.46;2.47:-1.25;2.52:-1.04,2.390136:-3.60775;2.286098:-3.601166;2.169701:-3.611453;2.059094:-3.588113;1.983086:-3.592038;1.875049:-3.567224;1.762967:-3.44944;1.684049:-3.547268;1.570286:-3.552798;1.471088:-3.566288;1.3778:-3.52362;1.286164:-3.553394
sigma3_hotel_seed42,tril,HOTEL:biwi_hotel:104:4630,HOTEL,biwi_hotel,biwi_hotel:104,4630,3,0.9799912571907043,1.6213287115097046,0.48541221022605896,0.20372822880744934,0.47663381695747375,4.95496940612793,1.0,1.27:-9.16;1.21:-9.24;1.14:-9.23;1.11:-9.23;1.09:-9.23;1.13:-9.19;1.2:-9.12;1.36:-9.23,1.4:-9.28;1.4:-9.36;1.37:-9.31;1.37:-9.32;1.32:-9.34;1.39:-9.34;1.4:-9.34;1.42:-9.29;1.41:-9.28;1.42:-9.28;1.41:-9.27;1.43:-9.26,1.524128:-9.238716;1.72724:-9.254444;1.897058:-9.258822;2.03453:-9.266541;2.161012:-9.319144;2.319505:-9.237636;2.49091:-9.170039;2.59842:-9.27253;2.774785:-9.30615;2.876266:-9.29094;2.997075:-9.299015;3.049081:-9.345343
sigma3_hotel_seed42,tril,HOTEL:biwi_hotel:105:4630,HOTEL,biwi_hotel,biwi_hotel:105,4630,3,0.14856861531734467,0.3009920120239258,0.0,0.0,0.0,0.0,1.0,1.37:-8.27;1.37:-8.27;1.37:-8.27;1.37:-8.27;1.37:-8.27;1.37:-8.27;1.37:-8.27;1.37:-8.27,1.37:-8.27;1.37:-8.27;1.37:-8.27;1.37:-8.27;1.37:-8.27;1.33:-8.34;1.36:-8.37;1.37:-8.32;1.37:-8.28;1.37:-8.27;1.37:-8.27;1.37:-8.27,1.357273:-8.271909;1.337469:-8.268734;1.315989:-8.267347;1.28609:-8.280725;1.259376:-8.27678;1.242344:-8.265196;1.220268:-8.248909;1.180164:-8.272994;1.170311:-8.283688;1.131436:-8.265633;1.117841:-8.250988;1.069759:-8.248746
sigma3_hotel_seed42,tril,HOTEL:biwi_hotel:106:4630,HOTEL,biwi_hotel,biwi_hotel:106,4630,3,1.4369783401489258,2.6712794303894043,0.5,0.5675474405288696,0.5347358584403992,1.6675639152526855,1.375,2.12:-4.83;2.03:-4.55;1.98:-4.34;2.02:-4.14;2.05:-3.98;1.97:-3.74;1.85:-3.51;1.85:-3.31,1.91:-3.08;1.94:-2.92;1.89:-2.66;1.83:-2.43;1.87:-2.2;1.95:-1.97;1.97:-1.79;1.88:-1.55;1.83:-1.36;1.87:-1.16;1.92:-0.95;1.91:-0.68,1.818186:-3.323877;1.773881:-3.321094;1.725203:-3.324764;1.680996:-3.327226;1.660992:-3.322733;1.608251:-3.296098;1.556934:-3.172929;1.527112:-3.288282;1.454646:-3.308901;1.404773:-3.306526;1.361252:-3.257071;1.319435:-3.285181
sigma3_hotel_seed42,tril,HOTEL:biwi_hotel:107:4630,HOTEL,biwi_hotel,biwi_hotel:107,4630,3,1.4180489778518677,2.722449541091919,0.5,0.5500312447547913,0.4271742105484009,1.009552240371704,1.625,2.71:-4.91;2.69:-4.74;2.68:-4.5;2.65:-4.24;2.65:-4.07;2.58:-3.83;2.49:-3.6;2.49:-3.4,2.53:-3.17;2.56:-3.01;2.51:-2.77;2.45:-2.53;2.47:-2.3;2.55:-2.07;2.57:-1.89;2.5:-1.65;2.45:-1.46;2.47:-1.25;2.52:-1.04;2.58:-0.69,2.463949:-3.413306;2.420349:-3.408927;2.375699:-3.412993;2.338448:-3.411737;2.325886:-3.40645;2.279074:-3.381347;2.233639:-3.271223;2.214203:-3.368396;2.150791:-3.385498;2.116645:-3.386503;2.078771:-3.339213;2.050765:-3.360513
sigma3_hotel_seed42,tril,HOTEL:biwi_hotel:104:4640,HOTEL,biwi_hotel,biwi_hotel:104,4640,3,0.16451740264892578,0.33684366941452026,0.16007810831069946,0.19088225066661835,0.5220611095428467,4.179544925689697,1.0,1.21:-9.24;1.14:-9.23;1.11:-9.23;1.09:-9.23;1.13:-9.19;1.2:-9.12;1.36:-9.23;1.4:-9.28,1.4:-9.36;1.37:-9.31;1.37:-9.32;1.32:-9.34;1.39:-9.34;1.4:-9.34;1.42:-9.29;1.41:-9.28;1.42:-9.28;1.41:-9.27;1.43:-9.26;1.41:-9.23,1.428023:-9.277402;1.428866:-9.275084;1.434967:-9.250025;1.453489:-9.276273;1.481775:-9.26833;1.495059:-9.238864;1.529591:-9.244416;1.57108:-9.216875;1.604895:-9.22875;1.637721:-9.226841;1.694675:-9.21979;1.746693:-9.219935
sigma3_hotel_seed42,tril,HOTEL:biwi_hotel:105:4640,HOTEL,biwi_hotel,biwi_hotel:105,4640,3,0.1486777812242508,0.300862580537796,0.0,0.0,0.0,0.0,1.0,1.37:-8.27;1.37:-8.27;1.37:-8.27;1.37:-8.27;1.37:-8.27;1.37:-8.27;1.37:-8.27;1.37:-8.27,1.37:-8.27;1.37:-8.27;1.37:-8.27;1.37:-8.27;1.33:-8.34;1.36:-8.37;1.37:-8.32;1.37:-8.28;1.37:-8.27;1.37:-8.27;1.37:-8.27;1.37:-8.27,1.357273:-8.271909;1.337479:-8.268734;1.316004:-8.267355;1.286121:-8.280712;1.259413:-8.276779;1.242389:-8.2652;1.220319:-8.24892;1.180233:-8.272997;1.170392:-8.283672;1.131536:-8.265635;1.117946:-8.251;1.069888:-8.248769
sigma3_hotel_seed42,tril,HOTEL:biwi_hotel:106:4640,HOTEL,biwi_hotel,biwi_hotel:106,4640,3,1.46100652217865,2.7547621726989746,0.5942432284355164,0.5474004745483398,0.5206311345100403,1.8454912900924683,1.375,2.03:-4.55;1.98:-4.34;2.02:-4.14;2.05:-3.98;1.97:-3.74;1.85:-3.51;1.85:-3.31;1.91:-3.08,1.94:-2.92;1.89:-2.66;1.83:-2.43;1.87:-2.2;1.95:-1.97;1.97:-1.79;1.88:-1.55;1.83:-1.36;1.87:-1.16;1.92:-0.95;1.91:-0.68;1.83:-0.41,1.981332:-3.099878;2.030986:-3.108256;2.093612:-3.087888;2.159824:-3.12492;2.191679:-3.139119;2.22443:-3.076631;2.271651:-2.954828;2.293306:-3.11161;2.294675:-3.147982;2.312378:-3.116692;2.320656:-3.079558;2.329802:-3.119043
sigma3_hotel_seed42,tril,HOTEL:biwi_hotel:107:4640,HOTEL,biwi_hotel,biwi_hotel:107,4640,3,1.4267687797546387,2.611067533493042,0.5836308598518372,0.5722740888595581,0.40560057759284973,1.1062768697738647,1.625,2.69:-4.74;2.68:-4.5;2.65:-4.24;2.65:-4.07;2.58:-3.83;2.49:-3.6;2.49:-3.4;2.53:-3.17,2.56:-3.01;2.51:-2.77;2.45:-2.53;2.47:-2.3;2.55:-2.07;2.57:-1.89;2.5:-1.65;2.45:-1.46;2.47:-1.25;2.52:-1.04;2.58:-0.69;2.57:-0.59,2.58462:-3.191281;2.608928:-3.1977;2.649282:-3.175634;2.695374:-3.216661;2.711244:-3.224643;2.722462:-3.165643;2.746547:-3.034345;2.751668:-3.198582;2.727365:-3.235867;2.723168:-3.203726;2.716112:-3.157845;2.710359:-3.197292
sigma3_hotel_seed42,tril,HOTEL:biwi_hotel:104:4650,HOTEL,biwi_hotel,biwi_hotel:104,4650,3,0.3278224766254425,0.645067036151886,0.20000000298023224,0.19419986009597778,0.5311954617500305,4.71238899230957,1.0,1.14:-9.23;1.11:-9.23;1.09:-9.23;1.13:-9.19;1.2:-9.12;1.36:-9.23;1.4:-9.28;1.4:-9.36,1.37:-9.31;1.37:-9.32;1.32:-9.34;1.39:-9.34;1.4:-9.34;1.42:-9.29;1.41:-9.28;1.42:-9.28;1.41:-9.27;1.43:-9.26;1.41:-9.23;1.44:-9.26,1.360477:-9.36055;1.307555:-9.35603;1.253564:-9.351776;1.190376:-9.364319;1.150367:-9.346375;1.103995:-9.334001;1.049249:-9.297448;0.9965125:-9.320349;0.9562969:-9.340912;0.8993835:-9.318636;0.8648524:-9.288671;0.7950878:-9.274132
sigma3_hotel_seed42,tril,HOTEL:biwi_hotel:105:4650,HOTEL,biwi_hotel,biwi_hotel:105,4650,3,0.1486278474330902,0.3007480204105377,0.0,0.0,0.0,0.0,1.125,1.37:-8.27;1.37:-8.27;1.37:-8.27;1.37:-8.27;1.37:-8.27;1.37:-8.27;1.37:-8.27;1.37:-8.27,1.37:-8.27;1.37:-8.27;1.37:-8.27;1.33:-8.34;1.36:-8.37;1.37:-8.32;1.37:-8.28;1.37:-8.27;1.37:-8.27;1.37:-8.27;1.37:-8.27;1.37:-8.27,1.357276:-8.271908;1.337491:-8.268735;1.31602:-8.267359;1.28615:-8.280705;1.259449:-8.276779;1.242432:-8.265203;1.220369:-8.24893;1.180297:-8.273;1.170465:-8.283667;1.131624:-8.265638;1.118042:-8.251011;1.070001:-8.248786
sigma3_hotel_seed42,tril,HOTEL:biwi_hotel:106:4650,HOTEL,biwi_hotel,biwi_hotel:106,4650,3,1.4865816831588745,2.766967535018921,0.4069705009460449,0.5284425616264343,0.505635142326355,1.4841870069503784,1.375,1.98:-4.34;2.02:-4.14;2.05:-3.98;1.97:-3.74;1.85:-3.51;1.85:-3.31;1.91:-3.08;1.94:-2.92,1.89:-2.66;1.83:-2.43;1.87:-2.2;1.95:-1.97;1.97:-1.79;1.88:-1.55;1.83:-1.36;1.87:-1.16;1.92:-0.95;1.91:-0.68;1.83:-0.41;1.77:-0.23,1.972878:-2.929242;1.991763:-2.927963;2.007664:-2.923828;2.039008:-2.928117;2.094094:-2.937272;2.104141:-2.900369;2.144037:-2.835804;2.202182:-2.88304;2.216359:-2.898973;2.266882:-2.920521;2.304068:-2.906502;2.367293:-2.931731
sigma3_hotel_seed42,tril,HOTEL:biwi_hotel:107:4650,HOTEL,biwi_hotel,biwi_hotel:107,4650,3,1.4666887521743774,2.646458625793457,0.4069705009460449,0.5446240901947021,0.4497947692871094,1.0462000370025635,1.625,2.68:-4.5;2.65:-4.24;2.65:-4.07;2.58:-3.83;2.49:-3.6;2.49:-3.4;2.53:-3.17;2.56:-3.01,2.51:-2.77;2.45:-2.53;2.47:-2.3;2.55:-2.07;2.57:-1.89;2.5:-1.65;2.45:-1.46;2.47:-1.25;2.52:-1.04;2.58:-0.69;2.57:-0.59;2.54:-0.41,2.591478:-3.019191;2.608807:-3.017809;2.622986:-3.013884;2.652774:-3.017875;2.707011:-3.026657;2.715662:-2.990218;2.753951:-2.925549;2.811324:-2.972454;2.824179:-2.988158;2.873614:-3.010161;2.909992:-2.99574;2.972411:-3.020893
sigma3_hotel_seed42,tril,HOTEL:biwi_hotel:104:4660,HOTEL,biwi_hotel,biwi_hotel:104,4660,3,0.12749210000038147,0.21546955406665802,0.14577379822731018,0.20431040227413177,0.6597544550895691,7.313561916351318,1.125,1.11:-9.23;1.09:-9.23;1.13:-9.19;1.2:-9.12;1.36:-9.23;1.4:-9.28;1.4:-9.36;1.37:-9.31,1.37:-9.32;1.32:-9.34;1.39:-9.34;1.4:-9.34;1.42:-9.29;1.41:-9.28;1.42:-9.28;1.41:-9.27;1.43:-9.26;1.41:-9.23;1.44:-9.26;1.43:-9.25,1.354816:-9.308414;1.339722:-9.316815;1.329753:-9.316216;1.31243:-9.326569;1.312719:-9.319498;1.303176:-9.321898;1.286188:-9.30397;1.270064:-9.326332;1.25617:-9.352589;1.256546:-9.341386;1.244602:-9.342662;1.229752:-9.329548
sigma3_hotel_seed42,tril,HOTEL:biwi_hotel:105:4660,HOTEL,biwi_hotel,biwi_hotel:105,4660,3,0.14952780306339264,0.28064730763435364,0.0,0.0,0.0,0.0,1.25,1.37:-8.27;1.37:-8.27;1.37:-8.27;1.37:-8.27;1.37:-8.27;1.37:-8.27;1.37:-8.27;1.37:-8.27,1.37:-8.27;1.37:-8.27;1.33:-8.34;1.36:-8.37;1.37:-8.32;1.37:-8.28;1.37:-8.27;1.37:-8.27;1.37:-8.27;1.37:-8.27;1.37:-8.27;1.35:-8.27,1.357275:-8.271907;1.337502:-8.268737;1.316037:-8.267366;1.286189:-8.28069;1.259494:-8.276776;1.242485:-8.265207;1.220429:-8.248945;1.18038:-8.273005;1.170559:-8.28365;1.131743:-8.265642;1.118166:-8.251026;1.070154:-8.248814
sigma3_hotel_seed42,tril,HOTEL:biwi_hotel:106:4660,HOTEL,biwi_hotel,biwi_hotel:106,4660,3,1.45029878616333,2.639920473098755,0.6619101166725159,0.5501580238342285,0.5960845947265625,1.847475528717041,1.375,2.02:-4.14;2.05:-3.98;1.97:-3.74;1.85:-3.51;1.85:-3.31;1.91:-3.08;1.94:-2.92;1.89:-2.66,1.83:-2.43;1.87:-2.2;1.95:-1.97;1.97:-1.79;1.88:-1.55;1.83:-1.36;1.87:-1.16;1.92:-0.95;1.91:-0.68;1.83:-0.41;1.77:-0.23;1.77:-0.06,1.865406:-2.678719;1.806582:-2.681498;1.766884:-2.664561;1.743154:-2.689547;1.703718:-2.686421;1.644351:-2.648074;1.588378:-2.505452;1.544729:-2.665456;1.442253:-2.691726;1.386161:-2.671682;1.321631:-2.616792;1.282432:-2.654505
sigma3_hotel_seed42,tril,HOTEL:biwi_hotel:107:4660,HOTEL,biwi_hotel,biwi_hotel:107,4660,3,1.4558663368225098,2.631751775741577,0.6128825545310974,0.5387054681777954,0.46882471442222595,1.3220667839050293,1.5,2.65:-4.24;2.65:-4.07;2.58:-3.83;2.49:-3.6;2.49:-3.4;2.53:-3.17;2.56:-3.01;2.51:-2.77,2.45:-2.53;2.47:-2.3;2.55:-2.07;2.57:-1.89;2.5:-1.65;2.45:-1.46;2.47:-1.25;2.52:-1.04;2.58:-0.69;2.57:-0.59;2.54:-0.41;2.5:-0.19,2.47622:-2.785705;2.418663:-2.785202;2.368263:-2.779147;2.329291:-2.789934;2.295033:-2.786294;2.233801:-2.754008;2.174597:-2.623681;2.134647:-2.757191;2.043717:-2.778399;1.98872:-2.769474;1.929915:-2.717386;1.886165:-2.749165
sigma3_hotel_seed42,tril,HOTEL:biwi_hotel:104:4670,HOTEL,biwi_hotel,biwi_hotel:104,4670,3,0.10951847583055496,0.16412857174873352,0.02500000037252903,0.20073898136615753,0.6545159220695496,7.5585408210754395,1.25,1.09:-9.23;1.13:-9.19;1.2:-9.12;1.36:-9.23;1.4:-9.28;1.4:-9.36;1.37:-9.31;1.37:-9.32,1.32:-9.34;1.39:-9.34;1.4:-9.34;1.42:-9.29;1.41:-9.28;1.42:-9.28;1.41:-9.27;1.43:-9.26;1.41:-9.23;1.44:-9.26;1.43:-9.25;1.43:-9.28,1.361497:-9.320501;1.360246:-9.323288;1.348612:-9.32975;1.33058:-9.32715;1.328305:-9.334141;1.327232:-9.330904;1.316433:-9.309035;1.304976:-9.333415;1.312864:-9.34324;1.297635:-9.341632;1.3021:-9.34173;1.280991:-9.348808
sigma3_hotel_seed42,tril,HOTEL:biwi_hotel:105:4670,HOTEL,biwi_hotel,biwi_hotel:105,4670,3,0.11984697729349136,0.19244474172592163,0.0,0.0,0.0,0.0,1.375,1.37:-8.27;1.37:-8.27;1.37:-8.27;1.37:-8.27;1.37:-8.27;1.37:-8.27;1.37:-8.27;1.37:-8.27,1.37:-8.27;1.33:-8.34;1.36:-8.37;1.37:-8.32;1.37:-8.28;1.37:-8.27;1.37:-8.27;1.37:-8.27;1.37:-8.27;1.37:-8.27;1.35:-8.27;1.33:-8.27,1.359246:-8.271683;1.344347:-8.269032;1.32625:-8.269282;1.304056:-8.276183;1.281088:-8.276567;1.268611:-8.266673;1.250753:-8.254612;1.219119:-8.274273;1.214975:-8.278991;1.185011:-8.266726;1.175403:-8.25633;1.137951:-8.25766
sigma3_hotel_seed42,tril,HOTEL:biwi_hotel:106:4670,HOTEL,biwi_hotel,biwi_hotel:106,4670,3,1.5259708166122437,2.7622222900390625,0.5942432284355164,0.576911211013794,0.4873429834842682,1.4055712223052979,1.25,2.05:-3.98;1.97:-3.74;1.85:-3.51;1.85:-3.31;1.91:-3.08;1.94:-2.92;1.89:-2.66;1.83:-2.43,1.87:-2.2;1.95:-1.97;1.97:-1.79;1.88:-1.55;1.83:-1.36;1.87:-1.16;1.92:-0.95;1.91:-0.68;1.83:-0.41;1.77:-0.23;1.77:-0.06;1.81:0.13,1.74591:-2.441211;1.65133:-2.438798;1.553451:-2.439132;1.463883:-2.43244;1.390536:-2.436605;1.29118:-2.406367;1.190291:-2.272659;1.11332:-2.401726;0.9942358:-2.415086;0.8966776:-2.416278;0.8058047:-2.371002;0.7221239:-2.408976
sigma3_hotel_seed42,tril,HOTEL:biwi_hotel:107:4670,HOTEL,biwi_hotel,biwi_hotel:107,4670,3,1.5239022970199585,2.709216594696045,0.6184658408164978,0.5663434863090515,0.3761216402053833,1.0778559446334839,1.375,2.65:-4.07;2.58:-3.83;2.49:-3.6;2.49:-3.4;2.53:-3.17;2.56:-3.01;2.51:-2.77;2.45:-2.53,2.47:-2.3;2.55:-2.07;2.57:-1.89;2.5:-1.65;2.45:-1.46;2.47:-1.25;2.52:-1.04;2.58:-0.69;2.57:-0.59;2.54:-0.41;2.5:-0.19;2.5:-0.06,2.370118:-2.542425;2.276067:-2.541356;2.183112:-2.537554;2.099984:-2.536624;2.025381:-2.540973;1.927445:-2.508445;1.828595:-2.369605;1.750705:-2.509406;1.627764:-2.525022;1.530006:-2.521741;1.437715:-2.475413;1.356134:-2.515896
sigma3_hotel_seed42,tril,HOTEL:biwi_hotel:104:4680,HOTEL,biwi_hotel,biwi_hotel:104,4680,3,0.5603280067443848,1.0245765447616577,0.13462911546230316,0.19976866245269775,0.6634365320205688,8.748830795288086,1.375,1.13:-9.19;1.2:-9.12;1.36:-9.23;1.4:-9.28;1.4:-9.36;1.37:-9.31;1.37:-9.32;1.32:-9.34,1.39:-9.34;1.4:-9.34;1.42:-9.29;1.41:-9.28;1.42:-9.28;1.41:-9.27;1.43:-9.26;1.41:-9.23;1.44:-9.26;1.43:-9.25;1.43:-9.28;1.41:-9.27,1.261315:-9.339993;1.202709:-9.339752;1.14081:-9.346025;1.046811:-9.360404;0.982264:-9.337173;0.9274071:-9.336417;0.8432416:-9.287178;0.743533:-9.339325;0.6833463:-9.373449;0.5865431:-9.330726;0.5172771:-9.296151;0.3854235:-9.270381
sigma3_hotel_seed42,tril,HOTEL:biwi_hotel:105:4680,HOTEL,biwi_hotel,biwi_hotel:105,4680,3,0.11137676239013672,0.17472337186336517,0.0,0.0,0.0,0.0,1.5,1.37:-8.27;1.37:-8.27;1.37:-8.27;1.37:-8.27;1.37:-8.27;1.37:-8.27;1.37:-8.27;1.37:-8.27,1.33:-8.34;1.36:-8.37;1.37:-8.32;1.37:-8.28;1.37:-8.27;1.37:-8.27;1.37:-8.27;1.37:-8.27;1.37:-8.27;1.35:-8.27;1.33:-8.27;1.33:-8.27,1.36112:-8.271358;1.346742:-8.26886;1.330021:-8.268622;1.308953:-8.274606;1.286702:-8.275747;1.277018:-8.266632;1.259703:-8.257537;1.229922:-8.2735;1.228662:-8.277581;1.20009:-8.265012;1.191878:-8.255832;1.155847:-8.255891
sigma3_hotel_seed42,tril,HOTEL:biwi_hotel:106:4680,HOTEL,biwi_hotel,biwi_hotel:106,4680,3,1.3941313028335571,2.5489401817321777,0.5836308598518372,0.5699362754821777,0.548560619354248,1.6738076210021973,1.125,1.97:-3.74;1.85:-3.51;1.85:-3.31;1.91:-3.08;1.94:-2.92;1.89:-2.66;1.83:-2.43;1.87:-2.2,1.95:-1.97;1.97:-1.79;1.88:-1.55;1.83:-1.36;1.87:-1.16;1.92:-0.95;1.91:-0.68;1.83:-0.41;1.77:-0.23;1.77:-0.06;1.81:0.13;1.8:0.35,1.889858:-2.218283;1.878685:-2.221175;1.883957:-2.205919;1.90173:-2.233656;1.907452:-2.231875;1.891209:-2.189246;1.886352:-2.067276;1.885717:-2.203868;1.834334:-2.232875;1.826757:-2.215145;1.804964:-2.167783;1.806278:-2.198933
sigma3_hotel_seed42,tril,HOTEL:biwi_hotel:107:4680,HOTEL,biwi_hotel,biwi_hotel:107,4680,3,1.3852343559265137,2.4675135612487793,0.5771698355674744,0.5595105886459351,0.4368111193180084,1.3203792572021484,1.25,2.58:-3.83;2.49:-3.6;2.49:-3.4;2.53:-3.17;2.56:-3.01;2.51:-2.77;2.45:-2.53;2.47:-2.3,2.55:-2.07;2.57:-1.89;2.5:-1.65;2.45:-1.46;2.47:-1.25;2.52:-1.04;2.58:-0.69;2.57:-0.59;2.54:-0.41;2.5:-0.19;2.5:-0.06;2.5:0.15,2.456514:-2.317209;2.414824:-2.316546;2.383664:-2.309465;2.363033:-2.326065;2.346431:-2.319209;2.302351:-2.287072;2.261181:-2.159605;2.236873:-2.29087;2.160388:-2.315525;2.122684:-2.302664;2.079108:-2.248649;2.052028:-2.276509
sigma3_hotel_seed42,tril,HOTEL:biwi_hotel:104:4690,HOTEL,biwi_hotel,biwi_hotel:104,4690,3,0.5230119228363037,1.0568853616714478,0.17499999701976776,0.18941332399845123,0.5805293917655945,10.122231483459473,1.5,1.2:-9.12;1.36:-9.23;1.4:-9.28;1.4:-9.36;1.37:-9.31;1.37:-9.32;1.32:-9.34;1.39:-9.34,1.4:-9.34;1.42:-9.29;1.41:-9.28;1.42:-9.28;1.41:-9.27;1.43:-9.26;1.41:-9.23;1.44:-9.26;1.43:-9.25;1.43:-9.28;1.41:-9.27;1.38:-9.24,1.456105:-9.339742;1.533777:-9.346785;1.62374:-9.352174;1.709293:-9.352106;1.792726:-9.372424;1.876906:-9.362272;1.975561:-9.381445;2.04705:-9.373936;2.131367:-9.388453;2.246079:-9.391805;2.31174:-9.430192;2.420097:-9.427628
sigma3_hotel_seed42,tril,HOTEL:biwi_hotel:105:4690,HOTEL,biwi_hotel,biwi_hotel:105,4690,3,0.3560281991958618,0.6274752616882324,0.20155644416809082,0.028793778270483017,0.08398184925317764,0.0,1.625,1.37:-8.27;1.37:-8.27;1.37:-8.27;1.37:-8.27;1.37:-8.27;1.37:-8.27;1.37:-8.27;1.33:-8.34,1.36:-8.37;1.37:-8.32;1.37:-8.28;1.37:-8.27;1.37:-8.27;1.37:-8.27;1.37:-8.27;1.37:-8.27;1.35:-8.27;1.33:-8.27;1.33:-8.27;1.33:-8.34,1.296409:-8.340923;1.245526:-8.335546;1.189239:-8.328262;1.119967:-8.349545;1.078807:-8.328433;1.032582:-8.309776;0.9787356:-8.266743;0.9237531:-8.296785;0.8858716:-8.319641;0.813976:-8.294915;0.78865:-8.255541;0.7094713:-8.246891
sigma3_hotel_seed42,tril,HOTEL:biwi_hotel:106:4690,HOTEL,biwi_hotel,biwi_hotel:106,4690,3,1.439215064048767,2.5910818576812744,0.6087898015975952,0.56425541639328,0.4613802433013916,1.355466365814209,1.0,1.85:-3.51;1.85:-3.31;1.91:-3.08;1.94:-2.92;1.89:-2.66;1.83:-2.43;1.87:-2.2;1.95:-1.97,1.97:-1.79;1.88:-1.55;1.83:-1.36;1.87:-1.16;1.92:-0.95;1.91:-0.68;1.83:-0.41;1.77:-0.23;1.77:-0.06;1.81:0.13;1.8:0.35;1.77:0.54,2.019449:-1.992598;2.061264:-2.001586;2.120881:-1.977408;2.183118:-2.022073;2.202098:-2.034317;2.227866:-1.969131;2.264251:-1.832207;2.270429:-2.012435;2.256258:-2.05288;2.256786:-2.011253;2.251321:-1.965857;2.242811:-2.007578
sigma3_hotel_seed42,tril,HOTEL:biwi_hotel:107:4690,HOTEL,biwi_hotel,biwi_hotel:107,4690,3,1.3802028894424438,2.4255614280700684,0.6087898015975952,0.5582727789878845,0.4004899263381958,1.1953901052474976,1.125,2.49:-3.6;2.49:-3.4;2.53:-3.17;2.56:-3.01;2.51:-2.77;2.45:-2.53;2.47:-2.3;2.55:-2.07,2.57:-1.89;2.5:-1.65;2.45:-1.46;2.47:-1.25;2.52:-1.04;2.58:-0.69;2.57:-0.59;2.54:-0.41;2.5:-0.19;2.5:-0.06;2.5:0.15;2.51:0.31,2.613191:-2.093085;2.645587:-2.101221;2.696775:-2.076447;2.751265:-2.122592;2.764505:-2.132559;2.782349:-2.068744;2.810312:-1.928407;2.810553:-2.110912;2.787177:-2.151709;2.779414:-2.109874;2.76879:-2.061383;2.755001:-2.103156
sigma3_hotel_seed42,tril,HOTEL:biwi_hotel:112:4690,HOTEL,biwi_hotel,biwi_hotel:112,4690,3,4.297902584075928,7.6197686195373535,1.7508926391601562,1.5404181480407715,0.6687560081481934,0.5972119569778442,0.375,3.72:-8.77;3.71:-8.18;3.72:-7.63;3.73:-7.06;3.57:-6.41;3.44:-5.73;3.41:-5.19;3.29:-4.5,3.43:-3.81;3.39:-3.17;3.39:-2.53;3.47:-1.84;3.44:-1.24;3.5:-0.68;3.53:-0.12;3.49:0.42;3.53:0.9;3.55:1.3;3.42:1.75;3.41:2.24,3.17482:-4.519292;2.946443:-4.593979;2.754736:-4.450384;2.648798:-4.56878;2.311916:-4.625393;2.110051:-4.485888;1.835032:-4.167742;1.593602:-4.699656;1.277471:-4.692285;0.8886089:-4.642145;0.7032075:-4.515912;0.4452088:-4.779323
sigma3_hotel_seed42,tril,HOTEL:biwi_hotel:104:4700,HOTEL,biwi_hotel,biwi_hotel:104,4700,3,0.09725284576416016,0.1884501427412033,0.02500000037252903,0.12364014983177185,0.5032751560211182,9.828463554382324,1.5,1.36:-9.23;1.4:-9.28;1.4:-9.36;1.37:-9.31;1.37:-9.32;1.32:-9.34;1.39:-9.34;1.4:-9.34,1.42:-9.29;1.41:-9.28;1.42:-9.28;1.41:-9.27;1.43:-9.26;1.41:-9.23;1.44:-9.26;1.43:-9.25;1.43:-9.28;1.41:-9.27;1.38:-9.24;1.36:-9.24,1.401749:-9.339872;1.404462:-9.340299;1.406321:-9.343363;1.412688:-9.341377;1.419117:-9.347969;1.426977:-9.344437;1.435795:-9.348629;1.440049:-9.349122;1.456609:-9.348308;1.472301:-9.352283;1.486259:-9.358912;1.502672:-9.363118
sigma3_hotel_seed42,tril,HOTEL:biwi_hotel:105:4700,HOTEL,biwi_hotel,biwi_hotel:105,4700,3,0.14598317444324493,0.2424049973487854,0.1060660183429718,0.04394606500864029,0.16796369850635529,1.3045443296432495,1.625,1.37:-8.27;1.37:-8.27;1.37:-8.27;1.37:-8.27;1.37:-8.27;1.37:-8.27;1.33:-8.34;1.36:-8.37,1.37:-8.32;1.37:-8.28;1.37:-8.27;1.37:-8.27;1.37:-8.27;1.37:-8.27;1.37:-8.27;1.35:-8.27;1.33:-8.27;1.33:-8.27;1.33:-8.34;1.35:-8.28,1.374411:-8.371295;1.371018:-8.370684;1.385193:-8.36341;1.39399:-8.381923;1.418051:-8.381097;1.434474:-8.374167;1.456627:-8.370118;1.467658:-8.370068;1.485538:-8.394501;1.513696:-8.382222;1.536662:-8.392513;1.570658:-8.38035
sigma3_hotel_seed42,tril,HOTEL:biwi_hotel:106:4700,HOTEL,biwi_hotel,biwi_hotel:106,4700,3,1.392271637916565,2.486393451690674,0.4527692496776581,0.557508111000061,0.4728598892688751,1.3243635892868042,1.0,1.85:-3.31;1.91:-3.08;1.94:-2.92;1.89:-2.66;1.83:-2.43;1.87:-2.2;1.95:-1.97;1.97:-1.79,1.88:-1.55;1.83:-1.36;1.87:-1.16;1.92:-0.95;1.91:-0.68;1.83:-0.41;1.77:-0.23;1.77:-0.06;1.81:0.13;1.8:0.35;1.77:0.54;1.76:0.69,1.973814:-1.800267;1.958216:-1.79661;1.94183:-1.794966;1.94169:-1.795963;1.970734:-1.798386;1.95278:-1.770377;1.95514:-1.693141;1.986508:-1.749025;1.966641:-1.763312;1.985569:-1.7826;1.996055:-1.758163;2.032808:-1.781382
sigma3_hotel_seed42,tril,HOTEL:biwi_hotel:107:4700,HOTEL,biwi_hotel,biwi_hotel:107,4700,3,1.3564425706863403,2.4365909099578857,0.4527692496776581,0.5515255331993103,0.4297633767127991,1.2472788095474243,1.0,2.49:-3.4;2.53:-3.17;2.56:-3.01;2.51:-2.77;2.45:-2.53;2.47:-2.3;2.55:-2.07;2.57:-1.89,2.5:-1.65;2.45:-1.46;2.47:-1.25;2.52:-1.04;2.58:-0.69;2.57:-0.59;2.54:-0.41;2.5:-0.19;2.5:-0.06;2.5:0.15;2.51:0.31;2.47:0.53,2.585258:-1.90035;2.582209:-1.898013;2.578461:-1.894506;2.590814:-1.898433;2.627985:-1.902972;2.61986:-1.870785;2.635314:-1.795677;2.674773:-1.853054;2.665176:-1.868701;2.694094:-1.887097;2.712521:-1.865005;2.756981:-1.889632
sigma3_hotel_seed42,tril,HOTEL:biwi_hotel:112:4700,HOTEL,biwi_hotel,biwi_hotel:112,4700,3,3.9688022136688232,6.93956995010376,1.7601491212844849,1.5811234712600708,0.8930045962333679,0.934456467628479,0.375,3.71:-8.18;3.72:-7.63;3.73:-7.06;3.57:-6.41;3.44:-5.73;3.41:-5.19;3.29:-4.5;3.43:-3.81,3.39:-3.17;3.39:-2.53;3.47:-1.84;3.44:-1.24;3.5:-0.68;3.53:-0.12;3.49:0.42;3.53:0.9;3.55:1.3;3.42:1.75;3.41:2.24;3.45:2.71,3.6683:-3.846245;3.725848:-3.951341;3.826117:-3.763195;4.018903:-3.982182;3.92374:-4.023606;3.978732:-3.860407;3.950686:-3.521299;3.947037:-4.16004;3.863764:-4.191357;3.658808:-4.1128;3.730385:-3.936607;3.63523:-4.227098
sigma3_hotel_seed42,tril,HOTEL:biwi_hotel:104:4710,HOTEL,biwi_hotel,biwi_hotel:104,4710,3,0.20661789178848267,0.5343466401100159,0.13462911546230316,0.1200045794248581,0.5043065547943115,10.344012260437012,1.5,1.4:-9.28;1.4:-9.36;1.37:-9.31;1.37:-9.32;1.32:-9.34;1.39:-9.34;1.4:-9.34;1.42:-9.29,1.41:-9.28;1.42:-9.28;1.41:-9.27;1.43:-9.26;1.41:-9.23;1.44:-9.26;1.43:-9.25;1.43:-9.28;1.41:-9.27;1.38:-9.24;1.36:-9.24;1.29:-9.24,1.462272:-9.290452;1.474007:-9.287477;1.483346:-9.26053;1.504672:-9.29201;1.538899:-9.292021;1.554268:-9.250977;1.597623:-9.245831;1.644008:-9.232813;1.689693:-9.247424;1.714439:-9.250784;1.78233:-9.242234;1.824172:-9.253638
sigma3_hotel_seed42,tril,HOTEL:biwi_hotel:105:4710,HOTEL,biwi_hotel,biwi_hotel:105,4710,3,0.07438983768224716,0.11049503833055496,0.12747548520565033,0.06215684860944748,0.2538617253303528,3.4633431434631348,1.625,1.37:-8.27;1.37:-8.27;1.37:-8.27;1.37:-8.27;1.37:-8.27;1.33:-8.34;1.36:-8.37;1.37:-8.32,1.37:-8.28;1.37:-8.27;1.37:-8.27;1.37:-8.27;1.37:-8.27;1.37:-8.27;1.35:-8.27;1.33:-8.27;1.33:-8.27;1.33:-8.34;1.35:-8.28;1.35:-8.27,1.36487:-8.319778;1.34744:-8.321898;1.338567:-8.314811;1.319108:-8.33666;1.316671:-8.328053;1.309881:-8.321154;1.301125:-8.307706;1.28152:-8.322258;1.276827:-8.349924;1.266998:-8.330699;1.266028:-8.327399;1.248337:-8.313288
sigma3_hotel_seed42,tril,HOTEL:biwi_hotel:106:4710,HOTEL,biwi_hotel,biwi_hotel:106,4710,3,1.3998550176620483,2.523672103881836,0.6408002972602844,0.5641591548919678,0.5240494012832642,1.7239570617675781,1.0,1.91:-3.08;1.94:-2.92;1.89:-2.66;1.83:-2.43;1.87:-2.2;1.95:-1.97;1.97:-1.79;1.88:-1.55,1.83:-1.36;1.87:-1.16;1.92:-0.95;1.91:-0.68;1.83:-0.41;1.77:-0.23;1.77:-0.06;1.81:0.13;1.8:0.35;1.77:0.54;1.76:0.69;1.82:0.87,1.818382:-1.56241;1.742006:-1.559709;1.664039:-1.560432;1.595318:-1.557179;1.543439:-1.556867;1.46231:-1.527624;1.380921:-1.401514;1.324528:-1.521756;1.223594:-1.536557;1.14949:-1.537096;1.076217:-1.488932;1.011829:-1.52077
sigma3_hotel_seed42,tril,HOTEL:biwi_hotel:107:4710,HOTEL,biwi_hotel,biwi_hotel:107,4710,3,1.3632692098617554,2.467094898223877,0.625,0.5574353933334351,0.46877989172935486,1.6285730600357056,1.125,2.53:-3.17;2.56:-3.01;2.51:-2.77;2.45:-2.53;2.47:-2.3;2.55:-2.07;2.57:-1.89;2.5:-1.65,2.45:-1.46;2.47:-1.25;2.52:-1.04;2.58:-0.69;2.57:-0.59;2.54:-0.41;2.5:-0.19;2.5:-0.06;2.5:0.15;2.51:0.31;2.47:0.53;2.43:0.75,2.448802:-1.66319;2.379472:-1.660423;2.310897:-1.66028;2.252207:-1.659746;2.20893:-1.657483;2.135859:-1.628128;2.063045:-1.504647;2.014952:-1.622668;1.920756:-1.638533;1.856756:-1.637563;1.790315:-1.587955;1.734925:-1.617156
sigma3_hotel_seed42,tril,HOTEL:biwi_hotel:112:4710,HOTEL,biwi_hotel,biwi_hotel:112,4710,3,3.92083477973938,7.048450469970703,1.6031219959259033,1.6136798858642578,1.0667706727981567,1.1964186429977417,0.5,3.72:-7.63;3.73:-7.06;3.57:-6.41;3.44:-5.73;3.41:-5.19;3.29:-4.5;3.43:-3.81;3.39:-3.17,3.39:-2.53;3.47:-1.84;3.44:-1.24;3.5:-0.68;3.53:-0.12;3.49:0.42;3.53:0.9;3.55:1.3;3.42:1.75;3.41:2.24;3.45:2.71;3.42:3.27,3.321967:-3.192421;3.131916:-3.255139;2.987387:-3.124656;2.919073:-3.239992;2.648585:-3.28481;2.492275:-3.161648;2.270296:-2.87563;2.07975:-3.348379;1.816236:-3.350435;1.497546:-3.29858;1.352457:-3.180082;1.150231:-3.402991
sigma3_hotel_seed42,tril,HOTEL:biwi_hotel:104:4720,HOTEL,biwi_hotel,biwi_hotel:104,4720,3,0.07598035782575607,0.1637265384197235,0.0353553406894207,0.09648390859365463,0.41741424798965454,8.908743858337402,1.5,1.4:-9.36;1.37:-9.31;1.37:-9.32;1.32:-9.34;1.39:-9.34;1.4:-9.34;1.42:-9.29;1.41:-9.28,1.42:-9.28;1.41:-9.27;1.43:-9.26;1.41:-9.23;1.44:-9.26;1.43:-9.25;1.43:-9.28;1.41:-9.27;1.38:-9.24;1.36:-9.24;1.29:-9.24;1.38:-9.28,1.413616:-9.280613;1.4131:-9.278376;1.419413:-9.28062;1.430874:-9.279207;1.437671:-9.285905;1.447978:-9.282676;1.461349:-9.293988;1.46495:-9.286712;1.482581:-9.285499;1.506795:-9.285988;1.518147:-9.296118;1.543118:-9.294108
sigma3_hotel_seed42,tril,HOTEL:biwi_hotel:105:4720,HOTEL,biwi_hotel,biwi_hotel:105,4720,3,0.03941916301846504,0.12012903392314911,0.10000000149011612,0.07644256204366684,0.2685931324958801,3.660738706588745,1.625,1.37:-8.27;1.37:-8.27;1.37:-8.27;1.37:-8.27;1.33:-8.34;1.36:-8.37;1.37:-8.32;1.37:-8.28,1.37:-8.27;1.37:-8.27;1.37:-8.27;1.37:-8.27;1.37:-8.27;1.35:-8.27;1.33:-8.27;1.33:-8.27;1.33:-8.34;1.35:-8.28;1.35:-8.27;1.38:-8.35,1.368509:-8.280394;1.355254:-8.283792;1.350572:-8.275789;1.340375:-8.298661;1.33731:-8.291543;1.330141:-8.283199;1.324968:-8.273582;1.306775:-8.292007;1.3005:-8.315418;1.295465:-8.29961;1.292634:-8.29652;1.278127:-8.286338
sigma3_hotel_seed42,tril,HOTEL:biwi_hotel:106:4720,HOTEL,biwi_hotel,biwi_hotel:106,4720,3,1.427633285522461,2.550621509552002,0.49117207527160645,0.5761879682540894,0.4573501646518707,1.4500677585601807,1.125,1.94:-2.92;1.89:-2.66;1.83:-2.43;1.87:-2.2;1.95:-1.97;1.97:-1.79;1.88:-1.55;1.83:-1.36,1.87:-1.16;1.92:-0.95;1.91:-0.68;1.83:-0.41;1.77:-0.23;1.77:-0.06;1.81:0.13;1.8:0.35;1.77:0.54;1.76:0.69;1.82:0.87;1.9:1.05,1.757495:-1.36892;1.682014:-1.362152;1.591537:-1.375449;1.504262:-1.355915;1.457967:-1.35523;1.374977:-1.333004;1.289767:-1.22093;1.236864:-1.310424;1.149392:-1.319708;1.075577:-1.332449;1.008917:-1.287857;0.9390322:-1.31267
sigma3_hotel_seed42,tril,HOTEL:biwi_hotel:107:4720,HOTEL,biwi_hotel,biwi_hotel:107,4720,3,1.4065998792648315,2.505331516265869,0.49117207527160645,0.5694642066955566,0.40702423453330994,1.2643001079559326,1.25,2.56:-3.01;2.51:-2.77;2.45:-2.53;2.47:-2.3;2.55:-2.07;2.57:-1.89;2.5:-1.65;2.45:-1.46,2.47:-1.25;2.52:-1.04;2.58:-0.69;2.57:-0.59;2.54:-0.41;2.5:-0.19;2.5:-0.06;2.5:0.15;2.51:0.31;2.47:0.53;2.43:0.75;2.4:0.95,2.37851:-1.469034;2.304065:-1.462445;2.214652:-1.475569;2.128631:-1.456521;2.083152:-1.455685;2.000822:-1.433383;1.916509:-1.320994;1.864394:-1.411216;1.77728:-1.420726;1.704257:-1.433296;1.63823:-1.388525;1.569058:-1.413519
sigma3_hotel_seed42,tril,HOTEL:biwi_hotel:104:4730,HOTEL,biwi_hotel,biwi_hotel:104,4730,3,0.05059732869267464,0.05651142820715904,0.02500000037252903,0.07923050969839096,0.3708294928073883,8.663764953613281,1.5,1.37:-9.31;1.37:-9.32;1.32:-9.34;1.39:-9.34;1.4:-9.34;1.42:-9.29;1.41:-9.28;1.42:-9.28,1.41:-9.27;1.43:-9.26;1.41:-9.23;1.44:-9.26;1.43:-9.25;1.43:-9.28;1.41:-9.27;1.38:-9.24;1.36:-9.24;1.29:-9.24;1.38:-9.28;1.36:-9.24,1.413365:-9.279523;1.406244:-9.281137;1.395693:-9.281833;1.382401:-9.288039;1.376995:-9.288175;1.372193:-9.282603;1.364753:-9.276075;1.350865:-9.287728;1.354731:-9.296659;1.346109:-9.292124;1.34894:-9.29016;1.333909:-9.290128
sigma3_hotel_seed42,tril,HOTEL:biwi_hotel:105:4730,HOTEL,biwi_hotel,biwi_hotel:105,4730,3,0.08114821463823318,0.17791210114955902,0.02500000037252903,0.08001399040222168,0.2998431324958801,3.660738706588745,1.5,1.37:-8.27;1.37:-8.27;1.37:-8.27;1.33:-8.34;1.36:-8.37;1.37:-8.32;1.37:-8.28;1.37:-8.27,1.37:-8.27;1.37:-8.27;1.37:-8.27;1.37:-8.27;1.35:-8.27;1.33:-8.27;1.33:-8.27;1.33:-8.34;1.35:-8.28;1.35:-8.27;1.38:-8.35;1.35:-8.28,1.373402:-8.269476;1.377669:-8.270617;1.382991:-8.273728;1.393813:-8.270635;1.405899:-8.278237;1.416742:-8.276316;1.429726:-8.284311;1.439787:-8.279794;1.459678:-8.280063;1.484969:-8.286062;1.501479:-8.297437;1.526857:-8.299346
sigma3_hotel_seed42,tril,HOTEL:biwi_hotel:106:4730,HOTEL,biwi_hotel,biwi_hotel:106,4730,3,1.4090598821640015,2.43038272857666,0.5099019408226013,0.5544725060462952,0.518736720085144,1.8395929336547852,1.25,1.89:-2.66;1.83:-2.43;1.87:-2.2;1.95:-1.97;1.97:-1.79;1.88:-1.55;1.83:-1.36;1.87:-1.16,1.92:-0.95;1.91:-0.68;1.83:-0.41;1.77:-0.23;1.77:-0.06;1.81:0.13;1.8:0.35;1.77:0.54;1.76:0.69;1.82:0.87;1.9:1.05;1.93:1.21,1.92354:-1.174071;1.959428:-1.177834;2.002967:-1.165039;2.057714:-1.185961;2.106432:-1.196001;2.130362:-1.147365;2.179324:-1.0575;2.225238:-1.154824;2.233017:-1.180871;2.277466:-1.176955;2.302489:-1.153065;2.351247:-1.183598
sigma3_hotel_seed42,tril,HOTEL:biwi_hotel:107:4730,HOTEL,biwi_hotel,biwi_hotel:107,4730,3,1.3224352598190308,2.4743223190307617,0.5273755788803101,0.5572488903999329,0.47244203090667725,1.5769922733306885,1.375,2.51:-2.77;2.45:-2.53;2.47:-2.3;2.55:-2.07;2.57:-1.89;2.5:-1.65;2.45:-1.46;2.47:-1.25,2.52:-1.04;2.58:-0.69;2.57:-0.59;2.54:-0.41;2.5:-0.19;2.5:-0.06;2.5:0.15;2.51:0.31;2.47:0.53;2.43:0.75;2.4:0.95;2.38:1.23,2.480285:-1.26475;2.465272:-1.264465;2.459296:-1.256045;2.466855:-1.270545;2.480793:-1.2707;2.462938:-1.235812;2.458586:-1.132658;2.469788:-1.233896;2.43082:-1.256123;2.432748:-1.253774;2.422981:-1.216564;2.437841:-1.243646
sigma3_hotel_seed42,tril,HOTEL:biwi_hotel:104:4740,HOTEL,biwi_hotel,biwi_hotel:104,4740,3,0.04444083943963051,0.012954752892255783,0.0353553406894207,0.08070984482765198,0.3410070836544037,9.829669952392578,1.375,1.37:-9.32;1.32:-9.34;1.39:-9.34;1.4:-9.34;1.42:-9.29;1.41:-9.28;1.42:-9.28;1.41:-9.27,1.43:-9.26;1.41:-9.23;1.44:-9.26;1.43:-9.25;1.43:-9.28;1.41:-9.27;1.38:-9.24;1.36:-9.24;1.29:-9.24;1.38:-9.28;1.36:-9.24;1.35:-9.26,1.403502:-9.267256;1.384807:-9.269368;1.375959:-9.26065;1.365774:-9.279732;1.364171:-9.266699;1.357332:-9.261635;1.352661:-9.265601;1.342532:-9.26133;1.337807:-9.278248;1.343151:-9.265615;1.347018:-9.261377;1.349967:-9.247046
sigma3_hotel_seed42,tril,HOTEL:biwi_hotel:105:4740,HOTEL,biwi_hotel,biwi_hotel:105,4740,3,0.03996695205569267,0.07697649300098419,0.0,0.08001399040222168,0.31025978922843933,3.660738706588745,1.375,1.37:-8.27;1.37:-8.27;1.33:-8.34;1.36:-8.37;1.37:-8.32;1.37:-8.28;1.37:-8.27;1.37:-8.27,1.37:-8.27;1.37:-8.27;1.37:-8.27;1.35:-8.27;1.33:-8.27;1.33:-8.27;1.33:-8.34;1.35:-8.28;1.35:-8.27;1.38:-8.35;1.35:-8.28;1.35:-8.27,1.367158:-8.269138;1.369518:-8.271039;1.366166:-8.275656;1.366513:-8.270758;1.370094:-8.277757;1.374797:-8.27552;1.37722:-8.276182;1.379208:-8.279455;1.39412:-8.278479;1.403098:-8.28411;1.415111:-8.289677;1.422539:-8.295759
sigma3_hotel_seed42,tril,HOTEL:biwi_hotel:106:4740,HOTEL,biwi_hotel,biwi_hotel:106,4740,3,1.407874584197998,2.4671874046325684,0.5396758317947388,0.5466771721839905,0.4293014109134674,1.4485673904418945,1.375,1.83:-2.43;1.87:-2.2;1.95:-1.97;1.97:-1.79;1.88:-1.55;1.83:-1.36;1.87:-1.16;1.92:-0.95,1.91:-0.68;1.83:-0.41;1.77:-0.23;1.77:-0.06;1.81:0.13;1.8:0.35;1.77:0.54;1.76:0.69;1.82:0.87;1.9:1.05;1.93:1.21;1.88:1.47,1.97674:-0.9698377;2.006047:-0.9757119;2.049514:-0.9552135;2.100149:-0.9917097;2.123924:-1.001626;2.139911:-0.9437017;2.171813:-0.8224152;2.186992:-0.9717408;2.172818:-1.0064;2.180865:-0.9800436;2.181872:-0.9402303;2.188189:-0.9778628
sigma3_hotel_seed42,tril,HOTEL:biwi_hotel:107:4740,HOTEL,biwi_hotel,biwi_hotel:107,4740,3,1.3571873903274536,2.558943271636963,0.5396758317947388,0.5459932088851929,0.4197101891040802,1.3840667009353638,1.5,2.45:-2.53;2.47:-2.3;2.55:-2.07;2.57:-1.89;2.5:-1.65;2.45:-1.46;2.47:-1.25;2.52:-1.04,2.58:-0.69;2.57:-0.59;2.54:-0.41;2.5:-0.19;2.5:-0.06;2.5:0.15;2.51:0.31;2.47:0.53;2.43:0.75;2.4:0.95;2.38:1.23;2.34:1.46,2.573805:-1.059953;2.599166:-1.065671;2.639051:-1.045169;2.686313:-1.082168;2.707759:-1.090705;2.72033:-1.033617;2.748378:-0.9107108;2.761001:-1.061368;2.742347:-1.096166;2.747136:-1.069837;2.745625:-1.028309;2.749845:-1.065909
sigma3_hotel_seed42,tril,HOTEL:biwi_hotel:104:4750,HOTEL,biwi_hotel,biwi_hotel:104,4750,3,0.27515706419944763,0.6189393997192383,0.055901698768138885,0.06946307420730591,0.24553287029266357,8.961130142211914,1.25,1.32:-9.34;1.39:-9.34;1.4:-9.34;1.42:-9.29;1.41:-9.28;1.42:-9.28;1.41:-9.27;1.43:-9.26,1.41:-9.23;1.44:-9.26;1.43:-9.25;1.43:-9.28;1.41:-9.27;1.38:-9.24;1.36:-9.24;1.29:-9.24;1.38:-9.28;1.36:-9.24;1.35:-9.26;1.31:-9.19,1.452444:-9.260462;1.473908:-9.260191;1.502041:-9.264385;1.54295:-9.257051;1.580166:-9.272136;1.612792:-9.270587;1.656387:-9.290993;1.696757:-9.273314;1.737904:-9.26654;1.800972:-9.283328;1.840753:-9.30687;1.916366:-9.314121
sigma3_hotel_seed42,tril,HOTEL:biwi_hotel:105:4750,HOTEL,biwi_hotel,biwi_hotel:105,4750,3,0.08531690388917923,0.1697976291179657,0.0,0.08001399040222168,0.22627794742584229,3.660738706588745,1.25,1.37:-8.27;1.33:-8.34;1.36:-8.37;1.37:-8.32;1.37:-8.28;1.37:-8.27;1.37:-8.27;1.37:-8.27,1.37:-8.27;1.37:-8.27;1.35:-8.27;1.33:-8.27;1.33:-8.27;1.33:-8.34;1.35:-8.28;1.35:-8.27;1.38:-8.35;1.35:-8.28;1.35:-8.27;1.35:-8.27,1.358652:-8.269982;1.342572:-8.268269;1.327725:-8.26832;1.306366:-8.278034;1.289672:-8.273313;1.280352:-8.267171;1.26609:-8.261376;1.237689:-8.272534;1.233834:-8.28169;1.213924:-8.267632;1.20738:-8.259599;1.180968:-8.25389
sigma3_hotel_seed42,tril,HOTEL:biwi_hotel:106:4750,HOTEL,biwi_hotel,biwi_hotel:106,4750,3,1.3028968572616577,2.396897077560425,0.6754627823829651,0.5597959756851196,0.4760231077671051,1.5567846298217773,1.5,1.87:-2.2;1.95:-1.97;1.97:-1.79;1.88:-1.55;1.83:-1.36;1.87:-1.16;1.92:-0.95;1.91:-0.68,1.83:-0.41;1.77:-0.23;1.77:-0.06;1.81:0.13;1.8:0.35;1.77:0.54;1.76:0.69;1.82:0.87;1.9:1.05;1.93:1.21;1.88:1.47;1.85:1.68,1.902475:-0.7008865;1.855549:-0.7051401;1.833341:-0.6836665;1.82735:-0.7183421;1.798106:-0.7137713;1.751511:-0.6733115;1.709441:-0.5259827;1.674582:-0.6970371;1.577912:-0.7282739;1.531237:-0.7010322;1.475811:-0.6441931;1.448424:-0.6830175
sigma3_hotel_seed42,tril,HOTEL:biwi_hotel:107:4750,HOTEL,biwi_hotel,biwi_hotel:107,4750,3,1.2320218086242676,2.437798023223877,0.887764036655426,0.5903638005256653,0.503415048122406,1.200033187866211,1.625,2.47:-2.3;2.55:-2.07;2.57:-1.89;2.5:-1.65;2.45:-1.46;2.47:-1.25;2.52:-1.04;2.58:-0.69,2.57:-0.59;2.54:-0.41;2.5:-0.19;2.5:-0.06;2.5:0.15;2.51:0.31;2.47:0.53;2.43:0.75;2.4:0.95;2.38:1.23;2.34:1.46;2.31:1.64,2.635982:-0.714886;2.654294:-0.7428593;2.697074:-0.6898603;2.756517:-0.7642428;2.717094:-0.7808536;2.719855:-0.6970368;2.71586:-0.5004516;2.681481:-0.7902329;2.609688:-0.8301296;2.540613:-0.7684648;2.509388:-0.6979791;2.462267:-0.793038
sigma3_hotel_seed42,tril,HOTEL:biwi_hotel:104:4760,HOTEL,biwi_hotel,biwi_hotel:104,4760,3,0.05924619734287262,0.062428783625364304,0.09013878554105759,0.05734004080295563,0.2296176254749298,10.656281471252441,1.125,1.39:-9.34;1.4:-9.34;1.42:-9.29;1.41:-9.28;1.42:-9.28;1.41:-9.27;1.43:-9.26;1.41:-9.23,1.44:-9.26;1.43:-9.25;1.43:-9.28;1.41:-9.27;1.38:-9.24;1.36:-9.24;1.29:-9.24;1.38:-9.28;1.36:-9.24;1.35:-9.26;1.31:-9.19;1.3:-9.18,1.404129:-9.229583;1.385018:-9.231162;1.371305:-9.222551;1.349765:-9.246158;1.342733:-9.236659;1.330308:-9.226418;1.319355:-9.216199;1.29723:-9.22887;1.291242:-9.253497;1.276322:-9.236861;1.27493:-9.230229;1.250707:-9.218308
sigma3_hotel_seed42,tril,HOTEL:biwi_hotel:105:4760,HOTEL,biwi_hotel,biwi_hotel:105,4760,3,0.05087766423821449,0.09327618032693863,0.0,0.05122021585702896,0.14229609072208405,2.356194496154785,1.125,1.33:-8.34;1.36:-8.37;1.37:-8.32;1.37:-8.28;1.37:-8.27;1.37:-8.27;1.37:-8.27;1.37:-8.27,1.37:-8.27;1.35:-8.27;1.33:-8.27;1.33:-8.27;1.33:-8.34;1.35:-8.28;1.35:-8.27;1.38:-8.35;1.35:-8.28;1.35:-8.27;1.35:-8.27;1.35:-8.27,1.366053:-8.270837;1.351404:-8.266408;1.344658:-8.264813;1.329611:-8.279614;1.318118:-8.273326;1.315775:-8.265687;1.311708:-8.263955;1.286214:-8.270715;1.28669:-8.281297;1.273954:-8.263069;1.273239:-8.255537;1.259626:-8.246916
sigma3_hotel_seed42,tril,HOTEL:biwi_hotel:106:4760,HOTEL,biwi_hotel,biwi_hotel:106,4760,3,1.3454385995864868,2.60088849067688,0.7040063738822937,0.5733983516693115,0.4675830006599426,1.5837403535842896,1.625,1.95:-1.97;1.97:-1.79;1.88:-1.55;1.83:-1.36;1.87:-1.16;1.92:-0.95;1.91:-0.68;1.83:-0.41,1.77:-0.23;1.77:-0.06;1.81:0.13;1.8:0.35;1.77:0.54;1.76:0.69;1.82:0.87;1.9:1.05;1.93:1.21;1.88:1.47;1.85:1.68;1.88:1.89,1.746755:-0.4234036;1.647051:-0.4242915;1.552355:-0.4155403;1.469263:-0.4199739;1.385181:-0.426423;1.28188:-0.3907478;1.178016:-0.2428927;1.091555:-0.3991872;0.9574581:-0.4167607;0.8506154:-0.4089706;0.7501583:-0.3624789;0.6632073:-0.4087032
sigma3_hotel_seed42,tril,HOTEL:biwi_hotel:107:4760,HOTEL,biwi_hotel,biwi_hotel:107,4760,3,1.2972809076309204,2.523878335952759,0.2512468993663788,0.5392862558364868,0.6924906969070435,1.2454004287719727,1.75,2.55:-2.07;2.57:-1.89;2.5:-1.65;2.45:-1.46;2.47:-1.25;2.52:-1.04;2.58:-0.69;2.57:-0.59,2.54:-0.41;2.5:-0.19;2.5:-0.06;2.5:0.15;2.51:0.31;2.47:0.53;2.43:0.75;2.4:0.95;2.38:1.23;2.34:1.46;2.31:1.64;2.33:1.85,2.602962:-0.5932486;2.616284:-0.5909464;2.628793:-0.5771562;2.660833:-0.5880035;2.711646:-0.5914437;2.723879:-0.5568612;2.768609:-0.531445;2.831391:-0.5328127;2.860642:-0.5433754;2.916604:-0.5629483;2.969906:-0.5565653;3.042672:-0.5711691
sigma3_hotel_seed42,tril,HOTEL:biwi_hotel:104:4770,HOTEL,biwi_hotel,biwi_hotel:104,4770,3,0.42580723762512207,0.8231566548347473,0.1060660183429718,0.06892090290784836,0.25785958766937256,12.410188674926758,1.0,1.4:-9.34;1.42:-9.29;1.41:-9.28;1.42:-9.28;1.41:-9.27;1.43:-9.26;1.41:-9.23;1.44:-9.26,1.43:-9.25;1.43:-9.28;1.41:-9.27;1.38:-9.24;1.36:-9.24;1.29:-9.24;1.38:-9.28;1.36:-9.24;1.35:-9.26;1.31:-9.19;1.3:-9.18;1.3:-9.18,1.492748:-9.260901;1.530466:-9.261627;1.580963:-9.248798;1.632481:-9.271538;1.688518:-9.279611;1.73499:-9.255801;1.805493:-9.267324;1.855449:-9.255285;1.91496:-9.275951;1.984066:-9.272921;2.043787:-9.291696;2.116038:-9.288024
sigma3_hotel_seed42,tril,HOTEL:biwi_hotel:105:4770,HOTEL,biwi_hotel,biwi_hotel:105,4770,3,0.026032278314232826,0.01723824255168438,0.0,0.03606792539358139,0.05639805644750595,0.19739556312561035,1.0,1.36:-8.37;1.37:-8.32;1.37:-8.28;1.37:-8.27;1.37:-8.27;1.37:-8.27;1.37:-8.27;1.37:-8.27,1.35:-8.27;1.33:-8.27;1.33:-8.27;1.33:-8.34;1.35:-8.28;1.35:-8.27;1.38:-8.35;1.35:-8.28;1.35:-8.27;1.35:-8.27;1.35:-8.27;1.35:-8.27,1.373183:-8.268955;1.365993:-8.269198;1.361986:-8.265572;1.356903:-8.266745;1.345813:-8.271915;1.353716:-8.268229;1.346689:-8.278924;1.336344:-8.272466;1.352018:-8.272195;1.344879:-8.262479;1.34918:-8.263838;1.336951:-8.258737
sigma3_hotel_seed42,tril,HOTEL:biwi_hotel:106:4770,HOTEL,biwi_hotel,biwi_hotel:106,4770,3,1.3124920129776,2.4678823947906494,0.47434166073799133,0.5764801502227783,0.4330994784832001,1.1480076313018799,1.75,1.97:-1.79;1.88:-1.55;1.83:-1.36;1.87:-1.16;1.92:-0.95;1.91:-0.68;1.83:-0.41;1.77:-0.23,1.77:-0.06;1.81:0.13;1.8:0.35;1.77:0.54;1.76:0.69;1.82:0.87;1.9:1.05;1.93:1.21;1.88:1.47;1.85:1.68;1.88:1.89;1.91:2.08,1.693062:-0.2358082;1.619483:-0.2273102;1.525368:-0.2427337;1.431833:-0.2210338;1.383092:-0.2140598;1.300144:-0.1969972;1.213037:-0.1011875;1.157732:-0.1673209;1.078069:-0.1741687;1.00209:-0.1837882;0.939294:-0.1387236;0.8610988:-0.1538867
sigma3_hotel_seed42,tril,HOTEL:biwi_hotel:107:4770,HOTEL,biwi_hotel,biwi_hotel:107,4770,3,1.2766822576522827,2.420914649963379,0.45620718598365784,0.539777398109436,0.6657152771949768,0.9164291620254517,1.875,2.57:-1.89;2.5:-1.65;2.45:-1.46;2.47:-1.25;2.52:-1.04;2.58:-0.69;2.57:-0.59;2.54:-0.41,2.5:-0.19;2.5:-0.06;2.5:0.15;2.51:0.31;2.47:0.53;2.43:0.75;2.4:0.95;2.38:1.23;2.34:1.46;2.31:1.64;2.33:1.85;2.36:2.04,2.521561:-0.4194386;2.490834:-0.4132133;2.446714:-0.4210842;2.407693:-0.4156897;2.415203:-0.4133105;2.377554:-0.3882005;2.349557:-0.3001544;2.351656:-0.3628915;2.317387:-0.3771048;2.29603:-0.3951086;2.288443:-0.3576441;2.276622:-0.3794784
sigma3_hotel_seed42,tril,HOTEL:biwi_hotel:104:4780,HOTEL,biwi_hotel,biwi_hotel:104,4780,3,0.13439808785915375,0.2960151731967926,0.0353553406894207,0.054738931357860565,0.26470184326171875,14.385876655578613,1.0,1.42:-9.29;1.41:-9.28;1.42:-9.28;1.41:-9.27;1.43:-9.26;1.41:-9.23;1.44:-9.26;1.43:-9.25,1.43:-9.28;1.41:-9.27;1.38:-9.24;1.36:-9.24;1.29:-9.24;1.38:-9.28;1.36:-9.24;1.35:-9.26;1.31:-9.19;1.3:-9.18;1.3:-9.18;1.3:-9.18,1.40831:-9.249174;1.376698:-9.249821;1.34804:-9.244167;1.304499:-9.268724;1.273594:-9.252209;1.246868:-9.243917;1.212789:-9.2281;1.161004:-9.251158;1.136595:-9.275685;1.091531:-9.248384;1.067954:-9.229701;1.005904:-9.213656
sigma3_hotel_seed42,tril,HOTEL:biwi_hotel:105:4780,HOTEL,biwi_hotel,biwi_hotel:105,4780,3,0.13896971940994263,0.25597888231277466,0.05000000074505806,0.02500000037252903,0.0625,1.5707963705062866,1.0,1.37:-8.32;1.37:-8.28;1.37:-8.27;1.37:-8.27;1.37:-8.27;1.37:-8.27;1.37:-8.27;1.35:-8.27,1.33:-8.27;1.33:-8.27;1.33:-8.34;1.35:-8.28;1.35:-8.27;1.38:-8.35;1.35:-8.28;1.35:-8.27;1.35:-8.27;1.35:-8.27;1.35:-8.27;1.33:-8.29,1.336977:-8.270465;1.316964:-8.269929;1.297372:-8.266502;1.270743:-8.281955;1.247484:-8.275281;1.23087:-8.266032;1.209765:-8.254294;1.173666:-8.27417;1.16232:-8.287323;1.131234:-8.269696;1.118405:-8.257357;1.0769:-8.25172
sigma3_hotel_seed42,tril,HOTEL:biwi_hotel:106:4780,HOTEL,biwi_hotel,biwi_hotel:106,4780,3,1.2309983968734741,2.3115670680999756,0.42500001192092896,0.5456515550613403,0.4297623634338379,1.3683111667633057,1.75,1.88:-1.55;1.83:-1.36;1.87:-1.16;1.92:-0.95;1.91:-0.68;1.83:-0.41;1.77:-0.23;1.77:-0.06,1.81:0.13;1.8:0.35;1.77:0.54;1.76:0.69;1.82:0.87;1.9:1.05;1.93:1.21;1.88:1.47;1.85:1.68;1.88:1.89;1.91:2.08;1.9:2.26,1.771323:-0.06941339;1.754077:-0.06503592;1.733902:-0.06477711;1.730613:-0.06317271;1.761577:-0.06571267;1.742126:-0.03933697;1.744096:0.03335718;1.778384:-0.01402047;1.760828:-0.0266818;1.781391:-0.05049957;1.795066:-0.02798441;1.834766:-0.05064654
sigma3_hotel_seed42,tril,HOTEL:biwi_hotel:107:4780,HOTEL,biwi_hotel,biwi_hotel:107,4780,3,1.3013662099838257,2.4688267707824707,0.55901700258255,0.5303512215614319,0.6525688171386719,0.9046635627746582,2.0,2.5:-1.65;2.45:-1.46;2.47:-1.25;2.52:-1.04;2.58:-0.69;2.57:-0.59;2.54:-0.41;2.5:-0.19,2.5:-0.06;2.5:0.15;2.51:0.31;2.47:0.53;2.43:0.75;2.4:0.95;2.38:1.23;2.34:1.46;2.31:1.64;2.33:1.85;2.36:2.04;2.36:2.22,2.445441:-0.2028126;2.376071:-0.1999641;2.305089:-0.2011193;2.241923:-0.1995474;2.197159:-0.198353;2.122888:-0.1695929;2.048533:-0.04400876;1.997869:-0.1633324;1.903434:-0.1797365;1.834583:-0.1789927;1.768095:-0.1306284;1.709071:-0.1614695
sigma3_hotel_seed42,tril,HOTEL:biwi_hotel:104:4790,HOTEL,biwi_hotel,biwi_hotel:104,4790,3,0.22894151508808136,0.42052119970321655,0.07500000298023224,0.06040245294570923,0.2843584716320038,14.385876655578613,1.0,1.41:-9.28;1.42:-9.28;1.41:-9.27;1.43:-9.26;1.41:-9.23;1.44:-9.26;1.43:-9.25;1.43:-9.28,1.41:-9.27;1.38:-9.24;1.36:-9.24;1.29:-9.24;1.38:-9.28;1.36:-9.24;1.35:-9.26;1.31:-9.19;1.3:-9.18;1.3:-9.18;1.3:-9.18;1.3:-9.18,1.450746:-9.280535;1.456541:-9.283025;1.471221:-9.273686;1.48714:-9.295482;1.515698:-9.296274;1.529566:-9.284614;1.557937:-9.286638;1.577481:-9.287116;1.600243:-9.307487;1.631495:-9.307053;1.663537:-9.316937;1.698588:-9.314037
sigma3_hotel_seed42,tril,HOTEL:biwi_hotel:105:4790,HOTEL,biwi_hotel,biwi_hotel:105,4790,3,0.15110310912132263,0.24126599729061127,0.05000000074505806,0.01785714365541935,0.03125,1.5707963705062866,1.0,1.37:-8.28;1.37:-8.27;1.37:-8.27;1.37:-8.27;1.37:-8.27;1.37:-8.27;1.35:-8.27;1.33:-8.27,1.33:-8.27;1.33:-8.34;1.35:-8.28;1.35:-8.27;1.38:-8.35;1.35:-8.28;1.35:-8.27;1.35:-8.27;1.35:-8.27;1.35:-8.27;1.33:-8.29;1.31:-8.29,1.315429:-8.269355;1.295083:-8.272089;1.276032:-8.266801;1.254731:-8.282216;1.232976:-8.274172;1.213948:-8.266769;1.191939:-8.258924;1.160095:-8.277129;1.144559:-8.289951;1.121979:-8.275581;1.106635:-8.265218;1.070792:-8.258553
sigma3_hotel_seed42,tril,HOTEL:biwi_hotel:106:4790,HOTEL,biwi_hotel,biwi_hotel:106,4790,3,1.293103814125061,2.4778568744659424,0.48541221022605896,0.5448287129402161,0.38202017545700073,1.1210881471633911,1.75,1.83:-1.36;1.87:-1.16;1.92:-0.95;1.91:-0.68;1.83:-0.41;1.77:-0.23;1.77:-0.06;1.81:0.13,1.8:0.35;1.77:0.54;1.76:0.69;1.82:0.87;1.9:1.05;1.93:1.21;1.88:1.47;1.85:1.68;1.88:1.89;1.91:2.08;1.9:2.26;1.83:2.51,1.871125:0.1166313;1.918415:0.1123338;1.971736:0.1243821;2.03513:0.1051906;2.092004:0.09202854;2.126006:0.1418842;2.186252:0.2268307;2.24065:0.1346229;2.26122:0.1088744;2.315607:0.1118893;2.34944:0.1308591;2.406406:0.1001182
sigma3_hotel_seed42,tril,HOTEL:biwi_hotel:107:4790,HOTEL,biwi_hotel,biwi_hotel:107,4790,3,1.3599926233291626,2.4967727661132812,0.32499998807907104,0.5066123604774475,0.679326593875885,0.7322416305541992,2.0,2.45:-1.46;2.47:-1.25;2.52:-1.04;2.58:-0.69;2.57:-0.59;2.54:-0.41;2.5:-0.19;2.5:-0.06,2.5:0.15;2.51:0.31;2.47:0.53;2.43:0.75;2.4:0.95;2.38:1.23;2.34:1.46;2.31:1.64;2.33:1.85;2.36:2.04;2.36:2.22;2.45:2.42,2.452406:-0.06634855;2.40735:-0.0637259;2.357826:-0.08139715;2.301442:-0.06538012;2.28373:-0.05932814;2.238047:-0.05559675;2.181904:0.02081982;2.145335:-0.03946142;2.090394:-0.05882225;2.05923:-0.05792999;2.007874:-0.03168023;1.961356:-0.02848952
sigma3_hotel_seed42,tril,HOTEL:biwi_hotel:104:4800,HOTEL,biwi_hotel,biwi_hotel:104,4800,3,0.17128068208694458,0.3670152723789215,0.055901698768138885,0.06481698155403137,0.3076508343219757,14.064126014709473,1.0,1.42:-9.28;1.41:-9.27;1.43:-9.26;1.41:-9.23;1.44:-9.26;1.43:-9.25;1.43:-9.28;1.41:-9.27,1.38:-9.24;1.36:-9.24;1.29:-9.24;1.38:-9.28;1.36:-9.24;1.35:-9.26;1.31:-9.19;1.3:-9.18;1.3:-9.18;1.3:-9.18;1.3:-9.18;1.3:-9.18,1.383043:-9.268145;1.348828:-9.270458;1.315858:-9.265212;1.268322:-9.287944;1.234103:-9.27028;1.203511:-9.264112;1.163138:-9.248456;1.108654:-9.271144;1.080381:-9.295865;1.03274:-9.268994;1.004733:-9.250147;0.9367945:-9.232745
sigma3_hotel_seed42,tril,HOTEL:biwi_hotel:105:4800,HOTEL,biwi_hotel,biwi_hotel:105,4800,3,0.08254464715719223,0.2752135992050171,0.0,0.014285714365541935,0.0416666679084301,0.0,1.0,1.37:-8.27;1.37:-8.27;1.37:-8.27;1.37:-8.27;1.37:-8.27;1.35:-8.27;1.33:-8.27;1.33:-8.27,1.33:-8.34;1.35:-8.28;1.35:-8.27;1.38:-8.35;1.35:-8.28;1.35:-8.27;1.35:-8.27;1.35:-8.27;1.35:-8.27;1.33:-8.29;1.31:-8.29;1.23:-8.23,1.335429:-8.269234;1.344174:-8.271498;1.349047:-8.274317;1.366136:-8.261923;1.371574:-8.276401;1.385693:-8.275022;1.395146:-8.287281;1.409536:-8.280788;1.434256:-8.268496;1.4561:-8.279207;1.472865:-8.290821;1.495958:-8.300773
sigma3_hotel_seed42,tril,HOTEL:biwi_hotel:106:4800,HOTEL,biwi_hotel,biwi_hotel:106,4800,3,1.2325670719146729,2.327559471130371,0.5505678653717041,0.5506380796432495,0.428027868270874,1.3376600742340088,1.625,1.87:-1.16;1.92:-0.95;1.91:-0.68;1.83:-0.41;1.77:-0.23;1.77:-0.06;1.81:0.13;1.8:0.35,1.77:0.54;1.76:0.69;1.82:0.87;1.9:1.05;1.93:1.21;1.88:1.47;1.85:1.68;1.88:1.89;1.91:2.08;1.9:2.26;1.83:2.51;1.8:2.68,1.794791:0.3338724;1.760346:0.3348145;1.737334:0.3430324;1.728115:0.3281314;1.724113:0.3320034;1.689727:0.3634452;1.662416:0.4784052;1.654546:0.3639286;1.592841:0.3414608;1.573236:0.3484845;1.544402:0.3940695;1.539052:0.3671145
sigma3_hotel_seed42,tril,HOTEL:biwi_hotel:107:4800,HOTEL,biwi_hotel,biwi_hotel:107,4800,3,1.3626885414123535,2.481553792953491,0.5249999761581421,0.5062729716300964,0.7314099073410034,0.5934501886367798,2.0,2.47:-1.25;2.52:-1.04;2.58:-0.69;2.57:-0.59;2.54:-0.41;2.5:-0.19;2.5:-0.06;2.5:0.15,2.51:0.31;2.47:0.53;2.43:0.75;2.4:0.95;2.38:1.23;2.34:1.46;2.31:1.64;2.33:1.85;2.36:2.04;2.36:2.22;2.45:2.42;2.47:2.6,2.514661:0.1312254;2.504945:0.1285871;2.496505:0.1397767;2.488327:0.1059043;2.489736:0.1068023;2.467638:0.1488832;2.453336:0.2889071;2.439959:0.1341391;2.389488:0.09797186;2.343798:0.1151539;2.331755:0.1677755;2.302843:0.1240822
sigma3_hotel_seed42,tril,HOTEL:biwi_hotel:104:4810,HOTEL,biwi_hotel,biwi_hotel:104,4810,3,0.05944879353046417,0.07580550014972687,0.1060660183429718,0.07491850852966309,0.29969322681427,12.493330001831055,1.0,1.41:-9.27;1.43:-9.26;1.41:-9.23;1.44:-9.26;1.43:-9.25;1.43:-9.28;1.41:-9.27;1.38:-9.24,1.36:-9.24;1.29:-9.24;1.38:-9.28;1.36:-9.24;1.35:-9.26;1.31:-9.19;1.3:-9.18;1.3:-9.18;1.3:-9.18;1.3:-9.18;1.3:-9.18;1.3:-9.18,1.376052:-9.237552;1.364036:-9.244837;1.356221:-9.235283;1.34618:-9.255857;1.350144:-9.24706;1.342923:-9.241395;1.337132:-9.234287;1.331148:-9.244341;1.327635:-9.268518;1.330267:-9.25938;1.335932:-9.258738;1.330619:-9.249347
sigma3_hotel_seed42,tril,HOTEL:biwi_hotel:105:4810,HOTEL,biwi_hotel,biwi_hotel:105,4810,3,0.14288096129894257,0.07767385244369507,0.17499999701976776,0.03928571566939354,0.1145833358168602,1.5707963705062866,1.0,1.37:-8.27;1.37:-8.27;1.37:-8.27;1.37:-8.27;1.35:-8.27;1.33:-8.27;1.33:-8.27;1.33:-8.34,1.35:-8.28;1.35:-8.27;1.38:-8.35;1.35:-8.28;1.35:-8.27;1.35:-8.27;1.35:-8.27;1.35:-8.27;1.33:-8.29;1.31:-8.29;1.23:-8.23;1.17:-8.26,1.324502:-8.341557;1.291791:-8.335923;1.257372:-8.319489;1.221627:-8.34614;1.209716:-8.333079;1.184661:-8.306662;1.166788:-8.276304;1.152468:-8.289189;1.143435:-8.308916;1.1078:-8.296211;1.119863:-8.268832;1.092866:-8.269146
sigma3_hotel_seed42,tril,HOTEL:biwi_hotel:106:4810,HOTEL,biwi_hotel,biwi_hotel:106,4810,3,1.2675166130065918,2.402704954147339,0.4808846116065979,0.5422393679618835,0.37719735503196716,1.1780753135681152,1.5,1.92:-0.95;1.91:-0.68;1.83:-0.41;1.77:-0.23;1.77:-0.06;1.81:0.13;1.8:0.35;1.77:0.54,1.76:0.69;1.82:0.87;1.9:1.05;1.93:1.21;1.88:1.47;1.85:1.68;1.88:1.89;1.91:2.08;1.9:2.26;1.83:2.51;1.8:2.68;1.79:2.91,1.741609:0.5270499;1.707228:0.5300148;1.659895:0.5221136;1.613353:0.5216722;1.6019:0.5258586;1.553867:0.5513547;1.508229:0.6725191;1.484749:0.5627213;1.423748:0.54163;1.373988:0.5391123;1.342029:0.5877404;1.299152:0.5579668
sigma3_hotel_seed42,tril,HOTEL:biwi_hotel:107:4810,HOTEL,biwi_hotel,biwi_hotel:107,4810,3,1.4092063903808594,2.5428826808929443,0.40078049898147583,0.4864307940006256,0.6383198499679565,0.5919041037559509,1.875,2.52:-1.04;2.58:-0.69;2.57:-0.59;2.54:-0.41;2.5:-0.19;2.5:-0.06;2.5:0.15;2.51:0.31,2.47:0.53;2.43:0.75;2.4:0.95;2.38:1.23;2.34:1.46;2.31:1.64;2.33:1.85;2.36:2.04;2.36:2.22;2.45:2.42;2.47:2.6;2.46:2.83,2.534261:0.2989171;2.540204:0.3016965;2.540108:0.3052344;2.549529:0.2968291;2.588621:0.2890416;2.586458:0.3264413;2.606993:0.4054061;2.644463:0.341517;2.646495:0.3222085;2.664366:0.3061078;2.691527:0.329421;2.723055:0.30076
sigma3_hotel_seed42,tril,HOTEL:biwi_hotel:104:4820,HOTEL,biwi_hotel,biwi_hotel:104,4820,3,0.15614698827266693,0.33533334732055664,0.05000000074505806,0.07407540827989578,0.28604885935783386,11.583577156066895,1.0,1.43:-9.26;1.41:-9.23;1.44:-9.26;1.43:-9.25;1.43:-9.28;1.41:-9.27;1.38:-9.24;1.36:-9.24,1.29:-9.24;1.38:-9.28;1.36:-9.24;1.35:-9.26;1.31:-9.19;1.3:-9.18;1.3:-9.18;1.3:-9.18;1.3:-9.18;1.3:-9.18;1.3:-9.18;1.33:-9.25,1.340891:-9.239204;1.311652:-9.240577;1.287337:-9.233947;1.253422:-9.256413;1.225543:-9.242135;1.201095:-9.234345;1.171783:-9.223868;1.126739:-9.24312;1.104231:-9.264097;1.070132:-9.240277;1.047726:-9.225504;0.9970191:-9.21035
sigma3_hotel_seed42,tril,HOTEL:biwi_hotel:105:4820,HOTEL,biwi_hotel,biwi_hotel:105,4820,3,0.09313773363828659,0.30998465418815613,0.15811388194561005,0.0618734136223793,0.2515932023525238,4.39063835144043,1.0,1.37:-8.27;1.37:-8.27;1.37:-8.27;1.35:-8.27;1.33:-8.27;1.33:-8.27;1.33:-8.34;1.35:-8.28,1.35:-8.27;1.38:-8.35;1.35:-8.28;1.35:-8.27;1.35:-8.27;1.35:-8.27;1.35:-8.27;1.33:-8.29;1.31:-8.29;1.23:-8.23;1.17:-8.26;1.13:-8.22,1.365665:-8.280427;1.347536:-8.275816;1.331268:-8.251701;1.324646:-8.281199;1.336501:-8.273606;1.329859:-8.243792;1.341147:-8.232166;1.361748:-8.222702;1.3779:-8.237995;1.376961:-8.236003;1.420304:-8.221048;1.439926:-8.226052
sigma3_hotel_seed42,tril,HOTEL:biwi_hotel:106:4820,HOTEL,biwi_hotel,biwi_hotel:106,4820,3,1.2909709215164185,2.383549213409424,0.3758324086666107,0.4994350075721741,0.3508654236793518,1.0170737504959106,1.375,1.91:-0.68;1.83:-0.41;1.77:-0.23;1.77:-0.06;1.81:0.13;1.8:0.35;1.77:0.54;1.76:0.69,1.82:0.87;1.9:1.05;1.93:1.21;1.88:1.47;1.85:1.68;1.88:1.89;1.91:2.08;1.9:2.26;1.83:2.51;1.8:2.68;1.79:2.91;1.76:3.1,1.743137:0.6819265;1.710787:0.6884236;1.666383:0.6851832;1.626623:0.6846;1.629822:0.6897538;1.592497:0.7160997;1.565207:0.7949045;1.564237:0.7408758;1.532946:0.7263303;1.507519:0.7130906;1.503355:0.7508013;1.488086:0.7320112
sigma3_hotel_seed42,tril,HOTEL:biwi_hotel:107:4820,HOTEL,biwi_hotel,biwi_hotel:107,4820,3,1.4032692909240723,2.547168254852295,0.55901700258255,0.4394669234752655,0.4492442011833191,0.5647294521331787,1.75,2.58:-0.69;2.57:-0.59;2.54:-0.41;2.5:-0.19;2.5:-0.06;2.5:0.15;2.51:0.31;2.47:0.53,2.43:0.75;2.4:0.95;2.38:1.23;2.34:1.46;2.31:1.64;2.33:1.85;2.36:2.04;2.36:2.22;2.45:2.42;2.47:2.6;2.46:2.83;2.46:3.01,2.414807:0.51872;2.348053:0.5239643;2.274392:0.516663;2.206656:0.5262164;2.168884:0.5289895;2.096993:0.5541112;2.024158:0.6689516;1.979969:0.5695232;1.895829:0.5564513;1.833819:0.550714;1.773393:0.5983259;1.716605:0.5737265
sigma3_hotel_seed42,tril,HOTEL:biwi_hotel:119:5680,HOTEL,biwi_hotel,biwi_hotel:119,5680,3,3.788743019104004,7.038531303405762,1.209338665008545,1.364098310470581,0.46689119935035706,0.3931954503059387,1.25,1.3:3.75;1.23:3.21;1.25:2.68;1.24:2.15;1.23:1.65;1.21:1.03;1.23:0.42;1.29:-0.06,1.32:-0.61;1.38:-1.18;1.47:-1.86;1.53:-2.46;1.73:-3.04;1.83:-3.68;1.95:-4.21;2.07:-4.79;2.24:-5.45;2.37:-5.91;2.58:-6.61;2.68:-7.26,1.45633:-0.09126324;1.502573:-0.1597884;1.585511:-0.0344007;1.722495:-0.1873616;1.66145:-0.2186543;1.702441:-0.09113191;1.693938:0.1761864;1.681726:-0.295846;1.61621:-0.3328613;1.481651:-0.2615451;1.51245:-0.1357314;1.442674:-0.331079
sigma3_hotel_seed42,tril,HOTEL:biwi_hotel:120:5680,HOTEL,biwi_hotel,biwi_hotel:120,5680,3,3.851745367050171,7.248527526855469,1.225000023841858,1.3357245922088623,0.5015189051628113,0.6552219986915588,1.0,0.59:3.3;0.58:2.8;0.52:2.25;0.57:1.7;0.58:1.19;0.57:0.64;0.64:0.06;0.64:-0.43,0.62:-0.92;0.69:-1.44;0.79:-2.02;0.8:-2.61;1.02:-3.24;1.07:-3.84;1.23:-4.44;1.4:-5.04;1.55:-5.73;1.71:-6.24;1.86:-6.84;1.93:-7.38,0.6450436:-0.4550306;0.5325848:-0.5086961;0.4665817:-0.3946994;0.458948:-0.5078195;0.2759748:-0.5449334;0.1911193:-0.4311157;0.05123949:-0.1765677;-0.07388461:-0.5983967;-0.2563201:-0.6145581;-0.4871846:-0.5577719;-0.5755322:-0.4495775;-0.7192819:-0.632967
sigma3_hotel_seed42,tril,HOTEL:biwi_hotel:119:5690,HOTEL,biwi_hotel,biwi_hotel:119,5690,3,4.0982537269592285,7.643580913543701,1.3770439624786377,1.366348147392273,0.45189523696899414,0.2964302599430084,1.375,1.23:3.21;1.25:2.68;1.24:2.15;1.23:1.65;1.21:1.03;1.23:0.42;1.29:-0.06;1.32:-0.61,1.38:-1.18;1.47:-1.86;1.53:-2.46;1.73:-3.04;1.83:-3.68;1.95:-4.21;2.07:-4.79;2.24:-5.45;2.37:-5.91;2.58:-6.61;2.68:-7.26;2.86:-7.87,1.325112:-0.6359719;1.20494:-0.7045107;1.128696:-0.5705225;1.126223:-0.7045416;0.915775:-0.7439972;0.8170304:-0.618999;0.6553131:-0.3287959;0.5182617:-0.8201419;0.3060875:-0.8337089;0.03615129:-0.7752068;-0.05461335:-0.6493245;-0.2171191:-0.8731672
sigma3_hotel_seed42,tril,HOTEL:biwi_hotel:120:5690,HOTEL,biwi_hotel,biwi_hotel:120,5690,3,4.2082390785217285,7.88927698135376,1.2260199785232544,1.3322632312774658,0.4486953020095825,0.6073517799377441,1.0,0.58:2.8;0.52:2.25;0.57:1.7;0.58:1.19;0.57:0.64;0.64:0.06;0.64:-0.43;0.62:-0.92,0.69:-1.44;0.79:-2.02;0.8:-2.61;1.02:-3.24;1.07:-3.84;1.23:-4.44;1.4:-5.04;1.55:-5.73;1.71:-6.24;1.86:-6.84;1.93:-7.38;2.14:-8.04,0.5226364:-0.9385622;0.3364576:-0.981504;0.1869334:-0.8860196;0.09097236:-0.9630551;-0.1527331:-1.00384;-0.3096339:-0.9026845;-0.5172255:-0.6535618;-0.7041776:-1.036948;-0.9462456:-1.041227;-1.227457:-0.9973968;-1.38283:-0.9056202;-1.572775:-1.078966
sigma3_hotel_seed42,tril,HOTEL:biwi_hotel:119:5700,HOTEL,biwi_hotel,biwi_hotel:119,5700,3,3.851196527481079,7.048951148986816,1.432873010635376,1.3816238641738892,0.4582030773162842,0.2902320921421051,1.5,1.25:2.68;1.24:2.15;1.23:1.65;1.21:1.03;1.23:0.42;1.29:-0.06;1.32:-0.61;1.38:-1.18,1.47:-1.86;1.53:-2.46;1.73:-3.04;1.83:-3.68;1.95:-4.21;2.07:-4.79;2.24:-5.45;2.37:-5.91;2.58:-6.61;2.68:-7.26;2.86:-7.87;2.96:-8.47,1.597643:-1.214835;1.650688:-1.309379;1.745806:-1.141088;1.920075:-1.340023;1.836331:-1.378832;1.888261:-1.228876;1.864202:-0.9109264;1.857105:-1.50137;1.779344:-1.535756;1.594548:-1.459928;1.653539:-1.299691;1.56463:-1.560539
sigma3_hotel_seed42,tril,HOTEL:biwi_hotel:120:5700,HOTEL,biwi_hotel,biwi_hotel:120,5700,3,3.803312063217163,6.975513458251953,1.3117259740829468,1.3220586776733398,0.43293315172195435,0.5826353430747986,1.0,0.52:2.25;0.57:1.7;0.58:1.19;0.57:0.64;0.64:0.06;0.64:-0.43;0.62:-0.92;0.69:-1.44,0.79:-2.02;0.8:-2.61;1.02:-3.24;1.07:-3.84;1.23:-4.44;1.4:-5.04;1.55:-5.73;1.71:-6.24;1.86:-6.84;1.93:-7.38;2.14:-8.04;2.26:-8.63,0.8982681:-1.473777;0.9565544:-1.557742;1.056058:-1.406545;1.22284:-1.588226;1.155899:-1.624724;1.212751:-1.482978;1.202993:-1.188571;1.200064:-1.729515;1.137529:-1.766211;0.9799972:-1.691233;1.034442:-1.545243;0.9570681:-1.777252
sigma3_hotel_seed42,tril,HOTEL:biwi_hotel:119:5710,HOTEL,biwi_hotel,biwi_hotel:119,5710,3,3.7886714935302734,7.08935022354126,1.7148250341415405,1.437279462814331,0.5457213521003723,0.3158116638660431,1.5,1.24:2.15;1.23:1.65;1.21:1.03;1.23:0.42;1.29:-0.06;1.32:-0.61;1.38:-1.18;1.47:-1.86,1.53:-2.46;1.73:-3.04;1.83:-3.68;1.95:-4.21;2.07:-4.79;2.24:-5.45;2.37:-5.91;2.58:-6.61;2.68:-7.26;2.86:-7.87;2.96:-8.47;3.13:-9.2,1.713784:-1.897681;1.740752:-2.018731;1.814686:-1.792618;2.009477:-2.045572;1.868355:-2.09009;1.898041:-1.905246;1.833097:-1.527744;1.814518:-2.24624;1.691815:-2.267941;1.425782:-2.190032;1.499962:-1.984434;1.381356:-2.329692
sigma3_hotel_seed42,tril,HOTEL:biwi_hotel:120:5710,HOTEL,biwi_hotel,biwi_hotel:120,5710,3,3.803222417831421,6.915696144104004,1.4713939428329468,1.3350192308425903,0.4438847005367279,0.5485050082206726,1.0,0.57:1.7;0.58:1.19;0.57:0.64;0.64:0.06;0.64:-0.43;0.62:-0.92;0.69:-1.44;0.79:-2.02,0.8:-2.61;1.02:-3.24;1.07:-3.84;1.23:-4.44;1.4:-5.04;1.55:-5.73;1.71:-6.24;1.86:-6.84;1.93:-7.38;2.14:-8.04;2.26:-8.63;2.24:-9.24,1.034067:-2.056082;1.097448:-2.154983;1.206107:-1.975857;1.39854:-2.187026;1.31993:-2.227626;1.385393:-2.070532;1.369293:-1.747695;1.373133:-2.357055;1.30679:-2.391421;1.121047:-2.313838;1.196841:-2.145768;1.111044:-2.417075
sigma3_hotel_seed42,tril,HOTEL:biwi_hotel:136:6790,HOTEL,biwi_hotel,biwi_hotel:136,6790,3,0.05911055579781532,0.05940789729356766,0.055901698768138885,0.06514272838830948,0.11880123615264893,4.31759786605835,0.875,3.14:-1.41;3.15:-1.43;3.17:-1.46;3.17:-1.49;3.18:-1.52;3.2:-1.52;3.2:-1.54;3.19:-1.56,3.18:-1.56;3.18:-1.56;3.19:-1.54;3.17:-1.52;3.15:-1.5;3.15:-1.49;3.17:-1.5;3.18:-1.52;3.18:-1.55;3.2:-1.59;3.22:-1.6;3.23:-1.6,3.193141:-1.559327;3.191789:-1.562854;3.195567:-1.560896;3.199927:-1.569598;3.212109:-1.570993;3.217567:-1.567478;3.226378:-1.56945;3.229967:-1.572064;3.241494:-1.585552;3.261379:-1.584131;3.273199:-1.593071;3.288153:-1.587854
sigma3_hotel_seed42,tril,HOTEL:biwi_hotel:136:6800,HOTEL,biwi_hotel,biwi_hotel:136,6800,3,0.19369389116764069,0.433611124753952,0.02500000037252903,0.060728203505277634,0.12490317225456238,5.300391674041748,0.75,3.15:-1.43;3.17:-1.46;3.17:-1.49;3.18:-1.52;3.2:-1.52;3.2:-1.54;3.19:-1.56;3.18:-1.56,3.18:-1.56;3.19:-1.54;3.17:-1.52;3.15:-1.5;3.15:-1.49;3.17:-1.5;3.18:-1.52;3.18:-1.55;3.2:-1.59;3.22:-1.6;3.23:-1.6;3.25:-1.61,3.162063:-1.559862;3.135666:-1.559634;3.111355:-1.5547;3.077643:-1.573709;3.047909:-1.56264;3.025853:-1.553911;2.997463:-1.54177;2.952577:-1.562367;2.934045:-1.5788;2.89558:-1.555934;2.875791:-1.540327;2.823839:-1.529966
sigma3_hotel_seed42,tril,HOTEL:biwi_hotel:136:6810,HOTEL,biwi_hotel,biwi_hotel:136,6810,3,0.058311354368925095,0.08876250684261322,0.0,0.047851234674453735,0.11448650807142258,4.71238899230957,0.5,3.17:-1.46;3.17:-1.49;3.18:-1.52;3.2:-1.52;3.2:-1.54;3.19:-1.56;3.18:-1.56;3.18:-1.56,3.19:-1.54;3.17:-1.52;3.15:-1.5;3.15:-1.49;3.17:-1.5;3.18:-1.52;3.18:-1.55;3.2:-1.59;3.22:-1.6;3.23:-1.6;3.25:-1.61;3.25:-1.62,3.175006:-1.559495;3.170907:-1.560527;3.16567:-1.562726;3.163379:-1.56204;3.161238:-1.56608;3.16144:-1.562929;3.159989:-1.564755;3.154204:-1.568016;3.162773:-1.569632;3.168391:-1.569689;3.172834:-1.573462;3.173958:-1.574214
sigma3_hotel_seed42,tril,HOTEL:biwi_hotel:136:6820,HOTEL,biwi_hotel,biwi_hotel:136,6820,3,0.14614330232143402,0.31326478719711304,0.055901698768138885,0.0451229065656662,0.1273622214794159,6.425082206726074,0.375,3.17:-1.49;3.18:-1.52;3.2:-1.52;3.2:-1.54;3.19:-1.56;3.18:-1.56;3.18:-1.56;3.19:-1.54,3.17:-1.52;3.15:-1.5;3.15:-1.49;3.17:-1.5;3.18:-1.52;3.18:-1.55;3.2:-1.59;3.22:-1.6;3.23:-1.6;3.25:-1.61;3.25:-1.62;3.2:-1.64,3.209292:-1.540529;3.217008:-1.543283;3.237627:-1.538262;3.259562:-1.552693;3.291966:-1.556558;3.311661:-1.550882;3.342706:-1.55699;3.365119:-1.553746;3.38997:-1.572346;3.433727:-1.572693;3.462223:-1.58988;3.508099:-1.583342
sigma3_hotel_seed42,tril,HOTEL:biwi_hotel:136:6830,HOTEL,biwi_hotel,biwi_hotel:136,6830,3,0.13840723037719727,0.16175389289855957,0.0707106813788414,0.04393058270215988,0.12567181885242462,6.425082206726074,0.375,3.18:-1.52;3.2:-1.52;3.2:-1.54;3.19:-1.56;3.18:-1.56;3.18:-1.56;3.19:-1.54;3.17:-1.52,3.15:-1.5;3.15:-1.49;3.17:-1.5;3.18:-1.52;3.18:-1.55;3.2:-1.59;3.22:-1.6;3.23:-1.6;3.25:-1.61;3.25:-1.62;3.2:-1.64;3.1:-1.62,3.159449:-1.51886;3.141816:-1.522687;3.126836:-1.517103;3.105009:-1.536318;3.093973:-1.527366;3.079688:-1.520743;3.063645:-1.511836;3.037839:-1.52791;3.027987:-1.54923;3.011816:-1.534703;3.004069:-1.528419;2.97452:-1.517926
sigma3_hotel_seed42,tril,HOTEL:biwi_hotel:138:6840,HOTEL,biwi_hotel,biwi_hotel:138,6840,3,0.09306474775075912,0.16512034833431244,0.0,0.04665092006325722,0.20840135216712952,3.6740968227386475,2.75,1.4:-8.32;1.42:-8.32;1.44:-8.32;1.44:-8.32;1.44:-8.32;1.48:-8.25;1.48:-8.26;1.48:-8.26,1.41:-8.27;1.39:-8.31;1.37:-8.33;1.38:-8.32;1.42:-8.34;1.41:-8.32;1.39:-8.33;1.35:-8.35;1.36:-8.37;1.4:-8.32;1.4:-8.39;1.47:-8.29,1.472797:-8.261152;1.460847:-8.259755;1.446742:-8.259019;1.427186:-8.269506;1.412201:-8.268394;1.40312:-8.25879;1.391035:-8.247219;1.36537:-8.265521;1.364291:-8.274843;1.341106:-8.263371;1.337912:-8.255098;1.3086:-8.255148
sigma3_hotel_seed42,tril,HOTEL:biwi_hotel:139:6840,HOTEL,biwi_hotel,biwi_hotel:139,6840,3,0.1439160406589508,0.3755761384963989,0.07500000298023224,0.07717034965753555,0.2593548595905304,9.604631423950195,1.875,1.23:-9.32;1.27:-9.3;1.29:-9.28;1.28:-9.28;1.28:-9.29;1.26:-9.28;1.19:-9.27;1.22:-9.27,1.25:-9.29;1.29:-9.3;1.31:-9.3;1.31:-9.3;1.31:-9.3;1.31:-9.3;1.31:-9.3;1.31:-9.3;1.31:-9.3;1.31:-9.3;1.31:-9.3;1.31:-9.3,1.243178:-9.270319;1.259449:-9.272162;1.289688:-9.270495;1.332776:-9.272744;1.369185:-9.2823;1.398322:-9.280154;1.440723:-9.300934;1.477731:-9.28599;1.50994:-9.286792;1.575874:-9.297105;1.609661:-9.31972;1.685036:-9.32014
sigma3_hotel_seed42,tril,HOTEL:biwi_hotel:138:6850,HOTEL,biwi_hotel,biwi_hotel:138,6850,3,0.3450450599193573,0.7105982899665833,0.1767766922712326,0.06476187705993652,0.2820582985877991,5.102995872497559,3.125,1.42:-8.32;1.44:-8.32;1.44:-8.32;1.44:-8.32;1.48:-8.25;1.48:-8.26;1.48:-8.26;1.41:-8.27,1.39:-8.31;1.37:-8.33;1.38:-8.32;1.42:-8.34;1.41:-8.32;1.39:-8.33;1.35:-8.35;1.36:-8.37;1.4:-8.32;1.4:-8.39;1.47:-8.29;1.41:-8.33,1.367355:-8.267978;1.320916:-8.270697;1.273636:-8.26852;1.203628:-8.289463;1.153638:-8.26774;1.111117:-8.264872;1.048262:-8.235528;0.9720148:-8.27028;0.92819:-8.300925;0.8559886:-8.264756;0.8088808:-8.238964;0.7085686:-8.216228
sigma3_hotel_seed42,tril,HOTEL:biwi_hotel:139:6850,HOTEL,biwi_hotel,biwi_hotel:139,6850,3,0.3176784813404083,0.6857902407646179,0.09013878554105759,0.07407540827989578,0.2593548595905304,9.87088394165039,2.25,1.27:-9.3;1.29:-9.28;1.28:-9.28;1.28:-9.29;1.26:-9.28;1.19:-9.27;1.22:-9.27;1.25:-9.29,1.29:-9.3;1.31:-9.3;1.31:-9.3;1.31:-9.3;1.31:-9.3;1.31:-9.3;1.31:-9.3;1.31:-9.3;1.31:-9.3;1.31:-9.3;1.31:-9.3;1.31:-9.3,1.298706:-9.290743;1.34455:-9.295199;1.403151:-9.29353;1.463941:-9.302649;1.526922:-9.317086;1.580727:-9.30661;1.653024:-9.323233;1.707124:-9.31492;1.766794:-9.329826;1.85263:-9.336283;1.906496:-9.36659;1.992694:-9.365091
sigma3_hotel_seed42,tril,HOTEL:biwi_hotel:138:6860,HOTEL,biwi_hotel,biwi_hotel:138,6860,3,0.0673501119017601,0.18094776570796967,0.11180339753627777,0.07359093427658081,0.3219640552997589,5.016597270965576,3.5,1.44:-8.32;1.44:-8.32;1.44:-8.32;1.48:-8.25;1.48:-8.26;1.48:-8.26;1.41:-8.27;1.39:-8.31,1.37:-8.33;1.38:-8.32;1.42:-8.34;1.41:-8.32;1.39:-8.33;1.35:-8.35;1.36:-8.37;1.4:-8.32;1.4:-8.39;1.47:-8.29;1.41:-8.33;1.35:-8.33,1.396126:-8.308824;1.395777:-8.317751;1.401053:-8.310602;1.406956:-8.327499;1.430878:-8.324519;1.434926:-8.319926;1.445016:-8.309005;1.45929:-8.322166;1.464828:-8.347774;1.49064:-8.347533;1.507646:-8.355125;1.529808:-8.350274
sigma3_hotel_seed42,tril,HOTEL:biwi_hotel:139:6860,HOTEL,biwi_hotel,biwi_hotel:139,6860,3,0.25463882088661194,0.5374166369438171,0.10307764261960983,0.0786992609500885,0.2365284413099289,7.857712745666504,2.5,1.29:-9.28;1.28:-9.28;1.28:-9.29;1.26:-9.28;1.19:-9.27;1.22:-9.27;1.25:-9.29;1.29:-9.3,1.31:-9.3;1.31:-9.3;1.31:-9.3;1.31:-9.3;1.31:-9.3;1.31:-9.3;1.31:-9.3;1.31:-9.3;1.31:-9.3;1.31:-9.3;1.31:-9.3;1.31:-9.3,1.333018:-9.30103;1.357764:-9.299238;1.398109:-9.287243;1.439459:-9.309127;1.485321:-9.313785;1.523207:-9.293042;1.58267:-9.305784;1.622035:-9.29047;1.671204:-9.308863;1.731107:-9.30341;1.781731:-9.31868;1.847289:-9.311707
sigma3_hotel_seed42,tril,HOTEL:biwi_hotel:138:6870,HOTEL,biwi_hotel,biwi_hotel:138,6870,3,0.04865994676947594,0.0789574533700943,0.0707106813788414,0.08369246125221252,0.3427973985671997,5.338347911834717,3.75,1.44:-8.32;1.44:-8.32;1.48:-8.25;1.48:-8.26;1.48:-8.26;1.41:-8.27;1.39:-8.31;1.37:-8.33,1.38:-8.32;1.42:-8.34;1.41:-8.32;1.39:-8.33;1.35:-8.35;1.36:-8.37;1.4:-8.32;1.4:-8.39;1.47:-8.29;1.41:-8.33;1.35:-8.33;1.47:-8.29,1.375428:-8.328603;1.376286:-8.335992;1.378875:-8.330472;1.379512:-8.347713;1.395366:-8.345291;1.398383:-8.339646;1.405938:-8.333917;1.410792:-8.345946;1.419265:-8.367698;1.433168:-8.365883;1.449167:-8.37113;1.457324:-8.367933
sigma3_hotel_seed42,tril,HOTEL:biwi_hotel:139:6870,HOTEL,biwi_hotel,biwi_hotel:139,6870,3,0.0929957926273346,0.21866284310817719,0.05000000074505806,0.08227068930864334,0.24508942663669586,6.531895160675049,2.5,1.28:-9.28;1.28:-9.29;1.26:-9.28;1.19:-9.27;1.22:-9.27;1.25:-9.29;1.29:-9.3;1.31:-9.3,1.31:-9.3;1.31:-9.3;1.31:-9.3;1.31:-9.3;1.31:-9.3;1.31:-9.3;1.31:-9.3;1.31:-9.3;1.31:-9.3;1.31:-9.3;1.31:-9.3;1.31:-9.3,1.324557:-9.299312;1.323469:-9.299595;1.335993:-9.291284;1.350078:-9.31224;1.370323:-9.306245;1.382392:-9.297906;1.406652:-9.309146;1.418542:-9.300731;1.433862:-9.315121;1.465083:-9.309984;1.490449:-9.314568;1.528565:-9.306538
sigma3_hotel_seed42,tril,HOTEL:biwi_hotel:138:6880,HOTEL,biwi_hotel,biwi_hotel:138,6880,3,0.10387769341468811,0.19175827503204346,0.0353553406894207,0.08874322474002838,0.3030097186565399,8.479940414428711,3.875,1.44:-8.32;1.48:-8.25;1.48:-8.26;1.48:-8.26;1.41:-8.27;1.39:-8.31;1.37:-8.33;1.38:-8.32,1.42:-8.34;1.41:-8.32;1.39:-8.33;1.35:-8.35;1.36:-8.37;1.4:-8.32;1.4:-8.39;1.47:-8.29;1.41:-8.33;1.35:-8.33;1.47:-8.29;1.48:-8.28,1.390136:-8.319831;1.398526:-8.320344;1.4136:-8.322068;1.439868:-8.318149;1.458459:-8.32741;1.476367:-8.325873;1.500708:-8.34289;1.521028:-8.331016;1.545456:-8.326454;1.58844:-8.335002;1.609818:-8.35089;1.657336:-8.35296
sigma3_hotel_seed42,tril,HOTEL:biwi_hotel:139:6880,HOTEL,biwi_hotel,biwi_hotel:139,6880,3,0.03805192932486534,0.09463668614625931,0.0,0.0786992609500885,0.23645997047424316,4.497451305389404,2.5,1.28:-9.29;1.26:-9.28;1.19:-9.27;1.22:-9.27;1.25:-9.29;1.29:-9.3;1.31:-9.3;1.31:-9.3,1.31:-9.3;1.31:-9.3;1.31:-9.3;1.31:-9.3;1.31:-9.3;1.31:-9.3;1.31:-9.3;1.31:-9.3;1.31:-9.3;1.31:-9.3;1.31:-9.3;1.31:-9.3,1.318182:-9.300172;1.310401:-9.297899;1.319523:-9.292254;1.323921:-9.313991;1.331473:-9.304866;1.33995:-9.298219;1.354991:-9.306704;1.348322:-9.30439;1.354731:-9.319198;1.37146:-9.303979;1.383236:-9.303198;1.404154:-9.290453
sigma3_hotel_seed42,tril,HOTEL:biwi_hotel:138:6890,HOTEL,biwi_hotel,biwi_hotel:138,6890,3,0.33094528317451477,0.5977335572242737,0.11180339753627777,0.07592135667800903,0.2540343999862671,7.106539726257324,3.75,1.48:-8.25;1.48:-8.26;1.48:-8.26;1.41:-8.27;1.39:-8.31;1.37:-8.33;1.38:-8.32;1.42:-8.34,1.41:-8.32;1.39:-8.33;1.35:-8.35;1.36:-8.37;1.4:-8.32;1.4:-8.39;1.47:-8.29;1.41:-8.33;1.35:-8.33;1.47:-8.29;1.48:-8.28;1.48:-8.28,1.460357:-8.340325;1.497916:-8.346513;1.546477:-8.34463;1.59589:-8.354572;1.654713:-8.366504;1.700657:-8.359434;1.761086:-8.368157;1.810252:-8.365542;1.860366:-8.38427;1.935327:-8.39071;1.984812:-8.418592;2.061704:-8.417497
sigma3_hotel_seed42,tril,HOTEL:biwi_hotel:139:6890,HOTEL,biwi_hotel,biwi_hotel:139,6890,3,0.012943051755428314,0.028567366302013397,0.0,0.07071330398321152,0.18437664210796356,4.175700664520264,2.5,1.26:-9.28;1.19:-9.27;1.22:-9.27;1.25:-9.29;1.29:-9.3;1.31:-9.3;1.31:-9.3;1.31:-9.3,1.31:-9.3;1.31:-9.3;1.31:-9.3;1.31:-9.3;1.31:-9.3;1.31:-9.3;1.31:-9.3;1.31:-9.3;1.31:-9.3;1.31:-9.3;1.31:-9.3;1.31:-9.3,1.314176:-9.300706;1.300301:-9.295424;1.304668:-9.290519;1.299686:-9.313607;1.298402:-9.302198;1.303702:-9.294847;1.312529:-9.301299;1.293883:-9.299919;1.296523:-9.315278;1.300614:-9.293036;1.306352:-9.287652;1.314458:-9.271783
sigma3_hotel_seed42,tril,HOTEL:biwi_hotel:142:6890,HOTEL,biwi_hotel,biwi_hotel:142,6890,3,3.7586166858673096,6.851112365722656,1.2772040367126465,1.2348523139953613,0.7238509654998779,1.1283258199691772,3.625,0.6:-9.34;0.6:-8.96;0.59:-8.5;0.82:-7.99;0.99:-7.51;1.21:-7.03;1.31:-6.53;1.28:-6.02,1.33:-5.35;1.37:-4.86;1.32:-4.33;1.36:-3.72;1.33:-3.16;1.25:-2.6;1.34:-2.05;1.45:-1.65;1.44:-1.12;1.41:-0.52;1.45:-0.11;1.38:0.42,1.21617:-6.040976;1.059946:-6.080135;0.9449251:-5.988696;0.8796416:-6.069984;0.6748964:-6.104048;0.5478853:-6.007114;0.376505:-5.771228;0.2207783:-6.133496;0.009016156:-6.14456;-0.2309716:-6.09705;-0.3604382:-6.006811;-0.5171416:-6.163205
sigma3_hotel_seed42,tril,HOTEL:biwi_hotel:143:6890,HOTEL,biwi_hotel,biwi_hotel:143,6890,3,3.435502767562866,6.348738670349121,1.156773567199707,1.2326942682266235,0.6145550012588501,0.829359233379364,3.125,0.09:-9.2;0.09:-8.79;0.1:-8.32;0.3:-7.81;0.45:-7.33;0.49:-6.76;0.57:-6.28;0.62:-5.82,0.65:-5.27;0.66:-4.78;0.73:-4.23;0.76:-3.68;0.79:-3.22;0.85:-2.71;0.87:-2.17;0.81:-1.69;0.8:-1.13;0.7:-0.65;0.73:-0.14;0.8:0.36,0.681039:-5.845678;0.6616153:-5.883517;0.6784933:-5.8024;0.7273371:-5.897458;0.6443583:-5.923697;0.6299919:-5.823007;0.5881467:-5.609963;0.5312375:-5.949021;0.43647:-5.980669;0.3147692:-5.919478;0.2772028:-5.832514;0.1995651:-5.960281
sigma3_hotel_seed42,tril,HOTEL:biwi_hotel:144:6890,HOTEL,biwi_hotel,biwi_hotel:144,6890,3,0.3666675090789795,0.7020540237426758,0.02500000037252903,0.16457897424697876,0.7557744383811951,7.99960994720459,2.0,0.01:-6.93;0.01:-6.93;0.01:-6.93;-0.14:-6.84;-0.23:-6.9;-0.29:-6.79;-0.26:-6.82;-0.26:-6.81,-0.24:-6.9;-0.33:-6.83;-0.25:-6.9;-0.24:-6.91;-0.24:-6.91;-0.24:-6.91;-0.24:-6.91;-0.24:-6.91;-0.24:-6.91;-0.24:-6.91;-0.24:-6.91;-0.24:-6.91,-0.2996925:-6.807222;-0.3472254:-6.807989;-0.3963466:-6.802172;-0.4620885:-6.824694;-0.5119177:-6.802037;-0.555971:-6.795118;-0.6139186:-6.776455;-0.6838973:-6.797794;-0.7230369:-6.822478;-0.7905338:-6.790798;-0.8300507:-6.763915;-0.9218236:-6.742679
sigma3_hotel_seed42,tril,HOTEL:biwi_hotel:138:6900,HOTEL,biwi_hotel,biwi_hotel:138,6900,3,0.07585588097572327,0.13948069512844086,0.055901698768138885,0.08033588528633118,0.31031692028045654,8.175732612609863,3.375,1.48:-8.26;1.48:-8.26;1.41:-8.27;1.39:-8.31;1.37:-8.33;1.38:-8.32;1.42:-8.34;1.41:-8.32,1.39:-8.33;1.35:-8.35;1.36:-8.37;1.4:-8.32;1.4:-8.39;1.47:-8.29;1.41:-8.33;1.35:-8.33;1.47:-8.29;1.48:-8.28;1.48:-8.28;1.48:-8.28,1.404608:-8.31854;1.396196:-8.321735;1.388688:-8.319568;1.378103:-8.330985;1.375973:-8.326759;1.372047:-8.322435;1.366843:-8.319774;1.354872:-8.328087;1.356263:-8.341189;1.354074:-8.334163;1.357578:-8.332795;1.349004:-8.327906
sigma3_hotel_seed42,tril,HOTEL:biwi_hotel:139:6900,HOTEL,biwi_hotel,biwi_hotel:139,6900,3,0.012467770837247372,0.011772158555686474,0.0,0.04545949026942253,0.07969043403863907,1.176005244255066,2.375,1.19:-9.27;1.22:-9.27;1.25:-9.29;1.29:-9.3;1.31:-9.3;1.31:-9.3;1.31:-9.3;1.31:-9.3,1.31:-9.3;1.31:-9.3;1.31:-9.3;1.31:-9.3;1.31:-9.3;1.31:-9.3;1.31:-9.3;1.31:-9.3;1.31:-9.3;1.31:-9.3;1.31:-9.3;1.31:-9.3,1.307545:-9.300704;1.305074:-9.299078;1.300352:-9.302267;1.297044:-9.301597;1.292612:-9.306968;1.294868:-9.301334;1.295192:-9.299978;1.286959:-9.306607;1.297922:-9.305474;1.296881:-9.303905;1.303677:-9.304325;1.30235:-9.308948
sigma3_hotel_seed42,tril,HOTEL:biwi_hotel:142:6900,HOTEL,biwi_hotel,biwi_hotel:142,6900,3,3.6232497692108154,6.781907081604004,1.6796576976776123,1.3390891551971436,0.8262081146240234,1.2398346662521362,3.5,0.6:-8.96;0.59:-8.5;0.82:-7.99;0.99:-7.51;1.21:-7.03;1.31:-6.53;1.28:-6.02;1.33:-5.35,1.37:-4.86;1.32:-4.33;1.36:-3.72;1.33:-3.16;1.25:-2.6;1.34:-2.05;1.45:-1.65;1.44:-1.12;1.41:-0.52;1.45:-0.11;1.38:0.42;1.38:0.91,1.377517:-5.378961;1.276999:-5.470903;1.217462:-5.301193;1.255857:-5.477306;1.03344:-5.518259;0.9432598:-5.372658;0.7789146:-5.031409;0.6538702:-5.629665;0.4279432:-5.642354;0.1221213:-5.579531;0.06052065:-5.421464;-0.109357:-5.706349
sigma3_hotel_seed42,tril,HOTEL:biwi_hotel:143:6900,HOTEL,biwi_hotel,biwi_hotel:143,6900,3,3.468200445175171,6.4755377769470215,1.3770439624786377,1.2829862833023071,0.6472298502922058,0.8618649840354919,3.125,0.09:-8.79;0.1:-8.32;0.3:-7.81;0.45:-7.33;0.49:-6.76;0.57:-6.28;0.62:-5.82;0.65:-5.27,0.66:-4.78;0.73:-4.23;0.76:-3.68;0.79:-3.22;0.85:-2.71;0.87:-2.17;0.81:-1.69;0.8:-1.13;0.7:-0.65;0.73:-0.14;0.8:0.36;0.81:0.82,0.6666423:-5.295787;0.576879:-5.356891;0.5259368:-5.238024;0.5383328:-5.362;0.3630078:-5.396206;0.2847051:-5.278094;0.156571:-5.00441;0.04166543:-5.458754;-0.1429125:-5.4778;-0.3725365:-5.418572;-0.4494741:-5.302413;-0.5876848:-5.5029
sigma3_hotel_seed42,tril,HOTEL:biwi_hotel:144:6900,HOTEL,biwi_hotel,biwi_hotel:144,6900,3,0.23508840799331665,0.4963434040546417,0.2304886132478714,0.197505921125412,0.8620039820671082,10.922533988952637,2.0,0.01:-6.93;0.01:-6.93;-0.14:-6.84;-0.23:-6.9;-0.29:-6.79;-0.26:-6.82;-0.26:-6.81;-0.24:-6.9,-0.33:-6.83;-0.25:-6.9;-0.24:-6.91;-0.24:-6.91;-0.24:-6.91;-0.24:-6.91;-0.24:-6.91;-0.24:-6.91;-0.24:-6.91;-0.24:-6.91;-0.24:-6.91;-0.24:-6.91,-0.2017396:-6.902542;-0.1866561:-6.900198;-0.172973:-6.881814;-0.1393634:-6.898447;-0.08973692:-6.90205;-0.07577862:-6.864224;-0.02734511:-6.84646;0.03592055:-6.841542;0.07226636:-6.852438;0.1252415:-6.870323;0.1855287:-6.864957;0.2554121:-6.879609
sigma3_hotel_seed42,tril,HOTEL:biwi_hotel:138:6910,HOTEL,biwi_hotel,biwi_hotel:138,6910,3,0.1231767013669014,0.14980849623680115,0.055901698768138885,0.08832184225320816,0.26960036158561707,9.746528625488281,3.0,1.48:-8.26;1.41:-8.27;1.39:-8.31;1.37:-8.33;1.38:-8.32;1.42:-8.34;1.41:-8.32;1.39:-8.33,1.35:-8.35;1.36:-8.37;1.4:-8.32;1.4:-8.39;1.47:-8.29;1.41:-8.33;1.35:-8.33;1.47:-8.29;1.48:-8.28;1.48:-8.28;1.48:-8.28;1.4:-8.31,1.381734:-8.328444;1.362603:-8.32935;1.353131:-8.323652;1.336427:-8.344359;1.327113:-8.331259;1.318544:-8.326264;1.309249:-8.326834;1.284895:-8.332049;1.276393:-8.350355;1.269079:-8.332084;1.264316:-8.324936;1.250192:-8.309752
sigma3_hotel_seed42,tril,HOTEL:biwi_hotel:139:6910,HOTEL,biwi_hotel,biwi_hotel:139,6910,3,0.009668412618339062,0.021248294040560722,0.0,0.03474520146846771,0.05885709822177887,0.588002622127533,2.25,1.22:-9.27;1.25:-9.29;1.29:-9.3;1.31:-9.3;1.31:-9.3;1.31:-9.3;1.31:-9.3;1.31:-9.3,1.31:-9.3;1.31:-9.3;1.31:-9.3;1.31:-9.3;1.31:-9.3;1.31:-9.3;1.31:-9.3;1.31:-9.3;1.31:-9.3;1.31:-9.3;1.31:-9.3;1.31:-9.3,1.312932:-9.298988;1.310608:-9.299536;1.308333:-9.299116;1.308339:-9.294408;1.302058:-9.302982;1.312034:-9.300529;1.309115:-9.311329;1.305912:-9.304369;1.325193:-9.29983;1.325815:-9.296916;1.333901:-9.301472;1.331217:-9.301153
sigma3_hotel_seed42,tril,HOTEL:biwi_hotel:142:6910,HOTEL,biwi_hotel,biwi_hotel:142,6910,3,3.5708656311035156,6.5629167556762695,1.2290748357772827,1.3503466844558716,0.7586295008659363,0.8013932704925537,3.5,0.59:-8.5;0.82:-7.99;0.99:-7.51;1.21:-7.03;1.31:-6.53;1.28:-6.02;1.33:-5.35;1.37:-4.86,1.32:-4.33;1.36:-3.72;1.33:-3.16;1.25:-2.6;1.34:-2.05;1.45:-1.65;1.44:-1.12;1.41:-0.52;1.45:-0.11;1.38:0.42;1.38:0.91;1.41:1.44,1.385471:-4.884772;1.306299:-4.930868;1.267174:-4.833498;1.275174:-4.935966;1.129353:-4.967141;1.065231:-4.860515;0.9613757:-4.622192;0.8591169:-5.006176;0.704326:-5.028589;0.5162815:-4.970868;0.4415485:-4.873109;0.3234694:-5.032351
sigma3_hotel_seed42,tril,HOTEL:biwi_hotel:143:6910,HOTEL,biwi_hotel,biwi_hotel:143,6910,3,3.4422357082366943,6.387196063995361,1.2252551317214966,1.2901276350021362,0.5108555555343628,0.5434976816177368,2.875,0.1:-8.32;0.3:-7.81;0.45:-7.33;0.49:-6.76;0.57:-6.28;0.62:-5.82;0.65:-5.27;0.66:-4.78,0.73:-4.23;0.76:-3.68;0.79:-3.22;0.85:-2.71;0.87:-2.17;0.81:-1.69;0.8:-1.13;0.7:-0.65;0.73:-0.14;0.8:0.36;0.81:0.82;0.79:1.36,0.6841138:-4.804874;0.6183344:-4.848573;0.5914174:-4.755885;0.6078639:-4.855268;0.4761946:-4.885303;0.4229089:-4.780461;0.3331356:-4.548853;0.2407804:-4.920149;0.09968108:-4.944389;-0.07242042:-4.885837;-0.13977:-4.791307;-0.2485901:-4.94219
sigma3_hotel_seed42,tril,HOTEL:biwi_hotel:144:6910,HOTEL,biwi_hotel,biwi_hotel:144,6910,3,0.4825332462787628,0.764519989490509,0.285043865442276,0.23822647333145142,0.8820418119430542,13.373042106628418,1.75,0.01:-6.93;-0.14:-6.84;-0.23:-6.9;-0.29:-6.79;-0.26:-6.82;-0.26:-6.81;-0.24:-6.9;-0.33:-6.83,-0.25:-6.9;-0.24:-6.91;-0.24:-6.91;-0.24:-6.91;-0.24:-6.91;-0.24:-6.91;-0.24:-6.91;-0.24:-6.91;-0.24:-6.91;-0.24:-6.91;-0.24:-6.91;-0.26:-6.87,-0.3777881:-6.832107;-0.4418809:-6.823331;-0.5133911:-6.820691;-0.5832348:-6.82398;-0.6258878:-6.804335;-0.6874401:-6.785024;-0.7512243:-6.735025;-0.7962774:-6.758965;-0.8482333:-6.768718;-0.9073032:-6.759787;-0.9439089:-6.715916;-1.007794:-6.710956
sigma3_hotel_seed42,tril,HOTEL:biwi_hotel:138:6920,HOTEL,biwi_hotel,biwi_hotel:138,6920,3,0.3753167688846588,0.6880678534507751,0.11180339753627777,0.07903994619846344,0.23215365409851074,8.78127670288086,2.5,1.41:-8.27;1.39:-8.31;1.37:-8.33;1.38:-8.32;1.42:-8.34;1.41:-8.32;1.39:-8.33;1.35:-8.35,1.36:-8.37;1.4:-8.32;1.4:-8.39;1.47:-8.29;1.41:-8.33;1.35:-8.33;1.47:-8.29;1.48:-8.28;1.48:-8.28;1.48:-8.28;1.4:-8.31;1.47:-8.28,1.314181:-8.347168;1.270781:-8.349586;1.227611:-8.343022;1.170709:-8.363934;1.130203:-8.34306;1.091474:-8.337522;1.040145:-8.318009;0.9819465:-8.338327;0.94596:-8.363769;0.8914851:-8.335493;0.8576494:-8.312983;0.7820531:-8.2929
sigma3_hotel_seed42,tril,HOTEL:biwi_hotel:139:6920,HOTEL,biwi_hotel,biwi_hotel:139,6920,3,0.1188422217965126,0.2426033616065979,0.0,0.021868234500288963,0.04412570968270302,0.244978666305542,2.0,1.25:-9.29;1.29:-9.3;1.31:-9.3;1.31:-9.3;1.31:-9.3;1.31:-9.3;1.31:-9.3;1.31:-9.3,1.31:-9.3;1.31:-9.3;1.31:-9.3;1.31:-9.3;1.31:-9.3;1.31:-9.3;1.31:-9.3;1.31:-9.3;1.31:-9.3;1.31:-9.3;1.31:-9.3;1.31:-9.3,1.299532:-9.302034;1.284438:-9.298835;1.265673:-9.299412;1.240404:-9.308338;1.21822:-9.307961;1.205195:-9.297016;1.187512:-9.281686;1.154151:-9.304027;1.149898:-9.311409;1.116812:-9.298042;1.108059:-9.28639;1.067711:-9.287643
sigma3_hotel_seed42,tril,HOTEL:biwi_hotel:142:6920,HOTEL,biwi_hotel,biwi_hotel:142,6920,3,3.6282622814178467,6.784030437469482,1.3308831453323364,1.340664267539978,0.7913446426391602,0.8936195969581604,3.125,0.82:-7.99;0.99:-7.51;1.21:-7.03;1.31:-6.53;1.28:-6.02;1.33:-5.35;1.37:-4.86;1.32:-4.33,1.36:-3.72;1.33:-3.16;1.25:-2.6;1.34:-2.05;1.45:-1.65;1.44:-1.12;1.41:-0.52;1.45:-0.11;1.38:0.42;1.38:0.91;1.41:1.44;1.41:2.08,1.276011:-4.352785;1.140948:-4.396263;1.046225:-4.300834;1.004803:-4.392709;0.8155211:-4.422741;0.7022871:-4.324089;0.5479455:-4.079556;0.4082336:-4.45917;0.2030033:-4.474122;-0.02445173:-4.423007;-0.1385759:-4.326796;-0.2807275:-4.48997
sigma3_hotel_seed42,tril,HOTEL:biwi_hotel:143:6920,HOTEL,biwi_hotel,biwi_hotel:143,6920,3,3.4285507202148438,6.491325855255127,1.3860915899276733,1.2924928665161133,0.5385047793388367,0.5788425207138062,2.625,0.3:-7.81;0.45:-7.33;0.49:-6.76;0.57:-6.28;0.62:-5.82;0.65:-5.27;0.66:-4.78;0.73:-4.23,0.76:-3.68;0.79:-3.22;0.85:-2.71;0.87:-2.17;0.81:-1.69;0.8:-1.13;0.7:-0.65;0.73:-0.14;0.8:0.36;0.81:0.82;0.79:1.36;0.87:1.96,0.8473248:-4.259813;0.8544275:-4.332376;0.8945794:-4.203318;0.9972705:-4.355002;0.8928334:-4.386633;0.8911574:-4.257884;0.8410065:-3.971768;0.7936186:-4.467465;0.6779671:-4.499019;0.5019864:-4.430236;0.4980889:-4.300854;0.4019898:-4.514433
sigma3_hotel_seed42,tril,HOTEL:biwi_hotel:144:6920,HOTEL,biwi_hotel,biwi_hotel:144,6920,3,0.45055651664733887,0.9014025926589966,0.2657536566257477,0.2137167900800705,0.9431586861610413,15.328425407409668,1.375,-0.14:-6.84;-0.23:-6.9;-0.29:-6.79;-0.26:-6.82;-0.26:-6.81;-0.24:-6.9;-0.33:-6.83;-0.25:-6.9,-0.24:-6.91;-0.24:-6.91;-0.24:-6.91;-0.24:-6.91;-0.24:-6.91;-0.24:-6.91;-0.24:-6.91;-0.24:-6.91;-0.24:-6.91;-0.24:-6.91;-0.26:-6.87;-0.24:-6.9,-0.185665:-6.89483;-0.1266294:-6.898934;-0.06151175:-6.880264;0.009473652:-6.898133;0.078529:-6.897717;0.1428843:-6.864203;0.2311373:-6.882531;0.3096876:-6.850611;0.3872157:-6.864139;0.4817235:-6.85931;0.5626515:-6.867595;0.660665:-6.863544
sigma3_hotel_seed42,tril,HOTEL:biwi_hotel:138:6930,HOTEL,biwi_hotel,biwi_hotel:138,6930,3,0.16203008592128754,0.4395410418510437,0.055901698768138885,0.07105398923158646,0.26340365409851074,10.030323028564453,2.25,1.39:-8.31;1.37:-8.33;1.38:-8.32;1.42:-8.34;1.41:-8.32;1.39:-8.33;1.35:-8.35;1.36:-8.37,1.4:-8.32;1.4:-8.39;1.47:-8.29;1.41:-8.33;1.35:-8.33;1.47:-8.29;1.48:-8.28;1.48:-8.28;1.48:-8.28;1.4:-8.31;1.47:-8.28;1.34:-8.33,1.377833:-8.369457;1.391969:-8.372981;1.417635:-8.373101;1.45166:-8.374221;1.487522:-8.382582;1.514327:-8.383143;1.549863:-8.398401;1.583198:-8.386498;1.613035:-8.39243;1.672924:-8.401324;1.703907:-8.424021;1.769804:-8.422005
sigma3_hotel_seed42,tril,HOTEL:biwi_hotel:139:6930,HOTEL,biwi_hotel,biwi_hotel:139,6930,3,0.06877342611551285,0.1408119946718216,0.0,0.0071428571827709675,0.02083333395421505,0.0,1.75,1.29:-9.3;1.31:-9.3;1.31:-9.3;1.31:-9.3;1.31:-9.3;1.31:-9.3;1.31:-9.3;1.31:-9.3,1.31:-9.3;1.31:-9.3;1.31:-9.3;1.31:-9.3;1.31:-9.3;1.31:-9.3;1.31:-9.3;1.31:-9.3;1.31:-9.3;1.31:-9.3;1.31:-9.3;1.31:-9.3,1.307025:-9.30022;1.295602:-9.298746;1.283992:-9.297262;1.269377:-9.29858;1.250361:-9.303143;1.249849:-9.296987;1.23523:-9.298383;1.213931:-9.302051;1.222232:-9.302265;1.201445:-9.290976;1.198088:-9.286858;1.170071:-9.284255
sigma3_hotel_seed42,tril,HOTEL:biwi_hotel:142:6930,HOTEL,biwi_hotel,biwi_hotel:142,6930,3,3.5208187103271484,6.547675132751465,1.5282751321792603,1.3771268129348755,0.8646945953369141,0.9637805223464966,2.75,0.99:-7.51;1.21:-7.03;1.31:-6.53;1.28:-6.02;1.33:-5.35;1.37:-4.86;1.32:-4.33;1.36:-3.72,1.33:-3.16;1.25:-2.6;1.34:-2.05;1.45:-1.65;1.44:-1.12;1.41:-0.52;1.45:-0.11;1.38:0.42;1.38:0.91;1.41:1.44;1.41:2.08;1.43:2.45,1.455579:-3.749854;1.424763:-3.833102;1.429691:-3.685197;1.512446:-3.850569;1.361651:-3.886533;1.328117:-3.749653;1.233684:-3.435874;1.157076:-3.985156;0.9978824:-4.010016;0.7679576:-3.94268;0.7443975:-3.799286;0.617915:-4.04712
sigma3_hotel_seed42,tril,HOTEL:biwi_hotel:143:6930,HOTEL,biwi_hotel,biwi_hotel:143,6930,3,3.383718490600586,6.367738723754883,1.3770439624786377,1.309609293937683,0.4321228265762329,0.4181189239025116,2.25,0.45:-7.33;0.49:-6.76;0.57:-6.28;0.62:-5.82;0.65:-5.27;0.66:-4.78;0.73:-4.23;0.76:-3.68,0.79:-3.22;0.85:-2.71;0.87:-2.17;0.81:-1.69;0.8:-1.13;0.7:-0.65;0.73:-0.14;0.8:0.36;0.81:0.82;0.79:1.36;0.87:1.96;0.83:2.35,0.8023532:-3.70684;0.7434901:-3.772108;0.719243:-3.651203;0.7585098:-3.783186;0.6034987:-3.815748;0.5455718:-3.69439;0.4409255:-3.41369;0.3450778:-3.883722;0.177137:-3.906826;-0.03685236:-3.844433;-0.09411079:-3.724183;-0.2199258:-3.930586
sigma3_hotel_seed42,tril,HOTEL:biwi_hotel:144:6930,HOTEL,biwi_hotel,biwi_hotel:144,6930,3,0.04692107066512108,0.10428302735090256,0.0353553406894207,0.18013665080070496,0.859376072883606,13.735542297363281,1.125,-0.23:-6.9;-0.29:-6.79;-0.26:-6.82;-0.26:-6.81;-0.24:-6.9;-0.33:-6.83;-0.25:-6.9;-0.24:-6.91,-0.24:-6.91;-0.24:-6.91;-0.24:-6.91;-0.24:-6.91;-0.24:-6.91;-0.24:-6.91;-0.24:-6.91;-0.24:-6.91;-0.24:-6.91;-0.26:-6.87;-0.24:-6.9;-0.24:-6.83,-0.2412321:-6.910518;-0.2563949:-6.909247;-0.2606007:-6.903939;-0.2725642:-6.924748;-0.2763692:-6.917222;-0.2804809:-6.908996;-0.2817977:-6.907505;-0.302291:-6.914495;-0.3030146:-6.93413;-0.3064808:-6.916987;-0.3068514:-6.914145;-0.3168281:-6.900515
sigma3_hotel_seed42,tril,HOTEL:biwi_hotel:138:6940,HOTEL,biwi_hotel,biwi_hotel:138,6940,3,0.3457486927509308,0.668725848197937,0.16007810831069946,0.08382076025009155,0.2985404431819916,8.891934394836426,2.125,1.37:-8.33;1.38:-8.32;1.42:-8.34;1.41:-8.32;1.39:-8.33;1.35:-8.35;1.36:-8.37;1.4:-8.32,1.4:-8.39;1.47:-8.29;1.41:-8.33;1.35:-8.33;1.47:-8.29;1.48:-8.28;1.48:-8.28;1.48:-8.28;1.4:-8.31;1.47:-8.28;1.34:-8.33;1.47:-8.29,1.46297:-8.319097;1.510679:-8.321313;1.558386:-8.300523;1.611248:-8.326272;1.670107:-8.333644;1.718379:-8.295163;1.793361:-8.300179;1.857758:-8.286698;1.930619:-8.305071;1.992965:-8.305355;2.071615:-8.312936;2.138081:-8.31936
sigma3_hotel_seed42,tril,HOTEL:biwi_hotel:139:6940,HOTEL,biwi_hotel,biwi_hotel:139,6940,3,0.10078965872526169,0.20176278054714203,0.0,0.0,0.0,0.0,1.5,1.31:-9.3;1.31:-9.3;1.31:-9.3;1.31:-9.3;1.31:-9.3;1.31:-9.3;1.31:-9.3;1.31:-9.3,1.31:-9.3;1.31:-9.3;1.31:-9.3;1.31:-9.3;1.31:-9.3;1.31:-9.3;1.31:-9.3;1.31:-9.3;1.31:-9.3;1.31:-9.3;1.31:-9.3;1.31:-9.3,1.30004:-9.300918;1.286456:-9.299676;1.269971:-9.299515;1.252865:-9.302451;1.230519:-9.30477;1.220389:-9.296955;1.202632:-9.290626;1.175906:-9.30486;1.17399:-9.305748;1.150141:-9.296295;1.140701:-9.288831;1.108482:-9.290056
sigma3_hotel_seed42,tril,HOTEL:biwi_hotel:142:6940,HOTEL,biwi_hotel,biwi_hotel:142,6940,3,3.5622222423553467,6.789456367492676,1.4020074605941772,1.3888367414474487,0.8275779485702515,0.8504140973091125,2.25,1.21:-7.03;1.31:-6.53;1.28:-6.02;1.33:-5.35;1.37:-4.86;1.32:-4.33;1.36:-3.72;1.33:-3.16,1.25:-2.6;1.34:-2.05;1.45:-1.65;1.44:-1.12;1.41:-0.52;1.45:-0.11;1.38:0.42;1.38:0.91;1.41:1.44;1.41:2.08;1.43:2.45;1.48:3.1,1.252371:-3.180248;1.070996:-3.223639;0.9337794:-3.122086;0.8519293:-3.206822;0.6146882:-3.248072;0.4701406:-3.142011;0.27214:-2.898391;0.09361732:-3.282007;-0.1370625:-3.287176;-0.4097102:-3.239813;-0.5554006:-3.145257;-0.7372035:-3.317221
sigma3_hotel_seed42,tril,HOTEL:biwi_hotel:143:6940,HOTEL,biwi_hotel,biwi_hotel:143,6940,3,3.3720924854278564,6.222047805786133,1.1524430513381958,1.2701719999313354,0.4232805371284485,0.33366450667381287,2.0,0.49:-6.76;0.57:-6.28;0.62:-5.82;0.65:-5.27;0.66:-4.78;0.73:-4.23;0.76:-3.68;0.79:-3.22,0.85:-2.71;0.87:-2.17;0.81:-1.69;0.8:-1.13;0.7:-0.65;0.73:-0.14;0.8:0.36;0.81:0.82;0.79:1.36;0.87:1.96;0.83:2.35;0.81:2.85,0.8424933:-3.24526;0.8213577:-3.281784;0.834795:-3.204085;0.879056:-3.295291;0.7945424:-3.320848;0.7760127:-3.22156;0.7329656:-3.009815;0.6730019:-3.34301;0.5747738:-3.374484;0.4542272:-3.313447;0.4114131:-3.228846;0.3332829:-3.353759
sigma3_hotel_seed42,tril,HOTEL:biwi_hotel:144:6940,HOTEL,biwi_hotel,biwi_hotel:144,6940,3,0.025501294061541557,0.02003350853919983,0.0,0.13538677990436554,0.7007395625114441,10.880001068115234,0.875,-0.29:-6.79;-0.26:-6.82;-0.26:-6.81;-0.24:-6.9;-0.33:-6.83;-0.25:-6.9;-0.24:-6.91;-0.24:-6.91,-0.24:-6.91;-0.24:-6.91;-0.24:-6.91;-0.24:-6.91;-0.24:-6.91;-0.24:-6.91;-0.24:-6.91;-0.24:-6.91;-0.26:-6.87;-0.24:-6.9;-0.24:-6.83;-0.24:-6.9,-0.242762:-6.909274;-0.2476896:-6.910351;-0.2517086:-6.910698;-0.257022:-6.91722;-0.2568621:-6.916564;-0.255934:-6.912354;-0.255732:-6.912218;-0.2633364:-6.917291;-0.2562606:-6.924766;-0.2531835:-6.920578;-0.2459815:-6.921143;-0.2455779:-6.919241
sigma3_hotel_seed42,tril,HOTEL:biwi_hotel:138:6950,HOTEL,biwi_hotel,biwi_hotel:138,6950,3,0.09457630664110184,0.07837604731321335,0.17499999701976776,0.10377000272274017,0.386107861995697,10.109740257263184,2.125,1.38:-8.32;1.42:-8.34;1.41:-8.32;1.39:-8.33;1.35:-8.35;1.36:-8.37;1.4:-8.32;1.4:-8.39,1.47:-8.29;1.41:-8.33;1.35:-8.33;1.47:-8.29;1.48:-8.28;1.48:-8.28;1.48:-8.28;1.4:-8.31;1.47:-8.28;1.34:-8.33;1.47:-8.29;1.48:-8.28,1.411027:-8.392002;1.390298:-8.386484;1.368849:-8.366238;1.355772:-8.392262;1.365595:-8.384824;1.353541:-8.354246;1.358583:-8.329678;1.374974:-8.332078;1.383216:-8.347594;1.375534:-8.347246;1.411944:-8.327036;1.424376:-8.335216
sigma3_hotel_seed42,tril,HOTEL:biwi_hotel:139:6950,HOTEL,biwi_hotel,biwi_hotel:139,6950,3,0.10834921151399612,0.21545442938804626,0.0,0.0,0.0,0.0,1.625,1.31:-9.3;1.31:-9.3;1.31:-9.3;1.31:-9.3;1.31:-9.3;1.31:-9.3;1.31:-9.3;1.31:-9.3,1.31:-9.3;1.31:-9.3;1.31:-9.3;1.31:-9.3;1.31:-9.3;1.31:-9.3;1.31:-9.3;1.31:-9.3;1.31:-9.3;1.31:-9.3;1.31:-9.3;1.31:-9.3,1.297957:-9.301067;1.283999:-9.300086;1.266281:-9.300316;1.249405:-9.303122;1.226136:-9.305098;1.213253:-9.296996;1.194685:-9.288993;1.167085:-9.305948;1.162209:-9.306323;1.138489:-9.298028;1.127163:-9.289952;1.094673:-9.292599
sigma3_hotel_seed42,tril,HOTEL:biwi_hotel:142:6950,HOTEL,biwi_hotel,biwi_hotel:142,6950,3,3.565838098526001,6.813875675201416,1.4142135381698608,1.4087594747543335,0.7438445687294006,0.682639479637146,2.0,1.31:-6.53;1.28:-6.02;1.33:-5.35;1.37:-4.86;1.32:-4.33;1.36:-3.72;1.33:-3.16;1.25:-2.6,1.34:-2.05;1.45:-1.65;1.44:-1.12;1.41:-0.52;1.45:-0.11;1.38:0.42;1.38:0.91;1.41:1.44;1.41:2.08;1.43:2.45;1.48:3.1;1.51:3.59,1.170328:-2.620642;1.000897:-2.674892;0.8658314:-2.565857;0.794942:-2.662911;0.5509084:-2.701632;0.3998744:-2.591412;0.1985842:-2.317435;0.01947057:-2.750695;-0.2309593:-2.757197;-0.5192212:-2.708364;-0.6629566:-2.602793;-0.8493807:-2.802357
sigma3_hotel_seed42,tril,HOTEL:biwi_hotel:143:6950,HOTEL,biwi_hotel,biwi_hotel:143,6950,3,3.4071922302246094,6.258670330047607,1.2837932109832764,1.2797777652740479,0.4464617967605591,0.3287700116634369,1.75,0.57:-6.28;0.62:-5.82;0.65:-5.27;0.66:-4.78;0.73:-4.23;0.76:-3.68;0.79:-3.22;0.85:-2.71,0.87:-2.17;0.81:-1.69;0.8:-1.13;0.7:-0.65;0.73:-0.14;0.8:0.36;0.81:0.82;0.79:1.36;0.87:1.96;0.83:2.35;0.81:2.85;0.89:3.31,0.9582914:-2.738658;0.9739631:-2.799043;1.02088:-2.689625;1.117358:-2.821714;1.034636:-2.849919;1.039904:-2.731137;1.008182:-2.471475;0.9683785:-2.910198;0.8715227:-2.944318;0.7287577:-2.876647;0.7221537:-2.763015;0.6416398:-2.94374
sigma3_hotel_seed42,tril,HOTEL:biwi_hotel:144:6950,HOTEL,biwi_hotel,biwi_hotel:144,6950,3,0.28060296177864075,0.5600646734237671,0.0,0.12023448944091797,0.6486562490463257,8.52380657196045,0.625,-0.26:-6.82;-0.26:-6.81;-0.24:-6.9;-0.33:-6.83;-0.25:-6.9;-0.24:-6.91;-0.24:-6.91;-0.24:-6.91,-0.24:-6.91;-0.24:-6.91;-0.24:-6.91;-0.24:-6.91;-0.24:-6.91;-0.24:-6.91;-0.24:-6.91;-0.26:-6.87;-0.24:-6.9;-0.24:-6.83;-0.24:-6.9;-0.24:-6.91,-0.2670882:-6.908744;-0.3116434:-6.904994;-0.3530692:-6.894151;-0.4110156:-6.924262;-0.4552099:-6.90202;-0.491159:-6.888471;-0.5348774:-6.872759;-0.5977832:-6.888151;-0.6267952:-6.912592;-0.6909232:-6.877369;-0.7164409:-6.849411;-0.7943009:-6.829856
sigma3_hotel_seed42,tril,HOTEL:biwi_hotel:138:6960,HOTEL,biwi_hotel,biwi_hotel:138,6960,3,0.5619077086448669,0.9539068341255188,0.3051638901233673,0.1313929259777069,0.5109167098999023,10.142515182495117,2.375,1.42:-8.34;1.41:-8.32;1.39:-8.33;1.35:-8.35;1.36:-8.37;1.4:-8.32;1.4:-8.39;1.47:-8.29,1.41:-8.33;1.35:-8.33;1.47:-8.29;1.48:-8.28;1.48:-8.28;1.48:-8.28;1.4:-8.31;1.47:-8.28;1.34:-8.33;1.47:-8.29;1.48:-8.28;1.48:-8.28,1.560035:-8.294033;1.652782:-8.297396;1.725055:-8.289937;1.79088:-8.303041;1.871646:-8.327393;1.945173:-8.271036;2.043013:-8.237405;2.122317:-8.268099;2.224978:-8.28858;2.287599:-8.29477;2.38041:-8.294953;2.432949:-8.32273
sigma3_hotel_seed42,tril,HOTEL:biwi_hotel:139:6960,HOTEL,biwi_hotel,biwi_hotel:139,6960,3,0.1463635116815567,0.3009907007217407,0.0,0.0,0.0,0.0,1.875,1.31:-9.3;1.31:-9.3;1.31:-9.3;1.31:-9.3;1.31:-9.3;1.31:-9.3;1.31:-9.3;1.31:-9.3,1.31:-9.3;1.31:-9.3;1.31:-9.3;1.31:-9.3;1.31:-9.3;1.31:-9.3;1.31:-9.3;1.31:-9.3;1.31:-9.3;1.31:-9.3;1.31:-9.3;1.31:-9.3,1.297273:-9.301908;1.277469:-9.298734;1.255989:-9.297347;1.226091:-9.310725;1.199376:-9.30678;1.182345:-9.295196;1.160269:-9.278909;1.120164:-9.302994;1.110312:-9.313687;1.071437:-9.295632;1.057842:-9.280988;1.009761:-9.278746
sigma3_hotel_seed42,tril,HOTEL:biwi_hotel:144:6960,HOTEL,biwi_hotel,biwi_hotel:144,6960,3,0.20407356321811676,0.41874098777770996,0.0,0.11666306108236313,0.5424267053604126,5.600882530212402,0.375,-0.26:-6.81;-0.24:-6.9;-0.33:-6.83;-0.25:-6.9;-0.24:-6.91;-0.24:-6.91;-0.24:-6.91;-0.24:-6.91,-0.24:-6.91;-0.24:-6.91;-0.24:-6.91;-0.24:-6.91;-0.24:-6.91;-0.24:-6.91;-0.26:-6.87;-0.24:-6.9;-0.24:-6.83;-0.24:-6.9;-0.24:-6.91;-0.24:-6.91,-0.259101:-6.910297;-0.2885149:-6.909278;-0.3165506:-6.903761;-0.3584681:-6.92701;-0.391519:-6.913889;-0.4168554:-6.903139;-0.4492398:-6.885581;-0.5013255:-6.911123;-0.5224372:-6.932172;-0.5715128:-6.905141;-0.5933024:-6.885818;-0.6572044:-6.87416
sigma3_hotel_seed42,tril,HOTEL:biwi_hotel:138:6970,HOTEL,biwi_hotel,biwi_hotel:138,6970,3,0.27777987718582153,0.49524229764938354,0.18027757108211517,0.14916090667247772,0.6769864559173584,11.341243743896484,2.625,1.41:-8.32;1.39:-8.33;1.35:-8.35;1.36:-8.37;1.4:-8.32;1.4:-8.39;1.47:-8.29;1.41:-8.33,1.35:-8.33;1.47:-8.29;1.48:-8.28;1.48:-8.28;1.48:-8.28;1.4:-8.31;1.47:-8.28;1.34:-8.33;1.47:-8.29;1.48:-8.28;1.48:-8.28;1.48:-8.28,1.381359:-8.329034;1.340003:-8.328281;1.300788:-8.320795;1.255523:-8.337694;1.229321:-8.32065;1.194542:-8.310571;1.156056:-8.286901;1.118602:-8.30169;1.088758:-8.323539;1.05307:-8.30467;1.031351:-8.284051;0.984877:-8.269131
sigma3_hotel_seed42,tril,HOTEL:biwi_hotel:139:6970,HOTEL,biwi_hotel,biwi_hotel:139,6970,3,0.0657680556178093,0.1320357769727707,0.0,0.0,0.0,0.0,2.125,1.31:-9.3;1.31:-9.3;1.31:-9.3;1.31:-9.3;1.31:-9.3;1.31:-9.3;1.31:-9.3;1.31:-9.3,1.31:-9.3;1.31:-9.3;1.31:-9.3;1.31:-9.3;1.31:-9.3;1.31:-9.3;1.31:-9.3;1.31:-9.3;1.31:-9.3;1.31:-9.3;1.31:-9.3;1.31:-9.3,1.305784:-9.300858;1.296264:-9.299246;1.284537:-9.298993;1.270538:-9.301837;1.254225:-9.305959;1.251117:-9.298288;1.239375:-9.294239;1.218781:-9.304287;1.224873:-9.305848;1.205289:-9.296859;1.203426:-9.292066;1.178142:-9.293158
sigma3_hotel_seed42,tril,HOTEL:biwi_hotel:144:6970,HOTEL,biwi_hotel,biwi_hotel:144,6970,3,0.08044237643480301,0.14833886921405792,0.0,0.0837361216545105,0.34017160534858704,3.150373935699463,0.125,-0.24:-6.9;-0.33:-6.83;-0.25:-6.9;-0.24:-6.91;-0.24:-6.91;-0.24:-6.91;-0.24:-6.91;-0.24:-6.91,-0.24:-6.91;-0.24:-6.91;-0.24:-6.91;-0.24:-6.91;-0.24:-6.91;-0.26:-6.87;-0.24:-6.9;-0.24:-6.83;-0.24:-6.9;-0.24:-6.91;-0.24:-6.91;-0.24:-6.91,-0.2479637:-6.910273;-0.2621012:-6.908423;-0.2733025:-6.907213;-0.28941:-6.917856;-0.3039949:-6.913908;-0.3106786:-6.907115;-0.3207576:-6.903236;-0.3457906:-6.913323;-0.3477485:-6.921551;-0.3632966:-6.907645;-0.3674447:-6.900805;-0.3876556:-6.895778
sigma3_hotel_seed42,tril,HOTEL:biwi_hotel:145:6970,HOTEL,biwi_hotel,biwi_hotel:145,6970,3,3.937812566757202,7.786745548248291,1.1559628248214722,1.3076128959655762,0.3861226439476013,0.6068267822265625,0.625,2.46:2.98;2.51:2.45;2.6:1.9;2.66:1.36;2.68:0.84;2.69:0.31;2.53:-0.18;2.36:-0.61,2.17:-1.09;1.95:-1.56;1.85:-1.99;1.85:-2.54;1.82:-3.13;1.99:-3.67;2.1:-4.27;2.27:-4.96;2.44:-5.52;2.53:-6.17;2.57:-6.81;2.59:-7.47,2.102399:-0.6142496;1.790878:-0.6333138;1.498124:-0.5730859;1.238473:-0.5751092;0.8935207:-0.6345693;0.6265649:-0.5538043;0.3025632:-0.3326566;0.009268522:-0.6257925;-0.3016539:-0.6056178;-0.6747518:-0.5911054;-0.9359365:-0.5358307;-1.223664:-0.6810842
sigma3_hotel_seed42,tril,HOTEL:biwi_hotel:138:6980,HOTEL,biwi_hotel,biwi_hotel:138,6980,3,0.6735713481903076,1.2492167949676514,0.15000000596046448,0.16260352730751038,0.6953607797622681,11.929245948791504,2.75,1.39:-8.33;1.35:-8.35;1.36:-8.37;1.4:-8.32;1.4:-8.39;1.47:-8.29;1.41:-8.33;1.35:-8.33,1.47:-8.29;1.48:-8.28;1.48:-8.28;1.48:-8.28;1.4:-8.31;1.47:-8.28;1.34:-8.33;1.47:-8.29;1.48:-8.28;1.48:-8.28;1.48:-8.28;1.48:-8.28,1.27732:-8.326382;1.20372:-8.322618;1.12302:-8.321892;1.012715:-8.341168;0.9256309:-8.308918;0.8555883:-8.305484;0.7575395:-8.270462;0.6424962:-8.301186;0.5758591:-8.328949;0.4569005:-8.278729;0.3845292:-8.235983;0.2329891:-8.205795
sigma3_hotel_seed42,tril,HOTEL:biwi_hotel:139:6980,HOTEL,biwi_hotel,biwi_hotel:139,6980,3,0.013936328701674938,0.024657689034938812,0.0,0.0,0.0,0.0,2.125,1.31:-9.3;1.31:-9.3;1.31:-9.3;1.31:-9.3;1.31:-9.3;1.31:-9.3;1.31:-9.3;1.31:-9.3,1.31:-9.3;1.31:-9.3;1.31:-9.3;1.31:-9.3;1.31:-9.3;1.31:-9.3;1.31:-9.3;1.31:-9.3;1.31:-9.3;1.31:-9.3;1.31:-9.3;1.31:-9.3,1.313674:-9.298303;1.308594:-9.298778;1.304529:-9.295554;1.300292:-9.293021;1.289679:-9.299818;1.298838:-9.297553;1.291569:-9.311957;1.284706:-9.299757;1.302323:-9.296261;1.295806:-9.289277;1.300592:-9.292048;1.288973:-9.287121
sigma3_hotel_seed42,tril,HOTEL:biwi_hotel:144:6980,HOTEL,biwi_hotel,biwi_hotel:144,6980,3,0.2633342146873474,0.5612056851387024,0.0,0.04301556944847107,0.11076831072568893,0.06656816601753235,0.0,-0.33:-6.83;-0.25:-6.9;-0.24:-6.91;-0.24:-6.91;-0.24:-6.91;-0.24:-6.91;-0.24:-6.91;-0.24:-6.91,-0.24:-6.91;-0.24:-6.91;-0.24:-6.91;-0.24:-6.91;-0.26:-6.87;-0.24:-6.9;-0.24:-6.83;-0.24:-6.9;-0.24:-6.91;-0.24:-6.91;-0.24:-6.91;-0.24:-6.91,-0.2600437:-6.913335;-0.2968858:-6.908082;-0.3311726:-6.902674;-0.3902072:-6.93456;-0.4321032:-6.918591;-0.4637367:-6.901806;-0.5040144:-6.866772;-0.5752268:-6.909641;-0.6039267:-6.940064;-0.6783538:-6.901331;-0.7082471:-6.871962;-0.7988312:-6.85843
sigma3_hotel_seed42,tril,HOTEL:biwi_hotel:145:6980,HOTEL,biwi_hotel,biwi_hotel:145,6980,3,4.037775039672852,7.85655403137207,1.2905910015106201,1.3018568754196167,0.39563336968421936,0.5391080975532532,1.0,2.51:2.45;2.6:1.9;2.66:1.36;2.68:0.84;2.69:0.31;2.53:-0.18;2.36:-0.61;2.17:-1.09,1.95:-1.56;1.85:-1.99;1.85:-2.54;1.82:-3.13;1.99:-3.67;2.1:-4.27;2.27:-4.96;2.44:-5.52;2.53:-6.17;2.57:-6.81;2.59:-7.47;2.56:-8.12,1.961075:-1.099513;1.669153:-1.138339;1.40633:-1.046182;1.194879:-1.089424;0.8437628:-1.151246;0.5971313:-1.047129;0.2827613:-0.7944983;0.0002110004:-1.172592;-0.3142946:-1.155582;-0.7007043:-1.128134;-0.9405892:-1.048341;-1.225637:-1.235642
sigma3_hotel_seed42,tril,HOTEL:biwi_hotel:138:6990,HOTEL,biwi_hotel,biwi_hotel:138,6990,3,0.8278661370277405,1.529591679573059,0.3162277638912201,0.19180700182914734,0.835351288318634,13.178292274475098,2.75,1.35:-8.35;1.36:-8.37;1.4:-8.32;1.4:-8.39;1.47:-8.29;1.41:-8.33;1.35:-8.33;1.47:-8.29,1.48:-8.28;1.48:-8.28;1.48:-8.28;1.4:-8.31;1.47:-8.28;1.34:-8.33;1.47:-8.29;1.48:-8.28;1.48:-8.28;1.48:-8.28;1.48:-8.28;1.48:-8.28,1.588075:-8.285055;1.71725:-8.293394;1.837637:-8.275299;1.964635:-8.286453;2.075815:-8.309809;2.190194:-8.253382;2.341535:-8.282414;2.467387:-8.248725;2.614914:-8.258837;2.758135:-8.264063;2.883169:-8.289893;3.009468:-8.299451
sigma3_hotel_seed42,tril,HOTEL:biwi_hotel:139:6990,HOTEL,biwi_hotel,biwi_hotel:139,6990,3,0.06705957651138306,0.13696172833442688,0.0,0.0,0.0,0.0,2.0,1.31:-9.3;1.31:-9.3;1.31:-9.3;1.31:-9.3;1.31:-9.3;1.31:-9.3;1.31:-9.3;1.31:-9.3,1.31:-9.3;1.31:-9.3;1.31:-9.3;1.31:-9.3;1.31:-9.3;1.31:-9.3;1.31:-9.3;1.31:-9.3;1.31:-9.3;1.31:-9.3;1.31:-9.3;1.31:-9.3,1.307182:-9.300079;1.295851:-9.298852;1.284502:-9.297137;1.270148:-9.298731;1.251595:-9.303079;1.25131:-9.297109;1.236899:-9.29891;1.216079:-9.302133;1.224504:-9.302691;1.204358:-9.291389;1.201336:-9.287527;1.173906:-9.284604
sigma3_hotel_seed42,tril,HOTEL:biwi_hotel:144:6990,HOTEL,biwi_hotel,biwi_hotel:144,6990,3,0.10178571939468384,0.1996174454689026,0.0,0.005050762556493282,0.014731391333043575,0.0,0.0,-0.25:-6.9;-0.24:-6.91;-0.24:-6.91;-0.24:-6.91;-0.24:-6.91;-0.24:-6.91;-0.24:-6.91;-0.24:-6.91,-0.24:-6.91;-0.24:-6.91;-0.24:-6.91;-0.26:-6.87;-0.24:-6.9;-0.24:-6.83;-0.24:-6.9;-0.24:-6.91;-0.24:-6.91;-0.24:-6.91;-0.24:-6.91;-0.24:-6.91,-0.2492943:-6.911607;-0.261942:-6.909289;-0.2782418:-6.909853;-0.2977141:-6.915733;-0.3178633:-6.917213;-0.3283719:-6.907611;-0.3436218:-6.896343;-0.3715846:-6.915023;-0.3733313:-6.919025;-0.3996655:-6.908683;-0.4065645:-6.899849;-0.4394705:-6.902343
sigma3_hotel_seed42,tril,HOTEL:biwi_hotel:145:6990,HOTEL,biwi_hotel,biwi_hotel:145,6990,3,4.4559173583984375,8.443548202514648,1.2973530292510986,1.2881519794464111,0.39563336968421936,0.5484485030174255,1.375,2.6:1.9;2.66:1.36;2.68:0.84;2.69:0.31;2.53:-0.18;2.36:-0.61;2.17:-1.09;1.95:-1.56,1.85:-1.99;1.85:-2.54;1.82:-3.13;1.99:-3.67;2.1:-4.27;2.27:-4.96;2.44:-5.52;2.53:-6.17;2.57:-6.81;2.59:-7.47;2.56:-8.12;2.56:-8.78,1.680065:-1.564425;1.3398:-1.59992;1.02026:-1.513997;0.749952:-1.536345;0.3501743:-1.606316;0.0571872:-1.504727;-0.3078668:-1.249341;-0.635289:-1.619459;-0.9865615:-1.592212;-1.421193:-1.574489;-1.702694:-1.502234;-2.031779:-1.694163
sigma3_hotel_seed42,tril,HOTEL:biwi_hotel:138:7000,HOTEL,biwi_hotel,biwi_hotel:138,7000,3,0.03703049570322037,0.048527028411626816,0.0353553406894207,0.1888718158006668,0.8747885823249817,11.6387357711792,2.625,1.36:-8.37;1.4:-8.32;1.4:-8.39;1.47:-8.29;1.41:-8.33;1.35:-8.33;1.47:-8.29;1.48:-8.28,1.48:-8.28;1.48:-8.28;1.4:-8.31;1.47:-8.28;1.34:-8.33;1.47:-8.29;1.48:-8.28;1.48:-8.28;1.48:-8.28;1.48:-8.28;1.48:-8.28;1.48:-8.28,1.479584:-8.279612;1.482185:-8.2845;1.47945:-8.285353;1.477029:-8.288593;1.483083:-8.293728;1.486032:-8.289477;1.486728:-8.27939;1.487379:-8.295137;1.498081:-8.304389;1.501433:-8.305966;1.513161:-8.309979;1.512787:-8.315775
sigma3_hotel_seed42,tril,HOTEL:biwi_hotel:139:7000,HOTEL,biwi_hotel,biwi_hotel:139,7000,3,0.00855863094329834,0.013206729665398598,0.0,0.0,0.0,0.0,1.875,1.31:-9.3;1.31:-9.3;1.31:-9.3;1.31:-9.3;1.31:-9.3;1.31:-9.3;1.31:-9.3;1.31:-9.3,1.31:-9.3;1.31:-9.3;1.31:-9.3;1.31:-9.3;1.31:-9.3;1.31:-9.3;1.31:-9.3;1.31:-9.3;1.31:-9.3;1.31:-9.3;1.31:-9.3;1.31:-9.3,1.313763:-9.297679;1.310059:-9.29853;1.307241:-9.294882;1.303168:-9.294765;1.296735:-9.298947;1.305403:-9.297425;1.300985:-9.312635;1.296797:-9.297836;1.312498:-9.296885;1.309015:-9.290582;1.315297:-9.293687;1.30787:-9.286966
sigma3_hotel_seed42,tril,HOTEL:biwi_hotel:144:7000,HOTEL,biwi_hotel,biwi_hotel:144,7000,3,0.01714431867003441,0.013207209296524525,0.0,0.0,0.0,0.0,0.0,-0.24:-6.91;-0.24:-6.91;-0.24:-6.91;-0.24:-6.91;-0.24:-6.91;-0.24:-6.91;-0.24:-6.91;-0.24:-6.91,-0.24:-6.91;-0.24:-6.91;-0.26:-6.87;-0.24:-6.9;-0.24:-6.83;-0.24:-6.9;-0.24:-6.91;-0.24:-6.91;-0.24:-6.91;-0.24:-6.91;-0.24:-6.91;-0.24:-6.91,-0.2362367:-6.907679;-0.2399413:-6.908529;-0.2427592:-6.904881;-0.2468324:-6.904764;-0.2532652:-6.908947;-0.2445975:-6.907425;-0.2490148:-6.922635;-0.2532034:-6.907836;-0.2375018:-6.906885;-0.2409846:-6.900581;-0.234703:-6.903687;-0.2421298:-6.896966
sigma3_hotel_seed42,tril,HOTEL:biwi_hotel:145:7000,HOTEL,biwi_hotel,biwi_hotel:145,7000,3,4.136782169342041,7.717569351196289,1.103687047958374,1.2517776489257812,0.4808101952075958,0.685528576374054,1.75,2.66:1.36;2.68:0.84;2.69:0.31;2.53:-0.18;2.36:-0.61;2.17:-1.09;1.95:-1.56;1.85:-1.99,1.85:-2.54;1.82:-3.13;1.99:-3.67;2.1:-4.27;2.27:-4.96;2.44:-5.52;2.53:-6.17;2.57:-6.81;2.59:-7.47;2.56:-8.12;2.56:-8.78;2.53:-9.4,1.778204:-2.010505;1.608889:-2.051184;1.482585:-1.956446;1.407316:-2.037323;1.186812:-2.075505;1.051649:-1.975482;0.8664327:-1.737523;0.6984439:-2.10737;0.478452:-2.115678;0.2231327:-2.068335;0.08418679:-1.977565;-0.08583367:-2.139263
sigma3_hotel_seed42,tril,HOTEL:biwi_hotel:138:7010,HOTEL,biwi_hotel,biwi_hotel:138,7010,3,0.12974895536899567,0.2575923800468445,0.0,0.1660035103559494,0.757758378982544,9.171883583068848,2.5,1.4:-8.32;1.4:-8.39;1.47:-8.29;1.41:-8.33;1.35:-8.33;1.47:-8.29;1.48:-8.28;1.48:-8.28,1.48:-8.28;1.4:-8.31;1.47:-8.28;1.34:-8.33;1.47:-8.29;1.48:-8.28;1.48:-8.28;1.48:-8.28;1.48:-8.28;1.48:-8.28;1.48:-8.28;1.48:-8.28,1.468035:-8.279587;1.443646:-8.277978;1.427547:-8.273279;1.397785:-8.296789;1.379357:-8.282245;1.36558:-8.274799;1.348161:-8.267296;1.30963:-8.28037;1.296669:-8.301939;1.270586:-8.276905;1.259349:-8.263715;1.224463:-8.247523
sigma3_hotel_seed42,tril,HOTEL:biwi_hotel:139:7010,HOTEL,biwi_hotel,biwi_hotel:139,7010,3,0.14310435950756073,0.2937676012516022,0.0,0.0,0.0,0.0,1.75,1.31:-9.3;1.31:-9.3;1.31:-9.3;1.31:-9.3;1.31:-9.3;1.31:-9.3;1.31:-9.3;1.31:-9.3,1.31:-9.3;1.31:-9.3;1.31:-9.3;1.31:-9.3;1.31:-9.3;1.31:-9.3;1.31:-9.3;1.31:-9.3;1.31:-9.3;1.31:-9.3;1.31:-9.3;1.31:-9.3,1.297383:-9.301888;1.278139:-9.298771;1.25697:-9.297639;1.227927:-9.310181;1.201596:-9.306755;1.184993:-9.295378;1.163342:-9.279503;1.124175:-9.303164;1.1149:-9.313106;1.07703:-9.295794;1.063817:-9.281628;1.016923:-9.279872
sigma3_hotel_seed42,tril,HOTEL:biwi_hotel:144:7010,HOTEL,biwi_hotel,biwi_hotel:144,7010,3,0.1472264975309372,0.2937675714492798,0.0,0.0,0.0,0.0,0.0,-0.24:-6.91;-0.24:-6.91;-0.24:-6.91;-0.24:-6.91;-0.24:-6.91;-0.24:-6.91;-0.24:-6.91;-0.24:-6.91,-0.24:-6.91;-0.26:-6.87;-0.24:-6.9;-0.24:-6.83;-0.24:-6.9;-0.24:-6.91;-0.24:-6.91;-0.24:-6.91;-0.24:-6.91;-0.24:-6.91;-0.24:-6.91;-0.24:-6.91,-0.252617:-6.911888;-0.2718613:-6.908771;-0.2930303:-6.907638;-0.3220733:-6.92018;-0.3484044:-6.916755;-0.365007:-6.905378;-0.3866584:-6.889503;-0.4258245:-6.913164;-0.4350994:-6.923106;-0.4729699:-6.905794;-0.4861832:-6.891627;-0.5330772:-6.889872
sigma3_hotel_seed42,tril,HOTEL:biwi_hotel:138:7020,HOTEL,biwi_hotel,biwi_hotel:138,7020,3,0.041647832840681076,0.048011258244514465,0.0,0.14100350439548492,0.5662503242492676,6.641017436981201,2.25,1.4:-8.39;1.47:-8.29;1.41:-8.33;1.35:-8.33;1.47:-8.29;1.48:-8.28;1.48:-8.28;1.48:-8.28,1.4:-8.31;1.47:-8.28;1.34:-8.33;1.47:-8.29;1.48:-8.28;1.48:-8.28;1.48:-8.28;1.48:-8.28;1.48:-8.28;1.48:-8.28;1.48:-8.28;1.48:-8.28,1.484737:-8.279249;1.472431:-8.277867;1.4714:-8.270844;1.463701:-8.285093;1.454623:-8.281448;1.461276:-8.27589;1.458362:-8.285818;1.441729:-8.280483;1.45113:-8.290066;1.444426:-8.270941;1.448295:-8.268441;1.438763:-8.255412
sigma3_hotel_seed42,tril,HOTEL:biwi_hotel:139:7020,HOTEL,biwi_hotel,biwi_hotel:139,7020,3,0.13871006667613983,0.2840559482574463,0.0,0.0,0.0,0.0,1.75,1.31:-9.3;1.31:-9.3;1.31:-9.3;1.31:-9.3;1.31:-9.3;1.31:-9.3;1.31:-9.3;1.31:-9.3,1.31:-9.3;1.31:-9.3;1.31:-9.3;1.31:-9.3;1.31:-9.3;1.31:-9.3;1.31:-9.3;1.31:-9.3;1.31:-9.3;1.31:-9.3;1.31:-9.3;1.31:-9.3,1.29754:-9.30186;1.279029:-9.29883;1.258298:-9.297995;1.230481:-9.309443;1.204622:-9.306704;1.188575:-9.295594;1.167497:-9.280328;1.129588:-9.303409;1.12104:-9.31231;1.084561:-9.295981;1.071819:-9.282452;1.026557:-9.281345
sigma3_hotel_seed42,tril,HOTEL:biwi_hotel:144:7020,HOTEL,biwi_hotel,biwi_hotel:144,7020,3,0.14494051039218903,0.2840559184551239,0.0,0.0,0.0,0.0,0.0,-0.24:-6.91;-0.24:-6.91;-0.24:-6.91;-0.24:-6.91;-0.24:-6.91;-0.24:-6.91;-0.24:-6.91;-0.24:-6.91,-0.26:-6.87;-0.24:-6.9;-0.24:-6.83;-0.24:-6.9;-0.24:-6.91;-0.24:-6.91;-0.24:-6.91;-0.24:-6.91;-0.24:-6.91;-0.24:-6.91;-0.24:-6.91;-0.24:-6.91,-0.2524596:-6.911859;-0.2709713:-6.90883;-0.2917019:-6.907995;-0.3195188:-6.919443;-0.3453777:-6.916703;-0.3614249:-6.905594;-0.3825032:-6.890327;-0.4204117:-6.913408;-0.4289597:-6.92231;-0.465439:-6.905982;-0.4781809:-6.892451;-0.5234427:-6.891345
sigma3_hotel_seed42,tril,HOTEL:biwi_hotel:138:7030,HOTEL,biwi_hotel,biwi_hotel:138,7030,3,0.47714829444885254,0.8951825499534607,0.21360009908676147,0.12792296707630157,0.4562402069568634,6.586457252502441,2.0,1.47:-8.29;1.41:-8.33;1.35:-8.33;1.47:-8.29;1.48:-8.28;1.48:-8.28;1.48:-8.28;1.4:-8.31,1.47:-8.28;1.34:-8.33;1.47:-8.29;1.48:-8.28;1.48:-8.28;1.48:-8.28;1.48:-8.28;1.48:-8.28;1.48:-8.28;1.48:-8.28;1.48:-8.28;1.48:-8.28,1.340618:-8.308954;1.285804:-8.31202;1.232364:-8.31962;1.157144:-8.324608;1.101231:-8.304383;1.050874:-8.310431;0.9731897:-8.271499;0.8888925:-8.314596;0.8279921:-8.342049;0.76006:-8.307961;0.6886854:-8.283461;0.5851284:-8.256405
sigma3_hotel_seed42,tril,HOTEL:biwi_hotel:139:7030,HOTEL,biwi_hotel,biwi_hotel:139,7030,3,0.027619963511824608,0.05538206547498703,0.0,0.0,0.0,0.0,1.625,1.31:-9.3;1.31:-9.3;1.31:-9.3;1.31:-9.3;1.31:-9.3;1.31:-9.3;1.31:-9.3;1.31:-9.3,1.31:-9.3;1.31:-9.3;1.31:-9.3;1.31:-9.3;1.31:-9.3;1.31:-9.3;1.31:-9.3;1.31:-9.3;1.31:-9.3;1.31:-9.3;1.31:-9.3;1.31:-9.3,1.313301:-9.298749;1.304759:-9.299235;1.299634:-9.294836;1.293792:-9.294293;1.279325:-9.300538;1.287485:-9.297346;1.277078:-9.310294;1.265409:-9.301602;1.281533:-9.299581;1.271688:-9.288994;1.273599:-9.290303;1.256942:-9.284126
sigma3_hotel_seed42,tril,HOTEL:biwi_hotel:144:7030,HOTEL,biwi_hotel,biwi_hotel:144,7030,3,0.08908307552337646,0.13084770739078522,0.11180339753627777,0.015971913933753967,0.04658474773168564,0.0,0.0,-0.24:-6.91;-0.24:-6.91;-0.24:-6.91;-0.24:-6.91;-0.24:-6.91;-0.24:-6.91;-0.24:-6.91;-0.26:-6.87,-0.24:-6.9;-0.24:-6.83;-0.24:-6.9;-0.24:-6.91;-0.24:-6.91;-0.24:-6.91;-0.24:-6.91;-0.24:-6.91;-0.24:-6.91;-0.24:-6.91;-0.24:-6.91;-0.24:-6.91,-0.2615574:-6.869797;-0.2792355:-6.870526;-0.2900059:-6.860092;-0.307252:-6.884992;-0.3092803:-6.875993;-0.3183315:-6.86413;-0.323435:-6.854831;-0.3387919:-6.86378;-0.340515:-6.888525;-0.3498808:-6.872782;-0.3446623:-6.86723;-0.3591697:-6.855966
sigma3_hotel_seed42,tril,HOTEL:biwi_hotel:150:7030,HOTEL,biwi_hotel,biwi_hotel:150,7030,3,1.8580313920974731,3.514383554458618,0.21360009908676147,0.40453818440437317,0.6485626697540283,3.013925552368164,2.5,2.97:-1.62;2.9:-1.71;2.83:-1.94;2.73:-2.11;2.53:-2.26;2.49:-2.4;2.43:-2.48;2.46:-2.56,2.37:-2.66;2.12:-2.79;1.93:-2.92;1.68:-3.13;1.43:-3.28;1.18:-3.44;0.97:-3.61;0.78:-3.76;0.55:-3.82;0.32:-3.86;0.1:-3.95;-0.15:-4.08,2.501314:-2.564493;2.534025:-2.568163;2.569188:-2.562604;2.60893:-2.575016;2.673782:-2.584408;2.704639:-2.559735;2.759894:-2.525447;2.819307:-2.550424;2.855321:-2.575565;2.918357:-2.588007;2.969492:-2.595116;3.040791:-2.606994
sigma3_hotel_seed42,tril,HOTEL:biwi_hotel:138:7040,HOTEL,biwi_hotel,biwi_hotel:138,7040,3,0.42222607135772705,0.8129888772964478,0.190394327044487,0.12936821579933167,0.5828599333763123,9.093926429748535,1.625,1.41:-8.33;1.35:-8.33;1.47:-8.29;1.48:-8.28;1.48:-8.28;1.48:-8.28;1.4:-8.31;1.47:-8.28,1.34:-8.33;1.47:-8.29;1.48:-8.28;1.48:-8.28;1.48:-8.28;1.48:-8.28;1.48:-8.28;1.48:-8.28;1.48:-8.28;1.48:-8.28;1.48:-8.28;1.48:-8.28,1.526473:-8.277115;1.580358:-8.284158;1.644471:-8.271522;1.709575:-8.28635;1.777025:-8.293601;1.837582:-8.271461;1.916069:-8.283525;1.982454:-8.266809;2.051695:-8.288824;2.142099:-8.283997;2.206956:-8.306183;2.292774:-8.298704
sigma3_hotel_seed42,tril,HOTEL:biwi_hotel:139:7040,HOTEL,biwi_hotel,biwi_hotel:139,7040,3,0.039575446397066116,0.07384459674358368,0.0,0.0,0.0,0.0,1.375,1.31:-9.3;1.31:-9.3;1.31:-9.3;1.31:-9.3;1.31:-9.3;1.31:-9.3;1.31:-9.3;1.31:-9.3,1.31:-9.3;1.31:-9.3;1.31:-9.3;1.31:-9.3;1.31:-9.3;1.31:-9.3;1.31:-9.3;1.31:-9.3;1.31:-9.3;1.31:-9.3;1.31:-9.3;1.31:-9.3,1.307631:-9.299222;1.300048:-9.300659;1.291898:-9.298354;1.286564:-9.297704;1.272848:-9.303155;1.273607:-9.298942;1.263089:-9.304735;1.251066:-9.305603;1.260043:-9.303552;1.251917:-9.297959;1.251405:-9.298122;1.236197:-9.297517
sigma3_hotel_seed42,tril,HOTEL:biwi_hotel:144:7040,HOTEL,biwi_hotel,biwi_hotel:144,7040,3,0.038204092532396317,0.041994478553533554,0.09013878554105759,0.028848882764577866,0.13056659698486328,3.017237663269043,0.0,-0.24:-6.91;-0.24:-6.91;-0.24:-6.91;-0.24:-6.91;-0.24:-6.91;-0.24:-6.91;-0.26:-6.87;-0.24:-6.9,-0.24:-6.83;-0.24:-6.9;-0.24:-6.91;-0.24:-6.91;-0.24:-6.91;-0.24:-6.91;-0.24:-6.91;-0.24:-6.91;-0.24:-6.91;-0.24:-6.91;-0.24:-6.91;-0.24:-6.91,-0.2458933:-6.898583;-0.2591133:-6.904311;-0.2619004:-6.899042;-0.2721155:-6.914562;-0.2669206:-6.908221;-0.268053:-6.90776;-0.2737433:-6.897816;-0.2833088:-6.909038;-0.2862497:-6.935922;-0.2795116:-6.920805;-0.2799123:-6.925455;-0.2819945:-6.910031
sigma3_hotel_seed42,tril,HOTEL:biwi_hotel:150:7040,HOTEL,biwi_hotel,biwi_hotel:150,7040,3,1.3892771005630493,2.488675355911255,0.33634060621261597,0.41186627745628357,0.6294535994529724,3.7399089336395264,2.5,2.9:-1.71;2.83:-1.94;2.73:-2.11;2.53:-2.26;2.49:-2.4;2.43:-2.48;2.46:-2.56;2.37:-2.66,2.12:-2.79;1.93:-2.92;1.68:-3.13;1.43:-3.28;1.18:-3.44;0.97:-3.61;0.78:-3.76;0.55:-3.82;0.32:-3.86;0.1:-3.95;-0.15:-4.08;-0.44:-4.16,2.296918:-2.663631;2.230047:-2.657201;2.148464:-2.67326;2.058987:-2.656544;2.006694:-2.641247;1.934815:-2.635118;1.847258:-2.558805;1.78043:-2.61216;1.707743:-2.624601;1.634124:-2.615849;1.565601:-2.573339;1.473249:-2.568464
sigma3_hotel_seed42,tril,HOTEL:biwi_hotel:138:7050,HOTEL,biwi_hotel,biwi_hotel:138,7050,3,0.6933867931365967,1.1913357973098755,0.3482097089290619,0.15768389403820038,0.6151679754257202,9.377959251403809,1.375,1.35:-8.33;1.47:-8.29;1.48:-8.28;1.48:-8.28;1.48:-8.28;1.4:-8.31;1.47:-8.28;1.34:-8.33,1.47:-8.29;1.48:-8.28;1.48:-8.28;1.48:-8.28;1.48:-8.28;1.48:-8.28;1.48:-8.28;1.48:-8.28;1.48:-8.28;1.48:-8.28;1.48:-8.28;1.46:-8.28,1.253715:-8.329104;1.187104:-8.324458;1.102122:-8.337869;0.9944032:-8.332426;0.9209136:-8.310474;0.8471622:-8.311902;0.7496796:-8.24602;0.652662:-8.294833;0.5788349:-8.315742;0.4731406:-8.283927;0.3988672:-8.24556;0.2696384:-8.231833
sigma3_hotel_seed42,tril,HOTEL:biwi_hotel:139:7050,HOTEL,biwi_hotel,biwi_hotel:139,7050,3,0.007637988310307264,0.011889033950865269,0.0,0.0,0.0,0.0,1.125,1.31:-9.3;1.31:-9.3;1.31:-9.3;1.31:-9.3;1.31:-9.3;1.31:-9.3;1.31:-9.3;1.31:-9.3,1.31:-9.3;1.31:-9.3;1.31:-9.3;1.31:-9.3;1.31:-9.3;1.31:-9.3;1.31:-9.3;1.31:-9.3;1.31:-9.3;1.31:-9.3;1.31:-9.3;1.31:-9.3,1.313026:-9.297431;1.310621:-9.298652;1.307892:-9.295033;1.303861:-9.295774;1.298832:-9.29874;1.306424:-9.297486;1.30292:-9.311471;1.299832:-9.297421;1.313382:-9.29706;1.31013:-9.291568;1.316781:-9.294129;1.31073:-9.288134
sigma3_hotel_seed42,tril,HOTEL:biwi_hotel:144:7050,HOTEL,biwi_hotel,biwi_hotel:144,7050,3,0.10113272815942764,0.11386382579803467,0.17499999701976776,0.053848881274461746,0.23679617047309875,5.570827484130859,0.0,-0.24:-6.91;-0.24:-6.91;-0.24:-6.91;-0.24:-6.91;-0.24:-6.91;-0.26:-6.87;-0.24:-6.9;-0.24:-6.83,-0.24:-6.9;-0.24:-6.91;-0.24:-6.91;-0.24:-6.91;-0.24:-6.91;-0.24:-6.91;-0.24:-6.91;-0.24:-6.91;-0.24:-6.91;-0.24:-6.91;-0.24:-6.91;-0.24:-6.91,-0.2337438:-6.831405;-0.2524802:-6.829058;-0.2676733:-6.813159;-0.2815509:-6.838271;-0.2734075:-6.830904;-0.2826039:-6.809016;-0.2808381:-6.786923;-0.275323:-6.794683;-0.2714185:-6.816645;-0.2771891:-6.809422;-0.2535765:-6.796952;-0.2493575:-6.796521
sigma3_hotel_seed42,tril,HOTEL:biwi_hotel:150:7050,HOTEL,biwi_hotel,biwi_hotel:150,7050,3,0.9778446555137634,1.5921798944473267,0.7044501304626465,0.42663905024528503,0.7291474938392639,3.8620877265930176,2.375,2.83:-1.94;2.73:-2.11;2.53:-2.26;2.49:-2.4;2.43:-2.48;2.46:-2.56;2.37:-2.66;2.12:-2.79,1.93:-2.92;1.68:-3.13;1.43:-3.28;1.18:-3.44;0.97:-3.61;0.78:-3.76;0.55:-3.82;0.32:-3.86;0.1:-3.95;-0.15:-4.08;-0.44:-4.16;-0.69:-4.28,1.884054:-2.784542;1.668746:-2.773742;1.424408:-2.788757;1.185127:-2.730036;0.9858576:-2.745345;0.7689139:-2.724859;0.5369208:-2.613384;0.3466252:-2.690594;0.145939:-2.672997;-0.06983376:-2.69818;-0.2615023:-2.667785;-0.4680016:-2.703373
sigma3_hotel_seed42,tril,HOTEL:biwi_hotel:138:7060,HOTEL,biwi_hotel,biwi_hotel:138,7060,3,0.7783004641532898,1.4695758819580078,0.3400367498397827,0.16108517348766327,0.7830000519752502,11.987229347229004,1.125,1.47:-8.29;1.48:-8.28;1.48:-8.28;1.48:-8.28;1.4:-8.31;1.47:-8.28;1.34:-8.33;1.47:-8.29,1.48:-8.28;1.48:-8.28;1.48:-8.28;1.48:-8.28;1.48:-8.28;1.48:-8.28;1.48:-8.28;1.48:-8.28;1.48:-8.28;1.48:-8.28;1.46:-8.28;1.38:-8.22,1.595833:-8.290812;1.739358:-8.298937;1.856443:-8.291363;1.955031:-8.306973;2.058966:-8.338888;2.177693:-8.274026;2.317477:-8.255663;2.416856:-8.281147;2.569482:-8.304712;2.656103:-8.300284;2.780484:-8.310479;2.84478:-8.338634
sigma3_hotel_seed42,tril,HOTEL:biwi_hotel:139:7060,HOTEL,biwi_hotel,biwi_hotel:139,7060,3,0.07304583489894867,0.14457857608795166,0.0,0.0,0.0,0.0,1.0,1.31:-9.3;1.31:-9.3;1.31:-9.3;1.31:-9.3;1.31:-9.3;1.31:-9.3;1.31:-9.3;1.31:-9.3,1.31:-9.3;1.31:-9.3;1.31:-9.3;1.31:-9.3;1.31:-9.3;1.31:-9.3;1.31:-9.3;1.31:-9.3;1.31:-9.3;1.31:-9.3;1.31:-9.3;1.31:-9.3,1.303636:-9.300361;1.293075:-9.299859;1.280152:-9.299408;1.268099:-9.299391;1.249233:-9.304101;1.244502:-9.297819;1.229856:-9.296728;1.209695:-9.304876;1.213677:-9.303349;1.196126:-9.296073;1.19075:-9.292039;1.165586:-9.293105
sigma3_hotel_seed42,tril,HOTEL:biwi_hotel:144:7060,HOTEL,biwi_hotel,biwi_hotel:144,7060,3,0.1129404604434967,0.1674925535917282,0.17499999701976776,0.07884888350963593,0.38262951374053955,8.712420463562012,0.0,-0.24:-6.91;-0.24:-6.91;-0.24:-6.91;-0.24:-6.91;-0.26:-6.87;-0.24:-6.9;-0.24:-6.83;-0.24:-6.9,-0.24:-6.91;-0.24:-6.91;-0.24:-6.91;-0.24:-6.91;-0.24:-6.91;-0.24:-6.91;-0.24:-6.91;-0.24:-6.91;-0.24:-6.91;-0.24:-6.91;-0.24:-6.91;-0.24:-6.91,-0.2368498:-6.902578;-0.2665922:-6.894979;-0.3004308:-6.87508;-0.329337:-6.902214;-0.3341555:-6.892205;-0.3568416:-6.858788;-0.3660618:-6.827119;-0.3661561:-6.836235;-0.3666967:-6.851732;-0.3969145:-6.846292;-0.3708703:-6.817064;-0.3844075:-6.825146
sigma3_hotel_seed42,tril,HOTEL:biwi_hotel:150:7060,HOTEL,biwi_hotel,biwi_hotel:150,7060,3,0.9994040131568909,1.7234159708023071,0.575543224811554,0.4384199380874634,0.6854179501533508,3.5870473384857178,2.25,2.73:-2.11;2.53:-2.26;2.49:-2.4;2.43:-2.48;2.46:-2.56;2.37:-2.66;2.12:-2.79;1.93:-2.92,1.68:-3.13;1.43:-3.28;1.18:-3.44;0.97:-3.61;0.78:-3.76;0.55:-3.82;0.32:-3.86;0.1:-3.95;-0.15:-4.08;-0.44:-4.16;-0.69:-4.28;-0.81:-4.5,1.715302:-2.914916;1.518547:-2.903834;1.295188:-2.916708;1.075937:-2.865977;0.8934637:-2.873815;0.6950862:-2.855365;0.4822108:-2.754236;0.3071221:-2.820735;0.1239829:-2.806281;-0.07390177:-2.823396;-0.2480863:-2.789758;-0.4404727:-2.816666
sigma3_hotel_seed42,tril,HOTEL:biwi_hotel:138:7070,HOTEL,biwi_hotel,biwi_hotel:138,7070,3,0.20203101634979248,0.5836111307144165,0.0353553406894207,0.16108517348766327,0.8971157073974609,9.759162902832031,1.0,1.48:-8.28;1.48:-8.28;1.48:-8.28;1.4:-8.31;1.47:-8.28;1.34:-8.33;1.47:-8.29;1.48:-8.28,1.48:-8.28;1.48:-8.28;1.48:-8.28;1.48:-8.28;1.48:-8.28;1.48:-8.28;1.48:-8.28;1.48:-8.28;1.48:-8.28;1.46:-8.28;1.38:-8.22;1.31:-8.16,1.496645:-8.280572;1.514089:-8.278994;1.535015:-8.285066;1.565456:-8.275533;1.594263:-8.290814;1.622441:-8.289249;1.657324:-8.305484;1.688056:-8.290603;1.72667:-8.283348;1.775879:-8.29721;1.810223:-8.317598;1.86983:-8.3249
sigma3_hotel_seed42,tril,HOTEL:biwi_hotel:139:7070,HOTEL,biwi_hotel,biwi_hotel:139,7070,3,0.06928452849388123,0.1298898607492447,0.0,0.0,0.0,0.0,1.0,1.31:-9.3;1.31:-9.3;1.31:-9.3;1.31:-9.3;1.31:-9.3;1.31:-9.3;1.31:-9.3;1.31:-9.3,1.31:-9.3;1.31:-9.3;1.31:-9.3;1.31:-9.3;1.31:-9.3;1.31:-9.3;1.31:-9.3;1.31:-9.3;1.31:-9.3;1.31:-9.3;1.31:-9.3;1.31:-9.3,1.300274:-9.29977;1.291032:-9.301641;1.277812:-9.301613;1.273183:-9.296455;1.253816:-9.302894;1.246152:-9.298505;1.23061:-9.300655;1.215334:-9.30829;1.215796:-9.300943;1.206964:-9.300108;1.198255:-9.298601;1.180145:-9.303028
sigma3_hotel_seed42,tril,HOTEL:biwi_hotel:144:7070,HOTEL,biwi_hotel,biwi_hotel:144,7070,3,0.14588768780231476,0.279203325510025,0.02500000037252903,0.08242031186819077,0.44512951374053955,8.712420463562012,0.0,-0.24:-6.91;-0.24:-6.91;-0.24:-6.91;-0.26:-6.87;-0.24:-6.9;-0.24:-6.83;-0.24:-6.9;-0.24:-6.91,-0.24:-6.91;-0.24:-6.91;-0.24:-6.91;-0.24:-6.91;-0.24:-6.91;-0.24:-6.91;-0.24:-6.91;-0.24:-6.91;-0.24:-6.91;-0.24:-6.91;-0.24:-6.91;-0.24:-6.91,-0.2561541:-6.908247;-0.2815466:-6.910134;-0.3024095:-6.90422;-0.3329903:-6.925447;-0.351412:-6.911155;-0.370198:-6.904891;-0.3929074:-6.896985;-0.427754:-6.909606;-0.4435724:-6.93137;-0.468018:-6.911256;-0.4808434:-6.89958;-0.5180314:-6.884445
sigma3_hotel_seed42,tril,HOTEL:biwi_hotel:150:7070,HOTEL,biwi_hotel,biwi_hotel:150,7070,3,0.8886384963989258,1.6517372131347656,0.8162413835525513,0.4657401442527771,0.6225927472114563,3.036661386489868,2.125,2.53:-2.26;2.49:-2.4;2.43:-2.48;2.46:-2.56;2.37:-2.66;2.12:-2.79;1.93:-2.92;1.68:-3.13,1.43:-3.28;1.18:-3.44;0.97:-3.61;0.78:-3.76;0.55:-3.82;0.32:-3.86;0.1:-3.95;-0.15:-4.08;-0.44:-4.16;-0.69:-4.28;-0.81:-4.5;-1.08:-4.74,1.47953:-3.133988;1.289539:-3.131916;1.083704:-3.133863;0.8832815:-3.102054;0.7011136:-3.129984;0.5059869:-3.095667;0.3017809:-2.934828;0.1223952:-3.092876;-0.08295012:-3.093991;-0.2958822:-3.106752;-0.4768463:-3.077194;-0.6629285:-3.141786
sigma3_hotel_seed42,tril,HOTEL:biwi_hotel:138:7080,HOTEL,biwi_hotel,biwi_hotel:138,7080,3,0.09730807691812515,0.13097049295902252,0.0,0.16108517348766327,0.9118471145629883,9.759162902832031,1.125,1.48:-8.28;1.48:-8.28;1.4:-8.31;1.47:-8.28;1.34:-8.33;1.47:-8.29;1.48:-8.28;1.48:-8.28,1.48:-8.28;1.48:-8.28;1.48:-8.28;1.48:-8.28;1.48:-8.28;1.48:-8.28;1.48:-8.28;1.48:-8.28;1.46:-8.28;1.38:-8.22;1.31:-8.16;1.32:-8.17,1.469925:-8.280802;1.452515:-8.279458;1.433891:-8.277287;1.403455:-8.294613;1.385374:-8.288273;1.371861:-8.277922;1.354015:-8.2619;1.319355:-8.283567;1.313103:-8.30103;1.279469:-8.283106;1.272883:-8.270757;1.230474:-8.265594
sigma3_hotel_seed42,tril,HOTEL:biwi_hotel:139:7080,HOTEL,biwi_hotel,biwi_hotel:139,7080,3,0.14310435950756073,0.2937676012516022,0.0,0.0,0.0,0.0,1.0,1.31:-9.3;1.31:-9.3;1.31:-9.3;1.31:-9.3;1.31:-9.3;1.31:-9.3;1.31:-9.3;1.31:-9.3,1.31:-9.3;1.31:-9.3;1.31:-9.3;1.31:-9.3;1.31:-9.3;1.31:-9.3;1.31:-9.3;1.31:-9.3;1.31:-9.3;1.31:-9.3;1.31:-9.3;1.31:-9.3,1.297383:-9.301888;1.278139:-9.298771;1.25697:-9.297639;1.227927:-9.310181;1.201596:-9.306755;1.184993:-9.295378;1.163342:-9.279503;1.124175:-9.303164;1.1149:-9.313106;1.07703:-9.295794;1.063817:-9.281628;1.016923:-9.279872
sigma3_hotel_seed42,tril,HOTEL:biwi_hotel:150:7080,HOTEL,biwi_hotel,biwi_hotel:150,7080,3,0.896393358707428,1.7011568546295166,0.7288689613342285,0.5178635120391846,0.6192119121551514,2.829700231552124,1.75,2.49:-2.4;2.43:-2.48;2.46:-2.56;2.37:-2.66;2.12:-2.79;1.93:-2.92;1.68:-3.13;1.43:-3.28,1.18:-3.44;0.97:-3.61;0.78:-3.76;0.55:-3.82;0.32:-3.86;0.1:-3.95;-0.15:-4.08;-0.44:-4.16;-0.69:-4.28;-0.81:-4.5;-1.08:-4.74;-1.24:-4.9,1.166793:-3.27415;0.9260558:-3.263136;0.655676:-3.27973;0.3904554:-3.212704;0.1684325:-3.236858;-0.07184064:-3.213664;-0.3279531:-3.089032;-0.5397221:-3.179769;-0.7641703:-3.159333;-1.003854:-3.191799;-1.218832:-3.165708;-1.442786:-3.210973
sigma3_hotel_seed42,tril,HOTEL:biwi_hotel:138:7090,HOTEL,biwi_hotel,biwi_hotel:138,7090,3,0.06269750744104385,0.12550252676010132,0.0,0.16108517348766327,0.8228470683097839,9.759162902832031,1.25,1.48:-8.28;1.4:-8.31;1.47:-8.28;1.34:-8.33;1.47:-8.29;1.48:-8.28;1.48:-8.28;1.48:-8.28,1.48:-8.28;1.48:-8.28;1.48:-8.28;1.48:-8.28;1.48:-8.28;1.48:-8.28;1.48:-8.28;1.46:-8.28;1.38:-8.22;1.31:-8.16;1.32:-8.17;1.35:-8.19,1.473643:-8.281148;1.466763:-8.276567;1.45997:-8.282311;1.453536:-8.276554;1.444586:-8.284154;1.446364:-8.280089;1.444033:-8.282454;1.430555:-8.282681;1.442897:-8.279142;1.441214:-8.275446;1.442623:-8.278701;1.438435:-8.279051
sigma3_hotel_seed42,tril,HOTEL:biwi_hotel:139:7090,HOTEL,biwi_hotel,biwi_hotel:139,7090,3,0.13871006667613983,0.2840559482574463,0.0,0.0,0.0,0.0,1.0,1.31:-9.3;1.31:-9.3;1.31:-9.3;1.31:-9.3;1.31:-9.3;1.31:-9.3;1.31:-9.3;1.31:-9.3,1.31:-9.3;1.31:-9.3;1.31:-9.3;1.31:-9.3;1.31:-9.3;1.31:-9.3;1.31:-9.3;1.31:-9.3;1.31:-9.3;1.31:-9.3;1.31:-9.3;1.31:-9.3,1.29754:-9.30186;1.279029:-9.29883;1.258298:-9.297995;1.230481:-9.309443;1.204622:-9.306704;1.188575:-9.295594;1.167497:-9.280328;1.129588:-9.303409;1.12104:-9.31231;1.084561:-9.295981;1.071819:-9.282452;1.026557:-9.281345
sigma3_hotel_seed42,tril,HOTEL:biwi_hotel:150:7090,HOTEL,biwi_hotel,biwi_hotel:150,7090,3,0.868299663066864,1.6891510486602783,0.7420411109924316,0.5881550908088684,0.535878598690033,1.8563222885131836,1.375,2.43:-2.48;2.46:-2.56;2.37:-2.66;2.12:-2.79;1.93:-2.92;1.68:-3.13;1.43:-3.28;1.18:-3.44,0.97:-3.61;0.78:-3.76;0.55:-3.82;0.32:-3.86;0.1:-3.95;-0.15:-4.08;-0.44:-4.16;-0.69:-4.28;-0.81:-4.5;-1.08:-4.74;-1.24:-4.9;-1.28:-5.02,0.9399076:-3.435733;0.7052467:-3.423235;0.4519038:-3.435965;0.2086422:-3.37289;0.001266956:-3.391955;-0.2233679:-3.367481;-0.4653157:-3.257838;-0.6595453:-3.333153;-0.8702255:-3.311098;-1.083289:-3.341131;-1.288204:-3.310287;-1.49068:-3.344039
sigma3_hotel_seed42,tril,HOTEL:biwi_hotel:138:7100,HOTEL,biwi_hotel,biwi_hotel:138,7100,3,0.1428917646408081,0.25162461400032043,0.0,0.13057087361812592,0.6545606255531311,6.663691520690918,1.375,1.4:-8.31;1.47:-8.28;1.34:-8.33;1.47:-8.29;1.48:-8.28;1.48:-8.28;1.48:-8.28;1.48:-8.28,1.48:-8.28;1.48:-8.28;1.48:-8.28;1.48:-8.28;1.48:-8.28;1.48:-8.28;1.46:-8.28;1.38:-8.22;1.31:-8.16;1.32:-8.17;1.35:-8.19;1.34:-8.19,1.457178:-8.28025;1.43391:-8.278588;1.403986:-8.280933;1.364722:-8.287376;1.33272:-8.283094;1.310636:-8.275881;1.277858:-8.259295;1.233092:-8.281342;1.219974:-8.290399;1.175269:-8.27452;1.155827:-8.259933;1.097355:-8.256621
sigma3_hotel_seed42,tril,HOTEL:biwi_hotel:139:7100,HOTEL,biwi_hotel,biwi_hotel:139,7100,3,0.14407037198543549,0.295808881521225,0.0,0.0,0.0,0.0,1.125,1.31:-9.3;1.31:-9.3;1.31:-9.3;1.31:-9.3;1.31:-9.3;1.31:-9.3;1.31:-9.3;1.31:-9.3,1.31:-9.3;1.31:-9.3;1.31:-9.3;1.31:-9.3;1.31:-9.3;1.31:-9.3;1.31:-9.3;1.31:-9.3;1.31:-9.3;1.31:-9.3;1.31:-9.3;1.31:-9.3,1.297298:-9.301884;1.277901:-9.298771;1.256625:-9.297585;1.227406:-9.310263;1.20093:-9.306726;1.184184:-9.295327;1.162374:-9.279397;1.122983:-9.303134;1.113523:-9.31319;1.075445:-9.295738;1.06207:-9.281469;1.014895:-9.279609
sigma3_hotel_seed42,tril,HOTEL:biwi_hotel:150:7100,HOTEL,biwi_hotel,biwi_hotel:150,7100,3,0.8152896761894226,1.5580048561096191,0.6754627823829651,0.6541354656219482,0.4521034061908722,0.8759444952011108,1.0,2.46:-2.56;2.37:-2.66;2.12:-2.79;1.93:-2.92;1.68:-3.13;1.43:-3.28;1.18:-3.44;0.97:-3.61,0.78:-3.76;0.55:-3.82;0.32:-3.86;0.1:-3.95;-0.15:-4.08;-0.44:-4.16;-0.69:-4.28;-0.81:-4.5;-1.08:-4.74;-1.24:-4.9;-1.28:-5.02;-1.32:-5.1,0.7637778:-3.609498;0.5618976:-3.598764;0.3408805:-3.61354;0.1284452:-3.556843;-0.04346025:-3.576305;-0.2398423:-3.550751;-0.4497241:-3.432117;-0.6132102:-3.519995;-0.8003418:-3.504798;-0.9854013:-3.536389;-1.162459:-3.504138;-1.335658:-3.542074
sigma3_hotel_seed42,tril,HOTEL:biwi_hotel:138:7110,HOTEL,biwi_hotel,biwi_hotel:138,7110,3,0.0640074834227562,0.030053231865167618,0.0,0.10337168723344803,0.43017879128456116,3.55981707572937,1.5,1.47:-8.28;1.34:-8.33;1.47:-8.29;1.48:-8.28;1.48:-8.28;1.48:-8.28;1.48:-8.28;1.48:-8.28,1.48:-8.28;1.48:-8.28;1.48:-8.28;1.48:-8.28;1.48:-8.28;1.46:-8.28;1.38:-8.22;1.31:-8.16;1.32:-8.17;1.35:-8.19;1.34:-8.19;1.32:-8.19,1.470297:-8.279224;1.436797:-8.26895;1.422929:-8.260828;1.399833:-8.284447;1.378607:-8.264806;1.369894:-8.255683;1.361658:-8.267262;1.326862:-8.251646;1.318593:-8.262607;1.304033:-8.232265;1.29942:-8.216409;1.290102:-8.193053
sigma3_hotel_seed42,tril,HOTEL:biwi_hotel:139:7110,HOTEL,biwi_hotel,biwi_hotel:139,7110,3,0.13865236937999725,0.28384965658187866,0.0,0.0,0.0,0.0,1.25,1.31:-9.3;1.31:-9.3;1.31:-9.3;1.31:-9.3;1.31:-9.3;1.31:-9.3;1.31:-9.3;1.31:-9.3,1.31:-9.3;1.31:-9.3;1.31:-9.3;1.31:-9.3;1.31:-9.3;1.31:-9.3;1.31:-9.3;1.31:-9.3;1.31:-9.3;1.31:-9.3;1.31:-9.3;1.31:-9.3,1.2975:-9.301847;1.278995:-9.298855;1.258267:-9.298009;1.230574:-9.309381;1.204685:-9.306665;1.188607:-9.295591;1.167504:-9.280416;1.129664:-9.303449;1.121069:-9.312251;1.084722:-9.296;1.071918:-9.282511;1.026758:-9.281433
sigma3_hotel_seed42,tril,HOTEL:biwi_hotel:150:7110,HOTEL,biwi_hotel,biwi_hotel:150,7110,3,0.8288584351539612,1.6109037399291992,0.6051859259605408,0.6925419569015503,0.31199511885643005,0.5297144055366516,0.5,2.37:-2.66;2.12:-2.79;1.93:-2.92;1.68:-3.13;1.43:-3.28;1.18:-3.44;0.97:-3.61;0.78:-3.76,0.55:-3.82;0.32:-3.86;0.1:-3.95;-0.15:-4.08;-0.44:-4.16;-0.69:-4.28;-0.81:-4.5;-1.08:-4.74;-1.24:-4.9;-1.28:-5.02;-1.32:-5.1;-1.27:-5.29,0.598172:-3.760276;0.4148225:-3.749051;0.215235:-3.762147;0.02288967:-3.711957;-0.1309084:-3.72658;-0.3062612:-3.70203;-0.4965768:-3.594736;-0.6432722:-3.671294;-0.8085836:-3.658577;-0.9750491:-3.684058;-1.13287:-3.649454;-1.291963:-3.679246
sigma3_hotel_seed42,tril,HOTEL:biwi_hotel:138:7120,HOTEL,biwi_hotel,biwi_hotel:138,7120,3,0.09577053785324097,0.180704727768898,0.0,0.05362744256854057,0.143578439950943,0.4868992269039154,1.625,1.34:-8.33;1.47:-8.29;1.48:-8.28;1.48:-8.28;1.48:-8.28;1.48:-8.28;1.48:-8.28;1.48:-8.28,1.48:-8.28;1.48:-8.28;1.48:-8.28;1.48:-8.28;1.46:-8.28;1.38:-8.22;1.31:-8.16;1.32:-8.17;1.35:-8.19;1.34:-8.19;1.32:-8.19;1.3:-8.19,1.480903:-8.281913;1.477515:-8.27914;1.473154:-8.279759;1.468374:-8.285106;1.46206:-8.289638;1.463089:-8.280053;1.464195:-8.274535;1.451941:-8.286844;1.461566:-8.288838;1.453916:-8.28331;1.460613:-8.280553;1.453313:-8.285652
sigma3_hotel_seed42,tril,HOTEL:biwi_hotel:139:7120,HOTEL,biwi_hotel,biwi_hotel:139,7120,3,0.142890065908432,0.29315733909606934,0.0,0.0,0.0,0.0,1.375,1.31:-9.3;1.31:-9.3;1.31:-9.3;1.31:-9.3;1.31:-9.3;1.31:-9.3;1.31:-9.3;1.31:-9.3,1.31:-9.3;1.31:-9.3;1.31:-9.3;1.31:-9.3;1.31:-9.3;1.31:-9.3;1.31:-9.3;1.31:-9.3;1.31:-9.3;1.31:-9.3;1.31:-9.3;1.31:-9.3,1.297321:-9.301864;1.278114:-9.298815;1.256954:-9.297684;1.228109:-9.310079;1.201773:-9.306706;1.185139:-9.295395;1.163463:-9.279656;1.124449:-9.303236;1.11513:-9.313024;1.0775:-9.295869;1.064222:-9.281788;1.017519:-9.28009
sigma3_hotel_seed42,tril,HOTEL:biwi_hotel:138:7130,HOTEL,biwi_hotel,biwi_hotel:138,7130,3,0.07423478364944458,0.08709239959716797,0.0,0.005050762556493282,0.014731391333043575,0.0,1.625,1.47:-8.29;1.48:-8.28;1.48:-8.28;1.48:-8.28;1.48:-8.28;1.48:-8.28;1.48:-8.28;1.48:-8.28,1.48:-8.28;1.48:-8.28;1.48:-8.28;1.46:-8.28;1.38:-8.22;1.31:-8.16;1.32:-8.17;1.35:-8.19;1.34:-8.19;1.32:-8.19;1.3:-8.19;1.3:-8.19,1.46946:-8.281406;1.457265:-8.27994;1.440816:-8.280663;1.424206:-8.284442;1.403641:-8.286692;1.392036:-8.277785;1.376334:-8.267858;1.350141:-8.286266;1.347098:-8.287839;1.323942:-8.279932;1.315639:-8.272027;1.285251:-8.275834
sigma3_hotel_seed42,tril,HOTEL:biwi_hotel:139:7130,HOTEL,biwi_hotel,biwi_hotel:139,7130,3,0.1436927318572998,0.2948158383369446,0.0,0.0,0.0,0.0,1.375,1.31:-9.3;1.31:-9.3;1.31:-9.3;1.31:-9.3;1.31:-9.3;1.31:-9.3;1.31:-9.3;1.31:-9.3,1.31:-9.3;1.31:-9.3;1.31:-9.3;1.31:-9.3;1.31:-9.3;1.31:-9.3;1.31:-9.3;1.31:-9.3;1.31:-9.3;1.31:-9.3;1.31:-9.3;1.31:-9.3,1.297232:-9.301853;1.2779:-9.298833;1.256644:-9.297651;1.227681:-9.310148;1.201236:-9.30668;1.184458:-9.295364;1.162634:-9.279593;1.123465:-9.303237;1.113963:-9.313116;1.076211:-9.295882;1.06278:-9.28173;1.015867:-9.279947
sigma3_hotel_seed42,tril,HOTEL:biwi_hotel:138:7140,HOTEL,biwi_hotel,biwi_hotel:138,7140,3,0.08615007251501083,0.13850542902946472,0.0,0.0,0.0,0.0,1.625,1.48:-8.28;1.48:-8.28;1.48:-8.28;1.48:-8.28;1.48:-8.28;1.48:-8.28;1.48:-8.28;1.48:-8.28,1.48:-8.28;1.48:-8.28;1.46:-8.28;1.38:-8.22;1.31:-8.16;1.32:-8.17;1.35:-8.19;1.34:-8.19;1.32:-8.19;1.3:-8.19;1.3:-8.19;1.3:-8.19,1.467273:-8.281908;1.447469:-8.278733;1.425989:-8.277347;1.39609:-8.290725;1.369376:-8.286779;1.352344:-8.275195;1.330268:-8.258908;1.290164:-8.282993;1.280311:-8.293687;1.241436:-8.275632;1.22784:-8.260987;1.179759:-8.258745
sigma3_hotel_seed42,tril,HOTEL:biwi_hotel:139:7140,HOTEL,biwi_hotel,biwi_hotel:139,7140,3,0.14636410772800446,0.3009920120239258,0.0,0.0,0.0,0.0,1.375,1.31:-9.3;1.31:-9.3;1.31:-9.3;1.31:-9.3;1.31:-9.3;1.31:-9.3;1.31:-9.3;1.31:-9.3,1.31:-9.3;1.31:-9.3;1.31:-9.3;1.31:-9.3;1.31:-9.3;1.31:-9.3;1.31:-9.3;1.31:-9.3;1.31:-9.3;1.31:-9.3;1.31:-9.3;1.31:-9.3,1.297273:-9.301908;1.277469:-9.298734;1.255989:-9.297347;1.22609:-9.310725;1.199376:-9.30678;1.182344:-9.295196;1.160268:-9.278909;1.120164:-9.302994;1.110311:-9.313687;1.071436:-9.295632;1.05784:-9.280988;1.009759:-9.278746
sigma3_hotel_seed42,tril,HOTEL:biwi_hotel:138:7150,HOTEL,biwi_hotel,biwi_hotel:138,7150,3,0.0903153046965599,0.13850542902946472,0.0,0.0,0.0,0.0,1.625,1.48:-8.28;1.48:-8.28;1.48:-8.28;1.48:-8.28;1.48:-8.28;1.48:-8.28;1.48:-8.28;1.48:-8.28,1.48:-8.28;1.46:-8.28;1.38:-8.22;1.31:-8.16;1.32:-8.17;1.35:-8.19;1.34:-8.19;1.32:-8.19;1.3:-8.19;1.3:-8.19;1.3:-8.19;1.3:-8.19,1.467273:-8.281908;1.447469:-8.278733;1.425989:-8.277347;1.39609:-8.290725;1.369376:-8.286779;1.352344:-8.275195;1.330268:-8.258908;1.290164:-8.282993;1.280311:-8.293687;1.241436:-8.275632;1.22784:-8.260987;1.179759:-8.258745
sigma3_hotel_seed42,tril,HOTEL:biwi_hotel:139:7150,HOTEL,biwi_hotel,biwi_hotel:139,7150,3,0.14636410772800446,0.3009920120239258,0.0,0.0,0.0,0.0,1.375,1.31:-9.3;1.31:-9.3;1.31:-9.3;1.31:-9.3;1.31:-9.3;1.31:-9.3;1.31:-9.3;1.31:-9.3,1.31:-9.3;1.31:-9.3;1.31:-9.3;1.31:-9.3;1.31:-9.3;1.31:-9.3;1.31:-9.3;1.31:-9.3;1.31:-9.3;1.31:-9.3;1.31:-9.3;1.31:-9.3,1.297273:-9.301908;1.277469:-9.298734;1.255989:-9.297347;1.22609:-9.310725;1.199376:-9.30678;1.182344:-9.295196;1.160268:-9.278909;1.120164:-9.302994;1.110311:-9.313687;1.071436:-9.295632;1.05784:-9.280988;1.009759:-9.278746
sigma3_hotel_seed42,tril,HOTEL:biwi_hotel:138:7160,HOTEL,biwi_hotel,biwi_hotel:138,7160,3,0.10013755410909653,0.13850542902946472,0.0,0.0,0.0,0.0,1.5,1.48:-8.28;1.48:-8.28;1.48:-8.28;1.48:-8.28;1.48:-8.28;1.48:-8.28;1.48:-8.28;1.48:-8.28,1.46:-8.28;1.38:-8.22;1.31:-8.16;1.32:-8.17;1.35:-8.19;1.34:-8.19;1.32:-8.19;1.3:-8.19;1.3:-8.19;1.3:-8.19;1.3:-8.19;1.3:-8.19,1.467273:-8.281908;1.447469:-8.278733;1.425989:-8.277347;1.39609:-8.290725;1.369376:-8.286779;1.352344:-8.275195;1.330268:-8.258908;1.290164:-8.282993;1.280311:-8.293687;1.241436:-8.275632;1.22784:-8.260987;1.179759:-8.258745
sigma3_hotel_seed42,tril,HOTEL:biwi_hotel:139:7160,HOTEL,biwi_hotel,biwi_hotel:139,7160,3,0.14636410772800446,0.3009920120239258,0.0,0.0,0.0,0.0,1.375,1.31:-9.3;1.31:-9.3;1.31:-9.3;1.31:-9.3;1.31:-9.3;1.31:-9.3;1.31:-9.3;1.31:-9.3,1.31:-9.3;1.31:-9.3;1.31:-9.3;1.31:-9.3;1.31:-9.3;1.31:-9.3;1.31:-9.3;1.31:-9.3;1.31:-9.3;1.31:-9.3;1.31:-9.3;1.31:-9.3,1.297273:-9.301908;1.277469:-9.298734;1.255989:-9.297347;1.22609:-9.310725;1.199376:-9.30678;1.182344:-9.295196;1.160268:-9.278909;1.120164:-9.302994;1.110311:-9.313687;1.071436:-9.295632;1.05784:-9.280988;1.009759:-9.278746
sigma3_hotel_seed42,tril,HOTEL:biwi_hotel:138:7170,HOTEL,biwi_hotel,biwi_hotel:138,7170,3,0.11993362754583359,0.18926562368869781,0.05000000074505806,0.0071428571827709675,0.02083333395421505,0.0,1.375,1.48:-8.28;1.48:-8.28;1.48:-8.28;1.48:-8.28;1.48:-8.28;1.48:-8.28;1.48:-8.28;1.46:-8.28,1.38:-8.22;1.31:-8.16;1.32:-8.17;1.35:-8.19;1.34:-8.19;1.32:-8.19;1.3:-8.19;1.3:-8.19;1.3:-8.19;1.3:-8.19;1.3:-8.19;1.3:-8.19,1.443982:-8.281309;1.421429:-8.279196;1.397354:-8.277347;1.364983:-8.29114;1.335776:-8.28534;1.315511:-8.274822;1.289285:-8.258841;1.246466:-8.282991;1.232499:-8.294715;1.192194:-8.275901;1.174644:-8.260502;1.12272:-8.256281
sigma3_hotel_seed42,tril,HOTEL:biwi_hotel:139:7170,HOTEL,biwi_hotel,biwi_hotel:139,7170,3,0.14636410772800446,0.3009920120239258,0.0,0.0,0.0,0.0,1.375,1.31:-9.3;1.31:-9.3;1.31:-9.3;1.31:-9.3;1.31:-9.3;1.31:-9.3;1.31:-9.3;1.31:-9.3,1.31:-9.3;1.31:-9.3;1.31:-9.3;1.31:-9.3;1.31:-9.3;1.31:-9.3;1.31:-9.3;1.31:-9.3;1.31:-9.3;1.31:-9.3;1.31:-9.3;1.31:-9.3,1.297273:-9.301908;1.277469:-9.298734;1.255989:-9.297347;1.22609:-9.310725;1.199376:-9.30678;1.182344:-9.295196;1.160268:-9.278909;1.120164:-9.302994;1.110311:-9.313687;1.071436:-9.295632;1.05784:-9.280988;1.009759:-9.278746
sigma3_hotel_seed42,tril,HOTEL:biwi_hotel:138:7180,HOTEL,biwi_hotel,biwi_hotel:138,7180,3,0.24067257344722748,0.47189363837242126,0.25,0.04285714402794838,0.1092216819524765,0.6435011029243469,1.25,1.48:-8.28;1.48:-8.28;1.48:-8.28;1.48:-8.28;1.48:-8.28;1.48:-8.28;1.46:-8.28;1.38:-8.22,1.31:-8.16;1.32:-8.17;1.35:-8.19;1.34:-8.19;1.32:-8.19;1.3:-8.19;1.3:-8.19;1.3:-8.19;1.3:-8.19;1.3:-8.19;1.3:-8.19;1.28:-8.19,1.351183:-8.221229;1.303874:-8.216045;1.251853:-8.207588;1.18719:-8.230289;1.149799:-8.211294;1.107405:-8.191666;1.058846:-8.150252;1.007843:-8.179541;0.9750767:-8.203233;0.9069246:-8.178964;0.8861582:-8.142554;0.8113557:-8.134717
sigma3_hotel_seed42,tril,HOTEL:biwi_hotel:139:7180,HOTEL,biwi_hotel,biwi_hotel:139,7180,3,0.14630171656608582,0.3002432584762573,0.0,0.0,0.0,0.0,1.25,1.31:-9.3;1.31:-9.3;1.31:-9.3;1.31:-9.3;1.31:-9.3;1.31:-9.3;1.31:-9.3;1.31:-9.3,1.31:-9.3;1.31:-9.3;1.31:-9.3;1.31:-9.3;1.31:-9.3;1.31:-9.3;1.31:-9.3;1.31:-9.3;1.31:-9.3;1.31:-9.3;1.31:-9.3;1.31:-9.28,1.297273:-9.301908;1.277469:-9.298734;1.255989:-9.297347;1.22609:-9.310725;1.199376:-9.30678;1.182344:-9.295196;1.160268:-9.278909;1.120164:-9.302994;1.110311:-9.313687;1.071436:-9.295632;1.05784:-9.280988;1.009759:-9.278746
sigma3_hotel_seed42,tril,HOTEL:biwi_hotel:156:7480,HOTEL,biwi_hotel,biwi_hotel:156,7480,3,4.454700946807861,8.15188980102539,1.75,1.7177276611328125,0.6979352831840515,0.738312840461731,1.5,1.42:-9.38;1.45:-8.78;1.46:-8.11;1.34:-7.43;1.36:-6.75;1.47:-5.97;1.45:-5.29;1.45:-4.59,1.38:-3.87;1.34:-3.2;1.24:-2.49;1.19:-1.82;1.27:-1.17;1.32:-0.52;1.32:0.11;1.33:0.72;1.23:1.36;1.15:1.93;1.09:2.57;1.01:3.19,1.550289:-4.620651;1.505342:-4.712154;1.499364:-4.548114;1.582514:-4.727287;1.411123:-4.766349;1.369254:-4.622899;1.255026:-4.291004;1.170714:-4.879962;0.99563:-4.9009;0.7364709:-4.8338;0.7136757:-4.678072;0.5735575:-4.950198
sigma3_hotel_seed42,tril,HOTEL:biwi_hotel:157:7480,HOTEL,biwi_hotel,biwi_hotel:157,7480,3,4.466743469238281,8.240546226501465,1.7507141828536987,1.6951266527175903,0.4156830608844757,0.5534626841545105,2.0,2.25:-9.31;2.17:-8.67;2.12:-8.01;2.04:-7.34;2.05:-6.68;2.11:-5.99;2.06:-5.28;2.08:-4.58,2.13:-3.92;2.18:-3.24;2.16:-2.54;2.01:-1.81;1.97:-1.14;1.89:-0.48;1.88:0.13;1.89:0.75;1.79:1.39;1.83:2.03;1.77:2.66;1.69:3.27,2.174091:-4.610647;2.116763:-4.704592;2.099461:-4.534329;2.176596:-4.717817;1.991618:-4.757668;1.939667:-4.611406;1.812599:-4.272517;1.720621:-4.874599;1.532959:-4.892969;1.258227:-4.826691;1.230657:-4.666368;1.082878:-4.948151
sigma3_hotel_seed42,tril,HOTEL:biwi_hotel:174:9260,HOTEL,biwi_hotel,biwi_hotel:174,9260,3,3.548394203186035,6.408936023712158,1.3009611368179321,1.2564961910247803,0.37514951825141907,0.6420985460281372,1.0,0.95:1.71;0.96:1.25;0.95:0.75;1:0.25;0.99:-0.25;0.97:-0.75;1.04:-1.28;1.02:-1.8,1.01:-2.3;1.03:-2.84;0.96:-3.38;0.97:-3.92;0.99:-4.48;0.95:-5.03;0.99:-5.57;1.05:-6.07;1:-6.55;0.98:-7.08;0.94:-7.57;0.83:-8.09,0.9434525:-1.821064;0.757457:-1.875582;0.6153706:-1.759737;0.5378768:-1.859648;0.2791421:-1.904508;0.1266876:-1.787646;-0.08559358:-1.520417;-0.2756771:-1.954691;-0.5259573:-1.958723;-0.8258778:-1.908223;-0.9762815:-1.802447;-1.174176:-2.002493
sigma3_hotel_seed42,tril,HOTEL:biwi_hotel:175:9260,HOTEL,biwi_hotel,biwi_hotel:175,9260,3,3.300313949584961,5.762092590332031,1.2837932109832764,1.2595487833023071,0.2747044861316681,0.42068246006965637,1.0,1.64:2;1.63:1.5;1.62:1.01;1.61:0.49;1.64:-0.01;1.6:-0.5;1.58:-1.01;1.64:-1.52,1.66:-2.04;1.76:-2.55;1.83:-3.11;1.83:-3.65;1.9:-4.22;1.8:-4.76;1.76:-5.28;1.61:-5.79;1.58:-6.22;1.45:-6.7;1.33:-7.16;1.31:-7.57,1.831531:-1.552811;1.884993:-1.631326;1.977753:-1.489674;2.132996:-1.660636;2.067039:-1.695388;2.117216:-1.558616;2.107172:-1.273586;2.099745:-1.790168;2.034972:-1.82689;1.88503:-1.75309;1.929603:-1.614574;1.854116:-1.833656
sigma3_hotel_seed42,tril,HOTEL:biwi_hotel:174:9270,HOTEL,biwi_hotel,biwi_hotel:174,9270,3,3.548537254333496,6.383681297302246,1.250249981880188,1.270778775215149,0.35185715556144714,0.6188107132911682,1.0,0.96:1.25;0.95:0.75;1:0.25;0.99:-0.25;0.97:-0.75;1.04:-1.28;1.02:-1.8;1.01:-2.3,1.03:-2.84;0.96:-3.38;0.97:-3.92;0.99:-4.48;0.95:-5.03;0.99:-5.57;1.05:-6.07;1:-6.55;0.98:-7.08;0.94:-7.57;0.83:-8.09;0.8:-8.61,0.940371:-2.321372;0.7700127:-2.37313;0.6407263:-2.263927;0.5730487:-2.360814;0.3339995:-2.400988;0.1914042:-2.290202;-0.004902482:-2.027231;-0.1807858:-2.447798;-0.4200674:-2.4549;-0.7000581:-2.404566;-0.840669:-2.301405;-1.023033:-2.492162
sigma3_hotel_seed42,tril,HOTEL:biwi_hotel:175:9270,HOTEL,biwi_hotel,biwi_hotel:175,9270,3,3.32153582572937,5.804437637329102,1.3009611368179321,1.2667932510375977,0.30723685026168823,0.4989406168460846,1.0,1.63:1.5;1.62:1.01;1.61:0.49;1.64:-0.01;1.6:-0.5;1.58:-1.01;1.64:-1.52;1.66:-2.04,1.76:-2.55;1.83:-3.11;1.83:-3.65;1.9:-4.22;1.8:-4.76;1.76:-5.28;1.61:-5.79;1.58:-6.22;1.45:-6.7;1.33:-7.16;1.31:-7.57;1.29:-8.06,1.70719:-2.067283;1.629625:-2.13454;1.594941:-2.004085;1.627585:-2.141449;1.457519:-2.178885;1.396058:-2.054036;1.275091:-1.773162;1.170877:-2.253611;0.9992433:-2.273393;0.7668995:-2.21179;0.7076624:-2.087383;0.5701621:-2.300371
sigma3_hotel_seed42,tril,HOTEL:biwi_hotel:180:9370,HOTEL,biwi_hotel,biwi_hotel:180,9370,3,0.14579857885837555,0.3009920120239258,0.0,0.0,0.0,0.0,1.125,-1.09:-6.72;-1.09:-6.72;-1.09:-6.72;-1.09:-6.72;-1.09:-6.72;-1.09:-6.72;-1.09:-6.72;-1.09:-6.72,-1.09:-6.72;-1.09:-6.72;-1.09:-6.72;-1.09:-6.72;-1.09:-6.72;-1.09:-6.72;-1.09:-6.72;-1.09:-6.72;-1.09:-6.72;-1.11:-6.79;-1.09:-6.73;-1.09:-6.72,-1.102727:-6.721909;-1.122531:-6.718733;-1.144011:-6.717347;-1.17391:-6.730725;-1.200624:-6.72678;-1.217656:-6.715195;-1.239732:-6.698908;-1.279836:-6.722993;-1.289689:-6.733687;-1.328564:-6.715632;-1.34216:-6.700987;-1.390241:-6.698745
sigma3_hotel_seed42,tril,HOTEL:biwi_hotel:180:9380,HOTEL,biwi_hotel,biwi_hotel:180,9380,3,0.1454092115163803,0.3009920120239258,0.0,0.0,0.0,0.0,1.125,-1.09:-6.72;-1.09:-6.72;-1.09:-6.72;-1.09:-6.72;-1.09:-6.72;-1.09:-6.72;-1.09:-6.72;-1.09:-6.72,-1.09:-6.72;-1.09:-6.72;-1.09:-6.72;-1.09:-6.72;-1.09:-6.72;-1.09:-6.72;-1.09:-6.72;-1.09:-6.72;-1.11:-6.79;-1.09:-6.73;-1.09:-6.72;-1.09:-6.72,-1.102727:-6.721909;-1.122531:-6.718733;-1.144011:-6.717347;-1.17391:-6.730725;-1.200624:-6.72678;-1.217656:-6.715195;-1.239732:-6.698908;-1.279836:-6.722993;-1.289689:-6.733687;-1.328564:-6.715632;-1.34216:-6.700987;-1.390241:-6.698745
sigma3_hotel_seed42,tril,HOTEL:biwi_hotel:180:9390,HOTEL,biwi_hotel,biwi_hotel:180,9390,3,0.14572098851203918,0.3009920120239258,0.0,0.0,0.0,0.0,1.125,-1.09:-6.72;-1.09:-6.72;-1.09:-6.72;-1.09:-6.72;-1.09:-6.72;-1.09:-6.72;-1.09:-6.72;-1.09:-6.72,-1.09:-6.72;-1.09:-6.72;-1.09:-6.72;-1.09:-6.72;-1.09:-6.72;-1.09:-6.72;-1.09:-6.72;-1.11:-6.79;-1.09:-6.73;-1.09:-6.72;-1.09:-6.72;-1.09:-6.72,-1.102727:-6.721909;-1.122531:-6.718733;-1.144011:-6.717347;-1.17391:-6.730725;-1.200624:-6.72678;-1.217656:-6.715195;-1.239732:-6.698908;-1.279836:-6.722993;-1.289689:-6.733687;-1.328564:-6.715632;-1.34216:-6.700987;-1.390241:-6.698745
sigma3_hotel_seed42,tril,HOTEL:biwi_hotel:180:9400,HOTEL,biwi_hotel,biwi_hotel:180,9400,3,0.035401634871959686,0.05826610326766968,0.0,0.0,0.0,0.0,1.125,-1.09:-6.72;-1.09:-6.72;-1.09:-6.72;-1.09:-6.72;-1.09:-6.72;-1.09:-6.72;-1.09:-6.72;-1.09:-6.72,-1.09:-6.72;-1.09:-6.72;-1.09:-6.72;-1.09:-6.72;-1.09:-6.72;-1.09:-6.72;-1.11:-6.79;-1.09:-6.73;-1.09:-6.72;-1.09:-6.72;-1.09:-6.72;-1.09:-6.72,-1.090949:-6.720157;-1.098582:-6.718416;-1.104639:-6.717824;-1.112168:-6.72014;-1.123332:-6.723776;-1.120327:-6.718275;-1.125859:-6.721658;-1.14026:-6.723231;-1.129717:-6.723627;-1.138589:-6.714809;-1.135879:-6.713364;-1.147669:-6.711677
sigma3_hotel_seed42,tril,HOTEL:biwi_hotel:181:9400,HOTEL,biwi_hotel,biwi_hotel:181,9400,3,4.261480331420898,8.031105995178223,1.584692358970642,1.4465231895446777,0.847620964050293,1.2443586587905884,2.25,1.17:-9.88;1.21:-9.22;1.39:-8.65;1.58:-8.14;1.54:-7.67;1.58:-7.1;1.73:-6.55;1.8:-5.92,1.88:-5.25;1.99:-4.66;2.06:-4.12;2.12:-3.45;2.14:-2.76;2.12:-2.17;2.22:-1.52;2.21:-0.82;2.16:-0.18;2.27:0.47;2.15:1.13;2.13:1.71,1.925636:-5.951286;1.913551:-6.040291;1.938089:-5.883079;2.044268:-6.061622;1.90512:-6.098047;1.88914:-5.956159;1.807521:-5.63345;1.746351:-6.20724;1.600311:-6.234137;1.373378:-6.164871;1.370522:-6.013213;1.250449:-6.272797
sigma3_hotel_seed42,tril,HOTEL:biwi_hotel:182:9400,HOTEL,biwi_hotel,biwi_hotel:182,9400,3,4.173366546630859,7.979300498962402,1.7714753150939941,1.5196502208709717,0.8116716742515564,0.6695573329925537,1.875,1.89:-9.65;1.92:-9.05;1.98:-8.51;2.15:-7.98;2.17:-7.28;2.21:-6.76;2.28:-6.14;2.39:-5.44,2.46:-4.86;2.51:-4.27;2.55:-3.65;2.66:-3.03;2.7:-2.42;2.71:-1.76;2.8:-1.12;2.81:-0.51;2.76:0.09;2.84:0.81;2.81:1.47;2.81:2.05,2.547589:-5.473785;2.532073:-5.58237;2.555831:-5.386243;2.687905:-5.603895;2.521546:-5.644008;2.502606:-5.479315;2.403888:-5.114687;2.344463:-5.780659;2.178625:-5.801486;1.905116:-5.729683;1.922516:-5.54657;1.787974:-5.863577
sigma3_hotel_seed42,tril,HOTEL:biwi_hotel:180:9410,HOTEL,biwi_hotel,biwi_hotel:180,9410,3,0.03348925709724426,0.0519869327545166,0.0,0.0,0.0,0.0,1.125,-1.09:-6.72;-1.09:-6.72;-1.09:-6.72;-1.09:-6.72;-1.09:-6.72;-1.09:-6.72;-1.09:-6.72;-1.09:-6.72,-1.09:-6.72;-1.09:-6.72;-1.09:-6.72;-1.09:-6.72;-1.09:-6.72;-1.11:-6.79;-1.09:-6.73;-1.09:-6.72;-1.09:-6.72;-1.09:-6.72;-1.09:-6.72;-1.09:-6.72,-1.091426:-6.720569;-1.097416:-6.71895;-1.103803:-6.719378;-1.111042:-6.721558;-1.120419:-6.725818;-1.118737:-6.719451;-1.123011:-6.71927;-1.136296:-6.724832;-1.126318:-6.725578;-1.134755:-6.71904;-1.131039:-6.717474;-1.141967:-6.71857
sigma3_hotel_seed42,tril,HOTEL:biwi_hotel:181:9410,HOTEL,biwi_hotel,biwi_hotel:181,9410,3,4.2428364753723145,8.084199905395508,1.6868979930877686,1.4513617753982544,0.7172020673751831,1.007194995880127,2.5,1.21:-9.22;1.39:-8.65;1.58:-8.14;1.54:-7.67;1.58:-7.1;1.73:-6.55;1.8:-5.92;1.88:-5.25,1.99:-4.66;2.06:-4.12;2.12:-3.45;2.14:-2.76;2.12:-2.17;2.22:-1.52;2.21:-0.82;2.16:-0.18;2.27:0.47;2.15:1.13;2.13:1.71;2.13:2.37,1.999009:-5.281871;1.971168:-5.383532;1.978271:-5.205484;2.084038:-5.4031;1.911057:-5.442044;1.875082:-5.286662;1.767828:-4.932634;1.690884:-5.567077;1.511994:-5.588723;1.24353:-5.518104;1.233925:-5.349215;1.093679:-5.647501
sigma3_hotel_seed42,tril,HOTEL:biwi_hotel:182:9410,HOTEL,biwi_hotel,biwi_hotel:182,9410,3,4.152456760406494,7.747743129730225,1.460522174835205,1.5137428045272827,0.8735561370849609,0.6446179151535034,2.125,1.92:-9.05;1.98:-8.51;2.15:-7.98;2.17:-7.28;2.21:-6.76;2.28:-6.14;2.39:-5.44;2.46:-4.86,2.51:-4.27;2.55:-3.65;2.66:-3.03;2.7:-2.42;2.71:-1.76;2.8:-1.12;2.81:-0.51;2.76:0.09;2.84:0.81;2.81:1.47;2.81:2.05;2.77:2.62,2.617792:-4.890922;2.654937:-4.957996;2.729068:-4.833255;2.858229:-4.983968;2.792217:-5.014488;2.825944:-4.889006;2.810467:-4.62264;2.794206:-5.089633;2.722442:-5.125222;2.583519:-5.055544;2.609751:-4.930172;2.53822:-5.124276
sigma3_hotel_seed42,tril,HOTEL:biwi_hotel:185:9410,HOTEL,biwi_hotel,biwi_hotel:185,9410,3,0.1523619145154953,0.3217105567455292,0.05000000074505806,0.08102169632911682,0.19026342034339905,5.570827484130859,1.875,-0.88:-1.08;-0.86:-1.04;-0.85:-1;-0.85:-1;-0.87:-1.03;-0.91:-1.07;-0.93:-1.09;-0.93:-1.07,-0.92:-1.05;-0.88:-1.04;-0.86:-1.04;-0.84:-1.04;-0.85:-0.99;-0.87:-1;-0.91:-1.03;-0.91:-0.98;-0.91:-0.99;-0.9:-1.03;-0.89:-1.05;-0.88:-1.08,-0.9099137:-1.0702;-0.897009:-1.0728;-0.8744317:-1.070193;-0.8445971:-1.077504;-0.812104:-1.084841;-0.7895533:-1.080275;-0.7550321:-1.092878;-0.726472:-1.085111;-0.6975309:-1.093302;-0.6473812:-1.100623;-0.6157984:-1.119146;-0.5606321:-1.118753
sigma3_hotel_seed42,tril,HOTEL:biwi_hotel:180:9420,HOTEL,biwi_hotel,biwi_hotel:180,9420,3,0.022799411788582802,0.03481088951230049,0.0,0.0,0.0,0.0,1.0,-1.09:-6.72;-1.09:-6.72;-1.09:-6.72;-1.09:-6.72;-1.09:-6.72;-1.09:-6.72;-1.09:-6.72;-1.09:-6.72,-1.09:-6.72;-1.09:-6.72;-1.09:-6.72;-1.09:-6.72;-1.11:-6.79;-1.09:-6.73;-1.09:-6.72;-1.09:-6.72;-1.09:-6.72;-1.09:-6.72;-1.09:-6.72;-1.09:-6.72,-1.087124:-6.719117;-1.093008:-6.719606;-1.097923:-6.716884;-1.10276:-6.71547;-1.11419:-6.722709;-1.106566:-6.718905;-1.11441:-6.728432;-1.123654:-6.723251;-1.106954:-6.721101;-1.114899:-6.713712;-1.110539:-6.715524;-1.124068:-6.712845
sigma3_hotel_seed42,tril,HOTEL:biwi_hotel:181:9420,HOTEL,biwi_hotel,biwi_hotel:181,9420,3,4.250487804412842,7.982248783111572,1.50041663646698,1.4522264003753662,0.7428399920463562,1.0219378471374512,2.75,1.39:-8.65;1.58:-8.14;1.54:-7.67;1.58:-7.1;1.73:-6.55;1.8:-5.92;1.88:-5.25;1.99:-4.66,2.06:-4.12;2.12:-3.45;2.14:-2.76;2.12:-2.17;2.22:-1.52;2.21:-0.82;2.16:-0.18;2.27:0.47;2.15:1.13;2.13:1.71;2.13:2.37;2.01:3.01,2.150235:-4.691729;2.181673:-4.770426;2.249516:-4.629967;2.383209:-4.796757;2.295433:-4.830583;2.320727:-4.695311;2.288844:-4.40318;2.262414:-4.923756;2.17036:-4.95746;2.001461:-4.885689;2.025385:-4.747408;1.937684:-4.971921
sigma3_hotel_seed42,tril,HOTEL:biwi_hotel:182:9420,HOTEL,biwi_hotel,biwi_hotel:182,9420,3,4.206467151641846,7.845309734344482,1.4802870750427246,1.5311684608459473,0.7817926406860352,0.4804527461528778,2.375,1.98:-8.51;2.15:-7.98;2.17:-7.28;2.21:-6.76;2.28:-6.14;2.39:-5.44;2.46:-4.86;2.51:-4.27,2.55:-3.65;2.66:-3.03;2.7:-2.42;2.71:-1.76;2.8:-1.12;2.81:-0.51;2.76:0.09;2.84:0.81;2.81:1.47;2.81:2.05;2.77:2.62;2.76:3.23,2.625181:-4.300225;2.622744:-4.379955;2.653465:-4.239901;2.7551:-4.401826;2.633066:-4.435223;2.621698:-4.301005;2.556054:-3.997709;2.499979:-4.527556;2.367146:-4.556858;2.16774:-4.487784;2.160596:-4.349334;2.052698:-4.583361
sigma3_hotel_seed42,tril,HOTEL:biwi_hotel:185:9420,HOTEL,biwi_hotel,biwi_hotel:185,9420,3,0.1530255675315857,0.31310567259788513,0.055901698768138885,0.07303573936223984,0.19026342034339905,5.8158063888549805,1.875,-0.86:-1.04;-0.85:-1;-0.85:-1;-0.87:-1.03;-0.91:-1.07;-0.93:-1.09;-0.93:-1.07;-0.92:-1.05,-0.88:-1.04;-0.86:-1.04;-0.84:-1.04;-0.85:-0.99;-0.87:-1;-0.91:-1.03;-0.91:-0.98;-0.91:-0.99;-0.9:-1.03;-0.89:-1.05;-0.88:-1.08;-0.86:-1.08,-0.9018276:-1.049898;-0.888202:-1.05263;-0.866421:-1.052374;-0.8381718:-1.055756;-0.8043411:-1.064607;-0.7807357:-1.06199;-0.7471407:-1.074149;-0.7173302:-1.064947;-0.6863995:-1.072628;-0.635182:-1.081671;-0.6032595:-1.102191;-0.5476513:-1.101758
sigma3_hotel_seed42,tril,HOTEL:biwi_hotel:187:9420,HOTEL,biwi_hotel,biwi_hotel:187,9420,3,4.607436180114746,8.582637786865234,1.5219231843948364,1.536643385887146,0.4831078052520752,0.4950712025165558,0.125,1.71:2.67;1.75:2.05;1.81:1.48;1.89:0.91;1.9:0.32;1.92:-0.29;1.85:-1.01;1.7:-1.6,1.62:-2.24;1.51:-2.89;1.46:-3.54;1.44:-4.22;1.39:-4.91;1.35:-5.59;1.3:-6.27;1.22:-6.91;1.25:-7.68;1.27:-8.34;1.26:-8.9;1.39:-9.67,1.483242:-1.610304;1.166377:-1.670099;0.8788911:-1.545124;0.6650732:-1.617405;0.2553376:-1.688794;-0.01860774:-1.558603;-0.3739681:-1.260579;-0.6889031:-1.736646;-1.05016:-1.712079;-1.504592:-1.679974;-1.760892:-1.576331;-2.087267:-1.823326
sigma3_hotel_seed42,tril,HOTEL:biwi_hotel:180:9430,HOTEL,biwi_hotel,biwi_hotel:180,9430,3,0.06430785357952118,0.1255631297826767,0.0,0.0,0.0,0.0,1.0,-1.09:-6.72;-1.09:-6.72;-1.09:-6.72;-1.09:-6.72;-1.09:-6.72;-1.09:-6.72;-1.09:-6.72;-1.09:-6.72,-1.09:-6.72;-1.09:-6.72;-1.09:-6.72;-1.11:-6.79;-1.09:-6.73;-1.09:-6.72;-1.09:-6.72;-1.09:-6.72;-1.09:-6.72;-1.09:-6.72;-1.09:-6.72;-1.09:-6.72,-1.091711:-6.72008;-1.102513:-6.718739;-1.112972:-6.716908;-1.126043:-6.717645;-1.144399:-6.722795;-1.143264:-6.716995;-1.157045:-6.720221;-1.176741:-6.721901;-1.166811:-6.721408;-1.185983:-6.710308;-1.188377:-6.707054;-1.214554:-6.704113
sigma3_hotel_seed42,tril,HOTEL:biwi_hotel:185:9430,HOTEL,biwi_hotel,biwi_hotel:185,9430,3,0.33233729004859924,0.6934072971343994,0.10307764261960983,0.07303573936223984,0.18025478720664978,3.8794076442718506,1.875,-0.85:-1;-0.85:-1;-0.87:-1.03;-0.91:-1.07;-0.93:-1.09;-0.93:-1.07;-0.92:-1.05;-0.88:-1.04,-0.86:-1.04;-0.84:-1.04;-0.85:-0.99;-0.87:-1;-0.91:-1.03;-0.91:-0.98;-0.91:-0.99;-0.9:-1.03;-0.89:-1.05;-0.88:-1.08;-0.86:-1.08;-0.91:-1,-0.8396791:-1.039868;-0.8001103:-1.046023;-0.7509965:-1.045328;-0.7015656:-1.053201;-0.6421528:-1.065983;-0.5946088:-1.059231;-0.5332975:-1.069882;-0.48335:-1.064707;-0.4299938:-1.08243;-0.3540117:-1.089591;-0.3032488:-1.118572;-0.2265874:-1.117306
sigma3_hotel_seed42,tril,HOTEL:biwi_hotel:180:9440,HOTEL,biwi_hotel,biwi_hotel:180,9440,3,0.03843344748020172,0.0672348216176033,0.0,0.0,0.0,0.0,1.125,-1.09:-6.72;-1.09:-6.72;-1.09:-6.72;-1.09:-6.72;-1.09:-6.72;-1.09:-6.72;-1.09:-6.72;-1.09:-6.72,-1.09:-6.72;-1.09:-6.72;-1.11:-6.79;-1.09:-6.73;-1.09:-6.72;-1.09:-6.72;-1.09:-6.72;-1.09:-6.72;-1.09:-6.72;-1.09:-6.72;-1.09:-6.72;-1.09:-6.72,-1.087296:-6.719238;-1.095677:-6.718804;-1.102049:-6.715908;-1.109297:-6.713081;-1.125146:-6.720871;-1.11732:-6.717257;-1.128739:-6.728581;-1.141593:-6.721185;-1.124822:-6.717381;-1.137234:-6.707655;-1.136088:-6.708359;-1.155252:-6.703791
sigma3_hotel_seed42,tril,HOTEL:biwi_hotel:185:9440,HOTEL,biwi_hotel,biwi_hotel:185,9440,3,0.21275366842746735,0.44632941484451294,0.05000000074505806,0.08017859607934952,0.16598933935165405,4.124386310577393,1.875,-0.85:-1;-0.87:-1.03;-0.91:-1.07;-0.93:-1.09;-0.93:-1.07;-0.92:-1.05;-0.88:-1.04;-0.86:-1.04,-0.84:-1.04;-0.85:-0.99;-0.87:-1;-0.91:-1.03;-0.91:-0.98;-0.91:-0.99;-0.9:-1.03;-0.89:-1.05;-0.88:-1.08;-0.86:-1.08;-0.91:-1;-0.91:-1.06,-0.8418048:-1.040267;-0.8236149:-1.040661;-0.8025697:-1.044834;-0.7733705:-1.039666;-0.7409172:-1.053553;-0.713757:-1.051088;-0.678476:-1.064398;-0.6460621:-1.052652;-0.6080245:-1.051026;-0.5589179:-1.064995;-0.5225359:-1.085586;-0.4648299:-1.092148
sigma3_hotel_seed42,tril,HOTEL:biwi_hotel:180:9450,HOTEL,biwi_hotel,biwi_hotel:180,9450,3,0.0691111609339714,0.1314837485551834,0.0,0.0,0.0,0.0,1.25,-1.09:-6.72;-1.09:-6.72;-1.09:-6.72;-1.09:-6.72;-1.09:-6.72;-1.09:-6.72;-1.09:-6.72;-1.09:-6.72,-1.09:-6.72;-1.11:-6.79;-1.09:-6.73;-1.09:-6.72;-1.09:-6.72;-1.09:-6.72;-1.09:-6.72;-1.09:-6.72;-1.09:-6.72;-1.09:-6.72;-1.09:-6.72;-1.09:-6.72,-1.09202:-6.720022;-1.103258:-6.71875;-1.114073:-6.716794;-1.12784:-6.717962;-1.146467:-6.722709;-1.145725:-6.716928;-1.160008:-6.71996;-1.180311:-6.721797;-1.170869:-6.721827;-1.190643:-6.710322;-1.193398:-6.706818;-1.22044:-6.703468
sigma3_hotel_seed42,tril,HOTEL:biwi_hotel:185:9450,HOTEL,biwi_hotel,biwi_hotel:185,9450,3,0.14085841178894043,0.2899307608604431,0.05000000074505806,0.074444480240345,0.14269696176052094,3.9269907474517822,1.75,-0.87:-1.03;-0.91:-1.07;-0.93:-1.09;-0.93:-1.07;-0.92:-1.05;-0.88:-1.04;-0.86:-1.04;-0.84:-1.04,-0.85:-0.99;-0.87:-1;-0.91:-1.03;-0.91:-0.98;-0.91:-0.99;-0.9:-1.03;-0.89:-1.05;-0.88:-1.08;-0.86:-1.08;-0.91:-1;-0.91:-1.06;-0.94:-1.11,-0.8310019:-1.03865;-0.8311511:-1.040779;-0.8194937:-1.036757;-0.8074682:-1.05167;-0.7897879:-1.047025;-0.777867:-1.043792;-0.7589375:-1.054937;-0.7507855:-1.049074;-0.7378657:-1.061992;-0.7071956:-1.057697;-0.68837:-1.064615;-0.6551465:-1.055979
sigma3_hotel_seed42,tril,HOTEL:biwi_hotel:180:9460,HOTEL,biwi_hotel,biwi_hotel:180,9460,3,0.03277537599205971,0.03371180221438408,0.0,0.0,0.0,0.0,1.25,-1.09:-6.72;-1.09:-6.72;-1.09:-6.72;-1.09:-6.72;-1.09:-6.72;-1.09:-6.72;-1.09:-6.72;-1.09:-6.72,-1.11:-6.79;-1.09:-6.73;-1.09:-6.72;-1.09:-6.72;-1.09:-6.72;-1.09:-6.72;-1.09:-6.72;-1.09:-6.72;-1.09:-6.72;-1.09:-6.72;-1.09:-6.72;-1.11:-6.7,-1.087973:-6.718853;-1.095422:-6.719423;-1.101601:-6.71682;-1.106533:-6.711885;-1.121547:-6.720476;-1.113736:-6.717906;-1.125197:-6.730757;-1.135411:-6.722186;-1.118564:-6.71675;-1.12752:-6.709475;-1.126464:-6.711595;-1.14279:-6.707828
sigma3_hotel_seed42,tril,HOTEL:biwi_hotel:185:9460,HOTEL,biwi_hotel,biwi_hotel:185,9460,3,0.07713603973388672,0.178981214761734,0.12747548520565033,0.07245221734046936,0.17397326231002808,5.695182800292969,1.875,-0.91:-1.07;-0.93:-1.09;-0.93:-1.07;-0.92:-1.05;-0.88:-1.04;-0.86:-1.04;-0.84:-1.04;-0.85:-0.99,-0.87:-1;-0.91:-1.03;-0.91:-0.98;-0.91:-0.99;-0.9:-1.03;-0.89:-1.05;-0.88:-1.08;-0.86:-1.08;-0.91:-1;-0.91:-1.06;-0.94:-1.11;-0.94:-1.13,-0.8524803:-0.9888722;-0.8758124:-0.9885186;-0.8917248:-0.9731339;-0.9059227:-0.9954488;-0.9042683:-0.9859548;-0.9158142:-0.971563;-0.9197865:-0.9642669;-0.9213859:-0.9595852;-0.9212501:-0.9808776;-0.9215757:-0.9701511;-0.9085053:-0.9647049;-0.9070129:-0.9540849
sigma3_hotel_seed42,tril,HOTEL:biwi_hotel:192:9460,HOTEL,biwi_hotel,biwi_hotel:192,9460,3,4.464629650115967,8.370417594909668,1.4615916013717651,1.593148112297058,0.4747009873390198,0.4319427013397217,0.875,2.07:3.85;2.1:3.27;2.18:2.63;2.14:1.99;2.1:1.29;2.03:0.57;1.9:0;1.77:-0.57,1.64:-1.21;1.61:-1.93;1.53:-2.53;1.47:-3.16;1.45:-3.85;1.43:-4.52;1.44:-5.16;1.5:-5.79;1.59:-6.47;1.63:-7.19;1.71:-7.9;1.84:-8.56,1.623612:-0.5858193;1.366604:-0.643641;1.149226:-0.5211981;1.001166:-0.607505;0.660696:-0.6683165;0.4470649:-0.5430646;0.158093:-0.2616603;-0.09916663:-0.7193396;-0.4054444:-0.7079493;-0.7877319:-0.6657723;-0.9944763:-0.5611427;-1.262066:-0.785615
sigma3_hotel_seed42,tril,HOTEL:biwi_hotel:180:9470,HOTEL,biwi_hotel,biwi_hotel:180,9470,3,0.29704368114471436,0.5090020895004272,0.18200275301933289,0.02600039169192314,0.0758344754576683,0.0,1.25,-1.09:-6.72;-1.09:-6.72;-1.09:-6.72;-1.09:-6.72;-1.09:-6.72;-1.09:-6.72;-1.09:-6.72;-1.11:-6.79,-1.09:-6.73;-1.09:-6.72;-1.09:-6.72;-1.09:-6.72;-1.09:-6.72;-1.09:-6.72;-1.09:-6.72;-1.09:-6.72;-1.09:-6.72;-1.09:-6.72;-1.11:-6.7;-1.11:-6.7,-1.133677:-6.792457;-1.180933:-6.784888;-1.233686:-6.773846;-1.293063:-6.795524;-1.326015:-6.779219;-1.368315:-6.753953;-1.411246:-6.710422;-1.451567:-6.736419;-1.479894:-6.756053;-1.543006:-6.737427;-1.555564:-6.69952;-1.618994:-6.697087
sigma3_hotel_seed42,tril,HOTEL:biwi_hotel:185:9470,HOTEL,biwi_hotel,biwi_hotel:185,9470,3,0.06085721775889397,0.11184831708669662,0.055901698768138885,0.07033664733171463,0.1907506287097931,5.176036357879639,1.875,-0.93:-1.09;-0.93:-1.07;-0.92:-1.05;-0.88:-1.04;-0.86:-1.04;-0.84:-1.04;-0.85:-0.99;-0.87:-1,-0.91:-1.03;-0.91:-0.98;-0.91:-0.99;-0.9:-1.03;-0.89:-1.05;-0.88:-1.08;-0.86:-1.08;-0.91:-1;-0.91:-1.06;-0.94:-1.11;-0.94:-1.13;-0.92:-1.12,-0.8707899:-0.9993917;-0.8791901:-1.003003;-0.8811234:-0.9983842;-0.8866738:-1.014334;-0.8826968:-1.010238;-0.8843613:-1.005033;-0.8841684:-1.001624;-0.8928524:-1.011007;-0.8909029:-1.030274;-0.8848787:-1.021145;-0.8808215:-1.023544;-0.8825433:-1.01461
sigma3_hotel_seed42,tril,HOTEL:biwi_hotel:180:9480,HOTEL,biwi_hotel,biwi_hotel:180,9480,3,0.03181273117661476,0.09599637985229492,0.15811388194561005,0.048588089644908905,0.2175164669752121,3.098141670227051,1.25,-1.09:-6.72;-1.09:-6.72;-1.09:-6.72;-1.09:-6.72;-1.09:-6.72;-1.09:-6.72;-1.11:-6.79;-1.09:-6.73,-1.09:-6.72;-1.09:-6.72;-1.09:-6.72;-1.09:-6.72;-1.09:-6.72;-1.09:-6.72;-1.09:-6.72;-1.09:-6.72;-1.09:-6.72;-1.11:-6.7;-1.11:-6.7;-1.11:-6.7,-1.081093:-6.730474;-1.09553:-6.729583;-1.10252:-6.714512;-1.108431:-6.737064;-1.094346:-6.731371;-1.09467:-6.714424;-1.08689:-6.699399;-1.075249:-6.700766;-1.065193:-6.722776;-1.058577:-6.71486;-1.031458:-6.709771;-1.014199:-6.70612
sigma3_hotel_seed42,tril,HOTEL:biwi_hotel:185:9480,HOTEL,biwi_hotel,biwi_hotel:185,9480,3,0.20977891981601715,0.4062938392162323,0.125,0.08105093240737915,0.209796741604805,4.892242431640625,1.75,-0.93:-1.07;-0.92:-1.05;-0.88:-1.04;-0.86:-1.04;-0.84:-1.04;-0.85:-0.99;-0.87:-1;-0.91:-1.03,-0.91:-0.98;-0.91:-0.99;-0.9:-1.03;-0.89:-1.05;-0.88:-1.08;-0.86:-1.08;-0.91:-1;-0.91:-1.06;-0.94:-1.11;-0.94:-1.13;-0.92:-1.12;-0.88:-1.08,-0.9289933:-1.029939;-0.9620885:-1.029642;-0.994963:-1.021273;-1.03914:-1.044633;-1.059058:-1.029911;-1.087051:-1.016636;-1.117697:-0.9890765;-1.153417:-1.011061;-1.174109:-1.03864;-1.213918:-1.018222;-1.225882:-0.9987215;-1.275538:-0.9871344
sigma3_hotel_seed42,tril,HOTEL:biwi_hotel:180:9490,HOTEL,biwi_hotel,biwi_hotel:180,9490,3,0.06548071652650833,0.16701774299144745,0.02500000037252903,0.052159518003463745,0.2736119329929352,3.4198923110961914,1.25,-1.09:-6.72;-1.09:-6.72;-1.09:-6.72;-1.09:-6.72;-1.09:-6.72;-1.11:-6.79;-1.09:-6.73;-1.09:-6.72,-1.09:-6.72;-1.09:-6.72;-1.09:-6.72;-1.09:-6.72;-1.09:-6.72;-1.09:-6.72;-1.09:-6.72;-1.09:-6.72;-1.11:-6.7;-1.11:-6.7;-1.11:-6.7;-1.11:-6.7,-1.087302:-6.719719;-1.080784:-6.721774;-1.077361:-6.724647;-1.063817:-6.718678;-1.056637:-6.728415;-1.047937:-6.725311;-1.037693:-6.73127;-1.027385:-6.732021;-1.009691:-6.725914;-0.9887766:-6.735015;-0.9736907:-6.743614;-0.951507:-6.752677
sigma3_hotel_seed42,tril,HOTEL:biwi_hotel:185:9490,HOTEL,biwi_hotel,biwi_hotel:185,9490,3,0.13349084556102753,0.1953260749578476,0.125,0.09092211723327637,0.2700258493423462,6.244369983673096,1.625,-0.92:-1.05;-0.88:-1.04;-0.86:-1.04;-0.84:-1.04;-0.85:-0.99;-0.87:-1;-0.91:-1.03;-0.91:-0.98,-0.91:-0.99;-0.9:-1.03;-0.89:-1.05;-0.88:-1.08;-0.86:-1.08;-0.91:-1;-0.91:-1.06;-0.94:-1.11;-0.94:-1.13;-0.92:-1.12;-0.88:-1.08;-0.89:-0.98,-0.88498:-0.9814327;-0.8897241:-0.9800183;-0.8928118:-0.95836;-0.8895529:-0.9904933;-0.8630865:-0.9863002;-0.8601081:-0.9579512;-0.836514:-0.9410129;-0.8073369:-0.943116;-0.785341:-0.9647963;-0.7754735:-0.9658208;-0.725199:-0.9569854;-0.6952222:-0.9653752
sigma3_hotel_seed42,tril,HOTEL:biwi_hotel:180:9500,HOTEL,biwi_hotel,biwi_hotel:180,9500,3,0.03586282208561897,0.06090607866644859,0.0,0.052159518003463745,0.2840285897254944,3.4198923110961914,1.25,-1.09:-6.72;-1.09:-6.72;-1.09:-6.72;-1.09:-6.72;-1.11:-6.79;-1.09:-6.73;-1.09:-6.72;-1.09:-6.72,-1.09:-6.72;-1.09:-6.72;-1.09:-6.72;-1.09:-6.72;-1.09:-6.72;-1.09:-6.72;-1.09:-6.72;-1.11:-6.7;-1.11:-6.7;-1.11:-6.7;-1.11:-6.7;-1.11:-6.7,-1.094079:-6.720872;-1.099359:-6.720347;-1.108277:-6.721253;-1.117204:-6.725015;-1.125919:-6.72871;-1.129132:-6.720958;-1.134387:-6.714371;-1.148458:-6.727674;-1.142558:-6.730616;-1.152969:-6.726442;-1.150095:-6.723665;-1.164001:-6.728167
sigma3_hotel_seed42,tril,HOTEL:biwi_hotel:185:9500,HOTEL,biwi_hotel,biwi_hotel:185,9500,3,0.16021683812141418,0.3438413143157959,0.02500000037252903,0.07976816594600677,0.30923348665237427,9.140983581542969,1.375,-0.88:-1.04;-0.86:-1.04;-0.84:-1.04;-0.85:-0.99;-0.87:-1;-0.91:-1.03;-0.91:-0.98;-0.91:-0.99,-0.9:-1.03;-0.89:-1.05;-0.88:-1.08;-0.86:-1.08;-0.91:-1;-0.91:-1.06;-0.94:-1.11;-0.94:-1.13;-0.92:-1.12;-0.88:-1.08;-0.89:-0.98;-0.94:-0.95,-0.8980402:-0.9892193;-0.8866141:-0.9922811;-0.8712677:-0.9936761;-0.8473427:-0.9926593;-0.8212909:-1.001275;-0.8027706:-0.9996647;-0.7769064:-1.012232;-0.751844:-1.003514;-0.7251995:-1.005669;-0.6810516:-1.016632;-0.654281:-1.033884;-0.6071305:-1.036167
sigma3_hotel_seed42,tril,HOTEL:biwi_hotel:194:9500,HOTEL,biwi_hotel,biwi_hotel:194,9500,3,3.8180110454559326,7.005962371826172,1.4758472442626953,1.4670861959457397,0.4654943645000458,0.39633581042289734,2.125,1.72:-8.94;1.78:-8.3;1.8:-7.81;1.88:-7.26;1.96:-6.65;1.98:-6.05;2.04:-5.44;2.06:-4.85,2.09:-4.22;2.16:-3.62;2.15:-3.04;2.14:-2.5;2.1:-1.94;1.99:-1.37;1.92:-0.83;1.84:-0.3;1.79:0.24;1.75:0.86;1.69:1.29;1.73:1.84,2.086336:-4.876522;1.999002:-4.943632;1.950462:-4.815582;1.971376:-4.949639;1.791003:-4.984879;1.714026:-4.862048;1.582577:-4.575587;1.468997:-5.057365;1.280074:-5.075777;1.039306:-5.015581;0.9683275:-4.891469;0.8263799:-5.107444
sigma3_hotel_seed42,tril,HOTEL:biwi_hotel:195:9500,HOTEL,biwi_hotel,biwi_hotel:195,9500,3,3.7959144115448,7.104092597961426,1.4769055843353271,1.4776667356491089,0.43533265590667725,0.44781923294067383,1.75,2.24:-9.13;2.31:-8.51;2.35:-7.95;2.43:-7.42;2.48:-6.87;2.47:-6.2;2.53:-5.6;2.56:-5.01,2.58:-4.42;2.61:-3.85;2.59:-3.29;2.55:-2.75;2.51:-2.18;2.43:-1.59;2.42:-1.02;2.38:-0.44;2.36:0.12;2.33:0.62;2.24:1.29;2.23:1.8,2.616806:-5.037653;2.562067:-5.107178;2.543576:-4.978383;2.59275:-5.119072;2.437637:-5.152889;2.385625:-5.027771;2.281539:-4.739744;2.19031:-5.228859;2.02494:-5.25176;1.80528:-5.188564;1.75703:-5.062047;1.630427:-5.278746
sigma3_hotel_seed42,tril,HOTEL:biwi_hotel:196:9500,HOTEL,biwi_hotel,biwi_hotel:196,9500,3,4.0963568687438965,7.625082015991211,1.5662455558776855,1.5173133611679077,0.6405805945396423,0.686348021030426,0.75,2.07:3.9;2:3.36;2.05:2.77;1.97:2.08;1.9:1.49;1.81:0.87;1.66:0.32;1.57:-0.3,1.44:-0.92;1.34:-1.49;1.27:-2.12;1.16:-2.75;1.15:-3.37;1.18:-4.1;1.23:-4.67;1.38:-5.3;1.44:-5.93;1.51:-6.57;1.52:-7.23;1.45:-7.91,1.53717:-0.3258693;1.332929:-0.4077699;1.184203:-0.2371882;1.138379:-0.3927382;0.8402697:-0.4412276;0.6819209:-0.3006954;0.4353374:0.02428436;0.2456036:-0.5389794;-0.03868592:-0.5356588;-0.4060814:-0.4818845;-0.5311798:-0.3318501;-0.7471427:-0.6083262
sigma3_hotel_seed42,tril,HOTEL:biwi_hotel:180:9510,HOTEL,biwi_hotel,biwi_hotel:180,9510,3,0.02544107846915722,0.02877483144402504,0.0,0.052159518003463745,0.2840285897254944,3.4198923110961914,1.25,-1.09:-6.72;-1.09:-6.72;-1.09:-6.72;-1.11:-6.79;-1.09:-6.73;-1.09:-6.72;-1.09:-6.72;-1.09:-6.72,-1.09:-6.72;-1.09:-6.72;-1.09:-6.72;-1.09:-6.72;-1.09:-6.72;-1.09:-6.72;-1.11:-6.7;-1.11:-6.7;-1.11:-6.7;-1.11:-6.7;-1.11:-6.7;-1.11:-6.7,-1.096357:-6.721148;-1.103237:-6.716568;-1.11003:-6.722312;-1.116464:-6.716554;-1.125414:-6.724154;-1.123636:-6.72009;-1.125968:-6.722453;-1.139445:-6.722681;-1.127103:-6.719143;-1.128787:-6.715446;-1.127378:-6.718701;-1.131565:-6.719051
sigma3_hotel_seed42,tril,HOTEL:biwi_hotel:185:9510,HOTEL,biwi_hotel,biwi_hotel:185,9510,3,0.24946530163288116,0.5371561646461487,0.10307764261960983,0.08735068887472153,0.34217387437820435,9.38596248626709,1.125,-0.86:-1.04;-0.84:-1.04;-0.85:-0.99;-0.87:-1;-0.91:-1.03;-0.91:-0.98;-0.91:-0.99;-0.9:-1.03,-0.89:-1.05;-0.88:-1.08;-0.86:-1.08;-0.91:-1;-0.91:-1.06;-0.94:-1.11;-0.94:-1.13;-0.92:-1.12;-0.88:-1.08;-0.89:-0.98;-0.94:-0.95;-0.95:-0.93,-0.8580814:-1.029998;-0.8416363:-1.029331;-0.819176:-1.007168;-0.7882463:-1.036496;-0.7468917:-1.037549;-0.7227293:-1.007175;-0.67257:-1.011509;-0.6265974:-0.9959805;-0.5808789:-1.014205;-0.5382156:-1.015006;-0.4763567:-1.019013;-0.4207536:-1.021843
sigma3_hotel_seed42,tril,HOTEL:biwi_hotel:194:9510,HOTEL,biwi_hotel,biwi_hotel:194,9510,3,3.7470169067382812,6.936653137207031,1.5767847299575806,1.462767481803894,0.3467332422733307,0.3573504686355591,2.375,1.78:-8.3;1.8:-7.81;1.88:-7.26;1.96:-6.65;1.98:-6.05;2.04:-5.44;2.06:-4.85;2.09:-4.22,2.16:-3.62;2.15:-3.04;2.14:-2.5;2.1:-1.94;1.99:-1.37;1.92:-0.83;1.84:-0.3;1.79:0.24;1.75:0.86;1.69:1.29;1.73:1.84;1.77:2.35,2.134956:-4.247942;2.046753:-4.326065;1.999725:-4.17934;2.033676:-4.332741;1.840731:-4.371058;1.765254:-4.239029;1.623765:-3.930308;1.51032:-4.462818;1.312923:-4.479454;1.047795:-4.417858;0.9868997:-4.278734;0.8353831:-4.523402
sigma3_hotel_seed42,tril,HOTEL:biwi_hotel:195:9510,HOTEL,biwi_hotel,biwi_hotel:195,9510,3,3.7759993076324463,7.038703441619873,1.4758472442626953,1.4656667709350586,0.3758721947669983,0.423617959022522,1.875,2.31:-8.51;2.35:-7.95;2.43:-7.42;2.48:-6.87;2.47:-6.2;2.53:-5.6;2.56:-5.01;2.58:-4.42,2.61:-3.85;2.59:-3.29;2.55:-2.75;2.51:-2.18;2.43:-1.59;2.42:-1.02;2.38:-0.44;2.36:0.12;2.33:0.62;2.24:1.29;2.23:1.8;2.23:2.27,2.593598:-4.446297;2.490408:-4.516331;2.426491:-4.383255;2.436868:-4.520011;2.238451:-4.556563;2.147349:-4.431687;1.998505:-4.136533;1.87229:-4.633607;1.665679:-4.649379;1.405604:-4.589959;1.324376:-4.46219;1.170877:-4.688563
sigma3_hotel_seed42,tril,HOTEL:biwi_hotel:199:9510,HOTEL,biwi_hotel,biwi_hotel:199,9510,3,0.5474762916564941,0.8284185528755188,0.5202162861824036,0.39651012420654297,0.8197087049484253,3.7953217029571533,1.75,-1.42:-3.51;-1.31:-3.57;-1.12:-3.53;-1.05:-3.55;-0.98:-3.66;-0.74:-3.67;-0.61:-3.72;-0.49:-3.89,-0.4:-4.02;-0.31:-4.19;-0.3:-4.21;-0.3:-4.21;-0.06:-4.27;-0.03:-4.27;-0.03:-4.27;-0.03:-4.27;-0.03:-4.27;-0.22:-4.18;-0.19:-4.29;-0.11:-4.16,-0.3482833:-3.904532;-0.1876883:-3.917734;-0.05352518:-3.916212;0.04572135:-3.939907;0.1346017:-3.984948;0.2566084:-3.904045;0.3826277:-3.803736;0.4456024:-3.947105;0.574437:-3.9893;0.6158239:-3.960595;0.7028579:-3.948154;0.7026012:-3.998889
sigma3_hotel_seed42,tril,HOTEL:biwi_hotel:180:9520,HOTEL,biwi_hotel,biwi_hotel:180,9520,3,0.13625988364219666,0.27997004985809326,0.0,0.052159518003463745,0.2840285897254944,3.4198923110961914,1.25,-1.09:-6.72;-1.09:-6.72;-1.11:-6.79;-1.09:-6.73;-1.09:-6.72;-1.09:-6.72;-1.09:-6.72;-1.09:-6.72,-1.09:-6.72;-1.09:-6.72;-1.09:-6.72;-1.09:-6.72;-1.09:-6.72;-1.11:-6.7;-1.11:-6.7;-1.11:-6.7;-1.11:-6.7;-1.11:-6.7;-1.11:-6.7;-1.11:-6.7,-1.101509:-6.720728;-1.125338:-6.71804;-1.144577:-6.713021;-1.177961:-6.736383;-1.201826:-6.724863;-1.217685:-6.714147;-1.238162:-6.700852;-1.281195:-6.720606;-1.293396:-6.740767;-1.33109:-6.71475;-1.343135:-6.69906;-1.389697:-6.687644
sigma3_hotel_seed42,tril,HOTEL:biwi_hotel:185:9520,HOTEL,biwi_hotel,biwi_hotel:185,9520,3,0.2100585252046585,0.4011770784854889,0.055901698768138885,0.08819378912448883,0.3022681176662445,7.836439609527588,0.875,-0.84:-1.04;-0.85:-0.99;-0.87:-1;-0.91:-1.03;-0.91:-0.98;-0.91:-0.99;-0.9:-1.03;-0.89:-1.05,-0.88:-1.08;-0.86:-1.08;-0.91:-1;-0.91:-1.06;-0.94:-1.11;-0.94:-1.13;-0.92:-1.12;-0.88:-1.08;-0.89:-0.98;-0.94:-0.95;-0.95:-0.93;-0.9:-1.02,-0.8699826:-1.050184;-0.8549836:-1.05349;-0.8318292:-1.052772;-0.8046235:-1.058486;-0.7681789:-1.067151;-0.7430234:-1.06408;-0.7084007:-1.071653;-0.6779613:-1.066753;-0.6464062:-1.078246;-0.5968119:-1.085759;-0.5628107:-1.106064;-0.5081344:-1.105932
sigma3_hotel_seed42,tril,HOTEL:biwi_hotel:194:9520,HOTEL,biwi_hotel,biwi_hotel:194,9520,3,3.7228686809539795,6.892113208770752,1.5101737976074219,1.5033608675003052,0.3104282319545746,0.32226109504699707,2.625,1.8:-7.81;1.88:-7.26;1.96:-6.65;1.98:-6.05;2.04:-5.44;2.06:-4.85;2.09:-4.22;2.16:-3.62,2.15:-3.04;2.14:-2.5;2.1:-1.94;1.99:-1.37;1.92:-0.83;1.84:-0.3;1.79:0.24;1.75:0.86;1.69:1.29;1.73:1.84;1.77:2.35;1.82:2.96,2.304066:-3.651179;2.322973:-3.729818;2.377043:-3.589634;2.499049:-3.754557;2.399944:-3.787626;2.411804:-3.653484;2.367914:-3.357676;2.331891:-3.879979;2.225274:-3.912009;2.046001:-3.841697;2.059696:-3.703196;1.965987:-3.930567
sigma3_hotel_seed42,tril,HOTEL:biwi_hotel:195:9520,HOTEL,biwi_hotel,biwi_hotel:195,9520,3,3.7512989044189453,6.90764045715332,1.4269722700119019,1.469010353088379,0.3470812439918518,0.3638106882572174,2.0,2.35:-7.95;2.43:-7.42;2.48:-6.87;2.47:-6.2;2.53:-5.6;2.56:-5.01;2.58:-4.42;2.61:-3.85,2.59:-3.29;2.55:-2.75;2.51:-2.18;2.43:-1.59;2.42:-1.02;2.38:-0.44;2.36:0.12;2.33:0.62;2.24:1.29;2.23:1.8;2.23:2.27;2.24:2.82,2.718873:-3.878894;2.713868:-3.940045;2.747294:-3.822499;2.8346:-3.958282;2.737375:-3.989774;2.736044:-3.869583;2.686966:-3.610214;2.639287:-4.054669;2.536419:-4.085017;2.376054:-4.019254;2.366843:-3.901797;2.276621:-4.087543
sigma3_hotel_seed42,tril,HOTEL:biwi_hotel:199:9520,HOTEL,biwi_hotel,biwi_hotel:199,9520,3,0.6344413161277771,1.2609208822250366,0.3952847123146057,0.4082294702529907,0.7383936047554016,3.0975968837738037,1.875,-1.31:-3.57;-1.12:-3.53;-1.05:-3.55;-0.98:-3.66;-0.74:-3.67;-0.61:-3.72;-0.49:-3.89;-0.4:-4.02,-0.31:-4.19;-0.3:-4.21;-0.3:-4.21;-0.06:-4.27;-0.03:-4.27;-0.03:-4.27;-0.03:-4.27;-0.03:-4.27;-0.22:-4.18;-0.19:-4.29;-0.11:-4.16;-0.19:-4.19,-0.2745337:-4.025113;-0.120032:-4.034416;0.007752955:-4.040917;0.1177275:-4.039629;0.2399417:-4.077893;0.3623388:-4.015171;0.5079429:-3.96893;0.6196007:-4.022362;0.7624978:-4.046837;0.8731884:-4.053687;0.9845804:-4.064377;1.067551:-4.097878
sigma3_hotel_seed42,tril,HOTEL:biwi_hotel:180:9530,HOTEL,biwi_hotel,biwi_hotel:180,9530,3,0.018734285607933998,0.02332407422363758,0.0,0.052159518003463745,0.20819412171840668,3.4198923110961914,1.125,-1.09:-6.72;-1.11:-6.79;-1.09:-6.73;-1.09:-6.72;-1.09:-6.72;-1.09:-6.72;-1.09:-6.72;-1.09:-6.72,-1.09:-6.72;-1.09:-6.72;-1.09:-6.72;-1.09:-6.72;-1.11:-6.7;-1.11:-6.7;-1.11:-6.7;-1.11:-6.7;-1.11:-6.7;-1.11:-6.7;-1.11:-6.7;-1.11:-6.7,-1.08849:-6.719325;-1.097133:-6.718556;-1.101182:-6.715487;-1.107702:-6.71996;-1.117975:-6.72217;-1.112236:-6.717793;-1.117653:-6.725977;-1.130728:-6.722246;-1.118684:-6.724576;-1.125413:-6.713195;-1.121837:-6.712833;-1.132301:-6.706831
sigma3_hotel_seed42,tril,HOTEL:biwi_hotel:185:9530,HOTEL,biwi_hotel,biwi_hotel:185,9530,3,0.15776880085468292,0.2527998387813568,0.07905694097280502,0.08127685636281967,0.24932266771793365,6.1412882804870605,0.75,-0.85:-0.99;-0.87:-1;-0.91:-1.03;-0.91:-0.98;-0.91:-0.99;-0.9:-1.03;-0.89:-1.05;-0.88:-1.08,-0.86:-1.08;-0.91:-1;-0.91:-1.06;-0.94:-1.11;-0.94:-1.13;-0.92:-1.12;-0.88:-1.08;-0.89:-0.98;-0.94:-0.95;-0.95:-0.93;-0.9:-1.02;-0.89:-1.05,-0.8688844:-1.079067;-0.86433:-1.085483;-0.8499513:-1.081115;-0.834645:-1.094123;-0.8076113:-1.095227;-0.7942466:-1.093023;-0.7741312:-1.095665;-0.7572013:-1.09756;-0.7411736:-1.117834;-0.7036565:-1.117974;-0.6832839:-1.133075;-0.6487805:-1.125637
sigma3_hotel_seed42,tril,HOTEL:biwi_hotel:199:9530,HOTEL,biwi_hotel,biwi_hotel:199,9530,3,0.21625329554080963,0.38833194971084595,0.4808846116065979,0.40758267045021057,0.6403059959411621,2.7304465770721436,1.875,-1.12:-3.53;-1.05:-3.55;-0.98:-3.66;-0.74:-3.67;-0.61:-3.72;-0.49:-3.89;-0.4:-4.02;-0.31:-4.19,-0.3:-4.21;-0.3:-4.21;-0.06:-4.27;-0.03:-4.27;-0.03:-4.27;-0.03:-4.27;-0.03:-4.27;-0.22:-4.18;-0.19:-4.29;-0.11:-4.16;-0.19:-4.19;-0.09:-4.35,-0.2377307:-4.20517;-0.1783937:-4.209486;-0.1171144:-4.200109;-0.06029429:-4.224599;-0.004439592:-4.241739;0.04039735:-4.187228;0.1030957:-4.090864;0.1460162:-4.202206;0.1783028:-4.236035;0.212931:-4.222822;0.2498357:-4.200465;0.2804748:-4.233595
sigma3_hotel_seed42,tril,HOTEL:biwi_hotel:180:9540,HOTEL,biwi_hotel,biwi_hotel:180,9540,3,0.03090653382241726,0.06067471578717232,0.0,0.026159126311540604,0.06651213020086288,0.32175055146217346,1.25,-1.11:-6.79;-1.09:-6.73;-1.09:-6.72;-1.09:-6.72;-1.09:-6.72;-1.09:-6.72;-1.09:-6.72;-1.09:-6.72,-1.09:-6.72;-1.09:-6.72;-1.09:-6.72;-1.11:-6.7;-1.11:-6.7;-1.11:-6.7;-1.11:-6.7;-1.11:-6.7;-1.11:-6.7;-1.11:-6.7;-1.11:-6.7;-1.11:-6.7,-1.090366:-6.720407;-1.098615:-6.718748;-1.105948:-6.717176;-1.115612:-6.720824;-1.128682:-6.724726;-1.126709:-6.718015;-1.134171:-6.719465;-1.150665:-6.723324;-1.140503:-6.724783;-1.154112:-6.71472;-1.152216:-6.712071;-1.169725:-6.710695
sigma3_hotel_seed42,tril,HOTEL:biwi_hotel:185:9540,HOTEL,biwi_hotel,biwi_hotel:185,9540,3,0.1935746669769287,0.31448593735694885,0.05000000074505806,0.08043375611305237,0.2528002858161926,7.210480690002441,0.5,-0.87:-1;-0.91:-1.03;-0.91:-0.98;-0.91:-0.99;-0.9:-1.03;-0.89:-1.05;-0.88:-1.08;-0.86:-1.08,-0.91:-1;-0.91:-1.06;-0.94:-1.11;-0.94:-1.13;-0.92:-1.12;-0.88:-1.08;-0.89:-0.98;-0.94:-0.95;-0.95:-0.93;-0.9:-1.02;-0.89:-1.05;-0.9:-1.09,-0.8471198:-1.079798;-0.8404592:-1.082257;-0.8229979:-1.080758;-0.802131:-1.087895;-0.7772746:-1.091667;-0.7587303:-1.089598;-0.7336049:-1.098413;-0.7153089:-1.093849;-0.6941913:-1.103979;-0.6534795:-1.105239;-0.6305542:-1.119978;-0.5865707:-1.115758
sigma3_hotel_seed42,tril,HOTEL:biwi_hotel:199:9540,HOTEL,biwi_hotel,biwi_hotel:199,9540,3,0.4084855616092682,0.6584912538528442,0.055901698768138885,0.3895682394504547,0.7236393690109253,2.027930736541748,1.75,-1.05:-3.55;-0.98:-3.66;-0.74:-3.67;-0.61:-3.72;-0.49:-3.89;-0.4:-4.02;-0.31:-4.19;-0.3:-4.21,-0.3:-4.21;-0.06:-4.27;-0.03:-4.27;-0.03:-4.27;-0.03:-4.27;-0.03:-4.27;-0.22:-4.18;-0.19:-4.29;-0.11:-4.16;-0.19:-4.19;-0.09:-4.35;-0.13:-4.4,-0.324107:-4.212017;-0.3530535:-4.214657;-0.3812587:-4.215681;-0.4336976:-4.236234;-0.4565389:-4.223917;-0.4820797:-4.217992;-0.5214637:-4.17204;-0.5747096:-4.222797;-0.6046607:-4.259905;-0.6562955:-4.231159;-0.6858585:-4.212903;-0.7572104:-4.199456
sigma3_hotel_seed42,tril,HOTEL:biwi_hotel:180:9550,HOTEL,biwi_hotel,biwi_hotel:180,9550,3,0.07350263744592667,0.15062016248703003,0.0,0.0035714285913854837,0.010416666977107525,0.0,1.375,-1.09:-6.73;-1.09:-6.72;-1.09:-6.72;-1.09:-6.72;-1.09:-6.72;-1.09:-6.72;-1.09:-6.72;-1.09:-6.72,-1.09:-6.72;-1.09:-6.72;-1.11:-6.7;-1.11:-6.7;-1.11:-6.7;-1.11:-6.7;-1.11:-6.7;-1.11:-6.7;-1.11:-6.7;-1.11:-6.7;-1.11:-6.7;-1.11:-6.7,-1.100331:-6.720819;-1.111339:-6.720962;-1.126392:-6.720844;-1.138676:-6.723809;-1.157464:-6.726273;-1.16874:-6.718431;-1.183368:-6.711315;-1.205566:-6.727858;-1.208798:-6.728329;-1.226183:-6.722763;-1.234003:-6.716784;-1.259166:-6.720882
sigma3_hotel_seed42,tril,HOTEL:biwi_hotel:185:9550,HOTEL,biwi_hotel,biwi_hotel:185,9550,3,0.13166673481464386,0.20595797896385193,0.235849529504776,0.0962693989276886,0.2703614830970764,7.125578880310059,0.25,-0.91:-1.03;-0.91:-0.98;-0.91:-0.99;-0.9:-1.03;-0.89:-1.05;-0.88:-1.08;-0.86:-1.08;-0.91:-1,-0.91:-1.06;-0.94:-1.11;-0.94:-1.13;-0.92:-1.12;-0.88:-1.08;-0.89:-0.98;-0.94:-0.95;-0.95:-0.93;-0.9:-1.02;-0.89:-1.05;-0.9:-1.09;-0.9:-1.11,-0.9069437:-1.004069;-0.9335105:-0.9972945;-0.9667608:-0.9811407;-0.9917144:-1.003984;-0.988259:-0.9961168;-1.013638:-0.9620332;-1.020299:-0.9209086;-1.012594:-0.9392095;-1.017522:-0.9544591;-1.038876:-0.9582435;-1.014205:-0.9288797;-1.01914:-0.9419987
sigma3_hotel_seed42,tril,HOTEL:biwi_hotel:199:9550,HOTEL,biwi_hotel,biwi_hotel:199,9550,3,0.39918315410614014,0.662318229675293,0.0,0.3430025279521942,0.5414829254150391,1.065506100654602,1.75,-0.98:-3.66;-0.74:-3.67;-0.61:-3.72;-0.49:-3.89;-0.4:-4.02;-0.31:-4.19;-0.3:-4.21;-0.3:-4.21,-0.06:-4.27;-0.03:-4.27;-0.03:-4.27;-0.03:-4.27;-0.03:-4.27;-0.22:-4.18;-0.19:-4.29;-0.11:-4.16;-0.19:-4.19;-0.09:-4.35;-0.13:-4.4;-0.09:-4.52,-0.323781:-4.211157;-0.3420005:-4.211457;-0.3714817:-4.219638;-0.417859:-4.219949;-0.4418415:-4.220856;-0.4586478:-4.216981;-0.4940418:-4.18223;-0.5357706:-4.218319;-0.5447804:-4.234926;-0.5937536:-4.219972;-0.6107792:-4.20865;-0.6744159:-4.208354
sigma3_hotel_seed42,tril,HOTEL:biwi_hotel:200:9550,HOTEL,biwi_hotel,biwi_hotel:200,9550,3,3.82351016998291,7.072482109069824,1.4002232551574707,1.399978756904602,0.365420401096344,0.4254279136657715,2.5,2.01:-9.81;1.99:-9.27;2.06:-8.71;2.13:-8.19;2.13:-7.64;2.14:-7.03;2.12:-6.46;2.13:-5.9,2.2:-5.32;2.15:-4.73;2.04:-4.16;1.96:-3.54;1.85:-2.95;1.79:-2.42;1.78:-1.86;1.68:-1.2;1.73:-0.75;1.86:-0.26;1.79:0.32;1.8:0.86,2.135178:-5.925478;2.033448:-5.987664;1.97048:-5.866678;1.973876:-5.990691;1.786159:-6.025411;1.696887:-5.9069;1.556389:-5.628626;1.432429:-6.089428;1.235254:-6.106314;0.9933668:-6.047931;0.908143:-5.930192;0.7625198:-6.135972
sigma3_hotel_seed42,tril,HOTEL:biwi_hotel:201:9550,HOTEL,biwi_hotel,biwi_hotel:201,9550,3,3.8016226291656494,7.0443291664123535,1.350000023841858,1.3994814157485962,0.38082125782966614,0.5382505059242249,1.625,2.78:-9.95;2.74:-9.37;2.77:-8.83;2.84:-8.3;2.84:-7.75;2.82:-7.15;2.86:-6.58;2.86:-6.04,2.79:-5.45;2.76:-4.87;2.65:-4.31;2.67:-3.65;2.65:-3.15;2.51:-2.62;2.54:-2.01;2.59:-1.45;2.57:-0.92;2.63:-0.36;2.63:0.19;2.54:0.72,2.858803:-6.064849;2.75688:-6.120761;2.693883:-6.008861;2.691178:-6.122995;2.511293:-6.156436;2.423221:-6.042975;2.288364:-5.778362;2.165905:-6.210333;1.976119:-6.227883;1.747745:-6.170508;1.659421:-6.060511;1.519631:-6.250037
sigma3_hotel_seed42,tril,HOTEL:biwi_hotel:180:9560,HOTEL,biwi_hotel,biwi_hotel:180,9560,3,0.09998039156198502,0.2100938856601715,0.0,0.0,0.0,0.0,1.5,-1.09:-6.72;-1.09:-6.72;-1.09:-6.72;-1.09:-6.72;-1.09:-6.72;-1.09:-6.72;-1.09:-6.72;-1.09:-6.72,-1.09:-6.72;-1.11:-6.7;-1.11:-6.7;-1.11:-6.7;-1.11:-6.7;-1.11:-6.7;-1.11:-6.7;-1.11:-6.7;-1.11:-6.7;-1.11:-6.7;-1.11:-6.7;-1.11:-6.7,-1.102608:-6.721363;-1.117204:-6.719886;-1.135748:-6.720283;-1.154731:-6.724699;-1.17838:-6.725811;-1.192519:-6.716883;-1.211328:-6.706458;-1.241031:-6.725808;-1.247151:-6.727737;-1.273359:-6.718389;-1.28501:-6.709068;-1.319762:-6.711798
sigma3_hotel_seed42,tril,HOTEL:biwi_hotel:185:9560,HOTEL,biwi_hotel,biwi_hotel:185,9560,3,0.20789967477321625,0.42470619082450867,0.15000000596046448,0.09984082728624344,0.36271634697914124,6.56697940826416,0.125,-0.91:-0.98;-0.91:-0.99;-0.9:-1.03;-0.89:-1.05;-0.88:-1.08;-0.86:-1.08;-0.91:-1;-0.91:-1.06,-0.94:-1.11;-0.94:-1.13;-0.92:-1.12;-0.88:-1.08;-0.89:-0.98;-0.94:-0.95;-0.95:-0.93;-0.9:-1.02;-0.89:-1.05;-0.9:-1.09;-0.9:-1.11;-0.92:-1.11,-0.8686525:-1.062886;-0.8538131:-1.059948;-0.8439773:-1.039165;-0.8231286:-1.065252;-0.7824074:-1.067531;-0.7682532:-1.02622;-0.7252281:-1.003322;-0.675794:-1.007735;-0.6363608:-1.023693;-0.609586:-1.032546;-0.5458695:-1.020801;-0.5014451:-1.037979
sigma3_hotel_seed42,tril,HOTEL:biwi_hotel:199:9560,HOTEL,biwi_hotel,biwi_hotel:199,9560,3,1.7670758962631226,3.0360918045043945,0.6184658408164978,0.34556612372398376,0.6772530674934387,1.6021449565887451,1.875,-0.74:-3.67;-0.61:-3.72;-0.49:-3.89;-0.4:-4.02;-0.31:-4.19;-0.3:-4.21;-0.3:-4.21;-0.06:-4.27,-0.03:-4.27;-0.03:-4.27;-0.03:-4.27;-0.03:-4.27;-0.22:-4.18;-0.19:-4.29;-0.11:-4.16;-0.19:-4.19;-0.09:-4.35;-0.13:-4.4;-0.09:-4.52;0.06:-4.69,0.2042019:-4.268753;0.4986158:-4.291262;0.7659016:-4.293964;1.021614:-4.295524;1.28172:-4.327504;1.543056:-4.293337;1.814092:-4.284102;2.073461:-4.306131;2.349632:-4.329573;2.602733:-4.343343;2.853862:-4.367501;3.08155:-4.393206
sigma3_hotel_seed42,tril,HOTEL:biwi_hotel:200:9560,HOTEL,biwi_hotel,biwi_hotel:200,9560,3,3.8521554470062256,6.880833148956299,1.460522174835205,1.4156354665756226,0.33526426553726196,0.3663063049316406,2.625,1.99:-9.27;2.06:-8.71;2.13:-8.19;2.13:-7.64;2.14:-7.03;2.12:-6.46;2.13:-5.9;2.2:-5.32,2.15:-4.73;2.04:-4.16;1.96:-3.54;1.85:-2.95;1.79:-2.42;1.78:-1.86;1.68:-1.2;1.73:-0.75;1.86:-0.26;1.79:0.32;1.8:0.86;1.76:1.26,2.341922:-5.350821;2.365072:-5.425601;2.422758:-5.292112;2.543642:-5.450472;2.452135:-5.482778;2.467436:-5.351482;2.430697:-5.064642;2.397262:-5.568459;2.297947:-5.601538;2.130463:-5.53115;2.143273:-5.398169;2.054538:-5.614526
sigma3_hotel_seed42,tril,HOTEL:biwi_hotel:201:9560,HOTEL,biwi_hotel,biwi_hotel:201,9560,3,3.8371150493621826,7.220582485198975,1.4853451251983643,1.404038667678833,0.3864469826221466,0.5319875478744507,1.625,2.74:-9.37;2.77:-8.83;2.84:-8.3;2.84:-7.75;2.82:-7.15;2.86:-6.58;2.86:-6.04;2.79:-5.45,2.76:-4.87;2.65:-4.31;2.67:-3.65;2.65:-3.15;2.51:-2.62;2.54:-2.01;2.59:-1.45;2.57:-0.92;2.63:-0.36;2.63:0.19;2.54:0.72;2.55:1.32,2.717101:-5.471351;2.544787:-5.527204;2.411178:-5.41292;2.343756:-5.514742;2.095456:-5.555483;1.946833:-5.440905;1.744046:-5.167116;1.563616:-5.607046;1.31423:-5.612911;1.022433:-5.562193;0.8795513:-5.454246;0.690963:-5.657162
sigma3_hotel_seed42,tril,HOTEL:biwi_hotel:180:9570,HOTEL,biwi_hotel,biwi_hotel:180,9570,3,0.13111551105976105,0.28024035692214966,0.0,0.0,0.0,0.0,1.5,-1.09:-6.72;-1.09:-6.72;-1.09:-6.72;-1.09:-6.72;-1.09:-6.72;-1.09:-6.72;-1.09:-6.72;-1.09:-6.72,-1.11:-6.7;-1.11:-6.7;-1.11:-6.7;-1.11:-6.7;-1.11:-6.7;-1.11:-6.7;-1.11:-6.7;-1.11:-6.7;-1.11:-6.7;-1.11:-6.7;-1.11:-6.7;-1.11:-6.7,-1.102727:-6.721909;-1.122531:-6.718733;-1.144011:-6.717347;-1.173909:-6.730724;-1.200623:-6.72678;-1.217654:-6.715195;-1.23973:-6.698908;-1.279835:-6.722993;-1.289687:-6.733686;-1.328562:-6.715632;-1.342157:-6.700988;-1.390238:-6.698746
sigma3_hotel_seed42,tril,HOTEL:biwi_hotel:185:9570,HOTEL,biwi_hotel,biwi_hotel:185,9570,3,0.23337316513061523,0.34114015102386475,0.14577379822731018,0.11709422618150711,0.36271634697914124,6.862420082092285,0.0,-0.91:-0.99;-0.9:-1.03;-0.89:-1.05;-0.88:-1.08;-0.86:-1.08;-0.91:-1;-0.91:-1.06;-0.94:-1.11,-0.94:-1.13;-0.92:-1.12;-0.88:-1.08;-0.89:-0.98;-0.94:-0.95;-0.95:-0.93;-0.9:-1.02;-0.89:-1.05;-0.9:-1.09;-0.9:-1.11;-0.92:-1.11;-0.95:-1.11,-0.9580451:-1.110891;-0.9941502:-1.108045;-1.032333:-1.098247;-1.075133:-1.119062;-1.092788:-1.104645;-1.124805:-1.086007;-1.154206:-1.053856;-1.180811:-1.073506;-1.202217:-1.095577;-1.239433:-1.082249;-1.246017:-1.057306;-1.286129:-1.051744
sigma3_hotel_seed42,tril,HOTEL:biwi_hotel:199:9570,HOTEL,biwi_hotel,biwi_hotel:199,9570,3,0.1761801689863205,0.5891011357307434,0.07500000298023224,0.30653616786003113,0.7793232202529907,1.2581640481948853,2.0,-0.61:-3.72;-0.49:-3.89;-0.4:-4.02;-0.31:-4.19;-0.3:-4.21;-0.3:-4.21;-0.06:-4.27;-0.03:-4.27,-0.03:-4.27;-0.03:-4.27;-0.03:-4.27;-0.22:-4.18;-0.19:-4.29;-0.11:-4.16;-0.19:-4.19;-0.09:-4.35;-0.13:-4.4;-0.09:-4.52;0.06:-4.69;0.17:-4.87,-0.03092597:-4.270814;-0.03078135:-4.279408;-0.03098301:-4.278707;-0.03866465:-4.289804;-0.02728397:-4.291248;-0.02547529:-4.288459;-0.02912895:-4.258765;-0.03241651:-4.29478;-0.03273764:-4.320876;-0.03259999:-4.314094;-0.02797209:-4.316963;-0.03501391:-4.317723
sigma3_hotel_seed42,tril,HOTEL:biwi_hotel:200:9570,HOTEL,biwi_hotel,biwi_hotel:200,9570,3,3.7746896743774414,6.994004726409912,1.4802870750427246,1.4255485534667969,0.4190308749675751,0.5615028142929077,2.75,2.06:-8.71;2.13:-8.19;2.13:-7.64;2.14:-7.03;2.12:-6.46;2.13:-5.9;2.2:-5.32;2.15:-4.73,2.04:-4.16;1.96:-3.54;1.85:-2.95;1.79:-2.42;1.78:-1.86;1.68:-1.2;1.73:-0.75;1.86:-0.26;1.79:0.32;1.8:0.86;1.76:1.26;1.69:1.89,2.098374:-4.753302;1.935661:-4.811226;1.816365:-4.691201;1.766891:-4.802866;1.530874:-4.840805;1.394925:-4.725847;1.202823:-4.450243;1.036454:-4.898399;0.7953897:-4.906578;0.5129864:-4.853686;0.3850163:-4.740307;0.2095113:-4.945514
sigma3_hotel_seed42,tril,HOTEL:biwi_hotel:201:9570,HOTEL,biwi_hotel,biwi_hotel:201,9570,3,3.7828428745269775,6.979685306549072,1.4519383907318115,1.4183039665222168,0.3864469826221466,0.5225845575332642,1.75,2.77:-8.83;2.84:-8.3;2.84:-7.75;2.82:-7.15;2.86:-6.58;2.86:-6.04;2.79:-5.45;2.76:-4.87,2.65:-4.31;2.67:-3.65;2.65:-3.15;2.51:-2.62;2.54:-2.01;2.59:-1.45;2.57:-0.92;2.63:-0.36;2.63:0.19;2.54:0.72;2.55:1.32;2.58:1.71,2.726808:-4.894046;2.583837:-4.953043;2.482874:-4.833029;2.450635:-4.948455;2.231155:-4.984946;2.110464:-4.869485;1.935414:-4.593467;1.783509:-5.044376;1.556897:-5.055425;1.288563:-5.000887;1.174861:-4.886197;1.010088:-5.090837
sigma3_hotel_seed42,tril,HOTEL:biwi_hotel:180:9580,HOTEL,biwi_hotel,biwi_hotel:180,9580,3,0.0765768513083458,0.14750602841377258,0.0707106813788414,0.010101525112986565,0.02946278266608715,0.0,1.5,-1.09:-6.72;-1.09:-6.72;-1.09:-6.72;-1.09:-6.72;-1.09:-6.72;-1.09:-6.72;-1.09:-6.72;-1.11:-6.7,-1.11:-6.7;-1.11:-6.7;-1.11:-6.7;-1.11:-6.7;-1.11:-6.7;-1.11:-6.7;-1.11:-6.7;-1.11:-6.7;-1.11:-6.7;-1.11:-6.7;-1.11:-6.7;-1.11:-6.7,-1.116631:-6.700049;-1.130095:-6.701149;-1.141604:-6.697199;-1.157012:-6.712493;-1.168613:-6.707166;-1.178413:-6.6989;-1.188948:-6.691711;-1.211691:-6.707086;-1.21675:-6.720218;-1.231334:-6.707953;-1.235251:-6.700828;-1.257459:-6.696277
sigma3_hotel_seed42,tril,HOTEL:biwi_hotel:185:9580,HOTEL,biwi_hotel,biwi_hotel:185,9580,3,0.10228922218084335,0.031037144362926483,0.05000000074505806,0.10951171070337296,0.3860771954059601,7.184170722961426,0.0,-0.9:-1.03;-0.89:-1.05;-0.88:-1.08;-0.86:-1.08;-0.91:-1;-0.91:-1.06;-0.94:-1.11;-0.94:-1.13,-0.92:-1.12;-0.88:-1.08;-0.89:-0.98;-0.94:-0.95;-0.95:-0.93;-0.9:-1.02;-0.89:-1.05;-0.9:-1.09;-0.9:-1.11;-0.92:-1.11;-0.95:-1.11;-0.96:-1.11,-0.9380383:-1.130101;-0.9500254:-1.132547;-0.9559779:-1.12324;-0.9680771:-1.146868;-0.9634885:-1.140934;-0.9685079:-1.129942;-0.9689319:-1.118913;-0.9782771:-1.131238;-0.9761181:-1.157406;-0.9790291:-1.144948;-0.9704042:-1.143486;-0.9792114:-1.134377
sigma3_hotel_seed42,tril,HOTEL:biwi_hotel:200:9580,HOTEL,biwi_hotel,biwi_hotel:200,9580,3,3.824355363845825,7.106554985046387,1.4512925148010254,1.4454866647720337,0.40558066964149475,0.5337870121002197,2.75,2.13:-8.19;2.13:-7.64;2.14:-7.03;2.12:-6.46;2.13:-5.9;2.2:-5.32;2.15:-4.73;2.04:-4.16,1.96:-3.54;1.85:-2.95;1.79:-2.42;1.78:-1.86;1.68:-1.2;1.73:-0.75;1.86:-0.26;1.79:0.32;1.8:0.86;1.76:1.26;1.69:1.89;1.7:2.39,1.91751:-4.177204;1.707106:-4.230327;1.528147:-4.12177;1.413248:-4.206383;1.126683:-4.253404;0.9407898:-4.141476;0.6976814:-3.865196;0.4814262:-4.298473;0.2023929:-4.296428;-0.1275752:-4.253695;-0.3039258:-4.152112;-0.5275867:-4.358405
sigma3_hotel_seed42,tril,HOTEL:biwi_hotel:201:9580,HOTEL,biwi_hotel,biwi_hotel:201,9580,3,3.913022041320801,7.251309871673584,1.426753282546997,1.4311963319778442,0.3965105414390564,0.5335502028465271,1.875,2.84:-8.3;2.84:-7.75;2.82:-7.15;2.86:-6.58;2.86:-6.04;2.79:-5.45;2.76:-4.87;2.65:-4.31,2.67:-3.65;2.65:-3.15;2.51:-2.62;2.54:-2.01;2.59:-1.45;2.57:-0.92;2.63:-0.36;2.63:0.19;2.54:0.72;2.55:1.32;2.58:1.71;2.4:2.31,2.50094:-4.324702;2.26948:-4.37177;2.067197:-4.271294;1.923819:-4.340874;1.623586:-4.390689;1.420786:-4.283702;1.160378:-4.016977;0.9279168:-4.425776;0.6411245:-4.419789;0.3002787:-4.382431;0.1068351:-4.289005;-0.1307485:-4.485352
sigma3_hotel_seed42,tril,HOTEL:biwi_hotel:180:9590,HOTEL,biwi_hotel,biwi_hotel:180,9590,3,0.037678491324186325,0.06546216458082199,0.0,0.010101525112986565,0.0589255653321743,0.0,1.5,-1.09:-6.72;-1.09:-6.72;-1.09:-6.72;-1.09:-6.72;-1.09:-6.72;-1.09:-6.72;-1.11:-6.7;-1.11:-6.7,-1.11:-6.7;-1.11:-6.7;-1.11:-6.7;-1.11:-6.7;-1.11:-6.7;-1.11:-6.7;-1.11:-6.7;-1.11:-6.7;-1.11:-6.7;-1.11:-6.7;-1.11:-6.7;-1.11:-6.7,-1.114631:-6.70051;-1.12097:-6.701232;-1.128598:-6.70028;-1.131588:-6.70396;-1.141624:-6.706898;-1.146326:-6.699885;-1.151603:-6.697843;-1.163984:-6.709116;-1.161723:-6.709495;-1.165906:-6.706344;-1.16631:-6.704389;-1.174947:-6.7082
sigma3_hotel_seed42,tril,HOTEL:biwi_hotel:185:9590,HOTEL,biwi_hotel,biwi_hotel:185,9590,3,0.16191260516643524,0.2798226475715637,0.055901698768138885,0.10951171070337296,0.41321834921836853,9.076717376708984,0.0,-0.89:-1.05;-0.88:-1.08;-0.86:-1.08;-0.91:-1;-0.91:-1.06;-0.94:-1.11;-0.94:-1.13;-0.92:-1.12,-0.88:-1.08;-0.89:-0.98;-0.94:-0.95;-0.95:-0.93;-0.9:-1.02;-0.89:-1.05;-0.9:-1.09;-0.9:-1.11;-0.92:-1.11;-0.95:-1.11;-0.96:-1.11;-0.94:-1.11,-0.9115282:-1.118674;-0.902683:-1.123641;-0.8896592:-1.124176;-0.8694267:-1.125044;-0.8461605:-1.130746;-0.8305746:-1.130566;-0.810288:-1.139205;-0.7891418:-1.13538;-0.7688574:-1.140607;-0.7289959:-1.148684;-0.706784:-1.163589;-0.6655184:-1.164411
sigma3_hotel_seed42,tril,HOTEL:biwi_hotel:200:9590,HOTEL,biwi_hotel,biwi_hotel:200,9590,3,3.773148775100708,7.112268447875977,1.562849998474121,1.4723223447799683,0.40295764803886414,0.5797106623649597,2.625,2.13:-7.64;2.14:-7.03;2.12:-6.46;2.13:-5.9;2.2:-5.32;2.15:-4.73;2.04:-4.16;1.96:-3.54,1.85:-2.95;1.79:-2.42;1.78:-1.86;1.68:-1.2;1.73:-0.75;1.86:-0.26;1.79:0.32;1.8:0.86;1.76:1.26;1.69:1.89;1.7:2.39;1.75:2.94,1.849449:-3.558692;1.638533:-3.619229;1.463198:-3.497709;1.359204:-3.596612;1.062104:-3.646234;0.8779442:-3.5243;0.6309353:-3.235936;0.4120409:-3.702003;0.1267489:-3.699508;-0.2161801:-3.652737;-0.3899775:-3.542137;-0.6193855:-3.765995
sigma3_hotel_seed42,tril,HOTEL:biwi_hotel:201:9590,HOTEL,biwi_hotel,biwi_hotel:201,9590,3,3.668717384338379,6.937178611755371,1.6507574319839478,1.4705902338027954,0.5112611055374146,0.7244821190834045,1.75,2.84:-7.75;2.82:-7.15;2.86:-6.58;2.86:-6.04;2.79:-5.45;2.76:-4.87;2.65:-4.31;2.67:-3.65,2.65:-3.15;2.51:-2.62;2.54:-2.01;2.59:-1.45;2.57:-0.92;2.63:-0.36;2.63:0.19;2.54:0.72;2.55:1.32;2.58:1.71;2.4:2.31;2.49:2.87,2.728955:-3.67896;2.653019:-3.766284;2.615192:-3.60887;2.66562:-3.776477;2.470266:-3.815211;2.399159:-3.67609;2.259552:-3.347129;2.15038:-3.920658;1.947988:-3.938211;1.672446:-3.874139;1.620823:-3.724525;1.46675:-3.991298
sigma3_hotel_seed42,tril,HOTEL:biwi_hotel:203:9590,HOTEL,biwi_hotel,biwi_hotel:203,9590,3,3.806886672973633,7.095541000366211,1.1918997764587402,1.2087547779083252,0.588610827922821,1.0827000141143799,0.875,0.94:4.05;1.04:3.55;0.95:3.07;0.91:2.62;0.93:2.13;0.85:1.67;0.83:1.17;0.75:0.7,0.58:0.17;0.6:-0.43;0.54:-0.97;0.59:-1.54;0.72:-2.08;0.76:-2.7;0.93:-3.24;0.97:-3.69;0.98:-4.37;1.11:-4.98;1.07:-5.54;1.11:-6.12,0.6660151:0.6801338;0.4855225:0.6340103;0.3452208:0.73522;0.2609327:0.6499074;0.01973021:0.6088431;-0.1297004:0.7141989;-0.3320972:0.9666446;-0.5145478:0.570255;-0.753405:0.5644901;-1.032973:0.6112969;-1.182138:0.7071066;-1.368797:0.5284789
sigma3_hotel_seed42,tril,HOTEL:biwi_hotel:180:9600,HOTEL,biwi_hotel,biwi_hotel:180,9600,3,0.09426895529031754,0.18451152741909027,0.0,0.010101525112986565,0.0589255653321743,0.0,1.375,-1.09:-6.72;-1.09:-6.72;-1.09:-6.72;-1.09:-6.72;-1.09:-6.72;-1.11:-6.7;-1.11:-6.7;-1.11:-6.7,-1.11:-6.7;-1.11:-6.7;-1.11:-6.7;-1.11:-6.7;-1.11:-6.7;-1.11:-6.7;-1.11:-6.7;-1.11:-6.7;-1.11:-6.7;-1.11:-6.7;-1.11:-6.7;-1.11:-6.7,-1.118641:-6.699542;-1.135066:-6.702734;-1.14863:-6.696215;-1.165397:-6.714969;-1.178927:-6.707205;-1.193175:-6.698906;-1.207662:-6.691071;-1.232792:-6.708683;-1.243467:-6.725252;-1.259196:-6.711634;-1.267467:-6.703796;-1.294485:-6.696861
sigma3_hotel_seed42,tril,HOTEL:biwi_hotel:185:9600,HOTEL,biwi_hotel,biwi_hotel:185,9600,3,0.4517156779766083,0.8343414068222046,0.1414213627576828,0.11842091381549835,0.4178357720375061,8.149422645568848,0.125,-0.88:-1.08;-0.86:-1.08;-0.91:-1;-0.91:-1.06;-0.94:-1.11;-0.94:-1.13;-0.92:-1.12;-0.88:-1.08,-0.89:-0.98;-0.94:-0.95;-0.95:-0.93;-0.9:-1.02;-0.89:-1.05;-0.9:-1.09;-0.9:-1.11;-0.92:-1.11;-0.95:-1.11;-0.96:-1.11;-0.94:-1.11;-0.94:-1.11,-0.8320987:-1.078563;-0.7776256:-1.088573;-0.7165161:-1.088827;-0.6576055:-1.095476;-0.5877603:-1.109745;-0.5291923:-1.102398;-0.4580148:-1.112241;-0.3985587:-1.109781;-0.3352157:-1.130735;-0.2480536:-1.13791;-0.1903644:-1.170204;-0.1077683:-1.169296
sigma3_hotel_seed42,tril,HOTEL:biwi_hotel:203:9600,HOTEL,biwi_hotel,biwi_hotel:203,9600,3,4.23478364944458,7.751118183135986,1.3914920091629028,1.2254314422607422,0.5022741556167603,0.841746985912323,1.25,1.04:3.55;0.95:3.07;0.91:2.62;0.93:2.13;0.85:1.67;0.83:1.17;0.75:0.7;0.58:0.17,0.6:-0.43;0.54:-0.97;0.59:-1.54;0.72:-2.08;0.76:-2.7;0.93:-3.24;0.97:-3.69;0.98:-4.37;1.11:-4.98;1.07:-5.54;1.11:-6.12;1.1:-6.67,0.3672813:0.1603938;0.08260649:0.1138032;-0.1810325:0.2118866;-0.3856089:0.1602715;-0.7438716:0.1003473;-0.9974307:0.2078627;-1.315888:0.4832538;-1.599517:0.0692122;-1.930035:0.08648416;-2.329678:0.1146497;-2.568791:0.2030268;-2.857993:-0.005607665
sigma3_hotel_seed42,tril,HOTEL:biwi_hotel:180:9610,HOTEL,biwi_hotel,biwi_hotel:180,9610,3,0.0212709903717041,0.0337609127163887,0.0,0.010101525112986565,0.0589255653321743,0.0,1.375,-1.09:-6.72;-1.09:-6.72;-1.09:-6.72;-1.09:-6.72;-1.11:-6.7;-1.11:-6.7;-1.11:-6.7;-1.11:-6.7,-1.11:-6.7;-1.11:-6.7;-1.11:-6.7;-1.11:-6.7;-1.11:-6.7;-1.11:-6.7;-1.11:-6.7;-1.11:-6.7;-1.11:-6.7;-1.11:-6.7;-1.11:-6.7;-1.11:-6.7,-1.112262:-6.699791;-1.115503:-6.700929;-1.122119:-6.701114;-1.124429:-6.698624;-1.13325:-6.705899;-1.131916:-6.701105;-1.137468:-6.703178;-1.144985:-6.707748;-1.134209:-6.704641;-1.137886:-6.703609;-1.134253:-6.705134;-1.142407:-6.709465
sigma3_hotel_seed42,tril,HOTEL:biwi_hotel:185:9610,HOTEL,biwi_hotel,biwi_hotel:185,9610,3,0.1393248587846756,0.1679932177066803,0.2512468993663788,0.14717046916484833,0.3884618580341339,6.905093669891357,0.25,-0.86:-1.08;-0.91:-1;-0.91:-1.06;-0.94:-1.11;-0.94:-1.13;-0.92:-1.12;-0.88:-1.08;-0.89:-0.98,-0.94:-0.95;-0.95:-0.93;-0.9:-1.02;-0.89:-1.05;-0.9:-1.09;-0.9:-1.11;-0.92:-1.11;-0.95:-1.11;-0.96:-1.11;-0.94:-1.11;-0.94:-1.11;-0.94:-1.11,-0.8846643:-0.9870999;-0.9058058:-0.9804832;-0.9365876:-0.9707544;-0.9609004:-0.9876685;-0.9497333:-0.9854636;-0.9733033:-0.9507059;-0.9787702:-0.8913743;-0.9672341:-0.9288743;-0.9735023:-0.9460249;-0.993574:-0.9555874;-0.9709052:-0.9255542;-0.9749906:-0.9456912
sigma3_hotel_seed42,tril,HOTEL:biwi_hotel:203:9610,HOTEL,biwi_hotel,biwi_hotel:203,9610,3,3.54644513130188,6.531408786773682,1.5008331537246704,1.2654203176498413,0.652456521987915,1.0887633562088013,1.125,0.95:3.07;0.91:2.62;0.93:2.13;0.85:1.67;0.83:1.17;0.75:0.7;0.58:0.17;0.6:-0.43,0.54:-0.97;0.59:-1.54;0.72:-2.08;0.76:-2.7;0.93:-3.24;0.97:-3.69;0.98:-4.37;1.11:-4.98;1.07:-5.54;1.11:-6.12;1.1:-6.67;0.96:-7.35,0.7911364:-0.4646694;0.8102729:-0.5706445;0.8699545:-0.3811059;1.028118:-0.5961858;0.8940783:-0.6378461;0.9093459:-0.4732382;0.844825:-0.1237227;0.8083688:-0.7716395;0.6818057:-0.7976672;0.4428478:-0.7217095;0.4809464:-0.5448356;0.3632114:-0.8459134
sigma3_hotel_seed42,tril,HOTEL:biwi_hotel:204:9610,HOTEL,biwi_hotel,biwi_hotel:204,9610,3,0.5042803883552551,1.0150699615478516,0.36055514216423035,0.47912347316741943,1.0337287187576294,1.923852562904358,2.375,-0.12:-5.85;-0.12:-5.85;-0.43:-6.03;-0.62:-6.04;-0.9:-5.92;-1.1:-5.88;-1.24:-5.88;-1.36:-5.8,-1.45:-5.69;-1.46:-5.68;-1.46:-5.68;-1.44:-5.68;-1.44:-5.68;-1.44:-5.68;-1.44:-5.68;-1.44:-5.68;-1.44:-5.68;-1.44:-5.68;-1.44:-5.68;-1.44:-5.68,-1.451065:-5.800644;-1.519555:-5.799582;-1.5989:-5.823121;-1.703651:-5.805967;-1.773768:-5.787813;-1.845983:-5.799241;-1.951053:-5.730596;-2.053328:-5.790533;-2.136434:-5.814368;-2.226663:-5.78524;-2.323738:-5.753919;-2.453793:-5.730895
sigma3_hotel_seed42,tril,HOTEL:biwi_hotel:180:9620,HOTEL,biwi_hotel,biwi_hotel:180,9620,3,0.03200710192322731,0.04133378714323044,0.0,0.010101525112986565,0.0589255653321743,0.0,1.25,-1.09:-6.72;-1.09:-6.72;-1.09:-6.72;-1.11:-6.7;-1.11:-6.7;-1.11:-6.7;-1.11:-6.7;-1.11:-6.7,-1.11:-6.7;-1.11:-6.7;-1.11:-6.7;-1.11:-6.7;-1.11:-6.7;-1.11:-6.7;-1.11:-6.7;-1.11:-6.7;-1.11:-6.7;-1.11:-6.7;-1.11:-6.7;-1.11:-6.7,-1.117114:-6.70001;-1.124429:-6.698721;-1.131308:-6.702024;-1.13642:-6.699751;-1.143281:-6.704102;-1.143898:-6.701009;-1.147571:-6.7039;-1.15878:-6.705239;-1.150907:-6.705068;-1.149014:-6.702239;-1.148389:-6.705284;-1.151126:-6.70414
sigma3_hotel_seed42,tril,HOTEL:biwi_hotel:185:9620,HOTEL,biwi_hotel,biwi_hotel:185,9620,3,0.4749663174152374,0.8955211639404297,0.14577379822731018,0.1343025118112564,0.31758883595466614,5.252808570861816,0.375,-0.91:-1;-0.91:-1.06;-0.94:-1.11;-0.94:-1.13;-0.92:-1.12;-0.88:-1.08;-0.89:-0.98;-0.94:-0.95,-0.95:-0.93;-0.9:-1.02;-0.89:-1.05;-0.9:-1.09;-0.9:-1.11;-0.92:-1.11;-0.95:-1.11;-0.96:-1.11;-0.94:-1.11;-0.94:-1.11;-0.94:-1.11;-0.94:-1.11,-0.9928632:-0.9481538;-1.053122:-0.9462439;-1.116983:-0.9440773;-1.204338:-0.9637203;-1.266946:-0.9377682;-1.322282:-0.9310231;-1.398624:-0.8967745;-1.48608:-0.9279363;-1.538181:-0.9561027;-1.628081:-0.9177296;-1.682115:-0.8817552;-1.799188:-0.8575032
sigma3_hotel_seed42,tril,HOTEL:biwi_hotel:203:9620,HOTEL,biwi_hotel,biwi_hotel:203,9620,3,3.9510409832000732,7.302499294281006,1.3583077192306519,1.2981163263320923,0.6815075278282166,1.1032919883728027,1.125,0.91:2.62;0.93:2.13;0.85:1.67;0.83:1.17;0.75:0.7;0.58:0.17;0.6:-0.43;0.54:-0.97,0.59:-1.54;0.72:-2.08;0.76:-2.7;0.93:-3.24;0.97:-3.69;0.98:-4.37;1.11:-4.98;1.07:-5.54;1.11:-6.12;1.1:-6.67;0.96:-7.35;0.98:-8,0.4724406:-0.9924887;0.2839627:-1.056461;0.1417129:-0.9260191;0.07387844:-1.041793;-0.1989413:-1.088672;-0.3536499:-0.9630153;-0.5751459:-0.6767532;-0.7692998:-1.153903;-1.032352:-1.15691;-1.351954:-1.103307;-1.500298:-0.9859245;-1.706439:-1.209599
sigma3_hotel_seed42,tril,HOTEL:biwi_hotel:204:9620,HOTEL,biwi_hotel,biwi_hotel:204,9620,3,0.4748166501522064,0.8549376130104065,0.35531675815582275,0.5298830270767212,0.7045177221298218,2.220916748046875,2.125,-0.12:-5.85;-0.43:-6.03;-0.62:-6.04;-0.9:-5.92;-1.1:-5.88;-1.24:-5.88;-1.36:-5.8;-1.45:-5.69,-1.46:-5.68;-1.46:-5.68;-1.44:-5.68;-1.44:-5.68;-1.44:-5.68;-1.44:-5.68;-1.44:-5.68;-1.44:-5.68;-1.44:-5.68;-1.44:-5.68;-1.44:-5.68;-1.44:-5.68,-1.517858:-5.695307;-1.590296:-5.685799;-1.677634:-5.697857;-1.762039:-5.679424;-1.808663:-5.666529;-1.88514:-5.650531;-1.968112:-5.569854;-2.019029:-5.619963;-2.091618:-5.625076;-2.157078:-5.629118;-2.216501:-5.580861;-2.289687:-5.585394
sigma3_hotel_seed42,tril,HOTEL:biwi_hotel:180:9630,HOTEL,biwi_hotel,biwi_hotel:180,9630,3,0.05817140266299248,0.11530028283596039,0.0,0.010101525112986565,0.0589255653321743,0.0,1.125,-1.09:-6.72;-1.09:-6.72;-1.11:-6.7;-1.11:-6.7;-1.11:-6.7;-1.11:-6.7;-1.11:-6.7;-1.11:-6.7,-1.11:-6.7;-1.11:-6.7;-1.11:-6.7;-1.11:-6.7;-1.11:-6.7;-1.11:-6.7;-1.11:-6.7;-1.11:-6.7;-1.11:-6.7;-1.11:-6.7;-1.11:-6.7;-1.11:-6.7,-1.112739:-6.700364;-1.123332:-6.698616;-1.132802:-6.696942;-1.14541:-6.701777;-1.160975:-6.70408;-1.161722:-6.697317;-1.171894:-6.697518;-1.19209:-6.702865;-1.185231:-6.705459;-1.201937:-6.693796;-1.202962:-6.689604;-1.224578:-6.687113
sigma3_hotel_seed42,tril,HOTEL:biwi_hotel:185:9630,HOTEL,biwi_hotel,biwi_hotel:185,9630,3,0.2480728030204773,0.37388914823532104,0.055901698768138885,0.12085989117622375,0.3275974690914154,5.279118061065674,0.5,-0.91:-1.06;-0.94:-1.11;-0.94:-1.13;-0.92:-1.12;-0.88:-1.08;-0.89:-0.98;-0.94:-0.95;-0.95:-0.93,-0.9:-1.02;-0.89:-1.05;-0.9:-1.09;-0.9:-1.11;-0.92:-1.11;-0.95:-1.11;-0.96:-1.11;-0.94:-1.11;-0.94:-1.11;-0.94:-1.11;-0.94:-1.11;-0.94:-1.11,-0.9679949:-0.928261;-0.9954397:-0.9289077;-1.015398:-0.9243418;-1.046517:-0.9449778;-1.068225:-0.9290256;-1.08635:-0.9246081;-1.110101:-0.9196477;-1.149808:-0.930502;-1.168073:-0.95079;-1.192785:-0.9273533;-1.209844:-0.914773;-1.247087:-0.8967143
sigma3_hotel_seed42,tril,HOTEL:biwi_hotel:203:9630,HOTEL,biwi_hotel,biwi_hotel:203,9630,3,3.666635751724243,6.770808696746826,1.4304718971252441,1.3273236751556396,0.6915225982666016,1.088460087776184,1.375,0.93:2.13;0.85:1.67;0.83:1.17;0.75:0.7;0.58:0.17;0.6:-0.43;0.54:-0.97;0.59:-1.54,0.72:-2.08;0.76:-2.7;0.93:-3.24;0.97:-3.69;0.98:-4.37;1.11:-4.98;1.07:-5.54;1.11:-6.12;1.1:-6.67;0.96:-7.35;0.98:-8;0.93:-8.56,0.6886554:-1.570262;0.6534821:-1.658009;0.6554099:-1.502713;0.7397401:-1.674614;0.5790581:-1.712889;0.5431378:-1.571753;0.4407292:-1.249195;0.3597791:-1.819157;0.1941727:-1.842551;-0.04893166:-1.77437;-0.07289457:-1.625648;-0.2069386:-1.88533
sigma3_hotel_seed42,tril,HOTEL:biwi_hotel:204:9630,HOTEL,biwi_hotel,biwi_hotel:204,9630,3,0.1080954447388649,0.1908155232667923,0.0353553406894207,0.40690913796424866,0.6211593747138977,1.8471020460128784,1.75,-0.43:-6.03;-0.62:-6.04;-0.9:-5.92;-1.1:-5.88;-1.24:-5.88;-1.36:-5.8;-1.45:-5.69;-1.46:-5.68,-1.46:-5.68;-1.44:-5.68;-1.44:-5.68;-1.44:-5.68;-1.44:-5.68;-1.44:-5.68;-1.44:-5.68;-1.44:-5.68;-1.44:-5.68;-1.44:-5.68;-1.44:-5.68;-1.44:-5.68,-1.470572:-5.680089;-1.483881:-5.680142;-1.498678:-5.679704;-1.515739:-5.687109;-1.531282:-5.685529;-1.541696:-5.678721;-1.555641:-5.672296;-1.579533:-5.685775;-1.582611:-5.692761;-1.599557:-5.683563;-1.605628:-5.677573;-1.63077:-5.675839
sigma3_hotel_seed42,tril,HOTEL:biwi_hotel:180:9640,HOTEL,biwi_hotel,biwi_hotel:180,9640,3,0.06172792986035347,0.11488571017980576,0.0,0.010101525112986565,0.02946278266608715,0.0,1.0,-1.09:-6.72;-1.11:-6.7;-1.11:-6.7;-1.11:-6.7;-1.11:-6.7;-1.11:-6.7;-1.11:-6.7;-1.11:-6.7,-1.11:-6.7;-1.11:-6.7;-1.11:-6.7;-1.11:-6.7;-1.11:-6.7;-1.11:-6.7;-1.11:-6.7;-1.11:-6.7;-1.11:-6.7;-1.11:-6.7;-1.11:-6.7;-1.11:-6.7,-1.113884:-6.700885;-1.128669:-6.696291;-1.135496:-6.694741;-1.151096:-6.709838;-1.162605:-6.703403;-1.164914:-6.695642;-1.168992:-6.693588;-1.194898:-6.700515;-1.19436:-6.711457;-1.207683:-6.69287;-1.208304:-6.685122;-1.222421:-6.676331
sigma3_hotel_seed42,tril,HOTEL:biwi_hotel:185:9640,HOTEL,biwi_hotel,biwi_hotel:185,9640,3,0.4105679988861084,0.7482615113258362,0.2573907673358917,0.13680517673492432,0.4139237403869629,7.836840629577637,0.625,-0.94:-1.11;-0.94:-1.13;-0.92:-1.12;-0.88:-1.08;-0.89:-0.98;-0.94:-0.95;-0.95:-0.93;-0.9:-1.02,-0.89:-1.05;-0.9:-1.09;-0.9:-1.11;-0.92:-1.11;-0.95:-1.11;-0.96:-1.11;-0.94:-1.11;-0.94:-1.11;-0.94:-1.11;-0.94:-1.11;-0.94:-1.11;-0.94:-1.11,-0.8368953:-1.02429;-0.7832313:-1.024695;-0.7408041:-1.01396;-0.6947699:-1.029341;-0.628979:-1.042405;-0.5858833:-0.9958794;-0.5148438:-0.9611371;-0.4464244:-0.9837146;-0.3815513:-1.001932;-0.3284415:-1.012848;-0.2542499:-1.007059;-0.1960303:-1.029973
sigma3_hotel_seed42,tril,HOTEL:biwi_hotel:203:9640,HOTEL,biwi_hotel,biwi_hotel:203,9640,3,3.6655237674713135,6.766712665557861,1.3885693550109863,1.3589390516281128,0.7054070234298706,1.1049978733062744,1.625,0.85:1.67;0.83:1.17;0.75:0.7;0.58:0.17;0.6:-0.43;0.54:-0.97;0.59:-1.54;0.72:-2.08,0.76:-2.7;0.93:-3.24;0.97:-3.69;0.98:-4.37;1.11:-4.98;1.07:-5.54;1.11:-6.12;1.1:-6.67;0.96:-7.35;0.98:-8;0.93:-8.56;0.94:-9.19,0.9669914:-2.115303;1.054713:-2.202956;1.184637:-2.045992;1.38231:-2.236987;1.336839:-2.274864;1.42217:-2.12854;1.436304:-1.832939;1.455962:-2.386637;1.420863:-2.425778;1.279296:-2.347302;1.359734:-2.196439;1.294275:-2.432568
sigma3_hotel_seed42,tril,HOTEL:biwi_hotel:204:9640,HOTEL,biwi_hotel,biwi_hotel:204,9640,3,0.035373490303754807,0.0313679575920105,0.0,0.33895808458328247,0.47118881344795227,1.38962721824646,1.75,-0.62:-6.04;-0.9:-5.92;-1.1:-5.88;-1.24:-5.88;-1.36:-5.8;-1.45:-5.69;-1.46:-5.68;-1.46:-5.68,-1.44:-5.68;-1.44:-5.68;-1.44:-5.68;-1.44:-5.68;-1.44:-5.68;-1.44:-5.68;-1.44:-5.68;-1.44:-5.68;-1.44:-5.68;-1.44:-5.68;-1.44:-5.68;-1.44:-5.68,-1.464166:-5.680621;-1.467667:-5.67828;-1.473073:-5.682939;-1.477298:-5.679295;-1.481956:-5.686021;-1.479392:-5.681641;-1.479674:-5.682289;-1.488268:-5.685318;-1.475593:-5.683403;-1.475001:-5.682293;-1.46933:-5.685085;-1.470335:-5.687984
sigma3_hotel_seed42,tril,HOTEL:biwi_hotel:180:9650,HOTEL,biwi_hotel,biwi_hotel:180,9650,3,0.10929364711046219,0.2231050282716751,0.0,0.0,0.0,0.0,1.0,-1.11:-6.7;-1.11:-6.7;-1.11:-6.7;-1.11:-6.7;-1.11:-6.7;-1.11:-6.7;-1.11:-6.7;-1.11:-6.7,-1.11:-6.7;-1.11:-6.7;-1.11:-6.7;-1.11:-6.7;-1.11:-6.7;-1.11:-6.7;-1.11:-6.7;-1.11:-6.7;-1.11:-6.7;-1.11:-6.7;-1.11:-6.7;-1.11:-6.7,-1.117742:-6.701912;-1.134057:-6.697855;-1.149833:-6.696772;-1.175758:-6.711435;-1.195127:-6.707515;-1.205604:-6.696248;-1.219711:-6.682447;-1.253926:-6.702285;-1.257543:-6.71445;-1.28917:-6.696398;-1.295265:-6.684143;-1.332283:-6.68086
sigma3_hotel_seed42,tril,HOTEL:biwi_hotel:185:9650,HOTEL,biwi_hotel,biwi_hotel:185,9650,3,0.21261174976825714,0.39910781383514404,0.07905694097280502,0.14095616340637207,0.45148158073425293,5.987744331359863,0.625,-0.94:-1.13;-0.92:-1.12;-0.88:-1.08;-0.89:-0.98;-0.94:-0.95;-0.95:-0.93;-0.9:-1.02;-0.89:-1.05,-0.9:-1.09;-0.9:-1.11;-0.92:-1.11;-0.95:-1.11;-0.96:-1.11;-0.94:-1.11;-0.94:-1.11;-0.94:-1.11;-0.94:-1.11;-0.94:-1.11;-0.94:-1.11;-0.94:-1.11,-0.8731871:-1.048545;-0.8595011:-1.059234;-0.8369297:-1.054909;-0.8128981:-1.067775;-0.7720463:-1.070336;-0.7506685:-1.070648;-0.72273:-1.068169;-0.6914492:-1.07533;-0.671064:-1.099632;-0.6211177:-1.104296;-0.5912414:-1.123732;-0.5410172:-1.11999
sigma3_hotel_seed42,tril,HOTEL:biwi_hotel:203:9650,HOTEL,biwi_hotel,biwi_hotel:203,9650,3,3.750383138656616,6.9656081199646,1.553222417831421,1.4021137952804565,0.7609631419181824,1.1481980085372925,1.75,0.83:1.17;0.75:0.7;0.58:0.17;0.6:-0.43;0.54:-0.97;0.59:-1.54;0.72:-2.08;0.76:-2.7,0.93:-3.24;0.97:-3.69;0.98:-4.37;1.11:-4.98;1.07:-5.54;1.11:-6.12;1.1:-6.67;0.96:-7.35;0.98:-8;0.93:-8.56;0.94:-9.19;0.93:-9.81,0.8085001:-2.728782;0.6968774:-2.815738;0.6326833:-2.648417;0.6628088:-2.818282;0.4403357:-2.861605;0.3521881:-2.719314;0.1838723:-2.392614;0.05709016:-2.96841;-0.1602886:-2.979421;-0.4633344:-2.918084;-0.5266386:-2.764844;-0.6974516:-3.03718
sigma3_hotel_seed42,tril,HOTEL:biwi_hotel:204:9650,HOTEL,biwi_hotel,biwi_hotel:204,9650,3,0.14449863135814667,0.32644960284233093,0.05000000074505806,0.23730416595935822,0.37417101860046387,3.538325548171997,1.75,-0.9:-5.92;-1.1:-5.88;-1.24:-5.88;-1.36:-5.8;-1.45:-5.69;-1.46:-5.68;-1.46:-5.68;-1.44:-5.68,-1.44:-5.68;-1.44:-5.68;-1.44:-5.68;-1.44:-5.68;-1.44:-5.68;-1.44:-5.68;-1.44:-5.68;-1.44:-5.68;-1.44:-5.68;-1.44:-5.68;-1.44:-5.68;-1.44:-5.68,-1.426342:-5.680317;-1.412863:-5.679716;-1.395765:-5.683866;-1.369635:-5.678115;-1.346033:-5.689947;-1.323284:-5.687612;-1.29419:-5.701594;-1.269605:-5.690845;-1.238119:-5.685738;-1.195586:-5.696724;-1.166598:-5.71308;-1.115901:-5.719108
sigma3_hotel_seed42,tril,HOTEL:biwi_hotel:180:9660,HOTEL,biwi_hotel,biwi_hotel:180,9660,3,0.06462766230106354,0.1316220611333847,0.0,0.0,0.0,0.0,1.0,-1.11:-6.7;-1.11:-6.7;-1.11:-6.7;-1.11:-6.7;-1.11:-6.7;-1.11:-6.7;-1.11:-6.7;-1.11:-6.7,-1.11:-6.7;-1.11:-6.7;-1.11:-6.7;-1.11:-6.7;-1.11:-6.7;-1.11:-6.7;-1.11:-6.7;-1.11:-6.7;-1.11:-6.7;-1.11:-6.7;-1.11:-6.7;-1.11:-6.7,-1.112789:-6.700213;-1.123512:-6.698876;-1.134677:-6.69754;-1.148415:-6.698638;-1.166553:-6.703435;-1.166804:-6.697316;-1.18059:-6.698659;-1.200828:-6.702446;-1.192166:-6.702481;-1.211753:-6.69192;-1.214388:-6.688212;-1.240894:-6.686174
sigma3_hotel_seed42,tril,HOTEL:biwi_hotel:185:9660,HOTEL,biwi_hotel,biwi_hotel:185,9660,3,0.040561217814683914,0.06375252455472946,0.10307764261960983,0.14769558608531952,0.4372161328792572,6.232723236083984,0.625,-0.92:-1.12;-0.88:-1.08;-0.89:-0.98;-0.94:-0.95;-0.95:-0.93;-0.9:-1.02;-0.89:-1.05;-0.9:-1.09,-0.9:-1.11;-0.92:-1.11;-0.95:-1.11;-0.96:-1.11;-0.94:-1.11;-0.94:-1.11;-0.94:-1.11;-0.94:-1.11;-0.94:-1.11;-0.94:-1.11;-0.94:-1.11;-0.94:-1.11,-0.9043564:-1.088582;-0.9271995:-1.087861;-0.9404314:-1.075469;-0.9546196:-1.096279;-0.9567696:-1.086494;-0.9662288:-1.075681;-0.9709574:-1.074772;-0.9797474:-1.068338;-0.9799401:-1.08802;-0.9802809:-1.074186;-0.9727473:-1.070592;-0.9745265:-1.056406
sigma3_hotel_seed42,tril,HOTEL:biwi_hotel:204:9660,HOTEL,biwi_hotel,biwi_hotel:204,9660,3,0.122211754322052,0.23800033330917358,0.0,0.16446103155612946,0.3198886811733246,3.3409299850463867,1.75,-1.1:-5.88;-1.24:-5.88;-1.36:-5.8;-1.45:-5.69;-1.46:-5.68;-1.46:-5.68;-1.44:-5.68;-1.44:-5.68,-1.44:-5.68;-1.44:-5.68;-1.44:-5.68;-1.44:-5.68;-1.44:-5.68;-1.44:-5.68;-1.44:-5.68;-1.44:-5.68;-1.44:-5.68;-1.44:-5.68;-1.44:-5.68;-1.44:-5.68,-1.455466:-5.68018;-1.469748:-5.679289;-1.490731:-5.682038;-1.516023:-5.68437;-1.537436:-5.685042;-1.550395:-5.678685;-1.571198:-5.66783;-1.600684:-5.684045;-1.603488:-5.688523;-1.631658:-5.679682;-1.6404:-5.671882;-1.677896:-5.672936
sigma3_hotel_seed42,tril,HOTEL:biwi_hotel:206:9660,HOTEL,biwi_hotel,biwi_hotel:206,9660,3,4.241339206695557,8.267410278320312,1.7016535997390747,1.397027850151062,0.49745702743530273,0.5724747776985168,2.125,1.26:3.88;1.24:3.45;1.16:2.94;1.14:2.42;1.08:1.84;1.11:1.24;1.1:0.66;1.13:-0.02,1.26:-0.53;1.29:-1.2;1.45:-1.82;1.55:-2.44;1.7:-3.03;1.87:-3.61;2:-4.29;2.26:-4.91;2.6:-5.41;3.03:-5.99;3.4:-6.47;4:-7.19,1.163996:-0.04938924;1.018417:-0.151911;0.9197543:0.04706966;0.9422187:-0.1499389;0.6670059:-0.1955177;0.5430771:-0.03431145;0.3320583:0.333708;0.1810598:-0.3199525;-0.08768415:-0.3212245;-0.454242:-0.2603128;-0.5282924:-0.08142039;-0.7272712:-0.4074503
sigma3_hotel_seed42,tril,HOTEL:biwi_hotel:180:9670,HOTEL,biwi_hotel,biwi_hotel:180,9670,3,0.07081878185272217,0.144918754696846,0.0,0.0,0.0,0.0,1.0,-1.11:-6.7;-1.11:-6.7;-1.11:-6.7;-1.11:-6.7;-1.11:-6.7;-1.11:-6.7;-1.11:-6.7;-1.11:-6.7,-1.11:-6.7;-1.11:-6.7;-1.11:-6.7;-1.11:-6.7;-1.11:-6.7;-1.11:-6.7;-1.11:-6.7;-1.11:-6.7;-1.11:-6.7;-1.11:-6.7;-1.11:-6.7;-1.11:-6.7,-1.113332:-6.70035;-1.124854:-6.698746;-1.136737:-6.69736;-1.151752:-6.699223;-1.170834:-6.703492;-1.172035:-6.69699;-1.186568:-6.697374;-1.208461:-6.702225;-1.200872:-6.702841;-1.222193:-6.691451;-1.225711:-6.686913;-1.254104:-6.684657
sigma3_hotel_seed42,tril,HOTEL:biwi_hotel:185:9670,HOTEL,biwi_hotel,biwi_hotel:185,9670,3,0.128407284617424,0.28694555163383484,0.05000000074505806,0.13463538885116577,0.37915173172950745,5.592635154724121,0.625,-0.88:-1.08;-0.89:-0.98;-0.94:-0.95;-0.95:-0.93;-0.9:-1.02;-0.89:-1.05;-0.9:-1.09;-0.9:-1.11,-0.92:-1.11;-0.95:-1.11;-0.96:-1.11;-0.94:-1.11;-0.94:-1.11;-0.94:-1.11;-0.94:-1.11;-0.94:-1.11;-0.94:-1.11;-0.94:-1.11;-0.94:-1.11;-0.97:-1.03,-0.8917639:-1.110007;-0.8900452:-1.110166;-0.8789876:-1.109448;-0.8631797:-1.113863;-0.8475211:-1.118494;-0.8348184:-1.115135;-0.8156236:-1.12766;-0.8051345:-1.119271;-0.7859095:-1.124732;-0.7526532:-1.125808;-0.7360011:-1.138861;-0.7025671:-1.134007
sigma3_hotel_seed42,tril,HOTEL:biwi_hotel:204:9670,HOTEL,biwi_hotel,biwi_hotel:204,9670,3,0.008303872309625149,0.019003644585609436,0.0,0.1144610345363617,0.2339906543493271,2.752927303314209,1.75,-1.24:-5.88;-1.36:-5.8;-1.45:-5.69;-1.46:-5.68;-1.46:-5.68;-1.44:-5.68;-1.44:-5.68;-1.44:-5.68,-1.44:-5.68;-1.44:-5.68;-1.44:-5.68;-1.44:-5.68;-1.44:-5.68;-1.44:-5.68;-1.44:-5.68;-1.44:-5.68;-1.44:-5.68;-1.44:-5.68;-1.44:-5.68;-1.44:-5.68,-1.433898:-5.678964;-1.442336:-5.678644;-1.440854:-5.672366;-1.44228:-5.682467;-1.447981:-5.681744;-1.43864:-5.677383;-1.438415:-5.690038;-1.448076:-5.68228;-1.435248:-5.688101;-1.434548:-5.673797;-1.42774:-5.67462;-1.429054:-5.664465
sigma3_hotel_seed42,tril,HOTEL:biwi_hotel:180:9680,HOTEL,biwi_hotel,biwi_hotel:180,9680,3,0.010988441295921803,0.018418431282043457,0.0,0.0,0.0,0.0,1.0,-1.11:-6.7;-1.11:-6.7;-1.11:-6.7;-1.11:-6.7;-1.11:-6.7;-1.11:-6.7;-1.11:-6.7;-1.11:-6.7,-1.11:-6.7;-1.11:-6.7;-1.11:-6.7;-1.11:-6.7;-1.11:-6.7;-1.11:-6.7;-1.11:-6.7;-1.11:-6.7;-1.11:-6.7;-1.11:-6.7;-1.11:-6.7;-1.11:-6.7,-1.107423:-6.697625;-1.111058:-6.698367;-1.114583:-6.694841;-1.119441:-6.695361;-1.126066:-6.698525;-1.119109:-6.696935;-1.123646:-6.711196;-1.128459:-6.697084;-1.115086:-6.696329;-1.119518:-6.690238;-1.114118:-6.692469;-1.122018:-6.686043
sigma3_hotel_seed42,tril,HOTEL:biwi_hotel:185:9680,HOTEL,biwi_hotel,biwi_hotel:185,9680,3,0.1322474181652069,0.3000529706478119,0.05000000074505806,0.1058858335018158,0.3246326744556427,6.232723236083984,0.5,-0.89:-0.98;-0.94:-0.95;-0.95:-0.93;-0.9:-1.02;-0.89:-1.05;-0.9:-1.09;-0.9:-1.11;-0.92:-1.11,-0.95:-1.11;-0.96:-1.11;-0.94:-1.11;-0.94:-1.11;-0.94:-1.11;-0.94:-1.11;-0.94:-1.11;-0.94:-1.11;-0.94:-1.11;-0.94:-1.11;-0.97:-1.03;-0.92:-1.1,-0.9391373:-1.110088;-0.956731:-1.109228;-0.9820503:-1.112239;-1.013311:-1.115227;-1.039169:-1.114286;-1.05626:-1.107849;-1.082689:-1.094295;-1.118023:-1.113258;-1.125063:-1.119022;-1.160215:-1.108336;-1.173422:-1.09785;-1.220046:-1.097908
sigma3_hotel_seed42,tril,HOTEL:biwi_hotel:204:9680,HOTEL,biwi_hotel,biwi_hotel:204,9680,3,0.011366200633347034,0.02306799404323101,0.0,0.0629531592130661,0.18979647755622864,2.4558632373809814,1.875,-1.36:-5.8;-1.45:-5.69;-1.46:-5.68;-1.46:-5.68;-1.44:-5.68;-1.44:-5.68;-1.44:-5.68;-1.44:-5.68,-1.44:-5.68;-1.44:-5.68;-1.44:-5.68;-1.44:-5.68;-1.44:-5.68;-1.44:-5.68;-1.44:-5.68;-1.44:-5.68;-1.44:-5.68;-1.44:-5.68;-1.44:-5.68;-1.44:-5.68,-1.434466:-5.677648;-1.441069:-5.678896;-1.443191:-5.6727;-1.447359:-5.675478;-1.456278:-5.67869;-1.446506:-5.676765;-1.452747:-5.693815;-1.459603:-5.678567;-1.443773:-5.679495;-1.44868:-5.668953;-1.443739:-5.671517;-1.45404:-5.661696
sigma3_hotel_seed42,tril,HOTEL:biwi_hotel:180:9690,HOTEL,biwi_hotel,biwi_hotel:180,9690,3,0.056454334408044815,0.11604863405227661,0.0,0.0,0.0,0.0,1.0,-1.11:-6.7;-1.11:-6.7;-1.11:-6.7;-1.11:-6.7;-1.11:-6.7;-1.11:-6.7;-1.11:-6.7;-1.11:-6.7,-1.11:-6.7;-1.11:-6.7;-1.11:-6.7;-1.11:-6.7;-1.11:-6.7;-1.11:-6.7;-1.11:-6.7;-1.11:-6.7;-1.11:-6.7;-1.11:-6.7;-1.11:-6.7;-1.11:-6.7,-1.110964:-6.699833;-1.121501:-6.698779;-1.131273:-6.69661;-1.143483:-6.696883;-1.161396:-6.702307;-1.159048:-6.697033;-1.172607:-6.70195;-1.191129:-6.701701;-1.180029:-6.700871;-1.198001:-6.689825;-1.199808:-6.687315;-1.224902:-6.683727
sigma3_hotel_seed42,tril,HOTEL:biwi_hotel:185:9690,HOTEL,biwi_hotel,biwi_hotel:185,9690,3,0.3262225091457367,0.6719406843185425,0.07500000298023224,0.0957752913236618,0.29210031032562256,5.665993690490723,0.375,-0.94:-0.95;-0.95:-0.93;-0.9:-1.02;-0.89:-1.05;-0.9:-1.09;-0.9:-1.11;-0.92:-1.11;-0.95:-1.11,-0.96:-1.11;-0.94:-1.11;-0.94:-1.11;-0.94:-1.11;-0.94:-1.11;-0.94:-1.11;-0.94:-1.11;-0.94:-1.11;-0.94:-1.11;-0.97:-1.03;-0.92:-1.1;-0.92:-1.11,-0.9858285:-1.108765;-1.029665:-1.109365;-1.073159:-1.104725;-1.134445:-1.128315;-1.183166:-1.107777;-1.224277:-1.100393;-1.278685:-1.078798;-1.350474:-1.108171;-1.389797:-1.13357;-1.456298:-1.100467;-1.498065:-1.074399;-1.589652:-1.054591
sigma3_hotel_seed42,tril,HOTEL:biwi_hotel:204:9690,HOTEL,biwi_hotel,biwi_hotel:204,9690,3,0.014549692161381245,0.04730283468961716,0.0,0.012193620204925537,0.05639805644750595,2.356194496154785,1.875,-1.45:-5.69;-1.46:-5.68;-1.46:-5.68;-1.44:-5.68;-1.44:-5.68;-1.44:-5.68;-1.44:-5.68;-1.44:-5.68,-1.44:-5.68;-1.44:-5.68;-1.44:-5.68;-1.44:-5.68;-1.44:-5.68;-1.44:-5.68;-1.44:-5.68;-1.44:-5.68;-1.44:-5.68;-1.44:-5.68;-1.44:-5.68;-1.44:-5.68,-1.439647:-5.680036;-1.442154:-5.678977;-1.441684:-5.679842;-1.436878:-5.680137;-1.439086:-5.684152;-1.43321:-5.680152;-1.428627:-5.687313;-1.432305:-5.686419;-1.420726:-5.683636;-1.411179:-5.681322;-1.403551:-5.684178;-1.393001:-5.685353
sigma3_hotel_seed42,tril,HOTEL:biwi_hotel:180:9700,HOTEL,biwi_hotel,biwi_hotel:180,9700,3,0.0062615517526865005,0.009496417827904224,0.0,0.0,0.0,0.0,1.0,-1.11:-6.7;-1.11:-6.7;-1.11:-6.7;-1.11:-6.7;-1.11:-6.7;-1.11:-6.7;-1.11:-6.7;-1.11:-6.7,-1.11:-6.7;-1.11:-6.7;-1.11:-6.7;-1.11:-6.7;-1.11:-6.7;-1.11:-6.7;-1.11:-6.7;-1.11:-6.7;-1.11:-6.7;-1.11:-6.7;-1.11:-6.7;-1.11:-6.7,-1.108146:-6.697118;-1.109271:-6.699386;-1.11191:-6.695284;-1.114832:-6.696939;-1.119358:-6.698578;-1.113347:-6.697749;-1.116742:-6.710018;-1.118759:-6.69827;-1.108724:-6.698032;-1.111667:-6.6933;-1.105525:-6.695009;-1.110176:-6.690505
sigma3_hotel_seed42,tril,HOTEL:biwi_hotel:185:9700,HOTEL,biwi_hotel,biwi_hotel:185,9700,3,0.05494724214076996,0.07465773820877075,0.02500000037252903,0.09136076271533966,0.18241319060325623,2.567852258682251,0.25,-0.95:-0.93;-0.9:-1.02;-0.89:-1.05;-0.9:-1.09;-0.9:-1.11;-0.92:-1.11;-0.95:-1.11;-0.96:-1.11,-0.94:-1.11;-0.94:-1.11;-0.94:-1.11;-0.94:-1.11;-0.94:-1.11;-0.94:-1.11;-0.94:-1.11;-0.94:-1.11;-0.97:-1.03;-0.92:-1.1;-0.92:-1.11;-0.92:-1.11,-0.9648204:-1.11051;-0.9721342:-1.108617;-0.9777002:-1.110705;-0.9820088:-1.111511;-0.9885676:-1.115028;-0.9888617:-1.110243;-0.9906485:-1.112354;-1.002506:-1.115318;-0.9948922:-1.116296;-0.9937734:-1.111913;-0.9922204:-1.113588;-0.9946162:-1.112492
sigma3_hotel_seed42,tril,HOTEL:biwi_hotel:204:9700,HOTEL,biwi_hotel,biwi_hotel:204,9700,3,0.008128885179758072,0.01144793163985014,0.0,0.0071428571827709675,0.0416666679084301,0.0,1.875,-1.46:-5.68;-1.46:-5.68;-1.44:-5.68;-1.44:-5.68;-1.44:-5.68;-1.44:-5.68;-1.44:-5.68;-1.44:-5.68,-1.44:-5.68;-1.44:-5.68;-1.44:-5.68;-1.44:-5.68;-1.44:-5.68;-1.44:-5.68;-1.44:-5.68;-1.44:-5.68;-1.44:-5.68;-1.44:-5.68;-1.44:-5.68;-1.44:-5.68,-1.437243:-5.677601;-1.439722:-5.678318;-1.442911:-5.67559;-1.447239:-5.674958;-1.452222:-5.678814;-1.444679:-5.677478;-1.448118:-5.691808;-1.451175:-5.677038;-1.436588:-5.675854;-1.439439:-5.671338;-1.432834:-5.674391;-1.4389:-5.668605
sigma3_hotel_seed42,tril,HOTEL:biwi_hotel:180:9710,HOTEL,biwi_hotel,biwi_hotel:180,9710,3,0.05537431314587593,0.10865520685911179,0.0,0.0,0.0,0.0,1.0,-1.11:-6.7;-1.11:-6.7;-1.11:-6.7;-1.11:-6.7;-1.11:-6.7;-1.11:-6.7;-1.11:-6.7;-1.11:-6.7,-1.11:-6.7;-1.11:-6.7;-1.11:-6.7;-1.11:-6.7;-1.11:-6.7;-1.11:-6.7;-1.11:-6.7;-1.11:-6.7;-1.11:-6.7;-1.11:-6.7;-1.11:-6.7;-1.11:-6.7,-1.113538:-6.699611;-1.122918:-6.699883;-1.133337:-6.698581;-1.141771:-6.695704;-1.159511:-6.702213;-1.159545:-6.697836;-1.17347:-6.703146;-1.189192:-6.704057;-1.180475:-6.700062;-1.193666:-6.693479;-1.197185:-6.692263;-1.218325:-6.691537
sigma3_hotel_seed42,tril,HOTEL:biwi_hotel:185:9710,HOTEL,biwi_hotel,biwi_hotel:185,9710,3,0.21265780925750732,0.4529568552970886,0.05000000074505806,0.061733510345220566,0.13854752480983734,5.524096965789795,0.125,-0.9:-1.02;-0.89:-1.05;-0.9:-1.09;-0.9:-1.11;-0.92:-1.11;-0.95:-1.11;-0.96:-1.11;-0.94:-1.11,-0.94:-1.11;-0.94:-1.11;-0.94:-1.11;-0.94:-1.11;-0.94:-1.11;-0.94:-1.11;-0.94:-1.11;-0.97:-1.03;-0.92:-1.1;-0.92:-1.11;-0.92:-1.11;-0.92:-1.11,-0.9167848:-1.110457;-0.8970338:-1.11123;-0.869574:-1.113203;-0.8318495:-1.111161;-0.7930373:-1.124451;-0.7625221:-1.121657;-0.7197889:-1.139317;-0.681097:-1.124203;-0.6415619:-1.124209;-0.5805447:-1.138681;-0.5412328:-1.162328;-0.4705835:-1.166522
sigma3_hotel_seed42,tril,HOTEL:biwi_hotel:204:9710,HOTEL,biwi_hotel,biwi_hotel:204,9710,3,0.04673047363758087,0.09521260112524033,0.0,0.0071428571827709675,0.02083333395421505,0.0,2.0,-1.46:-5.68;-1.44:-5.68;-1.44:-5.68;-1.44:-5.68;-1.44:-5.68;-1.44:-5.68;-1.44:-5.68;-1.44:-5.68,-1.44:-5.68;-1.44:-5.68;-1.44:-5.68;-1.44:-5.68;-1.44:-5.68;-1.44:-5.68;-1.44:-5.68;-1.44:-5.68;-1.44:-5.68;-1.44:-5.68;-1.44:-5.68;-1.44:-5.68,-1.43997:-5.679544;-1.449322:-5.67896;-1.457972:-5.676821;-1.468345:-5.675719;-1.484817:-5.682042;-1.480675:-5.677532;-1.493291:-5.684352;-1.509141:-5.681867;-1.496003:-5.680116;-1.511348:-5.670269;-1.511728:-5.669178;-1.534121:-5.66562
sigma3_hotel_seed42,tril,HOTEL:biwi_hotel:180:9720,HOTEL,biwi_hotel,biwi_hotel:180,9720,3,0.08336218446493149,0.1573047637939453,0.0,0.0,0.0,0.0,1.0,-1.11:-6.7;-1.11:-6.7;-1.11:-6.7;-1.11:-6.7;-1.11:-6.7;-1.11:-6.7;-1.11:-6.7;-1.11:-6.7,-1.11:-6.7;-1.11:-6.7;-1.11:-6.7;-1.11:-6.7;-1.11:-6.7;-1.11:-6.7;-1.11:-6.7;-1.11:-6.7;-1.11:-6.7;-1.11:-6.7;-1.11:-6.7;-1.11:-6.7,-1.122548:-6.700011;-1.132974:-6.701967;-1.148242:-6.702354;-1.153813:-6.69751;-1.175117:-6.70316;-1.186561:-6.698258;-1.203854:-6.697942;-1.221531:-6.70921;-1.225185:-6.701707;-1.235398:-6.701425;-1.247065:-6.698588;-1.267247:-6.704247
sigma3_hotel_seed42,tril,HOTEL:biwi_hotel:185:9720,HOTEL,biwi_hotel,biwi_hotel:185,9720,3,0.020721668377518654,0.055592332035303116,0.0,0.05043966323137283,0.13608849048614502,4.957367420196533,0.0,-0.89:-1.05;-0.9:-1.09;-0.9:-1.11;-0.92:-1.11;-0.95:-1.11;-0.96:-1.11;-0.94:-1.11;-0.94:-1.11,-0.94:-1.11;-0.94:-1.11;-0.94:-1.11;-0.94:-1.11;-0.94:-1.11;-0.94:-1.11;-0.97:-1.03;-0.92:-1.1;-0.92:-1.11;-0.92:-1.11;-0.92:-1.11;-0.94:-1.11,-0.9398813:-1.109043;-0.9407451:-1.109042;-0.9413454:-1.111289;-0.9371887:-1.1049;-0.9398049:-1.112472;-0.9305754:-1.111225;-0.9289395:-1.122205;-0.9292538:-1.115396;-0.9120278:-1.109001;-0.9026023:-1.109432;-0.8936309:-1.115214;-0.8848078:-1.116658
sigma3_hotel_seed42,tril,HOTEL:biwi_hotel:204:9720,HOTEL,biwi_hotel,biwi_hotel:204,9720,3,0.08336218446493149,0.1573047637939453,0.0,0.0,0.0,0.0,1.875,-1.44:-5.68;-1.44:-5.68;-1.44:-5.68;-1.44:-5.68;-1.44:-5.68;-1.44:-5.68;-1.44:-5.68;-1.44:-5.68,-1.44:-5.68;-1.44:-5.68;-1.44:-5.68;-1.44:-5.68;-1.44:-5.68;-1.44:-5.68;-1.44:-5.68;-1.44:-5.68;-1.44:-5.68;-1.44:-5.68;-1.44:-5.68;-1.44:-5.68,-1.452548:-5.680011;-1.462974:-5.681967;-1.478242:-5.682354;-1.483813:-5.67751;-1.505117:-5.68316;-1.516561:-5.678258;-1.533854:-5.677942;-1.551531:-5.68921;-1.555185:-5.681707;-1.565398:-5.681425;-1.577065:-5.678588;-1.597247:-5.684247
sigma3_hotel_seed42,tril,HOTEL:biwi_hotel:180:9730,HOTEL,biwi_hotel,biwi_hotel:180,9730,3,0.13534964621067047,0.27601292729377747,0.0,0.0,0.0,0.0,1.125,-1.11:-6.7;-1.11:-6.7;-1.11:-6.7;-1.11:-6.7;-1.11:-6.7;-1.11:-6.7;-1.11:-6.7;-1.11:-6.7,-1.11:-6.7;-1.11:-6.7;-1.11:-6.7;-1.11:-6.7;-1.11:-6.7;-1.11:-6.7;-1.11:-6.7;-1.11:-6.7;-1.11:-6.7;-1.11:-6.7;-1.11:-6.7;-1.11:-6.7,-1.122655:-6.70173;-1.140604:-6.699097;-1.161062:-6.698396;-1.18728:-6.70863;-1.21287:-6.706476;-1.228813:-6.695807;-1.249707:-6.681477;-1.286207:-6.70392;-1.29463:-6.711601;-1.329203:-6.696555;-1.342012:-6.683759;-1.385505:-6.683262
sigma3_hotel_seed42,tril,HOTEL:biwi_hotel:185:9730,HOTEL,biwi_hotel,biwi_hotel:185,9730,3,0.031142620369791985,0.023797696456313133,0.0,0.0357142873108387,0.1127961128950119,4.71238899230957,0.0,-0.9:-1.09;-0.9:-1.11;-0.92:-1.11;-0.95:-1.11;-0.96:-1.11;-0.94:-1.11;-0.94:-1.11;-0.94:-1.11,-0.94:-1.11;-0.94:-1.11;-0.94:-1.11;-0.94:-1.11;-0.94:-1.11;-0.97:-1.03;-0.92:-1.1;-0.92:-1.11;-0.92:-1.11;-0.92:-1.11;-0.94:-1.11;-0.94:-1.11,-0.9409905:-1.110412;-0.9496267:-1.107301;-0.9516768:-1.106803;-0.9572681:-1.11615;-0.9624283:-1.113827;-0.9596201:-1.10799;-0.957705:-1.110682;-0.9722617:-1.11301;-0.9657297:-1.118809;-0.9665428:-1.107242;-0.9616358:-1.104835;-0.9614857:-1.099768
sigma3_hotel_seed42,tril,HOTEL:biwi_hotel:180:9740,HOTEL,biwi_hotel,biwi_hotel:180,9740,3,0.14609867334365845,0.30038899183273315,0.0,0.0,0.0,0.0,1.25,-1.11:-6.7;-1.11:-6.7;-1.11:-6.7;-1.11:-6.7;-1.11:-6.7;-1.11:-6.7;-1.11:-6.7;-1.11:-6.7,-1.11:-6.7;-1.11:-6.7;-1.11:-6.7;-1.11:-6.7;-1.11:-6.7;-1.11:-6.7;-1.11:-6.7;-1.11:-6.7;-1.11:-6.7;-1.11:-6.7;-1.11:-6.7;-1.11:-6.7,-1.122725:-6.701905;-1.142482:-6.698738;-1.163939:-6.697375;-1.193758:-6.71067;-1.220445:-6.706773;-1.237443:-6.695211;-1.25949:-6.678966;-1.29951:-6.70301;-1.309317:-6.713629;-1.348098:-6.695646;-1.361668:-6.681046;-1.409643:-6.678848
sigma3_hotel_seed42,tril,HOTEL:biwi_hotel:185:9740,HOTEL,biwi_hotel,biwi_hotel:185,9740,3,0.03347286954522133,0.03557094931602478,0.0,0.02857142873108387,0.0833333358168602,3.1415927410125732,0.0,-0.9:-1.11;-0.92:-1.11;-0.95:-1.11;-0.96:-1.11;-0.94:-1.11;-0.94:-1.11;-0.94:-1.11;-0.94:-1.11,-0.94:-1.11;-0.94:-1.11;-0.94:-1.11;-0.94:-1.11;-0.97:-1.03;-0.92:-1.1;-0.92:-1.11;-0.92:-1.11;-0.92:-1.11;-0.94:-1.11;-0.94:-1.11;-0.94:-1.11,-0.9392975:-1.109564;-0.9471895:-1.108231;-0.9510455:-1.106577;-0.9572488:-1.110335;-0.966175:-1.112578;-0.9606545:-1.108197;-0.9645208:-1.115144;-0.9770705:-1.112441;-0.9651575:-1.114362;-0.9703279:-1.104191;-0.9660212:-1.103879;-0.9738369:-1.099029
sigma3_hotel_seed42,tril,HOTEL:biwi_hotel:180:9750,HOTEL,biwi_hotel,biwi_hotel:180,9750,3,0.14615100622177124,0.30051130056381226,0.0,0.0,0.0,0.0,1.375,-1.11:-6.7;-1.11:-6.7;-1.11:-6.7;-1.11:-6.7;-1.11:-6.7;-1.11:-6.7;-1.11:-6.7;-1.11:-6.7,-1.11:-6.7;-1.11:-6.7;-1.11:-6.7;-1.11:-6.7;-1.11:-6.7;-1.11:-6.7;-1.11:-6.7;-1.11:-6.7;-1.11:-6.7;-1.11:-6.7;-1.11:-6.7;-1.11:-6.7,-1.122723:-6.701906;-1.142491:-6.698737;-1.163952:-6.697367;-1.193789:-6.710685;-1.220479:-6.706775;-1.237484:-6.695208;-1.259535:-6.678953;-1.299574:-6.703006;-1.309391:-6.713646;-1.348193:-6.695645;-1.361767:-6.681035;-1.409764:-6.678825
sigma3_hotel_seed42,tril,HOTEL:biwi_hotel:185:9750,HOTEL,biwi_hotel,biwi_hotel:185,9750,3,0.06725665181875229,0.10029546916484833,0.0,0.02142857201397419,0.0729166641831398,3.1415927410125732,0.0,-0.92:-1.11;-0.95:-1.11;-0.96:-1.11;-0.94:-1.11;-0.94:-1.11;-0.94:-1.11;-0.94:-1.11;-0.94:-1.11,-0.94:-1.11;-0.94:-1.11;-0.94:-1.11;-0.97:-1.03;-0.92:-1.1;-0.92:-1.11;-0.92:-1.11;-0.92:-1.11;-0.94:-1.11;-0.94:-1.11;-0.94:-1.11;-0.94:-1.11,-0.9427704:-1.110097;-0.9610103:-1.106593;-0.9645771:-1.101688;-0.9778622:-1.124131;-0.986269:-1.11149;-0.9888234:-1.104643;-0.990578:-1.107008;-1.016446:-1.110373;-1.020749:-1.127052;-1.026638:-1.104383;-1.028553:-1.096355;-1.035785:-1.08026
sigma3_hotel_seed42,tril,HOTEL:biwi_hotel:180:9760,HOTEL,biwi_hotel,biwi_hotel:180,9760,3,0.14616645872592926,0.30054453015327454,0.0,0.0,0.0,0.0,1.5,-1.11:-6.7;-1.11:-6.7;-1.11:-6.7;-1.11:-6.7;-1.11:-6.7;-1.11:-6.7;-1.11:-6.7;-1.11:-6.7,-1.11:-6.7;-1.11:-6.7;-1.11:-6.7;-1.11:-6.7;-1.11:-6.7;-1.11:-6.7;-1.11:-6.7;-1.11:-6.7;-1.11:-6.7;-1.11:-6.7;-1.11:-6.7;-1.11:-6.7,-1.122724:-6.701906;-1.142495:-6.698737;-1.163957:-6.697366;-1.193797:-6.710687;-1.220489:-6.706775;-1.237497:-6.695207;-1.25955:-6.678951;-1.299593:-6.703006;-1.309413:-6.713647;-1.348219:-6.695643;-1.361795:-6.681031;-1.409797:-6.67882
sigma3_hotel_seed42,tril,HOTEL:biwi_hotel:185:9760,HOTEL,biwi_hotel,biwi_hotel:185,9760,3,0.11583692580461502,0.2263866662979126,0.0,0.010714286006987095,0.0520833320915699,3.1415927410125732,0.0,-0.95:-1.11;-0.96:-1.11;-0.94:-1.11;-0.94:-1.11;-0.94:-1.11;-0.94:-1.11;-0.94:-1.11;-0.94:-1.11,-0.94:-1.11;-0.94:-1.11;-0.97:-1.03;-0.92:-1.1;-0.92:-1.11;-0.92:-1.11;-0.92:-1.11;-0.94:-1.11;-0.94:-1.11;-0.94:-1.11;-0.94:-1.11;-0.92:-1.13,-0.9520425:-1.110737;-0.9655221:-1.111003;-0.9827338:-1.110361;-0.9986656:-1.115315;-1.01958:-1.115967;-1.033404:-1.107871;-1.050989:-1.099248;-1.07693:-1.117393;-1.08318:-1.120063;-1.104366:-1.112495;-1.114809:-1.104815;-1.145239:-1.107236
sigma3_hotel_seed42,tril,HOTEL:biwi_hotel:180:9770,HOTEL,biwi_hotel,biwi_hotel:180,9770,3,0.14636410772800446,0.3009920120239258,0.0,0.0,0.0,0.0,1.625,-1.11:-6.7;-1.11:-6.7;-1.11:-6.7;-1.11:-6.7;-1.11:-6.7;-1.11:-6.7;-1.11:-6.7;-1.11:-6.7,-1.11:-6.7;-1.11:-6.7;-1.11:-6.7;-1.11:-6.7;-1.11:-6.7;-1.11:-6.7;-1.11:-6.7;-1.11:-6.7;-1.11:-6.7;-1.11:-6.7;-1.11:-6.7;-1.11:-6.7,-1.122727:-6.701909;-1.142531:-6.698733;-1.164011:-6.697347;-1.19391:-6.710725;-1.220624:-6.70678;-1.237656:-6.695195;-1.259732:-6.678908;-1.299836:-6.702993;-1.309689:-6.713687;-1.348564:-6.695632;-1.362159:-6.680987;-1.410241:-6.678745
sigma3_hotel_seed42,tril,HOTEL:biwi_hotel:185:9770,HOTEL,biwi_hotel,biwi_hotel:185,9770,3,0.15298859775066376,0.32473254203796387,0.0,0.0071428571827709675,0.02083333395421505,0.0,0.0,-0.96:-1.11;-0.94:-1.11;-0.94:-1.11;-0.94:-1.11;-0.94:-1.11;-0.94:-1.11;-0.94:-1.11;-0.94:-1.11,-0.94:-1.11;-0.97:-1.03;-0.92:-1.1;-0.92:-1.11;-0.92:-1.11;-0.92:-1.11;-0.94:-1.11;-0.94:-1.11;-0.94:-1.11;-0.94:-1.11;-0.92:-1.13;-0.9:-1.15,-0.9521304:-1.111914;-0.9702548:-1.108818;-0.9908175:-1.108185;-1.018776:-1.119614;-1.044007:-1.117048;-1.059707:-1.105844;-1.080363:-1.090156;-1.1179:-1.113444;-1.125892:-1.122598;-1.16235:-1.106474;-1.174462:-1.093027;-1.219532:-1.092118
sigma3_hotel_seed42,tril,HOTEL:biwi_hotel:180:9780,HOTEL,biwi_hotel,biwi_hotel:180,9780,3,0.14636410772800446,0.3009920120239258,0.0,0.0,0.0,0.0,1.75,-1.11:-6.7;-1.11:-6.7;-1.11:-6.7;-1.11:-6.7;-1.11:-6.7;-1.11:-6.7;-1.11:-6.7;-1.11:-6.7,-1.11:-6.7;-1.11:-6.7;-1.11:-6.7;-1.11:-6.7;-1.11:-6.7;-1.11:-6.7;-1.11:-6.7;-1.11:-6.7;-1.11:-6.7;-1.11:-6.7;-1.11:-6.7;-1.11:-6.7,-1.122727:-6.701909;-1.142531:-6.698733;-1.164011:-6.697347;-1.19391:-6.710725;-1.220624:-6.70678;-1.237656:-6.695195;-1.259732:-6.678908;-1.299836:-6.702993;-1.309689:-6.713687;-1.348564:-6.695632;-1.362159:-6.680987;-1.410241:-6.678745
sigma3_hotel_seed42,tril,HOTEL:biwi_hotel:185:9780,HOTEL,biwi_hotel,biwi_hotel:185,9780,3,0.1677815318107605,0.3403531014919281,0.0,0.0,0.0,0.0,0.0,-0.94:-1.11;-0.94:-1.11;-0.94:-1.11;-0.94:-1.11;-0.94:-1.11;-0.94:-1.11;-0.94:-1.11;-0.94:-1.11,-0.97:-1.03;-0.92:-1.1;-0.92:-1.11;-0.92:-1.11;-0.92:-1.11;-0.94:-1.11;-0.94:-1.11;-0.94:-1.11;-0.94:-1.11;-0.92:-1.13;-0.9:-1.15;-0.9:-1.08,-0.9527266:-1.111909;-0.972531:-1.108733;-0.9940113:-1.107347;-1.02391:-1.120725;-1.050624:-1.11678;-1.067656:-1.105196;-1.089732:-1.088908;-1.129836:-1.112993;-1.139689:-1.123687;-1.178564:-1.105632;-1.19216:-1.090988;-1.240241:-1.088745
sigma3_hotel_seed42,tril,HOTEL:biwi_hotel:180:9790,HOTEL,biwi_hotel,biwi_hotel:180,9790,3,0.14636410772800446,0.3009920120239258,0.0,0.0,0.0,0.0,1.75,-1.11:-6.7;-1.11:-6.7;-1.11:-6.7;-1.11:-6.7;-1.11:-6.7;-1.11:-6.7;-1.11:-6.7;-1.11:-6.7,-1.11:-6.7;-1.11:-6.7;-1.11:-6.7;-1.11:-6.7;-1.11:-6.7;-1.11:-6.7;-1.11:-6.7;-1.11:-6.7;-1.11:-6.7;-1.11:-6.7;-1.11:-6.7;-1.11:-6.7,-1.122727:-6.701909;-1.142531:-6.698733;-1.164011:-6.697347;-1.19391:-6.710725;-1.220624:-6.70678;-1.237656:-6.695195;-1.259732:-6.678908;-1.299836:-6.702993;-1.309689:-6.713687;-1.348564:-6.695632;-1.362159:-6.680987;-1.410241:-6.678745
sigma3_hotel_seed42,tril,HOTEL:biwi_hotel:185:9790,HOTEL,biwi_hotel,biwi_hotel:185,9790,3,0.209247425198555,0.29341477155685425,0.21360009908676147,0.030514299869537354,0.08900003880262375,0.0,0.0,-0.94:-1.11;-0.94:-1.11;-0.94:-1.11;-0.94:-1.11;-0.94:-1.11;-0.94:-1.11;-0.94:-1.11;-0.97:-1.03,-0.92:-1.1;-0.92:-1.11;-0.92:-1.11;-0.92:-1.11;-0.94:-1.11;-0.94:-1.11;-0.94:-1.11;-0.94:-1.11;-0.92:-1.13;-0.9:-1.15;-0.9:-1.08;-0.91:-1.07,-0.9724265:-1.03187;-1.003408:-1.025977;-1.037141:-1.008544;-1.071379:-1.036409;-1.081211:-1.024149;-1.1053:-0.9956158;-1.120497:-0.964434;-1.131713:-0.9777544;-1.138065:-0.9972481;-1.173507:-0.9860632;-1.15726:-0.9581019;-1.182328:-0.9607769
sigma3_hotel_seed42,tril,HOTEL:biwi_hotel:180:9800,HOTEL,biwi_hotel,biwi_hotel:180,9800,3,0.14636410772800446,0.3009920120239258,0.0,0.0,0.0,0.0,1.75,-1.11:-6.7;-1.11:-6.7;-1.11:-6.7;-1.11:-6.7;-1.11:-6.7;-1.11:-6.7;-1.11:-6.7;-1.11:-6.7,-1.11:-6.7;-1.11:-6.7;-1.11:-6.7;-1.11:-6.7;-1.11:-6.7;-1.11:-6.7;-1.11:-6.7;-1.11:-6.7;-1.11:-6.7;-1.11:-6.7;-1.11:-6.7;-1.11:-6.7,-1.122727:-6.701909;-1.142531:-6.698733;-1.164011:-6.697347;-1.19391:-6.710725;-1.220624:-6.70678;-1.237656:-6.695195;-1.259732:-6.678908;-1.299836:-6.702993;-1.309689:-6.713687;-1.348564:-6.695632;-1.362159:-6.680987;-1.410241:-6.678745
sigma3_hotel_seed42,tril,HOTEL:biwi_hotel:185:9800,HOTEL,biwi_hotel,biwi_hotel:185,9800,3,0.08415937423706055,0.06025522202253342,0.2150581330060959,0.06123688817024231,0.26608335971832275,2.8801138401031494,0.0,-0.94:-1.11;-0.94:-1.11;-0.94:-1.11;-0.94:-1.11;-0.94:-1.11;-0.94:-1.11;-0.97:-1.03;-0.92:-1.1,-0.92:-1.11;-0.92:-1.11;-0.92:-1.11;-0.94:-1.11;-0.94:-1.11;-0.94:-1.11;-0.94:-1.11;-0.92:-1.13;-0.9:-1.15;-0.9:-1.08;-0.91:-1.07;-0.95:-1.05,-0.9190912:-1.102329;-0.9480425:-1.094983;-0.9754769:-1.079246;-0.9985982:-1.097908;-0.9986417:-1.089717;-1.012974:-1.063843;-1.020255:-1.033078;-1.015352:-1.038626;-1.014698:-1.052594;-1.031687:-1.045743;-1.007778:-1.022548;-1.005585:-1.02674
sigma3_hotel_seed42,tril,HOTEL:biwi_hotel:222:10050,HOTEL,biwi_hotel,biwi_hotel:222,10050,3,0.10294269770383835,0.3017520606517792,0.05000000074505806,0.13859644532203674,0.21923577785491943,3.648691177368164,0.75,-0.94:-0.96;-0.99:-1.05;-1.02:-1.15;-1.02:-1.2;-1.06:-1.2;-1.09:-1.17;-1.11:-1.15;-1.11:-1.13,-1.13:-1.11;-1.15:-1.08;-1.15:-1.08;-1.15:-1.08;-1.15:-1.08;-1.15:-1.08;-1.15:-1.08;-1.15:-1.08;-1.15:-1.1;-1.21:-1.19;-1.33:-1.31;-1.34:-1.32,-1.113456:-1.128642;-1.116999:-1.132462;-1.120488:-1.132224;-1.121038:-1.136194;-1.117655:-1.137569;-1.117875:-1.134799;-1.117553:-1.13697;-1.119281:-1.140451;-1.112131:-1.147701;-1.100821:-1.148491;-1.094325:-1.153652;-1.089385:-1.151934
sigma3_hotel_seed42,tril,HOTEL:biwi_hotel:222:10060,HOTEL,biwi_hotel,biwi_hotel:222,10060,3,0.1482941061258316,0.4497997760772705,0.0707106813788414,0.11192785948514938,0.2167767435312271,4.218447685241699,0.625,-0.99:-1.05;-1.02:-1.15;-1.02:-1.2;-1.06:-1.2;-1.09:-1.17;-1.11:-1.15;-1.11:-1.13;-1.13:-1.11,-1.15:-1.08;-1.15:-1.08;-1.15:-1.08;-1.15:-1.08;-1.15:-1.08;-1.15:-1.08;-1.15:-1.08;-1.15:-1.1;-1.21:-1.19;-1.33:-1.31;-1.34:-1.32;-1.69:-1.46,-1.148825:-1.108817;-1.174722:-1.111433;-1.196175:-1.10591;-1.221194:-1.12181;-1.245818:-1.111495;-1.267938:-1.105936;-1.294111:-1.100978;-1.330855:-1.115189;-1.35021:-1.130512;-1.372495:-1.113068;-1.393874:-1.103732;-1.433199:-1.090713
sigma3_hotel_seed42,tril,HOTEL:biwi_hotel:223:10060,HOTEL,biwi_hotel,biwi_hotel:223,10060,3,3.3989384174346924,6.248507022857666,1.0198038816452026,1.1022061109542847,0.7627566456794739,1.5298659801483154,1.5,1.5:4.07;1.44:3.69;1.63:3.22;1.65:2.78;1.62:2.32;1.65:1.87;1.71:1.44;1.63:1.04,1.67:0.54;1.68:0.06;1.61:-0.44;1.62:-0.91;1.65:-1.37;1.65:-1.86;1.72:-2.35;1.83:-2.77;1.88:-3.23;1.93:-3.67;2.01:-4.16;2.01:-4.67,1.481932:1.027191;1.283077:1.008213;1.107561:1.06361;0.9630079:1.034779;0.738305:0.9995219;0.5644207:1.070666;0.3557066:1.281678;0.1651326:1.002395;-0.06629825:0.9996431;-0.3204257:1.028735;-0.4939421:1.091209;-0.6775318:0.9710112
sigma3_hotel_seed42,tril,HOTEL:biwi_hotel:222:10070,HOTEL,biwi_hotel,biwi_hotel:222,10070,3,0.20814190804958344,0.4181235134601593,0.09013878554105759,0.08751802146434784,0.16645433008670807,4.124386310577393,0.5,-1.02:-1.15;-1.02:-1.2;-1.06:-1.2;-1.09:-1.17;-1.11:-1.15;-1.11:-1.13;-1.13:-1.11;-1.15:-1.08,-1.15:-1.08;-1.15:-1.08;-1.15:-1.08;-1.15:-1.08;-1.15:-1.08;-1.15:-1.08;-1.15:-1.1;-1.21:-1.19;-1.33:-1.31;-1.34:-1.32;-1.69:-1.46;-1.76:-1.4,-1.172:-1.07763;-1.204874:-1.080425;-1.237823:-1.070538;-1.281946:-1.09595;-1.307895:-1.078271;-1.336698:-1.068626;-1.371319:-1.051297;-1.412529:-1.068831;-1.435135:-1.095331;-1.477027:-1.072286;-1.492437:-1.053853;-1.548507:-1.039309
sigma3_hotel_seed42,tril,HOTEL:biwi_hotel:223:10070,HOTEL,biwi_hotel,biwi_hotel:223,10070,3,2.99240779876709,5.4825053215026855,1.2539936304092407,1.143952488899231,0.6486924290657043,1.2663202285766602,1.75,1.44:3.69;1.63:3.22;1.65:2.78;1.62:2.32;1.65:1.87;1.71:1.44;1.63:1.04;1.67:0.54,1.68:0.06;1.61:-0.44;1.62:-0.91;1.65:-1.37;1.65:-1.86;1.72:-2.35;1.83:-2.77;1.88:-3.23;1.93:-3.67;2.01:-4.16;2.01:-4.67;1.95:-5.25,1.837579:0.5080153;1.872266:0.4291326;1.945765:0.5699417;2.08259:0.4021993;1.99743:0.366367;2.029:0.5034927;2.000994:0.7922964;1.975425:0.2721713;1.890257:0.2372245;1.724245:0.3102154;1.750072:0.4473033;1.661707:0.2249202
sigma3_hotel_seed42,tril,HOTEL:biwi_hotel:224:10070,HOTEL,biwi_hotel,biwi_hotel:224,10070,3,3.465426445007324,6.350793361663818,1.3557746410369873,1.1116251945495605,0.8272296190261841,1.7006289958953857,1.875,0.5:4.18;0.55:3.77;0.71:3.4;0.74:2.98;0.73:2.54;0.92:2.13;0.95:1.69;0.9:1.15,1.03:0.73;1.07:0.29;0.98:-0.26;1.08:-0.71;1.19:-1.15;1.14:-1.78;1.19:-2.21;1.4:-2.62;1.41:-3.07;1.41:-3.53;1.55:-4.03;1.42:-4.53,0.7689832:1.133168;0.5479593:1.075482;0.3579206:1.189619;0.235075:1.101156;-0.06925499:1.050719;-0.265606:1.167341;-0.5236033:1.454037;-0.7531135:0.9989827;-1.046479:1.002748;-1.396789:1.045511;-1.582449:1.150605;-1.821208:0.9314232
sigma3_hotel_seed42,tril,HOTEL:biwi_hotel:223:10080,HOTEL,biwi_hotel,biwi_hotel:223,10080,3,3.0122556686401367,5.549472808837891,1.2002604007720947,1.134364128112793,0.5064307451248169,0.9865738749504089,1.875,1.63:3.22;1.65:2.78;1.62:2.32;1.65:1.87;1.71:1.44;1.63:1.04;1.67:0.54;1.68:0.06,1.61:-0.44;1.62:-0.91;1.65:-1.37;1.65:-1.86;1.72:-2.35;1.83:-2.77;1.88:-3.23;1.93:-3.67;2.01:-4.16;2.01:-4.67;1.95:-5.25;1.9:-5.74,1.805501:0.03007148;1.811743:-0.03902313;1.856058:0.08808561;1.958535:-0.06040082;1.859888:-0.09407674;1.866198:0.03367415;1.820299:0.3075243;1.775718:-0.1714769;1.673049:-0.2033587;1.504796:-0.1346216;1.503914:-0.009232078;1.409972:-0.2122043
sigma3_hotel_seed42,tril,HOTEL:biwi_hotel:224:10080,HOTEL,biwi_hotel,biwi_hotel:224,10080,3,3.0635173320770264,5.568790912628174,1.0991474390029907,1.1211328506469727,0.9306526184082031,1.8063323497772217,2.125,0.55:3.77;0.71:3.4;0.74:2.98;0.73:2.54;0.92:2.13;0.95:1.69;0.9:1.15;1.03:0.73,1.07:0.29;0.98:-0.26;1.08:-0.71;1.19:-1.15;1.14:-1.78;1.19:-2.21;1.4:-2.62;1.41:-3.07;1.41:-3.53;1.55:-4.03;1.42:-4.53;1.25:-5.05,1.272604:0.6968701;1.396507:0.6321023;1.556222:0.7457325;1.753979:0.597577;1.764548:0.5643995;1.879929:0.6875204;1.942034:0.9303547;1.98634:0.4878182;2.005069:0.4421911;1.940737:0.5201795;2.024484:0.6373143;1.992891:0.4690164
sigma3_hotel_seed42,tril,HOTEL:biwi_hotel:226:10080,HOTEL,biwi_hotel,biwi_hotel:226,10080,3,3.1649978160858154,5.978504180908203,1.2562344074249268,1.2564935684204102,0.4330354630947113,0.6515272259712219,0.0,1.62:-9.94;1.72:-9.5;1.71:-8.99;1.7:-8.5;1.64:-8.02;1.5:-7.49;1.45:-6.96;1.4:-6.46,1.31:-5.96;1.27:-5.46;1.21:-4.99;1.12:-4.52;1.1:-4.04;0.97:-3.58;0.85:-3.14;0.76:-2.65;0.67:-2.19;0.67:-1.75;0.74:-1.28;0.81:-0.75,1.328363:-6.480251;1.174482:-6.518903;1.056618:-6.43113;0.988206:-6.508874;0.7848939:-6.541035;0.653649:-6.447329;0.4818749:-6.208188;0.3264591:-6.568988;0.1108394:-6.57996;-0.1289375:-6.534209;-0.2597145:-6.444812;-0.4158171:-6.601486
sigma3_hotel_seed42,tril,HOTEL:biwi_hotel:223:10090,HOTEL,biwi_hotel,biwi_hotel:223,10090,3,3.4758148193359375,6.406122207641602,1.262190580368042,1.1573718786239624,0.5362333059310913,1.0359516143798828,2.125,1.65:2.78;1.62:2.32;1.65:1.87;1.71:1.44;1.63:1.04;1.67:0.54;1.68:0.06;1.61:-0.44,1.62:-0.91;1.65:-1.37;1.65:-1.86;1.72:-2.35;1.83:-2.77;1.88:-3.23;1.93:-3.67;2.01:-4.16;2.01:-4.67;1.95:-5.25;1.9:-5.74;1.86:-6.25,1.453281:-0.4536794;1.222766:-0.4949718;1.019077:-0.4047798;0.8678012:-0.4635938;0.5769788:-0.5115441;0.3743079:-0.4124586;0.1178939:-0.1559698;-0.1122141:-0.53893;-0.3928636:-0.5339881;-0.7224637:-0.4995156;-0.9175388:-0.4135196;-1.150241:-0.5951926
sigma3_hotel_seed42,tril,HOTEL:biwi_hotel:224:10090,HOTEL,biwi_hotel,biwi_hotel:224,10090,3,3.2024290561676025,5.819814205169678,1.1045360565185547,1.134954810142517,0.8816021680831909,1.679002046585083,2.25,0.71:3.4;0.74:2.98;0.73:2.54;0.92:2.13;0.95:1.69;0.9:1.15;1.03:0.73;1.07:0.29,0.98:-0.26;1.08:-0.71;1.19:-1.15;1.14:-1.78;1.19:-2.21;1.4:-2.62;1.41:-3.07;1.41:-3.53;1.55:-4.03;1.42:-4.53;1.25:-5.05;1.36:-5.5,1.074784:0.2659941;0.9804607:0.2271547;0.9315352:0.3174039;0.9231818:0.2258762;0.7750072:0.1929565;0.7069279:0.2952298;0.5976257:0.5153412;0.4879322:0.1637567;0.3371255:0.1423925;0.1534196:0.1983423;0.06871188:0.2872407;-0.05166376:0.1460107
sigma3_hotel_seed42,tril,HOTEL:biwi_hotel:226:10090,HOTEL,biwi_hotel,biwi_hotel:226,10090,3,3.149141311645508,5.961672306060791,1.27008855342865,1.2767845392227173,0.33888542652130127,0.48686957359313965,0.0,1.72:-9.5;1.71:-8.99;1.7:-8.5;1.64:-8.02;1.5:-7.49;1.45:-6.96;1.4:-6.46;1.31:-5.96,1.27:-5.46;1.21:-4.99;1.12:-4.52;1.1:-4.04;0.97:-3.58;0.85:-3.14;0.76:-2.65;0.67:-2.19;0.67:-1.75;0.74:-1.28;0.81:-0.75;0.96:-0.34,1.223052:-5.978846;1.063669:-6.015387;0.9355521:-5.933179;0.8547541:-6.003176;0.6473411:-6.035059;0.5069551:-5.945555;0.3283753:-5.706531;0.1669842:-6.059321;-0.05479074:-6.069039;-0.2988902:-6.026387;-0.4370542:-5.940432;-0.5982695:-6.094419
sigma3_hotel_seed42,tril,HOTEL:biwi_hotel:223:10100,HOTEL,biwi_hotel,biwi_hotel:223,10100,3,3.0527451038360596,5.707848072052002,1.175265908241272,1.1606323719024658,0.5618712306022644,1.0646276473999023,2.375,1.62:2.32;1.65:1.87;1.71:1.44;1.63:1.04;1.67:0.54;1.68:0.06;1.61:-0.44;1.62:-0.91,1.65:-1.37;1.65:-1.86;1.72:-2.35;1.83:-2.77;1.88:-3.23;1.93:-3.67;2.01:-4.16;2.01:-4.67;1.95:-5.25;1.9:-5.74;1.86:-6.25;1.91:-6.77,1.685902:-0.9374084;1.651638:-0.9997635;1.652815:-0.8842601;1.710168:-1.014053;1.58015:-1.046775;1.546274:-0.9259967;1.467448:-0.6577201;1.389286:-1.110581;1.249954:-1.137629;1.062706:-1.072832;1.021061:-0.9574329;0.9094331:-1.150534
sigma3_hotel_seed42,tril,HOTEL:biwi_hotel:224:10100,HOTEL,biwi_hotel,biwi_hotel:224,10100,3,3.5798962116241455,6.4614176750183105,1.3932874202728271,1.183613657951355,1.012406826019287,1.8378299474716187,2.375,0.74:2.98;0.73:2.54;0.92:2.13;0.95:1.69;0.9:1.15;1.03:0.73;1.07:0.29;0.98:-0.26,1.08:-0.71;1.19:-1.15;1.14:-1.78;1.19:-2.21;1.4:-2.62;1.41:-3.07;1.41:-3.53;1.55:-4.03;1.42:-4.53;1.25:-5.05;1.36:-5.5;1.37:-5.96,0.8185902:-0.2743807;0.5728046:-0.3316571;0.3536925:-0.2187604;0.2021512:-0.2985362;-0.1292236:-0.3534226;-0.3498042:-0.2366599;-0.6348399:0.05417949;-0.8879166:-0.4026456;-1.201957:-0.3933425;-1.579607:-0.355066;-1.786436:-0.2522324;-2.04892:-0.4772178
sigma3_hotel_seed42,tril,HOTEL:biwi_hotel:226:10100,HOTEL,biwi_hotel,biwi_hotel:226,10100,3,3.104078531265259,5.942420959472656,1.2539936304092407,1.2737486362457275,0.37013542652130127,0.5843325257301331,0.0,1.71:-8.99;1.7:-8.5;1.64:-8.02;1.5:-7.49;1.45:-6.96;1.4:-6.46;1.31:-5.96;1.27:-5.46,1.21:-4.99;1.12:-4.52;1.1:-4.04;0.97:-3.58;0.85:-3.14;0.76:-2.65;0.67:-2.19;0.67:-1.75;0.74:-1.28;0.81:-0.75;0.96:-0.34;1.12:0.22,1.252679:-5.483437;1.151193:-5.525614;1.087926:-5.434772;1.071663:-5.526504;0.9096709:-5.556346;0.8233273:-5.455167;0.7009698:-5.219388;0.5820132:-5.588249;0.406893:-5.607512;0.2089643:-5.552425;0.1131831:-5.459631;-0.01292646:-5.613425
sigma3_hotel_seed42,tril,HOTEL:biwi_hotel:223:10110,HOTEL,biwi_hotel,biwi_hotel:223,10110,3,3.0383758544921875,5.633291244506836,1.1524430513381958,1.1641960144042969,0.5476057529449463,1.0364078283309937,2.625,1.65:1.87;1.71:1.44;1.63:1.04;1.67:0.54;1.68:0.06;1.61:-0.44;1.62:-0.91;1.65:-1.37,1.65:-1.86;1.72:-2.35;1.83:-2.77;1.88:-3.23;1.93:-3.67;2.01:-4.16;2.01:-4.67;1.95:-5.25;1.9:-5.74;1.86:-6.25;1.91:-6.77;1.92:-7.24,1.796925:-1.400139;1.828483:-1.461251;1.898801:-1.345665;2.016576:-1.485765;1.952159:-1.51707;1.984091:-1.395037;1.96959:-1.143295;1.947821:-1.582625;1.880191:-1.618968;1.750187:-1.54965;1.766826:-1.433532;1.695103:-1.611199
sigma3_hotel_seed42,tril,HOTEL:biwi_hotel:224:10110,HOTEL,biwi_hotel,biwi_hotel:224,10110,3,3.027956008911133,5.5442891120910645,1.1524430513381958,1.1910649538040161,1.0253981351852417,1.7620209455490112,2.625,0.73:2.54;0.92:2.13;0.95:1.69;0.9:1.15;1.03:0.73;1.07:0.29;0.98:-0.26;1.08:-0.71,1.19:-1.15;1.14:-1.78;1.19:-2.21;1.4:-2.62;1.41:-3.07;1.41:-3.53;1.55:-4.03;1.42:-4.53;1.25:-5.05;1.36:-5.5;1.37:-5.96;1.19:-6.51,1.316184:-0.7438883;1.408954:-0.8152056;1.544579:-0.6824461;1.730453:-0.8492526;1.711482:-0.8832355;1.804688:-0.7499902;1.83934:-0.490849;1.866797:-0.9690323;1.85554:-1.011864;1.754085:-0.9357598;1.83046:-0.8053612;1.78358:-0.9975778
sigma3_hotel_seed42,tril,HOTEL:biwi_hotel:226:10110,HOTEL,biwi_hotel,biwi_hotel:226,10110,3,3.1369669437408447,6.105990886688232,1.1845357418060303,1.267931580543518,0.3545784652233124,0.5275256633758545,0.0,1.7:-8.5;1.64:-8.02;1.5:-7.49;1.45:-6.96;1.4:-6.46;1.31:-5.96;1.27:-5.46;1.21:-4.99,1.12:-4.52;1.1:-4.04;0.97:-3.58;0.85:-3.14;0.76:-2.65;0.67:-2.19;0.67:-1.75;0.74:-1.28;0.81:-0.75;0.96:-0.34;1.12:0.22;1.25:0.73,1.130099:-5.009004;0.9745466:-5.038694;0.8541979:-4.96354;0.7750788:-5.026534;0.5832834:-5.056983;0.4531573:-4.972655;0.2865232:-4.751518;0.134455:-5.072139;-0.07008231:-5.083263;-0.2939945:-5.041079;-0.4265153:-4.961872;-0.5756583:-5.096671
sigma3_hotel_seed42,tril,HOTEL:biwi_hotel:227:10110,HOTEL,biwi_hotel,biwi_hotel:227,10110,3,3.352717399597168,6.0475592613220215,1.068877935409546,1.2672624588012695,0.7306028008460999,1.238062858581543,2.125,1.72:3.87;1.8:3.32;1.83:2.82;2.02:2.31;2.09:1.82;2.02:1.31;2.03:0.8;1.95:0.38,1.85:-0.03;1.95:-0.51;2.01:-1.01;2.03:-1.53;2.18:-2.01;2.24:-2.44;2.19:-2.89;2.18:-3.29;2.16:-3.75;2.05:-4.24;1.97:-4.65;1.96:-5.16,1.795144:0.3675877;1.561713:0.3498538;1.364842:0.4135639;1.198266:0.3849819;0.9436966:0.3392494;0.7591093:0.4195872;0.5253314:0.6186797;0.3102905:0.3437405;0.07344258:0.3463411;-0.2056:0.3757007;-0.3967066:0.4362344;-0.6047413:0.3167763
sigma3_hotel_seed42,tril,HOTEL:biwi_hotel:223:10120,HOTEL,biwi_hotel,biwi_hotel:223,10120,3,3.2907865047454834,6.045627593994141,1.225000023841858,1.1841367483139038,0.4426559805870056,0.7654977440834045,2.75,1.71:1.44;1.63:1.04;1.67:0.54;1.68:0.06;1.61:-0.44;1.62:-0.91;1.65:-1.37;1.65:-1.86,1.72:-2.35;1.83:-2.77;1.88:-3.23;1.93:-3.67;2.01:-4.16;2.01:-4.67;1.95:-5.25;1.9:-5.74;1.86:-6.25;1.91:-6.77;1.92:-7.24;1.85:-7.72,1.592407:-1.88231;1.433153:-1.93387;1.316003:-1.824719;1.260442:-1.924596;1.03362:-1.962403;0.9009156:-1.85218;0.7166119:-1.59105;0.5514971:-2.009341;0.321018:-2.018585;0.05346572:-1.966641;-0.0778079:-1.862634;-0.2492119:-2.050527
sigma3_hotel_seed42,tril,HOTEL:biwi_hotel:224:10120,HOTEL,biwi_hotel,biwi_hotel:224,10120,3,3.0931990146636963,5.643585681915283,1.1338540315628052,1.1916567087173462,0.8705584406852722,1.422453761100769,2.75,0.92:2.13;0.95:1.69;0.9:1.15;1.03:0.73;1.07:0.29;0.98:-0.26;1.08:-0.71;1.19:-1.15,1.14:-1.78;1.19:-2.21;1.4:-2.62;1.41:-3.07;1.41:-3.53;1.55:-4.03;1.42:-4.53;1.25:-5.05;1.36:-5.5;1.37:-5.96;1.19:-6.51;1.19:-7.01,1.383118:-1.181609;1.45551:-1.241274;1.568122:-1.127935;1.721205:-1.271883;1.696599:-1.302709;1.768337:-1.180012;1.793938:-0.9402183;1.804761:-1.367593;1.781123:-1.409865;1.688044:-1.337225;1.73718:-1.222759;1.68907:-1.388525
sigma3_hotel_seed42,tril,HOTEL:biwi_hotel:226:10120,HOTEL,biwi_hotel,biwi_hotel:226,10120,3,3.1951701641082764,6.278520584106445,1.1963486671447754,1.266075849533081,0.28755784034729004,0.4558546841144562,0.0,1.64:-8.02;1.5:-7.49;1.45:-6.96;1.4:-6.46;1.31:-5.96;1.27:-5.46;1.21:-4.99;1.12:-4.52,1.1:-4.04;0.97:-3.58;0.85:-3.14;0.76:-2.65;0.67:-2.19;0.67:-1.75;0.74:-1.28;0.81:-0.75;0.96:-0.34;1.12:0.22;1.25:0.73;1.45:1.21,1.013844:-4.536747;0.8433946:-4.564702;0.7019199:-4.494797;0.6000462:-4.547802;0.3932689:-4.579753;0.2447261:-4.498935;0.06077874:-4.27533;-0.106495:-4.591031;-0.3257279:-4.598935;-0.5653123:-4.561369;-0.7131591:-4.485875;-0.8768524:-4.62143
sigma3_hotel_seed42,tril,HOTEL:biwi_hotel:227:10120,HOTEL,biwi_hotel,biwi_hotel:227,10120,3,3.455947160720825,6.097940444946289,1.0550473928451538,1.2194879055023193,0.6802382469177246,1.204559564590454,2.375,1.8:3.32;1.83:2.82;2.02:2.31;2.09:1.82;2.02:1.31;2.03:0.8;1.95:0.38;1.85:-0.03,1.95:-0.51;2.01:-1.01;2.03:-1.53;2.18:-2.01;2.24:-2.44;2.19:-2.89;2.18:-3.29;2.16:-3.75;2.05:-4.24;1.97:-4.65;1.96:-5.16;1.89:-5.6,1.681658:-0.04125037;1.454498:-0.059746;1.253543:-0.001511533;1.083524:-0.02555412;0.8308098:-0.06769306;0.6384963:0.007398253;0.4037797:0.2165078;0.1893911:-0.06319714;-0.05659246:-0.06070472;-0.3371104:-0.03403986;-0.5301272:0.02649512;-0.7376858:-0.09726042
sigma3_hotel_seed42,tril,HOTEL:biwi_hotel:223:10130,HOTEL,biwi_hotel,biwi_hotel:223,10130,3,3.0156280994415283,5.549871444702148,1.2374368906021118,1.2152272462844849,0.35285910964012146,0.6301692724227905,2.75,1.63:1.04;1.67:0.54;1.68:0.06;1.61:-0.44;1.62:-0.91;1.65:-1.37;1.65:-1.86;1.72:-2.35,1.83:-2.77;1.88:-3.23;1.93:-3.67;2.01:-4.16;2.01:-4.67;1.95:-5.25;1.9:-5.74;1.86:-6.25;1.91:-6.77;1.92:-7.24;1.85:-7.72;1.84:-8.19,1.900876:-2.382072;1.953374:-2.455252;2.043716:-2.322462;2.19165:-2.483944;2.130666:-2.516903;2.178516:-2.384919;2.171894:-2.10994;2.163893:-2.602282;2.1015:-2.639458;1.962119:-2.566642;2.001237:-2.435026;1.930148:-2.640861
sigma3_hotel_seed42,tril,HOTEL:biwi_hotel:224:10130,HOTEL,biwi_hotel,biwi_hotel:224,10130,3,3.45375919342041,6.341058254241943,1.5799524784088135,1.2598564624786377,0.9959046840667725,1.5862257480621338,2.625,0.95:1.69;0.9:1.15;1.03:0.73;1.07:0.29;0.98:-0.26;1.08:-0.71;1.19:-1.15;1.14:-1.78,1.19:-2.21;1.4:-2.62;1.41:-3.07;1.41:-3.53;1.55:-4.03;1.42:-4.53;1.25:-5.05;1.36:-5.5;1.37:-5.96;1.19:-6.51;1.19:-7.01;1.29:-7.46,0.9941258:-1.796908;0.7396002:-1.872975;0.5166458:-1.726703;0.3830419:-1.840452;0.01466107:-1.901294;-0.2147589:-1.758364;-0.5190387:-1.431119;-0.7852517:-1.973825;-1.127007:-1.960105;-1.548927:-1.914364;-1.75517:-1.787046;-2.03863:-2.062848
sigma3_hotel_seed42,tril,HOTEL:biwi_hotel:226:10130,HOTEL,biwi_hotel,biwi_hotel:226,10130,3,3.1487982273101807,6.04390811920166,1.2010412216186523,1.2418750524520874,0.2674647867679596,0.439220130443573,0.125,1.5:-7.49;1.45:-6.96;1.4:-6.46;1.31:-5.96;1.27:-5.46;1.21:-4.99;1.12:-4.52;1.1:-4.04,0.97:-3.58;0.85:-3.14;0.76:-2.65;0.67:-2.19;0.67:-1.75;0.74:-1.28;0.81:-0.75;0.96:-0.34;1.12:0.22;1.25:0.73;1.45:1.21;1.58:1.69,1.124689:-4.064869;1.06998:-4.109641;1.04993:-4.019197;1.072736:-4.118611;0.9466102:-4.147121;0.8961998:-4.041968;0.8140729:-3.80671;0.7255976:-4.181743;0.5856122:-4.207515;0.4195853:-4.147695;0.3542014:-4.053281;0.2492071:-4.205575
sigma3_hotel_seed42,tril,HOTEL:biwi_hotel:227:10130,HOTEL,biwi_hotel,biwi_hotel:227,10130,3,2.964479684829712,5.317531108856201,1.2257651090621948,1.2157046794891357,0.7339715957641602,1.3524945974349976,2.5,1.83:2.82;2.02:2.31;2.09:1.82;2.02:1.31;2.03:0.8;1.95:0.38;1.85:-0.03;1.95:-0.51,2.01:-1.01;2.03:-1.53;2.18:-2.01;2.24:-2.44;2.19:-2.89;2.18:-3.29;2.16:-3.75;2.05:-4.24;1.97:-4.65;1.96:-5.16;1.89:-5.6;1.76:-6.07,2.196896:-0.5447116;2.289702:-0.622703;2.426776:-0.4792426;2.620292:-0.6573052;2.593543:-0.6935204;2.687928:-0.5543459;2.716999:-0.282191;2.743649:-0.7907907;2.727515:-0.8328646;2.61182:-0.755532;2.693181:-0.6167532;2.639846:-0.8257639
sigma3_hotel_seed42,tril,HOTEL:biwi_hotel:223:10140,HOTEL,biwi_hotel,biwi_hotel:223,10140,3,3.1308252811431885,5.733481407165527,1.0854146480560303,1.1911444664001465,0.39928314089775085,0.6854239106178284,2.75,1.67:0.54;1.68:0.06;1.61:-0.44;1.62:-0.91;1.65:-1.37;1.65:-1.86;1.72:-2.35;1.83:-2.77,1.88:-3.23;1.93:-3.67;2.01:-4.16;2.01:-4.67;1.95:-5.25;1.9:-5.74;1.86:-6.25;1.91:-6.77;1.92:-7.24;1.85:-7.72;1.84:-8.19;1.86:-8.71,2.011236:-2.800957;2.082349:-2.857518;2.190772:-2.750364;2.337837:-2.887384;2.314186:-2.916258;2.380866:-2.797118;2.406748:-2.561132;2.415896:-2.974724;2.389428:-3.01659;2.30143:-2.944714;2.344875:-2.834221;2.299112:-2.993359
sigma3_hotel_seed42,tril,HOTEL:biwi_hotel:224:10140,HOTEL,biwi_hotel,biwi_hotel:224,10140,3,2.9738194942474365,5.530091285705566,1.0822430849075317,1.2207804918289185,1.0034815073013306,1.388683557510376,2.625,0.9:1.15;1.03:0.73;1.07:0.29;0.98:-0.26;1.08:-0.71;1.19:-1.15;1.14:-1.78;1.19:-2.21,1.4:-2.62;1.41:-3.07;1.41:-3.53;1.55:-4.03;1.42:-4.53;1.25:-5.05;1.36:-5.5;1.37:-5.96;1.19:-6.51;1.19:-7.01;1.29:-7.46;1.16:-7.98,1.372996:-2.241533;1.435361:-2.305387;1.536136:-2.186283;1.683833:-2.334828;1.644197:-2.365664;1.703408:-2.240765;1.714973:-1.988146;1.717071:-2.43642;1.675778:-2.476362;1.564942:-2.40425;1.607566:-2.284183;1.550785:-2.463733
sigma3_hotel_seed42,tril,HOTEL:biwi_hotel:227:10140,HOTEL,biwi_hotel,biwi_hotel:227,10140,3,2.9041748046875,5.183119297027588,1.2589678764343262,1.201184868812561,0.6538320779800415,1.2237379550933838,2.5,2.02:2.31;2.09:1.82;2.02:1.31;2.03:0.8;1.95:0.38;1.85:-0.03;1.95:-0.51;2.01:-1.01,2.03:-1.53;2.18:-2.01;2.24:-2.44;2.19:-2.89;2.18:-3.29;2.16:-3.75;2.05:-4.24;1.97:-4.65;1.96:-5.16;1.89:-5.6;1.76:-6.07;1.78:-6.48,2.209934:-1.043076;2.268279:-1.120969;2.367408:-0.9794481;2.52735:-1.151039;2.467593:-1.186189;2.524623:-1.049283;2.520412:-0.7678144;2.517752:-1.280783;2.461106:-1.318509;2.316832:-1.244341;2.366605:-1.106462;2.2944:-1.32247
sigma3_hotel_seed42,tril,HOTEL:biwi_hotel:223:10150,HOTEL,biwi_hotel,biwi_hotel:223,10150,3,3.1783809661865234,5.7820634841918945,1.156773567199707,1.1849321126937866,0.38850075006484985,0.6733784675598145,2.875,1.68:0.06;1.61:-0.44;1.62:-0.91;1.65:-1.37;1.65:-1.86;1.72:-2.35;1.83:-2.77;1.88:-3.23,1.93:-3.67;2.01:-4.16;2.01:-4.67;1.95:-5.25;1.9:-5.74;1.86:-6.25;1.91:-6.77;1.92:-7.24;1.85:-7.72;1.84:-8.19;1.86:-8.71;1.77:-9.18,1.932135:-3.256418;1.887025:-3.309954;1.879644:-3.204961;1.921676:-3.321162;1.794782:-3.352944;1.756514:-3.239289;1.676534:-2.989788;1.595032:-3.403436;1.460109:-3.429716;1.283465:-3.367416;1.233407:-3.261894;1.125145:-3.434009
sigma3_hotel_seed42,tril,HOTEL:biwi_hotel:224:10150,HOTEL,biwi_hotel,biwi_hotel:224,10150,3,3.187694549560547,5.773149013519287,1.1516293287277222,1.2282779216766357,1.0754082202911377,1.5367690324783325,2.625,1.03:0.73;1.07:0.29;0.98:-0.26;1.08:-0.71;1.19:-1.15;1.14:-1.78;1.19:-2.21;1.4:-2.62,1.41:-3.07;1.41:-3.53;1.55:-4.03;1.42:-4.53;1.25:-5.05;1.36:-5.5;1.37:-5.96;1.19:-6.51;1.19:-7.01;1.29:-7.46;1.16:-7.98;1.13:-8.44,1.665613:-2.653824;1.803838:-2.71244;1.981371:-2.604363;2.190881:-2.750847;2.231871:-2.779692;2.366999:-2.664838;2.450272:-2.437272;2.517272:-2.851471;2.562022:-2.901372;2.52453:-2.825883;2.629269:-2.712322;2.619301:-2.862255
sigma3_hotel_seed42,tril,HOTEL:biwi_hotel:227:10150,HOTEL,biwi_hotel,biwi_hotel:227,10150,3,3.0326833724975586,5.495168209075928,1.3009611368179321,1.2102597951889038,0.5531029105186462,1.0264246463775635,2.625,2.09:1.82;2.02:1.31;2.03:0.8;1.95:0.38;1.85:-0.03;1.95:-0.51;2.01:-1.01;2.03:-1.53,2.18:-2.01;2.24:-2.44;2.19:-2.89;2.18:-3.29;2.16:-3.75;2.05:-4.24;1.97:-4.65;1.96:-5.16;1.89:-5.6;1.76:-6.07;1.78:-6.48;1.78:-6.95,1.964775:-1.552264;1.801346:-1.613297;1.675067:-1.493934;1.619069:-1.604187;1.371883:-1.643807;1.226443:-1.526109;1.027103:-1.240705;0.8505235:-1.703272;0.5975667:-1.710665;0.3035439:-1.65773;0.1658486:-1.544068;-0.02084899:-1.758293
sigma3_hotel_seed42,tril,HOTEL:biwi_hotel:227:10160,HOTEL,biwi_hotel,biwi_hotel:227,10160,3,2.8786354064941406,5.245263576507568,1.2572290897369385,1.2060133218765259,0.6114515662193298,1.1348589658737183,2.625,2.02:1.31;2.03:0.8;1.95:0.38;1.85:-0.03;1.95:-0.51;2.01:-1.01;2.03:-1.53;2.18:-2.01,2.24:-2.44;2.19:-2.89;2.18:-3.29;2.16:-3.75;2.05:-4.24;1.97:-4.65;1.96:-5.16;1.89:-5.6;1.76:-6.07;1.78:-6.48;1.78:-6.95;1.65:-7.47,2.378894:-2.041912;2.471329:-2.120358;2.59526:-1.991439;2.769815:-2.146436;2.712368:-2.191308;2.788129:-2.04479;2.806475:-1.772083;2.800179:-2.277027;2.766513:-2.313544;2.643459:-2.228534;2.682206:-2.103328;2.601627:-2.311784
sigma3_hotel_seed42,tril,HOTEL:biwi_hotel:227:10170,HOTEL,biwi_hotel,biwi_hotel:227,10170,3,2.9017438888549805,5.367308139801025,1.0854146480560303,1.1788947582244873,0.5861152410507202,1.0912772417068481,2.75,2.03:0.8;1.95:0.38;1.85:-0.03;1.95:-0.51;2.01:-1.01;2.03:-1.53;2.18:-2.01;2.24:-2.44,2.19:-2.89;2.18:-3.29;2.16:-3.75;2.05:-4.24;1.97:-4.65;1.96:-5.16;1.89:-5.6;1.76:-6.07;1.78:-6.48;1.78:-6.95;1.65:-7.47;1.64:-7.98,2.351566:-2.468203;2.365666:-2.518548;2.416688:-2.419728;2.507108:-2.539185;2.439049:-2.567823;2.453959:-2.455568;2.432238:-2.222346;2.398023:-2.614514;2.322363:-2.649569;2.20112:-2.583416;2.196024:-2.481119;2.124574:-2.63461
sigma3_hotel_seed42,tril,HOTEL:biwi_hotel:227:10180,HOTEL,biwi_hotel,biwi_hotel:227,10180,3,3.0804710388183594,5.848586559295654,1.1319231986999512,1.1879011392593384,0.6792846918106079,1.2895641326904297,2.875,1.95:0.38;1.85:-0.03;1.95:-0.51;2.01:-1.01;2.03:-1.53;2.18:-2.01;2.24:-2.44;2.19:-2.89,2.18:-3.29;2.16:-3.75;2.05:-4.24;1.97:-4.65;1.96:-5.16;1.89:-5.6;1.76:-6.07;1.78:-6.48;1.78:-6.95;1.65:-7.47;1.64:-7.98;1.68:-8.56,2.060855:-2.905019;1.86108:-2.933184;1.692272:-2.860683;1.563136:-2.908234;1.325864:-2.947574;1.157095:-2.86316;0.9445045:-2.639422;0.751169:-2.958682;0.5149288:-2.961066;0.2460459:-2.926052;0.07660079:-2.852504;-0.1137218:-2.993267
sigma3_hotel_seed42,tril,HOTEL:biwi_hotel:230:10260,HOTEL,biwi_hotel,biwi_hotel:230,10260,3,4.1266069412231445,7.735246181488037,1.53235924243927,1.4539111852645874,0.47761180996894836,0.6445220112800598,1.625,0.93:-9.76;0.76:-9.2;0.63:-8.65;0.58:-8.08;0.45:-7.48;0.41:-6.95;0.41:-6.36;0.35:-5.75,0.43:-5.1;0.52:-4.55;0.56:-3.91;0.73:-3.38;0.79:-2.81;0.84:-2.26;0.94:-1.72;0.95:-1.14;1.02:-0.6;1.13:-0.06;1.19:0.53;1.34:1.07,0.2816052:-5.772262;0.1048231:-5.83603;-0.03137717:-5.709112;-0.09345421:-5.823643;-0.357965:-5.867429;-0.5107832:-5.743126;-0.723272:-5.454044;-0.9110161:-5.92992;-1.172621:-5.934217;-1.483843:-5.880554;-1.628466:-5.763462;-1.827743:-5.986871
sigma3_hotel_seed42,tril,HOTEL:biwi_hotel:231:10260,HOTEL,biwi_hotel,biwi_hotel:231,10260,3,2.4862213134765625,4.488389015197754,0.9055384993553162,0.9900921583175659,0.4452448785305023,0.8372999429702759,2.125,2.75:-9.51;2.86:-9.17;2.92:-8.79;2.95:-8.32;3.05:-7.92;3.11:-7.53;3.1:-7.14;3.14:-6.78,3.16:-6.41;3.1:-5.96;3.06:-5.59;3.09:-5.22;3.05:-4.82;2.98:-4.46;3.08:-4.1;3.05:-3.75;3:-3.38;3.06:-3.06;3.15:-2.74;3.15:-2.36,3.182408:-6.803932;3.173542:-6.822102;3.197045:-6.773381;3.233507:-6.837243;3.187378:-6.854609;3.179839:-6.775293;3.164005:-6.600836;3.121261:-6.849431;3.050398:-6.885664;2.980842:-6.828386;2.940011:-6.765217;2.891135:-6.840918
sigma3_hotel_seed42,tril,HOTEL:biwi_hotel:232:10260,HOTEL,biwi_hotel,biwi_hotel:232,10260,3,2.6414084434509277,4.74252462387085,0.9552486538887024,1.0463194847106934,0.5405099391937256,1.1228439807891846,1.5,3.52:-10.01;3.43:-9.55;3.44:-9.17;3.54:-8.78;3.56:-8.35;3.56:-7.92;3.63:-7.49;3.59:-7.11,3.65:-6.6;3.64:-6.25;3.71:-5.78;3.64:-5.35;3.63:-5.03;3.63:-4.68;3.64:-4.33;3.58:-3.97;3.48:-3.68;3.52:-3.34;3.64:-2.96;3.65:-2.58,3.538424:-7.130083;3.43257:-7.144073;3.358458:-7.096388;3.309004:-7.143546;3.192865:-7.158582;3.102907:-7.097648;2.996689:-6.909062;2.895924:-7.153996;2.742433:-7.17673;2.599247:-7.13578;2.501405:-7.072071;2.410942:-7.157802
sigma3_hotel_seed42,tril,HOTEL:biwi_hotel:233:10260,HOTEL,biwi_hotel,biwi_hotel:233,10260,3,0.04950949177145958,0.09131964296102524,0.0,0.0071428571827709675,0.0416666679084301,0.0,0.5,-1.11:-6.76;-1.11:-6.76;-1.11:-6.76;-1.11:-6.76;-1.09:-6.76;-1.09:-6.76;-1.09:-6.76;-1.09:-6.76,-1.09:-6.76;-1.09:-6.76;-1.09:-6.76;-1.09:-6.76;-1.09:-6.76;-1.09:-6.76;-1.09:-6.76;-1.09:-6.76;-1.09:-6.76;-1.09:-6.76;-1.09:-6.76;-1.09:-6.76,-1.096194:-6.760091;-1.102788:-6.76119;-1.113243:-6.761253;-1.117856:-6.758707;-1.132411:-6.76509;-1.136625:-6.759607;-1.147184:-6.759864;-1.160093:-6.768078;-1.155437:-6.763724;-1.163573:-6.762136;-1.166355:-6.761122;-1.181126:-6.765948
sigma3_hotel_seed42,tril,HOTEL:biwi_hotel:230:10270,HOTEL,biwi_hotel,biwi_hotel:230,10270,3,3.82806134223938,7.194073677062988,1.6372613906860352,1.4787932634353638,0.5863317251205444,0.8024020791053772,1.5,0.76:-9.2;0.63:-8.65;0.58:-8.08;0.45:-7.48;0.41:-6.95;0.41:-6.36;0.35:-5.75;0.43:-5.1,0.52:-4.55;0.56:-3.91;0.73:-3.38;0.79:-2.81;0.84:-2.26;0.94:-1.72;0.95:-1.14;1.02:-0.6;1.13:-0.06;1.19:0.53;1.34:1.07;1.45:1.61,0.5834568:-5.132352;0.5973589:-5.223813;0.646701:-5.064159;0.7775834:-5.248688;0.6576385:-5.284922;0.6634668:-5.140504;0.6029767:-4.816404;0.5606939:-5.398133;0.4355026:-5.427474;0.2241761:-5.355478;0.2413776:-5.200766;0.1329039:-5.462479
sigma3_hotel_seed42,tril,HOTEL:biwi_hotel:231:10270,HOTEL,biwi_hotel,biwi_hotel:231,10270,3,2.501528024673462,4.5633721351623535,0.9263503551483154,0.9948024153709412,0.4018380641937256,0.7376563549041748,2.125,2.86:-9.17;2.92:-8.79;2.95:-8.32;3.05:-7.92;3.11:-7.53;3.1:-7.14;3.14:-6.78;3.16:-6.41,3.1:-5.96;3.06:-5.59;3.09:-5.22;3.05:-4.82;2.98:-4.46;3.08:-4.1;3.05:-3.75;3:-3.38;3.06:-3.06;3.15:-2.74;3.15:-2.36;3.13:-2,3.150606:-6.43292;3.078845:-6.455013;3.04195:-6.396205;3.032936:-6.462174;2.934211:-6.478385;2.87364:-6.404542;2.795794:-6.208199;2.714962:-6.484131;2.582451:-6.511735;2.45494:-6.461936;2.380271:-6.389764;2.302406:-6.4877
sigma3_hotel_seed42,tril,HOTEL:biwi_hotel:232:10270,HOTEL,biwi_hotel,biwi_hotel:232,10270,3,2.5121288299560547,4.665093421936035,1.2837932109832764,1.0623178482055664,0.5779575109481812,1.1253085136413574,1.625,3.43:-9.55;3.44:-9.17;3.54:-8.78;3.56:-8.35;3.56:-7.92;3.63:-7.49;3.59:-7.11;3.65:-6.6,3.64:-6.25;3.71:-5.78;3.64:-5.35;3.63:-5.03;3.63:-4.68;3.64:-4.33;3.58:-3.97;3.48:-3.68;3.52:-3.34;3.64:-2.96;3.65:-2.58;3.65:-2.2,3.733108:-6.627932;3.724385:-6.690215;3.746821:-6.577818;3.823318:-6.709414;3.715579:-6.73873;3.697987:-6.61903;3.641703:-6.35096;3.581815:-6.801331;3.458777:-6.832056;3.291902:-6.765956;3.266367:-6.650434;3.170161:-6.840351
sigma3_hotel_seed42,tril,HOTEL:biwi_hotel:233:10270,HOTEL,biwi_hotel,biwi_hotel:233,10270,3,0.08570492267608643,0.1713889092206955,0.0,0.0071428571827709675,0.0416666679084301,0.0,0.5,-1.11:-6.76;-1.11:-6.76;-1.11:-6.76;-1.09:-6.76;-1.09:-6.76;-1.09:-6.76;-1.09:-6.76;-1.09:-6.76,-1.09:-6.76;-1.09:-6.76;-1.09:-6.76;-1.09:-6.76;-1.09:-6.76;-1.09:-6.76;-1.09:-6.76;-1.09:-6.76;-1.09:-6.76;-1.09:-6.76;-1.09:-6.76;-1.09:-6.76,-1.097871:-6.761703;-1.107865:-6.759362;-1.12309:-6.761163;-1.142566:-6.766445;-1.158715:-6.768968;-1.167227:-6.759262;-1.179791:-6.746181;-1.204694:-6.765524;-1.203184:-6.770529;-1.228076:-6.76208;-1.230988:-6.754303;-1.26138:-6.758268
sigma3_hotel_seed42,tril,HOTEL:biwi_hotel:230:10280,HOTEL,biwi_hotel,biwi_hotel:230,10280,3,3.799647569656372,7.060157775878906,1.3932874202728271,1.475993275642395,0.6051198840141296,0.6975313425064087,1.5,0.63:-8.65;0.58:-8.08;0.45:-7.48;0.41:-6.95;0.41:-6.36;0.35:-5.75;0.43:-5.1;0.52:-4.55,0.56:-3.91;0.73:-3.38;0.79:-2.81;0.84:-2.26;0.94:-1.72;0.95:-1.14;1.02:-0.6;1.13:-0.06;1.19:0.53;1.34:1.07;1.45:1.61;1.5:2.15,0.6654226:-4.580726;0.6965273:-4.652751;0.7617054:-4.524275;0.8860219:-4.67826;0.8040274:-4.710137;0.8263165:-4.580594;0.7991616:-4.30123;0.7710323:-4.791091;0.6818161:-4.825447;0.526764:-4.75443;0.5423232:-4.625562;0.459464:-4.833059
sigma3_hotel_seed42,tril,HOTEL:biwi_hotel:231:10280,HOTEL,biwi_hotel,biwi_hotel:231,10280,3,2.5231411457061768,4.79389762878418,1.1349560022354126,1.0195434093475342,0.42086800932884216,0.8313508033752441,2.125,2.92:-8.79;2.95:-8.32;3.05:-7.92;3.11:-7.53;3.1:-7.14;3.14:-6.78;3.16:-6.41;3.1:-5.96,3.06:-5.59;3.09:-5.22;3.05:-4.82;2.98:-4.46;3.08:-4.1;3.05:-3.75;3:-3.38;3.06:-3.06;3.15:-2.74;3.15:-2.36;3.13:-2;3.18:-1.6,3.030461:-5.979885;2.894299:-6.011971;2.789171:-5.938009;2.726076:-6.005898;2.550206:-6.031533;2.429159:-5.949434;2.27729:-5.720772;2.138665:-6.050931;1.938126:-6.066145;1.726801:-6.02261;1.605562:-5.940654;1.469405:-6.078317
sigma3_hotel_seed42,tril,HOTEL:biwi_hotel:232:10280,HOTEL,biwi_hotel,biwi_hotel:232,10280,3,2.4656336307525635,4.523804664611816,0.8753570914268494,1.051607608795166,0.6655498743057251,1.0462878942489624,1.625,3.44:-9.17;3.54:-8.78;3.56:-8.35;3.56:-7.92;3.63:-7.49;3.59:-7.11;3.65:-6.6;3.64:-6.25,3.71:-5.78;3.64:-5.35;3.63:-5.03;3.63:-4.68;3.64:-4.33;3.58:-3.97;3.48:-3.68;3.52:-3.34;3.64:-2.96;3.65:-2.58;3.65:-2.2;3.66:-1.81,3.640976:-6.27276;3.586891:-6.285007;3.567761:-6.2409;3.56569:-6.294401;3.498406:-6.306564;3.456087:-6.242755;3.403615:-6.069543;3.341897:-6.298565;3.237554:-6.330007;3.146662:-6.281264;3.083783:-6.220131;3.027925:-6.28943
sigma3_hotel_seed42,tril,HOTEL:biwi_hotel:233:10280,HOTEL,biwi_hotel,biwi_hotel:233,10280,3,0.13387972116470337,0.2744230628013611,0.0,0.0071428571827709675,0.0416666679084301,0.0,0.5,-1.11:-6.76;-1.11:-6.76;-1.09:-6.76;-1.09:-6.76;-1.09:-6.76;-1.09:-6.76;-1.09:-6.76;-1.09:-6.76,-1.09:-6.76;-1.09:-6.76;-1.09:-6.76;-1.09:-6.76;-1.09:-6.76;-1.09:-6.76;-1.09:-6.76;-1.09:-6.76;-1.09:-6.76;-1.09:-6.76;-1.09:-6.76;-1.09:-6.76,-1.101665:-6.761878;-1.119531:-6.758854;-1.139653:-6.758012;-1.167302:-6.769877;-1.191939:-6.767192;-1.207233:-6.755948;-1.227315:-6.74041;-1.26438:-6.763501;-1.271998:-6.773036;-1.307986:-6.756811;-1.319462:-6.743532;-1.363864:-6.742491
sigma3_hotel_seed42,tril,HOTEL:biwi_hotel:230:10290,HOTEL,biwi_hotel,biwi_hotel:230,10290,3,3.7627041339874268,7.115444183349609,1.6031219959259033,1.500657558441162,0.6233659982681274,0.6714380383491516,1.5,0.58:-8.08;0.45:-7.48;0.41:-6.95;0.41:-6.36;0.35:-5.75;0.43:-5.1;0.52:-4.55;0.56:-3.91,0.73:-3.38;0.79:-2.81;0.84:-2.26;0.94:-1.72;0.95:-1.14;1.02:-0.6;1.13:-0.06;1.19:0.53;1.34:1.07;1.45:1.61;1.5:2.15;1.65:2.67,0.6750316:-3.940651;0.6580889:-4.025617;0.6772739:-3.874384;0.7752519:-4.045239;0.6360646:-4.080904;0.6158311:-3.942566;0.5329252:-3.627388;0.4688029:-4.183146;0.3222244:-4.209314;0.09990284:-4.140994;0.09071887:-3.994329;-0.02838105:-4.244664
sigma3_hotel_seed42,tril,HOTEL:biwi_hotel:231:10290,HOTEL,biwi_hotel,biwi_hotel:231,10290,3,2.464843511581421,4.6058783531188965,0.9303897023200989,0.9842574596405029,0.4036462903022766,0.6749771237373352,2.125,2.95:-8.32;3.05:-7.92;3.11:-7.53;3.1:-7.14;3.14:-6.78;3.16:-6.41;3.1:-5.96;3.06:-5.59,3.09:-5.22;3.05:-4.82;2.98:-4.46;3.08:-4.1;3.05:-3.75;3:-3.38;3.06:-3.06;3.15:-2.74;3.15:-2.36;3.13:-2;3.18:-1.6;3.14:-1.25,2.993706:-5.60889;2.877189:-5.62274;2.789779:-5.576241;2.726951:-5.619027;2.598935:-5.635856;2.497628:-5.57542;2.37917:-5.384345;2.267692:-5.630322;2.104314:-5.650738;1.948821:-5.612014;1.841135:-5.549529;1.739903:-5.63792
sigma3_hotel_seed42,tril,HOTEL:biwi_hotel:232:10290,HOTEL,biwi_hotel,biwi_hotel:232,10290,3,2.430161237716675,4.605224609375,1.1879603862762451,1.0775246620178223,0.722611665725708,1.0181764364242554,1.625,3.54:-8.78;3.56:-8.35;3.56:-7.92;3.63:-7.49;3.59:-7.11;3.65:-6.6;3.64:-6.25;3.71:-5.78,3.64:-5.35;3.63:-5.03;3.63:-4.68;3.64:-4.33;3.58:-3.97;3.48:-3.68;3.52:-3.34;3.64:-2.96;3.65:-2.58;3.65:-2.2;3.66:-1.81;3.68:-1.37,3.810614:-5.807725;3.831811:-5.858477;3.883417:-5.764575;3.97383:-5.881092;3.907157:-5.90709;3.917546:-5.795835;3.899518:-5.557634;3.864283:-5.951235;3.781971:-5.987497;3.664625:-5.920592;3.654659:-5.819813;3.585221:-5.974249
sigma3_hotel_seed42,tril,HOTEL:biwi_hotel:233:10290,HOTEL,biwi_hotel,biwi_hotel:233,10290,3,0.138360396027565,0.3000656068325043,0.0,0.0071428571827709675,0.02083333395421505,0.0,0.5,-1.11:-6.76;-1.09:-6.76;-1.09:-6.76;-1.09:-6.76;-1.09:-6.76;-1.09:-6.76;-1.09:-6.76;-1.09:-6.76,-1.09:-6.76;-1.09:-6.76;-1.09:-6.76;-1.09:-6.76;-1.09:-6.76;-1.09:-6.76;-1.09:-6.76;-1.09:-6.76;-1.09:-6.76;-1.09:-6.76;-1.09:-6.76;-1.07:-6.76,-1.10213:-6.761914;-1.120255:-6.758819;-1.140818:-6.758185;-1.168776:-6.769615;-1.194007:-6.767048;-1.209707:-6.755845;-1.230363:-6.740156;-1.267901:-6.763444;-1.275892:-6.772598;-1.31235:-6.756474;-1.324462:-6.743028;-1.369532:-6.742118
sigma3_hotel_seed42,tril,HOTEL:biwi_hotel:230:10300,HOTEL,biwi_hotel,biwi_hotel:230,10300,3,3.7180919647216797,6.886014461517334,1.3914920091629028,1.4801843166351318,0.6819871664047241,0.7813668847084045,1.375,0.45:-7.48;0.41:-6.95;0.41:-6.36;0.35:-5.75;0.43:-5.1;0.52:-4.55;0.56:-3.91;0.73:-3.38,0.79:-2.81;0.84:-2.26;0.94:-1.72;0.95:-1.14;1.02:-0.6;1.13:-0.06;1.19:0.53;1.34:1.07;1.45:1.61;1.5:2.15;1.65:2.67;1.73:3.21,0.924695:-3.412222;0.9952439:-3.480767;1.103047:-3.355144;1.262507:-3.511245;1.223456:-3.542529;1.287989:-3.414062;1.302023:-3.151756;1.309528:-3.620632;1.269408:-3.660197;1.154679:-3.586699;1.205639:-3.460405;1.149179:-3.651475
sigma3_hotel_seed42,tril,HOTEL:biwi_hotel:231:10300,HOTEL,biwi_hotel,biwi_hotel:231,10300,3,2.389370918273926,4.423825740814209,0.92803555727005,0.9695802330970764,0.43361395597457886,0.7712417244911194,2.0,3.05:-7.92;3.11:-7.53;3.1:-7.14;3.14:-6.78;3.16:-6.41;3.1:-5.96;3.06:-5.59;3.09:-5.22,3.05:-4.82;2.98:-4.46;3.08:-4.1;3.05:-3.75;3:-3.38;3.06:-3.06;3.15:-2.74;3.15:-2.36;3.13:-2;3.18:-1.6;3.14:-1.25;3.04:-0.89,3.128447:-5.244203;3.119255:-5.268448;3.138798:-5.213808;3.177516:-5.285228;3.122437:-5.301624;3.107468:-5.219607;3.084289:-5.028209;3.037678:-5.305326;2.951762:-5.341326;2.868538:-5.283579;2.826016:-5.213516;2.771933:-5.305696
sigma3_hotel_seed42,tril,HOTEL:biwi_hotel:232:10300,HOTEL,biwi_hotel,biwi_hotel:232,10300,3,2.4126908779144287,4.74174165725708,1.0891510248184204,1.0793801546096802,0.8534472584724426,1.280922770500183,1.625,3.56:-8.35;3.56:-7.92;3.63:-7.49;3.59:-7.11;3.65:-6.6;3.64:-6.25;3.71:-5.78;3.64:-5.35,3.63:-5.03;3.63:-4.68;3.64:-4.33;3.58:-3.97;3.48:-3.68;3.52:-3.34;3.64:-2.96;3.65:-2.58;3.65:-2.2;3.66:-1.81;3.68:-1.37;3.65:-0.98,3.57086:-5.369674;3.441698:-5.398627;3.34142:-5.330655;3.280189:-5.393744;3.115677:-5.416651;2.998694:-5.339581;2.85501:-5.116041;2.723536:-5.431675;2.529663:-5.448251;2.330538:-5.405752;2.21322:-5.327108;2.085582:-5.456239
sigma3_hotel_seed42,tril,HOTEL:biwi_hotel:233:10300,HOTEL,biwi_hotel,biwi_hotel:233,10300,3,0.04509629309177399,0.09353907406330109,0.0,0.0,0.0,0.0,0.5,-1.09:-6.76;-1.09:-6.76;-1.09:-6.76;-1.09:-6.76;-1.09:-6.76;-1.09:-6.76;-1.09:-6.76;-1.09:-6.76,-1.09:-6.76;-1.09:-6.76;-1.09:-6.76;-1.09:-6.76;-1.09:-6.76;-1.09:-6.76;-1.09:-6.76;-1.09:-6.76;-1.09:-6.76;-1.09:-6.76;-1.07:-6.76;-1.07:-6.76,-1.093625:-6.760233;-1.10174:-6.760908;-1.10926:-6.759044;-1.117997:-6.769069;-1.124717:-6.767859;-1.12915:-6.760436;-1.133779:-6.75581;-1.148605:-6.767864;-1.146906:-6.77621;-1.153689:-6.76888;-1.151989:-6.765392;-1.163426:-6.764596
sigma3_hotel_seed42,tril,HOTEL:biwi_hotel:230:10310,HOTEL,biwi_hotel,biwi_hotel:230,10310,3,3.699002981185913,6.894580364227295,1.432873010635376,1.495056390762329,0.7287954688072205,0.9115484952926636,1.0,0.41:-6.95;0.41:-6.36;0.35:-5.75;0.43:-5.1;0.52:-4.55;0.56:-3.91;0.73:-3.38;0.79:-2.81,0.84:-2.26;0.94:-1.72;0.95:-1.14;1.02:-0.6;1.13:-0.06;1.19:0.53;1.34:1.07;1.45:1.61;1.5:2.15;1.65:2.67;1.73:3.21;1.76:3.75,0.9473427:-2.841037;0.9851549:-2.910506;1.058817:-2.783404;1.189448:-2.937109;1.120092:-2.967767;1.151998:-2.840493;1.134536:-2.568237;1.116668:-3.046171;1.040361:-3.081786;0.8966338:-3.011574;0.9222618:-2.883823;0.8483052:-3.084036
sigma3_hotel_seed42,tril,HOTEL:biwi_hotel:231:10310,HOTEL,biwi_hotel,biwi_hotel:231,10310,3,2.3997414112091064,4.508184909820557,1.0049875974655151,0.9722254276275635,0.44002825021743774,0.7735297679901123,1.875,3.11:-7.53;3.1:-7.14;3.14:-6.78;3.16:-6.41;3.1:-5.96;3.06:-5.59;3.09:-5.22;3.05:-4.82,2.98:-4.46;3.08:-4.1;3.05:-3.75;3:-3.38;3.06:-3.06;3.15:-2.74;3.15:-2.36;3.13:-2;3.18:-1.6;3.14:-1.25;3.04:-0.89;3.04:-0.53,3.013293:-4.841793;2.915659:-4.863746;2.85127:-4.8048;2.818878:-4.866837;2.699694:-4.882143;2.615004:-4.813216;2.511309:-4.609707;2.413987:-4.889366;2.256129:-4.913187;2.106269:-4.867941;2.015538:-4.79466;1.925295:-4.898199
sigma3_hotel_seed42,tril,HOTEL:biwi_hotel:232:10310,HOTEL,biwi_hotel,biwi_hotel:232,10310,3,2.361079216003418,4.509964466094971,0.8003905415534973,1.0401502847671509,0.9110510945320129,1.249682903289795,1.5,3.56:-7.92;3.63:-7.49;3.59:-7.11;3.65:-6.6;3.64:-6.25;3.71:-5.78;3.64:-5.35;3.63:-5.03,3.63:-4.68;3.64:-4.33;3.58:-3.97;3.48:-3.68;3.52:-3.34;3.64:-2.96;3.65:-2.58;3.65:-2.2;3.66:-1.81;3.68:-1.37;3.65:-0.98;3.65:-0.62,3.581553:-5.048437;3.478799:-5.049307;3.411604:-5.022227;3.35815:-5.048223;3.275346:-5.055029;3.196282:-5.009392;3.107156:-4.862578;3.025233:-5.033129;2.897623:-5.056303;2.802262:-5.025998;2.707597:-4.974081;2.641766:-5.015821
sigma3_hotel_seed42,tril,HOTEL:biwi_hotel:233:10310,HOTEL,biwi_hotel,biwi_hotel:233,10310,3,0.007313275709748268,0.01805335469543934,0.0,0.0,0.0,0.0,0.375,-1.09:-6.76;-1.09:-6.76;-1.09:-6.76;-1.09:-6.76;-1.09:-6.76;-1.09:-6.76;-1.09:-6.76;-1.09:-6.76,-1.09:-6.76;-1.09:-6.76;-1.09:-6.76;-1.09:-6.76;-1.09:-6.76;-1.09:-6.76;-1.09:-6.76;-1.09:-6.76;-1.09:-6.76;-1.07:-6.76;-1.07:-6.76;-1.07:-6.76,-1.091745:-6.760407;-1.092659:-6.761528;-1.095436:-6.761954;-1.088611:-6.759946;-1.093534:-6.766874;-1.093122:-6.761313;-1.092097:-6.764121;-1.094755:-6.77077;-1.086808:-6.765175;-1.079388:-6.768045;-1.074982:-6.770614;-1.069449:-6.778045
sigma3_hotel_seed42,tril,HOTEL:biwi_hotel:231:10320,HOTEL,biwi_hotel,biwi_hotel:231,10320,3,2.4467179775238037,4.569891929626465,0.916856050491333,0.9638733863830566,0.4313725233078003,0.7296165227890015,1.625,3.1:-7.14;3.14:-6.78;3.16:-6.41;3.1:-5.96;3.06:-5.59;3.09:-5.22;3.05:-4.82;2.98:-4.46,3.08:-4.1;3.05:-3.75;3:-3.38;3.06:-3.06;3.15:-2.74;3.15:-2.36;3.13:-2;3.18:-1.6;3.14:-1.25;3.04:-0.89;3.04:-0.53;3.06:-0.15,2.893251:-4.476084;2.762294:-4.481028;2.659028:-4.448761;2.572598:-4.471881;2.446353:-4.486921;2.335667:-4.436575;2.209486:-4.266864;2.092802:-4.468152;1.931612:-4.485346;1.784979:-4.455052;1.665518:-4.402097;1.563061:-4.467764
sigma3_hotel_seed42,tril,HOTEL:biwi_hotel:232:10320,HOTEL,biwi_hotel,biwi_hotel:232,10320,3,2.385655641555786,4.6397705078125,0.875,1.0095572471618652,0.818126380443573,1.014670729637146,1.375,3.63:-7.49;3.59:-7.11;3.65:-6.6;3.64:-6.25;3.71:-5.78;3.64:-5.35;3.63:-5.03;3.63:-4.68,3.64:-4.33;3.58:-3.97;3.48:-3.68;3.52:-3.34;3.64:-2.96;3.65:-2.58;3.65:-2.2;3.66:-1.81;3.68:-1.37;3.65:-0.98;3.65:-0.62;3.64:-0.13,3.672049:-4.704299;3.670291:-4.727664;3.695962:-4.675687;3.739261:-4.745898;3.692185:-4.760873;3.682059:-4.680749;3.665968:-4.491023;3.625008:-4.763402;3.544454:-4.800721;3.469364:-4.742789;3.430906:-4.673924;3.382469:-4.762618
sigma3_hotel_seed42,tril,HOTEL:biwi_hotel:233:10320,HOTEL,biwi_hotel,biwi_hotel:233,10320,3,0.14962689578533173,0.280243456363678,0.0,0.0,0.0,0.0,0.25,-1.09:-6.76;-1.09:-6.76;-1.09:-6.76;-1.09:-6.76;-1.09:-6.76;-1.09:-6.76;-1.09:-6.76;-1.09:-6.76,-1.09:-6.76;-1.09:-6.76;-1.09:-6.76;-1.09:-6.76;-1.09:-6.76;-1.09:-6.76;-1.09:-6.76;-1.09:-6.76;-1.07:-6.76;-1.07:-6.76;-1.07:-6.76;-1.11:-6.74,-1.102727:-6.761909;-1.122531:-6.758733;-1.144011:-6.757347;-1.17391:-6.770725;-1.200624:-6.76678;-1.217656:-6.755196;-1.239732:-6.738908;-1.279836:-6.762993;-1.289689:-6.773687;-1.328564:-6.755632;-1.34216:-6.740988;-1.390241:-6.738746
sigma3_hotel_seed42,tril,HOTEL:biwi_hotel:231:10330,HOTEL,biwi_hotel,biwi_hotel:231,10330,3,2.3864362239837646,4.517708778381348,0.9340770840644836,0.9679503440856934,0.5851634740829468,1.1359556913375854,1.25,3.14:-6.78;3.16:-6.41;3.1:-5.96;3.06:-5.59;3.09:-5.22;3.05:-4.82;2.98:-4.46;3.08:-4.1,3.05:-3.75;3:-3.38;3.06:-3.06;3.15:-2.74;3.15:-2.36;3.13:-2;3.18:-1.6;3.14:-1.25;3.04:-0.89;3.04:-0.53;3.06:-0.15;3:0.29,3.185783:-4.126261;3.244104:-4.158551;3.329416:-4.097764;3.427934:-4.181752;3.407627:-4.206793;3.450059:-4.105832;3.480761:-3.915833;3.466466:-4.217515;3.437193:-4.259276;3.388674:-4.188958;3.38276:-4.116487;3.340895:-4.214829
sigma3_hotel_seed42,tril,HOTEL:biwi_hotel:232:10330,HOTEL,biwi_hotel,biwi_hotel:232,10330,3,2.409282922744751,4.610515117645264,0.8753570914268494,0.9981442093849182,0.6576970219612122,0.8212486505508423,1.25,3.59:-7.11;3.65:-6.6;3.64:-6.25;3.71:-5.78;3.64:-5.35;3.63:-5.03;3.63:-4.68;3.64:-4.33,3.58:-3.97;3.48:-3.68;3.52:-3.34;3.64:-2.96;3.65:-2.58;3.65:-2.2;3.66:-1.81;3.68:-1.37;3.65:-0.98;3.65:-0.62;3.64:-0.13;3.56:0.21,3.685662:-4.354052;3.676775:-4.373776;3.701474:-4.322348;3.739361:-4.388569;3.689612:-4.408148;3.683468:-4.325158;3.66683:-4.149661;3.621705:-4.404726;3.551607:-4.440752;3.478428:-4.382301;3.437033:-4.318195;3.384082:-4.397158
sigma3_hotel_seed42,tril,HOTEL:biwi_hotel:233:10330,HOTEL,biwi_hotel,biwi_hotel:233,10330,3,0.14070826768875122,0.1940985769033432,0.0,0.0,0.0,0.0,0.125,-1.09:-6.76;-1.09:-6.76;-1.09:-6.76;-1.09:-6.76;-1.09:-6.76;-1.09:-6.76;-1.09:-6.76;-1.09:-6.76,-1.09:-6.76;-1.09:-6.76;-1.09:-6.76;-1.09:-6.76;-1.09:-6.76;-1.09:-6.76;-1.09:-6.76;-1.07:-6.76;-1.07:-6.76;-1.07:-6.76;-1.11:-6.74;-1.2:-6.7,-1.102727:-6.761909;-1.122527:-6.758734;-1.144006:-6.75735;-1.173898:-6.77072;-1.20061:-6.766779;-1.217638:-6.755197;-1.239712:-6.738913;-1.279809:-6.762995;-1.289657:-6.773682;-1.328525:-6.755633;-1.342118:-6.740993;-1.39019:-6.738755
sigma3_hotel_seed42,tril,HOTEL:biwi_hotel:231:10340,HOTEL,biwi_hotel,biwi_hotel:231,10340,3,2.3899238109588623,4.601153373718262,0.8782083988189697,0.9610729217529297,0.6031290292739868,1.3058547973632812,1.125,3.16:-6.41;3.1:-5.96;3.06:-5.59;3.09:-5.22;3.05:-4.82;2.98:-4.46;3.08:-4.1;3.05:-3.75,3:-3.38;3.06:-3.06;3.15:-2.74;3.15:-2.36;3.13:-2;3.18:-1.6;3.14:-1.25;3.04:-0.89;3.04:-0.53;3.06:-0.15;3:0.29;2.97:0.74,3.025064:-3.772109;2.944788:-3.784923;2.898625:-3.739218;2.875471:-3.791508;2.788865:-3.801131;2.722074:-3.742944;2.643783:-3.560224;2.567518:-3.796505;2.435334:-3.824699;2.322322:-3.780369;2.245153:-3.71623;2.179974:-3.792822
sigma3_hotel_seed42,tril,HOTEL:biwi_hotel:232:10340,HOTEL,biwi_hotel,biwi_hotel:232,10340,3,2.5077064037323,4.78708028793335,0.9124143719673157,0.9450900554656982,0.5494347214698792,0.8692886233329773,1.125,3.65:-6.6;3.64:-6.25;3.71:-5.78;3.64:-5.35;3.63:-5.03;3.63:-4.68;3.64:-4.33;3.58:-3.97,3.48:-3.68;3.52:-3.34;3.64:-2.96;3.65:-2.58;3.65:-2.2;3.66:-1.81;3.68:-1.37;3.65:-0.98;3.65:-0.62;3.64:-0.13;3.56:0.21;3.49:0.61,3.49648:-3.986906;3.36832:-3.994055;3.267638:-3.957433;3.185795:-3.985783;3.056209:-4.002587;2.946498:-3.949042;2.820978:-3.771383;2.70331:-3.986812;2.540311:-4.004835;2.387303:-3.971258;2.269939:-3.916616;2.16523:-3.990122
sigma3_hotel_seed42,tril,HOTEL:biwi_hotel:231:10350,HOTEL,biwi_hotel,biwi_hotel:231,10350,3,2.431551694869995,4.686195373535156,0.933407723903656,0.9322803020477295,0.5466938018798828,1.3298091888427734,1.125,3.1:-5.96;3.06:-5.59;3.09:-5.22;3.05:-4.82;2.98:-4.46;3.08:-4.1;3.05:-3.75;3:-3.38,3.06:-3.06;3.15:-2.74;3.15:-2.36;3.13:-2;3.18:-1.6;3.14:-1.25;3.04:-0.89;3.04:-0.53;3.06:-0.15;3:0.29;2.97:0.74;3:1.13,2.952262:-3.400304;2.853683:-3.413346;2.785787:-3.368228;2.74144:-3.414499;2.633986:-3.427552;2.548866:-3.369072;2.44987:-3.182026;2.355574:-3.421993;2.207088:-3.446112;2.07267:-3.405002;1.979446:-3.34218;1.89589:-3.424269
sigma3_hotel_seed42,tril,HOTEL:biwi_hotel:232:10350,HOTEL,biwi_hotel,biwi_hotel:232,10350,3,2.6526269912719727,4.950897216796875,0.7668930888175964,0.9295952320098877,0.4831852912902832,0.8597863912582397,1.0,3.64:-6.25;3.71:-5.78;3.64:-5.35;3.63:-5.03;3.63:-4.68;3.64:-4.33;3.58:-3.97;3.48:-3.68,3.52:-3.34;3.64:-2.96;3.65:-2.58;3.65:-2.2;3.66:-1.81;3.68:-1.37;3.65:-0.98;3.65:-0.62;3.64:-0.13;3.56:0.21;3.49:0.61;3.57:1.02,3.369421:-3.692788;3.227321:-3.69241;3.103333:-3.67606;2.997995:-3.677508;2.876959:-3.687848;2.744555:-3.646948;2.608132:-3.50114;2.49195:-3.658818;2.325346:-3.669845;2.197231:-3.66121;2.060612:-3.615061;1.954579:-3.659935
sigma3_hotel_seed42,tril,HOTEL:biwi_hotel:231:10360,HOTEL,biwi_hotel,biwi_hotel:231,10360,3,2.448681592941284,4.650221824645996,0.8139410018920898,0.9156447649002075,0.5996422171592712,1.460884690284729,1.25,3.06:-5.59;3.09:-5.22;3.05:-4.82;2.98:-4.46;3.08:-4.1;3.05:-3.75;3:-3.38;3.06:-3.06,3.15:-2.74;3.15:-2.36;3.13:-2;3.18:-1.6;3.14:-1.25;3.04:-0.89;3.04:-0.53;3.06:-0.15;3:0.29;2.97:0.74;3:1.13;3.01:1.52,3.14128:-3.084962;3.186384:-3.103491;3.25805:-3.061252;3.334399:-3.126798;3.329095:-3.142998;3.360777:-3.060273;3.392631:-2.892078;3.381191:-3.134951;3.351193:-3.178494;3.323586:-3.115089;3.310506:-3.05526;3.285165:-3.122074
sigma3_hotel_seed42,tril,HOTEL:biwi_hotel:232:10360,HOTEL,biwi_hotel,biwi_hotel:232,10360,3,2.587480068206787,4.777947902679443,0.8558621406555176,0.8821526169776917,0.4863712191581726,0.999730110168457,1.125,3.71:-5.78;3.64:-5.35;3.63:-5.03;3.63:-4.68;3.64:-4.33;3.58:-3.97;3.48:-3.68;3.52:-3.34,3.64:-2.96;3.65:-2.58;3.65:-2.2;3.66:-1.81;3.68:-1.37;3.65:-0.98;3.65:-0.62;3.64:-0.13;3.56:0.21;3.49:0.61;3.57:1.02;3.58:1.36,3.591561:-3.364916;3.623195:-3.387279;3.681636:-3.338836;3.750065:-3.409494;3.728429:-3.426496;3.747255:-3.341085;3.763446:-3.162067;3.741153:-3.424462;3.69363:-3.46617;3.646796:-3.403497;3.625925:-3.338703;3.590194:-3.417937
sigma3_hotel_seed42,tril,HOTEL:biwi_hotel:231:10370,HOTEL,biwi_hotel,biwi_hotel:231,10370,3,2.5437796115875244,4.7367448806762695,0.8310385346412659,0.901788055896759,0.5515612363815308,1.3691314458847046,1.375,3.09:-5.22;3.05:-4.82;2.98:-4.46;3.08:-4.1;3.05:-3.75;3:-3.38;3.06:-3.06;3.15:-2.74,3.15:-2.36;3.13:-2;3.18:-1.6;3.14:-1.25;3.04:-0.89;3.04:-0.53;3.06:-0.15;3:0.29;2.97:0.74;3:1.13;3.01:1.52;3:1.9,3.250041:-2.765627;3.30602:-2.786075;3.390869:-2.739632;3.479654:-2.810792;3.480851:-2.829441;3.52543:-2.741507;3.567094:-2.574389;3.562593:-2.824109;3.545588:-2.868941;3.522521:-2.803421;3.519408:-2.741678;3.495871:-2.810718
sigma3_hotel_seed42,tril,HOTEL:biwi_hotel:232:10370,HOTEL,biwi_hotel,biwi_hotel:232,10370,3,2.664189100265503,4.877026081085205,0.9962429404258728,0.868880033493042,0.44902023673057556,1.058364987373352,1.125,3.64:-5.35;3.63:-5.03;3.63:-4.68;3.64:-4.33;3.58:-3.97;3.48:-3.68;3.52:-3.34;3.64:-2.96,3.65:-2.58;3.65:-2.2;3.66:-1.81;3.68:-1.37;3.65:-0.98;3.65:-0.62;3.64:-0.13;3.56:0.21;3.49:0.61;3.57:1.02;3.58:1.36;3.42:1.73,3.775318:-2.987797;3.846553:-3.027711;3.947619:-2.954073;4.067311:-3.053191;4.050369:-3.081187;4.108007:-2.972611;4.144747:-2.771272;4.14039:-3.105894;4.120627:-3.148374;4.066555:-3.075458;4.077976:-2.99315;4.03574:-3.108
sigma3_hotel_seed42,tril,HOTEL:biwi_hotel:235:10370,HOTEL,biwi_hotel,biwi_hotel:235,10370,3,2.5598952770233154,4.754540920257568,0.8189169764518738,0.8704217076301575,0.42995548248291016,1.0299094915390015,1.125,4:-9.3;4.02:-8.91;4.04:-8.55;3.97:-8.19;3.92:-7.87;3.98:-7.55;3.94:-7.21;3.87:-6.89,3.95:-6.5;3.89:-6.17;3.81:-5.81;3.82:-5.41;3.83:-4.95;3.77:-4.52;3.81:-4.12;3.83:-3.76;3.81:-3.39;3.82:-3.02;3.82:-2.65;3.8:-2.26,3.801537:-6.90695;3.692975:-6.911165;3.611008:-6.884901;3.546596:-6.908343;3.450706:-6.914664;3.354375:-6.869822;3.251311:-6.709699;3.159174:-6.896042;3.012088:-6.916875;2.900986:-6.890641;2.795331:-6.836534;2.717627:-6.8897
sigma3_hotel_seed42,tril,HOTEL:biwi_hotel:236:10370,HOTEL,biwi_hotel,biwi_hotel:236,10370,3,2.5722312927246094,4.802022457122803,1.1070795059204102,0.9206682443618774,0.4433223009109497,0.7876298427581787,1.375,3.42:-9.44;3.38:-9.1;3.33:-8.76;3.35:-8.41;3.34:-8.07;3.26:-7.66;3.24:-7.32;3.29:-6.88,3.21:-6.56;3.15:-6.12;3.21:-5.74;3.19:-5.31;3.1:-4.93;3.11:-4.57;3.13:-4.2;3.07:-3.8;3.02:-3.42;3.07:-3.03;3.06:-2.68;2.94:-2.25,3.363624:-6.90642;3.372181:-6.952031;3.408564:-6.867691;3.48007:-6.972462;3.406353:-6.996723;3.401702:-6.890553;3.375572:-6.659133;3.328854:-7.03079;3.234938:-7.066101;3.118017:-7.000936;3.090938:-6.907596;3.018528:-7.051381
sigma3_hotel_seed42,tril,HOTEL:biwi_hotel:231:10380,HOTEL,biwi_hotel,biwi_hotel:231,10380,3,2.515871047973633,4.761016368865967,0.949999988079071,0.8939327001571655,0.6121513843536377,1.550919532775879,1.375,3.05:-4.82;2.98:-4.46;3.08:-4.1;3.05:-3.75;3:-3.38;3.06:-3.06;3.15:-2.74;3.15:-2.36,3.13:-2;3.18:-1.6;3.14:-1.25;3.04:-0.89;3.04:-0.53;3.06:-0.15;3:0.29;2.97:0.74;3:1.13;3.01:1.52;3:1.9;3.08:2.27,3.149827:-2.383306;3.095224:-2.407149;3.071583:-2.349456;3.075443:-2.417979;2.988295:-2.432169;2.936527:-2.358072;2.871547:-2.157422;2.800446:-2.439688;2.674448:-2.469839;2.556824:-2.418552;2.490714:-2.34516;2.420552:-2.445125
sigma3_hotel_seed42,tril,HOTEL:biwi_hotel:232:10380,HOTEL,biwi_hotel,biwi_hotel:232,10380,3,2.6090192794799805,4.794046878814697,0.9503288865089417,0.8902997970581055,0.5306631922721863,1.3066942691802979,1.125,3.63:-5.03;3.63:-4.68;3.64:-4.33;3.58:-3.97;3.48:-3.68;3.52:-3.34;3.64:-2.96;3.65:-2.58,3.65:-2.2;3.66:-1.81;3.68:-1.37;3.65:-0.98;3.65:-0.62;3.64:-0.13;3.56:0.21;3.49:0.61;3.57:1.02;3.58:1.36;3.42:1.73;3.42:2.12,3.687225:-2.604269;3.677013:-2.630311;3.694846:-2.573582;3.733776:-2.647121;3.674936:-2.663707;3.657624:-2.580472;3.631496:-2.384468;3.583:-2.669972;3.49272:-2.705564;3.404646:-2.647573;3.361105:-2.575508;3.304568:-2.672657
sigma3_hotel_seed42,tril,HOTEL:biwi_hotel:235:10380,HOTEL,biwi_hotel,biwi_hotel:235,10380,3,2.578110694885254,4.765356063842773,0.9953014850616455,0.8731389045715332,0.5711320042610168,1.4433274269104004,1.25,4.02:-8.91;4.04:-8.55;3.97:-8.19;3.92:-7.87;3.98:-7.55;3.94:-7.21;3.87:-6.89;3.95:-6.5,3.89:-6.17;3.81:-5.81;3.82:-5.41;3.83:-4.95;3.77:-4.52;3.81:-4.12;3.83:-3.76;3.81:-3.39;3.82:-3.02;3.82:-2.65;3.8:-2.26;3.75:-1.88,4.026463:-6.525857;4.051791:-6.565566;4.103134:-6.493388;4.179667:-6.58586;4.121762:-6.611278;4.130828:-6.506869;4.124039:-6.292737;4.083875:-6.633487;4.011094:-6.67067;3.919663:-6.602848;3.892925:-6.520395;3.828464:-6.64471
sigma3_hotel_seed42,tril,HOTEL:biwi_hotel:236:10380,HOTEL,biwi_hotel,biwi_hotel:236,10380,3,2.610422372817993,4.8055524826049805,0.8246211409568787,0.9162052869796753,0.6171952486038208,1.1168559789657593,1.375,3.38:-9.1;3.33:-8.76;3.35:-8.41;3.34:-8.07;3.26:-7.66;3.24:-7.32;3.29:-6.88;3.21:-6.56,3.15:-6.12;3.21:-5.74;3.19:-5.31;3.1:-4.93;3.11:-4.57;3.13:-4.2;3.07:-3.8;3.02:-3.42;3.07:-3.03;3.06:-2.68;2.94:-2.25;3:-1.87,3.125515:-6.575596;3.002371:-6.577703;2.904459:-6.554651;2.824857:-6.570116;2.718775:-6.577981;2.608008:-6.534319;2.492015:-6.380551;2.389929:-6.555194;2.234221:-6.572546;2.117728:-6.552485;1.998336:-6.501812;1.910355:-6.550385
sigma3_hotel_seed42,tril,HOTEL:biwi_hotel:231:10390,HOTEL,biwi_hotel,biwi_hotel:231,10390,3,2.543771982192993,4.750836372375488,0.9013878107070923,0.8917229175567627,0.4645308256149292,1.1434231996536255,1.375,2.98:-4.46;3.08:-4.1;3.05:-3.75;3:-3.38;3.06:-3.06;3.15:-2.74;3.15:-2.36;3.13:-2,3.18:-1.6;3.14:-1.25;3.04:-0.89;3.04:-0.53;3.06:-0.15;3:0.29;2.97:0.74;3:1.13;3.01:1.52;3:1.9;3.08:2.27;3.09:2.61,3.101709:-2.022042;3.018279:-2.038043;2.967752:-1.988629;2.943143:-2.044151;2.847949:-2.054954;2.776132:-1.993955;2.691214:-1.803409;2.609656:-2.054626;2.469378:-2.08185;2.345957:-2.037196;2.265481:-1.969952;2.19365:-2.055512
sigma3_hotel_seed42,tril,HOTEL:biwi_hotel:232:10390,HOTEL,biwi_hotel,biwi_hotel:232,10390,3,2.627026319503784,4.813555717468262,0.949999988079071,0.9010140895843506,0.5306631922721863,1.3044403791427612,1.125,3.63:-4.68;3.64:-4.33;3.58:-3.97;3.48:-3.68;3.52:-3.34;3.64:-2.96;3.65:-2.58;3.65:-2.2,3.66:-1.81;3.68:-1.37;3.65:-0.98;3.65:-0.62;3.64:-0.13;3.56:0.21;3.49:0.61;3.57:1.02;3.58:1.36;3.42:1.73;3.42:2.12;3.53:2.47,3.64731:-2.223491;3.593023:-2.250689;3.567577:-2.190521;3.57251:-2.263075;3.481689:-2.276269;3.425956:-2.201741;3.357246:-1.991416;3.284316:-2.289406;3.149655:-2.320097;3.025306:-2.268703;2.958242:-2.191832;2.885904:-2.300268
sigma3_hotel_seed42,tril,HOTEL:biwi_hotel:235:10390,HOTEL,biwi_hotel,biwi_hotel:235,10390,3,2.6248092651367188,4.860786437988281,0.8385254740715027,0.864158570766449,0.636043906211853,1.5779560804367065,1.375,4.04:-8.55;3.97:-8.19;3.92:-7.87;3.98:-7.55;3.94:-7.21;3.87:-6.89;3.95:-6.5;3.89:-6.17,3.81:-5.81;3.82:-5.41;3.83:-4.95;3.77:-4.52;3.81:-4.12;3.83:-3.76;3.81:-3.39;3.82:-3.02;3.82:-2.65;3.8:-2.26;3.75:-1.88;3.75:-1.46,3.807671:-6.185937;3.68725:-6.191187;3.591742:-6.162749;3.512706:-6.185523;3.399533:-6.195419;3.293551:-6.148764;3.176271:-5.980019;3.069631:-6.177504;2.911535:-6.1965;2.778334:-6.168434;2.664775:-6.11401;2.573016:-6.176138
sigma3_hotel_seed42,tril,HOTEL:biwi_hotel:236:10390,HOTEL,biwi_hotel,biwi_hotel:236,10390,3,2.6081721782684326,4.904265403747559,1.110180139541626,0.9520678520202637,0.6702625155448914,1.0232138633728027,1.625,3.33:-8.76;3.35:-8.41;3.34:-8.07;3.26:-7.66;3.24:-7.32;3.29:-6.88;3.21:-6.56;3.15:-6.12,3.21:-5.74;3.19:-5.31;3.1:-4.93;3.11:-4.57;3.13:-4.2;3.07:-3.8;3.02:-3.42;3.07:-3.03;3.06:-2.68;2.94:-2.25;3:-1.87;3.07:-1.5,3.090989:-6.140319;2.969171:-6.166461;2.878951:-6.101127;2.825197:-6.163239;2.6735:-6.184545;2.566556:-6.109667;2.43418:-5.894727;2.312167:-6.196278;2.130491:-6.214645;1.946272:-6.171261;1.836293:-6.094922;1.719284:-6.214592
sigma3_hotel_seed42,tril,HOTEL:biwi_hotel:231:10400,HOTEL,biwi_hotel,biwi_hotel:231,10400,3,2.538748025894165,4.698700428009033,1.007782220840454,0.9022522568702698,0.4126959443092346,0.966824471950531,1.375,3.08:-4.1;3.05:-3.75;3:-3.38;3.06:-3.06;3.15:-2.74;3.15:-2.36;3.13:-2;3.18:-1.6,3.14:-1.25;3.04:-0.89;3.04:-0.53;3.06:-0.15;3:0.29;2.97:0.74;3:1.13;3.01:1.52;3:1.9;3.08:2.27;3.09:2.61;3.47:2.91,3.224399:-1.62487;3.215499:-1.661682;3.234167:-1.590362;3.281368:-1.678639;3.202891:-1.701164;3.183331:-1.603067;3.148853:-1.387179;3.090382:-1.720586;2.988897:-1.754742;2.876925:-1.692458;2.831144:-1.610322;2.757484:-1.734363
sigma3_hotel_seed42,tril,HOTEL:biwi_hotel:232:10400,HOTEL,biwi_hotel,biwi_hotel:232,10400,3,2.627821683883667,4.84458589553833,0.9753204584121704,0.9152945280075073,0.4717376232147217,1.1363633871078491,1.125,3.64:-4.33;3.58:-3.97;3.48:-3.68;3.52:-3.34;3.64:-2.96;3.65:-2.58;3.65:-2.2;3.66:-1.81,3.68:-1.37;3.65:-0.98;3.65:-0.62;3.64:-0.13;3.56:0.21;3.49:0.61;3.57:1.02;3.58:1.36;3.42:1.73;3.42:2.12;3.53:2.47;3.05:2.94,3.64754:-1.833013;3.57612:-1.857272;3.537272:-1.797088;3.528945:-1.865576;3.428209:-1.880231;3.363843:-1.806944;3.283335:-1.603086;3.202046:-1.889501;3.062339:-1.917299;2.930504:-1.86779;2.855505:-1.792881;2.777349:-1.896907
sigma3_hotel_seed42,tril,HOTEL:biwi_hotel:235:10400,HOTEL,biwi_hotel,biwi_hotel:235,10400,3,2.6728999614715576,4.885716438293457,0.9219544529914856,0.8648868799209595,0.6270170211791992,1.5797202587127686,1.5,3.97:-8.19;3.92:-7.87;3.98:-7.55;3.94:-7.21;3.87:-6.89;3.95:-6.5;3.89:-6.17;3.81:-5.81,3.82:-5.41;3.83:-4.95;3.77:-4.52;3.81:-4.12;3.83:-3.76;3.81:-3.39;3.82:-3.02;3.82:-2.65;3.8:-2.26;3.75:-1.88;3.75:-1.46;3.68:-1.09,3.735981:-5.827508;3.623007:-5.836805;3.53481:-5.801178;3.466526:-5.833361;3.350559:-5.845583;3.248651:-5.793889;3.134871:-5.612012;3.029045:-5.833644;2.869639:-5.854486;2.728753:-5.820694;2.620588:-5.762964;2.527393:-5.837812
sigma3_hotel_seed42,tril,HOTEL:biwi_hotel:236:10400,HOTEL,biwi_hotel,biwi_hotel:236,10400,3,2.601154088973999,4.769044399261475,0.9617692232131958,0.9642595648765564,0.7770764231681824,1.2288594245910645,1.875,3.35:-8.41;3.34:-8.07;3.26:-7.66;3.24:-7.32;3.29:-6.88;3.21:-6.56;3.15:-6.12;3.21:-5.74,3.19:-5.31;3.1:-4.93;3.11:-4.57;3.13:-4.2;3.07:-3.8;3.02:-3.42;3.07:-3.03;3.06:-2.68;2.94:-2.25;3:-1.87;3.07:-1.5;3.02:-1.12,3.307409:-5.766641;3.345773:-5.804899;3.4128:-5.732862;3.502358:-5.828002;3.46242:-5.852324;3.487619:-5.749421;3.495885:-5.541763;3.470613:-5.874695;3.416181:-5.914618;3.339662:-5.846743;3.328497:-5.764403;3.275699:-5.882185
sigma3_hotel_seed42,tril,HOTEL:biwi_hotel:235:10410,HOTEL,biwi_hotel,biwi_hotel:235,10410,3,2.637211799621582,4.799372673034668,1.0003124475479126,0.8921163082122803,0.6150259375572205,1.4830392599105835,1.625,3.92:-7.87;3.98:-7.55;3.94:-7.21;3.87:-6.89;3.95:-6.5;3.89:-6.17;3.81:-5.81;3.82:-5.41,3.83:-4.95;3.77:-4.52;3.81:-4.12;3.83:-3.76;3.81:-3.39;3.82:-3.02;3.82:-2.65;3.8:-2.26;3.75:-1.88;3.75:-1.46;3.68:-1.09;3.64:-0.75,3.858683:-5.434731;3.844983:-5.470635;3.858614:-5.400641;3.901324:-5.487145;3.821552:-5.50834;3.797645:-5.413282;3.759156:-5.197219;3.699322:-5.527448;3.593457:-5.561174;3.480021:-5.500143;3.431927:-5.418361;3.358716:-5.541123
sigma3_hotel_seed42,tril,HOTEL:biwi_hotel:236:10410,HOTEL,biwi_hotel,biwi_hotel:236,10410,3,2.5282833576202393,4.726412296295166,1.0761622190475464,0.9965159296989441,0.7722272872924805,1.2686419486999512,2.0,3.34:-8.07;3.26:-7.66;3.24:-7.32;3.29:-6.88;3.21:-6.56;3.15:-6.12;3.21:-5.74;3.19:-5.31,3.1:-4.93;3.11:-4.57;3.13:-4.2;3.07:-3.8;3.02:-3.42;3.07:-3.03;3.06:-2.68;2.94:-2.25;3:-1.87;3.07:-1.5;3.02:-1.12;2.96:-0.78,3.146917:-5.331436;3.034367:-5.354631;2.958204:-5.290703;2.916003:-5.353838;2.780088:-5.373416;2.687071:-5.299691;2.569559:-5.095402;2.459949:-5.381757;2.294257:-5.402493;2.128444:-5.357336;2.028909:-5.282824;1.925588:-5.391829
sigma3_hotel_seed42,tril,HOTEL:biwi_hotel:235:10420,HOTEL,biwi_hotel,biwi_hotel:235,10420,3,2.5981881618499756,4.901844501495361,1.1502716541290283,0.9401635527610779,0.5712963938713074,1.1838417053222656,1.75,3.98:-7.55;3.94:-7.21;3.87:-6.89;3.95:-6.5;3.89:-6.17;3.81:-5.81;3.82:-5.41;3.83:-4.95,3.77:-4.52;3.81:-4.12;3.83:-3.76;3.81:-3.39;3.82:-3.02;3.82:-2.65;3.8:-2.26;3.75:-1.88;3.75:-1.46;3.68:-1.09;3.64:-0.75;3.66:-0.29,3.817905:-4.973515;3.729919:-5.012836;3.677433:-4.928562;3.668218:-5.017127;3.523808:-5.042983;3.44569:-4.947043;3.337646:-4.715897;3.230422:-5.070973;3.065241:-5.093358;2.88491:-5.03882;2.797125:-4.949103;2.684038:-5.093705
sigma3_hotel_seed42,tril,HOTEL:biwi_hotel:236:10420,HOTEL,biwi_hotel,biwi_hotel:236,10420,3,2.5566461086273193,4.781774520874023,0.9762812256813049,0.986794650554657,0.7657979130744934,1.3207758665084839,2.125,3.26:-7.66;3.24:-7.32;3.29:-6.88;3.21:-6.56;3.15:-6.12;3.21:-5.74;3.19:-5.31;3.1:-4.93,3.11:-4.57;3.13:-4.2;3.07:-3.8;3.02:-3.42;3.07:-3.03;3.06:-2.68;2.94:-2.25;3:-1.87;3.07:-1.5;3.02:-1.12;2.96:-0.78;3.04:-0.42,3.019046:-4.947879;2.897198:-4.965134;2.798319:-4.917629;2.726869:-4.960106;2.586099:-4.977537;2.472106:-4.916551;2.341534:-4.712909;2.22033:-4.976014;2.041248:-4.994724;1.869637:-4.957663;1.753641:-4.892738;1.641299:-4.992636
sigma3_hotel_seed42,tril,HOTEL:biwi_hotel:235:10430,HOTEL,biwi_hotel,biwi_hotel:235,10430,3,2.5788331031799316,4.80209493637085,1.0854146480560303,0.9729567170143127,0.6130695343017578,1.245968222618103,1.75,3.94:-7.21;3.87:-6.89;3.95:-6.5;3.89:-6.17;3.81:-5.81;3.82:-5.41;3.83:-4.95;3.77:-4.52,3.81:-4.12;3.83:-3.76;3.81:-3.39;3.82:-3.02;3.82:-2.65;3.8:-2.26;3.75:-1.88;3.75:-1.46;3.68:-1.09;3.64:-0.75;3.66:-0.29;3.61:-0,3.707182:-4.540109;3.588027:-4.568561;3.496548:-4.50274;3.443327:-4.566359;3.289773:-4.586633;3.179297:-4.511811;3.045248:-4.288831;2.922388:-4.601334;2.734348:-4.61993;2.545792:-4.576915;2.435151:-4.49845;2.316503:-4.624606
sigma3_hotel_seed42,tril,HOTEL:biwi_hotel:236:10430,HOTEL,biwi_hotel,biwi_hotel:236,10430,3,2.4931347370147705,4.538764953613281,0.9003471732139587,0.9937772154808044,0.7448759078979492,1.4091966152191162,2.25,3.24:-7.32;3.29:-6.88;3.21:-6.56;3.15:-6.12;3.21:-5.74;3.19:-5.31;3.1:-4.93;3.11:-4.57,3.13:-4.2;3.07:-3.8;3.02:-3.42;3.07:-3.03;3.06:-2.68;2.94:-2.25;3:-1.87;3.07:-1.5;3.02:-1.12;2.96:-0.78;3.04:-0.42;3.03:-0.1,3.123896:-4.593179;3.085515:-4.608202;3.080185:-4.562003;3.091648:-4.619904;3.030894:-4.633181;2.998965:-4.564273;2.958126:-4.387817;2.902926:-4.627217;2.807359:-4.660244;2.722254:-4.608726;2.666929:-4.545812;2.613538:-4.619618
sigma3_hotel_seed42,tril,HOTEL:biwi_hotel:235:10440,HOTEL,biwi_hotel,biwi_hotel:235,10440,3,2.488313913345337,4.6127705574035645,1.0049875974655151,0.999538242816925,0.5493962168693542,1.0665972232818604,1.75,3.87:-6.89;3.95:-6.5;3.89:-6.17;3.81:-5.81;3.82:-5.41;3.83:-4.95;3.77:-4.52;3.81:-4.12,3.83:-3.76;3.81:-3.39;3.82:-3.02;3.82:-2.65;3.8:-2.26;3.75:-1.88;3.75:-1.46;3.68:-1.09;3.64:-0.75;3.66:-0.29;3.61:-0;3.55:0.37,3.872663:-4.145213;3.887763:-4.178909;3.929084:-4.113935;3.992641:-4.199167;3.938301:-4.220362;3.938901:-4.123786;3.929164:-3.918243;3.887897:-4.234253;3.810736:-4.271996;3.724872:-4.20791;3.693158:-4.130322;3.63453:-4.241996
sigma3_hotel_seed42,tril,HOTEL:biwi_hotel:236:10440,HOTEL,biwi_hotel,biwi_hotel:236,10440,3,2.543792963027954,4.621454238891602,0.9263503551483154,0.9679587483406067,0.5753176212310791,1.0772978067398071,2.125,3.29:-6.88;3.21:-6.56;3.15:-6.12;3.21:-5.74;3.19:-5.31;3.1:-4.93;3.11:-4.57;3.13:-4.2,3.07:-3.8;3.02:-3.42;3.07:-3.03;3.06:-2.68;2.94:-2.25;3:-1.87;3.07:-1.5;3.02:-1.12;2.96:-0.78;3.04:-0.42;3.03:-0.1;3.02:0.31,3.214446:-4.225727;3.248425:-4.255611;3.310487:-4.195175;3.388696:-4.278171;3.357744:-4.298822;3.37933:-4.204296;3.3915:-4.011938;3.367555:-4.307966;3.316785:-4.348706;3.255006:-4.283692;3.239035:-4.210214;3.194819:-4.308146
sigma3_hotel_seed42,tril,HOTEL:biwi_hotel:235:10450,HOTEL,biwi_hotel,biwi_hotel:235,10450,3,2.5056161880493164,4.5815534591674805,0.9013878107070923,0.9861220121383667,0.4373190104961395,0.7285922765731812,1.625,3.95:-6.5;3.89:-6.17;3.81:-5.81;3.82:-5.41;3.83:-4.95;3.77:-4.52;3.81:-4.12;3.83:-3.76,3.81:-3.39;3.82:-3.02;3.82:-2.65;3.8:-2.26;3.75:-1.88;3.75:-1.46;3.68:-1.09;3.64:-0.75;3.66:-0.29;3.61:-0;3.55:0.37;3.57:0.73,3.905325:-3.784966;3.938751:-3.807616;3.999808:-3.758073;4.070347:-3.829445;4.048403:-3.847973;4.070068:-3.760064;4.08814:-3.582488;4.065878:-3.845528;4.021922:-3.887066;3.975494:-3.823496;3.955504:-3.758805;3.918483:-3.838281
sigma3_hotel_seed42,tril,HOTEL:biwi_hotel:236:10450,HOTEL,biwi_hotel,biwi_hotel:236,10450,3,2.5441009998321533,4.732977867126465,1.0111874341964722,0.9946110844612122,0.537593424320221,1.1707383394241333,2.0,3.21:-6.56;3.15:-6.12;3.21:-5.74;3.19:-5.31;3.1:-4.93;3.11:-4.57;3.13:-4.2;3.07:-3.8,3.02:-3.42;3.07:-3.03;3.06:-2.68;2.94:-2.25;3:-1.87;3.07:-1.5;3.02:-1.12;2.96:-0.78;3.04:-0.42;3.03:-0.1;3.02:0.31;2.94:0.7,3.002661:-3.819055;2.879431:-3.836158;2.786853:-3.783647;2.722315:-3.831056;2.582637:-3.85046;2.476781:-3.785079;2.34991:-3.588149;2.231429:-3.849249;2.060818:-3.867997;1.892794:-3.828294;1.781211:-3.762228;1.67147:-3.859815
sigma3_hotel_seed42,tril,HOTEL:biwi_hotel:235:10460,HOTEL,biwi_hotel,biwi_hotel:235,10460,3,2.4745404720306396,4.502983570098877,0.9263503551483154,0.9986684322357178,0.44271019101142883,0.7992768287658691,1.5,3.89:-6.17;3.81:-5.81;3.82:-5.41;3.83:-4.95;3.77:-4.52;3.81:-4.12;3.83:-3.76;3.81:-3.39,3.82:-3.02;3.82:-2.65;3.8:-2.26;3.75:-1.88;3.75:-1.46;3.68:-1.09;3.64:-0.75;3.66:-0.29;3.61:-0;3.55:0.37;3.57:0.73;3.51:1.04,3.788876:-3.412213;3.707899:-3.424293;3.663408:-3.377787;3.641042:-3.429787;3.553997:-3.441178;3.490265:-3.381061;3.413131:-3.202758;3.33664:-3.435053;3.209298:-3.462697;3.097579:-3.417553;3.020807:-3.354324;2.954721:-3.428616
sigma3_hotel_seed42,tril,HOTEL:biwi_hotel:236:10460,HOTEL,biwi_hotel,biwi_hotel:236,10460,3,2.530644416809082,4.670345306396484,0.9581884145736694,0.972898006439209,0.42113158106803894,0.8966712355613708,1.875,3.15:-6.12;3.21:-5.74;3.19:-5.31;3.1:-4.93;3.11:-4.57;3.13:-4.2;3.07:-3.8;3.02:-3.42,3.07:-3.03;3.06:-2.68;2.94:-2.25;3:-1.87;3.07:-1.5;3.02:-1.12;2.96:-0.78;3.04:-0.42;3.03:-0.1;3.02:0.31;2.94:0.7;2.95:1.03,2.960651:-3.439657;2.849799:-3.456913;2.767992:-3.406166;2.713898:-3.455217;2.586552:-3.47155;2.488363:-3.408315;2.372637:-3.210396;2.264247:-3.471094;2.099631:-3.492277;1.943065:-3.451698;1.839566:-3.385084;1.740047:-3.480891
sigma3_hotel_seed42,tril,HOTEL:biwi_hotel:235:10470,HOTEL,biwi_hotel,biwi_hotel:235,10470,3,2.479583740234375,4.445903778076172,0.9253377914428711,0.9991517663002014,0.3713679313659668,0.6366350054740906,1.375,3.81:-5.81;3.82:-5.41;3.83:-4.95;3.77:-4.52;3.81:-4.12;3.83:-3.76;3.81:-3.39;3.82:-3.02,3.82:-2.65;3.8:-2.26;3.75:-1.88;3.75:-1.46;3.68:-1.09;3.64:-0.75;3.66:-0.29;3.61:-0;3.55:0.37;3.57:0.73;3.51:1.04;3.39:1.34,3.861074:-3.044216;3.85168:-3.068319;3.872437:-3.012918;3.911669:-3.084147;3.855359:-3.102317;3.842568:-3.01838;3.819832:-2.829521;3.7723:-3.105386;3.689721:-3.140893;3.606426:-3.082409;3.563709:-3.012962;3.507706:-3.104345
sigma3_hotel_seed42,tril,HOTEL:biwi_hotel:236:10470,HOTEL,biwi_hotel,biwi_hotel:236,10470,3,2.4777514934539795,4.529609203338623,0.9829801917076111,0.9759281277656555,0.4275471270084381,0.9519281983375549,1.625,3.21:-5.74;3.19:-5.31;3.1:-4.93;3.11:-4.57;3.13:-4.2;3.07:-3.8;3.02:-3.42;3.07:-3.03,3.06:-2.68;2.94:-2.25;3:-1.87;3.07:-1.5;3.02:-1.12;2.96:-0.78;3.04:-0.42;3.03:-0.1;3.02:0.31;2.94:0.7;2.95:1.03;2.88:1.37,3.139433:-3.055576;3.156545:-3.09094;3.200731:-3.022694;3.268709:-3.111684;3.215017:-3.133344;3.218603:-3.035276;3.209609:-2.827032;3.170757:-3.15052;3.095317:-3.188333;3.007609:-3.123971;2.980202:-3.043812;2.921673:-3.159417
sigma3_hotel_seed42,tril,HOTEL:biwi_hotel:235:10480,HOTEL,biwi_hotel,biwi_hotel:235,10480,3,2.476466178894043,4.518515110015869,0.925000011920929,0.9883928298950195,0.319284588098526,0.6603963971138,1.25,3.82:-5.41;3.83:-4.95;3.77:-4.52;3.81:-4.12;3.83:-3.76;3.81:-3.39;3.82:-3.02;3.82:-2.65,3.8:-2.26;3.75:-1.88;3.75:-1.46;3.68:-1.09;3.64:-0.75;3.66:-0.29;3.61:-0;3.55:0.37;3.57:0.73;3.51:1.04;3.39:1.34;3.41:1.75,3.788437:-2.672106;3.694298:-2.692389;3.634948:-2.634949;3.606075:-2.69629;3.493616:-2.710779;3.414085:-2.643039;3.316266:-2.444504;3.223783:-2.715948;3.072463:-2.740702;2.930514:-2.695079;2.843501:-2.623188;2.758813:-2.721346
sigma3_hotel_seed42,tril,HOTEL:biwi_hotel:236:10480,HOTEL,biwi_hotel,biwi_hotel:236,10480,3,2.4690616130828857,4.4835734367370605,0.8753570914268494,0.9472416639328003,0.4130552411079407,0.9219226241111755,1.375,3.19:-5.31;3.1:-4.93;3.11:-4.57;3.13:-4.2;3.07:-3.8;3.02:-3.42;3.07:-3.03;3.06:-2.68,2.94:-2.25;3:-1.87;3.07:-1.5;3.02:-1.12;2.96:-0.78;3.04:-0.42;3.03:-0.1;3.02:0.31;2.94:0.7;2.95:1.03;2.88:1.37;2.88:1.71,3.040509:-2.702419;2.966226:-2.716486;2.925583:-2.66959;2.908412:-2.724243;2.824681:-2.733846;2.761919:-2.673985;2.688117:-2.489428;2.615006:-2.730582;2.485628:-2.759475;2.375038:-2.713994;2.301316:-2.648648;2.238031:-2.727376
sigma3_hotel_seed42,tril,HOTEL:biwi_hotel:235:10490,HOTEL,biwi_hotel,biwi_hotel:235,10490,3,2.45542311668396,4.5209879875183105,0.9762812256813049,0.9635370373725891,0.2694164216518402,0.5512580871582031,1.125,3.83:-4.95;3.77:-4.52;3.81:-4.12;3.83:-3.76;3.81:-3.39;3.82:-3.02;3.82:-2.65;3.8:-2.26,3.75:-1.88;3.75:-1.46;3.68:-1.09;3.64:-0.75;3.66:-0.29;3.61:-0;3.55:0.37;3.57:0.73;3.51:1.04;3.39:1.34;3.41:1.75;3.44:2.12,3.762008:-2.281644;3.666098:-2.303238;3.602072:-2.245769;3.569546:-2.306747;3.452354:-2.321251;3.367477:-2.253603;3.264976:-2.04977;3.168735:-2.327906;3.010865:-2.352085;2.862665:-2.307292;2.772312:-2.234524;2.683377:-2.337225
sigma3_hotel_seed42,tril,HOTEL:biwi_hotel:236:10490,HOTEL,biwi_hotel,biwi_hotel:236,10490,3,2.5597615242004395,4.730602264404297,1.1160757541656494,0.9672123193740845,0.4485076367855072,0.9051772952079773,1.25,3.1:-4.93;3.11:-4.57;3.13:-4.2;3.07:-3.8;3.02:-3.42;3.07:-3.03;3.06:-2.68;2.94:-2.25,3:-1.87;3.07:-1.5;3.02:-1.12;2.96:-0.78;3.04:-0.42;3.03:-0.1;3.02:0.31;2.94:0.7;2.95:1.03;2.88:1.37;2.88:1.71;2.91:2.05,2.833885:-2.266167;2.678205:-2.286546;2.547121:-2.231235;2.447446:-2.272551;2.266656:-2.298591;2.127162:-2.229774;1.961343:-2.019139;1.809125:-2.29981;1.605294:-2.311386;1.393538:-2.276471;1.25343:-2.209614;1.108272:-2.324057
sigma3_hotel_seed42,tril,HOTEL:biwi_hotel:235:10500,HOTEL,biwi_hotel,biwi_hotel:235,10500,3,2.4445807933807373,4.501856803894043,0.9581884145736694,0.945361852645874,0.19360360503196716,0.39253994822502136,1.0,3.77:-4.52;3.81:-4.12;3.83:-3.76;3.81:-3.39;3.82:-3.02;3.82:-2.65;3.8:-2.26;3.75:-1.88,3.75:-1.46;3.68:-1.09;3.64:-0.75;3.66:-0.29;3.61:-0;3.55:0.37;3.57:0.73;3.51:1.04;3.39:1.34;3.41:1.75;3.44:2.12;3.41:2.47,3.686894:-1.899186;3.574539:-1.913927;3.490735:-1.866828;3.432229:-1.911505;3.307076:-1.927458;3.207996:-1.866847;3.092618:-1.673655;2.984085:-1.92331;2.821465:-1.944471;2.668115:-1.905168;2.56319:-1.841518;2.464609:-1.931472
sigma3_hotel_seed42,tril,HOTEL:biwi_hotel:236:10500,HOTEL,biwi_hotel,biwi_hotel:236,10500,3,2.4015309810638428,4.398467063903809,0.9617692232131958,0.975986897945404,0.6283756494522095,1.3076941967010498,1.125,3.11:-4.57;3.13:-4.2;3.07:-3.8;3.02:-3.42;3.07:-3.03;3.06:-2.68;2.94:-2.25;3:-1.87,3.07:-1.5;3.02:-1.12;2.96:-0.78;3.04:-0.42;3.03:-0.1;3.02:0.31;2.94:0.7;2.95:1.03;2.88:1.37;2.88:1.71;2.91:2.05;2.86:2.4,3.088243:-1.896112;3.122263:-1.930067;3.184372:-1.86391;3.266353:-1.952797;3.229607:-1.974746;3.250582:-1.876665;3.258877:-1.675884;3.233255:-1.990354;3.177997:-2.030472;3.107378:-1.964504;3.092616:-1.886374;3.043849:-1.994623
sigma3_hotel_seed42,tril,HOTEL:biwi_hotel:235:10510,HOTEL,biwi_hotel,biwi_hotel:235,10510,3,2.3809173107147217,4.45046854019165,1.0499999523162842,0.9517922401428223,0.21371807157993317,0.4791972041130066,1.0,3.81:-4.12;3.83:-3.76;3.81:-3.39;3.82:-3.02;3.82:-2.65;3.8:-2.26;3.75:-1.88;3.75:-1.46,3.68:-1.09;3.64:-0.75;3.66:-0.29;3.61:-0;3.55:0.37;3.57:0.73;3.51:1.04;3.39:1.34;3.41:1.75;3.44:2.12;3.41:2.47;3.47:2.83,3.747262:-1.483545;3.681266:-1.515833;3.647524:-1.444843;3.649039:-1.524406;3.536341:-1.54418;3.474439:-1.45855;3.391838:-1.241379;3.305362:-1.562643;3.162117:-1.589625;3.015792:-1.536064;2.941414:-1.45407;2.85158:-1.577293
sigma3_hotel_seed42,tril,HOTEL:biwi_hotel:236:10510,HOTEL,biwi_hotel,biwi_hotel:236,10510,3,2.408646583557129,4.372323036193848,0.9414085149765015,0.9781380891799927,0.5541070103645325,1.135180115699768,1.0,3.13:-4.2;3.07:-3.8;3.02:-3.42;3.07:-3.03;3.06:-2.68;2.94:-2.25;3:-1.87;3.07:-1.5,3.02:-1.12;2.96:-0.78;3.04:-0.42;3.03:-0.1;3.02:0.31;2.94:0.7;2.95:1.03;2.88:1.37;2.88:1.71;2.91:2.05;2.86:2.4;2.78:2.73,3.174052:-1.526432;3.222578:-1.556807;3.300496:-1.49513;3.393052:-1.581259;3.37511:-1.602538;3.412123:-1.506637;3.437811:-1.317232;3.425692:-1.613401;3.39122:-1.655889;3.340498:-1.589358;3.337487:-1.515145;3.300509:-1.61123
sigma3_hotel_seed42,tril,HOTEL:biwi_hotel:235:10520,HOTEL,biwi_hotel,biwi_hotel:235,10520,3,2.395853281021118,4.5132622718811035,0.9414085149765015,0.957509458065033,0.26037660241127014,0.55667644739151,1.0,3.83:-3.76;3.81:-3.39;3.82:-3.02;3.82:-2.65;3.8:-2.26;3.75:-1.88;3.75:-1.46;3.68:-1.09,3.64:-0.75;3.66:-0.29;3.61:-0;3.55:0.37;3.57:0.73;3.51:1.04;3.39:1.34;3.41:1.75;3.44:2.12;3.41:2.47;3.47:2.83;3.51:3.19,3.58754:-1.106437;3.454371:-1.115288;3.345895:-1.077204;3.257624:-1.105829;3.118359:-1.124178;3.000674:-1.069381;2.867:-0.8842501;2.741681:-1.110209;2.569421:-1.127277;2.404343:-1.093909;2.281341:-1.03848;2.16819:-1.119186
sigma3_hotel_seed42,tril,HOTEL:biwi_hotel:236:10520,HOTEL,biwi_hotel,biwi_hotel:236,10520,3,2.348261594772339,4.337862014770508,0.9581884145736694,0.9705668091773987,0.6562479138374329,1.4349242448806763,1.0,3.07:-3.8;3.02:-3.42;3.07:-3.03;3.06:-2.68;2.94:-2.25;3:-1.87;3.07:-1.5;3.02:-1.12,2.96:-0.78;3.04:-0.42;3.03:-0.1;3.02:0.31;2.94:0.7;2.95:1.03;2.88:1.37;2.88:1.71;2.91:2.05;2.86:2.4;2.78:2.73;2.83:3.05,2.973064:-1.140647;2.874234:-1.158166;2.805256:-1.107426;2.763898:-1.160035;2.649171:-1.173886;2.56115:-1.111249;2.457747:-0.9140917;2.36024:-1.174512;2.204013:-1.198272;2.059788:-1.155968;1.965812:-1.088284;1.877262:-1.181942
sigma3_hotel_seed42,tril,HOTEL:biwi_hotel:240:10520,HOTEL,biwi_hotel,biwi_hotel:240,10520,3,3.8047006130218506,6.952133655548096,1.609541893005371,1.5495063066482544,0.4879259765148163,0.719086229801178,0.0,3.04:-9.01;3.08:-8.44;3.08:-7.85;3.03:-7.23;3.07:-6.62;2.96:-5.98;2.93:-5.33;2.86:-4.69,2.8:-4.21;2.86:-3.53;2.73:-2.93;2.71:-2.38;2.75:-1.8;2.74:-1.22;2.76:-0.74;2.74:-0.25;2.67:0.22;2.65:0.74;2.62:1.21;2.51:1.68,2.761893:-4.709912;2.555077:-4.773331;2.387442:-4.645624;2.294274:-4.752361;1.998077:-4.8025;1.820356:-4.67594;1.577362:-4.384809;1.362391:-4.862729;1.079952:-4.86083;0.7376282:-4.811202;0.5695496:-4.696397;0.3428082:-4.925713
sigma3_hotel_seed42,tril,HOTEL:biwi_hotel:235:10530,HOTEL,biwi_hotel,biwi_hotel:235,10530,3,2.3659021854400635,4.390628337860107,0.8558621406555176,0.9474397301673889,0.2733207941055298,0.5455250144004822,1.0,3.81:-3.39;3.82:-3.02;3.82:-2.65;3.8:-2.26;3.75:-1.88;3.75:-1.46;3.68:-1.09;3.64:-0.75,3.66:-0.29;3.61:-0;3.55:0.37;3.57:0.73;3.51:1.04;3.39:1.34;3.41:1.75;3.44:2.12;3.41:2.47;3.47:2.83;3.51:3.19;3.47:3.55,3.592558:-0.769173;3.499338:-0.7758915;3.436181:-0.7427925;3.39063:-0.7779518;3.303084:-0.7849201;3.223872:-0.7359076;3.135462:-0.5673504;3.052958:-0.7708776;2.916694:-0.7957671;2.807991:-0.7603038;2.718328:-0.7026616;2.649955:-0.763368
sigma3_hotel_seed42,tril,HOTEL:biwi_hotel:236:10530,HOTEL,biwi_hotel,biwi_hotel:236,10530,3,2.3580472469329834,4.359285354614258,0.8631338477134705,0.9569875597953796,0.5945107340812683,1.2204320430755615,1.0,3.02:-3.42;3.07:-3.03;3.06:-2.68;2.94:-2.25;3:-1.87;3.07:-1.5;3.02:-1.12;2.96:-0.78,3.04:-0.42;3.03:-0.1;3.02:0.31;2.94:0.7;2.95:1.03;2.88:1.37;2.88:1.71;2.91:2.05;2.86:2.4;2.78:2.73;2.83:3.05;2.88:3.44,2.895302:-0.7974699;2.786041:-0.8023424;2.70585:-0.7722019;2.64191:-0.7995543;2.541382:-0.8084987;2.449343:-0.7609696;2.345833:-0.5963827;2.250772:-0.7911054;2.105694:-0.8124692;1.986108:-0.7810213;1.883639:-0.7260439;1.803426:-0.7842581
sigma3_hotel_seed42,tril,HOTEL:biwi_hotel:240:10530,HOTEL,biwi_hotel,biwi_hotel:240,10530,3,3.7133381366729736,6.52473783493042,1.209338665008545,1.518196940422058,0.6083331108093262,0.6644386649131775,0.0,3.08:-8.44;3.08:-7.85;3.03:-7.23;3.07:-6.62;2.96:-5.98;2.93:-5.33;2.86:-4.69;2.8:-4.21,2.86:-3.53;2.73:-2.93;2.71:-2.38;2.75:-1.8;2.74:-1.22;2.76:-0.74;2.74:-0.25;2.67:0.22;2.65:0.74;2.62:1.21;2.51:1.68;2.63:2.06,2.740347:-4.23056;2.598953:-4.258904;2.497151:-4.183846;2.435255:-4.250641;2.26176:-4.27868;2.148439:-4.194923;1.999731:-3.981117;1.863106:-4.293165;1.675101:-4.307464;1.47119:-4.262488;1.35219:-4.183346;1.219112:-4.310369
sigma3_hotel_seed42,tril,HOTEL:biwi_hotel:235:10540,HOTEL,biwi_hotel,biwi_hotel:235,10540,3,2.2979471683502197,4.206655979156494,1.151086449623108,0.9796895384788513,0.4026583731174469,0.6790642142295837,1.0,3.82:-3.02;3.82:-2.65;3.8:-2.26;3.75:-1.88;3.75:-1.46;3.68:-1.09;3.64:-0.75;3.66:-0.29,3.61:-0;3.55:0.37;3.57:0.73;3.51:1.04;3.39:1.34;3.41:1.75;3.44:2.12;3.41:2.47;3.47:2.83;3.51:3.19;3.47:3.55;3.52:3.72,3.729591:-0.3165972;3.728532:-0.3667094;3.755795:-0.2750365;3.823897:-0.3860279;3.73608:-0.4116729;3.72276:-0.3020685;3.683669:-0.05957468;3.629077:-0.4530872;3.52173:-0.4864526;3.387189:-0.4213951;3.355906:-0.3222552;3.274152:-0.4794657
sigma3_hotel_seed42,tril,HOTEL:biwi_hotel:236:10540,HOTEL,biwi_hotel,biwi_hotel:236,10540,3,2.3785059452056885,4.337804317474365,0.9219544529914856,0.9482696056365967,0.6667089462280273,1.4577000141143799,1.0,3.07:-3.03;3.06:-2.68;2.94:-2.25;3:-1.87;3.07:-1.5;3.02:-1.12;2.96:-0.78;3.04:-0.42,3.03:-0.1;3.02:0.31;2.94:0.7;2.95:1.03;2.88:1.37;2.88:1.71;2.91:2.05;2.86:2.4;2.78:2.73;2.83:3.05;2.88:3.44;2.8:3.78,3.141395:-0.4464277;3.186796:-0.4781826;3.261388:-0.4146455;3.352267:-0.5022995;3.329452:-0.5239522;3.36303:-0.4270216;3.384427:-0.2339804;3.369172:-0.5368392;3.32968:-0.5787464;3.273364:-0.5121899;3.268071:-0.4364405;3.227863:-0.5366516
sigma3_hotel_seed42,tril,HOTEL:biwi_hotel:240:10540,HOTEL,biwi_hotel,biwi_hotel:240,10540,3,3.609330415725708,6.288471221923828,1.7066048383712769,1.551283359527588,0.7905503511428833,0.7963300347328186,0.0,3.08:-7.85;3.03:-7.23;3.07:-6.62;2.96:-5.98;2.93:-5.33;2.86:-4.69;2.8:-4.21;2.86:-3.53,2.73:-2.93;2.71:-2.38;2.75:-1.8;2.74:-1.22;2.76:-0.74;2.74:-0.25;2.67:0.22;2.65:0.74;2.62:1.21;2.51:1.68;2.63:2.06;2.61:2.37,3.033006:-3.56345;3.053598:-3.660979;3.111678:-3.490819;3.256427:-3.687233;3.136093:-3.725543;3.150372:-3.575242;3.091397:-3.241054;3.05468:-3.849648;2.933121:-3.87904;2.714373:-3.805443;2.743017:-3.642566;2.632806:-3.91843
sigma3_hotel_seed42,tril,HOTEL:biwi_hotel:240:10550,HOTEL,biwi_hotel,biwi_hotel:240,10550,3,3.6491944789886475,6.529521942138672,1.5348045825958252,1.548393726348877,0.9109684824943542,0.9517550468444824,0.0,3.03:-7.23;3.07:-6.62;2.96:-5.98;2.93:-5.33;2.86:-4.69;2.8:-4.21;2.86:-3.53;2.73:-2.93,2.71:-2.38;2.75:-1.8;2.74:-1.22;2.76:-0.74;2.74:-0.25;2.67:0.22;2.65:0.74;2.62:1.21;2.51:1.68;2.63:2.06;2.61:2.37;2.56:2.77,2.573927:-2.944549;2.323637:-2.99647;2.106135:-2.885705;1.952883:-2.961073;1.626355:-3.017055;1.411533:-2.901141;1.130532:-2.62635;0.8803051:-3.058386;0.5785453:-3.048209;0.210748:-3.009907;0.005646706:-2.911542;-0.2521119:-3.122935
sigma3_hotel_seed42,tril,HOTEL:biwi_hotel:240:10560,HOTEL,biwi_hotel,biwi_hotel:240,10560,3,3.3448925018310547,5.947645664215088,1.3759087324142456,1.5266270637512207,0.8774892091751099,0.8930841088294983,0.0,3.07:-6.62;2.96:-5.98;2.93:-5.33;2.86:-4.69;2.8:-4.21;2.86:-3.53;2.73:-2.93;2.71:-2.38,2.75:-1.8;2.74:-1.22;2.76:-0.74;2.74:-0.25;2.67:0.22;2.65:0.74;2.62:1.21;2.51:1.68;2.63:2.06;2.61:2.37;2.56:2.77;2.64:3.22,2.687387:-2.403684;2.565844:-2.452021;2.485746:-2.348454;2.461545:-2.449573;2.274877:-2.482922;2.174716:-2.375668;2.029267:-2.125963;1.896342:-2.525345;1.701748:-2.540491;1.474061:-2.485958;1.371151:-2.384387;1.228381:-2.5577
sigma3_hotel_seed42,tril,HOTEL:biwi_hotel:254:10710,HOTEL,biwi_hotel,biwi_hotel:254,10710,3,4.277955532073975,7.9084792137146,1.5252048969268799,1.6447659730911255,0.3557406961917877,0.3609086573123932,0.0,2.84:-9.9;2.77:-9.22;2.78:-8.53;2.78:-7.89;2.76:-7.25;2.8:-6.59;2.79:-5.91;2.8:-5.3,2.85:-4.63;2.88:-3.93;2.97:-3.34;3:-2.72;2.98:-2.08;2.99:-1.44;2.93:-0.8;2.85:-0.2;2.76:0.46;2.64:1.07;2.61:1.69;2.58:2.28,2.842201:-5.327338;2.761689:-5.398129;2.721187:-5.263257;2.753654:-5.405216;2.576137:-5.441321;2.507053:-5.315288;2.378993:-5.022826;2.272206:-5.520761;2.088468:-5.539246;1.84539:-5.478158;1.784951:-5.348419;1.644343:-5.572935
sigma3_hotel_seed42,tril,HOTEL:biwi_hotel:254:10720,HOTEL,biwi_hotel,biwi_hotel:254,10720,3,4.248118877410889,7.843897342681885,1.6796576976776123,1.6405766010284424,0.34687450528144836,0.3019338846206665,0.0,2.77:-9.22;2.78:-8.53;2.78:-7.89;2.76:-7.25;2.8:-6.59;2.79:-5.91;2.8:-5.3;2.85:-4.63,2.88:-3.93;2.97:-3.34;3:-2.72;2.98:-2.08;2.99:-1.44;2.93:-0.8;2.85:-0.2;2.76:0.46;2.64:1.07;2.61:1.69;2.58:2.28;2.58:2.84,2.991992:-4.662156;2.989223:-4.75579;3.023162:-4.59127;3.143023:-4.778589;3.006811:-4.815701;2.999068:-4.670011;2.921729:-4.338846;2.868007:-4.932849;2.726433:-4.959868;2.496946:-4.88927;2.505261:-4.731115;2.386655:-5.001513
sigma3_hotel_seed42,tril,HOTEL:biwi_hotel:254:10730,HOTEL,biwi_hotel,biwi_hotel:254,10730,3,4.156349182128906,7.719465255737305,1.7516064643859863,1.644351601600647,0.3313175439834595,0.3190999925136566,0.0,2.78:-8.53;2.78:-7.89;2.76:-7.25;2.8:-6.59;2.79:-5.91;2.8:-5.3;2.85:-4.63;2.88:-3.93,2.97:-3.34;3:-2.72;2.98:-2.08;2.99:-1.44;2.93:-0.8;2.85:-0.2;2.76:0.46;2.64:1.07;2.61:1.69;2.58:2.28;2.58:2.84;2.47:3.39,2.975285:-3.96085;2.911424:-4.056469;2.889335:-3.880567;2.965501:-4.068605;2.773511:-4.109231;2.717922:-3.959994;2.584663:-3.617464;2.490175:-4.228389;2.297716:-4.245104;2.01396:-4.179206;1.986692:-4.015001;1.835274:-4.303326
sigma3_hotel_seed42,tril,HOTEL:biwi_hotel:259:10850,HOTEL,biwi_hotel,biwi_hotel:259,10850,3,4.058850288391113,7.53118896484375,1.4519383907318115,1.401853322982788,0.324871301651001,0.47993582487106323,0.375,3.58:2.97;3.46:2.39;3.45:1.84;3.48:1.32;3.45:0.77;3.45:0.2;3.43:-0.36;3.4:-0.94,3.45:-1.53;3.45:-2.16;3.47:-2.77;3.45:-3.35;3.33:-3.96;3.23:-4.58;3.04:-5.18;2.88:-5.77;2.77:-6.39;2.67:-7.16;2.71:-7.8;2.74:-8.45,3.29385:-0.9595323;3.075526:-1.026487;2.896753:-0.8936306;2.795322:-1.002966;2.481857:-1.056746;2.294482:-0.9257693;2.037005:-0.6270651;1.80935:-1.121992;1.51473:-1.117798;1.153718:-1.06814;0.9765472:-0.9505818;0.7354972:-1.19047
sigma3_hotel_seed42,tril,HOTEL:biwi_hotel:259:10860,HOTEL,biwi_hotel,biwi_hotel:259,10860,3,3.9365081787109375,7.192102432250977,1.4802870750427246,1.4017930030822754,0.2900848984718323,0.43031951785087585,0.375,3.46:2.39;3.45:1.84;3.48:1.32;3.45:0.77;3.45:0.2;3.43:-0.36;3.4:-0.94;3.45:-1.53,3.45:-2.16;3.47:-2.77;3.45:-3.35;3.33:-3.96;3.23:-4.58;3.04:-5.18;2.88:-5.77;2.77:-6.39;2.67:-7.16;2.71:-7.8;2.74:-8.45;2.85:-9.1,3.644378:-1.564348;3.673828:-1.663779;3.7441:-1.48687;3.902632:-1.691066;3.788584:-1.731106;3.8154:-1.575207;3.765382:-1.241686;3.737712:-1.857844;3.62887:-1.887627;3.413402:-1.812434;3.454971:-1.645505;3.348388:-1.925187
sigma3_hotel_seed42,tril,HOTEL:biwi_hotel:259:10870,HOTEL,biwi_hotel,biwi_hotel:259,10870,3,3.9483120441436768,7.391729354858398,1.5750000476837158,1.4303319454193115,0.3047007620334625,0.43905502557754517,0.375,3.45:1.84;3.48:1.32;3.45:0.77;3.45:0.2;3.43:-0.36;3.4:-0.94;3.45:-1.53;3.45:-2.16,3.47:-2.77;3.45:-3.35;3.33:-3.96;3.23:-4.58;3.04:-5.18;2.88:-5.77;2.77:-6.39;2.67:-7.16;2.71:-7.8;2.74:-8.45;2.85:-9.1;3.06:-9.78,3.483108:-2.188496;3.34765:-2.278189;3.26169:-2.102115;3.277699:-2.276652;3.029958:-2.32181;2.922411:-2.174338;2.731382:-1.839202;2.588358:-2.430836;2.348864:-2.437132;2.020066:-2.37698;1.944376:-2.218139;1.759156:-2.503637
sigma3_hotel_seed42,tril,HOTEL:biwi_hotel:261:10900,HOTEL,biwi_hotel,biwi_hotel:261,10900,3,4.170139789581299,7.585117816925049,1.552417516708374,1.5516921281814575,0.45570483803749084,0.4992597699165344,0.25,1.27:3.92;1.35:3.26;1.41:2.68;1.47:2.08;1.68:1.46;1.79:0.85;1.89:0.26;2.05:-0.34,2.07:-0.95;2.14:-1.59;2.11:-2.24;2.04:-2.91;2.08:-3.59;2.04:-4.29;2.1:-4.96;2.15:-5.64;2.06:-6.31;2.06:-7.01;1.93:-7.66;1.77:-8.3,2.326859:-0.3775977;2.404603:-0.4815063;2.530978:-0.2897874;2.746701:-0.5153857;2.67618:-0.5577142;2.759057:-0.3924317;2.75429:-0.06399116;2.773057:-0.6949259;2.721836:-0.7293096;2.536897:-0.6496161;2.634294:-0.4721666;2.553854:-0.755493
sigma3_hotel_seed42,tril,HOTEL:biwi_hotel:262:11000,HOTEL,biwi_hotel,biwi_hotel:262,11000,3,4.147670745849609,7.675688743591309,1.467353105545044,1.5321931838989258,0.41039782762527466,0.4916640818119049,0.625,3.39:-9.44;3.45:-8.86;3.43:-8.25;3.48:-7.66;3.43:-6.99;3.37:-6.35;3.31:-5.75;3.22:-5.17,3.22:-4.62;3.23:-4.02;3.17:-3.38;3.19:-2.78;3.28:-2.23;3.28:-1.47;3.36:-0.82;3.38:-0.27;3.36:0.33;3.36:0.94;3.22:1.51;3.17:1.98,3.123511:-5.189172;2.931717:-5.240223;2.776826:-5.132195;2.684071:-5.221457;2.421993:-5.265054;2.257815:-5.154133;2.038507:-4.887782;1.842719:-5.308592;1.585369:-5.310769;1.282086:-5.264628;1.123523:-5.163342;0.9213433:-5.35892
sigma3_hotel_seed42,tril,HOTEL:biwi_hotel:262:11010,HOTEL,biwi_hotel,biwi_hotel:262,11010,3,4.0732502937316895,7.452739715576172,1.375,1.5203734636306763,0.42021897435188293,0.5097519755363464,0.75,3.45:-8.86;3.43:-8.25;3.48:-7.66;3.43:-6.99;3.37:-6.35;3.31:-5.75;3.22:-5.17;3.22:-4.62,3.23:-4.02;3.17:-3.38;3.19:-2.78;3.28:-2.23;3.28:-1.47;3.36:-0.82;3.38:-0.27;3.36:0.33;3.36:0.94;3.22:1.51;3.17:1.98;3.11:2.6,3.334002:-4.64895;3.336944:-4.708544;3.377695:-4.593985;3.469788:-4.727963;3.381403:-4.758658;3.38653:-4.639639;3.346091:-4.384534;3.304336:-4.82091;3.209683:-4.852597;3.05913:-4.786431;3.054322:-4.671071;2.969834:-4.851422
sigma3_hotel_seed42,tril,HOTEL:biwi_hotel:263:11010,HOTEL,biwi_hotel,biwi_hotel:263,11010,3,4.337179660797119,8.086347579956055,1.6190274953842163,1.6435320377349854,0.46043023467063904,0.5753926634788513,0.625,1.15:-10.15;1.19:-9.46;1.26:-8.82;1.23:-8.21;1.24:-7.58;1.33:-6.89;1.39:-6.21;1.54:-5.58,1.74:-4.92;1.88:-4.29;2.07:-3.69;2.22:-3.04;2.27:-2.39;2.4:-1.76;2.46:-1.09;2.45:-0.44;2.5:0.22;2.47:0.88;2.4:1.5;2.4:2.08,1.717815:-5.613259;1.748667:-5.705804;1.817096:-5.543889;1.965248:-5.73297;1.859818:-5.770545;1.884388:-5.623716;1.839436:-5.302728;1.810453:-5.886767;1.704667:-5.918293;1.505264:-5.844229;1.537707:-5.688359;1.436647:-5.948759
sigma3_hotel_seed42,tril,HOTEL:biwi_hotel:262:11020,HOTEL,biwi_hotel,biwi_hotel:262,11020,3,4.1012115478515625,7.480707168579102,1.5002083778381348,1.5167148113250732,0.3974992632865906,0.40909820795059204,0.875,3.43:-8.25;3.48:-7.66;3.43:-6.99;3.37:-6.35;3.31:-5.75;3.22:-5.17;3.22:-4.62;3.23:-4.02,3.17:-3.38;3.19:-2.78;3.28:-2.23;3.28:-1.47;3.36:-0.82;3.38:-0.27;3.36:0.33;3.36:0.94;3.22:1.51;3.17:1.98;3.11:2.6;3:3.15,3.372489:-4.051157;3.386019:-4.12986;3.43614:-3.988266;3.555045:-4.153375;3.451719:-4.187279;3.461152:-4.052868;3.412632:-3.757226;3.37379:-4.280308;3.264922:-4.311346;3.081295:-4.241406;3.093075:-4.102419;2.996524:-4.330707
sigma3_hotel_seed42,tril,HOTEL:biwi_hotel:263:11020,HOTEL,biwi_hotel,biwi_hotel:263,11020,3,4.293097972869873,7.947391510009766,1.7240939140319824,1.6429888010025024,0.46043023467063904,0.5848483443260193,0.75,1.19:-9.46;1.26:-8.82;1.23:-8.21;1.24:-7.58;1.33:-6.89;1.39:-6.21;1.54:-5.58;1.74:-4.92,1.88:-4.29;2.07:-3.69;2.22:-3.04;2.27:-2.39;2.4:-1.76;2.46:-1.09;2.45:-0.44;2.5:0.22;2.47:0.88;2.4:1.5;2.4:2.08;2.35:2.61,1.967957:-4.955368;2.030879:-5.058261;2.133661:-4.879219;2.322223:-5.087362;2.226253:-5.131766;2.282676:-4.968742;2.258534:-4.63687;2.248428:-5.262467;2.169502:-5.293998;1.9724:-5.212788;2.032978:-5.045049;1.933273:-5.326458
sigma3_hotel_seed42,tril,HOTEL:biwi_hotel:264:11150,HOTEL,biwi_hotel,biwi_hotel:264,11150,3,4.546391010284424,8.392806053161621,1.5700318813323975,1.4811698198318481,0.7691200375556946,1.2344738245010376,0.625,1.86:3.35;1.87:2.8;1.74:2.23;1.78:1.63;1.67:1.05;1.62:0.46;1.65:-0.14;1.55:-0.76,1.64:-1.39;1.64:-2.01;1.61:-2.64;1.69:-3.29;1.58:-3.95;1.62:-4.62;1.64:-5.33;1.54:-6.03;1.63:-6.72;1.54:-7.36;1.6:-8;1.66:-8.67,1.391128:-0.7754808;1.113102:-0.8432063;0.873786:-0.7033048;0.7161974:-0.8027859;0.3378508:-0.8692152;0.1022698:-0.7294117;-0.2148138:-0.4247173;-0.4945617:-0.9305187;-0.8306601:-0.9131387;-1.255431:-0.8702549;-1.475559:-0.7534095;-1.769787:-1.00999
sigma3_hotel_seed42,tril,HOTEL:biwi_hotel:265:11350,HOTEL,biwi_hotel,biwi_hotel:265,11350,3,3.805786371231079,6.968319892883301,1.275979995727539,1.334183692932129,0.3463851511478424,0.5152580738067627,2.25,0.78:3;0.8:2.48;0.8:1.96;0.85:1.4;0.85:0.87;0.8:0.34;0.82:-0.22;0.8:-0.73,0.75:-1.26;0.85:-1.92;0.83:-2.48;0.81:-3.05;0.77:-3.63;0.7:-4.23;0.63:-4.77;0.67:-5.45;0.61:-6.1;0.49:-6.7;0.5:-7.29;0.47:-7.82,0.8001426:-0.7552259;0.6728002:-0.8136687;0.5941011:-0.6906392;0.5801746:-0.8106855;0.3788717:-0.8501871;0.2832636:-0.732341;0.1258988:-0.4667245;-0.0100649:-0.9121113;-0.2080404:-0.9255767;-0.4611517:-0.8691871;-0.5554865:-0.7546039;-0.7117162:-0.9526117
sigma3_hotel_seed42,tril,HOTEL:biwi_hotel:266:11350,HOTEL,biwi_hotel,biwi_hotel:266,11350,3,0.14636413753032684,0.30099210143089294,0.0,0.0,0.0,0.0,0.5,-0.83:2.36;-0.83:2.36;-0.83:2.36;-0.83:2.36;-0.83:2.36;-0.83:2.36;-0.83:2.36;-0.83:2.36,-0.83:2.36;-0.83:2.36;-0.83:2.36;-0.83:2.36;-0.83:2.36;-0.83:2.36;-0.83:2.36;-0.83:2.36;-0.83:2.36;-0.83:2.36;-0.83:2.36;-0.83:2.36,-0.8427266:2.358091;-0.8625309:2.361267;-0.8840113:2.362653;-0.9139097:2.349275;-0.9406241:2.35322;-0.9576557:2.364805;-0.9797316:2.381092;-1.019836:2.357007;-1.029689:2.346313;-1.068564:2.364368;-1.08216:2.379012;-1.130241:2.381254
sigma3_hotel_seed42,tril,HOTEL:biwi_hotel:277:11770,HOTEL,biwi_hotel,biwi_hotel:277,11770,3,3.686328887939453,6.782960891723633,1.3536986112594604,1.3919956684112549,0.3773801922798157,0.5506237149238586,0.125,0.28:1.49;0.23:0.93;0.21:0.37;0.2:-0.19;0.14:-0.71;0.1:-1.27;0.2:-1.85;0.24:-2.39,0.25:-2.95;0.34:-3.51;0.42:-4.19;0.28:-4.67;0.32:-5.26;0.28:-5.87;0.19:-6.45;0.21:-6.99;0.09:-7.62;0.06:-8.33;0.1:-8.91;0.17:-9.49,0.3894445:-2.42155;0.3997795:-2.501947;0.4501911:-2.355754;0.5704788:-2.524723;0.4635216:-2.561056;0.4753478:-2.424026;0.4236:-2.12764;0.3834276:-2.658261;0.276235:-2.688796;0.08694156:-2.618393;0.1005538:-2.477253;1.360476e-05:-2.70917
sigma3_hotel_seed42,tril,HOTEL:biwi_hotel:278:11770,HOTEL,biwi_hotel,biwi_hotel:278,11770,3,4.3260345458984375,7.96746826171875,1.6796576976776123,1.6049749851226807,0.3547443747520447,0.41236618161201477,0.75,1.34:4.05;1.24:3.41;1.2:2.78;1.15:2.14;1.18:1.49;1.19:0.89;1.17:0.24;1.22:-0.43,1.22:-1.09;1.26:-1.75;1.31:-2.42;1.33:-3.1;1.42:-3.81;1.43:-4.51;1.41:-5.21;1.42:-5.93;1.37:-6.67;1.38:-7.38;1.32:-8.15;1.28:-8.85,1.444463:-0.4667142;1.465441:-0.5839102;1.530991:-0.3676093;1.712396:-0.6099968;1.569757:-0.6532361;1.591077:-0.4746718;1.522067:-0.1026132;1.496009:-0.8037798;1.36706:-0.8261124;1.10461:-0.7493812;1.166254:-0.551057;1.046197:-0.8859635
sigma3_hotel_seed42,tril,HOTEL:biwi_hotel:282:11790,HOTEL,biwi_hotel,biwi_hotel:282,11790,3,4.030633449554443,7.401583194732666,1.4252192974090576,1.5479848384857178,0.26560574769973755,0.15967147052288055,0.125,3.5:-8.7;3.52:-8.11;3.56:-7.49;3.62:-6.81;3.62:-6.19;3.62:-5.57;3.62:-4.94;3.63:-4.37,3.44:-3.71;3.35:-3.11;3.22:-2.52;3.11:-1.94;3.08:-1.35;3.05:-0.75;3.05:-0.17;3.08:0.52;3.08:1.12;3.11:1.67;3.12:2.23;3.1:2.8,3.687931:-4.397086;3.630214:-4.455779;3.613873:-4.338161;3.655807:-4.464894;3.515325:-4.498396;3.471397:-4.381104;3.376326:-4.120043;3.291301:-4.559453;3.146291:-4.582459;2.948457:-4.521409;2.90168:-4.406252;2.785281:-4.594889
sigma3_hotel_seed42,tril,HOTEL:biwi_hotel:282:11800,HOTEL,biwi_hotel,biwi_hotel:282,11800,3,4.131753921508789,7.817307472229004,1.717010498046875,1.5824366807937622,0.4565032422542572,0.4269716739654541,0.125,3.52:-8.11;3.56:-7.49;3.62:-6.81;3.62:-6.19;3.62:-5.57;3.62:-4.94;3.63:-4.37;3.44:-3.71,3.35:-3.11;3.22:-2.52;3.11:-1.94;3.08:-1.35;3.05:-0.75;3.05:-0.17;3.08:0.52;3.08:1.12;3.11:1.67;3.12:2.23;3.1:2.8;3.09:3.3,3.270547:-3.724278;3.00329:-3.788426;2.766069:-3.661609;2.604562:-3.750216;2.240727:-3.812029;2.004876:-3.683433;1.695126:-3.379812;1.421337:-3.86951;1.087335:-3.854903;0.6757133:-3.815314;0.4558871:-3.704784;0.1693959:-3.951232
sigma3_hotel_seed42,tril,HOTEL:biwi_hotel:288:12450,HOTEL,biwi_hotel,biwi_hotel:288,12450,3,3.585905075073242,6.145820140838623,1.5660459995269775,1.6442515850067139,0.34744611382484436,0.43012428283691406,1.375,3.1:-7.4;3.03:-6.72;2.95:-6.06;2.91:-5.43;2.91:-4.79;2.86:-4.12;2.77:-3.44;2.59:-2.84,2.36:-2.18;2.15:-1.58;1.89:-1.02;1.68:-0.46;1.48:0.07;1.26:0.62;1.07:1.14;0.84:1.6;0.67:2.03;0.47:2.48;0.25:2.83;0.18:3.06,2.372813:-2.848978;2.083734:-2.891113;1.816612:-2.797834;1.604938:-2.842715;1.249047:-2.902737;0.9947196:-2.798416;0.6763308:-2.532807;0.3921044:-2.927143;0.06622648:-2.909234;-0.328433:-2.882782;-0.569803:-2.799155;-0.8578327:-2.997558
sigma3_hotel_seed42,tril,HOTEL:biwi_hotel:288:12460,HOTEL,biwi_hotel,biwi_hotel:288,12460,3,3.4504430294036865,5.969066143035889,1.7473193407058716,1.6497280597686768,0.40551048517227173,0.4559480547904968,1.625,3.03:-6.72;2.95:-6.06;2.91:-5.43;2.91:-4.79;2.86:-4.12;2.77:-3.44;2.59:-2.84;2.36:-2.18,2.15:-1.58;1.89:-1.02;1.68:-0.46;1.48:0.07;1.26:0.62;1.07:1.14;0.84:1.6;0.67:2.03;0.47:2.48;0.25:2.83;0.18:3.06;0.09:3.33,2.10379:-2.186566;1.769981:-2.238519;1.455628:-2.130284;1.206753:-2.179072;0.7879483:-2.250669;0.4922208:-2.132897;0.119565:-1.842209;-0.2113318:-2.286373;-0.5838087:-2.258496;-1.045869:-2.234652;-1.322476:-2.142999;-1.661764:-2.376231
sigma3_hotel_seed42,tril,HOTEL:biwi_hotel:288:12470,HOTEL,biwi_hotel,biwi_hotel:288,12470,3,3.233822822570801,5.312066078186035,1.589221477508545,1.6393201351165771,0.4193079471588135,0.4000817835330963,1.875,2.95:-6.06;2.91:-5.43;2.91:-4.79;2.86:-4.12;2.77:-3.44;2.59:-2.84;2.36:-2.18;2.15:-1.58,1.89:-1.02;1.68:-0.46;1.48:0.07;1.26:0.62;1.07:1.14;0.84:1.6;0.67:2.03;0.47:2.48;0.25:2.83;0.18:3.06;0.09:3.33;0.02:3.33,1.900796:-1.586211;1.580352:-1.624226;1.281035:-1.534927;1.034066:-1.566236;0.6510473:-1.632228;0.3729249:-1.529179;0.02609539:-1.269817;-0.2840562:-1.649167;-0.6254225:-1.625086;-1.044566:-1.603933;-1.309978:-1.526816;-1.622685:-1.721696
sigma3_hotel_seed42,tril,HOTEL:biwi_hotel:288:12480,HOTEL,biwi_hotel,biwi_hotel:288,12480,3,3.117006301879883,5.023578643798828,1.5435348749160767,1.6343721151351929,0.4430581331253052,0.43467020988464355,2.0,2.91:-5.43;2.91:-4.79;2.86:-4.12;2.77:-3.44;2.59:-2.84;2.36:-2.18;2.15:-1.58;1.89:-1.02,1.68:-0.46;1.48:0.07;1.26:0.62;1.07:1.14;0.84:1.6;0.67:2.03;0.47:2.48;0.25:2.83;0.18:3.06;0.09:3.33;0.02:3.33;0:3.37,1.573484:-1.019569;1.212278:-1.038816;0.8617339:-0.9787722;0.5466251:-0.9657395;0.1458843:-1.034326;-0.1695067:-0.9514742;-0.5480191:-0.7202805;-0.8884438:-1.021517;-1.241677:-0.9898942;-1.671376:-0.9837903;-1.974107:-0.9313679;-2.309727:-1.09111
sigma3_hotel_seed42,tril,HOTEL:biwi_hotel:289:12480,HOTEL,biwi_hotel,biwi_hotel:289,12480,3,3.788694381713867,7.099523544311523,1.546164631843567,1.556015133857727,0.4444514214992523,0.5950492024421692,2.0,2.98:-7.11;2.98:-6.5;2.88:-5.87;2.81:-5.27;2.79:-4.61;2.65:-4.01;2.54:-3.41;2.39:-2.81,2.15:-2.28;2.01:-1.68;1.86:-1.12;1.7:-0.59;1.64:0.07;1.53:0.64;1.53:1.2;1.52:1.74;1.41:2.27;1.36:2.83;1.22:3.36;0.92:3.9,2.2085:-2.822283;1.944981:-2.871386;1.707968:-2.767402;1.532616:-2.831536;1.194486:-2.888366;0.9628544:-2.777183;0.6671131:-2.502212;0.403841:-2.924292;0.08997369:-2.911283;-0.2896376:-2.877806;-0.5087485:-2.784194;-0.7784231:-2.993373
sigma3_hotel_seed42,tril,HOTEL:biwi_hotel:288:12490,HOTEL,biwi_hotel,biwi_hotel:288,12490,3,2.798912286758423,4.2689690589904785,1.4952006340026855,1.6194007396697998,0.43440237641334534,0.4360809624195099,2.0,2.91:-4.79;2.86:-4.12;2.77:-3.44;2.59:-2.84;2.36:-2.18;2.15:-1.58;1.89:-1.02;1.68:-0.46,1.48:0.07;1.26:0.62;1.07:1.14;0.84:1.6;0.67:2.03;0.47:2.48;0.25:2.83;0.18:3.06;0.09:3.33;0.02:3.33;0:3.37;0:3.39,1.484309:-0.4705018;1.215966:-0.509821;0.9721251:-0.4205811;0.7804885:-0.4668389;0.4515464:-0.5223366;0.2175536:-0.422069;-0.07645738:-0.1657227;-0.3396591:-0.5443956;-0.6447066:-0.53111;-1.010731:-0.502312;-1.235201:-0.4205523;-1.500867:-0.6064352
sigma3_hotel_seed42,tril,HOTEL:biwi_hotel:288:12500,HOTEL,biwi_hotel,biwi_hotel:288,12500,3,2.5478155612945557,3.7579874992370605,1.416200876235962,1.5817641019821167,0.42439377307891846,0.38104772567749023,2.0,2.86:-4.12;2.77:-3.44;2.59:-2.84;2.36:-2.18;2.15:-1.58;1.89:-1.02;1.68:-0.46;1.48:0.07,1.26:0.62;1.07:1.14;0.84:1.6;0.67:2.03;0.47:2.48;0.25:2.83;0.18:3.06;0.09:3.33;0.02:3.33;0:3.37;0:3.39;0:3.39,1.290825:0.05961102;1.026132:0.03087805;0.7909126:0.1083899;0.5981711:0.07439525;0.290713:0.02079909;0.06951499:0.1124773;-0.209101:0.3422142;-0.4606807:0.01281885;-0.7419162:0.02429692;-1.079747:0.05167738;-1.298219:0.1224785;-1.548005:-0.03434671
sigma3_hotel_seed42,tril,HOTEL:biwi_hotel:288:12510,HOTEL,biwi_hotel,biwi_hotel:288,12510,3,2.3805124759674072,3.698681354522705,1.4809203147888184,1.548349142074585,0.32842326164245605,0.24084867537021637,1.875,2.77:-3.44;2.59:-2.84;2.36:-2.18;2.15:-1.58;1.89:-1.02;1.68:-0.46;1.48:0.07;1.26:0.62,1.07:1.14;0.84:1.6;0.67:2.03;0.47:2.48;0.25:2.83;0.18:3.06;0.09:3.33;0.02:3.33;0:3.37;0:3.39;0:3.39;0:3.39,1.016844:0.6137934;0.7138101:0.5821475;0.4288876:0.6596265;0.1898719:0.6365561;-0.166096:0.5764998;-0.4318888:0.6695324;-0.7580712:0.9171593;-1.050463:0.5679535;-1.374673:0.5882773;-1.764894:0.6081184;-2.019283:0.6786647;-2.311359:0.5024638
sigma3_hotel_seed42,tril,HOTEL:biwi_hotel:288:12520,HOTEL,biwi_hotel,biwi_hotel:288,12520,3,2.01468563079834,3.063918113708496,1.3840610980987549,1.5223512649536133,0.291260689496994,0.22717325389385223,1.5,2.59:-2.84;2.36:-2.18;2.15:-1.58;1.89:-1.02;1.68:-0.46;1.48:0.07;1.26:0.62;1.07:1.14,0.84:1.6;0.67:2.03;0.47:2.48;0.25:2.83;0.18:3.06;0.09:3.33;0.02:3.33;0:3.37;0:3.39;0:3.39;0:3.39;0:3.39,0.8771567:1.129835;0.6206813:1.098466;0.3870487:1.175058;0.1979596:1.139541;-0.1069045:1.088832;-0.3307234:1.178916;-0.6073593:1.419407;-0.8561164:1.077619;-1.143785:1.088041;-1.48258:1.114819;-1.699149:1.188214;-1.946917:1.024179
sigma3_hotel_seed42,tril,HOTEL:biwi_hotel:292:12520,HOTEL,biwi_hotel,biwi_hotel:292,12520,3,0.13096027076244354,0.26723459362983704,0.0,0.0,0.0,0.0,2.75,-0.85:2.36;-0.85:2.36;-0.85:2.36;-0.85:2.36;-0.85:2.36;-0.85:2.36;-0.85:2.36;-0.85:2.36,-0.85:2.36;-0.85:2.36;-0.85:2.36;-0.85:2.36;-0.85:2.36;-0.85:2.36;-0.85:2.36;-0.85:2.36;-0.85:2.36;-0.85:2.36;-0.85:2.36;-0.85:2.36,-0.8620152:2.358164;-0.8792765:2.361094;-0.8991922:2.361479;-0.9251127:2.351585;-0.9500147:2.353262;-0.9650338:2.364021;-0.9849986:2.378438;-1.020852:2.356222;-1.028073:2.348774;-1.062383:2.363626;-1.074127:2.376158;-1.11674:2.376256
sigma3_hotel_seed42,tril,HOTEL:biwi_hotel:293:12520,HOTEL,biwi_hotel,biwi_hotel:293,12520,3,0.13096030056476593,0.2672346532344818,0.0,0.0,0.0,0.0,2.625,-0.81:4.04;-0.81:4.04;-0.81:4.04;-0.81:4.04;-0.81:4.04;-0.81:4.04;-0.81:4.04;-0.81:4.04,-0.81:4.04;-0.81:4.04;-0.81:4.04;-0.81:4.04;-0.81:4.04;-0.81:4.04;-0.81:4.04;-0.81:4.04;-0.81:4.04;-0.81:4.04;-0.81:4.04;-0.81:4.04,-0.8220152:4.038164;-0.8392764:4.041093;-0.8591922:4.041479;-0.8851126:4.031586;-0.9100147:4.033262;-0.9250338:4.044021;-0.9449986:4.058439;-0.9808517:4.036222;-0.9880733:4.028774;-1.022383:4.043626;-1.034127:4.056158;-1.07674:4.056256
sigma3_hotel_seed42,tril,HOTEL:biwi_hotel:294:12520,HOTEL,biwi_hotel,biwi_hotel:294,12520,3,0.24096153676509857,0.44333773851394653,0.5099019408226013,0.27685126662254333,0.8613494038581848,9.147186279296875,2.5,-0.39:4.31;-0.4:4.15;-0.4:4.06;-0.41:4.2;-0.42:4.11;-0.42:4.04;-0.42:4.02;-0.46:4.22,-0.47:4.28;-0.42:4.22;-0.45:4.13;-0.44:4.15;-0.44:4.12;-0.44:4.06;-0.42:4.14;-0.42:4.08;-0.42:4.04;-0.42:4.02;-0.42:4;-0.42:3.99,-0.4650749:4.204393;-0.4950919:4.206542;-0.5257863:4.209431;-0.5544319:4.192513;-0.558864:4.197434;-0.594229:4.231223;-0.6256524:4.352558;-0.6417438:4.233199;-0.696601:4.206751;-0.7390348:4.212227;-0.7605718:4.264561;-0.7903432:4.233709
sigma3_hotel_seed42,tril,HOTEL:biwi_hotel:288:12530,HOTEL,biwi_hotel,biwi_hotel:288,12530,3,1.9207979440689087,3.1319727897644043,1.2857390642166138,1.4564112424850464,0.30049553513526917,0.33915621042251587,1.375,2.36:-2.18;2.15:-1.58;1.89:-1.02;1.68:-0.46;1.48:0.07;1.26:0.62;1.07:1.14;0.84:1.6,0.67:2.03;0.47:2.48;0.25:2.83;0.18:3.06;0.09:3.33;0.02:3.33;0:3.37;0:3.39;0:3.39;0:3.39;0:3.39;0:3.39,0.5775082:1.597035;0.2821192:1.589962;-0.001257479:1.629297;-0.2623482:1.64643;-0.5745865:1.594843;-0.8326514:1.65867;-1.134773:1.859645;-1.409221:1.62106;-1.699986:1.638129;-2.0365:1.64797;-2.289288:1.690486;-2.553043:1.575827
sigma3_hotel_seed42,tril,HOTEL:biwi_hotel:292:12530,HOTEL,biwi_hotel,biwi_hotel:292,12530,3,0.12213557958602905,0.24771542847156525,0.0,0.0,0.0,0.0,2.875,-0.85:2.36;-0.85:2.36;-0.85:2.36;-0.85:2.36;-0.85:2.36;-0.85:2.36;-0.85:2.36;-0.85:2.36,-0.85:2.36;-0.85:2.36;-0.85:2.36;-0.85:2.36;-0.85:2.36;-0.85:2.36;-0.85:2.36;-0.85:2.36;-0.85:2.36;-0.85:2.36;-0.85:2.36;-0.85:2.36,-0.8617101:2.358224;-0.8774953:2.360972;-0.8965344:2.360755;-0.9199797:2.353082;-0.9439369:2.353373;-0.9578421:2.363584;-0.9766626:2.376767;-1.009977:2.355728;-1.015737:2.350389;-1.047236:2.363249;-1.058038:2.374493;-1.097359:2.373279
sigma3_hotel_seed42,tril,HOTEL:biwi_hotel:293:12530,HOTEL,biwi_hotel,biwi_hotel:293,12530,3,0.12213557958602905,0.24771548807621002,0.0,0.0,0.0,0.0,2.625,-0.81:4.04;-0.81:4.04;-0.81:4.04;-0.81:4.04;-0.81:4.04;-0.81:4.04;-0.81:4.04;-0.81:4.04,-0.81:4.04;-0.81:4.04;-0.81:4.04;-0.81:4.04;-0.81:4.04;-0.81:4.04;-0.81:4.04;-0.81:4.04;-0.81:4.04;-0.81:4.04;-0.81:4.04;-0.81:4.04,-0.8217101:4.038224;-0.8374953:4.040972;-0.8565344:4.040755;-0.8799797:4.033082;-0.9039369:4.033373;-0.917842:4.043584;-0.9366626:4.056767;-0.9699769:4.035728;-0.9757372:4.030389;-1.007236:4.043249;-1.018038:4.054492;-1.057359:4.053278
sigma3_hotel_seed42,tril,HOTEL:biwi_hotel:294:12530,HOTEL,biwi_hotel,biwi_hotel:294,12530,3,0.19357697665691376,0.27668485045433044,0.1520690619945526,0.24132105708122253,0.9368364214897156,9.117013931274414,2.625,-0.4:4.15;-0.4:4.06;-0.41:4.2;-0.42:4.11;-0.42:4.04;-0.42:4.02;-0.46:4.22;-0.47:4.28,-0.42:4.22;-0.45:4.13;-0.44:4.15;-0.44:4.12;-0.44:4.06;-0.42:4.14;-0.42:4.08;-0.42:4.04;-0.42:4.02;-0.42:4;-0.42:3.99;-0.42:3.99,-0.4626819:4.278986;-0.4649765:4.273443;-0.4614676:4.279363;-0.457732:4.263756;-0.4301373:4.26581;-0.4269621:4.274137;-0.4150856:4.297113;-0.3974307:4.278167;-0.393338:4.251898;-0.3687589:4.250959;-0.3496399:4.247459;-0.3227012:4.249012
sigma3_hotel_seed42,tril,HOTEL:biwi_hotel:288:12540,HOTEL,biwi_hotel,biwi_hotel:288,12540,3,1.4140712022781372,2.1714651584625244,1.1559628248214722,1.3945170640945435,0.3036734461784363,0.3283180892467499,1.375,2.15:-1.58;1.89:-1.02;1.68:-0.46;1.48:0.07;1.26:0.62;1.07:1.14;0.84:1.6;0.67:2.03,0.47:2.48;0.25:2.83;0.18:3.06;0.09:3.33;0.02:3.33;0:3.37;0:3.39;0:3.39;0:3.39;0:3.39;0:3.39;0:3.39,0.516865:2.017923;0.3110086:2.004699;0.1307564:2.054417;-0.02319431:2.034299;-0.2460294:1.998195;-0.4204577:2.065656;-0.6299837:2.263079;-0.8221427:2.009475;-1.046958:2.007878;-1.295304:2.035081;-1.47227:2.091303;-1.655313:1.984582
sigma3_hotel_seed42,tril,HOTEL:biwi_hotel:292:12540,HOTEL,biwi_hotel,biwi_hotel:292,12540,3,0.1336386650800705,0.2727805972099304,0.0,0.0,0.0,0.0,2.875,-0.85:2.36;-0.85:2.36;-0.85:2.36;-0.85:2.36;-0.85:2.36;-0.85:2.36;-0.85:2.36;-0.85:2.36,-0.85:2.36;-0.85:2.36;-0.85:2.36;-0.85:2.36;-0.85:2.36;-0.85:2.36;-0.85:2.36;-0.85:2.36;-0.85:2.36;-0.85:2.36;-0.85:2.36;-0.85:2.36,-0.8623145:2.358181;-0.8799741:2.361093;-0.9002063:2.361575;-0.9265419:2.351466;-0.9518854:2.353386;-0.9673057:2.364158;-0.9877464:2.378666;-1.024166:2.356294;-1.031891:2.348674;-1.066695:2.363813;-1.078933:2.376581;-1.122256:2.376911
sigma3_hotel_seed42,tril,HOTEL:biwi_hotel:293:12540,HOTEL,biwi_hotel,biwi_hotel:293,12540,3,0.1336386501789093,0.27278056740760803,0.0,0.0,0.0,0.0,2.625,-0.81:4.04;-0.81:4.04;-0.81:4.04;-0.81:4.04;-0.81:4.04;-0.81:4.04;-0.81:4.04;-0.81:4.04,-0.81:4.04;-0.81:4.04;-0.81:4.04;-0.81:4.04;-0.81:4.04;-0.81:4.04;-0.81:4.04;-0.81:4.04;-0.81:4.04;-0.81:4.04;-0.81:4.04;-0.81:4.04,-0.8223145:4.038181;-0.8399741:4.041093;-0.8602063:4.041575;-0.8865418:4.031466;-0.9118854:4.033387;-0.9273057:4.044158;-0.9477463:4.058666;-0.9841658:4.036294;-0.991891:4.028674;-1.026695:4.043813;-1.038933:4.056581;-1.082256:4.056911
sigma3_hotel_seed42,tril,HOTEL:biwi_hotel:294:12540,HOTEL,biwi_hotel,biwi_hotel:294,12540,3,0.5120978951454163,0.9552538394927979,0.19525624811649323,0.2370719462633133,0.8367810249328613,8.658732414245605,2.625,-0.4:4.06;-0.41:4.2;-0.42:4.11;-0.42:4.04;-0.42:4.02;-0.46:4.22;-0.47:4.28;-0.42:4.22,-0.45:4.13;-0.44:4.15;-0.44:4.12;-0.44:4.06;-0.42:4.14;-0.42:4.08;-0.42:4.04;-0.42:4.02;-0.42:4;-0.42:3.99;-0.42:3.99;-0.42:3.99,-0.3445685:4.222873;-0.2833986:4.220919;-0.2245824:4.246552;-0.1537076:4.222348;-0.08574542:4.213995;-0.02699557:4.26103;0.06554547:4.243461;0.1489248:4.274261;0.2393657:4.262615;0.3215178:4.25902;0.4156114:4.250748;0.5010656:4.243275
sigma3_hotel_seed42,tril,HOTEL:biwi_hotel:288:12550,HOTEL,biwi_hotel,biwi_hotel:288,12550,3,1.4095287322998047,2.537766456604004,1.231107234954834,1.3498846292495728,0.2891479432582855,0.29415252804756165,1.5,1.89:-1.02;1.68:-0.46;1.48:0.07;1.26:0.62;1.07:1.14;0.84:1.6;0.67:2.03;0.47:2.48,0.25:2.83;0.18:3.06;0.09:3.33;0.02:3.33;0:3.37;0:3.39;0:3.39;0:3.39;0:3.39;0:3.39;0:3.39;0:3.39,0.2724157:2.471422;0.02432698:2.458147;-0.2016764:2.508645;-0.4005394:2.499772;-0.6691096:2.455002;-0.8805782:2.525159;-1.13448:2.727948;-1.365934:2.468713;-1.622687:2.475909;-1.916782:2.497014;-2.127759:2.550351;-2.350628:2.433544
sigma3_hotel_seed42,tril,HOTEL:biwi_hotel:292:12550,HOTEL,biwi_hotel,biwi_hotel:292,12550,3,0.052334014326334,0.10339124500751495,0.0,0.0,0.0,0.0,2.875,-0.85:2.36;-0.85:2.36;-0.85:2.36;-0.85:2.36;-0.85:2.36;-0.85:2.36;-0.85:2.36;-0.85:2.36,-0.85:2.36;-0.85:2.36;-0.85:2.36;-0.85:2.36;-0.85:2.36;-0.85:2.36;-0.85:2.36;-0.85:2.36;-0.85:2.36;-0.85:2.36;-0.85:2.36;-0.85:2.36,-0.852756:2.359854;-0.8610828:2.360589;-0.871196:2.361049;-0.8821824:2.361414;-0.8974283:2.355622;-0.8971732:2.361378;-0.9086457:2.360407;-0.9251989:2.356068;-0.9155443:2.35696;-0.9309905:2.364442;-0.9315533:2.366657;-0.9531859:2.366513
sigma3_hotel_seed42,tril,HOTEL:biwi_hotel:293:12550,HOTEL,biwi_hotel,biwi_hotel:293,12550,3,0.0523340106010437,0.10339124500751495,0.0,0.0,0.0,0.0,2.625,-0.81:4.04;-0.81:4.04;-0.81:4.04;-0.81:4.04;-0.81:4.04;-0.81:4.04;-0.81:4.04;-0.81:4.04,-0.81:4.04;-0.81:4.04;-0.81:4.04;-0.81:4.04;-0.81:4.04;-0.81:4.04;-0.81:4.04;-0.81:4.04;-0.81:4.04;-0.81:4.04;-0.81:4.04;-0.81:4.04,-0.8127559:4.039854;-0.8210828:4.040588;-0.831196:4.041049;-0.8421824:4.041414;-0.8574283:4.035622;-0.8571731:4.041378;-0.8686457:4.040407;-0.8851989:4.036068;-0.8755443:4.03696;-0.8909904:4.044442;-0.8915533:4.046657;-0.9131859:4.046513
sigma3_hotel_seed42,tril,HOTEL:biwi_hotel:294:12550,HOTEL,biwi_hotel,biwi_hotel:294,12550,3,0.25118783116340637,0.420549213886261,0.23717083036899567,0.22082610428333282,0.6861976981163025,6.715592861175537,2.75,-0.41:4.2;-0.42:4.11;-0.42:4.04;-0.42:4.02;-0.46:4.22;-0.47:4.28;-0.42:4.22;-0.45:4.13,-0.44:4.15;-0.44:4.12;-0.44:4.06;-0.42:4.14;-0.42:4.08;-0.42:4.04;-0.42:4.02;-0.42:4;-0.42:3.99;-0.42:3.99;-0.42:3.99;-0.42:3.99,-0.4613712:4.125051;-0.4958289:4.131917;-0.5436563:4.140208;-0.5919241:4.121233;-0.6027922:4.133129;-0.640391:4.165244;-0.6687645:4.225669;-0.6832556:4.185875;-0.7053871:4.168397;-0.7542177:4.168553;-0.7480294:4.210748;-0.7865927:4.196086
sigma3_hotel_seed42,tril,HOTEL:biwi_hotel:288:12560,HOTEL,biwi_hotel,biwi_hotel:288,12560,3,1.4318703413009644,2.75072979927063,1.033501386642456,1.2839275598526,0.3624371290206909,0.43502551317214966,1.875,1.68:-0.46;1.48:0.07;1.26:0.62;1.07:1.14;0.84:1.6;0.67:2.03;0.47:2.48;0.25:2.83,0.18:3.06;0.09:3.33;0.02:3.33;0:3.37;0:3.39;0:3.39;0:3.39;0:3.39;0:3.39;0:3.39;0:3.39;0.13:3.49,0.02334318:2.826128;-0.232517:2.831105;-0.4733008:2.846749;-0.6994355:2.87803;-0.9374073:2.844565;-1.160766:2.889323;-1.409889:3.042807;-1.630211:2.884907;-1.874354:2.895077;-2.117809:2.893124;-2.343871:2.926839;-2.549022:2.866018
sigma3_hotel_seed42,tril,HOTEL:biwi_hotel:292:12560,HOTEL,biwi_hotel,biwi_hotel:292,12560,3,0.050996486097574234,0.1013074591755867,0.0,0.0,0.0,0.0,2.875,-0.85:2.36;-0.85:2.36;-0.85:2.36;-0.85:2.36;-0.85:2.36;-0.85:2.36;-0.85:2.36;-0.85:2.36,-0.85:2.36;-0.85:2.36;-0.85:2.36;-0.85:2.36;-0.85:2.36;-0.85:2.36;-0.85:2.36;-0.85:2.36;-0.85:2.36;-0.85:2.36;-0.85:2.36;-0.85:2.36,-0.852432:2.359483;-0.8603403:2.360586;-0.8701913:2.361013;-0.8812873:2.359877;-0.8957609:2.354475;-0.8960943:2.361227;-0.9062625:2.362317;-0.9232013:2.355602;-0.914112:2.35546;-0.9300342:2.363112;-0.9298649:2.365981;-0.9511865:2.36495
sigma3_hotel_seed42,tril,HOTEL:biwi_hotel:293:12560,HOTEL,biwi_hotel,biwi_hotel:293,12560,3,0.050996482372283936,0.1013074591755867,0.0,0.0,0.0,0.0,2.625,-0.81:4.04;-0.81:4.04;-0.81:4.04;-0.81:4.04;-0.81:4.04;-0.81:4.04;-0.81:4.04;-0.81:4.04,-0.81:4.04;-0.81:4.04;-0.81:4.04;-0.81:4.04;-0.81:4.04;-0.81:4.04;-0.81:4.04;-0.81:4.04;-0.81:4.04;-0.81:4.04;-0.81:4.04;-0.81:4.04,-0.812432:4.039483;-0.8203403:4.040586;-0.8301913:4.041013;-0.8412873:4.039877;-0.8557609:4.034475;-0.8560942:4.041227;-0.8662624:4.042317;-0.8832013:4.035602;-0.874112:4.03546;-0.8900341:4.043112;-0.8898649:4.045981;-0.9111865:4.04495
sigma3_hotel_seed42,tril,HOTEL:biwi_hotel:294:12560,HOTEL,biwi_hotel,biwi_hotel:294,12560,3,0.24645115435123444,0.456219881772995,0.055901698768138885,0.19647139310836792,0.784829318523407,9.604631423950195,2.75,-0.42:4.11;-0.42:4.04;-0.42:4.02;-0.46:4.22;-0.47:4.28;-0.42:4.22;-0.45:4.13;-0.44:4.15,-0.44:4.12;-0.44:4.06;-0.42:4.14;-0.42:4.08;-0.42:4.04;-0.42:4.02;-0.42:4;-0.42:3.99;-0.42:3.99;-0.42:3.99;-0.42:3.99;-0.42:3.99,-0.466642:4.15027;-0.4940002:4.143996;-0.5215969:4.144151;-0.5627359:4.1292;-0.5841904:4.140904;-0.6114452:4.143353;-0.6498562:4.175258;-0.6931813:4.136211;-0.7236802:4.10725;-0.7588589:4.126691;-0.7888228:4.13978;-0.8463125:4.152463
sigma3_hotel_seed42,tril,HOTEL:biwi_hotel:296:12700,HOTEL,biwi_hotel,biwi_hotel:296,12700,3,4.722565650939941,8.587782859802246,1.5821267366409302,1.612048864364624,0.3984186351299286,0.45096004009246826,1.5,1.28:3.22;1.23:2.62;1.16:2.01;1.17:1.3;1.12:0.64;1.13:0;1.07:-0.65;1.01:-1.28,1.04:-1.97;0.97:-2.66;1.02:-3.35;1:-4.07;0.93:-4.86;0.95:-5.59;0.85:-6.33;0.85:-7;0.82:-7.67;0.73:-8.35;0.75:-9.06;0.65:-9.78,0.9146646:-1.301218;0.6709944:-1.375716;0.4786652:-1.219249;0.3779704:-1.347704;0.03560638:-1.407048;-0.1600869:-1.262188;-0.4406683:-0.9524728;-0.6795733:-1.48405;-0.9887713:-1.473722;-1.382775:-1.4221;-1.560347:-1.290114;-1.816703:-1.554103
sigma3_hotel_seed42,tril,HOTEL:biwi_hotel:297:12700,HOTEL,biwi_hotel,biwi_hotel:297,12700,3,4.583124160766602,8.49484634399414,1.628074049949646,1.6563953161239624,0.5711763501167297,0.4635959565639496,1.25,1.85:3.28;1.79:2.68;1.77:2.07;1.8:1.36;1.78:0.72;1.77:0.07;1.83:-0.7;1.79:-1.35,1.79:-2;1.74:-2.67;1.77:-3.35;1.67:-4.06;1.57:-4.71;1.51:-5.47;1.51:-6.24;1.5:-6.98;1.41:-7.66;1.35:-8.35;1.44:-9.11;1.38:-9.82,1.718256:-1.3738;1.474846:-1.45401;1.287995:-1.282329;1.206046:-1.430095;0.8699251:-1.483583;0.6792166:-1.339564;0.3979812:-1.01501;0.1756001:-1.574907;-0.1378113:-1.564691;-0.5373189:-1.513897;-0.6934028:-1.366612;-0.936151:-1.647004
sigma3_hotel_seed42,tril,HOTEL:biwi_hotel:303:12900,HOTEL,biwi_hotel,biwi_hotel:303,12900,3,1.2255878448486328,2.171996593475342,0.4430011212825775,0.5020333528518677,0.7753880620002747,2.7243123054504395,0.375,-2:0.22;-1.89:0.04;-1.82:-0.26;-1.67:-0.44;-1.45:-0.51;-1.27:-0.5;-1.22:-0.46;-1.05:-0.41,-1.03:-0.38;-1.08:-0.38;-1.14:-0.37;-1.18:-0.32;-1.22:-0.26;-1.22:-0.24;-1.22:-0.23;-1.22:-0.23;-1.22:-0.23;-1.22:-0.23;-1.22:-0.23;-1.22:-0.23,-0.9009488:-0.4059989;-0.7255759:-0.4252195;-0.5455972:-0.4267188;-0.3809625:-0.4343889;-0.2172109:-0.4521823;-0.05005777:-0.4332553;0.1295736:-0.446641;0.2787957:-0.448382;0.4403788:-0.4794998;0.6310257:-0.4740348;0.767548:-0.5120428;0.9343004:-0.5066935
sigma3_hotel_seed42,tril,HOTEL:biwi_hotel:303:12910,HOTEL,biwi_hotel,biwi_hotel:303,12910,3,0.23102061450481415,0.31011635065078735,0.09013878554105759,0.43957093358039856,0.8012592196464539,3.1017370223999023,0.375,-1.89:0.04;-1.82:-0.26;-1.67:-0.44;-1.45:-0.51;-1.27:-0.5;-1.22:-0.46;-1.05:-0.41;-1.03:-0.38,-1.08:-0.38;-1.14:-0.37;-1.18:-0.32;-1.22:-0.26;-1.22:-0.24;-1.22:-0.23;-1.22:-0.23;-1.22:-0.23;-1.22:-0.23;-1.22:-0.23;-1.22:-0.23;-1.22:-0.23,-1.032866:-0.379763;-1.025168:-0.3857023;-1.028891:-0.3928156;-1.036342:-0.3873262;-1.024739:-0.3975912;-1.017698:-0.3968854;-1.018912:-0.3763889;-1.014243:-0.3984545;-0.9983402:-0.4090596;-0.9970347:-0.4146815;-0.9822129:-0.421947;-0.9845523:-0.4318328
sigma3_hotel_seed42,tril,HOTEL:biwi_hotel:303:12920,HOTEL,biwi_hotel,biwi_hotel:303,12920,3,0.22640295326709747,0.47213423252105713,0.125,0.3474072217941284,0.730358898639679,4.795029640197754,0.25,-1.82:-0.26;-1.67:-0.44;-1.45:-0.51;-1.27:-0.5;-1.22:-0.46;-1.05:-0.41;-1.03:-0.38;-1.08:-0.38,-1.14:-0.37;-1.18:-0.32;-1.22:-0.26;-1.22:-0.24;-1.22:-0.23;-1.22:-0.23;-1.22:-0.23;-1.22:-0.23;-1.22:-0.23;-1.22:-0.23;-1.22:-0.23;-1.22:-0.23,-1.105859:-0.3853143;-1.134663:-0.3832383;-1.173048:-0.3919612;-1.247739:-0.4040069;-1.281309:-0.4016491;-1.305186:-0.3919559;-1.35719:-0.32281;-1.425686:-0.3927282;-1.446632:-0.4300622;-1.533791:-0.3964056;-1.564184:-0.3722316;-1.671587:-0.3677678
sigma3_hotel_seed42,tril,HOTEL:biwi_hotel:303:12930,HOTEL,biwi_hotel,biwi_hotel:303,12930,3,0.25611087679862976,0.5053443312644958,0.1520690619945526,0.2854501008987427,0.6092735528945923,4.3921732902526855,0.125,-1.67:-0.44;-1.45:-0.51;-1.27:-0.5;-1.22:-0.46;-1.05:-0.41;-1.03:-0.38;-1.08:-0.38;-1.14:-0.37,-1.18:-0.32;-1.22:-0.26;-1.22:-0.24;-1.22:-0.23;-1.22:-0.23;-1.22:-0.23;-1.22:-0.23;-1.22:-0.23;-1.22:-0.23;-1.22:-0.23;-1.22:-0.23;-1.22:-0.23,-1.166797:-0.3724512;-1.200886:-0.3734831;-1.23656:-0.3734492;-1.301322:-0.3982064;-1.334929:-0.3834867;-1.365616:-0.3743675;-1.413912:-0.3227977;-1.480341:-0.37984;-1.51393:-0.4186517;-1.585943:-0.383307;-1.619537:-0.3573363;-1.71225:-0.344294
sigma3_hotel_seed42,tril,HOTEL:biwi_hotel:303:12940,HOTEL,biwi_hotel,biwi_hotel:303,12940,3,0.26201745867729187,0.5281123518943787,0.16007810831069946,0.22586558759212494,0.5626888275146484,4.759528636932373,0.0,-1.45:-0.51;-1.27:-0.5;-1.22:-0.46;-1.05:-0.41;-1.03:-0.38;-1.08:-0.38;-1.14:-0.37;-1.18:-0.32,-1.22:-0.26;-1.22:-0.24;-1.22:-0.23;-1.22:-0.23;-1.22:-0.23;-1.22:-0.23;-1.22:-0.23;-1.22:-0.23;-1.22:-0.23;-1.22:-0.23;-1.22:-0.23;-1.22:-0.23,-1.214081:-0.3241822;-1.249227:-0.3258108;-1.28237:-0.3342181;-1.342472:-0.3453938;-1.370462:-0.3350923;-1.401595:-0.3329459;-1.452473:-0.2723507;-1.51534:-0.3371041;-1.55752:-0.3747626;-1.61374:-0.3448513;-1.661063:-0.3247553;-1.742057:-0.3097423
sigma3_hotel_seed42,tril,HOTEL:biwi_hotel:303:12950,HOTEL,biwi_hotel,biwi_hotel:303,12950,3,0.24039459228515625,0.4347744584083557,0.18027757108211517,0.18723468482494354,0.43412983417510986,4.227024555206299,0.0,-1.27:-0.5;-1.22:-0.46;-1.05:-0.41;-1.03:-0.38;-1.08:-0.38;-1.14:-0.37;-1.18:-0.32;-1.22:-0.26,-1.22:-0.24;-1.22:-0.23;-1.22:-0.23;-1.22:-0.23;-1.22:-0.23;-1.22:-0.23;-1.22:-0.23;-1.22:-0.23;-1.22:-0.23;-1.22:-0.23;-1.22:-0.23;-1.22:-0.23,-1.240626:-0.2621318;-1.282156:-0.2564234;-1.331875:-0.2467397;-1.385606:-0.2675554;-1.408877:-0.250872;-1.44901:-0.2257441;-1.485965:-0.1806223;-1.515534:-0.2082732;-1.542501:-0.227248;-1.595724:-0.2163391;-1.601354:-0.1783617;-1.651936:-0.1804015
sigma3_hotel_seed42,tril,HOTEL:biwi_hotel:303:12960,HOTEL,biwi_hotel,biwi_hotel:303,12960,3,0.019316725432872772,0.022260336205363274,0.05000000074505806,0.17150923609733582,0.36762210726737976,4.426337718963623,0.0,-1.22:-0.46;-1.05:-0.41;-1.03:-0.38;-1.08:-0.38;-1.14:-0.37;-1.18:-0.32;-1.22:-0.26;-1.22:-0.24,-1.22:-0.23;-1.22:-0.23;-1.22:-0.23;-1.22:-0.23;-1.22:-0.23;-1.22:-0.23;-1.22:-0.23;-1.22:-0.23;-1.22:-0.23;-1.22:-0.23;-1.22:-0.23;-1.22:-0.23,-1.217716:-0.2415812;-1.224281:-0.2410204;-1.222786:-0.2392741;-1.226194:-0.2515033;-1.223457:-0.2515632;-1.220071:-0.2449514;-1.215939:-0.238051;-1.226149:-0.2503145;-1.220091:-0.2652397;-1.216226:-0.2540205;-1.211433:-0.2558847;-1.210396:-0.2500821
sigma3_hotel_seed42,tril,HOTEL:biwi_hotel:303:12970,HOTEL,biwi_hotel,biwi_hotel:303,12970,3,0.07725473493337631,0.18781571090221405,0.02500000037252903,0.11179478466510773,0.22040601074695587,3.729595184326172,0.0,-1.05:-0.41;-1.03:-0.38;-1.08:-0.38;-1.14:-0.37;-1.18:-0.32;-1.22:-0.26;-1.22:-0.24;-1.22:-0.23,-1.22:-0.23;-1.22:-0.23;-1.22:-0.23;-1.22:-0.23;-1.22:-0.23;-1.22:-0.23;-1.22:-0.23;-1.22:-0.23;-1.22:-0.23;-1.22:-0.23;-1.22:-0.23;-1.22:-0.23,-1.21435:-0.2305503;-1.210702:-0.2283587;-1.201663:-0.2321687;-1.185864:-0.2272518;-1.175084:-0.2363656;-1.16087:-0.2339621;-1.143414:-0.246677;-1.133808:-0.2374219;-1.111565:-0.2331395;-1.081992:-0.2373507;-1.06604:-0.2496423;-1.033312:-0.2505491
sigma3_hotel_seed42,tril,HOTEL:biwi_hotel:303:12980,HOTEL,biwi_hotel,biwi_hotel:303,12980,3,0.05822205916047096,0.14701469242572784,0.0,0.09891781955957413,0.1514917016029358,1.5707963705062866,0.0,-1.03:-0.38;-1.08:-0.38;-1.14:-0.37;-1.18:-0.32;-1.22:-0.26;-1.22:-0.24;-1.22:-0.23;-1.22:-0.23,-1.22:-0.23;-1.22:-0.23;-1.22:-0.23;-1.22:-0.23;-1.22:-0.23;-1.22:-0.23;-1.22:-0.23;-1.22:-0.23;-1.22:-0.23;-1.22:-0.23;-1.22:-0.23;-1.22:-0.23,-1.217056:-0.2303411;-1.212632:-0.2287073;-1.208013:-0.2341659;-1.198095:-0.2270896;-1.18987:-0.2371569;-1.177671:-0.2347071;-1.164891:-0.2425087;-1.157617:-0.2375388;-1.135463:-0.2327552;-1.114365:-0.2382503;-1.09842:-0.2484653;-1.074766:-0.2528094
sigma3_hotel_seed42,tril,HOTEL:biwi_hotel:304:12980,HOTEL,biwi_hotel,biwi_hotel:304,12980,3,4.041006088256836,7.305856704711914,1.6033169031143188,1.496628999710083,0.7313973307609558,0.6697830557823181,0.625,2.26:3.62;2.28:3;2.38:2.5;2.39:1.89;2.44:1.28;2.53:0.61;2.56:0.09;2.68:-0.54,2.69:-1.23;2.66:-1.84;2.61:-2.46;2.46:-3.1;2.33:-3.73;2.17:-4.32;2.01:-4.9;2.02:-5.5;1.99:-6.17;2.08:-6.83;2.11:-7.57;2.14:-8.24,2.908143:-0.5760183;2.949899:-0.6819751;3.035952:-0.4891495;3.218532:-0.7108951;3.109281:-0.7526604;3.151598:-0.5871465;3.109917:-0.2440892;3.096665:-0.8893884;2.999583:-0.9184053;2.779802:-0.841298;2.843984:-0.6621417;2.741287:-0.9589286
sigma3_hotel_seed42,tril,HOTEL:biwi_hotel:303:12990,HOTEL,biwi_hotel,biwi_hotel:303,12990,3,0.06600968539714813,0.11624834686517715,0.0,0.08106067776679993,0.13676030933856964,1.4056476354599,0.0,-1.08:-0.38;-1.14:-0.37;-1.18:-0.32;-1.22:-0.26;-1.22:-0.24;-1.22:-0.23;-1.22:-0.23;-1.22:-0.23,-1.22:-0.23;-1.22:-0.23;-1.22:-0.23;-1.22:-0.23;-1.22:-0.23;-1.22:-0.23;-1.22:-0.23;-1.22:-0.23;-1.22:-0.23;-1.22:-0.23;-1.22:-0.23;-1.22:-0.23,-1.229625:-0.2308081;-1.24032:-0.2275287;-1.251941:-0.2314451;-1.264867:-0.2299136;-1.27869:-0.2341055;-1.282776:-0.2291106;-1.2918:-0.2274931;-1.311888:-0.2330411;-1.30627:-0.2331887;-1.316822:-0.226552;-1.320195:-0.2256787;-1.336135:-0.2248733
sigma3_hotel_seed42,tril,HOTEL:biwi_hotel:304:12990,HOTEL,biwi_hotel,biwi_hotel:304,12990,3,3.9548215866088867,7.3004984855651855,1.7251811027526855,1.5215396881103516,0.7116864919662476,0.678364098072052,0.625,2.28:3;2.38:2.5;2.39:1.89;2.44:1.28;2.53:0.61;2.56:0.09;2.68:-0.54;2.69:-1.23,2.66:-1.84;2.61:-2.46;2.46:-3.1;2.33:-3.73;2.17:-4.32;2.01:-4.9;2.02:-5.5;1.99:-6.17;2.08:-6.83;2.11:-7.57;2.14:-8.24;2.2:-8.92,2.817901:-1.263147;2.735072:-1.372789;2.704643:-1.157001;2.797055:-1.380803;2.573455:-1.427781;2.513811:-1.254092;2.358921:-0.8861116;2.262259:-1.565283;2.056781:-1.573324;1.726458:-1.506192;1.716837:-1.314033;1.549072:-1.648579
sigma3_hotel_seed42,tril,HOTEL:biwi_hotel:303:13000,HOTEL,biwi_hotel,biwi_hotel:303,13000,3,0.02943543903529644,0.05168452113866806,0.0,0.059336524456739426,0.090175561606884,0.6747409701347351,0.0,-1.14:-0.37;-1.18:-0.32;-1.22:-0.26;-1.22:-0.24;-1.22:-0.23;-1.22:-0.23;-1.22:-0.23;-1.22:-0.23,-1.22:-0.23;-1.22:-0.23;-1.22:-0.23;-1.22:-0.23;-1.22:-0.23;-1.22:-0.23;-1.22:-0.23;-1.22:-0.23;-1.22:-0.23;-1.22:-0.23;-1.22:-0.23;-1.22:-0.23,-1.219779:-0.2295293;-1.229086:-0.2282594;-1.233521:-0.2257322;-1.240813:-0.2312729;-1.251037:-0.2322823;-1.246713:-0.2276115;-1.251671:-0.23432;-1.266202:-0.2322362;-1.256133:-0.2353662;-1.262875:-0.2235556;-1.259965:-0.2223386;-1.26985:-0.2163524
sigma3_hotel_seed42,tril,HOTEL:biwi_hotel:304:13000,HOTEL,biwi_hotel,biwi_hotel:304,13000,3,4.191141605377197,7.9731245040893555,1.5268431901931763,1.5575523376464844,0.6568073034286499,0.5609930157661438,0.625,2.38:2.5;2.39:1.89;2.44:1.28;2.53:0.61;2.56:0.09;2.68:-0.54;2.69:-1.23;2.66:-1.84,2.61:-2.46;2.46:-3.1;2.33:-3.73;2.17:-4.32;2.01:-4.9;2.02:-5.5;1.99:-6.17;2.08:-6.83;2.11:-7.57;2.14:-8.24;2.2:-8.92;2.2:-9.67,2.54304:-1.85892;2.292657:-1.927184;2.090171:-1.783634;1.968788:-1.895269;1.621907:-1.957979;1.418772:-1.816428;1.13422:-1.520039;0.882339:-2.023174;0.5745528:-2.012368;0.1828916:-1.962819;-0.0112679:-1.843198;-0.2776287:-2.091605
sigma3_hotel_seed42,tril,HOTEL:biwi_hotel:303:13010,HOTEL,biwi_hotel,biwi_hotel:303,13010,3,0.020517198368906975,0.036788418889045715,0.0,0.03646822273731232,0.0797588974237442,0.588002622127533,0.0,-1.18:-0.32;-1.22:-0.26;-1.22:-0.24;-1.22:-0.23;-1.22:-0.23;-1.22:-0.23;-1.22:-0.23;-1.22:-0.23,-1.22:-0.23;-1.22:-0.23;-1.22:-0.23;-1.22:-0.23;-1.22:-0.23;-1.22:-0.23;-1.22:-0.23;-1.22:-0.23;-1.22:-0.23;-1.22:-0.23;-1.22:-0.23;-1.22:-0.23,-1.217399:-0.2290571;-1.224716:-0.2290624;-1.228886:-0.2258232;-1.234241:-0.227223;-1.245184:-0.2320191;-1.237832:-0.2282272;-1.244564:-0.2382085;-1.255366:-0.2324968;-1.240391:-0.2324216;-1.247415:-0.2227472;-1.243277:-0.2238094;-1.255076:-0.2189071
sigma3_hotel_seed42,tril,HOTEL:biwi_hotel:304:13010,HOTEL,biwi_hotel,biwi_hotel:304,13010,3,4.229752063751221,7.9006524085998535,1.5550321340560913,1.5618133544921875,0.638433039188385,0.5269308686256409,0.625,2.39:1.89;2.44:1.28;2.53:0.61;2.56:0.09;2.68:-0.54;2.69:-1.23;2.66:-1.84;2.61:-2.46,2.46:-3.1;2.33:-3.73;2.17:-4.32;2.01:-4.9;2.02:-5.5;1.99:-6.17;2.08:-6.83;2.11:-7.57;2.14:-8.24;2.2:-8.92;2.2:-9.67;2.19:-10.19,2.484973:-2.47837;2.234893:-2.549236;2.027337:-2.404941;1.903476:-2.51766;1.551287:-2.579387;1.340772:-2.437582;1.051363:-2.131057;0.7961562:-2.647182;0.4782014:-2.635837;0.07823515:-2.587362;-0.1187224:-2.465141;-0.3892851:-2.722229
sigma3_hotel_seed42,tril,HOTEL:biwi_hotel:306:13010,HOTEL,biwi_hotel,biwi_hotel:306,13010,3,4.11559534072876,7.768838405609131,1.3583077192306519,1.3581230640411377,0.39054059982299805,0.3142459988594055,0.25,1.14:3.16;1.15:2.66;1.14:2.12;1.17:1.6;1.18:1.1;1.12:0.54;1.04:-0.09;0.98:-0.63,0.82:-1.22;0.8:-1.86;0.79:-2.5;0.74:-3.05;0.88:-3.64;1:-4.26;1.1:-4.87;1.34:-5.52;1.45:-6.04;1.54:-6.69;1.7:-7.33;1.75:-8.04,0.9187752:-0.6530201;0.7275488:-0.7151871;0.586253:-0.5840909;0.5197961:-0.7005858;0.2524019:-0.7460636;0.1010844:-0.6237505;-0.1195515:-0.3419903;-0.3082892:-0.8115309;-0.5667338:-0.8146423;-0.8823272:-0.7622042;-1.02509:-0.6443754;-1.22538:-0.863513
sigma3_hotel_seed42,tril,HOTEL:biwi_hotel:303:13020,HOTEL,biwi_hotel,biwi_hotel:303,13020,3,0.07596620917320251,0.14752702414989471,0.0,0.010714286006987095,0.02083333395421505,0.0,0.0,-1.22:-0.26;-1.22:-0.24;-1.22:-0.23;-1.22:-0.23;-1.22:-0.23;-1.22:-0.23;-1.22:-0.23;-1.22:-0.23,-1.22:-0.23;-1.22:-0.23;-1.22:-0.23;-1.22:-0.23;-1.22:-0.23;-1.22:-0.23;-1.22:-0.23;-1.22:-0.23;-1.22:-0.23;-1.22:-0.23;-1.22:-0.23;-1.22:-0.23,-1.226764:-0.2310913;-1.238588:-0.2289901;-1.250626:-0.2287091;-1.266932:-0.2377742;-1.281306:-0.2367079;-1.288429:-0.228081;-1.298308:-0.2201157;-1.322429:-0.2347203;-1.322639:-0.2417346;-1.34118:-0.2304211;-1.344107:-0.2231783;-1.36733:-0.2223859
sigma3_hotel_seed42,tril,HOTEL:biwi_hotel:306:13020,HOTEL,biwi_hotel,biwi_hotel:306,13020,3,4.5844855308532715,8.552526473999023,1.5282751321792603,1.397840976715088,0.4604177176952362,0.4298923909664154,0.125,1.15:2.66;1.14:2.12;1.17:1.6;1.18:1.1;1.12:0.54;1.04:-0.09;0.98:-0.63;0.82:-1.22,0.8:-1.86;0.79:-2.5;0.74:-3.05;0.88:-3.64;1:-4.26;1.1:-4.87;1.34:-5.52;1.45:-6.04;1.54:-6.69;1.7:-7.33;1.75:-8.04;1.72:-8.69,0.6081914:-1.230594;0.3090641:-1.290099;0.0343681:-1.171522;-0.1690622:-1.241963;-0.5610809:-1.308782;-0.8265569:-1.184994;-1.168044:-0.8847224;-1.470639:-1.357978;-1.825395:-1.33716;-2.263859:-1.304917;-2.511871:-1.202699;-2.825589:-1.445461
sigma3_hotel_seed42,tril,HOTEL:biwi_hotel:303:13030,HOTEL,biwi_hotel,biwi_hotel:303,13030,3,0.08490800857543945,0.16474518179893494,0.0,0.0035714285913854837,0.010416666977107525,0.0,0.0,-1.22:-0.24;-1.22:-0.23;-1.22:-0.23;-1.22:-0.23;-1.22:-0.23;-1.22:-0.23;-1.22:-0.23;-1.22:-0.23,-1.22:-0.23;-1.22:-0.23;-1.22:-0.23;-1.22:-0.23;-1.22:-0.23;-1.22:-0.23;-1.22:-0.23;-1.22:-0.23;-1.22:-0.23;-1.22:-0.23;-1.22:-0.23;-1.22:-0.23,-1.230434:-0.2307932;-1.241067:-0.231032;-1.255984:-0.2311333;-1.267422:-0.2331996;-1.286144:-0.2361473;-1.297265:-0.2285286;-1.311758:-0.2218698;-1.333225:-0.2380615;-1.336215:-0.237645;-1.35269:-0.2328289;-1.360514:-0.2272465;-1.384735:-0.2318238
sigma3_hotel_seed42,tril,HOTEL:biwi_hotel:306:13030,HOTEL,biwi_hotel,biwi_hotel:306,13030,3,3.922656297683716,7.290947437286377,1.6007810831069946,1.4336336851119995,0.5686878561973572,0.5873250365257263,0.0,1.14:2.12;1.17:1.6;1.18:1.1;1.12:0.54;1.04:-0.09;0.98:-0.63;0.82:-1.22;0.8:-1.86,0.79:-2.5;0.74:-3.05;0.88:-3.64;1:-4.26;1.1:-4.87;1.34:-5.52;1.45:-6.04;1.54:-6.69;1.7:-7.33;1.75:-8.04;1.72:-8.69;1.75:-9.34,0.9393789:-1.893128;0.8947626:-1.999789;0.8948703:-1.800502;1.005756:-2.014815;0.8162562:-2.058355;0.7799522:-1.892117;0.6582929:-1.531885;0.5806696:-2.191844;0.4001492:-2.20758;0.1074089:-2.13752;0.1084561:-1.955238;-0.04049104:-2.272323
sigma3_hotel_seed42,tril,HOTEL:biwi_hotel:303:13040,HOTEL,biwi_hotel,biwi_hotel:303,13040,3,0.14636413753032684,0.3009920120239258,0.0,0.0,0.0,0.0,0.0,-1.22:-0.23;-1.22:-0.23;-1.22:-0.23;-1.22:-0.23;-1.22:-0.23;-1.22:-0.23;-1.22:-0.23;-1.22:-0.23,-1.22:-0.23;-1.22:-0.23;-1.22:-0.23;-1.22:-0.23;-1.22:-0.23;-1.22:-0.23;-1.22:-0.23;-1.22:-0.23;-1.22:-0.23;-1.22:-0.23;-1.22:-0.23;-1.22:-0.23,-1.232727:-0.2319086;-1.252531:-0.2287332;-1.274011:-0.2273467;-1.30391:-0.2407249;-1.330624:-0.23678;-1.347656:-0.2251955;-1.369732:-0.2089081;-1.409836:-0.2329933;-1.419689:-0.2436871;-1.458564:-0.225632;-1.47216:-0.2109877;-1.520241:-0.2087454
sigma3_hotel_seed42,tril,HOTEL:biwi_hotel:306:13040,HOTEL,biwi_hotel,biwi_hotel:306,13040,3,3.864755630493164,7.151055812835693,1.600195288658142,1.4762099981307983,0.5496417284011841,0.5653100609779358,0.0,1.17:1.6;1.18:1.1;1.12:0.54;1.04:-0.09;0.98:-0.63;0.82:-1.22;0.8:-1.86;0.79:-2.5,0.74:-3.05;0.88:-3.64;1:-4.26;1.1:-4.87;1.34:-5.52;1.45:-6.04;1.54:-6.69;1.7:-7.33;1.75:-8.04;1.72:-8.69;1.75:-9.34;1.71:-9.94,0.9737442:-2.534574;0.9681239:-2.640209;1.008518:-2.443489;1.152951:-2.661195;1.002261:-2.704097;1.004315:-2.539048;0.9198388:-2.189022;0.8738264:-2.839142;0.734989:-2.860783;0.4769739:-2.787968;0.5095963:-2.607144;0.3831723:-2.913114
sigma3_hotel_seed42,tril,HOTEL:biwi_hotel:303:13050,HOTEL,biwi_hotel,biwi_hotel:303,13050,3,0.14636413753032684,0.3009920120239258,0.0,0.0,0.0,0.0,0.0,-1.22:-0.23;-1.22:-0.23;-1.22:-0.23;-1.22:-0.23;-1.22:-0.23;-1.22:-0.23;-1.22:-0.23;-1.22:-0.23,-1.22:-0.23;-1.22:-0.23;-1.22:-0.23;-1.22:-0.23;-1.22:-0.23;-1.22:-0.23;-1.22:-0.23;-1.22:-0.23;-1.22:-0.23;-1.22:-0.23;-1.22:-0.23;-1.22:-0.23,-1.232727:-0.2319086;-1.252531:-0.2287332;-1.274011:-0.2273467;-1.30391:-0.2407249;-1.330624:-0.23678;-1.347656:-0.2251955;-1.369732:-0.2089081;-1.409836:-0.2329933;-1.419689:-0.2436871;-1.458564:-0.225632;-1.47216:-0.2109877;-1.520241:-0.2087454
sigma3_hotel_seed42,tril,HOTEL:biwi_hotel:303:13060,HOTEL,biwi_hotel,biwi_hotel:303,13060,3,0.14636413753032684,0.3009920120239258,0.0,0.0,0.0,0.0,0.0,-1.22:-0.23;-1.22:-0.23;-1.22:-0.23;-1.22:-0.23;-1.22:-0.23;-1.22:-0.23;-1.22:-0.23;-1.22:-0.23,-1.22:-0.23;-1.22:-0.23;-1.22:-0.23;-1.22:-0.23;-1.22:-0.23;-1.22:-0.23;-1.22:-0.23;-1.22:-0.23;-1.22:-0.23;-1.22:-0.23;-1.22:-0.23;-1.22:-0.23,-1.232727:-0.2319086;-1.252531:-0.2287332;-1.274011:-0.2273467;-1.30391:-0.2407249;-1.330624:-0.23678;-1.347656:-0.2251955;-1.369732:-0.2089081;-1.409836:-0.2329933;-1.419689:-0.2436871;-1.458564:-0.225632;-1.47216:-0.2109877;-1.520241:-0.2087454
sigma3_hotel_seed42,tril,HOTEL:biwi_hotel:307:13060,HOTEL,biwi_hotel,biwi_hotel:307,13060,3,2.4580819606781006,4.2586669921875,1.1011357307434082,1.18660569190979,0.4564497768878937,0.7620705366134644,0.875,2.6:-8.67;2.49:-8.26;2.47:-7.74;2.5:-7.26;2.47:-6.78;2.46:-6.28;2.53:-5.81;2.55:-5.37,2.55:-4.94;2.56:-4.48;2.48:-4.14;2.35:-3.8;2.29:-3.42;2.24:-3.07;2.12:-2.74;2.07:-2.36;2.1:-2.07;2.1:-1.73;2.03:-1.54;2.04:-1.24,2.585998:-5.394594;2.556403:-5.430112;2.559278:-5.355488;2.592962:-5.44241;2.500371:-5.467199;2.470772:-5.369441;2.419883:-5.156669;2.351367:-5.486386;2.241894:-5.516882;2.116258:-5.456613;2.062715:-5.37404;1.980233:-5.498248
sigma3_hotel_seed42,tril,HOTEL:biwi_hotel:303:13070,HOTEL,biwi_hotel,biwi_hotel:303,13070,3,0.14636413753032684,0.3009920120239258,0.0,0.0,0.0,0.0,0.0,-1.22:-0.23;-1.22:-0.23;-1.22:-0.23;-1.22:-0.23;-1.22:-0.23;-1.22:-0.23;-1.22:-0.23;-1.22:-0.23,-1.22:-0.23;-1.22:-0.23;-1.22:-0.23;-1.22:-0.23;-1.22:-0.23;-1.22:-0.23;-1.22:-0.23;-1.22:-0.23;-1.22:-0.23;-1.22:-0.23;-1.22:-0.23;-1.22:-0.23,-1.232727:-0.2319086;-1.252531:-0.2287332;-1.274011:-0.2273467;-1.30391:-0.2407249;-1.330624:-0.23678;-1.347656:-0.2251955;-1.369732:-0.2089081;-1.409836:-0.2329933;-1.419689:-0.2436871;-1.458564:-0.225632;-1.47216:-0.2109877;-1.520241:-0.2087454
sigma3_hotel_seed42,tril,HOTEL:biwi_hotel:307:13070,HOTEL,biwi_hotel,biwi_hotel:307,13070,3,2.3355581760406494,3.9435901641845703,1.0750000476837158,1.1885700225830078,0.33169350028038025,0.5838165879249573,1.25,2.49:-8.26;2.47:-7.74;2.5:-7.26;2.47:-6.78;2.46:-6.28;2.53:-5.81;2.55:-5.37;2.55:-4.94,2.56:-4.48;2.48:-4.14;2.35:-3.8;2.29:-3.42;2.24:-3.07;2.12:-2.74;2.07:-2.36;2.1:-2.07;2.1:-1.73;2.03:-1.54;2.04:-1.24;2.03:-1.12,2.555469:-4.963606;2.494893:-4.994704;2.46837:-4.924232;2.474286:-5.002767;2.365804:-5.024795;2.311889:-4.936476;2.23629:-4.726075;2.152566:-5.04035;2.020335:-5.067585;1.880509:-5.012586;1.809213:-4.932789;1.720302:-5.051411
sigma3_hotel_seed42,tril,HOTEL:biwi_hotel:303:13080,HOTEL,biwi_hotel,biwi_hotel:303,13080,3,0.14636413753032684,0.3009920120239258,0.0,0.0,0.0,0.0,0.0,-1.22:-0.23;-1.22:-0.23;-1.22:-0.23;-1.22:-0.23;-1.22:-0.23;-1.22:-0.23;-1.22:-0.23;-1.22:-0.23,-1.22:-0.23;-1.22:-0.23;-1.22:-0.23;-1.22:-0.23;-1.22:-0.23;-1.22:-0.23;-1.22:-0.23;-1.22:-0.23;-1.22:-0.23;-1.22:-0.23;-1.22:-0.23;-1.22:-0.23,-1.232727:-0.2319086;-1.252531:-0.2287332;-1.274011:-0.2273467;-1.30391:-0.2407249;-1.330624:-0.23678;-1.347656:-0.2251955;-1.369732:-0.2089081;-1.409836:-0.2329933;-1.419689:-0.2436871;-1.458564:-0.225632;-1.47216:-0.2109877;-1.520241:-0.2087454
sigma3_hotel_seed42,tril,HOTEL:biwi_hotel:307:13080,HOTEL,biwi_hotel,biwi_hotel:307,13080,3,2.169142007827759,3.42848801612854,1.1502716541290283,1.1670429706573486,0.2979346811771393,0.5046908855438232,1.5,2.47:-7.74;2.5:-7.26;2.47:-6.78;2.46:-6.28;2.53:-5.81;2.55:-5.37;2.55:-4.94;2.56:-4.48,2.48:-4.14;2.35:-3.8;2.29:-3.42;2.24:-3.07;2.12:-2.74;2.07:-2.36;2.1:-2.07;2.1:-1.73;2.03:-1.54;2.04:-1.24;2.03:-1.12;2.02:-1.21,2.581562:-4.50447;2.528532:-4.544805;2.510063:-4.460993;2.529897:-4.553654;2.410981:-4.581038;2.362664:-4.479488;2.286205:-4.253965;2.20006:-4.608468;2.066531:-4.635073;1.91153:-4.575874;1.845124:-4.486955;1.745332:-4.627468
sigma3_hotel_seed42,tril,HOTEL:biwi_hotel:303:13090,HOTEL,biwi_hotel,biwi_hotel:303,13090,3,0.14636413753032684,0.3009920120239258,0.0,0.0,0.0,0.0,0.0,-1.22:-0.23;-1.22:-0.23;-1.22:-0.23;-1.22:-0.23;-1.22:-0.23;-1.22:-0.23;-1.22:-0.23;-1.22:-0.23,-1.22:-0.23;-1.22:-0.23;-1.22:-0.23;-1.22:-0.23;-1.22:-0.23;-1.22:-0.23;-1.22:-0.23;-1.22:-0.23;-1.22:-0.23;-1.22:-0.23;-1.22:-0.23;-1.22:-0.23,-1.232727:-0.2319086;-1.252531:-0.2287332;-1.274011:-0.2273467;-1.30391:-0.2407249;-1.330624:-0.23678;-1.347656:-0.2251955;-1.369732:-0.2089081;-1.409836:-0.2329933;-1.419689:-0.2436871;-1.458564:-0.225632;-1.47216:-0.2109877;-1.520241:-0.2087454
sigma3_hotel_seed42,tril,HOTEL:biwi_hotel:307:13090,HOTEL,biwi_hotel,biwi_hotel:307,13090,3,2.0557861328125,3.126685857772827,0.873212456703186,1.120024561882019,0.3916846811771393,0.6326796412467957,1.75,2.5:-7.26;2.47:-6.78;2.46:-6.28;2.53:-5.81;2.55:-5.37;2.55:-4.94;2.56:-4.48;2.48:-4.14,2.35:-3.8;2.29:-3.42;2.24:-3.07;2.12:-2.74;2.07:-2.36;2.1:-2.07;2.1:-1.73;2.03:-1.54;2.04:-1.24;2.03:-1.12;2.02:-1.21;2.02:-1.21,2.370397:-4.153325;2.218885:-4.153367;2.09387:-4.129872;1.982638:-4.137932;1.847376:-4.152726;1.720224:-4.10779;1.577516:-3.953077;1.449205:-4.126036;1.280253:-4.138439;1.131673:-4.117671;0.9949881:-4.070123;0.8828509:-4.122569
sigma3_hotel_seed42,tril,HOTEL:biwi_hotel:303:13100,HOTEL,biwi_hotel,biwi_hotel:303,13100,3,0.14636413753032684,0.3009920120239258,0.0,0.0,0.0,0.0,0.0,-1.22:-0.23;-1.22:-0.23;-1.22:-0.23;-1.22:-0.23;-1.22:-0.23;-1.22:-0.23;-1.22:-0.23;-1.22:-0.23,-1.22:-0.23;-1.22:-0.23;-1.22:-0.23;-1.22:-0.23;-1.22:-0.23;-1.22:-0.23;-1.22:-0.23;-1.22:-0.23;-1.22:-0.23;-1.22:-0.23;-1.22:-0.23;-1.22:-0.23,-1.232727:-0.2319086;-1.252531:-0.2287332;-1.274011:-0.2273467;-1.30391:-0.2407249;-1.330624:-0.23678;-1.347656:-0.2251955;-1.369732:-0.2089081;-1.409836:-0.2329933;-1.419689:-0.2436871;-1.458564:-0.225632;-1.47216:-0.2109877;-1.520241:-0.2087454
sigma3_hotel_seed42,tril,HOTEL:biwi_hotel:307:13100,HOTEL,biwi_hotel,biwi_hotel:307,13100,3,2.01686429977417,3.0111706256866455,0.910013735294342,1.0782634019851685,0.4143052101135254,0.7243689298629761,1.875,2.47:-6.78;2.46:-6.28;2.53:-5.81;2.55:-5.37;2.55:-4.94;2.56:-4.48;2.48:-4.14;2.35:-3.8,2.29:-3.42;2.24:-3.07;2.12:-2.74;2.07:-2.36;2.1:-2.07;2.1:-1.73;2.03:-1.54;2.04:-1.24;2.03:-1.12;2.02:-1.21;2.02:-1.21;2.02:-1.2,2.208953:-3.810895;2.031546:-3.808972;1.876194:-3.790053;1.73764:-3.785149;1.580699:-3.80306;1.424466:-3.759457;1.255962:-3.610558;1.10763:-3.771449;0.9182848:-3.777537;0.7553031:-3.767889;0.5921594:-3.725311;0.4584112:-3.774605
sigma3_hotel_seed42,tril,HOTEL:biwi_hotel:303:13110,HOTEL,biwi_hotel,biwi_hotel:303,13110,3,0.14636413753032684,0.3009920120239258,0.0,0.0,0.0,0.0,0.0,-1.22:-0.23;-1.22:-0.23;-1.22:-0.23;-1.22:-0.23;-1.22:-0.23;-1.22:-0.23;-1.22:-0.23;-1.22:-0.23,-1.22:-0.23;-1.22:-0.23;-1.22:-0.23;-1.22:-0.23;-1.22:-0.23;-1.22:-0.23;-1.22:-0.23;-1.22:-0.23;-1.22:-0.23;-1.22:-0.23;-1.22:-0.23;-1.22:-0.23,-1.232727:-0.2319086;-1.252531:-0.2287332;-1.274011:-0.2273467;-1.30391:-0.2407249;-1.330624:-0.23678;-1.347656:-0.2251955;-1.369732:-0.2089081;-1.409836:-0.2329933;-1.419689:-0.2436871;-1.458564:-0.225632;-1.47216:-0.2109877;-1.520241:-0.2087454
sigma3_hotel_seed42,tril,HOTEL:biwi_hotel:307:13110,HOTEL,biwi_hotel,biwi_hotel:307,13110,3,1.7666927576065063,2.536205291748047,0.9617692232131958,1.0370519161224365,0.4092870354652405,0.7651218175888062,1.75,2.46:-6.28;2.53:-5.81;2.55:-5.37;2.55:-4.94;2.56:-4.48;2.48:-4.14;2.35:-3.8;2.29:-3.42,2.24:-3.07;2.12:-2.74;2.07:-2.36;2.1:-2.07;2.1:-1.73;2.03:-1.54;2.04:-1.24;2.03:-1.12;2.02:-1.21;2.02:-1.21;2.02:-1.2;2.01:-1.13,2.24537:-3.44103;2.135449:-3.460041;2.061409:-3.402983;2.016715:-3.459344;1.889921:-3.477493;1.800034:-3.409135;1.687987:-3.213432;1.582375:-3.480541;1.423954:-3.502365;1.269038:-3.458579;1.170519:-3.389193;1.072955:-3.486753
sigma3_hotel_seed42,tril,HOTEL:biwi_hotel:303:13120,HOTEL,biwi_hotel,biwi_hotel:303,13120,3,0.14636413753032684,0.3009920120239258,0.0,0.0,0.0,0.0,0.0,-1.22:-0.23;-1.22:-0.23;-1.22:-0.23;-1.22:-0.23;-1.22:-0.23;-1.22:-0.23;-1.22:-0.23;-1.22:-0.23,-1.22:-0.23;-1.22:-0.23;-1.22:-0.23;-1.22:-0.23;-1.22:-0.23;-1.22:-0.23;-1.22:-0.23;-1.22:-0.23;-1.22:-0.23;-1.22:-0.23;-1.22:-0.23;-1.22:-0.23,-1.232727:-0.2319086;-1.252531:-0.2287332;-1.274011:-0.2273467;-1.30391:-0.2407249;-1.330624:-0.23678;-1.347656:-0.2251955;-1.369732:-0.2089081;-1.409836:-0.2329933;-1.419689:-0.2436871;-1.458564:-0.225632;-1.47216:-0.2109877;-1.520241:-0.2087454
sigma3_hotel_seed42,tril,HOTEL:biwi_hotel:307:13120,HOTEL,biwi_hotel,biwi_hotel:307,13120,3,1.580946922302246,2.182724952697754,0.8838834762573242,0.9936123490333557,0.3814883530139923,0.677400529384613,1.5,2.53:-5.81;2.55:-5.37;2.55:-4.94;2.56:-4.48;2.48:-4.14;2.35:-3.8;2.29:-3.42;2.24:-3.07,2.12:-2.74;2.07:-2.36;2.1:-2.07;2.1:-1.73;2.03:-1.54;2.04:-1.24;2.03:-1.12;2.02:-1.21;2.02:-1.21;2.02:-1.2;2.01:-1.13;2.01:-1.14,2.183969:-3.089396;2.068859:-3.097165;1.989507:-3.055151;1.929213:-3.09314;1.81401:-3.109969;1.724114:-3.052501;1.616105:-2.87993;1.512342:-3.09687;1.366751:-3.118455;1.229095:-3.079222;1.12671:-3.022652;1.03554:-3.09313
sigma3_hotel_seed42,tril,HOTEL:biwi_hotel:303:13130,HOTEL,biwi_hotel,biwi_hotel:303,13130,3,0.08996528387069702,0.1839206963777542,0.0,0.0,0.0,0.0,0.0,-1.22:-0.23;-1.22:-0.23;-1.22:-0.23;-1.22:-0.23;-1.22:-0.23;-1.22:-0.23;-1.22:-0.23;-1.22:-0.23,-1.22:-0.23;-1.22:-0.23;-1.22:-0.23;-1.22:-0.23;-1.22:-0.23;-1.22:-0.23;-1.22:-0.23;-1.22:-0.23;-1.22:-0.23;-1.22:-0.23;-1.22:-0.23;-1.22:-0.23,-1.226068:-0.2308417;-1.239344:-0.2286878;-1.253841:-0.2278218;-1.27272:-0.2320968;-1.29356:-0.2345674;-1.298946:-0.2267298;-1.315191:-0.2222148;-1.34161:-0.2325451;-1.338382:-0.2354028;-1.364178:-0.2228542;-1.370081:-0.2157625;-1.40324:-0.2141959
sigma3_hotel_seed42,tril,HOTEL:biwi_hotel:307:13130,HOTEL,biwi_hotel,biwi_hotel:307,13130,3,1.567980170249939,2.2683615684509277,0.8778524994850159,0.9617147445678711,0.4340304434299469,0.8388512134552002,1.25,2.55:-5.37;2.55:-4.94;2.56:-4.48;2.48:-4.14;2.35:-3.8;2.29:-3.42;2.24:-3.07;2.12:-2.74,2.07:-2.36;2.1:-2.07;2.1:-1.73;2.03:-1.54;2.04:-1.24;2.03:-1.12;2.02:-1.21;2.02:-1.21;2.02:-1.2;2.01:-1.13;2.01:-1.14;2:-1.16,1.991971:-2.752103;1.833861:-2.754901;1.694573:-2.732341;1.573414:-2.737448;1.426304:-2.75218;1.281641:-2.707652;1.125814:-2.543267;0.988023:-2.728074;0.8010322:-2.738178;0.6402093:-2.722644;0.491344:-2.674046;0.3676023:-2.735037
sigma3_hotel_seed42,tril,HOTEL:biwi_hotel:309:13130,HOTEL,biwi_hotel,biwi_hotel:309,13130,3,0.06264330446720123,0.09849916398525238,0.02500000037252903,0.02377447858452797,0.11168072372674942,0.7853981852531433,1.0,-1.54:-6.73;-1.54:-6.73;-1.54:-6.73;-1.56:-6.71;-1.56:-6.71;-1.56:-6.71;-1.58:-6.69;-1.58:-6.68,-1.58:-6.68;-1.58:-6.68;-1.58:-6.68;-1.6:-6.68;-1.62:-6.68;-1.62:-6.68;-1.62:-6.68;-1.62:-6.68;-1.62:-6.68;-1.62:-6.68;-1.62:-6.68;-1.57:-6.72,-1.578907:-6.6797;-1.580107:-6.679583;-1.576689:-6.681587;-1.569633:-6.681148;-1.562259:-6.686398;-1.554385:-6.684227;-1.544773:-6.693202;-1.54176:-6.687602;-1.526:-6.690049;-1.504396:-6.690984;-1.493632:-6.701026;-1.473982:-6.698033
sigma3_hotel_seed42,tril,HOTEL:biwi_hotel:310:13130,HOTEL,biwi_hotel,biwi_hotel:310,13130,3,0.2603796124458313,0.32839885354042053,0.02500000037252903,0.05000000074505806,0.14172449707984924,1.5707963705062866,1.0,-1.49:-8.22;-1.49:-8.22;-1.49:-8.22;-1.47:-8.22;-1.45:-8.22;-1.45:-8.19;-1.45:-8.13;-1.45:-8.12,-1.45:-8.2;-1.47:-8.28;-1.48:-8.34;-1.48:-8.33;-1.48:-8.31;-1.46:-8.29;-1.44:-8.29;-1.44:-8.29;-1.44:-8.29;-1.44:-8.29;-1.44:-8.29;-1.33:-8.28,-1.422307:-8.121732;-1.4045:-8.122;-1.377532:-8.119493;-1.345026:-8.129077;-1.307344:-8.139128;-1.279768:-8.130667;-1.237026:-8.140432;-1.204695:-8.134958;-1.16831:-8.143706;-1.118374:-8.151631;-1.078584:-8.170071;-1.019391:-8.17338
sigma3_hotel_seed42,tril,HOTEL:biwi_hotel:311:13130,HOTEL,biwi_hotel,biwi_hotel:311,13130,3,0.08996529132127762,0.1839206963777542,0.0,0.0,0.0,0.0,0.0,-1.36:-2.68;-1.36:-2.68;-1.36:-2.68;-1.36:-2.68;-1.36:-2.68;-1.36:-2.68;-1.36:-2.68;-1.36:-2.68,-1.36:-2.68;-1.36:-2.68;-1.36:-2.68;-1.36:-2.68;-1.36:-2.68;-1.36:-2.68;-1.36:-2.68;-1.36:-2.68;-1.36:-2.68;-1.36:-2.68;-1.36:-2.68;-1.36:-2.68,-1.366068:-2.680842;-1.379344:-2.678688;-1.393841:-2.677822;-1.41272:-2.682097;-1.43356:-2.684567;-1.438946:-2.67673;-1.455191:-2.672215;-1.48161:-2.682545;-1.478382:-2.685403;-1.504178:-2.672854;-1.510081:-2.665763;-1.54324:-2.664196
sigma3_hotel_seed42,tril,HOTEL:biwi_hotel:313:13130,HOTEL,biwi_hotel,biwi_hotel:313,13130,3,0.08996527642011642,0.1839206963777542,0.0,0.0,0.0,0.0,0.375,-0.52:3.4;-0.52:3.4;-0.52:3.4;-0.52:3.4;-0.52:3.4;-0.52:3.4;-0.52:3.4;-0.52:3.4,-0.52:3.4;-0.52:3.4;-0.52:3.4;-0.52:3.4;-0.52:3.4;-0.52:3.4;-0.52:3.4;-0.52:3.4;-0.52:3.4;-0.52:3.4;-0.52:3.4;-0.52:3.4,-0.5260681:3.399158;-0.5393437:3.401312;-0.5538411:3.402178;-0.5727196:3.397903;-0.5935599:3.395433;-0.5989465:3.40327;-0.6151908:3.407785;-0.6416097:3.397455;-0.6383815:3.394597;-0.6641782:3.407146;-0.6700814:3.414237;-0.7032404:3.415804
sigma3_hotel_seed42,tril,HOTEL:biwi_hotel:303:13140,HOTEL,biwi_hotel,biwi_hotel:303,13140,3,0.06493965536355972,0.13325059413909912,0.0,0.0,0.0,0.0,0.0,-1.22:-0.23;-1.22:-0.23;-1.22:-0.23;-1.22:-0.23;-1.22:-0.23;-1.22:-0.23;-1.22:-0.23;-1.22:-0.23,-1.22:-0.23;-1.22:-0.23;-1.22:-0.23;-1.22:-0.23;-1.22:-0.23;-1.22:-0.23;-1.22:-0.23;-1.22:-0.23;-1.22:-0.23;-1.22:-0.23;-1.22:-0.23;-1.22:-0.23,-1.222335:-0.2301973;-1.233424:-0.2287387;-1.24444:-0.2270833;-1.258272:-0.22827;-1.276928:-0.2330803;-1.276717:-0.2269855;-1.290789:-0.2290718;-1.311368:-0.2320297;-1.302369:-0.2319659;-1.322407:-0.2207435;-1.325259:-0.216968;-1.352323:-0.2143068
sigma3_hotel_seed42,tril,HOTEL:biwi_hotel:307:13140,HOTEL,biwi_hotel,biwi_hotel:307,13140,3,1.1898568868637085,1.657204031944275,0.9581884145736694,0.9450273513793945,0.49069762229919434,1.0350590944290161,1.0,2.55:-4.94;2.56:-4.48;2.48:-4.14;2.35:-3.8;2.29:-3.42;2.24:-3.07;2.12:-2.74;2.07:-2.36,2.1:-2.07;2.1:-1.73;2.03:-1.54;2.04:-1.24;2.03:-1.12;2.02:-1.21;2.02:-1.21;2.02:-1.2;2.01:-1.13;2.01:-1.14;2:-1.16;2:-1.18,2.026588:-2.381169;1.92901:-2.402376;1.861426:-2.346617;1.82486:-2.405189;1.705867:-2.419613;1.617637:-2.353318;1.512501:-2.148642;1.41403:-2.425539;1.253441:-2.449272;1.103153:-2.405477;1.010162:-2.33361;0.9191346:-2.436207
sigma3_hotel_seed42,tril,HOTEL:biwi_hotel:309:13140,HOTEL,biwi_hotel,biwi_hotel:309,13140,3,0.07910896837711334,0.12349820137023926,0.0,0.02377447858452797,0.12209738790988922,0.7853981852531433,1.0,-1.54:-6.73;-1.54:-6.73;-1.56:-6.71;-1.56:-6.71;-1.56:-6.71;-1.58:-6.69;-1.58:-6.68;-1.58:-6.68,-1.58:-6.68;-1.58:-6.68;-1.6:-6.68;-1.62:-6.68;-1.62:-6.68;-1.62:-6.68;-1.62:-6.68;-1.62:-6.68;-1.62:-6.68;-1.62:-6.68;-1.57:-6.72;-1.56:-6.73,-1.578929:-6.679961;-1.571766:-6.680096;-1.569019:-6.686526;-1.556847:-6.674513;-1.550302:-6.68722;-1.5394:-6.685553;-1.529169:-6.6925;-1.518952:-6.689857;-1.497222:-6.680007;-1.476467:-6.690495;-1.460989:-6.700853;-1.438022:-6.710683
sigma3_hotel_seed42,tril,HOTEL:biwi_hotel:310:13140,HOTEL,biwi_hotel,biwi_hotel:310,13140,3,0.12404029816389084,0.09233900159597397,0.20000000298023224,0.07857143133878708,0.23547449707984924,4.71238899230957,1.125,-1.49:-8.22;-1.49:-8.22;-1.47:-8.22;-1.45:-8.22;-1.45:-8.19;-1.45:-8.13;-1.45:-8.12;-1.45:-8.2,-1.47:-8.28;-1.48:-8.34;-1.48:-8.33;-1.48:-8.31;-1.46:-8.29;-1.44:-8.29;-1.44:-8.29;-1.44:-8.29;-1.44:-8.29;-1.44:-8.29;-1.33:-8.28;-1.32:-8.27,-1.424209:-8.205207;-1.431001:-8.200245;-1.445165:-8.180948;-1.452514:-8.211827;-1.427313:-8.209571;-1.433394:-8.170988;-1.415447:-8.128266;-1.386738:-8.151667;-1.37062:-8.171774;-1.3787:-8.179424;-1.327242:-8.156038;-1.309656:-8.178243
sigma3_hotel_seed42,tril,HOTEL:biwi_hotel:311:13140,HOTEL,biwi_hotel,biwi_hotel:311,13140,3,0.06493967026472092,0.13325060904026031,0.0,0.0,0.0,0.0,0.0,-1.36:-2.68;-1.36:-2.68;-1.36:-2.68;-1.36:-2.68;-1.36:-2.68;-1.36:-2.68;-1.36:-2.68;-1.36:-2.68,-1.36:-2.68;-1.36:-2.68;-1.36:-2.68;-1.36:-2.68;-1.36:-2.68;-1.36:-2.68;-1.36:-2.68;-1.36:-2.68;-1.36:-2.68;-1.36:-2.68;-1.36:-2.68;-1.36:-2.68,-1.362335:-2.680197;-1.373424:-2.678739;-1.38444:-2.677083;-1.398272:-2.67827;-1.416928:-2.68308;-1.416717:-2.676986;-1.430789:-2.679072;-1.451368:-2.68203;-1.442369:-2.681966;-1.462407:-2.670743;-1.465259:-2.666968;-1.492323:-2.664307
sigma3_hotel_seed42,tril,HOTEL:biwi_hotel:313:13140,HOTEL,biwi_hotel,biwi_hotel:313,13140,3,0.06493967026472092,0.13325060904026031,0.0,0.0,0.0,0.0,0.25,-0.52:3.4;-0.52:3.4;-0.52:3.4;-0.52:3.4;-0.52:3.4;-0.52:3.4;-0.52:3.4;-0.52:3.4,-0.52:3.4;-0.52:3.4;-0.52:3.4;-0.52:3.4;-0.52:3.4;-0.52:3.4;-0.52:3.4;-0.52:3.4;-0.52:3.4;-0.52:3.4;-0.52:3.4;-0.52:3.4,-0.5223347:3.399803;-0.5334244:3.401261;-0.54444:3.402917;-0.558272:3.40173;-0.576928:3.39692;-0.5767173:3.403015;-0.5907885:3.400928;-0.6113684:3.39797;-0.602369:3.398034;-0.6224073:3.409257;-0.6252591:3.413032;-0.6523232:3.415693
sigma3_hotel_seed42,tril,HOTEL:biwi_hotel:303:13150,HOTEL,biwi_hotel,biwi_hotel:303,13150,3,0.01892942003905773,0.036337822675704956,0.0,0.0,0.0,0.0,0.0,-1.22:-0.23;-1.22:-0.23;-1.22:-0.23;-1.22:-0.23;-1.22:-0.23;-1.22:-0.23;-1.22:-0.23;-1.22:-0.23,-1.22:-0.23;-1.22:-0.23;-1.22:-0.23;-1.22:-0.23;-1.22:-0.23;-1.22:-0.23;-1.22:-0.23;-1.22:-0.23;-1.22:-0.23;-1.22:-0.23;-1.22:-0.23;-1.22:-0.23,-1.216233:-0.2287296;-1.2224:-0.2288345;-1.227088:-0.225892;-1.231914:-0.2223251;-1.2447:-0.2303146;-1.235231:-0.2276215;-1.244158:-0.2412662;-1.252899:-0.230607;-1.234509:-0.2262396;-1.24296:-0.2184356;-1.239357:-0.2207974;-1.253649:-0.2162808
sigma3_hotel_seed42,tril,HOTEL:biwi_hotel:307:13150,HOTEL,biwi_hotel,biwi_hotel:307,13150,3,0.8391539454460144,0.8841330409049988,0.7288689613342285,0.8848269581794739,0.45988088846206665,1.0161417722702026,0.625,2.56:-4.48;2.48:-4.14;2.35:-3.8;2.29:-3.42;2.24:-3.07;2.12:-2.74;2.07:-2.36;2.1:-2.07,2.1:-1.73;2.03:-1.54;2.04:-1.24;2.03:-1.12;2.02:-1.21;2.02:-1.21;2.02:-1.2;2.01:-1.13;2.01:-1.14;2:-1.16;2:-1.18;1.98:-1.21,2.145051:-2.093035;2.147703:-2.102488;2.181492:-2.070712;2.220472:-2.121016;2.206946:-2.128163;2.209685:-2.064247;2.212335:-1.912344;2.19005:-2.112652;2.136244:-2.151722;2.105474:-2.101172;2.073273:-2.044923;2.050719:-2.0913
sigma3_hotel_seed42,tril,HOTEL:biwi_hotel:309:13150,HOTEL,biwi_hotel,biwi_hotel:309,13150,3,0.06183050945401192,0.08950480818748474,0.0,0.02377447858452797,0.09263460338115692,0.7853981852531433,1.0,-1.54:-6.73;-1.56:-6.71;-1.56:-6.71;-1.56:-6.71;-1.58:-6.69;-1.58:-6.68;-1.58:-6.68;-1.58:-6.68,-1.58:-6.68;-1.6:-6.68;-1.62:-6.68;-1.62:-6.68;-1.62:-6.68;-1.62:-6.68;-1.62:-6.68;-1.62:-6.68;-1.62:-6.68;-1.57:-6.72;-1.56:-6.73;-1.56:-6.74,-1.576737:-6.678809;-1.575191:-6.680459;-1.572889:-6.680698;-1.562427:-6.674106;-1.5628:-6.683197;-1.551714:-6.681933;-1.547717:-6.695796;-1.542555:-6.687579;-1.523684:-6.679826;-1.508659:-6.68252;-1.497925:-6.690503;-1.48379:-6.693061
sigma3_hotel_seed42,tril,HOTEL:biwi_hotel:310:13150,HOTEL,biwi_hotel,biwi_hotel:310,13150,3,0.13261255621910095,0.24245229363441467,0.20615528523921967,0.10802218317985535,0.23547449707984924,4.957367420196533,1.25,-1.49:-8.22;-1.47:-8.22;-1.45:-8.22;-1.45:-8.19;-1.45:-8.13;-1.45:-8.12;-1.45:-8.2;-1.47:-8.28,-1.48:-8.34;-1.48:-8.33;-1.48:-8.31;-1.46:-8.29;-1.44:-8.29;-1.44:-8.29;-1.44:-8.29;-1.44:-8.29;-1.44:-8.29;-1.33:-8.28;-1.32:-8.27;-1.32:-8.29,-1.463271:-8.285236;-1.484738:-8.279086;-1.515329:-8.265262;-1.540764:-8.288781;-1.53251:-8.282232;-1.554949:-8.247138;-1.559305:-8.196597;-1.550056:-8.226217;-1.553893:-8.244143;-1.577823:-8.249251;-1.550152:-8.217857;-1.556258:-8.235544
sigma3_hotel_seed42,tril,HOTEL:biwi_hotel:311:13150,HOTEL,biwi_hotel,biwi_hotel:311,13150,3,0.01892942748963833,0.03633797913789749,0.0,0.0,0.0,0.0,0.0,-1.36:-2.68;-1.36:-2.68;-1.36:-2.68;-1.36:-2.68;-1.36:-2.68;-1.36:-2.68;-1.36:-2.68;-1.36:-2.68,-1.36:-2.68;-1.36:-2.68;-1.36:-2.68;-1.36:-2.68;-1.36:-2.68;-1.36:-2.68;-1.36:-2.68;-1.36:-2.68;-1.36:-2.68;-1.36:-2.68;-1.36:-2.68;-1.36:-2.68,-1.356233:-2.67873;-1.3624:-2.678834;-1.367088:-2.675892;-1.371914:-2.672325;-1.3847:-2.680315;-1.375231:-2.677622;-1.384158:-2.691266;-1.392899:-2.680607;-1.374509:-2.67624;-1.38296:-2.668436;-1.379357:-2.670797;-1.393649:-2.666281
sigma3_hotel_seed42,tril,HOTEL:biwi_hotel:313:13150,HOTEL,biwi_hotel,biwi_hotel:313,13150,3,0.018929405137896538,0.03633783385157585,0.0,0.0,0.0,0.0,0.125,-0.52:3.4;-0.52:3.4;-0.52:3.4;-0.52:3.4;-0.52:3.4;-0.52:3.4;-0.52:3.4;-0.52:3.4,-0.52:3.4;-0.52:3.4;-0.52:3.4;-0.52:3.4;-0.52:3.4;-0.52:3.4;-0.52:3.4;-0.52:3.4;-0.52:3.4;-0.52:3.4;-0.52:3.4;-0.52:3.4,-0.5162327:3.40127;-0.5223998:3.401166;-0.5270876:3.404108;-0.5319136:3.407675;-0.5446995:3.399686;-0.5352306:3.402379;-0.5441581:3.388734;-0.5528993:3.399393;-0.5345088:3.40376;-0.5429604:3.411565;-0.5393571:3.409203;-0.5536485:3.413719
sigma3_hotel_seed42,tril,HOTEL:biwi_hotel:303:13160,HOTEL,biwi_hotel,biwi_hotel:303,13160,3,0.011020566336810589,0.018835030496120453,0.0,0.0,0.0,0.0,0.0,-1.22:-0.23;-1.22:-0.23;-1.22:-0.23;-1.22:-0.23;-1.22:-0.23;-1.22:-0.23;-1.22:-0.23;-1.22:-0.23,-1.22:-0.23;-1.22:-0.23;-1.22:-0.23;-1.22:-0.23;-1.22:-0.23;-1.22:-0.23;-1.22:-0.23;-1.22:-0.23;-1.22:-0.23;-1.22:-0.23;-1.22:-0.23;-1.22:-0.23,-1.217252:-0.2276285;-1.221004:-0.2283818;-1.224448:-0.2246929;-1.229321:-0.2254483;-1.236025:-0.2285365;-1.228969:-0.2268965;-1.233541:-0.2412148;-1.238479:-0.2271017;-1.225077:-0.2265068;-1.229633:-0.2201483;-1.224237:-0.2223216;-1.232289:-0.2157265
sigma3_hotel_seed42,tril,HOTEL:biwi_hotel:307:13160,HOTEL,biwi_hotel,biwi_hotel:307,13160,3,0.5465694069862366,0.5945858359336853,0.8500000238418579,0.8815109133720398,0.4685366451740265,0.9851125478744507,0.5,2.48:-4.14;2.35:-3.8;2.29:-3.42;2.24:-3.07;2.12:-2.74;2.07:-2.36;2.1:-2.07;2.1:-1.73,2.03:-1.54;2.04:-1.24;2.03:-1.12;2.02:-1.21;2.02:-1.21;2.02:-1.2;2.01:-1.13;2.01:-1.14;2:-1.16;2:-1.18;1.98:-1.21;1.93:-1.21,2.123927:-1.753524;2.105132:-1.7688;2.115204:-1.726038;2.140261:-1.784658;2.095889:-1.794918;2.074818:-1.727627;2.050397:-1.549848;2.007882:-1.788654;1.922196:-1.824853;1.852326:-1.772217;1.807286:-1.709591;1.765242:-1.781303
sigma3_hotel_seed42,tril,HOTEL:biwi_hotel:309:13160,HOTEL,biwi_hotel,biwi_hotel:309,13160,3,0.04142582044005394,0.11774764209985733,0.0,0.01367295440286398,0.06317182630300522,0.7853981852531433,1.0,-1.56:-6.71;-1.56:-6.71;-1.56:-6.71;-1.58:-6.69;-1.58:-6.68;-1.58:-6.68;-1.58:-6.68;-1.58:-6.68,-1.6:-6.68;-1.62:-6.68;-1.62:-6.68;-1.62:-6.68;-1.62:-6.68;-1.62:-6.68;-1.62:-6.68;-1.62:-6.68;-1.57:-6.72;-1.56:-6.73;-1.56:-6.74;-1.56:-6.75,-1.579486:-6.679474;-1.589408:-6.678476;-1.594422:-6.675129;-1.602493:-6.68114;-1.614051:-6.682224;-1.610038:-6.677315;-1.616432:-6.684134;-1.631893:-6.682136;-1.622016:-6.685554;-1.630774:-6.672915;-1.628661:-6.671339;-1.641393:-6.664914
sigma3_hotel_seed42,tril,HOTEL:biwi_hotel:310:13160,HOTEL,biwi_hotel,biwi_hotel:310,13160,3,0.17877645790576935,0.3184799253940582,0.1520690619945526,0.12260347604751587,0.25876685976982117,5.037197589874268,1.25,-1.47:-8.22;-1.45:-8.22;-1.45:-8.19;-1.45:-8.13;-1.45:-8.12;-1.45:-8.2;-1.47:-8.28;-1.48:-8.34,-1.48:-8.33;-1.48:-8.31;-1.46:-8.29;-1.44:-8.29;-1.44:-8.29;-1.44:-8.29;-1.44:-8.29;-1.44:-8.29;-1.33:-8.28;-1.32:-8.27;-1.32:-8.29;-1.32:-8.31,-1.487166:-8.341435;-1.51481:-8.339038;-1.541489:-8.32705;-1.566074:-8.346867;-1.567968:-8.337346;-1.590641:-8.317441;-1.603237:-8.290701;-1.609356:-8.303026;-1.619894:-8.323502;-1.633565:-8.317841;-1.626981:-8.301472;-1.63828:-8.29872
sigma3_hotel_seed42,tril,HOTEL:biwi_hotel:311:13160,HOTEL,biwi_hotel,biwi_hotel:311,13160,3,0.015844108536839485,0.07671744376420975,0.0,0.0,0.0,0.0,0.0,-1.36:-2.68;-1.36:-2.68;-1.36:-2.68;-1.36:-2.68;-1.36:-2.68;-1.36:-2.68;-1.36:-2.68;-1.36:-2.68,-1.36:-2.68;-1.36:-2.68;-1.36:-2.68;-1.36:-2.68;-1.36:-2.68;-1.36:-2.68;-1.36:-2.68;-1.36:-2.68;-1.36:-2.68;-1.36:-2.68;-1.36:-2.68;-1.36:-2.59,-1.357252:-2.677629;-1.361004:-2.678382;-1.364448:-2.674693;-1.369321:-2.675448;-1.376025:-2.678537;-1.368969:-2.676897;-1.373541:-2.691215;-1.378479:-2.677102;-1.365077:-2.676507;-1.369633:-2.670148;-1.364237:-2.672322;-1.372289:-2.665727
sigma3_hotel_seed42,tril,HOTEL:biwi_hotel:313:13160,HOTEL,biwi_hotel,biwi_hotel:313,13160,3,0.026629703119397163,0.20614445209503174,0.0,0.0,0.0,0.0,0.0,-0.52:3.4;-0.52:3.4;-0.52:3.4;-0.52:3.4;-0.52:3.4;-0.52:3.4;-0.52:3.4;-0.52:3.4,-0.52:3.4;-0.52:3.4;-0.52:3.4;-0.52:3.4;-0.52:3.4;-0.52:3.4;-0.52:3.4;-0.52:3.4;-0.52:3.4;-0.52:3.4;-0.52:3.4;-0.56:3.21,-0.5172523:3.402372;-0.5210036:3.401618;-0.5244476:3.405307;-0.529321:3.404552;-0.5360254:3.401464;-0.5289693:3.403104;-0.5335408:3.388785;-0.5384785:3.402899;-0.525077:3.403493;-0.5296333:3.409852;-0.5242366:3.407679;-0.5322893:3.414274
sigma3_hotel_seed42,tril,HOTEL:biwi_hotel:303:13170,HOTEL,biwi_hotel,biwi_hotel:303,13170,3,0.006392230745404959,0.011391199193894863,0.0,0.0,0.0,0.0,0.0,-1.22:-0.23;-1.22:-0.23;-1.22:-0.23;-1.22:-0.23;-1.22:-0.23;-1.22:-0.23;-1.22:-0.23;-1.22:-0.23,-1.22:-0.23;-1.22:-0.23;-1.22:-0.23;-1.22:-0.23;-1.22:-0.23;-1.22:-0.23;-1.22:-0.23;-1.22:-0.23;-1.22:-0.23;-1.22:-0.23;-1.22:-0.23;-1.22:-0.23,-1.220441:-0.2278214;-1.219254:-0.2300726;-1.222115:-0.2280945;-1.225045:-0.2298139;-1.226543:-0.2293582;-1.225016:-0.2285169;-1.227432:-0.2331788;-1.228265:-0.2286862;-1.227337:-0.2289104;-1.229888:-0.2275087;-1.227578:-0.2259826;-1.229862:-0.2242992
sigma3_hotel_seed42,tril,HOTEL:biwi_hotel:307:13170,HOTEL,biwi_hotel,biwi_hotel:307,13170,3,0.48397231101989746,0.5827114582061768,0.5062114000320435,0.8238248825073242,0.5569813251495361,1.1295033693313599,0.375,2.35:-3.8;2.29:-3.42;2.24:-3.07;2.12:-2.74;2.07:-2.36;2.1:-2.07;2.1:-1.73;2.03:-1.54,2.04:-1.24;2.03:-1.12;2.02:-1.21;2.02:-1.21;2.02:-1.2;2.01:-1.13;2.01:-1.14;2:-1.16;2:-1.18;1.98:-1.21;1.93:-1.21;1.8:-1.09,1.97823:-1.549466;1.91924:-1.541267;1.845733:-1.556844;1.77457:-1.537577;1.749258:-1.533113;1.684883:-1.512826;1.617471:-1.411994;1.584525:-1.485856;1.518669:-1.495263;1.466835:-1.508804;1.418828:-1.462257;1.366293:-1.479167
sigma3_hotel_seed42,tril,HOTEL:biwi_hotel:309:13170,HOTEL,biwi_hotel,biwi_hotel:309,13170,3,0.10447433590888977,0.2302158623933792,0.05000000074505806,0.020815812051296234,0.08400515466928482,2.356194496154785,1.125,-1.56:-6.71;-1.56:-6.71;-1.58:-6.69;-1.58:-6.68;-1.58:-6.68;-1.58:-6.68;-1.58:-6.68;-1.6:-6.68,-1.62:-6.68;-1.62:-6.68;-1.62:-6.68;-1.62:-6.68;-1.62:-6.68;-1.62:-6.68;-1.62:-6.68;-1.57:-6.72;-1.56:-6.73;-1.56:-6.74;-1.56:-6.75;-1.56:-6.73,-1.611675:-6.679823;-1.625951:-6.679853;-1.640891:-6.678922;-1.657534:-6.685815;-1.675722:-6.683714;-1.686163:-6.677758;-1.701538:-6.672925;-1.726858:-6.685137;-1.731343:-6.690593;-1.749173:-6.679856;-1.757048:-6.673438;-1.782561:-6.671128
sigma3_hotel_seed42,tril,HOTEL:biwi_hotel:310:13170,HOTEL,biwi_hotel,biwi_hotel:310,13170,3,0.19583751261234283,0.3276013731956482,0.02500000037252903,0.11903204768896103,0.29486599564552307,6.442845344543457,1.25,-1.45:-8.22;-1.45:-8.19;-1.45:-8.13;-1.45:-8.12;-1.45:-8.2;-1.47:-8.28;-1.48:-8.34;-1.48:-8.33,-1.48:-8.31;-1.46:-8.29;-1.44:-8.29;-1.44:-8.29;-1.44:-8.29;-1.44:-8.29;-1.44:-8.29;-1.33:-8.28;-1.32:-8.27;-1.32:-8.29;-1.32:-8.31;-1.36:-8.31,-1.491873:-8.328773;-1.511063:-8.331505;-1.52643:-8.326041;-1.547314:-8.343847;-1.56214:-8.334537;-1.576623:-8.328397;-1.593538:-8.323067;-1.621501:-8.336037;-1.632314:-8.353666;-1.648805:-8.338037;-1.658638:-8.330914;-1.687448:-8.320035
sigma3_hotel_seed42,tril,HOTEL:biwi_hotel:311:13170,HOTEL,biwi_hotel,biwi_hotel:311,13170,3,0.012817774899303913,0.010758399032056332,0.0,0.0,0.0,0.0,0.0,-1.36:-2.68;-1.36:-2.68;-1.36:-2.68;-1.36:-2.68;-1.36:-2.68;-1.36:-2.68;-1.36:-2.68;-1.36:-2.68,-1.36:-2.68;-1.36:-2.68;-1.36:-2.68;-1.36:-2.68;-1.36:-2.68;-1.36:-2.68;-1.36:-2.68;-1.36:-2.68;-1.36:-2.68;-1.36:-2.68;-1.36:-2.59;-1.36:-2.67,-1.360441:-2.677821;-1.359254:-2.680073;-1.362115:-2.678095;-1.365045:-2.679814;-1.366543:-2.679358;-1.365016:-2.678517;-1.367432:-2.683179;-1.368265:-2.678686;-1.367337:-2.67891;-1.369888:-2.677509;-1.367578:-2.675983;-1.369862:-2.674299
sigma3_hotel_seed42,tril,HOTEL:biwi_hotel:313:13170,HOTEL,biwi_hotel,biwi_hotel:313,13170,3,0.03940417990088463,0.21940355002880096,0.0,0.0,0.0,0.0,0.0,-0.52:3.4;-0.52:3.4;-0.52:3.4;-0.52:3.4;-0.52:3.4;-0.52:3.4;-0.52:3.4;-0.52:3.4,-0.52:3.4;-0.52:3.4;-0.52:3.4;-0.52:3.4;-0.52:3.4;-0.52:3.4;-0.52:3.4;-0.52:3.4;-0.52:3.4;-0.52:3.4;-0.56:3.21;-0.57:3.19,-0.5204411:3.402179;-0.5192536:3.399927;-0.5221146:3.401906;-0.525045:3.400186;-0.5265428:3.400642;-0.5250156:3.401483;-0.5274321:3.396821;-0.5282651:3.401314;-0.5273368:3.40109;-0.529888:3.402491;-0.5275779:3.404017;-0.529862:3.405701
sigma3_hotel_seed42,tril,HOTEL:biwi_hotel:315:13170,HOTEL,biwi_hotel,biwi_hotel:315,13170,3,2.4580166339874268,3.480130672454834,1.0550473928451538,1.1519935131072998,0.7505298256874084,1.4661140441894531,1.625,1.13:-10.03;1.12:-9.54;1:-9.05;0.79:-8.66;0.77:-8.24;0.83:-7.78;0.79:-7.3;0.69:-6.89,0.73:-6.46;0.75:-5.98;0.62:-5.55;0.57:-5.14;0.59:-4.67;0.39:-4.29;0.16:-3.96;-0.05:-3.54;-0.27:-3.46;-0.45:-3.49;-0.56:-3.5;-0.57:-3.51,0.5987518:-6.907374;0.4584643:-6.92843;0.3431926:-6.873108;0.2595828:-6.918788;0.09406853:-6.941703;-0.03313702:-6.873759;-0.1840225:-6.662941;-0.3228:-6.944808;-0.5169463:-6.959431;-0.7139481:-6.922334;-0.842373:-6.853873;-0.9742164:-6.966576
sigma3_hotel_seed42,tril,HOTEL:biwi_hotel:316:13170,HOTEL,biwi_hotel,biwi_hotel:316,13170,3,4.4856486320495605,8.231709480285645,1.750178575515747,1.6198151111602783,0.35415664315223694,0.41574016213417053,0.25,1.73:3.4;1.75:2.75;1.69:2.14;1.62:1.5;1.53:0.88;1.41:0.24;1.38:-0.41;1.39:-1.11,1.39:-1.81;1.51:-2.5;1.52:-3.18;1.69:-3.99;1.68:-4.64;1.55:-5.29;1.63:-6.07;1.64:-6.76;1.65:-7.55;1.66:-8.41;1.59:-9.01;1.68:-9.8,1.621675:-1.147429;1.634382:-1.270555;1.693963:-1.039604;1.879496:-1.295446;1.722633:-1.340239;1.738487:-1.152909;1.659014:-0.7679354;1.630076:-1.498225;1.490902:-1.517306;1.208362:-1.440373;1.274079:-1.231013;1.146823:-1.585576
sigma3_hotel_seed42,tril,HOTEL:biwi_hotel:303:13180,HOTEL,biwi_hotel,biwi_hotel:303,13180,3,0.0033342663664370775,0.005211729556322098,0.0,0.0,0.0,0.0,0.0,-1.22:-0.23;-1.22:-0.23;-1.22:-0.23;-1.22:-0.23;-1.22:-0.23;-1.22:-0.23;-1.22:-0.23;-1.22:-0.23,-1.22:-0.23;-1.22:-0.23;-1.22:-0.23;-1.22:-0.23;-1.22:-0.23;-1.22:-0.23;-1.22:-0.23;-1.22:-0.23;-1.22:-0.23;-1.22:-0.23;-1.22:-0.23;-1.22:-0.23,-1.220786:-0.2280774;-1.21834:-0.2302395;-1.220812:-0.2292108;-1.223103:-0.2304359;-1.222881:-0.229768;-1.222158:-0.2289888;-1.223495:-0.2315531;-1.223049:-0.2288819;-1.224102:-0.228936;-1.225474:-0.2291577;-1.223663:-0.2271231;-1.223928:-0.2265752
sigma3_hotel_seed42,tril,HOTEL:biwi_hotel:309:13180,HOTEL,biwi_hotel,biwi_hotel:309,13180,3,0.1769297868013382,0.35294586420059204,0.05000000074505806,0.027958668768405914,0.05454237386584282,2.356194496154785,1.25,-1.56:-6.71;-1.58:-6.69;-1.58:-6.68;-1.58:-6.68;-1.58:-6.68;-1.58:-6.68;-1.6:-6.68;-1.62:-6.68,-1.62:-6.68;-1.62:-6.68;-1.62:-6.68;-1.62:-6.68;-1.62:-6.68;-1.62:-6.68;-1.57:-6.72;-1.56:-6.73;-1.56:-6.74;-1.56:-6.75;-1.56:-6.73;-1.56:-6.73,-1.635619:-6.679141;-1.659866:-6.68095;-1.679017:-6.674301;-1.702449:-6.693086;-1.727093:-6.681646;-1.746804:-6.674618;-1.770105:-6.669003;-1.806777:-6.684844;-1.825347:-6.699547;-1.849718:-6.680025;-1.867879:-6.668007;-1.905278:-6.65683
sigma3_hotel_seed42,tril,HOTEL:biwi_hotel:310:13180,HOTEL,biwi_hotel,biwi_hotel:310,13180,3,0.04158824309706688,0.0665789246559143,0.05000000074505806,0.11546061933040619,0.2740326523780823,6.442845344543457,1.25,-1.45:-8.19;-1.45:-8.13;-1.45:-8.12;-1.45:-8.2;-1.47:-8.28;-1.48:-8.34;-1.48:-8.33;-1.48:-8.31,-1.46:-8.29;-1.44:-8.29;-1.44:-8.29;-1.44:-8.29;-1.44:-8.29;-1.44:-8.29;-1.33:-8.28;-1.32:-8.27;-1.32:-8.29;-1.32:-8.31;-1.36:-8.31;-1.31:-8.37,-1.471972:-8.310758;-1.46328:-8.308203;-1.452809:-8.31417;-1.435867:-8.305936;-1.421422:-8.318248;-1.403216:-8.31569;-1.38237:-8.326514;-1.367982:-8.31787;-1.339538:-8.311401;-1.309647:-8.319055;-1.287488:-8.332488;-1.251632:-8.337969
sigma3_hotel_seed42,tril,HOTEL:biwi_hotel:311:13180,HOTEL,biwi_hotel,biwi_hotel:311,13180,3,0.010595914907753468,0.005211749114096165,0.0,0.0,0.0,0.0,0.0,-1.36:-2.68;-1.36:-2.68;-1.36:-2.68;-1.36:-2.68;-1.36:-2.68;-1.36:-2.68;-1.36:-2.68;-1.36:-2.68,-1.36:-2.68;-1.36:-2.68;-1.36:-2.68;-1.36:-2.68;-1.36:-2.68;-1.36:-2.68;-1.36:-2.68;-1.36:-2.68;-1.36:-2.68;-1.36:-2.59;-1.36:-2.67;-1.36:-2.68,-1.360786:-2.678077;-1.35834:-2.68024;-1.360812:-2.679211;-1.363103:-2.680436;-1.362881:-2.679768;-1.362158:-2.678989;-1.363495:-2.681553;-1.363049:-2.678882;-1.364102:-2.678936;-1.365474:-2.679158;-1.363663:-2.677123;-1.363928:-2.676575
sigma3_hotel_seed42,tril,HOTEL:biwi_hotel:313:13180,HOTEL,biwi_hotel,biwi_hotel:313,13180,3,0.0545622855424881,0.21834099292755127,0.0,0.0,0.0,0.0,0.0,-0.52:3.4;-0.52:3.4;-0.52:3.4;-0.52:3.4;-0.52:3.4;-0.52:3.4;-0.52:3.4;-0.52:3.4,-0.52:3.4;-0.52:3.4;-0.52:3.4;-0.52:3.4;-0.52:3.4;-0.52:3.4;-0.52:3.4;-0.52:3.4;-0.52:3.4;-0.56:3.21;-0.57:3.19;-0.57:3.19,-0.5207857:3.401923;-0.5183395:3.39976;-0.5208116:3.400789;-0.5231032:3.399564;-0.5228814:3.400232;-0.5221578:3.401011;-0.5234947:3.398447;-0.5230492:3.401118;-0.5241022:3.401064;-0.5254735:3.400842;-0.5236627:3.402877;-0.5239284:3.403425
sigma3_hotel_seed42,tril,HOTEL:biwi_hotel:315:13180,HOTEL,biwi_hotel,biwi_hotel:315,13180,3,2.3885695934295654,3.316263437271118,1.0796411037445068,1.1311914920806885,0.7832604050636292,1.5783363580703735,1.75,1.12:-9.54;1:-9.05;0.79:-8.66;0.77:-8.24;0.83:-7.78;0.79:-7.3;0.69:-6.89;0.73:-6.46,0.75:-5.98;0.62:-5.55;0.57:-5.14;0.59:-4.67;0.39:-4.29;0.16:-3.96;-0.05:-3.54;-0.27:-3.46;-0.45:-3.49;-0.56:-3.5;-0.57:-3.51;-0.6:-3.43,0.7868906:-6.485524;0.7806623:-6.525467;0.8038839:-6.447509;0.858964:-6.542617;0.7802232:-6.566515;0.7659256:-6.465154;0.7317798:-6.2445;0.6771336:-6.59192;0.5788557:-6.625578;0.4623463:-6.562678;0.4241567:-6.475597;0.3496964:-6.60737
sigma3_hotel_seed42,tril,HOTEL:biwi_hotel:317:13180,HOTEL,biwi_hotel,biwi_hotel:317,13180,3,1.9171217679977417,2.6507039070129395,1.0982941389083862,1.1303588151931763,0.5125711560249329,0.9407868385314941,2.125,0.66:-9.8;0.54:-9.33;0.55:-8.84;0.5:-8.41;0.38:-7.97;0.36:-7.52;0.33:-7.11;0.24:-6.68,0.2:-6.25;0.22:-5.79;0.16:-5.43;0.03:-5.1;-0.09:-4.84;-0.18:-4.63;-0.44:-4.45;-0.65:-4.27;-0.79:-4.2;-0.98:-4.18;-1.02:-4.18;-0.86:-4.19,0.1449232:-6.697174;-0.004176274:-6.719285;-0.126615:-6.660507;-0.2157822:-6.707435;-0.3917254:-6.732807;-0.5243007:-6.66162;-0.6836123:-6.449434;-0.8297796:-6.736825;-1.029339:-6.749565;-1.236566:-6.712502;-1.370123:-6.642817;-1.509921:-6.759793
sigma3_hotel_seed42,tril,HOTEL:biwi_hotel:303:13190,HOTEL,biwi_hotel,biwi_hotel:303,13190,3,0.002457760041579604,0.0013404047349467874,0.0,0.0,0.0,0.0,0.0,-1.22:-0.23;-1.22:-0.23;-1.22:-0.23;-1.22:-0.23;-1.22:-0.23;-1.22:-0.23;-1.22:-0.23;-1.22:-0.23,-1.22:-0.23;-1.22:-0.23;-1.22:-0.23;-1.22:-0.23;-1.22:-0.23;-1.22:-0.23;-1.22:-0.23;-1.22:-0.23;-1.22:-0.23;-1.22:-0.23;-1.22:-0.23;-1.22:-0.23,-1.221703:-0.227984;-1.218874:-0.2304099;-1.221578:-0.2299751;-1.223148:-0.2302521;-1.221939:-0.2295844;-1.222247:-0.2292235;-1.223329:-0.2319739;-1.22167:-0.2289708;-1.223815:-0.228529;-1.223084:-0.2305741;-1.221932:-0.2290346;-1.220503:-0.2287575
sigma3_hotel_seed42,tril,HOTEL:biwi_hotel:309:13190,HOTEL,biwi_hotel,biwi_hotel:309,13190,3,0.03336070105433464,0.04895943030714989,0.0,0.01785714365541935,0.0520833320915699,1.5707963705062866,1.375,-1.58:-6.69;-1.58:-6.68;-1.58:-6.68;-1.58:-6.68;-1.58:-6.68;-1.6:-6.68;-1.62:-6.68;-1.62:-6.68,-1.62:-6.68;-1.62:-6.68;-1.62:-6.68;-1.62:-6.68;-1.62:-6.68;-1.57:-6.72;-1.56:-6.73;-1.56:-6.74;-1.56:-6.75;-1.56:-6.73;-1.56:-6.73;-1.56:-6.73,-1.621324:-6.678421;-1.61746:-6.682563;-1.616706:-6.684237;-1.599311:-6.670826;-1.600628:-6.68294;-1.593662:-6.683323;-1.591302:-6.698085;-1.581154:-6.691855;-1.565981:-6.677238;-1.543628:-6.688139;-1.536412:-6.698671;-1.516739:-6.707076
sigma3_hotel_seed42,tril,HOTEL:biwi_hotel:310:13190,HOTEL,biwi_hotel,biwi_hotel:310,13190,3,0.05042703449726105,0.11673280596733093,0.0707106813788414,0.10413357615470886,0.24278266727924347,7.228243350982666,1.25,-1.45:-8.13;-1.45:-8.12;-1.45:-8.2;-1.47:-8.28;-1.48:-8.34;-1.48:-8.33;-1.48:-8.31;-1.46:-8.29,-1.44:-8.29;-1.44:-8.29;-1.44:-8.29;-1.44:-8.29;-1.44:-8.29;-1.33:-8.28;-1.32:-8.27;-1.32:-8.29;-1.32:-8.31;-1.36:-8.31;-1.31:-8.37;-1.29:-8.36,-1.44839:-8.288965;-1.436492:-8.294488;-1.421074:-8.295047;-1.401642:-8.297794;-1.373168:-8.304345;-1.354175:-8.30377;-1.330974:-8.307437;-1.307002:-8.307294;-1.28314:-8.317111;-1.24372:-8.324498;-1.216637:-8.340581;-1.174647:-8.342103
sigma3_hotel_seed42,tril,HOTEL:biwi_hotel:311:13190,HOTEL,biwi_hotel,biwi_hotel:311,13190,3,0.010157739743590355,0.0013402941403910518,0.0,0.0,0.0,0.0,0.0,-1.36:-2.68;-1.36:-2.68;-1.36:-2.68;-1.36:-2.68;-1.36:-2.68;-1.36:-2.68;-1.36:-2.68;-1.36:-2.68,-1.36:-2.68;-1.36:-2.68;-1.36:-2.68;-1.36:-2.68;-1.36:-2.68;-1.36:-2.68;-1.36:-2.68;-1.36:-2.68;-1.36:-2.59;-1.36:-2.67;-1.36:-2.68;-1.36:-2.68,-1.361703:-2.677984;-1.358874:-2.68041;-1.361578:-2.679975;-1.363148:-2.680252;-1.361939:-2.679585;-1.362247:-2.679224;-1.363329:-2.681974;-1.36167:-2.678971;-1.363815:-2.678529;-1.363084:-2.680574;-1.361932:-2.679035;-1.360503:-2.678758
sigma3_hotel_seed42,tril,HOTEL:biwi_hotel:313:13190,HOTEL,biwi_hotel,biwi_hotel:313,13190,3,0.07179833203554153,0.21696414053440094,0.0,0.0,0.0,0.0,0.0,-0.52:3.4;-0.52:3.4;-0.52:3.4;-0.52:3.4;-0.52:3.4;-0.52:3.4;-0.52:3.4;-0.52:3.4,-0.52:3.4;-0.52:3.4;-0.52:3.4;-0.52:3.4;-0.52:3.4;-0.52:3.4;-0.52:3.4;-0.52:3.4;-0.56:3.21;-0.57:3.19;-0.57:3.19;-0.57:3.19,-0.5217031:3.402016;-0.5188739:3.39959;-0.5215781:3.400025;-0.5231484:3.399748;-0.521939:3.400416;-0.5222468:3.400777;-0.5233291:3.398026;-0.5216701:3.401029;-0.5238152:3.401471;-0.5230843:3.399426;-0.5219319:3.400965;-0.5205028:3.401243
sigma3_hotel_seed42,tril,HOTEL:biwi_hotel:303:13200,HOTEL,biwi_hotel,biwi_hotel:303,13200,3,0.00795320700854063,0.010724721476435661,0.0,0.0,0.0,0.0,0.0,-1.22:-0.23;-1.22:-0.23;-1.22:-0.23;-1.22:-0.23;-1.22:-0.23;-1.22:-0.23;-1.22:-0.23;-1.22:-0.23,-1.22:-0.23;-1.22:-0.23;-1.22:-0.23;-1.22:-0.23;-1.22:-0.23;-1.22:-0.23;-1.22:-0.23;-1.22:-0.23;-1.22:-0.23;-1.22:-0.23;-1.22:-0.23;-1.22:-0.23,-1.218005:-0.227515;-1.220298:-0.2285817;-1.223661:-0.2257497;-1.227439:-0.2252353;-1.232509:-0.2286225;-1.225999:-0.227444;-1.2296:-0.2413629;-1.232438:-0.2273514;-1.219569:-0.2259408;-1.221986:-0.2219316;-1.216152:-0.224706;-1.221662:-0.2194048
sigma3_hotel_seed42,tril,HOTEL:biwi_hotel:309:13200,HOTEL,biwi_hotel,biwi_hotel:309,13200,3,0.04664498195052147,0.06684111803770065,0.0,0.014285714365541935,0.0416666679084301,0.0,1.375,-1.58:-6.68;-1.58:-6.68;-1.58:-6.68;-1.58:-6.68;-1.6:-6.68;-1.62:-6.68;-1.62:-6.68;-1.62:-6.68,-1.62:-6.68;-1.62:-6.68;-1.62:-6.68;-1.62:-6.68;-1.57:-6.72;-1.56:-6.73;-1.56:-6.74;-1.56:-6.75;-1.56:-6.73;-1.56:-6.73;-1.56:-6.73;-1.54:-6.73,-1.619742:-6.67647;-1.619167:-6.679726;-1.621056:-6.677547;-1.620366:-6.675345;-1.619813:-6.677804;-1.614215:-6.679137;-1.615214:-6.694974;-1.611116:-6.678492;-1.60061:-6.676784;-1.593467:-6.678028;-1.586818:-6.683568;-1.582793:-6.678653
sigma3_hotel_seed42,tril,HOTEL:biwi_hotel:310:13200,HOTEL,biwi_hotel,biwi_hotel:310,13200,3,0.11585009843111038,0.2593558132648468,0.05000000074505806,0.1077050045132637,0.16986599564552307,4.872048854827881,1.25,-1.45:-8.12;-1.45:-8.2;-1.47:-8.28;-1.48:-8.34;-1.48:-8.33;-1.48:-8.31;-1.46:-8.29;-1.44:-8.29,-1.44:-8.29;-1.44:-8.29;-1.44:-8.29;-1.44:-8.29;-1.33:-8.28;-1.32:-8.27;-1.32:-8.29;-1.32:-8.31;-1.36:-8.31;-1.31:-8.37;-1.29:-8.36;-1.26:-8.3,-1.420757:-8.290458;-1.40118:-8.289406;-1.376999:-8.294952;-1.342192:-8.285947;-1.30919:-8.301442;-1.278499:-8.300105;-1.239516:-8.318255;-1.204114:-8.301612;-1.163456:-8.294613;-1.108023:-8.309944;-1.070575:-8.332161;-1.003663:-8.339458
sigma3_hotel_seed42,tril,HOTEL:biwi_hotel:311:13200,HOTEL,biwi_hotel,biwi_hotel:311,13200,3,0.014402366243302822,0.01072480995208025,0.0,0.0,0.0,0.0,0.0,-1.36:-2.68;-1.36:-2.68;-1.36:-2.68;-1.36:-2.68;-1.36:-2.68;-1.36:-2.68;-1.36:-2.68;-1.36:-2.68,-1.36:-2.68;-1.36:-2.68;-1.36:-2.68;-1.36:-2.68;-1.36:-2.68;-1.36:-2.68;-1.36:-2.68;-1.36:-2.59;-1.36:-2.67;-1.36:-2.68;-1.36:-2.68;-1.36:-2.68,-1.358005:-2.677515;-1.360298:-2.678582;-1.363661:-2.67575;-1.367439:-2.675235;-1.372509:-2.678622;-1.365999:-2.677444;-1.3696:-2.691363;-1.372438:-2.677351;-1.359569:-2.675941;-1.361986:-2.671932;-1.356152:-2.674706;-1.361662:-2.669405
sigma3_hotel_seed42,tril,HOTEL:biwi_hotel:313:13200,HOTEL,biwi_hotel,biwi_hotel:313,13200,3,0.09488645941019058,0.22582940757274628,0.0,0.0,0.0,0.0,0.0,-0.52:3.4;-0.52:3.4;-0.52:3.4;-0.52:3.4;-0.52:3.4;-0.52:3.4;-0.52:3.4;-0.52:3.4,-0.52:3.4;-0.52:3.4;-0.52:3.4;-0.52:3.4;-0.52:3.4;-0.52:3.4;-0.52:3.4;-0.56:3.21;-0.57:3.19;-0.57:3.19;-0.57:3.19;-0.57:3.19,-0.5180052:3.402485;-0.5202984:3.401418;-0.5236612:3.40425;-0.5274388:3.404765;-0.5325091:3.401378;-0.525999:3.402556;-0.5295999:3.388637;-0.5324381:3.402649;-0.5195692:3.404059;-0.521986:3.408068;-0.5161516:3.405294;-0.5216615:3.410595
sigma3_hotel_seed42,tril,HOTEL:biwi_hotel:303:13210,HOTEL,biwi_hotel,biwi_hotel:303,13210,3,0.030930377542972565,0.05126066878437996,0.0,0.0,0.0,0.0,0.0,-1.22:-0.23;-1.22:-0.23;-1.22:-0.23;-1.22:-0.23;-1.22:-0.23;-1.22:-0.23;-1.22:-0.23;-1.22:-0.23,-1.22:-0.23;-1.22:-0.23;-1.22:-0.23;-1.22:-0.23;-1.22:-0.23;-1.22:-0.23;-1.22:-0.23;-1.22:-0.23;-1.22:-0.23;-1.22:-0.23;-1.22:-0.23;-1.22:-0.23,-1.223536:-0.2285266;-1.229835:-0.2316276;-1.23755:-0.2301143;-1.234833:-0.2198792;-1.25096:-0.2299096;-1.249037:-0.228803;-1.261909:-0.242537;-1.268064:-0.23688;-1.257878:-0.225181;-1.257886:-0.2257845;-1.261974:-0.2297392;-1.271248:-0.2311471
sigma3_hotel_seed42,tril,HOTEL:biwi_hotel:309:13210,HOTEL,biwi_hotel,biwi_hotel:309,13210,3,0.07735937088727951,0.12532879412174225,0.0,0.014285714365541935,0.0416666679084301,0.0,1.375,-1.58:-6.68;-1.58:-6.68;-1.58:-6.68;-1.6:-6.68;-1.62:-6.68;-1.62:-6.68;-1.62:-6.68;-1.62:-6.68,-1.62:-6.68;-1.62:-6.68;-1.62:-6.68;-1.57:-6.72;-1.56:-6.73;-1.56:-6.74;-1.56:-6.75;-1.56:-6.73;-1.56:-6.73;-1.56:-6.73;-1.54:-6.73;-1.54:-6.73,-1.617741:-6.679051;-1.625453:-6.679182;-1.62889:-6.675522;-1.632603:-6.678099;-1.643047:-6.681775;-1.636474:-6.677967;-1.642157:-6.688484;-1.65274:-6.682994;-1.639602:-6.683196;-1.644131:-6.673455;-1.640584:-6.674433;-1.649557:-6.669135
sigma3_hotel_seed42,tril,HOTEL:biwi_hotel:310:13210,HOTEL,biwi_hotel,biwi_hotel:310,13210,3,0.12260675430297852,0.22517967224121094,0.0,0.07913357764482498,0.16986599564552307,4.627070426940918,1.25,-1.45:-8.2;-1.47:-8.28;-1.48:-8.34;-1.48:-8.33;-1.48:-8.31;-1.46:-8.29;-1.44:-8.29;-1.44:-8.29,-1.44:-8.29;-1.44:-8.29;-1.44:-8.29;-1.33:-8.28;-1.32:-8.27;-1.32:-8.29;-1.32:-8.31;-1.36:-8.31;-1.31:-8.37;-1.29:-8.36;-1.26:-8.3;-1.24:-8.23,-1.441849:-8.289945;-1.450122:-8.288283;-1.452672:-8.287832;-1.458493:-8.297391;-1.46147:-8.294409;-1.459707:-8.2893;-1.458318:-8.29129;-1.471087:-8.294297;-1.465595:-8.301817;-1.464285:-8.291989;-1.459226:-8.290274;-1.45838:-8.28492
sigma3_hotel_seed42,tril,HOTEL:biwi_hotel:311:13210,HOTEL,biwi_hotel,biwi_hotel:311,13210,3,0.036714959889650345,0.05126066878437996,0.0,0.0,0.0,0.0,0.0,-1.36:-2.68;-1.36:-2.68;-1.36:-2.68;-1.36:-2.68;-1.36:-2.68;-1.36:-2.68;-1.36:-2.68;-1.36:-2.68,-1.36:-2.68;-1.36:-2.68;-1.36:-2.68;-1.36:-2.68;-1.36:-2.68;-1.36:-2.68;-1.36:-2.59;-1.36:-2.67;-1.36:-2.68;-1.36:-2.68;-1.36:-2.68;-1.36:-2.68,-1.363536:-2.678527;-1.369835:-2.681628;-1.37755:-2.680114;-1.374833:-2.669879;-1.39096:-2.67991;-1.389037:-2.678803;-1.401909:-2.692537;-1.408064:-2.68688;-1.397878:-2.675181;-1.397886:-2.675785;-1.401973:-2.679739;-1.411248:-2.681147
sigma3_hotel_seed42,tril,HOTEL:biwi_hotel:313:13210,HOTEL,biwi_hotel,biwi_hotel:313,13210,3,0.11157667636871338,0.2088567316532135,0.0,0.0,0.0,0.0,0.0,-0.52:3.4;-0.52:3.4;-0.52:3.4;-0.52:3.4;-0.52:3.4;-0.52:3.4;-0.52:3.4;-0.52:3.4,-0.52:3.4;-0.52:3.4;-0.52:3.4;-0.52:3.4;-0.52:3.4;-0.52:3.4;-0.56:3.21;-0.57:3.19;-0.57:3.19;-0.57:3.19;-0.57:3.19;-0.57:3.19,-0.5235364:3.401474;-0.529835:3.398372;-0.5375499:3.399886;-0.5348333:3.410121;-0.5509595:3.40009;-0.5490367:3.401197;-0.5619087:3.387463;-0.5680644:3.39312;-0.557878:3.404819;-0.5578859:3.404216;-0.5619735:3.400261;-0.5712478:3.398853
sigma3_hotel_seed42,tril,HOTEL:biwi_hotel:333:14340,HOTEL,biwi_hotel,biwi_hotel:333,14340,3,1.09591805934906,1.9535324573516846,0.5771698355674744,0.6540006399154663,1.1563115119934082,1.7417844533920288,0.25,0.52:-4.89;0.35:-4.51;0.34:-4.47;0.14:-4.25;-0.03:-3.94;-0.19:-3.62;-0.31:-3.56;-0.53:-3.49,-0.61:-3.41;-0.75:-3.25;-0.96:-2.87;-1.15:-2.71;-1.32:-2.55;-1.4:-2.42;-1.37:-2.41;-1.27:-2.33;-1.26:-2.32;-1.26:-2.32;-1.26:-2.32;-1.26:-2.32,-0.7399322:-3.479465;-0.9305263:-3.467236;-1.144875:-3.466919;-1.362696:-3.437972;-1.565024:-3.428036;-1.755289:-3.415811;-1.966681:-3.353194;-2.162986:-3.383555;-2.331062:-3.373799;-2.54684:-3.354461;-2.714751:-3.318949;-2.937891:-3.320484
sigma3_hotel_seed42,tril,HOTEL:biwi_hotel:334:14340,HOTEL,biwi_hotel,biwi_hotel:334,14340,3,3.601468324661255,6.225098609924316,1.7707695960998535,1.4722241163253784,0.714155912399292,0.8735625743865967,0.25,0.65:1.14;0.69:0.6;0.76:0.06;0.78:-0.53;0.92:-1.14;0.96:-1.74;0.94:-2.25;1.1:-2.94,1.09:-3.51;0.96:-4.09;0.8:-4.61;0.43:-5.08;0.07:-5.43;-0.32:-5.89;-0.8:-6.21;-1.12:-6.46;-1.68:-6.91;-2.09:-7.25;-2.43:-7.62;-2.77:-8.08,1.395777:-2.979815;1.454581:-3.106499;1.564237:-2.867602;1.797893:-3.136858;1.677751:-3.184592;1.741682:-2.989037;1.703589:-2.609533;1.711054:-3.349406;1.621357:-3.372877;1.368946:-3.290238;1.476288:-3.075648;1.36939:-3.430559
sigma3_hotel_seed42,tril,HOTEL:biwi_hotel:344:14950,HOTEL,biwi_hotel,biwi_hotel:344,14950,3,2.8677546977996826,5.177738189697266,1.1338540315628052,1.0209782123565674,0.5736634135246277,0.6677053570747375,0.75,1.66:4.05;1.71:3.59;1.71:3.17;1.71:2.82;1.72:2.43;1.75:1.98;1.72:1.65;1.83:1.21,1.73:0.75;1.7:0.35;1.71:-0.1;1.54:-0.5;1.42:-0.87;1.3:-1.34;1.15:-1.8;1.06:-2.25;0.99:-2.74;0.86:-3.23;0.96:-3.67;0.93:-4.12,1.977314:1.180116;2.027122:1.115658;2.110133:1.228282;2.237816:1.090952;2.172369:1.055588;2.211661:1.184485;2.207219:1.439672;2.182863:0.9899555;2.120596:0.9530926;1.996112:1.028248;2.007917:1.141549;1.930895:0.9600774
sigma3_hotel_seed42,tril,HOTEL:biwi_hotel:344:14960,HOTEL,biwi_hotel,biwi_hotel:344,14960,3,2.911818265914917,5.462553024291992,1.1768602132797241,1.0238476991653442,0.7267040014266968,1.0184741020202637,0.875,1.71:3.59;1.71:3.17;1.71:2.82;1.72:2.43;1.75:1.98;1.72:1.65;1.83:1.21;1.73:0.75,1.7:0.35;1.71:-0.1;1.54:-0.5;1.42:-0.87;1.3:-1.34;1.15:-1.8;1.06:-2.25;0.99:-2.74;0.86:-3.23;0.96:-3.67;0.93:-4.12;0.95:-4.57,1.589236:0.7352346;1.378428:0.6961285;1.19417:0.7819992;1.060049:0.7224199;0.7931858:0.6794661;0.6062824:0.7742213;0.3712142:1.025334;0.1599575:0.6543561;-0.1049138:0.6552696;-0.4099998:0.6911498;-0.5902889:0.7759615;-0.8029845:0.6036383
sigma3_hotel_seed42,tril,HOTEL:biwi_hotel:345:14960,HOTEL,biwi_hotel,biwi_hotel:345,14960,3,4.561606407165527,8.498854637145996,1.7813267707824707,1.6900503635406494,0.20239117741584778,0.2079840749502182,0.375,2.07:-10.06;2.1:-9.44;2.19:-8.79;2.28:-8.12;2.36:-7.43;2.46:-6.76;2.54:-6.07;2.6:-5.36,2.72:-4.66;2.8:-3.98;2.95:-3.31;3.06:-2.67;3.16:-1.96;3.29:-1.34;3.37:-0.67;3.41:-0.01;3.48:0.64;3.57:1.32;3.56:1.99;3.55:2.58,2.731891:-5.39233;2.698979:-5.491764;2.707231:-5.310607;2.814277:-5.509369;2.645573:-5.549467;2.616349:-5.39575;2.508733:-5.049786;2.437592:-5.674778;2.269413:-5.695215;2.00252:-5.626308;2.001499:-5.456687;1.86424:-5.74999
sigma3_hotel_seed42,tril,HOTEL:biwi_hotel:344:14970,HOTEL,biwi_hotel,biwi_hotel:344,14970,3,2.8862884044647217,5.434514045715332,1.0028085708618164,1.017106056213379,0.7498242855072021,1.1576749086380005,1.0,1.71:3.17;1.71:2.82;1.72:2.43;1.75:1.98;1.72:1.65;1.83:1.21;1.73:0.75;1.7:0.35,1.71:-0.1;1.54:-0.5;1.42:-0.87;1.3:-1.34;1.15:-1.8;1.06:-2.25;0.99:-2.74;0.86:-3.23;0.96:-3.67;0.93:-4.12;0.95:-4.57;0.72:-5.12,1.615472:0.3316148;1.459677:0.3055877;1.338235:0.374354;1.253638:0.3182176;1.067188:0.2885216;0.9373258:0.3679952;0.7726427:0.5820859;0.621357:0.2779593;0.4209539:0.2661703;0.2037293:0.306652;0.06965363:0.3809263;-0.07713008:0.2557352
sigma3_hotel_seed42,tril,HOTEL:biwi_hotel:344:14980,HOTEL,biwi_hotel,biwi_hotel:344,14980,3,2.8694353103637695,5.178508758544922,1.1252777576446533,1.0528600215911865,0.7735744714736938,1.2291179895401,0.875,1.71:2.82;1.72:2.43;1.75:1.98;1.72:1.65;1.83:1.21;1.73:0.75;1.7:0.35;1.71:-0.1,1.54:-0.5;1.42:-0.87;1.3:-1.34;1.15:-1.8;1.06:-2.25;0.99:-2.74;0.86:-3.23;0.96:-3.67;0.93:-4.12;0.95:-4.57;0.72:-5.12;0.76:-5.49,1.788063:-0.1275809;1.773978:-0.1871578;1.793167:-0.07820761;1.862929:-0.2047723;1.753333:-0.2355709;1.734553:-0.1168557;1.676394:0.1435198;1.611984:-0.2942084;1.490821:-0.3247088;1.32588:-0.2586147;1.294561:-0.1475024;1.195981:-0.3298766
sigma3_hotel_seed42,tril,HOTEL:biwi_hotel:344:14990,HOTEL,biwi_hotel,biwi_hotel:344,14990,3,3.187054395675659,5.978435516357422,1.0865657329559326,1.0687521696090698,0.9022930860519409,1.612274408340454,0.75,1.72:2.43;1.75:1.98;1.72:1.65;1.83:1.21;1.73:0.75;1.7:0.35;1.71:-0.1;1.54:-0.5,1.42:-0.87;1.3:-1.34;1.15:-1.8;1.06:-2.25;0.99:-2.74;0.86:-3.23;0.96:-3.67;0.93:-4.12;0.95:-4.57;0.72:-5.12;0.76:-5.49;0.74:-6.03,1.306521:-0.5056979;1.029301:-0.5189604;0.7692192:-0.4700895;0.5358045:-0.4695533;0.2355356:-0.5196069;-0.004672289:-0.4492757;-0.2905877:-0.2406814;-0.5508158:-0.504195;-0.8329039:-0.4915326;-1.159993:-0.4758031;-1.396535:-0.4252994;-1.648216:-0.5492966
sigma3_hotel_seed42,tril,HOTEL:biwi_hotel:344:15000,HOTEL,biwi_hotel,biwi_hotel:344,15000,3,3.158883810043335,5.861012935638428,0.9724324941635132,1.046600103378296,0.8232778906822205,1.5432963371276855,0.875,1.75:1.98;1.72:1.65;1.83:1.21;1.73:0.75;1.7:0.35;1.71:-0.1;1.54:-0.5;1.42:-0.87,1.3:-1.34;1.15:-1.8;1.06:-2.25;0.99:-2.74;0.86:-3.23;0.96:-3.67;0.93:-4.12;0.95:-4.57;0.72:-5.12;0.76:-5.49;0.74:-6.03;0.85:-6.48,1.255174:-0.88113;1.044502:-0.8946953;0.8555654:-0.8468385;0.6929571:-0.8635725;0.4633183:-0.9000269;0.2804626:-0.834008;0.06327844:-0.6323843;-0.1353673:-0.8887642;-0.3683929:-0.8891757;-0.6247443:-0.8638201;-0.8081549:-0.8082611;-0.9978386:-0.9178991
sigma3_hotel_seed42,tril,HOTEL:biwi_hotel:356:15820,HOTEL,biwi_hotel,biwi_hotel:356,15820,3,0.1103089451789856,0.21212820708751678,0.0,0.019543342292308807,0.05336568504571915,1.1071487665176392,1.0,0.54:0.01;0.52:-0.03;0.51:-0.03;0.51:-0.03;0.51:-0.03;0.51:-0.03;0.51:-0.03;0.51:-0.03,0.51:-0.03;0.51:-0.03;0.53:-0.07;0.53:-0.08;0.5:-0.04;0.53:-0.02;0.53:-0.07;0.53:-0.08;0.53:-0.02;0.53:-0.05;0.46:-0.03;0.47:0.14,0.5034757:-0.03071842;0.4836985:-0.02843812;0.4720503:-0.02319193;0.4503108:-0.04566818;0.4346659:-0.03489993;0.4242356:-0.02517239;0.4130377:-0.01788452;0.3802047:-0.03245829;0.3714012:-0.05033702;0.3499831:-0.02833084;0.3427833:-0.01656296;0.3153328:-0.005177295
sigma3_hotel_seed42,tril,HOTEL:biwi_hotel:356:15830,HOTEL,biwi_hotel,biwi_hotel:356,15830,3,0.1178470030426979,0.305171400308609,0.0,0.0035714285913854837,0.010416666977107525,0.0,1.0,0.52:-0.03;0.51:-0.03;0.51:-0.03;0.51:-0.03;0.51:-0.03;0.51:-0.03;0.51:-0.03;0.51:-0.03,0.51:-0.03;0.53:-0.07;0.53:-0.08;0.5:-0.04;0.53:-0.02;0.53:-0.07;0.53:-0.08;0.53:-0.02;0.53:-0.05;0.46:-0.03;0.47:0.14;0.47:0.24,0.497481:-0.03057843;0.486278:-0.03147252;0.4701065:-0.03195453;0.4597811:-0.03159965;0.4392374:-0.03514899;0.4263811:-0.02837078;0.4097845:-0.02281417;0.3884194:-0.03871137;0.3835299:-0.03588698;0.3682373:-0.03283075;0.3577186:-0.02760463;0.3334123:-0.03289814
sigma3_hotel_seed42,tril,HOTEL:biwi_hotel:356:15840,HOTEL,biwi_hotel,biwi_hotel:356,15840,3,0.1672736406326294,0.32148101925849915,0.0,0.0,0.0,0.0,1.125,0.51:-0.03;0.51:-0.03;0.51:-0.03;0.51:-0.03;0.51:-0.03;0.51:-0.03;0.51:-0.03;0.51:-0.03,0.53:-0.07;0.53:-0.08;0.5:-0.04;0.53:-0.02;0.53:-0.07;0.53:-0.08;0.53:-0.02;0.53:-0.05;0.46:-0.03;0.47:0.14;0.47:0.24;0.47:0.18,0.4972734:-0.03190857;0.477469:-0.02873324;0.4559887:-0.0273467;0.4260902:-0.04072491;0.3993759:-0.03677995;0.3823443:-0.02519547;0.3602684:-0.008908099;0.3201636:-0.03299331;0.3103114:-0.04368713;0.2714358:-0.02563196;0.2578405:-0.01098768;0.2097593:-0.0087454
sigma3_hotel_seed42,tril,HOTEL:biwi_hotel:356:15850,HOTEL,biwi_hotel,biwi_hotel:356,15850,3,0.11173882335424423,0.23581770062446594,0.11180339753627777,0.015971913933753967,0.04658474773168564,0.0,1.125,0.51:-0.03;0.51:-0.03;0.51:-0.03;0.51:-0.03;0.51:-0.03;0.51:-0.03;0.51:-0.03;0.53:-0.07,0.53:-0.08;0.5:-0.04;0.53:-0.02;0.53:-0.07;0.53:-0.08;0.53:-0.02;0.53:-0.05;0.46:-0.03;0.47:0.14;0.47:0.24;0.47:0.18;0.47:0.16,0.5313102:-0.07049039;0.5185658:-0.07105933;0.5190325:-0.06501375;0.5097507:-0.08455068;0.5166445:-0.07899058;0.519402:-0.07324861;0.5219138:-0.06362703;0.5120546:-0.07240551;0.5155165:-0.09887201;0.5202947:-0.08088417;0.5264366:-0.08337438;0.5281631:-0.06853238
sigma3_hotel_seed42,tril,HOTEL:biwi_hotel:356:15860,HOTEL,biwi_hotel,biwi_hotel:356,15860,3,0.13589845597743988,0.2152729332447052,0.02500000037252903,0.019543342292308807,0.08414257317781448,0.46364760398864746,1.125,0.51:-0.03;0.51:-0.03;0.51:-0.03;0.51:-0.03;0.51:-0.03;0.51:-0.03;0.53:-0.07;0.53:-0.08,0.5:-0.04;0.53:-0.02;0.53:-0.07;0.53:-0.08;0.53:-0.02;0.53:-0.05;0.46:-0.03;0.47:0.14;0.47:0.24;0.47:0.18;0.47:0.16;0.47:0.12,0.5292703:-0.08018187;0.5237464:-0.0813696;0.5205895:-0.07892526;0.5196061:-0.08801512;0.5169293:-0.08787263;0.5154531:-0.08094563;0.515968:-0.08039723;0.5074313:-0.08929208;0.5112513:-0.09546866;0.514015:-0.09081978;0.5183188:-0.09006351;0.517825:-0.08989331
sigma3_hotel_seed42,tril,HOTEL:biwi_hotel:356:15870,HOTEL,biwi_hotel,biwi_hotel:356,15870,3,0.1439536064863205,0.16321182250976562,0.125,0.03740048408508301,0.14488165080547333,2.9617390632629395,1.0,0.51:-0.03;0.51:-0.03;0.51:-0.03;0.51:-0.03;0.51:-0.03;0.53:-0.07;0.53:-0.08;0.5:-0.04,0.53:-0.02;0.53:-0.07;0.53:-0.08;0.53:-0.02;0.53:-0.05;0.46:-0.03;0.47:0.14;0.47:0.24;0.47:0.18;0.47:0.16;0.47:0.12;0.46:0.08,0.4936386:-0.04021917;0.4765297:-0.04220821;0.46777:-0.03700309;0.4471885:-0.05836958;0.4411667:-0.05016229;0.4332197:-0.04387813;0.4224769:-0.03071013;0.3969862:-0.04901796;0.390081:-0.07581611;0.3768824:-0.05559358;0.3708173:-0.05172417;0.34674:-0.03751708
sigma3_hotel_seed42,tril,HOTEL:biwi_hotel:356:15880,HOTEL,biwi_hotel,biwi_hotel:356,15880,3,0.2052924633026123,0.2868577241897583,0.09013878554105759,0.050277452915906906,0.21076244115829468,4.588034152984619,0.875,0.51:-0.03;0.51:-0.03;0.51:-0.03;0.51:-0.03;0.53:-0.07;0.53:-0.08;0.5:-0.04;0.53:-0.02,0.53:-0.07;0.53:-0.08;0.53:-0.02;0.53:-0.05;0.46:-0.03;0.47:0.14;0.47:0.24;0.47:0.18;0.47:0.16;0.47:0.12;0.46:0.08;0.51:0.01,0.547612:-0.02112234;0.5527983:-0.02296071;0.5717835:-0.01717653;0.5925468:-0.03338341;0.6165334:-0.03511677;0.6332415:-0.02830827;0.6601247:-0.03287942;0.674661:-0.0350103;0.6928288:-0.05048719;0.728454:-0.04681036;0.750865:-0.05820798;0.7898058:-0.05321449
sigma3_hotel_seed42,tril,HOTEL:biwi_hotel:356:15890,HOTEL,biwi_hotel,biwi_hotel:356,15890,3,0.2739066481590271,0.4374881684780121,0.125,0.0681345984339714,0.29009342193603516,6.746832847595215,0.75,0.51:-0.03;0.51:-0.03;0.51:-0.03;0.53:-0.07;0.53:-0.08;0.5:-0.04;0.53:-0.02;0.53:-0.07,0.53:-0.08;0.53:-0.02;0.53:-0.05;0.46:-0.03;0.47:0.14;0.47:0.24;0.47:0.18;0.47:0.16;0.47:0.12;0.46:0.08;0.51:0.01;0.52:0.01,0.5591452:-0.06918794;0.5686578:-0.07306085;0.5874867:-0.05558173;0.6142653:-0.07961455;0.6568367:-0.07947283;0.6760046:-0.061892;0.7153683:-0.06254834;0.7586037:-0.05243331;0.7901772:-0.07516756;0.838487:-0.07838444;0.8877033:-0.08917178;0.9465096:-0.08739326
sigma3_hotel_seed42,tril,HOTEL:biwi_hotel:356:15900,HOTEL,biwi_hotel,biwi_hotel:356,15900,3,0.21668292582035065,0.23505695164203644,0.02500000037252903,0.07170602679252625,0.33176007866859436,6.746832847595215,0.5,0.51:-0.03;0.51:-0.03;0.53:-0.07;0.53:-0.08;0.5:-0.04;0.53:-0.02;0.53:-0.07;0.53:-0.08,0.53:-0.02;0.53:-0.05;0.46:-0.03;0.47:0.14;0.47:0.24;0.47:0.18;0.47:0.16;0.47:0.12;0.46:0.08;0.51:0.01;0.52:0.01;0.52:0.01,0.543624:-0.08044349;0.5466855:-0.08274944;0.5581224:-0.0779034;0.5677103:-0.09475417;0.589288:-0.09581149;0.6007453:-0.08813371;0.6212477:-0.08946168;0.6308384:-0.09262517;0.6490487:-0.1117208;0.6741173:-0.1088425;0.6960606:-0.1186554;0.720165:-0.1132305
sigma3_hotel_seed42,tril,HOTEL:biwi_hotel:358:15900,HOTEL,biwi_hotel,biwi_hotel:358,15900,3,3.7048072814941406,6.762788772583008,1.3520817756652832,1.4407005310058594,1.0816694498062134,1.3283413648605347,1.625,2.7:-10.16;2.6:-9.58;2.68:-9.04;2.61:-8.45;2.58:-7.92;2.63:-7.2;2.52:-6.7;2.55:-6.16,2.54:-5.6;2.41:-5.03;2.48:-4.47;2.53:-3.85;2.53:-3.27;2.67:-2.75;2.76:-2.24;2.78:-1.71;2.87:-1.2;2.92:-0.65;2.9:-0.15;3.02:0.35,2.653558:-6.188278;2.663591:-6.244658;2.70651:-6.139205;2.796435:-6.265557;2.71505:-6.293497;2.718847:-6.177961;2.686098:-5.927072;2.645411:-6.348103;2.551312:-6.381498;2.412815:-6.315129;2.40349:-6.205468;2.324603:-6.376941
sigma3_hotel_seed42,tril,HOTEL:biwi_hotel:356:15910,HOTEL,biwi_hotel,biwi_hotel:356,15910,3,0.12039798498153687,0.10784301906824112,0.15000000596046448,0.09313459694385529,0.3580920100212097,9.888425827026367,0.375,0.51:-0.03;0.53:-0.07;0.53:-0.08;0.5:-0.04;0.53:-0.02;0.53:-0.07;0.53:-0.08;0.53:-0.02,0.53:-0.05;0.46:-0.03;0.47:0.14;0.47:0.24;0.47:0.18;0.47:0.16;0.47:0.12;0.46:0.08;0.51:0.01;0.52:0.01;0.52:0.01;0.52:0.01,0.540465:-0.020542;0.5264429:-0.01954401;0.5170091:-0.002588814;0.5138871:-0.02578213;0.5304567:-0.02061601;0.5261467:7.706136e-05;0.5364686:0.01365455;0.5542447:0.01508157;0.5649455:-0.004597554;0.575175:-0.003218511;0.6061208:0.002646254;0.6276026:0.00280292
sigma3_hotel_seed42,tril,HOTEL:biwi_hotel:358:15910,HOTEL,biwi_hotel,biwi_hotel:358,15910,3,3.7129180431365967,6.752134323120117,1.4002232551574707,1.4305332899093628,0.9361803531646729,1.0838814973831177,2.0,2.6:-9.58;2.68:-9.04;2.61:-8.45;2.58:-7.92;2.63:-7.2;2.52:-6.7;2.55:-6.16;2.54:-5.6,2.41:-5.03;2.48:-4.47;2.53:-3.85;2.53:-3.27;2.67:-2.75;2.76:-2.24;2.78:-1.71;2.87:-1.2;2.92:-0.65;2.9:-0.15;3.02:0.35;3.06:0.82,2.678319:-5.630694;2.699117:-5.705743;2.754464:-5.572517;2.872688:-5.730275;2.777798:-5.76324;2.790718:-5.631348;2.751485:-5.344049;2.714532:-5.849032;2.612425:-5.881992;2.442503:-5.811308;2.4517:-5.6789;2.360161:-5.895768
sigma3_hotel_seed42,tril,HOTEL:biwi_hotel:359:15910,HOTEL,biwi_hotel,biwi_hotel:359,15910,3,3.7372734546661377,6.9451799392700195,1.262190580368042,1.3767096996307373,0.9464428424835205,1.124163031578064,1.5,3.58:-9.8;3.53:-9.32;3.6:-8.73;3.54:-8.17;3.45:-7.57;3.53:-7.1;3.44:-6.48;3.37:-5.98,3.39:-5.42;3.32:-4.85;3.29:-4.35;3.35:-3.74;3.31:-3.14;3.36:-2.59;3.41:-2.03;3.36:-1.53;3.45:-1.04;3.51:-0.52;3.49:0.01;3.64:0.51,3.297396:-6.000108;3.144032:-6.03772;3.026262:-5.951678;2.957108:-6.027359;2.755573:-6.059203;2.624754:-5.966927;2.453903:-5.729709;2.299386:-6.085728;2.085313:-6.096607;1.84792:-6.051218;1.717198:-5.963027;1.562311:-6.117121
sigma3_hotel_seed42,tril,HOTEL:biwi_hotel:356:15920,HOTEL,biwi_hotel,biwi_hotel:356,15920,3,0.2965376377105713,0.44058215618133545,0.07500000298023224,0.08787696808576584,0.4142841696739197,12.566370964050293,0.25,0.53:-0.07;0.53:-0.08;0.5:-0.04;0.53:-0.02;0.53:-0.07;0.53:-0.08;0.53:-0.02;0.53:-0.05,0.46:-0.03;0.47:0.14;0.47:0.24;0.47:0.18;0.47:0.16;0.47:0.12;0.46:0.08;0.51:0.01;0.52:0.01;0.52:0.01;0.52:0.01;0.52:0.01,0.5527998:-0.0497499;0.56836:-0.05621402;0.5953643:-0.05218234;0.6246885:-0.06472157;0.6677017:-0.07017662;0.6938821:-0.06762111;0.7307568:-0.07190658;0.7646987:-0.07116278;0.7935108:-0.09143843;0.8483615:-0.09662458;0.8838645:-0.1182026;0.9425863:-0.1146332
sigma3_hotel_seed42,tril,HOTEL:biwi_hotel:356:15930,HOTEL,biwi_hotel,biwi_hotel:356,15930,3,0.6448013186454773,1.2005287408828735,0.18200275301933289,0.11030593514442444,0.44315263628959656,11.917374610900879,0.125,0.53:-0.08;0.5:-0.04;0.53:-0.02;0.53:-0.07;0.53:-0.08;0.53:-0.02;0.53:-0.05;0.46:-0.03,0.47:0.14;0.47:0.24;0.47:0.18;0.47:0.16;0.47:0.12;0.46:0.08;0.51:0.01;0.52:0.01;0.52:0.01;0.52:0.01;0.52:0.01;0.52:0.01,0.3796957:-0.02680317;0.3052417:-0.02400801;0.2216795:-0.02908501;0.1108934:-0.03834178;0.02552745:-0.0088074;-0.04812053:-0.009485416;-0.1509044:0.03185533;-0.2639491:-0.003413843;-0.3364748:-0.02899379;-0.4492817:0.01504843;-0.5296834:0.05527424;-0.6782269:0.0843064
sigma3_hotel_seed42,tril,HOTEL:biwi_hotel:356:15940,HOTEL,biwi_hotel,biwi_hotel:356,15940,3,0.12762682139873505,0.20208843052387238,0.42573466897010803,0.1532680243253708,0.5543552041053772,11.642333030700684,0.0,0.5:-0.04;0.53:-0.02;0.53:-0.07;0.53:-0.08;0.53:-0.02;0.53:-0.05;0.46:-0.03;0.47:0.14,0.47:0.24;0.47:0.18;0.47:0.16;0.47:0.12;0.46:0.08;0.51:0.01;0.52:0.01;0.52:0.01;0.52:0.01;0.52:0.01;0.52:0.01;0.52:0.01,0.4942009:0.1234888;0.4922914:0.1245875;0.4777679:0.1309181;0.4548352:0.09974416;0.4676312:0.09653774;0.4529047:0.1422975;0.4462574:0.266527;0.4420153:0.137834;0.4218441:0.1030367;0.368824:0.1073613;0.3830537:0.1575108;0.3461232:0.1129884
sigma3_hotel_seed42,tril,HOTEL:biwi_hotel:356:15950,HOTEL,biwi_hotel,biwi_hotel:356,15950,3,0.3300359845161438,0.5015431046485901,0.25,0.1761053502559662,0.5486811995506287,9.542289733886719,0.0,0.53:-0.02;0.53:-0.07;0.53:-0.08;0.53:-0.02;0.53:-0.05;0.46:-0.03;0.47:0.14;0.47:0.24,0.47:0.18;0.47:0.16;0.47:0.12;0.46:0.08;0.51:0.01;0.52:0.01;0.52:0.01;0.52:0.01;0.52:0.01;0.52:0.01;0.52:0.01;0.52:0.01,0.4513146:0.2355697;0.4110619:0.243002;0.3615843:0.2496226;0.3160034:0.2377159;0.3039594:0.250109;0.2635595:0.2778375;0.2321635:0.333994;0.2194008:0.302339;0.1913772:0.2885762;0.1533097:0.2872503;0.1515542:0.3261616;0.1229311:0.3164013
sigma3_hotel_seed42,tril,HOTEL:biwi_hotel:361:15950,HOTEL,biwi_hotel,biwi_hotel:361,15950,3,0.10592285543680191,0.2128470540046692,0.0,0.0,0.0,0.0,0.5,-0.89:-6.71;-0.89:-6.71;-0.89:-6.71;-0.89:-6.71;-0.89:-6.71;-0.89:-6.71;-0.89:-6.71;-0.89:-6.71,-0.89:-6.71;-0.89:-6.71;-0.89:-6.71;-0.89:-6.71;-0.89:-6.71;-0.89:-6.71;-0.89:-6.71;-0.89:-6.71;-0.89:-6.71;-0.89:-6.71;-0.89:-6.71;-0.89:-6.71,-0.9003854:-6.711177;-0.9144083:-6.709483;-0.9315385:-6.709532;-0.9503579:-6.71369;-0.9729633:-6.715384;-0.9840347:-6.706884;-1.001906:-6.698534;-1.030297:-6.714725;-1.033094:-6.716815;-1.058982:-6.706552;-1.068587:-6.698094;-1.102587:-6.699472
sigma3_hotel_seed42,tril,HOTEL:biwi_hotel:356:15960,HOTEL,biwi_hotel,biwi_hotel:356,15960,3,0.23682790994644165,0.48592615127563477,0.15000000596046448,0.17967677116394043,0.6736811995506287,12.683882713317871,0.125,0.53:-0.07;0.53:-0.08;0.53:-0.02;0.53:-0.05;0.46:-0.03;0.47:0.14;0.47:0.24;0.47:0.18,0.47:0.16;0.47:0.12;0.46:0.08;0.51:0.01;0.52:0.01;0.52:0.01;0.52:0.01;0.52:0.01;0.52:0.01;0.52:0.01;0.52:0.01;0.43:0.04,0.5070826:0.1802859;0.516609:0.1815138;0.5282722:0.2060327;0.5528768:0.177868;0.5901052:0.1790607;0.6057217:0.2127521;0.6482515:0.2141226;0.6960719:0.2301874;0.7360448:0.2147786;0.7720299:0.2103781;0.8340789:0.2133656;0.8863984:0.2068074
sigma3_hotel_seed42,tril,HOTEL:biwi_hotel:361:15960,HOTEL,biwi_hotel,biwi_hotel:361,15960,3,0.11332037299871445,0.22619907557964325,0.0,0.0,0.0,0.0,0.375,-0.89:-6.71;-0.89:-6.71;-0.89:-6.71;-0.89:-6.71;-0.89:-6.71;-0.89:-6.71;-0.89:-6.71;-0.89:-6.71,-0.89:-6.71;-0.89:-6.71;-0.89:-6.71;-0.89:-6.71;-0.89:-6.71;-0.89:-6.71;-0.89:-6.71;-0.89:-6.71;-0.89:-6.71;-0.89:-6.71;-0.89:-6.71;-0.89:-6.71,-0.9024455:-6.711324;-0.9168276:-6.709902;-0.9351648:-6.710323;-0.9537317:-6.714392;-0.9772149:-6.715726;-0.9910287:-6.706935;-1.009673:-6.69691;-1.038908:-6.715827;-1.044662:-6.717442;-1.070381:-6.708333;-1.081836:-6.699272;-1.11606:-6.702063
sigma3_hotel_seed42,tril,HOTEL:biwi_hotel:356:15970,HOTEL,biwi_hotel,biwi_hotel:356,15970,3,0.13263417780399323,0.1904715597629547,0.05000000074505806,0.18324820697307587,0.6424311995506287,9.542289733886719,0.375,0.53:-0.08;0.53:-0.02;0.53:-0.05;0.46:-0.03;0.47:0.14;0.47:0.24;0.47:0.18;0.47:0.16,0.47:0.12;0.46:0.08;0.51:0.01;0.52:0.01;0.52:0.01;0.52:0.01;0.52:0.01;0.52:0.01;0.52:0.01;0.52:0.01;0.43:0.04;0.42:0.04,0.4727459:0.1609318;0.4697376:0.157519;0.4759258:0.1601951;0.4845682:0.1517236;0.496365:0.1515869;0.5027754:0.1534933;0.5127995:0.1466906;0.5169697:0.1482033;0.5265927:0.1362027;0.5527869:0.1389345;0.5622492:0.1287899;0.5839727:0.1369142
sigma3_hotel_seed42,tril,HOTEL:biwi_hotel:361:15970,HOTEL,biwi_hotel,biwi_hotel:361,15970,3,0.13463439047336578,0.27528321743011475,0.0,0.0,0.0,0.0,0.25,-0.89:-6.71;-0.89:-6.71;-0.89:-6.71;-0.89:-6.71;-0.89:-6.71;-0.89:-6.71;-0.89:-6.71;-0.89:-6.71,-0.89:-6.71;-0.89:-6.71;-0.89:-6.71;-0.89:-6.71;-0.89:-6.71;-0.89:-6.71;-0.89:-6.71;-0.89:-6.71;-0.89:-6.71;-0.89:-6.71;-0.89:-6.71;-0.89:-6.71,-0.9021808:-6.711848;-0.9200537:-6.708872;-0.9403418:-6.708234;-0.9672276:-6.718995;-0.9925399:-6.716754;-1.008044:-6.705799;-1.028512:-6.690929;-1.065377:-6.713595;-1.073235:-6.72186;-1.108632:-6.706233;-1.120806:-6.693196;-1.164731:-6.692565
sigma3_hotel_seed42,tril,HOTEL:biwi_hotel:356:15980,HOTEL,biwi_hotel,biwi_hotel:356,15980,3,0.11057835072278976,0.06908412277698517,0.10000000149011612,0.1761053502559662,0.5695145130157471,6.400696754455566,0.75,0.53:-0.02;0.53:-0.05;0.46:-0.03;0.47:0.14;0.47:0.24;0.47:0.18;0.47:0.16;0.47:0.12,0.46:0.08;0.51:0.01;0.52:0.01;0.52:0.01;0.52:0.01;0.52:0.01;0.52:0.01;0.52:0.01;0.52:0.01;0.43:0.04;0.42:0.04;0.34:0.02,0.4604413:0.1205682;0.4517798:0.1111343;0.4432501:0.1128089;0.4297117:0.1006936;0.4326114:0.1046658;0.4234061:0.1065083;0.4100832:0.129894;0.3985014:0.09880443;0.3873748:0.07371195;0.3849183:0.08032025;0.3784932:0.08076479;0.3622818:0.08539218
sigma3_hotel_seed42,tril,HOTEL:biwi_hotel:361:15980,HOTEL,biwi_hotel,biwi_hotel:361,15980,3,0.12937043607234955,0.2637433111667633,0.0,0.0,0.0,0.0,0.125,-0.89:-6.71;-0.89:-6.71;-0.89:-6.71;-0.89:-6.71;-0.89:-6.71;-0.89:-6.71;-0.89:-6.71;-0.89:-6.71,-0.89:-6.71;-0.89:-6.71;-0.89:-6.71;-0.89:-6.71;-0.89:-6.71;-0.89:-6.71;-0.89:-6.71;-0.89:-6.71;-0.89:-6.71;-0.89:-6.71;-0.89:-6.71;-0.89:-6.71,-0.9019459:-6.711826;-0.9189478:-6.708927;-0.9386999:-6.708638;-0.9641905:-6.718168;-0.9889148:-6.716726;-1.003731:-6.706055;-1.023481:-6.691848;-1.058891:-6.713863;-1.065852:-6.720963;-1.099674:-6.706445;-1.111238:-6.694135;-1.153273:-6.694259
sigma3_hotel_seed42,tril,HOTEL:biwi_hotel:356:15990,HOTEL,biwi_hotel,biwi_hotel:356,15990,3,0.10556549578905106,0.28291845321655273,0.10307764261960983,0.1801164299249649,0.49032363295555115,4.796579837799072,1.125,0.53:-0.05;0.46:-0.03;0.47:0.14;0.47:0.24;0.47:0.18;0.47:0.16;0.47:0.12;0.46:0.08,0.51:0.01;0.52:0.01;0.52:0.01;0.52:0.01;0.52:0.01;0.52:0.01;0.52:0.01;0.52:0.01;0.43:0.04;0.42:0.04;0.34:0.02;0.29:0,0.4622287:0.08167998;0.4664603:0.0710492;0.4709406:0.0723616;0.4716119:0.06161095;0.4944232:0.06182392;0.5008115:0.06187179;0.5064512:0.07678024;0.5168815:0.05750972;0.5242353:0.03234219;0.5439121:0.03152723;0.5588236:0.02225959;0.5718426:0.02464937
sigma3_hotel_seed42,tril,HOTEL:biwi_hotel:361:15990,HOTEL,biwi_hotel,biwi_hotel:361,15990,3,0.05924096331000328,0.12076880782842636,0.0,0.0,0.0,0.0,0.0,-0.89:-6.71;-0.89:-6.71;-0.89:-6.71;-0.89:-6.71;-0.89:-6.71;-0.89:-6.71;-0.89:-6.71;-0.89:-6.71,-0.89:-6.71;-0.89:-6.71;-0.89:-6.71;-0.89:-6.71;-0.89:-6.71;-0.89:-6.71;-0.89:-6.71;-0.89:-6.71;-0.89:-6.71;-0.89:-6.71;-0.89:-6.71;-0.89:-6.71,-0.8919072:-6.710001;-0.9022633:-6.708866;-0.9126527:-6.707269;-0.925314:-6.707564;-0.9431064:-6.712891;-0.9419287:-6.707309;-0.9554417:-6.710537;-0.9743757:-6.712186;-0.9642691:-6.711505;-0.9825917:-6.701109;-0.9846219:-6.698225;-1.009915:-6.695664
sigma3_hotel_seed42,tril,HOTEL:biwi_hotel:356:16000,HOTEL,biwi_hotel,biwi_hotel:356,16000,3,0.6768003106117249,1.392369031906128,0.2150581330060959,0.18483863770961761,0.3831174075603485,4.310555458068848,1.5,0.46:-0.03;0.47:0.14;0.47:0.24;0.47:0.18;0.47:0.16;0.47:0.12;0.46:0.08;0.51:0.01,0.52:0.01;0.52:0.01;0.52:0.01;0.52:0.01;0.52:0.01;0.52:0.01;0.52:0.01;0.43:0.04;0.42:0.04;0.34:0.02;0.29:0;0.31:0.1,0.6039768:0.01360413;0.6943241:0.009098535;0.7792639:0.0317806;0.8741014:0.01273426;0.961119:-0.002345232;1.043719:0.04889355;1.161975:0.02743309;1.264363:0.0589541;1.379544:0.04784755;1.487203:0.04321617;1.596023:0.02732975;1.699945:0.0178764
sigma3_hotel_seed42,tril,HOTEL:biwi_hotel:361:16000,HOTEL,biwi_hotel,biwi_hotel:361,16000,3,0.05975687503814697,0.12249013781547546,0.0,0.0,0.0,0.0,0.0,-0.89:-6.71;-0.89:-6.71;-0.89:-6.71;-0.89:-6.71;-0.89:-6.71;-0.89:-6.71;-0.89:-6.71;-0.89:-6.71,-0.89:-6.71;-0.89:-6.71;-0.89:-6.71;-0.89:-6.71;-0.89:-6.71;-0.89:-6.71;-0.89:-6.71;-0.89:-6.71;-0.89:-6.71;-0.89:-6.71;-0.89:-6.71;-0.89:-6.71,-0.8916665:-6.710038;-0.9022506:-6.70877;-0.9125842:-6.707002;-0.9253693:-6.707481;-0.9434988:-6.712774;-0.9421698:-6.707095;-0.9557921:-6.710527;-0.9750761:-6.711965;-0.9648923:-6.711291;-0.9836363:-6.700456;-0.9858103:-6.697422;-1.011517:-6.694591
sigma3_hotel_seed42,tril,HOTEL:biwi_hotel:356:16010,HOTEL,biwi_hotel,biwi_hotel:356,16010,3,0.10110783576965332,0.33219289779663086,0.02500000037252903,0.1275908201932907,0.393442302942276,5.202346324920654,1.875,0.47:0.14;0.47:0.24;0.47:0.18;0.47:0.16;0.47:0.12;0.46:0.08;0.51:0.01;0.52:0.01,0.52:0.01;0.52:0.01;0.52:0.01;0.52:0.01;0.52:0.01;0.52:0.01;0.43:0.04;0.42:0.04;0.34:0.02;0.29:0;0.31:0.1;0.29:0.23,0.5181476:0.01042805;0.5130627:0.01034661;0.5111248:0.01033178;0.5102329:0.005176546;0.5092517:0.004794122;0.5115509:0.008919258;0.5137885:0.005189152;0.5069759:0.00327188;0.5147927:-0.0008813562;0.5216477:0.003513675;0.5280602:0.00176934;0.5333505:0.003874684
sigma3_hotel_seed42,tril,HOTEL:biwi_hotel:361:16010,HOTEL,biwi_hotel,biwi_hotel:361,16010,3,0.010177179239690304,0.017671503126621246,0.0,0.0,0.0,0.0,0.0,-0.89:-6.71;-0.89:-6.71;-0.89:-6.71;-0.89:-6.71;-0.89:-6.71;-0.89:-6.71;-0.89:-6.71;-0.89:-6.71,-0.89:-6.71;-0.89:-6.71;-0.89:-6.71;-0.89:-6.71;-0.89:-6.71;-0.89:-6.71;-0.89:-6.71;-0.89:-6.71;-0.89:-6.71;-0.89:-6.71;-0.89:-6.71;-0.89:-6.71,-0.8880408:-6.707257;-0.8907113:-6.709073;-0.8938963:-6.704677;-0.8979754:-6.706691;-0.9041398:-6.708357;-0.8981164:-6.707186;-0.9026302:-6.720084;-0.9066514:-6.707849;-0.8961644:-6.70784;-0.9006698:-6.701639;-0.8954129:-6.703037;-0.9023929:-6.697402
sigma3_hotel_seed42,tril,HOTEL:biwi_hotel:362:16010,HOTEL,biwi_hotel,biwi_hotel:362,16010,3,3.789503335952759,6.94717264175415,1.550201654434204,1.4279842376708984,0.397646963596344,0.5900446176528931,3.125,1.69:2.49;1.68:1.97;1.61:1.41;1.65:0.83;1.65:0.27;1.63:-0.28;1.68:-0.88;1.69:-1.5,1.76:-2.07;1.8:-2.67;1.78:-3.26;1.83:-3.81;1.89:-4.36;1.89:-4.93;1.92:-5.64;1.89:-6.26;1.87:-6.86;1.94:-7.47;1.98:-7.95;1.95:-8.6,1.75376:-1.529544;1.649021:-1.619819;1.592795:-1.445176;1.634603:-1.623596;1.414349:-1.667623;1.333235:-1.520149;1.169677:-1.188314;1.049314:-1.77885;0.836828:-1.789845;0.5320235:-1.727309;0.4788097:-1.568369;0.3097578:-1.849237
sigma3_hotel_seed42,tril,HOTEL:biwi_hotel:363:16010,HOTEL,biwi_hotel,biwi_hotel:363,16010,3,3.7546465396881104,6.821331024169922,1.4826074838638306,1.407652497291565,0.313633531332016,0.4467974603176117,3.125,2.25:2.49;2.3:1.97;2.34:1.4;2.3:0.85;2.25:0.3;2.24:-0.27;2.21:-0.85;2.27:-1.44,2.35:-2;2.38:-2.6;2.47:-3.2;2.48:-3.78;2.47:-4.37;2.47:-4.98;2.42:-5.66;2.4:-6.23;2.47:-6.87;2.49:-7.56;2.57:-8.1;2.58:-8.65,2.471527:-1.474681;2.503521:-1.575162;2.577308:-1.395276;2.740622:-1.602775;2.627946:-1.643277;2.658344:-1.485381;2.610488:-1.15083;2.5858:-1.771587;2.480134:-1.801312;2.264471:-1.72569;2.310621:-1.55666;2.204982:-1.838985
sigma3_hotel_seed42,tril,HOTEL:biwi_hotel:356:16020,HOTEL,biwi_hotel,biwi_hotel:356,16020,3,0.1022879108786583,0.21390877664089203,0.0,0.09187653660774231,0.237192302942276,2.060753583908081,2.25,0.47:0.24;0.47:0.18;0.47:0.16;0.47:0.12;0.46:0.08;0.51:0.01;0.52:0.01;0.52:0.01,0.52:0.01;0.52:0.01;0.52:0.01;0.52:0.01;0.52:0.01;0.43:0.04;0.42:0.04;0.34:0.02;0.29:0;0.31:0.1;0.29:0.23;0.35:0.2,0.5182039:0.009624721;0.5077159:0.0124411;0.5034012:0.01306105;0.491081:-0.00061375;0.4872228:0.004540786;0.4877332:0.01119917;0.4876889:0.01327429;0.4697179:0.007246537;0.4741309:-0.004951529;0.4683499:0.008792607;0.4731281:0.0133179;0.4666712:0.02071031
sigma3_hotel_seed42,tril,HOTEL:biwi_hotel:361:16020,HOTEL,biwi_hotel,biwi_hotel:361,16020,3,0.05292002484202385,0.10857974737882614,0.0,0.0,0.0,0.0,0.0,-0.89:-6.71;-0.89:-6.71;-0.89:-6.71;-0.89:-6.71;-0.89:-6.71;-0.89:-6.71;-0.89:-6.71;-0.89:-6.71,-0.89:-6.71;-0.89:-6.71;-0.89:-6.71;-0.89:-6.71;-0.89:-6.71;-0.89:-6.71;-0.89:-6.71;-0.89:-6.71;-0.89:-6.71;-0.89:-6.71;-0.89:-6.71;-0.89:-6.71,-0.8905436:-6.709686;-0.9007266:-6.708833;-0.910072:-6.706615;-0.9215916:-6.706267;-0.9390919:-6.712056;-0.9359465:-6.707164;-0.9493063:-6.713094;-0.9668281:-6.711666;-0.954864:-6.710402;-0.9718576:-6.699723;-0.973219:-6.6978;-0.9974:-6.694038
sigma3_hotel_seed42,tril,HOTEL:biwi_hotel:362:16020,HOTEL,biwi_hotel,biwi_hotel:362,16020,3,3.7202911376953125,6.803511142730713,1.4357054233551025,1.4473363161087036,0.403888076543808,0.5909855961799622,3.25,1.68:1.97;1.61:1.41;1.65:0.83;1.65:0.27;1.63:-0.28;1.68:-0.88;1.69:-1.5;1.76:-2.07,1.8:-2.67;1.78:-3.26;1.83:-3.81;1.89:-4.36;1.89:-4.93;1.92:-5.64;1.89:-6.26;1.87:-6.86;1.94:-7.47;1.98:-7.95;1.95:-8.6;1.93:-9.25,1.942016:-2.103679;1.968287:-2.199792;2.033933:-2.030661;2.183484:-2.226766;2.070653:-2.265707;2.093076:-2.115043;2.041753:-1.786908;2.010182:-2.387995;1.899067:-2.418591;1.688389:-2.344389;1.722206:-2.183274;1.615982:-2.45374
sigma3_hotel_seed42,tril,HOTEL:biwi_hotel:363:16020,HOTEL,biwi_hotel,biwi_hotel:363,16020,3,3.8102786540985107,6.868143081665039,1.4142135381698608,1.423112154006958,0.2980765700340271,0.46154946088790894,3.25,2.3:1.97;2.34:1.4;2.3:0.85;2.25:0.3;2.24:-0.27;2.21:-0.85;2.27:-1.44;2.35:-2,2.38:-2.6;2.47:-3.2;2.48:-3.78;2.47:-4.37;2.47:-4.98;2.42:-5.66;2.4:-6.23;2.47:-6.87;2.49:-7.56;2.57:-8.1;2.58:-8.65;2.57:-9.24,2.560335:-2.034422;2.611377:-2.126977;2.703901:-1.96273;2.873072:-2.157107;2.788685:-2.195842;2.837965:-2.047266;2.813553:-1.733287;2.803228:-2.314526;2.724454:-2.349071;2.542307:-2.273272;2.595907:-2.116555;2.506406:-2.372151
sigma3_hotel_seed42,tril,HOTEL:biwi_hotel:356:16030,HOTEL,biwi_hotel,biwi_hotel:356,16030,3,0.12011939287185669,0.40556204319000244,0.0,0.07044796645641327,0.1955256462097168,2.060753583908081,2.625,0.47:0.18;0.47:0.16;0.47:0.12;0.46:0.08;0.51:0.01;0.52:0.01;0.52:0.01;0.52:0.01,0.52:0.01;0.52:0.01;0.52:0.01;0.52:0.01;0.43:0.04;0.42:0.04;0.34:0.02;0.29:0;0.31:0.1;0.29:0.23;0.35:0.2;0.18:0.38,0.5164644:0.008950582;0.5005548:0.01406011;0.493548:0.01610663;0.4759869:-0.001240639;0.4640677:0.006436381;0.4614619:0.01484088;0.4572204:0.01787124;0.4291859:0.01019278;0.4290292:-0.002715581;0.4134618:0.01800753;0.4126261:0.02690076;0.3964051:0.03699939
sigma3_hotel_seed42,tril,HOTEL:biwi_hotel:361:16030,HOTEL,biwi_hotel,biwi_hotel:361,16030,3,0.006768685299903154,0.00971395056694746,0.0,0.0,0.0,0.0,0.0,-0.89:-6.71;-0.89:-6.71;-0.89:-6.71;-0.89:-6.71;-0.89:-6.71;-0.89:-6.71;-0.89:-6.71;-0.89:-6.71,-0.89:-6.71;-0.89:-6.71;-0.89:-6.71;-0.89:-6.71;-0.89:-6.71;-0.89:-6.71;-0.89:-6.71;-0.89:-6.71;-0.89:-6.71;-0.89:-6.71;-0.89:-6.71;-0.89:-6.71,-0.8884826:-6.707189;-0.889964:-6.709276;-0.892872:-6.705462;-0.8956874:-6.706533;-0.9004589:-6.708448;-0.8948047:-6.707615;-0.898353:-6.720339;-0.9005265:-6.708162;-0.8905077:-6.707449;-0.8929148:-6.703143;-0.8873302:-6.705087;-0.8918666:-6.700467
sigma3_hotel_seed42,tril,HOTEL:biwi_hotel:362:16030,HOTEL,biwi_hotel,biwi_hotel:362,16030,3,3.7440803050994873,6.92867374420166,1.5033296346664429,1.4605412483215332,0.33162036538124084,0.453401118516922,3.25,1.61:1.41;1.65:0.83;1.65:0.27;1.63:-0.28;1.68:-0.88;1.69:-1.5;1.76:-2.07;1.8:-2.67,1.78:-3.26;1.83:-3.81;1.89:-4.36;1.89:-4.93;1.92:-5.64;1.89:-6.26;1.87:-6.86;1.94:-7.47;1.98:-7.95;1.95:-8.6;1.93:-9.25;1.94:-9.92,1.930308:-2.701805;1.903373:-2.794838;1.918776:-2.625645;2.022482:-2.812662;1.866306:-2.85334;1.845384:-2.704759;1.748849:-2.37618;1.679867:-2.969663;1.526602:-2.992788;1.279229:-2.923326;1.2752:-2.764715;1.143473:-3.037263
sigma3_hotel_seed42,tril,HOTEL:biwi_hotel:363:16030,HOTEL,biwi_hotel,biwi_hotel:363,16030,3,3.912250280380249,7.154858112335205,1.5018738508224487,1.433593511581421,0.27887776494026184,0.4108280837535858,3.25,2.34:1.4;2.3:0.85;2.25:0.3;2.24:-0.27;2.21:-0.85;2.27:-1.44;2.35:-2;2.38:-2.6,2.47:-3.2;2.48:-3.78;2.47:-4.37;2.47:-4.98;2.42:-5.66;2.4:-6.23;2.47:-6.87;2.49:-7.56;2.57:-8.1;2.58:-8.65;2.57:-9.24;2.62:-9.88,2.420294:-2.628218;2.312426:-2.711982;2.249826:-2.553582;2.275651:-2.715341;2.058939:-2.757742;1.97123:-2.619771;1.807733:-2.299448;1.679957:-2.859581;1.465217:-2.872532;1.17229:-2.811051;1.103534:-2.66452;0.9352931:-2.926313
sigma3_hotel_seed42,tril,HOTEL:biwi_hotel:356:16040,HOTEL,biwi_hotel,biwi_hotel:356,16040,3,0.1445576250553131,0.33439433574676514,0.0,0.06330510973930359,0.174692302942276,2.060753583908081,2.75,0.47:0.16;0.47:0.12;0.46:0.08;0.51:0.01;0.52:0.01;0.52:0.01;0.52:0.01;0.52:0.01,0.52:0.01;0.52:0.01;0.52:0.01;0.43:0.04;0.42:0.04;0.34:0.02;0.29:0;0.31:0.1;0.29:0.23;0.35:0.2;0.18:0.38;0.24:0.32,0.4963757:0.01065547;0.4630299:0.009730423;0.4307754:0.01588701;0.3828878:-0.009679034;0.3481227:0.007042971;0.3177908:0.01649498;0.2793195:0.03574837;0.2232151:0.008636134;0.1961522:-0.01695298;0.1438906:0.01141386;0.1174611:0.03219835;0.04626969:0.0474415
sigma3_hotel_seed42,tril,HOTEL:biwi_hotel:361:16040,HOTEL,biwi_hotel,biwi_hotel:361,16040,3,0.06659084558486938,0.1311713010072708,0.0,0.0,0.0,0.0,0.0,-0.89:-6.71;-0.89:-6.71;-0.89:-6.71;-0.89:-6.71;-0.89:-6.71;-0.89:-6.71;-0.89:-6.71;-0.89:-6.71,-0.89:-6.71;-0.89:-6.71;-0.89:-6.71;-0.89:-6.71;-0.89:-6.71;-0.89:-6.71;-0.89:-6.71;-0.89:-6.71;-0.89:-6.71;-0.89:-6.71;-0.89:-6.71;-0.89:-6.71,-0.895428:-6.709921;-0.9057286:-6.709954;-0.9177329:-6.709031;-0.9279102:-6.707287;-0.9467826:-6.712861;-0.9496264:-6.707702;-0.96453:-6.710108;-0.9827079:-6.71453;-0.9769382:-6.711414;-0.992274:-6.704605;-0.9974636:-6.701953;-1.02093:-6.702055
sigma3_hotel_seed42,tril,HOTEL:biwi_hotel:365:16040,HOTEL,biwi_hotel,biwi_hotel:365,16040,3,4.169297218322754,7.796828269958496,1.4008926153182983,1.3351647853851318,0.37830862402915955,0.3850070536136627,2.125,1.28:4;1.33:3.54;1.41:2.98;1.54:2.5;1.65:1.96;1.75:1.41;1.8:0.87;1.82:0.31,2.08:-0.3;1.94:-0.93;1.96:-1.55;1.95:-2.17;1.93:-2.78;1.95:-3.42;1.94:-4.05;1.98:-4.71;1.99:-5.37;2.01:-6.01;2.04:-6.69;1.91:-7.47,1.790509:0.2851218;1.621848:0.2177536;1.503665:0.3564374;1.464077:0.2259057;1.215691:0.1831579;1.083735:0.3072107;0.8805034:0.5983521;0.7125797:0.1067171;0.4675974:0.09967421;0.1615361:0.1537786;0.04304528:0.2800741;-0.143396:0.0515756
sigma3_hotel_seed42,tril,HOTEL:biwi_hotel:366:16040,HOTEL,biwi_hotel,biwi_hotel:366,16040,3,3.782573699951172,7.166013240814209,1.7467827796936035,1.4523183107376099,0.5116938352584839,0.30524230003356934,1.625,0.64:4.11;0.78:3.58;0.83:3.07;0.88:2.46;0.97:1.89;1.06:1.38;1.17:0.79;1.28:0.1,1.22:-0.37;1.25:-0.98;1.27:-1.56;1.25:-2.11;1.22:-2.81;1.19:-3.36;1.18:-4.01;1.16:-4.67;1.18:-5.48;1.23:-5.95;1.24:-6.82;1.25:-7.55,1.56078:0.0606971;1.604343:-0.064735;1.699374:0.1737965;1.919528:-0.09362299;1.789234:-0.1404694;1.840018:0.05339392;1.789814:0.4333934;1.787951:-0.3032913;1.685221:-0.3254842;1.423343:-0.244998;1.521084:-0.03086441;1.409116:-0.3857537
sigma3_hotel_seed42,tril,HOTEL:biwi_hotel:356:16050,HOTEL,biwi_hotel,biwi_hotel:356,16050,3,0.13452036678791046,0.11522159725427628,0.0,0.04901939630508423,0.1642756462097168,1.8157750368118286,2.75,0.47:0.12;0.46:0.08;0.51:0.01;0.52:0.01;0.52:0.01;0.52:0.01;0.52:0.01;0.52:0.01,0.52:0.01;0.52:0.01;0.43:0.04;0.42:0.04;0.34:0.02;0.29:0;0.31:0.1;0.29:0.23;0.35:0.2;0.18:0.38;0.24:0.32;0.27:0.14,0.5086045:0.009038934;0.4837866:0.01214422;0.4637638:0.01673095;0.4264407:-0.009046815;0.4039808:0.004036413;0.3874399:0.01540701;0.3666773:0.0317486;0.3216756:0.009880228;0.3087319:-0.01402165;0.2685165:0.01337236;0.2567095:0.03046701;0.2071778:0.04341122
sigma3_hotel_seed42,tril,HOTEL:biwi_hotel:361:16050,HOTEL,biwi_hotel,biwi_hotel:361,16050,3,0.0833209678530693,0.15714634954929352,0.0,0.0,0.0,0.0,0.0,-0.89:-6.71;-0.89:-6.71;-0.89:-6.71;-0.89:-6.71;-0.89:-6.71;-0.89:-6.71;-0.89:-6.71;-0.89:-6.71,-0.89:-6.71;-0.89:-6.71;-0.89:-6.71;-0.89:-6.71;-0.89:-6.71;-0.89:-6.71;-0.89:-6.71;-0.89:-6.71;-0.89:-6.71;-0.89:-6.71;-0.89:-6.71;-0.89:-6.71,-0.9025844:-6.710002;-0.9129993:-6.711987;-0.928269:-6.712376;-0.9337485:-6.707463;-0.9550683:-6.713137;-0.96654:-6.708262;-0.9838514:-6.708002;-1.001471:-6.719245;-1.005161:-6.711664;-1.01527:-6.711454;-1.026983:-6.70865;-1.047086:-6.714341
sigma3_hotel_seed42,tril,HOTEL:biwi_hotel:365:16050,HOTEL,biwi_hotel,biwi_hotel:365,16050,3,4.170612812042236,7.512618541717529,1.6577469110488892,1.4067323207855225,0.5249231457710266,0.7185930609703064,2.125,1.33:3.54;1.41:2.98;1.54:2.5;1.65:1.96;1.75:1.41;1.8:0.87;1.82:0.31;2.08:-0.3,1.94:-0.93;1.96:-1.55;1.95:-2.17;1.93:-2.78;1.95:-3.42;1.94:-4.05;1.98:-4.71;1.99:-5.37;2.01:-6.01;2.04:-6.69;1.91:-7.47;1.95:-8.11,2.466733:-0.34103;2.649116:-0.4580818;2.872492:-0.2571333;3.18552:-0.497918;3.180115:-0.5475451;3.353581:-0.3737914;3.421777:-0.03542376;3.509428:-0.7099341;3.545913:-0.7482365;3.411714:-0.6564472;3.584408:-0.4679997;3.533889:-0.7662449
sigma3_hotel_seed42,tril,HOTEL:biwi_hotel:366:16050,HOTEL,biwi_hotel,biwi_hotel:366,16050,3,4.366786479949951,8.230411529541016,1.1845357418060303,1.4257595539093018,0.7052702307701111,0.4297797679901123,1.75,0.78:3.58;0.83:3.07;0.88:2.46;0.97:1.89;1.06:1.38;1.17:0.79;1.28:0.1;1.22:-0.37,1.25:-0.98;1.27:-1.56;1.25:-2.11;1.22:-2.81;1.19:-3.36;1.18:-4.01;1.16:-4.67;1.18:-5.48;1.23:-5.95;1.24:-6.82;1.25:-7.55;1.19:-8.18,1.041721:-0.3813705;0.7841783:-0.4118063;0.5582523:-0.3319178;0.3752272:-0.3712993;0.07395494:-0.4241666;-0.1398437:-0.3309103;-0.4114146:-0.09981817;-0.6573248:-0.4356946;-0.9340932:-0.4264638;-1.266632:-0.3970939;-1.479019:-0.3243154;-1.723555:-0.4825408
sigma3_hotel_seed42,tril,HOTEL:biwi_hotel:356:16060,HOTEL,biwi_hotel,biwi_hotel:356,16060,3,0.15706323087215424,0.28810563683509827,0.0,0.034294020384550095,0.09439852088689804,0.9505468606948853,2.625,0.46:0.08;0.51:0.01;0.52:0.01;0.52:0.01;0.52:0.01;0.52:0.01;0.52:0.01;0.52:0.01,0.52:0.01;0.43:0.04;0.42:0.04;0.34:0.02;0.29:0;0.31:0.1;0.29:0.23;0.35:0.2;0.18:0.38;0.24:0.32;0.27:0.14;0.33:0.1,0.5028663:0.007107738;0.4714627:0.01240618;0.4407786:0.01657108;0.390806:-0.01004966;0.3536662:0.00241735;0.3261471:0.01853881;0.2926947:0.04591045;0.2313153:0.01078805;0.2094647:-0.01251346;0.1461042:0.01884358;0.1225558:0.04419834;0.04561517:0.05384678
sigma3_hotel_seed42,tril,HOTEL:biwi_hotel:361:16060,HOTEL,biwi_hotel,biwi_hotel:361,16060,3,0.14632487297058105,0.30090346932411194,0.0,0.0,0.0,0.0,0.0,-0.89:-6.71;-0.89:-6.71;-0.89:-6.71;-0.89:-6.71;-0.89:-6.71;-0.89:-6.71;-0.89:-6.71;-0.89:-6.71,-0.89:-6.71;-0.89:-6.71;-0.89:-6.71;-0.89:-6.71;-0.89:-6.71;-0.89:-6.71;-0.89:-6.71;-0.89:-6.71;-0.89:-6.71;-0.89:-6.71;-0.89:-6.71;-0.89:-6.71,-0.902726:-6.711908;-0.9225236:-6.708734;-0.9440002:-6.707351;-0.9738874:-6.720717;-1.000597:-6.716779;-1.017624:-6.705198;-1.039695:-6.688916;-1.079788:-6.712996;-1.089634:-6.72368;-1.128496:-6.705634;-1.142087:-6.690996;-1.190153:-6.68876
sigma3_hotel_seed42,tril,HOTEL:biwi_hotel:365:16060,HOTEL,biwi_hotel,biwi_hotel:365,16060,3,4.538363933563232,8.411961555480957,1.6134202480316162,1.4351904392242432,0.843839704990387,1.2175822257995605,2.125,1.41:2.98;1.54:2.5;1.65:1.96;1.75:1.41;1.8:0.87;1.82:0.31;2.08:-0.3;1.94:-0.93,1.96:-1.55;1.95:-2.17;1.93:-2.78;1.95:-3.42;1.94:-4.05;1.98:-4.71;1.99:-5.37;2.01:-6.01;2.04:-6.69;1.91:-7.47;1.95:-8.11;1.95:-8.75,1.750896:-0.9430307;1.444112:-1.010187;1.17306:-0.8689475;0.985299:-0.9618436;0.5766186:-1.03307;0.3146009:-0.8904605;-0.03128099:-0.5823519;-0.3362112:-1.09009;-0.6944804:-1.066469;-1.149756:-1.028297;-1.391378:-0.9125214;-1.710603:-1.17629
sigma3_hotel_seed42,tril,HOTEL:biwi_hotel:366:16060,HOTEL,biwi_hotel,biwi_hotel:366,16060,3,4.175958156585693,7.9249467849731445,1.5268431901931763,1.4608638286590576,0.7744714617729187,0.5899507403373718,1.875,0.83:3.07;0.88:2.46;0.97:1.89;1.06:1.38;1.17:0.79;1.28:0.1;1.22:-0.37;1.25:-0.98,1.27:-1.56;1.25:-2.11;1.22:-2.81;1.19:-3.36;1.18:-4.01;1.16:-4.67;1.18:-5.48;1.23:-5.95;1.24:-6.82;1.25:-7.55;1.19:-8.18;1.15:-8.93,1.217592:-1.005438;1.03416:-1.082346;0.9016633:-0.9270501;0.8606281:-1.072498;0.5864813:-1.117572;0.4399878:-0.9844965;0.2150283:-0.6702823;0.03523076:-1.207945;-0.2338636:-1.210946;-0.5731248:-1.156518;-0.69564:-1.016839;-0.8980412:-1.274264
sigma3_hotel_seed42,tril,HOTEL:biwi_hotel:356:16070,HOTEL,biwi_hotel,biwi_hotel:356,16070,3,0.1738748550415039,0.13423456251621246,0.0,0.0035714285913854837,0.010416666977107525,0.0,2.375,0.51:0.01;0.52:0.01;0.52:0.01;0.52:0.01;0.52:0.01;0.52:0.01;0.52:0.01;0.52:0.01,0.43:0.04;0.42:0.04;0.34:0.02;0.29:0;0.31:0.1;0.29:0.23;0.35:0.2;0.18:0.38;0.24:0.32;0.27:0.14;0.33:0.1;0.21:0.16,0.5077376:0.008092083;0.4893049:0.01118371;0.4685732:0.01195805;0.4403155:0.000208078;0.4148009:0.003017907;0.3988361:0.01427377;0.3779038:0.03003501;0.3399272:0.006616203;0.3315617:-0.002776787;0.2947274:0.01366226;0.2823047:0.02731002;0.2367293:0.02845357
sigma3_hotel_seed42,tril,HOTEL:biwi_hotel:361:16070,HOTEL,biwi_hotel,biwi_hotel:361,16070,3,0.1482415646314621,0.3238552212715149,0.0,0.0,0.0,0.0,0.0,-0.89:-6.71;-0.89:-6.71;-0.89:-6.71;-0.89:-6.71;-0.89:-6.71;-0.89:-6.71;-0.89:-6.71;-0.89:-6.71,-0.89:-6.71;-0.89:-6.71;-0.89:-6.71;-0.89:-6.71;-0.89:-6.71;-0.89:-6.71;-0.89:-6.71;-0.89:-6.71;-0.89:-6.71;-0.89:-6.71;-0.89:-6.71;-0.87:-6.64,-0.9027262:-6.711908;-0.9225246:-6.708734;-0.9440017:-6.70735;-0.9738901:-6.720718;-1.000601:-6.716779;-1.017628:-6.705197;-1.0397:-6.688916;-1.079794:-6.712996;-1.089641:-6.72368;-1.128504:-6.705634;-1.142096:-6.690995;-1.190164:-6.688758
sigma3_hotel_seed42,tril,HOTEL:biwi_hotel:365:16070,HOTEL,biwi_hotel,biwi_hotel:365,16070,3,4.184348106384277,7.772029399871826,1.5508062839508057,1.479129672050476,0.9449507594108582,1.4049639701843262,2.0,1.54:2.5;1.65:1.96;1.75:1.41;1.8:0.87;1.82:0.31;2.08:-0.3;1.94:-0.93;1.96:-1.55,1.95:-2.17;1.93:-2.78;1.95:-3.42;1.94:-4.05;1.98:-4.71;1.99:-5.37;2.01:-6.01;2.04:-6.69;1.91:-7.47;1.95:-8.11;1.95:-8.75;1.88:-9.46,1.978466:-1.577985;1.827959:-1.667275;1.727835:-1.490213;1.731158:-1.663485;1.469765:-1.709391;1.34934:-1.560657;1.145751:-1.224707;0.9910743:-1.816368;0.7386565:-1.820704;0.3983892:-1.761469;0.3113416:-1.602867;0.1180167:-1.890333
sigma3_hotel_seed42,tril,HOTEL:biwi_hotel:366:16070,HOTEL,biwi_hotel,biwi_hotel:366,16070,3,4.119565963745117,7.641478061676025,1.4508618116378784,1.4495420455932617,0.7484862804412842,0.5298048853874207,2.0,0.88:2.46;0.97:1.89;1.06:1.38;1.17:0.79;1.28:0.1;1.22:-0.37;1.25:-0.98;1.27:-1.56,1.25:-2.11;1.22:-2.81;1.19:-3.36;1.18:-4.01;1.16:-4.67;1.18:-5.48;1.23:-5.95;1.24:-6.82;1.25:-7.55;1.19:-8.18;1.15:-8.93;1.24:-9.59,1.50094:-1.595582;1.551835:-1.693283;1.648528:-1.514945;1.829332:-1.723813;1.741643:-1.764235;1.796362:-1.607993;1.770442:-1.285658;1.765558:-1.891325;1.688947:-1.924547;1.495683:-1.848374;1.562315:-1.681416;1.471421:-1.952027
sigma3_hotel_seed42,tril,HOTEL:biwi_hotel:356:16080,HOTEL,biwi_hotel,biwi_hotel:356,16080,3,0.3506985902786255,0.720295250415802,0.23717083036899567,0.033881545066833496,0.09882117807865143,0.0,2.125,0.52:0.01;0.52:0.01;0.52:0.01;0.52:0.01;0.52:0.01;0.52:0.01;0.52:0.01;0.43:0.04,0.42:0.04;0.34:0.02;0.29:0;0.31:0.1;0.29:0.23;0.35:0.2;0.18:0.38;0.24:0.32;0.27:0.14;0.33:0.1;0.21:0.16;0.23:0.15,0.3716964:0.04116355;0.308936:0.0431432;0.2441792:0.04133277;0.1517996:0.02520274;0.08540571:0.05097785;0.0290896:0.05403496;-0.05349165:0.0944988;-0.1490701:0.0560081;-0.2071716:0.02589481;-0.3014325:0.06828206;-0.3653902:0.1043657;-0.4900548:0.1313913
sigma3_hotel_seed42,tril,HOTEL:biwi_hotel:361:16080,HOTEL,biwi_hotel,biwi_hotel:361,16080,3,0.1519259363412857,0.34371471405029297,0.0,0.0,0.0,0.0,0.125,-0.89:-6.71;-0.89:-6.71;-0.89:-6.71;-0.89:-6.71;-0.89:-6.71;-0.89:-6.71;-0.89:-6.71;-0.89:-6.71,-0.89:-6.71;-0.89:-6.71;-0.89:-6.71;-0.89:-6.71;-0.89:-6.71;-0.89:-6.71;-0.89:-6.71;-0.89:-6.71;-0.89:-6.71;-0.89:-6.71;-0.87:-6.64;-0.85:-6.64,-0.9027266:-6.711909;-0.9225309:-6.708733;-0.9440112:-6.707347;-0.9739097:-6.720725;-1.000624:-6.71678;-1.017656:-6.705195;-1.039732:-6.688908;-1.079836:-6.712993;-1.089689:-6.723687;-1.128564:-6.705632;-1.142159:-6.690988;-1.190241:-6.688745
sigma3_hotel_seed42,tril,HOTEL:biwi_hotel:356:16090,HOTEL,biwi_hotel,biwi_hotel:356,16090,3,0.15769582986831665,0.15106040239334106,0.02500000037252903,0.037452973425388336,0.18782120943069458,0.32175055146217346,2.0,0.52:0.01;0.52:0.01;0.52:0.01;0.52:0.01;0.52:0.01;0.52:0.01;0.43:0.04;0.42:0.04,0.34:0.02;0.29:0;0.31:0.1;0.29:0.23;0.35:0.2;0.18:0.38;0.24:0.32;0.27:0.14;0.33:0.1;0.21:0.16;0.23:0.15;0.22:0.19,0.4060051:0.04052284;0.3825785:0.03654551;0.3659599:0.0458216;0.3490716:0.0253767;0.3251186:0.03645986;0.3043663:0.04403157;0.2817608:0.05092667;0.2479473:0.0303872;0.2255544:0.01542567;0.2059039:0.03412661;0.185407:0.045453;0.1517027:0.05526055
sigma3_hotel_seed42,tril,HOTEL:biwi_hotel:361:16090,HOTEL,biwi_hotel,biwi_hotel:361,16090,3,0.15516816079616547,0.3356664776802063,0.0,0.0,0.0,0.0,0.25,-0.89:-6.71;-0.89:-6.71;-0.89:-6.71;-0.89:-6.71;-0.89:-6.71;-0.89:-6.71;-0.89:-6.71;-0.89:-6.71,-0.89:-6.71;-0.89:-6.71;-0.89:-6.71;-0.89:-6.71;-0.89:-6.71;-0.89:-6.71;-0.89:-6.71;-0.89:-6.71;-0.89:-6.71;-0.87:-6.64;-0.85:-6.64;-0.86:-6.75,-0.9027244:-6.711908;-0.9225125:-6.708735;-0.9439845:-6.707356;-0.9738589:-6.720709;-1.000562:-6.716779;-1.017581:-6.705201;-1.039646:-6.688926;-1.079723:-6.712998;-1.089558:-6.72367;-1.128405:-6.705637;-1.141989:-6.691007;-1.190036:-6.688779
sigma3_hotel_seed42,tril,HOTEL:biwi_hotel:356:16100,HOTEL,biwi_hotel,biwi_hotel:356,16100,3,0.4518899619579315,0.8459838032722473,0.20615528523921967,0.0669037327170372,0.2636556923389435,0.5667291879653931,1.875,0.52:0.01;0.52:0.01;0.52:0.01;0.52:0.01;0.52:0.01;0.43:0.04;0.42:0.04;0.34:0.02,0.29:0;0.31:0.1;0.29:0.23;0.35:0.2;0.18:0.38;0.24:0.32;0.27:0.14;0.33:0.1;0.21:0.16;0.23:0.15;0.22:0.19;0.22:0.14,0.2784011:0.02142101;0.2132271:0.02337426;0.1460097:0.02093001;0.04985574:0.005168734;-0.02059385:0.03191453;-0.07921308:0.03390817;-0.166027:0.07424282;-0.2667835:0.0352625;-0.3277141:0.004872492;-0.4261904:0.04925325;-0.494536:0.0861824;-0.6256135:0.1149711
sigma3_hotel_seed42,tril,HOTEL:biwi_hotel:361:16100,HOTEL,biwi_hotel,biwi_hotel:361,16100,3,0.16085685789585114,0.3587789535522461,0.0,0.0,0.0,0.0,0.375,-0.89:-6.71;-0.89:-6.71;-0.89:-6.71;-0.89:-6.71;-0.89:-6.71;-0.89:-6.71;-0.89:-6.71;-0.89:-6.71,-0.89:-6.71;-0.89:-6.71;-0.89:-6.71;-0.89:-6.71;-0.89:-6.71;-0.89:-6.71;-0.89:-6.71;-0.89:-6.71;-0.87:-6.64;-0.85:-6.64;-0.86:-6.75;-0.86:-6.83,-0.9027224:-6.711907;-0.922494:-6.708735;-0.9439577:-6.707366;-0.9738079:-6.720692;-1.0005:-6.716778;-1.017507:-6.705207;-1.03956:-6.688943;-1.079609:-6.713003;-1.089428:-6.723653;-1.128245:-6.705643;-1.141819:-6.691027;-1.189831:-6.688813
sigma3_hotel_seed42,tril,HOTEL:biwi_hotel:356:16110,HOTEL,biwi_hotel,biwi_hotel:356,16110,3,0.35683250427246094,0.5557634830474854,0.13462911546230316,0.08613646030426025,0.2949056923389435,0.7022569179534912,1.875,0.52:0.01;0.52:0.01;0.52:0.01;0.52:0.01;0.43:0.04;0.42:0.04;0.34:0.02;0.29:0,0.31:0.1;0.29:0.23;0.35:0.2;0.18:0.38;0.24:0.32;0.27:0.14;0.33:0.1;0.21:0.16;0.23:0.15;0.22:0.19;0.22:0.14;0.22:0.15,0.2533979:0.001347138;0.2103755:-0.0001287311;0.1676259:0.002892178;0.102934:-0.01852993;0.06086241:0.001045368;0.02352783:0.005858081;-0.03093377:0.03559776;-0.09826177:0.003805898;-0.1351874:-0.02745438;-0.2000512:0.006575078;-0.2384737:0.02987107;-0.3268888:0.0510773
sigma3_hotel_seed42,tril,HOTEL:biwi_hotel:361:16110,HOTEL,biwi_hotel,biwi_hotel:361,16110,3,0.16865716874599457,0.3897414803504944,0.0,0.0,0.0,0.0,0.375,-0.89:-6.71;-0.89:-6.71;-0.89:-6.71;-0.89:-6.71;-0.89:-6.71;-0.89:-6.71;-0.89:-6.71;-0.89:-6.71,-0.89:-6.71;-0.89:-6.71;-0.89:-6.71;-0.89:-6.71;-0.89:-6.71;-0.89:-6.71;-0.89:-6.71;-0.87:-6.64;-0.85:-6.64;-0.86:-6.75;-0.86:-6.83;-0.85:-6.88,-0.9027232:-6.711906;-0.9224797:-6.708737;-0.9439367:-6.707375;-0.973761:-6.720674;-1.000445:-6.716775;-1.017442:-6.705212;-1.039487:-6.688963;-1.079509:-6.713009;-1.089314:-6.723632;-1.128099:-6.705647;-1.141666:-6.691046;-1.189645:-6.688847
sigma3_hotel_seed42,tril,HOTEL:biwi_hotel:356:16120,HOTEL,biwi_hotel,biwi_hotel:356,16120,3,0.40096697211265564,0.688431978225708,0.25495097041130066,0.12255802750587463,0.43961864709854126,2.8509552478790283,2.0,0.52:0.01;0.52:0.01;0.52:0.01;0.43:0.04;0.42:0.04;0.34:0.02;0.29:0;0.31:0.1,0.29:0.23;0.35:0.2;0.18:0.38;0.24:0.32;0.27:0.14;0.33:0.1;0.21:0.16;0.23:0.15;0.22:0.19;0.22:0.14;0.22:0.15;0.24:0.13,0.3638729:0.09553126;0.4040235:0.09615265;0.4346086:0.1081315;0.4751134:0.09429938;0.5354671:0.08260988;0.5663943:0.1269183;0.6279683:0.1597199;0.6945732:0.1425525;0.7485827:0.127219;0.8003417:0.1111533;0.8679868:0.1171152;0.9275396:0.0949598
sigma3_hotel_seed42,tril,HOTEL:biwi_hotel:361:16120,HOTEL,biwi_hotel,biwi_hotel:361,16120,3,0.18289344012737274,0.48143452405929565,0.0,0.0,0.0,0.0,0.375,-0.89:-6.71;-0.89:-6.71;-0.89:-6.71;-0.89:-6.71;-0.89:-6.71;-0.89:-6.71;-0.89:-6.71;-0.89:-6.71,-0.89:-6.71;-0.89:-6.71;-0.89:-6.71;-0.89:-6.71;-0.89:-6.71;-0.89:-6.71;-0.87:-6.64;-0.85:-6.64;-0.86:-6.75;-0.86:-6.83;-0.85:-6.88;-0.71:-6.73,-0.9027274:-6.711905;-0.9224851:-6.708737;-0.9439446:-6.707377;-0.9737679:-6.720669;-1.000456:-6.716773;-1.017456:-6.705211;-1.039505:-6.688964;-1.079528:-6.713009;-1.089335:-6.723627;-1.128121:-6.705643;-1.141693:-6.691042;-1.189672:-6.688845
sigma3_hotel_seed42,tril,HOTEL:biwi_hotel:369:16120,HOTEL,biwi_hotel,biwi_hotel:369,16120,3,0.14611294865608215,0.30041804909706116,0.0,0.0,0.0,0.0,1.375,-0.59:2.83;-0.59:2.83;-0.59:2.83;-0.59:2.83;-0.59:2.83;-0.59:2.83;-0.59:2.83;-0.59:2.83,-0.59:2.83;-0.59:2.83;-0.59:2.83;-0.59:2.83;-0.59:2.83;-0.59:2.83;-0.59:2.83;-0.59:2.83;-0.59:2.83;-0.59:2.83;-0.59:2.83;-0.59:2.83,-0.6027274:2.828094;-0.622485:2.831263;-0.6439446:2.832623;-0.6737679:2.819331;-0.7004564:2.823227;-0.7174561:2.834789;-0.7395046:2.851036;-0.7795281:2.826991;-0.789335:2.816373;-0.8281207:2.834357;-0.8416925:2.848958;-0.8896723:2.851155
sigma3_hotel_seed42,tril,HOTEL:biwi_hotel:371:16120,HOTEL,biwi_hotel,biwi_hotel:371,16120,3,0.14611294865608215,0.30041804909706116,0.0,0.0,0.0,0.0,1.125,-0.66:3.35;-0.66:3.35;-0.66:3.35;-0.66:3.35;-0.66:3.35;-0.66:3.35;-0.66:3.35;-0.66:3.35,-0.66:3.35;-0.66:3.35;-0.66:3.35;-0.66:3.35;-0.66:3.35;-0.66:3.35;-0.66:3.35;-0.66:3.35;-0.66:3.35;-0.66:3.35;-0.66:3.35;-0.66:3.35,-0.6727274:3.348094;-0.6924851:3.351263;-0.7139447:3.352623;-0.7437679:3.339331;-0.7704565:3.343227;-0.7874562:3.354789;-0.8095046:3.371036;-0.8495282:3.346991;-0.8593351:3.336373;-0.8981208:3.354357;-0.9116926:3.368958;-0.9596723:3.371155
sigma3_hotel_seed42,tril,HOTEL:biwi_hotel:356:16130,HOTEL,biwi_hotel,biwi_hotel:356,16130,3,0.14882303774356842,0.2130977213382721,0.32882365584373474,0.16953283548355103,0.49170199036598206,3.2009999752044678,2.0,0.52:0.01;0.52:0.01;0.43:0.04;0.42:0.04;0.34:0.02;0.29:0;0.31:0.1;0.29:0.23,0.35:0.2;0.18:0.38;0.24:0.32;0.27:0.14;0.33:0.1;0.21:0.16;0.23:0.15;0.22:0.19;0.22:0.14;0.22:0.15;0.24:0.13;0.24:0.16,0.2905385:0.2209796;0.2722491:0.2258317;0.2326801:0.2265029;0.186225:0.2077481;0.1929883:0.2136708;0.163204:0.2496867;0.1434969:0.3391568;0.1381817:0.265006;0.1195635:0.2406879;0.06859165:0.2322036;0.08385949:0.2790478;0.0464251:0.2491033
sigma3_hotel_seed42,tril,HOTEL:biwi_hotel:361:16130,HOTEL,biwi_hotel,biwi_hotel:361,16130,3,0.20153367519378662,0.5315175652503967,0.0,0.0,0.0,0.0,0.375,-0.89:-6.71;-0.89:-6.71;-0.89:-6.71;-0.89:-6.71;-0.89:-6.71;-0.89:-6.71;-0.89:-6.71;-0.89:-6.71,-0.89:-6.71;-0.89:-6.71;-0.89:-6.71;-0.89:-6.71;-0.89:-6.71;-0.87:-6.64;-0.85:-6.64;-0.86:-6.75;-0.86:-6.83;-0.85:-6.88;-0.71:-6.73;-0.66:-6.64,-0.9027216:-6.711904;-0.922448:-6.70874;-0.9438898:-6.707393;-0.9736637:-6.72064;-1.000329:-6.716771;-1.017305:-6.705222;-1.03933:-6.689;-1.079299:-6.713019;-1.089075:-6.723597;-1.127801:-6.705656;-1.141351:-6.691083;-1.189262:-6.688912
sigma3_hotel_seed42,tril,HOTEL:biwi_hotel:369:16130,HOTEL,biwi_hotel,biwi_hotel:369,16130,3,0.14592722058296204,0.3000044524669647,0.0,0.0,0.0,0.0,1.375,-0.59:2.83;-0.59:2.83;-0.59:2.83;-0.59:2.83;-0.59:2.83;-0.59:2.83;-0.59:2.83;-0.59:2.83,-0.59:2.83;-0.59:2.83;-0.59:2.83;-0.59:2.83;-0.59:2.83;-0.59:2.83;-0.59:2.83;-0.59:2.83;-0.59:2.83;-0.59:2.83;-0.59:2.83;-0.59:2.83,-0.6027216:2.828096;-0.622448:2.83126;-0.6438898:2.832607;-0.6736637:2.81936;-0.7003291:2.823229;-0.7173054:2.834778;-0.7393304:2.851;-0.7792991:2.82698;-0.7890749:2.816403;-0.8278008:2.834344;-0.8413512:2.848917;-0.8892623:2.851088
sigma3_hotel_seed42,tril,HOTEL:biwi_hotel:371:16130,HOTEL,biwi_hotel,biwi_hotel:371,16130,3,0.14592722058296204,0.3000044524669647,0.0,0.0,0.0,0.0,1.125,-0.66:3.35;-0.66:3.35;-0.66:3.35;-0.66:3.35;-0.66:3.35;-0.66:3.35;-0.66:3.35;-0.66:3.35,-0.66:3.35;-0.66:3.35;-0.66:3.35;-0.66:3.35;-0.66:3.35;-0.66:3.35;-0.66:3.35;-0.66:3.35;-0.66:3.35;-0.66:3.35;-0.66:3.35;-0.66:3.35,-0.6727217:3.348096;-0.692448:3.35126;-0.7138898:3.352607;-0.7436638:3.33936;-0.7703292:3.343229;-0.7873055:3.354778;-0.8093304:3.371;-0.8492992:3.34698;-0.859075:3.336403;-0.8978008:3.354344;-0.9113513:3.368917;-0.9592624:3.371088
sigma3_hotel_seed42,tril,HOTEL:biwi_hotel:356:16140,HOTEL,biwi_hotel,biwi_hotel:356,16140,3,0.5727130174636841,0.9822931289672852,0.16770510375499725,0.19349071383476257,0.5792198181152344,5.3880934715271,2.0,0.52:0.01;0.43:0.04;0.42:0.04;0.34:0.02;0.29:0;0.31:0.1;0.29:0.23;0.35:0.2,0.18:0.38;0.24:0.32;0.27:0.14;0.33:0.1;0.21:0.16;0.23:0.15;0.22:0.19;0.22:0.14;0.22:0.15;0.24:0.13;0.24:0.16;0.27:0.18,0.4211479:0.2038265;0.4754987:0.2027374;0.5312435:0.229702;0.6014041:0.2040475;0.6667916:0.1992942;0.7223016:0.2430665;0.8130828:0.2169292;0.8951647:0.2574153;0.9810914:0.2478432;1.065999:0.2443256;1.158859:0.2352947;1.250952:0.2313127
sigma3_hotel_seed42,tril,HOTEL:biwi_hotel:361:16140,HOTEL,biwi_hotel,biwi_hotel:361,16140,3,0.2182900756597519,0.47927388548851013,0.0,0.0,0.0,0.0,0.375,-0.89:-6.71;-0.89:-6.71;-0.89:-6.71;-0.89:-6.71;-0.89:-6.71;-0.89:-6.71;-0.89:-6.71;-0.89:-6.71,-0.89:-6.71;-0.89:-6.71;-0.89:-6.71;-0.89:-6.71;-0.87:-6.64;-0.85:-6.64;-0.86:-6.75;-0.86:-6.83;-0.85:-6.88;-0.71:-6.73;-0.66:-6.64;-0.71:-6.7,-0.9027209:-6.711903;-0.9224385:-6.708742;-0.9438754:-6.707398;-0.9736341:-6.720631;-1.000293:-6.71677;-1.017264:-6.705225;-1.039282:-6.689011;-1.079235:-6.713023;-1.089003:-6.723588;-1.12771:-6.70566;-1.141256:-6.691095;-1.189146:-6.688931
sigma3_hotel_seed42,tril,HOTEL:biwi_hotel:369:16140,HOTEL,biwi_hotel,biwi_hotel:369,16140,3,0.1441470831632614,0.2791481018066406,0.0,0.0,0.0,0.0,1.375,-0.59:2.83;-0.59:2.83;-0.59:2.83;-0.59:2.83;-0.59:2.83;-0.59:2.83;-0.59:2.83;-0.59:2.83,-0.59:2.83;-0.59:2.83;-0.59:2.83;-0.59:2.83;-0.59:2.83;-0.59:2.83;-0.59:2.83;-0.59:2.83;-0.59:2.83;-0.59:2.83;-0.59:2.83;-0.61:2.85,-0.6027209:2.828097;-0.6224385:2.831259;-0.6438754:2.832602;-0.6736341:2.81937;-0.7002933:2.82323;-0.7172635:2.834775;-0.7392824:2.850989;-0.7792351:2.826977;-0.789003:2.816412;-0.8277103:2.83434;-0.8412556:2.848905;-0.8891461:2.851068
sigma3_hotel_seed42,tril,HOTEL:biwi_hotel:371:16140,HOTEL,biwi_hotel,biwi_hotel:371,16140,3,0.14587533473968506,0.29988712072372437,0.0,0.0,0.0,0.0,1.125,-0.66:3.35;-0.66:3.35;-0.66:3.35;-0.66:3.35;-0.66:3.35;-0.66:3.35;-0.66:3.35;-0.66:3.35,-0.66:3.35;-0.66:3.35;-0.66:3.35;-0.66:3.35;-0.66:3.35;-0.66:3.35;-0.66:3.35;-0.66:3.35;-0.66:3.35;-0.66:3.35;-0.66:3.35;-0.66:3.35,-0.6727209:3.348097;-0.6924385:3.351259;-0.7138755:3.352602;-0.7436341:3.33937;-0.7702934:3.34323;-0.7872636:3.354775;-0.8092825:3.370989;-0.8492352:3.346977;-0.8590031:3.336412;-0.8977103:3.35434;-0.9112557:3.368905;-0.9591461:3.371068
sigma3_hotel_seed42,tril,HOTEL:biwi_hotel:356:16150,HOTEL,biwi_hotel,biwi_hotel:356,16150,3,0.4070972204208374,0.6504289507865906,0.6189709305763245,0.2480335831642151,0.814644992351532,7.857621192932129,2.125,0.43:0.04;0.42:0.04;0.34:0.02;0.29:0;0.31:0.1;0.29:0.23;0.35:0.2;0.18:0.38,0.24:0.32;0.27:0.14;0.33:0.1;0.21:0.16;0.23:0.15;0.22:0.19;0.22:0.14;0.22:0.15;0.24:0.13;0.24:0.16;0.27:0.18;0.28:0.18,0.1379827:0.368739;0.1179529:0.3693004;0.06529839:0.3518504;0.005117878:0.357824;-0.005431905:0.357549;-0.05615216:0.377341;-0.1036093:0.5144869;-0.1320141:0.3905305;-0.1908267:0.3662177;-0.2589424:0.3600196;-0.2856262:0.4028755;-0.3448377:0.3606532
sigma3_hotel_seed42,tril,HOTEL:biwi_hotel:361:16150,HOTEL,biwi_hotel,biwi_hotel:361,16150,3,0.23570765554904938,0.46993619203567505,0.0,0.0,0.0,0.0,0.375,-0.89:-6.71;-0.89:-6.71;-0.89:-6.71;-0.89:-6.71;-0.89:-6.71;-0.89:-6.71;-0.89:-6.71;-0.89:-6.71,-0.89:-6.71;-0.89:-6.71;-0.89:-6.71;-0.87:-6.64;-0.85:-6.64;-0.86:-6.75;-0.86:-6.83;-0.85:-6.88;-0.71:-6.73;-0.66:-6.64;-0.71:-6.7;-0.72:-6.71,-0.9027245:-6.711904;-0.9224676:-6.70874;-0.9439172:-6.707383;-0.9737117:-6.720655;-1.000389:-6.716771;-1.017378:-6.705216;-1.039415:-6.688985;-1.07941:-6.713016;-1.089205:-6.723613;-1.127956:-6.70565;-1.141519:-6.691064;-1.189461:-6.688879
sigma3_hotel_seed42,tril,HOTEL:biwi_hotel:369:16150,HOTEL,biwi_hotel,biwi_hotel:369,16150,3,0.14089684188365936,0.25946372747421265,0.0,0.0,0.0,0.0,1.375,-0.59:2.83;-0.59:2.83;-0.59:2.83;-0.59:2.83;-0.59:2.83;-0.59:2.83;-0.59:2.83;-0.59:2.83,-0.59:2.83;-0.59:2.83;-0.59:2.83;-0.59:2.83;-0.59:2.83;-0.59:2.83;-0.59:2.83;-0.59:2.83;-0.59:2.83;-0.59:2.83;-0.61:2.85;-0.63:2.85,-0.6027245:2.828096;-0.6224676:2.83126;-0.6439171:2.832617;-0.6737117:2.819345;-0.7003893:2.823229;-0.7173784:2.834784;-0.7394153:2.851015;-0.7794103:2.826984;-0.7892047:2.816387;-0.8279562:2.83435;-0.8415191:2.848936;-0.8894613:2.851121
sigma3_hotel_seed42,tril,HOTEL:biwi_hotel:371:16150,HOTEL,biwi_hotel,biwi_hotel:371,16150,3,0.14518652856349945,0.2902309000492096,0.0,0.0,0.0,0.0,1.125,-0.66:3.35;-0.66:3.35;-0.66:3.35;-0.66:3.35;-0.66:3.35;-0.66:3.35;-0.66:3.35;-0.66:3.35,-0.66:3.35;-0.66:3.35;-0.66:3.35;-0.66:3.35;-0.66:3.35;-0.66:3.35;-0.66:3.35;-0.66:3.35;-0.66:3.35;-0.66:3.35;-0.66:3.35;-0.67:3.35,-0.6727245:3.348096;-0.6924677:3.35126;-0.7139172:3.352617;-0.7437117:3.339345;-0.7703893:3.343229;-0.7873785:3.354784;-0.8094153:3.371015;-0.8494104:3.346984;-0.8592048:3.336387;-0.8979563:3.35435;-0.9115192:3.368936;-0.9594613:3.371121
sigma3_hotel_seed42,tril,HOTEL:biwi_hotel:356:16160,HOTEL,biwi_hotel,biwi_hotel:356,16160,3,0.5916810631752014,1.025824785232544,0.2121320366859436,0.2747667133808136,1.0850765705108643,10.725671768188477,2.25,0.42:0.04;0.34:0.02;0.29:0;0.31:0.1;0.29:0.23;0.35:0.2;0.18:0.38;0.24:0.32,0.27:0.14;0.33:0.1;0.21:0.16;0.23:0.15;0.22:0.19;0.22:0.14;0.22:0.15;0.24:0.13;0.24:0.16;0.27:0.18;0.28:0.18;0.3:0.18,0.3160749:0.3219852;0.3963627:0.3125793;0.4820455:0.3231218;0.5703017:0.3107834;0.6601821:0.2963478;0.737676:0.3258773;0.8415357:0.3164719;0.9306045:0.3272241;1.019345:0.3049058;1.134634:0.3013154;1.215283:0.2740908;1.321473:0.2743848
sigma3_hotel_seed42,tril,HOTEL:biwi_hotel:361:16160,HOTEL,biwi_hotel,biwi_hotel:361,16160,3,0.2520900070667267,0.4701208472251892,0.0,0.0,0.0,0.0,0.25,-0.89:-6.71;-0.89:-6.71;-0.89:-6.71;-0.89:-6.71;-0.89:-6.71;-0.89:-6.71;-0.89:-6.71;-0.89:-6.71,-0.89:-6.71;-0.89:-6.71;-0.87:-6.64;-0.85:-6.64;-0.86:-6.75;-0.86:-6.83;-0.85:-6.88;-0.71:-6.73;-0.66:-6.64;-0.71:-6.7;-0.72:-6.71;-0.72:-6.71,-0.9027262:-6.711905;-0.9224831:-6.708738;-0.9439405:-6.707376;-0.9737585:-6.720669;-1.000446:-6.716772;-1.017445:-6.705211;-1.039492:-6.688968;-1.079512:-6.71301;-1.089319:-6.723628;-1.128099:-6.705646;-1.141671:-6.691046;-1.189645:-6.688848
sigma3_hotel_seed42,tril,HOTEL:biwi_hotel:369:16160,HOTEL,biwi_hotel,biwi_hotel:369,16160,3,0.13686850666999817,0.2498016357421875,0.0,0.0,0.0,0.0,1.25,-0.59:2.83;-0.59:2.83;-0.59:2.83;-0.59:2.83;-0.59:2.83;-0.59:2.83;-0.59:2.83;-0.59:2.83,-0.59:2.83;-0.59:2.83;-0.59:2.83;-0.59:2.83;-0.59:2.83;-0.59:2.83;-0.59:2.83;-0.59:2.83;-0.59:2.83;-0.61:2.85;-0.63:2.85;-0.64:2.86,-0.6027262:2.828095;-0.6224831:2.831262;-0.6439405:2.832624;-0.6737584:2.819331;-0.7004456:2.823228;-0.7174449:2.834789;-0.7394917:2.851032;-0.7795117:2.82699;-0.7893194:2.816372;-0.8280993:2.834355;-0.8416706:2.848954;-0.8896449:2.851151
sigma3_hotel_seed42,tril,HOTEL:biwi_hotel:371:16160,HOTEL,biwi_hotel,biwi_hotel:371,16160,3,0.14277605712413788,0.2704732418060303,0.0,0.0,0.0,0.0,1.125,-0.66:3.35;-0.66:3.35;-0.66:3.35;-0.66:3.35;-0.66:3.35;-0.66:3.35;-0.66:3.35;-0.66:3.35,-0.66:3.35;-0.66:3.35;-0.66:3.35;-0.66:3.35;-0.66:3.35;-0.66:3.35;-0.66:3.35;-0.66:3.35;-0.66:3.35;-0.66:3.35;-0.67:3.35;-0.69:3.35,-0.6727262:3.348095;-0.6924832:3.351262;-0.7139406:3.352624;-0.7437585:3.339331;-0.7704456:3.343228;-0.7874449:3.354789;-0.8094918:3.371032;-0.8495117:3.34699;-0.8593194:3.336372;-0.8980993:3.354355;-0.9116706:3.368954;-0.9596449:3.371151
sigma3_hotel_seed42,tril,HOTEL:biwi_hotel:375:16160,HOTEL,biwi_hotel,biwi_hotel:375,16160,3,3.7813949584960938,6.946611404418945,1.428504467010498,1.2337464094161987,0.4412980079650879,0.6780434846878052,3.25,1.12:2.68;1.11:2.22;1.14:1.78;1.16:1.35;1.15:0.86;1.26:0.33;1.27:-0.19;1.23:-0.76,1.24:-1.21;1.26:-1.82;1.18:-2.34;1.18:-2.88;1.25:-3.46;1.18:-4.06;1.16:-4.62;1.23:-5.19;1.34:-5.64;1.37:-6.19;1.34:-6.77;1.3:-7.29,1.091601:-0.7764861;0.8598325:-0.8375096;0.6590309:-0.7176653;0.5292974:-0.8091308;0.2083105:-0.8626605;0.002359629:-0.7412009;-0.2690541:-0.4469048;-0.5097058:-0.9182555;-0.8148949:-0.9117118;-1.18304:-0.8689359;-1.376408:-0.7604008;-1.627908:-0.9905738
sigma3_hotel_seed42,tril,HOTEL:biwi_hotel:376:16160,HOTEL,biwi_hotel,biwi_hotel:376,16160,3,3.703436851501465,6.924679279327393,1.278915524482727,1.2089146375656128,0.28764820098876953,0.43584638833999634,2.875,1.84:2.87;1.83:2.4;1.87:1.93;1.89:1.49;1.88:1.01;1.91:0.53;1.9:-0;1.86:-0.51,1.86:-1.05;1.8:-1.58;1.75:-2.11;1.77:-2.67;1.79:-3.23;1.82:-3.77;1.84:-4.33;1.87:-4.89;1.84:-5.45;1.84:-6.01;1.85:-6.6;1.87:-7.22,1.760066:-0.5288941;1.566994:-0.5800457;1.409906:-0.4731751;1.314148:-0.5611217;1.050554:-0.6049872;0.8843461:-0.4949768;0.6628286:-0.2276752;0.4647435:-0.6491299;0.2052858:-0.6514421;-0.1000166:-0.605831;-0.2609218:-0.5053029;-0.4653844:-0.7010148
sigma3_hotel_seed42,tril,HOTEL:biwi_hotel:377:16160,HOTEL,biwi_hotel,biwi_hotel:377,16160,3,3.8180882930755615,7.1364874839782715,1.3086252212524414,1.2689733505249023,0.33953019976615906,0.5440012812614441,2.875,2.43:2.89;2.43:2.4;2.45:1.94;2.54:1.43;2.52:0.91;2.49:0.4;2.48:-0.13;2.42:-0.65,2.42:-1.17;2.46:-1.72;2.45:-2.29;2.49:-2.83;2.5:-3.39;2.48:-3.92;2.53:-4.5;2.54:-5.05;2.55:-5.61;2.58:-6.22;2.57:-6.84;2.64:-7.42,2.304598:-0.667605;2.089711:-0.7167192;1.913522:-0.6094034;1.797394:-0.6915508;1.514789:-0.7404519;1.335602:-0.6286571;1.095775:-0.3667219;0.8807243:-0.7808923;0.6131266:-0.7791444;0.291141:-0.7357574;0.1157537:-0.6383282;-0.105159:-0.8326215
sigma3_hotel_seed42,tril,HOTEL:biwi_hotel:356:16170,HOTEL,biwi_hotel,biwi_hotel:356,16170,3,0.3317132294178009,0.5202662944793701,0.45620718598365784,0.31048843264579773,1.1826735734939575,11.210392951965332,2.25,0.34:0.02;0.29:0;0.31:0.1;0.29:0.23;0.35:0.2;0.18:0.38;0.24:0.32;0.27:0.14,0.33:0.1;0.21:0.16;0.23:0.15;0.22:0.19;0.22:0.14;0.22:0.15;0.24:0.13;0.24:0.16;0.27:0.18;0.28:0.18;0.3:0.18;0.26:0.13,0.3329471:0.1255163;0.3814909:0.1214509;0.4297353:0.1327377;0.4827799:0.1117043;0.5315244:0.09539996;0.5633432:0.1499558;0.616575:0.2421127;0.6597778:0.138342;0.6838626:0.1109311;0.7174166:0.1166152;0.749557:0.1403857;0.7796859:0.1054309
sigma3_hotel_seed42,tril,HOTEL:biwi_hotel:361:16170,HOTEL,biwi_hotel,biwi_hotel:361,16170,3,0.26615971326828003,0.47028103470802307,0.0,0.0,0.0,0.0,0.125,-0.89:-6.71;-0.89:-6.71;-0.89:-6.71;-0.89:-6.71;-0.89:-6.71;-0.89:-6.71;-0.89:-6.71;-0.89:-6.71,-0.89:-6.71;-0.87:-6.64;-0.85:-6.64;-0.86:-6.75;-0.86:-6.83;-0.85:-6.88;-0.71:-6.73;-0.66:-6.64;-0.71:-6.7;-0.72:-6.71;-0.72:-6.71;-0.72:-6.71,-0.9027243:-6.711906;-0.9224947:-6.708737;-0.9439573:-6.707366;-0.9737986:-6.720688;-1.000491:-6.716775;-1.017499:-6.705207;-1.039552:-6.68895;-1.079596:-6.713006;-1.089417:-6.723649;-1.128223:-6.705644;-1.1418:-6.691031;-1.189804:-6.688819
sigma3_hotel_seed42,tril,HOTEL:biwi_hotel:369:16170,HOTEL,biwi_hotel,biwi_hotel:369,16170,3,0.13069239258766174,0.22200444340705872,0.0,0.0,0.0,0.0,1.125,-0.59:2.83;-0.59:2.83;-0.59:2.83;-0.59:2.83;-0.59:2.83;-0.59:2.83;-0.59:2.83;-0.59:2.83,-0.59:2.83;-0.59:2.83;-0.59:2.83;-0.59:2.83;-0.59:2.83;-0.59:2.83;-0.59:2.83;-0.59:2.83;-0.61:2.85;-0.63:2.85;-0.64:2.86;-0.67:2.82,-0.6027243:2.828094;-0.6224947:2.831263;-0.6439573:2.832634;-0.6737986:2.819312;-0.7004912:2.823224;-0.7174991:2.834793;-0.7395524:2.85105;-0.7795962:2.826994;-0.7894165:2.816351;-0.8282235:2.834356;-0.8417997:2.848969;-0.8898039:2.851181
sigma3_hotel_seed42,tril,HOTEL:biwi_hotel:371:16170,HOTEL,biwi_hotel,biwi_hotel:371,16170,3,0.13877658545970917,0.251742422580719,0.0,0.0,0.0,0.0,1.0,-0.66:3.35;-0.66:3.35;-0.66:3.35;-0.66:3.35;-0.66:3.35;-0.66:3.35;-0.66:3.35;-0.66:3.35,-0.66:3.35;-0.66:3.35;-0.66:3.35;-0.66:3.35;-0.66:3.35;-0.66:3.35;-0.66:3.35;-0.66:3.35;-0.66:3.35;-0.67:3.35;-0.69:3.35;-0.71:3.34,-0.6727243:3.348094;-0.6924948:3.351263;-0.7139573:3.352634;-0.7437987:3.339312;-0.7704912:3.343224;-0.7874991:3.354793;-0.8095524:3.37105;-0.8495963:3.346994;-0.8594165:3.336351;-0.8982235:3.354356;-0.9117997:3.368968;-0.9598039:3.371181
sigma3_hotel_seed42,tril,HOTEL:biwi_hotel:375:16170,HOTEL,biwi_hotel,biwi_hotel:375,16170,3,3.5782124996185303,6.597414493560791,1.1252777576446533,1.2301757335662842,0.5301299095153809,0.6805104613304138,3.0,1.11:2.22;1.14:1.78;1.16:1.35;1.15:0.86;1.26:0.33;1.27:-0.19;1.23:-0.76;1.24:-1.21,1.26:-1.82;1.18:-2.34;1.18:-2.88;1.25:-3.46;1.18:-4.06;1.16:-4.62;1.23:-5.19;1.34:-5.64;1.37:-6.19;1.34:-6.77;1.3:-7.29;1.29:-8,1.327417:-1.237769;1.306752:-1.292954;1.325972:-1.183924;1.393642:-1.307983;1.289155:-1.340022;1.276594:-1.224032;1.218886:-0.9768238;1.159018:-1.39511;1.05027:-1.42443;0.8904121:-1.360173;0.8649018:-1.251317;0.7698447:-1.423123
sigma3_hotel_seed42,tril,HOTEL:biwi_hotel:376:16170,HOTEL,biwi_hotel,biwi_hotel:376,16170,3,3.5446135997772217,6.603196144104004,1.350000023841858,1.2338767051696777,0.28764820098876953,0.4079423248767853,2.875,1.83:2.4;1.87:1.93;1.89:1.49;1.88:1.01;1.91:0.53;1.9:-0;1.86:-0.51;1.86:-1.05,1.8:-1.58;1.75:-2.11;1.77:-2.67;1.79:-3.23;1.82:-3.77;1.84:-4.33;1.87:-4.89;1.84:-5.45;1.84:-6.01;1.85:-6.6;1.87:-7.22;1.98:-7.78,1.895803:-1.077318;1.798223:-1.150513;1.74502:-1.009817;1.767326:-1.154496;1.571934:-1.194627;1.493767:-1.065036;1.34905:-0.7692511;1.228843:-1.279147;1.034146:-1.295238;0.7726785:-1.234121;0.7026346:-1.102236;0.5482701:-1.333889
sigma3_hotel_seed42,tril,HOTEL:biwi_hotel:377:16170,HOTEL,biwi_hotel,biwi_hotel:377,16170,3,3.6129188537597656,6.754183769226074,1.2999999523162842,1.2796876430511475,0.364472359418869,0.6154269576072693,2.875,2.43:2.4;2.45:1.94;2.54:1.43;2.52:0.91;2.49:0.4;2.48:-0.13;2.42:-0.65;2.42:-1.17,2.46:-1.72;2.45:-2.29;2.49:-2.83;2.5:-3.39;2.48:-3.92;2.53:-4.5;2.54:-5.05;2.55:-5.61;2.58:-6.22;2.57:-6.84;2.64:-7.42;2.7:-8.04,2.468356:-1.197433;2.38496:-1.265705;2.346531:-1.13171;2.377556:-1.27113;2.202081:-1.309895;2.138861:-1.183913;2.012127:-0.901592;1.905476:-1.387203;1.731602:-1.405555;1.492514:-1.344235;1.432908:-1.21778;1.29169:-1.434271
sigma3_hotel_seed42,tril,HOTEL:biwi_hotel:378:16170,HOTEL,biwi_hotel,biwi_hotel:378,16170,3,1.410935401916504,2.0531749725341797,0.5857686996459961,0.5155361890792847,1.1798927783966064,1.685841679573059,0.25,-0.82:-2.48;-0.82:-2.48;-1.06:-2.3;-1.1:-2.19;-1.14:-1.97;-1.15:-1.8;-1.4:-1.49;-1.58:-1.34,-1.45:-1.2;-1.41:-1.01;-1.38:-0.88;-1.66:-0.52;-1.73:-0.32;-1.71:-0.12;-1.81:0.04;-1.97:0.19;-2.11:0.3;-2.22:0.45;-2.37:0.53;-2.52:0.48,-1.766358:-1.33645;-1.932334:-1.326561;-2.127807:-1.340793;-2.32083:-1.296689;-2.474521:-1.299957;-2.648051:-1.283328;-2.833409:-1.184193;-2.983241:-1.249536;-3.142227:-1.239993;-3.316466:-1.254617;-3.464319:-1.218529;-3.636222:-1.243245
sigma3_hotel_seed42,tril,HOTEL:biwi_hotel:356:16180,HOTEL,biwi_hotel,biwi_hotel:356,16180,3,0.7686888575553894,1.3963675498962402,0.18027757108211517,0.3170096278190613,1.18710458278656,9.879340171813965,2.0,0.29:0;0.31:0.1;0.29:0.23;0.35:0.2;0.18:0.38;0.24:0.32;0.27:0.14;0.33:0.1,0.21:0.16;0.23:0.15;0.22:0.19;0.22:0.14;0.22:0.15;0.24:0.13;0.24:0.16;0.27:0.18;0.28:0.18;0.3:0.18;0.26:0.13;0.22:0.15,0.4322944:0.1032275;0.5343408:0.09937045;0.6338114:0.1188927;0.7372239:0.09996249;0.828812:0.0816838;0.9245929:0.1320482;1.054552:0.1046079;1.155771:0.1362765;1.282327:0.1241148;1.39694:0.1249751;1.508299:0.1034014;1.61536:0.09696748
sigma3_hotel_seed42,tril,HOTEL:biwi_hotel:361:16180,HOTEL,biwi_hotel,biwi_hotel:361,16180,3,0.282039076089859,0.47030970454216003,0.0,0.0,0.0,0.0,0.125,-0.89:-6.71;-0.89:-6.71;-0.89:-6.71;-0.89:-6.71;-0.89:-6.71;-0.89:-6.71;-0.89:-6.71;-0.89:-6.71,-0.87:-6.64;-0.85:-6.64;-0.86:-6.75;-0.86:-6.83;-0.85:-6.88;-0.71:-6.73;-0.66:-6.64;-0.71:-6.7;-0.72:-6.71;-0.72:-6.71;-0.72:-6.71;-0.72:-6.71,-0.9027253:-6.711906;-0.9224982:-6.708737;-0.943962:-6.707365;-0.9738055:-6.720689;-1.000501:-6.716775;-1.01751:-6.705206;-1.039566:-6.688949;-1.079613:-6.713005;-1.089436:-6.72365;-1.128246:-6.705642;-1.141824:-6.691028;-1.189832:-6.688814
sigma3_hotel_seed42,tril,HOTEL:biwi_hotel:369:16180,HOTEL,biwi_hotel,biwi_hotel:369,16180,3,0.12446919828653336,0.22203335165977478,0.0,0.0,0.0,0.0,1.0,-0.59:2.83;-0.59:2.83;-0.59:2.83;-0.59:2.83;-0.59:2.83;-0.59:2.83;-0.59:2.83;-0.59:2.83,-0.59:2.83;-0.59:2.83;-0.59:2.83;-0.59:2.83;-0.59:2.83;-0.59:2.83;-0.59:2.83;-0.61:2.85;-0.63:2.85;-0.64:2.86;-0.67:2.82;-0.67:2.82,-0.6027253:2.828094;-0.6224982:2.831263;-0.643962:2.832635;-0.6738055:2.819311;-0.7005005:2.823225;-0.7175102:2.834794;-0.7395656:2.851051;-0.779613:2.826995;-0.7894359:2.81635;-0.8282459:2.834358;-0.8418244:2.848972;-0.8898324:2.851186
sigma3_hotel_seed42,tril,HOTEL:biwi_hotel:371:16180,HOTEL,biwi_hotel,biwi_hotel:371,16180,3,0.1339040994644165,0.24185144901275635,0.0,0.0,0.0,0.0,1.0,-0.66:3.35;-0.66:3.35;-0.66:3.35;-0.66:3.35;-0.66:3.35;-0.66:3.35;-0.66:3.35;-0.66:3.35,-0.66:3.35;-0.66:3.35;-0.66:3.35;-0.66:3.35;-0.66:3.35;-0.66:3.35;-0.66:3.35;-0.66:3.35;-0.67:3.35;-0.69:3.35;-0.71:3.34;-0.72:3.34,-0.6727254:3.348094;-0.6924982:3.351263;-0.713962:3.352635;-0.7438055:3.339311;-0.7705006:3.343225;-0.7875103:3.354794;-0.8095657:3.371051;-0.8496131:3.346995;-0.859436:3.33635;-0.8982459:3.354358;-0.9118245:3.368972;-0.9598324:3.371186
sigma3_hotel_seed42,tril,HOTEL:biwi_hotel:375:16180,HOTEL,biwi_hotel,biwi_hotel:375,16180,3,3.621736764907837,6.7096076011657715,1.5258194208145142,1.290642261505127,0.6823903918266296,0.6694687008857727,2.875,1.14:1.78;1.16:1.35;1.15:0.86;1.26:0.33;1.27:-0.19;1.23:-0.76;1.24:-1.21;1.26:-1.82,1.18:-2.34;1.18:-2.88;1.25:-3.46;1.18:-4.06;1.16:-4.62;1.23:-5.19;1.34:-5.64;1.37:-6.19;1.34:-6.77;1.3:-7.29;1.29:-8;1.28:-8.57,1.271049:-1.847871;1.104975:-1.937918;0.9913191:-1.756052;0.9857306:-1.931342;0.7118303:-1.97768;0.5808244:-1.828637;0.3630015:-1.489038;0.2011094:-2.086618;-0.06267667:-2.087949;-0.4172697:-2.030603;-0.5091456:-1.868646;-0.709022:-2.161987
sigma3_hotel_seed42,tril,HOTEL:biwi_hotel:376:16180,HOTEL,biwi_hotel,biwi_hotel:376,16180,3,3.8281829357147217,7.096238136291504,1.3334635496139526,1.2559075355529785,0.31345248222351074,0.4811914265155792,2.875,1.87:1.93;1.89:1.49;1.88:1.01;1.91:0.53;1.9:-0;1.86:-0.51;1.86:-1.05;1.8:-1.58,1.75:-2.11;1.77:-2.67;1.79:-3.23;1.82:-3.77;1.84:-4.33;1.87:-4.89;1.84:-5.45;1.84:-6.01;1.85:-6.6;1.87:-7.22;1.98:-7.78;2.01:-8.3,1.681848:-1.597666;1.465096:-1.651387;1.28507:-1.538872;1.16936:-1.626307;0.8771194:-1.67619;0.6924298:-1.560585;0.4456764:-1.287248;0.2253901:-1.722812;-0.05246198:-1.720178;-0.3868754:-1.676109;-0.5650077:-1.573936;-0.7930532:-1.780837
sigma3_hotel_seed42,tril,HOTEL:biwi_hotel:377:16180,HOTEL,biwi_hotel,biwi_hotel:377,16180,3,3.549462080001831,6.570816516876221,1.378631591796875,1.3121941089630127,0.3269481360912323,0.5568051338195801,2.875,2.45:1.94;2.54:1.43;2.52:0.91;2.49:0.4;2.48:-0.13;2.42:-0.65;2.42:-1.17;2.46:-1.72,2.45:-2.29;2.49:-2.83;2.5:-3.39;2.48:-3.92;2.53:-4.5;2.54:-5.05;2.55:-5.61;2.58:-6.22;2.57:-6.84;2.64:-7.42;2.7:-8.04;2.69:-8.67,2.640883:-1.753975;2.65562:-1.854363;2.711391:-1.674381;2.858969:-1.879728;2.730325:-1.92;2.743414:-1.762401;2.679671:-1.424103;2.641207:-2.046886;2.517054:-2.074444;2.287273:-2.000369;2.319208:-1.831359;2.20449:-2.117145
sigma3_hotel_seed42,tril,HOTEL:biwi_hotel:378:16180,HOTEL,biwi_hotel,biwi_hotel:378,16180,3,1.808573842048645,3.229170322418213,0.4776243269443512,0.5837682485580444,1.1904774904251099,3.3102777004241943,0.375,-0.82:-2.48;-1.06:-2.3;-1.1:-2.19;-1.14:-1.97;-1.15:-1.8;-1.4:-1.49;-1.58:-1.34;-1.45:-1.2,-1.41:-1.01;-1.38:-0.88;-1.66:-0.52;-1.73:-0.32;-1.71:-0.12;-1.81:0.04;-1.97:0.19;-2.11:0.3;-2.22:0.45;-2.37:0.53;-2.52:0.48;-2.61:0.48,-1.332274:-1.202597;-1.186129:-1.21241;-1.059541:-1.2166;-0.9359264:-1.209372;-0.8052993:-1.243203;-0.6878635:-1.187768;-0.5376906:-1.159195;-0.4074961:-1.186456;-0.2722032:-1.203336;-0.1291116:-1.221368;-0.01695466:-1.239779;0.1055268:-1.267414
sigma3_hotel_seed42,tril,HOTEL:biwi_hotel:356:16190,HOTEL,biwi_hotel,biwi_hotel:356,16190,3,0.6507433652877808,1.2163437604904175,0.3354102075099945,0.32850381731987,1.3495136499404907,12.54653263092041,1.75,0.31:0.1;0.29:0.23;0.35:0.2;0.18:0.38;0.24:0.32;0.27:0.14;0.33:0.1;0.21:0.16,0.23:0.15;0.22:0.19;0.22:0.14;0.22:0.15;0.24:0.13;0.24:0.16;0.27:0.18;0.28:0.18;0.3:0.18;0.26:0.13;0.22:0.15;0.24:0.15,0.1179638:0.1628296;0.03673011:0.1675474;-0.05646907:0.1585692;-0.1683493:0.1617796;-0.2548834:0.1899487;-0.3383328:0.1880683;-0.4472265:0.2349887;-0.5546363:0.2031378;-0.6363134:0.1855097;-0.7419897:0.2201719;-0.829492:0.2612928;-0.9685721:0.28728
sigma3_hotel_seed42,tril,HOTEL:biwi_hotel:361:16190,HOTEL,biwi_hotel,biwi_hotel:361,16190,3,0.18133561313152313,0.16899052262306213,0.18200275301933289,0.02600039169192314,0.0758344754576683,0.0,0.125,-0.89:-6.71;-0.89:-6.71;-0.89:-6.71;-0.89:-6.71;-0.89:-6.71;-0.89:-6.71;-0.89:-6.71;-0.87:-6.64,-0.85:-6.64;-0.86:-6.75;-0.86:-6.83;-0.85:-6.88;-0.71:-6.73;-0.66:-6.64;-0.71:-6.7;-0.72:-6.71;-0.72:-6.71;-0.72:-6.71;-0.72:-6.71;-0.72:-6.71,-0.8593071:-6.639975;-0.8779255:-6.636929;-0.8930471:-6.616132;-0.9051664:-6.645394;-0.8977706:-6.636316;-0.9037519:-6.611956;-0.8982926:-6.598972;-0.8887858:-6.595397;-0.8773276:-6.614904;-0.8840234:-6.606331;-0.8500059:-6.592764;-0.8416762:-6.592728
sigma3_hotel_seed42,tril,HOTEL:biwi_hotel:369:16190,HOTEL,biwi_hotel,biwi_hotel:369,16190,3,0.04610874131321907,0.07023216038942337,0.0,0.0,0.0,0.0,1.0,-0.59:2.83;-0.59:2.83;-0.59:2.83;-0.59:2.83;-0.59:2.83;-0.59:2.83;-0.59:2.83;-0.59:2.83,-0.59:2.83;-0.59:2.83;-0.59:2.83;-0.59:2.83;-0.59:2.83;-0.59:2.83;-0.61:2.85;-0.63:2.85;-0.64:2.86;-0.67:2.82;-0.67:2.82;-0.67:2.82,-0.5946256:2.829391;-0.6055536:2.83097;-0.618081:2.831572;-0.6334034:2.829187;-0.6515658:2.825266;-0.6546252:2.832354;-0.6684754:2.834899;-0.6905029:2.82668;-0.6845705:2.825378;-0.7057457:2.83555;-0.7091429:2.840567;-0.7369969:2.841071
sigma3_hotel_seed42,tril,HOTEL:biwi_hotel:371:16190,HOTEL,biwi_hotel,biwi_hotel:371,16190,3,0.05598480626940727,0.08951222151517868,0.0,0.0,0.0,0.0,1.0,-0.66:3.35;-0.66:3.35;-0.66:3.35;-0.66:3.35;-0.66:3.35;-0.66:3.35;-0.66:3.35;-0.66:3.35,-0.66:3.35;-0.66:3.35;-0.66:3.35;-0.66:3.35;-0.66:3.35;-0.66:3.35;-0.66:3.35;-0.67:3.35;-0.69:3.35;-0.71:3.34;-0.72:3.34;-0.72:3.34,-0.6646256:3.349391;-0.6755537:3.35097;-0.688081:3.351572;-0.7034035:3.349187;-0.7215658:3.345266;-0.7246252:3.352354;-0.7384754:3.354899;-0.7605029:3.34668;-0.7545705:3.345378;-0.7757457:3.35555;-0.779143:3.360567;-0.8069969:3.361071
sigma3_hotel_seed42,tril,HOTEL:biwi_hotel:375:16190,HOTEL,biwi_hotel,biwi_hotel:375,16190,3,3.8925883769989014,7.1709699630737305,1.315294623374939,1.3248040676116943,0.7526552081108093,0.7880097031593323,2.75,1.16:1.35;1.15:0.86;1.26:0.33;1.27:-0.19;1.23:-0.76;1.24:-1.21;1.26:-1.82;1.18:-2.34,1.18:-2.88;1.25:-3.46;1.18:-4.06;1.16:-4.62;1.23:-5.19;1.34:-5.64;1.37:-6.19;1.34:-6.77;1.3:-7.29;1.29:-8;1.28:-8.57;1.45:-9.06,1.048713:-2.356543;0.8227409:-2.40916;0.6312464:-2.29885;0.5033494:-2.380963;0.2021717:-2.432225;0.008131862:-2.317962;-0.2484272:-2.044577;-0.477249:-2.476562;-0.7620668:-2.471774;-1.105126:-2.429891;-1.29163:-2.329751;-1.527937:-2.536604
sigma3_hotel_seed42,tril,HOTEL:biwi_hotel:376:16190,HOTEL,biwi_hotel,biwi_hotel:376,16190,3,3.839552164077759,7.100827217102051,1.3308831453323364,1.2887285947799683,0.27178582549095154,0.4336042106151581,2.875,1.89:1.49;1.88:1.01;1.91:0.53;1.9:-0;1.86:-0.51;1.86:-1.05;1.8:-1.58;1.75:-2.11,1.77:-2.67;1.79:-3.23;1.82:-3.77;1.84:-4.33;1.87:-4.89;1.84:-5.45;1.84:-6.01;1.85:-6.6;1.87:-7.22;1.98:-7.78;2.01:-8.3;2.07:-8.88,1.654255:-2.1296;1.454226:-2.18533;1.294187:-2.069119;1.200376:-2.165108;0.9234741:-2.212555;0.7550933:-2.094992;0.5252327:-1.821199;0.3203136:-2.263213;0.05460787:-2.2637;-0.2646215:-2.215704;-0.4280381:-2.109808;-0.6415212:-2.317272
sigma3_hotel_seed42,tril,HOTEL:biwi_hotel:378:16190,HOTEL,biwi_hotel,biwi_hotel:378,16190,3,1.5713239908218384,2.5405657291412354,0.48541221022605896,0.5459699630737305,1.0769983530044556,3.2726352214813232,0.625,-1.06:-2.3;-1.1:-2.19;-1.14:-1.97;-1.15:-1.8;-1.4:-1.49;-1.58:-1.34;-1.45:-1.2;-1.41:-1.01,-1.38:-0.88;-1.66:-0.52;-1.73:-0.32;-1.71:-0.12;-1.81:0.04;-1.97:0.19;-2.11:0.3;-2.22:0.45;-2.37:0.53;-2.52:0.48;-2.61:0.48;-2.63:0.52,-1.334866:-1.022352;-1.26559:-1.029322;-1.19442:-1.018742;-1.115419:-1.035391;-1.047253:-1.053597;-0.9960998:-1.000063;-0.9188867:-0.9197917;-0.8531117:-1.011754;-0.8125913:-1.037001;-0.7442262:-1.03422;-0.6988623:-1.020183;-0.6350389:-1.053087
sigma3_hotel_seed42,tril,HOTEL:biwi_hotel:356:16200,HOTEL,biwi_hotel,biwi_hotel:356,16200,3,0.21387700736522675,0.4883424639701843,0.055901698768138885,0.28951495885849,1.326221227645874,13.501031875610352,1.5,0.29:0.23;0.35:0.2;0.18:0.38;0.24:0.32;0.27:0.14;0.33:0.1;0.21:0.16;0.23:0.15,0.22:0.19;0.22:0.14;0.22:0.15;0.24:0.13;0.24:0.16;0.27:0.18;0.28:0.18;0.3:0.18;0.26:0.13;0.22:0.15;0.24:0.15;0.24:0.17,0.2521255:0.150015;0.2796883:0.1484784;0.3052515:0.1417987;0.3430371:0.153035;0.3820595:0.1351945;0.4158983:0.1365895;0.4578675:0.122888;0.5020838:0.1344897;0.5471247:0.1431182;0.6037498:0.1211868;0.6495751:0.0990081;0.7206405:0.08361085
sigma3_hotel_seed42,tril,HOTEL:biwi_hotel:361:16200,HOTEL,biwi_hotel,biwi_hotel:361,16200,3,0.10738634318113327,0.11998333781957626,0.05000000074505806,0.03314324840903282,0.1487511396408081,1.292496681213379,0.125,-0.89:-6.71;-0.89:-6.71;-0.89:-6.71;-0.89:-6.71;-0.89:-6.71;-0.89:-6.71;-0.87:-6.64;-0.85:-6.64,-0.86:-6.75;-0.86:-6.83;-0.85:-6.88;-0.71:-6.73;-0.66:-6.64;-0.71:-6.7;-0.72:-6.71;-0.72:-6.71;-0.72:-6.71;-0.72:-6.71;-0.72:-6.71;-0.72:-6.71,-0.8363044:-6.64093;-0.8307474:-6.642426;-0.814373:-6.638696;-0.7894552:-6.646473;-0.7720253:-6.651402;-0.7573453:-6.64584;-0.7337114:-6.655249;-0.7187989:-6.654469;-0.7017982:-6.658715;-0.6651461:-6.660035;-0.6467677:-6.671254;-0.6064497:-6.67124
sigma3_hotel_seed42,tril,HOTEL:biwi_hotel:369:16200,HOTEL,biwi_hotel,biwi_hotel:369,16200,3,0.02668660879135132,0.039196763187646866,0.0,0.0,0.0,0.0,1.0,-0.59:2.83;-0.59:2.83;-0.59:2.83;-0.59:2.83;-0.59:2.83;-0.59:2.83;-0.59:2.83;-0.59:2.83,-0.59:2.83;-0.59:2.83;-0.59:2.83;-0.59:2.83;-0.59:2.83;-0.61:2.85;-0.63:2.85;-0.64:2.86;-0.67:2.82;-0.67:2.82;-0.67:2.82;-0.67:2.82,-0.5920984:2.829725;-0.6014758:2.83098;-0.6116778:2.832058;-0.6237865:2.831396;-0.6403873:2.825992;-0.6398519:2.832173;-0.6519685:2.830861;-0.6703032:2.826976;-0.6606013:2.827399;-0.6782384:2.836776;-0.6793932:2.839777;-0.7032483:2.840759
sigma3_hotel_seed42,tril,HOTEL:biwi_hotel:371:16200,HOTEL,biwi_hotel,biwi_hotel:371,16200,3,0.045257315039634705,0.18088500201702118,0.0,0.0,0.0,0.0,1.0,-0.66:3.35;-0.66:3.35;-0.66:3.35;-0.66:3.35;-0.66:3.35;-0.66:3.35;-0.66:3.35;-0.66:3.35,-0.66:3.35;-0.66:3.35;-0.66:3.35;-0.66:3.35;-0.66:3.35;-0.66:3.35;-0.67:3.35;-0.69:3.35;-0.71:3.34;-0.72:3.34;-0.72:3.34;-0.78:3.18,-0.6620984:3.349725;-0.6714759:3.35098;-0.6816778:3.352058;-0.6937866:3.351396;-0.7103873:3.345992;-0.7098519:3.352173;-0.7219686:3.350861;-0.7403033:3.346976;-0.7306014:3.347399;-0.7482384:3.356776;-0.7493933:3.359777;-0.7732483:3.360759
sigma3_hotel_seed42,tril,HOTEL:biwi_hotel:378:16200,HOTEL,biwi_hotel,biwi_hotel:378,16200,3,1.2938421964645386,1.8360135555267334,0.333541601896286,0.5518162846565247,1.0257771015167236,3.1230204105377197,0.75,-1.1:-2.19;-1.14:-1.97;-1.15:-1.8;-1.4:-1.49;-1.58:-1.34;-1.45:-1.2;-1.41:-1.01;-1.38:-0.88,-1.66:-0.52;-1.73:-0.32;-1.71:-0.12;-1.81:0.04;-1.97:0.19;-2.11:0.3;-2.22:0.45;-2.37:0.53;-2.52:0.48;-2.61:0.48;-2.63:0.52;-2.63:0.54,-1.390064:-0.8869242;-1.41823:-0.8805348;-1.448539:-0.8798835;-1.462047:-0.8753226;-1.442709:-0.8740019;-1.469185:-0.8513863;-1.477283:-0.7918164;-1.452478:-0.8205969;-1.473292:-0.8296219;-1.458828:-0.8498242;-1.45217:-0.8278978;-1.421201:-0.8419375
sigma3_hotel_seed42,tril,HOTEL:biwi_hotel:356:16210,HOTEL,biwi_hotel,biwi_hotel:356,16210,3,0.04188147187232971,0.027010582387447357,0.10307764261960983,0.28028246760368347,1.062535047531128,12.989176750183105,1.25,0.35:0.2;0.18:0.38;0.24:0.32;0.27:0.14;0.33:0.1;0.21:0.16;0.23:0.15;0.22:0.19,0.22:0.14;0.22:0.15;0.24:0.13;0.24:0.16;0.27:0.18;0.28:0.18;0.3:0.18;0.26:0.13;0.22:0.15;0.24:0.15;0.24:0.17;0.24:0.17,0.2203143:0.1898277;0.2190753:0.183042;0.2186181:0.1860765;0.2131404:0.1733196;0.2195691:0.1731476;0.2215811:0.1774472;0.2196125:0.1969883;0.2146102:0.1702298;0.2168224:0.1494116;0.2160826:0.1575651;0.2227869:0.1560011;0.2170669:0.1557295
sigma3_hotel_seed42,tril,HOTEL:biwi_hotel:361:16210,HOTEL,biwi_hotel,biwi_hotel:361,16210,3,0.2958137094974518,0.4254401624202728,0.27613401412963867,0.07259096950292587,0.26751941442489624,2.9539527893066406,0.125,-0.89:-6.71;-0.89:-6.71;-0.89:-6.71;-0.89:-6.71;-0.89:-6.71;-0.87:-6.64;-0.85:-6.64;-0.86:-6.75,-0.86:-6.83;-0.85:-6.88;-0.71:-6.73;-0.66:-6.64;-0.71:-6.7;-0.72:-6.71;-0.72:-6.71;-0.72:-6.71;-0.72:-6.71;-0.72:-6.71;-0.72:-6.71;-0.72:-6.71,-0.861742:-6.756597;-0.8901621:-6.748889;-0.9309905:-6.738985;-0.9770326:-6.76327;-0.9844172:-6.754632;-1.014166:-6.719225;-1.035656:-6.653328;-1.04982:-6.700866;-1.063852:-6.722763;-1.117772:-6.717804;-1.104281:-6.676377;-1.145131:-6.69378
sigma3_hotel_seed42,tril,HOTEL:biwi_hotel:369:16210,HOTEL,biwi_hotel,biwi_hotel:369,16210,3,0.04000724479556084,0.05026058480143547,0.0,0.0,0.0,0.0,1.0,-0.59:2.83;-0.59:2.83;-0.59:2.83;-0.59:2.83;-0.59:2.83;-0.59:2.83;-0.59:2.83;-0.59:2.83,-0.59:2.83;-0.59:2.83;-0.59:2.83;-0.59:2.83;-0.61:2.85;-0.63:2.85;-0.64:2.86;-0.67:2.82;-0.67:2.82;-0.67:2.82;-0.67:2.82;-0.65:2.84,-0.5871993:2.832305;-0.5909182:2.831681;-0.5944195:2.83498;-0.5991753:2.835084;-0.6058756:2.831333;-0.5984325:2.832928;-0.6030166:2.818329;-0.6077486:2.832769;-0.5933854:2.833874;-0.597564:2.839807;-0.5919632:2.83721;-0.5998695:2.843614
sigma3_hotel_seed42,tril,HOTEL:biwi_hotel:371:16210,HOTEL,biwi_hotel,biwi_hotel:371,16210,3,0.0505569726228714,0.18218223750591278,0.0,0.0,0.0,0.0,1.0,-0.66:3.35;-0.66:3.35;-0.66:3.35;-0.66:3.35;-0.66:3.35;-0.66:3.35;-0.66:3.35;-0.66:3.35,-0.66:3.35;-0.66:3.35;-0.66:3.35;-0.66:3.35;-0.66:3.35;-0.67:3.35;-0.69:3.35;-0.71:3.34;-0.72:3.34;-0.72:3.34;-0.78:3.18;-0.75:3.2,-0.6571994:3.352305;-0.6609183:3.351681;-0.6644196:3.35498;-0.6691753:3.355084;-0.6758756:3.351333;-0.6684325:3.352928;-0.6730166:3.338329;-0.6777487:3.352769;-0.6633855:3.353874;-0.667564:3.359807;-0.6619632:3.35721;-0.6698695:3.363614
sigma3_hotel_seed42,tril,HOTEL:biwi_hotel:378:16210,HOTEL,biwi_hotel,biwi_hotel:378,16210,3,0.9010701775550842,1.411925196647644,1.140175461769104,0.634838879108429,1.3671268224716187,3.8897647857666016,0.75,-1.14:-1.97;-1.15:-1.8;-1.4:-1.49;-1.58:-1.34;-1.45:-1.2;-1.41:-1.01;-1.38:-0.88;-1.66:-0.52,-1.73:-0.32;-1.71:-0.12;-1.81:0.04;-1.97:0.19;-2.11:0.3;-2.22:0.45;-2.37:0.53;-2.52:0.48;-2.61:0.48;-2.63:0.52;-2.63:0.54;-2.63:0.56,-1.760503:-0.5367414;-1.900514:-0.561196;-2.019824:-0.5083188;-2.110599:-0.5553278;-2.279243:-0.5779623;-2.413172:-0.5118574;-2.569446:-0.2903042;-2.71592:-0.5884287;-2.921596:-0.6069586;-3.127569:-0.5713891;-3.262521:-0.5033013;-3.402133:-0.6220929
sigma3_hotel_seed42,tril,HOTEL:biwi_hotel:356:16220,HOTEL,biwi_hotel,biwi_hotel:356,16220,3,0.06620923429727554,0.11308319866657257,0.125,0.20971518754959106,0.8105959296226501,12.772761344909668,1.0,0.18:0.38;0.24:0.32;0.27:0.14;0.33:0.1;0.21:0.16;0.23:0.15;0.22:0.19;0.22:0.14,0.22:0.15;0.24:0.13;0.24:0.16;0.27:0.18;0.28:0.18;0.3:0.18;0.26:0.13;0.22:0.15;0.24:0.15;0.24:0.17;0.24:0.17;0.22:0.08,0.2253367:0.1381793;0.2282313:0.1296992;0.2367108:0.1292865;0.2369637:0.1153732;0.2649691:0.1155736;0.2715705:0.1181809;0.2797934:0.15;0.2881016:0.1141895;0.2886061:0.08152156;0.3084725:0.08459768;0.3182338:0.07835457;0.3330756:0.08131218
sigma3_hotel_seed42,tril,HOTEL:biwi_hotel:361:16220,HOTEL,biwi_hotel,biwi_hotel:361,16220,3,0.25357261300086975,0.29860246181488037,0.20000000298023224,0.1011623963713646,0.3004598021507263,3.0446128845214844,0.125,-0.89:-6.71;-0.89:-6.71;-0.89:-6.71;-0.89:-6.71;-0.87:-6.64;-0.85:-6.64;-0.86:-6.75;-0.86:-6.83,-0.85:-6.88;-0.71:-6.73;-0.66:-6.64;-0.71:-6.7;-0.72:-6.71;-0.72:-6.71;-0.72:-6.71;-0.72:-6.71;-0.72:-6.71;-0.72:-6.71;-0.72:-6.71;-0.72:-6.71,-0.8550934:-6.833983;-0.8817968:-6.826523;-0.9150249:-6.809134;-0.9467688:-6.836639;-0.9495629:-6.827849;-0.9715731:-6.793183;-0.9811342:-6.750935;-0.9828687:-6.772394;-0.9844853:-6.790593;-1.020337:-6.78546;-0.9944554:-6.753378;-1.01342:-6.76539
sigma3_hotel_seed42,tril,HOTEL:biwi_hotel:369:16220,HOTEL,biwi_hotel,biwi_hotel:369,16220,3,0.024458935484290123,0.06897220760583878,0.0,0.0,0.0,0.0,1.0,-0.59:2.83;-0.59:2.83;-0.59:2.83;-0.59:2.83;-0.59:2.83;-0.59:2.83;-0.59:2.83;-0.59:2.83,-0.59:2.83;-0.59:2.83;-0.59:2.83;-0.61:2.85;-0.63:2.85;-0.64:2.86;-0.67:2.82;-0.67:2.82;-0.67:2.82;-0.67:2.82;-0.65:2.84;-0.65:2.84,-0.5920839:2.82999;-0.6031425:2.831204;-0.6139212:2.833085;-0.6275788:2.831935;-0.6459404:2.827183;-0.6452298:2.832946;-0.6593301:2.830055;-0.6793979:2.828074;-0.6699405:2.827999;-0.6894523:2.839287;-0.6920093:2.842704;-0.7187211:2.84588
sigma3_hotel_seed42,tril,HOTEL:biwi_hotel:371:16220,HOTEL,biwi_hotel,biwi_hotel:371,16220,3,0.05403788015246391,0.0826290026307106,0.0,0.0,0.0,0.0,1.0,-0.66:3.35;-0.66:3.35;-0.66:3.35;-0.66:3.35;-0.66:3.35;-0.66:3.35;-0.66:3.35;-0.66:3.35,-0.66:3.35;-0.66:3.35;-0.66:3.35;-0.66:3.35;-0.67:3.35;-0.69:3.35;-0.71:3.34;-0.72:3.34;-0.72:3.34;-0.78:3.18;-0.75:3.2;-0.72:3.32,-0.662084:3.34999;-0.6731426:3.351204;-0.6839212:3.353085;-0.6975788:3.351935;-0.7159405:3.347183;-0.7152299:3.352946;-0.7293301:3.350055;-0.7493979:3.348074;-0.7399405:3.347999;-0.7594523:3.359287;-0.7620093:3.362704;-0.7887211:3.36588
sigma3_hotel_seed42,tril,HOTEL:biwi_hotel:356:16230,HOTEL,biwi_hotel,biwi_hotel:356,16230,3,0.34751617908477783,0.6529850959777832,0.02500000037252903,0.18298204243183136,0.7442489266395569,15.29410457611084,0.875,0.24:0.32;0.27:0.14;0.33:0.1;0.21:0.16;0.23:0.15;0.22:0.19;0.22:0.14;0.22:0.15,0.24:0.13;0.24:0.16;0.27:0.18;0.28:0.18;0.3:0.18;0.26:0.13;0.22:0.15;0.24:0.15;0.24:0.17;0.24:0.17;0.22:0.08;0.24:0.12,0.1861437:0.1516057;0.1397112:0.1532628;0.09310043:0.160821;0.02701642:0.1340396;-0.01908185:0.1564715;-0.0592925:0.1670827;-0.1116532:0.1903121;-0.1793545:0.1676361;-0.2137431:0.139906;-0.2837323:0.1745565;-0.3159597:0.2030635;-0.4047731:0.2232336
sigma3_hotel_seed42,tril,HOTEL:biwi_hotel:361:16230,HOTEL,biwi_hotel,biwi_hotel:361,16230,3,0.19966386258602142,0.1854073852300644,0.12747548520565033,0.11937317997217178,0.3334001898765564,3.2420084476470947,0.125,-0.89:-6.71;-0.89:-6.71;-0.89:-6.71;-0.87:-6.64;-0.85:-6.64;-0.86:-6.75;-0.86:-6.83;-0.85:-6.88,-0.71:-6.73;-0.66:-6.64;-0.71:-6.7;-0.72:-6.71;-0.72:-6.71;-0.72:-6.71;-0.72:-6.71;-0.72:-6.71;-0.72:-6.71;-0.72:-6.71;-0.72:-6.71;-0.72:-6.71,-0.8399937:-6.878712;-0.8462249:-6.883142;-0.8442904:-6.86937;-0.8363584:-6.889522;-0.81249:-6.885388;-0.8094687:-6.874393;-0.7941601:-6.870922;-0.7725019:-6.867178;-0.7608496:-6.88904;-0.7323171:-6.888954;-0.7051396:-6.894734;-0.672178:-6.889134
sigma3_hotel_seed42,tril,HOTEL:biwi_hotel:369:16230,HOTEL,biwi_hotel,biwi_hotel:369,16230,3,0.05089592933654785,0.05999786779284477,0.0,0.0,0.0,0.0,1.0,-0.59:2.83;-0.59:2.83;-0.59:2.83;-0.59:2.83;-0.59:2.83;-0.59:2.83;-0.59:2.83;-0.59:2.83,-0.59:2.83;-0.59:2.83;-0.61:2.85;-0.63:2.85;-0.64:2.86;-0.67:2.82;-0.67:2.82;-0.67:2.82;-0.67:2.82;-0.65:2.84;-0.65:2.84;-0.65:2.84,-0.5878364:2.833002;-0.588868:2.830446;-0.5912578:2.835044;-0.594319:2.832541;-0.5987057:2.831397;-0.5924606:2.832176;-0.5958999:2.820159;-0.5979058:2.831608;-0.5881244:2.831143;-0.5915411:2.836517;-0.5850912:2.83507;-0.5900024:2.839807
sigma3_hotel_seed42,tril,HOTEL:biwi_hotel:371:16230,HOTEL,biwi_hotel,biwi_hotel:371,16230,3,0.06008948013186455,0.06318242102861404,0.0,0.0,0.0,0.0,1.0,-0.66:3.35;-0.66:3.35;-0.66:3.35;-0.66:3.35;-0.66:3.35;-0.66:3.35;-0.66:3.35;-0.66:3.35,-0.66:3.35;-0.66:3.35;-0.66:3.35;-0.67:3.35;-0.69:3.35;-0.71:3.34;-0.72:3.34;-0.72:3.34;-0.78:3.18;-0.75:3.2;-0.72:3.32;-0.72:3.34,-0.6578364:3.353002;-0.6588681:3.350446;-0.6612579:3.355044;-0.6643191:3.352541;-0.6687058:3.351397;-0.6624607:3.352176;-0.6658999:3.340159;-0.6679058:3.351608;-0.6581244:3.351143;-0.6615412:3.356517;-0.6550913:3.35507;-0.6600025:3.359807
sigma3_hotel_seed42,tril,HOTEL:biwi_hotel:356:16240,HOTEL,biwi_hotel,biwi_hotel:356,16240,3,0.2637886106967926,0.5899205803871155,0.0707106813788414,0.12791110575199127,0.6326627731323242,16.83265495300293,0.625,0.27:0.14;0.33:0.1;0.21:0.16;0.23:0.15;0.22:0.19;0.22:0.14;0.22:0.15;0.24:0.13,0.24:0.16;0.27:0.18;0.28:0.18;0.3:0.18;0.26:0.13;0.22:0.15;0.24:0.15;0.24:0.17;0.24:0.17;0.22:0.08;0.24:0.12;0.22:0.13,0.2689207:0.1298047;0.2954251:0.1272556;0.3290476:0.1262565;0.3762165:0.1283334;0.42287:0.1133934;0.4588715:0.1161494;0.50944:0.09675357;0.5588934:0.1124334;0.6033497:0.1138357;0.6743234:0.0948735;0.7216958:0.06852657;0.8057969:0.06036985
sigma3_hotel_seed42,tril,HOTEL:biwi_hotel:361:16240,HOTEL,biwi_hotel,biwi_hotel:361,16240,3,0.7471654415130615,1.2459406852722168,0.5129570960998535,0.19265276193618774,0.5818764567375183,5.435276508331299,0.125,-0.89:-6.71;-0.89:-6.71;-0.87:-6.64;-0.85:-6.64;-0.86:-6.75;-0.86:-6.83;-0.85:-6.88;-0.71:-6.73,-0.66:-6.64;-0.71:-6.7;-0.72:-6.71;-0.72:-6.71;-0.72:-6.71;-0.72:-6.71;-0.72:-6.71;-0.72:-6.71;-0.72:-6.71;-0.72:-6.71;-0.72:-6.71;-0.72:-6.71,-0.5843236:-6.739331;-0.4343765:-6.749455;-0.3189217:-6.753426;-0.2300739:-6.763734;-0.1291007:-6.80539;-0.01647717:-6.734857;0.109364:-6.65915;0.1931952:-6.7553;0.3270797:-6.787064;0.3867646:-6.78287;0.4900386:-6.779539;0.5204176:-6.827184
sigma3_hotel_seed42,tril,HOTEL:biwi_hotel:369:16240,HOTEL,biwi_hotel,biwi_hotel:369,16240,3,0.041969433426856995,0.07510314881801605,0.0,0.0,0.0,0.0,1.0,-0.59:2.83;-0.59:2.83;-0.59:2.83;-0.59:2.83;-0.59:2.83;-0.59:2.83;-0.59:2.83;-0.59:2.83,-0.59:2.83;-0.61:2.85;-0.63:2.85;-0.64:2.86;-0.67:2.82;-0.67:2.82;-0.67:2.82;-0.67:2.82;-0.65:2.84;-0.65:2.84;-0.65:2.84;-0.6:2.77,-0.5875968:2.831231;-0.5939187:2.830424;-0.5994784:2.832645;-0.6031375:2.838676;-0.6169263:2.829336;-0.6082629:2.831564;-0.6187954:2.818232;-0.6271136:2.827425;-0.6090823:2.833592;-0.6162057:2.83955;-0.6140394:2.836543;-0.6282648:2.839581
sigma3_hotel_seed42,tril,HOTEL:biwi_hotel:371:16240,HOTEL,biwi_hotel,biwi_hotel:371,16240,3,0.05420477315783501,0.07510317116975784,0.0,0.0,0.0,0.0,1.0,-0.66:3.35;-0.66:3.35;-0.66:3.35;-0.66:3.35;-0.66:3.35;-0.66:3.35;-0.66:3.35;-0.66:3.35,-0.66:3.35;-0.66:3.35;-0.67:3.35;-0.69:3.35;-0.71:3.34;-0.72:3.34;-0.72:3.34;-0.78:3.18;-0.75:3.2;-0.72:3.32;-0.72:3.34;-0.67:3.29,-0.6575969:3.351231;-0.6639187:3.350424;-0.6694784:3.352645;-0.6731375:3.358676;-0.6869264:3.349336;-0.6782629:3.351564;-0.6887954:3.338232;-0.6971136:3.347425;-0.6790824:3.353592;-0.6862057:3.35955;-0.6840395:3.356543;-0.6982648:3.359581
sigma3_hotel_seed42,tril,HOTEL:biwi_hotel:356:16250,HOTEL,biwi_hotel,biwi_hotel:356,16250,3,0.07936572283506393,0.12670136988162994,0.07500000298023224,0.11287146061658859,0.4742659330368042,16.171611785888672,0.375,0.33:0.1;0.21:0.16;0.23:0.15;0.22:0.19;0.22:0.14;0.22:0.15;0.24:0.13;0.24:0.16,0.27:0.18;0.28:0.18;0.3:0.18;0.26:0.13;0.22:0.15;0.24:0.15;0.24:0.17;0.24:0.17;0.22:0.08;0.24:0.12;0.22:0.13;0.25:0.12,0.2314707:0.1621725;0.2131314:0.159342;0.2034151:0.1660123;0.189959:0.1478921;0.1852674:0.1592207;0.1766325:0.1633969;0.1680591:0.1627961;0.1516517:0.1603295;0.1447983:0.1416786;0.1447865:0.1554914;0.1426229:0.1589342;0.1351425:0.1734882
sigma3_hotel_seed42,tril,HOTEL:biwi_hotel:361:16250,HOTEL,biwi_hotel,biwi_hotel:361,16250,3,0.5110489726066589,0.873612105846405,0.2573907673358917,0.22942288219928741,0.6187154650688171,5.679106712341309,0.125,-0.89:-6.71;-0.87:-6.64;-0.85:-6.64;-0.86:-6.75;-0.86:-6.83;-0.85:-6.88;-0.71:-6.73;-0.66:-6.64,-0.71:-6.7;-0.72:-6.71;-0.72:-6.71;-0.72:-6.71;-0.72:-6.71;-0.72:-6.71;-0.72:-6.71;-0.72:-6.71;-0.72:-6.71;-0.72:-6.71;-0.72:-6.71;-0.62:-6.81,-0.5913157:-6.639462;-0.5334405:-6.641468;-0.4776772:-6.622492;-0.4081331:-6.639099;-0.334963:-6.649009;-0.2818489:-6.605557;-0.1936936:-6.607273;-0.1077482:-6.590591;-0.03001326:-6.602772;0.05789739:-6.613638;0.1425626:-6.621138;0.2352749:-6.631947
sigma3_hotel_seed42,tril,HOTEL:biwi_hotel:369:16250,HOTEL,biwi_hotel,biwi_hotel:369,16250,3,0.05615866556763649,0.1484460085630417,0.0,0.0,0.0,0.0,1.0,-0.59:2.83;-0.59:2.83;-0.59:2.83;-0.59:2.83;-0.59:2.83;-0.59:2.83;-0.59:2.83;-0.59:2.83,-0.61:2.85;-0.63:2.85;-0.64:2.86;-0.67:2.82;-0.67:2.82;-0.67:2.82;-0.67:2.82;-0.65:2.84;-0.65:2.84;-0.65:2.84;-0.6:2.77;-0.7:2.71,-0.5923544:2.832166;-0.5968402:2.829534;-0.6026767:2.831404;-0.6014719:2.838172;-0.6121507:2.831542;-0.6094732:2.831889;-0.6181893:2.816989;-0.6216974:2.827409;-0.6123812:2.835338;-0.6106684:2.835248;-0.6118187:2.831287;-0.6170403:2.833101
sigma3_hotel_seed42,tril,HOTEL:biwi_hotel:371:16250,HOTEL,biwi_hotel,biwi_hotel:371,16250,3,0.06513514369726181,0.13684703409671783,0.0,0.0,0.0,0.0,1.0,-0.66:3.35;-0.66:3.35;-0.66:3.35;-0.66:3.35;-0.66:3.35;-0.66:3.35;-0.66:3.35;-0.66:3.35,-0.66:3.35;-0.67:3.35;-0.69:3.35;-0.71:3.34;-0.72:3.34;-0.72:3.34;-0.78:3.18;-0.75:3.2;-0.72:3.32;-0.72:3.34;-0.67:3.29;-0.61:3.24,-0.6623544:3.352166;-0.6668403:3.349534;-0.6726768:3.351404;-0.671472:3.358172;-0.6821508:3.351542;-0.6794733:3.351889;-0.6881894:3.336989;-0.6916975:3.347409;-0.6823813:3.355338;-0.6806685:3.355248;-0.6818187:3.351287;-0.6870404:3.353101
sigma3_hotel_seed42,tril,HOTEL:biwi_hotel:380:16250,HOTEL,biwi_hotel,biwi_hotel:380,16250,3,3.6444709300994873,6.641471862792969,1.453444242477417,1.3946930170059204,0.17513082921504974,0.20610129833221436,0.75,1.82:3.63;1.9:3.12;2.01:2.57;2.09:2.01;2.17:1.46;2.24:0.9;2.27:0.34;2.31:-0.24,2.3:-0.81;2.27:-1.36;2.22:-1.94;2.17:-2.53;2.15:-3.09;2.16:-3.68;2.16:-4.28;2.21:-4.88;2.22:-5.48;2.2:-6.05;2.18:-6.65;2.18:-7.23,2.456412:-0.272196;2.441159:-0.3622299;2.47078:-0.196507;2.58342:-0.3817365;2.444035:-0.4224212;2.438448:-0.2760414;2.356479:0.04189368;2.299134:-0.5361288;2.16532:-0.5617943;1.934691:-0.4920018;1.94157:-0.3369155;1.819404:-0.5983246
sigma3_hotel_seed42,tril,HOTEL:biwi_hotel:356:16260,HOTEL,biwi_hotel,biwi_hotel:356,16260,3,0.2900122404098511,0.5984897017478943,0.09013878554105759,0.07783268392086029,0.34415969252586365,14.012811660766602,0.375,0.21:0.16;0.23:0.15;0.22:0.19;0.22:0.14;0.22:0.15;0.24:0.13;0.24:0.16;0.27:0.18,0.28:0.18;0.3:0.18;0.26:0.13;0.22:0.15;0.24:0.15;0.24:0.17;0.24:0.17;0.22:0.08;0.24:0.12;0.22:0.13;0.25:0.12;0.24:0.14,0.2994004:0.1795452;0.324952:0.176719;0.3601833:0.1755422;0.4041046:0.1750568;0.4545788:0.1611702;0.4923482:0.1629142;0.5432525:0.1482952;0.5917546:0.1611607;0.6360749:0.1553913;0.7071342:0.1401494;0.7544271:0.1123821;0.8376487:0.1082841
sigma3_hotel_seed42,tril,HOTEL:biwi_hotel:361:16260,HOTEL,biwi_hotel,biwi_hotel:361,16260,3,0.09457343816757202,0.12395844608545303,0.19525624811649323,0.2313162386417389,0.733587920665741,7.3405632972717285,0.0,-0.87:-6.64;-0.85:-6.64;-0.86:-6.75;-0.86:-6.83;-0.85:-6.88;-0.71:-6.73;-0.66:-6.64;-0.71:-6.7,-0.72:-6.71;-0.72:-6.71;-0.72:-6.71;-0.72:-6.71;-0.72:-6.71;-0.72:-6.71;-0.72:-6.71;-0.72:-6.71;-0.72:-6.71;-0.72:-6.71;-0.62:-6.81;-0.71:-6.72,-0.7141365:-6.702085;-0.7409849:-6.698506;-0.7676126:-6.685709;-0.7877817:-6.703504;-0.7850102:-6.695683;-0.8068855:-6.673012;-0.8152591:-6.644527;-0.812338:-6.654675;-0.820084:-6.671992;-0.8278649:-6.671427;-0.8153102:-6.654332;-0.815909:-6.655587
sigma3_hotel_seed42,tril,HOTEL:biwi_hotel:369:16260,HOTEL,biwi_hotel,biwi_hotel:369,16260,3,0.06518187373876572,0.1820262223482132,0.0707106813788414,0.010101525112986565,0.02946278266608715,0.0,1.0,-0.59:2.83;-0.59:2.83;-0.59:2.83;-0.59:2.83;-0.59:2.83;-0.59:2.83;-0.59:2.83;-0.61:2.85,-0.63:2.85;-0.64:2.86;-0.67:2.82;-0.67:2.82;-0.67:2.82;-0.67:2.82;-0.65:2.84;-0.65:2.84;-0.65:2.84;-0.6:2.77;-0.7:2.71;-0.72:2.67,-0.617709:2.850178;-0.6297765:2.848309;-0.6418355:2.8515;-0.6552499:2.83981;-0.6673404:2.843071;-0.6772815:2.850469;-0.6886533:2.856802;-0.7091645:2.841933;-0.7134979:2.831898;-0.7264739:2.84121;-0.7307016:2.84693;-0.7518221:2.849223
sigma3_hotel_seed42,tril,HOTEL:biwi_hotel:371:16260,HOTEL,biwi_hotel,biwi_hotel:371,16260,3,0.10801147669553757,0.3024519979953766,0.0,0.0,0.0,0.0,1.0,-0.66:3.35;-0.66:3.35;-0.66:3.35;-0.66:3.35;-0.66:3.35;-0.66:3.35;-0.66:3.35;-0.66:3.35,-0.67:3.35;-0.69:3.35;-0.71:3.34;-0.72:3.34;-0.72:3.34;-0.78:3.18;-0.75:3.2;-0.72:3.32;-0.72:3.34;-0.67:3.29;-0.61:3.24;-0.6:3.24,-0.6687458:3.348803;-0.683485:3.351152;-0.7001633:3.351702;-0.7211317:3.345941;-0.7438343:3.344807;-0.7531717:3.353587;-0.7710198:3.361567;-0.8008:3.346786;-0.8018633:3.342942;-0.8303423:3.355839;-0.8389122:3.364833;-0.8752007:3.365466
sigma3_hotel_seed42,tril,HOTEL:biwi_hotel:380:16260,HOTEL,biwi_hotel,biwi_hotel:380,16260,3,3.82558274269104,7.0744171142578125,1.4252192974090576,1.4139256477355957,0.17616227269172668,0.25069910287857056,0.75,1.9:3.12;2.01:2.57;2.09:2.01;2.17:1.46;2.24:0.9;2.27:0.34;2.31:-0.24;2.3:-0.81,2.27:-1.36;2.22:-1.94;2.17:-2.53;2.15:-3.09;2.16:-3.68;2.16:-4.28;2.21:-4.88;2.22:-5.48;2.2:-6.05;2.18:-6.65;2.18:-7.23;2.12:-7.86,2.255486:-0.8345129;2.064056:-0.9031634;1.926013:-0.7597787;1.870706:-0.8908626;1.601354:-0.9359091;1.453413:-0.8106683;1.228658:-0.5153169;1.045264:-1.015258;0.782831:-1.018608;0.4557194:-0.9659947;0.3243672:-0.8374807;0.1243389:-1.072901
sigma3_hotel_seed42,tril,HOTEL:biwi_hotel:356:16270,HOTEL,biwi_hotel,biwi_hotel:356,16270,3,0.15277238190174103,0.30826956033706665,0.02500000037252903,0.07341815531253815,0.3128834068775177,12.321392059326172,0.25,0.23:0.15;0.22:0.19;0.22:0.14;0.22:0.15;0.24:0.13;0.24:0.16;0.27:0.18;0.28:0.18,0.3:0.18;0.26:0.13;0.22:0.15;0.24:0.15;0.24:0.17;0.24:0.17;0.22:0.08;0.24:0.12;0.22:0.13;0.25:0.12;0.24:0.14;0.22:0.13,0.2887596:0.1795404;0.2954565:0.1814402;0.3084471:0.1775163;0.3290481:0.183031;0.3454098:0.1727151;0.3634957:0.1745545;0.3862218:0.1595687;0.4018846:0.1717554;0.4282348:0.1759585;0.4653412:0.1696251;0.4857584:0.154242;0.5273909:0.1532584
sigma3_hotel_seed42,tril,HOTEL:biwi_hotel:361:16270,HOTEL,biwi_hotel,biwi_hotel:361,16270,3,0.18530046939849854,0.4140383005142212,0.0353553406894207,0.22922413051128387,0.6815188527107239,5.769766807556152,0.0,-0.85:-6.64;-0.86:-6.75;-0.86:-6.83;-0.85:-6.88;-0.71:-6.73;-0.66:-6.64;-0.71:-6.7;-0.72:-6.71,-0.72:-6.71;-0.72:-6.71;-0.72:-6.71;-0.72:-6.71;-0.72:-6.71;-0.72:-6.71;-0.72:-6.71;-0.72:-6.71;-0.72:-6.71;-0.62:-6.81;-0.71:-6.72;-0.65:-6.8,-0.7399793:-6.707557;-0.7641791:-6.714284;-0.7891064:-6.708265;-0.82525:-6.729832;-0.8439374:-6.715801;-0.8670776:-6.711005;-0.8976409:-6.693434;-0.9339569:-6.717585;-0.9546436:-6.745092;-0.9860191:-6.726257;-1.002384:-6.714492;-1.052157:-6.701523
sigma3_hotel_seed42,tril,HOTEL:biwi_hotel:369:16270,HOTEL,biwi_hotel,biwi_hotel:369,16270,3,0.13424821197986603,0.36961767077445984,0.05000000074505806,0.017244381830096245,0.0502961166203022,0.7853981852531433,1.0,-0.59:2.83;-0.59:2.83;-0.59:2.83;-0.59:2.83;-0.59:2.83;-0.59:2.83;-0.61:2.85;-0.63:2.85,-0.64:2.86;-0.67:2.82;-0.67:2.82;-0.67:2.82;-0.67:2.82;-0.65:2.84;-0.65:2.84;-0.65:2.84;-0.6:2.77;-0.7:2.71;-0.72:2.67;-0.57:2.7,-0.6454998:2.849998;-0.6647654:2.848697;-0.6854064:2.851731;-0.7078551:2.840919;-0.7324165:2.845641;-0.751105:2.853398;-0.7744038:2.862962;-0.8074565:2.843598;-0.8207973:2.834942;-0.8474541:2.847906;-0.8632666:2.858469;-0.9023654:2.861711
sigma3_hotel_seed42,tril,HOTEL:biwi_hotel:371:16270,HOTEL,biwi_hotel,biwi_hotel:371,16270,3,0.09482970088720322,0.20178057253360748,0.02500000037252903,0.0035714285913854837,0.010416666977107525,0.0,1.0,-0.66:3.35;-0.66:3.35;-0.66:3.35;-0.66:3.35;-0.66:3.35;-0.66:3.35;-0.66:3.35;-0.67:3.35,-0.69:3.35;-0.71:3.34;-0.72:3.34;-0.72:3.34;-0.78:3.18;-0.75:3.2;-0.72:3.32;-0.72:3.34;-0.67:3.29;-0.61:3.24;-0.6:3.24;-0.6:3.24,-0.669597:3.350667;-0.678924:3.350992;-0.6871569:3.353294;-0.6964118:3.355679;-0.7131438:3.348758;-0.7080684:3.352585;-0.7210522:3.34376;-0.7359068:3.348327;-0.721967:3.351267;-0.7360504:3.360756;-0.7367342:3.361099;-0.7582624:3.365174
sigma3_hotel_seed42,tril,HOTEL:biwi_hotel:380:16270,HOTEL,biwi_hotel,biwi_hotel:380,16270,3,3.927466630935669,7.2098612785339355,1.3770439624786377,1.4103275537490845,0.1726846694946289,0.23215000331401825,0.625,2.01:2.57;2.09:2.01;2.17:1.46;2.24:0.9;2.27:0.34;2.31:-0.24;2.3:-0.81;2.27:-1.36,2.22:-1.94;2.17:-2.53;2.15:-3.09;2.16:-3.68;2.16:-4.28;2.21:-4.88;2.22:-5.48;2.2:-6.05;2.18:-6.65;2.18:-7.23;2.12:-7.86;2.14:-8.41,2.18163:-1.38053;1.973149:-1.440053;1.811474:-1.314263;1.719405:-1.418897;1.430348:-1.470598;1.262057:-1.344874;1.024976:-1.068446;0.8131164:-1.527219;0.5442382:-1.52666;0.2128735:-1.475951;0.04728675:-1.36567;-0.1747725:-1.581829
sigma3_hotel_seed42,tril,HOTEL:biwi_hotel:356:16280,HOTEL,biwi_hotel,biwi_hotel:356,16280,3,0.2514428198337555,0.4337941110134125,0.05000000074505806,0.06583563983440399,0.2289731353521347,9.42477798461914,0.125,0.22:0.19;0.22:0.14;0.22:0.15;0.24:0.13;0.24:0.16;0.27:0.18;0.28:0.18;0.3:0.18,0.26:0.13;0.22:0.15;0.24:0.15;0.24:0.17;0.24:0.17;0.22:0.08;0.24:0.12;0.22:0.13;0.25:0.12;0.24:0.14;0.22:0.13;0.27:0.14,0.3231837:0.1789521;0.3364272:0.1788346;0.3620627:0.1805963;0.3928434:0.1729689;0.4283613:0.1643811;0.4544896:0.1697633;0.4939452:0.1557542;0.5232493:0.1668521;0.5568572:0.1576585;0.6099334:0.151746;0.6441962:0.13122;0.7037488:0.1337263
sigma3_hotel_seed42,tril,HOTEL:biwi_hotel:361:16280,HOTEL,biwi_hotel,biwi_hotel:361,16280,3,0.2640172839164734,0.5025033950805664,0.0,0.18977642059326172,0.6633098721504211,5.679106712341309,0.0,-0.86:-6.75;-0.86:-6.83;-0.85:-6.88;-0.71:-6.73;-0.66:-6.64;-0.71:-6.7;-0.72:-6.71;-0.72:-6.71,-0.72:-6.71;-0.72:-6.71;-0.72:-6.71;-0.72:-6.71;-0.72:-6.71;-0.72:-6.71;-0.72:-6.71;-0.72:-6.71;-0.62:-6.81;-0.71:-6.72;-0.65:-6.8;-0.71:-6.72,-0.7524475:-6.709993;-0.7798418:-6.708726;-0.8187333:-6.715741;-0.8705117:-6.716188;-0.9086998:-6.71223;-0.9366963:-6.707751;-0.9814467:-6.683322;-1.034581:-6.711051;-1.053022:-6.720775;-1.10913:-6.704957;-1.136839:-6.688149;-1.211265:-6.68474
sigma3_hotel_seed42,tril,HOTEL:biwi_hotel:369:16280,HOTEL,biwi_hotel,biwi_hotel:369,16280,3,0.09575954079627991,0.21274931728839874,0.0353553406894207,0.022295145317912102,0.06502750515937805,1.5707963705062866,1.0,-0.59:2.83;-0.59:2.83;-0.59:2.83;-0.59:2.83;-0.59:2.83;-0.61:2.85;-0.63:2.85;-0.64:2.86,-0.67:2.82;-0.67:2.82;-0.67:2.82;-0.67:2.82;-0.65:2.84;-0.65:2.84;-0.65:2.84;-0.6:2.77;-0.7:2.71;-0.72:2.67;-0.57:2.7;-0.56:2.7,-0.6488824:2.860659;-0.6543351:2.857112;-0.6649507:2.857001;-0.6675798:2.858483;-0.6781654:2.853929;-0.6852853:2.858275;-0.6949118:2.859468;-0.704372:2.84886;-0.7033395:2.850926;-0.7053697:2.849107;-0.707789:2.848763;-0.7174481:2.843082
sigma3_hotel_seed42,tril,HOTEL:biwi_hotel:371:16280,HOTEL,biwi_hotel,biwi_hotel:371,16280,3,0.2065168172121048,0.45605480670928955,0.05000000074505806,0.010714286006987095,0.02083333395421505,0.0,1.0,-0.66:3.35;-0.66:3.35;-0.66:3.35;-0.66:3.35;-0.66:3.35;-0.66:3.35;-0.67:3.35;-0.69:3.35,-0.71:3.34;-0.72:3.34;-0.72:3.34;-0.78:3.18;-0.75:3.2;-0.72:3.32;-0.72:3.34;-0.67:3.29;-0.61:3.24;-0.6:3.24;-0.6:3.24;-0.6:3.24,-0.7076531:3.34966;-0.7320631:3.349237;-0.7565227:3.353531;-0.7869762:3.337435;-0.8164235:3.345803;-0.8395543:3.355198;-0.8678468:3.368685;-0.9099543:3.345303;-0.9286539:3.331855;-0.9651836:3.350554;-0.9856935:3.365498;-1.036508:3.372087
sigma3_hotel_seed42,tril,HOTEL:biwi_hotel:380:16280,HOTEL,biwi_hotel,biwi_hotel:380,16280,3,3.9773473739624023,7.4061126708984375,1.4553779363632202,1.4162081480026245,0.19982582330703735,0.26110830903053284,0.375,2.09:2.01;2.17:1.46;2.24:0.9;2.27:0.34;2.31:-0.24;2.3:-0.81;2.27:-1.36;2.22:-1.94,2.17:-2.53;2.15:-3.09;2.16:-3.68;2.16:-4.28;2.21:-4.88;2.22:-5.48;2.2:-6.05;2.18:-6.65;2.18:-7.23;2.12:-7.86;2.14:-8.41;2.05:-9.18,2.125111:-1.960591;1.905005:-2.028726;1.731023:-1.890586;1.635173:-2.005521;1.320367:-2.061549;1.139063:-1.926064;0.8828501:-1.630417;0.6555279:-2.12951;0.3657635:-2.125683;0.004623175:-2.07349;-0.1700075:-1.954211;-0.4112754:-2.194829
sigma3_hotel_seed42,tril,HOTEL:biwi_hotel:356:16290,HOTEL,biwi_hotel,biwi_hotel:356,16290,3,0.17950530350208282,0.3273482918739319,0.16007810831069946,0.0708467960357666,0.24782989919185638,8.528722763061523,0.125,0.22:0.14;0.22:0.15;0.24:0.13;0.24:0.16;0.27:0.18;0.28:0.18;0.3:0.18;0.26:0.13,0.22:0.15;0.24:0.15;0.24:0.17;0.24:0.17;0.22:0.08;0.24:0.12;0.22:0.13;0.25:0.12;0.24:0.14;0.22:0.13;0.27:0.14;0.24:0.15,0.2418404:0.1289539;0.2046286:0.1324211;0.1651942:0.1427;0.1228267:0.1226407;0.1050786:0.1367932;0.07199326:0.1564385;0.04261409:0.188609;0.01759523:0.1704691;-0.003881216:0.1497622;-0.04028162:0.1618145;-0.04631263:0.1873432;-0.08461717:0.1921973
sigma3_hotel_seed42,tril,HOTEL:biwi_hotel:361:16290,HOTEL,biwi_hotel,biwi_hotel:361,16290,3,0.1274181753396988,0.26894474029541016,0.0,0.161204993724823,0.6303694844245911,5.481711387634277,0.0,-0.86:-6.83;-0.85:-6.88;-0.71:-6.73;-0.66:-6.64;-0.71:-6.7;-0.72:-6.71;-0.72:-6.71;-0.72:-6.71,-0.72:-6.71;-0.72:-6.71;-0.72:-6.71;-0.72:-6.71;-0.72:-6.71;-0.72:-6.71;-0.72:-6.71;-0.62:-6.81;-0.71:-6.72;-0.65:-6.8;-0.71:-6.72;-0.65:-6.75,-0.7337536:-6.710211;-0.7456476:-6.708935;-0.7639024:-6.712575;-0.7851866:-6.712587;-0.8039088:-6.714817;-0.8136238:-6.709181;-0.8308364:-6.700655;-0.8562505:-6.714096;-0.8557825:-6.716191;-0.8788176:-6.709229;-0.8847697:-6.703381;-0.9152313:-6.705462
sigma3_hotel_seed42,tril,HOTEL:biwi_hotel:369:16290,HOTEL,biwi_hotel,biwi_hotel:369,16290,3,0.2925783097743988,0.5563536882400513,0.125,0.04015228897333145,0.12112297117710114,3.28348970413208,1.0,-0.59:2.83;-0.59:2.83;-0.59:2.83;-0.59:2.83;-0.61:2.85;-0.63:2.85;-0.64:2.86;-0.67:2.82,-0.67:2.82;-0.67:2.82;-0.67:2.82;-0.65:2.84;-0.65:2.84;-0.65:2.84;-0.6:2.77;-0.7:2.71;-0.72:2.67;-0.57:2.7;-0.56:2.7;-0.67:2.66,-0.7028255:2.820594;-0.7399893:2.817858;-0.7753484:2.818672;-0.8302772:2.801118;-0.8624539:2.817339;-0.8941827:2.820158;-0.9413414:2.852098;-0.9983796:2.817575;-1.032843:2.786575;-1.083438:2.81561;-1.119076:2.833965;-1.191768:2.8531
sigma3_hotel_seed42,tril,HOTEL:biwi_hotel:371:16290,HOTEL,biwi_hotel,biwi_hotel:371,16290,3,0.15680672228336334,0.28536197543144226,0.055901698768138885,0.018700242042541504,0.03125,0.46364760398864746,1.0,-0.66:3.35;-0.66:3.35;-0.66:3.35;-0.66:3.35;-0.66:3.35;-0.67:3.35;-0.69:3.35;-0.71:3.34,-0.72:3.34;-0.72:3.34;-0.78:3.18;-0.75:3.2;-0.72:3.32;-0.72:3.34;-0.67:3.29;-0.61:3.24;-0.6:3.24;-0.6:3.24;-0.6:3.24;-0.6:3.24,-0.723641:3.341424;-0.736149:3.336262;-0.7509868:3.339461;-0.7580663:3.335605;-0.7751321:3.336478;-0.78945:3.340515;-0.8066461:3.341201;-0.8240444:3.329019;-0.8332175:3.327199;-0.8399196:3.330232;-0.8511463:3.333144;-0.8698735:3.332735
sigma3_hotel_seed42,tril,HOTEL:biwi_hotel:380:16290,HOTEL,biwi_hotel,biwi_hotel:380,16290,3,3.9761524200439453,7.363016605377197,1.4802870750427246,1.4291821718215942,0.1955111026763916,0.24247226119041443,0.125,2.17:1.46;2.24:0.9;2.27:0.34;2.31:-0.24;2.3:-0.81;2.27:-1.36;2.22:-1.94;2.17:-2.53,2.15:-3.09;2.16:-3.68;2.16:-4.28;2.21:-4.88;2.22:-5.48;2.2:-6.05;2.18:-6.65;2.18:-7.23;2.12:-7.86;2.14:-8.41;2.05:-9.18;1.98:-9.78,2.095287:-2.552739;1.876018:-2.625188;1.707996:-2.475278;1.627725:-2.605214;1.318377:-2.657268;1.142842:-2.52192;0.8873161:-2.216354;0.672951:-2.736339;0.3819668:-2.732857;0.01802945:-2.680654;-0.1398458:-2.550064;-0.3703973:-2.802203
sigma3_hotel_seed42,tril,HOTEL:biwi_hotel:382:16290,HOTEL,biwi_hotel,biwi_hotel:382,16290,3,3.105386734008789,5.846996784210205,1.175265908241272,1.0786011219024658,0.6252555847167969,0.6036142110824585,2.0,3.29:-10.05;3.26:-9.71;3.24:-9.32;3.31:-8.94;3.41:-8.38;3.42:-7.97;3.47:-7.52;3.48:-7.05,3.4:-6.57;3.29:-6.11;3.16:-5.63;3.04:-5.18;3.05:-4.71;3.06:-4.28;3:-3.8;2.98:-3.33;2.94:-2.83;2.86:-2.33;2.83:-1.85;2.8:-1.41,3.451732:-7.073393;3.343025:-7.11795;3.269897:-7.025502;3.248104:-7.119818;3.079337:-7.146719;2.981679:-7.048385;2.849295:-6.80169;2.726032:-7.183555;2.534682:-7.202578;2.326321:-7.149283;2.226264:-7.052734;2.098034:-7.214706
sigma3_hotel_seed42,tril,HOTEL:biwi_hotel:383:16290,HOTEL,biwi_hotel,biwi_hotel:383,16290,3,3.239816904067993,6.0787248611450195,1.125,1.1314595937728882,0.4823248088359833,0.7107598185539246,1.875,3.84:-10.31;3.92:-9.78;3.93:-9.32;3.92:-8.92;3.93:-8.46;3.83:-8.04;3.83:-7.61;3.83:-7.16,3.84:-6.65;3.78:-6.09;3.81:-5.75;3.76:-5.26;3.76:-4.78;3.71:-4.27;3.7:-3.75;3.69:-3.22;3.68:-2.73;3.46:-2.26;3.64:-1.77;3.43:-1.28,3.836553:-7.184275;3.770874:-7.230003;3.737588:-7.140158;3.748877:-7.237989;3.609879:-7.266111;3.545257:-7.160985;3.451218:-6.919895;3.351101:-7.300792;3.194451:-7.325434;3.017091:-7.266255;2.939174:-7.171797;2.826376:-7.32868
sigma3_hotel_seed42,tril,HOTEL:biwi_hotel:356:16300,HOTEL,biwi_hotel,biwi_hotel:356,16300,3,0.28148114681243896,0.5720473527908325,0.11180339753627777,0.08324728161096573,0.28318873047828674,7.532230854034424,0.125,0.22:0.15;0.24:0.13;0.24:0.16;0.27:0.18;0.28:0.18;0.3:0.18;0.26:0.13;0.22:0.15,0.24:0.15;0.24:0.17;0.24:0.17;0.22:0.08;0.24:0.12;0.22:0.13;0.25:0.12;0.24:0.14;0.22:0.13;0.27:0.14;0.24:0.15;0.27:0.16,0.1883949:0.1506249;0.153378:0.1474266;0.1175166:0.1477644;0.06054732:0.1288284;0.02959289:0.14497;-0.002098978:0.1487891;-0.04879621:0.1825303;-0.1059988:0.1453331;-0.1387482:0.1130101;-0.192495:0.1409239;-0.2255127:0.1602239;-0.3017803:0.1774774
sigma3_hotel_seed42,tril,HOTEL:biwi_hotel:361:16300,HOTEL,biwi_hotel,biwi_hotel:361,16300,3,0.07793646305799484,0.21833312511444092,0.0,0.1429942101240158,0.38189321756362915,3.2884433269500732,0.0,-0.85:-6.88;-0.71:-6.73;-0.66:-6.64;-0.71:-6.7;-0.72:-6.71;-0.72:-6.71;-0.72:-6.71;-0.72:-6.71,-0.72:-6.71;-0.72:-6.71;-0.72:-6.71;-0.72:-6.71;-0.72:-6.71;-0.72:-6.71;-0.62:-6.81;-0.71:-6.72;-0.65:-6.8;-0.71:-6.72;-0.65:-6.75;-0.59:-6.78,-0.7191408:-6.70998;-0.7330222:-6.707059;-0.7356919:-6.702029;-0.7461143:-6.71867;-0.755291:-6.712206;-0.7529707:-6.705562;-0.7549312:-6.710292;-0.7758733:-6.710608;-0.7718762:-6.722093;-0.7796261:-6.702313;-0.7776704:-6.697217;-0.7866423:-6.685126
sigma3_hotel_seed42,tril,HOTEL:biwi_hotel:369:16300,HOTEL,biwi_hotel,biwi_hotel:369,16300,3,0.1256764978170395,0.21402829885482788,0.0,0.04015228897333145,0.17320631444454193,3.28348970413208,1.0,-0.59:2.83;-0.59:2.83;-0.59:2.83;-0.61:2.85;-0.63:2.85;-0.64:2.86;-0.67:2.82;-0.67:2.82,-0.67:2.82;-0.67:2.82;-0.65:2.84;-0.65:2.84;-0.65:2.84;-0.6:2.77;-0.7:2.71;-0.72:2.67;-0.57:2.7;-0.56:2.7;-0.67:2.66;-0.68:2.64,-0.678811:2.820148;-0.6927598:2.820693;-0.7027352:2.821387;-0.7148018:2.813952;-0.7255585:2.815989;-0.732201:2.820805;-0.741003:2.820818;-0.7610991:2.815279;-0.7618015:2.807024;-0.7674813:2.817089;-0.7726308:2.818484;-0.7863843:2.825716
sigma3_hotel_seed42,tril,HOTEL:biwi_hotel:371:16300,HOTEL,biwi_hotel,biwi_hotel:371,16300,3,0.16316401958465576,0.20178870856761932,0.02500000037252903,0.022271672263741493,0.04598139226436615,0.9272952079772949,1.0,-0.66:3.35;-0.66:3.35;-0.66:3.35;-0.66:3.35;-0.67:3.35;-0.69:3.35;-0.71:3.34;-0.72:3.34,-0.72:3.34;-0.78:3.18;-0.75:3.2;-0.72:3.32;-0.72:3.34;-0.67:3.29;-0.61:3.24;-0.6:3.24;-0.6:3.24;-0.6:3.24;-0.6:3.24;-0.67:3.27,-0.7298087:3.339996;-0.7397742:3.338458;-0.7530997:3.339262;-0.7632476:3.335809;-0.7787861:3.334175;-0.7884898:3.340521;-0.8014855:3.345239;-0.8200898:3.331503;-0.8223735:3.329731;-0.8347878:3.334525;-0.8405167:3.338512;-0.8607565:3.335808
sigma3_hotel_seed42,tril,HOTEL:biwi_hotel:382:16300,HOTEL,biwi_hotel,biwi_hotel:382,16300,3,3.1138134002685547,5.915450096130371,1.216552495956421,1.1304939985275269,0.6664677262306213,0.7532660961151123,2.0,3.26:-9.71;3.24:-9.32;3.31:-8.94;3.41:-8.38;3.42:-7.97;3.47:-7.52;3.48:-7.05;3.4:-6.57,3.29:-6.11;3.16:-5.63;3.04:-5.18;3.05:-4.71;3.06:-4.28;3:-3.8;2.98:-3.33;2.94:-2.83;2.86:-2.33;2.83:-1.85;2.8:-1.41;2.79:-0.92,3.280016:-6.585232;3.092155:-6.605691;2.936534:-6.542984;2.813887:-6.582927;2.601263:-6.617936;2.445903:-6.541246;2.252781:-6.335176;2.075697:-6.618284;1.859842:-6.623549;1.61948:-6.58941;1.460631:-6.522949;1.289927:-6.642091
sigma3_hotel_seed42,tril,HOTEL:biwi_hotel:383:16300,HOTEL,biwi_hotel,biwi_hotel:383,16300,3,3.217787027359009,6.020232677459717,1.2752450704574585,1.122207522392273,0.4425671696662903,0.6022884249687195,1.875,3.92:-9.78;3.93:-9.32;3.92:-8.92;3.93:-8.46;3.83:-8.04;3.83:-7.61;3.83:-7.16;3.84:-6.65,3.78:-6.09;3.81:-5.75;3.76:-5.26;3.76:-4.78;3.71:-4.27;3.7:-3.75;3.69:-3.22;3.68:-2.73;3.46:-2.26;3.64:-1.77;3.43:-1.28;3.36:-0.84,3.862381:-6.675206;3.800045:-6.726188;3.772095:-6.626597;3.794003:-6.734932;3.65321:-6.764666;3.594232:-6.654878;3.49927:-6.404447;3.403373:-6.809108;3.248142:-6.833287;3.062331:-6.773242;2.994038:-6.671103;2.879218:-6.841004
sigma3_hotel_seed42,tril,HOTEL:biwi_hotel:356:16310,HOTEL,biwi_hotel,biwi_hotel:356,16310,3,0.18423642218112946,0.36166661977767944,0.05000000074505806,0.0802886113524437,0.292974054813385,7.8539814949035645,0.125,0.24:0.13;0.24:0.16;0.27:0.18;0.28:0.18;0.3:0.18;0.26:0.13;0.22:0.15;0.24:0.15,0.24:0.17;0.24:0.17;0.22:0.08;0.24:0.12;0.22:0.13;0.25:0.12;0.24:0.14;0.22:0.13;0.27:0.14;0.24:0.15;0.27:0.16;0.29:0.14,0.2581372:0.1503918;0.2759182:0.1479181;0.2985128:0.1462966;0.3337297:0.1501938;0.3658676:0.1379011;0.3916276:0.1396259;0.4270864:0.1222904;0.4621179:0.1352533;0.4961871:0.1383071;0.5515352:0.1232684;0.5857947:0.1022508;0.6489965:0.09613365
sigma3_hotel_seed42,tril,HOTEL:biwi_hotel:361:16310,HOTEL,biwi_hotel,biwi_hotel:361,16310,3,0.07626311480998993,0.09109151363372803,0.0,0.06971462070941925,0.2692197263240814,3.0446128845214844,0.0,-0.71:-6.73;-0.66:-6.64;-0.71:-6.7;-0.72:-6.71;-0.72:-6.71;-0.72:-6.71;-0.72:-6.71;-0.72:-6.71,-0.72:-6.71;-0.72:-6.71;-0.72:-6.71;-0.72:-6.71;-0.72:-6.71;-0.62:-6.81;-0.71:-6.72;-0.65:-6.8;-0.71:-6.72;-0.65:-6.75;-0.59:-6.78;-0.7:-6.71,-0.7159085:-6.709322;-0.7274237:-6.708648;-0.7314361:-6.702001;-0.7405453:-6.711905;-0.7534415:-6.712014;-0.747734:-6.706226;-0.755207:-6.715018;-0.7721859:-6.711103;-0.7612169:-6.717278;-0.7733796:-6.700414;-0.7712099:-6.69809;-0.7884516:-6.688229
sigma3_hotel_seed42,tril,HOTEL:biwi_hotel:369:16310,HOTEL,biwi_hotel,biwi_hotel:369,16310,3,0.11159468442201614,0.1978689283132553,0.0,0.04015228897333145,0.17320631444454193,3.28348970413208,1.125,-0.59:2.83;-0.59:2.83;-0.61:2.85;-0.63:2.85;-0.64:2.86;-0.67:2.82;-0.67:2.82;-0.67:2.82,-0.67:2.82;-0.65:2.84;-0.65:2.84;-0.65:2.84;-0.6:2.77;-0.7:2.71;-0.72:2.67;-0.57:2.7;-0.56:2.7;-0.67:2.66;-0.68:2.64;-0.7:2.62,-0.674035:2.819288;-0.6774203:2.822512;-0.6812669:2.817111;-0.6827674:2.823101;-0.6874336:2.815345;-0.6830996:2.818823;-0.6817851:2.815096;-0.6892431:2.81552;-0.6751789:2.820043;-0.6709485:2.820852;-0.6655038:2.816532;-0.6619352:2.814173
sigma3_hotel_seed42,tril,HOTEL:biwi_hotel:371:16310,HOTEL,biwi_hotel,biwi_hotel:371,16310,3,0.11390385776758194,0.13175760209560394,0.0,0.022271672263741493,0.05639805644750595,0.9272952079772949,1.125,-0.66:3.35;-0.66:3.35;-0.66:3.35;-0.67:3.35;-0.69:3.35;-0.71:3.34;-0.72:3.34;-0.72:3.34,-0.78:3.18;-0.75:3.2;-0.72:3.32;-0.72:3.34;-0.67:3.29;-0.61:3.24;-0.6:3.24;-0.6:3.24;-0.6:3.24;-0.6:3.24;-0.67:3.27;-0.61:3.24,-0.7180326:3.342424;-0.7206215:3.339638;-0.7224829:3.342045;-0.7187919:3.348794;-0.7257779:3.340782;-0.7163844:3.34036;-0.7214822:3.322711;-0.7211459:3.336732;-0.7044937:3.343611;-0.6990271:3.344895;-0.6942828:3.338211;-0.6942782:3.341278
sigma3_hotel_seed42,tril,HOTEL:biwi_hotel:382:16310,HOTEL,biwi_hotel,biwi_hotel:382,16310,3,3.1524133682250977,5.954409599304199,1.1824233531951904,1.159942865371704,0.6096986532211304,0.5894345641136169,1.875,3.24:-9.32;3.31:-8.94;3.41:-8.38;3.42:-7.97;3.47:-7.52;3.48:-7.05;3.4:-6.57;3.29:-6.11,3.16:-5.63;3.04:-5.18;3.05:-4.71;3.06:-4.28;3:-3.8;2.98:-3.33;2.94:-2.83;2.86:-2.33;2.83:-1.85;2.8:-1.41;2.79:-0.92;2.82:-0.51,3.162647:-6.125016;2.980846:-6.153136;2.82236:-6.086187;2.703059:-6.13303;2.482522:-6.166292;2.318307:-6.087442;2.119278:-5.8581;1.938768:-6.17692;1.705004:-6.182521;1.449942:-6.148362;1.289412:-6.074514;1.112456:-6.214322
sigma3_hotel_seed42,tril,HOTEL:biwi_hotel:383:16310,HOTEL,biwi_hotel,biwi_hotel:383,16310,3,3.212632894515991,6.11652135848999,1.4080127477645874,1.1590276956558228,0.46629393100738525,0.6818988919258118,1.75,3.93:-9.32;3.92:-8.92;3.93:-8.46;3.83:-8.04;3.83:-7.61;3.83:-7.16;3.84:-6.65;3.78:-6.09,3.81:-5.75;3.76:-5.26;3.76:-4.78;3.71:-4.27;3.7:-3.75;3.69:-3.22;3.68:-2.73;3.46:-2.26;3.64:-1.77;3.43:-1.28;3.36:-0.84;3.36:-0.38,3.715379:-6.111977;3.561247:-6.168794;3.441421:-6.05735;3.387769:-6.161564;3.155979:-6.197388;3.015787:-6.086233;2.82762:-5.80765;2.660607:-6.250829;2.416364:-6.260278;2.138635:-6.20884;2.00631:-6.099544;1.831161:-6.302372
sigma3_hotel_seed42,tril,HOTEL:biwi_hotel:356:16320,HOTEL,biwi_hotel,biwi_hotel:356,16320,3,0.07749088853597641,0.16797952353954315,0.05000000074505806,0.07671718299388885,0.28949645161628723,8.441984176635742,0.25,0.24:0.16;0.27:0.18;0.28:0.18;0.3:0.18;0.26:0.13;0.22:0.15;0.24:0.15;0.24:0.17,0.24:0.17;0.22:0.08;0.24:0.12;0.22:0.13;0.25:0.12;0.24:0.14;0.22:0.13;0.27:0.14;0.24:0.15;0.27:0.16;0.29:0.14;0.29:0.08,0.2373435:0.1696361;0.226184:0.1687703;0.218208:0.172571;0.2040935:0.1555223;0.1999211:0.1599316;0.1936902:0.168698;0.1888006:0.1764043;0.1706589:0.1624707;0.1706711:0.1449319;0.1614619:0.1564595;0.162758:0.1603129;0.1460598:0.1665929
sigma3_hotel_seed42,tril,HOTEL:biwi_hotel:361:16320,HOTEL,biwi_hotel,biwi_hotel:361,16320,3,0.14483018219470978,0.2057495415210724,0.0,0.032944511622190475,0.0814305990934372,0.09065988659858704,0.0,-0.66:-6.64;-0.71:-6.7;-0.72:-6.71;-0.72:-6.71;-0.72:-6.71;-0.72:-6.71;-0.72:-6.71;-0.72:-6.71,-0.72:-6.71;-0.72:-6.71;-0.72:-6.71;-0.72:-6.71;-0.62:-6.81;-0.71:-6.72;-0.65:-6.8;-0.71:-6.72;-0.65:-6.75;-0.59:-6.78;-0.7:-6.71;-0.72:-6.71,-0.7277969:-6.710221;-0.7506626:-6.7068;-0.7617841:-6.701805;-0.7861544:-6.726114;-0.8019866:-6.711946;-0.8113045:-6.703862;-0.8224703:-6.699528;-0.8583176:-6.709477;-0.8681473:-6.729472;-0.8887593:-6.703362;-0.8968647:-6.69103;-0.9226459:-6.674397
sigma3_hotel_seed42,tril,HOTEL:biwi_hotel:369:16320,HOTEL,biwi_hotel,biwi_hotel:369,16320,3,0.13915175199508667,0.22693999111652374,0.0,0.04015228897333145,0.14374352991580963,3.28348970413208,1.25,-0.59:2.83;-0.61:2.85;-0.63:2.85;-0.64:2.86;-0.67:2.82;-0.67:2.82;-0.67:2.82;-0.67:2.82,-0.65:2.84;-0.65:2.84;-0.65:2.84;-0.6:2.77;-0.7:2.71;-0.72:2.67;-0.57:2.7;-0.56:2.7;-0.67:2.66;-0.68:2.64;-0.7:2.62;-0.57:2.69,-0.6725425:2.819831;-0.6832521:2.822161;-0.6893384:2.823458;-0.6997592:2.815098;-0.710026:2.816529;-0.7095292:2.822494;-0.7141711:2.820941;-0.7326198:2.817487;-0.7270597:2.811749;-0.735979:2.824464;-0.7345758:2.828157;-0.7457963:2.833518
sigma3_hotel_seed42,tril,HOTEL:biwi_hotel:371:16320,HOTEL,biwi_hotel,biwi_hotel:371,16320,3,0.48652395606040955,0.8156086802482605,0.42720019817352295,0.08330027014017105,0.23439814150333405,2.1393208503723145,1.25,-0.66:3.35;-0.66:3.35;-0.67:3.35;-0.69:3.35;-0.71:3.34;-0.72:3.34;-0.72:3.34;-0.78:3.18,-0.75:3.2;-0.72:3.32;-0.72:3.34;-0.67:3.29;-0.61:3.24;-0.6:3.24;-0.6:3.24;-0.6:3.24;-0.6:3.24;-0.67:3.27;-0.61:3.24;-0.6:3.24,-0.8375294:3.17183;-0.8651312:3.175813;-0.9335055:3.150615;-1.015055:3.168154;-1.031044:3.167294;-1.088695:3.182344;-1.146093:3.309955;-1.181273:3.207402;-1.236516:3.187186;-1.314032:3.174911;-1.342541:3.21419;-1.413162:3.176877
sigma3_hotel_seed42,tril,HOTEL:biwi_hotel:382:16320,HOTEL,biwi_hotel,biwi_hotel:382,16320,3,3.212049722671509,6.050583839416504,1.2432316541671753,1.199549674987793,0.4490751028060913,0.613740861415863,1.75,3.31:-8.94;3.41:-8.38;3.42:-7.97;3.47:-7.52;3.48:-7.05;3.4:-6.57;3.29:-6.11;3.16:-5.63,3.04:-5.18;3.05:-4.71;3.06:-4.28;3:-3.8;2.98:-3.33;2.94:-2.83;2.86:-2.33;2.83:-1.85;2.8:-1.41;2.79:-0.92;2.82:-0.51;2.83:-0.1,3.006163:-5.643062;2.794102:-5.67274;2.605137:-5.601621;2.457523:-5.644473;2.202674:-5.684741;2.014047:-5.601068;1.783515:-5.366609;1.575111:-5.695933;1.31892:-5.695303;1.029413:-5.664164;0.8461523:-5.59027;0.6402934:-5.740457
sigma3_hotel_seed42,tril,HOTEL:biwi_hotel:383:16320,HOTEL,biwi_hotel,biwi_hotel:383,16320,3,3.238924980163574,5.861542701721191,0.8533024191856384,1.138026237487793,0.648014485836029,0.829911470413208,1.625,3.92:-8.92;3.93:-8.46;3.83:-8.04;3.83:-7.61;3.83:-7.16;3.84:-6.65;3.78:-6.09;3.81:-5.75,3.76:-5.26;3.76:-4.78;3.71:-4.27;3.7:-3.75;3.69:-3.22;3.68:-2.73;3.46:-2.26;3.64:-1.77;3.43:-1.28;3.36:-0.84;3.36:-0.38;3.35:0.06,3.85255:-5.773809;3.851925:-5.78719;3.881476:-5.747067;3.920031:-5.804447;3.890744:-5.817059;3.888302:-5.746139;3.883433:-5.579273;3.85132:-5.806003;3.788777:-5.844477;3.737103:-5.78894;3.701947:-5.730327;3.66677:-5.792977
sigma3_hotel_seed42,tril,HOTEL:biwi_hotel:356:16330,HOTEL,biwi_hotel,biwi_hotel:356,16330,3,0.09716822952032089,0.20618396997451782,0.0,0.06384021788835526,0.2808670103549957,7.8539814949035645,0.375,0.27:0.18;0.28:0.18;0.3:0.18;0.26:0.13;0.22:0.15;0.24:0.15;0.24:0.17;0.24:0.17,0.22:0.08;0.24:0.12;0.22:0.13;0.25:0.12;0.24:0.14;0.22:0.13;0.27:0.14;0.24:0.15;0.27:0.16;0.29:0.14;0.29:0.08;0.27:0.06,0.2467487:0.1688812;0.2545291:0.1730193;0.2643099:0.1655372;0.2806118:0.1768099;0.2925026:0.1630364;0.311088:0.1651836;0.3311282:0.1532747;0.3435381:0.1637604;0.3729033:0.173073;0.4015961:0.1658448;0.4220498:0.1520898;0.4571109:0.1466103
sigma3_hotel_seed42,tril,HOTEL:biwi_hotel:361:16330,HOTEL,biwi_hotel,biwi_hotel:361,16330,3,0.12304896116256714,0.1600586473941803,0.0,0.005050762556493282,0.014731391333043575,0.0,0.0,-0.71:-6.7;-0.72:-6.71;-0.72:-6.71;-0.72:-6.71;-0.72:-6.71;-0.72:-6.71;-0.72:-6.71;-0.72:-6.71,-0.72:-6.71;-0.72:-6.71;-0.72:-6.71;-0.62:-6.81;-0.71:-6.72;-0.65:-6.8;-0.71:-6.72;-0.65:-6.75;-0.59:-6.78;-0.7:-6.71;-0.72:-6.71;-0.72:-6.71,-0.7309802:-6.710582;-0.7413189:-6.711394;-0.7561997:-6.711558;-0.766193:-6.712454;-0.7848105:-6.715771;-0.7961838:-6.708746;-0.8109099:-6.703102;-0.8311288:-6.718641;-0.8344792:-6.717139;-0.8489954:-6.713603;-0.8573141:-6.70873;-0.8800163:-6.713684
sigma3_hotel_seed42,tril,HOTEL:biwi_hotel:369:16330,HOTEL,biwi_hotel,biwi_hotel:369,16330,3,0.20577462017536163,0.31941068172454834,0.0707106813788414,0.04015228897333145,0.15237297117710114,5.497786998748779,1.375,-0.61:2.85;-0.63:2.85;-0.64:2.86;-0.67:2.82;-0.67:2.82;-0.67:2.82;-0.67:2.82;-0.65:2.84,-0.65:2.84;-0.65:2.84;-0.6:2.77;-0.7:2.71;-0.72:2.67;-0.57:2.7;-0.56:2.7;-0.67:2.66;-0.68:2.64;-0.7:2.62;-0.57:2.69;-0.56:2.7,-0.6299039:2.840364;-0.6144887:2.83531;-0.5900005:2.836776;-0.5612235:2.830148;-0.5216267:2.822367;-0.4960397:2.824122;-0.460848:2.81634;-0.4276302:2.821437;-0.3968947:2.807383;-0.3428687:2.799334;-0.3085125:2.777297;-0.2505153:2.779009
sigma3_hotel_seed42,tril,HOTEL:biwi_hotel:371:16330,HOTEL,biwi_hotel,biwi_hotel:371,16330,3,0.2515967786312103,0.5479459762573242,0.09013878554105759,0.09617723524570465,0.4336128532886505,4.656890392303467,1.375,-0.66:3.35;-0.67:3.35;-0.69:3.35;-0.71:3.34;-0.72:3.34;-0.72:3.34;-0.78:3.18;-0.75:3.2,-0.72:3.32;-0.72:3.34;-0.67:3.29;-0.61:3.24;-0.6:3.24;-0.6:3.24;-0.6:3.24;-0.6:3.24;-0.67:3.27;-0.61:3.24;-0.6:3.24;-0.6:3.24,-0.6869346:3.200947;-0.6452428:3.201415;-0.6073253:3.227472;-0.5587605:3.199342;-0.5053361:3.19382;-0.4644637:3.240102;-0.3925365:3.235505;-0.3258929:3.254954;-0.2531686:3.241347;-0.1992526:3.238482;-0.1152066:3.238947;-0.05218446:3.228046
sigma3_hotel_seed42,tril,HOTEL:biwi_hotel:382:16330,HOTEL,biwi_hotel,biwi_hotel:382,16330,3,3.213968276977539,5.979156017303467,1.1643130779266357,1.1627163887023926,0.29979825019836426,0.4653034210205078,1.875,3.41:-8.38;3.42:-7.97;3.47:-7.52;3.48:-7.05;3.4:-6.57;3.29:-6.11;3.16:-5.63;3.04:-5.18,3.05:-4.71;3.06:-4.28;3:-3.8;2.98:-3.33;2.94:-2.83;2.86:-2.33;2.83:-1.85;2.8:-1.41;2.79:-0.92;2.82:-0.51;2.83:-0.1;2.79:0.36,2.887962:-5.192398;2.685268:-5.209886;2.505886:-5.15577;2.356597:-5.182055;2.130091:-5.217647;1.953578:-5.147147;1.742548:-4.938898;1.549791:-5.212051;1.317857:-5.21403;1.062714:-5.185925;0.8868258:-5.124917;0.7016675:-5.242604
sigma3_hotel_seed42,tril,HOTEL:biwi_hotel:383:16330,HOTEL,biwi_hotel,biwi_hotel:383,16330,3,3.2718751430511475,5.9953694343566895,1.2313610315322876,1.1496104001998901,0.7031738758087158,0.7641288042068481,1.75,3.93:-8.46;3.83:-8.04;3.83:-7.61;3.83:-7.16;3.84:-6.65;3.78:-6.09;3.81:-5.75;3.76:-5.26,3.76:-4.78;3.71:-4.27;3.7:-3.75;3.69:-3.22;3.68:-2.73;3.46:-2.26;3.64:-1.77;3.43:-1.28;3.36:-0.84;3.36:-0.38;3.35:0.06;3.3:0.51,3.710148:-5.281771;3.582156:-5.317878;3.49026:-5.235341;3.444844:-5.314689;3.272741:-5.340519;3.162653:-5.252161;3.018832:-5.019811;2.887964:-5.366213;2.693113:-5.382638;2.485175:-5.334788;2.373846:-5.246749;2.243686:-5.391581
sigma3_hotel_seed42,tril,HOTEL:biwi_hotel:356:16340,HOTEL,biwi_hotel,biwi_hotel:356,16340,3,0.25960832834243774,0.44432538747787476,0.2304886132478714,0.09319572895765305,0.3664872646331787,10.776905059814453,0.375,0.28:0.18;0.3:0.18;0.26:0.13;0.22:0.15;0.24:0.15;0.24:0.17;0.24:0.17;0.22:0.08,0.24:0.12;0.22:0.13;0.25:0.12;0.24:0.14;0.22:0.13;0.27:0.14;0.24:0.15;0.27:0.16;0.29:0.14;0.29:0.08;0.27:0.06;0.27:0.04,0.2026478:0.07553936;0.1623203:0.08323702;0.1115834:0.09121363;0.06191517:0.07543152;0.04633546:0.08860351;0.005565137:0.1181815;-0.02742343:0.1751054;-0.04528898:0.1410588;-0.07222483:0.1255776;-0.11923:0.127657;-0.120078:0.168985;-0.1581386:0.1588377
sigma3_hotel_seed42,tril,HOTEL:biwi_hotel:361:16340,HOTEL,biwi_hotel,biwi_hotel:361,16340,3,0.15698572993278503,0.23807616531848907,0.0,0.0,0.0,0.0,0.0,-0.72:-6.71;-0.72:-6.71;-0.72:-6.71;-0.72:-6.71;-0.72:-6.71;-0.72:-6.71;-0.72:-6.71;-0.72:-6.71,-0.72:-6.71;-0.72:-6.71;-0.62:-6.81;-0.71:-6.72;-0.65:-6.8;-0.71:-6.72;-0.65:-6.75;-0.59:-6.78;-0.7:-6.71;-0.72:-6.71;-0.72:-6.71;-0.72:-6.71,-0.7308012:-6.711613;-0.7462447:-6.708935;-0.7645866:-6.708994;-0.7873788:-6.715999;-0.8109542:-6.716198;-0.823405:-6.706425;-0.841933:-6.694773;-0.8742019:-6.713895;-0.8784229:-6.71875;-0.9091113:-6.705878;-0.9191888:-6.695314;-0.9576635:-6.695989
sigma3_hotel_seed42,tril,HOTEL:biwi_hotel:369:16340,HOTEL,biwi_hotel,biwi_hotel:369,16340,3,0.1520482748746872,0.1984681487083435,0.0,0.03300943225622177,0.16710436344146729,4.71238899230957,1.375,-0.63:2.85;-0.64:2.86;-0.67:2.82;-0.67:2.82;-0.67:2.82;-0.67:2.82;-0.65:2.84;-0.65:2.84,-0.65:2.84;-0.6:2.77;-0.7:2.71;-0.72:2.67;-0.57:2.7;-0.56:2.7;-0.67:2.66;-0.68:2.64;-0.7:2.62;-0.57:2.69;-0.56:2.7;-0.68:2.65,-0.6503425:2.840261;-0.6547954:2.841125;-0.6545003:2.840527;-0.6537928:2.835101;-0.6528406:2.835369;-0.6481974:2.839289;-0.6430311:2.834367;-0.6486483:2.834056;-0.6397119:2.830327;-0.6300672:2.835182;-0.6219222:2.83364;-0.6116626:2.836332
sigma3_hotel_seed42,tril,HOTEL:biwi_hotel:371:16340,HOTEL,biwi_hotel,biwi_hotel:371,16340,3,0.17494837939739227,0.22273963689804077,0.3092329204082489,0.1367819458246231,0.5273628234863281,5.394705772399902,1.375,-0.67:3.35;-0.69:3.35;-0.71:3.34;-0.72:3.34;-0.72:3.34;-0.78:3.18;-0.75:3.2;-0.72:3.32,-0.72:3.34;-0.67:3.29;-0.61:3.24;-0.6:3.24;-0.6:3.24;-0.6:3.24;-0.6:3.24;-0.67:3.27;-0.61:3.24;-0.6:3.24;-0.6:3.24;-0.6:3.24,-0.7076402:3.310915;-0.7222276:3.317577;-0.7497779:3.325742;-0.7778473:3.305023;-0.7643158:3.304396;-0.7829914:3.342441;-0.7864478:3.414722;-0.7780667:3.360558;-0.7798107:3.338362;-0.8119148:3.33149;-0.7846103:3.364846;-0.7996374:3.338782
sigma3_hotel_seed42,tril,HOTEL:biwi_hotel:382:16340,HOTEL,biwi_hotel,biwi_hotel:382,16340,3,3.124140739440918,5.681851863861084,1.175265908241272,1.184139370918274,0.37788254022598267,0.6609073877334595,2.0,3.42:-7.97;3.47:-7.52;3.48:-7.05;3.4:-6.57;3.29:-6.11;3.16:-5.63;3.04:-5.18;3.05:-4.71,3.06:-4.28;3:-3.8;2.98:-3.33;2.94:-2.83;2.86:-2.33;2.83:-1.85;2.8:-1.41;2.79:-0.92;2.82:-0.51;2.83:-0.1;2.79:0.36;2.79:0.77,3.165129:-4.738236;3.197439:-4.789207;3.261013:-4.694636;3.362177:-4.813241;3.305592:-4.839596;3.327583:-4.727487;3.319958:-4.491724;3.293797:-4.884746;3.223867:-4.922323;3.115273:-4.854312;3.115058:-4.753132;3.051359:-4.905838
sigma3_hotel_seed42,tril,HOTEL:biwi_hotel:383:16340,HOTEL,biwi_hotel,biwi_hotel:383,16340,3,3.2712719440460205,5.943243980407715,1.2000000476837158,1.1668459177017212,0.6516024470329285,0.6320744752883911,1.875,3.83:-8.04;3.83:-7.61;3.83:-7.16;3.84:-6.65;3.78:-6.09;3.81:-5.75;3.76:-5.26;3.76:-4.78,3.71:-4.27;3.7:-3.75;3.69:-3.22;3.68:-2.73;3.46:-2.26;3.64:-1.77;3.43:-1.28;3.36:-0.84;3.36:-0.38;3.35:0.06;3.3:0.51;3.34:0.97,3.82432:-4.806587;3.799314:-4.857086;3.809604:-4.758622;3.864254:-4.871469;3.758454:-4.900806;3.735055:-4.789835;3.675777:-4.548178;3.609117:-4.945776;3.492364:-4.975216;3.338403:-4.911983;3.299615:-4.810412;3.205494:-4.971722
sigma3_hotel_seed42,tril,HOTEL:biwi_hotel:356:16350,HOTEL,biwi_hotel,biwi_hotel:356,16350,3,0.08217667788267136,0.21513612568378448,0.11180339753627777,0.10202478617429733,0.42681246995925903,11.427982330322266,0.5,0.3:0.18;0.26:0.13;0.22:0.15;0.24:0.15;0.24:0.17;0.24:0.17;0.22:0.08;0.24:0.12,0.22:0.13;0.25:0.12;0.24:0.14;0.22:0.13;0.27:0.14;0.24:0.15;0.27:0.16;0.29:0.14;0.29:0.08;0.27:0.06;0.27:0.04;0.18:-0.02,0.240248:0.1220607;0.2154555:0.1241597;0.1997671:0.1427491;0.1920465:0.1215511;0.198858:0.1335051;0.1904077:0.1495024;0.1925245:0.1518706;0.2043818:0.1693126;0.2080562:0.1539321;0.2182688:0.1609016;0.2425499:0.1688334;0.2657376:0.1773135
sigma3_hotel_seed42,tril,HOTEL:biwi_hotel:361:16350,HOTEL,biwi_hotel,biwi_hotel:361,16350,3,0.1441182643175125,0.2103046476840973,0.0,0.0,0.0,0.0,0.0,-0.72:-6.71;-0.72:-6.71;-0.72:-6.71;-0.72:-6.71;-0.72:-6.71;-0.72:-6.71;-0.72:-6.71;-0.72:-6.71,-0.72:-6.71;-0.62:-6.81;-0.71:-6.72;-0.65:-6.8;-0.71:-6.72;-0.65:-6.75;-0.59:-6.78;-0.7:-6.71;-0.72:-6.71;-0.72:-6.71;-0.72:-6.71;-0.72:-6.71,-0.7281739:-6.71117;-0.7426258:-6.708756;-0.7589239:-6.708218;-0.7798179:-6.713834;-0.8020866:-6.715191;-0.8106235:-6.706499;-0.828106:-6.698887;-0.8574151:-6.713002;-0.8575491:-6.716873;-0.8858594:-6.703905;-0.8937703:-6.695167;-0.9297215:-6.694349
sigma3_hotel_seed42,tril,HOTEL:biwi_hotel:369:16350,HOTEL,biwi_hotel,biwi_hotel:369,16350,3,0.1767698973417282,0.2088117152452469,0.0,0.027958668768405914,0.1110088974237442,2.9996955394744873,1.375,-0.64:2.86;-0.67:2.82;-0.67:2.82;-0.67:2.82;-0.67:2.82;-0.65:2.84;-0.65:2.84;-0.65:2.84,-0.6:2.77;-0.7:2.71;-0.72:2.67;-0.57:2.7;-0.56:2.7;-0.67:2.66;-0.68:2.64;-0.7:2.62;-0.57:2.69;-0.56:2.7;-0.68:2.65;-0.7:2.64,-0.6523335:2.840395;-0.6643108:2.840521;-0.6671281:2.844776;-0.6722241:2.829237;-0.6771879:2.836274;-0.6793585:2.842083;-0.680007:2.83896;-0.6955665:2.83456;-0.6968252:2.823502;-0.6949442:2.836391;-0.6942601:2.839861;-0.6952064:2.848757
sigma3_hotel_seed42,tril,HOTEL:biwi_hotel:371:16350,HOTEL,biwi_hotel,biwi_hotel:371,16350,3,0.1586885005235672,0.1764892339706421,0.05000000074505806,0.1367819458246231,0.6256993412971497,5.176036357879639,1.375,-0.69:3.35;-0.71:3.34;-0.72:3.34;-0.72:3.34;-0.78:3.18;-0.75:3.2;-0.72:3.32;-0.72:3.34,-0.67:3.29;-0.61:3.24;-0.6:3.24;-0.6:3.24;-0.6:3.24;-0.6:3.24;-0.67:3.27;-0.61:3.24;-0.6:3.24;-0.6:3.24;-0.6:3.24;-0.6:3.24,-0.7225474:3.340483;-0.7371034:3.339014;-0.7399446:3.345044;-0.7480339:3.328889;-0.7447821:3.334103;-0.745962:3.338721;-0.7467731:3.341815;-0.7566562:3.338591;-0.7549128:3.316689;-0.7475747:3.330995;-0.7449301:3.327264;-0.7438394:3.342268
sigma3_hotel_seed42,tril,HOTEL:biwi_hotel:382:16350,HOTEL,biwi_hotel,biwi_hotel:382,16350,3,3.1496200561523438,5.667454242706299,1.0752906799316406,1.176048994064331,0.37296444177627563,0.5735017657279968,2.0,3.47:-7.52;3.48:-7.05;3.4:-6.57;3.29:-6.11;3.16:-5.63;3.04:-5.18;3.05:-4.71;3.06:-4.28,3:-3.8;2.98:-3.33;2.94:-2.83;2.86:-2.33;2.83:-1.85;2.8:-1.41;2.79:-0.92;2.82:-0.51;2.83:-0.1;2.79:0.36;2.79:0.77;2.78:1.22,3.169581:-4.307343;3.210018:-4.348091;3.280558:-4.26975;3.377647:-4.372333;3.340462:-4.395888;3.369694:-4.292046;3.378587:-4.078923;3.359867:-4.424002;3.307272:-4.463908;3.227396:-4.396783;3.226225:-4.308709;3.176246:-4.433586
sigma3_hotel_seed42,tril,HOTEL:biwi_hotel:383:16350,HOTEL,biwi_hotel,biwi_hotel:383,16350,3,3.2793352603912354,6.037296295166016,1.281112790107727,1.1962906122207642,0.6915082335472107,0.72980135679245,1.75,3.83:-7.61;3.83:-7.16;3.84:-6.65;3.78:-6.09;3.81:-5.75;3.76:-5.26;3.76:-4.78;3.71:-4.27,3.7:-3.75;3.69:-3.22;3.68:-2.73;3.46:-2.26;3.64:-1.77;3.43:-1.28;3.36:-0.84;3.36:-0.38;3.35:0.06;3.3:0.51;3.34:0.97;3.33:1.41,3.61425:-4.288087;3.438504:-4.322529;3.297596:-4.239549;3.202949:-4.305441;2.982457:-4.341322;2.834411:-4.250052;2.643555:-4.017547;2.47072:-4.361989;2.245587:-4.368556;1.991057:-4.327144;1.84329:-4.243714;1.671157:-4.394928
sigma3_hotel_seed42,tril,HOTEL:biwi_hotel:356:16360,HOTEL,biwi_hotel,biwi_hotel:356,16360,3,0.16938775777816772,0.21222208440303802,0.055901698768138885,0.0871424451470375,0.40597912669181824,11.63907527923584,0.625,0.26:0.13;0.22:0.15;0.24:0.15;0.24:0.17;0.24:0.17;0.22:0.08;0.24:0.12;0.22:0.13,0.25:0.12;0.24:0.14;0.22:0.13;0.27:0.14;0.24:0.15;0.27:0.16;0.29:0.14;0.29:0.08;0.27:0.06;0.27:0.04;0.18:-0.02;0.14:0.05,0.2061261:0.1310188;0.1809355:0.1305999;0.1643742:0.1369175;0.1390474:0.1146816;0.1183384:0.129231;0.1019157:0.1356363;0.08228065:0.139841;0.04521522:0.1276397;0.02842234:0.1088005;0.006395042:0.1318318;-0.008664086:0.1440229;-0.04159707:0.1598213
sigma3_hotel_seed42,tril,HOTEL:biwi_hotel:361:16360,HOTEL,biwi_hotel,biwi_hotel:361,16360,3,0.12082459777593613,0.1609930396080017,0.0,0.0,0.0,0.0,0.0,-0.72:-6.71;-0.72:-6.71;-0.72:-6.71;-0.72:-6.71;-0.72:-6.71;-0.72:-6.71;-0.72:-6.71;-0.72:-6.71,-0.62:-6.81;-0.71:-6.72;-0.65:-6.8;-0.71:-6.72;-0.65:-6.75;-0.59:-6.78;-0.7:-6.71;-0.72:-6.71;-0.72:-6.71;-0.72:-6.71;-0.72:-6.71;-0.72:-6.71,-0.7242952:-6.710495;-0.736674:-6.708713;-0.7495618:-6.707383;-0.7661882:-6.710275;-0.7860779:-6.713764;-0.7887915:-6.706812;-0.8041736:-6.705577;-0.8279248:-6.712224;-0.8219843:-6.713809;-0.8451552:-6.701733;-0.8497:-6.696201;-0.8801845:-6.693885
sigma3_hotel_seed42,tril,HOTEL:biwi_hotel:369:16360,HOTEL,biwi_hotel,biwi_hotel:369,16360,3,0.4004453122615814,0.7349328994750977,0.2150581330060959,0.04082411527633667,0.14853312075138092,1.7359449863433838,1.375,-0.67:2.82;-0.67:2.82;-0.67:2.82;-0.67:2.82;-0.65:2.84;-0.65:2.84;-0.65:2.84;-0.6:2.77,-0.7:2.71;-0.72:2.67;-0.57:2.7;-0.56:2.7;-0.67:2.66;-0.68:2.64;-0.7:2.62;-0.57:2.69;-0.56:2.7;-0.68:2.65;-0.7:2.64;-0.7:2.64,-0.53541:2.767807;-0.4878293:2.768406;-0.4500189:2.787193;-0.4138647:2.758977;-0.3616682:2.751434;-0.3190289:2.799986;-0.2529745:2.822152;-0.1983762:2.809972;-0.1292333:2.789396;-0.0970639:2.791254;-0.01813567:2.800879;0.0209232:2.782815
sigma3_hotel_seed42,tril,HOTEL:biwi_hotel:371:16360,HOTEL,biwi_hotel,biwi_hotel:371,16360,3,0.4211582839488983,0.858812689781189,0.1767766922712326,0.1540497988462448,0.7005755305290222,7.0685834884643555,1.375,-0.71:3.34;-0.72:3.34;-0.72:3.34;-0.78:3.18;-0.75:3.2;-0.72:3.32;-0.72:3.34;-0.67:3.29,-0.61:3.24;-0.6:3.24;-0.6:3.24;-0.6:3.24;-0.6:3.24;-0.67:3.27;-0.61:3.24;-0.6:3.24;-0.6:3.24;-0.6:3.24;-0.6:3.24;-0.6:3.24,-0.6057231:3.291802;-0.5395369:3.28118;-0.4688276:3.291382;-0.3956143:3.275952;-0.3140697:3.264352;-0.2494645:3.287311;-0.1616678:3.283077;-0.08291984:3.286735;-0.009302318:3.26238;0.08923036:3.256382;0.1635143:3.231225;0.2587395:3.228792
sigma3_hotel_seed42,tril,HOTEL:biwi_hotel:382:16360,HOTEL,biwi_hotel,biwi_hotel:382,16360,3,3.115917205810547,5.753482818603516,1.209338665008545,1.1809165477752686,0.36824509501457214,0.5346863269805908,1.875,3.48:-7.05;3.4:-6.57;3.29:-6.11;3.16:-5.63;3.04:-5.18;3.05:-4.71;3.06:-4.28;3:-3.8,2.98:-3.33;2.94:-2.83;2.86:-2.33;2.83:-1.85;2.8:-1.41;2.79:-0.92;2.82:-0.51;2.83:-0.1;2.79:0.36;2.79:0.77;2.78:1.22;2.73:1.68,2.946314:-3.821439;2.816159:-3.857183;2.721228:-3.775565;2.672506:-3.853142;2.498297:-3.879246;2.385698:-3.791557;2.239369:-3.559155;2.106375:-3.904271;1.909699:-3.920116;1.699739:-3.872912;1.586159:-3.785556;1.453946:-3.930192
sigma3_hotel_seed42,tril,HOTEL:biwi_hotel:383:16360,HOTEL,biwi_hotel,biwi_hotel:383,16360,3,3.2098426818847656,5.960792064666748,1.300240397453308,1.2213249206542969,0.6710951328277588,0.7886945605278015,1.5,3.83:-7.16;3.84:-6.65;3.78:-6.09;3.81:-5.75;3.76:-5.26;3.76:-4.78;3.71:-4.27;3.7:-3.75,3.69:-3.22;3.68:-2.73;3.46:-2.26;3.64:-1.77;3.43:-1.28;3.36:-0.84;3.36:-0.38;3.35:0.06;3.3:0.51;3.34:0.97;3.33:1.41;3.4:1.86,3.683786:-3.774607;3.582775:-3.837188;3.513607:-3.722621;3.509317:-3.84164;3.315807:-3.874379;3.215003:-3.756557;3.072164:-3.472567;2.939145:-3.935106;2.727637:-3.953086;2.48457:-3.893876;2.385701:-3.779325;2.236634:-3.986163
sigma3_hotel_seed42,tril,HOTEL:biwi_hotel:356:16370,HOTEL,biwi_hotel,biwi_hotel:356,16370,3,0.22174687683582306,0.5989846587181091,0.07905694097280502,0.08246438205242157,0.39619383215904236,11.96082592010498,0.75,0.22:0.15;0.24:0.15;0.24:0.17;0.24:0.17;0.22:0.08;0.24:0.12;0.22:0.13;0.25:0.12,0.24:0.14;0.22:0.13;0.27:0.14;0.24:0.15;0.27:0.16;0.29:0.14;0.29:0.08;0.27:0.06;0.27:0.04;0.18:-0.02;0.14:0.05;0.08:0.22,0.2780358:0.1178927;0.291222:0.1172528;0.320688:0.1222458;0.3500928:0.1054387;0.3892482:0.09949813;0.4171434:0.1071771;0.4590474:0.10181;0.4864729:0.1034889;0.5179017:0.0844668;0.5674902:0.08536368;0.6031555:0.06677125;0.6602946:0.07153847
sigma3_hotel_seed42,tril,HOTEL:biwi_hotel:361:16370,HOTEL,biwi_hotel,biwi_hotel:361,16370,3,0.7187654972076416,1.2059918642044067,0.3535533845424652,0.05050762742757797,0.1473139077425003,0.0,0.0,-0.72:-6.71;-0.72:-6.71;-0.72:-6.71;-0.72:-6.71;-0.72:-6.71;-0.72:-6.71;-0.72:-6.71;-0.62:-6.81,-0.71:-6.72;-0.65:-6.8;-0.71:-6.72;-0.65:-6.75;-0.59:-6.78;-0.7:-6.71;-0.72:-6.71;-0.72:-6.71;-0.72:-6.71;-0.72:-6.71;-0.72:-6.71;-0.72:-6.71,-0.5111367:-6.816082;-0.3872185:-6.821586;-0.2928435:-6.822382;-0.2219505:-6.834626;-0.1296575:-6.866152;-0.0327208:-6.80326;0.08017427:-6.748664;0.158939:-6.809778;0.2820194:-6.83818;0.3374811:-6.836489;0.4392587:-6.833346;0.4754528:-6.869088
sigma3_hotel_seed42,tril,HOTEL:biwi_hotel:369:16370,HOTEL,biwi_hotel,biwi_hotel:369,16370,3,0.5323731303215027,0.9125235080718994,0.29154759645462036,0.0824737697839737,0.3051299452781677,3.3865714073181152,1.375,-0.67:2.82;-0.67:2.82;-0.67:2.82;-0.65:2.84;-0.65:2.84;-0.65:2.84;-0.6:2.77;-0.7:2.71,-0.72:2.67;-0.57:2.7;-0.56:2.7;-0.67:2.66;-0.68:2.64;-0.7:2.62;-0.57:2.69;-0.56:2.7;-0.68:2.65;-0.7:2.64;-0.7:2.64;-0.68:2.66,-0.7601663:2.709034;-0.8273864:2.718363;-0.9140871:2.719464;-1.006257:2.713305;-1.065409:2.736669;-1.138632:2.757411;-1.217475:2.817487;-1.282308:2.783574;-1.341385:2.772438;-1.434389:2.787237;-1.47572:2.840322;-1.574555:2.840195
sigma3_hotel_seed42,tril,HOTEL:biwi_hotel:371:16370,HOTEL,biwi_hotel,biwi_hotel:371,16370,3,0.5302546620368958,1.0204968452453613,0.19525624811649323,0.1783721148967743,0.7005755305290222,5.9472174644470215,1.375,-0.72:3.34;-0.72:3.34;-0.78:3.18;-0.75:3.2;-0.72:3.32;-0.72:3.34;-0.67:3.29;-0.61:3.24,-0.6:3.24;-0.6:3.24;-0.6:3.24;-0.6:3.24;-0.67:3.27;-0.61:3.24;-0.6:3.24;-0.6:3.24;-0.6:3.24;-0.6:3.24;-0.6:3.24;-0.6:3.24,-0.5276225:3.243056;-0.4516404:3.238332;-0.3799647:3.259934;-0.3006504:3.238386;-0.2228528:3.226154;-0.1520233:3.271377;-0.04965222:3.255573;0.03950942:3.280055;0.1398186:3.265622;0.2311003:3.261923;0.3300978:3.248078;0.4204966:3.239285
sigma3_hotel_seed42,tril,HOTEL:biwi_hotel:382:16370,HOTEL,biwi_hotel,biwi_hotel:382,16370,3,3.0824577808380127,5.665410995483398,1.1760632991790771,1.175132393836975,0.37363627552986145,0.5469398498535156,1.75,3.4:-6.57;3.29:-6.11;3.16:-5.63;3.04:-5.18;3.05:-4.71;3.06:-4.28;3:-3.8;2.98:-3.33,2.94:-2.83;2.86:-2.33;2.83:-1.85;2.8:-1.41;2.79:-0.92;2.82:-0.51;2.83:-0.1;2.79:0.36;2.79:0.77;2.78:1.22;2.73:1.68;2.78:2.09,2.960879:-3.353455;2.865635:-3.394625;2.805192:-3.307808;2.791506:-3.397965;2.638649:-3.423569;2.552762:-3.327723;2.435652:-3.090134;2.323269:-3.454814;2.14767:-3.475748;1.957486:-3.42187;1.865398:-3.329469;1.747712:-3.480571
sigma3_hotel_seed42,tril,HOTEL:biwi_hotel:383:16370,HOTEL,biwi_hotel,biwi_hotel:383,16370,3,3.1168317794799805,5.794295310974121,1.3252358436584473,1.228466510772705,0.5919042229652405,0.662716269493103,1.25,3.84:-6.65;3.78:-6.09;3.81:-5.75;3.76:-5.26;3.76:-4.78;3.71:-4.27;3.7:-3.75;3.69:-3.22,3.68:-2.73;3.46:-2.26;3.64:-1.77;3.43:-1.28;3.36:-0.84;3.36:-0.38;3.35:0.06;3.3:0.51;3.34:0.97;3.33:1.41;3.4:1.86;3.44:2.3,3.687625:-3.244423;3.596925:-3.295448;3.542506:-3.193388;3.541873:-3.299319;3.376412:-3.330482;3.294878:-3.221156;3.174006:-2.967041;3.058342:-3.375286;2.8796:-3.395222;2.670679:-3.337569;2.583774:-3.234682;2.453876:-3.409765
sigma3_hotel_seed42,tril,HOTEL:biwi_hotel:356:16380,HOTEL,biwi_hotel,biwi_hotel:356,16380,3,0.10697406530380249,0.34995707869529724,0.055901698768138885,0.08330748230218887,0.41881436109542847,12.746224403381348,0.875,0.24:0.15;0.24:0.17;0.24:0.17;0.22:0.08;0.24:0.12;0.22:0.13;0.25:0.12;0.24:0.14,0.22:0.13;0.27:0.14;0.24:0.15;0.27:0.16;0.29:0.14;0.29:0.08;0.27:0.06;0.27:0.04;0.18:-0.02;0.14:0.05;0.08:0.22;0.01:0.37,0.2387499:0.1396168;0.2359339:0.1405947;0.2337396:0.1385351;0.2339729:0.1377207;0.2328832:0.1332907;0.2360284:0.1382431;0.239151:0.1360407;0.2338605:0.1328889;0.2450114:0.1323303;0.2512915:0.1335948;0.258652:0.1307471;0.2637919:0.1290444
sigma3_hotel_seed42,tril,HOTEL:biwi_hotel:361:16380,HOTEL,biwi_hotel,biwi_hotel:361,16380,3,0.314521849155426,0.5515775084495544,0.3181980550289154,0.09596449136734009,0.42721036076545715,3.1415927410125732,0.0,-0.72:-6.71;-0.72:-6.71;-0.72:-6.71;-0.72:-6.71;-0.72:-6.71;-0.72:-6.71;-0.62:-6.81;-0.71:-6.72,-0.65:-6.8;-0.71:-6.72;-0.65:-6.75;-0.59:-6.78;-0.7:-6.71;-0.72:-6.71;-0.72:-6.71;-0.72:-6.71;-0.72:-6.71;-0.72:-6.71;-0.72:-6.71;-0.72:-6.71,-0.7324579:-6.724647;-0.7789316:-6.715608;-0.839169:-6.707303;-0.907526:-6.728769;-0.9397069:-6.7124;-0.986788:-6.680603;-1.033746:-6.617228;-1.073833:-6.660945;-1.105838:-6.680092;-1.183311:-6.666789;-1.19235:-6.616472;-1.265057:-6.625441
sigma3_hotel_seed42,tril,HOTEL:biwi_hotel:369:16380,HOTEL,biwi_hotel,biwi_hotel:369,16380,3,0.1819608062505722,0.21206752955913544,0.11180339753627777,0.09844568371772766,0.3910279870033264,3.9533004760742188,1.375,-0.67:2.82;-0.67:2.82;-0.65:2.84;-0.65:2.84;-0.65:2.84;-0.6:2.77;-0.7:2.71;-0.72:2.67,-0.57:2.7;-0.56:2.7;-0.67:2.66;-0.68:2.64;-0.7:2.62;-0.57:2.69;-0.56:2.7;-0.68:2.65;-0.7:2.64;-0.7:2.64;-0.68:2.66;-0.69:2.66,-0.7212955:2.66956;-0.7476443:2.6723;-0.7736309:2.689776;-0.8022437:2.660143;-0.8099637:2.671426;-0.8292199:2.694726;-0.8406842:2.714758;-0.853577:2.706242;-0.8561341:2.683053;-0.8836193:2.696951;-0.8694509:2.715243;-0.8937237:2.718901
sigma3_hotel_seed42,tril,HOTEL:biwi_hotel:371:16380,HOTEL,biwi_hotel,biwi_hotel:371,16380,3,0.15798582136631012,0.3259131908416748,0.02500000037252903,0.18194355070590973,0.5962324142456055,6.641955852508545,1.375,-0.72:3.34;-0.78:3.18;-0.75:3.2;-0.72:3.32;-0.72:3.34;-0.67:3.29;-0.61:3.24;-0.6:3.24,-0.6:3.24;-0.6:3.24;-0.6:3.24;-0.67:3.27;-0.61:3.24;-0.6:3.24;-0.6:3.24;-0.6:3.24;-0.6:3.24;-0.6:3.24;-0.6:3.24;-0.6:3.24,-0.6162697:3.241142;-0.6402941:3.238188;-0.6636733:3.244401;-0.6982817:3.22149;-0.7202683:3.234389;-0.7419193:3.242607;-0.768575:3.257136;-0.8081152:3.234962;-0.8256258:3.211416;-0.8603874:3.232222;-0.8753208:3.246075;-0.9254369:3.257615
sigma3_hotel_seed42,tril,HOTEL:biwi_hotel:382:16380,HOTEL,biwi_hotel,biwi_hotel:382,16380,3,3.087366819381714,5.7454071044921875,1.2539936304092407,1.1853567361831665,0.3817313015460968,0.5544765591621399,1.75,3.29:-6.11;3.16:-5.63;3.04:-5.18;3.05:-4.71;3.06:-4.28;3:-3.8;2.98:-3.33;2.94:-2.83,2.86:-2.33;2.83:-1.85;2.8:-1.41;2.79:-0.92;2.82:-0.51;2.83:-0.1;2.79:0.36;2.79:0.77;2.78:1.22;2.73:1.68;2.78:2.09;2.81:2.51,2.865898:-2.850097;2.711639:-2.889683;2.591973:-2.801424;2.522619:-2.879645;2.317046:-2.911731;2.183423:-2.817731;2.009656:-2.575387;1.852751:-2.940759;1.633799:-2.951492;1.390864:-2.905989;1.258922:-2.815721;1.100983:-2.975341
sigma3_hotel_seed42,tril,HOTEL:biwi_hotel:383:16380,HOTEL,biwi_hotel,biwi_hotel:383,16380,3,3.070002794265747,5.663786888122559,1.2252551317214966,1.2023582458496094,0.3859695494174957,0.46951285004615784,1.25,3.78:-6.09;3.81:-5.75;3.76:-5.26;3.76:-4.78;3.71:-4.27;3.7:-3.75;3.69:-3.22;3.68:-2.73,3.46:-2.26;3.64:-1.77;3.43:-1.28;3.36:-0.84;3.36:-0.38;3.35:0.06;3.3:0.51;3.34:0.97;3.33:1.41;3.4:1.86;3.44:2.3;3.44:2.72,3.684216:-2.754086;3.611164:-2.797259;3.573107:-2.70842;3.578727:-2.803083;3.438064:-2.831822;3.3718:-2.728467;3.274094:-2.49362;3.172194:-2.863558;3.017005:-2.8869;2.839446:-2.828856;2.759577:-2.73634;2.646084:-2.887868
sigma3_hotel_seed42,tril,HOTEL:biwi_hotel:385:16380,HOTEL,biwi_hotel,biwi_hotel:385,16380,3,4.318939208984375,7.885815143585205,1.7066048383712769,1.5754849910736084,0.48178762197494507,0.5219911336898804,1.25,0.87:4.04;1.1:3.36;1.19:2.74;1.25:2.13;1.23:1.59;1.26:0.98;1.28:0.36;1.34:-0.32,1.43:-0.98;1.5:-1.63;1.56:-2.29;1.62:-2.98;1.53:-3.74;1.52:-4.42;1.52:-5.14;1.47:-5.88;1.51:-6.6;1.51:-7.27;1.53:-7.95;1.58:-8.66,1.575081:-0.3574232;1.587382:-0.4778537;1.648909:-0.2490772;1.833324:-0.5030535;1.682026:-0.547663;1.701422:-0.3620221;1.625499:0.01561141;1.599163:-0.7025074;1.466572:-0.7226099;1.190095:-0.6464761;1.258031:-0.4397302;1.134158:-0.7867982
sigma3_hotel_seed42,tril,HOTEL:biwi_hotel:356:16390,HOTEL,biwi_hotel,biwi_hotel:356,16390,3,0.19307613372802734,0.3311001658439636,0.055901698768138885,0.08415057510137558,0.43092143535614014,11.394096374511719,0.875,0.24:0.17;0.24:0.17;0.22:0.08;0.24:0.12;0.22:0.13;0.25:0.12;0.24:0.14;0.22:0.13,0.27:0.14;0.24:0.15;0.27:0.16;0.29:0.14;0.29:0.08;0.27:0.06;0.27:0.04;0.18:-0.02;0.14:0.05;0.08:0.22;0.01:0.37;-0.15:0.48,0.2010321:0.1309169;0.1753039:0.1281743;0.1488689:0.1332753;0.1111263:0.1118719;0.08620849:0.1245875;0.06159517:0.1328915;0.03123562:0.1495889;-0.01149869:0.1250869;-0.03161368:0.1022511;-0.0701316:0.1226492;-0.08863619:0.1379231;-0.1441541:0.1489515
sigma3_hotel_seed42,tril,HOTEL:biwi_hotel:361:16390,HOTEL,biwi_hotel,biwi_hotel:361,16390,3,0.362311989068985,0.6302064061164856,0.25,0.1316787749528885,0.6633725166320801,6.1412882804870605,0.125,-0.72:-6.71;-0.72:-6.71;-0.72:-6.71;-0.72:-6.71;-0.72:-6.71;-0.62:-6.81;-0.71:-6.72;-0.65:-6.8,-0.71:-6.72;-0.65:-6.75;-0.59:-6.78;-0.7:-6.71;-0.72:-6.71;-0.72:-6.71;-0.72:-6.71;-0.72:-6.71;-0.72:-6.71;-0.72:-6.71;-0.72:-6.71;-0.72:-6.71,-0.5864576:-6.803558;-0.5405358:-6.802315;-0.5069802:-6.785036;-0.4785066:-6.813923;-0.4303713:-6.822862;-0.3907083:-6.772802;-0.3302062:-6.741714;-0.2826574:-6.764274;-0.2158389:-6.78683;-0.1963229:-6.783658;-0.1204826:-6.7706;-0.0950948:-6.79157
sigma3_hotel_seed42,tril,HOTEL:biwi_hotel:369:16390,HOTEL,biwi_hotel,biwi_hotel:369,16390,3,0.9333059191703796,1.6248564720153809,0.3824264705181122,0.15307803452014923,0.5530732870101929,6.185140132904053,1.25,-0.67:2.82;-0.65:2.84;-0.65:2.84;-0.65:2.84;-0.6:2.77;-0.7:2.71;-0.72:2.67;-0.57:2.7,-0.56:2.7;-0.67:2.66;-0.68:2.64;-0.7:2.62;-0.57:2.69;-0.56:2.7;-0.68:2.65;-0.7:2.64;-0.7:2.64;-0.68:2.66;-0.69:2.66;-0.71:2.68,-0.4357079:2.698638;-0.2773083:2.689254;-0.1480994:2.693085;-0.04028535:2.681476;0.07279044:2.645179;0.2024323:2.71232;0.3526575:2.735113;0.4589079:2.702624;0.621721:2.678248;0.717491:2.681874;0.8460124:2.669441;0.9143361:2.638884
sigma3_hotel_seed42,tril,HOTEL:biwi_hotel:371:16390,HOTEL,biwi_hotel,biwi_hotel:371,16390,3,0.020431727170944214,0.03954002261161804,0.0,0.12091495096683502,0.3970177173614502,4.124386310577393,1.25,-0.78:3.18;-0.75:3.2;-0.72:3.32;-0.72:3.34;-0.67:3.29;-0.61:3.24;-0.6:3.24;-0.6:3.24,-0.6:3.24;-0.6:3.24;-0.67:3.27;-0.61:3.24;-0.6:3.24;-0.6:3.24;-0.6:3.24;-0.6:3.24;-0.6:3.24;-0.6:3.24;-0.6:3.24;-0.6:3.24,-0.5966142:3.238604;-0.6012209:3.242803;-0.5999502:3.241506;-0.603538:3.233457;-0.6011629:3.231977;-0.5943227:3.239052;-0.5859553:3.238477;-0.5948693:3.236176;-0.5810204:3.228462;-0.5769323:3.236908;-0.5660825:3.235414;-0.5604674:3.239237
sigma3_hotel_seed42,tril,HOTEL:biwi_hotel:382:16390,HOTEL,biwi_hotel,biwi_hotel:382,16390,3,3.0749170780181885,5.831006050109863,1.2658989429473877,1.188594937324524,0.3904576003551483,0.6294158101081848,1.875,3.16:-5.63;3.04:-5.18;3.05:-4.71;3.06:-4.28;3:-3.8;2.98:-3.33;2.94:-2.83;2.86:-2.33,2.83:-1.85;2.8:-1.41;2.79:-0.92;2.82:-0.51;2.83:-0.1;2.79:0.36;2.79:0.77;2.78:1.22;2.73:1.68;2.78:2.09;2.81:2.51;2.76:3.04,2.767185:-2.348538;2.603121:-2.387753;2.468653:-2.302676;2.383883:-2.374692;2.167031:-2.407795;2.019977:-2.315997;1.833508:-2.069695;1.665551:-2.43544;1.434759:-2.444023;1.179419:-2.401627;1.036566:-2.313256;0.8677013:-2.475418
sigma3_hotel_seed42,tril,HOTEL:biwi_hotel:383:16390,HOTEL,biwi_hotel,biwi_hotel:383,16390,3,3.3099324703216553,6.171734809875488,1.2973530292510986,1.265794038772583,0.42862603068351746,0.6972026228904724,1.25,3.81:-5.75;3.76:-5.26;3.76:-4.78;3.71:-4.27;3.7:-3.75;3.69:-3.22;3.68:-2.73;3.46:-2.26,3.64:-1.77;3.43:-1.28;3.36:-0.84;3.36:-0.38;3.35:0.06;3.3:0.51;3.34:0.97;3.33:1.41;3.4:1.86;3.44:2.3;3.44:2.72;3.44:3.16,3.252608:-2.267794;3.006024:-2.282427;2.775227:-2.233972;2.572464:-2.241349;2.301604:-2.284475;2.083096:-2.216299;1.825835:-2.005313;1.592054:-2.271902;1.326611:-2.264694;1.027422:-2.245344;0.8135285:-2.191211;0.5880325:-2.313262
sigma3_hotel_seed42,tril,HOTEL:biwi_hotel:385:16390,HOTEL,biwi_hotel,biwi_hotel:385,16390,3,4.366570949554443,7.986926078796387,1.665270209312439,1.5570077896118164,0.36068350076675415,0.3875100314617157,1.25,1.1:3.36;1.19:2.74;1.25:2.13;1.23:1.59;1.26:0.98;1.28:0.36;1.34:-0.32;1.43:-0.98,1.5:-1.63;1.56:-2.29;1.62:-2.98;1.53:-3.74;1.52:-4.42;1.52:-5.14;1.47:-5.88;1.51:-6.6;1.51:-7.27;1.53:-7.95;1.58:-8.66;1.55:-9.42,1.655245:-1.016839;1.672793:-1.135478;1.736118:-0.9151022;1.917474:-1.160863;1.768816:-1.205414;1.788043:-1.022809;1.715846:-0.6486105;1.68673:-1.356701;1.55486:-1.377998;1.286352:-1.300616;1.34687:-1.100009;1.223077:-1.439768
sigma3_hotel_seed42,tril,HOTEL:biwi_hotel:361:16400,HOTEL,biwi_hotel,biwi_hotel:361,16400,3,0.31218910217285156,0.5555647611618042,0.25,0.1673930585384369,0.8717058300971985,9.282880783081055,0.25,-0.72:-6.71;-0.72:-6.71;-0.72:-6.71;-0.72:-6.71;-0.62:-6.81;-0.71:-6.72;-0.65:-6.8;-0.71:-6.72,-0.65:-6.75;-0.59:-6.78;-0.7:-6.71;-0.72:-6.71;-0.72:-6.71;-0.72:-6.71;-0.72:-6.71;-0.72:-6.71;-0.72:-6.71;-0.72:-6.71;-0.72:-6.71;-0.72:-6.71,-0.7333646:-6.723097;-0.783864:-6.713393;-0.8450451:-6.700543;-0.9112151:-6.724199;-0.9479086:-6.706266;-0.9960328:-6.674511;-1.042586:-6.624356;-1.083265:-6.653331;-1.113003:-6.67021;-1.187822:-6.654152;-1.196136:-6.606741;-1.266614:-6.610675
sigma3_hotel_seed42,tril,HOTEL:biwi_hotel:369:16400,HOTEL,biwi_hotel,biwi_hotel:369,16400,3,0.3266940414905548,0.625411331653595,0.02500000037252903,0.14654794335365295,0.6727544665336609,4.646590709686279,1.125,-0.65:2.84;-0.65:2.84;-0.65:2.84;-0.6:2.77;-0.7:2.71;-0.72:2.67;-0.57:2.7;-0.56:2.7,-0.67:2.66;-0.68:2.64;-0.7:2.62;-0.57:2.69;-0.56:2.7;-0.68:2.65;-0.7:2.64;-0.7:2.64;-0.68:2.66;-0.69:2.66;-0.71:2.68;-0.72:2.65,-0.5400609:2.699784;-0.5138835:2.699779;-0.4902251:2.691492;-0.4542242:2.705779;-0.4191187:2.687028;-0.3859626:2.68809;-0.3461224:2.673483;-0.3050313:2.686475;-0.2601256:2.698526;-0.206518:2.676967;-0.1630732:2.655626;-0.09467232:2.639774
sigma3_hotel_seed42,tril,HOTEL:biwi_hotel:371:16400,HOTEL,biwi_hotel,biwi_hotel:371,16400,3,0.09348159283399582,0.17462880909442902,0.0,0.10803797841072083,0.2928510308265686,3.3865714073181152,1.125,-0.75:3.2;-0.72:3.32;-0.72:3.34;-0.67:3.29;-0.61:3.24;-0.6:3.24;-0.6:3.24;-0.6:3.24,-0.6:3.24;-0.67:3.27;-0.61:3.24;-0.6:3.24;-0.6:3.24;-0.6:3.24;-0.6:3.24;-0.6:3.24;-0.6:3.24;-0.6:3.24;-0.6:3.24;-0.6:3.24,-0.6107392:3.239597;-0.6239619:3.241875;-0.6388065:3.240135;-0.6587735:3.23463;-0.6755195:3.235701;-0.6832821:3.242131;-0.6966841:3.248854;-0.7228887:3.237084;-0.7230905:3.231698;-0.7436717:3.242852;-0.7482721:3.249807;-0.7742513:3.251477
sigma3_hotel_seed42,tril,HOTEL:biwi_hotel:361:16410,HOTEL,biwi_hotel,biwi_hotel:361,16410,3,0.354842871427536,0.6814661622047424,0.16770510375499725,0.19135093688964844,1.0412769317626953,11.96082592010498,0.375,-0.72:-6.71;-0.72:-6.71;-0.72:-6.71;-0.62:-6.81;-0.71:-6.72;-0.65:-6.8;-0.71:-6.72;-0.65:-6.75,-0.59:-6.78;-0.7:-6.71;-0.72:-6.71;-0.72:-6.71;-0.72:-6.71;-0.72:-6.71;-0.72:-6.71;-0.72:-6.71;-0.72:-6.71;-0.72:-6.71;-0.72:-6.71;-0.72:-6.71,-0.6205448:-6.749335;-0.5867773:-6.759725;-0.5488714:-6.761573;-0.5072458:-6.762833;-0.4467772:-6.776284;-0.404006:-6.779107;-0.3559168:-6.774632;-0.2995254:-6.780885;-0.2571775:-6.796938;-0.1886034:-6.81252;-0.1355394:-6.840497;-0.05310696:-6.850178
sigma3_hotel_seed42,tril,HOTEL:biwi_hotel:369:16410,HOTEL,biwi_hotel,biwi_hotel:369,16410,3,0.6466347575187683,1.2986631393432617,0.2926174998283386,0.18835043907165527,0.804516077041626,7.4394121170043945,1.0,-0.65:2.84;-0.65:2.84;-0.6:2.77;-0.7:2.71;-0.72:2.67;-0.57:2.7;-0.56:2.7;-0.67:2.66,-0.68:2.64;-0.7:2.62;-0.57:2.69;-0.56:2.7;-0.68:2.65;-0.7:2.64;-0.7:2.64;-0.68:2.66;-0.69:2.66;-0.71:2.68;-0.72:2.65;-0.57:2.7,-0.7632368:2.664878;-0.8469807:2.673946;-0.9533255:2.674464;-1.070589:2.67118;-1.163682:2.703063;-1.255206:2.7117;-1.361297:2.754843;-1.461709:2.739324;-1.537183:2.729875;-1.657888:2.761869;-1.724766:2.811575;-1.862484:2.826532
sigma3_hotel_seed42,tril,HOTEL:biwi_hotel:371:16410,HOTEL,biwi_hotel,biwi_hotel:371,16410,3,0.2095690816640854,0.4192206561565399,0.0,0.06386184692382812,0.18409784138202667,3.1415927410125732,1.0,-0.72:3.32;-0.72:3.34;-0.67:3.29;-0.61:3.24;-0.6:3.24;-0.6:3.24;-0.6:3.24;-0.6:3.24,-0.67:3.27;-0.61:3.24;-0.6:3.24;-0.6:3.24;-0.6:3.24;-0.6:3.24;-0.6:3.24;-0.6:3.24;-0.6:3.24;-0.6:3.24;-0.6:3.24;-0.6:3.24,-0.6222602:3.240484;-0.6506271:3.239841;-0.6807198:3.243118;-0.7235491:3.224399;-0.7548566:3.236398;-0.7812089:3.244795;-0.8159273:3.262599;-0.8651657:3.237762;-0.8862191:3.217745;-0.9326569:3.24031;-0.9549062:3.257773;-1.018255:3.268439
sigma3_hotel_seed42,tril,HOTEL:biwi_hotel:386:16410,HOTEL,biwi_hotel,biwi_hotel:386,16410,3,0.44042661786079407,1.198498249053955,0.4756574332714081,0.45330578088760376,0.5035008192062378,1.4284307956695557,0.0,3.44:2.78;3.21:2.76;3:2.74;2.89:2.74;2.73:2.82;2.56:2.96;2.46:3.04;2.27:3.05,2.09:3.04;1.97:3.02;1.83:3.04;1.62:3.14;1.5:3.18;1.45:3.17;1.43:3.16;1.43:3.16;1.43:3.16;1.43:3.16;1.43:3.16;1.43:3.16,2.091962:3.061579;1.928418:3.075948;1.74632:3.078686;1.563939:3.098565;1.391129:3.129573;1.229615:3.134519;1.048239:3.168966;0.8830276:3.175266;0.741559:3.185433;0.5673575:3.216796;0.4276468:3.263325;0.238023:3.284857
sigma3_hotel_seed42,tril,HOTEL:biwi_hotel:361:16420,HOTEL,biwi_hotel,biwi_hotel:361,16420,3,0.591783344745636,1.0269510746002197,0.16770510375499725,0.2153088003396988,1.0412769317626953,11.96082592010498,0.5,-0.72:-6.71;-0.72:-6.71;-0.62:-6.81;-0.71:-6.72;-0.65:-6.8;-0.71:-6.72;-0.65:-6.75;-0.59:-6.78,-0.7:-6.71;-0.72:-6.71;-0.72:-6.71;-0.72:-6.71;-0.72:-6.71;-0.72:-6.71;-0.72:-6.71;-0.72:-6.71;-0.72:-6.71;-0.72:-6.71;-0.72:-6.71;-0.72:-6.71,-0.5281851:-6.777943;-0.4671733:-6.788;-0.3986541:-6.776814;-0.3272653:-6.793767;-0.2510316:-6.804946;-0.1889632:-6.784186;-0.1043485:-6.79618;-0.03153282:-6.787066;0.04031175:-6.810641;0.1366002:-6.814758;0.2068992:-6.842292;0.2985451:-6.841127
sigma3_hotel_seed42,tril,HOTEL:biwi_hotel:369:16420,HOTEL,biwi_hotel,biwi_hotel:369,16420,3,0.11574193090200424,0.21668663620948792,0.055901698768138885,0.19633640348911285,0.8211380839347839,8.197790145874023,1.0,-0.65:2.84;-0.6:2.77;-0.7:2.71;-0.72:2.67;-0.57:2.7;-0.56:2.7;-0.67:2.66;-0.68:2.64,-0.7:2.62;-0.57:2.69;-0.56:2.7;-0.68:2.65;-0.7:2.64;-0.7:2.64;-0.68:2.66;-0.69:2.66;-0.71:2.68;-0.72:2.65;-0.57:2.7;-0.68:2.67,-0.6719608:2.640643;-0.6660237:2.636835;-0.6552671:2.636995;-0.6418284:2.632507;-0.6213826:2.627683;-0.6076021:2.629571;-0.5902033:2.625822;-0.5757002:2.625681;-0.556617:2.615667;-0.5257164:2.612616;-0.5055748:2.599621;-0.4746034:2.600969
sigma3_hotel_seed42,tril,HOTEL:biwi_hotel:371:16420,HOTEL,biwi_hotel,biwi_hotel:371,16420,3,0.39406299591064453,0.668152928352356,0.190394327044487,0.08391818404197693,0.17382125556468964,3.522099018096924,1.0,-0.72:3.34;-0.67:3.29;-0.61:3.24;-0.6:3.24;-0.6:3.24;-0.6:3.24;-0.6:3.24;-0.67:3.27,-0.61:3.24;-0.6:3.24;-0.6:3.24;-0.6:3.24;-0.6:3.24;-0.6:3.24;-0.6:3.24;-0.6:3.24;-0.6:3.24;-0.6:3.24;-0.6:3.24;-0.67:3.28,-0.7109293:3.270571;-0.7544924:3.268473;-0.7984064:3.267283;-0.8675538:3.24907;-0.9114906:3.268098;-0.9504591:3.270297;-1.010255:3.307913;-1.083546:3.26628;-1.126072:3.233164;-1.195058:3.268318;-1.241457:3.292503;-1.337294:3.313871
sigma3_hotel_seed42,tril,HOTEL:biwi_hotel:386:16420,HOTEL,biwi_hotel,biwi_hotel:386,16420,3,0.5388580560684204,1.3560724258422852,0.45069390535354614,0.4352377951145172,0.5059598684310913,1.5282989740371704,0.0,3.21:2.76;3:2.74;2.89:2.74;2.73:2.82;2.56:2.96;2.46:3.04;2.27:3.05;2.09:3.04,1.97:3.02;1.83:3.04;1.62:3.14;1.5:3.18;1.45:3.17;1.43:3.16;1.43:3.16;1.43:3.16;1.43:3.16;1.43:3.16;1.43:3.16;1.43:3.16,1.912888:3.052619;1.755947:3.064018;1.590827:3.06136;1.416871:3.081085;1.245048:3.120639;1.094439:3.109595;0.9120576:3.128458;0.735554:3.142017;0.5932602:3.14447;0.4332745:3.193449;0.2767881:3.234709;0.07936597:3.281327
sigma3_hotel_seed42,tril,HOTEL:biwi_hotel:361:16430,HOTEL,biwi_hotel,biwi_hotel:361,16430,3,0.23088900744915009,0.4338354170322418,0.3259601294994354,0.2618745267391205,1.0994117259979248,14.999337196350098,0.5,-0.72:-6.71;-0.62:-6.81;-0.71:-6.72;-0.65:-6.8;-0.71:-6.72;-0.65:-6.75;-0.59:-6.78;-0.7:-6.71,-0.72:-6.71;-0.72:-6.71;-0.72:-6.71;-0.72:-6.71;-0.72:-6.71;-0.72:-6.71;-0.72:-6.71;-0.72:-6.71;-0.72:-6.71;-0.72:-6.71;-0.72:-6.71;-0.72:-6.71,-0.7276525:-6.714057;-0.7700156:-6.708475;-0.8197958:-6.707315;-0.8734537:-6.715903;-0.8931686:-6.703216;-0.9345598:-6.683261;-0.976066:-6.625131;-1.004701:-6.664292;-1.039784:-6.682461;-1.085391:-6.676148;-1.102911:-6.640441;-1.148655:-6.643154
sigma3_hotel_seed42,tril,HOTEL:biwi_hotel:369:16430,HOTEL,biwi_hotel,biwi_hotel:369,16430,3,0.1192140057682991,0.13893017172813416,0.0707106813788414,0.17571532726287842,0.6749578714370728,6.8689141273498535,1.0,-0.6:2.77;-0.7:2.71;-0.72:2.67;-0.57:2.7;-0.56:2.7;-0.67:2.66;-0.68:2.64;-0.7:2.62,-0.57:2.69;-0.56:2.7;-0.68:2.65;-0.7:2.64;-0.7:2.64;-0.68:2.66;-0.69:2.66;-0.71:2.68;-0.72:2.65;-0.57:2.7;-0.68:2.67;-0.7:2.65,-0.7078384:2.619613;-0.7186205:2.611183;-0.7255637:2.614728;-0.7401706:2.597769;-0.7391704:2.6035;-0.748116:2.606877;-0.7613941:2.634056;-0.7775989:2.59819;-0.7916024:2.569555;-0.7982202:2.582203;-0.8067855:2.585011;-0.8260319:2.59154
sigma3_hotel_seed42,tril,HOTEL:biwi_hotel:371:16430,HOTEL,biwi_hotel,biwi_hotel:371,16430,3,0.02663157694041729,0.007932592183351517,0.16770510375499725,0.0826222375035286,0.31254854798316956,6.514276027679443,1.0,-0.67:3.29;-0.61:3.24;-0.6:3.24;-0.6:3.24;-0.6:3.24;-0.6:3.24;-0.67:3.27;-0.61:3.24,-0.6:3.24;-0.6:3.24;-0.6:3.24;-0.6:3.24;-0.6:3.24;-0.6:3.24;-0.6:3.24;-0.6:3.24;-0.6:3.24;-0.6:3.24;-0.67:3.28;-0.61:3.24,-0.6098115:3.238259;-0.6205104:3.238034;-0.6166593:3.238273;-0.6291684:3.224729;-0.6206504:3.226858;-0.6111324:3.228215;-0.6107081:3.248069;-0.6236869:3.229578;-0.6188003:3.20055;-0.6166372:3.222508;-0.6137213:3.218196;-0.614289:3.233327
sigma3_hotel_seed42,tril,HOTEL:biwi_hotel:386:16430,HOTEL,biwi_hotel,biwi_hotel:386,16430,3,0.3366140127182007,0.8385375142097473,0.3041381239891052,0.4033467471599579,0.4630924165248871,1.5429974794387817,0.0,3:2.74;2.89:2.74;2.73:2.82;2.56:2.96;2.46:3.04;2.27:3.05;2.09:3.04;1.97:3.02,1.83:3.04;1.62:3.14;1.5:3.18;1.45:3.17;1.43:3.16;1.43:3.16;1.43:3.16;1.43:3.16;1.43:3.16;1.43:3.16;1.43:3.16;1.43:3.16,1.84708:3.023205;1.763818:3.023041;1.669383:2.995403;1.546062:3.020277;1.447995:3.043528;1.358496:3.018567;1.22774:3.077751;1.094181:3.026334;0.9904282:3.003588;0.8830854:3.045711;0.7541366:3.071293;0.593047:3.108473
sigma3_hotel_seed42,tril,HOTEL:biwi_hotel:361:16440,HOTEL,biwi_hotel,biwi_hotel:361,16440,3,0.215675950050354,0.4271301329135895,0.05000000074505806,0.2185097634792328,0.9382836222648621,12.424473762512207,0.5,-0.62:-6.81;-0.71:-6.72;-0.65:-6.8;-0.71:-6.72;-0.65:-6.75;-0.59:-6.78;-0.7:-6.71;-0.72:-6.71,-0.72:-6.71;-0.72:-6.71;-0.72:-6.71;-0.72:-6.71;-0.72:-6.71;-0.72:-6.71;-0.72:-6.71;-0.72:-6.71;-0.72:-6.71;-0.72:-6.71;-0.72:-6.71;-0.72:-6.71,-0.7427206:-6.70825;-0.7754655:-6.709877;-0.8071828:-6.702444;-0.8520091:-6.72738;-0.881942:-6.709946;-0.9108024:-6.701073;-0.946155:-6.686044;-0.9944861:-6.705573;-1.018547:-6.730487;-1.063178:-6.705416;-1.083962:-6.686539;-1.145329:-6.670812
sigma3_hotel_seed42,tril,HOTEL:biwi_hotel:369:16440,HOTEL,biwi_hotel,biwi_hotel:369,16440,3,0.8677799105644226,1.3743051290512085,0.3691205680370331,0.18679718673229218,0.771277129650116,9.152320861816406,1.0,-0.7:2.71;-0.72:2.67;-0.57:2.7;-0.56:2.7;-0.67:2.66;-0.68:2.64;-0.7:2.62;-0.57:2.69,-0.56:2.7;-0.68:2.65;-0.7:2.64;-0.7:2.64;-0.68:2.66;-0.69:2.66;-0.71:2.68;-0.72:2.65;-0.57:2.7;-0.68:2.67;-0.7:2.65;-0.57:2.69,-0.4492883:2.686309;-0.3073224:2.678746;-0.1896155:2.678957;-0.08868462:2.672471;0.0221675:2.638742;0.1372113:2.701143;0.2752557:2.73675;0.3784556:2.696196;0.518243:2.672177;0.6157529:2.670516;0.7282324:2.66137;0.803062:2.631559
sigma3_hotel_seed42,tril,HOTEL:biwi_hotel:371:16440,HOTEL,biwi_hotel,biwi_hotel:371,16440,3,0.07418825477361679,0.15970732271671295,0.02500000037252903,0.058299917727708817,0.29963070154190063,6.2831854820251465,1.0,-0.61:3.24;-0.6:3.24;-0.6:3.24;-0.6:3.24;-0.6:3.24;-0.67:3.27;-0.61:3.24;-0.6:3.24,-0.6:3.24;-0.6:3.24;-0.6:3.24;-0.6:3.24;-0.6:3.24;-0.6:3.24;-0.6:3.24;-0.6:3.24;-0.6:3.24;-0.67:3.28;-0.61:3.24;-0.6:3.24,-0.5951753:3.239946;-0.5879629:3.23816;-0.5829123:3.235883;-0.5682013:3.240116;-0.5590978:3.230427;-0.5493723:3.234445;-0.5368058:3.228942;-0.5254397:3.227643;-0.5067806:3.232406;-0.4846246:3.223686;-0.4679664:3.214899;-0.4439472:3.20603
sigma3_hotel_seed42,tril,HOTEL:biwi_hotel:386:16440,HOTEL,biwi_hotel,biwi_hotel:386,16440,3,0.5698437094688416,1.3275275230407715,0.3535533845424652,0.4145686626434326,0.411406546831131,1.3863955736160278,0.0,2.89:2.74;2.73:2.82;2.56:2.96;2.46:3.04;2.27:3.05;2.09:3.04;1.97:3.02;1.83:3.04,1.62:3.14;1.5:3.18;1.45:3.17;1.43:3.16;1.43:3.16;1.43:3.16;1.43:3.16;1.43:3.16;1.43:3.16;1.43:3.16;1.43:3.16;1.43:3.16,1.675027:3.049173;1.562395:3.050085;1.439458:3.027779;1.290501:3.053642;1.153792:3.087437;1.038107:3.057635;0.8758331:3.093945;0.71023:3.068462;0.5839664:3.054147;0.4507728:3.106367;0.2956122:3.135837;0.1027259:3.185937
sigma3_hotel_seed42,tril,HOTEL:biwi_hotel:361:16450,HOTEL,biwi_hotel,biwi_hotel:361,16450,3,0.11863581091165543,0.27227717638015747,0.0,0.17305290699005127,0.7229547500610352,9.42477798461914,0.5,-0.71:-6.72;-0.65:-6.8;-0.71:-6.72;-0.65:-6.75;-0.59:-6.78;-0.7:-6.71;-0.72:-6.71;-0.72:-6.71,-0.72:-6.71;-0.72:-6.71;-0.72:-6.71;-0.72:-6.71;-0.72:-6.71;-0.72:-6.71;-0.72:-6.71;-0.72:-6.71;-0.72:-6.71;-0.72:-6.71;-0.72:-6.71;-0.72:-6.71,-0.7098121:-6.710073;-0.6977168:-6.710024;-0.6850835:-6.714792;-0.6641223:-6.708229;-0.6448332:-6.719525;-0.6255686:-6.717213;-0.6020632:-6.727896;-0.5816111:-6.72075;-0.5531673:-6.715242;-0.518222:-6.726047;-0.4920909:-6.739685;-0.4502871:-6.74728
sigma3_hotel_seed42,tril,HOTEL:biwi_hotel:369:16450,HOTEL,biwi_hotel,biwi_hotel:369,16450,3,0.38682660460472107,0.6173506379127502,0.0353553406894207,0.17587603628635406,0.7195232510566711,7.21193790435791,1.0,-0.72:2.67;-0.57:2.7;-0.56:2.7;-0.67:2.66;-0.68:2.64;-0.7:2.62;-0.57:2.69;-0.56:2.7,-0.68:2.65;-0.7:2.64;-0.7:2.64;-0.68:2.66;-0.69:2.66;-0.71:2.68;-0.72:2.65;-0.57:2.7;-0.68:2.67;-0.7:2.65;-0.57:2.69;-0.56:2.7,-0.5316122:2.698762;-0.5056056:2.702085;-0.4675247:2.695656;-0.4130152:2.708414;-0.3688877:2.689812;-0.3263018:2.689761;-0.2702703:2.659999;-0.2201628:2.688036;-0.1707923:2.702135;-0.09008029:2.68255;-0.04454124:2.653619;0.05501467:2.646346
sigma3_hotel_seed42,tril,HOTEL:biwi_hotel:371:16450,HOTEL,biwi_hotel,biwi_hotel:371,16450,3,0.015956569463014603,0.022013874724507332,0.0,0.054728489369153976,0.29963070154190063,3.5464844703674316,1.0,-0.6:3.24;-0.6:3.24;-0.6:3.24;-0.6:3.24;-0.67:3.27;-0.61:3.24;-0.6:3.24;-0.6:3.24,-0.6:3.24;-0.6:3.24;-0.6:3.24;-0.6:3.24;-0.6:3.24;-0.6:3.24;-0.6:3.24;-0.6:3.24;-0.67:3.28;-0.61:3.24;-0.6:3.24;-0.6:3.24,-0.5973993:3.238614;-0.599615:3.240755;-0.6007957:3.240149;-0.602589:3.233698;-0.6033096:3.230638;-0.5996688:3.238959;-0.5944817:3.2417;-0.6022139:3.232871;-0.5911265:3.229029;-0.5909244:3.233525;-0.5810734:3.234419;-0.5796874:3.231514
sigma3_hotel_seed42,tril,HOTEL:biwi_hotel:386:16450,HOTEL,biwi_hotel,biwi_hotel:386,16450,3,0.9523794054985046,1.853276014328003,0.5814851522445679,0.43375030159950256,0.4587751030921936,1.4636409282684326,0.0,2.73:2.82;2.56:2.96;2.46:3.04;2.27:3.05;2.09:3.04;1.97:3.02;1.83:3.04;1.62:3.14,1.5:3.18;1.45:3.17;1.43:3.16;1.43:3.16;1.43:3.16;1.43:3.16;1.43:3.16;1.43:3.16;1.43:3.16;1.43:3.16;1.43:3.16;1.43:3.16,1.441118:3.144596;1.266641:3.15753;1.076261:3.151378;0.8893733:3.187912;0.7289193:3.193344;0.5610999:3.209424;0.3762667:3.286023;0.2226924:3.244971;0.06786621:3.255996;-0.1003826:3.25587;-0.2495067:3.295824;-0.4188086:3.288604
sigma3_hotel_seed42,tril,HOTEL:biwi_hotel:361:16460,HOTEL,biwi_hotel,biwi_hotel:361,16460,3,0.05476123094558716,0.1386537253856659,0.0,0.13733862340450287,0.5146214365959167,6.2831854820251465,0.5,-0.65:-6.8;-0.71:-6.72;-0.65:-6.75;-0.59:-6.78;-0.7:-6.71;-0.72:-6.71;-0.72:-6.71;-0.72:-6.71,-0.72:-6.71;-0.72:-6.71;-0.72:-6.71;-0.72:-6.71;-0.72:-6.71;-0.72:-6.71;-0.72:-6.71;-0.72:-6.71;-0.72:-6.71;-0.72:-6.71;-0.72:-6.71;-0.72:-6.71,-0.7170307:-6.710788;-0.7131962:-6.707853;-0.7086978:-6.713761;-0.6990965:-6.705971;-0.6928638:-6.716663;-0.6803864:-6.713701;-0.6676407:-6.721679;-0.6622409:-6.716467;-0.6396862:-6.710115;-0.62043:-6.714553;-0.6052759:-6.724138;-0.5826229:-6.728772
sigma3_hotel_seed42,tril,HOTEL:biwi_hotel:369:16460,HOTEL,biwi_hotel,biwi_hotel:369,16460,3,0.589851975440979,1.1928067207336426,0.32499998807907104,0.167672261595726,0.7195232510566711,9.765527725219727,1.0,-0.57:2.7;-0.56:2.7;-0.67:2.66;-0.68:2.64;-0.7:2.62;-0.57:2.69;-0.56:2.7;-0.68:2.65,-0.7:2.64;-0.7:2.64;-0.68:2.66;-0.69:2.66;-0.71:2.68;-0.72:2.65;-0.57:2.7;-0.68:2.67;-0.7:2.65;-0.57:2.69;-0.56:2.7;-0.56:2.7,-0.7632661:2.652386;-0.8313643:2.658466;-0.9256651:2.652551;-1.035475:2.651299;-1.111659:2.676356;-1.192659:2.684275;-1.288161:2.743346;-1.378666:2.706043;-1.447636:2.690707;-1.560743:2.716142;-1.62066:2.761842;-1.750856:2.768182
sigma3_hotel_seed42,tril,HOTEL:biwi_hotel:371:16460,HOTEL,biwi_hotel,biwi_hotel:371,16460,3,0.07021009176969528,0.14784066379070282,0.0,0.054728489369153976,0.29963070154190063,3.5464844703674316,1.0,-0.6:3.24;-0.6:3.24;-0.6:3.24;-0.67:3.27;-0.61:3.24;-0.6:3.24;-0.6:3.24;-0.6:3.24,-0.6:3.24;-0.6:3.24;-0.6:3.24;-0.6:3.24;-0.6:3.24;-0.6:3.24;-0.6:3.24;-0.67:3.28;-0.61:3.24;-0.6:3.24;-0.6:3.24;-0.6:3.24,-0.6027312:3.238742;-0.6211615:3.244386;-0.6281161:3.248312;-0.6481149:3.225833;-0.6611298:3.236374;-0.6647813:3.246035;-0.6693503:3.250042;-0.7012401:3.241081;-0.7038426:3.224357;-0.7225899:3.249402;-0.7245559:3.260429;-0.7440105:3.273434
sigma3_hotel_seed42,tril,HOTEL:biwi_hotel:386:16460,HOTEL,biwi_hotel,biwi_hotel:386,16460,3,0.7329409718513489,1.492621898651123,0.3162277638912201,0.4002731442451477,0.47541168332099915,1.5721261501312256,0.0,2.56:2.96;2.46:3.04;2.27:3.05;2.09:3.04;1.97:3.02;1.83:3.04;1.62:3.14;1.5:3.18,1.45:3.17;1.43:3.16;1.43:3.16;1.43:3.16;1.43:3.16;1.43:3.16;1.43:3.16;1.43:3.16;1.43:3.16;1.43:3.16;1.43:3.16;1.43:3.16,1.363004:3.18691;1.266599:3.18683;1.159733:3.165308;1.026103:3.186029;0.9046952:3.217712;0.8028657:3.190462;0.6566688:3.233077;0.5045953:3.197533;0.3901235:3.179578;0.2665286:3.232002;0.1255964:3.26172;-0.05537009:3.306957
sigma3_hotel_seed42,tril,HOTEL:biwi_hotel:361:16470,HOTEL,biwi_hotel,biwi_hotel:361,16470,3,0.19349269568920135,0.3959520757198334,0.0,0.10162433236837387,0.3450503945350647,3.6052403450012207,0.375,-0.71:-6.72;-0.65:-6.75;-0.59:-6.78;-0.7:-6.71;-0.72:-6.71;-0.72:-6.71;-0.72:-6.71;-0.72:-6.71,-0.72:-6.71;-0.72:-6.71;-0.72:-6.71;-0.72:-6.71;-0.72:-6.71;-0.72:-6.71;-0.72:-6.71;-0.72:-6.71;-0.72:-6.71;-0.72:-6.71;-0.72:-6.71;-0.72:-6.71,-0.7331242:-6.711058;-0.766148:-6.704798;-0.7908536:-6.696409;-0.8360209:-6.728634;-0.8673609:-6.710751;-0.887713:-6.696449;-0.9129354:-6.680924;-0.9680574:-6.699455;-0.9848529:-6.72524;-1.037037:-6.688684;-1.0517:-6.665742;-1.111095:-6.648172
sigma3_hotel_seed42,tril,HOTEL:biwi_hotel:369:16470,HOTEL,biwi_hotel,biwi_hotel:369,16470,3,0.15171891450881958,0.17137983441352844,0.055901698768138885,0.17208679020404816,0.6999526619911194,7.041563034057617,1.0,-0.56:2.7;-0.67:2.66;-0.68:2.64;-0.7:2.62;-0.57:2.69;-0.56:2.7;-0.68:2.65;-0.7:2.64,-0.7:2.64;-0.68:2.66;-0.69:2.66;-0.71:2.68;-0.72:2.65;-0.57:2.7;-0.68:2.67;-0.7:2.65;-0.57:2.69;-0.56:2.7;-0.56:2.7;-0.68:2.67,-0.7115537:2.643747;-0.7398078:2.643329;-0.7592915:2.656938;-0.7776704:2.634757;-0.7886933:2.652281;-0.8042694:2.660944;-0.8169233:2.655092;-0.8317482:2.666625;-0.8413378:2.651551;-0.8466055:2.666763;-0.8440334:2.677562;-0.849798:2.693231
sigma3_hotel_seed42,tril,HOTEL:biwi_hotel:371:16470,HOTEL,biwi_hotel,biwi_hotel:371,16470,3,0.1370331048965454,0.28890177607536316,0.0,0.054728489369153976,0.29963070154190063,3.5464844703674316,1.0,-0.6:3.24;-0.6:3.24;-0.67:3.27;-0.61:3.24;-0.6:3.24;-0.6:3.24;-0.6:3.24;-0.6:3.24,-0.6:3.24;-0.6:3.24;-0.6:3.24;-0.6:3.24;-0.6:3.24;-0.6:3.24;-0.67:3.28;-0.61:3.24;-0.6:3.24;-0.6:3.24;-0.6:3.24;-0.6:3.24,-0.6134056:3.23981;-0.6348183:3.240933;-0.6550956:3.244349;-0.6862941:3.226512;-0.7094049:3.23517;-0.7254318:3.244157;-0.7471663:3.256728;-0.7860228:3.2377;-0.7968691:3.22114;-0.8314515:3.241992;-0.8432934:3.255227;-0.8879415:3.263536
sigma3_hotel_seed42,tril,HOTEL:biwi_hotel:386:16470,HOTEL,biwi_hotel,biwi_hotel:386,16470,3,0.19480739533901215,0.41194719076156616,0.12747548520565033,0.3727473318576813,0.44625094532966614,1.4691144227981567,0.0,2.46:3.04;2.27:3.05;2.09:3.04;1.97:3.02;1.83:3.04;1.62:3.14;1.5:3.18;1.45:3.17,1.43:3.16;1.43:3.16;1.43:3.16;1.43:3.16;1.43:3.16;1.43:3.16;1.43:3.16;1.43:3.16;1.43:3.16;1.43:3.16;1.43:3.16;1.43:3.16,1.424718:3.171516;1.395589:3.165984;1.365354:3.170946;1.32299:3.150904;1.294228:3.164707;1.265518:3.169992;1.226379:3.192255;1.17921:3.161641;1.151807:3.135648;1.109146:3.158226;1.082797:3.173664;1.018906:3.186504
sigma3_hotel_seed42,tril,HOTEL:biwi_hotel:361:16480,HOTEL,biwi_hotel,biwi_hotel:361,16480,3,0.024184389039874077,0.09730783849954605,0.0,0.07766646146774292,0.3450503945350647,3.6052403450012207,0.25,-0.65:-6.75;-0.59:-6.78;-0.7:-6.71;-0.72:-6.71;-0.72:-6.71;-0.72:-6.71;-0.72:-6.71;-0.72:-6.71,-0.72:-6.71;-0.72:-6.71;-0.72:-6.71;-0.72:-6.71;-0.72:-6.71;-0.72:-6.71;-0.72:-6.71;-0.72:-6.71;-0.72:-6.71;-0.72:-6.71;-0.72:-6.71;-0.65:-6.69,-0.7159947:-6.709222;-0.7264673:-6.707965;-0.727606:-6.702599;-0.7338477:-6.713259;-0.7420063:-6.711588;-0.7347692:-6.706756;-0.7371745:-6.716787;-0.7513375:-6.711071;-0.7403149:-6.718019;-0.7449386:-6.702002;-0.740172:-6.700806;-0.7473078:-6.690089
sigma3_hotel_seed42,tril,HOTEL:biwi_hotel:369:16480,HOTEL,biwi_hotel,biwi_hotel:369,16480,3,0.12988786399364471,0.17015674710273743,0.0,0.13028427958488464,0.6170154213905334,6.2831854820251465,1.0,-0.67:2.66;-0.68:2.64;-0.7:2.62;-0.57:2.69;-0.56:2.7;-0.68:2.65;-0.7:2.64;-0.7:2.64,-0.68:2.66;-0.69:2.66;-0.71:2.68;-0.72:2.65;-0.57:2.7;-0.68:2.67;-0.7:2.65;-0.57:2.69;-0.56:2.7;-0.56:2.7;-0.68:2.67;-0.66:2.64,-0.7109148:2.640686;-0.7169192:2.63499;-0.7301878:2.63276;-0.7491268:2.628824;-0.753149:2.627428;-0.7595749:2.63009;-0.774473:2.649912;-0.7887785:2.625386;-0.7892262:2.610306;-0.8033583:2.614834;-0.8041151:2.61609;-0.8282059:2.614308
sigma3_hotel_seed42,tril,HOTEL:biwi_hotel:371:16480,HOTEL,biwi_hotel,biwi_hotel:371,16480,3,0.07360918074846268,0.14550188183784485,0.0,0.054728489369153976,0.22029972076416016,3.5464844703674316,1.0,-0.6:3.24;-0.67:3.27;-0.61:3.24;-0.6:3.24;-0.6:3.24;-0.6:3.24;-0.6:3.24;-0.6:3.24,-0.6:3.24;-0.6:3.24;-0.6:3.24;-0.6:3.24;-0.6:3.24;-0.67:3.28;-0.61:3.24;-0.6:3.24;-0.6:3.24;-0.6:3.24;-0.6:3.24;-0.6:3.24,-0.6047029:3.239776;-0.6252593:3.24389;-0.6317315:3.248636;-0.6504142:3.225094;-0.6621249:3.238703;-0.6668215:3.246045;-0.6721545:3.24628;-0.7030861:3.240874;-0.709215:3.222561;-0.7219671:3.247819;-0.7262018:3.257913;-0.7412419:3.274951
sigma3_hotel_seed42,tril,HOTEL:biwi_hotel:386:16480,HOTEL,biwi_hotel,biwi_hotel:386,16480,3,0.012049325741827488,0.03946034237742424,0.055901698768138885,0.3127822279930115,0.4542085826396942,1.6272848844528198,0.125,2.27:3.05;2.09:3.04;1.97:3.02;1.83:3.04;1.62:3.14;1.5:3.18;1.45:3.17;1.43:3.16,1.43:3.16;1.43:3.16;1.43:3.16;1.43:3.16;1.43:3.16;1.43:3.16;1.43:3.16;1.43:3.16;1.43:3.16;1.43:3.16;1.43:3.16;1.43:3.16,1.42928:3.159345;1.426228:3.161401;1.425444:3.158827;1.427441:3.15932;1.426609:3.153971;1.43123:3.158596;1.436047:3.154174;1.431202:3.153801;1.44387:3.154526;1.452863:3.156082;1.460083:3.151801;1.46845:3.15113
sigma3_hotel_seed42,tril,HOTEL:biwi_hotel:388:16480,HOTEL,biwi_hotel,biwi_hotel:388,16480,3,3.916973829269409,7.310729026794434,1.507481336593628,1.5286931991577148,0.5755314826965332,0.8065474033355713,1.5,3.45:-9.94;3.34:-9.38;3.31:-8.72;3.16:-8.13;3.14:-7.5;3.05:-6.9;2.94:-6.31;2.88:-5.71,2.77:-5.13;2.69:-4.57;2.66:-3.99;2.61:-3.39;2.6:-2.77;2.62:-2.21;2.61:-1.64;2.66:-1.07;2.65:-0.45;2.65:0.15;2.66:0.68;2.68:1.12,2.809608:-5.731808;2.634556:-5.791162;2.499623:-5.670742;2.434666:-5.778345;2.178371:-5.820797;2.028061:-5.701428;1.820536:-5.421371;1.636564:-5.877124;1.382092:-5.881954;1.081267:-5.829725;0.937498:-5.717598;0.7437737:-5.929666
sigma3_hotel_seed42,tril,HOTEL:biwi_hotel:389:16480,HOTEL,biwi_hotel,biwi_hotel:389,16480,3,4.188795566558838,7.79798698425293,1.5348045825958252,1.5201257467269897,0.6594821810722351,0.7342180013656616,1.0,4:-10.12;4.02:-9.59;3.98:-8.99;3.81:-8.3;3.8:-7.73;3.8:-7.11;3.69:-6.51;3.56:-5.91,3.5:-5.25;3.41:-4.57;3.3:-4.03;3.28:-3.45;3.25:-2.81;3.24:-2.25;3.26:-1.74;3.35:-1.13;3.34:-0.4;3.42:0.17;3.49:0.83;3.51:1.18,3.393045:-5.922962;3.141835:-5.964139;2.921385:-5.86914;2.755374:-5.926375;2.443408:-5.979814;2.229514:-5.87576;1.955104:-5.621715;1.709443:-6.005676;1.420451:-5.995755;1.072134:-5.961971;0.8651335:-5.875839;0.6162853:-6.061203
sigma3_hotel_seed42,tril,HOTEL:biwi_hotel:361:16490,HOTEL,biwi_hotel,biwi_hotel:361,16490,3,0.0770416334271431,0.2025155872106552,0.0,0.05370858684182167,0.13960160315036774,0.5667291879653931,0.125,-0.59:-6.78;-0.7:-6.71;-0.72:-6.71;-0.72:-6.71;-0.72:-6.71;-0.72:-6.71;-0.72:-6.71;-0.72:-6.71,-0.72:-6.71;-0.72:-6.71;-0.72:-6.71;-0.72:-6.71;-0.72:-6.71;-0.72:-6.71;-0.72:-6.71;-0.72:-6.71;-0.72:-6.71;-0.72:-6.71;-0.65:-6.69;-0.64:-6.69,-0.7216995:-6.71096;-0.7393018:-6.70708;-0.7447848:-6.701639;-0.7609472:-6.725462;-0.7714894:-6.714375;-0.7757517:-6.704785;-0.7790449:-6.701803;-0.8074743:-6.711188;-0.8115608:-6.728791;-0.8251785:-6.70561;-0.8269918:-6.695639;-0.8423811:-6.682622
sigma3_hotel_seed42,tril,HOTEL:biwi_hotel:369:16490,HOTEL,biwi_hotel,biwi_hotel:369,16490,3,0.10162890702486038,0.17617736756801605,0.0707106813788414,0.13239985704421997,0.6360615491867065,8.78127670288086,1.0,-0.68:2.64;-0.7:2.62;-0.57:2.69;-0.56:2.7;-0.68:2.65;-0.7:2.64;-0.7:2.64;-0.68:2.66,-0.69:2.66;-0.71:2.68;-0.72:2.65;-0.57:2.7;-0.68:2.67;-0.7:2.65;-0.57:2.69;-0.56:2.7;-0.56:2.7;-0.68:2.67;-0.66:2.64;-0.57:2.69,-0.6687081:2.66092;-0.6640092:2.655854;-0.6456548:2.659046;-0.6240585:2.649995;-0.5969222:2.647993;-0.5794584:2.647781;-0.5560674:2.63916;-0.5367957:2.64342;-0.5193384:2.628115;-0.4736732:2.628307;-0.4539334:2.610831;-0.4084985:2.619603
sigma3_hotel_seed42,tril,HOTEL:biwi_hotel:371:16490,HOTEL,biwi_hotel,biwi_hotel:371,16490,3,0.08540764451026917,0.18089289963245392,0.0,0.02752929925918579,0.07115574926137924,0.46364760398864746,1.0,-0.67:3.27;-0.61:3.24;-0.6:3.24;-0.6:3.24;-0.6:3.24;-0.6:3.24;-0.6:3.24;-0.6:3.24,-0.6:3.24;-0.6:3.24;-0.6:3.24;-0.6:3.24;-0.67:3.28;-0.61:3.24;-0.6:3.24;-0.6:3.24;-0.6:3.24;-0.6:3.24;-0.6:3.24;-0.6:3.24,-0.6056347:3.237673;-0.6167945:3.240981;-0.6313628:3.240729;-0.6528236:3.2305;-0.6691078:3.229709;-0.6777902:3.241566;-0.689281:3.256968;-0.7171309:3.235053;-0.7163953:3.226487;-0.7449808:3.238573;-0.7474074:3.248482;-0.7807966:3.245901
sigma3_hotel_seed42,tril,HOTEL:biwi_hotel:386:16490,HOTEL,biwi_hotel,biwi_hotel:386,16490,3,0.10473597794771194,0.20236912369728088,0.0,0.24839738011360168,0.4141388535499573,1.5176347494125366,0.25,2.09:3.04;1.97:3.02;1.83:3.04;1.62:3.14;1.5:3.18;1.45:3.17;1.43:3.16;1.43:3.16,1.43:3.16;1.43:3.16;1.43:3.16;1.43:3.16;1.43:3.16;1.43:3.16;1.43:3.16;1.43:3.16;1.43:3.16;1.43:3.16;1.43:3.16;1.43:3.14,1.416114:3.15986;1.405124:3.160471;1.385735:3.15663;1.362754:3.156529;1.344676:3.153909;1.33431:3.159902;1.316217:3.170796;1.291171:3.155142;1.292026:3.151994;1.266856:3.15794;1.261885:3.164083;1.22869:3.160679
sigma3_hotel_seed42,tril,HOTEL:biwi_hotel:388:16490,HOTEL,biwi_hotel,biwi_hotel:388,16490,3,3.9998369216918945,7.53571081161499,1.4758472442626953,1.535706639289856,0.4982285499572754,0.7457720041275024,1.375,3.34:-9.38;3.31:-8.72;3.16:-8.13;3.14:-7.5;3.05:-6.9;2.94:-6.31;2.88:-5.71;2.77:-5.13,2.69:-4.57;2.66:-3.99;2.61:-3.39;2.6:-2.77;2.62:-2.21;2.61:-1.64;2.66:-1.07;2.65:-0.45;2.65:0.15;2.66:0.68;2.68:1.12;2.62:1.78,2.624494:-5.144859;2.391799:-5.189315;2.191422:-5.090133;2.047991:-5.157691;1.751301:-5.207914;1.552274:-5.101585;1.29481:-4.842909;1.064429:-5.239437;0.7844228:-5.233411;0.4494941:-5.195908;0.2574506:-5.104818;0.02290225:-5.294038
sigma3_hotel_seed42,tril,HOTEL:biwi_hotel:389:16490,HOTEL,biwi_hotel,biwi_hotel:389,16490,3,4.125504970550537,7.845004558563232,1.6568042039871216,1.5673916339874268,0.6594821810722351,0.7526406645774841,1.0,4.02:-9.59;3.98:-8.99;3.81:-8.3;3.8:-7.73;3.8:-7.11;3.69:-6.51;3.56:-5.91;3.5:-5.25,3.41:-4.57;3.3:-4.03;3.28:-3.45;3.25:-2.81;3.24:-2.25;3.26:-1.74;3.35:-1.13;3.34:-0.4;3.42:0.17;3.49:0.83;3.51:1.18;3.48:1.88,3.414371:-5.271853;3.20847:-5.34894;3.042977:-5.201498;2.965567:-5.331064;2.652029:-5.383039;2.471553:-5.243742;2.218942:-4.924005;1.999884:-5.463824;1.699236:-5.461348;1.331451:-5.407167;1.167288:-5.275868;0.9307828:-5.539271
sigma3_hotel_seed42,tril,HOTEL:biwi_hotel:361:16500,HOTEL,biwi_hotel,biwi_hotel:361,16500,3,0.12714944779872894,0.29465487599372864,0.0,0.0071428571827709675,0.02083333395421505,0.0,0.0,-0.7:-6.71;-0.72:-6.71;-0.72:-6.71;-0.72:-6.71;-0.72:-6.71;-0.72:-6.71;-0.72:-6.71;-0.72:-6.71,-0.72:-6.71;-0.72:-6.71;-0.72:-6.71;-0.72:-6.71;-0.72:-6.71;-0.72:-6.71;-0.72:-6.71;-0.72:-6.71;-0.72:-6.71;-0.65:-6.69;-0.64:-6.69;-0.64:-6.69,-0.7298821:-6.71085;-0.7464104:-6.709611;-0.7623145:-6.707405;-0.7838919:-6.720658;-0.8027391:-6.716123;-0.815361:-6.706881;-0.8310174:-6.696745;-0.8616586:-6.714647;-0.8685976:-6.725443;-0.8933214:-6.710675;-0.9019185:-6.700384;-0.9345791:-6.69668
sigma3_hotel_seed42,tril,HOTEL:biwi_hotel:369:16500,HOTEL,biwi_hotel,biwi_hotel:369,16500,3,0.06375301629304886,0.07648800313472748,0.02500000037252903,0.1258697509765625,0.49140214920043945,8.287335395812988,1.0,-0.7:2.62;-0.57:2.69;-0.56:2.7;-0.68:2.65;-0.7:2.64;-0.7:2.64;-0.68:2.66;-0.69:2.66,-0.71:2.68;-0.72:2.65;-0.57:2.7;-0.68:2.67;-0.7:2.65;-0.57:2.69;-0.56:2.7;-0.56:2.7;-0.68:2.67;-0.66:2.64;-0.57:2.69;-0.56:2.7,-0.689364:2.659332;-0.689274:2.661579;-0.6883767:2.657466;-0.6840358:2.661029;-0.6819479:2.653417;-0.6742714:2.657426;-0.6666315:2.65241;-0.6673192:2.65355;-0.6504859:2.656401;-0.638357:2.655233;-0.6275262:2.649077;-0.6143881:2.646219
sigma3_hotel_seed42,tril,HOTEL:biwi_hotel:371:16500,HOTEL,biwi_hotel,biwi_hotel:371,16500,3,0.1309838443994522,0.2743261754512787,0.0,0.0035714285913854837,0.010416666977107525,0.0,1.0,-0.61:3.24;-0.6:3.24;-0.6:3.24;-0.6:3.24;-0.6:3.24;-0.6:3.24;-0.6:3.24;-0.6:3.24,-0.6:3.24;-0.6:3.24;-0.6:3.24;-0.67:3.28;-0.61:3.24;-0.6:3.24;-0.6:3.24;-0.6:3.24;-0.6:3.24;-0.6:3.24;-0.6:3.24;-0.6:3.24,-0.6121237:3.238129;-0.6298399:3.241118;-0.6501464:3.241603;-0.6772037:3.230928;-0.7022402:3.233077;-0.7176652:3.244052;-0.7380468:3.259202;-0.7747734:3.236371;-0.7824343:3.227985;-0.8178772:3.24345;-0.8298381:3.25646;-0.8738:3.256982
sigma3_hotel_seed42,tril,HOTEL:biwi_hotel:386:16500,HOTEL,biwi_hotel,biwi_hotel:386,16500,3,0.047649115324020386,0.05724610015749931,0.0,0.20494906604290009,0.36755409836769104,1.2105889320373535,0.375,1.97:3.02;1.83:3.04;1.62:3.14;1.5:3.18;1.45:3.17;1.43:3.16;1.43:3.16;1.43:3.16,1.43:3.16;1.43:3.16;1.43:3.16;1.43:3.16;1.43:3.16;1.43:3.16;1.43:3.16;1.43:3.16;1.43:3.16;1.43:3.16;1.43:3.14;1.31:3.12,1.421786:3.159081;1.413755:3.162807;1.403972:3.157519;1.393586:3.161877;1.382289:3.155523;1.381166:3.160022;1.375048:3.160646;1.358614:3.156925;1.368136:3.158932;1.360865:3.163337;1.360575:3.162342;1.349501:3.161434
sigma3_hotel_seed42,tril,HOTEL:biwi_hotel:361:16510,HOTEL,biwi_hotel,biwi_hotel:361,16510,3,0.16904450953006744,0.3729696571826935,0.0,0.0,0.0,0.0,0.0,-0.72:-6.71;-0.72:-6.71;-0.72:-6.71;-0.72:-6.71;-0.72:-6.71;-0.72:-6.71;-0.72:-6.71;-0.72:-6.71,-0.72:-6.71;-0.72:-6.71;-0.72:-6.71;-0.72:-6.71;-0.72:-6.71;-0.72:-6.71;-0.72:-6.71;-0.72:-6.71;-0.65:-6.69;-0.64:-6.69;-0.64:-6.69;-0.64:-6.69,-0.7327429:-6.711851;-0.7519864:-6.708838;-0.7731881:-6.707692;-0.8020126:-6.720067;-0.8283949:-6.716678;-0.8451028:-6.705391;-0.8668542:-6.689686;-0.9058752:-6.713264;-0.915286:-6.723029;-0.9528793:-6.705906;-0.9662471:-6.691827;-1.01297:-6.69012
sigma3_hotel_seed42,tril,HOTEL:biwi_hotel:369:16510,HOTEL,biwi_hotel,biwi_hotel:369,16510,3,0.20648550987243652,0.299219012260437,0.0707106813788414,0.08323977142572403,0.37494024634361267,8.78127670288086,1.0,-0.57:2.69;-0.56:2.7;-0.68:2.65;-0.7:2.64;-0.7:2.64;-0.68:2.66;-0.69:2.66;-0.71:2.68,-0.72:2.65;-0.57:2.7;-0.68:2.67;-0.7:2.65;-0.57:2.69;-0.56:2.7;-0.56:2.7;-0.68:2.67;-0.66:2.64;-0.57:2.69;-0.56:2.7;-0.65:2.61,-0.7214699:2.680946;-0.739503:2.678195;-0.7568858:2.683156;-0.7826976:2.663861;-0.7975613:2.673242;-0.8126851:2.680827;-0.8310866:2.692027;-0.8608589:2.673681;-0.871215:2.653782;-0.8951892:2.669842;-0.903096:2.679546;-0.938864:2.688036
sigma3_hotel_seed42,tril,HOTEL:biwi_hotel:371:16510,HOTEL,biwi_hotel,biwi_hotel:371,16510,3,0.14133398234844208,0.2936432957649231,0.0,0.0,0.0,0.0,1.0,-0.6:3.24;-0.6:3.24;-0.6:3.24;-0.6:3.24;-0.6:3.24;-0.6:3.24;-0.6:3.24;-0.6:3.24,-0.6:3.24;-0.6:3.24;-0.67:3.28;-0.61:3.24;-0.6:3.24;-0.6:3.24;-0.6:3.24;-0.6:3.24;-0.6:3.24;-0.6:3.24;-0.6:3.24;-0.6:3.24,-0.6127429:3.238149;-0.6319864:3.241162;-0.6531881:3.242308;-0.6820126:3.229933;-0.7083949:3.233322;-0.7251028:3.244609;-0.7468542:3.260314;-0.7858752:3.236736;-0.795286:3.226971;-0.8328793:3.244094;-0.8462471:3.258173;-0.8929696:3.25988
sigma3_hotel_seed42,tril,HOTEL:biwi_hotel:386:16510,HOTEL,biwi_hotel,biwi_hotel:386,16510,3,0.0739607885479927,0.10091693699359894,0.0,0.1544414460659027,0.25682342052459717,0.9080668091773987,0.5,1.83:3.04;1.62:3.14;1.5:3.18;1.45:3.17;1.43:3.16;1.43:3.16;1.43:3.16;1.43:3.16,1.43:3.16;1.43:3.16;1.43:3.16;1.43:3.16;1.43:3.16;1.43:3.16;1.43:3.16;1.43:3.16;1.43:3.16;1.43:3.14;1.31:3.12;1.28:3.1,1.427529:3.158599;1.406577:3.164472;1.399153:3.1703;1.376863:3.143315;1.362091:3.156377;1.35681:3.167176;1.351116:3.172181;1.31538:3.161646;1.30991:3.1417;1.287732:3.170552;1.283997:3.183616;1.260608:3.199036
sigma3_hotel_seed42,tril,HOTEL:biwi_hotel:361:16520,HOTEL,biwi_hotel,biwi_hotel:361,16520,3,0.09414247423410416,0.16295966506004333,0.0,0.0,0.0,0.0,0.0,-0.72:-6.71;-0.72:-6.71;-0.72:-6.71;-0.72:-6.71;-0.72:-6.71;-0.72:-6.71;-0.72:-6.71;-0.72:-6.71,-0.72:-6.71;-0.72:-6.71;-0.72:-6.71;-0.72:-6.71;-0.72:-6.71;-0.72:-6.71;-0.72:-6.71;-0.65:-6.69;-0.64:-6.69;-0.64:-6.69;-0.64:-6.69;-0.69:-6.69,-0.723012:-6.710249;-0.7337731:-6.708895;-0.7451024:-6.70764;-0.7590191:-6.708852;-0.7771816:-6.713553;-0.7777462:-6.707349;-0.7915758:-6.708299;-0.812013:-6.712536;-0.8036599:-6.712693;-0.8234144:-6.70218;-0.8261629:-6.698337;-0.852832:-6.696449
sigma3_hotel_seed42,tril,HOTEL:biwi_hotel:369:16520,HOTEL,biwi_hotel,biwi_hotel:369,16520,3,0.17824958264827728,0.11426352709531784,0.07905694097280502,0.0894828587770462,0.2789110839366913,8.064735412597656,1.125,-0.56:2.7;-0.68:2.65;-0.7:2.64;-0.7:2.64;-0.68:2.66;-0.69:2.66;-0.71:2.68;-0.72:2.65,-0.57:2.7;-0.68:2.67;-0.7:2.65;-0.57:2.69;-0.56:2.7;-0.56:2.7;-0.68:2.67;-0.66:2.64;-0.57:2.69;-0.56:2.7;-0.65:2.61;-0.69:2.66,-0.7305584:2.655103;-0.7601469:2.654343;-0.7783781:2.671005;-0.7904864:2.650476;-0.7945834:2.669432;-0.8070967:2.677065;-0.8151622:2.66672;-0.8166845:2.690215;-0.8233197:2.676797;-0.8152375:2.689002;-0.8045506:2.697513;-0.7904828:2.7144
sigma3_hotel_seed42,tril,HOTEL:biwi_hotel:371:16520,HOTEL,biwi_hotel,biwi_hotel:371,16520,3,0.06934928148984909,0.1335214078426361,0.0,0.0,0.0,0.0,1.0,-0.6:3.24;-0.6:3.24;-0.6:3.24;-0.6:3.24;-0.6:3.24;-0.6:3.24;-0.6:3.24;-0.6:3.24,-0.6:3.24;-0.67:3.28;-0.61:3.24;-0.6:3.24;-0.6:3.24;-0.6:3.24;-0.6:3.24;-0.6:3.24;-0.6:3.24;-0.6:3.24;-0.6:3.24;-0.6:3.24,-0.603012:3.239751;-0.613773:3.241105;-0.6251024:3.24236;-0.6390191:3.241148;-0.6571816:3.236446;-0.6577462:3.242651;-0.6715758:3.241701;-0.692013:3.237464;-0.6836599:3.237307;-0.7034144:3.24782;-0.7061629:3.251663;-0.732832:3.253551
sigma3_hotel_seed42,tril,HOTEL:biwi_hotel:361:16530,HOTEL,biwi_hotel,biwi_hotel:361,16530,3,0.09265005588531494,0.04925205931067467,0.0,0.0,0.0,0.0,0.0,-0.72:-6.71;-0.72:-6.71;-0.72:-6.71;-0.72:-6.71;-0.72:-6.71;-0.72:-6.71;-0.72:-6.71;-0.72:-6.71,-0.72:-6.71;-0.72:-6.71;-0.72:-6.71;-0.72:-6.71;-0.72:-6.71;-0.72:-6.71;-0.65:-6.69;-0.64:-6.69;-0.64:-6.69;-0.64:-6.69;-0.69:-6.69;-0.82:-6.68,-0.7235659:-6.710385;-0.7352059:-6.708747;-0.7472959:-6.707417;-0.7625943:-6.709441;-0.7817947:-6.713579;-0.7833288:-6.706985;-0.7979887:-6.706982;-0.8202032:-6.712265;-0.812955:-6.713039;-0.8345871:-6.701597;-0.8382823:-6.696876;-0.8670078:-6.694698
sigma3_hotel_seed42,tril,HOTEL:biwi_hotel:369:16530,HOTEL,biwi_hotel,biwi_hotel:369,16530,3,1.0152292251586914,1.8332791328430176,0.3952847123146057,0.09952352941036224,0.35305914282798767,10.210176467895508,1.25,-0.68:2.65;-0.7:2.64;-0.7:2.64;-0.68:2.66;-0.69:2.66;-0.71:2.68;-0.72:2.65;-0.57:2.7,-0.68:2.67;-0.7:2.65;-0.57:2.69;-0.56:2.7;-0.56:2.7;-0.68:2.67;-0.66:2.64;-0.57:2.69;-0.56:2.7;-0.65:2.61;-0.69:2.66;-0.72:2.59,-0.4252922:2.698598;-0.2474318:2.68719;-0.0998815:2.686581;0.02723145:2.682768;0.156889:2.64103;0.3014732:2.709309;0.4695095:2.732155;0.5925291:2.698484;0.7683597:2.675395;0.8895989:2.674291;1.024525:2.655169;1.112978:2.623241
sigma3_hotel_seed42,tril,HOTEL:biwi_hotel:371:16530,HOTEL,biwi_hotel,biwi_hotel:371,16530,3,0.07761668413877487,0.14780199527740479,0.0,0.0,0.0,0.0,1.125,-0.6:3.24;-0.6:3.24;-0.6:3.24;-0.6:3.24;-0.6:3.24;-0.6:3.24;-0.6:3.24;-0.6:3.24,-0.67:3.28;-0.61:3.24;-0.6:3.24;-0.6:3.24;-0.6:3.24;-0.6:3.24;-0.6:3.24;-0.6:3.24;-0.6:3.24;-0.6:3.24;-0.6:3.24;-0.6:3.24,-0.6035659:3.239615;-0.6152059:3.241253;-0.6272959:3.242582;-0.6425943:3.24056;-0.6617947:3.236421;-0.6633288:3.243016;-0.6779886:3.243018;-0.7002032:3.237735;-0.692955:3.236961;-0.7145871:3.248403;-0.7182823:3.253124;-0.7470078:3.255302
sigma3_hotel_seed42,tril,HOTEL:biwi_hotel:361:16540,HOTEL,biwi_hotel,biwi_hotel:361,16540,3,0.05960988625884056,0.16997605562210083,0.0,0.0,0.0,0.0,0.125,-0.72:-6.71;-0.72:-6.71;-0.72:-6.71;-0.72:-6.71;-0.72:-6.71;-0.72:-6.71;-0.72:-6.71;-0.72:-6.71,-0.72:-6.71;-0.72:-6.71;-0.72:-6.71;-0.72:-6.71;-0.72:-6.71;-0.65:-6.69;-0.64:-6.69;-0.64:-6.69;-0.64:-6.69;-0.69:-6.69;-0.82:-6.68;-0.9:-6.67,-0.7173936:-6.70765;-0.7211078:-6.708309;-0.7246714:-6.704864;-0.7295976:-6.705246;-0.7362546:-6.708529;-0.7292322:-6.706918;-0.7337777:-6.721299;-0.7386488:-6.707018;-0.7250469:-6.706199;-0.7294567:-6.700132;-0.724051:-6.702439;-0.7320157:-6.695945
sigma3_hotel_seed42,tril,HOTEL:biwi_hotel:369:16540,HOTEL,biwi_hotel,biwi_hotel:369,16540,3,0.4233630895614624,0.8120482563972473,0.285043865442276,0.1322581171989441,0.6131307482719421,10.476428031921387,1.375,-0.7:2.64;-0.7:2.64;-0.68:2.66;-0.69:2.66;-0.71:2.68;-0.72:2.65;-0.57:2.7;-0.68:2.67,-0.7:2.65;-0.57:2.69;-0.56:2.7;-0.56:2.7;-0.68:2.67;-0.66:2.64;-0.57:2.69;-0.56:2.7;-0.65:2.61;-0.69:2.66;-0.72:2.59;-0.57:2.69,-0.7209546:2.670389;-0.7757617:2.674376;-0.8360146:2.680351;-0.9104283:2.660397;-0.958624:2.683352;-1.009802:2.698253;-1.071376:2.735752;-1.135391:2.708486;-1.178472:2.685344;-1.253829:2.712116;-1.288734:2.750037;-1.378682:2.763864
sigma3_hotel_seed42,tril,HOTEL:biwi_hotel:371:16540,HOTEL,biwi_hotel,biwi_hotel:371,16540,3,0.3623461425304413,0.65115886926651,0.20155644416809082,0.028793778270483017,0.08398184925317764,0.0,1.25,-0.6:3.24;-0.6:3.24;-0.6:3.24;-0.6:3.24;-0.6:3.24;-0.6:3.24;-0.6:3.24;-0.67:3.28,-0.61:3.24;-0.6:3.24;-0.6:3.24;-0.6:3.24;-0.6:3.24;-0.6:3.24;-0.6:3.24;-0.6:3.24;-0.6:3.24;-0.6:3.24;-0.6:3.24;-0.6:3.24,-0.7049925:3.280883;-0.7465744:3.279601;-0.7871982:3.282009;-0.8481653:3.262145;-0.8855918:3.280869;-0.9212363:3.285765;-0.9723125:3.3174;-1.034088:3.285249;-1.070395:3.25455;-1.129057:3.285943;-1.165251:3.308468;-1.245138:3.328347
sigma3_hotel_seed42,tril,HOTEL:biwi_hotel:361:16550,HOTEL,biwi_hotel,biwi_hotel:361,16550,3,0.079310342669487,0.06017486751079559,0.0,0.0,0.0,0.0,0.375,-0.72:-6.71;-0.72:-6.71;-0.72:-6.71;-0.72:-6.71;-0.72:-6.71;-0.72:-6.71;-0.72:-6.71;-0.72:-6.71,-0.72:-6.71;-0.72:-6.71;-0.72:-6.71;-0.72:-6.71;-0.65:-6.69;-0.64:-6.69;-0.64:-6.69;-0.64:-6.69;-0.69:-6.69;-0.82:-6.68;-0.9:-6.67;-0.91:-6.67,-0.7224177:-6.710081;-0.7338103:-6.708766;-0.744933:-6.706896;-0.7590904:-6.708372;-0.7778507:-6.712881;-0.7776846:-6.706935;-0.7920947:-6.709298;-0.8128786:-6.711909;-0.8040385:-6.712216;-0.8242259:-6.700658;-0.8272331:-6.696864;-0.8546845:-6.69369
sigma3_hotel_seed42,tril,HOTEL:biwi_hotel:369:16550,HOTEL,biwi_hotel,biwi_hotel:369,16550,3,0.4835214912891388,0.8814269304275513,0.0707106813788414,0.1423596441745758,0.6779949069023132,10.995573997497559,1.5,-0.7:2.64;-0.68:2.66;-0.69:2.66;-0.71:2.68;-0.72:2.65;-0.57:2.7;-0.68:2.67;-0.7:2.65,-0.57:2.69;-0.56:2.7;-0.56:2.7;-0.68:2.67;-0.66:2.64;-0.57:2.69;-0.56:2.7;-0.65:2.61;-0.69:2.66;-0.72:2.59;-0.57:2.69;-0.64:2.57,-0.7456058:2.651279;-0.7998307:2.653512;-0.8554366:2.65626;-0.9396656:2.631629;-0.9993368:2.656363;-1.046425:2.663373;-1.115538:2.696712;-1.204313:2.662681;-1.249457:2.630874;-1.340761:2.674667;-1.389386:2.708224;-1.506255:2.732836
sigma3_hotel_seed42,tril,HOTEL:biwi_hotel:371:16550,HOTEL,biwi_hotel,biwi_hotel:371,16550,3,0.03030349873006344,0.024409862235188484,0.18027757108211517,0.054547715932130814,0.24298536777496338,3.0727362632751465,1.375,-0.6:3.24;-0.6:3.24;-0.6:3.24;-0.6:3.24;-0.6:3.24;-0.6:3.24;-0.67:3.28;-0.61:3.24,-0.6:3.24;-0.6:3.24;-0.6:3.24;-0.6:3.24;-0.6:3.24;-0.6:3.24;-0.6:3.24;-0.6:3.24;-0.6:3.24;-0.6:3.24;-0.6:3.24;-0.6:3.24,-0.608095:3.239802;-0.6251395:3.240142;-0.6325278:3.250819;-0.6441873:3.232581;-0.6352385:3.238899;-0.6347066:3.249591;-0.6343397:3.267221;-0.6323068:3.261828;-0.6272602:3.238147;-0.6249659:3.251986;-0.6080089:3.255918;-0.5986731:3.264374
sigma3_hotel_seed42,tril,HOTEL:biwi_hotel:361:16560,HOTEL,biwi_hotel,biwi_hotel:361,16560,3,0.0896097794175148,0.19202010333538055,0.0,0.0,0.0,0.0,0.625,-0.72:-6.71;-0.72:-6.71;-0.72:-6.71;-0.72:-6.71;-0.72:-6.71;-0.72:-6.71;-0.72:-6.71;-0.72:-6.71,-0.72:-6.71;-0.72:-6.71;-0.72:-6.71;-0.65:-6.69;-0.64:-6.69;-0.64:-6.69;-0.64:-6.69;-0.69:-6.69;-0.82:-6.68;-0.9:-6.67;-0.91:-6.67;-0.91:-6.67,-0.7179842:-6.707181;-0.7193538:-6.70925;-0.7220454:-6.705262;-0.7251638:-6.706707;-0.7298139:-6.7086;-0.7235788:-6.707689;-0.7270147:-6.720261;-0.7292458:-6.708114;-0.7186248:-6.707806;-0.7216147:-6.702982;-0.7154405:-6.704841;-0.7203528:-6.700094
sigma3_hotel_seed42,tril,HOTEL:biwi_hotel:369:16560,HOTEL,biwi_hotel,biwi_hotel:369,16560,3,0.8900311589241028,1.5404353141784668,0.3400367498397827,0.1808348000049591,0.8087234497070312,11.294073104858398,1.5,-0.68:2.66;-0.69:2.66;-0.71:2.68;-0.72:2.65;-0.57:2.7;-0.68:2.67;-0.7:2.65;-0.57:2.69,-0.56:2.7;-0.56:2.7;-0.68:2.67;-0.66:2.64;-0.57:2.69;-0.56:2.7;-0.65:2.61;-0.69:2.66;-0.72:2.59;-0.57:2.69;-0.64:2.57;-0.58:2.69,-0.4437879:2.691405;-0.2981186:2.682118;-0.173429:2.69158;-0.054528:2.682955;0.0604583:2.650823;0.1822391:2.71255;0.333974:2.711776;0.4536338:2.710346;0.6097347:2.694012;0.7320535:2.689026;0.8598341:2.668397;0.9597966:2.645647
sigma3_hotel_seed42,tril,HOTEL:biwi_hotel:371:16560,HOTEL,biwi_hotel,biwi_hotel:371,16560,3,0.0779348686337471,0.18839944899082184,0.02500000037252903,0.058119144290685654,0.3096845746040344,3.660738706588745,1.375,-0.6:3.24;-0.6:3.24;-0.6:3.24;-0.6:3.24;-0.6:3.24;-0.67:3.28;-0.61:3.24;-0.6:3.24,-0.6:3.24;-0.6:3.24;-0.6:3.24;-0.6:3.24;-0.6:3.24;-0.6:3.24;-0.6:3.24;-0.6:3.24;-0.6:3.24;-0.6:3.24;-0.6:3.24;-0.6:3.24,-0.5975016:3.240848;-0.5874929:3.236031;-0.5822242:3.233737;-0.55807:3.2454;-0.5500667:3.23211;-0.5415166:3.233641;-0.5302238:3.222837;-0.5116967:3.223984;-0.4941927:3.237082;-0.462918:3.22074;-0.4486066:3.208291;-0.4171026:3.194802
sigma3_hotel_seed42,tril,HOTEL:biwi_hotel:361:16570,HOTEL,biwi_hotel,biwi_hotel:361,16570,3,0.09675302356481552,0.214289128780365,0.0,0.0,0.0,0.0,0.875,-0.72:-6.71;-0.72:-6.71;-0.72:-6.71;-0.72:-6.71;-0.72:-6.71;-0.72:-6.71;-0.72:-6.71;-0.72:-6.71,-0.72:-6.71;-0.72:-6.71;-0.65:-6.69;-0.64:-6.69;-0.64:-6.69;-0.64:-6.69;-0.69:-6.69;-0.82:-6.68;-0.9:-6.67;-0.91:-6.67;-0.91:-6.67;-0.92:-6.5,-0.7249413:-6.709892;-0.7351186:-6.70987;-0.7468179:-6.708865;-0.7569869:-6.707139;-0.77561:-6.712809;-0.777824:-6.707706;-0.792496:-6.710483;-0.8104206:-6.714312;-0.8039699:-6.711292;-0.8192704:-6.704265;-0.8240027:-6.701769;-0.8473263:-6.70159
sigma3_hotel_seed42,tril,HOTEL:biwi_hotel:369:16570,HOTEL,biwi_hotel,biwi_hotel:369,16570,3,0.10418152064085007,0.2086201161146164,0.0353553406894207,0.18231414258480072,0.9142781496047974,10.995573997497559,1.5,-0.69:2.66;-0.71:2.68;-0.72:2.65;-0.57:2.7;-0.68:2.67;-0.7:2.65;-0.57:2.69;-0.56:2.7,-0.56:2.7;-0.68:2.67;-0.66:2.64;-0.57:2.69;-0.56:2.7;-0.65:2.61;-0.69:2.66;-0.72:2.59;-0.57:2.69;-0.64:2.57;-0.58:2.69;-0.64:2.81,-0.5613732:2.700422;-0.554371:2.69466;-0.5572553:2.689699;-0.5615232:2.69278;-0.5508124:2.683703;-0.5446267:2.685658;-0.5440253:2.701303;-0.5388412:2.682658;-0.5234205:2.673431;-0.5196406:2.667762;-0.5044941:2.660882;-0.5041604:2.651665
sigma3_hotel_seed42,tril,HOTEL:biwi_hotel:371:16570,HOTEL,biwi_hotel,biwi_hotel:371,16570,3,0.0317007414996624,0.08554300665855408,0.0,0.058119144290685654,0.32010123133659363,3.660738706588745,1.375,-0.6:3.24;-0.6:3.24;-0.6:3.24;-0.6:3.24;-0.67:3.28;-0.61:3.24;-0.6:3.24;-0.6:3.24,-0.6:3.24;-0.6:3.24;-0.6:3.24;-0.6:3.24;-0.6:3.24;-0.6:3.24;-0.6:3.24;-0.6:3.24;-0.6:3.24;-0.6:3.24;-0.6:3.24;-0.67:3.32,-0.6003445:3.237973;-0.6071118:3.240952;-0.6126177:3.240844;-0.6202013:3.233286;-0.6266323:3.230212;-0.6279619:3.239931;-0.6283506:3.245555;-0.6435778:3.233762;-0.6361841:3.227918;-0.6437711:3.235382;-0.6402221:3.237628;-0.6504533:3.23672
sigma3_hotel_seed42,tril,HOTEL:biwi_hotel:391:16570,HOTEL,biwi_hotel,biwi_hotel:391,16570,3,2.27425217628479,4.223726272583008,1.006541132926941,1.2534841299057007,0.6901121139526367,1.0322152376174927,0.625,3.34:-10.19;3.12:-9.64;3.04:-9.14;2.91:-8.65;2.69:-8.15;2.66:-7.61;2.6:-7.2;2.5:-6.81,2.47:-6.45;2.42:-6.12;2.35:-5.8;2.39:-5.52;2.49:-5.23;2.6:-4.91;2.65:-4.62;2.89:-4.27;2.98:-3.98;2.95:-3.64;2.97:-3.42;3.01:-3.14,2.405634:-6.826242;2.266988:-6.833477;2.15497:-6.795624;2.062416:-6.821907;1.919975:-6.841725;1.801065:-6.78671;1.664387:-6.606209;1.536256:-6.825211;1.365288:-6.84097;1.198815:-6.807845;1.073274:-6.754032;0.9576868:-6.831595
sigma3_hotel_seed42,tril,HOTEL:biwi_hotel:361:16580,HOTEL,biwi_hotel,biwi_hotel:361,16580,3,0.10903280973434448,0.20060710608959198,0.0,0.0,0.0,0.0,1.125,-0.72:-6.71;-0.72:-6.71;-0.72:-6.71;-0.72:-6.71;-0.72:-6.71;-0.72:-6.71;-0.72:-6.71;-0.72:-6.71,-0.72:-6.71;-0.65:-6.69;-0.64:-6.69;-0.64:-6.69;-0.64:-6.69;-0.69:-6.69;-0.82:-6.68;-0.9:-6.67;-0.91:-6.67;-0.91:-6.67;-0.92:-6.5;-0.97:-6.54,-0.7318658:-6.709928;-0.7420006:-6.711911;-0.756744:-6.712175;-0.7619173:-6.707106;-0.7827991:-6.713009;-0.7932848:-6.708305;-0.8102059:-6.708802;-0.8271807:-6.719003;-0.8298141:-6.711378;-0.8395109:-6.711044;-0.8505318:-6.708612;-0.8700873:-6.713956
sigma3_hotel_seed42,tril,HOTEL:biwi_hotel:369:16580,HOTEL,biwi_hotel,biwi_hotel:369,16580,3,0.18449930846691132,0.29237040877342224,0.0,0.172212615609169,0.8758947253227234,8.961130142211914,1.5,-0.71:2.68;-0.72:2.65;-0.57:2.7;-0.68:2.67;-0.7:2.65;-0.57:2.69;-0.56:2.7;-0.56:2.7,-0.68:2.67;-0.66:2.64;-0.57:2.69;-0.56:2.7;-0.65:2.61;-0.69:2.66;-0.72:2.59;-0.57:2.69;-0.64:2.57;-0.58:2.69;-0.64:2.81;-0.73:2.9,-0.5813169:2.700784;-0.6184912:2.704866;-0.6492357:2.712141;-0.695924:2.685703;-0.7297019:2.705174;-0.7557577:2.715749;-0.7880501:2.726828;-0.8416761:2.714548;-0.8638136:2.692285;-0.9113247:2.723912;-0.9313126:2.746054;-0.9895065:2.765327
sigma3_hotel_seed42,tril,HOTEL:biwi_hotel:371:16580,HOTEL,biwi_hotel,biwi_hotel:371,16580,3,0.07821578532457352,0.14467991888523102,0.0,0.058119144290685654,0.32010123133659363,3.660738706588745,1.375,-0.6:3.24;-0.6:3.24;-0.6:3.24;-0.67:3.28;-0.61:3.24;-0.6:3.24;-0.6:3.24;-0.6:3.24,-0.6:3.24;-0.6:3.24;-0.6:3.24;-0.6:3.24;-0.6:3.24;-0.6:3.24;-0.6:3.24;-0.6:3.24;-0.6:3.24;-0.6:3.24;-0.67:3.32;-0.76:3.42,-0.6032887:3.238713;-0.6229749:3.244293;-0.631003:3.24885;-0.6528581:3.224828;-0.6672349:3.236287;-0.6722921:3.246422;-0.6783659:3.251487;-0.712427:3.241219;-0.7166325:3.223169;-0.737976:3.249574;-0.741237:3.261668;-0.7640051:3.275376
sigma3_hotel_seed42,tril,HOTEL:biwi_hotel:391:16580,HOTEL,biwi_hotel,biwi_hotel:391,16580,3,2.064568042755127,3.724064350128174,0.9031195640563965,1.1709411144256592,0.61458820104599,0.978225588798523,0.75,3.12:-9.64;3.04:-9.14;2.91:-8.65;2.69:-8.15;2.66:-7.61;2.6:-7.2;2.5:-6.81;2.47:-6.45,2.42:-6.12;2.35:-5.8;2.39:-5.52;2.49:-5.23;2.6:-4.91;2.65:-4.62;2.89:-4.27;2.98:-3.98;2.95:-3.64;2.97:-3.42;3.01:-3.14;2.97:-2.92,2.495719:-6.473597;2.463972:-6.49319;2.466644:-6.440261;2.487024:-6.504901;2.421:-6.523184;2.395968:-6.444466;2.357989:-6.26381;2.300653:-6.521829;2.209843:-6.554753;2.119179:-6.499602;2.065881:-6.433646;2.004985:-6.51686
sigma3_hotel_seed42,tril,HOTEL:biwi_hotel:361:16590,HOTEL,biwi_hotel,biwi_hotel:361,16590,3,0.11296302080154419,0.19140399992465973,0.0,0.0,0.0,0.0,1.125,-0.72:-6.71;-0.72:-6.71;-0.72:-6.71;-0.72:-6.71;-0.72:-6.71;-0.72:-6.71;-0.72:-6.71;-0.72:-6.71,-0.65:-6.69;-0.64:-6.69;-0.64:-6.69;-0.64:-6.69;-0.69:-6.69;-0.82:-6.68;-0.9:-6.67;-0.91:-6.67;-0.91:-6.67;-0.92:-6.5;-0.97:-6.54;-1:-6.5,-0.7324558:-6.711859;-0.7509518:-6.708831;-0.7716727:-6.708003;-0.7994636:-6.719428;-0.825312:-6.716702;-0.8413469:-6.705599;-0.8624126:-6.690345;-0.9002941:-6.713413;-0.9088261:-6.722293;-0.9452757:-6.705986;-0.958007:-6.692469;-1.003234:-6.691377
sigma3_hotel_seed42,tril,HOTEL:biwi_hotel:369:16590,HOTEL,biwi_hotel,biwi_hotel:369,16590,3,0.5638884902000427,0.8708661198616028,0.3092329204082489,0.20509488880634308,0.8184027671813965,9.348006248474121,1.5,-0.72:2.65;-0.57:2.7;-0.68:2.67;-0.7:2.65;-0.57:2.69;-0.56:2.7;-0.56:2.7;-0.68:2.67,-0.66:2.64;-0.57:2.69;-0.56:2.7;-0.65:2.61;-0.69:2.66;-0.72:2.59;-0.57:2.69;-0.64:2.57;-0.58:2.69;-0.64:2.81;-0.73:2.9;-0.88:2.94,-0.7616717:2.670275;-0.8257647:2.672957;-0.9033961:2.657822;-1.008588:2.661621;-1.079437:2.682722;-1.14734:2.67846;-1.243844:2.743266;-1.344455:2.688594;-1.417219:2.662839;-1.519469:2.69814;-1.598292:2.733603;-1.730361:2.752132
sigma3_hotel_seed42,tril,HOTEL:biwi_hotel:371:16590,HOTEL,biwi_hotel,biwi_hotel:371,16590,3,0.1292089968919754,0.18910248577594757,0.0,0.058119144290685654,0.32010123133659363,3.660738706588745,1.375,-0.6:3.24;-0.6:3.24;-0.67:3.28;-0.61:3.24;-0.6:3.24;-0.6:3.24;-0.6:3.24;-0.6:3.24,-0.6:3.24;-0.6:3.24;-0.6:3.24;-0.6:3.24;-0.6:3.24;-0.6:3.24;-0.6:3.24;-0.6:3.24;-0.6:3.24;-0.67:3.32;-0.76:3.42;-0.89:3.45,-0.6144713:3.239973;-0.6355451:3.240545;-0.6570681:3.243459;-0.6891373:3.226928;-0.7125635:3.234916;-0.7294092:3.243588;-0.7525448:3.256992;-0.791158:3.237227;-0.8020518:3.221062;-0.8375254:3.240637;-0.8496952:3.253631;-0.8960817:3.260995
sigma3_hotel_seed42,tril,HOTEL:biwi_hotel:391:16590,HOTEL,biwi_hotel,biwi_hotel:391,16590,3,2.2091660499572754,3.8770039081573486,0.8344159722328186,1.1093007326126099,0.5990312099456787,0.9447793364524841,0.625,3.04:-9.14;2.91:-8.65;2.69:-8.15;2.66:-7.61;2.6:-7.2;2.5:-6.81;2.47:-6.45;2.42:-6.12,2.35:-5.8;2.39:-5.52;2.49:-5.23;2.6:-4.91;2.65:-4.62;2.89:-4.27;2.98:-3.98;2.95:-3.64;2.97:-3.42;3.01:-3.14;2.97:-2.92;2.96:-2.78,2.341488:-6.137325;2.205977:-6.141419;2.105211:-6.104169;2.020207:-6.131151;1.889314:-6.151259;1.783761:-6.096288;1.657759:-5.929992;1.537585:-6.132076;1.382775:-6.149834;1.231655:-6.114972;1.113059:-6.063888;1.006819:-6.129066
sigma3_hotel_seed42,tril,HOTEL:biwi_hotel:392:16590,HOTEL,biwi_hotel,biwi_hotel:392,16590,3,0.5799383521080017,0.45426857471466064,0.625,0.834235429763794,0.7174220681190491,1.8215821981430054,1.125,3.92:-4.09;3.56:-4.25;3.16:-4.19;2.82:-4.18;2.49:-4.3;2.19:-4.3;1.9:-4.24;1.65:-4.24,1.37:-4.38;1.05:-4.42;0.72:-4.36;0.4:-4.35;-0.09:-4.47;-0.36:-4.34;-0.65:-4.37;-0.95:-4.44;-1.21:-4.44;-1.35:-4.39;-1.37:-4.39;-1.37:-4.39,1.411582:-4.227171;1.198569:-4.219384;0.9949808:-4.229397;0.7681695:-4.193093;0.5349241:-4.173393;0.3447405:-4.194845;0.1010084:-4.158664;-0.1520073:-4.181942;-0.3508304:-4.186603;-0.5612551:-4.126088;-0.8009583:-4.108823;-1.061705:-4.056362
sigma3_hotel_seed42,tril,HOTEL:biwi_hotel:361:16600,HOTEL,biwi_hotel,biwi_hotel:361,16600,3,0.7736412882804871,1.6508421897888184,0.18200275301933289,0.02600039169192314,0.0758344754576683,0.0,1.125,-0.72:-6.71;-0.72:-6.71;-0.72:-6.71;-0.72:-6.71;-0.72:-6.71;-0.72:-6.71;-0.72:-6.71;-0.65:-6.69,-0.64:-6.69;-0.64:-6.69;-0.64:-6.69;-0.69:-6.69;-0.82:-6.68;-0.9:-6.67;-0.91:-6.67;-0.91:-6.67;-0.92:-6.5;-0.97:-6.54;-1:-6.5;-1.22:-6.37,-0.5651551:-6.690955;-0.4820266:-6.692549;-0.3910181:-6.684368;-0.3090057:-6.703172;-0.2302613:-6.720582;-0.1452582:-6.685431;-0.03619152:-6.698858;0.03223157:-6.691465;0.1321342:-6.712579;0.2259798:-6.702823;0.307067:-6.726459;0.3921336:-6.725394
sigma3_hotel_seed42,tril,HOTEL:biwi_hotel:391:16600,HOTEL,biwi_hotel,biwi_hotel:391,16600,3,2.1731035709381104,3.712794303894043,0.8189169764518738,1.0452346801757812,0.5279966592788696,0.8545904755592346,0.875,2.91:-8.65;2.69:-8.15;2.66:-7.61;2.6:-7.2;2.5:-6.81;2.47:-6.45;2.42:-6.12;2.35:-5.8,2.39:-5.52;2.49:-5.23;2.6:-4.91;2.65:-4.62;2.89:-4.27;2.98:-3.98;2.95:-3.64;2.97:-3.42;3.01:-3.14;2.97:-2.92;2.96:-2.78;2.98:-2.59,2.27704:-5.816695;2.161746:-5.821247;2.074071:-5.792297;2.002465:-5.81672;1.896209:-5.82617;1.797854:-5.779301;1.687776:-5.614484;1.587337:-5.807838;1.437047:-5.827825;1.311955:-5.798188;1.204048:-5.743876;1.118635:-5.802501
sigma3_hotel_seed42,tril,HOTEL:biwi_hotel:361:16610,HOTEL,biwi_hotel,biwi_hotel:361,16610,3,0.3870975077152252,1.0704737901687622,0.02500000037252903,0.02957182191312313,0.14171525835990906,0.2782996594905853,1.125,-0.72:-6.71;-0.72:-6.71;-0.72:-6.71;-0.72:-6.71;-0.72:-6.71;-0.72:-6.71;-0.65:-6.69;-0.64:-6.69,-0.64:-6.69;-0.64:-6.69;-0.69:-6.69;-0.82:-6.68;-0.9:-6.67;-0.91:-6.67;-0.91:-6.67;-0.92:-6.5;-0.97:-6.54;-1:-6.5;-1.22:-6.37;-1.44:-6.31,-0.6321838:-6.690399;-0.6248754:-6.691424;-0.6162033:-6.692308;-0.5969699:-6.690694;-0.5863731:-6.699123;-0.5747501:-6.694318;-0.5580276:-6.70253;-0.545284:-6.702236;-0.526752:-6.697218;-0.499992:-6.704574;-0.4822398:-6.713078;-0.4515012:-6.720833
sigma3_hotel_seed42,tril,HOTEL:biwi_hotel:361:16620,HOTEL,biwi_hotel,biwi_hotel:361,16620,3,0.26871421933174133,0.5415458083152771,0.0,0.02957182191312313,0.15213192999362946,0.2782996594905853,1.0,-0.72:-6.71;-0.72:-6.71;-0.72:-6.71;-0.72:-6.71;-0.72:-6.71;-0.65:-6.69;-0.64:-6.69;-0.64:-6.69,-0.64:-6.69;-0.69:-6.69;-0.82:-6.68;-0.9:-6.67;-0.91:-6.67;-0.91:-6.67;-0.92:-6.5;-0.97:-6.54;-1:-6.5;-1.22:-6.37;-1.44:-6.31;-1.38:-6.47,-0.6489193:-6.691854;-0.6649709:-6.688968;-0.6825594:-6.687475;-0.7081858:-6.701053;-0.7292609:-6.698227;-0.7421282:-6.68661;-0.7586377:-6.67161;-0.7927229:-6.69388;-0.797866:-6.704903;-0.8309249:-6.688788;-0.8387096:-6.676457;-0.8788759:-6.675296
sigma3_hotel_seed42,tril,HOTEL:biwi_hotel:412:17620,HOTEL,biwi_hotel,biwi_hotel:412,17620,3,3.918442487716675,7.173974514007568,1.5301144123077393,1.503727674484253,0.3282478451728821,0.4471112787723541,1.0,2.73:3.47;2.6:2.91;2.45:2.31;2.38:1.71;2.28:1.13;2.16:0.54;2.14:-0.07;2.09:-0.68,2.05:-1.27;2.05:-1.86;1.96:-2.48;1.89:-3.04;1.83:-3.64;1.76:-4.29;1.79:-4.93;1.71:-5.62;1.65:-6.23;1.69:-6.79;1.63:-7.4;1.52:-8.02,2.079915:-0.706537;1.910295:-0.7885695;1.791642:-0.6243964;1.769722:-0.7802052;1.501024:-0.8261752;1.366816:-0.6877322;1.14996:-0.3649448;0.9814065:-0.9245261;0.7210104:-0.9273087;0.3815016:-0.8708333;0.2744559:-0.7234051;0.07560396:-0.9929366
sigma3_hotel_seed42,tril,HOTEL:biwi_hotel:412:17630,HOTEL,biwi_hotel,biwi_hotel:412,17630,3,4.011636734008789,7.3481125831604,1.4783859252929688,1.5096073150634766,0.30495548248291016,0.44432660937309265,1.0,2.6:2.91;2.45:2.31;2.38:1.71;2.28:1.13;2.16:0.54;2.14:-0.07;2.09:-0.68;2.05:-1.27,2.05:-1.86;1.96:-2.48;1.89:-3.04;1.83:-3.64;1.76:-4.29;1.79:-4.93;1.71:-5.62;1.65:-6.23;1.69:-6.79;1.63:-7.4;1.52:-8.02;1.48:-8.64,1.973305:-1.292393;1.768366:-1.36476;1.608994:-1.22118;1.534073:-1.346794;1.232805:-1.397717;1.061734:-1.263795;0.816335:-0.9573075;0.6056799:-1.474831;0.3187574:-1.473314;-0.03467107:-1.419581;-0.192528:-1.292265;-0.4191396:-1.541548
sigma3_hotel_seed42,tril,HOTEL:biwi_hotel:412:17640,HOTEL,biwi_hotel,biwi_hotel:412,17640,3,3.895650625228882,7.036717414855957,1.475000023841858,1.4994410276412964,0.26328882575035095,0.3831826150417328,0.875,2.45:2.31;2.38:1.71;2.28:1.13;2.16:0.54;2.14:-0.07;2.09:-0.68;2.05:-1.27;2.05:-1.86,1.96:-2.48;1.89:-3.04;1.83:-3.64;1.76:-4.29;1.79:-4.93;1.71:-5.62;1.65:-6.23;1.69:-6.79;1.63:-7.4;1.52:-8.02;1.48:-8.64;1.38:-9.24,2.15871:-1.890711;2.115151:-1.97797;2.115115:-1.817434;2.19887:-1.991998;2.035788:-2.032805;2.003385:-1.89099;1.895951:-1.573128;1.815884:-2.141515;1.65606:-2.163044;1.408057:-2.095855;1.388816:-1.945234;1.2526:-2.204436
sigma3_hotel_seed42,tril,HOTEL:biwi_hotel:413:17750,HOTEL,biwi_hotel,biwi_hotel:413,17750,3,4.120803356170654,7.7667999267578125,1.518222689628601,1.5354992151260376,0.2213999330997467,0.25333714485168457,0.375,0.67:-9.43;0.7:-8.8;0.74:-8.19;0.8:-7.59;0.89:-7.01;1:-6.4;1.16:-5.78;1.34:-5.2,1.5:-4.61;1.68:-4.03;1.85:-3.43;2.08:-2.82;2.26:-2.21;2.39:-1.59;2.52:-0.94;2.61:-0.32;2.73:0.29;2.87:0.9;3.01:1.48;3.22:2.05,1.536457:-5.233148;1.595053:-5.31739;1.691227:-5.169381;1.854132:-5.346116;1.780255:-5.383925;1.831971:-5.240684;1.819801:-4.944901;1.809888:-5.486005;1.742006:-5.521317;1.582712:-5.444682;1.627691:-5.301204;1.544922:-5.534016
sigma3_hotel_seed42,tril,HOTEL:biwi_hotel:413:17760,HOTEL,biwi_hotel,biwi_hotel:413,17760,3,4.158790588378906,7.917895793914795,1.5282751321792603,1.5285693407058716,0.2213999330997467,0.27154311537742615,0.375,0.7:-8.8;0.74:-8.19;0.8:-7.59;0.89:-7.01;1:-6.4;1.16:-5.78;1.34:-5.2;1.5:-4.61,1.68:-4.03;1.85:-3.43;2.08:-2.82;2.26:-2.21;2.39:-1.59;2.52:-0.94;2.61:-0.32;2.73:0.29;2.87:0.9;3.01:1.48;3.22:2.05;3.48:2.73,1.681542:-4.642864;1.722901:-4.727583;1.802256:-4.577392;1.951969:-4.755603;1.866122:-4.791516;1.902176:-4.650454;1.874471:-4.348757;1.855257:-4.895417;1.769279:-4.929513;1.595644:-4.855709;1.632213:-4.709746;1.544017:-4.947568
sigma3_hotel_seed42,tril,HOTEL:biwi_hotel:414:17770,HOTEL,biwi_hotel,biwi_hotel:414,17770,3,3.994804620742798,7.43765926361084,1.725724458694458,1.6236672401428223,0.4852360785007477,0.4747680425643921,0.375,2.79:-10.1;2.69:-9.56;2.63:-8.95;2.66:-8.25;2.63:-7.57;2.68:-6.89;2.71:-6.26;2.73:-5.57,2.82:-4.89;2.81:-4.25;2.82:-3.62;2.89:-2.94;2.84:-2.46;2.8:-2;2.81:-1.52;2.75:-1;2.75:-0.38;2.78:0.23;2.76:0.85;2.82:1.45,2.825535:-5.600358;2.770112:-5.688661;2.756849:-5.526139;2.831338:-5.701435;2.657115:-5.741031;2.611671:-5.599957;2.491897:-5.275453;2.404134:-5.850964;2.229049:-5.870619;1.968743:-5.805165;1.942241:-5.652029;1.800716:-5.917485
sigma3_hotel_seed42,tril,HOTEL:biwi_hotel:414:17780,HOTEL,biwi_hotel,biwi_hotel:414,17780,3,3.9096415042877197,7.342196941375732,1.7148250341415405,1.6725060939788818,0.4749111831188202,0.4923132658004761,0.5,2.69:-9.56;2.63:-8.95;2.66:-8.25;2.63:-7.57;2.68:-6.89;2.71:-6.26;2.73:-5.57;2.82:-4.89,2.81:-4.25;2.82:-3.62;2.89:-2.94;2.84:-2.46;2.8:-2;2.81:-1.52;2.75:-1;2.75:-0.38;2.78:0.23;2.76:0.85;2.82:1.45;2.89:2.05,2.995708:-4.923716;3.012935:-5.023142;3.068445:-4.847928;3.214375:-5.049132;3.090012:-5.08742;3.102153:-4.93512;3.03917:-4.59617;3.002367:-5.21449;2.876996:-5.24282;2.651276:-5.169717;2.682301:-5.002701;2.570507:-5.285242
