sample_id,scene,pedestrian_id,start_frame,mask_direction,ADE,FDE,observed_trajectory,ground_truth_future,predicted_future,run_id,sigma
ETH:biwi_eth:11:1050,ETH,biwi_eth:11,1050,tril,0.5902506709098816,1.1619807481765747,12.51:6.19;11.54:6.03;10.96:5.97;10.29:6.12;9.88:6.21;9.54:6.09;8.87:5.99;8.04:5.66,7.17:5.45;6.43:5.23;5.67:5.16;4.94:4.95;4.26:4.71;3.54:4.54;2.82:4.35;2.16:4.19;1.39:3.97;0.71:3.72;0.01:3.41;-0.63:3.08,7.22816:5.392877;6.33841:5.260996;5.519153:5.019248;4.645681:4.846259;3.774027:4.652676;3.054205:4.505698;2.160429:4.395036;1.431853:4.160749;0.5513177:4.013264;-0.200284:3.891019;-1.003941:3.816086;-1.63829:3.657537,sigma3_eth_seed42,3
ETH:biwi_eth:126:6420,ETH,biwi_eth:126,6420,tril,0.6726987957954407,1.5139055252075195,-5.19:6.38;-4.3:6.5;-3.36:6.56;-2.42:6.51;-1.39:6.39;-0.56:6.38;0.26:6.18;1.27:6.02,2.25:5.84;3.14:5.65;4.08:5.47;5:5.31;5.9:5.29;6.75:5.23;7.65:5.14;8.49:5.03;9.31:4.97;10.08:5.01;10.86:4.96;11.57:4.74,2.277875:5.902167;3.3181:5.766667;4.344765:5.596973;5.316556:5.537279;6.354702:5.355741;7.297764:5.198318;8.257761:5.104688;9.268646:5.073648;10.13313:5.058816;11.1116:4.789742;12.15057:4.709876;13.07325:4.560682,sigma3_eth_seed42,3
ETH:biwi_eth:127:6420,ETH,biwi_eth:127,6420,tril,0.3337676525115967,0.3603984117507934,-5.45:7.31;-4.56:7.42;-3.66:7.48;-2.72:7.42;-1.59:7.31;-0.59:7.22;0.36:7.14;1.32:7.05,2.28:6.9;3.16:6.66;4.1:6.43;5.01:6.31;5.92:6.23;6.84:6.22;7.72:6.19;8.67:6.17;9.53:6.23;10.39:6.23;11.2:6.25;12.02:6.08,2.259477:6.991787;3.220493:6.92651;4.160816:6.827888;5.06309:6.812007;6.022896:6.701628;6.911819:6.59145;7.85457:6.553347;8.765631:6.512621;9.585371:6.536063;10.51443:6.34649;11.46822:6.344679;12.33137:6.26149,sigma3_eth_seed42,3
ETH:biwi_eth:12:1050,ETH,biwi_eth:12,1050,tril,0.5555076003074646,1.6745223999023438,12.09:6.95;11.4:6.93;10.7:6.87;10.07:6.73;9.45:6.51;8.9:6.33;8.21:6.23;7.49:6.06,6.73:5.97;5.98:5.8;5.21:5.74;4.45:5.61;3.76:5.6;3.03:5.39;2.28:5.24;1.57:5.06;0.83:4.87;0.11:4.68;-0.65:4.3;-1.48:3.9,6.788057:5.947264;6.055178:5.884046;5.372915:5.783565;4.665295:5.719517;3.964455:5.626424;3.331688:5.596505;2.578839:5.5404;1.977423:5.48226;1.28011:5.428572;0.6590652:5.371648;0.0002217293:5.336505;-0.5433254:5.288044,sigma3_eth_seed42,3
ETH:biwi_eth:171:8120,ETH,biwi_eth:171,8120,tril,0.5534582734107971,0.4787823855876922,-0.68:8.4;-0.71:8.35;-0.91:8.42;-1.08:8.47;-1.24:8.36;-1.53:8.27;-1.87:8.41;-1.91:8.44,-2.31:8.41;-2.66:8.63;-2.66:8.63;-2.66:8.63;-2.66:8.63;-2.69:8.56;-2.69:8.52;-2.39:8.73;-2.1:8.77;-1.72:8.74;-1.55:8.62;-1.52:8.59,-1.913138:8.481636;-1.91747:8.510649;-1.927641:8.537561;-1.935371:8.554434;-1.9474:8.578518;-1.938142:8.63623;-1.929265:8.63522;-1.947571:8.630843;-1.915837:8.645988;-1.92644:8.672735;-1.942873:8.731988;-1.97427:8.741233,sigma3_eth_seed42,3
ETH:biwi_eth:171:8130,ETH,biwi_eth:171,8130,tril,2.7300891876220703,5.477317333221436,-0.71:8.35;-0.91:8.42;-1.08:8.47;-1.24:8.36;-1.53:8.27;-1.87:8.41;-1.91:8.44;-2.31:8.41,-2.66:8.63;-2.66:8.63;-2.66:8.63;-2.66:8.63;-2.69:8.56;-2.69:8.52;-2.39:8.73;-2.1:8.77;-1.72:8.74;-1.55:8.62;-1.52:8.59;-1.52:8.59,-2.735135:8.380278;-3.155565:8.3515;-3.556275:8.324848;-3.960945:8.306988;-4.360508:8.275023;-4.742569:8.278709;-5.169089:8.253561;-5.528093:8.255514;-5.914492:8.238204;-6.278658:8.223863;-6.655756:8.204799;-6.983821:8.205732,sigma3_eth_seed42,3
ETH:biwi_eth:171:8140,ETH,biwi_eth:171,8140,tril,2.8736441135406494,5.280433177947998,-0.91:8.42;-1.08:8.47;-1.24:8.36;-1.53:8.27;-1.87:8.41;-1.91:8.44;-2.31:8.41;-2.66:8.63,-2.66:8.63;-2.66:8.63;-2.66:8.63;-2.69:8.56;-2.69:8.52;-2.39:8.73;-2.1:8.77;-1.72:8.74;-1.55:8.62;-1.52:8.59;-1.52:8.59;-1.52:8.59,-2.9956:8.861238;-3.30613:9.086337;-3.617913:9.276498;-3.943743:9.475411;-4.278916:9.692755;-4.595858:9.849541;-4.88525:10.06849;-5.181748:10.25912;-5.456377:10.41921;-5.784603:10.61219;-6.006001:10.73888;-6.285495:10.86443,sigma3_eth_seed42,3
ETH:biwi_eth:171:8150,ETH,biwi_eth:171,8150,tril,0.665923535823822,1.1987165212631226,-1.08:8.47;-1.24:8.36;-1.53:8.27;-1.87:8.41;-1.91:8.44;-2.31:8.41;-2.66:8.63;-2.66:8.63,-2.66:8.63;-2.66:8.63;-2.69:8.56;-2.69:8.52;-2.39:8.73;-2.1:8.77;-1.72:8.74;-1.55:8.62;-1.52:8.59;-1.52:8.59;-1.52:8.59;-1.52:8.59,-2.653284:8.653411;-2.664912:8.674124;-2.665794:8.687625;-2.66817:8.689025;-2.684392:8.698898;-2.663303:8.769409;-2.684023:8.751013;-2.682626:8.747086;-2.641266:8.747844;-2.65239:8.771491;-2.67856:8.818964;-2.698096:8.811384,sigma3_eth_seed42,3
ETH:biwi_eth:171:8160,ETH,biwi_eth:171,8160,tril,0.8849456310272217,1.4313513040542605,-1.24:8.36;-1.53:8.27;-1.87:8.41;-1.91:8.44;-2.31:8.41;-2.66:8.63;-2.66:8.63;-2.66:8.63,-2.66:8.63;-2.69:8.56;-2.69:8.52;-2.39:8.73;-2.1:8.77;-1.72:8.74;-1.55:8.62;-1.52:8.59;-1.52:8.59;-1.52:8.59;-1.52:8.59;-1.52:8.59,-2.678214:8.630786;-2.711007:8.639078;-2.734952:8.643157;-2.761044:8.646007;-2.779959:8.637579;-2.817177:8.630349;-2.825923:8.633061;-2.86085:8.637518;-2.896157:8.643817;-2.905156:8.625162;-2.920093:8.625384;-2.950616:8.63587,sigma3_eth_seed42,3
ETH:biwi_eth:171:8170,ETH,biwi_eth:171,8170,tril,0.956848919391632,1.3999252319335938,-1.53:8.27;-1.87:8.41;-1.91:8.44;-2.31:8.41;-2.66:8.63;-2.66:8.63;-2.66:8.63;-2.66:8.63,-2.69:8.56;-2.69:8.52;-2.39:8.73;-2.1:8.77;-1.72:8.74;-1.55:8.62;-1.52:8.59;-1.52:8.59;-1.52:8.59;-1.52:8.59;-1.52:8.59;-1.52:8.59,-2.675052:8.643337;-2.707217:8.637161;-2.721104:8.640217;-2.746238:8.629177;-2.780661:8.618538;-2.765307:8.705615;-2.831258:8.652784;-2.832453:8.644443;-2.800095:8.62173;-2.834034:8.633225;-2.884105:8.682287;-2.918135:8.660782,sigma3_eth_seed42,3
ETH:biwi_eth:171:8180,ETH,biwi_eth:171,8180,tril,0.9255897998809814,0.790229082107544,-1.87:8.41;-1.91:8.44;-2.31:8.41;-2.66:8.63;-2.66:8.63;-2.66:8.63;-2.66:8.63;-2.69:8.56,-2.69:8.52;-2.39:8.73;-2.1:8.77;-1.72:8.74;-1.55:8.62;-1.52:8.59;-1.52:8.59;-1.52:8.59;-1.52:8.59;-1.52:8.59;-1.52:8.59;-1.97:8.35,-2.679197:8.560736;-2.6947:8.564028;-2.687762:8.557458;-2.69494:8.545477;-2.714135:8.534356;-2.690335:8.591875;-2.732812:8.560584;-2.717517:8.552874;-2.688442:8.535583;-2.703819:8.540996;-2.724984:8.570101;-2.736587:8.541852,sigma3_eth_seed42,3
ETH:biwi_eth:171:8190,ETH,biwi_eth:171,8190,tril,0.9895426630973816,0.6867179870605469,-1.91:8.44;-2.31:8.41;-2.66:8.63;-2.66:8.63;-2.66:8.63;-2.66:8.63;-2.69:8.56;-2.69:8.52,-2.39:8.73;-2.1:8.77;-1.72:8.74;-1.55:8.62;-1.52:8.59;-1.52:8.59;-1.52:8.59;-1.52:8.59;-1.52:8.59;-1.52:8.59;-1.97:8.35;-2.04:8.35,-2.689071:8.506769;-2.697538:8.495753;-2.688064:8.486171;-2.697462:8.47866;-2.698967:8.457123;-2.700266:8.44798;-2.718735:8.436556;-2.713436:8.437458;-2.730307:8.415683;-2.736488:8.397362;-2.728347:8.378833;-2.726437:8.369647,sigma3_eth_seed42,3
ETH:biwi_eth:171:8200,ETH,biwi_eth:171,8200,tril,1.4560036659240725,3.333348512649536,-2.31:8.41;-2.66:8.63;-2.66:8.63;-2.66:8.63;-2.66:8.63;-2.69:8.56;-2.69:8.52;-2.39:8.73,-2.1:8.77;-1.72:8.74;-1.55:8.62;-1.52:8.59;-1.52:8.59;-1.52:8.59;-1.52:8.59;-1.52:8.59;-1.52:8.59;-1.97:8.35;-2.04:8.35;-2.41:8.33,-2.141718:8.894804;-1.906021:9.032644;-1.62888:9.193428;-1.382715:9.331783;-1.154846:9.455764;-0.9162328:9.61926;-0.7795072:9.717345;-0.5120934:9.903682;-0.3021386:9.990664;-0.1166081:10.10567;0.07979155:10.14958;0.3102036:10.25658,sigma3_eth_seed42,3
ETH:biwi_eth:171:8210,ETH,biwi_eth:171,8210,tril,1.1907020807266235,3.049237012863159,-2.66:8.63;-2.66:8.63;-2.66:8.63;-2.66:8.63;-2.69:8.56;-2.69:8.52;-2.39:8.73;-2.1:8.77,-1.72:8.74;-1.55:8.62;-1.52:8.59;-1.52:8.59;-1.52:8.59;-1.52:8.59;-1.52:8.59;-1.52:8.59;-1.97:8.35;-2.04:8.35;-2.41:8.33;-2.62:8.16,-1.902423:8.823606;-1.7091:8.879153;-1.499549:8.937761;-1.298826:8.965098;-1.12633:9.027303;-0.9145707:9.075704;-0.7256943:9.116347;-0.5374404:9.142752;-0.3191693:9.140555;-0.1592827:9.229084;0.02644634:9.235914;0.22085:9.267889,sigma3_eth_seed42,3
ETH:biwi_eth:171:8220,ETH,biwi_eth:171,8220,tril,2.22043514251709,4.902844905853272,-2.66:8.63;-2.66:8.63;-2.66:8.63;-2.69:8.56;-2.69:8.52;-2.39:8.73;-2.1:8.77;-1.72:8.74,-1.55:8.62;-1.52:8.59;-1.52:8.59;-1.52:8.59;-1.52:8.59;-1.52:8.59;-1.52:8.59;-1.97:8.35;-2.04:8.35;-2.41:8.33;-2.62:8.16;-2.83:7.99,-1.396303:8.727272;-1.094282:8.717335;-0.7560621:8.724929;-0.4347111:8.700355;-0.1355366:8.694022;0.1900755:8.700982;0.4757979:8.678808;0.7961192:8.680256;1.117204:8.630547;1.409734:8.652914;1.712034:8.610235;2.033695:8.608351,sigma3_eth_seed42,3
ETH:biwi_eth:171:8230,ETH,biwi_eth:171,8230,tril,1.0607625246047974,2.3752601146698,-2.66:8.63;-2.66:8.63;-2.69:8.56;-2.69:8.52;-2.39:8.73;-2.1:8.77;-1.72:8.74;-1.55:8.62,-1.52:8.59;-1.52:8.59;-1.52:8.59;-1.52:8.59;-1.52:8.59;-1.52:8.59;-1.97:8.35;-2.04:8.35;-2.41:8.33;-2.62:8.16;-2.83:7.99;-2.83:7.99,-1.467019:8.557615;-1.374678:8.481976;-1.264996:8.431219;-1.172332:8.368467;-1.081573:8.308333;-0.9866965:8.256033;-0.9180553:8.192378;-0.8161736:8.162429;-0.7266181:8.078422;-0.6557739:8.044456;-0.553997:7.958689;-0.4558065:7.91882,sigma3_eth_seed42,3
ETH:biwi_eth:171:8240,ETH,biwi_eth:171,8240,tril,0.7648302912712097,1.5925801992416382,-2.66:8.63;-2.69:8.56;-2.69:8.52;-2.39:8.73;-2.1:8.77;-1.72:8.74;-1.55:8.62;-1.52:8.59,-1.52:8.59;-1.52:8.59;-1.52:8.59;-1.52:8.59;-1.52:8.59;-1.97:8.35;-2.04:8.35;-2.41:8.33;-2.62:8.16;-2.83:7.99;-2.83:7.99;-2.83:7.99,-1.480566:8.544616;-1.468093:8.507883;-1.411422:8.466149;-1.398017:8.428788;-1.386431:8.377928;-1.329939:8.389414;-1.388049:8.337915;-1.319632:8.326898;-1.298811:8.256893;-1.306623:8.235718;-1.284379:8.194588;-1.244271:8.137566,sigma3_eth_seed42,3
ETH:biwi_eth:171:8250,ETH,biwi_eth:171,8250,tril,0.7478335499763489,1.428492307662964,-2.69:8.56;-2.69:8.52;-2.39:8.73;-2.1:8.77;-1.72:8.74;-1.55:8.62;-1.52:8.59;-1.52:8.59,-1.52:8.59;-1.52:8.59;-1.52:8.59;-1.52:8.59;-1.97:8.35;-2.04:8.35;-2.41:8.33;-2.62:8.16;-2.83:7.99;-2.83:7.99;-2.83:7.99;-2.83:7.99,-1.516356:8.584801;-1.515968:8.576236;-1.503157:8.568979;-1.510782:8.561735;-1.512261:8.548182;-1.496897:8.552052;-1.506113:8.53832;-1.497698:8.52645;-1.49344:8.499316;-1.503243:8.495944;-1.490546:8.494808;-1.488213:8.4801,sigma3_eth_seed42,3
ETH:biwi_eth:171:8260,ETH,biwi_eth:171,8260,tril,1.1020408868789673,1.890838623046875,-2.69:8.52;-2.39:8.73;-2.1:8.77;-1.72:8.74;-1.55:8.62;-1.52:8.59;-1.52:8.59;-1.52:8.59,-1.52:8.59;-1.52:8.59;-1.52:8.59;-1.97:8.35;-2.04:8.35;-2.41:8.33;-2.62:8.16;-2.83:7.99;-2.83:7.99;-2.83:7.99;-2.83:7.99;-2.83:7.99,-1.497581:8.597588;-1.454508:8.597396;-1.420174:8.607142;-1.381226:8.595228;-1.35261:8.61272;-1.300697:8.607525;-1.229646:8.610145;-1.212605:8.577151;-1.142707:8.549441;-1.119608:8.593271;-1.077809:8.590531;-1.040001:8.599241,sigma3_eth_seed42,3
ETH:biwi_eth:171:8270,ETH,biwi_eth:171,8270,tril,1.0076661109924316,1.5217158794403076,-2.39:8.73;-2.1:8.77;-1.72:8.74;-1.55:8.62;-1.52:8.59;-1.52:8.59;-1.52:8.59;-1.52:8.59,-1.52:8.59;-1.52:8.59;-1.97:8.35;-2.04:8.35;-2.41:8.33;-2.62:8.16;-2.83:7.99;-2.83:7.99;-2.83:7.99;-2.83:7.99;-2.83:7.99;-2.91:8.04,-1.508572:8.579702;-1.509509:8.569186;-1.486825:8.562564;-1.488975:8.552383;-1.487881:8.534629;-1.466574:8.543684;-1.489483:8.524884;-1.468542:8.521368;-1.463742:8.486576;-1.471334:8.48359;-1.459407:8.471076;-1.446307:8.456199,sigma3_eth_seed42,3
ETH:biwi_eth:171:8280,ETH,biwi_eth:171,8280,tril,1.1081609725952148,1.4922103881835938,-2.1:8.77;-1.72:8.74;-1.55:8.62;-1.52:8.59;-1.52:8.59;-1.52:8.59;-1.52:8.59;-1.52:8.59,-1.52:8.59;-1.97:8.35;-2.04:8.35;-2.41:8.33;-2.62:8.16;-2.83:7.99;-2.83:7.99;-2.83:7.99;-2.83:7.99;-2.83:7.99;-2.91:8.04;-2.92:8.02,-1.522952:8.592151;-1.525687:8.595656;-1.525504:8.595572;-1.526132:8.596374;-1.528545:8.592543;-1.532491:8.592664;-1.531591:8.595456;-1.535733:8.597472;-1.539684:8.603009;-1.538434:8.597815;-1.541409:8.598371;-1.545329:8.600493,sigma3_eth_seed42,3
ETH:biwi_eth:171:8290,ETH,biwi_eth:171,8290,tril,1.2440185546875,1.5718092918395996,-1.72:8.74;-1.55:8.62;-1.52:8.59;-1.52:8.59;-1.52:8.59;-1.52:8.59;-1.52:8.59;-1.52:8.59,-1.97:8.35;-2.04:8.35;-2.41:8.33;-2.62:8.16;-2.83:7.99;-2.83:7.99;-2.83:7.99;-2.83:7.99;-2.83:7.99;-2.91:8.04;-2.92:8.02;-3.01:8.06,-1.522184:8.591561;-1.52365:8.593472;-1.521075:8.593601;-1.521616:8.592647;-1.52564:8.590097;-1.525684:8.589899;-1.524537:8.592097;-1.526564:8.591382;-1.528049:8.59165;-1.52871:8.590958;-1.529425:8.590657;-1.53061:8.591028,sigma3_eth_seed42,3
ETH:biwi_eth:171:8300,ETH,biwi_eth:171,8300,tril,1.7838033437728882,3.598402500152588,-1.55:8.62;-1.52:8.59;-1.52:8.59;-1.52:8.59;-1.52:8.59;-1.52:8.59;-1.52:8.59;-1.97:8.35,-2.04:8.35;-2.41:8.33;-2.62:8.16;-2.83:7.99;-2.83:7.99;-2.83:7.99;-2.83:7.99;-2.83:7.99;-2.91:8.04;-2.92:8.02;-3.01:8.06;-3.05:8.05,-2.341689:8.164741;-2.733367:8.028778;-3.089693:7.853641;-3.478797:7.71203;-3.873591:7.559561;-4.19403:7.446894;-4.635159:7.327168;-4.949634:7.190496;-5.358921:7.059186;-5.723838:6.956487;-6.101009:6.841755;-6.392865:6.718177,sigma3_eth_seed42,3
ETH:biwi_eth:171:8310,ETH,biwi_eth:171,8310,tril,0.8125179409980774,0.9484086036682128,-1.52:8.59;-1.52:8.59;-1.52:8.59;-1.52:8.59;-1.52:8.59;-1.52:8.59;-1.97:8.35;-2.04:8.35,-2.41:8.33;-2.62:8.16;-2.83:7.99;-2.83:7.99;-2.83:7.99;-2.83:7.99;-2.83:7.99;-2.91:8.04;-2.92:8.02;-3.01:8.06;-3.05:8.05;-3.05:8.05,-2.085035:8.396748;-2.09812:8.434524;-2.12518:8.465878;-2.154677:8.49067;-2.195637:8.542702;-2.215536:8.557804;-2.221375:8.601823;-2.261081:8.614112;-2.262658:8.618854;-2.324059:8.686033;-2.3299:8.690825;-2.363857:8.704741,sigma3_eth_seed42,3
ETH:biwi_eth:171:8320,ETH,biwi_eth:171,8320,tril,1.5914932489395142,3.038651466369629,-1.52:8.59;-1.52:8.59;-1.52:8.59;-1.52:8.59;-1.52:8.59;-1.97:8.35;-2.04:8.35;-2.41:8.33,-2.62:8.16;-2.83:7.99;-2.83:7.99;-2.83:7.99;-2.83:7.99;-2.83:7.99;-2.91:8.04;-2.92:8.02;-3.01:8.06;-3.05:8.05;-3.05:8.05;-3.05:8.05,-2.748714:8.300925;-3.076917:8.267127;-3.393264:8.241167;-3.710042:8.218618;-4.022515:8.186668;-4.322089:8.183013;-4.652723:8.153051;-4.939479:8.144708;-5.24057:8.122211;-5.527772:8.107851;-5.828279:8.086389;-6.088428:8.086799,sigma3_eth_seed42,3
ETH:biwi_eth:171:8330,ETH,biwi_eth:171,8330,tril,0.9701018929481506,1.934470295906067,-1.52:8.59;-1.52:8.59;-1.52:8.59;-1.52:8.59;-1.97:8.35;-2.04:8.35;-2.41:8.33;-2.62:8.16,-2.83:7.99;-2.83:7.99;-2.83:7.99;-2.83:7.99;-2.83:7.99;-2.91:8.04;-2.92:8.02;-3.01:8.06;-3.05:8.05;-3.05:8.05;-3.05:8.05;-3.05:8.05,-2.816662:8.070441;-2.991964:7.992146;-3.154536:7.888992;-3.34743:7.818487;-3.544959:7.740399;-3.69439:7.685168;-3.948958:7.626269;-4.08293:7.57714;-4.280523:7.497305;-4.500744:7.45463;-4.676335:7.365174;-4.822619:7.275405,sigma3_eth_seed42,3
ETH:biwi_eth:171:8340,ETH,biwi_eth:171,8340,tril,1.4551509618759155,2.625013589859009,-1.52:8.59;-1.52:8.59;-1.52:8.59;-1.97:8.35;-2.04:8.35;-2.41:8.33;-2.62:8.16;-2.83:7.99,-2.83:7.99;-2.83:7.99;-2.83:7.99;-2.83:7.99;-2.91:8.04;-2.92:8.02;-3.01:8.06;-3.05:8.05;-3.05:8.05;-3.05:8.05;-3.05:8.05;-3.05:8.05,-3.004172:7.811821;-3.182234:7.648959;-3.335889:7.482134;-3.510723:7.327399;-3.697459:7.168053;-3.843982:7.050163;-4.085569:6.899123;-4.22199:6.782336;-4.431016:6.6369;-4.620015:6.521458;-4.819763:6.370141;-4.961962:6.251362,sigma3_eth_seed42,3
ETH:biwi_eth:171:8350,ETH,biwi_eth:171,8350,tril,0.2046272009611129,0.324532151222229,-1.52:8.59;-1.52:8.59;-1.97:8.35;-2.04:8.35;-2.41:8.33;-2.62:8.16;-2.83:7.99;-2.83:7.99,-2.83:7.99;-2.83:7.99;-2.83:7.99;-2.91:8.04;-2.92:8.02;-3.01:8.06;-3.05:8.05;-3.05:8.05;-3.05:8.05;-3.05:8.05;-3.05:8.05;-3.05:8.05,-2.825985:8.024293;-2.822194:8.048803;-2.818964:8.074445;-2.819643:8.090726;-2.821596:8.111521;-2.805116:8.153199;-2.791819:8.157438;-2.797952:8.15551;-2.77117:8.162015;-2.774657:8.187759;-2.775832:8.22938;-2.787727:8.241139,sigma3_eth_seed42,3
ETH:biwi_eth:171:8360,ETH,biwi_eth:171,8360,tril,0.1848597079515457,0.2247680723667144,-1.52:8.59;-1.97:8.35;-2.04:8.35;-2.41:8.33;-2.62:8.16;-2.83:7.99;-2.83:7.99;-2.83:7.99,-2.83:7.99;-2.83:7.99;-2.91:8.04;-2.92:8.02;-3.01:8.06;-3.05:8.05;-3.05:8.05;-3.05:8.05;-3.05:8.05;-3.05:8.05;-3.05:8.05;-2.6:8.07,-2.82424:8.015168;-2.827493:8.024851;-2.820792:8.039485;-2.821705:8.041043;-2.831468:8.047366;-2.799421:8.121569;-2.823041:8.093888;-2.812503:8.088548;-2.766157:8.07881;-2.77838:8.102856;-2.799974:8.151104;-2.812461:8.143354,sigma3_eth_seed42,3
ETH:biwi_eth:171:8370,ETH,biwi_eth:171,8370,tril,0.1791397482156753,0.4996367692947387,-1.97:8.35;-2.04:8.35;-2.41:8.33;-2.62:8.16;-2.83:7.99;-2.83:7.99;-2.83:7.99;-2.83:7.99,-2.83:7.99;-2.91:8.04;-2.92:8.02;-3.01:8.06;-3.05:8.05;-3.05:8.05;-3.05:8.05;-3.05:8.05;-3.05:8.05;-3.05:8.05;-2.6:8.07;-2.51:7.78,-2.835903:7.996858;-2.850632:7.994525;-2.85734:7.989245;-2.868265:7.980693;-2.886786:7.970196;-2.878057:8.021327;-2.913727:7.989725;-2.913823:7.984288;-2.891067:7.977656;-2.909699:7.976837;-2.939075:8.006721;-2.964832:7.986796,sigma3_eth_seed42,3
ETH:biwi_eth:171:8380,ETH,biwi_eth:171,8380,tril,0.2320423722267151,0.635492742061615,-2.04:8.35;-2.41:8.33;-2.62:8.16;-2.83:7.99;-2.83:7.99;-2.83:7.99;-2.83:7.99;-2.83:7.99,-2.91:8.04;-2.92:8.02;-3.01:8.06;-3.05:8.05;-3.05:8.05;-3.05:8.05;-3.05:8.05;-3.05:8.05;-3.05:8.05;-2.6:8.07;-2.51:7.78;-2.38:7.73,-2.830251:7.999315;-2.845729:8.007407;-2.849597:8.009521;-2.860802:8.002647;-2.884443:8.003935;-2.874378:8.046627;-2.896319:8.029212;-2.900171:8.019556;-2.878743:8.009398;-2.897166:8.023201;-2.916265:8.051547;-2.937097:8.035768,sigma3_eth_seed42,3
ETH:biwi_eth:171:8390,ETH,biwi_eth:171,8390,tril,0.6777468323707581,1.9934228658676147,-2.41:8.33;-2.62:8.16;-2.83:7.99;-2.83:7.99;-2.83:7.99;-2.83:7.99;-2.83:7.99;-2.91:8.04,-2.92:8.02;-3.01:8.06;-3.05:8.05;-3.05:8.05;-3.05:8.05;-3.05:8.05;-3.05:8.05;-3.05:8.05;-2.6:8.07;-2.51:7.78;-2.38:7.73;-1.91:7.79,-2.997079:8.088408;-3.073108:8.128391;-3.157083:8.166955;-3.238969:8.196333;-3.320553:8.238154;-3.39686:8.26589;-3.436531:8.298458;-3.531056:8.309771;-3.581254:8.328733;-3.658856:8.371259;-3.712331:8.407436;-3.795973:8.435631,sigma3_eth_seed42,3
ETH:biwi_eth:171:8400,ETH,biwi_eth:171,8400,tril,0.396623283624649,1.3991082906723022,-2.62:8.16;-2.83:7.99;-2.83:7.99;-2.83:7.99;-2.83:7.99;-2.83:7.99;-2.91:8.04;-2.92:8.02,-3.01:8.06;-3.05:8.05;-3.05:8.05;-3.05:8.05;-3.05:8.05;-3.05:8.05;-3.05:8.05;-2.6:8.07;-2.51:7.78;-2.38:7.73;-1.91:7.79;-1.54:7.72,-2.917536:8.027259;-2.915989:8.035353;-2.910738:8.037438;-2.908045:8.040491;-2.908002:8.040084;-2.901637:8.053251;-2.902509:8.054673;-2.899803:8.056664;-2.891889:8.061702;-2.891211:8.063034;-2.892694:8.071789;-2.894365:8.070999,sigma3_eth_seed42,3
ETH:biwi_eth:171:8410,ETH,biwi_eth:171,8410,tril,0.9664630889892578,2.811645984649658,-2.83:7.99;-2.83:7.99;-2.83:7.99;-2.83:7.99;-2.83:7.99;-2.91:8.04;-2.92:8.02;-3.01:8.06,-3.05:8.05;-3.05:8.05;-3.05:8.05;-3.05:8.05;-3.05:8.05;-3.05:8.05;-2.6:8.07;-2.51:7.78;-2.38:7.73;-1.91:7.79;-1.54:7.72;-1.04:7.8,-3.082183:8.079431;-3.156262:8.095506;-3.227399:8.10754;-3.306491:8.11764;-3.379524:8.126804;-3.44426:8.145344;-3.498869:8.150409;-3.575019:8.14797;-3.629564:8.147819;-3.69857:8.158248;-3.750025:8.183281;-3.824736:8.188069,sigma3_eth_seed42,3
ETH:biwi_eth:171:8420,ETH,biwi_eth:171,8420,tril,0.8604504466056824,2.64985728263855,-2.83:7.99;-2.83:7.99;-2.83:7.99;-2.83:7.99;-2.91:8.04;-2.92:8.02;-3.01:8.06;-3.05:8.05,-3.05:8.05;-3.05:8.05;-3.05:8.05;-3.05:8.05;-3.05:8.05;-2.6:8.07;-2.51:7.78;-2.38:7.73;-1.91:7.79;-1.54:7.72;-1.04:7.8;-0.62:7.82,-3.060532:8.04939;-3.085221:8.055766;-3.097295:8.055632;-3.123618:8.056852;-3.140669:8.047699;-3.160774:8.043539;-3.173106:8.04363;-3.19523:8.041036;-3.222239:8.032427;-3.237899:8.020141;-3.23976:8.021082;-3.262359:8.019208,sigma3_eth_seed42,3
ETH:biwi_eth:171:8430,ETH,biwi_eth:171,8430,tril,0.9965912699699402,2.917798519134521,-2.83:7.99;-2.83:7.99;-2.83:7.99;-2.91:8.04;-2.92:8.02;-3.01:8.06;-3.05:8.05;-3.05:8.05,-3.05:8.05;-3.05:8.05;-3.05:8.05;-3.05:8.05;-2.6:8.07;-2.51:7.78;-2.38:7.73;-1.91:7.79;-1.54:7.72;-1.04:7.8;-0.62:7.82;-0.16:7.77,-3.049587:8.054236;-3.051431:8.057994;-3.048048:8.055587;-3.049894:8.054997;-3.053964:8.050063;-3.048276:8.065881;-3.057359:8.060528;-3.054926:8.060244;-3.047616:8.06003;-3.052704:8.058138;-3.056862:8.067074;-3.0634:8.059515,sigma3_eth_seed42,3
ETH:biwi_eth:171:8440,ETH,biwi_eth:171,8440,tril,1.3059473037719729,3.408387899398804,-2.83:7.99;-2.83:7.99;-2.91:8.04;-2.92:8.02;-3.01:8.06;-3.05:8.05;-3.05:8.05;-3.05:8.05,-3.05:8.05;-3.05:8.05;-3.05:8.05;-2.6:8.07;-2.51:7.78;-2.38:7.73;-1.91:7.79;-1.54:7.72;-1.04:7.8;-0.62:7.82;-0.16:7.77;0.28:7.86,-3.054661:8.049021;-3.062219:8.052526;-3.064432:8.050837;-3.07301:8.052299;-3.076673:8.045145;-3.089711:8.032887;-3.088008:8.038527;-3.099069:8.040773;-3.116607:8.041128;-3.119806:8.029156;-3.115208:8.021594;-3.124482:8.023136,sigma3_eth_seed42,3
ETH:biwi_eth:171:8450,ETH,biwi_eth:171,8450,tril,1.5898066759109497,3.7523701190948486,-2.83:7.99;-2.91:8.04;-2.92:8.02;-3.01:8.06;-3.05:8.05;-3.05:8.05;-3.05:8.05;-3.05:8.05,-3.05:8.05;-3.05:8.05;-2.6:8.07;-2.51:7.78;-2.38:7.73;-1.91:7.79;-1.54:7.72;-1.04:7.8;-0.62:7.82;-0.16:7.77;0.28:7.86;0.67:7.8,-3.049181:8.058645;-3.051986:8.066092;-3.050446:8.066099;-3.052108:8.066518;-3.058446:8.064904;-3.050546:8.090994;-3.060772:8.084147;-3.059195:8.083235;-3.045184:8.08597;-3.051314:8.088353;-3.0603:8.10601;-3.070513:8.098065,sigma3_eth_seed42,3
ETH:biwi_eth:171:8460,ETH,biwi_eth:171,8460,tril,1.9210151433944704,4.090666770935059,-2.91:8.04;-2.92:8.02;-3.01:8.06;-3.05:8.05;-3.05:8.05;-3.05:8.05;-3.05:8.05;-3.05:8.05,-3.05:8.05;-2.6:8.07;-2.51:7.78;-2.38:7.73;-1.91:7.79;-1.54:7.72;-1.04:7.8;-0.62:7.82;-0.16:7.77;0.28:7.86;0.67:7.8;1.02:7.75,-3.051346:8.051236;-3.05164:8.052833;-3.048718:8.048496;-3.049186:8.048263;-3.050339:8.041316;-3.049291:8.046558;-3.054487:8.044988;-3.053157:8.046592;-3.052652:8.049646;-3.054358:8.042633;-3.056341:8.044601;-3.060393:8.039733,sigma3_eth_seed42,3
ETH:biwi_eth:171:8470,ETH,biwi_eth:171,8470,tril,2.296990156173706,4.502283096313477,-2.92:8.02;-3.01:8.06;-3.05:8.05;-3.05:8.05;-3.05:8.05;-3.05:8.05;-3.05:8.05;-3.05:8.05,-2.6:8.07;-2.51:7.78;-2.38:7.73;-1.91:7.79;-1.54:7.72;-1.04:7.8;-0.62:7.82;-0.16:7.77;0.28:7.86;0.67:7.8;1.02:7.75;1.44:7.87,-3.051492:8.049619;-3.053078:8.051382;-3.050219:8.049012;-3.049728:8.047888;-3.051806:8.042566;-3.052889:8.04204;-3.05443:8.04366;-3.054868:8.045175;-3.057384:8.047459;-3.056846:8.042687;-3.058219:8.040072;-3.059102:8.039224,sigma3_eth_seed42,3
ETH:biwi_eth:171:8480,ETH,biwi_eth:171,8480,tril,0.6420854330062866,0.6420502066612244,-3.01:8.06;-3.05:8.05;-3.05:8.05;-3.05:8.05;-3.05:8.05;-3.05:8.05;-3.05:8.05;-2.6:8.07,-2.51:7.78;-2.38:7.73;-1.91:7.79;-1.54:7.72;-1.04:7.8;-0.62:7.82;-0.16:7.77;0.28:7.86;0.67:7.8;1.02:7.75;1.44:7.87;1.86:7.85,-2.154933:8.057932;-1.729932:8.036633;-1.262778:8.035476;-0.8269683:8.02397;-0.3977218:7.994107;0.02834868:7.999693;0.3947268:7.96799;0.8486638:8.009226;1.249051:7.975661;1.654533:7.949153;2.074734:7.892737;2.501276:7.881511,sigma3_eth_seed42,3
ETH:biwi_eth:171:8490,ETH,biwi_eth:171,8490,tril,2.641220092773437,5.063786029815674,-3.05:8.05;-3.05:8.05;-3.05:8.05;-3.05:8.05;-3.05:8.05;-3.05:8.05;-2.6:8.07;-2.51:7.78,-2.38:7.73;-1.91:7.79;-1.54:7.72;-1.04:7.8;-0.62:7.82;-0.16:7.77;0.28:7.86;0.67:7.8;1.02:7.75;1.44:7.87;1.86:7.85;2.22:7.89,-2.475848:7.575809;-2.435703:7.351922;-2.38143:7.167745;-2.332957:6.968064;-2.303113:6.770015;-2.275901:6.616609;-2.303561:6.399519;-2.263716:6.276379;-2.276886:6.093144;-2.275512:5.932347;-2.299942:5.719759;-2.293271:5.593849,sigma3_eth_seed42,3
ETH:biwi_eth:171:8500,ETH,biwi_eth:171,8500,tril,2.631997346878052,4.72312068939209,-3.05:8.05;-3.05:8.05;-3.05:8.05;-3.05:8.05;-3.05:8.05;-2.6:8.07;-2.51:7.78;-2.38:7.73,-1.91:7.79;-1.54:7.72;-1.04:7.8;-0.62:7.82;-0.16:7.77;0.28:7.86;0.67:7.8;1.02:7.75;1.44:7.87;1.86:7.85;2.22:7.89;2.6:8.01,-2.36021:7.681348;-2.331011:7.627276;-2.294178:7.587605;-2.263023:7.533743;-2.238841:7.492165;-2.2035:7.451304;-2.181473:7.403298;-2.155044:7.363797;-2.120203:7.297145;-2.10915:7.282788;-2.082486:7.219636;-2.051713:7.191808,sigma3_eth_seed42,3
ETH:biwi_eth:171:8510,ETH,biwi_eth:171,8510,tril,0.3283580243587494,0.4414507746696472,-3.05:8.05;-3.05:8.05;-3.05:8.05;-3.05:8.05;-2.6:8.07;-2.51:7.78;-2.38:7.73;-1.91:7.79,-1.54:7.72;-1.04:7.8;-0.62:7.82;-0.16:7.77;0.28:7.86;0.67:7.8;1.02:7.75;1.44:7.87;1.86:7.85;2.22:7.89;2.6:8.01;3.04:7.99,-1.485943:7.854867;-1.093715:7.905298;-0.6519275:7.983183;-0.2375637:8.040134;0.1682841:8.071085;0.5676867:8.154509;0.8921562:8.172781;1.320681:8.280568;1.689457:8.308997;2.075727:8.331552;2.443171:8.330474;2.845004:8.386049,sigma3_eth_seed42,3
ETH:biwi_eth:171:8520,ETH,biwi_eth:171,8520,tril,0.7856299877166748,1.415968656539917,-3.05:8.05;-3.05:8.05;-3.05:8.05;-2.6:8.07;-2.51:7.78;-2.38:7.73;-1.91:7.79;-1.54:7.72,-1.04:7.8;-0.62:7.82;-0.16:7.77;0.28:7.86;0.67:7.8;1.02:7.75;1.44:7.87;1.86:7.85;2.22:7.89;2.6:8.01;3.04:7.99;3.5:8.06,-1.212992:7.673497;-0.8973382:7.632047;-0.5536115:7.603303;-0.2256054:7.546814;0.07951939:7.516651;0.4190853:7.489807;0.7263165:7.446758;1.052756:7.409022;1.392497:7.331295;1.689762:7.339024;2.010852:7.27802;2.341878:7.24531,sigma3_eth_seed42,3
ETH:biwi_eth:171:8530,ETH,biwi_eth:171,8530,tril,0.2266059964895248,0.1753388494253158,-3.05:8.05;-3.05:8.05;-2.6:8.07;-2.51:7.78;-2.38:7.73;-1.91:7.79;-1.54:7.72;-1.04:7.8,-0.62:7.82;-0.16:7.77;0.28:7.86;0.67:7.8;1.02:7.75;1.44:7.87;1.86:7.85;2.22:7.89;2.6:8.01;3.04:7.99;3.5:8.06;3.94:8.17,-0.6033834:7.857606;-0.1945732:7.908494;0.2499267:7.976241;0.6778085:8.025394;1.098223:8.055705;1.51438:8.12474;1.887018:8.145734;2.313725:8.220166;2.70762:8.25345;3.11904:8.27451;3.502563:8.291893;3.914864:8.343528,sigma3_eth_seed42,3
ETH:biwi_eth:171:8540,ETH,biwi_eth:171,8540,tril,0.8913459181785583,1.4908655881881714,-3.05:8.05;-2.6:8.07;-2.51:7.78;-2.38:7.73;-1.91:7.79;-1.54:7.72;-1.04:7.8;-0.62:7.82,-0.16:7.77;0.28:7.86;0.67:7.8;1.02:7.75;1.44:7.87;1.86:7.85;2.22:7.89;2.6:8.01;3.04:7.99;3.5:8.06;3.94:8.17;4.33:8.23,-0.05343688:7.8786;0.4929093:7.920989;1.071261:7.975143;1.623047:8.037703;2.18466:8.046392;2.71296:8.108362;3.192131:8.124999;3.755965:8.225896;4.243756:8.282406;4.781092:8.253948;5.295022:8.26923;5.818816:8.30815,sigma3_eth_seed42,3
ETH:biwi_eth:171:8550,ETH,biwi_eth:171,8550,tril,0.7028529047966003,1.4681516885757446,-2.6:8.07;-2.51:7.78;-2.38:7.73;-1.91:7.79;-1.54:7.72;-1.04:7.8;-0.62:7.82;-0.16:7.77,0.28:7.86;0.67:7.8;1.02:7.75;1.44:7.87;1.86:7.85;2.22:7.89;2.6:8.01;3.04:7.99;3.5:8.06;3.94:8.17;4.33:8.23;4.73:8.38,0.2838596:7.695134;0.7183528:7.614573;1.189413:7.55011;1.626073:7.480776;2.055375:7.403761;2.488783:7.347047;2.872011:7.274122;3.330176:7.259216;3.743705:7.170271;4.145515:7.110656;4.591737:7.00699;5.023698:6.941525,sigma3_eth_seed42,3
ETH:biwi_eth:171:8560,ETH,biwi_eth:171,8560,tril,0.3690969944000244,0.3296050131320953,-2.51:7.78;-2.38:7.73;-1.91:7.79;-1.54:7.72;-1.04:7.8;-0.62:7.82;-0.16:7.77;0.28:7.86,0.67:7.8;1.02:7.75;1.44:7.87;1.86:7.85;2.22:7.89;2.6:8.01;3.04:7.99;3.5:8.06;3.94:8.17;4.33:8.23;4.73:8.38;5.04:8.46,0.6921228:7.954831;1.07565:8.036371;1.499979:8.140691;1.905504:8.222192;2.301018:8.281827;2.695628:8.391158;3.023945:8.434315;3.433698:8.546757;3.801534:8.603673;4.182976:8.652658;4.530086:8.688397;4.920977:8.767365,sigma3_eth_seed42,3
ETH:biwi_eth:171:8570,ETH,biwi_eth:171,8570,tril,0.7266494631767273,1.4848231077194214,-2.38:7.73;-1.91:7.79;-1.54:7.72;-1.04:7.8;-0.62:7.82;-0.16:7.77;0.28:7.86;0.67:7.8,1.02:7.75;1.44:7.87;1.86:7.85;2.22:7.89;2.6:8.01;3.04:7.99;3.5:8.06;3.94:8.17;4.33:8.23;4.73:8.38;5.04:8.46;5.33:8.54,1.046885:7.728976;1.413964:7.664801;1.807126:7.607955;2.181244:7.534431;2.5388:7.478053;2.920638:7.424237;3.277386:7.365012;3.653351:7.314182;4.031497:7.226415;4.378482:7.201328;4.75685:7.124111;5.130856:7.068592,sigma3_eth_seed42,3
ETH:biwi_eth:171:8580,ETH,biwi_eth:171,8580,tril,0.9268009066581726,1.77263605594635,-1.91:7.79;-1.54:7.72;-1.04:7.8;-0.62:7.82;-0.16:7.77;0.28:7.86;0.67:7.8;1.02:7.75,1.44:7.87;1.86:7.85;2.22:7.89;2.6:8.01;3.04:7.99;3.5:8.06;3.94:8.17;4.33:8.23;4.73:8.38;5.04:8.46;5.33:8.54;5.87:8.6,1.346845:7.694066;1.659457:7.633716;2.015514:7.599215;2.341828:7.536161;2.645663:7.490738;2.97849:7.461557;3.248059:7.401804;3.591161:7.390105;3.914949:7.292492;4.197706:7.286545;4.521487:7.189687;4.853797:7.147564,sigma3_eth_seed42,3
ETH:biwi_eth:171:8590,ETH,biwi_eth:171,8590,tril,0.5375188589096069,0.9639137387275696,-1.54:7.72;-1.04:7.8;-0.62:7.82;-0.16:7.77;0.28:7.86;0.67:7.8;1.02:7.75;1.44:7.87,1.86:7.85;2.22:7.89;2.6:8.01;3.04:7.99;3.5:8.06;3.94:8.17;4.33:8.23;4.73:8.38;5.04:8.46;5.33:8.54;5.87:8.6;6.27:8.5,1.816696:8.005361;2.155774:8.114831;2.556201:8.265092;2.92614:8.382901;3.282482:8.469718;3.636526:8.629363;3.877681:8.688944;4.269096:8.868908;4.585222:8.941812;4.915915:9.017033;5.211194:9.050953;5.570006:9.162675,sigma3_eth_seed42,3
ETH:biwi_eth:171:8600,ETH,biwi_eth:171,8600,tril,0.5823493599891663,0.8323938250541687,-1.04:7.8;-0.62:7.82;-0.16:7.77;0.28:7.86;0.67:7.8;1.02:7.75;1.44:7.87;1.86:7.85,2.22:7.89;2.6:8.01;3.04:7.99;3.5:8.06;3.94:8.17;4.33:8.23;4.73:8.38;5.04:8.46;5.33:8.54;5.87:8.6;6.27:8.5;6.7:8.4,2.276515:7.822752;2.680431:7.804249;3.100243:7.786357;3.512515:7.753955;3.913322:7.73073;4.328506:7.710989;4.742634:7.686037;5.140517:7.652197;5.552586:7.617715;5.953583:7.608172;6.353577:7.586752;6.756194:7.569505,sigma3_eth_seed42,3
ETH:biwi_eth:171:8610,ETH,biwi_eth:171,8610,tril,0.5333786606788635,0.8593648672103882,-0.62:7.82;-0.16:7.77;0.28:7.86;0.67:7.8;1.02:7.75;1.44:7.87;1.86:7.85;2.22:7.89,2.6:8.01;3.04:7.99;3.5:8.06;3.94:8.17;4.33:8.23;4.73:8.38;5.04:8.46;5.33:8.54;5.87:8.6;6.27:8.5;6.7:8.4;6.96:8.4,2.560444:7.942441;2.874367:7.989165;3.228243:8.059241;3.566425:8.095011;3.884638:8.134802;4.222099:8.206756;4.502306:8.224546;4.839959:8.286329;5.164249:8.293489;5.474403:8.347024;5.767236:8.351671;6.100637:8.401975,sigma3_eth_seed42,3
ETH:biwi_eth:171:8620,ETH,biwi_eth:171,8620,tril,0.6181952357292175,0.9051567316055298,-0.16:7.77;0.28:7.86;0.67:7.8;1.02:7.75;1.44:7.87;1.86:7.85;2.22:7.89;2.6:8.01,3.04:7.99;3.5:8.06;3.94:8.17;4.33:8.23;4.73:8.38;5.04:8.46;5.33:8.54;5.87:8.6;6.27:8.5;6.7:8.4;6.96:8.4;6.96:8.4,2.94188:8.124542;3.253489:8.220873;3.614949:8.348151;3.952285:8.443522;4.272946:8.523278;4.600981:8.655594;4.839858:8.709994;5.189159:8.850048;5.490078:8.906043;5.789959:8.982789;6.065669:9.012749;6.392912:9.105493,sigma3_eth_seed42,3
ETH:biwi_eth:171:8630,ETH,biwi_eth:171,8630,tril,0.6831489205360413,0.9793632626533508,0.28:7.86;0.67:7.8;1.02:7.75;1.44:7.87;1.86:7.85;2.22:7.89;2.6:8.01;3.04:7.99,3.5:8.06;3.94:8.17;4.33:8.23;4.73:8.38;5.04:8.46;5.33:8.54;5.87:8.6;6.27:8.5;6.7:8.4;6.96:8.4;6.96:8.4;7.2:7.95,3.471882:7.947318;3.889898:7.907327;4.333981:7.875334;4.759393:7.832022;5.175589:7.788955;5.599369:7.75814;6.002164:7.71566;6.427559:7.695343;6.840466:7.64272;7.246387:7.612662;7.666589:7.559882;8.083618:7.52766,sigma3_eth_seed42,3
ETH:biwi_eth:171:8640,ETH,biwi_eth:171,8640,tril,0.5586905479431152,1.7691514492034912,0.67:7.8;1.02:7.75;1.44:7.87;1.86:7.85;2.22:7.89;2.6:8.01;3.04:7.99;3.5:8.06,3.94:8.17;4.33:8.23;4.73:8.38;5.04:8.46;5.33:8.54;5.87:8.6;6.27:8.5;6.7:8.4;6.96:8.4;6.96:8.4;7.2:7.95;7.23:7.85,3.958093:8.138491;4.393455:8.208854;4.857113:8.29073;5.307435:8.360115;5.75327:8.405193;6.192785:8.49068;6.591521:8.528236;7.037912:8.612036;7.453153:8.67053;7.88922:8.698588;8.289055:8.74084;8.71973:8.804254,sigma3_eth_seed42,3
ETH:biwi_eth:171:8650,ETH,biwi_eth:171,8650,tril,0.5681183338165283,1.839115619659424,1.02:7.75;1.44:7.87;1.86:7.85;2.22:7.89;2.6:8.01;3.04:7.99;3.5:8.06;3.94:8.17,4.33:8.23;4.73:8.38;5.04:8.46;5.33:8.54;5.87:8.6;6.27:8.5;6.7:8.4;6.96:8.4;6.96:8.4;7.2:7.95;7.23:7.85;7.23:7.85,4.357888:8.258886;4.7461:8.336681;5.174385:8.435355;5.584682:8.512084;5.985605:8.567062;6.384406:8.669919;6.722157:8.710214;7.135098:8.816181;7.507889:8.87068;7.896632:8.914492;8.250528:8.948599;8.645836:9.023778,sigma3_eth_seed42,3
ETH:biwi_eth:171:8660,ETH,biwi_eth:171,8660,tril,0.5220144391059875,1.7044109106063845,1.44:7.87;1.86:7.85;2.22:7.89;2.6:8.01;3.04:7.99;3.5:8.06;3.94:8.17;4.33:8.23,4.73:8.38;5.04:8.46;5.33:8.54;5.87:8.6;6.27:8.5;6.7:8.4;6.96:8.4;6.96:8.4;7.2:7.95;7.23:7.85;7.23:7.85;7.23:7.85,4.719477:8.262956;5.083097:8.294096;5.481213:8.341707;5.865007:8.363811;6.234842:8.383677;6.614101:8.431227;6.954775:8.438165;7.334373:8.481196;7.699974:8.484989;8.064434:8.511126;8.411414:8.51121;8.785957:8.545711,sigma3_eth_seed42,3
ETH:biwi_eth:171:8670,ETH,biwi_eth:171,8670,tril,1.1585091352462769,2.5034608840942383,1.86:7.85;2.22:7.89;2.6:8.01;3.04:7.99;3.5:8.06;3.94:8.17;4.33:8.23;4.73:8.38,5.04:8.46;5.33:8.54;5.87:8.6;6.27:8.5;6.7:8.4;6.96:8.4;6.96:8.4;7.2:7.95;7.23:7.85;7.23:7.85;7.23:7.85;7.23:7.85,5.092758:8.542332;5.412762:8.670271;5.806453:8.849557;6.161743:8.99247;6.502556:9.096016;6.837663:9.28745;7.03118:9.358418;7.41937:9.583634;7.708339:9.669745;8.015162:9.758475;8.286252:9.792225;8.631321:9.924516,sigma3_eth_seed42,3
ETH:biwi_eth:171:8680,ETH,biwi_eth:171,8680,tril,0.9950363039970398,1.7124472856521606,2.22:7.89;2.6:8.01;3.04:7.99;3.5:8.06;3.94:8.17;4.33:8.23;4.73:8.38;5.04:8.46,5.33:8.54;5.87:8.6;6.27:8.5;6.7:8.4;6.96:8.4;6.96:8.4;7.2:7.95;7.23:7.85;7.23:7.85;7.23:7.85;7.23:7.85;7.2:7.88,5.303688:8.560642;5.538902:8.644;5.826675:8.76267;6.089184:8.839046;6.326651:8.917671;6.585248:9.037426;6.75243:9.08363;7.027318:9.208896;7.266994:9.236166;7.482756:9.328148;7.692466:9.336323;7.951283:9.418847,sigma3_eth_seed42,3
ETH:biwi_eth:171:8690,ETH,biwi_eth:171,8690,tril,0.9529826045036316,1.5069748163223269,2.6:8.01;3.04:7.99;3.5:8.06;3.94:8.17;4.33:8.23;4.73:8.38;5.04:8.46;5.33:8.54,5.87:8.6;6.27:8.5;6.7:8.4;6.96:8.4;6.96:8.4;7.2:7.95;7.23:7.85;7.23:7.85;7.23:7.85;7.23:7.85;7.2:7.88;7.07:7.94,5.576297:8.603015;5.798468:8.644782;6.079164:8.727031;6.327268:8.76762;6.544856:8.813607;6.790413:8.908166;6.916785:8.91901;7.18915:9.031313;7.410939:9.018133;7.594451:9.089772;7.788926:9.050201;8.033342:9.098855,sigma3_eth_seed42,3
ETH:biwi_eth:171:8700,ETH,biwi_eth:171,8700,tril,2.4267499446868896,5.370211601257324,3.04:7.99;3.5:8.06;3.94:8.17;4.33:8.23;4.73:8.38;5.04:8.46;5.33:8.54;5.87:8.6,6.27:8.5;6.7:8.4;6.96:8.4;6.96:8.4;7.2:7.95;7.23:7.85;7.23:7.85;7.23:7.85;7.23:7.85;7.2:7.88;7.07:7.94;6.81:7.86,6.409219:8.659606;6.928391:8.710464;7.471444:8.767264;7.998138:8.826637;8.530686:8.845511;9.039118:8.905912;9.519423:8.929854;10.04428:9.006355;10.52212:9.065301;11.04163:9.052879;11.52808:9.085921;12.0278:9.130334,sigma3_eth_seed42,3
ETH:biwi_eth:171:8710,ETH,biwi_eth:171,8710,tril,1.5205127000808716,3.8903348445892334,3.5:8.06;3.94:8.17;4.33:8.23;4.73:8.38;5.04:8.46;5.33:8.54;5.87:8.6;6.27:8.5,6.7:8.4;6.96:8.4;6.96:8.4;7.2:7.95;7.23:7.85;7.23:7.85;7.23:7.85;7.23:7.85;7.2:7.88;7.07:7.94;6.81:7.86;6.51:7.74,6.622444:8.389629;6.957928:8.273225;7.346749:8.187264;7.693739:8.083405;8.027091:7.981527;8.373702:7.90491;8.647028:7.800642;9.027318:7.775375;9.355604:7.637386;9.66041:7.572874;10.02305:7.421863;10.37955:7.338428,sigma3_eth_seed42,3
ETH:biwi_eth:171:8720,ETH,biwi_eth:171,8720,tril,2.297853946685791,5.266210079193115,3.94:8.17;4.33:8.23;4.73:8.38;5.04:8.46;5.33:8.54;5.87:8.6;6.27:8.5;6.7:8.4,6.96:8.4;6.96:8.4;7.2:7.95;7.23:7.85;7.23:7.85;7.23:7.85;7.23:7.85;7.2:7.88;7.07:7.94;6.81:7.86;6.51:7.74;6.16:7.76,7.100969:8.281647;7.4912:8.157372;7.930616:8.056647;8.324577:7.946522;8.705619:7.837047;9.099525:7.747371;9.421122:7.640489;9.851507:7.610004;10.22544:7.468033;10.57083:7.393355;10.98975:7.233926;11.3888:7.133436,sigma3_eth_seed42,3
ETH:biwi_eth:171:8730,ETH,biwi_eth:171,8730,tril,1.8364628553390503,4.300042629241943,4.33:8.23;4.73:8.38;5.04:8.46;5.33:8.54;5.87:8.6;6.27:8.5;6.7:8.4;6.96:8.4,6.96:8.4;7.2:7.95;7.23:7.85;7.23:7.85;7.23:7.85;7.23:7.85;7.2:7.88;7.07:7.94;6.81:7.86;6.51:7.74;6.16:7.76;5.78:7.73,7.222456:8.379165;7.470312:8.365209;7.745272:8.363092;8.008456:8.327099;8.246272:8.323186;8.519161:8.315353;8.769436:8.294781;9.024254:8.271626;9.30213:8.211647;9.536039:8.244132;9.790231:8.200871;10.05531:8.190551,sigma3_eth_seed42,3
ETH:biwi_eth:171:8740,ETH,biwi_eth:171,8740,tril,0.600480854511261,1.74690043926239,4.73:8.38;5.04:8.46;5.33:8.54;5.87:8.6;6.27:8.5;6.7:8.4;6.96:8.4;6.96:8.4,7.2:7.95;7.23:7.85;7.23:7.85;7.23:7.85;7.23:7.85;7.2:7.88;7.07:7.94;6.81:7.86;6.51:7.74;6.16:7.76;5.78:7.73;5.4:7.69,6.971031:8.339749;7.000155:8.267361;7.035791:8.206608;7.059538:8.140885;7.072803:8.083384;7.103526:8.041725;7.087272:7.974998;7.11867:7.939188;7.139991:7.860891;7.122801:7.833126;7.132577:7.748707;7.14689:7.696003,sigma3_eth_seed42,3
ETH:biwi_eth:171:8750,ETH,biwi_eth:171,8750,tril,2.5622875690460205,4.890447616577148,5.04:8.46;5.33:8.54;5.87:8.6;6.27:8.5;6.7:8.4;6.96:8.4;6.96:8.4;7.2:7.95,7.23:7.85;7.23:7.85;7.23:7.85;7.23:7.85;7.2:7.88;7.07:7.94;6.81:7.86;6.51:7.74;6.16:7.76;5.78:7.73;5.4:7.69;4.99:7.72,7.278615:7.534647;7.36387:7.132257;7.424787:6.727715;7.489867:6.336705;7.533481:5.960986;7.556523:5.56937;7.633163:5.202936;7.643334:4.86934;7.591763:4.56249;7.618267:4.212413;7.623642:3.86411;7.590991:3.578585,sigma3_eth_seed42,3
ETH:biwi_eth:171:8760,ETH,biwi_eth:171,8760,tril,1.4052672386169434,3.205317258834839,5.33:8.54;5.87:8.6;6.27:8.5;6.7:8.4;6.96:8.4;6.96:8.4;7.2:7.95;7.23:7.85,7.23:7.85;7.23:7.85;7.23:7.85;7.2:7.88;7.07:7.94;6.81:7.86;6.51:7.74;6.16:7.76;5.78:7.73;5.4:7.69;4.99:7.72;4.59:7.71,7.255988:7.692607;7.29156:7.533734;7.341046:7.381896;7.373622:7.228778;7.38395:7.087927;7.416411:6.967871;7.381014:6.821153;7.423345:6.726429;7.421744:6.57562;7.395969:6.476113;7.394882:6.299867;7.405461:6.17793,sigma3_eth_seed42,3
ETH:biwi_eth:171:8770,ETH,biwi_eth:171,8770,tril,1.1597295999526978,3.031776189804077,5.87:8.6;6.27:8.5;6.7:8.4;6.96:8.4;6.96:8.4;7.2:7.95;7.23:7.85;7.23:7.85,7.23:7.85;7.23:7.85;7.2:7.88;7.07:7.94;6.81:7.86;6.51:7.74;6.16:7.76;5.78:7.73;5.4:7.69;4.99:7.72;4.59:7.71;4.13:7.78,7.218866:7.802888;7.221883:7.751239;7.227532:7.695651;7.21767:7.64736;7.205714:7.599275;7.21388:7.567594;7.181361:7.519034;7.185325:7.48093;7.179656:7.422956;7.142636:7.395476;7.135379:7.344011;7.122134:7.291328,sigma3_eth_seed42,3
ETH:biwi_eth:171:8780,ETH,biwi_eth:171,8780,tril,1.5174578428268433,3.6608054637908936,6.27:8.5;6.7:8.4;6.96:8.4;6.96:8.4;7.2:7.95;7.23:7.85;7.23:7.85;7.23:7.85,7.23:7.85;7.2:7.88;7.07:7.94;6.81:7.86;6.51:7.74;6.16:7.76;5.78:7.73;5.4:7.69;4.99:7.72;4.59:7.71;4.13:7.78;3.73:7.92,7.235888:7.850062;7.251994:7.849536;7.264173:7.841674;7.271157:7.835067;7.276469:7.834155;7.304261:7.836939;7.325297:7.835375;7.333207:7.809017;7.361927:7.797186;7.364098:7.808616;7.378932:7.821732;7.389133:7.809354,sigma3_eth_seed42,3
ETH:biwi_eth:171:8790,ETH,biwi_eth:171,8790,tril,1.6902422904968262,3.787946939468384,6.7:8.4;6.96:8.4;6.96:8.4;7.2:7.95;7.23:7.85;7.23:7.85;7.23:7.85;7.23:7.85,7.2:7.88;7.07:7.94;6.81:7.86;6.51:7.74;6.16:7.76;5.78:7.73;5.4:7.69;4.99:7.72;4.59:7.71;4.13:7.78;3.73:7.92;3.3:7.97,7.217307:7.848259;7.201554:7.822787;7.202779:7.815064;7.185581:7.802816;7.17101:7.776659;7.182988:7.822527;7.125124:7.77391;7.13653:7.773708;7.145671:7.744234;7.121453:7.732663;7.09499:7.745769;7.080073:7.725897,sigma3_eth_seed42,3
ETH:biwi_eth:171:8800,ETH,biwi_eth:171,8800,tril,1.921961784362793,4.003582000732422,6.96:8.4;6.96:8.4;7.2:7.95;7.23:7.85;7.23:7.85;7.23:7.85;7.23:7.85;7.2:7.88,7.07:7.94;6.81:7.86;6.51:7.74;6.16:7.76;5.78:7.73;5.4:7.69;4.99:7.72;4.59:7.71;4.13:7.78;3.73:7.92;3.3:7.97;2.87:8.04,7.175399:7.900031;7.144092:7.908848;7.118666:7.918322;7.08014:7.926801;7.050098:7.926023;7.035827:7.964498;7.006302:7.950898;6.978382:7.945757;6.968843:7.942513;6.93846:7.942506;6.914851:7.983237;6.873122:7.97931,sigma3_eth_seed42,3
ETH:biwi_eth:171:8810,ETH,biwi_eth:171,8810,tril,1.559008002281189,3.1454741954803467,6.96:8.4;7.2:7.95;7.23:7.85;7.23:7.85;7.23:7.85;7.23:7.85;7.2:7.88;7.07:7.94,6.81:7.86;6.51:7.74;6.16:7.76;5.78:7.73;5.4:7.69;4.99:7.72;4.59:7.71;4.13:7.78;3.73:7.92;3.3:7.97;2.87:8.04;2.42:8.16,6.916611:7.994351;6.788825:8.038313;6.648633:8.082794;6.515043:8.116661;6.377159:8.172338;6.243716:8.192075;6.156118:8.240746;6.009058:8.262467;5.909904:8.283689;5.775913:8.345135;5.680459:8.367067;5.555986:8.404133,sigma3_eth_seed42,3
ETH:biwi_eth:171:8820,ETH,biwi_eth:171,8820,tril,0.9508196711540222,2.1215877532958984,7.2:7.95;7.23:7.85;7.23:7.85;7.23:7.85;7.23:7.85;7.2:7.88;7.07:7.94;6.81:7.86,6.51:7.74;6.16:7.76;5.78:7.73;5.4:7.69;4.99:7.72;4.59:7.71;4.13:7.78;3.73:7.92;3.3:7.97;2.87:8.04;2.42:8.16;1.97:8.24,6.548691:7.834924;6.30438:7.810919;6.065667:7.78014;5.820004:7.75928;5.575064:7.738081;5.34926:7.723055;5.097591:7.709442;4.8797:7.697173;4.652759:7.671002;4.415934:7.668565;4.201288:7.640039;3.999781:7.622647,sigma3_eth_seed42,3
ETH:biwi_eth:171:8830,ETH,biwi_eth:171,8830,tril,0.9728066921234132,2.133419990539551,7.23:7.85;7.23:7.85;7.23:7.85;7.23:7.85;7.2:7.88;7.07:7.94;6.81:7.86;6.51:7.74,6.16:7.76;5.78:7.73;5.4:7.69;4.99:7.72;4.59:7.71;4.13:7.78;3.73:7.92;3.3:7.97;2.87:8.04;2.42:8.16;1.97:8.24;1.52:8.35,6.222523:7.690387;5.954514:7.64474;5.699112:7.584518;5.424072:7.548903;5.149718:7.502806;4.908241:7.480643;4.590658:7.449037;4.36918:7.433438;4.102745:7.390103;3.825599:7.36918;3.578341:7.31706;3.360352:7.270841,sigma3_eth_seed42,3
ETH:biwi_eth:171:8840,ETH,biwi_eth:171,8840,tril,0.6456503868103027,1.4011943340301514,7.23:7.85;7.23:7.85;7.23:7.85;7.2:7.88;7.07:7.94;6.81:7.86;6.51:7.74;6.16:7.76,5.78:7.73;5.4:7.69;4.99:7.72;4.59:7.71;4.13:7.78;3.73:7.92;3.3:7.97;2.87:8.04;2.42:8.16;1.97:8.24;1.52:8.35;1.15:8.41,5.821347:7.785349;5.503463:7.816431;5.188918:7.82289;4.861854:7.848676;4.535923:7.878557;4.227997:7.887474;3.916101:7.933362;3.626348:7.965426;3.332:7.979261;3.016829:8.015897;2.766722:8.015727;2.494879:8.016749,sigma3_eth_seed42,3
ETH:biwi_eth:171:8850,ETH,biwi_eth:171,8850,tril,0.6445427536964417,1.334640383720398,7.23:7.85;7.23:7.85;7.2:7.88;7.07:7.94;6.81:7.86;6.51:7.74;6.16:7.76;5.78:7.73,5.4:7.69;4.99:7.72;4.59:7.71;4.13:7.78;3.73:7.92;3.3:7.97;2.87:8.04;2.42:8.16;1.97:8.24;1.52:8.35;1.15:8.41;0.74:8.37,5.414423:7.703853;5.052903:7.676993;4.707085:7.657622;4.363184:7.637797;4.022115:7.610969;3.695681:7.613422;3.341775:7.587672;3.027587:7.581058;2.703991:7.562218;2.397652:7.554155;2.071491:7.539349;1.791051:7.54747,sigma3_eth_seed42,3
ETH:biwi_eth:171:8860,ETH,biwi_eth:171,8860,tril,0.6892032623291016,1.311127781867981,7.23:7.85;7.2:7.88;7.07:7.94;6.81:7.86;6.51:7.74;6.16:7.76;5.78:7.73;5.4:7.69,4.99:7.72;4.59:7.71;4.13:7.78;3.73:7.92;3.3:7.97;2.87:8.04;2.42:8.16;1.97:8.24;1.52:8.35;1.15:8.41;0.74:8.37;0.31:8.36,5.030894:7.672371;4.661519:7.654684;4.307676:7.647938;3.961511:7.633284;3.617402:7.615955;3.284253:7.623934;2.94115:7.604328;2.615615:7.598751;2.29494:7.586573;1.994191:7.586856;1.665451:7.582847;1.381715:7.604696,sigma3_eth_seed42,3
ETH:biwi_eth:171:8870,ETH,biwi_eth:171,8870,tril,0.3091623783111572,0.7354568243026733,7.2:7.88;7.07:7.94;6.81:7.86;6.51:7.74;6.16:7.76;5.78:7.73;5.4:7.69;4.99:7.72,4.59:7.71;4.13:7.78;3.73:7.92;3.3:7.97;2.87:8.04;2.42:8.16;1.97:8.24;1.52:8.35;1.15:8.41;0.74:8.37;0.31:8.36;-0.14:8.31,4.5781:7.785365;4.180567:7.850617;3.783211:7.906003;3.391168:7.964201;3.005884:8.028371;2.621629:8.066673;2.286161:8.138698;1.912095:8.188256;1.568843:8.240281;1.226294:8.300221;0.9169965:8.350765;0.5890198:8.407093,sigma3_eth_seed42,3
ETH:biwi_eth:171:8880,ETH,biwi_eth:171,8880,tril,0.6667711138725281,1.1101109981536863,7.07:7.94;6.81:7.86;6.51:7.74;6.16:7.76;5.78:7.73;5.4:7.69;4.99:7.72;4.59:7.71,4.13:7.78;3.73:7.92;3.3:7.97;2.87:8.04;2.42:8.16;1.97:8.24;1.52:8.35;1.15:8.41;0.74:8.37;0.31:8.36;-0.14:8.31;-0.58:8.25,4.20442:7.70568;3.816953:7.70009;3.442681:7.70895;3.082155:7.704656;2.72561:7.699674;2.373182:7.714234;2.033728:7.705113;1.685445:7.703959;1.356604:7.704125;1.053092:7.712479;0.7151206:7.724572;0.4177213:7.763278,sigma3_eth_seed42,3
ETH:biwi_eth:171:8890,ETH,biwi_eth:171,8890,tril,0.1475147604942321,0.2942985296249389,6.81:7.86;6.51:7.74;6.16:7.76;5.78:7.73;5.4:7.69;4.99:7.72;4.59:7.71;4.13:7.78,3.73:7.92;3.3:7.97;2.87:8.04;2.42:8.16;1.97:8.24;1.52:8.35;1.15:8.41;0.74:8.37;0.31:8.36;-0.14:8.31;-0.58:8.25;-1.01:8.35,3.667176:7.854822;3.217287:7.931859;2.769698:7.99534;2.326498:8.064838;1.891834:8.137984;1.459765:8.185537;1.076188:8.269551;0.6582825:8.328881;0.2687035:8.392102;-0.1157355:8.45881;-0.4652557:8.520873;-0.8319397:8.584321,sigma3_eth_seed42,3
ETH:biwi_eth:171:8900,ETH,biwi_eth:171,8900,tril,0.5665543675422668,1.1133637428283691,6.51:7.74;6.16:7.76;5.78:7.73;5.4:7.69;4.99:7.72;4.59:7.71;4.13:7.78;3.73:7.92,3.3:7.97;2.87:8.04;2.42:8.16;1.97:8.24;1.52:8.35;1.15:8.41;0.74:8.37;0.31:8.36;-0.14:8.31;-0.58:8.25;-1.01:8.35;-1.36:8.51,3.345309:8.035848;2.978261:8.149899;2.611269:8.247094;2.244161:8.344226;1.873809:8.458847;1.513923:8.532244;1.197242:8.648785;0.8483365:8.739802;0.5339062:8.818542;0.193341:8.927048;-0.08540821:8.99457;-0.3977351:9.070023,sigma3_eth_seed42,3
ETH:biwi_eth:171:8910,ETH,biwi_eth:171,8910,tril,0.2034603804349899,0.1830974966287613,6.16:7.76;5.78:7.73;5.4:7.69;4.99:7.72;4.59:7.71;4.13:7.78;3.73:7.92;3.3:7.97,2.87:8.04;2.42:8.16;1.97:8.24;1.52:8.35;1.15:8.41;0.74:8.37;0.31:8.36;-0.14:8.31;-0.58:8.25;-1.01:8.35;-1.36:8.51;-1.5:8.5,2.868711:8.018395;2.44356:8.067738;2.023153:8.116017;1.614413:8.159623;1.213339:8.207144;0.8119767:8.24249;0.4592335:8.294184;0.06461263:8.328321;-0.2953892:8.37123;-0.6403074:8.418419;-0.9808981:8.468488;-1.319283:8.52943,sigma3_eth_seed42,3
ETH:biwi_eth:171:8920,ETH,biwi_eth:171,8920,tril,0.189630851149559,0.3768966495990753,5.78:7.73;5.4:7.69;4.99:7.72;4.59:7.71;4.13:7.78;3.73:7.92;3.3:7.97;2.87:8.04,2.42:8.16;1.97:8.24;1.52:8.35;1.15:8.41;0.74:8.37;0.31:8.36;-0.14:8.31;-0.58:8.25;-1.01:8.35;-1.36:8.51;-1.5:8.5;-2.08:8.54,2.429567:8.113726;2.001496:8.187539;1.574326:8.252696;1.15496:8.318918;0.7436275:8.390587;0.3320532:8.436866;-0.02428007:8.515944;-0.425864:8.570553;-0.7923031:8.631534;-1.152931:8.69717;-1.486198:8.759414;-1.835199:8.826572,sigma3_eth_seed42,3
ETH:biwi_eth:171:8930,ETH,biwi_eth:171,8930,tril,0.3557962477207184,0.6209254264831543,5.4:7.69;4.99:7.72;4.59:7.71;4.13:7.78;3.73:7.92;3.3:7.97;2.87:8.04;2.42:8.16,1.97:8.24;1.52:8.35;1.15:8.41;0.74:8.37;0.31:8.36;-0.14:8.31;-0.58:8.25;-1.01:8.35;-1.36:8.51;-1.5:8.5;-2.08:8.54;-2.41:8.59,1.965259:8.25985;1.521047:8.357607;1.076993:8.450318;0.6456254:8.537055;0.2212462:8.63313;-0.2054756:8.699372;-0.5621927:8.797988;-0.9824631:8.867936;-1.354239:8.948188;-1.719985:9.034914;-2.063965:9.119472;-2.423955:9.210769,sigma3_eth_seed42,3
ETH:biwi_eth:171:8940,ETH,biwi_eth:171,8940,tril,0.2424923181533813,0.4755914807319641,4.99:7.72;4.59:7.71;4.13:7.78;3.73:7.92;3.3:7.97;2.87:8.04;2.42:8.16;1.97:8.24,1.52:8.35;1.15:8.41;0.74:8.37;0.31:8.36;-0.14:8.31;-0.58:8.25;-1.01:8.35;-1.36:8.51;-1.5:8.5;-2.08:8.54;-2.41:8.59;-2.81:8.43,1.514055:8.297196;1.065705:8.357542;0.623385:8.409888;0.1880182:8.463386;-0.240046:8.520011;-0.6642263:8.561563;-1.047318:8.625993;-1.459618:8.671651;-1.844565:8.72167;-2.218537:8.776761;-2.574847:8.829762;-2.933533:8.889268,sigma3_eth_seed42,3
ETH:biwi_eth:171:8950,ETH,biwi_eth:171,8950,tril,0.5301864743232727,0.9425693154335022,4.59:7.71;4.13:7.78;3.73:7.92;3.3:7.97;2.87:8.04;2.42:8.16;1.97:8.24;1.52:8.35,1.15:8.41;0.74:8.37;0.31:8.36;-0.14:8.31;-0.58:8.25;-1.01:8.35;-1.36:8.51;-1.5:8.5;-2.08:8.54;-2.41:8.59;-2.81:8.43;-2.89:8.55,1.061083:8.44592;0.6152506:8.541277;0.1695198:8.6262;-0.2679722:8.711421;-0.6979189:8.804173;-1.128025:8.865511;-1.495636:8.964911;-1.915359:9.035672;-2.294803:9.113246;-2.671257:9.196532;-3.014608:9.274583;-3.378942:9.355837,sigma3_eth_seed42,3
ETH:biwi_eth:171:8960,ETH,biwi_eth:171,8960,tril,0.4684096276760101,0.491815984249115,4.13:7.78;3.73:7.92;3.3:7.97;2.87:8.04;2.42:8.16;1.97:8.24;1.52:8.35;1.15:8.41,0.74:8.37;0.31:8.36;-0.14:8.31;-0.58:8.25;-1.01:8.35;-1.36:8.51;-1.5:8.5;-2.08:8.54;-2.41:8.59;-2.81:8.43;-2.89:8.55;-2.93:8.65,0.7772296:8.477249;0.4108723:8.541189;0.04562247:8.609951;-0.3030648:8.663447;-0.648535:8.729409;-0.9974936:8.774837;-1.282169:8.836691;-1.632702:8.877766;-1.931533:8.928017;-2.22485:8.992768;-2.515254:9.051023;-2.810189:9.126999,sigma3_eth_seed42,3
ETH:biwi_eth:171:8970,ETH,biwi_eth:171,8970,tril,0.3511353731155395,0.9996813535690308,3.73:7.92;3.3:7.97;2.87:8.04;2.42:8.16;1.97:8.24;1.52:8.35;1.15:8.41;0.74:8.37,0.31:8.36;-0.14:8.31;-0.58:8.25;-1.01:8.35;-1.36:8.51;-1.5:8.5;-2.08:8.54;-2.41:8.59;-2.81:8.43;-2.89:8.55;-2.93:8.65;-2.98:8.75,0.3313703:8.334653;-0.07779974:8.30498;-0.463843:8.276178;-0.8534855:8.252478;-1.241767:8.218912;-1.605798:8.223181;-2.020657:8.194743;-2.365679:8.189431;-2.735295:8.165869;-3.086145:8.1553;-3.454831:8.134296;-3.766654:8.133122,sigma3_eth_seed42,3
ETH:biwi_eth:171:8980,ETH,biwi_eth:171,8980,tril,0.5017995238304138,1.5965896844863892,3.3:7.97;2.87:8.04;2.42:8.16;1.97:8.24;1.52:8.35;1.15:8.41;0.74:8.37;0.31:8.36,-0.14:8.31;-0.58:8.25;-1.01:8.35;-1.36:8.51;-1.5:8.5;-2.08:8.54;-2.41:8.59;-2.81:8.43;-2.89:8.55;-2.93:8.65;-2.98:8.75;-2.98:8.75,-0.1316041:8.345385;-0.5774286:8.334664;-1.002827:8.330956;-1.421954:8.323364;-1.836962:8.308947;-2.238729:8.324471;-2.655653:8.311812;-3.043111:8.314457;-3.432619:8.310362;-3.793659:8.312295;-4.184388:8.316311;-4.523777:8.342752,sigma3_eth_seed42,3
ETH:biwi_eth:171:8990,ETH,biwi_eth:171,8990,tril,0.7148588299751282,1.984060287475586,2.87:8.04;2.42:8.16;1.97:8.24;1.52:8.35;1.15:8.41;0.74:8.37;0.31:8.36;-0.14:8.31,-0.58:8.25;-1.01:8.35;-1.36:8.51;-1.5:8.5;-2.08:8.54;-2.41:8.59;-2.81:8.43;-2.89:8.55;-2.93:8.65;-2.98:8.75;-2.98:8.75;-2.96:8.42,-0.5781122:8.292575;-1.020155:8.277931;-1.441519:8.271894;-1.85668:8.261724;-2.267735:8.243792;-2.665586:8.258506;-3.081976:8.241563;-3.465294:8.242892;-3.8527:8.236382;-4.210883:8.235374;-4.601357:8.236782;-4.937755:8.261949,sigma3_eth_seed42,3
ETH:biwi_eth:171:9000,ETH,biwi_eth:171,9000,tril,1.056257963180542,2.537028551101685,2.42:8.16;1.97:8.24;1.52:8.35;1.15:8.41;0.74:8.37;0.31:8.36;-0.14:8.31;-0.58:8.25,-1.01:8.35;-1.36:8.51;-1.5:8.5;-2.08:8.54;-2.41:8.59;-2.81:8.43;-2.89:8.55;-2.93:8.65;-2.98:8.75;-2.98:8.75;-2.96:8.42;-2.96:8.42,-1.022372:8.214058;-1.463219:8.18085;-1.880399:8.149995;-2.302455:8.128028;-2.720193:8.090315;-3.116537:8.095672;-3.56873:8.064645;-3.94019:8.064918;-4.344958:8.043899;-4.724445:8.026552;-5.12319:8.004803;-5.462654:8.003781,sigma3_eth_seed42,3
ETH:biwi_eth:171:9010,ETH,biwi_eth:171,9010,tril,1.0272425413131714,2.4756643772125244,1.97:8.24;1.52:8.35;1.15:8.41;0.74:8.37;0.31:8.36;-0.14:8.31;-0.58:8.25;-1.01:8.35,-1.36:8.51;-1.5:8.5;-2.08:8.54;-2.41:8.59;-2.81:8.43;-2.89:8.55;-2.93:8.65;-2.98:8.75;-2.98:8.75;-2.96:8.42;-2.96:8.42;-3.31:8.09,-1.432106:8.430861;-1.836908:8.512586;-2.241685:8.577468;-2.645929:8.650003;-3.044873:8.729726;-3.438913:8.77708;-3.789026:8.86704;-4.168822:8.932215;-4.522477:8.994328;-4.883803:9.067877;-5.194401:9.123102;-5.532579:9.180438,sigma3_eth_seed42,3
ETH:biwi_eth:171:9020,ETH,biwi_eth:171,9020,tril,0.8915407061576843,2.042391777038574,1.52:8.35;1.15:8.41;0.74:8.37;0.31:8.36;-0.14:8.31;-0.58:8.25;-1.01:8.35;-1.36:8.51,-1.5:8.5;-2.08:8.54;-2.41:8.59;-2.81:8.43;-2.89:8.55;-2.93:8.65;-2.98:8.75;-2.98:8.75;-2.96:8.42;-2.96:8.42;-3.31:8.09;-3.38:8.03,-1.662104:8.615985;-1.962243:8.737487;-2.250183:8.827555;-2.54545:8.913114;-2.858827:9.030571;-3.146014:9.1019;-3.412137:9.221355;-3.688381:9.312053;-3.933122:9.373219;-4.227808:9.496037;-4.441917:9.53867;-4.692664:9.594697,sigma3_eth_seed42,3
ETH:biwi_eth:171:9030,ETH,biwi_eth:171,9030,tril,0.7784209251403809,0.6516706347465515,1.15:8.41;0.74:8.37;0.31:8.36;-0.14:8.31;-0.58:8.25;-1.01:8.35;-1.36:8.51;-1.5:8.5,-2.08:8.54;-2.41:8.59;-2.81:8.43;-2.89:8.55;-2.93:8.65;-2.98:8.75;-2.98:8.75;-2.96:8.42;-2.96:8.42;-3.31:8.09;-3.38:8.03;-3.38:8.03,-1.606305:8.457438;-1.715625:8.43714;-1.806079:8.394849;-1.910076:8.351922;-2.033998:8.330759;-2.119087:8.308001;-2.25359:8.291185;-2.337766:8.26814;-2.426819:8.212612;-2.560009:8.227272;-2.652055:8.163711;-2.734576:8.120014,sigma3_eth_seed42,3
ETH:biwi_eth:171:9040,ETH,biwi_eth:171,9040,tril,2.8391027450561523,5.055633544921875,0.74:8.37;0.31:8.36;-0.14:8.31;-0.58:8.25;-1.01:8.35;-1.36:8.51;-1.5:8.5;-2.08:8.54,-2.41:8.59;-2.81:8.43;-2.89:8.55;-2.93:8.65;-2.98:8.75;-2.98:8.75;-2.96:8.42;-2.96:8.42;-3.31:8.09;-3.38:8.03;-3.38:8.03;-3.87:7.94,-2.696279:8.515265;-3.315005:8.503086;-3.901772:8.477879;-4.50021:8.478401;-5.086831:8.451361;-5.646083:8.472322;-6.272767:8.46662;-6.789537:8.488943;-7.359272:8.491609;-7.88664:8.479365;-8.423794:8.479543;-8.89624:8.484369,sigma3_eth_seed42,3
ETH:biwi_eth:171:9050,ETH,biwi_eth:171,9050,tril,1.3849912881851196,2.3731436729431152,0.31:8.36;-0.14:8.31;-0.58:8.25;-1.01:8.35;-1.36:8.51;-1.5:8.5;-2.08:8.54;-2.41:8.59,-2.81:8.43;-2.89:8.55;-2.93:8.65;-2.98:8.75;-2.98:8.75;-2.96:8.42;-2.96:8.42;-3.31:8.09;-3.38:8.03;-3.38:8.03;-3.87:7.94;-3.96:7.92,-2.732607:8.649031;-3.061879:8.720025;-3.378692:8.781915;-3.686498:8.827238;-4.002997:8.895431;-4.308101:8.940695;-4.572323:9.006362;-4.876598:9.049503;-5.135997:9.086322;-5.408573:9.162886;-5.661088:9.200938;-5.918868:9.259645,sigma3_eth_seed42,3
ETH:biwi_eth:171:9060,ETH,biwi_eth:171,9060,tril,1.9502719640731807,3.1792449951171875,-0.14:8.31;-0.58:8.25;-1.01:8.35;-1.36:8.51;-1.5:8.5;-2.08:8.54;-2.41:8.59;-2.81:8.43,-2.89:8.55;-2.93:8.65;-2.98:8.75;-2.98:8.75;-2.96:8.42;-2.96:8.42;-3.31:8.09;-3.38:8.03;-3.38:8.03;-3.87:7.94;-3.96:7.92;-3.96:7.92,-3.200408:8.375879;-3.583506:8.327959;-3.94263:8.27226;-4.317594:8.236403;-4.690994:8.183781;-5.030118:8.175979;-5.457434:8.135339;-5.769623:8.125476;-6.134417:8.086147;-6.488867:8.060553;-6.842929:8.016279;-7.138583:7.984897,sigma3_eth_seed42,3
ETH:biwi_eth:195:8890,ETH,biwi_eth:195,8890,tril,1.4712952375411987,3.718225955963135,12.71:4.95;11.82:4.59;10.96:4.34;9.86:4.25;9.11:4.13;8.16:3.99;7.27:3.93;6.39:3.81,5.51:3.66;4.64:3.51;3.69:3.38;2.82:3.19;1.98:2.77;1.2:2.43;0.29:2.04;-0.52:1.69;-1.13:1.29;-2:0.59;-2.64:0.11;-3.5:-0.44,5.573287:3.709657;4.716354:3.664004;3.920174:3.579091;3.099898:3.531104;2.287761:3.449796;1.546385:3.44254;0.6785741:3.400408;-0.02105474:3.362408;-0.8201003:3.326093;-1.531428:3.2801;-2.29006:3.263475;-2.918583:3.232487,sigma3_eth_seed42,3
ETH:biwi_eth:195:8900,ETH,biwi_eth:195,8900,tril,1.5864518880844116,4.002126693725586,11.82:4.59;10.96:4.34;9.86:4.25;9.11:4.13;8.16:3.99;7.27:3.93;6.39:3.81;5.51:3.66,4.64:3.51;3.69:3.38;2.82:3.19;1.98:2.77;1.2:2.43;0.29:2.04;-0.52:1.69;-1.13:1.29;-2:0.59;-2.64:0.11;-3.5:-0.44;-4.04:-1.06,4.66316:3.543674;3.775137:3.486847;2.946596:3.385779;2.091458:3.327879;1.248371:3.232425;0.4789834:3.209468;-0.4166846:3.159424;-1.147127:3.10293;-1.9862:3.060071;-2.723746:2.999128;-3.512695:2.9807;-4.168039:2.940078,sigma3_eth_seed42,3
ETH:biwi_eth:195:8910,ETH,biwi_eth:195,8910,tril,1.7406069040298462,4.337466716766357,10.96:4.34;9.86:4.25;9.11:4.13;8.16:3.99;7.27:3.93;6.39:3.81;5.51:3.66;4.64:3.51,3.69:3.38;2.82:3.19;1.98:2.77;1.2:2.43;0.29:2.04;-0.52:1.69;-1.13:1.29;-2:0.59;-2.64:0.11;-3.5:-0.44;-4.04:-1.06;-4.6:-1.81,3.818108:3.360957;2.942647:3.290006;2.131189:3.161599;1.288913:3.0762;0.4525757:2.962112;-0.2913103:2.91401;-1.170363:2.85016;-1.888619:2.753704;-2.718864:2.684989;-3.445803:2.616323;-4.227038:2.583416;-4.865163:2.519354,sigma3_eth_seed42,3
ETH:biwi_eth:196:8900,ETH,biwi_eth:196,8900,tril,1.2779532670974731,2.8237500190734863,13.43:5.21;12.66:5.11;11.82:4.85;10.98:4.75;10.18:4.55;9.41:4.41;8.72:4.26;7.99:4.03,7.2:3.96;6.39:3.77;5.5:3.53;4.65:3.36;3.73:3.12;2.76:2.95;1.92:2.82;1.01:2.52;0.07:2.2;-0.89:1.79;-1.65:1.35;-2.33:0.88,7.309866:3.827667;6.576814:3.726044;5.902433:3.539286;5.181911:3.409405;4.461056:3.261668;3.864517:3.16024;3.107521:3.076116;2.513156:2.910568;1.793437:2.794789;1.15925:2.708648;0.495913:2.64273;-0.02937412:2.51728,sigma3_eth_seed42,3
ETH:biwi_eth:196:8910,ETH,biwi_eth:196,8910,tril,1.6111100912094116,3.605177402496338,12.66:5.11;11.82:4.85;10.98:4.75;10.18:4.55;9.41:4.41;8.72:4.26;7.99:4.03;7.2:3.96,6.39:3.77;5.5:3.53;4.65:3.36;3.73:3.12;2.76:2.95;1.92:2.82;1.01:2.52;0.07:2.2;-0.89:1.79;-1.65:1.35;-2.33:0.88;-2.92:0.35,6.438025:3.892534;5.656096:3.856247;4.924396:3.795051;4.171486:3.771054;3.431248:3.70788;2.741642:3.71942;1.934597:3.68848;1.296113:3.687391;0.5649834:3.670571;-0.09437513:3.632515;-0.7868309:3.621159;-1.369875:3.604907,sigma3_eth_seed42,3
ETH:biwi_eth:196:8920,ETH,biwi_eth:196,8920,tril,1.4480005502700806,3.4017903804779053,11.82:4.85;10.98:4.75;10.18:4.55;9.41:4.41;8.72:4.26;7.99:4.03;7.2:3.96;6.39:3.77,5.5:3.53;4.65:3.36;3.73:3.12;2.76:2.95;1.92:2.82;1.01:2.52;0.07:2.2;-0.89:1.79;-1.65:1.35;-2.33:0.88;-2.92:0.35;-3.59:-0.24,5.610484:3.651294;4.790762:3.590249;4.028123:3.487815;3.240164:3.422935;2.460085:3.326771;1.752995:3.298484;0.9232564:3.243065;0.2495079:3.180973;-0.5253544:3.129551;-1.20922:3.07047;-1.941675:3.042438;-2.546265:2.997715,sigma3_eth_seed42,3
ETH:biwi_eth:197:8910,ETH,biwi_eth:197,8910,tril,1.5561275482177734,4.026834964752197,12.43:6.04;11.5:6.03;10.81:5.8;10.28:5.52;9.8:5.22;8.97:4.98;8.18:4.88;7.24:4.8,6.35:4.58;5.42:4.35;4.42:4.2;3.5:4;2.6:3.85;1.68:3.68;0.78:3.47;-0.11:3.23;-0.93:2.87;-1.75:2.32;-3.09:1.52;-3.83:0.91,6.366195:4.759037;5.484063:4.737564;4.65013:4.694392;3.793988:4.70131;2.963003:4.651063;2.170668:4.68596;1.259114:4.673839;0.5363445:4.708857;-0.291523:4.723577;-1.034523:4.685814;-1.807363:4.698907;-2.472121:4.700985,sigma3_eth_seed42,3
ETH:biwi_eth:197:8920,ETH,biwi_eth:197,8920,tril,1.2517598867416382,3.583444833755493,11.5:6.03;10.81:5.8;10.28:5.52;9.8:5.22;8.97:4.98;8.18:4.88;7.24:4.8;6.35:4.58,5.42:4.35;4.42:4.2;3.5:4;2.6:3.85;1.68:3.68;0.78:3.47;-0.11:3.23;-0.93:2.87;-1.75:2.32;-3.09:1.52;-3.83:0.91;-4.47:0.28,5.472298:4.452725;4.54908:4.391255;3.68734:4.280769;2.797454:4.21628;1.920664:4.113004;1.122463:4.082352;0.1957254:4.028536;-0.5653009:3.960048;-1.440382:3.912779;-2.20482:3.845292;-3.025127:3.82684;-3.705839:3.781019,sigma3_eth_seed42,3
ETH:biwi_eth:216:9300,ETH,biwi_eth:216,9300,tril,0.9463207125663756,1.911890745162964,-4.26:8.11;-3.98:8.01;-3.84:7.96;-3.31:8.21;-2.9:8.26;-2.79:8.41;-2.51:8.43;-2.23:8.46,-2.01:8.44;-1.86:8.34;-1.65:8.28;-1.65:8.28;-1.65:8.28;-2.21:8.09;-2.21:8.09;-2.23:8.18;-2.25:8.28;-2.25:8.28;-2.25:8.28;-2.25:8.28,-2.065635:8.474652;-1.912403:8.481546;-1.719612:8.511441;-1.553515:8.506633;-1.415446:8.527346;-1.244575:8.553447;-1.13816:8.551139;-0.9595221:8.592888;-0.793345:8.542222;-0.6819541:8.597842;-0.5241849:8.537936;-0.3563722:8.543629,sigma3_eth_seed42,3
ETH:biwi_eth:216:9310,ETH,biwi_eth:216,9310,tril,1.1053080558776855,2.1348531246185303,-3.98:8.01;-3.84:7.96;-3.31:8.21;-2.9:8.26;-2.79:8.41;-2.51:8.43;-2.23:8.46;-2.01:8.44,-1.86:8.34;-1.65:8.28;-1.65:8.28;-1.65:8.28;-2.21:8.09;-2.21:8.09;-2.23:8.18;-2.25:8.28;-2.25:8.28;-2.25:8.28;-2.25:8.28;-2.25:8.28,-1.849318:8.411953;-1.701857:8.375378;-1.514041:8.371222;-1.348948:8.332646;-1.203045:8.310688;-1.033263:8.305926;-0.9207897:8.264855;-0.7438712:8.271736;-0.5800626:8.195364;-0.450351:8.210697;-0.295583:8.135121;-0.1207649:8.125225,sigma3_eth_seed42,3
ETH:biwi_eth:216:9320,ETH,biwi_eth:216,9320,tril,0.6198377013206482,1.4748281240463257,-3.84:7.96;-3.31:8.21;-2.9:8.26;-2.79:8.41;-2.51:8.43;-2.23:8.46;-2.01:8.44;-1.86:8.34,-1.65:8.28;-1.65:8.28;-1.65:8.28;-2.21:8.09;-2.21:8.09;-2.23:8.18;-2.25:8.28;-2.25:8.28;-2.25:8.28;-2.25:8.28;-2.25:8.28;-2.78:8.5,-1.843031:8.280317;-1.807336:8.210989;-1.7672:8.153055;-1.736138:8.088814;-1.714186:8.03471;-1.678579:7.986283;-1.674893:7.926077;-1.641601:7.886366;-1.612341:7.810669;-1.616655:7.785316;-1.594617:7.703151;-1.570515:7.656043,sigma3_eth_seed42,3
ETH:biwi_eth:216:9330,ETH,biwi_eth:216,9330,tril,2.0932273864746094,3.9712376594543457,-3.31:8.21;-2.9:8.26;-2.79:8.41;-2.51:8.43;-2.23:8.46;-2.01:8.44;-1.86:8.34;-1.65:8.28,-1.65:8.28;-1.65:8.28;-2.21:8.09;-2.21:8.09;-2.23:8.18;-2.25:8.28;-2.25:8.28;-2.25:8.28;-2.25:8.28;-2.25:8.28;-2.78:8.5;-2.81:8.44,-1.423796:8.21126;-1.205528:8.143145;-0.9589335:8.093253;-0.7313249:8.022594;-0.5157062:7.966261;-0.2820513:7.914768;-0.07553077:7.853358;0.1578269:7.812366;0.3887171:7.720113;0.5938171:7.697151;0.8290693:7.613009;1.064446:7.568565,sigma3_eth_seed42,3
ETH:biwi_eth:216:9340,ETH,biwi_eth:216,9340,tril,0.7352136969566345,1.392231822013855,-2.9:8.26;-2.79:8.41;-2.51:8.43;-2.23:8.46;-2.01:8.44;-1.86:8.34;-1.65:8.28;-1.65:8.28,-1.65:8.28;-2.21:8.09;-2.21:8.09;-2.23:8.18;-2.25:8.28;-2.25:8.28;-2.25:8.28;-2.25:8.28;-2.25:8.28;-2.78:8.5;-2.81:8.44;-2.98:8.14,-1.642656:8.28042;-1.641638:8.278976;-1.627128:8.278694;-1.632225:8.275336;-1.632386:8.268062;-1.614479:8.277156;-1.61861:8.267848;-1.610368:8.257747;-1.602116:8.233431;-1.6088:8.236749;-1.594994:8.240481;-1.590775:8.231444,sigma3_eth_seed42,3
ETH:biwi_eth:216:9350,ETH,biwi_eth:216,9350,tril,0.8802397847175598,1.4499335289001465,-2.79:8.41;-2.51:8.43;-2.23:8.46;-2.01:8.44;-1.86:8.34;-1.65:8.28;-1.65:8.28;-1.65:8.28,-2.21:8.09;-2.21:8.09;-2.23:8.18;-2.25:8.28;-2.25:8.28;-2.25:8.28;-2.25:8.28;-2.25:8.28;-2.78:8.5;-2.81:8.44;-2.98:8.14;-2.98:8.14,-1.63965:8.264522;-1.634648:8.248844;-1.611738:8.235866;-1.611142:8.221741;-1.606592:8.201776;-1.581694:8.200331;-1.593105:8.182435;-1.571925:8.168975;-1.562861:8.133017;-1.566239:8.128664;-1.548674:8.115296;-1.530696:8.097267,sigma3_eth_seed42,3
ETH:biwi_eth:216:9360,ETH,biwi_eth:216,9360,tril,3.0229485034942627,4.894832611083984,-2.51:8.43;-2.23:8.46;-2.01:8.44;-1.86:8.34;-1.65:8.28;-1.65:8.28;-1.65:8.28;-2.21:8.09,-2.21:8.09;-2.23:8.18;-2.25:8.28;-2.25:8.28;-2.25:8.28;-2.25:8.28;-2.25:8.28;-2.78:8.5;-2.81:8.44;-2.98:8.14;-2.98:8.14;-3.27:8.07,-2.706092:7.938193;-3.229773:7.863676;-3.711088:7.713053;-4.23634:7.613644;-4.76672:7.507385;-5.192539:7.425474;-5.755791:7.371394;-6.176623:7.251772;-6.694524:7.154289;-7.179567:7.101888;-7.646445:7.033067;-8.027126:6.917119,sigma3_eth_seed42,3
ETH:biwi_eth:216:9370,ETH,biwi_eth:216,9370,tril,0.6931422352790833,1.5398550033569336,-2.23:8.46;-2.01:8.44;-1.86:8.34;-1.65:8.28;-1.65:8.28;-1.65:8.28;-2.21:8.09;-2.21:8.09,-2.23:8.18;-2.25:8.28;-2.25:8.28;-2.25:8.28;-2.25:8.28;-2.25:8.28;-2.78:8.5;-2.81:8.44;-2.98:8.14;-2.98:8.14;-3.27:8.07;-3.27:8.07,-2.183606:8.152826;-2.122079:8.208644;-2.064778:8.245597;-2.028193:8.28195;-2.019825:8.35308;-1.960078:8.394159;-1.954387:8.452744;-1.905735:8.494603;-1.848532:8.494881;-1.890229:8.593249;-1.842817:8.579363;-1.815387:8.575227,sigma3_eth_seed42,3
ETH:biwi_eth:216:9380,ETH,biwi_eth:216,9380,tril,0.5948615074157715,1.1989378929138184,-2.01:8.44;-1.86:8.34;-1.65:8.28;-1.65:8.28;-1.65:8.28;-2.21:8.09;-2.21:8.09;-2.23:8.18,-2.25:8.28;-2.25:8.28;-2.25:8.28;-2.25:8.28;-2.25:8.28;-2.78:8.5;-2.81:8.44;-2.98:8.14;-2.98:8.14;-3.27:8.07;-3.27:8.07;-3.27:8.07,-2.218443:8.184823;-2.210221:8.19564;-2.195662:8.201378;-2.190275:8.200978;-2.184756:8.206552;-2.162535:8.209137;-2.139781:8.215741;-2.136011:8.19874;-2.116136:8.18466;-2.111119:8.201909;-2.091934:8.209493;-2.079353:8.210753,sigma3_eth_seed42,3
ETH:biwi_eth:216:9390,ETH,biwi_eth:216,9390,tril,0.8143637180328369,1.4675134420394895,-1.86:8.34;-1.65:8.28;-1.65:8.28;-1.65:8.28;-2.21:8.09;-2.21:8.09;-2.23:8.18;-2.25:8.28,-2.25:8.28;-2.25:8.28;-2.25:8.28;-2.25:8.28;-2.78:8.5;-2.81:8.44;-2.98:8.14;-2.98:8.14;-3.27:8.07;-3.27:8.07;-3.27:8.07;-3.27:8.07,-2.254557:8.363003;-2.227964:8.436071;-2.215626:8.502734;-2.203699:8.553185;-2.212747:8.642433;-2.189077:8.690289;-2.156257:8.761309;-2.161901:8.792997;-2.11618:8.816962;-2.148627:8.924499;-2.126036:8.951906;-2.125581:8.988641,sigma3_eth_seed42,3
ETH:biwi_eth:216:9400,ETH,biwi_eth:216,9400,tril,0.4444643259048462,0.5661525726318359,-1.65:8.28;-1.65:8.28;-1.65:8.28;-2.21:8.09;-2.21:8.09;-2.23:8.18;-2.25:8.28;-2.25:8.28,-2.25:8.28;-2.25:8.28;-2.25:8.28;-2.78:8.5;-2.81:8.44;-2.98:8.14;-2.98:8.14;-3.27:8.07;-3.27:8.07;-3.27:8.07;-3.27:8.07;-3.27:8.07,-2.283349:8.292887;-2.343713:8.282135;-2.376644:8.286105;-2.423853:8.270259;-2.482942:8.254629;-2.478899:8.366323;-2.582462:8.295868;-2.595246:8.287616;-2.569833:8.256424;-2.623561:8.269548;-2.702255:8.330042;-2.754488:8.304044,sigma3_eth_seed42,3
ETH:biwi_eth:216:9410,ETH,biwi_eth:216,9410,tril,0.7307913303375244,1.0115715265274048,-1.65:8.28;-1.65:8.28;-2.21:8.09;-2.21:8.09;-2.23:8.18;-2.25:8.28;-2.25:8.28;-2.25:8.28,-2.25:8.28;-2.25:8.28;-2.78:8.5;-2.81:8.44;-2.98:8.14;-2.98:8.14;-3.27:8.07;-3.27:8.07;-3.27:8.07;-3.27:8.07;-3.27:8.07;-3.27:8.07,-2.249716:8.283178;-2.254364:8.287404;-2.252398:8.284453;-2.255463:8.282676;-2.261571:8.277067;-2.257407:8.294034;-2.268774:8.28756;-2.267631:8.287114;-2.260833:8.286345;-2.266862:8.284082;-2.273067:8.292861;-2.281417:8.284431,sigma3_eth_seed42,3
ETH:biwi_eth:216:9420,ETH,biwi_eth:216,9420,tril,0.7944650650024414,0.9775148630142212,-1.65:8.28;-2.21:8.09;-2.21:8.09;-2.23:8.18;-2.25:8.28;-2.25:8.28;-2.25:8.28;-2.25:8.28,-2.25:8.28;-2.78:8.5;-2.81:8.44;-2.98:8.14;-2.98:8.14;-3.27:8.07;-3.27:8.07;-3.27:8.07;-3.27:8.07;-3.27:8.07;-3.27:8.07;-3.27:8.07,-2.258013:8.283408;-2.262098:8.280204;-2.264245:8.281123;-2.271531:8.27855;-2.281873:8.276122;-2.283782:8.277258;-2.283287:8.274246;-2.291108:8.267945;-2.294155:8.263358;-2.300823:8.263638;-2.304466:8.269497;-2.312808:8.26829,sigma3_eth_seed42,3
ETH:biwi_eth:216:9430,ETH,biwi_eth:216,9430,tril,0.9074615836143494,1.0190123319625854,-2.21:8.09;-2.21:8.09;-2.23:8.18;-2.25:8.28;-2.25:8.28;-2.25:8.28;-2.25:8.28;-2.25:8.28,-2.78:8.5;-2.81:8.44;-2.98:8.14;-2.98:8.14;-3.27:8.07;-3.27:8.07;-3.27:8.07;-3.27:8.07;-3.27:8.07;-3.27:8.07;-3.27:8.07;-3.27:8.07,-2.250646:8.285045;-2.25319:8.289159;-2.251692:8.286302;-2.253911:8.285648;-2.259163:8.280869;-2.25427:8.299291;-2.264358:8.293011;-2.263035:8.292589;-2.254528:8.294544;-2.260227:8.292328;-2.267212:8.303925;-2.276271:8.295587,sigma3_eth_seed42,3
ETH:biwi_eth:216:9440,ETH,biwi_eth:216,9440,tril,2.7617132663726807,5.033644199371338,-2.21:8.09;-2.23:8.18;-2.25:8.28;-2.25:8.28;-2.25:8.28;-2.25:8.28;-2.25:8.28;-2.78:8.5,-2.81:8.44;-2.98:8.14;-2.98:8.14;-3.27:8.07;-3.27:8.07;-3.27:8.07;-3.27:8.07;-3.27:8.07;-3.27:8.07;-3.27:8.07;-3.27:8.07;-3.27:8.07,-3.257458:8.580457;-3.725765:8.701231;-4.183064:8.746369;-4.672363:8.829945;-5.16924:8.933383;-5.610373:8.972733;-6.058402:9.112694;-6.48034:9.178281;-6.916479:9.237201;-7.388349:9.344894;-7.733325:9.390134;-8.124721:9.400135,sigma3_eth_seed42,3
ETH:biwi_eth:216:9450,ETH,biwi_eth:216,9450,tril,0.5018408894538879,0.4950392842292785,-2.23:8.18;-2.25:8.28;-2.25:8.28;-2.25:8.28;-2.25:8.28;-2.25:8.28;-2.78:8.5;-2.81:8.44,-2.98:8.14;-2.98:8.14;-3.27:8.07;-3.27:8.07;-3.27:8.07;-3.27:8.07;-3.27:8.07;-3.27:8.07;-3.27:8.07;-3.27:8.07;-3.27:8.07;-3.27:8.07,-2.812686:8.437583;-2.824057:8.440692;-2.825132:8.439629;-2.837669:8.440532;-2.842262:8.430748;-2.855279:8.419349;-2.857232:8.421878;-2.868483:8.423371;-2.889246:8.417256;-2.894137:8.403352;-2.887221:8.395348;-2.897388:8.395921,sigma3_eth_seed42,3
ETH:biwi_eth:216:9460,ETH,biwi_eth:216,9460,tril,1.1552902460098269,1.946222424507141,-2.25:8.28;-2.25:8.28;-2.25:8.28;-2.25:8.28;-2.25:8.28;-2.78:8.5;-2.81:8.44;-2.98:8.14,-2.98:8.14;-3.27:8.07;-3.27:8.07;-3.27:8.07;-3.27:8.07;-3.27:8.07;-3.27:8.07;-3.27:8.07;-3.27:8.07;-3.27:8.07;-3.27:8.07;-3.61:7.93,-3.099647:7.947738;-3.223581:7.774757;-3.328637:7.592049;-3.455227:7.42059;-3.59646:7.253633;-3.70448:7.104455;-3.87662:6.948484;-3.978308:6.814915;-4.143811:6.655498;-4.292405:6.52891;-4.431351:6.357895;-4.543395:6.222207,sigma3_eth_seed42,3
ETH:biwi_eth:216:9470,ETH,biwi_eth:216,9470,tril,0.3435271680355072,0.6826632022857666,-2.25:8.28;-2.25:8.28;-2.25:8.28;-2.25:8.28;-2.78:8.5;-2.81:8.44;-2.98:8.14;-2.98:8.14,-3.27:8.07;-3.27:8.07;-3.27:8.07;-3.27:8.07;-3.27:8.07;-3.27:8.07;-3.27:8.07;-3.27:8.07;-3.27:8.07;-3.27:8.07;-3.61:7.93;-3.68:7.91,-2.990178:8.156577;-2.99207:8.169285;-2.995348:8.175243;-3.009106:8.179571;-3.0241:8.19159;-3.02006:8.203938;-3.021292:8.210226;-3.034225:8.202055;-3.026732:8.19122;-3.054584:8.213178;-3.051503:8.222452;-3.069775:8.216029,sigma3_eth_seed42,3
ETH:biwi_eth:216:9480,ETH,biwi_eth:216,9480,tril,1.6368861198425293,2.604811429977417,-2.25:8.28;-2.25:8.28;-2.25:8.28;-2.78:8.5;-2.81:8.44;-2.98:8.14;-2.98:8.14;-3.27:8.07,-3.27:8.07;-3.27:8.07;-3.27:8.07;-3.27:8.07;-3.27:8.07;-3.27:8.07;-3.27:8.07;-3.27:8.07;-3.27:8.07;-3.61:7.93;-3.68:7.91;-3.78:7.9,-3.526513:8.015397;-3.826702:8.017207;-4.077889:7.977545;-4.345502:7.931366;-4.644337:7.914983;-4.883535:7.906364;-5.191139:7.900864;-5.419467:7.883255;-5.66266:7.827074;-5.933204:7.856808;-6.175822:7.794675;-6.380832:7.756078,sigma3_eth_seed42,3
ETH:biwi_eth:216:9490,ETH,biwi_eth:216,9490,tril,0.3933269083499908,1.3466644287109375,-2.25:8.28;-2.25:8.28;-2.78:8.5;-2.81:8.44;-2.98:8.14;-2.98:8.14;-3.27:8.07;-3.27:8.07,-3.27:8.07;-3.27:8.07;-3.27:8.07;-3.27:8.07;-3.27:8.07;-3.27:8.07;-3.27:8.07;-3.27:8.07;-3.61:7.93;-3.68:7.91;-3.78:7.9;-4.41:7.87,-3.277754:8.11597;-3.25808:8.151812;-3.250819:8.18842;-3.241762:8.209074;-3.24746:8.26067;-3.229442:8.281692;-3.199252:8.317996;-3.208918:8.323422;-3.172299:8.324209;-3.196184:8.395214;-3.181773:8.403195;-3.182782:8.424475,sigma3_eth_seed42,3
ETH:biwi_eth:216:9500,ETH,biwi_eth:216,9500,tril,0.3805039227008819,1.4850901365280151,-2.25:8.28;-2.78:8.5;-2.81:8.44;-2.98:8.14;-2.98:8.14;-3.27:8.07;-3.27:8.07;-3.27:8.07,-3.27:8.07;-3.27:8.07;-3.27:8.07;-3.27:8.07;-3.27:8.07;-3.27:8.07;-3.27:8.07;-3.61:7.93;-3.68:7.91;-3.78:7.9;-4.41:7.87;-4.67:7.75,-3.2653:8.086097;-3.265585:8.099086;-3.260893:8.106372;-3.259618:8.110127;-3.2647:8.115171;-3.248781:8.153261;-3.256196:8.146775;-3.251933:8.145537;-3.227672:8.148315;-3.232473:8.160447;-3.241505:8.187633;-3.249491:8.183184,sigma3_eth_seed42,3
ETH:biwi_eth:216:9510,ETH,biwi_eth:216,9510,tril,0.4616594016551971,1.5614465475082395,-2.78:8.5;-2.81:8.44;-2.98:8.14;-2.98:8.14;-3.27:8.07;-3.27:8.07;-3.27:8.07;-3.27:8.07,-3.27:8.07;-3.27:8.07;-3.27:8.07;-3.27:8.07;-3.27:8.07;-3.27:8.07;-3.61:7.93;-3.68:7.91;-3.78:7.9;-4.41:7.87;-4.67:7.75;-4.84:7.8,-3.270542:8.076524;-3.274609:8.082278;-3.274453:8.080012;-3.277295:8.079192;-3.284561:8.075478;-3.279082:8.099154;-3.290972:8.091461;-3.290399:8.090497;-3.278958:8.0932;-3.285912:8.092716;-3.2958:8.108276;-3.307425:8.098882,sigma3_eth_seed42,3
ETH:biwi_eth:216:9520,ETH,biwi_eth:216,9520,tril,0.6314322352409363,1.573372721672058,-2.81:8.44;-2.98:8.14;-2.98:8.14;-3.27:8.07;-3.27:8.07;-3.27:8.07;-3.27:8.07;-3.27:8.07,-3.27:8.07;-3.27:8.07;-3.27:8.07;-3.27:8.07;-3.27:8.07;-3.61:7.93;-3.68:7.91;-3.78:7.9;-4.41:7.87;-4.67:7.75;-4.84:7.8;-4.84:7.84,-3.265647:8.09546;-3.276505:8.113284;-3.27859:8.126279;-3.282759:8.126723;-3.301712:8.136844;-3.277956:8.213138;-3.301358:8.190172;-3.299768:8.183469;-3.254329:8.182452;-3.269216:8.207899;-3.298317:8.261293;-3.321115:8.250476,sigma3_eth_seed42,3
ETH:biwi_eth:216:9530,ETH,biwi_eth:216,9530,tril,0.7203760147094727,1.5680170059204102,-2.98:8.14;-2.98:8.14;-3.27:8.07;-3.27:8.07;-3.27:8.07;-3.27:8.07;-3.27:8.07;-3.27:8.07,-3.27:8.07;-3.27:8.07;-3.27:8.07;-3.27:8.07;-3.61:7.93;-3.68:7.91;-3.78:7.9;-4.41:7.87;-4.67:7.75;-4.84:7.8;-4.84:7.84;-4.84:7.84,-3.272601:8.072026;-3.273176:8.073606;-3.271928:8.069512;-3.272094:8.069645;-3.273265:8.062779;-3.273489:8.069222;-3.278483:8.067253;-3.278368:8.06934;-3.277584:8.075062;-3.278524:8.067234;-3.283052:8.070862;-3.288507:8.067039,sigma3_eth_seed42,3
ETH:biwi_eth:216:9540,ETH,biwi_eth:216,9540,tril,0.8497143387794495,1.5680993795394895,-2.98:8.14;-3.27:8.07;-3.27:8.07;-3.27:8.07;-3.27:8.07;-3.27:8.07;-3.27:8.07;-3.27:8.07,-3.27:8.07;-3.27:8.07;-3.27:8.07;-3.61:7.93;-3.68:7.91;-3.78:7.9;-4.41:7.87;-4.67:7.75;-4.84:7.8;-4.84:7.84;-4.84:7.84;-4.84:7.84,-3.272919:8.071085;-3.274732:8.072021;-3.272798:8.071274;-3.273972:8.070049;-3.278106:8.066383;-3.278927:8.066039;-3.278799:8.067242;-3.281139:8.066551;-3.283416:8.06693;-3.284477:8.064649;-3.28584:8.064327;-3.287991:8.064061,sigma3_eth_seed42,3
ETH:biwi_eth:216:9550,ETH,biwi_eth:216,9550,tril,0.9824526906013488,1.569890022277832,-3.27:8.07;-3.27:8.07;-3.27:8.07;-3.27:8.07;-3.27:8.07;-3.27:8.07;-3.27:8.07;-3.27:8.07,-3.27:8.07;-3.27:8.07;-3.61:7.93;-3.68:7.91;-3.78:7.9;-4.41:7.87;-4.67:7.75;-4.84:7.8;-4.84:7.84;-4.84:7.84;-4.84:7.84;-4.84:7.84,-3.27318:8.072155;-3.274804:8.073083;-3.272789:8.07375;-3.274446:8.072482;-3.279735:8.07045;-3.279542:8.070519;-3.278015:8.0719;-3.280956:8.069796;-3.282267:8.068663;-3.284114:8.069046;-3.285024:8.070037;-3.287092:8.070288,sigma3_eth_seed42,3
ETH:biwi_eth:216:9560,ETH,biwi_eth:216,9560,tril,1.1138689517974854,1.569890022277832,-3.27:8.07;-3.27:8.07;-3.27:8.07;-3.27:8.07;-3.27:8.07;-3.27:8.07;-3.27:8.07;-3.27:8.07,-3.27:8.07;-3.61:7.93;-3.68:7.91;-3.78:7.9;-4.41:7.87;-4.67:7.75;-4.84:7.8;-4.84:7.84;-4.84:7.84;-4.84:7.84;-4.84:7.84;-4.84:7.84,-3.27318:8.072155;-3.274804:8.073083;-3.272789:8.07375;-3.274446:8.072482;-3.279735:8.07045;-3.279542:8.070519;-3.278015:8.0719;-3.280956:8.069796;-3.282267:8.068663;-3.284114:8.069046;-3.285024:8.070037;-3.287092:8.070288,sigma3_eth_seed42,3
ETH:biwi_eth:216:9570,ETH,biwi_eth:216,9570,tril,1.241283655166626,1.5189913511276243,-3.27:8.07;-3.27:8.07;-3.27:8.07;-3.27:8.07;-3.27:8.07;-3.27:8.07;-3.27:8.07;-3.27:8.07,-3.61:7.93;-3.68:7.91;-3.78:7.9;-4.41:7.87;-4.67:7.75;-4.84:7.8;-4.84:7.84;-4.84:7.84;-4.84:7.84;-4.84:7.84;-4.84:7.84;-4.78:7.79,-3.27318:8.072155;-3.274804:8.073083;-3.272789:8.07375;-3.274446:8.072482;-3.279735:8.07045;-3.279542:8.070519;-3.278015:8.0719;-3.280956:8.069796;-3.282267:8.068663;-3.284114:8.069046;-3.285024:8.070037;-3.287092:8.070288,sigma3_eth_seed42,3
ETH:biwi_eth:216:9580,ETH,biwi_eth:216,9580,tril,0.9469005465507508,2.242715120315552,-3.27:8.07;-3.27:8.07;-3.27:8.07;-3.27:8.07;-3.27:8.07;-3.27:8.07;-3.27:8.07;-3.61:7.93,-3.68:7.91;-3.78:7.9;-4.41:7.87;-4.67:7.75;-4.84:7.8;-4.84:7.84;-4.84:7.84;-4.84:7.84;-4.84:7.84;-4.84:7.84;-4.78:7.79;-4.83:7.83,-3.908911:7.844681;-4.193219:7.776391;-4.458589:7.68011;-4.754282:7.619661;-5.050958:7.545448;-5.294387:7.503415;-5.651168:7.452528;-5.875477:7.40859;-6.170732:7.340641;-6.472729:7.301517;-6.743818:7.229832;-6.967694:7.151742,sigma3_eth_seed42,3
ETH:biwi_eth:216:9590,ETH,biwi_eth:216,9590,tril,0.869480311870575,0.9423121809959412,-3.27:8.07;-3.27:8.07;-3.27:8.07;-3.27:8.07;-3.27:8.07;-3.27:8.07;-3.61:7.93;-3.68:7.91,-3.78:7.9;-4.41:7.87;-4.67:7.75;-4.84:7.8;-4.84:7.84;-4.84:7.84;-4.84:7.84;-4.84:7.84;-4.84:7.84;-4.78:7.79;-4.83:7.83;-4.92:7.89,-3.701915:7.92895;-3.731132:7.938652;-3.754205:7.947155;-3.791196:7.955477;-3.81951:7.954793;-3.832817:7.98974;-3.859325:7.978261;-3.885906:7.972819;-3.895554:7.969027;-3.924857:7.968729;-3.944382:8.006891;-3.984361:8.001945,sigma3_eth_seed42,3
ETH:biwi_eth:216:9600,ETH,biwi_eth:216,9600,tril,0.6603490114212036,0.5851821303367615,-3.27:8.07;-3.27:8.07;-3.27:8.07;-3.27:8.07;-3.27:8.07;-3.61:7.93;-3.68:7.91;-3.78:7.9,-4.41:7.87;-4.67:7.75;-4.84:7.8;-4.84:7.84;-4.84:7.84;-4.84:7.84;-4.84:7.84;-4.84:7.84;-4.78:7.79;-4.83:7.83;-4.92:7.89;-5.03:7.89,-3.829339:7.896636;-3.897501:7.896912;-3.951687:7.892074;-4.019296:7.887686;-4.076606:7.870934;-4.125773:7.884366;-4.18186:7.86738;-4.238714:7.853441;-4.291357:7.841557;-4.339404:7.825021;-4.387411:7.845057;-4.447132:7.838016,sigma3_eth_seed42,3
ETH:biwi_eth:216:9610,ETH,biwi_eth:216,9610,tril,3.303934097290039,5.938417434692383,-3.27:8.07;-3.27:8.07;-3.27:8.07;-3.27:8.07;-3.61:7.93;-3.68:7.91;-3.78:7.9;-4.41:7.87,-4.67:7.75;-4.84:7.8;-4.84:7.84;-4.84:7.84;-4.84:7.84;-4.84:7.84;-4.84:7.84;-4.78:7.79;-4.83:7.83;-4.92:7.89;-5.03:7.89;-5.23:7.82,-5.006855:7.796675;-5.612339:7.751063;-6.182623:7.677919;-6.77545:7.639737;-7.359907:7.575016;-7.898677:7.556719;-8.530887:7.522169;-9.033785:7.500085;-9.614378:7.465641;-10.14691:7.425436;-10.68531:7.392325;-11.15021:7.355339,sigma3_eth_seed42,3
ETH:biwi_eth:216:9620,ETH,biwi_eth:216,9620,tril,1.1889255046844482,1.8736220598220823,-3.27:8.07;-3.27:8.07;-3.27:8.07;-3.61:7.93;-3.68:7.91;-3.78:7.9;-4.41:7.87;-4.67:7.75,-4.84:7.8;-4.84:7.84;-4.84:7.84;-4.84:7.84;-4.84:7.84;-4.84:7.84;-4.78:7.79;-4.83:7.83;-4.92:7.89;-5.03:7.89;-5.23:7.82;-5.42:7.85,-4.895541:7.684813;-5.102203:7.627061;-5.294723:7.552079;-5.510449:7.501583;-5.730193:7.4442;-5.906237:7.414468;-6.178303:7.370485;-6.339696:7.339687;-6.550467:7.279271;-6.782734:7.255487;-6.984099:7.18936;-7.148449:7.126866,sigma3_eth_seed42,3
ETH:biwi_eth:216:9630,ETH,biwi_eth:216,9630,tril,0.5056320428848267,0.3655169904232025,-3.27:8.07;-3.27:8.07;-3.61:7.93;-3.68:7.91;-3.78:7.9;-4.41:7.87;-4.67:7.75;-4.84:7.8,-4.84:7.84;-4.84:7.84;-4.84:7.84;-4.84:7.84;-4.84:7.84;-4.78:7.79;-4.83:7.83;-4.92:7.89;-5.03:7.89;-5.23:7.82;-5.42:7.85;-5.67:7.99,-4.962599:7.821944;-5.058429:7.836854;-5.164886:7.848596;-5.270419:7.856565;-5.380295:7.882687;-5.479058:7.881214;-5.555651:7.904645;-5.666835:7.904434;-5.74547:7.900711;-5.860825:7.939345;-5.935821:7.936214;-6.032707:7.944765,sigma3_eth_seed42,3
ETH:biwi_eth:216:9640,ETH,biwi_eth:216,9640,tril,0.3922233283519745,1.044150471687317,-3.27:8.07;-3.61:7.93;-3.68:7.91;-3.78:7.9;-4.41:7.87;-4.67:7.75;-4.84:7.8;-4.84:7.84,-4.84:7.84;-4.84:7.84;-4.84:7.84;-4.84:7.84;-4.78:7.79;-4.83:7.83;-4.92:7.89;-5.03:7.89;-5.23:7.82;-5.42:7.85;-5.67:7.99;-5.86:8.05,-4.851669:7.892573;-4.844183:7.935171;-4.846499:7.979663;-4.846361:8.006636;-4.857675:8.060076;-4.849106:8.091188;-4.822261:8.12778;-4.841703:8.136695;-4.812103:8.145647;-4.834236:8.213139;-4.827782:8.236366;-4.83824:8.265074,sigma3_eth_seed42,3
ETH:biwi_eth:216:9650,ETH,biwi_eth:216,9650,tril,0.2583748400211334,0.6559074521064758,-3.61:7.93;-3.68:7.91;-3.78:7.9;-4.41:7.87;-4.67:7.75;-4.84:7.8;-4.84:7.84;-4.84:7.84,-4.84:7.84;-4.84:7.84;-4.84:7.84;-4.78:7.79;-4.83:7.83;-4.92:7.89;-5.03:7.89;-5.23:7.82;-5.42:7.85;-5.67:7.99;-5.86:8.05;-6.06:8.09,-4.883051:7.853022;-4.957145:7.835095;-4.993839:7.842319;-5.052241:7.82305;-5.124064:7.80447;-5.116673:7.936577;-5.250092:7.851201;-5.26009:7.844461;-5.233537:7.797802;-5.301312:7.818814;-5.394514:7.882815;-5.44789:7.854339,sigma3_eth_seed42,3
ETH:biwi_eth:216:9660,ETH,biwi_eth:216,9660,tril,0.4560178816318512,1.336350440979004,-3.68:7.91;-3.78:7.9;-4.41:7.87;-4.67:7.75;-4.84:7.8;-4.84:7.84;-4.84:7.84;-4.84:7.84,-4.84:7.84;-4.84:7.84;-4.78:7.79;-4.83:7.83;-4.92:7.89;-5.03:7.89;-5.23:7.82;-5.42:7.85;-5.67:7.99;-5.86:8.05;-6.06:8.09;-6.22:8.28,-4.844503:7.847117;-4.857387:7.847221;-4.862756:7.843079;-4.872189:7.836125;-4.889079:7.827837;-4.880874:7.873636;-4.911201:7.847469;-4.911528:7.842579;-4.890759:7.837667;-4.907219:7.83804;-4.932491:7.865473;-4.955476:7.847781,sigma3_eth_seed42,3
ETH:biwi_eth:216:9670,ETH,biwi_eth:216,9670,tril,0.5589674115180969,1.3945293426513672,-3.78:7.9;-4.41:7.87;-4.67:7.75;-4.84:7.8;-4.84:7.84;-4.84:7.84;-4.84:7.84;-4.84:7.84,-4.84:7.84;-4.78:7.79;-4.83:7.83;-4.92:7.89;-5.03:7.89;-5.23:7.82;-5.42:7.85;-5.67:7.99;-5.86:8.05;-6.06:8.09;-6.22:8.28;-6.25:8.45,-4.845161:7.848281;-4.864124:7.85073;-4.870405:7.856735;-4.887858:7.84662;-4.919271:7.850747;-4.912057:7.883997;-4.928504:7.866547;-4.939412:7.849708;-4.924534:7.828947;-4.947192:7.848769;-4.96402:7.874768;-4.985404:7.862201,sigma3_eth_seed42,3
ETH:biwi_eth:216:9680,ETH,biwi_eth:216,9680,tril,0.7387171387672424,1.5427883863449097,-4.41:7.87;-4.67:7.75;-4.84:7.8;-4.84:7.84;-4.84:7.84;-4.84:7.84;-4.84:7.84;-4.84:7.84,-4.78:7.79;-4.83:7.83;-4.92:7.89;-5.03:7.89;-5.23:7.82;-5.42:7.85;-5.67:7.99;-5.86:8.05;-6.06:8.09;-6.22:8.28;-6.25:8.45;-6.18:8.65,-4.844333:7.840327;-4.847963:7.838926;-4.847669:7.836037;-4.850628:7.833513;-4.855961:7.826806;-4.857264:7.830608;-4.862556:7.826865;-4.864841:7.826049;-4.866518:7.825824;-4.86954:7.820431;-4.874593:7.822187;-4.880082:7.819091,sigma3_eth_seed42,3
ETH:biwi_eth:216:9690,ETH,biwi_eth:216,9690,tril,1.275242567062378,1.7389323711395264,-4.67:7.75;-4.84:7.8;-4.84:7.84;-4.84:7.84;-4.84:7.84;-4.84:7.84;-4.84:7.84;-4.78:7.79,-4.83:7.83;-4.92:7.89;-5.03:7.89;-5.23:7.82;-5.42:7.85;-5.67:7.99;-5.86:8.05;-6.06:8.09;-6.22:8.28;-6.25:8.45;-6.18:8.65;-5.02:9.02,-4.732086:7.768631;-4.680806:7.744944;-4.620179:7.735778;-4.564727:7.705761;-4.51518:7.692744;-4.454444:7.667717;-4.386258:7.648119;-4.341255:7.619962;-4.273401:7.571511;-4.227727:7.582363;-4.163811:7.546584;-4.102889:7.542572,sigma3_eth_seed42,3
ETH:biwi_eth:216:9700,ETH,biwi_eth:216,9700,tril,0.9440669417381288,1.9510890245437624,-4.84:7.8;-4.84:7.84;-4.84:7.84;-4.84:7.84;-4.84:7.84;-4.84:7.84;-4.78:7.79;-4.83:7.83,-4.92:7.89;-5.03:7.89;-5.23:7.82;-5.42:7.85;-5.67:7.99;-5.86:8.05;-6.06:8.09;-6.22:8.28;-6.25:8.45;-6.18:8.65;-5.02:9.02;-3.86:9.6,-4.838979:7.854944;-4.850795:7.87207;-4.858105:7.888249;-4.877398:7.899398;-4.89366:7.91089;-4.891249:7.944159;-4.899089:7.943517;-4.913862:7.940469;-4.906127:7.935835;-4.927273:7.952985;-4.932189:7.984328;-4.955512:7.985503,sigma3_eth_seed42,3
ETH:biwi_eth:216:9710,ETH,biwi_eth:216,9710,tril,1.0767334699630735,3.499993801116944,-4.84:7.84;-4.84:7.84;-4.84:7.84;-4.84:7.84;-4.84:7.84;-4.78:7.79;-4.83:7.83;-4.92:7.89,-5.03:7.89;-5.23:7.82;-5.42:7.85;-5.67:7.99;-5.86:8.05;-6.06:8.09;-6.22:8.28;-6.25:8.45;-6.18:8.65;-5.02:9.02;-3.86:9.6;-2.62:9.95,-4.967473:7.901613;-5.018598:7.911255;-5.065098:7.915005;-5.122843:7.918876;-5.174736:7.920105;-5.214531:7.936017;-5.255289:7.933691;-5.30694:7.925494;-5.342732:7.918347;-5.394794:7.922686;-5.428943:7.942924;-5.484234:7.938503,sigma3_eth_seed42,3
ETH:biwi_eth:230:9680,ETH,biwi_eth:230,9680,tril,0.4628230035305023,0.3960342407226562,-3.11:5.32;-2.09:5.21;-1.28:5.33;-0.44:5.26;0.45:5.28;1.34:5.34;2.28:5.27;3.18:5.2,4.11:5.16;5.03:5.09;6.02:5.04;7.01:5.03;8.05:4.96;8.94:4.89;9.88:4.84;10.74:4.75;11.7:4.6;12.52:4.3;13.01:4.26;13.05:4.4,4.054453:5.149072;4.947076:5.092087;5.822842:5.005683;6.665315:4.990814;7.556725:4.893019;8.38658:4.798304;9.261709:4.763206;10.11002:4.727634;10.87958:4.748169;11.74317:4.581447;12.62634:4.579287;13.43156:4.506082,sigma3_eth_seed42,3
ETH:biwi_eth:230:9690,ETH,biwi_eth:230,9690,tril,0.491284042596817,1.745795726776123,-2.09:5.21;-1.28:5.33;-0.44:5.26;0.45:5.28;1.34:5.34;2.28:5.27;3.18:5.2;4.11:5.16,5.03:5.09;6.02:5.04;7.01:5.03;8.05:4.96;8.94:4.89;9.88:4.84;10.74:4.75;11.7:4.6;12.52:4.3;13.01:4.26;13.05:4.4;13.05:4.4,5.023015:5.131907;5.948873:5.09714;6.857615:5.034415;7.733343:5.04262;8.663214:4.960487;9.523875:4.880224;10.4423:4.86247;11.31856:4.839947;12.11271:4.884192;13.02022:4.72204;13.93396:4.745274;14.77073:4.694769,sigma3_eth_seed42,3
ETH:biwi_eth:230:9700,ETH,biwi_eth:230,9700,tril,0.6832291483879089,2.88120174407959,-1.28:5.33;-0.44:5.26;0.45:5.28;1.34:5.34;2.28:5.27;3.18:5.2;4.11:5.16;5.03:5.09,6.02:5.04;7.01:5.03;8.05:4.96;8.94:4.89;9.88:4.84;10.74:4.75;11.7:4.6;12.52:4.3;13.01:4.26;13.05:4.4;13.05:4.4;12.68:4.6,5.928587:5.028487;6.844117:4.960352;7.744822:4.862507;8.609474:4.840916;9.526139:4.729555;10.37348:4.624914;11.26518:4.580496;12.1392:4.54653;12.92367:4.56274;13.80994:4.378069;14.71866:4.364305;15.54358:4.2818,sigma3_eth_seed42,3
ETH:biwi_eth:230:9710,ETH,biwi_eth:230,9710,tril,1.2123266458511353,4.76815938949585,-0.44:5.26;0.45:5.28;1.34:5.34;2.28:5.27;3.18:5.2;4.11:5.16;5.03:5.09;6.02:5.04,7.01:5.03;8.05:4.96;8.94:4.89;9.88:4.84;10.74:4.75;11.7:4.6;12.52:4.3;13.01:4.26;13.05:4.4;13.05:4.4;12.68:4.6;12.61:4.7,6.989976:5.01716;7.978514:4.98883;8.94047:4.926406;9.867823:4.942845;10.85698:4.86445;11.77637:4.77532;12.77232:4.768859;13.6967:4.731566;14.54129:4.786658;15.51038:4.620519;16.48717:4.665179;17.37741:4.615637,sigma3_eth_seed42,3
ETH:biwi_eth:230:9720,ETH,biwi_eth:230,9720,tril,1.734608769416809,5.53589391708374,0.45:5.28;1.34:5.34;2.28:5.27;3.18:5.2;4.11:5.16;5.03:5.09;6.02:5.04;7.01:5.03,8.05:4.96;8.94:4.89;9.88:4.84;10.74:4.75;11.7:4.6;12.52:4.3;13.01:4.26;13.05:4.4;13.05:4.4;12.68:4.6;12.61:4.7;12.62:4.76,7.965318:5.044858;8.93224:5.052906;9.876057:5.031396;10.78767:5.080406;11.75953:5.034425;12.66277:4.981458;13.64058:5.001062;14.54466:4.990324;15.37117:5.073269;16.32806:4.935798;17.27575:5.010415;18.15085:4.996158,sigma3_eth_seed42,3
ETH:biwi_eth:230:9730,ETH,biwi_eth:230,9730,tril,2.6221866607666016,7.319976329803467,1.34:5.34;2.28:5.27;3.18:5.2;4.11:5.16;5.03:5.09;6.02:5.04;7.01:5.03;8.05:4.96,8.94:4.89;9.88:4.84;10.74:4.75;11.7:4.6;12.52:4.3;13.01:4.26;13.05:4.4;13.05:4.4;12.68:4.6;12.61:4.7;12.62:4.76;12.65:4.76,9.065962:4.906362;10.10409:4.847442;11.11489:4.74999;12.0854:4.743784;13.12357:4.633238;14.08266:4.512897;15.11853:4.484428;16.09366:4.434243;16.97344:4.471922;17.985:4.269101;19.01817:4.287671;19.94913:4.207975,sigma3_eth_seed42,3
ETH:biwi_eth:230:9740,ETH,biwi_eth:230,9740,tril,2.254396438598633,6.238211631774902,2.28:5.27;3.18:5.2;4.11:5.16;5.03:5.09;6.02:5.04;7.01:5.03;8.05:4.96;8.94:4.89,9.88:4.84;10.74:4.75;11.7:4.6;12.52:4.3;13.01:4.26;13.05:4.4;13.05:4.4;12.68:4.6;12.61:4.7;12.62:4.76;12.65:4.76;12.65:4.76,9.7869:4.842501;10.6517:4.786559;11.50301:4.704516;12.32133:4.690779;13.185:4.595973;13.98892:4.510557;14.82621:4.474033;15.65298:4.449073;16.39946:4.468174;17.23248:4.307997;18.08512:4.29989;18.86558:4.229083,sigma3_eth_seed42,3
ETH:biwi_eth:230:9750,ETH,biwi_eth:230,9750,tril,3.287805318832397,7.909867763519287,3.18:5.2;4.11:5.16;5.03:5.09;6.02:5.04;7.01:5.03;8.05:4.96;8.94:4.89;9.88:4.84,10.74:4.75;11.7:4.6;12.52:4.3;13.01:4.26;13.05:4.4;13.05:4.4;12.68:4.6;12.61:4.7;12.62:4.76;12.65:4.76;12.65:4.76;12.65:4.76,10.79204:4.810443;11.72127:4.771998;12.63219:4.705339;13.50858:4.712193;14.43909:4.628091;15.302:4.547045;16.21632:4.527452;17.09668:4.50575;17.89223:4.547652;18.79613:4.384653;19.71158:4.404114;20.54916:4.348539,sigma3_eth_seed42,3
ETH:biwi_eth:230:9760,ETH,biwi_eth:230,9760,tril,3.4985053539276123,7.830841064453125,4.11:5.16;5.03:5.09;6.02:5.04;7.01:5.03;8.05:4.96;8.94:4.89;9.88:4.84;10.74:4.75,11.7:4.6;12.52:4.3;13.01:4.26;13.05:4.4;13.05:4.4;12.68:4.6;12.61:4.7;12.62:4.76;12.65:4.76;12.65:4.76;12.65:4.76;12.68:4.76,11.5689:4.680056;12.41831:4.59869;13.25923:4.492845;14.06368:4.459014;14.91099:4.341862;15.69596:4.244712;16.4942:4.186004;17.31735:4.164893;18.04765:4.1638;18.85464:3.985874;19.69361:3.944;20.45783:3.850385,sigma3_eth_seed42,3
ETH:biwi_eth:230:9770,ETH,biwi_eth:230,9770,tril,5.106071949005127,10.283498764038086,5.03:5.09;6.02:5.04;7.01:5.03;8.05:4.96;8.94:4.89;9.88:4.84;10.74:4.75;11.7:4.6,12.52:4.3;13.01:4.26;13.05:4.4;13.05:4.4;12.68:4.6;12.61:4.7;12.62:4.76;12.65:4.76;12.65:4.76;12.65:4.76;12.68:4.76;12.62:4.88,12.64018:4.474526;13.61432:4.333035;14.57634:4.158388;15.48706:4.086254;16.45514:3.905951;17.34078:3.750188;18.23242:3.650249;19.18226:3.61174;19.99916:3.581381;20.9072:3.327727;21.88015:3.235751;22.74484:3.08058,sigma3_eth_seed42,3
ETH:biwi_eth:230:9780,ETH,biwi_eth:230,9780,tril,5.212648868560791,9.438136100769045,6.02:5.04;7.01:5.03;8.05:4.96;8.94:4.89;9.88:4.84;10.74:4.75;11.7:4.6;12.52:4.3,13.01:4.26;13.05:4.4;13.05:4.4;12.68:4.6;12.61:4.7;12.62:4.76;12.65:4.76;12.65:4.76;12.65:4.76;12.68:4.76;12.62:4.88;13.18:5.24,13.29748:4.020929;14.1128:3.717269;14.96088:3.408214;15.71604:3.191831;16.50757:2.891456;17.24625:2.626699;17.88818:2.399795;18.74544:2.323679;19.41531:2.105053;20.10503:1.793466;20.97103:1.490223;21.71059:1.201752,sigma3_eth_seed42,3
ETH:biwi_eth:230:9790,ETH,biwi_eth:230,9790,tril,5.116130352020264,8.820466041564941,7.01:5.03;8.05:4.96;8.94:4.89;9.88:4.84;10.74:4.75;11.7:4.6;12.52:4.3;13.01:4.26,13.05:4.4;13.05:4.4;12.68:4.6;12.61:4.7;12.62:4.76;12.65:4.76;12.65:4.76;12.65:4.76;12.68:4.76;12.62:4.88;13.18:5.24;13.18:5.24,13.73398:4.094804;14.48175:3.907898;15.25345:3.717888;15.95918:3.595053;16.69436:3.399218;17.38227:3.239259;18.00401:3.096301;18.7748:3.067396;19.40625:2.946994;20.06822:2.72851;20.83574:2.54334;21.51852:2.364281,sigma3_eth_seed42,3
ETH:biwi_eth:231:9680,ETH,biwi_eth:231,9680,tril,0.5981439352035522,0.572124183177948,-3.38:4.31;-2.48:4.25;-1.51:4.28;-0.43:4.34;0.48:4.39;1.36:4.49;2.24:4.5;3.05:4.41,3.89:4.27;4.7:4.11;5.54:4.15;6.36:4.2;7.17:4.25;8.09:4.24;8.97:4.1;9.76:4.21;10.5:4.2;11.12:4.05;11.67:4;12.02:3.8,3.797742:4.325282;4.561284:4.206525;5.353326:4.096343;6.082277:4.046758;6.844368:3.90728;7.5445:3.822858;8.170156:3.727286;8.959317:3.771982;9.594904:3.720773;10.28512:3.537554;11.04535:3.409854;11.74204:3.299938,sigma3_eth_seed42,3
ETH:biwi_eth:231:9690,ETH,biwi_eth:231,9690,tril,0.7814964652061462,1.6696758270263672,-2.48:4.25;-1.51:4.28;-0.43:4.34;0.48:4.39;1.36:4.49;2.24:4.5;3.05:4.41;3.89:4.27,4.7:4.11;5.54:4.15;6.36:4.2;7.17:4.25;8.09:4.24;8.97:4.1;9.76:4.21;10.5:4.2;11.12:4.05;11.67:4;12.02:3.8;12.2:3.83,4.699208:4.131146;5.532027:3.975061;6.37325:3.802325;7.160075:3.708819;7.98714:3.527617;8.748826:3.380172;9.481119:3.261707;10.3158:3.234519;11.01994:3.164357;11.78455:2.936187;12.62491:2.801505;13.37542:2.644162,sigma3_eth_seed42,3
ETH:biwi_eth:231:9700,ETH,biwi_eth:231,9700,tril,0.96215558052063,2.124640464782715,-1.51:4.28;-0.43:4.34;0.48:4.39;1.36:4.49;2.24:4.5;3.05:4.41;3.89:4.27;4.7:4.11,5.54:4.15;6.36:4.2;7.17:4.25;8.09:4.24;8.97:4.1;9.76:4.21;10.5:4.2;11.12:4.05;11.67:4;12.02:3.8;12.2:3.83;12.29:3.76,5.494239:3.972076;6.309228:3.820656;7.131725:3.651302;7.903661:3.557013;8.713728:3.380526;9.461555:3.234007;10.1878:3.118551;11.00199:3.084101;11.69623:3.014566;12.4495:2.793642;13.27312:2.66503;14.00961:2.512191,sigma3_eth_seed42,3
ETH:biwi_eth:231:9710,ETH,biwi_eth:231,9710,tril,0.7581634521484375,2.825026035308838,-0.43:4.34;0.48:4.39;1.36:4.49;2.24:4.5;3.05:4.41;3.89:4.27;4.7:4.11;5.54:4.15,6.36:4.2;7.17:4.25;8.09:4.24;8.97:4.1;9.76:4.21;10.5:4.2;11.12:4.05;11.67:4;12.02:3.8;12.2:3.83;12.29:3.76;12.26:3.82,6.356889:4.207309;7.171981:4.253051;7.983175:4.284084;8.76694:4.362199;9.59322:4.356551;10.36164:4.370444;11.15857:4.40738;11.939:4.456552;12.64239:4.554824;13.452:4.47143;14.23464:4.547847;14.98241:4.574483,sigma3_eth_seed42,3
ETH:biwi_eth:231:9720,ETH,biwi_eth:231,9720,tril,1.0152335166931152,3.353332757949829,0.48:4.39;1.36:4.49;2.24:4.5;3.05:4.41;3.89:4.27;4.7:4.11;5.54:4.15;6.36:4.2,7.17:4.25;8.09:4.24;8.97:4.1;9.76:4.21;10.5:4.2;11.12:4.05;11.67:4;12.02:3.8;12.2:3.83;12.29:3.76;12.26:3.82;12.25:3.84,7.151103:4.259222;7.939509:4.307465;8.725333:4.342064;9.485363:4.419813;10.28452:4.418481;11.03:4.437569;11.80011:4.47535;12.55609:4.525609;13.23988:4.621943;14.02317:4.547239;14.77842:4.622886;15.5035:4.65216,sigma3_eth_seed42,3
ETH:biwi_eth:231:9730,ETH,biwi_eth:231,9730,tril,1.3461960554122925,3.9892826080322266,1.36:4.49;2.24:4.5;3.05:4.41;3.89:4.27;4.7:4.11;5.54:4.15;6.36:4.2;7.17:4.25,8.09:4.24;8.97:4.1;9.76:4.21;10.5:4.2;11.12:4.05;11.67:4;12.02:3.8;12.2:3.83;12.29:3.76;12.26:3.82;12.25:3.84;12.25:3.84,7.946345:4.31412;8.719177:4.365844;9.491614:4.40606;10.23848:4.487206;11.02259:4.489891;11.75376:4.516861;12.50292:4.555951;13.24692:4.614428;13.91755:4.71245;14.68461:4.643084;15.42225:4.717882;16.13381:4.751276,sigma3_eth_seed42,3
ETH:biwi_eth:231:9740,ETH,biwi_eth:231,9740,tril,2.385720014572144,6.339066982269287,2.24:4.5;3.05:4.41;3.89:4.27;4.7:4.11;5.54:4.15;6.36:4.2;7.17:4.25;8.09:4.24,8.97:4.1;9.76:4.21;10.5:4.2;11.12:4.05;11.67:4;12.02:3.8;12.2:3.83;12.29:3.76;12.26:3.82;12.25:3.84;12.25:3.84;12.25:3.84,8.986229:4.23016;9.895694:4.218445;10.78104:4.175934;11.63926:4.197201;12.54951:4.139808;13.40297:4.06971;14.33222:4.073044;15.17939:4.035735;15.96867:4.091602;16.86692:3.958245;17.76278:4.013041;18.58749:3.98121,sigma3_eth_seed42,3
ETH:biwi_eth:231:9750,ETH,biwi_eth:231,9750,tril,2.8622400760650635,6.890518665313721,3.05:4.41;3.89:4.27;4.7:4.11;5.54:4.15;6.36:4.2;7.17:4.25;8.09:4.24;8.97:4.1,9.76:4.21;10.5:4.2;11.12:4.05;11.67:4;12.02:3.8;12.2:3.83;12.29:3.76;12.26:3.82;12.25:3.84;12.25:3.84;12.25:3.84;12.25:3.84,9.82584:3.961673;10.7072:3.809569;11.58814:3.631932;12.41936:3.542291;13.29668:3.358199;14.10025:3.204625;14.8936:3.090611;15.76574:3.054201;16.51139:2.999522;17.33031:2.75803;18.21622:2.639318;19.00517:2.48098,sigma3_eth_seed42,3
ETH:biwi_eth:231:9760,ETH,biwi_eth:231,9760,tril,2.6724116802215576,6.080142498016357,3.89:4.27;4.7:4.11;5.54:4.15;6.36:4.2;7.17:4.25;8.09:4.24;8.97:4.1;9.76:4.21,10.5:4.2;11.12:4.05;11.67:4;12.02:3.8;12.2:3.83;12.29:3.76;12.26:3.82;12.25:3.84;12.25:3.84;12.25:3.84;12.25:3.84;12.25:3.84,10.4996:4.320424;11.22609:4.407609;11.96957:4.495821;12.68264:4.618963;13.42892:4.650785;14.11457:4.73819;14.7727:4.796338;15.49613:4.930366;16.11584:5.059807;16.83464:5.013434;17.51095:5.093942;18.18434:5.163536,sigma3_eth_seed42,3
ETH:biwi_eth:231:9770,ETH,biwi_eth:231,9770,tril,2.9904677867889404,6.575565338134766,4.7:4.11;5.54:4.15;6.36:4.2;7.17:4.25;8.09:4.24;8.97:4.1;9.76:4.21;10.5:4.2,11.12:4.05;11.67:4;12.02:3.8;12.2:3.83;12.29:3.76;12.26:3.82;12.25:3.84;12.25:3.84;12.25:3.84;12.25:3.84;12.25:3.84;12.25:3.93,11.21007:4.192126;11.92314:4.188149;12.62361:4.162359;13.31022:4.170105;14.02405:4.133472;14.70695:4.09105;15.44329:4.090393;16.11139:4.055376;16.75762:4.089072;17.46791:4.008235;18.16625:4.047013;18.82482:4.028789,sigma3_eth_seed42,3
ETH:biwi_eth:231:9780,ETH,biwi_eth:231,9780,tril,2.4229702949523926,5.065208435058594,5.54:4.15;6.36:4.2;7.17:4.25;8.09:4.24;8.97:4.1;9.76:4.21;10.5:4.2;11.12:4.05,11.67:4;12.02:3.8;12.2:3.83;12.29:3.76;12.26:3.82;12.25:3.84;12.25:3.84;12.25:3.84;12.25:3.84;12.25:3.84;12.25:3.93;12.58:4.26,11.64966:3.911026;12.18908:3.735804;12.7895:3.596566;13.30953:3.482443;13.83464:3.321842;14.34368:3.213468;14.71379:3.071334;15.3199:3.098722;15.7749:2.939893;16.21657:2.793786;16.78141:2.569017;17.30015:2.422464,sigma3_eth_seed42,3
ETH:biwi_eth:231:9790,ETH,biwi_eth:231,9790,tril,2.3809750080108643,3.994263172149658,6.36:4.2;7.17:4.25;8.09:4.24;8.97:4.1;9.76:4.21;10.5:4.2;11.12:4.05;11.67:4,12.02:3.8;12.2:3.83;12.29:3.76;12.26:3.82;12.25:3.84;12.25:3.84;12.25:3.84;12.25:3.84;12.25:3.84;12.25:3.93;12.58:4.26;13.53:5,12.1477:3.953146;12.61984:3.868424;13.15508:3.828857;13.62544:3.790866;14.09439:3.712103;14.54991:3.692919;14.87521:3.613773;15.40985:3.695944;15.81726:3.609453;16.22098:3.537248;16.69608:3.393389;17.16123:3.336186,sigma3_eth_seed42,3
ETH:biwi_eth:238:10000,ETH,biwi_eth:238,10000,tril,0.5142110586166382,1.085922122001648,4.87:6.44;5.7:6.4;6.56:6.34;7.4:6.31;8.18:6.3;8.79:6.2;9.4:6.11;9.77:5.93,10.15:5.81;10.53:5.52;10.95:5.31;11.39:5.02;11.78:4.76;12.07:4.78;12.29:4.67;12.34:4.69;12.31:4.69;12.31:4.67;12.31:4.62;12.31:4.62,10.03867:5.731813;10.33332:5.49569;10.66802:5.299383;10.94681:5.118158;11.21585:4.913982;11.48485:4.767155;11.61163:4.563119;11.95325:4.518354;12.1724:4.31188;12.35824:4.146946;12.63258:3.880634;12.89223:3.703355,sigma3_eth_seed42,3
ETH:biwi_eth:238:10010,ETH,biwi_eth:238,10010,tril,0.5771905779838562,1.649307370185852,5.7:6.4;6.56:6.34;7.4:6.31;8.18:6.3;8.79:6.2;9.4:6.11;9.77:5.93;10.15:5.81,10.53:5.52;10.95:5.31;11.39:5.02;11.78:4.76;12.07:4.78;12.29:4.67;12.34:4.69;12.31:4.69;12.31:4.67;12.31:4.62;12.31:4.62;12.31:4.62,10.47006:5.656961;10.80177:5.473846;11.18847:5.327419;11.51157:5.188034;11.82132:5.031132;12.14185:4.926714;12.31198:4.769631;12.70642:4.763587;12.983:4.582438;13.21572:4.466608;13.5498:4.232388;13.87052:4.086162,sigma3_eth_seed42,3
ETH:biwi_eth:238:10020,ETH,biwi_eth:238,10020,tril,1.2468347549438477,3.260660171508789,6.56:6.34;7.4:6.31;8.18:6.3;8.79:6.2;9.4:6.11;9.77:5.93;10.15:5.81;10.53:5.52,10.95:5.31;11.39:5.02;11.78:4.76;12.07:4.78;12.29:4.67;12.34:4.69;12.31:4.69;12.31:4.67;12.31:4.62;12.31:4.62;12.31:4.62;12.31:4.57,10.91972:5.278186;11.34069:4.997626;11.80771:4.749915;12.19794:4.535596;12.58282:4.288769;12.96071:4.091799;13.18497:3.860376;13.65922:3.808092;13.97611:3.564039;14.25764:3.352861;14.67877:3.031133;15.04763:2.798757,sigma3_eth_seed42,3
ETH:biwi_eth:238:10030,ETH,biwi_eth:238,10030,tril,1.5730851888656616,3.688255071640015,7.4:6.31;8.18:6.3;8.79:6.2;9.4:6.11;9.77:5.93;10.15:5.81;10.53:5.52;10.95:5.31,11.39:5.02;11.78:4.76;12.07:4.78;12.29:4.67;12.34:4.69;12.31:4.69;12.31:4.67;12.31:4.62;12.31:4.62;12.31:4.62;12.31:4.57;12.37:4.5,11.37121:5.137212;11.79554:4.933674;12.29049:4.774482;12.70539:4.625239;13.11716:4.447271;13.52815:4.318682;13.79227:4.151896;14.29523:4.151219;14.66018:3.948275;14.99544:3.807704;15.4591:3.551372;15.88746:3.390639,sigma3_eth_seed42,3
ETH:biwi_eth:238:10040,ETH,biwi_eth:238,10040,tril,2.4113481044769287,4.902540683746338,8.18:6.3;8.79:6.2;9.4:6.11;9.77:5.93;10.15:5.81;10.53:5.52;10.95:5.31;11.39:5.02,11.78:4.76;12.07:4.78;12.29:4.67;12.34:4.69;12.31:4.69;12.31:4.67;12.31:4.62;12.31:4.62;12.31:4.62;12.31:4.57;12.37:4.5;12.51:4.49,11.88772:4.856617;12.39383:4.669677;12.95431:4.509434;13.44296:4.370033;13.93198:4.200908;14.41619:4.068123;14.78468:3.918252;15.34757:3.902017;15.78915:3.724884;16.20672:3.58118;16.74679:3.35474;17.23805:3.193687,sigma3_eth_seed42,3
ETH:biwi_eth:238:10050,ETH,biwi_eth:238,10050,tril,2.3438661098480225,4.467420101165772,8.79:6.2;9.4:6.11;9.77:5.93;10.15:5.81;10.53:5.52;10.95:5.31;11.39:5.02;11.78:4.76,12.07:4.78;12.29:4.67;12.34:4.69;12.31:4.69;12.31:4.67;12.31:4.62;12.31:4.62;12.31:4.62;12.31:4.57;12.37:4.5;12.51:4.49;12.5:4.35,12.19865:4.578043;12.62131:4.364095;13.11547:4.194621;13.52765:4.037732;13.93671:3.84953;14.34261:3.713816;14.59565:3.537745;15.09877:3.536977;15.45562:3.327328;15.78387:3.176048;16.24352:2.906945;16.66617:2.737269,sigma3_eth_seed42,3
ETH:biwi_eth:238:10060,ETH,biwi_eth:238,10060,tril,1.6577205657958984,3.1129729747772217,9.4:6.11;9.77:5.93;10.15:5.81;10.53:5.52;10.95:5.31;11.39:5.02;11.78:4.76;12.07:4.78,12.29:4.67;12.34:4.69;12.31:4.69;12.31:4.67;12.31:4.62;12.31:4.62;12.31:4.62;12.31:4.57;12.37:4.5;12.51:4.49;12.5:4.35;12.67:3.92,12.36691:4.830812;12.64379:4.877417;12.95498:4.942923;13.25161:4.974205;13.52532:5.018892;13.82512:5.08349;14.07435:5.105526;14.36839:5.15716;14.66043:5.158196;14.92399:5.221809;15.18395:5.223717;15.47629:5.267345,sigma3_eth_seed42,3
ETH:biwi_eth:238:10070,ETH,biwi_eth:238,10070,tril,1.4156278371810913,2.3534650802612305,9.77:5.93;10.15:5.81;10.53:5.52;10.95:5.31;11.39:5.02;11.78:4.76;12.07:4.78;12.29:4.67,12.34:4.69;12.31:4.69;12.31:4.67;12.31:4.62;12.31:4.62;12.31:4.62;12.31:4.57;12.37:4.5;12.51:4.49;12.5:4.35;12.67:3.92;12.66:3.79,12.5186:4.572657;12.7382:4.46357;13.00453:4.389881;13.23421:4.298468;13.45578:4.205914;13.6877:4.140376;13.84904:4.043845;14.11108:4.022965;14.32624:3.896236;14.52093:3.840565;14.76365:3.704455;15.00849:3.63708,sigma3_eth_seed42,3
ETH:biwi_eth:238:10080,ETH,biwi_eth:238,10080,tril,0.2245616465806961,0.1007432416081428,10.15:5.81;10.53:5.52;10.95:5.31;11.39:5.02;11.78:4.76;12.07:4.78;12.29:4.67;12.34:4.69,12.31:4.69;12.31:4.67;12.31:4.62;12.31:4.62;12.31:4.62;12.31:4.57;12.37:4.5;12.51:4.49;12.5:4.35;12.67:3.92;12.66:3.79;12.5:3.83,12.35513:4.627019;12.39807:4.559175;12.445:4.481589;12.46869:4.413214;12.47155:4.361355;12.5074:4.307677;12.47404:4.25361;12.51811:4.22426;12.53258:4.140056;12.48532:4.121386;12.50698:4.010845;12.51721:3.929263,sigma3_eth_seed42,3
ETH:biwi_eth:238:10090,ETH,biwi_eth:238,10090,tril,0.2657308578491211,0.2487029582262039,10.53:5.52;10.95:5.31;11.39:5.02;11.78:4.76;12.07:4.78;12.29:4.67;12.34:4.69;12.31:4.69,12.31:4.67;12.31:4.62;12.31:4.62;12.31:4.62;12.31:4.57;12.37:4.5;12.51:4.49;12.5:4.35;12.67:3.92;12.66:3.79;12.5:3.83;12.37:3.74,12.29015:4.624542;12.30511:4.546165;12.31746:4.467305;12.31321:4.400403;12.30021:4.338275;12.30538:4.281968;12.25567:4.220206;12.26893:4.185777;12.25794:4.108266;12.20063:4.073343;12.1951:3.974977;12.18155:3.9023,sigma3_eth_seed42,3
ETH:biwi_eth:238:10100,ETH,biwi_eth:238,10100,tril,0.4865190088748932,1.0644487142562866,10.95:5.31;11.39:5.02;11.78:4.76;12.07:4.78;12.29:4.67;12.34:4.69;12.31:4.69;12.31:4.67,12.31:4.62;12.31:4.62;12.31:4.62;12.31:4.57;12.37:4.5;12.51:4.49;12.5:4.35;12.67:3.92;12.66:3.79;12.5:3.83;12.37:3.74;12.28:3.62,12.30958:4.675002;12.30715:4.679051;12.30901:4.676182;12.3067:4.675467;12.30145:4.670679;12.30676:4.689152;12.29653:4.682768;12.29816:4.682194;12.30681:4.683529;12.30087:4.681546;12.29433:4.693044;12.2855:4.684434,sigma3_eth_seed42,3
ETH:biwi_eth:238:10110,ETH,biwi_eth:238,10110,tril,0.2060009986162185,0.0851624831557273,11.39:5.02;11.78:4.76;12.07:4.78;12.29:4.67;12.34:4.69;12.31:4.69;12.31:4.67;12.31:4.62,12.31:4.62;12.31:4.62;12.31:4.57;12.37:4.5;12.51:4.49;12.5:4.35;12.67:3.92;12.66:3.79;12.5:3.83;12.37:3.74;12.28:3.62;12.37:3.56,12.3075:4.537364;12.34068:4.439807;12.37512:4.342355;12.38797:4.259873;12.38903:4.180146;12.40889:4.113463;12.35525:4.033784;12.39247:3.999724;12.39009:3.90617;12.33725:3.856191;12.34388:3.731671;12.3422:3.640496,sigma3_eth_seed42,3
ETH:biwi_eth:238:10120,ETH,biwi_eth:238,10120,tril,0.5941905379295349,1.0562788248062134,11.78:4.76;12.07:4.78;12.29:4.67;12.34:4.69;12.31:4.69;12.31:4.67;12.31:4.62;12.31:4.62,12.31:4.62;12.31:4.57;12.37:4.5;12.51:4.49;12.5:4.35;12.67:3.92;12.66:3.79;12.5:3.83;12.37:3.74;12.28:3.62;12.37:3.56;12.55:3.56,12.31189:4.61931;12.31238:4.620881;12.31968:4.615955;12.3184:4.614783;12.31728:4.607636;12.32181:4.610085;12.31598:4.609347;12.32053:4.609638;12.32054:4.605664;12.31674:4.600852;12.3213:4.59877;12.32082:4.591117,sigma3_eth_seed42,3
ETH:biwi_eth:238:10130,ETH,biwi_eth:238,10130,tril,0.6955825686454773,1.069705367088318,12.07:4.78;12.29:4.67;12.34:4.69;12.31:4.69;12.31:4.67;12.31:4.62;12.31:4.62;12.31:4.62,12.31:4.57;12.37:4.5;12.51:4.49;12.5:4.35;12.67:3.92;12.66:3.79;12.5:3.83;12.37:3.74;12.28:3.62;12.37:3.56;12.55:3.56;12.59:3.58,12.31251:4.620147;12.31253:4.625312;12.31874:4.622558;12.32008:4.622692;12.31979:4.618046;12.32208:4.619222;12.32009:4.622686;12.32296:4.624933;12.32259:4.626246;12.32268:4.622649;12.32566:4.620046;12.32646:4.616734,sigma3_eth_seed42,3
ETH:biwi_eth:238:10140,ETH,biwi_eth:238,10140,tril,0.5133526921272278,0.5864247679710388,12.29:4.67;12.34:4.69;12.31:4.69;12.31:4.67;12.31:4.62;12.31:4.62;12.31:4.62;12.31:4.57,12.37:4.5;12.51:4.49;12.5:4.35;12.67:3.92;12.66:3.79;12.5:3.83;12.37:3.74;12.28:3.62;12.37:3.56;12.55:3.56;12.59:3.58;12.53:3.6,12.31205:4.530888;12.31251:4.494753;12.32296:4.450546;12.31437:4.41384;12.30847:4.370692;12.32044:4.349463;12.29592:4.309963;12.30345:4.276798;12.29764:4.229844;12.27592:4.200817;12.2757:4.168668;12.26827:4.124776,sigma3_eth_seed42,3
ETH:biwi_eth:238:10150,ETH,biwi_eth:238,10150,tril,0.4264236390590668,0.5479251742362976,12.34:4.69;12.31:4.69;12.31:4.67;12.31:4.62;12.31:4.62;12.31:4.62;12.31:4.57;12.37:4.5,12.51:4.49;12.5:4.35;12.67:3.92;12.66:3.79;12.5:3.83;12.37:3.74;12.28:3.62;12.37:3.56;12.55:3.56;12.59:3.58;12.53:3.6;12.5:3.6,12.41905:4.433793;12.47886:4.355637;12.55238:4.298732;12.61335:4.230293;12.66788:4.167215;12.72948:4.115862;12.7586:4.046225;12.8247:4.011656;12.87916:3.927733;12.91134:3.892562;12.96601:3.802316;13.02447:3.758593,sigma3_eth_seed42,3
ETH:biwi_eth:238:10160,ETH,biwi_eth:238,10160,tril,1.2426592111587524,1.9395952224731443,12.31:4.69;12.31:4.67;12.31:4.62;12.31:4.62;12.31:4.62;12.31:4.57;12.37:4.5;12.51:4.49,12.5:4.35;12.67:3.92;12.66:3.79;12.5:3.83;12.37:3.74;12.28:3.62;12.37:3.56;12.55:3.56;12.59:3.58;12.53:3.6;12.5:3.6;12.54:3.56,12.65067:4.491276;12.79243:4.498353;12.94135:4.507306;13.08711:4.491873;13.21485:4.508242;13.3718:4.503595;13.53442:4.508541;13.66289:4.482966;13.83102:4.449739;13.95504:4.49404;14.10209:4.479173;14.24702:4.480927,sigma3_eth_seed42,3
ETH:biwi_eth:238:10170,ETH,biwi_eth:238,10170,tril,0.2713049054145813,0.3785726726055145,12.31:4.67;12.31:4.62;12.31:4.62;12.31:4.62;12.31:4.57;12.37:4.5;12.51:4.49;12.5:4.35,12.67:3.92;12.66:3.79;12.5:3.83;12.37:3.74;12.28:3.62;12.37:3.56;12.55:3.56;12.59:3.58;12.53:3.6;12.5:3.6;12.54:3.56;12.67:3.61,12.50716:4.255169;12.54908:4.136624;12.5938:4.032923;12.62156:3.937123;12.6378:3.839914;12.66514:3.77021;12.61566:3.665558;12.66218:3.627391;12.66622:3.524112;12.62975:3.456978;12.63093:3.321404;12.63691:3.232876,sigma3_eth_seed42,3
ETH:biwi_eth:238:10180,ETH,biwi_eth:238,10180,tril,2.025920867919922,3.703793525695801,12.31:4.62;12.31:4.62;12.31:4.62;12.31:4.57;12.37:4.5;12.51:4.49;12.5:4.35;12.67:3.92,12.66:3.79;12.5:3.83;12.37:3.74;12.28:3.62;12.37:3.56;12.55:3.56;12.59:3.58;12.53:3.6;12.5:3.6;12.54:3.56;12.67:3.61;12.61:3.67,12.72839:3.548997;12.79454:3.172906;12.8424:2.819334;12.89805:2.46626;12.93675:2.120168;12.94443:1.777715;12.9951:1.428628;12.99624:1.141511;12.93841:0.8611896;12.96039:0.5378716;12.94106:0.2169611;12.90254:-0.02222252,sigma3_eth_seed42,3
ETH:biwi_eth:238:10190,ETH,biwi_eth:238,10190,tril,0.8172547221183777,1.5316706895828247,12.31:4.62;12.31:4.62;12.31:4.57;12.37:4.5;12.51:4.49;12.5:4.35;12.67:3.92;12.66:3.79,12.5:3.83;12.37:3.74;12.28:3.62;12.37:3.56;12.55:3.56;12.59:3.58;12.53:3.6;12.5:3.6;12.54:3.56;12.67:3.61;12.61:3.67;12.6:3.67,12.65276:3.63792;12.66277:3.471367;12.68264:3.324234;12.68877:3.177207;12.68031:3.030785;12.68204:2.916522;12.61699:2.76184;12.63324:2.675635;12.59914:2.533358;12.55514:2.421461;12.52045:2.251795;12.50442:2.141315,sigma3_eth_seed42,3
ETH:biwi_eth:238:10200,ETH,biwi_eth:238,10200,tril,1.099806785583496,1.9448282718658447,12.31:4.62;12.31:4.57;12.37:4.5;12.51:4.49;12.5:4.35;12.67:3.92;12.66:3.79;12.5:3.83,12.37:3.74;12.28:3.62;12.37:3.56;12.55:3.56;12.59:3.58;12.53:3.6;12.5:3.6;12.54:3.56;12.67:3.61;12.61:3.67;12.6:3.67;12.54:3.76,12.31696:3.81552;12.1527:3.799217;11.98625:3.780845;11.81971:3.762723;11.65228:3.753453;11.49735:3.736076;11.34606:3.728764;11.186:3.709679;11.04184:3.686225;10.87952:3.694012;10.73908:3.673532;10.59746:3.665766,sigma3_eth_seed42,3
ETH:biwi_eth:238:10210,ETH,biwi_eth:238,10210,tril,1.288092851638794,2.135695457458496,12.31:4.57;12.37:4.5;12.51:4.49;12.5:4.35;12.67:3.92;12.66:3.79;12.5:3.83;12.37:3.74,12.28:3.62;12.37:3.56;12.55:3.56;12.59:3.58;12.53:3.6;12.5:3.6;12.54:3.56;12.67:3.61;12.61:3.67;12.6:3.67;12.54:3.76;12.48:3.79,12.19145:3.722675;12.00115:3.704654;11.8252:3.692891;11.64649:3.675981;11.4757:3.649129;11.31412:3.658953;11.14189:3.627624;10.97638:3.608191;10.81774:3.589829;10.67188:3.571921;10.50426:3.581571;10.35425:3.584098,sigma3_eth_seed42,3
ETH:biwi_eth:238:10220,ETH,biwi_eth:238,10220,tril,1.2614394426345823,2.137603759765625,12.37:4.5;12.51:4.49;12.5:4.35;12.67:3.92;12.66:3.79;12.5:3.83;12.37:3.74;12.28:3.62,12.37:3.56;12.55:3.56;12.59:3.58;12.53:3.6;12.5:3.6;12.54:3.56;12.67:3.61;12.61:3.67;12.6:3.67;12.54:3.76;12.48:3.79;12.43:3.73,12.18346:3.469109;12.09486:3.332263;12.01989:3.180515;11.92065:3.045253;11.80758:2.915524;11.72919:2.796667;11.58159:2.67869;11.51212:2.57909;11.38674:2.446471;11.25242:2.354463;11.1529:2.206076;11.06615:2.084019,sigma3_eth_seed42,3
ETH:biwi_eth:238:10230,ETH,biwi_eth:238,10230,tril,0.5973316431045532,0.8928976655006409,12.51:4.49;12.5:4.35;12.67:3.92;12.66:3.79;12.5:3.83;12.37:3.74;12.28:3.62;12.37:3.56,12.55:3.56;12.59:3.58;12.53:3.6;12.5:3.6;12.54:3.56;12.67:3.61;12.61:3.67;12.6:3.67;12.54:3.76;12.48:3.79;12.43:3.73;12.39:3.68,12.32741:3.501616;12.31536:3.432987;12.30087:3.36555;12.27438:3.305639;12.24062:3.251357;12.2271:3.204072;12.1661:3.148932;12.15318:3.110227;12.1255:3.04108;12.05867:3.014665;12.02797:2.934909;11.99992:2.876816,sigma3_eth_seed42,3
ETH:biwi_eth:238:10240,ETH,biwi_eth:238,10240,tril,0.7041587233543396,1.3794771432876587,12.5:4.35;12.67:3.92;12.66:3.79;12.5:3.83;12.37:3.74;12.28:3.62;12.37:3.56;12.55:3.56,12.59:3.58;12.53:3.6;12.5:3.6;12.54:3.56;12.67:3.61;12.61:3.67;12.6:3.67;12.54:3.76;12.48:3.79;12.43:3.73;12.39:3.68;12.42:3.64,12.65066:3.587591;12.7525:3.614565;12.86746:3.64974;12.97458:3.655872;13.06023:3.694209;13.17812:3.716041;13.28253:3.736553;13.37898:3.743367;13.50548:3.720552;13.57995:3.787866;13.68358:3.77609;13.79075:3.794937,sigma3_eth_seed42,3
ETH:biwi_eth:238:10250,ETH,biwi_eth:238,10250,tril,0.210252583026886,0.4133675396442413,12.67:3.92;12.66:3.79;12.5:3.83;12.37:3.74;12.28:3.62;12.37:3.56;12.55:3.56;12.59:3.58,12.53:3.6;12.5:3.6;12.54:3.56;12.67:3.61;12.61:3.67;12.6:3.67;12.54:3.76;12.48:3.79;12.43:3.73;12.39:3.68;12.42:3.64;12.43:3.6,12.60865:3.611241;12.61973:3.634397;12.64176:3.661012;12.65245:3.67318;12.65652:3.693456;12.69797:3.75066;12.70112:3.747675;12.71895:3.745883;12.7648:3.738155;12.76536:3.775903;12.76919:3.815439;12.77877:3.821887,sigma3_eth_seed42,3
ETH:biwi_eth:238:10260,ETH,biwi_eth:238,10260,tril,0.2701710760593414,0.4366839528083801,12.66:3.79;12.5:3.83;12.37:3.74;12.28:3.62;12.37:3.56;12.55:3.56;12.59:3.58;12.53:3.6,12.5:3.6;12.54:3.56;12.67:3.61;12.61:3.67;12.6:3.67;12.54:3.76;12.48:3.79;12.43:3.73;12.39:3.68;12.42:3.64;12.43:3.6;12.49:3.64,12.50143:3.583897;12.45587:3.578938;12.42523:3.566101;12.38121:3.555658;12.34611:3.53364;12.30964:3.520691;12.27519:3.51018;12.23747:3.497314;12.19001:3.480499;12.16006:3.458325;12.13612:3.450423;12.10085:3.441865,sigma3_eth_seed42,3
ETH:biwi_eth:238:10270,ETH,biwi_eth:238,10270,tril,0.3144824206829071,0.7136203050613403,12.5:3.83;12.37:3.74;12.28:3.62;12.37:3.56;12.55:3.56;12.59:3.58;12.53:3.6;12.5:3.6,12.54:3.56;12.67:3.61;12.61:3.67;12.6:3.67;12.54:3.76;12.48:3.79;12.43:3.73;12.39:3.68;12.42:3.64;12.43:3.6;12.49:3.64;12.71:3.7,12.46559:3.611687;12.41067:3.629362;12.36851:3.641702;12.31557:3.652423;12.27442:3.651057;12.2275:3.661613;12.19969:3.665472;12.14788:3.666701;12.10162:3.670422;12.07198:3.660762;12.04568:3.683628;11.99641:3.693491,sigma3_eth_seed42,3
ETH:biwi_eth:238:10280,ETH,biwi_eth:238,10280,tril,0.2636803984642029,0.6735662817955017,12.37:3.74;12.28:3.62;12.37:3.56;12.55:3.56;12.59:3.58;12.53:3.6;12.5:3.6;12.54:3.56,12.67:3.61;12.61:3.67;12.6:3.67;12.54:3.76;12.48:3.79;12.43:3.73;12.39:3.68;12.42:3.64;12.43:3.6;12.49:3.64;12.71:3.7;12.79:3.86,12.51107:3.555831;12.49946:3.549623;12.48386:3.531512;12.45474:3.520316;12.42437:3.516255;12.41515:3.506691;12.39149:3.503906;12.37034:3.485267;12.35858:3.459925;12.30795:3.469908;12.30159:3.455522;12.2725:3.428861,sigma3_eth_seed42,3
ETH:biwi_eth:238:10290,ETH,biwi_eth:238,10290,tril,0.809920608997345,1.037097692489624,12.28:3.62;12.37:3.56;12.55:3.56;12.59:3.58;12.53:3.6;12.5:3.6;12.54:3.56;12.67:3.61,12.61:3.67;12.6:3.67;12.54:3.76;12.48:3.79;12.43:3.73;12.39:3.68;12.42:3.64;12.43:3.6;12.49:3.64;12.71:3.7;12.79:3.86;12.86:4.03,12.76812:3.671631;12.87567:3.734192;12.98677:3.793081;13.09207:3.825653;13.17032:3.899687;13.29057:3.943244;13.40175:3.997439;13.4917:4.017666;13.62462:4.020157;13.68606:4.121432;13.78944:4.134491;13.8883:4.164797,sigma3_eth_seed42,3
ETH:biwi_eth:238:9920,ETH,biwi_eth:238,9920,tril,0.8235254287719727,2.6060235500335693,-2.36:6.64;-1.3:6.46;-0.52:6.38;0.43:6.41;1.29:6.33;2.26:6.48;3.12:6.62;4.01:6.58,4.87:6.44;5.7:6.4;6.56:6.34;7.4:6.31;8.18:6.3;8.79:6.2;9.4:6.11;9.77:5.93;10.15:5.81;10.53:5.52;10.95:5.31;11.39:5.02,4.850794:6.540062;5.706026:6.484531;6.5568:6.410438;7.371347:6.404315;8.230528:6.307836;9.020237:6.238568;9.821527:6.19724;10.65274:6.205352;11.38379:6.229484;12.20456:6.063559;13.04273:6.0422;13.81407:5.976695,sigma3_eth_seed42,3
ETH:biwi_eth:238:9930,ETH,biwi_eth:238,9930,tril,3.067869186401367,6.582127094268799,-1.3:6.46;-0.52:6.38;0.43:6.41;1.29:6.33;2.26:6.48;3.12:6.62;4.01:6.58;4.87:6.44,5.7:6.4;6.56:6.34;7.4:6.31;8.18:6.3;8.79:6.2;9.4:6.11;9.77:5.93;10.15:5.81;10.53:5.52;10.95:5.31;11.39:5.02;11.78:4.76,6.025082:6.331044;7.214091:6.201325;8.382855:6.032318;9.488377:5.992519;10.67984:5.803534;11.75296:5.633636;12.86706:5.550464;14.01286:5.524423;14.9861:5.536477;16.11671:5.232022;17.30523:5.175114;18.35662:5.029167,sigma3_eth_seed42,3
ETH:biwi_eth:238:9940,ETH,biwi_eth:238,9940,tril,1.113615870475769,2.9792425632476807,-0.52:6.38;0.43:6.41;1.29:6.33;2.26:6.48;3.12:6.62;4.01:6.58;4.87:6.44;5.7:6.4,6.56:6.34;7.4:6.31;8.18:6.3;8.79:6.2;9.4:6.11;9.77:5.93;10.15:5.81;10.53:5.52;10.95:5.31;11.39:5.02;11.78:4.76;12.07:4.78,6.491924:6.352184;7.293399:6.285047;8.102238:6.207776;8.872422:6.192089;9.680779:6.087489;10.41884:6.024546;11.14338:5.968407;11.93855:5.995687;12.62269:6.00469;13.38653:5.837843;14.17187:5.787704;14.8979:5.717477,sigma3_eth_seed42,3
ETH:biwi_eth:238:9950,ETH,biwi_eth:238,9950,tril,1.7903741598129272,4.228021621704102,0.43:6.41;1.29:6.33;2.26:6.48;3.12:6.62;4.01:6.58;4.87:6.44;5.7:6.4;6.56:6.34,7.4:6.31;8.18:6.3;8.79:6.2;9.4:6.11;9.77:5.93;10.15:5.81;10.53:5.52;10.95:5.31;11.39:5.02;11.78:4.76;12.07:4.78;12.29:4.67,7.405718:6.274139;8.263367:6.20194;9.113294:6.104525;9.929558:6.07544;10.79072:5.962803;11.58514:5.865086;12.41106:5.812553;13.23784:5.786851;13.97739:5.793431;14.80802:5.615359;15.6591:5.586103;16.43501:5.503696,sigma3_eth_seed42,3
ETH:biwi_eth:238:9960,ETH,biwi_eth:238,9960,tril,2.1726233959198,4.8899359703063965,1.29:6.33;2.26:6.48;3.12:6.62;4.01:6.58;4.87:6.44;5.7:6.4;6.56:6.34;7.4:6.31,8.18:6.3;8.79:6.2;9.4:6.11;9.77:5.93;10.15:5.81;10.53:5.52;10.95:5.31;11.39:5.02;11.78:4.76;12.07:4.78;12.29:4.67;12.34:4.69,8.22317:6.30197;9.055599:6.290161;9.872327:6.254312;10.66466:6.271943;11.49936:6.21902;12.28262:6.165137;13.12032:6.162476;13.9043:6.141372;14.63298:6.188997;15.45339:6.070657;16.26933:6.109751;17.02761:6.082041,sigma3_eth_seed42,3
ETH:biwi_eth:238:9970,ETH,biwi_eth:238,9970,tril,2.2261087894439697,4.845847129821777,2.26:6.48;3.12:6.62;4.01:6.58;4.87:6.44;5.7:6.4;6.56:6.34;7.4:6.31;8.18:6.3,8.79:6.2;9.4:6.11;9.77:5.93;10.15:5.81;10.53:5.52;10.95:5.31;11.39:5.02;11.78:4.76;12.07:4.78;12.29:4.67;12.34:4.69;12.31:4.69,8.926556:6.315342;9.676547:6.323284;10.42122:6.315373;11.14338:6.349096;11.89814:6.317881;12.60783:6.301263;13.34339:6.307663;14.06114:6.320999;14.72216:6.376609;15.45984:6.287807;16.18523:6.326417;16.87362:6.319618,sigma3_eth_seed42,3
ETH:biwi_eth:238:9980,ETH,biwi_eth:238,9980,tril,1.165544509887695,2.948521852493286,3.12:6.62;4.01:6.58;4.87:6.44;5.7:6.4;6.56:6.34;7.4:6.31;8.18:6.3;8.79:6.2,9.4:6.11;9.77:5.93;10.15:5.81;10.53:5.52;10.95:5.31;11.39:5.02;11.78:4.76;12.07:4.78;12.29:4.67;12.34:4.69;12.31:4.69;12.31:4.67,9.338874:6.102911;9.895126:5.988948;10.48298:5.88625;11.02244:5.807183;11.5686:5.693087;12.10042:5.609296;12.56541:5.515766;13.1469:5.508862;13.64224:5.415126;14.13829:5.302315;14.70384:5.172102;15.23137:5.069211,sigma3_eth_seed42,3
ETH:biwi_eth:238:9990,ETH,biwi_eth:238,9990,tril,1.5996809005737305,3.6883349418640137,4.01:6.58;4.87:6.44;5.7:6.4;6.56:6.34;7.4:6.31;8.18:6.3;8.79:6.2;9.4:6.11,9.77:5.93;10.15:5.81;10.53:5.52;10.95:5.31;11.39:5.02;11.78:4.76;12.07:4.78;12.29:4.67;12.34:4.69;12.31:4.69;12.31:4.67;12.31:4.62,9.96315:6.019674;10.53339:5.904356;11.14263:5.808062;11.69558:5.737151;12.25745:5.6214;12.79841:5.546486;13.25363:5.450744;13.8592:5.469646;14.35605:5.377254;14.85874:5.258585;15.43659:5.117802;15.97684:5.017611,sigma3_eth_seed42,3
ETH:biwi_eth:239:9920,ETH,biwi_eth:239,9920,tril,0.7314684987068176,1.165424346923828,-1.57:5.57;-0.74:5.53;0.07:5.49;1.01:5.49;1.95:5.41;2.87:5.33;3.75:5.37;4.62:5.47,5.44:5.48;6.19:5.49;6.97:5.46;7.74:5.47;8.51:5.47;9.12:5.37;9.74:5.31;10.47:5.34;11.28:5.18;12.01:5.09;12.74:5.32;13.43:5.4,5.452057:5.573868;6.276323:5.653294;7.110184:5.728271;7.908357:5.852588;8.751921:5.871132;9.523097:5.938025;10.28421:5.995636;11.09388:6.119143;11.78718:6.255383;12.6013:6.181301;13.378:6.269001;14.13422:6.328594,sigma3_eth_seed42,3
ETH:biwi_eth:257:10250,ETH,biwi_eth:257,10250,tril,0.841245174407959,2.293095350265503,12.62:6.95;11.68:7.09;10.74:7.2;9.72:7.1;8.73:7.09;7.74:6.97;6.86:6.75;6.04:6.45,5.37:6.15;4.44:6.01;3.84:5.72;2.8:5.7;1.85:5.51;1.07:5.44;0.06:5.22;-1.01:4.99;-1.76:4.92;-2.96:4.66;-3.93:4.45;-4.95:4.36,5.317598:6.166542;4.514381:6.012593;3.78257:5.760491;3.001157:5.564377;2.214171:5.355542;1.571486:5.194464;0.7625599:5.058141;0.1096392:4.81519;-0.6864305:4.646409;-1.361015:4.512275;-2.092628:4.410004;-2.659869:4.243431,sigma3_eth_seed42,3
ETH:biwi_eth:257:10260,ETH,biwi_eth:257,10260,tril,1.963722348213196,4.149213790893555,11.68:7.09;10.74:7.2;9.72:7.1;8.73:7.09;7.74:6.97;6.86:6.75;6.04:6.45;5.37:6.15,4.44:6.01;3.84:5.72;2.8:5.7;1.85:5.51;1.07:5.44;0.06:5.22;-1.01:4.99;-1.76:4.92;-2.96:4.66;-3.93:4.45;-4.95:4.36;-5.94:4.33,4.778385:5.862214;4.115845:5.680176;3.516739:5.426198;2.876922:5.212868;2.22822:4.990017;1.697187:4.815928;1.023071:4.64891;0.4844012:4.411891;-0.1838346:4.227907;-0.7398124:4.07449;-1.356455:3.941435;-1.828063:3.775072,sigma3_eth_seed42,3
ETH:biwi_eth:257:10270,ETH,biwi_eth:257,10270,tril,0.6474485993385315,1.2910377979278564,10.74:7.2;9.72:7.1;8.73:7.09;7.74:6.97;6.86:6.75;6.04:6.45;5.37:6.15;4.44:6.01,3.84:5.72;2.8:5.7;1.85:5.51;1.07:5.44;0.06:5.22;-1.01:4.99;-1.76:4.92;-2.96:4.66;-3.93:4.45;-4.95:4.36;-5.94:4.33;-6.85:4.35,3.544811:5.874527;2.595338:5.813616;1.712739:5.699029;0.8016026:5.628247;-0.09971762:5.522525;-0.9145479:5.490088;-1.862274:5.434799;-2.642605:5.357541;-3.53691:5.30477;-4.318147:5.239535;-5.160193:5.220145;-5.854343:5.171855,sigma3_eth_seed42,3
ETH:biwi_eth:257:10280,ETH,biwi_eth:257,10280,tril,2.6651439666748047,4.914275169372559,9.72:7.1;8.73:7.09;7.74:6.97;6.86:6.75;6.04:6.45;5.37:6.15;4.44:6.01;3.84:5.72,2.8:5.7;1.85:5.51;1.07:5.44;0.06:5.22;-1.01:4.99;-1.76:4.92;-2.96:4.66;-3.93:4.45;-4.95:4.36;-5.94:4.33;-6.85:4.35;-7.58:4.44,3.294319:5.487962;2.697748:5.346397;2.155422:5.134961;1.571445:4.968252;0.9810047:4.790594;0.5021737:4.657186;-0.1234269:4.532123;-0.6045592:4.344221;-1.20419:4.195327;-1.723794:4.0811;-2.276866:3.974308;-2.703751:3.829842,sigma3_eth_seed42,3
ETH:biwi_eth:258:10250,ETH,biwi_eth:258,10250,tril,1.6389907598495483,3.2520737648010254,-1.72:7.41;-0.77:7.3;0.16:7.28;1.05:7.19;1.96:7.18;2.91:7.26;3.6:7.4;4.43:7.61,5.28:7.78;6.15:7.92;7.51:7.89;8.15:7.88;8.87:7.89;9.8:7.7;10.7:7.59;11.4:7.6;12.01:7.36;12.47:7.05;13.29:7.02;13.77:6.59,5.167974:7.840735;5.892009:8.004807;6.661033:8.204039;7.382425:8.438946;8.138728:8.536242;8.805655:8.762691;9.339058:8.866942;10.10736:9.187608;10.685:9.404214;11.37442:9.395105;12.00164:9.497959;12.66574:9.648853,sigma3_eth_seed42,3
ETH:biwi_eth:259:10250,ETH,biwi_eth:259,10250,tril,1.2554101943969729,2.4306795597076416,-2.22:6.66;-1.22:6.45;-0.17:6.32;0.82:6.31;1.74:6.31;2.64:6.36;3.46:6.61;4.33:6.82,5.19:6.99;6.09:7.08;6.99:7.02;7.87:7.03;8.42:7;9.45:7.11;10.03:6.97;10.66:7;11.24:6.95;11.54:6.75;12.04:6.66;12.4:6.56,5.081413:7.065858;5.829059:7.233371;6.618255:7.442179;7.358179:7.689713;8.134859:7.793664;8.818746:8.033214;9.358751:8.140828;10.14946:8.479612;10.7418:8.706299;11.44233:8.699787;12.08313:8.806818;12.76114:8.963701,sigma3_eth_seed42,3
ETH:biwi_eth:259:10260,ETH,biwi_eth:259,10260,tril,1.2773000001907349,2.607258081436157,-1.22:6.45;-0.17:6.32;0.82:6.31;1.74:6.31;2.64:6.36;3.46:6.61;4.33:6.82;5.19:6.99,6.09:7.08;6.99:7.02;7.87:7.03;8.42:7;9.45:7.11;10.03:6.97;10.66:7;11.24:6.95;11.54:6.75;12.04:6.66;12.4:6.56;12.92:6.45,5.968747:7.204221;6.739772:7.351976;7.548115:7.53146;8.30882:7.753115;9.109461:7.835316;9.817179:8.037505;10.40856:8.132647;11.2131:8.430543;11.83048:8.639138;12.56479:8.61171;13.24276:8.711536;13.94469:8.847456,sigma3_eth_seed42,3
ETH:biwi_eth:259:10270,ETH,biwi_eth:259,10270,tril,1.14234721660614,2.334168672561645,-0.17:6.32;0.82:6.31;1.74:6.31;2.64:6.36;3.46:6.61;4.33:6.82;5.19:6.99;6.09:7.08,6.99:7.02;7.87:7.03;8.42:7;9.45:7.11;10.03:6.97;10.66:7;11.24:6.95;11.54:6.75;12.04:6.66;12.4:6.56;12.92:6.45;13.89:6.52,6.933478:7.189589;7.76832:7.269813;8.616482:7.349604;9.426487:7.480432;10.28344:7.497832;11.06053:7.572695;11.81809:7.62886;12.64405:7.77101;13.34065:7.912921;14.16344:7.832741;14.94754:7.91597;15.71194:7.979066,sigma3_eth_seed42,3
ETH:biwi_eth:260:10260,ETH,biwi_eth:260,10260,tril,0.9257071018218994,1.205538988113403,12.23:6.63;11.23:6.65;10.06:6.75;9.18:6.58;8.13:6.48;7.21:6.05;6.24:5.75;5.24:5.55,4.34:5.3;3.49:5.13;2.58:4.96;1.74:4.76;0.89:4.4;-0.02:4.16;-0.97:3.95;-1.66:3.83;-3.04:3.54;-3.95:3.39;-4.92:3.45;-5.91:3.55,4.27726:5.416016;3.2606:5.357613;2.312102:5.24281;1.333526:5.17857;0.3699627:5.071992;-0.507319:5.04292;-1.520326:4.99207;-2.357533:4.919215;-3.31741:4.874879;-4.152339:4.805363;-5.050592:4.795334;-5.796192:4.750155,sigma3_eth_seed42,3
ETH:biwi_eth:260:10270,ETH,biwi_eth:260,10270,tril,0.6190564632415771,1.3979572057724,11.23:6.65;10.06:6.75;9.18:6.58;8.13:6.48;7.21:6.05;6.24:5.75;5.24:5.55;4.34:5.3,3.49:5.13;2.58:4.96;1.74:4.76;0.89:4.4;-0.02:4.16;-0.97:3.95;-1.66:3.83;-3.04:3.54;-3.95:3.39;-4.92:3.45;-5.91:3.55;-6.86:3.6,3.502794:5.094566;2.596643:4.999667;1.760563:4.817944;0.8813798:4.692396;0.005221367:4.543044;-0.7445612:4.450982;-1.652893:4.369353;-2.393852:4.206299;-3.266927:4.101227;-4.02415:4.011847;-4.834882:3.96283;-5.485288:3.85387,sigma3_eth_seed42,3
ETH:biwi_eth:260:10280,ETH,biwi_eth:260,10280,tril,0.928114891052246,1.7849479913711548,10.06:6.75;9.18:6.58;8.13:6.48;7.21:6.05;6.24:5.75;5.24:5.55;4.34:5.3;3.49:5.13,2.58:4.96;1.74:4.76;0.89:4.4;-0.02:4.16;-0.97:3.95;-1.66:3.83;-3.04:3.54;-3.95:3.39;-4.92:3.45;-5.91:3.55;-6.86:3.6;-7.69:3.69,2.679635:4.963184;1.811952:4.884335;1.009433:4.738481;0.1717949:4.639717;-0.6615417:4.51484;-1.391174:4.452091;-2.264229:4.382578;-2.974378:4.264543;-3.802061:4.1829;-4.526052:4.108671;-5.301491:4.068842;-5.930211:3.988633,sigma3_eth_seed42,3
ETH:biwi_eth:261:10280,ETH,biwi_eth:261,10280,tril,0.25216144323349,0.6409055590629578,12.7:7;11.59:7.14;10.83:7.5;9.75:7.48;8.72:7.31;7.78:6.96;6.79:6.6;5.8:6.27,4.75:5.96;3.85:5.75;3.08:5.8;2.15:5.61;1.07:5.24;0.16:4.93;-0.79:4.82;-1.43:4.65;-2.83:4.38;-3.84:4.39;-4.79:4.49;-5.76:4.6,4.874278:5.985849;3.85197:5.860638;2.912673:5.60778;1.914747:5.429018;0.9175348:5.230333;0.09373236:5.081664;-0.9194994:4.9765;-1.754645:4.723089;-2.752571:4.572823;-3.604075:4.453111;-4.518508:4.389237;-5.239708:4.22576,sigma3_eth_seed42,3
ETH:biwi_eth:263:10300,ETH,biwi_eth:263,10300,tril,1.098342776298523,1.5027631521224976,-1.98:5.1;-1.02:5.22;-0.19:5.44;0.7:5.76;1.57:6.1;2.59:6.4;3.57:6.63;4.4:6.8,5.28:6.87;6.13:6.89;7.08:6.94;8:6.96;8.88:7;9.65:6.89;10.44:6.9;10.99:6.91;11.63:6.74;12.08:6.58;12.35:6.53;12.41:6.46,5.11668:6.944364;5.814713:7.022984;6.579607:7.147247;7.274118:7.306526;8.000784:7.332879;8.642611:7.485967;9.122655:7.524972;9.891139:7.813794;10.43721:7.93768;11.08323:7.878893;11.71905:7.880567;12.37131:7.962265,sigma3_eth_seed42,3
ETH:biwi_eth:263:10310,ETH,biwi_eth:263,10310,tril,0.5388299822807312,1.8012844324111938,-1.02:5.22;-0.19:5.44;0.7:5.76;1.57:6.1;2.59:6.4;3.57:6.63;4.4:6.8;5.28:6.87,6.13:6.89;7.08:6.94;8:6.96;8.88:7;9.65:6.89;10.44:6.9;10.99:6.91;11.63:6.74;12.08:6.58;12.35:6.53;12.41:6.46;12.31:6.34,6.060648:6.86916;6.839556:6.799632;7.690381:6.777096;8.445848:6.812151;9.240985:6.710011;9.943745:6.723118;10.47548:6.654697;11.33531:6.863471;11.93651:6.861362;12.62636:6.690137;13.38389:6.55334;14.10363:6.505927,sigma3_eth_seed42,3
ETH:biwi_eth:263:10320,ETH,biwi_eth:263,10320,tril,0.8566176295280457,3.1029486656188965,-0.19:5.44;0.7:5.76;1.57:6.1;2.59:6.4;3.57:6.63;4.4:6.8;5.28:6.87;6.13:6.89,7.08:6.94;8:6.96;8.88:7;9.65:6.89;10.44:6.9;10.99:6.91;11.63:6.74;12.08:6.58;12.35:6.53;12.41:6.46;12.31:6.34;12.46:6.12,6.954059:6.868903;7.777287:6.806473;8.637853:6.759502;9.434841:6.774872;10.27543:6.670456;11.02385:6.644137;11.69713:6.585269;12.55192:6.703187;13.22208:6.720207;13.9938:6.540036;14.79797:6.458337;15.54973:6.406106,sigma3_eth_seed42,3
ETH:biwi_eth:263:10330,ETH,biwi_eth:263,10330,tril,1.865432381629944,5.240857124328613,0.7:5.76;1.57:6.1;2.59:6.4;3.57:6.63;4.4:6.8;5.28:6.87;6.13:6.89;7.08:6.94,8:6.96;8.88:7;9.65:6.89;10.44:6.9;10.99:6.91;11.63:6.74;12.08:6.58;12.35:6.53;12.41:6.46;12.31:6.34;12.46:6.12;12.62:6.08,8.016422:6.960807;8.952223:6.948837;9.903385:6.932146;10.80427:6.992902;11.76337:6.918041;12.61437:6.910491;13.44145:6.894965;14.37723:7.008849;15.14414:7.094675;16.05077:6.914133;16.95316:6.91131;17.79745:6.892785,sigma3_eth_seed42,3
ETH:biwi_eth:263:10340,ETH,biwi_eth:263,10340,tril,2.805011987686157,6.891412258148193,1.57:6.1;2.59:6.4;3.57:6.63;4.4:6.8;5.28:6.87;6.13:6.89;7.08:6.94;8:6.96,8.88:7;9.65:6.89;10.44:6.9;10.99:6.91;11.63:6.74;12.08:6.58;12.35:6.53;12.41:6.46;12.31:6.34;12.46:6.12;12.62:6.08;12.62:5.96,8.994916:6.990664;10.00044:6.978549;11.01454:6.963674;11.97406:7.036167;12.9996:6.961019;13.90904:6.954038;14.79506:6.942152;15.79333:7.065032;16.6102:7.162953;17.57475:6.971593;18.54005:6.977122;19.43864:6.958824,sigma3_eth_seed42,3
ETH:biwi_eth:264:10300,ETH,biwi_eth:264,10300,tril,2.120077848434448,3.1463277339935303,-2.16:5.98;-1.26:5.98;-0.39:6.18;0.55:6.44;1.42:6.73;2.39:7.07;3.33:7.35;4.17:7.58,5.43:7.58;6.26:7.64;7.21:7.67;8.11:7.48;9:7.54;9.85:7.64;10.65:7.69;11.28:7.62;11.76:7.52;12.35:7.3;12.7:7.19;12.66:7.01,4.847873:7.852251;5.508663:8.038795;6.233037:8.287559;6.899387:8.554099;7.593589:8.682981;8.20345:8.959049;8.635124:9.076115;9.362432:9.458126;9.87672:9.680044;10.49183:9.709139;11.04779:9.807089;11.66181:9.993788,sigma3_eth_seed42,3
ETH:biwi_eth:264:10310,ETH,biwi_eth:264,10310,tril,2.43881893157959,6.161708354949951,-1.26:5.98;-0.39:6.18;0.55:6.44;1.42:6.73;2.39:7.07;3.33:7.35;4.17:7.58;5.43:7.58,6.26:7.64;7.21:7.67;8.11:7.48;9:7.54;9.85:7.64;10.65:7.69;11.28:7.62;11.76:7.52;12.35:7.3;12.7:7.19;12.66:7.01;12.63:6.88,6.565512:7.621089;7.775488:7.559506;8.97046:7.519709;10.09441:7.602542;11.30263:7.498109;12.36602:7.488308;13.36208:7.446441;14.5543:7.619056;15.5103:7.723576;16.59974:7.480239;17.73298:7.454875;18.76935:7.404435,sigma3_eth_seed42,3
ETH:biwi_eth:264:10320,ETH,biwi_eth:264,10320,tril,0.7555549144744873,2.335928201675415,-0.39:6.18;0.55:6.44;1.42:6.73;2.39:7.07;3.33:7.35;4.17:7.58;5.43:7.58;6.26:7.64,7.21:7.67;8.11:7.48;9:7.54;9.85:7.64;10.65:7.69;11.28:7.62;11.76:7.52;12.35:7.3;12.7:7.19;12.66:7.01;12.63:6.88;12.77:6.78,7.028789:7.659283;7.790992:7.627432;8.605742:7.625706;9.349827:7.674603;10.13119:7.60273;10.82669:7.625666;11.40729:7.586598;12.22108:7.758185;12.83223:7.790145;13.5366:7.646647;14.27122:7.570712;14.97501:7.551029,sigma3_eth_seed42,3
ETH:biwi_eth:264:10330,ETH,biwi_eth:264,10330,tril,1.535223364830017,4.674933910369873,0.55:6.44;1.42:6.73;2.39:7.07;3.33:7.35;4.17:7.58;5.43:7.58;6.26:7.64;7.21:7.67,8.11:7.48;9:7.54;9.85:7.64;10.65:7.69;11.28:7.62;11.76:7.52;12.35:7.3;12.7:7.19;12.66:7.01;12.63:6.88;12.77:6.78;12.83:6.65,8.105011:7.629563;9.004117:7.55586;9.924932:7.481602;10.78957:7.484403;11.70645:7.361103;12.52049:7.305177;13.29515:7.240917;14.2062:7.324643;14.94407:7.348969;15.79913:7.138094;16.68035:7.068072;17.49195:6.998111,sigma3_eth_seed42,3
ETH:biwi_eth:264:10340,ETH,biwi_eth:264,10340,tril,2.4740874767303467,5.899074077606201,1.42:6.73;2.39:7.07;3.33:7.35;4.17:7.58;5.43:7.58;6.26:7.64;7.21:7.67;8.11:7.48,9:7.54;9.85:7.64;10.65:7.69;11.28:7.62;11.76:7.52;12.35:7.3;12.7:7.19;12.66:7.01;12.63:6.88;12.77:6.78;12.83:6.65;12.82:6.46,9.006575:7.251091;9.921372:6.987063;10.88179:6.728936;11.74416:6.568795;12.65875:6.284719;13.47672:6.062779;14.20107:5.858429;15.1663:5.858764;15.89734:5.700981;16.71084:5.36626;17.66593:5.092726;18.49607:4.853346,sigma3_eth_seed42,3
ETH:biwi_eth:265:10300,ETH,biwi_eth:265,10300,tril,0.838620662689209,2.368345022201538,-2.07:1.9;-1.21:1.87;-0.13:1.95;0.94:2.13;2:2.21;3:2.25;4.02:2.4;4.97:2.58,5.81:2.62;6.44:2.8;7.33:3.04;8.05:3.16;8.97:3.33;9.66:3.38;10.46:3.73;11.08:4.01;11.57:4.16;11.96:4.27;12.18:4.41;12.59:4.53,5.842145:2.763119;6.721475:2.880418;7.61978:3.020955;8.469738:3.218376;9.371338:3.272812;10.17488:3.424183;10.901:3.505108;11.78788:3.751911;12.49658:3.946397;13.33338:3.883968;14.12736:3.984281;14.9172:4.090457,sigma3_eth_seed42,3
ETH:biwi_eth:265:10310,ETH,biwi_eth:265,10310,tril,1.0487972497940063,2.3444488048553467,-1.21:1.87;-0.13:1.95;0.94:2.13;2:2.21;3:2.25;4.02:2.4;4.97:2.58;5.81:2.62,6.44:2.8;7.33:3.04;8.05:3.16;8.97:3.33;9.66:3.38;10.46:3.73;11.08:4.01;11.57:4.16;11.96:4.27;12.18:4.41;12.59:4.53;12.95:4.77,6.569321:2.679434;7.324917:2.704335;8.103531:2.737332;8.84206:2.816807;9.615852:2.793351;10.31429:2.841437;10.96001:2.848714;11.72758:2.983329;12.36084:3.070363;13.08691:2.970067;13.79822:2.981971;14.48934:3.0017,sigma3_eth_seed42,3
ETH:biwi_eth:267:10300,ETH,biwi_eth:267,10300,tril,1.068272829055786,2.902174949645996,-2:3.25;-1.08:3.39;-0.2:3.41;0.67:3.39;1.68:3.38;2.48:3.53;3.43:3.69;4.47:3.96,5.4:4.14;6.25:4.27;7.21:4.39;8.14:4.51;9.01:4.57;9.79:4.61;10.54:4.67;11.15:4.86;11.63:4.91;11.99:5.02;12.13:5;12.29:5.12,5.364507:4.270609;6.323438:4.436782;7.291943:4.673981;8.200119:4.976832;9.163992:5.100325;10.01343:5.37798;10.68774:5.495857;11.66434:5.900689;12.40479:6.173414;13.24106:6.158932;14.04274:6.290719;14.86349:6.461563,sigma3_eth_seed42,3
ETH:biwi_eth:267:10310,ETH,biwi_eth:267,10310,tril,0.843708336353302,2.240671873092652,-1.08:3.39;-0.2:3.41;0.67:3.39;1.68:3.38;2.48:3.53;3.43:3.69;4.47:3.96;5.4:4.14,6.25:4.27;7.21:4.39;8.14:4.51;9.01:4.57;9.79:4.61;10.54:4.67;11.15:4.86;11.63:4.91;11.99:5.02;12.13:5;12.29:5.12;12.58:5.28,6.214231:4.376917;7.040087:4.527542;7.894995:4.719361;8.698994:4.960264;9.547697:5.051331;10.2977:5.269588;10.91891:5.369724;11.77254:5.691616;12.42715:5.915744;13.19402:5.889488;13.91094:5.997637;14.64879:6.140654,sigma3_eth_seed42,3
ETH:biwi_eth:267:10320,ETH,biwi_eth:267,10320,tril,0.7257261276245117,2.228309154510498,-0.2:3.41;0.67:3.39;1.68:3.38;2.48:3.53;3.43:3.69;4.47:3.96;5.4:4.14;6.25:4.27,7.21:4.39;8.14:4.51;9.01:4.57;9.79:4.61;10.54:4.67;11.15:4.86;11.63:4.91;11.99:5.02;12.13:5;12.29:5.12;12.58:5.28;12.83:5.54,7.029955:4.393046;7.792757:4.477467;8.587444:4.574804;9.341218:4.715462;10.13378:4.736608;10.83926:4.846807;11.47962:4.895541;12.26275:5.093706;12.89195:5.238092;13.63898:5.164247;14.34273:5.221357;15.04489:5.295824,sigma3_eth_seed42,3
ETH:biwi_eth:267:10330,ETH,biwi_eth:267,10330,tril,1.8436452150344849,4.982095718383789,0.67:3.39;1.68:3.38;2.48:3.53;3.43:3.69;4.47:3.96;5.4:4.14;6.25:4.27;7.21:4.39,8.14:4.51;9.01:4.57;9.79:4.61;10.54:4.67;11.15:4.86;11.63:4.91;11.99:5.02;12.13:5;12.29:5.12;12.58:5.28;12.83:5.54;12.9:5.6,8.142565:4.500625;9.072697:4.573169;10.01256:4.646726;10.90774:4.784902;11.86159:4.789787;12.71752:4.856017;13.55841:4.908669;14.47482:5.062041;15.23864:5.214972;16.15034:5.105237;17.02697:5.188897;17.86958:5.247099,sigma3_eth_seed42,3
ETH:biwi_eth:267:10340,ETH,biwi_eth:267,10340,tril,2.156433343887329,5.483089923858643,1.68:3.38;2.48:3.53;3.43:3.69;4.47:3.96;5.4:4.14;6.25:4.27;7.21:4.39;8.14:4.51,9.01:4.57;9.79:4.61;10.54:4.67;11.15:4.86;11.63:4.91;11.99:5.02;12.13:5;12.29:5.12;12.58:5.28;12.83:5.54;12.9:5.6;12.9:5.6,9.039515:4.623463;9.933534:4.694223;10.84606:4.772214;11.71235:4.911689;12.63303:4.915413;13.45282:4.995874;14.23415:5.04209;15.12903:5.220516;15.85931:5.371302;16.73132:5.262736;17.56823:5.329959;18.37906:5.38989,sigma3_eth_seed42,3
ETH:biwi_eth:268:10300,ETH,biwi_eth:268,10300,tril,0.6983506679534912,1.9580308198928835,-1.38:3.89;-0.79:4;0.37:4.03;1.07:4.02;1.94:3.85;2.71:4.04;3.56:4.44;4.55:4.63,5.47:4.76;6.29:4.86;7.24:5.01;8.2:5.14;9.08:5.09;9.96:5.09;10.72:5.11;11.32:5.29;11.8:5.3;12.19:5.4;12.46:5.57;12.93:5.83,5.445319:4.83656;6.364398:4.958019;7.296994:5.113246;8.178311:5.33012;9.114423:5.39432;9.946644:5.565562;10.68518:5.650894;11.60972:5.926393;12.34335:6.135945;13.19956:6.076749;14.01754:6.182676;14.83129:6.29795,sigma3_eth_seed42,3
ETH:biwi_eth:268:10310,ETH,biwi_eth:268,10310,tril,0.7155240178108215,1.4168248176574707,-0.79:4;0.37:4.03;1.07:4.02;1.94:3.85;2.71:4.04;3.56:4.44;4.55:4.63;5.47:4.76,6.29:4.86;7.24:5.01;8.2:5.14;9.08:5.09;9.96:5.09;10.72:5.11;11.32:5.29;11.8:5.3;12.19:5.4;12.46:5.57;12.93:5.83;13.41:6.07,6.288946:4.969521;7.111438:5.104809;7.963645:5.273806;8.766782:5.491807;9.614908:5.564921;10.36467:5.755477;11.00416:5.843951;11.85169:6.135991;12.50891:6.343087;13.28477:6.301653;14.01118:6.399354;14.75131:6.526381,sigma3_eth_seed42,3
ETH:biwi_eth:2:800,ETH,biwi_eth:2,800,tril,1.5380357503890991,1.9657955169677732,13.64:5.8;12.09:5.75;11.37:5.8;10.31:5.97;9.57:6.24;8.73:6.34;7.94:6.5;7.17:6.62,6.47:6.68;5.86:6.82;5.24:6.98;4.87:7.16;4.51:7.58;4.2:7.3;3.95:7.71;3.47:7.86;2.82:8;2.01:8;1.28:7.82;0.54:7.4,6.39569:6.642257;5.613253:6.701555;4.86844:6.708052;4.100322:6.761416;3.345878:6.791605;2.631474:6.837554;1.865219:6.912142;1.208417:6.976923;0.4981537:7.026412;-0.1782141:7.062053;-0.8068151:7.103018;-1.405475:7.118077,sigma3_eth_seed42,3
ETH:biwi_eth:2:810,ETH,biwi_eth:2,810,tril,1.136254906654358,0.7425294518470764,12.09:5.75;11.37:5.8;10.31:5.97;9.57:6.24;8.73:6.34;7.94:6.5;7.17:6.62;6.47:6.68,5.86:6.82;5.24:6.98;4.87:7.16;4.51:7.58;4.2:7.3;3.95:7.71;3.47:7.86;2.82:8;2.01:8;1.28:7.82;0.54:7.4;-0.18:7.06,5.801477:6.683113;5.12581:6.712809;4.482194:6.710027;3.825457:6.737526;3.179812:6.746675;2.565611:6.777888;1.911103:6.81778;1.33962:6.855861;0.7312322:6.883111;0.1570382:6.902425;-0.39785:6.928259;-0.9133725:6.943747,sigma3_eth_seed42,3
ETH:biwi_eth:2:820,ETH,biwi_eth:2,820,tril,0.6899190545082092,1.5302131175994873,11.37:5.8;10.31:5.97;9.57:6.24;8.73:6.34;7.94:6.5;7.17:6.62;6.47:6.68;5.86:6.82,5.24:6.98;4.87:7.16;4.51:7.58;4.2:7.3;3.95:7.71;3.47:7.86;2.82:8;2.01:8;1.28:7.82;0.54:7.4;-0.18:7.06;-0.83:6.43,5.292866:6.907597;4.712344:7.028583;4.15763:7.105425;3.59651:7.195526;3.034915:7.295398;2.498994:7.368407;1.9854:7.49234;1.478666:7.579288;0.9868512:7.658453;0.495069:7.757874;0.0600605:7.830873;-0.3860383:7.894394,sigma3_eth_seed42,3
ETH:biwi_eth:2:830,ETH,biwi_eth:2,830,tril,0.9964419007301332,2.443462610244751,10.31:5.97;9.57:6.24;8.73:6.34;7.94:6.5;7.17:6.62;6.47:6.68;5.86:6.82;5.24:6.98,4.87:7.16;4.51:7.58;4.2:7.3;3.95:7.71;3.47:7.86;2.82:8;2.01:8;1.28:7.82;0.54:7.4;-0.18:7.06;-0.83:6.43;-1.52:6.05,4.674019:7.103631;4.085179:7.265678;3.525934:7.381336;2.964638:7.499331;2.396437:7.638059;1.856341:7.739841;1.354801:7.897223;0.8394299:8.007732;0.3582306:8.111052;-0.1305594:8.24789;-0.5617867:8.346821;-1.007785:8.439173,sigma3_eth_seed42,3
ETH:biwi_eth:303:10690,ETH,biwi_eth:303,10690,tril,0.7594542503356934,1.4075846672058103,12.9:6.16;12.31:6.32;11.61:6.67;10.95:7.1;10.28:7.37;9.63:7.55;8.91:7.66;8.16:7.78,7.39:7.94;6.61:8.11;5.81:8.31;5.08:8.41;4.24:8.45;3.38:8.52;2.46:8.62;1.56:8.66;0.76:8.61;-0.06:8.59;-0.74:8.44;-1.45:8.46,7.415205:7.819167;6.667496:7.886795;5.950346:7.910568;5.215982:7.974051;4.496142:8.017241;3.808551:8.070013;3.089425:8.151062;2.452345:8.22018;1.776999:8.279593;1.134252:8.324087;0.5335164:8.377612;-0.04333401:8.409155,sigma3_eth_seed42,3
ETH:biwi_eth:316:10850,ETH,biwi_eth:316,10850,tril,0.5683042407035828,1.0806220769882202,-1.87:6.4;-1.33:6.37;-0.74:6.32;-0.14:6.18;0.48:6.05;1.15:5.98;1.81:5.91;2.48:5.94,3.2:5.92;3.95:5.89;4.62:5.82;5.23:5.78;5.91:5.72;6.57:5.71;7.23:5.67;7.94:5.67;8.64:5.72;9.37:5.77;10.17:5.77;10.86:5.73,3.122132:5.98211;3.75733:6.022202;4.39321:6.051202;5.016089:6.100251;5.657945:6.104848;6.272315:6.124272;6.906952:6.150585;7.515553:6.173851;8.093845:6.237703;8.729963:6.199461;9.336601:6.257333;9.931276:6.282465,sigma3_eth_seed42,3
ETH:biwi_eth:316:10860,ETH,biwi_eth:316,10860,tril,0.1197957620024681,0.198605328798294,-1.33:6.37;-0.74:6.32;-0.14:6.18;0.48:6.05;1.15:5.98;1.81:5.91;2.48:5.94;3.2:5.92,3.95:5.89;4.62:5.82;5.23:5.78;5.91:5.72;6.57:5.71;7.23:5.67;7.94:5.67;8.64:5.72;9.37:5.77;10.17:5.77;10.86:5.73;11.59:5.73,3.897243:5.90766;4.59926:5.900236;5.287583:5.869867;5.962692:5.872486;6.663315:5.834528;7.337159:5.788763;8.063528:5.786031;8.720123:5.744451;9.359259:5.772686;10.05619:5.694342;10.74418:5.730218;11.39267:5.707508,sigma3_eth_seed42,3
ETH:biwi_eth:316:10870,ETH,biwi_eth:316,10870,tril,0.3504782617092132,0.4058737158775329,-0.74:6.32;-0.14:6.18;0.48:6.05;1.15:5.98;1.81:5.91;2.48:5.94;3.2:5.92;3.95:5.89,4.62:5.82;5.23:5.78;5.91:5.72;6.57:5.71;7.23:5.67;7.94:5.67;8.64:5.72;9.37:5.77;10.17:5.77;10.86:5.73;11.59:5.73;12.25:5.63,4.690425:5.866188;5.438402:5.845991;6.171223:5.800446;6.886644:5.796799;7.633235:5.743644;8.345323:5.683114;9.111867:5.672242;9.813165:5.627388;10.48496:5.652391;11.22366:5.552459;11.95995:5.579885;12.64668:5.544124,sigma3_eth_seed42,3
ETH:biwi_eth:316:10880,ETH,biwi_eth:316,10880,tril,0.3921362161636352,0.8299302458763123,-0.14:6.18;0.48:6.05;1.15:5.98;1.81:5.91;2.48:5.94;3.2:5.92;3.95:5.89;4.62:5.82,5.23:5.78;5.91:5.72;6.57:5.71;7.23:5.67;7.94:5.67;8.64:5.72;9.37:5.77;10.17:5.77;10.86:5.73;11.59:5.73;12.25:5.63;12.92:5.65,5.26848:5.760982;5.926719:5.706038;6.577261:5.628156;7.211349:5.58702;7.864182:5.509519;8.492649:5.435201;9.146425:5.392482;9.775579:5.340188;10.37822:5.325307;11.01485:5.221251;11.66529:5.198902;12.27155:5.132029,sigma3_eth_seed42,3
ETH:biwi_eth:320:11210,ETH,biwi_eth:320,11210,tril,1.6837431192398071,3.107844114303589,12:4.35;11.3:4.09;10.61:3.98;10:3.72;9.23:3.66;8.56:3.47;7.98:3.27;7.52:3.12,6.71:3.02;5.99:2.77;5.27:2.69;4.56:2.55;3.99:2.18;3.28:2.03;2.48:1.94;1.82:1.93;1.16:1.97;0.52:1.64;0.11:1.36;-0.69:0.69,7.068342:2.956812;6.594345:2.857344;6.160304:2.698735;5.68616:2.585726;5.208143:2.460313;4.825485:2.373831;4.299034:2.29214;3.921744:2.167793;3.443523:2.058928;3.003127:1.987292;2.561976:1.904699;2.217367:1.788141,sigma3_eth_seed42,3
ETH:biwi_eth:320:11220,ETH,biwi_eth:320,11220,tril,1.0374810695648191,2.2892210483551025,11.3:4.09;10.61:3.98;10:3.72;9.23:3.66;8.56:3.47;7.98:3.27;7.52:3.12;6.71:3.02,5.99:2.77;5.27:2.69;4.56:2.55;3.99:2.18;3.28:2.03;2.48:1.94;1.82:1.93;1.16:1.97;0.52:1.64;0.11:1.36;-0.69:0.69;-1.29:0.44,5.907614:2.922662;5.072541:2.873359;4.292953:2.787917;3.489117:2.742324;2.696857:2.659599;1.969098:2.64952;1.119106:2.60621;0.4342074:2.570787;-0.3517313:2.536853;-1.049678:2.485377;-1.791344:2.468208;-2.409856:2.436611,sigma3_eth_seed42,3
ETH:biwi_eth:327:11280,ETH,biwi_eth:327,11280,tril,1.6725834608078003,2.995743989944458,-2.8:1.84;-1.78:2.39;-1.07:2.78;-0.26:2.95;0.54:3.13;1.32:3.32;2.04:3.54;2.79:3.76,3.61:4.08;4.62:4.44;5.55:4.7;6.49:4.88;7.4:5.01;8.32:4.92;9.26:4.99;10.12:5.15;11:5.36;11.81:5.55;12.64:5.61;13.39:5.69,3.480442:3.994698;4.142702:4.171758;4.860997:4.383708;5.530452:4.621537;6.228984:4.729414;6.84691:4.966589;7.323326:5.078413;8.040768:5.40401;8.569372:5.616944;9.207998:5.626089;9.780378:5.72885;10.40093:5.889885,sigma3_eth_seed42,3
ETH:biwi_eth:328:11280,ETH,biwi_eth:328,11280,tril,1.505334973335266,2.815218448638916,-3.58:0.19;-2.85:0.85;-1.78:1.47;-0.96:1.92;-0.3:2.33;0.25:2.67;1.01:3.01;1.81:3.28,2.69:3.53;3.54:3.85;4.41:4.13;5.31:4.4;6.26:4.56;7.22:4.63;8.01:4.71;8.82:4.55;9.71:4.68;10.49:4.96;11.34:5.08;12.08:5.33,2.496766:3.632403;3.185222:3.874091;3.923258:4.191868;4.612777:4.523993;5.331393:4.710749;5.960319:5.057809;6.404744:5.216661;7.146132:5.654483;7.681561:5.940277;8.313019:6.013375;8.860313:6.17165;9.482803:6.416289,sigma3_eth_seed42,3
ETH:biwi_eth:328:11290,ETH,biwi_eth:328,11290,tril,1.0282899141311646,1.799477458000183,-2.85:0.85;-1.78:1.47;-0.96:1.92;-0.3:2.33;0.25:2.67;1.01:3.01;1.81:3.28;2.69:3.53,3.54:3.85;4.41:4.13;5.31:4.4;6.26:4.56;7.22:4.63;8.01:4.71;8.82:4.55;9.71:4.68;10.49:4.96;11.34:5.08;12.08:5.33;12.76:5.36,3.434186:3.809564;4.184618:3.995204;4.976293:4.232108;5.716339:4.507675;6.49259:4.633188;7.175017:4.907562;7.689215:5.028543;8.486986:5.406007;9.074644:5.653345;9.762297:5.664975;10.38966:5.783252;11.0634:5.959734,sigma3_eth_seed42,3
ETH:biwi_eth:328:11300,ETH,biwi_eth:328,11300,tril,1.4395533800125122,2.477905035018921,-1.78:1.47;-0.96:1.92;-0.3:2.33;0.25:2.67;1.01:3.01;1.81:3.28;2.69:3.53;3.54:3.85,4.41:4.13;5.31:4.4;6.26:4.56;7.22:4.63;8.01:4.71;8.82:4.55;9.71:4.68;10.49:4.96;11.34:5.08;12.08:5.33;12.76:5.36;13.71:5.9,4.241733:4.184455;4.949431:4.409911;5.704942:4.705137;6.408973:5.024017;7.144107:5.193599;7.788393:5.524601;8.242691:5.672588;9.004929:6.101607;9.553638:6.377685;10.19614:6.433337;10.76492:6.577102;11.40161:6.800745,sigma3_eth_seed42,3
ETH:biwi_eth:329:11280,ETH,biwi_eth:329,11280,tril,1.3813953399658203,2.7540974617004395,-2.76:-0.13;-2.04:0.53;-1.18:1.02;-0.36:1.48;0.34:1.92;0.84:2.35;1.59:2.64;2.39:2.91,3.18:3.17;4.04:3.44;4.89:3.69;5.78:3.96;6.76:4.08;7.76:4.15;8.61:4.16;9.5:4.18;10.38:4.34;11.21:4.74;12.09:4.9;12.91:5.06,3.096266:3.262203;3.812903:3.496944;4.575247:3.808959;5.287363:4.141493;6.031108:4.323094;6.681376:4.66866;7.141452:4.823351;7.909421:5.266145;8.464492:5.553348;9.113439:5.618023;9.683887:5.772311;10.32514:6.01054,sigma3_eth_seed42,3
ETH:biwi_eth:329:11290,ETH,biwi_eth:329,11290,tril,1.8392869234085083,3.5650768280029297,-2.04:0.53;-1.18:1.02;-0.36:1.48;0.34:1.92;0.84:2.35;1.59:2.64;2.39:2.91;3.18:3.17,4.04:3.44;4.89:3.69;5.78:3.96;6.76:4.08;7.76:4.15;8.61:4.16;9.5:4.18;10.38:4.34;11.21:4.74;12.09:4.9;12.91:5.06;13.89:5.4,3.832749:3.46446;4.462755:3.679235;5.155509:3.951339;5.796303:4.236786;6.46185:4.389005;7.048476:4.688222;7.460059:4.825898;8.155099:5.214932;8.648906:5.457632;9.242926:5.510046;9.762887:5.633959;10.35235:5.841336,sigma3_eth_seed42,3
ETH:biwi_eth:331:11310,ETH,biwi_eth:331,11310,tril,0.7755253314971924,1.156614065170288,-4.43:4.56;-3.49:4.94;-2.7:5.35;-1.67:5.66;-0.58:5.9;0.4:6.2;1.43:6.46;2.43:6.6,3.44:6.69;4.51:6.79;5.55:6.89;6.78:7.03;7.9:7.09;8.95:7.02;10.1:7.14;10.98:7.3;11.98:7.51;12.7:7.65;13.21:7.29;13.4:6.59,3.370298:6.761106;4.349402:6.825324;5.341006:6.925939;6.272749:7.105447;7.264704:7.117887;8.137512:7.24951;8.898593:7.290713;9.890202:7.562044;10.66291:7.739007;11.55426:7.62496;12.43442:7.675374;13.28944:7.741318,sigma3_eth_seed42,3
ETH:biwi_eth:342:11840,ETH,biwi_eth:342,11840,tril,1.8898100852966309,4.7761993408203125,10.64:4.9;9.73:4.76;8.75:4.6;7.84:4.56;6.88:4.5;5.99:4.48;5.08:4.47;4.17:4.43,3.31:4.36;2.48:4.12;1.68:3.86;0.82:3.51;0.03:3.29;-0.92:2.98;-1.7:2.72;-2.29:2.29;-2.96:1.67;-3.47:1.06;-3.96:0.4;-4.35:-0.27,3.310255:4.394127;2.438137:4.379452;1.617078:4.343944;0.7756972:4.352908;-0.0445776:4.30992;-0.8243399:4.352024;-1.722857:4.343658;-2.434186:4.383288;-3.243243:4.398714;-3.97419:4.370996;-4.735754:4.385088;-5.387886:4.392067,sigma3_eth_seed42,3
ETH:biwi_eth:342:11850,ETH,biwi_eth:342,11850,tril,2.1517117023468018,5.210083961486816,9.73:4.76;8.75:4.6;7.84:4.56;6.88:4.5;5.99:4.48;5.08:4.47;4.17:4.43;3.31:4.36,2.48:4.12;1.68:3.86;0.82:3.51;0.03:3.29;-0.92:2.98;-1.7:2.72;-2.29:2.29;-2.96:1.67;-3.47:1.06;-3.96:0.4;-4.35:-0.27;-4.74:-1.01,2.509085:4.302475;1.688377:4.274843;0.9201281:4.222624;0.1308477:4.20929;-0.6440716:4.153523;-1.369623:4.176887;-2.215364:4.154101;-2.883805:4.166764;-3.646583:4.16024;-4.33579:4.127639;-5.058141:4.124919;-5.66858:4.116667,sigma3_eth_seed42,3
ETH:biwi_eth:348:11880,ETH,biwi_eth:348,11880,tril,1.7202448844909668,2.52347183227539,13.41:5.46;12.4:5.01;11.32:4.73;10.24:4.56;9.14:4.44;8.1:4.53;6.97:4.6;5.71:4.73,4.6:4.55;3.53:4.29;2.45:4.18;1.36:4.01;0.34:3.98;-0.62:4.02;-1.56:4;-2.39:3.96;-3.25:4.09;-4.23:4.24;-5.09:4.43;-5.9:4.54,4.483981:4.842347;3.260465:5.00624;2.076439:5.071782;0.8528509:5.235769;-0.3289537:5.34713;-1.469414:5.452306;-2.642855:5.65054;-3.683151:5.806162;-4.806311:5.964517;-5.861323:6.04771;-6.808554:6.189631;-7.757298:6.24832,sigma3_eth_seed42,3
ETH:biwi_eth:348:11890,ETH,biwi_eth:348,11890,tril,0.2958954274654388,0.383515328168869,12.4:5.01;11.32:4.73;10.24:4.56;9.14:4.44;8.1:4.53;6.97:4.6;5.71:4.73;4.6:4.55,3.53:4.29;2.45:4.18;1.36:4.01;0.34:3.98;-0.62:4.02;-1.56:4;-2.39:3.96;-3.25:4.09;-4.23:4.24;-5.09:4.43;-5.9:4.54;-6.7:4.64,3.585779:4.474673;2.534961:4.450734;1.550108:4.384528;0.5387745:4.371787;-0.4504404:4.304376;-1.374164:4.327435;-2.433741:4.31021;-3.292661:4.310387;-4.270508:4.311862;-5.135755:4.268119;-6.051583:4.286324;-6.826:4.277773,sigma3_eth_seed42,3
ETH:biwi_eth:350:11930,ETH,biwi_eth:350,11930,tril,0.73130202293396,1.128649353981018,-4.99:5.19;-3.91:5.18;-3.05:5.23;-2.12:5.27;-0.94:5.31;-0.26:5.57;0.83:5.71;1.83:5.83,2.72:5.93;3.64:5.81;4.59:5.82;5.52:5.83;6.35:5.9;7.15:5.91;7.98:5.94;9:5.99;9.65:5.87;10.52:5.88;11.4:5.93;12.25:6.07,2.787391:5.983253;3.76437:6.073867;4.743298:6.177797;5.673332:6.352212;6.665739:6.381609;7.557103:6.484401;8.409178:6.553854;9.369089:6.749377;10.16104:6.930467;11.09185:6.836987;11.99219:6.939769;12.86244:7.018033,sigma3_eth_seed42,3
ETH:biwi_eth:350:11940,ETH,biwi_eth:350,11940,tril,1.7386339902877808,2.8032186031341557,-3.91:5.18;-3.05:5.23;-2.12:5.27;-0.94:5.31;-0.26:5.57;0.83:5.71;1.83:5.83;2.72:5.93,3.64:5.81;4.59:5.82;5.52:5.83;6.35:5.9;7.15:5.91;7.98:5.94;9:5.99;9.65:5.87;10.52:5.88;11.4:5.93;12.25:6.07;13.32:6.12,3.843357:6.100119;5.044345:6.160173;6.213327:6.25055;7.325258:6.440437;8.520865:6.456627;9.593114:6.545933;10.63041:6.604754;11.78034:6.811554;12.73968:7.009736;13.83744:6.878577;14.93263:6.989663;15.96366:7.052244,sigma3_eth_seed42,3
ETH:biwi_eth:353:11940,ETH,biwi_eth:353,11940,tril,1.919648289680481,3.420674085617065,-4.79:-0.26;-4.04:0.44;-3.12:1.03;-2.13:1.65;-1.07:2.05;-0.1:2.48;0.91:2.96;1.95:3.38,3:3.81;4.06:4.17;5.1:4.49;6.13:4.67;7.13:4.83;8.06:4.98;8.9:4.98;9.63:4.87;10.3:4.84;11.03:4.88;11.76:5.1;12.65:5.34,2.714312:3.936347;3.544373:4.285276;4.390443:4.779486;5.201394:5.274825;6.052128:5.592935;6.78156:6.11108;7.305609:6.350936;8.153261:6.953542;8.789107:7.384133;9.516223:7.546776;10.11131:7.831295;10.81165:8.224699,sigma3_eth_seed42,3
ETH:biwi_eth:353:11950,ETH,biwi_eth:353,11950,tril,1.7767701148986816,3.032363176345825,-4.04:0.44;-3.12:1.03;-2.13:1.65;-1.07:2.05;-0.1:2.48;0.91:2.96;1.95:3.38;3:3.81,4.06:4.17;5.1:4.49;6.13:4.67;7.13:4.83;8.06:4.98;8.9:4.98;9.63:4.87;10.3:4.84;11.03:4.88;11.76:5.1;12.65:5.34;13.45:5.53,3.790169:4.33149;4.653767:4.647084;5.530058:5.100477;6.36653:5.567455;7.245182:5.853719;8.000433:6.338573;8.545421:6.555197;9.426319:7.137644;10.08595:7.544463;10.8312:7.676742;11.46401:7.930825;12.18721:8.286917,sigma3_eth_seed42,3
ETH:biwi_eth:355:11970,ETH,biwi_eth:355,11970,tril,1.2671501636505127,1.5289230346679688,-2.4:10.55;-1.66:9.9;-0.84:9.56;-0.19:8.92;0.51:8.54;1.38:8.29;2.2:8.09;3.05:7.92,3.91:7.72;4.69:7.34;5.45:6.89;6.25:6.46;7.12:6.14;7.94:5.86;8.73:5.65;9.62:5.47;10.53:5.22;11.4:5.15;12.25:5.14;13.06:5.24,3.893415:7.824339;4.763869:7.723022;5.617946:7.588684;6.43544:7.532557;7.297529:7.398506;8.103569:7.27071;8.936546:7.201624;9.771222:7.144452;10.52313:7.125105;11.34634:6.934791;12.21372:6.885298;12.99482:6.767533,sigma3_eth_seed42,3
ETH:biwi_eth:355:11980,ETH,biwi_eth:355,11980,tril,1.151206612586975,0.9754570126533508,-1.66:9.9;-0.84:9.56;-0.19:8.92;0.51:8.54;1.38:8.29;2.2:8.09;3.05:7.92;3.91:7.72,4.69:7.34;5.45:6.89;6.25:6.46;7.12:6.14;7.94:5.86;8.73:5.65;9.62:5.47;10.53:5.22;11.4:5.15;12.25:5.14;13.06:5.24;13.32:5.62,4.758922:7.603736;5.639541:7.4846;6.500032:7.327574;7.323028:7.2535;8.191215:7.104144;9.00653:6.955038;9.852616:6.874735;10.69422:6.796525;11.45623:6.761678;12.28417:6.559715;13.16654:6.498133;13.95493:6.360528,sigma3_eth_seed42,3
ETH:biwi_eth:357:12020,ETH,biwi_eth:357,12020,tril,1.337006449699402,2.563045024871826,-6.4:6.26;-5.94:6.35;-5.34:6.43;-4.84:6.53;-4.35:6.61;-3.81:6.69;-3.37:6.74;-3.06:6.74,-2.43:6.86;-2.24:6.96;-1.85:6.97;-1.44:6.92;-0.9:6.89;-0.52:6.83;-0.08:6.77;0.39:6.71;0.84:6.69;1.33:6.6;1.79:6.61;2.25:6.52,-2.820734:6.729902;-2.604504:6.710092;-2.333092:6.728665;-2.092078:6.702169;-1.880911:6.698485;-1.633962:6.719989;-1.472202:6.687877;-1.212455:6.721814;-0.9744413:6.645289;-0.7840526:6.685442;-0.5630372:6.6068;-0.3115635:6.607136,sigma3_eth_seed42,3
ETH:biwi_eth:357:12030,ETH,biwi_eth:357,12030,tril,1.492589831352234,2.3719518184661865,-5.94:6.35;-5.34:6.43;-4.84:6.53;-4.35:6.61;-3.81:6.69;-3.37:6.74;-3.06:6.74;-2.43:6.86,-2.24:6.96;-1.85:6.97;-1.44:6.92;-0.9:6.89;-0.52:6.83;-0.08:6.77;0.39:6.71;0.84:6.69;1.33:6.6;1.79:6.61;2.25:6.52;2.72:6.51,-1.796606:6.958715;-1.183776:7.038773;-0.5460359:7.124994;0.06912971:7.229043;0.7031012:7.261509;1.288519:7.354086;1.835747:7.399859;2.45697:7.529104;2.994426:7.636606;3.606248:7.609904;4.171803:7.669559;4.749238:7.738149,sigma3_eth_seed42,3
ETH:biwi_eth:357:12040,ETH,biwi_eth:357,12040,tril,2.3703792095184326,4.553650379180908,-5.34:6.43;-4.84:6.53;-4.35:6.61;-3.81:6.69;-3.37:6.74;-3.06:6.74;-2.43:6.86;-2.24:6.96,-1.85:6.97;-1.44:6.92;-0.9:6.89;-0.52:6.83;-0.08:6.77;0.39:6.71;0.84:6.69;1.33:6.6;1.79:6.61;2.25:6.52;2.72:6.51;3.19:6.42,-2.137558:7.048589;-2.026991:7.129895;-1.901156:7.205909;-1.795335:7.26359;-1.725989:7.349989;-1.607886:7.433488;-1.567552:7.494047;-1.455709:7.572076;-1.355:7.592635;-1.32797:7.701012;-1.257059:7.699183;-1.170286:7.732874,sigma3_eth_seed42,3
ETH:biwi_eth:357:12050,ETH,biwi_eth:357,12050,tril,0.7497403621673584,1.4603090286254885,-4.84:6.53;-4.35:6.61;-3.81:6.69;-3.37:6.74;-3.06:6.74;-2.43:6.86;-2.24:6.96;-1.85:6.97,-1.44:6.92;-0.9:6.89;-0.52:6.83;-0.08:6.77;0.39:6.71;0.84:6.69;1.33:6.6;1.79:6.61;2.25:6.52;2.72:6.51;3.19:6.42;3.68:6.54,-1.497461:6.952151;-1.164217:6.929154;-0.7898808:6.930712;-0.4397885:6.903754;-0.1086771:6.88565;0.2424282:6.889647;0.53872:6.856687;0.8976718:6.871267;1.237364:6.814848;1.553067:6.822398;1.885964:6.763813;2.235617:6.755083,sigma3_eth_seed42,3
ETH:biwi_eth:357:12060,ETH,biwi_eth:357,12060,tril,0.3991267383098602,0.7442249059677124,-4.35:6.61;-3.81:6.69;-3.37:6.74;-3.06:6.74;-2.43:6.86;-2.24:6.96;-1.85:6.97;-1.44:6.92,-0.9:6.89;-0.52:6.83;-0.08:6.77;0.39:6.71;0.84:6.69;1.33:6.6;1.79:6.61;2.25:6.52;2.72:6.51;3.19:6.42;3.68:6.54;4.14:6.55,-1.02875:6.892829;-0.6290861:6.874496;-0.2138937:6.856232;0.1936715:6.823586;0.5891316:6.801194;1.000924:6.78204;1.409658:6.757582;1.80351:6.723032;2.212374:6.687759;2.607347:6.680377;3.00269:6.658833;3.401316:6.640649,sigma3_eth_seed42,3
ETH:biwi_eth:357:12070,ETH,biwi_eth:357,12070,tril,0.5404103398323059,0.8768324255943298,-3.81:6.69;-3.37:6.74;-3.06:6.74;-2.43:6.86;-2.24:6.96;-1.85:6.97;-1.44:6.92;-0.9:6.89,-0.52:6.83;-0.08:6.77;0.39:6.71;0.84:6.69;1.33:6.6;1.79:6.61;2.25:6.52;2.72:6.51;3.19:6.42;3.68:6.54;4.14:6.55;4.57:6.56,-0.3580119:6.845622;0.1793708:6.794636;0.7378521:6.747884;1.269468:6.712885;1.806449:6.649768;2.327482:6.609534;2.824042:6.561153;3.366465:6.55902;3.862031:6.522934;4.37493:6.450368;4.90828:6.394229;5.420909:6.348365,sigma3_eth_seed42,3
ETH:biwi_eth:357:12080,ETH,biwi_eth:357,12080,tril,0.831535279750824,1.5797158479690552,-3.37:6.74;-3.06:6.74;-2.43:6.86;-2.24:6.96;-1.85:6.97;-1.44:6.92;-0.9:6.89;-0.52:6.83,-0.08:6.77;0.39:6.71;0.84:6.69;1.33:6.6;1.79:6.61;2.25:6.52;2.72:6.51;3.19:6.42;3.68:6.54;4.14:6.55;4.57:6.56;5.05:6.5,-0.17665:6.763249;0.1492786:6.701709;0.5115002:6.656534;0.8518243:6.584593;1.171331:6.533549;1.517583:6.489292;1.827664:6.429021;2.172716:6.391626;2.515554:6.296612;2.82506:6.282296;3.165722:6.195977;3.50961:6.149716,sigma3_eth_seed42,3
ETH:biwi_eth:357:12090,ETH,biwi_eth:357,12090,tril,0.3066659271717071,0.6349763870239258,-3.06:6.74;-2.43:6.86;-2.24:6.96;-1.85:6.97;-1.44:6.92;-0.9:6.89;-0.52:6.83;-0.08:6.77,0.39:6.71;0.84:6.69;1.33:6.6;1.79:6.61;2.25:6.52;2.72:6.51;3.19:6.42;3.68:6.54;4.14:6.55;4.57:6.56;5.05:6.5;5.57:6.41,0.3566653:6.701375;0.7857311:6.635287;1.239523:6.575054;1.670441:6.509173;2.092704:6.444535;2.525048:6.38903;2.932:6.328844;3.369318:6.291107;3.79011:6.215645;4.196182:6.168909;4.633252:6.092757;5.057936:6.03452,sigma3_eth_seed42,3
ETH:biwi_eth:357:12100,ETH,biwi_eth:357,12100,tril,0.0756051167845726,0.0744731202721595,-2.43:6.86;-2.24:6.96;-1.85:6.97;-1.44:6.92;-0.9:6.89;-0.52:6.83;-0.08:6.77;0.39:6.71,0.84:6.69;1.33:6.6;1.79:6.61;2.25:6.52;2.72:6.51;3.19:6.42;3.68:6.54;4.14:6.55;4.57:6.56;5.05:6.5;5.57:6.41;6.1:6.45,0.8677085:6.680551;1.341576:6.663313;1.815423:6.632742;2.288035:6.602324;2.756877:6.573652;3.232547:6.541963;3.731154:6.521799;4.181274:6.4692;4.65379:6.452623;5.125319:6.425741;5.589509:6.425022;6.044919:6.399877,sigma3_eth_seed42,3
ETH:biwi_eth:357:12110,ETH,biwi_eth:357,12110,tril,0.326707512140274,0.6990737318992615,-2.24:6.96;-1.85:6.97;-1.44:6.92;-0.9:6.89;-0.52:6.83;-0.08:6.77;0.39:6.71;0.84:6.69,1.33:6.6;1.79:6.61;2.25:6.52;2.72:6.51;3.19:6.42;3.68:6.54;4.14:6.55;4.57:6.56;5.05:6.5;5.57:6.41;6.1:6.45;6.61:6.36,1.276249:6.682338;1.702215:6.675427;2.147031:6.673256;2.579079:6.660851;3.002702:6.646466;3.434773:6.646282;3.848762:6.629988;4.274603:6.625957;4.695696:6.60742;5.110936:6.599329;5.525355:6.583228;5.945281:6.576455,sigma3_eth_seed42,3
ETH:biwi_eth:357:12120,ETH,biwi_eth:357,12120,tril,0.3658383190631866,0.5949152708053589,-1.85:6.97;-1.44:6.92;-0.9:6.89;-0.52:6.83;-0.08:6.77;0.39:6.71;0.84:6.69;1.33:6.6,1.79:6.61;2.25:6.52;2.72:6.51;3.19:6.42;3.68:6.54;4.14:6.55;4.57:6.56;5.05:6.5;5.57:6.41;6.1:6.45;6.61:6.36;7.17:6.35,1.813816:6.519176;2.299304:6.451758;2.787797:6.369124;3.265571:6.294666;3.740266:6.222731;4.223907:6.144303;4.720436:6.088129;5.188945:6.007459;5.667283:5.944774;6.135152:5.883617;6.625597:5.832887;7.091026:5.76035,sigma3_eth_seed42,3
ETH:biwi_eth:357:12130,ETH,biwi_eth:357,12130,tril,0.3315882086753845,0.7629225254058838,-1.44:6.92;-0.9:6.89;-0.52:6.83;-0.08:6.77;0.39:6.71;0.84:6.69;1.33:6.6;1.79:6.61,2.25:6.52;2.72:6.51;3.19:6.42;3.68:6.54;4.14:6.55;4.57:6.56;5.05:6.5;5.57:6.41;6.1:6.45;6.61:6.36;7.17:6.35;7.7:6.29,2.246084:6.629014;2.690368:6.656117;3.141185:6.676546;3.592275:6.688596;4.037309:6.698713;4.488382:6.717283;4.94924:6.727587;5.37663:6.719098;5.821462:6.73859;6.271077:6.744938;6.693744:6.775836;7.126619:6.793275,sigma3_eth_seed42,3
ETH:biwi_eth:357:12140,ETH,biwi_eth:357,12140,tril,0.445258766412735,0.7933108806610107,-0.9:6.89;-0.52:6.83;-0.08:6.77;0.39:6.71;0.84:6.69;1.33:6.6;1.79:6.61;2.25:6.52,2.72:6.51;3.19:6.42;3.68:6.54;4.14:6.55;4.57:6.56;5.05:6.5;5.57:6.41;6.1:6.45;6.61:6.36;7.17:6.35;7.7:6.29;8.19:6.29,2.708692:6.437147;3.168826:6.364622;3.637728:6.282656;4.09175:6.204724;4.539598:6.132174;5.000921:6.055988;5.460886:5.995265;5.911781:5.921324;6.366974:5.847515;6.803725:5.791882;7.27079:5.72826;7.716099:5.653792,sigma3_eth_seed42,3
ETH:biwi_eth:357:12150,ETH,biwi_eth:357,12150,tril,0.167699709534645,0.4175437092781067,-0.52:6.83;-0.08:6.77;0.39:6.71;0.84:6.69;1.33:6.6;1.79:6.61;2.25:6.52;2.72:6.51,3.19:6.42;3.68:6.54;4.14:6.55;4.57:6.56;5.05:6.5;5.57:6.41;6.1:6.45;6.61:6.36;7.17:6.35;7.7:6.29;8.19:6.29;8.67:6.29,3.194347:6.508917;3.660903:6.518626;4.128448:6.516858;4.597571:6.511609;5.062689:6.505515;5.532759:6.501247;6.024698:6.500068;6.467695:6.468935;6.933641:6.476836;7.404363:6.467318;7.853557:6.489934;8.303432:6.489927,sigma3_eth_seed42,3
ETH:biwi_eth:357:12160,ETH,biwi_eth:357,12160,tril,0.4806399047374725,0.7591520547866821,-0.08:6.77;0.39:6.71;0.84:6.69;1.33:6.6;1.79:6.61;2.25:6.52;2.72:6.51;3.19:6.42,3.68:6.54;4.14:6.55;4.57:6.56;5.05:6.5;5.57:6.41;6.1:6.45;6.61:6.36;7.17:6.35;7.7:6.29;8.19:6.29;8.67:6.29;9.12:6.27,3.652342:6.344872;4.117142:6.280719;4.587315:6.204951;5.045472:6.133778;5.497904:6.068099;5.963898:5.997612;6.433634:5.943711;6.88505:5.869749;7.345889:5.805261;7.789263:5.754429;8.257668:5.702322;8.705684:5.633876,sigma3_eth_seed42,3
ETH:biwi_eth:357:12170,ETH,biwi_eth:357,12170,tril,0.9027454257011414,1.595312237739563,0.39:6.71;0.84:6.69;1.33:6.6;1.79:6.61;2.25:6.52;2.72:6.51;3.19:6.42;3.68:6.54,4.14:6.55;4.57:6.56;5.05:6.5;5.57:6.41;6.1:6.45;6.61:6.36;7.17:6.35;7.7:6.29;8.19:6.29;8.67:6.29;9.12:6.27;9.53:6.24,4.138463:6.65908;4.567024:6.757214;5.040662:6.881082;5.489559:6.989803;5.935005:7.057666;6.365458:7.189877;6.714927:7.244551;7.176441:7.39607;7.568789:7.479185;7.992179:7.521322;8.375807:7.566993;8.804582:7.660841,sigma3_eth_seed42,3
ETH:biwi_eth:357:12180,ETH,biwi_eth:357,12180,tril,0.4659204483032226,0.7991139888763428,0.84:6.69;1.33:6.6;1.79:6.61;2.25:6.52;2.72:6.51;3.19:6.42;3.68:6.54;4.14:6.55,4.57:6.56;5.05:6.5;5.57:6.41;6.1:6.45;6.61:6.36;7.17:6.35;7.7:6.29;8.19:6.29;8.67:6.29;9.12:6.27;9.53:6.24;9.98:6.18,4.585199:6.563422;5.018567:6.585633;5.459124:6.601855;5.899867:6.607849;6.333075:6.615233;6.775018:6.629291;7.226523:6.635872;7.643607:6.62196;8.080837:6.634169;8.519028:6.641275;8.933021:6.666846;9.357096:6.680573,sigma3_eth_seed42,3
ETH:biwi_eth:357:12190,ETH,biwi_eth:357,12190,tril,0.7908442616462708,1.265073537826538,1.33:6.6;1.79:6.61;2.25:6.52;2.72:6.51;3.19:6.42;3.68:6.54;4.14:6.55;4.57:6.56,5.05:6.5;5.57:6.41;6.1:6.45;6.61:6.36;7.17:6.35;7.7:6.29;8.19:6.29;8.67:6.29;9.12:6.27;9.53:6.24;9.98:6.18;10.41:6.22,4.973831:6.577762;5.359775:6.592173;5.77496:6.620715;6.174722:6.629452;6.562253:6.635981;6.959885:6.666216;7.321411:6.662875;7.718809:6.690967;8.102972:6.683565;8.481113:6.697647;8.851761:6.68786;9.241751:6.705391,sigma3_eth_seed42,3
ETH:biwi_eth:358:12020,ETH,biwi_eth:358,12020,tril,0.5903355479240417,1.0259184837341309,-6.55:7.2;-6.05:7.26;-5.49:7.27;-4.99:7.41;-4.5:7.46;-4.07:7.51;-3.78:7.53;-3.23:7.55,-2.61:7.56;-2.24:7.62;-1.84:7.67;-1.3:7.52;-0.9:7.53;-0.49:7.47;-0.03:7.4;0.44:7.34;0.87:7.36;1.33:7.27;1.79:7.27;2.28:7.21,-2.666002:7.539101;-2.112949:7.523285;-1.540654:7.508453;-0.9896657:7.505748;-0.430295:7.467231;0.1052387:7.456602;0.6251166:7.433343;1.179166:7.453369;1.687297:7.455387;2.22919:7.394824;2.768585:7.374424;3.295122:7.358444,sigma3_eth_seed42,3
ETH:biwi_eth:358:12030,ETH,biwi_eth:358,12030,tril,1.1149554252624512,1.7950150966644287,-6.05:7.26;-5.49:7.27;-4.99:7.41;-4.5:7.46;-4.07:7.51;-3.78:7.53;-3.23:7.55;-2.61:7.56,-2.24:7.62;-1.84:7.67;-1.3:7.52;-0.9:7.53;-0.49:7.47;-0.03:7.4;0.44:7.34;0.87:7.36;1.33:7.27;1.79:7.27;2.28:7.21;2.81:7.21,-1.991751:7.573465;-1.380019:7.58347;-0.7617655:7.584482;-0.1584907:7.607154;0.4602928:7.585213;1.048271:7.587942;1.640392:7.587361;2.237429:7.609499;2.794914:7.648153;3.400671:7.589353;3.987916:7.608881;4.560122:7.608941,sigma3_eth_seed42,3
ETH:biwi_eth:358:12040,ETH,biwi_eth:358,12040,tril,1.043160080909729,2.021796941757202,-5.49:7.27;-4.99:7.41;-4.5:7.46;-4.07:7.51;-3.78:7.53;-3.23:7.55;-2.61:7.56;-2.24:7.62,-1.84:7.67;-1.3:7.52;-0.9:7.53;-0.49:7.47;-0.03:7.4;0.44:7.34;0.87:7.36;1.33:7.27;1.79:7.27;2.28:7.21;2.81:7.21;3.24:7.11,-1.910957:7.677083;-1.605364:7.732589;-1.268052:7.804077;-0.9409391:7.842902;-0.6338748:7.890584;-0.3058861:7.960439;-0.01825547:7.98772;0.3002398:8.038484;0.620008:8.054009;0.9230368:8.114068;1.207481:8.132258;1.527393:8.184543,sigma3_eth_seed42,3
ETH:biwi_eth:358:12050,ETH,biwi_eth:358,12050,tril,0.7284839153289795,1.3178075551986694,-4.99:7.41;-4.5:7.46;-4.07:7.51;-3.78:7.53;-3.23:7.55;-2.61:7.56;-2.24:7.62;-1.84:7.67,-1.3:7.52;-0.9:7.53;-0.49:7.47;-0.03:7.4;0.44:7.34;0.87:7.36;1.33:7.27;1.79:7.27;2.28:7.21;2.81:7.21;3.24:7.11;3.72:7.14,-1.453584:7.691857;-1.088006:7.718309;-0.6986932:7.752512;-0.3161446:7.762818;0.05162799:7.779624;0.4348785:7.812134;0.7999023:7.818027;1.168319:7.830162;1.545207:7.830326;1.914283:7.856941;2.264111:7.865554;2.637156:7.891044,sigma3_eth_seed42,3
ETH:biwi_eth:358:12060,ETH,biwi_eth:358,12060,tril,0.9504924416542052,1.6725256443023682,-4.5:7.46;-4.07:7.51;-3.78:7.53;-3.23:7.55;-2.61:7.56;-2.24:7.62;-1.84:7.67;-1.3:7.52,-0.9:7.53;-0.49:7.47;-0.03:7.4;0.44:7.34;0.87:7.36;1.33:7.27;1.79:7.27;2.28:7.21;2.81:7.21;3.24:7.11;3.72:7.14;4.14:7.14,-0.748289:7.368441;-0.1866512:7.209718;0.4033253:7.053085;0.9438598:6.926121;1.490958:6.771709;2.027966:6.635077;2.510696:6.509838;3.094243:6.453743;3.599439:6.318312;4.097963:6.174582;4.685105:6.008754;5.217674:5.860953,sigma3_eth_seed42,3
ETH:biwi_eth:358:12070,ETH,biwi_eth:358,12070,tril,0.8899782299995422,1.6422260999679563,-4.07:7.51;-3.78:7.53;-3.23:7.55;-2.61:7.56;-2.24:7.62;-1.84:7.67;-1.3:7.52;-0.9:7.53,-0.49:7.47;-0.03:7.4;0.44:7.34;0.87:7.36;1.33:7.27;1.79:7.27;2.28:7.21;2.81:7.21;3.24:7.11;3.72:7.14;4.14:7.14;4.61:7.15,-0.5446154:7.567258;-0.21435:7.583704;0.1735926:7.639691;0.5254364:7.665476;0.8598846:7.680313;1.205047:7.745149;1.449003:7.738312;1.827819:7.834198;2.145376:7.814525;2.449744:7.843389;2.764802:7.797819;3.114682:7.828919,sigma3_eth_seed42,3
ETH:biwi_eth:358:12080,ETH,biwi_eth:358,12080,tril,0.486733466386795,0.9272597432136536,-3.78:7.53;-3.23:7.55;-2.61:7.56;-2.24:7.62;-1.84:7.67;-1.3:7.52;-0.9:7.53;-0.49:7.47,-0.03:7.4;0.44:7.34;0.87:7.36;1.33:7.27;1.79:7.27;2.28:7.21;2.81:7.21;3.24:7.11;3.72:7.14;4.14:7.14;4.61:7.15;5.07:7.12,-0.09466749:7.403006;0.2913743:7.348864;0.694151:7.293196;1.085995:7.223859;1.46338:7.172773;1.863386:7.117423;2.260464:7.066967;2.642848:7.001418;3.043201:6.92831;3.418347:6.903464;3.812749:6.847915;4.200792:6.797063,sigma3_eth_seed42,3
ETH:biwi_eth:358:12090,ETH,biwi_eth:358,12090,tril,0.2493147850036621,0.5047507882118225,-3.23:7.55;-2.61:7.56;-2.24:7.62;-1.84:7.67;-1.3:7.52;-0.9:7.53;-0.49:7.47;-0.03:7.4,0.44:7.34;0.87:7.36;1.33:7.27;1.79:7.27;2.28:7.21;2.81:7.21;3.24:7.11;3.72:7.14;4.14:7.14;4.61:7.15;5.07:7.12;5.53:7.1,0.4347004:7.325203;0.894684:7.255344;1.373366:7.184977;1.831257:7.115685;2.283992:7.044289;2.742943:6.978908;3.187313:6.917357;3.64873:6.868779;4.096013:6.79706;4.533763:6.738794;5.001306:6.667071;5.450036:6.601624,sigma3_eth_seed42,3
ETH:biwi_eth:358:12100,ETH,biwi_eth:358,12100,tril,0.1254826486110687,0.3353391885757446,-2.61:7.56;-2.24:7.62;-1.84:7.67;-1.3:7.52;-0.9:7.53;-0.49:7.47;-0.03:7.4;0.44:7.34,0.87:7.36;1.33:7.27;1.79:7.27;2.28:7.21;2.81:7.21;3.24:7.11;3.72:7.14;4.14:7.14;4.61:7.15;5.07:7.12;5.53:7.1;6.09:7.1,0.8965378:7.302303;1.349135:7.264259;1.819216:7.229381;2.271402:7.191793;2.717666:7.150128;3.170781:7.119961;3.603938:7.082033;4.056728:7.06;4.497042:7.01724;4.92836:6.984142;5.376317:6.941133;5.817041:6.905203,sigma3_eth_seed42,3
ETH:biwi_eth:358:12110,ETH,biwi_eth:358,12110,tril,0.5488098859786987,1.0971709489822388,-2.24:7.62;-1.84:7.67;-1.3:7.52;-0.9:7.53;-0.49:7.47;-0.03:7.4;0.44:7.34;0.87:7.36,1.33:7.27;1.79:7.27;2.28:7.21;2.81:7.21;3.24:7.11;3.72:7.14;4.14:7.14;4.61:7.15;5.07:7.12;5.53:7.1;6.09:7.1;6.65:7.02,1.285112:7.382629;1.68382:7.413755;2.094976:7.443543;2.506236:7.455604;2.906162:7.473384;3.319026:7.499995;3.734546:7.511614;4.122303:7.50737;4.531682:7.520137;4.938162:7.541855;5.317452:7.568962;5.714743:7.593654,sigma3_eth_seed42,3
ETH:biwi_eth:358:12120,ETH,biwi_eth:358,12120,tril,0.4275496006011963,0.8203270435333252,-1.84:7.67;-1.3:7.52;-0.9:7.53;-0.49:7.47;-0.03:7.4;0.44:7.34;0.87:7.36;1.33:7.27,1.79:7.27;2.28:7.21;2.81:7.21;3.24:7.11;3.72:7.14;4.14:7.14;4.61:7.15;5.07:7.12;5.53:7.1;6.09:7.1;6.65:7.02;7.2:7.02,1.787758:7.17707;2.247786:7.096275;2.715732:7.004223;3.168705:6.917274;3.615292:6.837542;4.076709:6.751616;4.538918:6.685151;4.988924:6.601579;5.445257:6.519815;5.880959:6.459136;6.350792:6.389061;6.79594:6.306087,sigma3_eth_seed42,3
ETH:biwi_eth:358:12130,ETH,biwi_eth:358,12130,tril,0.3547173738479614,0.8276533484458923,-1.3:7.52;-0.9:7.53;-0.49:7.47;-0.03:7.4;0.44:7.34;0.87:7.36;1.33:7.27;1.79:7.27,2.28:7.21;2.81:7.21;3.24:7.11;3.72:7.14;4.14:7.14;4.61:7.15;5.07:7.12;5.53:7.1;6.09:7.1;6.65:7.02;7.2:7.02;7.76:6.92,2.245794:7.288397;2.68969:7.312327;3.143394:7.33253;3.59408:7.344455;4.038802:7.352239;4.488606:7.371787;4.940069:7.379291;5.371595:7.377995;5.812795:7.394118;6.258562:7.398383;6.681397:7.422103;7.114521:7.438041,sigma3_eth_seed42,3
ETH:biwi_eth:358:12140,ETH,biwi_eth:358,12140,tril,0.172740638256073,0.2154369503259658,-0.9:7.53;-0.49:7.47;-0.03:7.4;0.44:7.34;0.87:7.36;1.33:7.27;1.79:7.27;2.28:7.21,2.81:7.21;3.24:7.11;3.72:7.14;4.14:7.14;4.61:7.15;5.07:7.12;5.53:7.1;6.09:7.1;6.65:7.02;7.2:7.02;7.76:6.92;8.22:6.9,2.768836:7.163968;3.258051:7.131355;3.744447:7.081607;4.228133:7.03746;4.709419:6.994712;5.197921:6.946038;5.710653:6.915885;6.174332:6.849517;6.659373:6.821657;7.140732:6.781957;7.623437:6.770089;8.090274:6.728,sigma3_eth_seed42,3
ETH:biwi_eth:358:12150,ETH,biwi_eth:358,12150,tril,0.3105745017528534,0.4605883359909057,-0.49:7.47;-0.03:7.4;0.44:7.34;0.87:7.36;1.33:7.27;1.79:7.27;2.28:7.21;2.81:7.21,3.24:7.11;3.72:7.14;4.14:7.14;4.61:7.15;5.07:7.12;5.53:7.1;6.09:7.1;6.65:7.02;7.2:7.02;7.76:6.92;8.22:6.9;8.66:6.81,3.336324:7.209484;3.854616:7.213184;4.378946:7.208334;4.896381:7.209473;5.41689:7.192053;5.927671:7.187768;6.447937:7.181377;6.950119:7.173431;7.446089:7.187079;7.96279:7.154495;8.462659:7.16654;8.956621:7.16236,sigma3_eth_seed42,3
ETH:biwi_eth:358:12160,ETH,biwi_eth:358,12160,tril,0.6447027921676636,1.086004376411438,-0.03:7.4;0.44:7.34;0.87:7.36;1.33:7.27;1.79:7.27;2.28:7.21;2.81:7.21;3.24:7.11,3.72:7.14;4.14:7.14;4.61:7.15;5.07:7.12;5.53:7.1;6.09:7.1;6.65:7.02;7.2:7.02;7.76:6.92;8.22:6.9;8.66:6.81;9.1:6.79,3.654834:7.019511;4.070395:6.939324;4.499691:6.854205;4.912024:6.766001;5.312527:6.692433;5.736228:6.613895;6.147916:6.546845;6.560593:6.468859;6.980947:6.377165;7.369057:6.331706;7.795917:6.253664;8.205305:6.17443,sigma3_eth_seed42,3
ETH:biwi_eth:358:12170,ETH,biwi_eth:358,12170,tril,0.4107124507427215,0.8044280409812927,0.44:7.34;0.87:7.36;1.33:7.27;1.79:7.27;2.28:7.21;2.81:7.21;3.24:7.11;3.72:7.14,4.14:7.14;4.61:7.15;5.07:7.12;5.53:7.1;6.09:7.1;6.65:7.02;7.2:7.02;7.76:6.92;8.22:6.9;8.66:6.81;9.1:6.79;9.53:6.76,4.194376:7.178308;4.654076:7.22055;5.124082:7.259099;5.591779:7.290887;6.056122:7.311091;6.519176:7.348732;6.983368:7.369181;7.430898:7.386925;7.881894:7.424495;8.347847:7.432749;8.780437:7.473085;9.227135:7.505237,sigma3_eth_seed42,3
ETH:biwi_eth:358:12180,ETH,biwi_eth:358,12180,tril,0.6023791432380676,1.032712697982788,0.87:7.36;1.33:7.27;1.79:7.27;2.28:7.21;2.81:7.21;3.24:7.11;3.72:7.14;4.14:7.14,4.61:7.15;5.07:7.12;5.53:7.1;6.09:7.1;6.65:7.02;7.2:7.02;7.76:6.92;8.22:6.9;8.66:6.81;9.1:6.79;9.53:6.76;9.96:6.74,4.555879:7.143495;4.959545:7.154927;5.375229:7.164771;5.787995:7.159675;6.189445:7.161829;6.605793:7.170297;7.021967:7.168235;7.415504:7.151226;7.828368:7.145908;8.232401:7.156229;8.621357:7.165287;9.021877:7.171765,sigma3_eth_seed42,3
ETH:biwi_eth:358:12190,ETH,biwi_eth:358,12190,tril,0.3977615535259247,0.5761638879776001,1.33:7.27;1.79:7.27;2.28:7.21;2.81:7.21;3.24:7.11;3.72:7.14;4.14:7.14;4.61:7.15,5.07:7.12;5.53:7.1;6.09:7.1;6.65:7.02;7.2:7.02;7.76:6.92;8.22:6.9;8.66:6.81;9.1:6.79;9.53:6.76;9.96:6.74;10.35:6.75,5.073514:7.160157;5.525636:7.173221;5.990606:7.185514;6.448477:7.190953;6.901424:7.189264;7.356811:7.201677;7.807884:7.200708;8.251639:7.201702;8.695921:7.208928;9.145849:7.203741;9.579636:7.214189;10.02023:7.222456,sigma3_eth_seed42,3
ETH:biwi_eth:359:12020,ETH,biwi_eth:359,12020,tril,0.5045316815376282,0.9135489463806152,-4.9:12.67;-4.12:12.14;-3.37:11.66;-2.77:11.06;-1.92:10.43;-0.95:9.91;-0.16:9.39;0.74:8.91,1.58:8.5;2.45:8.11;3.38:7.77;4.56:7.32;5.71:6.86;6.64:6.56;7.37:6.33;8.34:5.9;9.37:5.77;10.39:5.67;11.58:5.61;12.52:5.73,1.686145:8.592366;2.678584:8.206683;3.742658:7.848413;4.656261:7.618891;5.629959:7.234988;6.499844:6.942513;7.167911:6.650969;8.260204:6.678742;9.009585:6.418315;9.816376:5.995348;10.8684:5.569946;11.76035:5.222554,sigma3_eth_seed42,3
ETH:biwi_eth:359:12030,ETH,biwi_eth:359,12030,tril,1.1531327962875366,2.5199859142303467,-4.12:12.14;-3.37:11.66;-2.77:11.06;-1.92:10.43;-0.95:9.91;-0.16:9.39;0.74:8.91;1.58:8.5,2.45:8.11;3.38:7.77;4.56:7.32;5.71:6.86;6.64:6.56;7.37:6.33;8.34:5.9;9.37:5.77;10.39:5.67;11.58:5.61;12.52:5.73;13.76:5.26,2.408731:8.199018;3.281863:7.827663;4.23539:7.495857;5.039115:7.270884;5.887934:6.914825;6.658391:6.649102;7.203294:6.366764;8.187132:6.403234;8.845221:6.128778;9.527774:5.756946;10.45973:5.329359;11.25346:5.000067,sigma3_eth_seed42,3
ETH:biwi_eth:3:830,ETH,biwi_eth:3,830,tril,1.0146673917770386,0.9485739469528198,12.49:6.6;11.94:6.77;11.03:6.84;10.21:6.81;9.36:6.85;8.59:6.85;7.78:6.84;6.96:6.84,6.29:7;5.62:7.1;5.06:7.04;4.69:7;4.35:7.01;3.76:6.99;3.19:6.89;2.62:7.13;1.78:7.15;1.01:6.96;0.07:6.91;-0.72:6.66,6.185967:6.834964;5.399901:6.849386;4.652341:6.847659;3.89823:6.873534;3.163355:6.864974;2.455006:6.909768;1.693255:6.928467;1.033251:6.966466;0.325038:6.999481;-0.3158302:6.99971;-0.9837894:7.039879;-1.57319:7.07456,sigma3_eth_seed42,3
ETH:biwi_eth:51:2860,ETH,biwi_eth:51,2860,tril,0.2048498541116714,0.6239053606987,7.05:8.44;7.05:8.44;7.05:8.44;7.05:8.44;7.05:8.44;7.05:8.44;7.05:8.44;7.05:8.44,7.05:8.44;7.05:8.44;7.05:8.44;7.05:8.44;7.05:8.44;7.05:8.44;7.05:8.44;6.93:8.26;6.87:8.09;7.02:7.91;7.07:7.78;7.1:7.82,7.04682:8.442155;7.045197:8.443083;7.047211:8.443749;7.045554:8.442482;7.040266:8.44045;7.040458:8.440519;7.041985:8.4419;7.039044:8.439795;7.037733:8.438663;7.035886:8.439046;7.034976:8.440037;7.032907:8.440288,sigma3_eth_seed42,3
ETH:biwi_eth:51:2870,ETH,biwi_eth:51,2870,tril,0.2409187108278274,0.4379744827747345,7.05:8.44;7.05:8.44;7.05:8.44;7.05:8.44;7.05:8.44;7.05:8.44;7.05:8.44;7.05:8.44,7.05:8.44;7.05:8.44;7.05:8.44;7.05:8.44;7.05:8.44;7.05:8.44;6.93:8.26;6.87:8.09;7.02:7.91;7.07:7.78;7.1:7.82;6.77:8.09,7.04682:8.442155;7.045197:8.443083;7.047211:8.443749;7.045554:8.442482;7.040266:8.44045;7.040458:8.440519;7.041985:8.4419;7.039044:8.439795;7.037733:8.438663;7.035886:8.439046;7.034976:8.440037;7.032907:8.440288,sigma3_eth_seed42,3
ETH:biwi_eth:51:2880,ETH,biwi_eth:51,2880,tril,0.2767760753631592,0.4379744827747345,7.05:8.44;7.05:8.44;7.05:8.44;7.05:8.44;7.05:8.44;7.05:8.44;7.05:8.44;7.05:8.44,7.05:8.44;7.05:8.44;7.05:8.44;7.05:8.44;7.05:8.44;6.93:8.26;6.87:8.09;7.02:7.91;7.07:7.78;7.1:7.82;6.77:8.09;6.77:8.09,7.04682:8.442155;7.045197:8.443083;7.047211:8.443749;7.045554:8.442482;7.040266:8.44045;7.040458:8.440519;7.041985:8.4419;7.039044:8.439795;7.037733:8.438663;7.035886:8.439046;7.034976:8.440037;7.032907:8.440288,sigma3_eth_seed42,3
ETH:biwi_eth:51:2890,ETH,biwi_eth:51,2890,tril,0.3125828802585602,0.4379744827747345,7.05:8.44;7.05:8.44;7.05:8.44;7.05:8.44;7.05:8.44;7.05:8.44;7.05:8.44;7.05:8.44,7.05:8.44;7.05:8.44;7.05:8.44;7.05:8.44;6.93:8.26;6.87:8.09;7.02:7.91;7.07:7.78;7.1:7.82;6.77:8.09;6.77:8.09;6.77:8.09,7.04682:8.442155;7.045197:8.443083;7.047211:8.443749;7.045554:8.442482;7.040266:8.44045;7.040458:8.440519;7.041985:8.4419;7.039044:8.439795;7.037733:8.438663;7.035886:8.439046;7.034976:8.440037;7.032907:8.440288,sigma3_eth_seed42,3
ETH:biwi_eth:51:2900,ETH,biwi_eth:51,2900,tril,0.346676617860794,0.4066923558712005,7.05:8.44;7.05:8.44;7.05:8.44;7.05:8.44;7.05:8.44;7.05:8.44;7.05:8.44;7.05:8.44,7.05:8.44;7.05:8.44;7.05:8.44;6.93:8.26;6.87:8.09;7.02:7.91;7.07:7.78;7.1:7.82;6.77:8.09;6.77:8.09;6.77:8.09;6.77:8.13,7.04682:8.442155;7.045197:8.443083;7.047211:8.443749;7.045554:8.442482;7.040266:8.44045;7.040458:8.440519;7.041985:8.4419;7.039044:8.439795;7.037733:8.438663;7.035886:8.439046;7.034976:8.440037;7.032907:8.440288,sigma3_eth_seed42,3
ETH:biwi_eth:51:2910,ETH,biwi_eth:51,2910,tril,0.3779642879962921,0.3701586425304413,7.05:8.44;7.05:8.44;7.05:8.44;7.05:8.44;7.05:8.44;7.05:8.44;7.05:8.44;7.05:8.44,7.05:8.44;7.05:8.44;6.93:8.26;6.87:8.09;7.02:7.91;7.07:7.78;7.1:7.82;6.77:8.09;6.77:8.09;6.77:8.09;6.77:8.13;6.78:8.17,7.04682:8.442155;7.045197:8.443083;7.047211:8.443749;7.045554:8.442482;7.040266:8.44045;7.040458:8.440519;7.041985:8.4419;7.039044:8.439795;7.037733:8.438663;7.035886:8.439046;7.034976:8.440037;7.032907:8.440288,sigma3_eth_seed42,3
ETH:biwi_eth:51:2920,ETH,biwi_eth:51,2920,tril,0.4137791097164154,0.4272347688674927,7.05:8.44;7.05:8.44;7.05:8.44;7.05:8.44;7.05:8.44;7.05:8.44;7.05:8.44;7.05:8.44,7.05:8.44;6.93:8.26;6.87:8.09;7.02:7.91;7.07:7.78;7.1:7.82;6.77:8.09;6.77:8.09;6.77:8.09;6.77:8.13;6.78:8.17;6.62:8.55,7.04682:8.442155;7.045197:8.443083;7.047211:8.443749;7.045554:8.442482;7.040266:8.44045;7.040458:8.440519;7.041985:8.4419;7.039044:8.439795;7.037733:8.438663;7.035886:8.439046;7.034976:8.440037;7.032907:8.440288,sigma3_eth_seed42,3
ETH:biwi_eth:51:2930,ETH,biwi_eth:51,2930,tril,0.4703427255153656,0.6748809814453125,7.05:8.44;7.05:8.44;7.05:8.44;7.05:8.44;7.05:8.44;7.05:8.44;7.05:8.44;7.05:8.44,6.93:8.26;6.87:8.09;7.02:7.91;7.07:7.78;7.1:7.82;6.77:8.09;6.77:8.09;6.77:8.09;6.77:8.13;6.78:8.17;6.62:8.55;6.41:8.7,7.04682:8.442155;7.045197:8.443083;7.047211:8.443749;7.045554:8.442482;7.040266:8.44045;7.040458:8.440519;7.041985:8.4419;7.039044:8.439795;7.037733:8.438663;7.035886:8.439046;7.034976:8.440037;7.032907:8.440288,sigma3_eth_seed42,3
ETH:biwi_eth:51:2940,ETH,biwi_eth:51,2940,tril,0.8660816550254822,1.956215739250183,7.05:8.44;7.05:8.44;7.05:8.44;7.05:8.44;7.05:8.44;7.05:8.44;7.05:8.44;6.93:8.26,6.87:8.09;7.02:7.91;7.07:7.78;7.1:7.82;6.77:8.09;6.77:8.09;6.77:8.09;6.77:8.13;6.78:8.17;6.62:8.55;6.41:8.7;6.36:8.76,6.849582:8.125031;6.785182:7.989574;6.732395:7.853164;6.658804:7.72964;6.573481:7.605724;6.514658:7.506325;6.377964:7.386455;6.332534:7.306938;6.23178:7.183846;6.117936:7.095532;6.029091:6.952741;5.960486:6.845015,sigma3_eth_seed42,3
ETH:biwi_eth:51:2950,ETH,biwi_eth:51,2950,tril,0.9742274284362792,1.9825899600982664,7.05:8.44;7.05:8.44;7.05:8.44;7.05:8.44;7.05:8.44;7.05:8.44;6.93:8.26;6.87:8.09,7.02:7.91;7.07:7.78;7.1:7.82;6.77:8.09;6.77:8.09;6.77:8.09;6.77:8.13;6.78:8.17;6.62:8.55;6.41:8.7;6.36:8.76;6.35:8.69,6.836779:7.963168;6.825384:7.828936;6.821325:7.698177;6.797928:7.577739;6.761814:7.459281;6.744789:7.360288;6.658906:7.242253;6.656105:7.171066;6.604823:7.049421;6.530688:6.963963;6.490407:6.816697;6.457165:6.710308,sigma3_eth_seed42,3
ETH:biwi_eth:51:2960,ETH,biwi_eth:51,2960,tril,1.1974841356277466,2.022071123123169,7.05:8.44;7.05:8.44;7.05:8.44;7.05:8.44;7.05:8.44;6.93:8.26;6.87:8.09;7.02:7.91,7.07:7.78;7.1:7.82;6.77:8.09;6.77:8.09;6.77:8.09;6.77:8.13;6.78:8.17;6.62:8.55;6.41:8.7;6.36:8.76;6.35:8.69;6.4:8.49,7.021091:7.792705;7.051499:7.650539;7.087328:7.530973;7.109128:7.414495;7.119267:7.294572;7.136642:7.210144;7.078897:7.079725;7.11502:7.025245;7.104253:6.906767;7.068021:6.817941;7.050722:6.668315;7.048593:6.574771,sigma3_eth_seed42,3
ETH:biwi_eth:51:2970,ETH,biwi_eth:51,2970,tril,1.259761095046997,1.9117116928100584,7.05:8.44;7.05:8.44;7.05:8.44;7.05:8.44;6.93:8.26;6.87:8.09;7.02:7.91;7.07:7.78,7.1:7.82;6.77:8.09;6.77:8.09;6.77:8.09;6.77:8.13;6.78:8.17;6.62:8.55;6.41:8.7;6.36:8.76;6.35:8.69;6.4:8.49;6.4:8.49,7.077458:7.696338;7.121198:7.587252;7.164554:7.494843;7.194083:7.408211;7.2139:7.320862;7.241912:7.257327;7.20431:7.161517;7.247415:7.12605;7.256925:7.0319;7.226594:6.972309;7.230777:6.849411;7.237619:6.77156,sigma3_eth_seed42,3
ETH:biwi_eth:51:2980,ETH,biwi_eth:51,2980,tril,0.7847307324409485,0.9777973294258118,7.05:8.44;7.05:8.44;7.05:8.44;6.93:8.26;6.87:8.09;7.02:7.91;7.07:7.78;7.1:7.82,6.77:8.09;6.77:8.09;6.77:8.09;6.77:8.13;6.78:8.17;6.62:8.55;6.41:8.7;6.36:8.76;6.35:8.69;6.4:8.49;6.4:8.49;6.4:8.49,7.110002:7.832531;7.114088:7.844863;7.127737:7.854475;7.132384:7.859525;7.134129:7.86447;7.153081:7.888762;7.15237:7.888921;7.162057:7.889545;7.179998:7.885357;7.180243:7.8984;7.184585:7.912686;7.18965:7.913336,sigma3_eth_seed42,3
ETH:biwi_eth:51:2990,ETH,biwi_eth:51,2990,tril,1.939918637275696,3.5360565185546875,7.05:8.44;7.05:8.44;6.93:8.26;6.87:8.09;7.02:7.91;7.07:7.78;7.1:7.82;6.77:8.09,6.77:8.09;6.77:8.09;6.77:8.13;6.78:8.17;6.62:8.55;6.41:8.7;6.36:8.76;6.35:8.69;6.4:8.49;6.4:8.49;6.4:8.49;6.4:8.49,6.432423:8.273747;6.124168:8.457469;5.814301:8.601121;5.486545:8.755995;5.144099:8.939385;4.834952:9.057895;4.540349:9.24478;4.247161:9.3936;3.976902:9.509502;3.635472:9.684696;3.417109:9.773809;3.139188:9.857772,sigma3_eth_seed42,3
ETH:biwi_eth:51:3000,ETH,biwi_eth:51,3000,tril,0.3662296235561371,0.3426303267478943,7.05:8.44;6.93:8.26;6.87:8.09;7.02:7.91;7.07:7.78;7.1:7.82;6.77:8.09;6.77:8.09,6.77:8.09;6.77:8.13;6.78:8.17;6.62:8.55;6.41:8.7;6.36:8.76;6.35:8.69;6.4:8.49;6.4:8.49;6.4:8.49;6.4:8.49;6.4:8.49,6.75172:8.10876;6.730447:8.115017;6.710461:8.120791;6.683063:8.125782;6.660307:8.123967;6.651263:8.161943;6.629918:8.145551;6.607467:8.139936;6.608583:8.140163;6.584363:8.13837;6.562129:8.176609;6.522467:8.170004,sigma3_eth_seed42,3
ETH:biwi_eth:51:3010,ETH,biwi_eth:51,3010,tril,0.5248517394065857,0.5800455808639526,6.93:8.26;6.87:8.09;7.02:7.91;7.07:7.78;7.1:7.82;6.77:8.09;6.77:8.09;6.77:8.09,6.77:8.13;6.78:8.17;6.62:8.55;6.41:8.7;6.36:8.76;6.35:8.69;6.4:8.49;6.4:8.49;6.4:8.49;6.4:8.49;6.4:8.49;6.4:8.49,6.770698:8.080369;6.758606:8.079671;6.762615:8.075375;6.754744:8.07027;6.750451:8.056922;6.742456:8.045841;6.733448:8.044344;6.729983:8.046353;6.71309:8.033513;6.709814:8.021614;6.715208:8.004244;6.713927:8.002247,sigma3_eth_seed42,3
ETH:biwi_eth:51:3020,ETH,biwi_eth:51,3020,tril,0.4147639572620392,0.3801120817661285,6.87:8.09;7.02:7.91;7.07:7.78;7.1:7.82;6.77:8.09;6.77:8.09;6.77:8.09;6.77:8.13,6.78:8.17;6.62:8.55;6.41:8.7;6.36:8.76;6.35:8.69;6.4:8.49;6.4:8.49;6.4:8.49;6.4:8.49;6.4:8.49;6.4:8.49;6.4:8.49,6.766984:8.174768;6.77388:8.212482;6.772563:8.245127;6.769205:8.268809;6.761774:8.307365;6.77078:8.338419;6.796474:8.364131;6.779427:8.365882;6.80434:8.376593;6.788589:8.420725;6.797177:8.45481;6.779632:8.470892,sigma3_eth_seed42,3
ETH:biwi_eth:51:3030,ETH,biwi_eth:51,3030,tril,0.4500321447849273,0.3669086098670959,7.02:7.91;7.07:7.78;7.1:7.82;6.77:8.09;6.77:8.09;6.77:8.09;6.77:8.13;6.78:8.17,6.62:8.55;6.41:8.7;6.36:8.76;6.35:8.69;6.4:8.49;6.4:8.49;6.4:8.49;6.4:8.49;6.4:8.49;6.4:8.49;6.4:8.49;6.4:8.49,6.793071:8.20976;6.780144:8.244839;6.780662:8.274125;6.777586:8.278624;6.750387:8.307975;6.786774:8.4063;6.771535:8.389181;6.771624:8.376826;6.83596:8.372871;6.819001:8.426093;6.78965:8.499806;6.766889:8.493793,sigma3_eth_seed42,3
ETH:biwi_eth:51:3040,ETH,biwi_eth:51,3040,tril,1.8381158113479612,3.251550436019897,7.07:7.78;7.1:7.82;6.77:8.09;6.77:8.09;6.77:8.09;6.77:8.13;6.78:8.17;6.62:8.55,6.41:8.7;6.36:8.76;6.35:8.69;6.4:8.49;6.4:8.49;6.4:8.49;6.4:8.49;6.4:8.49;6.4:8.49;6.4:8.49;6.4:8.49;6.4:8.49,6.520661:8.853613;6.412724:9.170729;6.317479:9.433367;6.189649:9.716384;6.0648:9.984739;5.955238:10.20417;5.844291:10.49196;5.747552:10.73443;5.618739:10.97056;5.492732:11.18503;5.43486:11.3853;5.344157:11.56535,sigma3_eth_seed42,3
ETH:biwi_eth:51:3050,ETH,biwi_eth:51,3050,tril,0.7883246541023254,1.345921277999878,7.1:7.82;6.77:8.09;6.77:8.09;6.77:8.09;6.77:8.13;6.78:8.17;6.62:8.55;6.41:8.7,6.36:8.76;6.35:8.69;6.4:8.49;6.4:8.49;6.4:8.49;6.4:8.49;6.4:8.49;6.4:8.49;6.4:8.49;6.4:8.49;6.4:8.49;6.4:8.49,6.295476:8.751987;6.197138:8.805984;6.096975:8.847584;5.994484:8.879108;5.876331:8.940808;5.781708:8.967934;5.70014:9.023234;5.594065:9.050665;5.52481:9.062689;5.401364:9.140291;5.331876:9.148235;5.239161:9.171144,sigma3_eth_seed42,3
ETH:biwi_eth:52:2860,ETH,biwi_eth:52,2860,tril,0.0097013907507061,0.0170951299369335,8.09:8.84;8.09:8.84;8.09:8.84;8.09:8.84;8.09:8.84;8.09:8.84;8.09:8.84;8.09:8.84,8.09:8.84;8.09:8.84;8.09:8.84;8.09:8.84;8.09:8.84;8.09:8.84;8.09:8.84;8.09:8.84;8.09:8.84;8.09:8.84;8.09:8.84;8.09:8.84,8.08682:8.842155;8.085196:8.843083;8.087212:8.84375;8.085554:8.842483;8.080265:8.84045;8.080458:8.84052;8.081985:8.841901;8.079044:8.839796;8.077733:8.838663;8.075887:8.839046;8.074976:8.840037;8.072907:8.840288,sigma3_eth_seed42,3
ETH:biwi_eth:52:2870,ETH,biwi_eth:52,2870,tril,0.0097013907507061,0.0170951299369335,8.09:8.84;8.09:8.84;8.09:8.84;8.09:8.84;8.09:8.84;8.09:8.84;8.09:8.84;8.09:8.84,8.09:8.84;8.09:8.84;8.09:8.84;8.09:8.84;8.09:8.84;8.09:8.84;8.09:8.84;8.09:8.84;8.09:8.84;8.09:8.84;8.09:8.84;8.09:8.84,8.08682:8.842155;8.085196:8.843083;8.087212:8.84375;8.085554:8.842483;8.080265:8.84045;8.080458:8.84052;8.081985:8.841901;8.079044:8.839796;8.077733:8.838663;8.075887:8.839046;8.074976:8.840037;8.072907:8.840288,sigma3_eth_seed42,3
ETH:biwi_eth:52:2880,ETH,biwi_eth:52,2880,tril,0.008520295843482,0.0029219817370176,8.09:8.84;8.09:8.84;8.09:8.84;8.09:8.84;8.09:8.84;8.09:8.84;8.09:8.84;8.09:8.84,8.09:8.84;8.09:8.84;8.09:8.84;8.09:8.84;8.09:8.84;8.09:8.84;8.09:8.84;8.09:8.84;8.09:8.84;8.09:8.84;8.09:8.84;8.07:8.84,8.08682:8.842155;8.085196:8.843083;8.087212:8.84375;8.085554:8.842483;8.080265:8.84045;8.080458:8.84052;8.081985:8.841901;8.079044:8.839796;8.077733:8.838663;8.075887:8.839046;8.074976:8.840037;8.072907:8.840288,sigma3_eth_seed42,3
ETH:biwi_eth:52:2890,ETH,biwi_eth:52,2890,tril,0.0095321089029312,0.0251115560531616,8.09:8.84;8.09:8.84;8.09:8.84;8.09:8.84;8.09:8.84;8.09:8.84;8.09:8.84;8.09:8.84,8.09:8.84;8.09:8.84;8.09:8.84;8.09:8.84;8.09:8.84;8.09:8.84;8.09:8.84;8.09:8.84;8.09:8.84;8.09:8.84;8.07:8.84;8.05:8.83,8.08682:8.842155;8.085196:8.843083;8.087212:8.84375;8.085554:8.842483;8.080265:8.84045;8.080458:8.84052;8.081985:8.841901;8.079044:8.839796;8.077733:8.838663;8.075887:8.839046;8.074976:8.840037;8.072907:8.840288,sigma3_eth_seed42,3
ETH:biwi_eth:52:2900,ETH,biwi_eth:52,2900,tril,0.0124481506645679,0.0463450439274311,8.09:8.84;8.09:8.84;8.09:8.84;8.09:8.84;8.09:8.84;8.09:8.84;8.09:8.84;8.09:8.84,8.09:8.84;8.09:8.84;8.09:8.84;8.09:8.84;8.09:8.84;8.09:8.84;8.09:8.84;8.09:8.84;8.09:8.84;8.07:8.84;8.05:8.83;8.05:8.8,8.08682:8.842155;8.085196:8.843083;8.087212:8.84375;8.085554:8.842483;8.080265:8.84045;8.080458:8.84052;8.081985:8.841901;8.079044:8.839796;8.077733:8.838663;8.075887:8.839046;8.074976:8.840037;8.072907:8.840288,sigma3_eth_seed42,3
ETH:biwi_eth:52:2910,ETH,biwi_eth:52,2910,tril,0.0155512848868966,0.0463450439274311,8.09:8.84;8.09:8.84;8.09:8.84;8.09:8.84;8.09:8.84;8.09:8.84;8.09:8.84;8.09:8.84,8.09:8.84;8.09:8.84;8.09:8.84;8.09:8.84;8.09:8.84;8.09:8.84;8.09:8.84;8.09:8.84;8.07:8.84;8.05:8.83;8.05:8.8;8.05:8.8,8.08682:8.842155;8.085196:8.843083;8.087212:8.84375;8.085554:8.842483;8.080265:8.84045;8.080458:8.84052;8.081985:8.841901;8.079044:8.839796;8.077733:8.838663;8.075887:8.839046;8.074976:8.840037;8.072907:8.840288,sigma3_eth_seed42,3
ETH:biwi_eth:52:2920,ETH,biwi_eth:52,2920,tril,0.0187780987471342,0.0463450439274311,8.09:8.84;8.09:8.84;8.09:8.84;8.09:8.84;8.09:8.84;8.09:8.84;8.09:8.84;8.09:8.84,8.09:8.84;8.09:8.84;8.09:8.84;8.09:8.84;8.09:8.84;8.09:8.84;8.09:8.84;8.07:8.84;8.05:8.83;8.05:8.8;8.05:8.8;8.05:8.8,8.08682:8.842155;8.085196:8.843083;8.087212:8.84375;8.085554:8.842483;8.080265:8.84045;8.080458:8.84052;8.081985:8.841901;8.079044:8.839796;8.077733:8.838663;8.075887:8.839046;8.074976:8.840037;8.072907:8.840288,sigma3_eth_seed42,3
ETH:biwi_eth:52:2930,ETH,biwi_eth:52,2930,tril,0.0224472377449274,0.0463450439274311,8.09:8.84;8.09:8.84;8.09:8.84;8.09:8.84;8.09:8.84;8.09:8.84;8.09:8.84;8.09:8.84,8.09:8.84;8.09:8.84;8.09:8.84;8.09:8.84;8.09:8.84;8.09:8.84;8.07:8.84;8.05:8.83;8.05:8.8;8.05:8.8;8.05:8.8;8.05:8.8,8.08682:8.842155;8.085196:8.843083;8.087212:8.84375;8.085554:8.842483;8.080265:8.84045;8.080458:8.84052;8.081985:8.841901;8.079044:8.839796;8.077733:8.838663;8.075887:8.839046;8.074976:8.840037;8.072907:8.840288,sigma3_eth_seed42,3
ETH:biwi_eth:52:2940,ETH,biwi_eth:52,2940,tril,0.025907402858138,0.0463450439274311,8.09:8.84;8.09:8.84;8.09:8.84;8.09:8.84;8.09:8.84;8.09:8.84;8.09:8.84;8.09:8.84,8.09:8.84;8.09:8.84;8.09:8.84;8.09:8.84;8.09:8.84;8.07:8.84;8.05:8.83;8.05:8.8;8.05:8.8;8.05:8.8;8.05:8.8;8.05:8.8,8.08682:8.842155;8.085196:8.843083;8.087212:8.84375;8.085554:8.842483;8.080265:8.84045;8.080458:8.84052;8.081985:8.841901;8.079044:8.839796;8.077733:8.838663;8.075887:8.839046;8.074976:8.840037;8.072907:8.840288,sigma3_eth_seed42,3
ETH:biwi_eth:52:2950,ETH,biwi_eth:52,2950,tril,0.0293130632489919,0.0463450439274311,8.09:8.84;8.09:8.84;8.09:8.84;8.09:8.84;8.09:8.84;8.09:8.84;8.09:8.84;8.09:8.84,8.09:8.84;8.09:8.84;8.09:8.84;8.09:8.84;8.07:8.84;8.05:8.83;8.05:8.8;8.05:8.8;8.05:8.8;8.05:8.8;8.05:8.8;8.05:8.8,8.08682:8.842155;8.085196:8.843083;8.087212:8.84375;8.085554:8.842483;8.080265:8.84045;8.080458:8.84052;8.081985:8.841901;8.079044:8.839796;8.077733:8.838663;8.075887:8.839046;8.074976:8.840037;8.072907:8.840288,sigma3_eth_seed42,3
ETH:biwi_eth:52:2960,ETH,biwi_eth:52,2960,tril,0.0335521847009658,0.0463450439274311,8.09:8.84;8.09:8.84;8.09:8.84;8.09:8.84;8.09:8.84;8.09:8.84;8.09:8.84;8.09:8.84,8.09:8.84;8.09:8.84;8.09:8.84;8.07:8.84;8.05:8.83;8.05:8.8;8.05:8.8;8.05:8.8;8.05:8.8;8.05:8.8;8.05:8.8;8.05:8.8,8.08682:8.842155;8.085196:8.843083;8.087212:8.84375;8.085554:8.842483;8.080265:8.84045;8.080458:8.84052;8.081985:8.841901;8.079044:8.839796;8.077733:8.838663;8.075887:8.839046;8.074976:8.840037;8.072907:8.840288,sigma3_eth_seed42,3
ETH:biwi_eth:52:2970,ETH,biwi_eth:52,2970,tril,0.0379999838769435,0.0463450439274311,8.09:8.84;8.09:8.84;8.09:8.84;8.09:8.84;8.09:8.84;8.09:8.84;8.09:8.84;8.09:8.84,8.09:8.84;8.09:8.84;8.07:8.84;8.05:8.83;8.05:8.8;8.05:8.8;8.05:8.8;8.05:8.8;8.05:8.8;8.05:8.8;8.05:8.8;8.05:8.8,8.08682:8.842155;8.085196:8.843083;8.087212:8.84375;8.085554:8.842483;8.080265:8.84045;8.080458:8.84052;8.081985:8.841901;8.079044:8.839796;8.077733:8.838663;8.075887:8.839046;8.074976:8.840037;8.072907:8.840288,sigma3_eth_seed42,3
ETH:biwi_eth:52:2980,ETH,biwi_eth:52,2980,tril,0.0421307198703289,0.0463450439274311,8.09:8.84;8.09:8.84;8.09:8.84;8.09:8.84;8.09:8.84;8.09:8.84;8.09:8.84;8.09:8.84,8.09:8.84;8.07:8.84;8.05:8.83;8.05:8.8;8.05:8.8;8.05:8.8;8.05:8.8;8.05:8.8;8.05:8.8;8.05:8.8;8.05:8.8;8.05:8.8,8.08682:8.842155;8.085196:8.843083;8.087212:8.84375;8.085554:8.842483;8.080265:8.84045;8.080458:8.84052;8.081985:8.841901;8.079044:8.839796;8.077733:8.838663;8.075887:8.839046;8.074976:8.840037;8.072907:8.840288,sigma3_eth_seed42,3
ETH:biwi_eth:52:2990,ETH,biwi_eth:52,2990,tril,0.0465409271419048,0.0463450439274311,8.09:8.84;8.09:8.84;8.09:8.84;8.09:8.84;8.09:8.84;8.09:8.84;8.09:8.84;8.09:8.84,8.07:8.84;8.05:8.83;8.05:8.8;8.05:8.8;8.05:8.8;8.05:8.8;8.05:8.8;8.05:8.8;8.05:8.8;8.05:8.8;8.05:8.8;8.05:8.8,8.08682:8.842155;8.085196:8.843083;8.087212:8.84375;8.085554:8.842483;8.080265:8.84045;8.080458:8.84052;8.081985:8.841901;8.079044:8.839796;8.077733:8.838663;8.075887:8.839046;8.074976:8.840037;8.072907:8.840288,sigma3_eth_seed42,3
ETH:biwi_eth:52:3000,ETH,biwi_eth:52,3000,tril,0.0594451762735843,0.0902618169784545,8.09:8.84;8.09:8.84;8.09:8.84;8.09:8.84;8.09:8.84;8.09:8.84;8.09:8.84;8.07:8.84,8.05:8.83;8.05:8.8;8.05:8.8;8.05:8.8;8.05:8.8;8.05:8.8;8.05:8.8;8.05:8.8;8.05:8.8;8.05:8.8;8.05:8.8;8.05:8.8,8.062272:8.844506;8.054506:8.849;8.048491:8.849356;8.036903:8.852553;8.030904:8.847952;8.017901:8.842853;8.020242:8.846109;8.005126:8.846144;7.991464:8.847988;7.984518:8.838243;7.986048:8.839959;7.969567:8.84096,sigma3_eth_seed42,3
ETH:biwi_eth:52:3010,ETH,biwi_eth:52,3010,tril,0.0592355132102966,0.0451802052557468,8.09:8.84;8.09:8.84;8.09:8.84;8.09:8.84;8.09:8.84;8.09:8.84;8.07:8.84;8.05:8.83,8.05:8.8;8.05:8.8;8.05:8.8;8.05:8.8;8.05:8.8;8.05:8.8;8.05:8.8;8.05:8.8;8.05:8.8;8.05:8.8;8.05:8.8;7.99:8.8,8.042537:8.83367;8.034856:8.837544;8.029371:8.83725;8.017881:8.84005;8.012094:8.834709;7.999308:8.828955;8.000983:8.831911;7.986613:8.832026;7.972521:8.833252;7.965639:8.822881;7.967556:8.823588;7.951754:8.824052,sigma3_eth_seed42,3
ETH:biwi_eth:52:3020,ETH,biwi_eth:52,3020,tril,0.0456062704324722,0.0777510628104209,8.09:8.84;8.09:8.84;8.09:8.84;8.09:8.84;8.09:8.84;8.07:8.84;8.05:8.83;8.05:8.8,8.05:8.8;8.05:8.8;8.05:8.8;8.05:8.8;8.05:8.8;8.05:8.8;8.05:8.8;8.05:8.8;8.05:8.8;8.05:8.8;7.99:8.8;7.96:8.77,8.049125:8.796067;8.044246:8.79012;8.050536:8.782958;8.040136:8.778735;8.035833:8.764513;8.038565:8.766633;8.02411:8.756104;8.026522:8.753275;8.020326:8.736382;8.009147:8.725829;8.015258:8.722035;8.009321:8.709895,sigma3_eth_seed42,3
ETH:biwi_eth:52:3030,ETH,biwi_eth:52,3030,tril,0.0269396249204874,0.0565534681081771,8.09:8.84;8.09:8.84;8.09:8.84;8.09:8.84;8.07:8.84;8.05:8.83;8.05:8.8;8.05:8.8,8.05:8.8;8.05:8.8;8.05:8.8;8.05:8.8;8.05:8.8;8.05:8.8;8.05:8.8;8.05:8.8;8.05:8.8;7.99:8.8;7.96:8.77;7.96:8.77,8.045266:8.803185;8.042192:8.807892;8.039818:8.806044;8.036266:8.808146;8.033427:8.80385;8.026217:8.802647;8.02736:8.80643;8.020001:8.808474;8.013873:8.815687;8.011992:8.807715;8.010341:8.809134;8.000986:8.808968,sigma3_eth_seed42,3
ETH:biwi_eth:52:3040,ETH,biwi_eth:52,3040,tril,0.0321057103574276,0.0830185711383819,8.09:8.84;8.09:8.84;8.09:8.84;8.07:8.84;8.05:8.83;8.05:8.8;8.05:8.8;8.05:8.8,8.05:8.8;8.05:8.8;8.05:8.8;8.05:8.8;8.05:8.8;8.05:8.8;8.05:8.8;8.05:8.8;7.99:8.8;7.96:8.77;7.96:8.77;7.96:8.77,8.050703:8.797949;8.048859:8.798893;8.054759:8.794513;8.051674:8.793379;8.050332:8.785089;8.05071:8.782768;8.045721:8.782901;8.047341:8.783966;8.041911:8.779273;8.038563:8.771969;8.043799:8.766471;8.042551:8.761202,sigma3_eth_seed42,3
ETH:biwi_eth:52:3050,ETH,biwi_eth:52,3050,tril,0.0371636450290679,0.0839370265603065,8.09:8.84;8.09:8.84;8.07:8.84;8.05:8.83;8.05:8.8;8.05:8.8;8.05:8.8;8.05:8.8,8.05:8.8;8.05:8.8;8.05:8.8;8.05:8.8;8.05:8.8;8.05:8.8;8.05:8.8;7.99:8.8;7.96:8.77;7.96:8.77;7.96:8.77;7.96:8.77,8.049418:8.800012;8.048874:8.802127;8.052427:8.797423;8.052089:8.796947;8.051036:8.789927;8.051441:8.792377;8.046961:8.792407;8.048375:8.794239;8.047263:8.796732;8.045929:8.789575;8.045602:8.78898;8.042732:8.784171,sigma3_eth_seed42,3
ETH:biwi_eth:56:2860,ETH,biwi_eth:56,2860,tril,1.2636886835098269,2.1312344074249268,12.32:3.35;12.42:3.22;12.49:3.21;12.65:3.36;12.79:3.45;12.79:3.47;12.79:3.38;12.78:3.16,12.78:3.08;12.78:3.08;12.78:3.08;12.78:3.08;12.78:3.08;12.78:3.15;12.82:3.24;12.82:3.24;12.82:3.24;12.82:3.2;12.82:3.11;12.82:3.01,12.81409:2.941886;12.84454:2.731071;12.88866:2.528175;12.91869:2.319041;12.92527:2.126861;12.94393:1.941523;12.93157:1.746429;12.95423:1.596568;12.9299:1.404045;12.91313:1.250977;12.90952:1.032737;12.90528:0.8804724,sigma3_eth_seed42,3
ETH:biwi_eth:56:2870,ETH,biwi_eth:56,2870,tril,0.5901488065719604,0.9309382438659668,12.42:3.22;12.49:3.21;12.65:3.36;12.79:3.45;12.79:3.47;12.79:3.38;12.78:3.16;12.78:3.08,12.78:3.08;12.78:3.08;12.78:3.08;12.78:3.08;12.78:3.15;12.82:3.24;12.82:3.24;12.82:3.24;12.82:3.2;12.82:3.11;12.82:3.01;12.82:3.01,12.77091:2.995173;12.79667:2.899563;12.82274:2.79854;12.82577:2.715118;12.81734:2.635956;12.82902:2.562618;12.77335:2.487073;12.80117:2.448215;12.78966:2.354199;12.72865:2.303875;12.73392:2.179397;12.72428:2.083995,sigma3_eth_seed42,3
ETH:biwi_eth:56:2880,ETH,biwi_eth:56,2880,tril,0.1006936058402061,0.1427504271268844,12.49:3.21;12.65:3.36;12.79:3.45;12.79:3.47;12.79:3.38;12.78:3.16;12.78:3.08;12.78:3.08,12.78:3.08;12.78:3.08;12.78:3.08;12.78:3.15;12.82:3.24;12.82:3.24;12.82:3.24;12.82:3.2;12.82:3.11;12.82:3.01;12.82:3.01;12.59:3.01,12.77594:3.083576;12.77033:3.087113;12.7696:3.087421;12.76048:3.089102;12.75562:3.084368;12.74984:3.0832;12.74917:3.084087;12.74056:3.083446;12.73231:3.079856;12.72518:3.073978;12.72883:3.074754;12.71789:3.073415,sigma3_eth_seed42,3
ETH:biwi_eth:56:2890,ETH,biwi_eth:56,2890,tril,0.1082391440868377,0.1683312654495239,12.65:3.36;12.79:3.45;12.79:3.47;12.79:3.38;12.78:3.16;12.78:3.08;12.78:3.08;12.78:3.08,12.78:3.08;12.78:3.08;12.78:3.15;12.82:3.24;12.82:3.24;12.82:3.24;12.82:3.2;12.82:3.11;12.82:3.01;12.82:3.01;12.59:3.01;12.59:3.01,12.77795:3.083115;12.7737:3.086394;12.77589:3.087911;12.76963:3.089602;12.76687:3.084993;12.7638:3.084417;12.76299:3.085386;12.75781:3.086115;12.751:3.081851;12.74654:3.077271;12.75071:3.076309;12.7445:3.076811,sigma3_eth_seed42,3
ETH:biwi_eth:56:2900,ETH,biwi_eth:56,2900,tril,0.1288185566663742,0.192680537700653,12.79:3.45;12.79:3.47;12.79:3.38;12.78:3.16;12.78:3.08;12.78:3.08;12.78:3.08;12.78:3.08,12.78:3.08;12.78:3.15;12.82:3.24;12.82:3.24;12.82:3.24;12.82:3.2;12.82:3.11;12.82:3.01;12.82:3.01;12.59:3.01;12.59:3.01;12.59:3.01,12.7811:3.091765;12.77182:3.102215;12.7702:3.105225;12.76447:3.10304;12.74899:3.105124;12.7596:3.145228;12.74357:3.1329;12.74233:3.127684;12.76402:3.125878;12.75189:3.136726;12.73574:3.164431;12.71899:3.153132,sigma3_eth_seed42,3
ETH:biwi_eth:56:2910,ETH,biwi_eth:56,2910,tril,0.1414244025945663,0.1924657076597213,12.79:3.47;12.79:3.38;12.78:3.16;12.78:3.08;12.78:3.08;12.78:3.08;12.78:3.08;12.78:3.08,12.78:3.15;12.82:3.24;12.82:3.24;12.82:3.24;12.82:3.2;12.82:3.11;12.82:3.01;12.82:3.01;12.59:3.01;12.59:3.01;12.59:3.01;12.59:3.01,12.77972:3.083299;12.77912:3.085438;12.78288:3.081896;12.78117:3.0813;12.77816:3.075309;12.78329:3.087961;12.77492:3.083042;12.77774:3.082904;12.78327:3.082709;12.77846:3.079048;12.77567:3.086002;12.76995:3.07827,sigma3_eth_seed42,3
ETH:biwi_eth:56:2920,ETH,biwi_eth:56,2920,tril,0.4471762478351593,0.8158489465713501,12.79:3.38;12.78:3.16;12.78:3.08;12.78:3.08;12.78:3.08;12.78:3.08;12.78:3.08;12.78:3.15,12.82:3.24;12.82:3.24;12.82:3.24;12.82:3.2;12.82:3.11;12.82:3.01;12.82:3.01;12.59:3.01;12.59:3.01;12.59:3.01;12.59:3.01;12.59:3.01,12.78473:3.217263;12.81756:3.274132;12.83827:3.330118;12.85994:3.367149;12.86226:3.440635;12.8945:3.479004;12.93515:3.533592;12.93735:3.5536;12.98976:3.565963;12.97116:3.659832;12.99676:3.678741;13.00699:3.711232,sigma3_eth_seed42,3
ETH:biwi_eth:56:2930,ETH,biwi_eth:56,2930,tril,0.7104832530021667,1.1658846139907837,12.78:3.16;12.78:3.08;12.78:3.08;12.78:3.08;12.78:3.08;12.78:3.08;12.78:3.15;12.82:3.24,12.82:3.24;12.82:3.24;12.82:3.2;12.82:3.11;12.82:3.01;12.82:3.01;12.59:3.01;12.59:3.01;12.59:3.01;12.59:3.01;12.59:3.01;12.59:3.01,12.84789:3.322729;12.90574:3.398302;12.95421:3.463658;12.99538:3.5141;13.01071:3.605433;13.07148:3.659492;13.11513:3.73191;13.14685:3.766456;13.21939:3.784171;13.20258:3.900299;13.24811:3.921278;13.27926:3.95032,sigma3_eth_seed42,3
ETH:biwi_eth:56:2940,ETH,biwi_eth:56,2940,tril,0.2368383854627609,0.3406074941158294,12.78:3.08;12.78:3.08;12.78:3.08;12.78:3.08;12.78:3.08;12.78:3.15;12.82:3.24;12.82:3.24,12.82:3.24;12.82:3.2;12.82:3.11;12.82:3.01;12.82:3.01;12.59:3.01;12.59:3.01;12.59:3.01;12.59:3.01;12.59:3.01;12.59:3.01;12.54:3.01,12.81752:3.239816;12.81495:3.242638;12.81579:3.240032;12.81573:3.239941;12.81416:3.234117;12.80969:3.232188;12.80886:3.235004;12.80611:3.237909;12.80108:3.243451;12.80239:3.235942;12.8001:3.233168;12.79704:3.23348,sigma3_eth_seed42,3
ETH:biwi_eth:56:2950,ETH,biwi_eth:56,2950,tril,0.2549445331096649,0.3256294429302215,12.78:3.08;12.78:3.08;12.78:3.08;12.78:3.08;12.78:3.15;12.82:3.24;12.82:3.24;12.82:3.24,12.82:3.2;12.82:3.11;12.82:3.01;12.82:3.01;12.59:3.01;12.59:3.01;12.59:3.01;12.59:3.01;12.59:3.01;12.59:3.01;12.54:3.01;12.52:3.01,12.81544:3.239734;12.81043:3.243207;12.80821:3.240316;12.80391:3.24179;12.8018:3.23479;12.79103:3.227229;12.79183:3.232046;12.78379:3.23555;12.77132:3.241871;12.77109:3.229756;12.77099:3.225399;12.76317:3.226574,sigma3_eth_seed42,3
ETH:biwi_eth:56:2960,ETH,biwi_eth:56,2960,tril,0.2538476288318634,0.3264428377151489,12.78:3.08;12.78:3.08;12.78:3.08;12.78:3.15;12.82:3.24;12.82:3.24;12.82:3.24;12.82:3.2,12.82:3.11;12.82:3.01;12.82:3.01;12.59:3.01;12.59:3.01;12.59:3.01;12.59:3.01;12.59:3.01;12.59:3.01;12.54:3.01;12.52:3.01;12.52:3.01,12.82702:3.190613;12.82279:3.186294;12.83682:3.178395;12.83115:3.173231;12.83088:3.156842;12.83766:3.154706;12.82178:3.147173;12.83235:3.147372;12.82419:3.127712;12.81901:3.116328;12.83057:3.104137;12.83585:3.092494,sigma3_eth_seed42,3
ETH:biwi_eth:56:2970,ETH,biwi_eth:56,2970,tril,0.4734966456890106,0.8732854723930359,12.78:3.08;12.78:3.08;12.78:3.15;12.82:3.24;12.82:3.24;12.82:3.24;12.82:3.2;12.82:3.11,12.82:3.01;12.82:3.01;12.59:3.01;12.59:3.01;12.59:3.01;12.59:3.01;12.59:3.01;12.59:3.01;12.54:3.01;12.52:3.01;12.52:3.01;12.55:3.1,12.82543:3.046109;12.86264:2.96909;12.89749:2.895087;12.91857:2.827107;12.92949:2.76738;12.95563:2.710764;12.93674:2.648416;12.96764:2.612441;12.98252:2.533953;12.95084:2.501507;12.96707:2.403721;12.97323:2.336125,sigma3_eth_seed42,3
ETH:biwi_eth:56:2980,ETH,biwi_eth:56,2980,tril,0.5495982766151428,1.0665147304534912,12.78:3.08;12.78:3.15;12.82:3.24;12.82:3.24;12.82:3.24;12.82:3.2;12.82:3.11;12.82:3.01,12.82:3.01;12.59:3.01;12.59:3.01;12.59:3.01;12.59:3.01;12.59:3.01;12.59:3.01;12.54:3.01;12.52:3.01;12.52:3.01;12.55:3.1;12.6:3.23,12.80802:2.940323;12.82961:2.85557;12.84967:2.77507;12.85489:2.703198;12.85057:2.635862;12.86286:2.57912;12.81872:2.509142;12.83898:2.472764;12.83529:2.391276;12.7873:2.352166;12.78346:2.249947;12.77669:2.178223,sigma3_eth_seed42,3
ETH:biwi_eth:79:4330,ETH,biwi_eth:79,4330,tril,0.6924825310707092,1.3624476194381714,-3.78:5.15;-3.09:5.12;-2.34:5.19;-1.61:5.17;-0.84:5.31;-0.13:5.27;0.61:5.36;1.38:5.43,2.19:5.68;2.94:5.83;3.73:5.95;4.53:6.04;5.37:6.03;6.19:6;7.09:6;7.95:5.99;8.8:6.04;9.68:6.04;10.51:5.99;11.33:5.98,2.124905:5.496554;2.863641:5.551481;3.605083:5.596699;4.322659:5.677825;5.073342:5.685095;5.774719:5.719524;6.487937:5.759005;7.202354:5.821944;7.847064:5.918054;8.581644:5.857926;9.284539:5.930237;9.967609:5.967534,sigma3_eth_seed42,3
