sample_id,scene,pedestrian_id,start_frame,mask_direction,ADE,FDE,observed_trajectory,ground_truth_future,predicted_future,run_id,sigma
ETH:biwi_eth:11:1050,ETH,biwi_eth:11,1050,triu,1.955907940864563,3.930277585983277,12.51:6.19;11.54:6.03;10.96:5.97;10.29:6.12;9.88:6.21;9.54:6.09;8.87:5.99;8.04:5.66,7.17:5.45;6.43:5.23;5.67:5.16;4.94:4.95;4.26:4.71;3.54:4.54;2.82:4.35;2.16:4.19;1.39:3.97;0.71:3.72;0.01:3.41;-0.63:3.08,7.160005:5.706828;6.149561:5.734731;5.400556:5.880223;4.642148:5.95936;3.842355:5.956325;3.037274:6.245344;1.917319:6.212306;1.165456:6.333118;0.3191152:6.627261;-0.488595:6.576813;-1.28145:6.552262;-2.10372:6.723519,sigma3_eth_seed42,3
ETH:biwi_eth:126:6420,ETH,biwi_eth:126,6420,triu,0.7150843739509583,1.366074562072754,-5.19:6.38;-4.3:6.5;-3.36:6.56;-2.42:6.51;-1.39:6.39;-0.56:6.38;0.26:6.18;1.27:6.02,2.25:5.84;3.14:5.65;4.08:5.47;5:5.31;5.9:5.29;6.75:5.23;7.65:5.14;8.49:5.03;9.31:4.97;10.08:5.01;10.86:4.96;11.57:4.74,2.229267:5.956364;3.238985:5.932067;4.176153:5.904344;5.183257:5.807266;6.141224:5.844372;7.132144:5.810524;8.05157:5.730597;9.009905:5.650596;9.960224:5.623387;10.81348:5.608692;11.73887:5.671909;12.63911:5.590386,sigma3_eth_seed42,3
ETH:biwi_eth:127:6420,ETH,biwi_eth:127,6420,triu,0.4707113802433014,0.5527989268302917,-5.45:7.31;-4.56:7.42;-3.66:7.48;-2.72:7.42;-1.59:7.31;-0.59:7.22;0.36:7.14;1.32:7.05,2.28:6.9;3.16:6.66;4.1:6.43;5.01:6.31;5.92:6.23;6.84:6.22;7.72:6.19;8.67:6.17;9.53:6.23;10.39:6.23;11.2:6.25;12.02:6.08,2.223693:6.986648;3.166837:6.959095;4.054006:6.936796;5.001706:6.842102;5.903748:6.867874;6.83286:6.83913;7.689983:6.759511;8.589476:6.690623;9.486605:6.657056;10.2986:6.642982;11.14761:6.692495;11.99824:6.63237,sigma3_eth_seed42,3
ETH:biwi_eth:12:1050,ETH,biwi_eth:12,1050,triu,1.3380168676376345,3.0742669105529785,12.09:6.95;11.4:6.93;10.7:6.87;10.07:6.73;9.45:6.51;8.9:6.33;8.21:6.23;7.49:6.06,6.73:5.97;5.98:5.8;5.21:5.74;4.45:5.61;3.76:5.6;3.03:5.39;2.28:5.24;1.57:5.06;0.83:4.87;0.11:4.68;-0.65:4.3;-1.48:3.9,6.799775:6.095366;6.08576:6.132622;5.438088:6.197681;4.810291:6.24154;4.185958:6.246117;3.539588:6.393487;2.816008:6.397323;2.186898:6.475318;1.59848:6.590673;1.02881:6.592931;0.4428067:6.576987;-0.160717:6.676798,sigma3_eth_seed42,3
ETH:biwi_eth:171:8120,ETH,biwi_eth:171,8120,triu,0.595664381980896,0.6124599575996399,-0.68:8.4;-0.71:8.35;-0.91:8.42;-1.08:8.47;-1.24:8.36;-1.53:8.27;-1.87:8.41;-1.91:8.44,-2.31:8.41;-2.66:8.63;-2.66:8.63;-2.66:8.63;-2.66:8.63;-2.69:8.56;-2.69:8.52;-2.39:8.73;-2.1:8.77;-1.72:8.74;-1.55:8.62;-1.52:8.59,-1.91956:8.446926;-1.950522:8.43553;-1.950745:8.466568;-1.952378:8.4604;-1.976404:8.482613;-1.963562:8.472797;-1.993665:8.456868;-1.989033:8.46245;-2.025862:8.467868;-2.074243:8.453083;-2.106735:8.484282;-2.124773:8.493268,sigma3_eth_seed42,3
ETH:biwi_eth:171:8130,ETH,biwi_eth:171,8130,triu,2.744171380996704,5.515458106994629,-0.71:8.35;-0.91:8.42;-1.08:8.47;-1.24:8.36;-1.53:8.27;-1.87:8.41;-1.91:8.44;-2.31:8.41,-2.66:8.63;-2.66:8.63;-2.66:8.63;-2.66:8.63;-2.69:8.56;-2.69:8.52;-2.39:8.73;-2.1:8.77;-1.72:8.74;-1.55:8.62;-1.52:8.59;-1.52:8.59,-2.742853:8.440346;-3.170616:8.465671;-3.590008:8.482561;-4.010536:8.529875;-4.406788:8.525046;-4.826738:8.575405;-5.211647:8.596724;-5.610776:8.647937;-5.976925:8.675138;-6.312169:8.69041;-6.682126:8.683361;-7.033481:8.737685,sigma3_eth_seed42,3
ETH:biwi_eth:171:8140,ETH,biwi_eth:171,8140,triu,2.9090232849121094,5.459990978240967,-0.91:8.42;-1.08:8.47;-1.24:8.36;-1.53:8.27;-1.87:8.41;-1.91:8.44;-2.31:8.41;-2.66:8.63,-2.66:8.63;-2.66:8.63;-2.66:8.63;-2.69:8.56;-2.69:8.52;-2.39:8.73;-2.1:8.77;-1.72:8.74;-1.55:8.62;-1.52:8.59;-1.52:8.59;-1.52:8.59,-3.033641:8.669772;-3.445107:8.676657;-3.785098:8.72342;-4.144587:8.785497;-4.494006:8.770094;-4.858267:8.86092;-5.276545:8.855416;-5.594139:8.932767;-5.959313:9.011125;-6.283045:9.011801;-6.631672:8.988496;-6.959223:9.06577,sigma3_eth_seed42,3
ETH:biwi_eth:171:8150,ETH,biwi_eth:171,8150,triu,0.5204789638519287,0.8899213075637817,-1.08:8.47;-1.24:8.36;-1.53:8.27;-1.87:8.41;-1.91:8.44;-2.31:8.41;-2.66:8.63;-2.66:8.63,-2.66:8.63;-2.66:8.63;-2.69:8.56;-2.69:8.52;-2.39:8.73;-2.1:8.77;-1.72:8.74;-1.55:8.62;-1.52:8.59;-1.52:8.59;-1.52:8.59;-1.52:8.59,-2.635018:8.625531;-2.61219:8.63339;-2.591038:8.645859;-2.556693:8.636121;-2.537392:8.675303;-2.501194:8.667779;-2.46659:8.655416;-2.475919:8.659709;-2.440749:8.66571;-2.43362:8.643838;-2.402858:8.667907;-2.405771:8.675841,sigma3_eth_seed42,3
ETH:biwi_eth:171:8160,ETH,biwi_eth:171,8160,triu,0.7112457156181335,1.0884056091308594,-1.24:8.36;-1.53:8.27;-1.87:8.41;-1.91:8.44;-2.31:8.41;-2.66:8.63;-2.66:8.63;-2.66:8.63,-2.66:8.63;-2.69:8.56;-2.69:8.52;-2.39:8.73;-2.1:8.77;-1.72:8.74;-1.55:8.62;-1.52:8.59;-1.52:8.59;-1.52:8.59;-1.52:8.59;-1.52:8.59,-2.65502:8.63028;-2.65266:8.631168;-2.648307:8.633063;-2.645815:8.634857;-2.642906:8.637389;-2.637381:8.634053;-2.627497:8.636335;-2.63199:8.636086;-2.623856:8.631299;-2.617466:8.627111;-2.611516:8.626125;-2.607735:8.628195,sigma3_eth_seed42,3
ETH:biwi_eth:171:8170,ETH,biwi_eth:171,8170,triu,0.8069257736206055,1.095686912536621,-1.53:8.27;-1.87:8.41;-1.91:8.44;-2.31:8.41;-2.66:8.63;-2.66:8.63;-2.66:8.63;-2.66:8.63,-2.69:8.56;-2.69:8.52;-2.39:8.73;-2.1:8.77;-1.72:8.74;-1.55:8.62;-1.52:8.59;-1.52:8.59;-1.52:8.59;-1.52:8.59;-1.52:8.59;-1.52:8.59,-2.656644:8.630565;-2.64808:8.628306;-2.646451:8.626721;-2.643538:8.629927;-2.641829:8.620797;-2.634762:8.632184;-2.638437:8.623215;-2.628955:8.624032;-2.625776:8.619944;-2.621932:8.6239;-2.62383:8.614328;-2.615472:8.611687,sigma3_eth_seed42,3
ETH:biwi_eth:171:8180,ETH,biwi_eth:171,8180,triu,0.8029469847679138,0.5846593976020813,-1.87:8.41;-1.91:8.44;-2.31:8.41;-2.66:8.63;-2.66:8.63;-2.66:8.63;-2.66:8.63;-2.69:8.56,-2.69:8.52;-2.39:8.73;-2.1:8.77;-1.72:8.74;-1.55:8.62;-1.52:8.59;-1.52:8.59;-1.52:8.59;-1.52:8.59;-1.52:8.59;-1.52:8.59;-1.97:8.35,-2.6717:8.558787;-2.660977:8.561235;-2.642652:8.575446;-2.617548:8.565075;-2.607698:8.592557;-2.573518:8.582118;-2.554032:8.578494;-2.551373:8.571956;-2.53214:8.574705;-2.536272:8.5608;-2.511467:8.581891;-2.508277:8.578221,sigma3_eth_seed42,3
ETH:biwi_eth:171:8190,ETH,biwi_eth:171,8190,triu,0.9864723086357116,0.6867040991783142,-1.91:8.44;-2.31:8.41;-2.66:8.63;-2.66:8.63;-2.66:8.63;-2.66:8.63;-2.69:8.56;-2.69:8.52,-2.39:8.73;-2.1:8.77;-1.72:8.74;-1.55:8.62;-1.52:8.59;-1.52:8.59;-1.52:8.59;-1.52:8.59;-1.52:8.59;-1.52:8.59;-1.97:8.35;-2.04:8.35,-2.694875:8.52485;-2.69301:8.525094;-2.701295:8.517917;-2.712301:8.528643;-2.718407:8.517755;-2.721921:8.522779;-2.714914:8.521152;-2.719615:8.52095;-2.721855:8.51406;-2.719393:8.515092;-2.716254:8.499302;-2.712537:8.488767,sigma3_eth_seed42,3
ETH:biwi_eth:171:8200,ETH,biwi_eth:171,8200,triu,0.5729451179504395,1.748517394065857,-2.31:8.41;-2.66:8.63;-2.66:8.63;-2.66:8.63;-2.66:8.63;-2.69:8.56;-2.69:8.52;-2.39:8.73,-2.1:8.77;-1.72:8.74;-1.55:8.62;-1.52:8.59;-1.52:8.59;-1.52:8.59;-1.52:8.59;-1.52:8.59;-1.52:8.59;-1.97:8.35;-2.04:8.35;-2.41:8.33,-2.23668:8.75272;-2.101271:8.750527;-1.946458:8.738222;-1.826988:8.798784;-1.681852:8.780746;-1.563201:8.793382;-1.415141:8.796642;-1.272908:8.830284;-1.162666:8.861476;-1.021821:8.849873;-0.859215:8.810959;-0.7292457:8.812056,sigma3_eth_seed42,3
ETH:biwi_eth:171:8210,ETH,biwi_eth:171,8210,triu,1.745505690574646,4.274660110473633,-2.66:8.63;-2.66:8.63;-2.66:8.63;-2.66:8.63;-2.69:8.56;-2.69:8.52;-2.39:8.73;-2.1:8.77,-1.72:8.74;-1.55:8.62;-1.52:8.59;-1.52:8.59;-1.52:8.59;-1.52:8.59;-1.52:8.59;-1.52:8.59;-1.97:8.35;-2.04:8.35;-2.41:8.33;-2.62:8.16,-1.775247:8.779274;-1.463956:8.764517;-1.137096:8.74534;-0.8409625:8.775834;-0.5326003:8.736619;-0.2235868:8.744891;0.07328367:8.742983;0.4113295:8.736587;0.6928067:8.742344;0.9854195:8.750896;1.304825:8.702299;1.624602:8.66604,sigma3_eth_seed42,3
ETH:biwi_eth:171:8220,ETH,biwi_eth:171,8220,triu,2.3800089359283447,5.186529636383057,-2.66:8.63;-2.66:8.63;-2.66:8.63;-2.69:8.56;-2.69:8.52;-2.39:8.73;-2.1:8.77;-1.72:8.74,-1.55:8.62;-1.52:8.59;-1.52:8.59;-1.52:8.59;-1.52:8.59;-1.52:8.59;-1.52:8.59;-1.97:8.35;-2.04:8.35;-2.41:8.33;-2.62:8.16;-2.83:7.99,-1.365322:8.748855;-1.023698:8.74185;-0.6718255:8.727803;-0.3474125:8.753902;-0.02304828:8.740993;0.3262727:8.741961;0.6462712:8.744469;1.010521:8.731383;1.319687:8.741351;1.612682:8.762829;1.967849:8.738149;2.308504:8.694177,sigma3_eth_seed42,3
ETH:biwi_eth:171:8230,ETH,biwi_eth:171,8230,triu,1.46684467792511,3.1942126750946045,-2.66:8.63;-2.66:8.63;-2.69:8.56;-2.69:8.52;-2.39:8.73;-2.1:8.77;-1.72:8.74;-1.55:8.62,-1.52:8.59;-1.52:8.59;-1.52:8.59;-1.52:8.59;-1.52:8.59;-1.52:8.59;-1.97:8.35;-2.04:8.35;-2.41:8.33;-2.62:8.16;-2.83:7.99;-2.83:7.99,-1.385317:8.631715;-1.229352:8.632988;-1.067337:8.623011;-0.92383:8.653864;-0.7734958:8.648566;-0.6184556:8.656832;-0.4620105:8.658555;-0.3078272:8.66296;-0.1675096:8.681191;-0.0295347:8.679921;0.1524069:8.654131;0.299083:8.631744,sigma3_eth_seed42,3
ETH:biwi_eth:171:8240,ETH,biwi_eth:171,8240,triu,0.7200457453727722,1.5739740133285522,-2.66:8.63;-2.69:8.56;-2.69:8.52;-2.39:8.73;-2.1:8.77;-1.72:8.74;-1.55:8.62;-1.52:8.59,-1.52:8.59;-1.52:8.59;-1.52:8.59;-1.52:8.59;-1.52:8.59;-1.97:8.35;-2.04:8.35;-2.41:8.33;-2.62:8.16;-2.83:7.99;-2.83:7.99;-2.83:7.99,-1.500995:8.58835;-1.506784:8.586507;-1.480881:8.620003;-1.449765:8.601337;-1.444004:8.647808;-1.404759:8.624975;-1.399477:8.621299;-1.395193:8.618785;-1.388673:8.627832;-1.411209:8.605201;-1.401409:8.653099;-1.408637:8.666108,sigma3_eth_seed42,3
ETH:biwi_eth:171:8250,ETH,biwi_eth:171,8250,triu,0.8302169442176819,1.574468016624451,-2.69:8.56;-2.69:8.52;-2.39:8.73;-2.1:8.77;-1.72:8.74;-1.55:8.62;-1.52:8.59;-1.52:8.59,-1.52:8.59;-1.52:8.59;-1.52:8.59;-1.52:8.59;-1.97:8.35;-2.04:8.35;-2.41:8.33;-2.62:8.16;-2.83:7.99;-2.83:7.99;-2.83:7.99;-2.83:7.99,-1.50333:8.58987;-1.500854:8.59108;-1.482016:8.609165;-1.462252:8.600348;-1.457717:8.62818;-1.427245:8.614415;-1.416009:8.615393;-1.4123:8.611091;-1.400012:8.612714;-1.409617:8.603534;-1.394871:8.627879;-1.391873:8.63089,sigma3_eth_seed42,3
ETH:biwi_eth:171:8260,ETH,biwi_eth:171,8260,triu,0.9273965358734132,1.5487136840820312,-2.69:8.52;-2.39:8.73;-2.1:8.77;-1.72:8.74;-1.55:8.62;-1.52:8.59;-1.52:8.59;-1.52:8.59,-1.52:8.59;-1.52:8.59;-1.52:8.59;-1.97:8.35;-2.04:8.35;-2.41:8.33;-2.62:8.16;-2.83:7.99;-2.83:7.99;-2.83:7.99;-2.83:7.99;-2.83:7.99,-1.50867:8.589459;-1.503139:8.591749;-1.492029:8.597674;-1.481118:8.595732;-1.473717:8.60737;-1.458863:8.600104;-1.444505:8.604375;-1.446525:8.601331;-1.432654:8.600002;-1.427385:8.593145;-1.411678:8.600447;-1.407199:8.60168,sigma3_eth_seed42,3
ETH:biwi_eth:171:8270,ETH,biwi_eth:171,8270,triu,1.0738850831985474,1.6331336498260498,-2.39:8.73;-2.1:8.77;-1.72:8.74;-1.55:8.62;-1.52:8.59;-1.52:8.59;-1.52:8.59;-1.52:8.59,-1.52:8.59;-1.52:8.59;-1.97:8.35;-2.04:8.35;-2.41:8.33;-2.62:8.16;-2.83:7.99;-2.83:7.99;-2.83:7.99;-2.83:7.99;-2.83:7.99;-2.91:8.04,-1.503963:8.587132;-1.500186:8.589687;-1.482797:8.60613;-1.46239:8.593866;-1.455956:8.62215;-1.427634:8.606542;-1.414613:8.610471;-1.414711:8.603445;-1.397817:8.602806;-1.403322:8.593984;-1.387427:8.619628;-1.384677:8.623536,sigma3_eth_seed42,3
ETH:biwi_eth:171:8280,ETH,biwi_eth:171,8280,triu,1.13585102558136,1.5475069284439087,-2.1:8.77;-1.72:8.74;-1.55:8.62;-1.52:8.59;-1.52:8.59;-1.52:8.59;-1.52:8.59;-1.52:8.59,-1.52:8.59;-1.97:8.35;-2.04:8.35;-2.41:8.33;-2.62:8.16;-2.83:7.99;-2.83:7.99;-2.83:7.99;-2.83:7.99;-2.83:7.99;-2.91:8.04;-2.92:8.02,-1.516245:8.589613;-1.51227:8.588821;-1.508921:8.588449;-1.506535:8.592032;-1.501498:8.586643;-1.500411:8.59185;-1.499894:8.590303;-1.499081:8.592673;-1.494036:8.590645;-1.484949:8.588837;-1.483872:8.582418;-1.480024:8.586787,sigma3_eth_seed42,3
ETH:biwi_eth:171:8290,ETH,biwi_eth:171,8290,triu,1.2552214860916138,1.5966039896011353,-1.72:8.74;-1.55:8.62;-1.52:8.59;-1.52:8.59;-1.52:8.59;-1.52:8.59;-1.52:8.59;-1.52:8.59,-1.97:8.35;-2.04:8.35;-2.41:8.33;-2.62:8.16;-2.83:7.99;-2.83:7.99;-2.83:7.99;-2.83:7.99;-2.83:7.99;-2.91:8.04;-2.92:8.02;-3.01:8.06,-1.519573:8.589088;-1.513459:8.590886;-1.516493:8.588869;-1.517199:8.590855;-1.517007:8.591;-1.516135:8.593212;-1.512631:8.591601;-1.515816:8.592054;-1.510233:8.586557;-1.506366:8.58854;-1.505835:8.588124;-1.503692:8.589322,sigma3_eth_seed42,3
ETH:biwi_eth:171:8300,ETH,biwi_eth:171,8300,triu,2.2732503414154053,4.442856788635254,-1.55:8.62;-1.52:8.59;-1.52:8.59;-1.52:8.59;-1.52:8.59;-1.52:8.59;-1.52:8.59;-1.97:8.35,-2.04:8.35;-2.41:8.33;-2.62:8.16;-2.83:7.99;-2.83:7.99;-2.83:7.99;-2.83:7.99;-2.83:7.99;-2.91:8.04;-2.92:8.02;-3.01:8.06;-3.05:8.05,-2.433957:8.392764;-2.967579:8.398422;-3.376282:8.482194;-3.798494:8.541789;-4.229187:8.533586;-4.668964:8.681049;-5.251719:8.656778;-5.644248:8.753778;-6.104228:8.893336;-6.529332:8.877239;-6.963794:8.850029;-7.398983:8.958473,sigma3_eth_seed42,3
ETH:biwi_eth:171:8310,ETH,biwi_eth:171,8310,triu,0.658970296382904,0.6779391169548035,-1.52:8.59;-1.52:8.59;-1.52:8.59;-1.52:8.59;-1.52:8.59;-1.52:8.59;-1.97:8.35;-2.04:8.35,-2.41:8.33;-2.62:8.16;-2.83:7.99;-2.83:7.99;-2.83:7.99;-2.83:7.99;-2.83:7.99;-2.91:8.04;-2.92:8.02;-3.01:8.06;-3.05:8.05;-3.05:8.05,-2.07469:8.355648;-2.101067:8.35064;-2.138401:8.351684;-2.175898:8.35435;-2.221737:8.344531;-2.238054:8.35108;-2.268421:8.335399;-2.285891:8.334609;-2.321023:8.315297;-2.361067:8.326965;-2.408829:8.318166;-2.422682:8.307049,sigma3_eth_seed42,3
ETH:biwi_eth:171:8320,ETH,biwi_eth:171,8320,triu,1.2871108055114746,2.407623767852783,-1.52:8.59;-1.52:8.59;-1.52:8.59;-1.52:8.59;-1.52:8.59;-1.97:8.35;-2.04:8.35;-2.41:8.33,-2.62:8.16;-2.83:7.99;-2.83:7.99;-2.83:7.99;-2.83:7.99;-2.83:7.99;-2.91:8.04;-2.92:8.02;-3.01:8.06;-3.05:8.05;-3.05:8.05;-3.05:8.05,-2.681598:8.345701;-2.957181:8.362936;-3.221066:8.383311;-3.483725:8.40257;-3.735356:8.42663;-3.998329:8.425928;-4.217334:8.446226;-4.490838:8.477703;-4.718678:8.483269;-4.934834:8.476313;-5.172711:8.501949;-5.40555:8.548033,sigma3_eth_seed42,3
ETH:biwi_eth:171:8330,ETH,biwi_eth:171,8330,triu,1.024320125579834,1.9084570407867432,-1.52:8.59;-1.52:8.59;-1.52:8.59;-1.52:8.59;-1.97:8.35;-2.04:8.35;-2.41:8.33;-2.62:8.16,-2.83:7.99;-2.83:7.99;-2.83:7.99;-2.83:7.99;-2.83:7.99;-2.91:8.04;-2.92:8.02;-3.01:8.06;-3.05:8.05;-3.05:8.05;-3.05:8.05;-3.05:8.05,-2.818763:8.187403;-3.035853:8.191813;-3.222051:8.209868;-3.431957:8.259041;-3.62376:8.254001;-3.831272:8.274722;-4.016323:8.281177;-4.198729:8.335563;-4.396712:8.353973;-4.559494:8.355037;-4.757624:8.348263;-4.925879:8.401124,sigma3_eth_seed42,3
ETH:biwi_eth:171:8340,ETH,biwi_eth:171,8340,triu,0.6429703831672668,1.1590062379837036,-1.52:8.59;-1.52:8.59;-1.52:8.59;-1.97:8.35;-2.04:8.35;-2.41:8.33;-2.62:8.16;-2.83:7.99,-2.83:7.99;-2.83:7.99;-2.83:7.99;-2.83:7.99;-2.91:8.04;-2.92:8.02;-3.01:8.06;-3.05:8.05;-3.05:8.05;-3.05:8.05;-3.05:8.05;-3.05:8.05,-2.946614:8.015663;-3.04987:8.027537;-3.174438:8.014832;-3.318336:8.085686;-3.426077:8.084534;-3.580977:8.098408;-3.643873:8.088026;-3.777226:8.166189;-3.893655:8.173636;-3.963928:8.168755;-4.087117:8.15484;-4.197561:8.212477,sigma3_eth_seed42,3
ETH:biwi_eth:171:8350,ETH,biwi_eth:171,8350,triu,0.1430212706327438,0.2428677827119827,-1.52:8.59;-1.52:8.59;-1.97:8.35;-2.04:8.35;-2.41:8.33;-2.62:8.16;-2.83:7.99;-2.83:7.99,-2.83:7.99;-2.83:7.99;-2.83:7.99;-2.91:8.04;-2.92:8.02;-3.01:8.06;-3.05:8.05;-3.05:8.05;-3.05:8.05;-3.05:8.05;-3.05:8.05;-3.05:8.05,-2.831486:7.995168;-2.828065:7.995573;-2.832547:7.989777;-2.8404:8.000493;-2.844147:7.991791;-2.843995:7.995645;-2.835281:7.995256;-2.83689:7.994716;-2.837439:7.989403;-2.834579:7.99025;-2.827552:7.976694;-2.822049:7.966195,sigma3_eth_seed42,3
ETH:biwi_eth:171:8360,ETH,biwi_eth:171,8360,triu,0.1613441258668899,0.2722799479961395,-1.52:8.59;-1.97:8.35;-2.04:8.35;-2.41:8.33;-2.62:8.16;-2.83:7.99;-2.83:7.99;-2.83:7.99,-2.83:7.99;-2.83:7.99;-2.91:8.04;-2.92:8.02;-3.01:8.06;-3.05:8.05;-3.05:8.05;-3.05:8.05;-3.05:8.05;-3.05:8.05;-3.05:8.05;-2.6:8.07,-2.83071:7.999034;-2.838042:7.992109;-2.835359:8.005557;-2.831995:8.01;-2.83892:8.019354;-2.824557:8.016295;-2.827736:8.00423;-2.816726:8.006398;-2.836877:8.013643;-2.859943:7.99891;-2.859117:8.011836;-2.864097:8.00375,sigma3_eth_seed42,3
ETH:biwi_eth:171:8370,ETH,biwi_eth:171,8370,triu,0.1992912739515304,0.3581874668598175,-1.97:8.35;-2.04:8.35;-2.41:8.33;-2.62:8.16;-2.83:7.99;-2.83:7.99;-2.83:7.99;-2.83:7.99,-2.83:7.99;-2.91:8.04;-2.92:8.02;-3.01:8.06;-3.05:8.05;-3.05:8.05;-3.05:8.05;-3.05:8.05;-3.05:8.05;-3.05:8.05;-2.6:8.07;-2.51:7.78,-2.830734:7.989644;-2.830513:7.986794;-2.831111:7.985248;-2.83305:7.987685;-2.831434:7.977588;-2.833559:7.980758;-2.829643:7.97668;-2.83407:7.978781;-2.830437:7.970076;-2.819649:7.965121;-2.825635:7.953378;-2.821514:7.956798,sigma3_eth_seed42,3
ETH:biwi_eth:171:8380,ETH,biwi_eth:171,8380,triu,0.2454135417938232,0.4808916747570038,-2.04:8.35;-2.41:8.33;-2.62:8.16;-2.83:7.99;-2.83:7.99;-2.83:7.99;-2.83:7.99;-2.83:7.99,-2.91:8.04;-2.92:8.02;-3.01:8.06;-3.05:8.05;-3.05:8.05;-3.05:8.05;-3.05:8.05;-3.05:8.05;-3.05:8.05;-2.6:8.07;-2.51:7.78;-2.38:7.73,-2.826548:7.988878;-2.820538:7.988514;-2.818635:7.988452;-2.815555:7.989505;-2.812559:7.986711;-2.808272:7.991218;-2.806957:7.987371;-2.805684:7.98841;-2.799145:7.983581;-2.792902:7.98402;-2.793612:7.980469;-2.788788:7.983277,sigma3_eth_seed42,3
ETH:biwi_eth:171:8390,ETH,biwi_eth:171,8390,triu,0.2899892032146454,1.235057353973389,-2.41:8.33;-2.62:8.16;-2.83:7.99;-2.83:7.99;-2.83:7.99;-2.83:7.99;-2.83:7.99;-2.91:8.04,-2.92:8.02;-3.01:8.06;-3.05:8.05;-3.05:8.05;-3.05:8.05;-3.05:8.05;-3.05:8.05;-3.05:8.05;-2.6:8.07;-2.51:7.78;-2.38:7.73;-1.91:7.79,-2.925442:8.043523;-2.943751:8.041507;-2.959624:8.04694;-2.980925:8.049552;-3.008974:8.04833;-3.014038:8.049582;-3.031775:8.043974;-3.044261:8.045621;-3.060766:8.032244;-3.084358:8.041069;-3.114144:8.036942;-3.12002:8.037421,sigma3_eth_seed42,3
ETH:biwi_eth:171:8400,ETH,biwi_eth:171,8400,triu,0.3965929746627807,1.4141180515289309,-2.62:8.16;-2.83:7.99;-2.83:7.99;-2.83:7.99;-2.83:7.99;-2.83:7.99;-2.91:8.04;-2.92:8.02,-3.01:8.06;-3.05:8.05;-3.05:8.05;-3.05:8.05;-3.05:8.05;-3.05:8.05;-3.05:8.05;-2.6:8.07;-2.51:7.78;-2.38:7.73;-1.91:7.79;-1.54:7.72,-2.918262:8.018847;-2.919752:8.022532;-2.919809:8.024311;-2.923115:8.026011;-2.925053:8.032762;-2.925744:8.026364;-2.917031:8.032418;-2.931304:8.034335;-2.922322:8.026486;-2.91742:8.025949;-2.91798:8.027784;-2.918268:8.036397,sigma3_eth_seed42,3
ETH:biwi_eth:171:8410,ETH,biwi_eth:171,8410,triu,0.789957582950592,2.5288238525390625,-2.83:7.99;-2.83:7.99;-2.83:7.99;-2.83:7.99;-2.83:7.99;-2.91:8.04;-2.92:8.02;-3.01:8.06,-3.05:8.05;-3.05:8.05;-3.05:8.05;-3.05:8.05;-3.05:8.05;-3.05:8.05;-2.6:8.07;-2.51:7.78;-2.38:7.73;-1.91:7.79;-1.54:7.72;-1.04:7.8,-3.056098:8.065589;-3.10463:8.058462;-3.14889:8.075372;-3.189544:8.069207;-3.245986:8.083002;-3.268776:8.070255;-3.306778:8.056046;-3.339543:8.057005;-3.393746:8.042886;-3.457239:8.037446;-3.518832:8.060522;-3.555366:8.060543,sigma3_eth_seed42,3
ETH:biwi_eth:171:8420,ETH,biwi_eth:171,8420,triu,0.7907037734985352,2.497196674346924,-2.83:7.99;-2.83:7.99;-2.83:7.99;-2.83:7.99;-2.91:8.04;-2.92:8.02;-3.01:8.06;-3.05:8.05,-3.05:8.05;-3.05:8.05;-3.05:8.05;-3.05:8.05;-3.05:8.05;-2.6:8.07;-2.51:7.78;-2.38:7.73;-1.91:7.79;-1.54:7.72;-1.04:7.8;-0.62:7.82,-3.058719:8.054288;-3.058828:8.055083;-3.071738:8.045729;-3.08751:8.057086;-3.096722:8.043746;-3.105584:8.04983;-3.099592:8.047832;-3.109964:8.048731;-3.112824:8.039093;-3.109595:8.041275;-3.111471:8.02187;-3.109755:8.012649,sigma3_eth_seed42,3
ETH:biwi_eth:171:8430,ETH,biwi_eth:171,8430,triu,0.9822056889533995,2.8688454627990723,-2.83:7.99;-2.83:7.99;-2.83:7.99;-2.91:8.04;-2.92:8.02;-3.01:8.06;-3.05:8.05;-3.05:8.05,-3.05:8.05;-3.05:8.05;-3.05:8.05;-3.05:8.05;-2.6:8.07;-2.51:7.78;-2.38:7.73;-1.91:7.79;-1.54:7.72;-1.04:7.8;-0.62:7.82;-0.16:7.77,-3.047301:8.053405;-3.044238:8.054691;-3.043516:8.052922;-3.046555:8.060448;-3.047282:8.058556;-3.0438:8.0582;-3.034022:8.060698;-3.036383:8.060521;-3.032661:8.056202;-3.028903:8.055878;-3.020788:8.049417;-3.015631:8.045042,sigma3_eth_seed42,3
ETH:biwi_eth:171:8440,ETH,biwi_eth:171,8440,triu,1.2789734601974487,3.349543571472168,-2.83:7.99;-2.83:7.99;-2.91:8.04;-2.92:8.02;-3.01:8.06;-3.05:8.05;-3.05:8.05;-3.05:8.05,-3.05:8.05;-3.05:8.05;-3.05:8.05;-2.6:8.07;-2.51:7.78;-2.38:7.73;-1.91:7.79;-1.54:7.72;-1.04:7.8;-0.62:7.82;-0.16:7.77;0.28:7.86,-3.052158:8.049552;-3.053632:8.04933;-3.056828:8.048592;-3.061235:8.050668;-3.063012:8.047288;-3.066186:8.046465;-3.06113:8.045963;-3.070879:8.047444;-3.067237:8.038777;-3.060916:8.035429;-3.065783:8.029625;-3.065042:8.033592,sigma3_eth_seed42,3
ETH:biwi_eth:171:8450,ETH,biwi_eth:171,8450,triu,1.5747036933898926,3.718801498413086,-2.83:7.99;-2.91:8.04;-2.92:8.02;-3.01:8.06;-3.05:8.05;-3.05:8.05;-3.05:8.05;-3.05:8.05,-3.05:8.05;-3.05:8.05;-2.6:8.07;-2.51:7.78;-2.38:7.73;-1.91:7.79;-1.54:7.72;-1.04:7.8;-0.62:7.82;-0.16:7.77;0.28:7.86;0.67:7.8,-3.049444:8.049285;-3.047315:8.046965;-3.047253:8.046535;-3.047893:8.048287;-3.048008:8.039743;-3.046609:8.046589;-3.048594:8.040256;-3.048914:8.042572;-3.045193:8.034904;-3.038707:8.035244;-3.046787:8.024971;-3.041771:8.028564,sigma3_eth_seed42,3
ETH:biwi_eth:171:8460,ETH,biwi_eth:171,8460,triu,1.9229841232299805,4.086710453033447,-2.91:8.04;-2.92:8.02;-3.01:8.06;-3.05:8.05;-3.05:8.05;-3.05:8.05;-3.05:8.05;-3.05:8.05,-3.05:8.05;-2.6:8.07;-2.51:7.78;-2.38:7.73;-1.91:7.79;-1.54:7.72;-1.04:7.8;-0.62:7.82;-0.16:7.77;0.28:7.86;0.67:7.8;1.02:7.75,-3.050862:8.049179;-3.050478:8.04673;-3.051691:8.0463;-3.053996:8.047904;-3.055466:8.03898;-3.05574:8.045137;-3.057886:8.038938;-3.0605:8.041547;-3.057461:8.032673;-3.051155:8.032632;-3.061511:8.021742;-3.05737:8.026149,sigma3_eth_seed42,3
ETH:biwi_eth:171:8470,ETH,biwi_eth:171,8470,triu,2.3053054809570312,4.515396118164063,-2.92:8.02;-3.01:8.06;-3.05:8.05;-3.05:8.05;-3.05:8.05;-3.05:8.05;-3.05:8.05;-3.05:8.05,-2.6:8.07;-2.51:7.78;-2.38:7.73;-1.91:7.79;-1.54:7.72;-1.04:7.8;-0.62:7.82;-0.16:7.77;0.28:7.86;0.67:7.8;1.02:7.75;1.44:7.87,-3.052575:8.049363;-3.051725:8.050065;-3.056463:8.05108;-3.058246:8.051184;-3.060759:8.053985;-3.061107:8.053528;-3.06132:8.052165;-3.066125:8.051635;-3.065845:8.047578;-3.067586:8.046416;-3.069685:8.050667;-3.071728:8.051966,sigma3_eth_seed42,3
ETH:biwi_eth:171:8480,ETH,biwi_eth:171,8480,triu,1.163995385169983,1.6200309991836548,-3.01:8.06;-3.05:8.05;-3.05:8.05;-3.05:8.05;-3.05:8.05;-3.05:8.05;-3.05:8.05;-2.6:8.07,-2.51:7.78;-2.38:7.73;-1.91:7.79;-1.54:7.72;-1.04:7.8;-0.62:7.82;-0.16:7.77;0.28:7.86;0.67:7.8;1.02:7.75;1.44:7.87;1.86:7.85,-2.077825:8.056331;-1.551674:8.046701;-1.038054:8.029334;-0.5227184:8.017424;-0.01879191:8.0264;0.5052121:8.006722;1.003468:7.992379;1.521889:7.959481;2.01452:7.956845;2.468516:7.960872;2.986458:7.969514;3.478541:7.919458,sigma3_eth_seed42,3
ETH:biwi_eth:171:8490,ETH,biwi_eth:171,8490,triu,1.9975312948226929,3.829472064971924,-3.05:8.05;-3.05:8.05;-3.05:8.05;-3.05:8.05;-3.05:8.05;-3.05:8.05;-2.6:8.07;-2.51:7.78,-2.38:7.73;-1.91:7.79;-1.54:7.72;-1.04:7.8;-0.62:7.82;-0.16:7.77;0.28:7.86;0.67:7.8;1.02:7.75;1.44:7.87;1.86:7.85;2.22:7.89,-2.417114:7.793726;-2.338144:7.801941;-2.249397:7.796874;-2.189054:7.848495;-2.10973:7.857677;-2.053902:7.866364;-1.958145:7.861262;-1.904815:7.915032;-1.831512:7.931985;-1.74392:7.927529;-1.670892:7.908715;-1.608999:7.950216,sigma3_eth_seed42,3
ETH:biwi_eth:171:8500,ETH,biwi_eth:171,8500,triu,1.9015828371047971,3.3778891563415527,-3.05:8.05;-3.05:8.05;-3.05:8.05;-3.05:8.05;-3.05:8.05;-2.6:8.07;-2.51:7.78;-2.38:7.73,-1.91:7.79;-1.54:7.72;-1.04:7.8;-0.62:7.82;-0.16:7.77;0.28:7.86;0.67:7.8;1.02:7.75;1.44:7.87;1.86:7.85;2.22:7.89;2.6:8.01,-2.24332:7.722477;-2.108914:7.72154;-1.973049:7.717609;-1.830648:7.707385;-1.693111:7.708629;-1.551269:7.710151;-1.412817:7.701969;-1.301492:7.686233;-1.156945:7.688342;-1.027125:7.66629;-0.874799:7.650252;-0.7564156:7.629724,sigma3_eth_seed42,3
ETH:biwi_eth:171:8510,ETH,biwi_eth:171,8510,triu,0.19676573574543,0.4522277116775512,-3.05:8.05;-3.05:8.05;-3.05:8.05;-3.05:8.05;-2.6:8.07;-2.51:7.78;-2.38:7.73;-1.91:7.79,-1.54:7.72;-1.04:7.8;-0.62:7.82;-0.16:7.77;0.28:7.86;0.67:7.8;1.02:7.75;1.44:7.87;1.86:7.85;2.22:7.89;2.6:8.01;3.04:7.99,-1.470821:7.776734;-1.03818:7.752659;-0.5957861:7.734142;-0.1646101:7.729383;0.2719964:7.691044;0.6957334:7.690196;1.106558:7.666153;1.54776:7.652472;1.960768:7.63816;2.379957:7.629462;2.782714:7.591625;3.210048:7.570961,sigma3_eth_seed42,3
ETH:biwi_eth:171:8520,ETH,biwi_eth:171,8520,triu,0.5360674262046814,0.9783642888069152,-3.05:8.05;-3.05:8.05;-3.05:8.05;-2.6:8.07;-2.51:7.78;-2.38:7.73;-1.91:7.79;-1.54:7.72,-1.04:7.8;-0.62:7.82;-0.16:7.77;0.28:7.86;0.67:7.8;1.02:7.75;1.44:7.87;1.86:7.85;2.22:7.89;2.6:8.01;3.04:7.99;3.5:8.06,-1.176998:7.723322;-0.825202:7.707798;-0.4610097:7.689724;-0.1215005:7.710049;0.2256153:7.676777;0.5754888:7.681321;0.9087727:7.674303;1.28177:7.664263;1.605239:7.665909;1.932303:7.672953;2.283462:7.632424;2.637682:7.597827,sigma3_eth_seed42,3
ETH:biwi_eth:171:8530,ETH,biwi_eth:171,8530,triu,0.1698760390281677,0.3464932143688202,-3.05:8.05;-3.05:8.05;-2.6:8.07;-2.51:7.78;-2.38:7.73;-1.91:7.79;-1.54:7.72;-1.04:7.8,-0.62:7.82;-0.16:7.77;0.28:7.86;0.67:7.8;1.02:7.75;1.44:7.87;1.86:7.85;2.22:7.89;2.6:8.01;3.04:7.99;3.5:8.06;3.94:8.17,-0.5823554:7.808571;-0.1302111:7.816495;0.3118423:7.810474;0.7373352:7.827135;1.131066:7.86734;1.612649:7.862288;2.00942:7.864928;2.481549:7.832751;2.882299:7.855785;3.201345:7.912313;3.673483:7.936522;4.098216:7.861738,sigma3_eth_seed42,3
ETH:biwi_eth:171:8540,ETH,biwi_eth:171,8540,triu,0.257612019777298,0.6225777864456177,-3.05:8.05;-2.6:8.07;-2.51:7.78;-2.38:7.73;-1.91:7.79;-1.54:7.72;-1.04:7.8;-0.62:7.82,-0.16:7.77;0.28:7.86;0.67:7.8;1.02:7.75;1.44:7.87;1.86:7.85;2.22:7.89;2.6:8.01;3.04:7.99;3.5:8.06;3.94:8.17;4.33:8.23,-0.1828526:7.810866;0.2499955:7.790583;0.6878482:7.770597;1.114188:7.771347;1.5454:7.739538;1.96964:7.737109;2.381452:7.718358;2.822598:7.701777;3.229774:7.693694;3.637956:7.688529;4.052755:7.655933;4.476356:7.624869,sigma3_eth_seed42,3
ETH:biwi_eth:171:8550,ETH,biwi_eth:171,8550,triu,0.3405117690563202,0.7997552752494812,-2.6:8.07;-2.51:7.78;-2.38:7.73;-1.91:7.79;-1.54:7.72;-1.04:7.8;-0.62:7.82;-0.16:7.77,0.28:7.86;0.67:7.8;1.02:7.75;1.44:7.87;1.86:7.85;2.22:7.89;2.6:8.01;3.04:7.99;3.5:8.06;3.94:8.17;4.33:8.23;4.73:8.38,0.2738959:7.761596;0.702065:7.743152;1.13608:7.725024;1.557591:7.72623;1.981634:7.699479;2.404411:7.696183;2.810559:7.679333;3.24756:7.662675;3.650616:7.655588;4.049595:7.654248;4.461249:7.625502;4.880332:7.594501,sigma3_eth_seed42,3
ETH:biwi_eth:171:8560,ETH,biwi_eth:171,8560,triu,0.3021212518215179,0.7309104204177856,-2.51:7.78;-2.38:7.73;-1.91:7.79;-1.54:7.72;-1.04:7.8;-0.62:7.82;-0.16:7.77;0.28:7.86,0.67:7.8;1.02:7.75;1.44:7.87;1.86:7.85;2.22:7.89;2.6:8.01;3.04:7.99;3.5:8.06;3.94:8.17;4.33:8.23;4.73:8.38;5.04:8.46,0.7164297:7.863531;1.152459:7.859441;1.579972:7.840366;1.994452:7.855814;2.403786:7.859393;2.841218:7.849287;3.253295:7.84955;3.697025:7.822583;4.090341:7.835018;4.452079:7.851197;4.906882:7.847461;5.319964:7.784833,sigma3_eth_seed42,3
ETH:biwi_eth:171:8570,ETH,biwi_eth:171,8570,triu,0.4349757432937622,0.9754748344421388,-2.38:7.73;-1.91:7.79;-1.54:7.72;-1.04:7.8;-0.62:7.82;-0.16:7.77;0.28:7.86;0.67:7.8,1.02:7.75;1.44:7.87;1.86:7.85;2.22:7.89;2.6:8.01;3.04:7.99;3.5:8.06;3.94:8.17;4.33:8.23;4.73:8.38;5.04:8.46;5.33:8.54,1.065733:7.790477;1.451734:7.762277;1.854477:7.741685;2.239336:7.745308;2.637941:7.688372;3.011493:7.695583;3.379743:7.671196;3.782111:7.664663;4.150201:7.64981;4.543127:7.637269;4.898656:7.580262;5.290357:7.565331,sigma3_eth_seed42,3
ETH:biwi_eth:171:8580,ETH,biwi_eth:171,8580,triu,0.7271973490715027,1.4102668762207031,-1.91:7.79;-1.54:7.72;-1.04:7.8;-0.62:7.82;-0.16:7.77;0.28:7.86;0.67:7.8;1.02:7.75,1.44:7.87;1.86:7.85;2.22:7.89;2.6:8.01;3.04:7.99;3.5:8.06;3.94:8.17;4.33:8.23;4.73:8.38;5.04:8.46;5.33:8.54;5.87:8.6,1.360213:7.743542;1.684042:7.710215;2.036648:7.689859;2.362356:7.701166;2.709848:7.623399;3.020098:7.640241;3.329887:7.614662;3.680189:7.618358;3.992199:7.600467;4.349307:7.585238;4.63721:7.506136;4.98248:7.504025,sigma3_eth_seed42,3
ETH:biwi_eth:171:8590,ETH,biwi_eth:171,8590,triu,0.3631170690059662,0.6769934892654419,-1.54:7.72;-1.04:7.8;-0.62:7.82;-0.16:7.77;0.28:7.86;0.67:7.8;1.02:7.75;1.44:7.87,1.86:7.85;2.22:7.89;2.6:8.01;3.04:7.99;3.5:8.06;3.94:8.17;4.33:8.23;4.73:8.38;5.04:8.46;5.33:8.54;5.87:8.6;6.27:8.5,1.861337:7.878544;2.282174:7.877295;2.693295:7.857888;3.088367:7.880605;3.477906:7.886861;3.902251:7.878713;4.298024:7.883363;4.730314:7.856179;5.103717:7.874293;5.442628:7.896181;5.89134:7.892954;6.289668:7.823292,sigma3_eth_seed42,3
ETH:biwi_eth:171:8600,ETH,biwi_eth:171,8600,triu,0.690032958984375,1.0296955108642578,-1.04:7.8;-0.62:7.82;-0.16:7.77;0.28:7.86;0.67:7.8;1.02:7.75;1.44:7.87;1.86:7.85,2.22:7.89;2.6:8.01;3.04:7.99;3.5:8.06;3.94:8.17;4.33:8.23;4.73:8.38;5.04:8.46;5.33:8.54;5.87:8.6;6.27:8.5;6.7:8.4,2.321213:7.827484;2.776721:7.794198;3.245483:7.773918;3.707728:7.757206;4.180079:7.701493;4.619041:7.702533;5.053706:7.666099;5.514314:7.655204;5.958073:7.628839;6.423831:7.60579;6.827908:7.555737;7.280842:7.549767,sigma3_eth_seed42,3
ETH:biwi_eth:171:8610,ETH,biwi_eth:171,8610,triu,0.6557686924934387,0.964513063430786,-0.62:7.82;-0.16:7.77;0.28:7.86;0.67:7.8;1.02:7.75;1.44:7.87;1.86:7.85;2.22:7.89,2.6:8.01;3.04:7.99;3.5:8.06;3.94:8.17;4.33:8.23;4.73:8.38;5.04:8.46;5.33:8.54;5.87:8.6;6.27:8.5;6.7:8.4;6.96:8.4,2.567911:7.896263;2.906196:7.879037;3.256136:7.857159;3.579677:7.883383;3.916641:7.840341;4.247973:7.848205;4.571094:7.841822;4.932912:7.833177;5.239654:7.836866;5.56063:7.839793;5.902845:7.789958;6.245658:7.751925,sigma3_eth_seed42,3
ETH:biwi_eth:171:8620,ETH,biwi_eth:171,8620,triu,0.3832806348800659,0.3691312372684479,-0.16:7.77;0.28:7.86;0.67:7.8;1.02:7.75;1.44:7.87;1.86:7.85;2.22:7.89;2.6:8.01,3.04:7.99;3.5:8.06;3.94:8.17;4.33:8.23;4.73:8.38;5.04:8.46;5.33:8.54;5.87:8.6;6.27:8.5;6.7:8.4;6.96:8.4;6.96:8.4,2.991444:8.021719;3.373749:8.0252;3.754948:8.014098;4.1129:8.040051;4.457618:8.05811;4.85705:8.051534;5.208842:8.061256;5.609659:8.03793;5.949481:8.057842;6.240973:8.09531;6.651503:8.09862;7.018438:8.035523,sigma3_eth_seed42,3
ETH:biwi_eth:171:8630,ETH,biwi_eth:171,8630,triu,0.7952155470848083,1.5166102647781372,0.28:7.86;0.67:7.8;1.02:7.75;1.44:7.87;1.86:7.85;2.22:7.89;2.6:8.01;3.04:7.99,3.5:8.06;3.94:8.17;4.33:8.23;4.73:8.38;5.04:8.46;5.33:8.54;5.87:8.6;6.27:8.5;6.7:8.4;6.96:8.4;6.96:8.4;7.2:7.95,3.52187:7.968908;4.00152:7.940777;4.486971:7.920327;4.969098:7.903789;5.456672:7.8628;5.921762:7.858442;6.379148:7.826448;6.859672:7.809538;7.321776:7.788489;7.79223:7.770193;8.230336:7.734136;8.698571:7.716782,sigma3_eth_seed42,3
ETH:biwi_eth:171:8640,ETH,biwi_eth:171,8640,triu,0.5969212651252747,1.4102416038513184,0.67:7.8;1.02:7.75;1.44:7.87;1.86:7.85;2.22:7.89;2.6:8.01;3.04:7.99;3.5:8.06,3.94:8.17;4.33:8.23;4.73:8.38;5.04:8.46;5.33:8.54;5.87:8.6;6.27:8.5;6.7:8.4;6.96:8.4;6.96:8.4;7.2:7.95;7.23:7.85,3.943776:8.062222;4.388069:8.057471;4.82295:8.037855;5.246267:8.051366;5.664727:8.054474;6.109093:8.043471;6.529886:8.042591;6.980231:8.014957;7.382099:8.026313;7.75308:8.040401;8.214627:8.037038;8.634714:7.974737,sigma3_eth_seed42,3
ETH:biwi_eth:171:8650,ETH,biwi_eth:171,8650,triu,0.7427158951759338,1.970880508422852,1.02:7.75;1.44:7.87;1.86:7.85;2.22:7.89;2.6:8.01;3.04:7.99;3.5:8.06;3.94:8.17,4.33:8.23;4.73:8.38;5.04:8.46;5.33:8.54;5.87:8.6;6.27:8.5;6.7:8.4;6.96:8.4;6.96:8.4;7.2:7.95;7.23:7.85;7.23:7.85,4.393593:8.171878;4.848639:8.168279;5.29227:8.149021;5.725685:8.161324;6.15208:8.168811;6.608272:8.156551;7.038054:8.155813;7.498009:8.126373;7.909305:8.138544;8.284888:8.154388;8.757963:8.155344;9.186144:8.090565,sigma3_eth_seed42,3
ETH:biwi_eth:171:8660,ETH,biwi_eth:171,8660,triu,0.6542139649391174,1.8914424180984497,1.44:7.87;1.86:7.85;2.22:7.89;2.6:8.01;3.04:7.99;3.5:8.06;3.94:8.17;4.33:8.23,4.73:8.38;5.04:8.46;5.33:8.54;5.87:8.6;6.27:8.5;6.7:8.4;6.96:8.4;6.96:8.4;7.2:7.95;7.23:7.85;7.23:7.85;7.23:7.85,4.742931:8.23464;5.153068:8.227802;5.559597:8.208138;5.949534:8.226822;6.338816:8.219841;6.748595:8.213826;7.137325:8.213263;7.559042:8.190726;7.929059:8.201532;8.27818:8.214927;8.704663:8.200512;9.098542:8.143435,sigma3_eth_seed42,3
ETH:biwi_eth:171:8670,ETH,biwi_eth:171,8670,triu,0.5913711786270142,1.7800416946411133,1.86:7.85;2.22:7.89;2.6:8.01;3.04:7.99;3.5:8.06;3.94:8.17;4.33:8.23;4.73:8.38,5.04:8.46;5.33:8.54;5.87:8.6;6.27:8.5;6.7:8.4;6.96:8.4;6.96:8.4;7.2:7.95;7.23:7.85;7.23:7.85;7.23:7.85;7.23:7.85,5.102873:8.394996;5.464691:8.399653;5.827438:8.389307;6.163378:8.420326;6.486194:8.437976;6.867499:8.43397;7.19812:8.44621;7.58256:8.424646;7.90091:8.447152;8.170877:8.488785;8.564667:8.489861;8.914351:8.425771,sigma3_eth_seed42,3
ETH:biwi_eth:171:8680,ETH,biwi_eth:171,8680,triu,0.6052961349487305,1.3209569454193115,2.22:7.89;2.6:8.01;3.04:7.99;3.5:8.06;3.94:8.17;4.33:8.23;4.73:8.38;5.04:8.46,5.33:8.54;5.87:8.6;6.27:8.5;6.7:8.4;6.96:8.4;6.96:8.4;7.2:7.95;7.23:7.85;7.23:7.85;7.23:7.85;7.23:7.85;7.2:7.88,5.338749:8.478666;5.620656:8.473582;5.917445:8.458968;6.176997:8.501127;6.440771:8.481333;6.732724:8.490015;6.994496:8.499579;7.309985:8.491721;7.555461:8.509199;7.791681:8.537673;8.09969:8.501977;8.389842:8.453762,sigma3_eth_seed42,3
ETH:biwi_eth:171:8690,ETH,biwi_eth:171,8690,triu,0.7498517036437988,1.547165870666504,2.6:8.01;3.04:7.99;3.5:8.06;3.94:8.17;4.33:8.23;4.73:8.38;5.04:8.46;5.33:8.54,5.87:8.6;6.27:8.5;6.7:8.4;6.96:8.4;6.96:8.4;7.2:7.95;7.23:7.85;7.23:7.85;7.23:7.85;7.23:7.85;7.2:7.88;7.07:7.94,5.61306:8.559593;5.878098:8.552653;6.160806:8.537153;6.404055:8.58184;6.65507:8.554581;6.928282:8.565834;7.175504:8.575076;7.476419:8.569989;7.706319:8.586649;7.93483:8.612598;8.225183:8.569499;8.502604:8.524266,sigma3_eth_seed42,3
ETH:biwi_eth:171:8700,ETH,biwi_eth:171,8700,triu,2.6649491786956787,5.931171894073486,3.04:7.99;3.5:8.06;3.94:8.17;4.33:8.23;4.73:8.38;5.04:8.46;5.33:8.54;5.87:8.6,6.27:8.5;6.7:8.4;6.96:8.4;6.96:8.4;7.2:7.95;7.23:7.85;7.23:7.85;7.23:7.85;7.23:7.85;7.2:7.88;7.07:7.94;6.81:7.86,6.456165:8.581862;7.053873:8.575802;7.626458:8.557648;8.211016:8.536093;8.776053:8.563106;9.371727:8.535153;9.935698:8.518981;10.51572:8.475655;11.07347:8.474669;11.57363:8.480172;12.16459:8.509004;12.71208:8.446689,sigma3_eth_seed42,3
ETH:biwi_eth:171:8710,ETH,biwi_eth:171,8710,triu,1.884679198265076,4.501090049743652,3.5:8.06;3.94:8.17;4.33:8.23;4.73:8.38;5.04:8.46;5.33:8.54;5.87:8.6;6.27:8.5,6.7:8.4;6.96:8.4;6.96:8.4;7.2:7.95;7.23:7.85;7.23:7.85;7.23:7.85;7.23:7.85;7.2:7.88;7.07:7.94;6.81:7.86;6.51:7.74,6.674572:8.49507;7.071876:8.47484;7.478462:8.454935;7.868094:8.46303;8.265722:8.425593;8.655252:8.427098;9.033653:8.411411;9.444746:8.398756;9.816652:8.39282;10.19567:8.389627;10.5791:8.34953;10.97359:8.319789,sigma3_eth_seed42,3
ETH:biwi_eth:171:8720,ETH,biwi_eth:171,8720,triu,2.3313958644866943,5.259260654449463,3.94:8.17;4.33:8.23;4.73:8.38;5.04:8.46;5.33:8.54;5.87:8.6;6.27:8.5;6.7:8.4,6.96:8.4;6.96:8.4;7.2:7.95;7.23:7.85;7.23:7.85;7.23:7.85;7.23:7.85;7.2:7.88;7.07:7.94;6.81:7.86;6.51:7.74;6.16:7.76,7.105586:8.402841;7.506989:8.39255;7.90853:8.37253;8.29269:8.389716;8.679384:8.373835;9.078085:8.36997;9.459875:8.366258;9.87381:8.346773;10.23891:8.353632;10.59191:8.362323;11.0031:8.340084;11.39248:8.29005,sigma3_eth_seed42,3
ETH:biwi_eth:171:8730,ETH,biwi_eth:171,8730,triu,1.75758159160614,4.137310028076172,4.33:8.23;4.73:8.38;5.04:8.46;5.33:8.54;5.87:8.6;6.27:8.5;6.7:8.4;6.96:8.4,6.96:8.4;7.2:7.95;7.23:7.85;7.23:7.85;7.23:7.85;7.23:7.85;7.2:7.88;7.07:7.94;6.81:7.86;6.51:7.74;6.16:7.76;5.78:7.73,7.209201:8.391296;7.44991:8.370199;7.706131:8.35473;7.950058:8.355694;8.206958:8.30539;8.438633:8.31706;8.674156:8.296112;8.917532:8.293591;9.157963:8.278931;9.423134:8.259686;9.643132:8.201851;9.890949:8.196296,sigma3_eth_seed42,3
ETH:biwi_eth:171:8740,ETH,biwi_eth:171,8740,triu,0.8879501223564148,2.0129270553588867,4.73:8.38;5.04:8.46;5.33:8.54;5.87:8.6;6.27:8.5;6.7:8.4;6.96:8.4;6.96:8.4,7.2:7.95;7.23:7.85;7.23:7.85;7.23:7.85;7.23:7.85;7.2:7.88;7.07:7.94;6.81:7.86;6.51:7.74;6.16:7.76;5.78:7.73;5.4:7.69,6.997147:8.388925;6.999352:8.392184;7.044821:8.442555;7.106854:8.404565;7.129947:8.489217;7.191828:8.452104;7.21271:8.445408;7.20718:8.444949;7.23919:8.461756;7.220057:8.420343;7.243312:8.502221;7.226864:8.535247,sigma3_eth_seed42,3
ETH:biwi_eth:171:8750,ETH,biwi_eth:171,8750,triu,0.9772500991821288,2.628002166748047,5.04:8.46;5.33:8.54;5.87:8.6;6.27:8.5;6.7:8.4;6.96:8.4;6.96:8.4;7.2:7.95,7.23:7.85;7.23:7.85;7.23:7.85;7.23:7.85;7.2:7.88;7.07:7.94;6.81:7.86;6.51:7.74;6.16:7.76;5.78:7.73;5.4:7.69;4.99:7.72,7.268337:7.967622;7.31301:7.965996;7.385271:7.993804;7.442832:8.060827;7.492647:8.087196;7.524917:8.170413;7.502154:8.083267;7.547445:8.206396;7.553739:8.285563;7.572808:8.262924;7.556564:8.250923;7.54003:8.355404,sigma3_eth_seed42,3
ETH:biwi_eth:171:8760,ETH,biwi_eth:171,8760,triu,0.9962974190711976,2.825105905532837,5.33:8.54;5.87:8.6;6.27:8.5;6.7:8.4;6.96:8.4;6.96:8.4;7.2:7.95;7.23:7.85,7.23:7.85;7.23:7.85;7.23:7.85;7.2:7.88;7.07:7.94;6.81:7.86;6.51:7.74;6.16:7.76;5.78:7.73;5.4:7.69;4.99:7.72;4.59:7.71,7.253112:7.846161;7.293883:7.870633;7.297073:7.861035;7.301885:7.884565;7.311527:7.925008;7.312824:7.930661;7.368017:7.909582;7.323873:7.961514;7.3768:7.950491;7.408495:7.958149;7.403836:7.96378;7.398274:8.017926,sigma3_eth_seed42,3
ETH:biwi_eth:171:8770,ETH,biwi_eth:171,8770,triu,0.921196460723877,2.6174798011779785,5.87:8.6;6.27:8.5;6.7:8.4;6.96:8.4;6.96:8.4;7.2:7.95;7.23:7.85;7.23:7.85,7.23:7.85;7.23:7.85;7.2:7.88;7.07:7.94;6.81:7.86;6.51:7.74;6.16:7.76;5.78:7.73;5.4:7.69;4.99:7.72;4.59:7.71;4.13:7.78,7.190157:7.855645;7.166844:7.869326;7.11282:7.862459;7.056563:7.889278;7.012203:7.91696;6.954716:7.902912;6.968376:7.891623;6.890288:7.936542;6.866272:7.917606;6.845471:7.915687;6.786412:7.931488;6.74026:7.974283,sigma3_eth_seed42,3
ETH:biwi_eth:171:8780,ETH,biwi_eth:171,8780,triu,1.4441550970077517,3.521898031234741,6.27:8.5;6.7:8.4;6.96:8.4;6.96:8.4;7.2:7.95;7.23:7.85;7.23:7.85;7.23:7.85,7.23:7.85;7.2:7.88;7.07:7.94;6.81:7.86;6.51:7.74;6.16:7.76;5.78:7.73;5.4:7.69;4.99:7.72;4.59:7.71;4.13:7.78;3.73:7.92,7.23204:7.851856;7.232719:7.852564;7.233746:7.853301;7.232239:7.857571;7.231688:7.858043;7.234766:7.856304;7.241768:7.858316;7.237647:7.858145;7.241072:7.854014;7.24382:7.85155;7.248507:7.84878;7.251162:7.847978,sigma3_eth_seed42,3
ETH:biwi_eth:171:8790,ETH,biwi_eth:171,8790,triu,1.9643884897232056,4.230134010314941,6.7:8.4;6.96:8.4;6.96:8.4;7.2:7.95;7.23:7.85;7.23:7.85;7.23:7.85;7.23:7.85,7.2:7.88;7.07:7.94;6.81:7.86;6.51:7.74;6.16:7.76;5.78:7.73;5.4:7.69;4.99:7.72;4.59:7.71;4.13:7.78;3.73:7.92;3.3:7.97,7.267833:7.83998;7.273185:7.842062;7.318901:7.887877;7.37824:7.848551;7.398445:7.9212;7.466469:7.886131;7.48156:7.887811;7.49193:7.873117;7.523327:7.884675;7.501872:7.858354;7.532104:7.932635;7.530077:7.947954,sigma3_eth_seed42,3
ETH:biwi_eth:171:8800,ETH,biwi_eth:171,8800,triu,2.0657217502593994,4.228402137756348,6.96:8.4;6.96:8.4;7.2:7.95;7.23:7.85;7.23:7.85;7.23:7.85;7.23:7.85;7.2:7.88,7.07:7.94;6.81:7.86;6.51:7.74;6.16:7.76;5.78:7.73;5.4:7.69;4.99:7.72;4.59:7.71;4.13:7.78;3.73:7.92;3.3:7.97;2.87:8.04,7.200213:7.883111;7.178086:7.875753;7.186382:7.908407;7.196691:7.895968;7.182495:7.9298;7.20526:7.913272;7.188633:7.902114;7.191317:7.904102;7.170867:7.909777;7.13041:7.892236;7.112418:7.932703;7.097306:7.943741,sigma3_eth_seed42,3
ETH:biwi_eth:171:8810,ETH,biwi_eth:171,8810,triu,1.8167020082473757,3.6459667682647705,6.96:8.4;7.2:7.95;7.23:7.85;7.23:7.85;7.23:7.85;7.23:7.85;7.2:7.88;7.07:7.94,6.81:7.86;6.51:7.74;6.16:7.76;5.78:7.73;5.4:7.69;4.99:7.72;4.59:7.71;4.13:7.78;3.73:7.92;3.3:7.97;2.87:8.04;2.42:8.16,6.982872:7.947116;6.889461:7.945398;6.805872:7.965483;6.724599:7.96443;6.633744:7.986836;6.563262:7.97032;6.496264:7.96485;6.412054:7.975465;6.325821:7.966572;6.235366:7.955001;6.140623:7.984995;6.062509:8.001249,sigma3_eth_seed42,3
ETH:biwi_eth:171:8820,ETH,biwi_eth:171,8820,triu,1.0275441408157349,2.169590473175049,7.2:7.95;7.23:7.85;7.23:7.85;7.23:7.85;7.23:7.85;7.2:7.88;7.07:7.94;6.81:7.86,6.51:7.74;6.16:7.76;5.78:7.73;5.4:7.69;4.99:7.72;4.59:7.71;4.13:7.78;3.73:7.92;3.3:7.97;2.87:8.04;2.42:8.16;1.97:8.24,6.572313:7.879008;6.324044:7.892198;6.095804:7.911554;5.858653:7.942333;5.635063:7.955344;5.397652:7.965775;5.194278:7.979629;4.957334:8.021749;4.748436:8.033065;4.558835:8.029698;4.339508:8.039732;4.134505:8.091539,sigma3_eth_seed42,3
ETH:biwi_eth:171:8830,ETH,biwi_eth:171,8830,triu,0.9399484992027284,2.0201218128204346,7.23:7.85;7.23:7.85;7.23:7.85;7.23:7.85;7.2:7.88;7.07:7.94;6.81:7.86;6.51:7.74,6.16:7.76;5.78:7.73;5.4:7.69;4.99:7.72;4.59:7.71;4.13:7.78;3.73:7.92;3.3:7.97;2.87:8.04;2.42:8.16;1.97:8.24;1.52:8.35,6.24358:7.765203;5.966484:7.778106;5.711869:7.795588;5.442653:7.840058;5.192403:7.839099;4.923538:7.867434;4.683185:7.878944;4.430348:7.931056;4.190794:7.950258;3.980755:7.954566;3.733931:7.948828;3.510327:8.004326,sigma3_eth_seed42,3
ETH:biwi_eth:171:8840,ETH,biwi_eth:171,8840,triu,0.7362360954284668,1.5638855695724487,7.23:7.85;7.23:7.85;7.23:7.85;7.2:7.88;7.07:7.94;6.81:7.86;6.51:7.74;6.16:7.76,5.78:7.73;5.4:7.69;4.99:7.72;4.59:7.71;4.13:7.78;3.73:7.92;3.3:7.97;2.87:8.04;2.42:8.16;1.97:8.24;1.52:8.35;1.15:8.41,5.840538:7.779146;5.520515:7.798818;5.210081:7.818748;4.902092:7.843066;4.60794:7.861722;4.300111:7.871456;4.035511:7.893311;3.723882:7.927523;3.455925:7.93762;3.20349:7.935473;2.928257:7.956321;2.659948:8.002822,sigma3_eth_seed42,3
ETH:biwi_eth:171:8850,ETH,biwi_eth:171,8850,triu,0.6211286187171936,1.3002750873565674,7.23:7.85;7.23:7.85;7.2:7.88;7.07:7.94;6.81:7.86;6.51:7.74;6.16:7.76;5.78:7.73,5.4:7.69;4.99:7.72;4.59:7.71;4.13:7.78;3.73:7.92;3.3:7.97;2.87:8.04;2.42:8.16;1.97:8.24;1.52:8.35;1.15:8.41;0.74:8.37,5.431876:7.750854;5.085284:7.771714;4.746973:7.792215;4.412957:7.81749;4.09344:7.834973;3.76019:7.847975;3.469832:7.871449;3.135635:7.905219;2.843398:7.917292;2.56783:7.916747;2.271309:7.938243;1.981497:7.983476,sigma3_eth_seed42,3
ETH:biwi_eth:171:8860,ETH,biwi_eth:171,8860,triu,0.6415652632713318,1.2742494344711304,7.23:7.85;7.2:7.88;7.07:7.94;6.81:7.86;6.51:7.74;6.16:7.76;5.78:7.73;5.4:7.69,4.99:7.72;4.59:7.71;4.13:7.78;3.73:7.92;3.3:7.97;2.87:8.04;2.42:8.16;1.97:8.24;1.52:8.35;1.15:8.41;0.74:8.37;0.31:8.36,5.043916:7.711084;4.691349:7.73364;4.343309:7.758952;4.00491:7.776107;3.671812:7.807496;3.343225:7.810906;3.046537:7.83778;2.710375:7.860336;2.408685:7.870982;2.109243:7.874681;1.812516:7.915125;1.515906:7.948293,sigma3_eth_seed42,3
ETH:biwi_eth:171:8870,ETH,biwi_eth:171,8870,triu,0.4363628625869751,0.8309587240219116,7.2:7.88;7.07:7.94;6.81:7.86;6.51:7.74;6.16:7.76;5.78:7.73;5.4:7.69;4.99:7.72,4.59:7.71;4.13:7.78;3.73:7.92;3.3:7.97;2.87:8.04;2.42:8.16;1.97:8.24;1.52:8.35;1.15:8.41;0.74:8.37;0.31:8.36;-0.14:8.31,4.591102:7.744955;4.200881:7.772768;3.807863:7.803426;3.43048:7.816937;3.04755:7.861917;2.694978:7.865644;2.353728:7.896861;1.99056:7.908945;1.648617:7.922729;1.290247:7.941272;0.9666429:7.999429;0.637641:8.01714,sigma3_eth_seed42,3
ETH:biwi_eth:171:8880,ETH,biwi_eth:171,8880,triu,0.5371583104133606,0.9417731761932372,7.07:7.94;6.81:7.86;6.51:7.74;6.16:7.76;5.78:7.73;5.4:7.69;4.99:7.72;4.59:7.71,4.13:7.78;3.73:7.92;3.3:7.97;2.87:8.04;2.42:8.16;1.97:8.24;1.52:8.35;1.15:8.41;0.74:8.37;0.31:8.36;-0.14:8.31;-0.58:8.25,4.199153:7.734213;3.815734:7.760727;3.431883:7.787547;3.060098:7.806178;2.689773:7.841343;2.335508:7.850635;2.002639:7.879588;1.641695:7.899456;1.309471:7.913309;0.9715531:7.92767;0.6501424:7.972439;0.3277555:7.999168,sigma3_eth_seed42,3
ETH:biwi_eth:171:8890,ETH,biwi_eth:171,8890,triu,0.2751767933368683,0.2098701149225235,6.81:7.86;6.51:7.74;6.16:7.76;5.78:7.73;5.4:7.69;4.99:7.72;4.59:7.71;4.13:7.78,3.73:7.92;3.3:7.97;2.87:8.04;2.42:8.16;1.97:8.24;1.52:8.35;1.15:8.41;0.74:8.37;0.31:8.36;-0.14:8.31;-0.58:8.25;-1.01:8.35,3.658914:7.812726;3.200383:7.845039;2.737579:7.872668;2.286647:7.903733;1.837409:7.931878;1.412367:7.965928;0.9916301:7.995901;0.5727205:8.021292;0.1685853:8.047036;-0.242342:8.080082;-0.6275105:8.11622;-1.008948:8.140133,sigma3_eth_seed42,3
ETH:biwi_eth:171:8900,ETH,biwi_eth:171,8900,triu,0.4531939327716827,0.8547770380973816,6.51:7.74;6.16:7.76;5.78:7.73;5.4:7.69;4.99:7.72;4.59:7.71;4.13:7.78;3.73:7.92,3.3:7.97;2.87:8.04;2.42:8.16;1.97:8.24;1.52:8.35;1.15:8.41;0.74:8.37;0.31:8.36;-0.14:8.31;-0.58:8.25;-1.01:8.35;-1.36:8.51,3.337188:7.946087;2.947429:7.969091;2.566562:7.98797;2.186898:8.025129;1.826765:8.030629;1.447888:8.06372;1.106826:8.085879;0.7390115:8.129029;0.4071147:8.14956;0.09956765:8.157398;-0.2358973:8.163729;-0.5581999:8.213757,sigma3_eth_seed42,3
ETH:biwi_eth:171:8910,ETH,biwi_eth:171,8910,triu,0.2235249429941177,0.2074490934610366,6.16:7.76;5.78:7.73;5.4:7.69;4.99:7.72;4.59:7.71;4.13:7.78;3.73:7.92;3.3:7.97,2.87:8.04;2.42:8.16;1.97:8.24;1.52:8.35;1.15:8.41;0.74:8.37;0.31:8.36;-0.14:8.31;-0.58:8.25;-1.01:8.35;-1.36:8.51;-1.5:8.5,2.864657:7.998794;2.440177:8.029067;2.011748:8.058125;1.597219:8.080297;1.180638:8.117169;0.7916887:8.135967;0.4105895:8.166676;0.01908398:8.18522;-0.3539803:8.204809;-0.7390988:8.230937;-1.093593:8.278315;-1.449052:8.298904,sigma3_eth_seed42,3
ETH:biwi_eth:171:8920,ETH,biwi_eth:171,8920,triu,0.1648693531751632,0.188949629664421,5.78:7.73;5.4:7.69;4.99:7.72;4.59:7.71;4.13:7.78;3.73:7.92;3.3:7.97;2.87:8.04,2.42:8.16;1.97:8.24;1.52:8.35;1.15:8.41;0.74:8.37;0.31:8.36;-0.14:8.31;-0.58:8.25;-1.01:8.35;-1.36:8.51;-1.5:8.5;-2.08:8.54,2.424867:8.070085;1.990138:8.100063;1.553556:8.125805;1.127187:8.155838;0.7056947:8.181271;0.2994652:8.211081;-0.09325004:8.239672;-0.4948726:8.267187;-0.8748312:8.289819;-1.256125:8.315599;-1.622688:8.347918;-1.98473:8.376826,sigma3_eth_seed42,3
ETH:biwi_eth:171:8930,ETH,biwi_eth:171,8930,triu,0.1090703606605529,0.1115109324455261,5.4:7.69;4.99:7.72;4.59:7.71;4.13:7.78;3.73:7.92;3.3:7.97;2.87:8.04;2.42:8.16,1.97:8.24;1.52:8.35;1.15:8.41;0.74:8.37;0.31:8.36;-0.14:8.31;-0.58:8.25;-1.01:8.35;-1.36:8.51;-1.5:8.5;-2.08:8.54;-2.41:8.59,1.971266:8.191319;1.530275:8.219017;1.093326:8.240238;0.660314:8.281211;0.2431393:8.28869;-0.1800406:8.332601;-0.5796206:8.35729;-0.9871447:8.398594;-1.369195:8.425414;-1.734023:8.446702;-2.110789:8.456332;-2.474671:8.499158,sigma3_eth_seed42,3
ETH:biwi_eth:171:8940,ETH,biwi_eth:171,8940,triu,0.219477578997612,0.3396216332912445,4.99:7.72;4.59:7.71;4.13:7.78;3.73:7.92;3.3:7.97;2.87:8.04;2.42:8.16;1.97:8.24,1.52:8.35;1.15:8.41;0.74:8.37;0.31:8.36;-0.14:8.31;-0.58:8.25;-1.01:8.35;-1.36:8.51;-1.5:8.5;-2.08:8.54;-2.41:8.59;-2.81:8.43,1.504725:8.272099;1.051856:8.304225;0.594294:8.333521;0.1501554:8.360914;-0.2953939:8.394117;-0.7114513:8.422864;-1.125763:8.453679;-1.538764:8.475039;-1.93895:8.499465;-2.350397:8.532071;-2.729148:8.575089;-3.106627:8.595394,sigma3_eth_seed42,3
ETH:biwi_eth:171:8950,ETH,biwi_eth:171,8950,triu,0.2893762290477752,0.6327077150344849,4.59:7.71;4.13:7.78;3.73:7.92;3.3:7.97;2.87:8.04;2.42:8.16;1.97:8.24;1.52:8.35,1.15:8.41;0.74:8.37;0.31:8.36;-0.14:8.31;-0.58:8.25;-1.01:8.35;-1.36:8.51;-1.5:8.5;-2.08:8.54;-2.41:8.59;-2.81:8.43;-2.89:8.55,1.059299:8.382164;0.6084726:8.411914;0.1583366:8.43487;-0.2853423:8.473563;-0.7174435:8.487081;-1.145768:8.52953;-1.557007:8.555996;-1.97219:8.59274;-2.36504:8.619675;-2.748405:8.646072;-3.131695:8.663174;-3.504667:8.700013,sigma3_eth_seed42,3
ETH:biwi_eth:171:8960,ETH,biwi_eth:171,8960,triu,0.3084245026111603,0.0563972331583499,4.13:7.78;3.73:7.92;3.3:7.97;2.87:8.04;2.42:8.16;1.97:8.24;1.52:8.35;1.15:8.41,0.74:8.37;0.31:8.36;-0.14:8.31;-0.58:8.25;-1.01:8.35;-1.36:8.51;-1.5:8.5;-2.08:8.54;-2.41:8.59;-2.81:8.43;-2.89:8.55;-2.93:8.65,0.7803072:8.432433;0.415279:8.456209;0.05359411:8.481787;-0.2981166:8.500496;-0.6450351:8.531672;-0.9849313:8.538597;-1.296204:8.565886;-1.642208:8.588658;-1.955939:8.601009;-2.268698:8.608277;-2.57581:8.648381;-2.882456:8.680335,sigma3_eth_seed42,3
ETH:biwi_eth:171:8970,ETH,biwi_eth:171,8970,triu,0.2085497230291366,0.6576843857765198,3.73:7.92;3.3:7.97;2.87:8.04;2.42:8.16;1.97:8.24;1.52:8.35;1.15:8.41;0.74:8.37,0.31:8.36;-0.14:8.31;-0.58:8.25;-1.01:8.35;-1.36:8.51;-1.5:8.5;-2.08:8.54;-2.41:8.59;-2.81:8.43;-2.89:8.55;-2.93:8.65;-2.98:8.75,0.339127:8.396161;-0.05666751:8.420771;-0.4471055:8.443029;-0.8319468:8.473883;-1.204052:8.490039;-1.581307:8.51577;-1.928184:8.540789;-2.299729:8.57526;-2.639808:8.594376;-2.966582:8.605573;-3.30351:8.62636;-3.632447:8.667165,sigma3_eth_seed42,3
ETH:biwi_eth:171:8980,ETH,biwi_eth:171,8980,triu,0.4144386351108551,1.4466761350631714,3.3:7.97;2.87:8.04;2.42:8.16;1.97:8.24;1.52:8.35;1.15:8.41;0.74:8.37;0.31:8.36,-0.14:8.31;-0.58:8.25;-1.01:8.35;-1.36:8.51;-1.5:8.5;-2.08:8.54;-2.41:8.59;-2.81:8.43;-2.89:8.55;-2.93:8.65;-2.98:8.75;-2.98:8.75,-0.1240577:8.388846;-0.5479463:8.418495;-0.9744753:8.446801;-1.388256:8.470649;-1.802142:8.504422;-2.192415:8.525162;-2.572751:8.555119;-2.963788:8.576017;-3.335652:8.596161;-3.716125:8.620943;-4.070949:8.664481;-4.425332:8.687642,sigma3_eth_seed42,3
ETH:biwi_eth:171:8990,ETH,biwi_eth:171,8990,triu,0.6348021030426025,1.9651167392730715,2.87:8.04;2.42:8.16;1.97:8.24;1.52:8.35;1.15:8.41;0.74:8.37;0.31:8.36;-0.14:8.31,-0.58:8.25;-1.01:8.35;-1.36:8.51;-1.5:8.5;-2.08:8.54;-2.41:8.59;-2.81:8.43;-2.89:8.55;-2.93:8.65;-2.98:8.75;-2.98:8.75;-2.96:8.42,-0.5775875:8.339991;-1.007641:8.367327;-1.434183:8.38928;-1.855631:8.426645;-2.263265:8.438289;-2.674109:8.476405;-3.060981:8.501663;-3.459822:8.539745;-3.832125:8.564271;-4.190409:8.58391;-4.556994:8.598792;-4.912824:8.639462,sigma3_eth_seed42,3
ETH:biwi_eth:171:9000,ETH,biwi_eth:171,9000,triu,0.8210363388061523,2.260366201400757,2.42:8.16;1.97:8.24;1.52:8.35;1.15:8.41;0.74:8.37;0.31:8.36;-0.14:8.31;-0.58:8.25,-1.01:8.35;-1.36:8.51;-1.5:8.5;-2.08:8.54;-2.41:8.59;-2.81:8.43;-2.89:8.55;-2.93:8.65;-2.98:8.75;-2.98:8.75;-2.96:8.42;-2.96:8.42,-1.005105:8.278946;-1.424597:8.304357;-1.837406:8.323126;-2.248514:8.364438;-2.639485:8.36733;-3.047293:8.408994;-3.421479:8.431985;-3.813949:8.476895;-4.173527:8.501157;-4.508765:8.515346;-4.869442:8.518652;-5.21553:8.567776,sigma3_eth_seed42,3
ETH:biwi_eth:171:9010,ETH,biwi_eth:171,9010,triu,1.1308737993240356,2.5787832736968994,1.97:8.24;1.52:8.35;1.15:8.41;0.74:8.37;0.31:8.36;-0.14:8.31;-0.58:8.25;-1.01:8.35,-1.36:8.51;-1.5:8.5;-2.08:8.54;-2.41:8.59;-2.81:8.43;-2.89:8.55;-2.93:8.65;-2.98:8.75;-2.98:8.75;-2.96:8.42;-2.96:8.42;-3.31:8.09,-1.451019:8.379947;-1.882952:8.408693;-2.314274:8.43242;-2.737899:8.466049;-3.152157:8.484686;-3.560414:8.518532;-3.949654:8.545492;-4.349837:8.578249;-4.72543:8.601645;-5.09481:8.624409;-5.461061:8.648008;-5.819723:8.682801,sigma3_eth_seed42,3
ETH:biwi_eth:171:9020,ETH,biwi_eth:171,9020,triu,0.7494680285453796,1.864813446998596,1.52:8.35;1.15:8.41;0.74:8.37;0.31:8.36;-0.14:8.31;-0.58:8.25;-1.01:8.35;-1.36:8.51,-1.5:8.5;-2.08:8.54;-2.41:8.59;-2.81:8.43;-2.89:8.55;-2.93:8.65;-2.98:8.75;-2.98:8.75;-2.96:8.42;-2.96:8.42;-3.31:8.09;-3.38:8.03,-1.686379:8.545139;-2.031083:8.555534;-2.336993:8.580472;-2.663035:8.641064;-2.968212:8.624411;-3.294773:8.684423;-3.62086:8.689587;-3.908259:8.756353;-4.215265:8.79937;-4.479918:8.808045;-4.782297:8.786083;-5.055018:8.849661,sigma3_eth_seed42,3
ETH:biwi_eth:171:9030,ETH,biwi_eth:171,9030,triu,1.023076415061951,1.2068943977355957,1.15:8.41;0.74:8.37;0.31:8.36;-0.14:8.31;-0.58:8.25;-1.01:8.35;-1.36:8.51;-1.5:8.5,-2.08:8.54;-2.41:8.59;-2.81:8.43;-2.89:8.55;-2.93:8.65;-2.98:8.75;-2.98:8.75;-2.96:8.42;-2.96:8.42;-3.31:8.09;-3.38:8.03;-3.38:8.03,-1.567603:8.51245;-1.639678:8.508154;-1.705258:8.523829;-1.774157:8.537615;-1.844093:8.557243;-1.907354:8.537189;-1.947871:8.528199;-2.011206:8.5529;-2.092068:8.546907;-2.16235:8.530409;-2.243882:8.560856;-2.307801:8.58406,sigma3_eth_seed42,3
ETH:biwi_eth:171:9040,ETH,biwi_eth:171,9040,triu,2.878288984298706,5.151734828948975,0.74:8.37;0.31:8.36;-0.14:8.31;-0.58:8.25;-1.01:8.35;-1.36:8.51;-1.5:8.5;-2.08:8.54,-2.41:8.59;-2.81:8.43;-2.89:8.55;-2.93:8.65;-2.98:8.75;-2.98:8.75;-2.96:8.42;-2.96:8.42;-3.31:8.09;-3.38:8.03;-3.38:8.03;-3.87:7.94,-2.70394:8.586308;-3.313573:8.627047;-3.920904:8.656896;-4.519754:8.716051;-5.108097:8.717844;-5.682044:8.814425;-6.279332:8.839849;-6.819627:8.890539;-7.356591:8.94837;-7.885746:9.002578;-8.400962:9.001993;-8.902454:9.042169,sigma3_eth_seed42,3
ETH:biwi_eth:171:9050,ETH,biwi_eth:171,9050,triu,1.3179571628570557,2.251490831375122,0.31:8.36;-0.14:8.31;-0.58:8.25;-1.01:8.35;-1.36:8.51;-1.5:8.5;-2.08:8.54;-2.41:8.59,-2.81:8.43;-2.89:8.55;-2.93:8.65;-2.98:8.75;-2.98:8.75;-2.96:8.42;-2.96:8.42;-3.31:8.09;-3.38:8.03;-3.38:8.03;-3.87:7.94;-3.96:7.92,-2.740977:8.607843;-3.067878:8.63053;-3.393848:8.660519;-3.704256:8.663831;-4.020122:8.714152;-4.313154:8.697313;-4.58034:8.727501;-4.894284:8.735328;-5.175619:8.739321;-5.47174:8.741722;-5.741652:8.806585;-6.020676:8.827098,sigma3_eth_seed42,3
ETH:biwi_eth:171:9060,ETH,biwi_eth:171,9060,triu,1.7305212020874023,2.9110751152038574,-0.14:8.31;-0.58:8.25;-1.01:8.35;-1.36:8.51;-1.5:8.5;-2.08:8.54;-2.41:8.59;-2.81:8.43,-2.89:8.55;-2.93:8.65;-2.98:8.75;-2.98:8.75;-2.96:8.42;-2.96:8.42;-3.31:8.09;-3.38:8.03;-3.38:8.03;-3.87:7.94;-3.96:7.92;-3.96:7.92,-3.14155:8.462776;-3.513997:8.473848;-3.814201:8.522393;-4.130147:8.581415;-4.440455:8.578427;-4.770086:8.678269;-5.16038:8.661414;-5.461888:8.748983;-5.782619:8.836765;-6.072266:8.829424;-6.389997:8.804036;-6.702431:8.896439,sigma3_eth_seed42,3
ETH:biwi_eth:195:8890,ETH,biwi_eth:195,8890,triu,2.2734415531158447,5.098155498504639,12.71:4.95;11.82:4.59;10.96:4.34;9.86:4.25;9.11:4.13;8.16:3.99;7.27:3.93;6.39:3.81,5.51:3.66;4.64:3.51;3.69:3.38;2.82:3.19;1.98:2.77;1.2:2.43;0.29:2.04;-0.52:1.69;-1.13:1.29;-2:0.59;-2.64:0.11;-3.5:-0.44,5.594436:3.847474;4.759249:3.888115;4.020358:3.977386;3.31064:4.017864;2.593027:4.02863;1.855923:4.216969;0.9868774:4.211885;0.2653661:4.300911;-0.4178138:4.457341;-1.088151:4.450484;-1.76344:4.434039;-2.473868:4.55382,sigma3_eth_seed42,3
ETH:biwi_eth:195:8900,ETH,biwi_eth:195,8900,triu,2.4606409072875977,5.500309944152832,11.82:4.59;10.96:4.34;9.86:4.25;9.11:4.13;8.16:3.99;7.27:3.93;6.39:3.81;5.51:3.66,4.64:3.51;3.69:3.38;2.82:3.19;1.98:2.77;1.2:2.43;0.29:2.04;-0.52:1.69;-1.13:1.29;-2:0.59;-2.64:0.11;-3.5:-0.44;-4.04:-1.06,4.672114:3.697166;3.794495:3.741436;3.01546:3.834965;2.270522:3.873182;1.515663:3.886871;0.7413554:4.085178;-0.1731381:4.080187;-0.9354:4.17028;-1.650176:4.334493;-2.355592:4.327376;-3.063624:4.31163;-3.812492:4.435603,sigma3_eth_seed42,3
ETH:biwi_eth:195:8910,ETH,biwi_eth:195,8910,triu,2.7709274291992188,6.099503517150879,10.96:4.34;9.86:4.25;9.11:4.13;8.16:3.99;7.27:3.93;6.39:3.81;5.51:3.66;4.64:3.51,3.69:3.38;2.82:3.19;1.98:2.77;1.2:2.43;0.29:2.04;-0.52:1.69;-1.13:1.29;-2:0.59;-2.64:0.11;-3.5:-0.44;-4.04:-1.06;-4.6:-1.81,3.840226:3.548155;2.993176:3.587254;2.254609:3.683309;1.544274:3.724432;0.8224363:3.735683;0.08251572:3.933504;-0.8070931:3.924145;-1.530017:4.017252;-2.222835:4.185216;-2.902929:4.174533;-3.585429:4.156869;-4.305603:4.282395,sigma3_eth_seed42,3
ETH:biwi_eth:196:8900,ETH,biwi_eth:196,8900,triu,2.1586992740631104,4.599387645721436,13.43:5.21;12.66:5.11;11.82:4.85;10.98:4.75;10.18:4.55;9.41:4.41;8.72:4.26;7.99:4.03,7.2:3.96;6.39:3.77;5.5:3.53;4.65:3.36;3.73:3.12;2.76:2.95;1.92:2.82;1.01:2.52;0.07:2.2;-0.89:1.79;-1.65:1.35;-2.33:0.88,7.293593:4.073861;6.50244:4.093284;5.896167:4.208035;5.285192:4.272832;4.650587:4.269898;4.00528:4.489012;3.137896:4.461137;2.538229:4.570022;1.873147:4.784499;1.242329:4.751101;0.6130438:4.725953;-0.03715515:4.867133,sigma3_eth_seed42,3
ETH:biwi_eth:196:8910,ETH,biwi_eth:196,8910,triu,2.1404097080230717,4.556642532348633,12.66:5.11;11.82:4.85;10.98:4.75;10.18:4.55;9.41:4.41;8.72:4.26;7.99:4.03;7.2:3.96,6.39:3.77;5.5:3.53;4.65:3.36;3.73:3.12;2.76:2.95;1.92:2.82;1.01:2.52;0.07:2.2;-0.89:1.79;-1.65:1.35;-2.33:0.88;-2.92:0.35,6.421566:4.004878;5.631786:4.051496;4.892192:4.117898;4.177416:4.167548;3.458059:4.179306;2.7466:4.33814;1.936417:4.349027;1.248506:4.418691;0.5808082:4.53847;-0.08604956:4.570336;-0.7335978:4.565693;-1.398094:4.644973,sigma3_eth_seed42,3
ETH:biwi_eth:196:8920,ETH,biwi_eth:196,8920,triu,2.3642311096191406,5.005862236022949,11.82:4.85;10.98:4.75;10.18:4.55;9.41:4.41;8.72:4.26;7.99:4.03;7.2:3.96;6.39:3.77,5.5:3.53;4.65:3.36;3.73:3.12;2.76:2.95;1.92:2.82;1.01:2.52;0.07:2.2;-0.89:1.79;-1.65:1.35;-2.33:0.88;-2.92:0.35;-3.59:-0.24,5.643126:3.806542;4.852478:3.843634;4.16158:3.931945;3.494822:3.973567;2.819721:3.983419;2.125735:4.166914;1.298818:4.1588;0.6206903:4.249368;-0.02558804:4.403272;-0.6581335:4.394715;-1.298015:4.376022;-1.969986:4.496477,sigma3_eth_seed42,3
ETH:biwi_eth:197:8910,ETH,biwi_eth:197,8910,triu,2.052912950515747,4.858953952789307,12.43:6.04;11.5:6.03;10.81:5.8;10.28:5.52;9.8:5.22;8.97:4.98;8.18:4.88;7.24:4.8,6.35:4.58;5.42:4.35;4.42:4.2;3.5:4;2.6:3.85;1.68:3.68;0.78:3.47;-0.11:3.23;-0.93:2.87;-1.75:2.32;-3.09:1.52;-3.83:0.91,6.354311:4.846688;5.445989:4.898806;4.610572:4.985986;3.810056:5.032038;2.994329:5.051135;2.191054:5.247536;1.240932:5.252028;0.4575229:5.330121;-0.3026958:5.485603;-1.070622:5.512888;-1.806662:5.508914;-2.576328:5.604437,sigma3_eth_seed42,3
ETH:biwi_eth:197:8920,ETH,biwi_eth:197,8920,triu,2.2302520275115967,5.27454948425293,11.5:6.03;10.81:5.8;10.28:5.52;9.8:5.22;8.97:4.98;8.18:4.88;7.24:4.8;6.35:4.58,5.42:4.35;4.42:4.2;3.5:4;2.6:3.85;1.68:3.68;0.78:3.47;-0.11:3.23;-0.93:2.87;-1.75:2.32;-3.09:1.52;-3.83:0.91;-4.47:0.28,5.488413:4.614786;4.572626:4.661329;3.781653:4.764689;3.022198:4.805095;2.246096:4.821243;1.450726:5.04095;0.4846911:5.030998;-0.3029947:5.127337;-1.042755:5.315891;-1.774789:5.300689;-2.509716:5.28224;-3.290157:5.420899,sigma3_eth_seed42,3
ETH:biwi_eth:216:9300,ETH,biwi_eth:216,9300,triu,1.6314311027526855,3.3502349853515625,-4.26:8.11;-3.98:8.01;-3.84:7.96;-3.31:8.21;-2.9:8.26;-2.79:8.41;-2.51:8.43;-2.23:8.46,-2.01:8.44;-1.86:8.34;-1.65:8.28;-1.65:8.28;-1.65:8.28;-2.21:8.09;-2.21:8.09;-2.23:8.18;-2.25:8.28;-2.25:8.28;-2.25:8.28;-2.25:8.28,-1.943318:8.46499;-1.669793:8.443082;-1.375974:8.422813;-1.109231:8.447566;-0.8236052:8.389115;-0.5582407:8.404309;-0.2942531:8.39353;0.004565477:8.391392;0.2568281:8.39175;0.5403943:8.383282;0.8132353:8.317559;1.100212:8.292522,sigma3_eth_seed42,3
ETH:biwi_eth:216:9310,ETH,biwi_eth:216,9310,triu,1.1889649629592896,2.263045310974121,-3.98:8.01;-3.84:7.96;-3.31:8.21;-2.9:8.26;-2.79:8.41;-2.51:8.43;-2.23:8.46;-2.01:8.44,-1.86:8.34;-1.65:8.28;-1.65:8.28;-1.65:8.28;-2.21:8.09;-2.21:8.09;-2.23:8.18;-2.25:8.28;-2.25:8.28;-2.25:8.28;-2.25:8.28;-2.25:8.28,-1.837591:8.434752;-1.667648:8.431657;-1.496608:8.42348;-1.326398:8.420743;-1.157824:8.41319;-0.9844886:8.416753;-0.8153485:8.408394;-0.661449:8.395736;-0.4882581:8.394143;-0.325923:8.382214;-0.1468697:8.358446;0.01232171:8.337219,sigma3_eth_seed42,3
ETH:biwi_eth:216:9320,ETH,biwi_eth:216,9320,triu,1.2044967412948608,2.578553438186645,-3.84:7.96;-3.31:8.21;-2.9:8.26;-2.79:8.41;-2.51:8.43;-2.23:8.46;-2.01:8.44;-1.86:8.34,-1.65:8.28;-1.65:8.28;-1.65:8.28;-2.21:8.09;-2.21:8.09;-2.23:8.18;-2.25:8.28;-2.25:8.28;-2.25:8.28;-2.25:8.28;-2.25:8.28;-2.78:8.5,-1.714877:8.343306;-1.574417:8.347751;-1.433312:8.343046;-1.296427:8.354018;-1.162795:8.363853;-1.016152:8.367396;-0.8751702:8.365839;-0.7503232:8.359852;-0.6141328:8.374469;-0.4963119:8.366473;-0.3292197:8.355341;-0.2069468:8.331667,sigma3_eth_seed42,3
ETH:biwi_eth:216:9330,ETH,biwi_eth:216,9330,triu,2.09333872795105,3.940066337585449,-3.31:8.21;-2.9:8.26;-2.79:8.41;-2.51:8.43;-2.23:8.46;-2.01:8.44;-1.86:8.34;-1.65:8.28,-1.65:8.28;-1.65:8.28;-2.21:8.09;-2.21:8.09;-2.23:8.18;-2.25:8.28;-2.25:8.28;-2.25:8.28;-2.25:8.28;-2.25:8.28;-2.78:8.5;-2.81:8.44,-1.414895:8.272227;-1.187748:8.254125;-0.9467385:8.240371;-0.7157853:8.240743;-0.4744918:8.198221;-0.2534388:8.208463;-0.03047562:8.190012;0.1968993:8.185227;0.4240626:8.174429;0.6700364:8.155012;0.8840407:8.103549;1.114871:8.094297,sigma3_eth_seed42,3
ETH:biwi_eth:216:9340,ETH,biwi_eth:216,9340,triu,0.7770189642906189,1.459420919418335,-2.9:8.26;-2.79:8.41;-2.51:8.43;-2.23:8.46;-2.01:8.44;-1.86:8.34;-1.65:8.28;-1.65:8.28,-1.65:8.28;-2.21:8.09;-2.21:8.09;-2.23:8.18;-2.25:8.28;-2.25:8.28;-2.25:8.28;-2.25:8.28;-2.25:8.28;-2.78:8.5;-2.81:8.44;-2.98:8.14,-1.634725:8.280787;-1.632101:8.281874;-1.615144:8.297596;-1.598461:8.291168;-1.59515:8.315049;-1.567046:8.302793;-1.556183:8.304384;-1.551683:8.300054;-1.540954:8.300689;-1.549818:8.293783;-1.535551:8.314243;-1.531137:8.315229,sigma3_eth_seed42,3
ETH:biwi_eth:216:9350,ETH,biwi_eth:216,9350,triu,0.677962064743042,1.0579102039337158,-2.79:8.41;-2.51:8.43;-2.23:8.46;-2.01:8.44;-1.86:8.34;-1.65:8.28;-1.65:8.28;-1.65:8.28,-2.21:8.09;-2.21:8.09;-2.23:8.18;-2.25:8.28;-2.25:8.28;-2.25:8.28;-2.25:8.28;-2.25:8.28;-2.78:8.5;-2.81:8.44;-2.98:8.14;-2.98:8.14,-1.667248:8.283896;-1.691709:8.280717;-1.708217:8.299466;-1.725153:8.299915;-1.758709:8.320759;-1.761542:8.3186;-1.78541:8.297125;-1.804074:8.314584;-1.830432:8.307687;-1.871198:8.30603;-1.919836:8.325226;-1.942151:8.345046,sigma3_eth_seed42,3
ETH:biwi_eth:216:9360,ETH,biwi_eth:216,9360,triu,3.4609320163726807,5.848123073577881,-2.51:8.43;-2.23:8.46;-2.01:8.44;-1.86:8.34;-1.65:8.28;-1.65:8.28;-1.65:8.28;-2.21:8.09,-2.21:8.09;-2.23:8.18;-2.25:8.28;-2.25:8.28;-2.25:8.28;-2.25:8.28;-2.25:8.28;-2.78:8.5;-2.81:8.44;-2.98:8.14;-2.98:8.14;-3.27:8.07,-2.810267:8.127914;-3.472393:8.149454;-4.014998:8.239637;-4.551888:8.288612;-5.09984:8.291837;-5.662403:8.46389;-6.373254:8.443986;-6.908508:8.541315;-7.456803:8.694906;-7.983287:8.678993;-8.519189:8.654078;-9.075434:8.775327,sigma3_eth_seed42,3
ETH:biwi_eth:216:9370,ETH,biwi_eth:216,9370,triu,0.3753063380718231,0.7047795057296753,-2.23:8.46;-2.01:8.44;-1.86:8.34;-1.65:8.28;-1.65:8.28;-1.65:8.28;-2.21:8.09;-2.21:8.09,-2.23:8.18;-2.25:8.28;-2.25:8.28;-2.25:8.28;-2.25:8.28;-2.25:8.28;-2.78:8.5;-2.81:8.44;-2.98:8.14;-2.98:8.14;-3.27:8.07;-3.27:8.07,-2.235088:8.094969;-2.261268:8.09445;-2.288716:8.107941;-2.316162:8.113846;-2.354454:8.135793;-2.370568:8.130129;-2.388299:8.110173;-2.419081:8.132662;-2.449497:8.122978;-2.489638:8.120781;-2.542673:8.141182;-2.571507:8.163925,sigma3_eth_seed42,3
ETH:biwi_eth:216:9380,ETH,biwi_eth:216,9380,triu,0.5908517241477966,1.1433640718460083,-2.01:8.44;-1.86:8.34;-1.65:8.28;-1.65:8.28;-1.65:8.28;-2.21:8.09;-2.21:8.09;-2.23:8.18,-2.25:8.28;-2.25:8.28;-2.25:8.28;-2.25:8.28;-2.25:8.28;-2.78:8.5;-2.81:8.44;-2.98:8.14;-2.98:8.14;-3.27:8.07;-3.27:8.07;-3.27:8.07,-2.202757:8.190216;-2.21379:8.179073;-2.172976:8.212634;-2.151574:8.218797;-2.154158:8.226887;-2.110737:8.24224;-2.156116:8.233845;-2.104995:8.241323;-2.122603:8.263534;-2.155709:8.274521;-2.162696:8.282811;-2.148589:8.292976,sigma3_eth_seed42,3
ETH:biwi_eth:216:9390,ETH,biwi_eth:216,9390,triu,0.4366027414798736,0.6921269297599792,-1.86:8.34;-1.65:8.28;-1.65:8.28;-1.65:8.28;-2.21:8.09;-2.21:8.09;-2.23:8.18;-2.25:8.28,-2.25:8.28;-2.25:8.28;-2.25:8.28;-2.25:8.28;-2.78:8.5;-2.81:8.44;-2.98:8.14;-2.98:8.14;-3.27:8.07;-3.27:8.07;-3.27:8.07;-3.27:8.07,-2.272179:8.285195;-2.327538:8.277676;-2.33873:8.321911;-2.353169:8.312856;-2.391259:8.364868;-2.398159:8.331191;-2.430037:8.323077;-2.458704:8.341901;-2.508402:8.347004;-2.573375:8.321279;-2.630397:8.385507;-2.675601:8.424582,sigma3_eth_seed42,3
ETH:biwi_eth:216:9400,ETH,biwi_eth:216,9400,triu,0.6501894593238831,1.036627173423767,-1.65:8.28;-1.65:8.28;-1.65:8.28;-2.21:8.09;-2.21:8.09;-2.23:8.18;-2.25:8.28;-2.25:8.28,-2.25:8.28;-2.25:8.28;-2.25:8.28;-2.78:8.5;-2.81:8.44;-2.98:8.14;-2.98:8.14;-3.27:8.07;-3.27:8.07;-3.27:8.07;-3.27:8.07;-3.27:8.07,-2.252677:8.283019;-2.243312:8.284744;-2.251244:8.278564;-2.255352:8.287083;-2.257756:8.281771;-2.258017:8.292798;-2.262151:8.288668;-2.256053:8.28778;-2.259919:8.28966;-2.263525:8.29616;-2.256579:8.292003;-2.255194:8.281575,sigma3_eth_seed42,3
ETH:biwi_eth:216:9410,ETH,biwi_eth:216,9410,triu,0.7342615127563477,1.03314208984375,-1.65:8.28;-1.65:8.28;-2.21:8.09;-2.21:8.09;-2.23:8.18;-2.25:8.28;-2.25:8.28;-2.25:8.28,-2.25:8.28;-2.25:8.28;-2.78:8.5;-2.81:8.44;-2.98:8.14;-2.98:8.14;-3.27:8.07;-3.27:8.07;-3.27:8.07;-3.27:8.07;-3.27:8.07;-3.27:8.07,-2.251316:8.280812;-2.25182:8.280421;-2.254217:8.280131;-2.257668:8.283015;-2.259554:8.280452;-2.26:8.27984;-2.255035:8.279204;-2.26118:8.279524;-2.259203:8.272796;-2.255656:8.269738;-2.257044:8.265224;-2.255551:8.265642,sigma3_eth_seed42,3
ETH:biwi_eth:216:9420,ETH,biwi_eth:216,9420,triu,0.826948344707489,1.042196273803711,-1.65:8.28;-2.21:8.09;-2.21:8.09;-2.23:8.18;-2.25:8.28;-2.25:8.28;-2.25:8.28;-2.25:8.28,-2.25:8.28;-2.78:8.5;-2.81:8.44;-2.98:8.14;-2.98:8.14;-3.27:8.07;-3.27:8.07;-3.27:8.07;-3.27:8.07;-3.27:8.07;-3.27:8.07;-3.27:8.07,-2.250354:8.278325;-2.247869:8.279176;-2.250333:8.278538;-2.251638:8.279194;-2.251879:8.278326;-2.252616:8.27964;-2.249943:8.277957;-2.25661:8.279228;-2.250815:8.272202;-2.245406:8.271772;-2.249025:8.269482;-2.247976:8.274056,sigma3_eth_seed42,3
ETH:biwi_eth:216:9430,ETH,biwi_eth:216,9430,triu,0.919844925403595,1.0528903007507324,-2.21:8.09;-2.21:8.09;-2.23:8.18;-2.25:8.28;-2.25:8.28;-2.25:8.28;-2.25:8.28;-2.25:8.28,-2.78:8.5;-2.81:8.44;-2.98:8.14;-2.98:8.14;-3.27:8.07;-3.27:8.07;-3.27:8.07;-3.27:8.07;-3.27:8.07;-3.27:8.07;-3.27:8.07;-3.27:8.07,-2.248492:8.277093;-2.248873:8.277246;-2.247659:8.279148;-2.247056:8.277823;-2.244873:8.278345;-2.2459:8.275784;-2.24088:8.276171;-2.25063:8.278545;-2.242152:8.270142;-2.232705:8.26604;-2.238359:8.264884;-2.237341:8.27541,sigma3_eth_seed42,3
ETH:biwi_eth:216:9440,ETH,biwi_eth:216,9440,triu,2.876577138900757,5.377352237701416,-2.21:8.09;-2.23:8.18;-2.25:8.28;-2.25:8.28;-2.25:8.28;-2.25:8.28;-2.25:8.28;-2.78:8.5,-2.81:8.44;-2.98:8.14;-2.98:8.14;-3.27:8.07;-3.27:8.07;-3.27:8.07;-3.27:8.07;-3.27:8.07;-3.27:8.07;-3.27:8.07;-3.27:8.07;-3.27:8.07,-3.286272:8.535489;-3.838295:8.554939;-4.300676:8.621799;-4.765168:8.673307;-5.229911:8.671395;-5.711708:8.805018;-6.288786:8.794255;-6.743229:8.88065;-7.204455:8.994805;-7.639389:8.988275;-8.094646:8.964012;-8.55423:9.066408,sigma3_eth_seed42,3
ETH:biwi_eth:216:9450,ETH,biwi_eth:216,9450,triu,0.5350320339202881,0.5651791095733643,-2.23:8.18;-2.25:8.28;-2.25:8.28;-2.25:8.28;-2.25:8.28;-2.25:8.28;-2.78:8.5;-2.81:8.44,-2.98:8.14;-2.98:8.14;-3.27:8.07;-3.27:8.07;-3.27:8.07;-3.27:8.07;-3.27:8.07;-3.27:8.07;-3.27:8.07;-3.27:8.07;-3.27:8.07;-3.27:8.07,-2.813097:8.442271;-2.813019:8.44415;-2.819103:8.439707;-2.828411:8.44726;-2.83342:8.442431;-2.837532:8.443298;-2.829727:8.444881;-2.840163:8.446012;-2.837626:8.437933;-2.833225:8.43862;-2.832699:8.428225;-2.830993:8.42595,sigma3_eth_seed42,3
ETH:biwi_eth:216:9460,ETH,biwi_eth:216,9460,triu,0.4823208749294281,0.8531091213226318,-2.25:8.28;-2.25:8.28;-2.25:8.28;-2.25:8.28;-2.25:8.28;-2.78:8.5;-2.81:8.44;-2.98:8.14,-2.98:8.14;-3.27:8.07;-3.27:8.07;-3.27:8.07;-3.27:8.07;-3.27:8.07;-3.27:8.07;-3.27:8.07;-3.27:8.07;-3.27:8.07;-3.27:8.07;-3.61:7.93,-3.079456:8.171075;-3.213676:8.160048;-3.295742:8.197105;-3.401322:8.243847;-3.507352:8.257247;-3.610814:8.271205;-3.737423:8.25403;-3.807401:8.313487;-3.961201:8.35597;-4.084713:8.335365;-4.20855:8.357098;-4.317548:8.406624,sigma3_eth_seed42,3
ETH:biwi_eth:216:9470,ETH,biwi_eth:216,9470,triu,0.2576186060905456,0.5494520664215088,-2.25:8.28;-2.25:8.28;-2.25:8.28;-2.25:8.28;-2.78:8.5;-2.81:8.44;-2.98:8.14;-2.98:8.14,-3.27:8.07;-3.27:8.07;-3.27:8.07;-3.27:8.07;-3.27:8.07;-3.27:8.07;-3.27:8.07;-3.27:8.07;-3.27:8.07;-3.27:8.07;-3.61:7.93;-3.68:7.91,-2.99888:8.14434;-3.008486:8.14314;-3.031237:8.136365;-3.056046:8.144959;-3.078788:8.130814;-3.092161:8.138716;-3.099964:8.131124;-3.114478:8.13218;-3.128267:8.118068;-3.138955:8.124342;-3.159319:8.105823;-3.163294:8.096849,sigma3_eth_seed42,3
ETH:biwi_eth:216:9480,ETH,biwi_eth:216,9480,triu,1.5546913146972656,2.481139898300171,-2.25:8.28;-2.25:8.28;-2.25:8.28;-2.78:8.5;-2.81:8.44;-2.98:8.14;-2.98:8.14;-3.27:8.07,-3.27:8.07;-3.27:8.07;-3.27:8.07;-3.27:8.07;-3.27:8.07;-3.27:8.07;-3.27:8.07;-3.27:8.07;-3.27:8.07;-3.61:7.93;-3.68:7.91;-3.78:7.9,-3.535758:8.088202;-3.810058:8.102933;-4.065871:8.125899;-4.324178:8.149323;-4.572374:8.169785;-4.829949:8.174814;-5.054357:8.192288;-5.316176:8.227286;-5.546711:8.238458;-5.763057:8.232479;-5.999747:8.254414;-6.228399:8.301744,sigma3_eth_seed42,3
ETH:biwi_eth:216:9490,ETH,biwi_eth:216,9490,triu,0.2069963216781616,0.982449471950531,-2.25:8.28;-2.25:8.28;-2.78:8.5;-2.81:8.44;-2.98:8.14;-2.98:8.14;-3.27:8.07;-3.27:8.07,-3.27:8.07;-3.27:8.07;-3.27:8.07;-3.27:8.07;-3.27:8.07;-3.27:8.07;-3.27:8.07;-3.27:8.07;-3.61:7.93;-3.68:7.91;-3.78:7.9;-4.41:7.87,-3.287833:8.077178;-3.296022:8.074601;-3.317482:8.067633;-3.341969:8.079029;-3.365366:8.062287;-3.374744:8.072335;-3.383261:8.063217;-3.390131:8.063036;-3.407816:8.051024;-3.422009:8.058439;-3.43853:8.037876;-3.43942:8.022257,sigma3_eth_seed42,3
ETH:biwi_eth:216:9500,ETH,biwi_eth:216,9500,triu,0.5076521039009094,1.7482833862304688,-2.25:8.28;-2.78:8.5;-2.81:8.44;-2.98:8.14;-2.98:8.14;-3.27:8.07;-3.27:8.07;-3.27:8.07,-3.27:8.07;-3.27:8.07;-3.27:8.07;-3.27:8.07;-3.27:8.07;-3.27:8.07;-3.27:8.07;-3.61:7.93;-3.68:7.91;-3.78:7.9;-4.41:7.87;-4.67:7.75,-3.241431:8.063184;-3.217267:8.071079;-3.191609:8.083113;-3.153497:8.06496;-3.132704:8.100545;-3.087101:8.088344;-3.051947:8.087041;-3.053933:8.074871;-3.011272:8.075533;-3.002681:8.060433;-2.960667:8.083037;-2.952728:8.077829,sigma3_eth_seed42,3
ETH:biwi_eth:216:9510,ETH,biwi_eth:216,9510,triu,0.4594399034976959,1.5862926244735718,-2.78:8.5;-2.81:8.44;-2.98:8.14;-2.98:8.14;-3.27:8.07;-3.27:8.07;-3.27:8.07;-3.27:8.07,-3.27:8.07;-3.27:8.07;-3.27:8.07;-3.27:8.07;-3.27:8.07;-3.27:8.07;-3.61:7.93;-3.68:7.91;-3.78:7.9;-4.41:7.87;-4.67:7.75;-4.84:7.8,-3.270238:8.068246;-3.271053:8.066592;-3.271345:8.067303;-3.272918:8.067575;-3.273214:8.06204;-3.274345:8.064399;-3.273693:8.060846;-3.279984:8.063615;-3.274881:8.054338;-3.266978:8.052267;-3.27666:8.044748;-3.273909:8.052357,sigma3_eth_seed42,3
ETH:biwi_eth:216:9520,ETH,biwi_eth:216,9520,triu,0.6380013823509216,1.66724956035614,-2.81:8.44;-2.98:8.14;-2.98:8.14;-3.27:8.07;-3.27:8.07;-3.27:8.07;-3.27:8.07;-3.27:8.07,-3.27:8.07;-3.27:8.07;-3.27:8.07;-3.27:8.07;-3.27:8.07;-3.61:7.93;-3.68:7.91;-3.78:7.9;-4.41:7.87;-4.67:7.75;-4.84:7.8;-4.84:7.84,-3.263057:8.070897;-3.251652:8.070045;-3.24656:8.068765;-3.239843:8.073246;-3.23316:8.067792;-3.224779:8.077702;-3.226065:8.072619;-3.213868:8.07303;-3.209258:8.074306;-3.203833:8.07685;-3.196549:8.072059;-3.188595:8.069305,sigma3_eth_seed42,3
ETH:biwi_eth:216:9530,ETH,biwi_eth:216,9530,triu,0.7299928069114685,1.5932241678237915,-2.98:8.14;-2.98:8.14;-3.27:8.07;-3.27:8.07;-3.27:8.07;-3.27:8.07;-3.27:8.07;-3.27:8.07,-3.27:8.07;-3.27:8.07;-3.27:8.07;-3.27:8.07;-3.61:7.93;-3.68:7.91;-3.78:7.9;-4.41:7.87;-4.67:7.75;-4.84:7.8;-4.84:7.84;-4.84:7.84,-3.269615:8.069202;-3.26736:8.069081;-3.26829:8.070966;-3.266831:8.070801;-3.266443:8.072521;-3.264035:8.073268;-3.264336:8.071202;-3.265674:8.070982;-3.263638:8.067875;-3.263057:8.066125;-3.263871:8.069201;-3.263668:8.071388,sigma3_eth_seed42,3
ETH:biwi_eth:216:9540,ETH,biwi_eth:216,9540,triu,0.8431686758995056,1.5557852983474731,-2.98:8.14;-3.27:8.07;-3.27:8.07;-3.27:8.07;-3.27:8.07;-3.27:8.07;-3.27:8.07;-3.27:8.07,-3.27:8.07;-3.27:8.07;-3.27:8.07;-3.61:7.93;-3.68:7.91;-3.78:7.9;-4.41:7.87;-4.67:7.75;-4.84:7.8;-4.84:7.84;-4.84:7.84;-4.84:7.84,-3.273815:8.068889;-3.272807:8.070624;-3.279711:8.070992;-3.282864:8.070471;-3.286879:8.075011;-3.288151:8.073271;-3.286905:8.072331;-3.294664:8.071471;-3.293492:8.065845;-3.295928:8.065493;-3.298668:8.071089;-3.301662:8.072347,sigma3_eth_seed42,3
ETH:biwi_eth:216:9550,ETH,biwi_eth:216,9550,triu,0.9854090809822084,1.5767180919647217,-3.27:8.07;-3.27:8.07;-3.27:8.07;-3.27:8.07;-3.27:8.07;-3.27:8.07;-3.27:8.07;-3.27:8.07,-3.27:8.07;-3.27:8.07;-3.61:7.93;-3.68:7.91;-3.78:7.9;-4.41:7.87;-4.67:7.75;-4.84:7.8;-4.84:7.84;-4.84:7.84;-4.84:7.84;-4.84:7.84,-3.271438:8.07021;-3.269589:8.070075;-3.272749:8.0711;-3.273243:8.072421;-3.274506:8.073236;-3.273456:8.075147;-3.275642:8.072865;-3.276065:8.072324;-3.277252:8.070514;-3.27928:8.069562;-3.27961:8.072404;-3.280448:8.07203,sigma3_eth_seed42,3
ETH:biwi_eth:216:9560,ETH,biwi_eth:216,9560,triu,1.1175668239593506,1.5767180919647217,-3.27:8.07;-3.27:8.07;-3.27:8.07;-3.27:8.07;-3.27:8.07;-3.27:8.07;-3.27:8.07;-3.27:8.07,-3.27:8.07;-3.61:7.93;-3.68:7.91;-3.78:7.9;-4.41:7.87;-4.67:7.75;-4.84:7.8;-4.84:7.84;-4.84:7.84;-4.84:7.84;-4.84:7.84;-4.84:7.84,-3.271438:8.07021;-3.269589:8.070075;-3.272749:8.0711;-3.273243:8.072421;-3.274506:8.073236;-3.273456:8.075147;-3.275642:8.072865;-3.276065:8.072324;-3.277252:8.070514;-3.27928:8.069562;-3.27961:8.072404;-3.280448:8.07203,sigma3_eth_seed42,3
ETH:biwi_eth:216:9570,ETH,biwi_eth:216,9570,triu,1.2452677488327026,1.5258431434631348,-3.27:8.07;-3.27:8.07;-3.27:8.07;-3.27:8.07;-3.27:8.07;-3.27:8.07;-3.27:8.07;-3.27:8.07,-3.61:7.93;-3.68:7.91;-3.78:7.9;-4.41:7.87;-4.67:7.75;-4.84:7.8;-4.84:7.84;-4.84:7.84;-4.84:7.84;-4.84:7.84;-4.84:7.84;-4.78:7.79,-3.271438:8.07021;-3.269589:8.070075;-3.272749:8.0711;-3.273243:8.072421;-3.274506:8.073236;-3.273456:8.075147;-3.275642:8.072865;-3.276065:8.072324;-3.277252:8.070514;-3.27928:8.069562;-3.27961:8.072404;-3.280448:8.07203,sigma3_eth_seed42,3
ETH:biwi_eth:216:9580,ETH,biwi_eth:216,9580,triu,1.14883291721344,2.574720621109009,-3.27:8.07;-3.27:8.07;-3.27:8.07;-3.27:8.07;-3.27:8.07;-3.27:8.07;-3.27:8.07;-3.61:7.93,-3.68:7.91;-3.78:7.9;-4.41:7.87;-4.67:7.75;-4.84:7.8;-4.84:7.84;-4.84:7.84;-4.84:7.84;-4.84:7.84;-4.84:7.84;-4.78:7.79;-4.83:7.83,-3.940959:7.96321;-4.291602:7.975723;-4.601695:8.002457;-4.930213:8.060822;-5.239655:8.047117;-5.570281:8.111717;-5.90525:8.115797;-6.202393:8.183774;-6.509036:8.229809;-6.777399:8.238119;-7.084129:8.215145;-7.364577:8.282885,sigma3_eth_seed42,3
ETH:biwi_eth:216:9590,ETH,biwi_eth:216,9590,triu,0.8698009848594666,0.9605506658554076,-3.27:8.07;-3.27:8.07;-3.27:8.07;-3.27:8.07;-3.27:8.07;-3.27:8.07;-3.61:7.93;-3.68:7.91,-3.78:7.9;-4.41:7.87;-4.67:7.75;-4.84:7.8;-4.84:7.84;-4.84:7.84;-4.84:7.84;-4.84:7.84;-4.84:7.84;-4.78:7.79;-4.83:7.83;-4.92:7.89,-3.704588:7.914291;-3.723817:7.911591;-3.750986:7.911235;-3.78101:7.915842;-3.815748:7.906557;-3.828603:7.912982;-3.849607:7.90234;-3.865817:7.903607;-3.888391:7.886469;-3.91451:7.897379;-3.951161:7.885473;-3.959504:7.879748,sigma3_eth_seed42,3
ETH:biwi_eth:216:9600,ETH,biwi_eth:216,9600,triu,0.8227303624153137,0.8662943840026855,-3.27:8.07;-3.27:8.07;-3.27:8.07;-3.27:8.07;-3.27:8.07;-3.61:7.93;-3.68:7.91;-3.78:7.9,-4.41:7.87;-4.67:7.75;-4.84:7.8;-4.84:7.84;-4.84:7.84;-4.84:7.84;-4.84:7.84;-4.84:7.84;-4.78:7.79;-4.83:7.83;-4.92:7.89;-5.03:7.89,-3.811506:7.904794;-3.843524:7.900882;-3.875653:7.909676;-3.910098:7.908463;-3.956482:7.911225;-3.969106:7.907871;-3.998764:7.898281;-4.019597:7.897439;-4.053814:7.879375;-4.098906:7.888834;-4.146868:7.893477;-4.163706:7.889835,sigma3_eth_seed42,3
ETH:biwi_eth:216:9610,ETH,biwi_eth:216,9610,triu,3.51260757446289,6.327028751373291,-3.27:8.07;-3.27:8.07;-3.27:8.07;-3.27:8.07;-3.61:7.93;-3.68:7.91;-3.78:7.9;-4.41:7.87,-4.67:7.75;-4.84:7.8;-4.84:7.84;-4.84:7.84;-4.84:7.84;-4.84:7.84;-4.84:7.84;-4.78:7.79;-4.83:7.83;-4.92:7.89;-5.03:7.89;-5.23:7.82,-5.049848:7.903318;-5.714612:7.938391;-6.314445:7.999679;-6.898636:8.043795;-7.478522:8.048062;-8.080967:8.187437;-8.754275:8.189857;-9.341766:8.26797;-9.887623:8.376385;-10.41471:8.378121;-10.96252:8.360082;-11.52463:8.459497,sigma3_eth_seed42,3
ETH:biwi_eth:216:9620,ETH,biwi_eth:216,9620,triu,1.042546272277832,1.606497049331665,-3.27:8.07;-3.27:8.07;-3.27:8.07;-3.61:7.93;-3.68:7.91;-3.78:7.9;-4.41:7.87;-4.67:7.75,-4.84:7.8;-4.84:7.84;-4.84:7.84;-4.84:7.84;-4.84:7.84;-4.84:7.84;-4.78:7.79;-4.83:7.83;-4.92:7.89;-5.03:7.89;-5.23:7.82;-5.42:7.85,-4.87376:7.777284;-5.094193:7.782134;-5.285929:7.799996;-5.499779:7.847774;-5.695768:7.844463;-5.906821:7.862568;-6.092954:7.8701;-6.279794:7.922583;-6.481265:7.9397;-6.648375:7.940343;-6.848727:7.936752;-7.020584:7.987709,sigma3_eth_seed42,3
ETH:biwi_eth:216:9630,ETH,biwi_eth:216,9630,triu,0.2669065594673157,0.0505931600928306,-3.27:8.07;-3.27:8.07;-3.61:7.93;-3.68:7.91;-3.78:7.9;-4.41:7.87;-4.67:7.75;-4.84:7.8,-4.84:7.84;-4.84:7.84;-4.84:7.84;-4.84:7.84;-4.84:7.84;-4.78:7.79;-4.83:7.83;-4.92:7.89;-5.03:7.89;-5.23:7.82;-5.42:7.85;-5.67:7.99,-4.901584:7.808019;-4.989336:7.804009;-5.041549:7.839839;-5.098414:7.839223;-5.167792:7.882396;-5.220126:7.849538;-5.271516:7.848822;-5.340417:7.870663;-5.418299:7.871972;-5.500017:7.847326;-5.583676:7.902101;-5.656176:7.941332,sigma3_eth_seed42,3
ETH:biwi_eth:216:9640,ETH,biwi_eth:216,9640,triu,0.2157832533121109,0.7807316184043884,-3.27:8.07;-3.61:7.93;-3.68:7.91;-3.78:7.9;-4.41:7.87;-4.67:7.75;-4.84:7.8;-4.84:7.84,-4.84:7.84;-4.84:7.84;-4.84:7.84;-4.84:7.84;-4.78:7.79;-4.83:7.83;-4.92:7.89;-5.03:7.89;-5.23:7.82;-5.42:7.85;-5.67:7.99;-5.86:8.05,-4.852327:7.844145;-4.885799:7.840708;-4.89282:7.864385;-4.909212:7.861197;-4.939672:7.884549;-4.940232:7.865116;-4.961199:7.867661;-4.975368:7.872709;-5.001214:7.864807;-5.040493:7.864983;-5.076959:7.892913;-5.091906:7.910095,sigma3_eth_seed42,3
ETH:biwi_eth:216:9650,ETH,biwi_eth:216,9650,triu,0.3791170418262481,1.267839789390564,-3.61:7.93;-3.68:7.91;-3.78:7.9;-4.41:7.87;-4.67:7.75;-4.84:7.8;-4.84:7.84;-4.84:7.84,-4.84:7.84;-4.84:7.84;-4.84:7.84;-4.78:7.79;-4.83:7.83;-4.92:7.89;-5.03:7.89;-5.23:7.82;-5.42:7.85;-5.67:7.99;-5.86:8.05;-6.06:8.09,-4.84116:7.846174;-4.83673:7.845301;-4.840544:7.839945;-4.846828:7.850728;-4.850084:7.841027;-4.84738:7.845897;-4.839679:7.84369;-4.836388:7.841942;-4.839396:7.838171;-4.838658:7.838293;-4.829782:7.825288;-4.8232:7.811176,sigma3_eth_seed42,3
ETH:biwi_eth:216:9660,ETH,biwi_eth:216,9660,triu,0.4920118749141693,1.4453835487365725,-3.68:7.91;-3.78:7.9;-4.41:7.87;-4.67:7.75;-4.84:7.8;-4.84:7.84;-4.84:7.84;-4.84:7.84,-4.84:7.84;-4.84:7.84;-4.78:7.79;-4.83:7.83;-4.92:7.89;-5.03:7.89;-5.23:7.82;-5.42:7.85;-5.67:7.99;-5.86:8.05;-6.06:8.09;-6.22:8.28,-4.841384:7.838729;-4.837449:7.840497;-4.842136:7.839055;-4.844189:7.84;-4.845788:7.840919;-4.846231:7.842201;-4.84357:7.840477;-4.849623:7.840742;-4.84495:7.834388;-4.842496:7.835543;-4.844285:7.835742;-4.844001:7.837552,sigma3_eth_seed42,3
ETH:biwi_eth:216:9670,ETH,biwi_eth:216,9670,triu,0.641640841960907,1.5781344175338743,-3.78:7.9;-4.41:7.87;-4.67:7.75;-4.84:7.8;-4.84:7.84;-4.84:7.84;-4.84:7.84;-4.84:7.84,-4.84:7.84;-4.78:7.79;-4.83:7.83;-4.92:7.89;-5.03:7.89;-5.23:7.82;-5.42:7.85;-5.67:7.99;-5.86:8.05;-6.06:8.09;-6.22:8.28;-6.25:8.45,-4.837232:7.840141;-4.827777:7.839936;-4.828034:7.837975;-4.825587:7.840653;-4.824215:7.836411;-4.818041:7.844504;-4.818729:7.838165;-4.812395:7.838134;-4.808134:7.83437;-4.805557:7.838527;-4.804393:7.834286;-4.798132:7.831463,sigma3_eth_seed42,3
ETH:biwi_eth:216:9680,ETH,biwi_eth:216,9680,triu,0.7510247230529785,1.5677746534347534,-4.41:7.87;-4.67:7.75;-4.84:7.8;-4.84:7.84;-4.84:7.84;-4.84:7.84;-4.84:7.84;-4.84:7.84,-4.78:7.79;-4.83:7.83;-4.92:7.89;-5.03:7.89;-5.23:7.82;-5.42:7.85;-5.67:7.99;-5.86:8.05;-6.06:8.09;-6.22:8.28;-6.25:8.45;-6.18:8.65,-4.840656:7.838236;-4.839819:7.838206;-4.84182:7.838129;-4.843591:7.838516;-4.844177:7.836149;-4.845457:7.837426;-4.843411:7.835228;-4.850638:7.837072;-4.845214:7.828928;-4.839012:7.827746;-4.845309:7.823754;-4.84395:7.829702,sigma3_eth_seed42,3
ETH:biwi_eth:216:9690,ETH,biwi_eth:216,9690,triu,1.1498717069625854,1.457894206047058,-4.67:7.75;-4.84:7.8;-4.84:7.84;-4.84:7.84;-4.84:7.84;-4.84:7.84;-4.84:7.84;-4.78:7.79,-4.83:7.83;-4.92:7.89;-5.03:7.89;-5.23:7.82;-5.42:7.85;-5.67:7.99;-5.86:8.05;-6.06:8.09;-6.22:8.28;-6.25:8.45;-6.18:8.65;-5.02:9.02,-4.741909:7.774552;-4.696065:7.791272;-4.667703:7.795016;-4.614728:7.765481;-4.581586:7.80874;-4.522514:7.798786;-4.462821:7.795421;-4.477849:7.7741;-4.40019:7.768567;-4.372718:7.751493;-4.30704:7.768828;-4.294518:7.755433,sigma3_eth_seed42,3
ETH:biwi_eth:216:9700,ETH,biwi_eth:216,9700,triu,0.9977251887321472,2.0588219165802,-4.84:7.8;-4.84:7.84;-4.84:7.84;-4.84:7.84;-4.84:7.84;-4.84:7.84;-4.78:7.79;-4.83:7.83,-4.92:7.89;-5.03:7.89;-5.23:7.82;-5.42:7.85;-5.67:7.99;-5.86:8.05;-6.06:8.09;-6.22:8.28;-6.25:8.45;-6.18:8.65;-5.02:9.02;-3.86:9.6,-4.835412:7.834009;-4.840003:7.834521;-4.847517:7.832654;-4.860335:7.840788;-4.871864:7.835783;-4.87466:7.837474;-4.873559:7.837352;-4.881801:7.838571;-4.885496:7.829839;-4.889514:7.833673;-4.895339:7.823295;-4.893962:7.819644,sigma3_eth_seed42,3
ETH:biwi_eth:216:9710,ETH,biwi_eth:216,9710,triu,1.1389559507369995,3.3080782890319824,-4.84:7.84;-4.84:7.84;-4.84:7.84;-4.84:7.84;-4.84:7.84;-4.78:7.79;-4.83:7.83;-4.92:7.89,-5.03:7.89;-5.23:7.82;-5.42:7.85;-5.67:7.99;-5.86:8.05;-6.06:8.09;-6.22:8.28;-6.25:8.45;-6.18:8.65;-5.02:9.02;-3.86:9.6;-2.62:9.95,-4.9418:7.893273;-4.968982:7.891377;-4.99076:7.901347;-5.017681:7.900409;-5.055081:7.906621;-5.062948:7.901478;-5.085949:7.896976;-5.105378:7.897905;-5.1287:7.881844;-5.163895:7.891124;-5.203612:7.896471;-5.215974:7.89956,sigma3_eth_seed42,3
ETH:biwi_eth:230:9680,ETH,biwi_eth:230,9680,triu,0.5379835963249207,0.4545967578887939,-3.11:5.32;-2.09:5.21;-1.28:5.33;-0.44:5.26;0.45:5.28;1.34:5.34;2.28:5.27;3.18:5.2,4.11:5.16;5.03:5.09;6.02:5.04;7.01:5.03;8.05:4.96;8.94:4.89;9.88:4.84;10.74:4.75;11.7:4.6;12.52:4.3;13.01:4.26;13.05:4.4,4.036273:5.138439;4.921635:5.109099;5.765533:5.093252;6.660368:5.002199;7.508465:5.020639;8.388573:5.00023;9.183985:4.919732;10.0371:4.860419;10.88531:4.82344;11.65223:4.817579;12.43376:4.856138;13.24201:4.812055,sigma3_eth_seed42,3
ETH:biwi_eth:230:9690,ETH,biwi_eth:230,9690,triu,0.5562629103660583,1.2989650964736938,-2.09:5.21;-1.28:5.33;-0.44:5.26;0.45:5.28;1.34:5.34;2.28:5.27;3.18:5.2;4.11:5.16,5.03:5.09;6.02:5.04;7.01:5.03;8.05:4.96;8.94:4.89;9.88:4.84;10.74:4.75;11.7:4.6;12.52:4.3;13.01:4.26;13.05:4.4;13.05:4.4,4.971017:5.105692;5.870811:5.083895;6.713598:5.05945;7.611295:4.978798;8.468618:5.009233;9.353302:4.977094;10.1787:4.911252;11.03537:4.842762;11.88519:4.818404;12.65234:4.805813;13.48154:4.856882;14.28988:4.787295,sigma3_eth_seed42,3
ETH:biwi_eth:230:9700,ETH,biwi_eth:230,9700,triu,0.7027333378791809,2.740478515625,-1.28:5.33;-0.44:5.26;0.45:5.28;1.34:5.34;2.28:5.27;3.18:5.2;4.11:5.16;5.03:5.09,6.02:5.04;7.01:5.03;8.05:4.96;8.94:4.89;9.88:4.84;10.74:4.75;11.7:4.6;12.52:4.3;13.01:4.26;13.05:4.4;13.05:4.4;12.68:4.6,5.908792:5.028663;6.824763:5.001612;7.688059:4.979147;8.608801:4.888362;9.487917:4.911918;10.38862:4.881662;11.22611:4.806572;12.0983:4.740276;12.97123:4.70707;13.76512:4.690302;14.59211:4.736845;15.41932:4.67978,sigma3_eth_seed42,3
ETH:biwi_eth:230:9710,ETH,biwi_eth:230,9710,triu,1.1753169298171997,4.62283182144165,-0.44:5.26;0.45:5.28;1.34:5.34;2.28:5.27;3.18:5.2;4.11:5.16;5.03:5.09;6.02:5.04,7.01:5.03;8.05:4.96;8.94:4.89;9.88:4.84;10.74:4.75;11.7:4.6;12.52:4.3;13.01:4.26;13.05:4.4;13.05:4.4;12.68:4.6;12.61:4.7,6.966526:4.974313;7.959751:4.947417;8.886769:4.921655;9.881685:4.822343;10.82886:4.853649;11.80401:4.8213;12.70837:4.739151;13.65173:4.663235;14.59205:4.631317;15.44104:4.614491;16.34209:4.672045;17.23177:4.601003,sigma3_eth_seed42,3
ETH:biwi_eth:230:9720,ETH,biwi_eth:230,9720,triu,1.687389254570007,5.599485874176025,0.45:5.28;1.34:5.34;2.28:5.27;3.18:5.2;4.11:5.16;5.03:5.09;6.02:5.04;7.01:5.03,8.05:4.96;8.94:4.89;9.88:4.84;10.74:4.75;11.7:4.6;12.52:4.3;13.01:4.26;13.05:4.4;13.05:4.4;12.68:4.6;12.61:4.7;12.62:4.76,7.956096:4.964353;8.948866:4.937471;9.875468:4.911691;10.86992:4.812455;11.81672:4.84373;12.79138:4.811329;13.69545:4.729281;14.63832:4.653399;15.57823:4.621496;16.42694:4.604593;17.32766:4.662108;18.21694:4.591096,sigma3_eth_seed42,3
ETH:biwi_eth:230:9730,ETH,biwi_eth:230,9730,triu,2.6030969619750977,7.175331592559815,1.34:5.34;2.28:5.27;3.18:5.2;4.11:5.16;5.03:5.09;6.02:5.04;7.01:5.03;8.05:4.96,8.94:4.89;9.88:4.84;10.74:4.75;11.7:4.6;12.52:4.3;13.01:4.26;13.05:4.4;13.05:4.4;12.68:4.6;12.61:4.7;12.62:4.76;12.65:4.76,9.043121:4.891109;10.08887:4.864035;11.05995:4.836705;12.10573:4.731133;13.09865:4.767449;14.12555:4.734821;15.0734:4.646833;16.06629:4.564779;17.05268:4.533322;17.93847:4.517838;18.88783:4.582419;19.82072:4.50282,sigma3_eth_seed42,3
ETH:biwi_eth:230:9740,ETH,biwi_eth:230,9740,triu,2.1942970752716064,5.968563079833984,2.28:5.27;3.18:5.2;4.11:5.16;5.03:5.09;6.02:5.04;7.01:5.03;8.05:4.96;8.94:4.89,9.88:4.84;10.74:4.75;11.7:4.6;12.52:4.3;13.01:4.26;13.05:4.4;13.05:4.4;12.68:4.6;12.61:4.7;12.62:4.76;12.65:4.76;12.65:4.76,9.760138:4.832305;10.60885:4.804956;11.4171:4.785755;12.27351:4.702124;13.09308:4.718781;13.92963:4.691013;14.70774:4.621463;15.51863:4.563777;16.33304:4.529209;17.07858:4.513295;17.8399:4.549983;18.61314:4.505637,sigma3_eth_seed42,3
ETH:biwi_eth:230:9750,ETH,biwi_eth:230,9750,triu,3.158376693725586,7.601940155029297,3.18:5.2;4.11:5.16;5.03:5.09;6.02:5.04;7.01:5.03;8.05:4.96;8.94:4.89;9.88:4.84,10.74:4.75;11.7:4.6;12.52:4.3;13.01:4.26;13.05:4.4;13.05:4.4;12.68:4.6;12.61:4.7;12.62:4.76;12.65:4.76;12.65:4.76;12.65:4.76,10.75552:4.77999;11.66955:4.754136;12.52886:4.730021;13.44595:4.641378;14.32359:4.666255;15.21998:4.63336;16.0602:4.561539;16.92807:4.494153;17.79776:4.462827;18.58993:4.443603;19.42141:4.491619;20.24482:4.431149,sigma3_eth_seed42,3
ETH:biwi_eth:230:9760,ETH,biwi_eth:230,9760,triu,3.378375768661499,7.507244110107422,4.11:5.16;5.03:5.09;6.02:5.04;7.01:5.03;8.05:4.96;8.94:4.89;9.88:4.84;10.74:4.75,11.7:4.6;12.52:4.3;13.01:4.26;13.05:4.4;13.05:4.4;12.68:4.6;12.61:4.7;12.62:4.76;12.65:4.76;12.65:4.76;12.65:4.76;12.68:4.76,11.53854:4.700201;12.36864:4.678947;13.1521:4.655784;13.9818:4.583942;14.77909:4.607984;15.59374:4.574845;16.36381:4.517962;17.15334:4.457158;17.94178:4.432626;18.66098:4.416552;19.42844:4.458805;20.17859:4.399536,sigma3_eth_seed42,3
ETH:biwi_eth:230:9770,ETH,biwi_eth:230,9770,triu,4.793830871582031,9.639854431152344,5.03:5.09;6.02:5.04;7.01:5.03;8.05:4.96;8.94:4.89;9.88:4.84;10.74:4.75;11.7:4.6,12.52:4.3;13.01:4.26;13.05:4.4;13.05:4.4;12.68:4.6;12.61:4.7;12.62:4.76;12.65:4.76;12.65:4.76;12.65:4.76;12.68:4.76;12.62:4.88,12.59094:4.546869;13.52641:4.527806;14.39548:4.501172;15.32369:4.420768;16.20747:4.459314;17.12773:4.426344;17.98257:4.360356;18.87325:4.285531;19.74935:4.266454;20.53242:4.257987;21.40335:4.317461;22.23817:4.233788,sigma3_eth_seed42,3
ETH:biwi_eth:230:9780,ETH,biwi_eth:230,9780,triu,4.782503604888916,8.566207885742188,6.02:5.04;7.01:5.03;8.05:4.96;8.94:4.89;9.88:4.84;10.74:4.75;11.7:4.6;12.52:4.3,13.01:4.26;13.05:4.4;13.05:4.4;12.68:4.6;12.61:4.7;12.62:4.76;12.65:4.76;12.65:4.76;12.65:4.76;12.68:4.76;12.62:4.88;13.18:5.24,13.3033:4.291544;14.13449:4.304666;14.87948:4.274751;15.66219:4.256755;16.39295:4.340117;17.22805:4.312335;17.97386:4.293314;18.78307:4.208573;19.50928:4.244825;20.10099:4.288045;20.9627:4.372992;21.68472:4.215431,sigma3_eth_seed42,3
ETH:biwi_eth:230:9790,ETH,biwi_eth:230,9790,triu,2.901530265808105,4.802103996276856,7.01:5.03;8.05:4.96;8.94:4.89;9.88:4.84;10.74:4.75;11.7:4.6;12.52:4.3;13.01:4.26,13.05:4.4;13.05:4.4;12.68:4.6;12.61:4.7;12.62:4.76;12.65:4.76;12.65:4.76;12.65:4.76;12.68:4.76;12.62:4.88;13.18:5.24;13.18:5.24,13.42522:4.26578;13.84245:4.256384;14.25151:4.230745;14.64573:4.252617;15.046:4.235334;15.45424:4.230777;15.85427:4.229123;16.28183:4.205564;16.65402:4.217759;17.01703:4.222792;17.45476:4.200326;17.85372:4.137027,sigma3_eth_seed42,3
ETH:biwi_eth:231:9680,ETH,biwi_eth:231,9680,triu,0.6581834554672241,0.6375446319580078,-3.38:4.31;-2.48:4.25;-1.51:4.28;-0.43:4.34;0.48:4.39;1.36:4.49;2.24:4.5;3.05:4.41,3.89:4.27;4.7:4.11;5.54:4.15;6.36:4.2;7.17:4.25;8.09:4.24;8.97:4.1;9.76:4.21;10.5:4.2;11.12:4.05;11.67:4;12.02:3.8,3.769954:4.38134;4.518975:4.373858;5.218657:4.350045;5.950936:4.309072;6.651849:4.348469;7.393332:4.317037;8.087914:4.284592;8.807374:4.22377;9.500083:4.222327;10.1133:4.226145;10.8437:4.274332;11.51539:4.189657,sigma3_eth_seed42,3
ETH:biwi_eth:231:9690,ETH,biwi_eth:231,9690,triu,0.3109909892082214,0.8303544521331787,-2.48:4.25;-1.51:4.28;-0.43:4.34;0.48:4.39;1.36:4.49;2.24:4.5;3.05:4.41;3.89:4.27,4.7:4.11;5.54:4.15;6.36:4.2;7.17:4.25;8.09:4.24;8.97:4.1;9.76:4.21;10.5:4.2;11.12:4.05;11.67:4;12.02:3.8;12.2:3.83,4.662922:4.221173;5.46393:4.199372;6.223609:4.177033;7.026032:4.107651;7.799536:4.127744;8.584811:4.094331;9.331868:4.040171;10.09325:3.983156;10.85744:3.957205;11.55914:3.938761;12.29845:3.976354;13.02506:3.923628,sigma3_eth_seed42,3
ETH:biwi_eth:231:9700,ETH,biwi_eth:231,9700,triu,0.4679433405399322,1.417970895767212,-1.51:4.28;-0.43:4.34;0.48:4.39;1.36:4.49;2.24:4.5;3.05:4.41;3.89:4.27;4.7:4.11,5.54:4.15;6.36:4.2;7.17:4.25;8.09:4.24;8.97:4.1;9.76:4.21;10.5:4.2;11.12:4.05;11.67:4;12.02:3.8;12.2:3.83;12.29:3.76,5.461418:4.059744;6.248877:4.03618;6.998921:4.014097;7.790714:3.943504;8.556834:3.959003;9.326696:3.924415;10.06563:3.870354;10.81219:3.816008;11.56804:3.78667;12.26838:3.763243;12.99136:3.796872;13.70794:3.751406,sigma3_eth_seed42,3
ETH:biwi_eth:231:9710,ETH,biwi_eth:231,9710,triu,0.6532101035118103,2.51203727722168,-0.43:4.34;0.48:4.39;1.36:4.49;2.24:4.5;3.05:4.41;3.89:4.27;4.7:4.11;5.54:4.15,6.36:4.2;7.17:4.25;8.09:4.24;8.97:4.1;9.76:4.21;10.5:4.2;11.12:4.05;11.67:4;12.02:3.8;12.2:3.83;12.29:3.76;12.26:3.82,6.321126:4.095808;7.128284:4.069707;7.898762:4.049106;8.713207:3.97224;9.49859:3.985949;10.28978:3.953921;11.04123:3.89307;11.80839:3.838663;12.58537:3.805352;13.30435:3.782967;14.03547:3.815895;14.77163:3.77462,sigma3_eth_seed42,3
ETH:biwi_eth:231:9720,ETH,biwi_eth:231,9720,triu,0.9092833995819092,3.3679020404815674,0.48:4.39;1.36:4.49;2.24:4.5;3.05:4.41;3.89:4.27;4.7:4.11;5.54:4.15;6.36:4.2,7.17:4.25;8.09:4.24;8.97:4.1;9.76:4.21;10.5:4.2;11.12:4.05;11.67:4;12.02:3.8;12.2:3.83;12.29:3.76;12.26:3.82;12.25:3.84,7.143961:4.155094;7.959589:4.137248;8.726901:4.113624;9.537882:4.048788;10.31638:4.077148;11.11818:4.044154;11.87464:3.992871;12.65184:3.931353;13.42153:3.912599;14.11871:3.90123;14.88247:3.945747;15.61767:3.879196,sigma3_eth_seed42,3
ETH:biwi_eth:231:9730,ETH,biwi_eth:231,9730,triu,1.28452730178833,4.15264368057251,1.36:4.49;2.24:4.5;3.05:4.41;3.89:4.27;4.7:4.11;5.54:4.15;6.36:4.2;7.17:4.25,8.09:4.24;8.97:4.1;9.76:4.21;10.5:4.2;11.12:4.05;11.67:4;12.02:3.8;12.2:3.83;12.29:3.76;12.26:3.82;12.25:3.84;12.25:3.84,7.955099:4.228681;8.783318:4.231099;9.537469:4.20245;10.3322:4.168014;11.08299:4.2323;11.90722:4.201101;12.66164:4.171654;13.4603:4.094374;14.20399:4.111533;14.83612:4.133437;15.66793:4.204888;16.39581:4.078185,sigma3_eth_seed42,3
ETH:biwi_eth:231:9740,ETH,biwi_eth:231,9740,triu,2.5596652030944824,6.605600833892822,2.24:4.5;3.05:4.41;3.89:4.27;4.7:4.11;5.54:4.15;6.36:4.2;7.17:4.25;8.09:4.24,8.97:4.1;9.76:4.21;10.5:4.2;11.12:4.05;11.67:4;12.02:3.8;12.2:3.83;12.29:3.76;12.26:3.82;12.25:3.84;12.25:3.84;12.25:3.84,8.99893:4.178121;9.95088:4.152516;10.84151:4.127115;11.79479:4.03455;12.70487:4.063665;13.63866:4.030474;14.51028:3.954949;15.41396:3.882843;16.31624:3.852509;17.13379:3.834662;18.00134:3.888235;18.85557:3.820487,sigma3_eth_seed42,3
ETH:biwi_eth:231:9750,ETH,biwi_eth:231,9750,triu,2.527089357376098,6.307346820831299,3.05:4.41;3.89:4.27;4.7:4.11;5.54:4.15;6.36:4.2;7.17:4.25;8.09:4.24;8.97:4.1,9.76:4.21;10.5:4.2;11.12:4.05;11.67:4;12.02:3.8;12.2:3.83;12.29:3.76;12.26:3.82;12.25:3.84;12.25:3.84;12.25:3.84;12.25:3.84,9.781166:4.049016;10.62505:4.027384;11.4207:4.004228;12.26425:3.930214;13.07358:3.955132;13.90236:3.922548;14.68284:3.86335;15.48595:3.801282;16.28694:3.776336;17.01606:3.761114;17.79457:3.80474;18.55662:3.744247,sigma3_eth_seed42,3
ETH:biwi_eth:231:9760,ETH,biwi_eth:231,9760,triu,2.400989532470703,5.791749954223633,3.89:4.27;4.7:4.11;5.54:4.15;6.36:4.2;7.17:4.25;8.09:4.24;8.97:4.1;9.76:4.21,10.5:4.2;11.12:4.05;11.67:4;12.02:3.8;12.2:3.83;12.29:3.76;12.26:3.82;12.25:3.84;12.25:3.84;12.25:3.84;12.25:3.84;12.25:3.84,10.46695:4.195535;11.20715:4.199395;11.88662:4.173856;12.59457:4.151685;13.26522:4.209805;14.00485:4.180608;14.68307:4.161381;15.40082:4.09383;16.0649:4.112336;16.62914:4.136095;17.38164:4.197062;18.03671:4.081592,sigma3_eth_seed42,3
ETH:biwi_eth:231:9770,ETH,biwi_eth:231,9770,triu,3.072892904281616,6.69952917098999,4.7:4.11;5.54:4.15;6.36:4.2;7.17:4.25;8.09:4.24;8.97:4.1;9.76:4.21;10.5:4.2,11.12:4.05;11.67:4;12.02:3.8;12.2:3.83;12.29:3.76;12.26:3.82;12.25:3.84;12.25:3.84;12.25:3.84;12.25:3.84;12.25:3.84;12.25:3.93,11.21677:4.149905;11.95043:4.123612;12.66039:4.106258;13.40434:4.037429;14.12489:4.043722;14.84543:4.013873;15.53293:3.959567;16.23257:3.914379;16.94547:3.879775;17.61192:3.85767;18.27224:3.880046;18.94908:3.852225,sigma3_eth_seed42,3
ETH:biwi_eth:231:9780,ETH,biwi_eth:231,9780,triu,2.356542587280273,4.798386573791504,5.54:4.15;6.36:4.2;7.17:4.25;8.09:4.24;8.97:4.1;9.76:4.21;10.5:4.2;11.12:4.05,11.67:4;12.02:3.8;12.2:3.83;12.29:3.76;12.26:3.82;12.25:3.84;12.25:3.84;12.25:3.84;12.25:3.84;12.25:3.84;12.25:3.93;12.58:4.26,11.65669:4.047179;12.2062:4.049545;12.72547:4.027816;13.24855:4.029207;13.75546:4.062329;14.30435:4.03673;14.82459:4.03648;15.36369:3.992004;15.85942:4.008252;16.29496:4.024268;16.87032:4.0538;17.36957:3.96925,sigma3_eth_seed42,3
ETH:biwi_eth:231:9790,ETH,biwi_eth:231,9790,triu,2.442906618118286,4.001199245452881,6.36:4.2;7.17:4.25;8.09:4.24;8.97:4.1;9.76:4.21;10.5:4.2;11.12:4.05;11.67:4,12.02:3.8;12.2:3.83;12.29:3.76;12.26:3.82;12.25:3.84;12.25:3.84;12.25:3.84;12.25:3.84;12.25:3.84;12.25:3.93;12.58:4.26;13.53:5,12.15639:3.991402;12.64683:3.977964;13.1273:3.955846;13.6043:3.954329;14.07922:3.944037;14.5613:3.93282;15.02745:3.918316;15.51745:3.890333;15.97116:3.889852;16.40541:3.889102;16.89138:3.878482;17.35543:3.827115,sigma3_eth_seed42,3
ETH:biwi_eth:238:10000,ETH,biwi_eth:238,10000,triu,1.1624928712844849,1.8314964771270752,4.87:6.44;5.7:6.4;6.56:6.34;7.4:6.31;8.18:6.3;8.79:6.2;9.4:6.11;9.77:5.93,10.15:5.81;10.53:5.52;10.95:5.31;11.39:5.02;11.78:4.76;12.07:4.78;12.29:4.67;12.34:4.69;12.31:4.69;12.31:4.67;12.31:4.62;12.31:4.62,10.10731:5.949285;10.42892:5.954823;10.75739:5.946434;11.0526:5.984515;11.33578:5.99932;11.68063:5.999388;11.97155:6.015152;12.32237:5.998094;12.60205:6.022651;12.836:6.069392;13.19276:6.064842;13.50978:6.003806,sigma3_eth_seed42,3
ETH:biwi_eth:238:10010,ETH,biwi_eth:238,10010,triu,1.2472904920578003,2.2239997386932373,5.7:6.4;6.56:6.34;7.4:6.31;8.18:6.3;8.79:6.2;9.4:6.11;9.77:5.93;10.15:5.81,10.53:5.52;10.95:5.31;11.39:5.02;11.78:4.76;12.07:4.78;12.29:4.67;12.34:4.69;12.31:4.69;12.31:4.67;12.31:4.62;12.31:4.62;12.31:4.62,10.5067:5.826904;10.85361:5.828682;11.20181:5.814301;11.52166:5.850081;11.83555:5.855309;12.19564:5.854436;12.51631:5.866416;12.8875:5.84707;13.18951:5.869906;13.45699:5.90484;13.8383:5.894567;14.17617:5.829781,sigma3_eth_seed42,3
ETH:biwi_eth:238:10020,ETH,biwi_eth:238,10020,triu,1.2583094835281372,2.463489055633545,6.56:6.34;7.4:6.31;8.18:6.3;8.79:6.2;9.4:6.11;9.77:5.93;10.15:5.81;10.53:5.52,10.95:5.31;11.39:5.02;11.78:4.76;12.07:4.78;12.29:4.67;12.34:4.69;12.31:4.69;12.31:4.67;12.31:4.62;12.31:4.62;12.31:4.62;12.31:4.57,10.89566:5.541558;11.24461:5.550648;11.59942:5.555642;11.93016:5.5968;12.23142:5.641062;12.6132:5.657256;12.90035:5.651444;13.28269:5.649102;13.5722:5.702782;13.79403:5.749148;14.17337:5.769809;14.49052:5.71634,sigma3_eth_seed42,3
ETH:biwi_eth:238:10030,ETH,biwi_eth:238,10030,triu,1.606357216835022,3.3620617389678955,7.4:6.31;8.18:6.3;8.79:6.2;9.4:6.11;9.77:5.93;10.15:5.81;10.53:5.52;10.95:5.31,11.39:5.02;11.78:4.76;12.07:4.78;12.29:4.67;12.34:4.69;12.31:4.69;12.31:4.67;12.31:4.62;12.31:4.62;12.31:4.62;12.31:4.57;12.37:4.5,11.36826:5.325835;11.77802:5.337779;12.18012:5.332337;12.55914:5.360133;12.90822:5.402996;13.35038:5.398911;13.70897:5.410462;14.14337:5.380578;14.49978:5.4101;14.77447:5.472443;15.21799:5.495765;15.60463:5.416842,sigma3_eth_seed42,3
ETH:biwi_eth:238:10040,ETH,biwi_eth:238,10040,triu,1.861810326576233,3.732903957366944,8.18:6.3;8.79:6.2;9.4:6.11;9.77:5.93;10.15:5.81;10.53:5.52;10.95:5.31;11.39:5.02,11.78:4.76;12.07:4.78;12.29:4.67;12.34:4.69;12.31:4.69;12.31:4.67;12.31:4.62;12.31:4.62;12.31:4.62;12.31:4.57;12.37:4.5;12.51:4.49,11.82515:5.041129;12.25291:5.057727;12.66788:5.055529;13.0581:5.08844;13.40547:5.142873;13.87781:5.148459;14.23125:5.15768;14.69515:5.123997;15.05664:5.162667;15.31337:5.247799;15.77652:5.278533;16.17777:5.184265,sigma3_eth_seed42,3
ETH:biwi_eth:238:10050,ETH,biwi_eth:238,10050,triu,1.8801250457763672,3.692274332046509,8.79:6.2;9.4:6.11;9.77:5.93;10.15:5.81;10.53:5.52;10.95:5.31;11.39:5.02;11.78:4.76,12.07:4.78;12.29:4.67;12.34:4.69;12.31:4.69;12.31:4.67;12.31:4.62;12.31:4.62;12.31:4.62;12.31:4.57;12.37:4.5;12.51:4.49;12.5:4.35,12.17867:4.780488;12.56495:4.794041;12.94764:4.793263;13.30304:4.827955;13.62343:4.874338;14.04967:4.879625;14.37347:4.888608;14.79395:4.864389;15.12254:4.901744;15.36339:4.973534;15.78338:4.996601;16.14818:4.918909,sigma3_eth_seed42,3
ETH:biwi_eth:238:10060,ETH,biwi_eth:238,10060,triu,1.282403588294983,2.39914870262146,9.4:6.11;9.77:5.93;10.15:5.81;10.53:5.52;10.95:5.31;11.39:5.02;11.78:4.76;12.07:4.78,12.29:4.67;12.34:4.69;12.31:4.69;12.31:4.67;12.31:4.62;12.31:4.62;12.31:4.62;12.31:4.57;12.37:4.5;12.51:4.49;12.5:4.35;12.67:3.92,12.3188:4.789041;12.55633:4.775864;12.80854:4.758777;13.03744:4.785353;13.27935:4.746776;13.51524:4.758318;13.74616:4.755861;14.00315:4.748591;14.21847:4.758857;14.44963:4.753479;14.70676:4.703378;14.94977:4.667377,sigma3_eth_seed42,3
ETH:biwi_eth:238:10070,ETH,biwi_eth:238,10070,triu,0.8498513102531433,1.5879650115966797,9.77:5.93;10.15:5.81;10.53:5.52;10.95:5.31;11.39:5.02;11.78:4.76;12.07:4.78;12.29:4.67,12.34:4.69;12.31:4.69;12.31:4.67;12.31:4.62;12.31:4.62;12.31:4.62;12.31:4.57;12.37:4.5;12.51:4.49;12.5:4.35;12.67:3.92;12.66:3.79,12.43819:4.680011;12.57821:4.68402;12.72365:4.680276;12.85984:4.711912;13.00329:4.725558;13.13465:4.733283;13.28019:4.725116;13.40266:4.74651;13.52687:4.77942;13.65191:4.756379;13.81772:4.748356;13.92694:4.747334,sigma3_eth_seed42,3
ETH:biwi_eth:238:10080,ETH,biwi_eth:238,10080,triu,0.4142312109470367,1.0170342922210691,10.15:5.81;10.53:5.52;10.95:5.31;11.39:5.02;11.78:4.76;12.07:4.78;12.29:4.67;12.34:4.69,12.31:4.69;12.31:4.67;12.31:4.62;12.31:4.62;12.31:4.62;12.31:4.57;12.37:4.5;12.51:4.49;12.5:4.35;12.67:3.92;12.66:3.79;12.5:3.83,12.37821:4.680879;12.3801:4.68206;12.42786:4.737239;12.49428:4.69833;12.51881:4.789716;12.58515:4.747294;12.60633:4.739436;12.60867:4.738658;12.63369:4.760036;12.60724:4.713997;12.63328:4.808864;12.61537:4.840469,sigma3_eth_seed42,3
ETH:biwi_eth:238:10090,ETH,biwi_eth:238,10090,triu,0.6459689140319824,1.27513587474823,10.53:5.52;10.95:5.31;11.39:5.02;11.78:4.76;12.07:4.78;12.29:4.67;12.34:4.69;12.31:4.69,12.31:4.67;12.31:4.62;12.31:4.62;12.31:4.62;12.31:4.57;12.37:4.5;12.51:4.49;12.5:4.35;12.67:3.92;12.66:3.79;12.5:3.83;12.37:3.74,12.25655:4.69586;12.24367:4.72275;12.16273:4.69297;12.0819:4.738553;12.03203:4.766514;11.94069:4.753694;11.98105:4.743317;11.86505:4.806624;11.84937:4.778827;11.84612:4.781502;11.78378:4.786718;11.72489:4.83991,sigma3_eth_seed42,3
ETH:biwi_eth:238:10100,ETH,biwi_eth:238,10100,triu,0.4956167638301849,1.151185154914856,10.95:5.31;11.39:5.02;11.78:4.76;12.07:4.78;12.29:4.67;12.34:4.69;12.31:4.69;12.31:4.67,12.31:4.62;12.31:4.62;12.31:4.62;12.31:4.57;12.37:4.5;12.51:4.49;12.5:4.35;12.67:3.92;12.66:3.79;12.5:3.83;12.37:3.74;12.28:3.62,12.3287:4.669539;12.31826:4.66357;12.34725:4.707644;12.38743:4.683535;12.39522:4.742633;12.44086:4.713224;12.44326:4.702928;12.45296:4.701189;12.44874:4.719193;12.41382:4.681967;12.42396:4.749732;12.40782:4.764067,sigma3_eth_seed42,3
ETH:biwi_eth:238:10110,ETH,biwi_eth:238,10110,triu,0.569695770740509,1.2256534099578855,11.39:5.02;11.78:4.76;12.07:4.78;12.29:4.67;12.34:4.69;12.31:4.69;12.31:4.67;12.31:4.62,12.31:4.62;12.31:4.62;12.31:4.57;12.37:4.5;12.51:4.49;12.5:4.35;12.67:3.92;12.66:3.79;12.5:3.83;12.37:3.74;12.28:3.62;12.37:3.56,12.31717:4.618399;12.29004:4.614129;12.30723:4.663669;12.32952:4.642069;12.31787:4.709068;12.34677:4.677474;12.33304:4.664218;12.32326:4.678086;12.30854:4.688155;12.26039:4.660291;12.23222:4.73437;12.20331:4.774266,sigma3_eth_seed42,3
ETH:biwi_eth:238:10120,ETH,biwi_eth:238,10120,triu,0.6024932265281677,1.077168345451355,11.78:4.76;12.07:4.78;12.29:4.67;12.34:4.69;12.31:4.69;12.31:4.67;12.31:4.62;12.31:4.62,12.31:4.62;12.31:4.57;12.37:4.5;12.51:4.49;12.5:4.35;12.67:3.92;12.66:3.79;12.5:3.83;12.37:3.74;12.28:3.62;12.37:3.56;12.55:3.56,12.31225:4.618704;12.31166:4.618765;12.31383:4.620481;12.31388:4.621166;12.31584:4.621169;12.31604:4.618061;12.32301:4.619581;12.31461:4.621446;12.32205:4.613928;12.33084:4.609449;12.32856:4.606923;12.33069:4.614606,sigma3_eth_seed42,3
ETH:biwi_eth:238:10130,ETH,biwi_eth:238,10130,triu,0.692518949508667,1.0650317668914795,12.07:4.78;12.29:4.67;12.34:4.69;12.31:4.69;12.31:4.67;12.31:4.62;12.31:4.62;12.31:4.62,12.31:4.57;12.37:4.5;12.51:4.49;12.5:4.35;12.67:3.92;12.66:3.79;12.5:3.83;12.37:3.74;12.28:3.62;12.37:3.56;12.55:3.56;12.59:3.58,12.30898:4.619056;12.30765:4.618826;12.30591:4.618792;12.30279:4.620181;12.30219:4.617594;12.29964:4.616073;12.30519:4.615997;12.29547:4.617747;12.30042:4.609043;12.3079:4.605238;12.30304:4.600307;12.30412:4.605947,sigma3_eth_seed42,3
ETH:biwi_eth:238:10140,ETH,biwi_eth:238,10140,triu,0.7540749907493591,1.0310567617416382,12.29:4.67;12.34:4.69;12.31:4.69;12.31:4.67;12.31:4.62;12.31:4.62;12.31:4.62;12.31:4.57,12.37:4.5;12.51:4.49;12.5:4.35;12.67:3.92;12.66:3.79;12.5:3.83;12.37:3.74;12.28:3.62;12.37:3.56;12.55:3.56;12.59:3.58;12.53:3.6,12.3119:4.572817;12.30277:4.571404;12.30673:4.587915;12.31057:4.583462;12.29998:4.604238;12.31723:4.594612;12.3167:4.588801;12.31261:4.588944;12.30791:4.587194;12.28652:4.579134;12.28158:4.597105;12.27606:4.599296,sigma3_eth_seed42,3
ETH:biwi_eth:238:10150,ETH,biwi_eth:238,10150,triu,0.7527459263801575,0.9900640845298768,12.34:4.69;12.31:4.69;12.31:4.67;12.31:4.62;12.31:4.62;12.31:4.62;12.31:4.57;12.37:4.5,12.51:4.49;12.5:4.35;12.67:3.92;12.66:3.79;12.5:3.83;12.37:3.74;12.28:3.62;12.37:3.56;12.55:3.56;12.59:3.58;12.53:3.6;12.5:3.6,12.41138:4.489775;12.4569:4.506227;12.48882:4.509382;12.53564:4.497535;12.57058:4.53873;12.61848:4.533267;12.67869:4.526064;12.6648:4.527293;12.73536:4.526786;12.76871:4.511206;12.8223:4.524908;12.83329:4.532279,sigma3_eth_seed42,3
ETH:biwi_eth:238:10160,ETH,biwi_eth:238,10160,triu,1.105574131011963,1.6577160358428955,12.31:4.69;12.31:4.67;12.31:4.62;12.31:4.62;12.31:4.62;12.31:4.57;12.37:4.5;12.51:4.49,12.5:4.35;12.67:3.92;12.66:3.79;12.5:3.83;12.37:3.74;12.28:3.62;12.37:3.56;12.55:3.56;12.59:3.58;12.53:3.6;12.5:3.6;12.54:3.56,12.63245:4.472044;12.75414:4.469724;12.87716:4.470538;13.01806:4.441487;13.14925:4.447656;13.27972:4.446821;13.40714:4.429904;13.49275:4.412704;13.63883:4.406504;13.76671:4.372731;13.8937:4.362691;13.99444:4.35538,sigma3_eth_seed42,3
ETH:biwi_eth:238:10170,ETH,biwi_eth:238,10170,triu,0.7373309135437012,0.8398797512054443,12.31:4.67;12.31:4.62;12.31:4.62;12.31:4.62;12.31:4.57;12.37:4.5;12.51:4.49;12.5:4.35,12.67:3.92;12.66:3.79;12.5:3.83;12.37:3.74;12.28:3.62;12.37:3.56;12.55:3.56;12.59:3.58;12.53:3.6;12.5:3.6;12.54:3.56;12.67:3.61,12.51876:4.342384;12.51603:4.349045;12.53666:4.378989;12.56354:4.358091;12.56564:4.414384;12.59933:4.39097;12.61448:4.386815;12.59252:4.391697;12.61788:4.391186;12.6039:4.373261;12.60536:4.418279;12.59256:4.446301,sigma3_eth_seed42,3
ETH:biwi_eth:238:10180,ETH,biwi_eth:238,10180,triu,0.7800530791282654,1.019775629043579,12.31:4.62;12.31:4.62;12.31:4.62;12.31:4.57;12.37:4.5;12.51:4.49;12.5:4.35;12.67:3.92,12.66:3.79;12.5:3.83;12.37:3.74;12.28:3.62;12.37:3.56;12.55:3.56;12.59:3.58;12.53:3.6;12.5:3.6;12.54:3.56;12.67:3.61;12.61:3.67,12.77123:3.937447;12.8412:3.935987;12.94759:3.955269;13.0256:4.013773;13.10297:4.027931;13.17203:4.078965;13.20501:4.032609;13.28453:4.118312;13.33193:4.172225;13.38959:4.163295;13.42953:4.144696;13.47134:4.215923,sigma3_eth_seed42,3
ETH:biwi_eth:238:10190,ETH,biwi_eth:238,10190,triu,0.2923844754695892,0.2534294128417969,12.31:4.62;12.31:4.62;12.31:4.57;12.37:4.5;12.51:4.49;12.5:4.35;12.67:3.92;12.66:3.79,12.5:3.83;12.37:3.74;12.28:3.62;12.37:3.56;12.55:3.56;12.59:3.58;12.53:3.6;12.5:3.6;12.54:3.56;12.67:3.61;12.61:3.67;12.6:3.67,12.66599:3.785025;12.67996:3.804594;12.67149:3.801947;12.66113:3.815842;12.64993:3.84943;12.64257:3.853269;12.66944:3.836877;12.61632:3.877559;12.65092:3.860773;12.66203:3.871447;12.63468:3.87339;12.62041:3.922607,sigma3_eth_seed42,3
ETH:biwi_eth:238:10200,ETH,biwi_eth:238,10200,triu,0.5950387120246887,0.9240928292274476,12.31:4.62;12.31:4.57;12.37:4.5;12.51:4.49;12.5:4.35;12.67:3.92;12.66:3.79;12.5:3.83,12.37:3.74;12.28:3.62;12.37:3.56;12.55:3.56;12.59:3.58;12.53:3.6;12.5:3.6;12.54:3.56;12.67:3.61;12.61:3.67;12.6:3.67;12.54:3.76,12.42666:3.836828;12.36112:3.849354;12.27934:3.849337;12.19345:3.872504;12.11852:3.898346;12.03204:3.883821;12.00845:3.880691;11.90194:3.920233;11.84665:3.904969;11.79634:3.9002;11.71098:3.9165;11.63763:3.959186,sigma3_eth_seed42,3
ETH:biwi_eth:238:10210,ETH,biwi_eth:238,10210,triu,1.051803469657898,1.6872689723968506,12.31:4.57;12.37:4.5;12.51:4.49;12.5:4.35;12.67:3.92;12.66:3.79;12.5:3.83;12.37:3.74,12.28:3.62;12.37:3.56;12.55:3.56;12.59:3.58;12.53:3.6;12.5:3.6;12.54:3.56;12.67:3.61;12.61:3.67;12.6:3.67;12.54:3.76;12.48:3.79,12.2344:3.751773;12.08998:3.761842;11.95692:3.776724;11.81506:3.798225;11.68147:3.822498;11.54114:3.811168;11.44244:3.81954;11.28927:3.855504;11.16998:3.851937;11.05944:3.845023;10.92141:3.865654;10.79716:3.912141,sigma3_eth_seed42,3
ETH:biwi_eth:238:10220,ETH,biwi_eth:238,10220,triu,0.4929345548152923,0.5788021087646484,12.37:4.5;12.51:4.49;12.5:4.35;12.67:3.92;12.66:3.79;12.5:3.83;12.37:3.74;12.28:3.62,12.37:3.56;12.55:3.56;12.59:3.58;12.53:3.6;12.5:3.6;12.54:3.56;12.67:3.61;12.61:3.67;12.6:3.67;12.54:3.76;12.48:3.79;12.43:3.73,12.2461:3.627913;12.25171:3.655477;12.18992:3.624533;12.12469:3.682386;12.09126:3.705811;12.01201:3.71429;12.05236:3.690771;11.95391:3.770936;11.95041:3.756205;11.96174:3.761951;11.90795:3.753106;11.85782:3.817317,sigma3_eth_seed42,3
ETH:biwi_eth:238:10230,ETH,biwi_eth:238,10230,triu,0.1490840911865234,0.2281593531370163,12.51:4.49;12.5:4.35;12.67:3.92;12.66:3.79;12.5:3.83;12.37:3.74;12.28:3.62;12.37:3.56,12.55:3.56;12.59:3.58;12.53:3.6;12.5:3.6;12.54:3.56;12.67:3.61;12.61:3.67;12.6:3.67;12.54:3.76;12.48:3.79;12.43:3.73;12.39:3.68,12.39527:3.554691;12.40685:3.558895;12.4334:3.580697;12.4696:3.561506;12.4846:3.603266;12.52798:3.586392;12.55069:3.583908;12.54998:3.576425;12.57898:3.580763;12.57497:3.561996;12.60304:3.596134;12.60388:3.600538,sigma3_eth_seed42,3
ETH:biwi_eth:238:10240,ETH,biwi_eth:238,10240,triu,0.5060059428215027,0.981364607810974,12.5:4.35;12.67:3.92;12.66:3.79;12.5:3.83;12.37:3.74;12.28:3.62;12.37:3.56;12.55:3.56,12.59:3.58;12.53:3.6;12.5:3.6;12.54:3.56;12.67:3.61;12.61:3.67;12.6:3.67;12.54:3.76;12.48:3.79;12.43:3.73;12.39:3.68;12.42:3.64,12.61994:3.549268;12.69228:3.559382;12.75696:3.562872;12.84159:3.54364;12.91286:3.576175;12.99547:3.571531;13.07948:3.564194;13.10483:3.549861;13.19767:3.557723;13.25718:3.528477;13.3561:3.53831;13.39463:3.525238,sigma3_eth_seed42,3
ETH:biwi_eth:238:10250,ETH,biwi_eth:238,10250,triu,0.196471095085144,0.2973109185695648,12.67:3.92;12.66:3.79;12.5:3.83;12.37:3.74;12.28:3.62;12.37:3.56;12.55:3.56;12.59:3.58,12.53:3.6;12.5:3.6;12.54:3.56;12.67:3.61;12.61:3.67;12.6:3.67;12.54:3.76;12.48:3.79;12.43:3.73;12.39:3.68;12.42:3.64;12.43:3.6,12.59813:3.576146;12.6077:3.573377;12.61621:3.573911;12.62962:3.567986;12.64246:3.563357;12.65365:3.564777;12.66845:3.557344;12.66726:3.55468;12.68462:3.546688;12.70334:3.533788;12.71005:3.525866;12.7181:3.526577,sigma3_eth_seed42,3
ETH:biwi_eth:238:10260,ETH,biwi_eth:238,10260,triu,0.1316960901021957,0.1608016192913055,12.66:3.79;12.5:3.83;12.37:3.74;12.28:3.62;12.37:3.56;12.55:3.56;12.59:3.58;12.53:3.6,12.5:3.6;12.54:3.56;12.67:3.61;12.61:3.67;12.6:3.67;12.54:3.76;12.48:3.79;12.43:3.73;12.39:3.68;12.42:3.64;12.43:3.6;12.49:3.64,12.5111:3.60548;12.50343:3.603276;12.48055:3.595407;12.45666:3.605001;12.4349:3.588347;12.42298:3.598121;12.41542:3.588723;12.40517:3.588606;12.38945:3.575949;12.37827:3.581392;12.36099:3.561368;12.35828:3.547759,sigma3_eth_seed42,3
ETH:biwi_eth:238:10270,ETH,biwi_eth:238,10270,triu,0.1362085193395614,0.2961044609546661,12.5:3.83;12.37:3.74;12.28:3.62;12.37:3.56;12.55:3.56;12.59:3.58;12.53:3.6;12.5:3.6,12.54:3.56;12.67:3.61;12.61:3.67;12.6:3.67;12.54:3.76;12.48:3.79;12.43:3.73;12.39:3.68;12.42:3.64;12.43:3.6;12.49:3.64;12.71:3.7,12.49251:3.601603;12.49072:3.600984;12.48079:3.596053;12.47018:3.601627;12.46374:3.592229;12.4566:3.595523;12.45993:3.592428;12.44982:3.593255;12.44813:3.583777;12.45159:3.582251;12.44558:3.569887;12.44555:3.56679,sigma3_eth_seed42,3
ETH:biwi_eth:238:10280,ETH,biwi_eth:238,10280,triu,0.1791507601737976,0.3673658967018127,12.37:3.74;12.28:3.62;12.37:3.56;12.55:3.56;12.59:3.58;12.53:3.6;12.5:3.6;12.54:3.56,12.67:3.61;12.61:3.67;12.6:3.67;12.54:3.76;12.48:3.79;12.43:3.73;12.39:3.68;12.42:3.64;12.43:3.6;12.49:3.64;12.71:3.7;12.79:3.86,12.54349:3.561608;12.54483:3.563372;12.547:3.563983;12.54562:3.568725;12.5457:3.57061;12.54897:3.567773;12.55805:3.571595;12.55257:3.572022;12.55847:3.567391;12.56282:3.565919;12.5686:3.563463;12.57193:3.564358,sigma3_eth_seed42,3
ETH:biwi_eth:238:10290,ETH,biwi_eth:238,10290,triu,0.5712481141090393,0.7376423478126526,12.28:3.62;12.37:3.56;12.55:3.56;12.59:3.58;12.53:3.6;12.5:3.6;12.54:3.56;12.67:3.61,12.61:3.67;12.6:3.67;12.54:3.76;12.48:3.79;12.43:3.73;12.39:3.68;12.42:3.64;12.43:3.6;12.49:3.64;12.71:3.7;12.79:3.86;12.86:4.03,12.73915:3.606431;12.80789:3.616352;12.87191:3.616647;12.94496:3.614957;13.01275:3.640569;13.08455:3.639307;13.16712:3.634667;13.19526:3.632836;13.27678:3.644749;13.33659:3.620588;13.43087:3.622305;13.47007:3.615348,sigma3_eth_seed42,3
ETH:biwi_eth:238:9920,ETH,biwi_eth:238,9920,triu,0.9713718295097352,2.885994672775269,-2.36:6.64;-1.3:6.46;-0.52:6.38;0.43:6.41;1.29:6.33;2.26:6.48;3.12:6.62;4.01:6.58,4.87:6.44;5.7:6.4;6.56:6.34;7.4:6.31;8.18:6.3;8.79:6.2;9.4:6.11;9.77:5.93;10.15:5.81;10.53:5.52;10.95:5.31;11.39:5.02,4.857261:6.521197;5.738775:6.494759;6.571861:6.472142;7.458457:6.386274;8.308456:6.406997;9.17324:6.37492;9.985659:6.305486;10.82331:6.242511;11.66558:6.209728;12.43647:6.189661;13.23535:6.232398;14.03292:6.179294,sigma3_eth_seed42,3
ETH:biwi_eth:238:9930,ETH,biwi_eth:238,9930,triu,0.8675695061683655,2.561795234680176,-1.3:6.46;-0.52:6.38;0.43:6.41;1.29:6.33;2.26:6.48;3.12:6.62;4.01:6.58;4.87:6.44,5.7:6.4;6.56:6.34;7.4:6.31;8.18:6.3;8.79:6.2;9.4:6.11;9.77:5.93;10.15:5.81;10.53:5.52;10.95:5.31;11.39:5.02;11.78:4.76,5.639619:6.397252;6.438657:6.380271;7.19189:6.358114;7.985757:6.296492;8.74626:6.325079;9.534524:6.294471;10.27267:6.244595;11.03706:6.184832;11.79021:6.167521;12.46964:6.160537;13.21799:6.203635;13.93978:6.13773,sigma3_eth_seed42,3
ETH:biwi_eth:238:9940,ETH,biwi_eth:238,9940,triu,1.0335506200790403,2.775155544281006,-0.52:6.38;0.43:6.41;1.29:6.33;2.26:6.48;3.12:6.62;4.01:6.58;4.87:6.44;5.7:6.4,6.56:6.34;7.4:6.31;8.18:6.3;8.79:6.2;9.4:6.11;9.77:5.93;10.15:5.81;10.53:5.52;10.95:5.31;11.39:5.02;11.78:4.76;12.07:4.78,6.449512:6.347692;7.220183:6.321324;7.961075:6.302744;8.740792:6.229587;9.493679:6.239457;10.25048:6.209205;10.96899:6.150971;11.70333:6.101385;12.44866:6.06718;13.14116:6.045774;13.83589:6.073184;14.54305:6.039162,sigma3_eth_seed42,3
ETH:biwi_eth:238:9950,ETH,biwi_eth:238,9950,triu,1.752649188041687,4.135548114776611,0.43:6.41;1.29:6.33;2.26:6.48;3.12:6.62;4.01:6.58;4.87:6.44;5.7:6.4;6.56:6.34,7.4:6.31;8.18:6.3;8.79:6.2;9.4:6.11;9.77:5.93;10.15:5.81;10.53:5.52;10.95:5.31;11.39:5.02;11.78:4.76;12.07:4.78;12.29:4.67,7.380688:6.281629;8.228132:6.25342;9.037584:6.236314;9.894128:6.151422;10.71102:6.167165;11.54977:6.1429;12.32079:6.07031;13.13403:6.014001;13.94809:5.978157;14.69076:5.96643;15.44467:6.001545;16.21911:5.96029,sigma3_eth_seed42,3
ETH:biwi_eth:238:9960,ETH,biwi_eth:238,9960,triu,2.191654920578003,4.882141590118408,1.29:6.33;2.26:6.48;3.12:6.62;4.01:6.58;4.87:6.44;5.7:6.4;6.56:6.34;7.4:6.31,8.18:6.3;8.79:6.2;9.4:6.11;9.77:5.93;10.15:5.81;10.53:5.52;10.95:5.31;11.39:5.02;11.78:4.76;12.07:4.78;12.29:4.67;12.34:4.69,8.222425:6.250922;9.070091:6.221918;9.881815:6.206698;10.73981:6.12048;11.55545:6.135517;12.39759:6.114461;13.16325:6.038924;13.97995:5.983719;14.79491:5.946715;15.5359:5.938869;16.28428:5.972725;17.06097:5.934085,sigma3_eth_seed42,3
ETH:biwi_eth:238:9970,ETH,biwi_eth:238,9970,triu,2.198062896728516,4.844393730163574,2.26:6.48;3.12:6.62;4.01:6.58;4.87:6.44;5.7:6.4;6.56:6.34;7.4:6.31;8.18:6.3,8.79:6.2;9.4:6.11;9.77:5.93;10.15:5.81;10.53:5.52;10.95:5.31;11.39:5.02;11.78:4.76;12.07:4.78;12.29:4.67;12.34:4.69;12.31:4.69,8.927925:6.247351;9.695479:6.220386;10.43535:6.203348;11.213:6.129567;11.96206:6.138583;12.71822:6.110807;13.4299:6.050681;14.1638:6.002324;14.90692:5.967203;15.59584:5.948685;16.28331:5.974691;16.98949:5.943206,sigma3_eth_seed42,3
ETH:biwi_eth:238:9980,ETH,biwi_eth:238,9980,triu,1.4245702028274536,3.1328723430633545,3.12:6.62;4.01:6.58;4.87:6.44;5.7:6.4;6.56:6.34;7.4:6.31;8.18:6.3;8.79:6.2,9.4:6.11;9.77:5.93;10.15:5.81;10.53:5.52;10.95:5.31;11.39:5.02;11.78:4.76;12.07:4.78;12.29:4.67;12.34:4.69;12.31:4.69;12.31:4.67,9.331338:6.18947;9.883701:6.182637;10.4129:6.160329;10.94748:6.152472;11.47123:6.166194;12.01713:6.14444;12.54165:6.13302;13.08322:6.093907;13.5914:6.098267;14.05714:6.101862;14.614:6.115955;15.12302:6.049057,sigma3_eth_seed42,3
ETH:biwi_eth:238:9990,ETH,biwi_eth:238,9990,triu,1.7503929138183594,3.739125490188599,4.01:6.58;4.87:6.44;5.7:6.4;6.56:6.34;7.4:6.31;8.18:6.3;8.79:6.2;9.4:6.11,9.77:5.93;10.15:5.81;10.53:5.52;10.95:5.31;11.39:5.02;11.78:4.76;12.07:4.78;12.29:4.67;12.34:4.69;12.31:4.69;12.31:4.67;12.31:4.62,9.94718:6.098087;10.50552:6.090723;11.04071:6.068657;11.58228:6.05864;12.11258:6.072522;12.66426:6.050141;13.19449:6.037511;13.74098:5.998148;14.25613:6.001161;14.72852:6.0038;15.28895:6.018571;15.8034:5.953114,sigma3_eth_seed42,3
ETH:biwi_eth:239:9920,ETH,biwi_eth:239,9920,triu,0.415420651435852,0.7404135465621948,-1.57:5.57;-0.74:5.53;0.07:5.49;1.01:5.49;1.95:5.41;2.87:5.33;3.75:5.37;4.62:5.47,5.44:5.48;6.19:5.49;6.97:5.46;7.74:5.47;8.51:5.47;9.12:5.37;9.74:5.31;10.47:5.34;11.28:5.18;12.01:5.09;12.74:5.32;13.43:5.4,5.435604:5.457917;6.302151:5.469636;7.07861:5.439411;7.897388:5.415173;8.660618:5.499879;9.530859:5.472658;10.30514:5.447708;11.14805:5.359888;11.90742:5.394252;12.52732:5.437656;13.41705:5.52566;14.16964:5.366107,sigma3_eth_seed42,3
ETH:biwi_eth:257:10250,ETH,biwi_eth:257,10250,triu,1.947710037231445,3.803912401199341,12.62:6.95;11.68:7.09;10.74:7.2;9.72:7.1;8.73:7.09;7.74:6.97;6.86:6.75;6.04:6.45,5.37:6.15;4.44:6.01;3.84:5.72;2.8:5.7;1.85:5.51;1.07:5.44;0.06:5.22;-1.01:4.99;-1.76:4.92;-2.96:4.66;-3.93:4.45;-4.95:4.36,5.290907:6.499172;4.384424:6.510464;3.779164:6.659374;3.13856:6.754704;2.453426:6.739673;1.764245:7.024816;0.7347293:6.980289;0.1182008:7.109407;-0.6557503:7.417604;-1.373031:7.35218;-2.07993:7.321579;-2.799308:7.497559,sigma3_eth_seed42,3
ETH:biwi_eth:257:10260,ETH,biwi_eth:257,10260,triu,2.450275182723999,4.807476997375488,11.68:7.09;10.74:7.2;9.72:7.1;8.73:7.09;7.74:6.97;6.86:6.75;6.04:6.45;5.37:6.15,4.44:6.01;3.84:5.72;2.8:5.7;1.85:5.51;1.07:5.44;0.06:5.22;-1.01:4.99;-1.76:4.92;-2.96:4.66;-3.93:4.45;-4.95:4.36;-5.94:4.33,4.753022:6.199629;3.998622:6.202554;3.497992:6.336698;2.96544:6.42251;2.396549:6.409289;1.825203:6.652782;0.9603353:6.606456;0.4595017:6.731272;-0.1922631:6.992434;-0.7929907:6.938955;-1.384672:6.908102;-1.986161:7.064775,sigma3_eth_seed42,3
ETH:biwi_eth:257:10270,ETH,biwi_eth:257,10270,triu,1.5906201601028442,2.8790030479431152,10.74:7.2;9.72:7.1;8.73:7.09;7.74:6.97;6.86:6.75;6.04:6.45;5.37:6.15;4.44:6.01,3.84:5.72;2.8:5.7;1.85:5.51;1.07:5.44;0.06:5.22;-1.01:4.99;-1.76:4.92;-2.96:4.66;-3.93:4.45;-4.95:4.36;-5.94:4.33;-6.85:4.35,3.55638:6.048204;2.630029:6.096504;1.810781:6.194787;1.026664:6.235279;0.2284884:6.251226;-0.5841713:6.463073;-1.554044:6.458551;-2.355003:6.549235;-3.11058:6.726595;-3.860289:6.721461;-4.605753:6.707452;-5.394578:6.83403,sigma3_eth_seed42,3
ETH:biwi_eth:257:10280,ETH,biwi_eth:257,10280,triu,3.042486906051636,5.379871845245361,9.72:7.1;8.73:7.09;7.74:6.97;6.86:6.75;6.04:6.45;5.37:6.15;4.44:6.01;3.84:5.72,2.8:5.7;1.85:5.51;1.07:5.44;0.06:5.22;-1.01:4.99;-1.76:4.92;-2.96:4.66;-3.93:4.45;-4.95:4.36;-5.94:4.33;-6.85:4.35;-7.58:4.44,3.297341:5.767031;2.644657:5.769998;2.190851:5.886665;1.715779:5.959682;1.214158:5.952017;0.7072966:6.158714;-0.03624511:6.116129;-0.4840143:6.233773;-1.047631:6.447842;-1.569724:6.407725;-2.087477:6.378377;-2.617714:6.518157,sigma3_eth_seed42,3
ETH:biwi_eth:258:10250,ETH,biwi_eth:258,10250,triu,0.9104315638542176,1.386952519416809,-1.72:7.41;-0.77:7.3;0.16:7.28;1.05:7.19;1.96:7.18;2.91:7.26;3.6:7.4;4.43:7.61,5.28:7.78;6.15:7.92;7.51:7.89;8.15:7.88;8.87:7.89;9.8:7.7;10.7:7.59;11.4:7.6;12.01:7.36;12.47:7.05;13.29:7.02;13.77:6.59,5.191096:7.625031;5.990212:7.653607;6.704328:7.641776;7.43602:7.651088;8.073936:7.765231;8.928005:7.778669;9.564981:7.756462;10.39493:7.671563;11.05606:7.737455;11.51249:7.867098;12.34473:7.963185;13.04362:7.771525,sigma3_eth_seed42,3
ETH:biwi_eth:259:10250,ETH,biwi_eth:259,10250,triu,0.4004481136798858,0.8837050199508667,-2.22:6.66;-1.22:6.45;-0.17:6.32;0.82:6.31;1.74:6.31;2.64:6.36;3.46:6.61;4.33:6.82,5.19:6.99;6.09:7.08;6.99:7.02;7.87:7.03;8.42:7;9.45:7.11;10.03:6.97;10.66:7;11.24:6.95;11.54:6.75;12.04:6.66;12.4:6.56,5.112818:6.83552;5.934938:6.865234;6.668863:6.855294;7.421346:6.86369;8.072046:6.983159;8.955326:7.002071;9.600523:6.975334;10.45879:6.887845;11.13664:6.956481;11.59689:7.097311;12.44777:7.197484;13.16682:6.999228,sigma3_eth_seed42,3
ETH:biwi_eth:259:10260,ETH,biwi_eth:259,10260,triu,0.4862624704837799,0.9771912693977356,-1.22:6.45;-0.17:6.32;0.82:6.31;1.74:6.31;2.64:6.36;3.46:6.61;4.33:6.82;5.19:6.99,6.09:7.08;6.99:7.02;7.87:7.03;8.42:7;9.45:7.11;10.03:6.97;10.66:7;11.24:6.95;11.54:6.75;12.04:6.66;12.4:6.56;12.92:6.45,5.933367:7.001171;6.712948:7.026028;7.412807:7.012266;8.130627:7.018062;8.76458:7.122624;9.590491:7.129324;10.22555:7.108942;11.02812:7.02786;11.68048:7.086438;12.14633:7.199226;12.95706:7.288591;13.64045:7.110193,sigma3_eth_seed42,3
ETH:biwi_eth:259:10270,ETH,biwi_eth:259,10270,triu,0.8539536595344543,1.9322713613510127,-0.17:6.32;0.82:6.31;1.74:6.31;2.64:6.36;3.46:6.61;4.33:6.82;5.19:6.99;6.09:7.08,6.99:7.02;7.87:7.03;8.42:7;9.45:7.11;10.03:6.97;10.66:7;11.24:6.95;11.54:6.75;12.04:6.66;12.4:6.56;12.92:6.45;13.89:6.52,6.916163:7.063695;7.793007:7.072393;8.581543:7.042469;9.414471:7.012314;10.19249:7.092868;11.07124:7.065173;11.85614:7.035749;12.7072:6.948802;13.48108:6.977982;14.11927:7.016574;15.01032:7.102254;15.77392:6.949553,sigma3_eth_seed42,3
ETH:biwi_eth:260:10260,ETH,biwi_eth:260,10260,triu,1.8282896280288696,2.983548164367676,12.23:6.63;11.23:6.65;10.06:6.75;9.18:6.58;8.13:6.48;7.21:6.05;6.24:5.75;5.24:5.55,4.34:5.3;3.49:5.13;2.58:4.96;1.74:4.76;0.89:4.4;-0.02:4.16;-0.97:3.95;-1.66:3.83;-3.04:3.54;-3.95:3.39;-4.92:3.45;-5.91:3.55,4.312411:5.591659;3.344306:5.644361;2.482536:5.744812;1.657096:5.788632;0.8133173:5.807449;-0.03324127:6.028245;-1.051107:6.026164;-1.883701:6.114398;-2.679632:6.2987;-3.476405:6.303677;-4.254946:6.29388;-5.076993:6.414901,sigma3_eth_seed42,3
ETH:biwi_eth:260:10270,ETH,biwi_eth:260,10270,triu,1.9184308052062988,3.261423110961914,11.23:6.65;10.06:6.75;9.18:6.58;8.13:6.48;7.21:6.05;6.24:5.75;5.24:5.55;4.34:5.3,3.49:5.13;2.58:4.96;1.74:4.76;0.89:4.4;-0.02:4.16;-0.97:3.95;-1.66:3.83;-3.04:3.54;-3.95:3.39;-4.92:3.45;-5.91:3.55;-6.86:3.6,3.52951:5.34222;2.614632:5.371492;1.911086:5.496738;1.206026:5.564805;0.4710927:5.564973;-0.2759318:5.81646;-1.275746:5.790216;-1.982033:5.902188;-2.742674:6.149426;-3.470503:6.109579;-4.194674:6.085579;-4.947458:6.241792,sigma3_eth_seed42,3
ETH:biwi_eth:260:10280,ETH,biwi_eth:260,10280,triu,1.9850159883499143,3.2635388374328613,10.06:6.75;9.18:6.58;8.13:6.48;7.21:6.05;6.24:5.75;5.24:5.55;4.34:5.3;3.49:5.13,2.58:4.96;1.74:4.76;0.89:4.4;-0.02:4.16;-0.97:3.95;-1.66:3.83;-3.04:3.54;-3.95:3.39;-4.92:3.45;-5.91:3.55;-6.86:3.6;-7.69:3.69,2.709959:5.169067;1.855156:5.202322;1.15593:5.311337;0.4699714:5.364097;-0.2361622:5.370753;-0.9576142:5.590661;-1.875608:5.571808;-2.570779:5.674495;-3.273888:5.876607;-3.955905:5.851921;-4.639051:5.830044;-5.35547:5.970494,sigma3_eth_seed42,3
ETH:biwi_eth:261:10280,ETH,biwi_eth:261,10280,triu,1.8553286790847776,2.991748094558716,12.7:7;11.59:7.14;10.83:7.5;9.75:7.48;8.72:7.31;7.78:6.96;6.79:6.6;5.8:6.27,4.75:5.96;3.85:5.75;3.08:5.8;2.15:5.61;1.07:5.24;0.16:4.93;-0.79:4.82;-1.43:4.65;-2.83:4.38;-3.84:4.39;-4.79:4.49;-5.76:4.6,4.89391:6.315199;3.844957:6.345101;3.083126:6.49576;2.306181:6.58132;1.484186:6.576944;0.6545334:6.88232;-0.5105834:6.84772;-1.286581:6.972274;-2.16276:7.287913;-2.995834:7.228683;-3.816871:7.202788;-4.666878:7.384895,sigma3_eth_seed42,3
ETH:biwi_eth:263:10300,ETH,biwi_eth:263,10300,triu,0.6664304137229919,0.4831838607788086,-1.98:5.1;-1.02:5.22;-0.19:5.44;0.7:5.76;1.57:6.1;2.59:6.4;3.57:6.63;4.4:6.8,5.28:6.87;6.13:6.89;7.08:6.94;8:6.96;8.88:7;9.65:6.89;10.44:6.9;10.99:6.91;11.63:6.74;12.08:6.58;12.35:6.53;12.41:6.46,5.120825:6.795046;5.880269:6.80754;6.56684:6.781086;7.281357:6.77024;7.949347:6.845682;8.715668:6.820351;9.398651:6.806994;10.14215:6.731624;10.80653:6.765867;11.34804:6.809222;12.13902:6.883289;12.80367:6.740158,sigma3_eth_seed42,3
ETH:biwi_eth:263:10310,ETH,biwi_eth:263,10310,triu,0.6116113066673279,2.530076265335083,-1.02:5.22;-0.19:5.44;0.7:5.76;1.57:6.1;2.59:6.4;3.57:6.63;4.4:6.8;5.28:6.87,6.13:6.89;7.08:6.94;8:6.96;8.88:7;9.65:6.89;10.44:6.9;10.99:6.91;11.63:6.74;12.08:6.58;12.35:6.53;12.41:6.46;12.31:6.34,6.094565:6.852632;6.955985:6.859494;7.734949:6.832181;8.555712:6.800846;9.320919:6.877333;10.18713:6.852849;10.95435:6.820955;11.79361:6.737713;12.55666:6.763667;13.18617:6.803993;14.05423:6.884958;14.80817:6.740553,sigma3_eth_seed42,3
ETH:biwi_eth:263:10320,ETH,biwi_eth:263,10320,triu,0.8156029582023621,2.960362911224365,-0.19:5.44;0.7:5.76;1.57:6.1;2.59:6.4;3.57:6.63;4.4:6.8;5.28:6.87;6.13:6.89,7.08:6.94;8:6.96;8.88:7;9.65:6.89;10.44:6.9;10.99:6.91;11.63:6.74;12.08:6.58;12.35:6.53;12.41:6.46;12.31:6.34;12.46:6.12,6.915697:6.856149;7.737645:6.847675;8.500063:6.82286;9.304094:6.771993;10.06822:6.817443;10.88327:6.787483;11.63515:6.744893;12.42518:6.676409;13.18278:6.674432;13.84704:6.681937;14.64036:6.738776;15.37352:6.644574,sigma3_eth_seed42,3
ETH:biwi_eth:263:10330,ETH,biwi_eth:263,10330,triu,1.7508087158203125,5.038949012756348,0.7:5.76;1.57:6.1;2.59:6.4;3.57:6.63;4.4:6.8;5.28:6.87;6.13:6.89;7.08:6.94,8:6.96;8.88:7;9.65:6.89;10.44:6.9;10.99:6.91;11.63:6.74;12.08:6.58;12.35:6.53;12.41:6.46;12.31:6.34;12.46:6.12;12.62:6.08,7.97517:6.906322;8.924087:6.904004;9.785414:6.874008;10.7032:6.818353;11.56519:6.887221;12.50883:6.857414;13.36138:6.808106;14.27453:6.720187;15.13143:6.730956;15.86038:6.752745;16.78856:6.834743;17.62053:6.701029,sigma3_eth_seed42,3
ETH:biwi_eth:263:10340,ETH,biwi_eth:263,10340,triu,2.2403833866119385,5.885112285614014,1.57:6.1;2.59:6.4;3.57:6.63;4.4:6.8;5.28:6.87;6.13:6.89;7.08:6.94;8:6.96,8.88:7;9.65:6.89;10.44:6.9;10.99:6.91;11.63:6.74;12.08:6.58;12.35:6.53;12.41:6.46;12.31:6.34;12.46:6.12;12.62:6.08;12.62:5.96,8.885312:6.912703;9.817542:6.898425;10.67791:6.870201;11.59626:6.797702;12.46915:6.843884;13.38733:6.810228;14.23866:6.750764;15.12727:6.672759;15.99209:6.661989;16.75715:6.659392;17.63961:6.724475;18.46713:6.627537,sigma3_eth_seed42,3
ETH:biwi_eth:264:10300,ETH,biwi_eth:264,10300,triu,1.1212564706802368,0.6774995923042297,-2.16:5.98;-1.26:5.98;-0.39:6.18;0.55:6.44;1.42:6.73;2.39:7.07;3.33:7.35;4.17:7.58,5.43:7.58;6.26:7.64;7.21:7.67;8.11:7.48;9:7.54;9.85:7.64;10.65:7.69;11.28:7.62;11.76:7.52;12.35:7.3;12.7:7.19;12.66:7.01,4.888966:7.587159;5.643941:7.608337;6.323081:7.589562;7.021844:7.592579;7.652952:7.685927;8.439001:7.67972;9.079323:7.665552;9.842894:7.587787;10.48341:7.638597;10.96394:7.724691;11.75524:7.807254;12.41633:7.642164,sigma3_eth_seed42,3
ETH:biwi_eth:264:10310,ETH,biwi_eth:264,10310,triu,2.8828563690185547,7.004905700683594,-1.26:5.98;-0.39:6.18;0.55:6.44;1.42:6.73;2.39:7.07;3.33:7.35;4.17:7.58;5.43:7.58,6.26:7.64;7.21:7.67;8.11:7.48;9:7.54;9.85:7.64;10.65:7.69;11.28:7.62;11.76:7.52;12.35:7.3;12.7:7.19;12.66:7.01;12.63:6.88,6.631051:7.527475;7.925062:7.525718;9.07447:7.485868;10.32414:7.391779;11.48199:7.496836;12.76822:7.466975;13.90247:7.38028;15.14374:7.251098;16.2998:7.268066;17.26196:7.30403;18.51059:7.434204;19.62568:7.239492,sigma3_eth_seed42,3
ETH:biwi_eth:264:10320,ETH,biwi_eth:264,10320,triu,0.7746875286102295,1.733502745628357,-0.39:6.18;0.55:6.44;1.42:6.73;2.39:7.07;3.33:7.35;4.17:7.58;5.43:7.58;6.26:7.64,7.21:7.67;8.11:7.48;9:7.54;9.85:7.64;10.65:7.69;11.28:7.62;11.76:7.52;12.35:7.3;12.7:7.19;12.66:7.01;12.63:6.88;12.77:6.78,6.951797:7.616409;7.669444:7.611497;8.34083:7.589391;9.039373:7.555985;9.705957:7.597094;10.42053:7.568617;11.08291:7.540906;11.77676:7.482463;12.43689:7.485272;13.01548:7.496317;13.72111:7.543132;14.36592:7.45682,sigma3_eth_seed42,3
ETH:biwi_eth:264:10330,ETH,biwi_eth:264,10330,triu,1.337422251701355,4.293099880218506,0.55:6.44;1.42:6.73;2.39:7.07;3.33:7.35;4.17:7.58;5.43:7.58;6.26:7.64;7.21:7.67,8.11:7.48;9:7.54;9.85:7.64;10.65:7.69;11.28:7.62;11.76:7.52;12.35:7.3;12.7:7.19;12.66:7.01;12.63:6.88;12.77:6.78;12.83:6.65,8.047205:7.650559;8.935596:7.657225;9.735959:7.62713;10.58284:7.592477;11.3752:7.670621;12.26376:7.642142;13.06044:7.609486;13.92086:7.522497;14.70862:7.548225;15.36293:7.583029;16.25964:7.667827;17.03425:7.518881,sigma3_eth_seed42,3
ETH:biwi_eth:264:10340,ETH,biwi_eth:264,10340,triu,2.112104892730713,5.737435817718506,1.42:6.73;2.39:7.07;3.33:7.35;4.17:7.58;5.43:7.58;6.26:7.64;7.21:7.67;8.11:7.48,9:7.54;9.85:7.64;10.65:7.69;11.28:7.62;11.76:7.52;12.35:7.3;12.7:7.19;12.66:7.01;12.63:6.88;12.77:6.78;12.83:6.65;12.82:6.46,8.991355:7.437825;9.920815:7.427592;10.77464:7.399265;11.68471:7.333414;12.54622:7.386506;13.46521:7.354653;14.30916:7.299245;15.19863:7.21897;16.05334:7.215394;16.79974:7.221506;17.68934:7.291106;18.51167:7.183236,sigma3_eth_seed42,3
ETH:biwi_eth:265:10300,ETH,biwi_eth:265,10300,triu,1.4462571144104004,3.393468379974365,-2.07:1.9;-1.21:1.87;-0.13:1.95;0.94:2.13;2:2.21;3:2.25;4.02:2.4;4.97:2.58,5.81:2.62;6.44:2.8;7.33:3.04;8.05:3.16;8.97:3.33;9.66:3.38;10.46:3.73;11.08:4.01;11.57:4.16;11.96:4.27;12.18:4.41;12.59:4.53,5.856177:2.574321;6.806495:2.595184;7.643139:2.561655;8.529949:2.542204;9.345854:2.651524;10.3061:2.627326;11.13917:2.602252;12.06842:2.49846;12.88348:2.550372;13.52405:2.61531;14.51424:2.726005;15.32863:2.526126,sigma3_eth_seed42,3
ETH:biwi_eth:265:10310,ETH,biwi_eth:265,10310,triu,1.4230384826660156,3.057563781738281,-1.21:1.87;-0.13:1.95;0.94:2.13;2:2.21;3:2.25;4.02:2.4;4.97:2.58;5.81:2.62,6.44:2.8;7.33:3.04;8.05:3.16;8.97:3.33;9.66:3.38;10.46:3.73;11.08:4.01;11.57:4.16;11.96:4.27;12.18:4.41;12.59:4.53;12.95:4.77,6.586618:2.599163;7.405635:2.601606;8.151751:2.572755;8.937545:2.539422;9.681156:2.602644;10.49532:2.570575;11.24382:2.542708;12.03277:2.466347;12.76862:2.483349;13.39564:2.503564;14.21996:2.573862;14.93989:2.448568,sigma3_eth_seed42,3
ETH:biwi_eth:267:10300,ETH,biwi_eth:267,10300,triu,1.356822848320007,3.764122724533081,-2:3.25;-1.08:3.39;-0.2:3.41;0.67:3.39;1.68:3.38;2.48:3.53;3.43:3.69;4.47:3.96,5.4:4.14;6.25:4.27;7.21:4.39;8.14:4.51;9.01:4.57;9.79:4.61;10.54:4.67;11.15:4.86;11.63:4.91;11.99:5.02;12.13:5;12.29:5.12,5.451272:3.955677;6.506374:3.981727;7.429368:3.951064;8.410447:3.927613;9.29452:4.05908;10.37586:4.048781;11.26666:4.009844;12.31276:3.892332;13.20646:3.955945;13.88025:4.054489;14.96722:4.184812;15.86885:3.953612,sigma3_eth_seed42,3
ETH:biwi_eth:267:10310,ETH,biwi_eth:267,10310,triu,0.9311761856079102,2.665492296218872,-1.08:3.39;-0.2:3.41;0.67:3.39;1.68:3.38;2.48:3.53;3.43:3.69;4.47:3.96;5.4:4.14,6.25:4.27;7.21:4.39;8.14:4.51;9.01:4.57;9.79:4.61;10.54:4.67;11.15:4.86;11.63:4.91;11.99:5.02;12.13:5;12.29:5.12;12.58:5.28,6.227971:4.142023;7.110349:4.165473;7.890503:4.138258;8.708571:4.130462;9.45246:4.239108;10.35699:4.224756;11.11532:4.204249;11.99183:4.10835;12.74091:4.16449;13.31197:4.246093;14.23626:4.349776;14.99659:4.155295,sigma3_eth_seed42,3
ETH:biwi_eth:267:10320,ETH,biwi_eth:267,10320,triu,0.969524085521698,2.4941086769104004,-0.2:3.41;0.67:3.39;1.68:3.38;2.48:3.53;3.43:3.69;4.47:3.96;5.4:4.14;6.25:4.27,7.21:4.39;8.14:4.51;9.01:4.57;9.79:4.61;10.54:4.67;11.15:4.86;11.63:4.91;11.99:5.02;12.13:5;12.29:5.12;12.58:5.28;12.83:5.54,6.9996:4.267992;7.791689:4.284173;8.502915:4.258394;9.243919:4.249547;9.928759:4.335525;10.73436:4.315207;11.43315:4.2996;12.21457:4.218582;12.89957:4.260159;13.44318:4.318119;14.26955:4.400831;14.95978:4.242072,sigma3_eth_seed42,3
ETH:biwi_eth:267:10330,ETH,biwi_eth:267,10330,triu,1.9588156938552856,5.139900207519531,0.67:3.39;1.68:3.38;2.48:3.53;3.43:3.69;4.47:3.96;5.4:4.14;6.25:4.27;7.21:4.39,8.14:4.51;9.01:4.57;9.79:4.61;10.54:4.67;11.15:4.86;11.63:4.91;11.99:5.02;12.13:5;12.29:5.12;12.58:5.28;12.83:5.54;12.9:5.6,8.118601:4.370736;9.088376:4.381187;9.953483:4.349522;10.87363:4.311496;11.72606:4.405007;12.70053:4.379902;13.55579:4.340737;14.49868:4.241978;15.34964:4.27583;16.04127:4.324704;17.02043:4.425124;17.8599:4.251694,sigma3_eth_seed42,3
ETH:biwi_eth:267:10340,ETH,biwi_eth:267,10340,triu,2.2006189823150635,5.5768208503723145,1.68:3.38;2.48:3.53;3.43:3.69;4.47:3.96;5.4:4.14;6.25:4.27;7.21:4.39;8.14:4.51,9.01:4.57;9.79:4.61;10.54:4.67;11.15:4.86;11.63:4.91;11.99:5.02;12.13:5;12.29:5.12;12.58:5.28;12.83:5.54;12.9:5.6;12.9:5.6,9.013306:4.496449;9.944028:4.509684;10.77394:4.479564;11.65263:4.450328;12.46428:4.545012;13.40364:4.522254;14.22145:4.489303;15.13084:4.393571;15.94229:4.431892;16.59418:4.487054;17.54275:4.585371;18.34858:4.410938,sigma3_eth_seed42,3
ETH:biwi_eth:268:10300,ETH,biwi_eth:268,10300,triu,0.9655434489250184,2.7944018840789795,-1.38:3.89;-0.79:4;0.37:4.03;1.07:4.02;1.94:3.85;2.71:4.04;3.56:4.44;4.55:4.63,5.47:4.76;6.29:4.86;7.24:5.01;8.2:5.14;9.08:5.09;9.96:5.09;10.72:5.11;11.32:5.29;11.8:5.3;12.19:5.4;12.46:5.57;12.93:5.83,5.492058:4.628971;6.502172:4.655473;7.387928:4.627348;8.32511:4.60969;9.16724:4.737843;10.20704:4.730237;11.05594:4.695157;12.06243:4.583113;12.91558:4.647034;13.55326:4.74873;14.59708:4.873182;15.46245:4.648738,sigma3_eth_seed42,3
ETH:biwi_eth:268:10310,ETH,biwi_eth:268,10310,triu,0.7551019191741943,1.8870011568069456,-0.79:4;0.37:4.03;1.07:4.02;1.94:3.85;2.71:4.04;3.56:4.44;4.55:4.63;5.47:4.76,6.29:4.86;7.24:5.01;8.2:5.14;9.08:5.09;9.96:5.09;10.72:5.11;11.32:5.29;11.8:5.3;12.19:5.4;12.46:5.57;12.93:5.83;13.41:6.07,6.261251:4.754117;7.101637:4.769633;7.852511:4.74037;8.640835:4.725045;9.372431:4.813977;10.22087:4.789214;10.96758:4.770203;11.78975:4.683174;12.51896:4.72399;13.10419:4.775856;13.97804:4.864788;14.70671:4.699116,sigma3_eth_seed42,3
ETH:biwi_eth:2:800,ETH,biwi_eth:2,800,triu,1.1936960220336914,1.3863720893859863,13.64:5.8;12.09:5.75;11.37:5.8;10.31:5.97;9.57:6.24;8.73:6.34;7.94:6.5;7.17:6.62,6.47:6.68;5.86:6.82;5.24:6.98;4.87:7.16;4.51:7.58;4.2:7.3;3.95:7.71;3.47:7.86;2.82:8;2.01:8;1.28:7.82;0.54:7.4,6.441098:6.670668;5.719192:6.716881;5.015916:6.764431;4.32953:6.822721;3.643202:6.831052;2.982031:6.960502;2.252206:6.982051;1.625286:7.037858;0.9945707:7.126263;0.3620052:7.183055;-0.2378359:7.185563;-0.8363686:7.233755,sigma3_eth_seed42,3
ETH:biwi_eth:2:810,ETH,biwi_eth:2,810,triu,1.1696823835372925,1.0170071125030518,12.09:5.75;11.37:5.8;10.31:5.97;9.57:6.24;8.73:6.34;7.94:6.5;7.17:6.62;6.47:6.68,5.86:6.82;5.24:6.98;4.87:7.16;4.51:7.58;4.2:7.3;3.95:7.71;3.47:7.86;2.82:8;2.01:8;1.28:7.82;0.54:7.4;-0.18:7.06,5.769071:6.736641;5.097027:6.78702;4.406196:6.819905;3.73051:6.88018;3.0504:6.899057;2.431157:6.996005;1.760345:7.0313;1.177631:7.064156;0.5665708:7.121839;-0.06580162:7.211567;-0.6291161:7.236809;-1.180228:7.243979,sigma3_eth_seed42,3
ETH:biwi_eth:2:820,ETH,biwi_eth:2,820,triu,0.7122815251350403,0.9281541109085084,11.37:5.8;10.31:5.97;9.57:6.24;8.73:6.34;7.94:6.5;7.17:6.62;6.47:6.68;5.86:6.82,5.24:6.98;4.87:7.16;4.51:7.58;4.2:7.3;3.95:7.71;3.47:7.86;2.82:8;2.01:8;1.28:7.82;0.54:7.4;-0.18:7.06;-0.83:6.43,5.281923:6.859567;4.707179:6.893912;4.150621:6.926024;3.600675:6.980221;3.066187:6.977119;2.523107:7.070782;1.96654:7.090201;1.452528:7.148432;0.9575582:7.208546;0.4837365:7.238898;-0.001793861:7.229949;-0.4765921:7.288238,sigma3_eth_seed42,3
ETH:biwi_eth:2:830,ETH,biwi_eth:2,830,triu,0.9587200284004213,1.4459357261657717,10.31:5.97;9.57:6.24;8.73:6.34;7.94:6.5;7.17:6.62;6.47:6.68;5.86:6.82;5.24:6.98,4.87:7.16;4.51:7.58;4.2:7.3;3.95:7.71;3.47:7.86;2.82:8;2.01:8;1.28:7.82;0.54:7.4;-0.18:7.06;-0.83:6.43;-1.52:6.05,4.620883:7.01996;3.999398:7.055894;3.407058:7.096931;2.825236:7.149395;2.254848:7.148747;1.676023:7.257785;1.064219:7.274055;0.5130334:7.33639;-0.01762342:7.411658;-0.5293674:7.438184;-1.049463:7.428885;-1.565806:7.49521,sigma3_eth_seed42,3
ETH:biwi_eth:303:10690,ETH,biwi_eth:303,10690,triu,0.7307315468788147,1.3341434001922607,12.9:6.16;12.31:6.32;11.61:6.67;10.95:7.1;10.28:7.37;9.63:7.55;8.91:7.66;8.16:7.78,7.39:7.94;6.61:8.11;5.81:8.31;5.08:8.41;4.24:8.45;3.38:8.52;2.46:8.62;1.56:8.66;0.76:8.61;-0.06:8.59;-0.74:8.44;-1.45:8.46,7.403106:7.839868;6.671509:7.892434;5.930139:7.930421;5.20448:7.997176;4.475589:8.009151;3.802129:8.13026;3.061424:8.162079;2.431175:8.204804;1.77147:8.278801;1.095259:8.369682;0.4833145:8.383542;-0.117157:8.401111,sigma3_eth_seed42,3
ETH:biwi_eth:316:10850,ETH,biwi_eth:316,10850,triu,0.2705045640468597,0.6744366884231567,-1.87:6.4;-1.33:6.37;-0.74:6.32;-0.14:6.18;0.48:6.05;1.15:5.98;1.81:5.91;2.48:5.94,3.2:5.92;3.95:5.89;4.62:5.82;5.23:5.78;5.91:5.72;6.57:5.71;7.23:5.67;7.94:5.67;8.64:5.72;9.37:5.77;10.17:5.77;10.86:5.73,3.134962:5.901431;3.803617:5.881546;4.450658:5.863203;5.122494:5.812403;5.776525:5.822237;6.433317:5.791308;7.067325:5.752775;7.706265:5.710331;8.350775:5.686296;8.952162:5.66897;9.572954:5.690154;10.18984:5.654163,sigma3_eth_seed42,3
ETH:biwi_eth:316:10860,ETH,biwi_eth:316,10860,triu,0.2795038223266601,0.2702999114990234,-1.33:6.37;-0.74:6.32;-0.14:6.18;0.48:6.05;1.15:5.98;1.81:5.91;2.48:5.94;3.2:5.92,3.95:5.89;4.62:5.82;5.23:5.78;5.91:5.72;6.57:5.71;7.23:5.67;7.94:5.67;8.64:5.72;9.37:5.77;10.17:5.77;10.86:5.73;11.59:5.73,3.929025:5.869322;4.67726:5.84333;5.39854:5.824706;6.156058:5.754713;6.889944:5.762717;7.623445:5.731373;8.325467:5.676737;9.037423:5.629346;9.7628:5.595383;10.44027:5.571939;11.11654:5.596835;11.80446:5.565468,sigma3_eth_seed42,3
ETH:biwi_eth:316:10870,ETH,biwi_eth:316,10870,triu,0.3608666658401489,0.3700825572013855,-0.74:6.32;-0.14:6.18;0.48:6.05;1.15:5.98;1.81:5.91;2.48:5.94;3.2:5.92;3.95:5.89,4.62:5.82;5.23:5.78;5.91:5.72;6.57:5.71;7.23:5.67;7.94:5.67;8.64:5.72;9.37:5.77;10.17:5.77;10.86:5.73;11.59:5.73;12.25:5.63,4.683697:5.840556;5.438093:5.815907;6.162827:5.796607;6.924387:5.728029;7.661351:5.738889;8.401223:5.707293;9.108141:5.653744;9.826173:5.604613;10.55454:5.573085;11.23186:5.551472;11.91796:5.578921;12.60962:5.542605,sigma3_eth_seed42,3
ETH:biwi_eth:316:10880,ETH,biwi_eth:316,10880,triu,0.415885329246521,0.9580425024032592,-0.14:6.18;0.48:6.05;1.15:5.98;1.81:5.91;2.48:5.94;3.2:5.92;3.95:5.89;4.62:5.82,5.23:5.78;5.91:5.72;6.57:5.71;7.23:5.67;7.94:5.67;8.64:5.72;9.37:5.77;10.17:5.77;10.86:5.73;11.59:5.73;12.25:5.63;12.92:5.65,5.244631:5.782118;5.87875:5.758256;6.499146:5.740321;7.139365:5.692487;7.76646:5.688566;8.387928:5.663758;8.988972:5.622955;9.599329:5.587002;10.21405:5.559696;10.79852:5.539987;11.37849:5.54707;11.97071:5.520776,sigma3_eth_seed42,3
ETH:biwi_eth:320:11210,ETH,biwi_eth:320,11210,triu,2.2050249576568604,4.247732639312744,12:4.35;11.3:4.09;10.61:3.98;10:3.72;9.23:3.66;8.56:3.47;7.98:3.27;7.52:3.12,6.71:3.02;5.99:2.77;5.27:2.69;4.56:2.55;3.99:2.18;3.28:2.03;2.48:1.94;1.82:1.93;1.16:1.97;0.52:1.64;0.11:1.36;-0.69:0.69,7.074517:3.164515;6.561202:3.166842;6.169763:3.246982;5.76186:3.309394;5.348573:3.297141;4.924379:3.436162;4.366992:3.412905;3.996685:3.508573;3.547378:3.642172;3.139028:3.625381;2.719909:3.598924;2.304855:3.702321,sigma3_eth_seed42,3
ETH:biwi_eth:320:11220,ETH,biwi_eth:320,11220,triu,1.658998966217041,3.447023868560791,11.3:4.09;10.61:3.98;10:3.72;9.23:3.66;8.56:3.47;7.98:3.27;7.52:3.12;6.71:3.02,5.99:2.77;5.27:2.69;4.56:2.55;3.99:2.18;3.28:2.03;2.48:1.94;1.82:1.93;1.16:1.97;0.52:1.64;0.11:1.36;-0.69:0.69;-1.29:0.44,5.897931:3.06497;5.069637:3.112948;4.300827:3.186811;3.560181:3.23481;2.811656:3.248694;2.070708:3.420403;1.215018:3.428553;0.4960113:3.501791;-0.2005625:3.634248;-0.8981304:3.662515;-1.57412:3.657411;-2.273107:3.743858,sigma3_eth_seed42,3
ETH:biwi_eth:327:11280,ETH,biwi_eth:327,11280,triu,1.9413152933120728,3.2185258865356445,-2.8:1.84;-1.78:2.39;-1.07:2.78;-0.26:2.95;0.54:3.13;1.32:3.32;2.04:3.54;2.79:3.76,3.61:4.08;4.62:4.44;5.55:4.7;6.49:4.88;7.4:5.01;8.32:4.92;9.26:4.99;10.12:5.15;11:5.36;11.81:5.55;12.64:5.61;13.39:5.69,3.487402:3.765863;4.215972:3.784594;4.876539:3.768096;5.553349:3.770247;6.164718:3.857071;6.925392:3.852517;7.542202:3.837312;8.281596:3.764721;8.903185:3.810952;9.371937:3.894998;10.13001:3.970713;10.77232:3.817387,sigma3_eth_seed42,3
ETH:biwi_eth:328:11280,ETH,biwi_eth:328,11280,triu,1.5910438299179075,2.7364330291748047,-3.58:0.19;-2.85:0.85;-1.78:1.47;-0.96:1.92;-0.3:2.33;0.25:2.67;1.01:3.01;1.81:3.28,2.69:3.53;3.54:3.85;4.41:4.13;5.31:4.4;6.26:4.56;7.22:4.63;8.01:4.71;8.82:4.55;9.71:4.68;10.49:4.96;11.34:5.08;12.08:5.33,2.543929:3.295762;3.311468:3.323387;4.000655:3.313228;4.703282:3.324627;5.314862:3.434128;6.138315:3.448572;6.748074:3.428091;7.548767:3.347791;8.183916:3.411608;8.620729:3.540198;9.419973:3.630659;10.09419:3.44728,sigma3_eth_seed42,3
ETH:biwi_eth:328:11290,ETH,biwi_eth:328,11290,triu,1.346514105796814,2.1498219966888428,-2.85:0.85;-1.78:1.47;-0.96:1.92;-0.3:2.33;0.25:2.67;1.01:3.01;1.81:3.28;2.69:3.53,3.54:3.85;4.41:4.13;5.31:4.4;6.26:4.56;7.22:4.63;8.01:4.71;8.82:4.55;9.71:4.68;10.49:4.96;11.34:5.08;12.08:5.33;12.76:5.36,3.465584:3.526924;4.282218:3.542625;5.018549:3.522188;5.784331:3.509612;6.480963:3.599454;7.323016:3.590463;8.021254:3.564622;8.838325:3.483015;9.542974:3.524937;10.08872:3.600954;10.92419:3.685398;11.63978:3.525105,sigma3_eth_seed42,3
ETH:biwi_eth:328:11300,ETH,biwi_eth:328,11300,triu,1.2826974391937256,2.490724802017212,-1.78:1.47;-0.96:1.92;-0.3:2.33;0.25:2.67;1.01:3.01;1.81:3.28;2.69:3.53;3.54:3.85,4.41:4.13;5.31:4.4;6.26:4.56;7.22:4.63;8.01:4.71;8.82:4.55;9.71:4.68;10.49:4.96;11.34:5.08;12.08:5.33;12.76:5.36;13.71:5.9,4.297913:3.855245;5.092621:3.87604;5.808992:3.861466;6.546984:3.859198;7.203963:3.957874;8.040134:3.96167;8.694695:3.936522;9.506928:3.856069;10.18043:3.907531;10.675:4.010336;11.49113:4.096965;12.18943:3.927293,sigma3_eth_seed42,3
ETH:biwi_eth:329:11280,ETH,biwi_eth:329,11280,triu,1.6099594831466677,2.9877545833587646,-2.76:-0.13;-2.04:0.53;-1.18:1.02;-0.36:1.48;0.34:1.92;0.84:2.35;1.59:2.64;2.39:2.91,3.18:3.17;4.04:3.44;4.89:3.69;5.78:3.96;6.76:4.08;7.76:4.15;8.61:4.16;9.5:4.18;10.38:4.34;11.21:4.74;12.09:4.9;12.91:5.06,3.123405:2.924542;3.891062:2.951349;4.580259:2.939832;5.28403:2.94998;5.899935:3.057528;6.719889:3.068936;7.33569:3.049323;8.132841:2.969069;8.770253:3.031232;9.214376:3.153843;10.01465:3.243577;10.68843:3.062173,sigma3_eth_seed42,3
ETH:biwi_eth:329:11290,ETH,biwi_eth:329,11290,triu,1.7872061729431152,3.45080041885376,-2.04:0.53;-1.18:1.02;-0.36:1.48;0.34:1.92;0.84:2.35;1.59:2.64;2.39:2.91;3.18:3.17,4.04:3.44;4.89:3.69;5.78:3.96;6.76:4.08;7.76:4.15;8.61:4.16;9.5:4.18;10.38:4.34;11.21:4.74;12.09:4.9;12.91:5.06;13.89:5.4,3.880676:3.174552;4.61371:3.192592;5.277781:3.174595;5.959746:3.175199;6.578918:3.260736;7.340489:3.253174;7.966779:3.238492;8.706841:3.165347;9.334236:3.210217;9.812771:3.288687;10.57622:3.364429;11.22157:3.211968,sigma3_eth_seed42,3
ETH:biwi_eth:331:11310,ETH,biwi_eth:331,11310,triu,0.9463629722595216,0.2430071532726287,-4.43:4.56;-3.49:4.94;-2.7:5.35;-1.67:5.66;-0.58:5.9;0.4:6.2;1.43:6.46;2.43:6.6,3.44:6.69;4.51:6.79;5.55:6.89;6.78:7.03;7.9:7.09;8.95:7.02;10.1:7.14;10.98:7.3;11.98:7.51;12.7:7.65;13.21:7.29;13.4:6.59,3.348215:6.583023;4.329824:6.595882;5.202326:6.563785;6.130547:6.528179;6.98779:6.627183;7.976129:6.603164;8.837988:6.564917;9.794215:6.463213;10.65088:6.501552;11.34057:6.556155;12.33642:6.661118;13.1839:6.478862,sigma3_eth_seed42,3
ETH:biwi_eth:342:11840,ETH,biwi_eth:342,11840,triu,2.36665153503418,5.548449993133545,10.64:4.9;9.73:4.76;8.75:4.6;7.84:4.56;6.88:4.5;5.99:4.48;5.08:4.47;4.17:4.43,3.31:4.36;2.48:4.12;1.68:3.86;0.82:3.51;0.03:3.29;-0.92:2.98;-1.7:2.72;-2.29:2.29;-2.96:1.67;-3.47:1.06;-3.96:0.4;-4.35:-0.27,3.298635:4.491587;2.442385:4.551173;1.597474:4.610017;0.7794285:4.672831;-0.05327892:4.693668;-0.8242412:4.85393;-1.711959:4.87971;-2.445047:4.930502;-3.20174:5.040698;-3.98598:5.128991;-4.691442:5.144109;-5.403213:5.177572,sigma3_eth_seed42,3
ETH:biwi_eth:342:11850,ETH,biwi_eth:342,11850,triu,2.701918363571167,6.098531246185303,9.73:4.76;8.75:4.6;7.84:4.56;6.88:4.5;5.99:4.48;5.08:4.47;4.17:4.43;3.31:4.36,2.48:4.12;1.68:3.86;0.82:3.51;0.03:3.29;-0.92:2.98;-1.7:2.72;-2.29:2.29;-2.96:1.67;-3.47:1.06;-3.96:0.4;-4.35:-0.27;-4.74:-1.01,2.518915:4.408393;1.721975:4.456872;0.9669394:4.520916;0.2363155:4.573634;-0.500289:4.586364;-1.218557:4.74347;-2.037059:4.75757;-2.727863:4.82311;-3.409145:4.939392;-4.094162:4.982454;-4.748599:4.981703;-5.416648:5.050877,sigma3_eth_seed42,3
ETH:biwi_eth:348:11880,ETH,biwi_eth:348,11880,triu,1.6392289400100708,2.583119630813598,13.41:5.46;12.4:5.01;11.32:4.73;10.24:4.56;9.14:4.44;8.1:4.53;6.97:4.6;5.71:4.73,4.6:4.55;3.53:4.29;2.45:4.18;1.36:4.01;0.34:3.98;-0.62:4.02;-1.56:4;-2.39:3.96;-3.25:4.09;-4.23:4.24;-5.09:4.43;-5.9:4.54,4.456495:4.812762;3.213283:4.901561;2.008306:5.004638;0.8539901:5.0764;-0.3529286:5.123615;-1.431365:5.385235;-2.771461:5.412113;-3.80562:5.464151;-4.90388:5.661758;-6.077908:5.79491;-7.081398:5.832332;-8.119418:5.861624,sigma3_eth_seed42,3
ETH:biwi_eth:348:11890,ETH,biwi_eth:348,11890,triu,0.9244397282600404,0.9189866185188292,12.4:5.01;11.32:4.73;10.24:4.56;9.14:4.44;8.1:4.53;6.97:4.6;5.71:4.73;4.6:4.55,3.53:4.29;2.45:4.18;1.36:4.01;0.34:3.98;-0.62:4.02;-1.56:4;-2.39:3.96;-3.25:4.09;-4.23:4.24;-5.09:4.43;-5.9:4.54;-6.7:4.64,3.619577:4.590287;2.587463:4.646243;1.685699:4.755088;0.8194382:4.801799;-0.06932259:4.820761;-0.9640403:5.062264;-2.053397:5.058623;-2.935417:5.151126;-3.779865:5.358996;-4.622714:5.355124;-5.449018:5.344182;-6.32269:5.477958,sigma3_eth_seed42,3
ETH:biwi_eth:350:11930,ETH,biwi_eth:350,11930,triu,0.3154875040054321,0.6447315216064453,-4.99:5.19;-3.91:5.18;-3.05:5.23;-2.12:5.27;-0.94:5.31;-0.26:5.57;0.83:5.71;1.83:5.83,2.72:5.93;3.64:5.81;4.59:5.82;5.52:5.83;6.35:5.9;7.15:5.91;7.98:5.94;9:5.99;9.65:5.87;10.52:5.88;11.4:5.93;12.25:6.07,2.758648:5.808098;3.752466:5.817796;4.636899:5.783154;5.581097:5.741281;6.45992:5.835048;7.452718:5.80512;8.336818:5.765355;9.296955:5.663453;10.17127:5.695996;10.88886:5.737109;11.89324:5.840337;12.75115:5.664376,sigma3_eth_seed42,3
ETH:biwi_eth:350:11940,ETH,biwi_eth:350,11940,triu,1.1527795791625977,2.258619546890259,-3.91:5.18;-3.05:5.23;-2.12:5.27;-0.94:5.31;-0.26:5.57;0.83:5.71;1.83:5.83;2.72:5.93,3.64:5.81;4.59:5.82;5.52:5.83;6.35:5.9;7.15:5.91;7.98:5.94;9:5.99;9.65:5.87;10.52:5.88;11.4:5.93;12.25:6.07;13.32:6.12,3.436718:5.931651;4.195213:5.949706;4.873971:5.921232;5.579728:5.919252;6.237647:6.00382;7.00416:5.977515;7.685684:5.971536;8.429262:5.892107;9.083017:5.936031;9.605777:5.986037;10.41295:6.067024;11.07135:5.907975,sigma3_eth_seed42,3
ETH:biwi_eth:353:11940,ETH,biwi_eth:353,11940,triu,1.288768291473389,1.7669296264648438,-4.79:-0.26;-4.04:0.44;-3.12:1.03;-2.13:1.65;-1.07:2.05;-0.1:2.48;0.91:2.96;1.95:3.38,3:3.81;4.06:4.17;5.1:4.49;6.13:4.67;7.13:4.83;8.06:4.98;8.9:4.98;9.63:4.87;10.3:4.84;11.03:4.88;11.76:5.1;12.65:5.34,2.865822:3.398578;3.839517:3.437418;4.692667:3.425649;5.578825:3.430976;6.33473:3.583193;7.382313:3.6116;8.12979:3.573264;9.145978:3.462915;9.937062:3.550559;10.45493:3.725712;11.46189:3.857285;12.30121:3.607839,sigma3_eth_seed42,3
ETH:biwi_eth:353:11950,ETH,biwi_eth:353,11950,triu,0.9940049052238464,1.5277765989303589,-4.04:0.44;-3.12:1.03;-2.13:1.65;-1.07:2.05;-0.1:2.48;0.91:2.96;1.95:3.38;3:3.81,4.06:4.17;5.1:4.49;6.13:4.67;7.13:4.83;8.06:4.98;8.9:4.98;9.63:4.87;10.3:4.84;11.03:4.88;11.76:5.1;12.65:5.34;13.45:5.53,3.908366:3.825719;4.873616:3.862008;5.721446:3.849236;6.602898:3.851573;7.35955:3.997894;8.393694:4.022564;9.142277:3.984389;10.14537:3.876227;10.93455:3.958992;11.46098:4.124169;12.45681:4.25173;13.28994:4.010631,sigma3_eth_seed42,3
ETH:biwi_eth:355:11970,ETH,biwi_eth:355,11970,triu,1.7950893640518188,2.618536949157715,-2.4:10.55;-1.66:9.9;-0.84:9.56;-0.19:8.92;0.51:8.54;1.38:8.29;2.2:8.09;3.05:7.92,3.91:7.72;4.69:7.34;5.45:6.89;6.25:6.46;7.12:6.14;7.94:5.86;8.73:5.65;9.62:5.47;10.53:5.22;11.4:5.15;12.25:5.14;13.06:5.24,3.80175:7.879209;4.584236:7.863556;5.319517:7.837791;6.095285:7.780254;6.845534:7.808033;7.610183:7.770311;8.347293:7.728219;9.08859:7.668223;9.826562:7.652478;10.50027:7.635625;11.24481:7.678763;11.94881:7.611072,sigma3_eth_seed42,3
ETH:biwi_eth:355:11980,ETH,biwi_eth:355,11980,triu,1.704478740692139,1.788779377937317,-1.66:9.9;-0.84:9.56;-0.19:8.92;0.51:8.54;1.38:8.29;2.2:8.09;3.05:7.92;3.91:7.72,4.69:7.34;5.45:6.89;6.25:6.46;7.12:6.14;7.94:5.86;8.73:5.65;9.62:5.47;10.53:5.22;11.4:5.15;12.25:5.14;13.06:5.24;13.32:5.62,4.706936:7.677564;5.539972:7.662779;6.317308:7.636534;7.140676:7.574567;7.930793:7.609413;8.748395:7.57395;9.522252:7.525934;10.31441:7.459723;11.09427:7.44643;11.79613:7.436382;12.58744:7.487353;13.33314:7.408731,sigma3_eth_seed42,3
ETH:biwi_eth:357:12020,ETH,biwi_eth:357,12020,triu,1.040308117866516,1.9843862056732176,-6.4:6.26;-5.94:6.35;-5.34:6.43;-4.84:6.53;-4.35:6.61;-3.81:6.69;-3.37:6.74;-3.06:6.74,-2.43:6.86;-2.24:6.96;-1.85:6.97;-1.44:6.92;-0.9:6.89;-0.52:6.83;-0.08:6.77;0.39:6.71;0.84:6.69;1.33:6.6;1.79:6.61;2.25:6.52,-2.773729:6.742857;-2.497988:6.721795;-2.206144:6.699946;-1.941245:6.723027;-1.657535:6.664092;-1.393236:6.679041;-1.127593:6.666536;-0.83167:6.666265;-0.5746248:6.659338;-0.2880702:6.656122;-0.02356577:6.589401;0.2662239:6.569202,sigma3_eth_seed42,3
ETH:biwi_eth:357:12030,ETH,biwi_eth:357,12030,triu,1.693890929222107,2.706671476364136,-5.94:6.35;-5.34:6.43;-4.84:6.53;-4.35:6.61;-3.81:6.69;-3.37:6.74;-3.06:6.74;-2.43:6.86,-2.24:6.96;-1.85:6.97;-1.44:6.92;-0.9:6.89;-0.52:6.83;-0.08:6.77;0.39:6.71;0.84:6.69;1.33:6.6;1.79:6.61;2.25:6.52;2.72:6.51,-1.757454:6.84469;-1.059211:6.845608;-0.4100199:6.823972;0.2617483:6.801898;0.8983588:6.851458;1.59918:6.825937;2.237686:6.805554;2.918521:6.745727;3.550586:6.758697;4.091268:6.782255;4.792586:6.833428;5.417382:6.734052,sigma3_eth_seed42,3
ETH:biwi_eth:357:12040,ETH,biwi_eth:357,12040,triu,2.1594412326812744,4.124861717224121,-5.34:6.43;-4.84:6.53;-4.35:6.61;-3.81:6.69;-3.37:6.74;-3.06:6.74;-2.43:6.86;-2.24:6.96,-1.85:6.97;-1.44:6.92;-0.9:6.89;-0.52:6.83;-0.08:6.77;0.39:6.71;0.84:6.69;1.33:6.6;1.79:6.61;2.25:6.52;2.72:6.51;3.19:6.42,-2.119011:6.964413;-2.00649:6.969337;-1.887506:6.969468;-1.77135:6.985435;-1.655001:7.002802;-1.540736:7.007124;-1.42136:7.001314;-1.329841:7.010037;-1.220489:7.035519;-1.120718:7.012;-0.9794183:7.007296;-0.8936802:7.001413,sigma3_eth_seed42,3
ETH:biwi_eth:357:12050,ETH,biwi_eth:357,12050,triu,0.4458261430263519,0.8537642955780029,-4.84:6.53;-4.35:6.61;-3.81:6.69;-3.37:6.74;-3.06:6.74;-2.43:6.86;-2.24:6.96;-1.85:6.97,-1.44:6.92;-0.9:6.89;-0.52:6.83;-0.08:6.77;0.39:6.71;0.84:6.69;1.33:6.6;1.79:6.61;2.25:6.52;2.72:6.51;3.19:6.42;3.68:6.54,-1.444055:6.965994;-1.044866:6.947079;-0.6377681:6.927182;-0.2475239:6.936272;0.1497817:6.901876;0.5419446:6.902694;0.9218007:6.888404;1.334581:6.874705;1.706806:6.870448;2.083247:6.868963;2.471478:6.83145;2.86643:6.798878,sigma3_eth_seed42,3
ETH:biwi_eth:357:12060,ETH,biwi_eth:357,12060,triu,0.2833851277828216,0.5334112644195557,-4.35:6.61;-3.81:6.69;-3.37:6.74;-3.06:6.74;-2.43:6.86;-2.24:6.96;-1.85:6.97;-1.44:6.92,-0.9:6.89;-0.52:6.83;-0.08:6.77;0.39:6.71;0.84:6.69;1.33:6.6;1.79:6.61;2.25:6.52;2.72:6.51;3.19:6.42;3.68:6.54;4.14:6.55,-1.008611:6.900325;-0.5868741:6.865501;-0.1457433:6.846345;0.2832414:6.835006;0.7242498:6.770982;1.131565:6.778545;1.530893:6.741831;1.96525:6.73603;2.376769:6.709775;2.816639:6.689801;3.184927:6.629715;3.612386:6.628431,sigma3_eth_seed42,3
ETH:biwi_eth:357:12070,ETH,biwi_eth:357,12070,triu,0.4804603159427643,0.7064259052276611,-3.81:6.69;-3.37:6.74;-3.06:6.74;-2.43:6.86;-2.24:6.96;-1.85:6.97;-1.44:6.92;-0.9:6.89,-0.52:6.83;-0.08:6.77;0.39:6.71;0.84:6.69;1.33:6.6;1.79:6.61;2.25:6.52;2.72:6.51;3.19:6.42;3.68:6.54;4.14:6.55;4.57:6.56,-0.3740169:6.866796;0.1545486:6.84361;0.6794555:6.823825;1.207893:6.801301;1.733996:6.779387;2.25053:6.767187;2.752787:6.736761;3.274586:6.711492;3.780647:6.693443;4.276095:6.679417;4.767984:6.662883;5.27244:6.634939,sigma3_eth_seed42,3
ETH:biwi_eth:357:12080,ETH,biwi_eth:357,12080,triu,0.6848998665809631,1.2697087526321411,-3.37:6.74;-3.06:6.74;-2.43:6.86;-2.24:6.96;-1.85:6.97;-1.44:6.92;-0.9:6.89;-0.52:6.83,-0.08:6.77;0.39:6.71;0.84:6.69;1.33:6.6;1.79:6.61;2.25:6.52;2.72:6.51;3.19:6.42;3.68:6.54;4.14:6.55;4.57:6.56;5.05:6.5,-0.1494911:6.826417;0.2099114:6.801949;0.586275:6.781553;0.9403756:6.793941;1.308635:6.740845;1.65818:6.748774;2.00162:6.731307;2.380905:6.725397;2.719097:6.716661;3.079755:6.709838;3.420482:6.653863;3.787283:6.633066,sigma3_eth_seed42,3
ETH:biwi_eth:357:12090,ETH,biwi_eth:357,12090,triu,0.2559361457824707,0.5206374526023865,-3.06:6.74;-2.43:6.86;-2.24:6.96;-1.85:6.97;-1.44:6.92;-0.9:6.89;-0.52:6.83;-0.08:6.77,0.39:6.71;0.84:6.69;1.33:6.6;1.79:6.61;2.25:6.52;2.72:6.51;3.19:6.42;3.68:6.54;4.14:6.55;4.57:6.56;5.05:6.5;5.57:6.41,0.3586901:6.754454;0.7913625:6.726048;1.235505:6.705461;1.669117:6.69873;2.112632:6.649248;2.531485:6.650562;2.944569:6.622208;3.385638:6.610634;3.800973:6.59231;4.233589:6.576276;4.629841:6.52937;5.059814:6.513797,sigma3_eth_seed42,3
ETH:biwi_eth:357:12100,ETH,biwi_eth:357,12100,triu,0.1209621429443359,0.0774810090661048,-2.43:6.86;-2.24:6.96;-1.85:6.97;-1.44:6.92;-0.9:6.89;-0.52:6.83;-0.08:6.77;0.39:6.71,0.84:6.69;1.33:6.6;1.79:6.61;2.25:6.52;2.72:6.51;3.19:6.42;3.68:6.54;4.14:6.55;4.57:6.56;5.05:6.5;5.57:6.41;6.1:6.45,0.878531:6.695516;1.366235:6.678999;1.85166:6.661434;2.333576:6.651179;2.81124:6.638988;3.293826:6.627442;3.756025:6.60783;4.242735:6.583523;4.704031:6.574599;5.146536:6.572418;5.614329:6.560578;6.080719:6.525043,sigma3_eth_seed42,3
ETH:biwi_eth:357:12110,ETH,biwi_eth:357,12110,triu,0.2827195525169372,0.6339173913002014,-2.24:6.96;-1.85:6.97;-1.44:6.92;-0.9:6.89;-0.52:6.83;-0.08:6.77;0.39:6.71;0.84:6.69,1.33:6.6;1.79:6.61;2.25:6.52;2.72:6.51;3.19:6.42;3.68:6.54;4.14:6.55;4.57:6.56;5.05:6.5;5.57:6.41;6.1:6.45;6.61:6.36,1.279815:6.673916;1.712546:6.645714;2.157878:6.626562;2.592391:6.618693;3.034979:6.570886;3.456012:6.572565;3.867114:6.543567;4.308997:6.532312;4.725422:6.513353;5.156447:6.499482;5.550494:6.453829;5.981145:6.439956,sigma3_eth_seed42,3
ETH:biwi_eth:357:12120,ETH,biwi_eth:357,12120,triu,0.2060858458280563,0.1301514953374862,-1.85:6.97;-1.44:6.92;-0.9:6.89;-0.52:6.83;-0.08:6.77;0.39:6.71;0.84:6.69;1.33:6.6,1.79:6.61;2.25:6.52;2.72:6.51;3.19:6.42;3.68:6.54;4.14:6.55;4.57:6.56;5.05:6.5;5.57:6.41;6.1:6.45;6.61:6.36;7.17:6.35,1.838099:6.57428;2.344887:6.545646;2.856098:6.526638;3.368096:6.502212;3.881894:6.466077;4.375021:6.45867;4.856845:6.423104;5.360394:6.403961;5.851868:6.379362;6.345853:6.360187;6.803994:6.330382;7.295566:6.315757,sigma3_eth_seed42,3
ETH:biwi_eth:357:12130,ETH,biwi_eth:357,12130,triu,0.1129812523722648,0.3102622926235199,-1.44:6.92;-0.9:6.89;-0.52:6.83;-0.08:6.77;0.39:6.71;0.84:6.69;1.33:6.6;1.79:6.61,2.25:6.52;2.72:6.51;3.19:6.42;3.68:6.54;4.14:6.55;4.57:6.56;5.05:6.5;5.57:6.41;6.1:6.45;6.61:6.36;7.17:6.35;7.7:6.29,2.268272:6.585253;2.74051:6.551162;3.226184:6.533123;3.706584:6.512179;4.191876:6.458271;4.651554:6.462334;5.093796:6.420772;5.57354:6.409289;6.033659:6.381267;6.509017:6.363334;6.921261:6.315012;7.390409:6.310401,sigma3_eth_seed42,3
ETH:biwi_eth:357:12140,ETH,biwi_eth:357,12140,triu,0.2419364601373672,0.5941751003265381,-0.9:6.89;-0.52:6.83;-0.08:6.77;0.39:6.71;0.84:6.69;1.33:6.6;1.79:6.61;2.25:6.52,2.72:6.51;3.19:6.42;3.68:6.54;4.14:6.55;4.57:6.56;5.05:6.5;5.57:6.41;6.1:6.45;6.61:6.36;7.17:6.35;7.7:6.29;8.19:6.29,2.707001:6.503717;3.159504:6.478068;3.619749:6.458523;4.072093:6.44922;4.529986:6.409822;4.971048:6.407527;5.401605:6.380368;5.859472:6.365167;6.292743:6.348409;6.733106:6.335731;7.151527:6.298667;7.595932:6.27867,sigma3_eth_seed42,3
ETH:biwi_eth:357:12150,ETH,biwi_eth:357,12150,triu,0.1684646010398864,0.339874267578125,-0.52:6.83;-0.08:6.77;0.39:6.71;0.84:6.69;1.33:6.6;1.79:6.61;2.25:6.52;2.72:6.51,3.19:6.42;3.68:6.54;4.14:6.55;4.57:6.56;5.05:6.5;5.57:6.41;6.1:6.45;6.61:6.36;7.17:6.35;7.7:6.29;8.19:6.29;8.67:6.29,3.198899:6.484965;3.672465:6.452009;4.158226:6.43328;4.639826:6.411852;5.127762:6.361049;5.586888:6.36068;6.035936:6.322058;6.512894:6.309449;6.975375:6.281579;7.453433:6.260349;7.871234:6.215586;8.339583:6.21038,sigma3_eth_seed42,3
ETH:biwi_eth:357:12160,ETH,biwi_eth:357,12160,triu,0.3053313791751861,0.5444963574409485,-0.08:6.77;0.39:6.71;0.84:6.69;1.33:6.6;1.79:6.61;2.25:6.52;2.72:6.51;3.19:6.42,3.68:6.54;4.14:6.55;4.57:6.56;5.05:6.5;5.57:6.41;6.1:6.45;6.61:6.36;7.17:6.35;7.7:6.29;8.19:6.29;8.67:6.29;9.12:6.27,3.65026:6.40125;4.106097:6.372448;4.571213:6.352115;5.029336:6.339935;5.495165:6.293633;5.936858:6.292621;6.371361:6.261649;6.832163:6.247843;7.271176:6.227438;7.723699:6.21004;8.138941:6.167613;8.588358:6.152386,sigma3_eth_seed42,3
ETH:biwi_eth:357:12170,ETH,biwi_eth:357,12170,triu,0.213989570736885,0.3014401197433471,0.39:6.71;0.84:6.69;1.33:6.6;1.79:6.61;2.25:6.52;2.72:6.51;3.19:6.42;3.68:6.54,4.14:6.55;4.57:6.56;5.05:6.5;5.57:6.41;6.1:6.45;6.61:6.36;7.17:6.35;7.7:6.29;8.19:6.29;8.67:6.29;9.12:6.27;9.53:6.24,4.173146:6.543063;4.673196:6.546756;5.150293:6.527905;5.622733:6.53868;6.079066:6.568736;6.584581:6.549763;7.053218:6.553305;7.552779:6.514379;7.999793:6.533935;8.387945:6.558839;8.917312:6.581373;9.37668:6.499537,sigma3_eth_seed42,3
ETH:biwi_eth:357:12180,ETH,biwi_eth:357,12180,triu,0.155851662158966,0.2104354351758957,0.84:6.69;1.33:6.6;1.79:6.61;2.25:6.52;2.72:6.51;3.19:6.42;3.68:6.54;4.14:6.55,4.57:6.56;5.05:6.5;5.57:6.41;6.1:6.45;6.61:6.36;7.17:6.35;7.7:6.29;8.19:6.29;8.67:6.29;9.12:6.27;9.53:6.24;9.98:6.18,4.620816:6.527543;5.098547:6.497541;5.584144:6.477375;6.066216:6.459244;6.554471:6.414171;7.01717:6.411253;7.472187:6.376866;7.951562:6.361454;8.413857:6.338007;8.887806:6.318113;9.319158:6.278503;9.787593:6.265222,sigma3_eth_seed42,3
ETH:biwi_eth:357:12190,ETH,biwi_eth:357,12190,triu,0.5994928479194641,0.926232933998108,1.33:6.6;1.79:6.61;2.25:6.52;2.72:6.51;3.19:6.42;3.68:6.54;4.14:6.55;4.57:6.56,5.05:6.5;5.57:6.41;6.1:6.45;6.61:6.36;7.17:6.35;7.7:6.29;8.19:6.29;8.67:6.29;9.12:6.27;9.53:6.24;9.98:6.18;10.41:6.22,4.991921:6.54946;5.406815:6.524858;5.832671:6.505022;6.244644:6.505233;6.66512:6.461419;7.069772:6.463414;7.464464:6.440691;7.891003:6.428901;8.284948:6.416295;8.690847:6.407202;9.079111:6.363298;9.491781:6.341581,sigma3_eth_seed42,3
ETH:biwi_eth:358:12020,ETH,biwi_eth:358,12020,triu,0.829564094543457,1.460749268531799,-6.55:7.2;-6.05:7.26;-5.49:7.27;-4.99:7.41;-4.5:7.46;-4.07:7.51;-3.78:7.53;-3.23:7.55,-2.61:7.56;-2.24:7.62;-1.84:7.67;-1.3:7.52;-0.9:7.53;-0.49:7.47;-0.03:7.4;0.44:7.34;0.87:7.36;1.33:7.27;1.79:7.27;2.28:7.21,-2.636385:7.522617;-2.032916:7.506248;-1.447005:7.487228;-0.8466535:7.454403;-0.2594318:7.460227;0.3346486:7.435201;0.907485:7.406787;1.4913:7.369109;2.066179:7.354294;2.603734:7.34437;3.176745:7.356829;3.736993:7.314685,sigma3_eth_seed42,3
ETH:biwi_eth:358:12030,ETH,biwi_eth:358,12030,triu,1.4895128011703491,2.4490811824798584,-6.05:7.26;-5.49:7.27;-4.99:7.41;-4.5:7.46;-4.07:7.51;-3.78:7.53;-3.23:7.55;-2.61:7.56,-2.24:7.62;-1.84:7.67;-1.3:7.52;-0.9:7.53;-0.49:7.47;-0.03:7.4;0.44:7.34;0.87:7.36;1.33:7.27;1.79:7.27;2.28:7.21;2.81:7.21,-1.94343:7.515293;-1.263449:7.489351;-0.6016912:7.470473;0.08738518:7.41174;0.7615044:7.410224;1.425348:7.380684;2.071298:7.334097;2.719731:7.294091;3.38171:7.261735;4.010851:7.235496;4.628085:7.248471;5.259044:7.223569,sigma3_eth_seed42,3
ETH:biwi_eth:358:12040,ETH,biwi_eth:358,12040,triu,0.7380028367042542,1.4590997695922852,-5.49:7.27;-4.99:7.41;-4.5:7.46;-4.07:7.51;-3.78:7.53;-3.23:7.55;-2.61:7.56;-2.24:7.62,-1.84:7.67;-1.3:7.52;-0.9:7.53;-0.49:7.47;-0.03:7.4;0.44:7.34;0.87:7.36;1.33:7.27;1.79:7.27;2.28:7.21;2.81:7.21;3.24:7.11,-1.889814:7.62031;-1.552044:7.597053;-1.195982:7.576538;-0.8657691:7.595111;-0.5201827:7.540718;-0.1910686:7.551106;0.1312704:7.536816;0.4927998:7.532497;0.8075275:7.527047;1.14617:7.523393;1.470899:7.464419;1.819001:7.441263,sigma3_eth_seed42,3
ETH:biwi_eth:358:12050,ETH,biwi_eth:358,12050,triu,0.5197442770004272,0.9252880811691284,-4.99:7.41;-4.5:7.46;-4.07:7.51;-3.78:7.53;-3.23:7.55;-2.61:7.56;-2.24:7.62;-1.84:7.67,-1.3:7.52;-0.9:7.53;-0.49:7.47;-0.03:7.4;0.44:7.34;0.87:7.36;1.33:7.27;1.79:7.27;2.28:7.21;2.81:7.21;3.24:7.11;3.72:7.14,-1.428398:7.675199;-1.019609:7.669101;-0.6147527:7.649534;-0.226686:7.668909;0.1604978:7.663479;0.5693129:7.656874;0.957141:7.657421;1.377321:7.63459;1.74562:7.646183;2.091905:7.660255;2.518832:7.647084;2.910973:7.589035,sigma3_eth_seed42,3
ETH:biwi_eth:358:12060,ETH,biwi_eth:358,12060,triu,0.7388394474983215,1.1877334117889404,-4.5:7.46;-4.07:7.51;-3.78:7.53;-3.23:7.55;-2.61:7.56;-2.24:7.62;-1.84:7.67;-1.3:7.52,-0.9:7.53;-0.49:7.47;-0.03:7.4;0.44:7.34;0.87:7.36;1.33:7.27;1.79:7.27;2.28:7.21;2.81:7.21;3.24:7.11;3.72:7.14;4.14:7.14,-0.734395:7.500301;-0.1604236:7.489412;0.3954196:7.471069;0.9604781:7.449163;1.511406:7.462311;2.080452:7.438102;2.624339:7.418548;3.183252:7.380855;3.723485:7.374542;4.220272:7.373785;4.779168:7.38971;5.311007:7.338624,sigma3_eth_seed42,3
ETH:biwi_eth:358:12070,ETH,biwi_eth:358,12070,triu,0.8104770183563232,1.5179814100265503,-4.07:7.51;-3.78:7.53;-3.23:7.55;-2.61:7.56;-2.24:7.62;-1.84:7.67;-1.3:7.52;-0.9:7.53,-0.49:7.47;-0.03:7.4;0.44:7.34;0.87:7.36;1.33:7.27;1.79:7.27;2.28:7.21;2.81:7.21;3.24:7.11;3.72:7.14;4.14:7.14;4.61:7.15,-0.5516617:7.535612;-0.2146298:7.51921;0.1356648:7.499531;0.4591182:7.524218;0.7934417:7.484922;1.126634:7.492218;1.446792:7.485955;1.807674:7.477611;2.115038:7.480584;2.432279:7.486439;2.771264:7.439627;3.113424:7.404021,sigma3_eth_seed42,3
ETH:biwi_eth:358:12080,ETH,biwi_eth:358,12080,triu,0.5321835875511169,0.9870311617851256,-3.78:7.53;-3.23:7.55;-2.61:7.56;-2.24:7.62;-1.84:7.67;-1.3:7.52;-0.9:7.53;-0.49:7.47,-0.03:7.4;0.44:7.34;0.87:7.36;1.33:7.27;1.79:7.27;2.28:7.21;2.81:7.21;3.24:7.11;3.72:7.14;4.14:7.14;4.61:7.15;5.07:7.12,-0.09752589:7.460588;0.2846304:7.432425;0.6843203:7.412138;1.06562:7.415998;1.460847:7.358942;1.83084:7.366106;2.195795:7.342098;2.594519:7.336059;2.959478:7.321024;3.349659:7.308541;3.701353:7.251235;4.089959:7.237261,sigma3_eth_seed42,3
ETH:biwi_eth:358:12090,ETH,biwi_eth:358,12090,triu,0.1122424229979515,0.1349334120750427,-3.23:7.55;-2.61:7.56;-2.24:7.62;-1.84:7.67;-1.3:7.52;-0.9:7.53;-0.49:7.47;-0.03:7.4,0.44:7.34;0.87:7.36;1.33:7.27;1.79:7.27;2.28:7.21;2.81:7.21;3.24:7.11;3.72:7.14;4.14:7.14;4.61:7.15;5.07:7.12;5.53:7.1,0.4542229:7.375097;0.9349375:7.342437;1.425384:7.322236;1.913001:7.301005;2.407889:7.250715;2.872133:7.248966;3.329882:7.210996;3.812119:7.196939;4.280056:7.169967;4.76407:7.146819;5.1917:7.103167;5.664837:7.094904,sigma3_eth_seed42,3
ETH:biwi_eth:358:12100,ETH,biwi_eth:358,12100,triu,0.0841179564595222,0.1539875417947769,-2.61:7.56;-2.24:7.62;-1.84:7.67;-1.3:7.52;-0.9:7.53;-0.49:7.47;-0.03:7.4;0.44:7.34,0.87:7.36;1.33:7.27;1.79:7.27;2.28:7.21;2.81:7.21;3.24:7.11;3.72:7.14;4.14:7.14;4.61:7.15;5.07:7.12;5.53:7.1;6.09:7.1,0.9113973:7.327171;1.381453:7.308218;1.851473:7.288783;2.315486:7.282447;2.779734:7.260099;3.241804:7.252763;3.688031:7.232232;4.160587:7.210855;4.603999:7.201781;5.038554:7.19677;5.488337:7.174956;5.941545:7.140907,sigma3_eth_seed42,3
ETH:biwi_eth:358:12110,ETH,biwi_eth:358,12110,triu,0.3759368360042572,0.8346496820449829,-2.24:7.62;-1.84:7.67;-1.3:7.52;-0.9:7.53;-0.49:7.47;-0.03:7.4;0.44:7.34;0.87:7.36,1.33:7.27;1.79:7.27;2.28:7.21;2.81:7.21;3.24:7.11;3.72:7.14;4.14:7.14;4.61:7.15;5.07:7.12;5.53:7.1;6.09:7.1;6.65:7.02,1.293152:7.344485;1.707427:7.314206;2.137985:7.294681;2.555257:7.288814;2.983906:7.233349;3.385124:7.237763;3.779862:7.20809;4.205834:7.200082;4.60603:7.179656;5.028704:7.163447;5.402213:7.110135;5.819263:7.100726,sigma3_eth_seed42,3
ETH:biwi_eth:358:12120,ETH,biwi_eth:358,12120,triu,0.0843636095523834,0.3091944754123688,-1.84:7.67;-1.3:7.52;-0.9:7.53;-0.49:7.47;-0.03:7.4;0.44:7.34;0.87:7.36;1.33:7.27,1.79:7.27;2.28:7.21;2.81:7.21;3.24:7.11;3.72:7.14;4.14:7.14;4.61:7.15;5.07:7.12;5.53:7.1;6.09:7.1;6.65:7.02;7.2:7.02,1.803425:7.246642;2.272435:7.214325;2.752342:7.194146;3.227666:7.175505;3.71123:7.124132;4.164093:7.123238;4.6112:7.086779;5.083242:7.073802;5.539436:7.047833;6.013241:7.025433;6.431366:6.980007;6.894596:6.971735,sigma3_eth_seed42,3
ETH:biwi_eth:358:12130,ETH,biwi_eth:358,12130,triu,0.1097670421004295,0.3792010545730591,-1.3:7.52;-0.9:7.53;-0.49:7.47;-0.03:7.4;0.44:7.34;0.87:7.36;1.33:7.27;1.79:7.27,2.28:7.21;2.81:7.21;3.24:7.11;3.72:7.14;4.14:7.14;4.61:7.15;5.07:7.12;5.53:7.1;6.09:7.1;6.65:7.02;7.2:7.02;7.76:6.92,2.267045:7.245228;2.738404:7.211898;3.222561:7.193351;3.70197:7.172403;4.187515:7.120296;4.644958:7.121412;5.09038:7.082056;5.566578:7.069998;6.026614:7.042136;6.502577:7.021855;6.91709:6.975589;7.384204:6.970701,sigma3_eth_seed42,3
ETH:biwi_eth:358:12140,ETH,biwi_eth:358,12140,triu,0.1139476373791694,0.1886743009090423,-0.9:7.53;-0.49:7.47;-0.03:7.4;0.44:7.34;0.87:7.36;1.33:7.27;1.79:7.27;2.28:7.21,2.81:7.21;3.24:7.11;3.72:7.14;4.14:7.14;4.61:7.15;5.07:7.12;5.53:7.1;6.09:7.1;6.65:7.02;7.2:7.02;7.76:6.92;8.22:6.9,2.769341:7.184287;3.255138:7.152169;3.750344:7.132657;4.24351:7.10982;4.742681:7.062345;5.212823:7.059195;5.675392:7.021308;6.16148:7.006555;6.635135:6.979169;7.122211:6.956503;7.554384:6.915701;8.031487:6.907805,sigma3_eth_seed42,3
ETH:biwi_eth:358:12150,ETH,biwi_eth:358,12150,triu,0.4377510547637939,0.5982595086097717,-0.49:7.47;-0.03:7.4;0.44:7.34;0.87:7.36;1.33:7.27;1.79:7.27;2.28:7.21;2.81:7.21,3.24:7.11;3.72:7.14;4.14:7.14;4.61:7.15;5.07:7.12;5.53:7.1;6.09:7.1;6.65:7.02;7.2:7.02;7.76:6.92;8.22:6.9;8.66:6.81,3.357555:7.178638;3.907001:7.149529;4.456402:7.130717;5.013182:7.096638;5.567986:7.066729;6.102841:7.054615;6.624753:7.014783;7.164273:6.991281;7.699011:6.963248;8.229368:6.941289;8.723631:6.920105;9.250608:6.905373,sigma3_eth_seed42,3
ETH:biwi_eth:358:12160,ETH,biwi_eth:358,12160,triu,0.501317024230957,0.989552915096283,-0.03:7.4;0.44:7.34;0.87:7.36;1.33:7.27;1.79:7.27;2.28:7.21;2.81:7.21;3.24:7.11,3.72:7.14;4.14:7.14;4.61:7.15;5.07:7.12;5.53:7.1;6.09:7.1;6.65:7.02;7.2:7.02;7.76:6.92;8.22:6.9;8.66:6.81;9.1:6.79,3.658357:7.104485;4.072174:7.084401;4.491539:7.062904;4.896458:7.069856;5.309238:7.033691;5.713306:7.033952;6.107845:7.017603;6.533216:7.002532;6.919001:6.997359;7.310677:6.992632;7.711953:6.954759;8.119137:6.92085,sigma3_eth_seed42,3
ETH:biwi_eth:358:12170,ETH,biwi_eth:358,12170,triu,0.1712018698453903,0.2682943344116211,0.44:7.34;0.87:7.36;1.33:7.27;1.79:7.27;2.28:7.21;2.81:7.21;3.24:7.11;3.72:7.14,4.14:7.14;4.61:7.15;5.07:7.12;5.53:7.1;6.09:7.1;6.65:7.02;7.2:7.02;7.76:6.92;8.22:6.9;8.66:6.81;9.1:6.79;9.53:6.76,4.198892:7.124008;4.676083:7.102783;5.154777:7.083719;5.628896:7.072941;6.103603:7.047488;6.571692:7.039937;7.025101:7.015995;7.503372:6.995389;7.957195:6.982374;8.404871:6.973997;8.854831:6.950382;9.315907:6.921699,sigma3_eth_seed42,3
ETH:biwi_eth:358:12180,ETH,biwi_eth:358,12180,triu,0.5448154807090759,0.9139355421066284,0.87:7.36;1.33:7.27;1.79:7.27;2.28:7.21;2.81:7.21;3.24:7.11;3.72:7.14;4.14:7.14,4.61:7.15;5.07:7.12;5.53:7.1;6.09:7.1;6.65:7.02;7.2:7.02;7.76:6.92;8.22:6.9;8.66:6.81;9.1:6.79;9.53:6.76;9.96:6.74,4.559522:7.124982;4.970659:7.093634;5.398096:7.072882;5.811857:7.068322;6.238916:7.008712;6.635202:7.014623;7.027431:6.984302;7.451163:6.976943;7.847488:6.956571;8.270343:6.938655;8.640762:6.881558;9.055618:6.871802,sigma3_eth_seed42,3
ETH:biwi_eth:358:12190,ETH,biwi_eth:358,12190,triu,0.2135305553674698,0.2253238707780838,1.33:7.27;1.79:7.27;2.28:7.21;2.81:7.21;3.24:7.11;3.72:7.14;4.14:7.14;4.61:7.15,5.07:7.12;5.53:7.1;6.09:7.1;6.65:7.02;7.2:7.02;7.76:6.92;8.22:6.9;8.66:6.81;9.1:6.79;9.53:6.76;9.96:6.74;10.35:6.75,5.092065:7.136073;5.573976:7.117304;6.054074:7.097672;6.529956:7.089321;7.005076:7.069087;7.47865:7.060421;7.936069:7.039175;8.418681:7.016307;8.873375:7.006953;9.317007:7.00145;9.778053:6.982309;10.24073:6.947053,sigma3_eth_seed42,3
ETH:biwi_eth:359:12020,ETH,biwi_eth:359,12020,triu,2.710749387741089,4.365919589996338,-4.9:12.67;-4.12:12.14;-3.37:11.66;-2.77:11.06;-1.92:10.43;-0.95:9.91;-0.16:9.39;0.74:8.91,1.58:8.5;2.45:8.11;3.38:7.77;4.56:7.32;5.71:6.86;6.64:6.56;7.37:6.33;8.34:5.9;9.37:5.77;10.39:5.67;11.58:5.61;12.52:5.73,1.540291:8.921263;2.376159:8.947413;3.129297:8.943147;3.900417:8.944221;4.560664:9.060931;5.466748:9.089586;6.106854:9.051079;6.987627:8.966221;7.681649:9.02951;8.149762:9.180928;8.992593:9.277636;9.730272:9.088373,sigma3_eth_seed42,3
ETH:biwi_eth:359:12030,ETH,biwi_eth:359,12030,triu,2.982198715209961,5.318578720092773,-4.12:12.14;-3.37:11.66;-2.77:11.06;-1.92:10.43;-0.95:9.91;-0.16:9.39;0.74:8.91;1.58:8.5,2.45:8.11;3.38:7.77;4.56:7.32;5.71:6.86;6.64:6.56;7.37:6.33;8.34:5.9;9.37:5.77;10.39:5.67;11.58:5.61;12.52:5.73;13.76:5.26,2.307589:8.519116;3.064601:8.548329;3.746943:8.543748;4.437623:8.55867;5.027363:8.67189;5.852913:8.697323;6.433174:8.673171;7.236578:8.594884;7.857224:8.662126;8.26551:8.809935;9.047781:8.899923;9.716512:8.715066,sigma3_eth_seed42,3
ETH:biwi_eth:3:830,ETH,biwi_eth:3,830,triu,1.0068928003311155,1.1552517414093018,12.49:6.6;11.94:6.77;11.03:6.84;10.21:6.81;9.36:6.85;8.59:6.85;7.78:6.84;6.96:6.84,6.29:7;5.62:7.1;5.06:7.04;4.69:7;4.35:7.01;3.76:6.99;3.19:6.89;2.62:7.13;1.78:7.15;1.01:6.96;0.07:6.91;-0.72:6.66,6.183923:6.900194;5.432424:6.954434;4.67305:6.99522;3.931353:7.061403;3.184469:7.075272;2.495012:7.202344;1.730894:7.233607;1.08336:7.27713;0.4079962:7.356158;-0.2866101:7.447944;-0.9137306:7.462369;-1.532154:7.481591,sigma3_eth_seed42,3
ETH:biwi_eth:51:2860,ETH,biwi_eth:51,2860,triu,0.201569601893425,0.6233631372451782,7.05:8.44;7.05:8.44;7.05:8.44;7.05:8.44;7.05:8.44;7.05:8.44;7.05:8.44;7.05:8.44,7.05:8.44;7.05:8.44;7.05:8.44;7.05:8.44;7.05:8.44;7.05:8.44;7.05:8.44;6.93:8.26;6.87:8.09;7.02:7.91;7.07:7.78;7.1:7.82,7.049664:8.438102;7.050909:8.438713;7.048934:8.441111;7.049589:8.439036;7.048858:8.443486;7.050518:8.44078;7.053036:8.439693;7.04724:8.439478;7.05141:8.433243;7.052509:8.431161;7.049266:8.436615;7.048747:8.441253,sigma3_eth_seed42,3
ETH:biwi_eth:51:2870,ETH,biwi_eth:51,2870,triu,0.2394946217536926,0.4436969459056854,7.05:8.44;7.05:8.44;7.05:8.44;7.05:8.44;7.05:8.44;7.05:8.44;7.05:8.44;7.05:8.44,7.05:8.44;7.05:8.44;7.05:8.44;7.05:8.44;7.05:8.44;7.05:8.44;6.93:8.26;6.87:8.09;7.02:7.91;7.07:7.78;7.1:7.82;6.77:8.09,7.048697:8.43895;7.050217:8.439575;7.046925:8.44094;7.046366:8.440455;7.044918:8.443481;7.045665:8.442577;7.046595:8.441191;7.042101:8.440858;7.044134:8.436072;7.043897:8.434808;7.041724:8.439057;7.040785:8.441486,sigma3_eth_seed42,3
ETH:biwi_eth:51:2880,ETH,biwi_eth:51,2880,triu,0.2775568068027496,0.4433772563934326,7.05:8.44;7.05:8.44;7.05:8.44;7.05:8.44;7.05:8.44;7.05:8.44;7.05:8.44;7.05:8.44,7.05:8.44;7.05:8.44;7.05:8.44;7.05:8.44;7.05:8.44;6.93:8.26;6.87:8.09;7.02:7.91;7.07:7.78;7.1:7.82;6.77:8.09;6.77:8.09,7.048563:8.44021;7.050411:8.440075;7.047251:8.4411;7.046757:8.442421;7.045494:8.443235;7.046544:8.445147;7.044359:8.442865;7.043936:8.442324;7.042748:8.440514;7.04072:8.439562;7.04039:8.442404;7.039552:8.44203,sigma3_eth_seed42,3
ETH:biwi_eth:51:2890,ETH,biwi_eth:51,2890,triu,0.3142654001712799,0.4433772563934326,7.05:8.44;7.05:8.44;7.05:8.44;7.05:8.44;7.05:8.44;7.05:8.44;7.05:8.44;7.05:8.44,7.05:8.44;7.05:8.44;7.05:8.44;7.05:8.44;6.93:8.26;6.87:8.09;7.02:7.91;7.07:7.78;7.1:7.82;6.77:8.09;6.77:8.09;6.77:8.09,7.048563:8.44021;7.050411:8.440075;7.047251:8.4411;7.046757:8.442421;7.045494:8.443235;7.046544:8.445147;7.044359:8.442865;7.043936:8.442324;7.042748:8.440514;7.04072:8.439562;7.04039:8.442404;7.039552:8.44203,sigma3_eth_seed42,3
ETH:biwi_eth:51:2900,ETH,biwi_eth:51,2900,triu,0.3485532999038696,0.4123360514640808,7.05:8.44;7.05:8.44;7.05:8.44;7.05:8.44;7.05:8.44;7.05:8.44;7.05:8.44;7.05:8.44,7.05:8.44;7.05:8.44;7.05:8.44;6.93:8.26;6.87:8.09;7.02:7.91;7.07:7.78;7.1:7.82;6.77:8.09;6.77:8.09;6.77:8.09;6.77:8.13,7.048563:8.44021;7.050411:8.440075;7.047251:8.4411;7.046757:8.442421;7.045494:8.443235;7.046544:8.445147;7.044359:8.442865;7.043936:8.442324;7.042748:8.440514;7.04072:8.439562;7.04039:8.442404;7.039552:8.44203,sigma3_eth_seed42,3
ETH:biwi_eth:51:2910,ETH,biwi_eth:51,2910,triu,0.3798612058162689,0.3759886920452118,7.05:8.44;7.05:8.44;7.05:8.44;7.05:8.44;7.05:8.44;7.05:8.44;7.05:8.44;7.05:8.44,7.05:8.44;7.05:8.44;6.93:8.26;6.87:8.09;7.02:7.91;7.07:7.78;7.1:7.82;6.77:8.09;6.77:8.09;6.77:8.09;6.77:8.13;6.78:8.17,7.048563:8.44021;7.050411:8.440075;7.047251:8.4411;7.046757:8.442421;7.045494:8.443235;7.046544:8.445147;7.044359:8.442865;7.043936:8.442324;7.042748:8.440514;7.04072:8.439562;7.04039:8.442404;7.039552:8.44203,sigma3_eth_seed42,3
ETH:biwi_eth:51:2920,ETH,biwi_eth:51,2920,triu,0.4161902666091919,0.4332224726676941,7.05:8.44;7.05:8.44;7.05:8.44;7.05:8.44;7.05:8.44;7.05:8.44;7.05:8.44;7.05:8.44,7.05:8.44;6.93:8.26;6.87:8.09;7.02:7.91;7.07:7.78;7.1:7.82;6.77:8.09;6.77:8.09;6.77:8.09;6.77:8.13;6.78:8.17;6.62:8.55,7.048563:8.44021;7.050411:8.440075;7.047251:8.4411;7.046757:8.442421;7.045494:8.443235;7.046544:8.445147;7.044359:8.442865;7.043936:8.442324;7.042748:8.440514;7.04072:8.439562;7.04039:8.442404;7.039552:8.44203,sigma3_eth_seed42,3
ETH:biwi_eth:51:2930,ETH,biwi_eth:51,2930,triu,0.4729809463024139,0.6803562045097351,7.05:8.44;7.05:8.44;7.05:8.44;7.05:8.44;7.05:8.44;7.05:8.44;7.05:8.44;7.05:8.44,6.93:8.26;6.87:8.09;7.02:7.91;7.07:7.78;7.1:7.82;6.77:8.09;6.77:8.09;6.77:8.09;6.77:8.13;6.78:8.17;6.62:8.55;6.41:8.7,7.048563:8.44021;7.050411:8.440075;7.047251:8.4411;7.046757:8.442421;7.045494:8.443235;7.046544:8.445147;7.044359:8.442865;7.043936:8.442324;7.042748:8.440514;7.04072:8.439562;7.04039:8.442404;7.039552:8.44203,sigma3_eth_seed42,3
ETH:biwi_eth:51:2940,ETH,biwi_eth:51,2940,triu,0.6220528483390808,0.7159824371337891,7.05:8.44;7.05:8.44;7.05:8.44;7.05:8.44;7.05:8.44;7.05:8.44;7.05:8.44;6.93:8.26,6.87:8.09;7.02:7.91;7.07:7.78;7.1:7.82;6.77:8.09;6.77:8.09;6.77:8.09;6.77:8.13;6.78:8.17;6.62:8.55;6.41:8.7;6.36:8.76,6.82864:8.274673;6.729266:8.290319;6.621905:8.286462;6.495429:8.33239;6.390758:8.341755;6.264545:8.348023;6.202522:8.349211;6.071216:8.406322;5.987253:8.399631;5.921181:8.408436;5.805235:8.39885;5.712476:8.454479,sigma3_eth_seed42,3
ETH:biwi_eth:51:2950,ETH,biwi_eth:51,2950,triu,0.2925907075405121,0.5328211188316345,7.05:8.44;7.05:8.44;7.05:8.44;7.05:8.44;7.05:8.44;7.05:8.44;6.93:8.26;6.87:8.09,7.02:7.91;7.07:7.78;7.1:7.82;6.77:8.09;6.77:8.09;6.77:8.09;6.77:8.13;6.78:8.17;6.62:8.55;6.41:8.7;6.36:8.76;6.35:8.69,6.85698:8.091967;6.850676:8.109214;6.824102:8.102234;6.785169:8.129731;6.755686:8.151909;6.72126:8.150776;6.739527:8.142038;6.675173:8.188877;6.68366:8.16745;6.685046:8.18167;6.637547:8.176836;6.615125:8.227823,sigma3_eth_seed42,3
ETH:biwi_eth:51:2960,ETH,biwi_eth:51,2960,triu,0.6281263828277588,0.9680769443511964,7.05:8.44;7.05:8.44;7.05:8.44;7.05:8.44;7.05:8.44;6.93:8.26;6.87:8.09;7.02:7.91,7.07:7.78;7.1:7.82;6.77:8.09;6.77:8.09;6.77:8.09;6.77:8.13;6.78:8.17;6.62:8.55;6.41:8.7;6.36:8.76;6.35:8.69;6.4:8.49,7.054802:7.905492;7.058105:7.90796;7.099371:7.941303;7.137748:7.92416;7.148658:7.967877;7.200072:7.956626;7.199181:7.957144;7.211495:7.956364;7.237347:7.965012;7.224414:7.960724;7.23778:7.995553;7.244146:8.01609,sigma3_eth_seed42,3
ETH:biwi_eth:51:2970,ETH,biwi_eth:51,2970,triu,0.6956949830055237,0.8905401825904846,7.05:8.44;7.05:8.44;7.05:8.44;7.05:8.44;6.93:8.26;6.87:8.09;7.02:7.91;7.07:7.78,7.1:7.82;6.77:8.09;6.77:8.09;6.77:8.09;6.77:8.13;6.78:8.17;6.62:8.55;6.41:8.7;6.36:8.76;6.35:8.69;6.4:8.49;6.4:8.49,7.082547:7.779941;7.064801:7.779046;7.084437:7.811073;7.096504:7.800427;7.08638:7.837881;7.112947:7.819908;7.101463:7.821571;7.099847:7.825991;7.099031:7.826951;7.071081:7.823363;7.056643:7.858763;7.051093:7.882431,sigma3_eth_seed42,3
ETH:biwi_eth:51:2980,ETH,biwi_eth:51,2980,triu,0.7484124302864075,0.8995821475982666,7.05:8.44;7.05:8.44;7.05:8.44;6.93:8.26;6.87:8.09;7.02:7.91;7.07:7.78;7.1:7.82,6.77:8.09;6.77:8.09;6.77:8.09;6.77:8.13;6.78:8.17;6.62:8.55;6.41:8.7;6.36:8.76;6.35:8.69;6.4:8.49;6.4:8.49;6.4:8.49,7.094886:7.828341;7.0821:7.821621;7.080244:7.833709;7.074941:7.83765;7.05909:7.841026;7.06975:7.840226;7.05756:7.831073;7.065989:7.830917;7.044258:7.831243;7.017712:7.827096;7.007653:7.832757;7.005268:7.824493,sigma3_eth_seed42,3
ETH:biwi_eth:51:2990,ETH,biwi_eth:51,2990,triu,2.220468759536743,4.090913772583008,7.05:8.44;7.05:8.44;6.93:8.26;6.87:8.09;7.02:7.91;7.07:7.78;7.1:7.82;6.77:8.09,6.77:8.09;6.77:8.09;6.77:8.13;6.78:8.17;6.62:8.55;6.41:8.7;6.36:8.76;6.35:8.69;6.4:8.49;6.4:8.49;6.4:8.49;6.4:8.49,6.389809:8.12276;5.962553:8.137675;5.618989:8.197295;5.265408:8.254129;4.910711:8.257436;4.539834:8.378524;4.081003:8.35657;3.733142:8.44992;3.371612:8.557746;3.033931:8.548042;2.675522:8.522901;2.311331:8.625514,sigma3_eth_seed42,3
ETH:biwi_eth:51:3000,ETH,biwi_eth:51,3000,triu,0.4590506851673126,0.5581915974617004,7.05:8.44;6.93:8.26;6.87:8.09;7.02:7.91;7.07:7.78;7.1:7.82;6.77:8.09;6.77:8.09,6.77:8.09;6.77:8.13;6.78:8.17;6.62:8.55;6.41:8.7;6.36:8.76;6.35:8.69;6.4:8.49;6.4:8.49;6.4:8.49;6.4:8.49;6.4:8.49,6.767802:8.094007;6.769464:8.094111;6.76484:8.090024;6.757788:8.09837;6.753866:8.091518;6.753497:8.094269;6.760226:8.093565;6.757002:8.093049;6.756224:8.087638;6.758186:8.087175;6.762445:8.076423;6.766016:8.068562,sigma3_eth_seed42,3
ETH:biwi_eth:51:3010,ETH,biwi_eth:51,3010,triu,0.5111386775970459,0.5581948757171631,6.93:8.26;6.87:8.09;7.02:7.91;7.07:7.78;7.1:7.82;6.77:8.09;6.77:8.09;6.77:8.09,6.77:8.13;6.78:8.17;6.62:8.55;6.41:8.7;6.36:8.76;6.35:8.69;6.4:8.49;6.4:8.49;6.4:8.49;6.4:8.49;6.4:8.49;6.4:8.49,6.771053:8.090306;6.770972:8.090673;6.771183:8.091154;6.769263:8.093888;6.76913:8.093186;6.769652:8.091227;6.776429:8.09252;6.769464:8.093457;6.774365:8.086914;6.780054:8.083845;6.780155:8.080256;6.782323:8.083293,sigma3_eth_seed42,3
ETH:biwi_eth:51:3020,ETH,biwi_eth:51,3020,triu,0.460065096616745,0.3732180297374725,6.87:8.09;7.02:7.91;7.07:7.78;7.1:7.82;6.77:8.09;6.77:8.09;6.77:8.09;6.77:8.13,6.78:8.17;6.62:8.55;6.41:8.7;6.36:8.76;6.35:8.69;6.4:8.49;6.4:8.49;6.4:8.49;6.4:8.49;6.4:8.49;6.4:8.49;6.4:8.49,6.769533:8.132368;6.746737:8.130273;6.751343:8.155322;6.748111:8.149575;6.728037:8.17706;6.740425:8.15957;6.72645:8.160853;6.719898:8.165094;6.70715:8.159936;6.675404:8.15983;6.650869:8.188885;6.642769:8.206531,sigma3_eth_seed42,3
ETH:biwi_eth:51:3030,ETH,biwi_eth:51,3030,triu,0.6567174792289734,0.7223736047744751,7.02:7.91;7.07:7.78;7.1:7.82;6.77:8.09;6.77:8.09;6.77:8.09;6.77:8.13;6.78:8.17,6.62:8.55;6.41:8.7;6.36:8.76;6.35:8.69;6.4:8.49;6.4:8.49;6.4:8.49;6.4:8.49;6.4:8.49;6.4:8.49;6.4:8.49;6.4:8.49,6.80022:8.161489;6.819037:8.164777;6.837986:8.1704;6.867037:8.154772;6.888541:8.170597;6.916112:8.163526;6.945176:8.160523;6.939515:8.152676;6.976863:8.146569;6.998413:8.130368;7.023222:8.137616;7.031847:8.139866,sigma3_eth_seed42,3
ETH:biwi_eth:51:3040,ETH,biwi_eth:51,3040,triu,0.939986526966095,1.9176599979400637,7.07:7.78;7.1:7.82;6.77:8.09;6.77:8.09;6.77:8.09;6.77:8.13;6.78:8.17;6.62:8.55,6.41:8.7;6.36:8.76;6.35:8.69;6.4:8.49;6.4:8.49;6.4:8.49;6.4:8.49;6.4:8.49;6.4:8.49;6.4:8.49;6.4:8.49;6.4:8.49,6.460974:8.563705;6.281125:8.590852;6.128358:8.617551;5.96976:8.674254;5.814686:8.708105;5.629732:8.798306;5.42418:8.758561;5.21491:8.864168;5.074688:8.941206;4.935095:8.927702;4.761015:8.905106;4.555421:9.014356,sigma3_eth_seed42,3
ETH:biwi_eth:51:3050,ETH,biwi_eth:51,3050,triu,0.3512988984584808,0.6102946996688843,7.1:7.82;6.77:8.09;6.77:8.09;6.77:8.09;6.77:8.13;6.78:8.17;6.62:8.55;6.41:8.7,6.36:8.76;6.35:8.69;6.4:8.49;6.4:8.49;6.4:8.49;6.4:8.49;6.4:8.49;6.4:8.49;6.4:8.49;6.4:8.49;6.4:8.49;6.4:8.49,6.363253:8.705858;6.310155:8.699422;6.266221:8.71899;6.224412:8.714784;6.168398:8.734023;6.140525:8.717623;6.103836:8.704753;6.063953:8.711445;6.007686:8.700281;5.944393:8.689393;5.880154:8.717243;5.837207:8.726059,sigma3_eth_seed42,3
ETH:biwi_eth:52:2860,ETH,biwi_eth:52,2860,triu,0.0031567283440381,0.001772190677002,8.09:8.84;8.09:8.84;8.09:8.84;8.09:8.84;8.09:8.84;8.09:8.84;8.09:8.84;8.09:8.84,8.09:8.84;8.09:8.84;8.09:8.84;8.09:8.84;8.09:8.84;8.09:8.84;8.09:8.84;8.09:8.84;8.09:8.84;8.09:8.84;8.09:8.84;8.09:8.84,8.089664:8.838102;8.090909:8.838714;8.088934:8.841111;8.089589:8.839037;8.088858:8.843487;8.090517:8.84078;8.093036:8.839694;8.087239:8.839478;8.09141:8.833243;8.092509:8.831161;8.089266:8.836616;8.088747:8.841253,sigma3_eth_seed42,3
ETH:biwi_eth:52:2870,ETH,biwi_eth:52,2870,triu,0.0053768195211887,0.0093345204368233,8.09:8.84;8.09:8.84;8.09:8.84;8.09:8.84;8.09:8.84;8.09:8.84;8.09:8.84;8.09:8.84,8.09:8.84;8.09:8.84;8.09:8.84;8.09:8.84;8.09:8.84;8.09:8.84;8.09:8.84;8.09:8.84;8.09:8.84;8.09:8.84;8.09:8.84;8.09:8.84,8.088696:8.83895;8.090217:8.839576;8.086926:8.84094;8.086366:8.840456;8.084918:8.843482;8.085665:8.842578;8.086596:8.841191;8.082101:8.840858;8.084134:8.836073;8.083897:8.834808;8.081724:8.839058;8.080785:8.841487,sigma3_eth_seed42,3
ETH:biwi_eth:52:2880,ETH,biwi_eth:52,2880,triu,0.0058066477067768,0.0097654061391949,8.09:8.84;8.09:8.84;8.09:8.84;8.09:8.84;8.09:8.84;8.09:8.84;8.09:8.84;8.09:8.84,8.09:8.84;8.09:8.84;8.09:8.84;8.09:8.84;8.09:8.84;8.09:8.84;8.09:8.84;8.09:8.84;8.09:8.84;8.09:8.84;8.09:8.84;8.07:8.84,8.088563:8.840211;8.090411:8.840075;8.087252:8.841101;8.086757:8.842422;8.085494:8.843236;8.086544:8.845147;8.084358:8.842866;8.083936:8.842324;8.082748:8.840514;8.08072:8.839562;8.080391:8.842404;8.079552:8.842031,sigma3_eth_seed42,3
ETH:biwi_eth:52:2890,ETH,biwi_eth:52,2890,triu,0.0077151018194854,0.03190653398633,8.09:8.84;8.09:8.84;8.09:8.84;8.09:8.84;8.09:8.84;8.09:8.84;8.09:8.84;8.09:8.84,8.09:8.84;8.09:8.84;8.09:8.84;8.09:8.84;8.09:8.84;8.09:8.84;8.09:8.84;8.09:8.84;8.09:8.84;8.09:8.84;8.07:8.84;8.05:8.83,8.088563:8.840211;8.090411:8.840075;8.087252:8.841101;8.086757:8.842422;8.085494:8.843236;8.086544:8.845147;8.084358:8.842866;8.083936:8.842324;8.082748:8.840514;8.08072:8.839562;8.080391:8.842404;8.079552:8.842031,sigma3_eth_seed42,3
ETH:biwi_eth:52:2900,ETH,biwi_eth:52,2900,triu,0.0113043142482638,0.0513793751597404,8.09:8.84;8.09:8.84;8.09:8.84;8.09:8.84;8.09:8.84;8.09:8.84;8.09:8.84;8.09:8.84,8.09:8.84;8.09:8.84;8.09:8.84;8.09:8.84;8.09:8.84;8.09:8.84;8.09:8.84;8.09:8.84;8.09:8.84;8.07:8.84;8.05:8.83;8.05:8.8,8.088563:8.840211;8.090411:8.840075;8.087252:8.841101;8.086757:8.842422;8.085494:8.843236;8.086544:8.845147;8.084358:8.842866;8.083936:8.842324;8.082748:8.840514;8.08072:8.839562;8.080391:8.842404;8.079552:8.842031,sigma3_eth_seed42,3
ETH:biwi_eth:52:2910,ETH,biwi_eth:52,2910,triu,0.0151608856394886,0.0513793751597404,8.09:8.84;8.09:8.84;8.09:8.84;8.09:8.84;8.09:8.84;8.09:8.84;8.09:8.84;8.09:8.84,8.09:8.84;8.09:8.84;8.09:8.84;8.09:8.84;8.09:8.84;8.09:8.84;8.09:8.84;8.09:8.84;8.07:8.84;8.05:8.83;8.05:8.8;8.05:8.8,8.088563:8.840211;8.090411:8.840075;8.087252:8.841101;8.086757:8.842422;8.085494:8.843236;8.086544:8.845147;8.084358:8.842866;8.083936:8.842324;8.082748:8.840514;8.08072:8.839562;8.080391:8.842404;8.079552:8.842031,sigma3_eth_seed42,3
ETH:biwi_eth:52:2920,ETH,biwi_eth:52,2920,triu,0.0190929379314184,0.0513793751597404,8.09:8.84;8.09:8.84;8.09:8.84;8.09:8.84;8.09:8.84;8.09:8.84;8.09:8.84;8.09:8.84,8.09:8.84;8.09:8.84;8.09:8.84;8.09:8.84;8.09:8.84;8.09:8.84;8.09:8.84;8.07:8.84;8.05:8.83;8.05:8.8;8.05:8.8;8.05:8.8,8.088563:8.840211;8.090411:8.840075;8.087252:8.841101;8.086757:8.842422;8.085494:8.843236;8.086544:8.845147;8.084358:8.842866;8.083936:8.842324;8.082748:8.840514;8.08072:8.839562;8.080391:8.842404;8.079552:8.842031,sigma3_eth_seed42,3
ETH:biwi_eth:52:2930,ETH,biwi_eth:52,2930,triu,0.0230920240283012,0.0513793751597404,8.09:8.84;8.09:8.84;8.09:8.84;8.09:8.84;8.09:8.84;8.09:8.84;8.09:8.84;8.09:8.84,8.09:8.84;8.09:8.84;8.09:8.84;8.09:8.84;8.09:8.84;8.09:8.84;8.07:8.84;8.05:8.83;8.05:8.8;8.05:8.8;8.05:8.8;8.05:8.8,8.088563:8.840211;8.090411:8.840075;8.087252:8.841101;8.086757:8.842422;8.085494:8.843236;8.086544:8.845147;8.084358:8.842866;8.083936:8.842324;8.082748:8.840514;8.08072:8.839562;8.080391:8.842404;8.079552:8.842031,sigma3_eth_seed42,3
ETH:biwi_eth:52:2940,ETH,biwi_eth:52,2940,triu,0.0273685082793235,0.0513793751597404,8.09:8.84;8.09:8.84;8.09:8.84;8.09:8.84;8.09:8.84;8.09:8.84;8.09:8.84;8.09:8.84,8.09:8.84;8.09:8.84;8.09:8.84;8.09:8.84;8.09:8.84;8.07:8.84;8.05:8.83;8.05:8.8;8.05:8.8;8.05:8.8;8.05:8.8;8.05:8.8,8.088563:8.840211;8.090411:8.840075;8.087252:8.841101;8.086757:8.842422;8.085494:8.843236;8.086544:8.845147;8.084358:8.842866;8.083936:8.842324;8.082748:8.840514;8.08072:8.839562;8.080391:8.842404;8.079552:8.842031,sigma3_eth_seed42,3
ETH:biwi_eth:52:2950,ETH,biwi_eth:52,2950,triu,0.0315986052155494,0.0513793751597404,8.09:8.84;8.09:8.84;8.09:8.84;8.09:8.84;8.09:8.84;8.09:8.84;8.09:8.84;8.09:8.84,8.09:8.84;8.09:8.84;8.09:8.84;8.09:8.84;8.07:8.84;8.05:8.83;8.05:8.8;8.05:8.8;8.05:8.8;8.05:8.8;8.05:8.8;8.05:8.8,8.088563:8.840211;8.090411:8.840075;8.087252:8.841101;8.086757:8.842422;8.085494:8.843236;8.086544:8.845147;8.084358:8.842866;8.083936:8.842324;8.082748:8.840514;8.08072:8.839562;8.080391:8.842404;8.079552:8.842031,sigma3_eth_seed42,3
ETH:biwi_eth:52:2960,ETH,biwi_eth:52,2960,triu,0.0360536985099315,0.0513793751597404,8.09:8.84;8.09:8.84;8.09:8.84;8.09:8.84;8.09:8.84;8.09:8.84;8.09:8.84;8.09:8.84,8.09:8.84;8.09:8.84;8.09:8.84;8.07:8.84;8.05:8.83;8.05:8.8;8.05:8.8;8.05:8.8;8.05:8.8;8.05:8.8;8.05:8.8;8.05:8.8,8.088563:8.840211;8.090411:8.840075;8.087252:8.841101;8.086757:8.842422;8.085494:8.843236;8.086544:8.845147;8.084358:8.842866;8.083936:8.842324;8.082748:8.840514;8.08072:8.839562;8.080391:8.842404;8.079552:8.842031,sigma3_eth_seed42,3
ETH:biwi_eth:52:2970,ETH,biwi_eth:52,2970,triu,0.0405746437609195,0.0513793751597404,8.09:8.84;8.09:8.84;8.09:8.84;8.09:8.84;8.09:8.84;8.09:8.84;8.09:8.84;8.09:8.84,8.09:8.84;8.09:8.84;8.07:8.84;8.05:8.83;8.05:8.8;8.05:8.8;8.05:8.8;8.05:8.8;8.05:8.8;8.05:8.8;8.05:8.8;8.05:8.8,8.088563:8.840211;8.090411:8.840075;8.087252:8.841101;8.086757:8.842422;8.085494:8.843236;8.086544:8.845147;8.084358:8.842866;8.083936:8.842324;8.082748:8.840514;8.08072:8.839562;8.080391:8.842404;8.079552:8.842031,sigma3_eth_seed42,3
ETH:biwi_eth:52:2980,ETH,biwi_eth:52,2980,triu,0.0454836972057819,0.0513793751597404,8.09:8.84;8.09:8.84;8.09:8.84;8.09:8.84;8.09:8.84;8.09:8.84;8.09:8.84;8.09:8.84,8.09:8.84;8.07:8.84;8.05:8.83;8.05:8.8;8.05:8.8;8.05:8.8;8.05:8.8;8.05:8.8;8.05:8.8;8.05:8.8;8.05:8.8;8.05:8.8,8.088563:8.840211;8.090411:8.840075;8.087252:8.841101;8.086757:8.842422;8.085494:8.843236;8.086544:8.845147;8.084358:8.842866;8.083936:8.842324;8.082748:8.840514;8.08072:8.839562;8.080391:8.842404;8.079552:8.842031,sigma3_eth_seed42,3
ETH:biwi_eth:52:2990,ETH,biwi_eth:52,2990,triu,0.0500627122819423,0.0513793751597404,8.09:8.84;8.09:8.84;8.09:8.84;8.09:8.84;8.09:8.84;8.09:8.84;8.09:8.84;8.09:8.84,8.07:8.84;8.05:8.83;8.05:8.8;8.05:8.8;8.05:8.8;8.05:8.8;8.05:8.8;8.05:8.8;8.05:8.8;8.05:8.8;8.05:8.8;8.05:8.8,8.088563:8.840211;8.090411:8.840075;8.087252:8.841101;8.086757:8.842422;8.085494:8.843236;8.086544:8.845147;8.084358:8.842866;8.083936:8.842324;8.082748:8.840514;8.08072:8.839562;8.080391:8.842404;8.079552:8.842031,sigma3_eth_seed42,3
ETH:biwi_eth:52:3000,ETH,biwi_eth:52,3000,triu,0.0370458923280239,0.0227109957486391,8.09:8.84;8.09:8.84;8.09:8.84;8.09:8.84;8.09:8.84;8.09:8.84;8.09:8.84;8.07:8.84,8.05:8.83;8.05:8.8;8.05:8.8;8.05:8.8;8.05:8.8;8.05:8.8;8.05:8.8;8.05:8.8;8.05:8.8;8.05:8.8;8.05:8.8;8.05:8.8,8.064801:8.842919;8.064378:8.843315;8.056424:8.838857;8.046803:8.846017;8.040615:8.839193;8.036644:8.841686;8.04168:8.840547;8.033917:8.840593;8.032561:8.833261;8.034055:8.832965;8.033506:8.822305;8.034576:8.81667,sigma3_eth_seed42,3
ETH:biwi_eth:52:3010,ETH,biwi_eth:52,3010,triu,0.0368703678250312,0.045292031019926,8.09:8.84;8.09:8.84;8.09:8.84;8.09:8.84;8.09:8.84;8.09:8.84;8.07:8.84;8.05:8.83,8.05:8.8;8.05:8.8;8.05:8.8;8.05:8.8;8.05:8.8;8.05:8.8;8.05:8.8;8.05:8.8;8.05:8.8;8.05:8.8;8.05:8.8;7.99:8.8,8.047363:8.83201;8.047115:8.833427;8.041973:8.830435;8.034283:8.836658;8.029763:8.833267;8.02703:8.833463;8.033806:8.834659;8.024634:8.835322;8.026654:8.828029;8.029802:8.827806;8.030272:8.81988;8.031581:8.817955,sigma3_eth_seed42,3
ETH:biwi_eth:52:3020,ETH,biwi_eth:52,3020,triu,0.036976121366024,0.1419284343719482,8.09:8.84;8.09:8.84;8.09:8.84;8.09:8.84;8.09:8.84;8.07:8.84;8.05:8.83;8.05:8.8,8.05:8.8;8.05:8.8;8.05:8.8;8.05:8.8;8.05:8.8;8.05:8.8;8.05:8.8;8.05:8.8;8.05:8.8;8.05:8.8;7.99:8.8;7.96:8.77,8.056155:8.799791;8.056973:8.803801;8.061728:8.80549;8.060808:8.809579;8.062038:8.815542;8.064353:8.810121;8.075276:8.817894;8.064581:8.820478;8.076224:8.814512;8.084186:8.814825;8.088712:8.814233;8.091768:8.822734,sigma3_eth_seed42,3
ETH:biwi_eth:52:3030,ETH,biwi_eth:52,3030,triu,0.0230654273182153,0.0838085114955902,8.09:8.84;8.09:8.84;8.09:8.84;8.09:8.84;8.07:8.84;8.05:8.83;8.05:8.8;8.05:8.8,8.05:8.8;8.05:8.8;8.05:8.8;8.05:8.8;8.05:8.8;8.05:8.8;8.05:8.8;8.05:8.8;8.05:8.8;7.99:8.8;7.96:8.77;7.96:8.77,8.049987:8.798079;8.046664:8.798729;8.046416:8.80345;8.045848:8.801353;8.043851:8.807259;8.044522:8.802349;8.046227:8.803746;8.036655:8.804701;8.040853:8.798162;8.041771:8.795038;8.036078:8.800236;8.034243:8.808884,sigma3_eth_seed42,3
ETH:biwi_eth:52:3040,ETH,biwi_eth:52,3040,triu,0.0297802332788705,0.0732323825359344,8.09:8.84;8.09:8.84;8.09:8.84;8.07:8.84;8.05:8.83;8.05:8.8;8.05:8.8;8.05:8.8,8.05:8.8;8.05:8.8;8.05:8.8;8.05:8.8;8.05:8.8;8.05:8.8;8.05:8.8;8.05:8.8;7.99:8.8;7.96:8.77;7.96:8.77;7.96:8.77,8.047456:8.799464;8.045669:8.798425;8.042476:8.798498;8.038992:8.799534;8.037295:8.796167;8.034831:8.795468;8.038466:8.793766;8.030218:8.794738;8.032521:8.786531;8.037591:8.782263;8.03198:8.777694;8.032379:8.781147,sigma3_eth_seed42,3
ETH:biwi_eth:52:3050,ETH,biwi_eth:52,3050,triu,0.0390504859387874,0.0979167446494102,8.09:8.84;8.09:8.84;8.07:8.84;8.05:8.83;8.05:8.8;8.05:8.8;8.05:8.8;8.05:8.8,8.05:8.8;8.05:8.8;8.05:8.8;8.05:8.8;8.05:8.8;8.05:8.8;8.05:8.8;7.99:8.8;7.96:8.77;7.96:8.77;7.96:8.77;7.96:8.77,8.050586:8.797536;8.050239:8.797537;8.050289:8.800447;8.051353:8.798223;8.052104:8.800932;8.052731:8.798083;8.055767:8.797544;8.048165:8.798524;8.054001:8.791502;8.058793:8.787672;8.05387:8.790282;8.05377:8.798194,sigma3_eth_seed42,3
ETH:biwi_eth:56:2860,ETH,biwi_eth:56,2860,triu,0.2105695158243179,0.4544095993041992,12.32:3.35;12.42:3.22;12.49:3.21;12.65:3.36;12.79:3.45;12.79:3.47;12.79:3.38;12.78:3.16,12.78:3.08;12.78:3.08;12.78:3.08;12.78:3.08;12.78:3.08;12.78:3.15;12.82:3.24;12.82:3.24;12.82:3.24;12.82:3.2;12.82:3.11;12.82:3.01,12.7661:3.165414;12.78072:3.192634;12.74177:3.167418;12.69309:3.219748;12.6689:3.24242;12.61402:3.255494;12.65285:3.234743;12.57275:3.309751;12.58814:3.293389;12.60695:3.310231;12.56158:3.295122;12.53069:3.360415,sigma3_eth_seed42,3
ETH:biwi_eth:56:2870,ETH,biwi_eth:56,2870,triu,0.1575583666563034,0.3257165551185608,12.42:3.22;12.49:3.21;12.65:3.36;12.79:3.45;12.79:3.47;12.79:3.38;12.78:3.16;12.78:3.08,12.78:3.08;12.78:3.08;12.78:3.08;12.78:3.08;12.78:3.15;12.82:3.24;12.82:3.24;12.82:3.24;12.82:3.2;12.82:3.11;12.82:3.01;12.82:3.01,12.76691:3.083762;12.74842:3.0833;12.73423:3.09893;12.71867:3.103734;12.69001:3.125793;12.68579:3.124857;12.67013:3.103641;12.64839:3.126546;12.62906:3.120326;12.59672:3.118789;12.55234:3.135477;12.53107:3.160376,sigma3_eth_seed42,3
ETH:biwi_eth:56:2880,ETH,biwi_eth:56,2880,triu,0.0926325395703315,0.1939371973276138,12.49:3.21;12.65:3.36;12.79:3.45;12.79:3.47;12.79:3.38;12.78:3.16;12.78:3.08;12.78:3.08,12.78:3.08;12.78:3.08;12.78:3.08;12.78:3.15;12.82:3.24;12.82:3.24;12.82:3.24;12.82:3.2;12.82:3.11;12.82:3.01;12.82:3.01;12.59:3.01,12.77828:3.083338;12.77948:3.083869;12.77544:3.080476;12.76882:3.08802;12.76521:3.082705;12.76467:3.084394;12.77162:3.084537;12.76689:3.084382;12.76738:3.078662;12.7699:3.078102;12.7735:3.068686;12.77656:3.062986,sigma3_eth_seed42,3
ETH:biwi_eth:56:2890,ETH,biwi_eth:56,2890,triu,0.1083627864718437,0.1981678903102874,12.65:3.36;12.79:3.45;12.79:3.47;12.79:3.38;12.78:3.16;12.78:3.08;12.78:3.08;12.78:3.08,12.78:3.08;12.78:3.08;12.78:3.15;12.82:3.24;12.82:3.24;12.82:3.24;12.82:3.2;12.82:3.11;12.82:3.01;12.82:3.01;12.59:3.01;12.59:3.01,12.77942:3.080408;12.77903:3.080664;12.77725:3.080126;12.77365:3.083247;12.77229:3.081084;12.77124:3.079925;12.77748:3.080445;12.76964:3.081446;12.77353:3.074072;12.77894:3.071419;12.77755:3.066388;12.77929:3.06864,sigma3_eth_seed42,3
ETH:biwi_eth:56:2900,ETH,biwi_eth:56,2900,triu,0.1264688223600387,0.2163004279136657,12.79:3.45;12.79:3.47;12.79:3.38;12.78:3.16;12.78:3.08;12.78:3.08;12.78:3.08;12.78:3.08,12.78:3.08;12.78:3.15;12.82:3.24;12.82:3.24;12.82:3.24;12.82:3.2;12.82:3.11;12.82:3.01;12.82:3.01;12.59:3.01;12.59:3.01;12.59:3.01,12.78142:3.081243;12.78191:3.081902;12.78223:3.082232;12.78017:3.086042;12.77956:3.085834;12.78131:3.084062;12.7884:3.085759;12.78289:3.086103;12.78695:3.080672;12.79099:3.078261;12.79359:3.074888;12.79613:3.075561,sigma3_eth_seed42,3
ETH:biwi_eth:56:2910,ETH,biwi_eth:56,2910,triu,0.1397628039121627,0.1808326542377472,12.79:3.47;12.79:3.38;12.78:3.16;12.78:3.08;12.78:3.08;12.78:3.08;12.78:3.08;12.78:3.08,12.78:3.15;12.82:3.24;12.82:3.24;12.82:3.24;12.82:3.2;12.82:3.11;12.82:3.01;12.82:3.01;12.59:3.01;12.59:3.01;12.59:3.01;12.59:3.01,12.77839:3.078032;12.77658:3.077073;12.77451:3.077583;12.77146:3.077605;12.76997:3.073545;12.76717:3.074348;12.76863:3.071836;12.75942:3.074475;12.7643:3.064582;12.77149:3.062301;12.76134:3.056201;12.76252:3.064201,sigma3_eth_seed42,3
ETH:biwi_eth:56:2920,ETH,biwi_eth:56,2920,triu,0.2085897922515869,0.3741337656974792,12.79:3.38;12.78:3.16;12.78:3.08;12.78:3.08;12.78:3.08;12.78:3.08;12.78:3.08;12.78:3.15,12.82:3.24;12.82:3.24;12.82:3.24;12.82:3.2;12.82:3.11;12.82:3.01;12.82:3.01;12.59:3.01;12.59:3.01;12.59:3.01;12.59:3.01;12.59:3.01,12.79996:3.146685;12.79955:3.152135;12.82113:3.172403;12.83775:3.161808;12.83817:3.195632;12.86815:3.178408;12.87739:3.186951;12.8727:3.184914;12.89427:3.18011;12.8862:3.181816;12.89266:3.20748;12.89771:3.222815,sigma3_eth_seed42,3
ETH:biwi_eth:56:2930,ETH,biwi_eth:56,2930,triu,0.3619168698787689,0.5943701267242432,12.78:3.16;12.78:3.08;12.78:3.08;12.78:3.08;12.78:3.08;12.78:3.08;12.78:3.15;12.82:3.24,12.82:3.24;12.82:3.24;12.82:3.2;12.82:3.11;12.82:3.01;12.82:3.01;12.59:3.01;12.59:3.01;12.59:3.01;12.59:3.01;12.59:3.01;12.59:3.01,12.85561:3.224373;12.86055:3.235631;12.89916:3.275308;12.94812:3.238153;12.96291:3.315415;13.01769:3.281977;13.0415:3.285427;13.01947:3.282094;13.06953:3.282591;13.06121:3.262673;13.07831:3.325725;13.06975:3.360875,sigma3_eth_seed42,3
ETH:biwi_eth:56:2940,ETH,biwi_eth:56,2940,triu,0.238841637969017,0.3480367064476013,12.78:3.08;12.78:3.08;12.78:3.08;12.78:3.08;12.78:3.08;12.78:3.15;12.82:3.24;12.82:3.24,12.82:3.24;12.82:3.2;12.82:3.11;12.82:3.01;12.82:3.01;12.59:3.01;12.59:3.01;12.59:3.01;12.59:3.01;12.59:3.01;12.59:3.01;12.54:3.01,12.8188:3.237969;12.81526:3.237764;12.81407:3.241978;12.81349:3.239647;12.81219:3.243742;12.81138:3.239418;12.81243:3.239821;12.80331:3.240666;12.80609:3.234418;12.80776:3.229684;12.8014:3.234322;12.79896:3.24253,sigma3_eth_seed42,3
ETH:biwi_eth:56:2950,ETH,biwi_eth:56,2950,triu,0.2659342586994171,0.3565636873245239,12.78:3.08;12.78:3.08;12.78:3.08;12.78:3.08;12.78:3.15;12.82:3.24;12.82:3.24;12.82:3.24,12.82:3.2;12.82:3.11;12.82:3.01;12.82:3.01;12.59:3.01;12.59:3.01;12.59:3.01;12.59:3.01;12.59:3.01;12.59:3.01;12.54:3.01;12.52:3.01,12.81799:3.237429;12.81396:3.237886;12.81148:3.242273;12.80997:3.238855;12.8071:3.244822;12.80611:3.238912;12.80826:3.239554;12.79645:3.24018;12.80021:3.232042;12.80104:3.227893;12.79313:3.233924;12.79007:3.242811,sigma3_eth_seed42,3
ETH:biwi_eth:56:2960,ETH,biwi_eth:56,2960,triu,0.3115308284759521,0.4184360206127167,12.78:3.08;12.78:3.08;12.78:3.08;12.78:3.15;12.82:3.24;12.82:3.24;12.82:3.24;12.82:3.2,12.82:3.11;12.82:3.01;12.82:3.01;12.59:3.01;12.59:3.01;12.59:3.01;12.59:3.01;12.59:3.01;12.59:3.01;12.54:3.01;12.52:3.01;12.52:3.01,12.82781:3.20419;12.83022:3.204147;12.83803:3.209707;12.84219:3.213102;12.84179:3.219568;12.85711:3.214762;12.86602:3.216852;12.87139:3.213783;12.87441:3.211951;12.87021:3.210244;12.88172:3.213771;12.88882:3.207639,sigma3_eth_seed42,3
ETH:biwi_eth:56:2970,ETH,biwi_eth:56,2970,triu,0.2949655950069427,0.3201175332069397,12.78:3.08;12.78:3.08;12.78:3.15;12.82:3.24;12.82:3.24;12.82:3.24;12.82:3.2;12.82:3.11,12.82:3.01;12.82:3.01;12.59:3.01;12.59:3.01;12.59:3.01;12.59:3.01;12.59:3.01;12.59:3.01;12.54:3.01;12.52:3.01;12.52:3.01;12.55:3.1,12.83123:3.110863;12.82175:3.106227;12.83987:3.137539;12.86438:3.121535;12.864:3.160725;12.89822:3.142498;12.89739:3.133087;12.9028:3.130717;12.89858:3.139714;12.86993:3.116123;12.8735:3.15849;12.86343:3.165083,sigma3_eth_seed42,3
ETH:biwi_eth:56:2980,ETH,biwi_eth:56,2980,triu,0.3224161863327026,0.364407867193222,12.78:3.08;12.78:3.15;12.82:3.24;12.82:3.24;12.82:3.24;12.82:3.2;12.82:3.11;12.82:3.01,12.82:3.01;12.59:3.01;12.59:3.01;12.59:3.01;12.59:3.01;12.59:3.01;12.59:3.01;12.54:3.01;12.52:3.01;12.52:3.01;12.55:3.1;12.6:3.23,12.84173:3.002897;12.83756:3.008424;12.86297:3.039601;12.89075:3.017539;12.89424:3.071193;12.93115:3.043669;12.94406:3.048378;12.9309:3.046732;12.95544:3.045553;12.94132:3.032494;12.94749:3.079197;12.94165:3.103249,sigma3_eth_seed42,3
ETH:biwi_eth:79:4330,ETH,biwi_eth:79,4330,triu,0.8150539398193359,1.3493753671646118,-3.78:5.15;-3.09:5.12;-2.34:5.19;-1.61:5.17;-0.84:5.31;-0.13:5.27;0.61:5.36;1.38:5.43,2.19:5.68;2.94:5.83;3.73:5.95;4.53:6.04;5.37:6.03;6.19:6;7.09:6;7.95:5.99;8.8:6.04;9.68:6.04;10.51:5.99;11.33:5.98,2.130689:5.410687;2.918908:5.412724;3.640934:5.386615;4.397744:5.356098;5.11255:5.416137;5.899672:5.387461;6.616961:5.360425;7.380241:5.288592;8.089262:5.30466;8.691849:5.328412;9.482898:5.393651;10.17931:5.275217,sigma3_eth_seed42,3
