sample_id,scene,pedestrian_id,start_frame,mask_direction,ADE,FDE,observed_trajectory,ground_truth_future,predicted_future,run_id,sigma
HOTEL:biwi_hotel:101:4000,HOTEL,biwi_hotel:101,4000,triu,0.2349148839712143,0.460414171218872,1.26:-8.15;1.26:-8.15;1.25:-8.13;1.25:-8.13;1.31:-8.2;1.36:-8.29;1.37:-8.31;1.37:-8.31,1.37:-8.31;1.37:-8.31;1.37:-8.31;1.37:-8.31;1.38:-8.32;1.39:-8.32;1.39:-8.32;1.39:-8.32;1.39:-8.32;1.39:-8.32;1.39:-8.32;1.39:-8.32,1.343989:-8.309917;1.318783:-8.304666;1.287867:-8.311604;1.251826:-8.311732;1.20638:-8.316895;1.175015:-8.311346;1.119693:-8.316288;1.092625:-8.319163;1.049603:-8.312876;1.012793:-8.321093;0.9837754:-8.304292;0.9296642:-8.311503,sigma3_hotel_seed42,3
HOTEL:biwi_hotel:101:4010,HOTEL,biwi_hotel:101,4010,triu,0.078995294868946,0.1305014491081237,1.26:-8.15;1.25:-8.13;1.25:-8.13;1.31:-8.2;1.36:-8.29;1.37:-8.31;1.37:-8.31;1.37:-8.31,1.37:-8.31;1.37:-8.31;1.37:-8.31;1.38:-8.32;1.39:-8.32;1.39:-8.32;1.39:-8.32;1.39:-8.32;1.39:-8.32;1.39:-8.32;1.39:-8.32;1.39:-8.32,1.361284:-8.311248;1.349439:-8.309809;1.342972:-8.312416;1.337486:-8.310275;1.326053:-8.311884;1.30205:-8.315944;1.287325:-8.315284;1.284295:-8.321243;1.272156:-8.312974;1.281982:-8.319016;1.260193:-8.33077;1.260267:-8.334145,sigma3_hotel_seed42,3
HOTEL:biwi_hotel:101:4020,HOTEL,biwi_hotel:101,4020,triu,0.4015275537967682,0.7746636271476746,1.25:-8.13;1.25:-8.13;1.31:-8.2;1.36:-8.29;1.37:-8.31;1.37:-8.31;1.37:-8.31;1.37:-8.31,1.37:-8.31;1.37:-8.31;1.38:-8.32;1.39:-8.32;1.39:-8.32;1.39:-8.32;1.39:-8.32;1.39:-8.32;1.39:-8.32;1.39:-8.32;1.39:-8.32;1.39:-8.32,1.330126:-8.310642;1.265184:-8.30156;1.204871:-8.30277;1.166294:-8.316544;1.080273:-8.31673;1.013734:-8.290575;0.9389927:-8.293597;0.8944643:-8.325057;0.825622:-8.311157;0.7839136:-8.324644;0.6967275:-8.291082;0.6163297:-8.280781,sigma3_hotel_seed42,3
HOTEL:biwi_hotel:101:4030,HOTEL,biwi_hotel:101,4030,triu,0.1415703147649765,0.2646481990814209,1.25:-8.13;1.31:-8.2;1.36:-8.29;1.37:-8.31;1.37:-8.31;1.37:-8.31;1.37:-8.31;1.37:-8.31,1.37:-8.31;1.38:-8.32;1.39:-8.32;1.39:-8.32;1.39:-8.32;1.39:-8.32;1.39:-8.32;1.39:-8.32;1.39:-8.32;1.39:-8.32;1.39:-8.32;1.39:-8.32,1.357149:-8.310472;1.341102:-8.309145;1.323287:-8.313411;1.301879:-8.31268;1.278389:-8.319833;1.262058:-8.307639;1.226547:-8.314327;1.21532:-8.319605;1.191644:-8.319616;1.176014:-8.32952;1.155579:-8.312056;1.12549:-8.311441,sigma3_hotel_seed42,3
HOTEL:biwi_hotel:101:4040,HOTEL,biwi_hotel:101,4040,triu,0.1968101263046264,0.3820315599441528,1.31:-8.2;1.36:-8.29;1.37:-8.31;1.37:-8.31;1.37:-8.31;1.37:-8.31;1.37:-8.31;1.37:-8.31,1.38:-8.32;1.39:-8.32;1.39:-8.32;1.39:-8.32;1.39:-8.32;1.39:-8.32;1.39:-8.32;1.39:-8.32;1.39:-8.32;1.39:-8.32;1.39:-8.32;1.39:-8.32,1.35681:-8.307609;1.332348:-8.300022;1.301914:-8.306562;1.284708:-8.31164;1.238572:-8.315002;1.21522:-8.301769;1.167258:-8.309023;1.156759:-8.324369;1.110258:-8.31005;1.08532:-8.332428;1.061758:-8.29402;1.008721:-8.296038,sigma3_hotel_seed42,3
HOTEL:biwi_hotel:101:4050,HOTEL,biwi_hotel:101,4050,triu,0.2271569967269897,0.4863368272781372,1.36:-8.29;1.37:-8.31;1.37:-8.31;1.37:-8.31;1.37:-8.31;1.37:-8.31;1.37:-8.31;1.38:-8.32,1.39:-8.32;1.39:-8.32;1.39:-8.32;1.39:-8.32;1.39:-8.32;1.39:-8.32;1.39:-8.32;1.39:-8.32;1.39:-8.32;1.39:-8.32;1.39:-8.32;1.39:-8.32,1.408605:-8.32187;1.436923:-8.319824;1.466143:-8.328035;1.504988:-8.329683;1.537426:-8.333463;1.583802:-8.324043;1.628769:-8.323082;1.673203:-8.344188;1.707236:-8.357797;1.761731:-8.364831;1.811692:-8.355125;1.874885:-8.357551,sigma3_hotel_seed42,3
HOTEL:biwi_hotel:101:4060,HOTEL,biwi_hotel:101,4060,triu,0.1288598626852035,0.2800363302230835,1.37:-8.31;1.37:-8.31;1.37:-8.31;1.37:-8.31;1.37:-8.31;1.37:-8.31;1.38:-8.32;1.39:-8.32,1.39:-8.32;1.39:-8.32;1.39:-8.32;1.39:-8.32;1.39:-8.32;1.39:-8.32;1.39:-8.32;1.39:-8.32;1.39:-8.32;1.39:-8.32;1.39:-8.32;1.39:-8.32,1.405965:-8.31854;1.422613:-8.317719;1.436032:-8.318517;1.46184:-8.319752;1.478853:-8.310969;1.486847:-8.328714;1.522539:-8.32542;1.548184:-8.331182;1.560534:-8.321433;1.596637:-8.338261;1.632538:-8.345744;1.667656:-8.356432,sigma3_hotel_seed42,3
HOTEL:biwi_hotel:101:4070,HOTEL,biwi_hotel:101,4070,triu,0.0145866582170128,0.0273296367377042,1.37:-8.31;1.37:-8.31;1.37:-8.31;1.37:-8.31;1.37:-8.31;1.38:-8.32;1.39:-8.32;1.39:-8.32,1.39:-8.32;1.39:-8.32;1.39:-8.32;1.39:-8.32;1.39:-8.32;1.39:-8.32;1.39:-8.32;1.39:-8.32;1.39:-8.32;1.39:-8.32;1.39:-8.32;1.39:-8.32,1.394323:-8.318803;1.401067:-8.321512;1.399935:-8.319134;1.402044:-8.315102;1.407351:-8.314219;1.395898:-8.321686;1.392879:-8.328595;1.405265:-8.325856;1.404201:-8.312746;1.408684:-8.327149;1.411291:-8.329442;1.409462:-8.339187,sigma3_hotel_seed42,3
HOTEL:biwi_hotel:102:4000,HOTEL,biwi_hotel:102,4000,triu,0.1376693993806839,0.2599556446075439,1.37:-9.2;1.37:-9.2;1.37:-9.2;1.38:-9.18;1.38:-9.18;1.38:-9.18;1.38:-9.18;1.38:-9.18,1.38:-9.18;1.38:-9.18;1.38:-9.18;1.38:-9.18;1.38:-9.18;1.38:-9.18;1.38:-9.18;1.38:-9.18;1.38:-9.18;1.38:-9.18;1.38:-9.18;1.38:-9.18,1.363355:-9.182725;1.341469:-9.180829;1.327476:-9.187002;1.306575:-9.185495;1.279923:-9.195157;1.255947:-9.182564;1.219056:-9.185122;1.202166:-9.193646;1.180838:-9.194979;1.176596:-9.19677;1.138971:-9.195901;1.12042:-9.19397,sigma3_hotel_seed42,3
HOTEL:biwi_hotel:102:4010,HOTEL,biwi_hotel:102,4010,triu,0.212223544716835,0.4469979405403137,1.37:-9.2;1.37:-9.2;1.38:-9.18;1.38:-9.18;1.38:-9.18;1.38:-9.18;1.38:-9.18;1.38:-9.18,1.38:-9.18;1.38:-9.18;1.38:-9.18;1.38:-9.18;1.38:-9.18;1.38:-9.18;1.38:-9.18;1.38:-9.18;1.38:-9.18;1.38:-9.18;1.38:-9.18;1.38:-9.18,1.370155:-9.182493;1.332986:-9.178046;1.298814:-9.178835;1.284294:-9.193036;1.222939:-9.19833;1.187748:-9.159142;1.139222:-9.170727;1.122425:-9.206269;1.078698:-9.20051;1.056591:-9.217669;0.9943407:-9.173044;0.9333001:-9.163679,sigma3_hotel_seed42,3
HOTEL:biwi_hotel:102:4020,HOTEL,biwi_hotel:102,4020,triu,0.0184434372931718,0.0258689541369676,1.37:-9.2;1.38:-9.18;1.38:-9.18;1.38:-9.18;1.38:-9.18;1.38:-9.18;1.38:-9.18;1.38:-9.18,1.38:-9.18;1.38:-9.18;1.38:-9.18;1.38:-9.18;1.38:-9.18;1.38:-9.18;1.38:-9.18;1.38:-9.18;1.38:-9.18;1.38:-9.18;1.38:-9.18;1.38:-9.18,1.372269:-9.180569;1.376089:-9.176234;1.372125:-9.180542;1.367357:-9.182182;1.357116:-9.179368;1.358288:-9.186389;1.361859:-9.1844;1.361164:-9.189694;1.354999:-9.192785;1.350262:-9.193776;1.369153:-9.190816;1.36909:-9.203456,sigma3_hotel_seed42,3
HOTEL:biwi_hotel:102:4030,HOTEL,biwi_hotel:102,4030,triu,0.0773748457431793,0.1574793308973312,1.38:-9.18;1.38:-9.18;1.38:-9.18;1.38:-9.18;1.38:-9.18;1.38:-9.18;1.38:-9.18;1.38:-9.18,1.38:-9.18;1.38:-9.18;1.38:-9.18;1.38:-9.18;1.38:-9.18;1.38:-9.18;1.38:-9.18;1.38:-9.18;1.38:-9.18;1.38:-9.18;1.38:-9.18;1.38:-9.18,1.369628:-9.180133;1.366927:-9.180241;1.354226:-9.180204;1.338757:-9.176161;1.327427:-9.178556;1.310833:-9.179745;1.287773:-9.18584;1.284125:-9.184138;1.272066:-9.178045;1.253878:-9.182236;1.243856:-9.179789;1.222805:-9.189462,sigma3_hotel_seed42,3
HOTEL:biwi_hotel:102:4040,HOTEL,biwi_hotel:102,4040,triu,0.0773748457431793,0.1574793308973312,1.38:-9.18;1.38:-9.18;1.38:-9.18;1.38:-9.18;1.38:-9.18;1.38:-9.18;1.38:-9.18;1.38:-9.18,1.38:-9.18;1.38:-9.18;1.38:-9.18;1.38:-9.18;1.38:-9.18;1.38:-9.18;1.38:-9.18;1.38:-9.18;1.38:-9.18;1.38:-9.18;1.38:-9.18;1.38:-9.18,1.369628:-9.180133;1.366927:-9.180241;1.354226:-9.180204;1.338757:-9.176161;1.327427:-9.178556;1.310833:-9.179745;1.287773:-9.18584;1.284125:-9.184138;1.272066:-9.178045;1.253878:-9.182236;1.243856:-9.179789;1.222805:-9.189462,sigma3_hotel_seed42,3
HOTEL:biwi_hotel:102:4050,HOTEL,biwi_hotel:102,4050,triu,0.0773748457431793,0.1574793308973312,1.38:-9.18;1.38:-9.18;1.38:-9.18;1.38:-9.18;1.38:-9.18;1.38:-9.18;1.38:-9.18;1.38:-9.18,1.38:-9.18;1.38:-9.18;1.38:-9.18;1.38:-9.18;1.38:-9.18;1.38:-9.18;1.38:-9.18;1.38:-9.18;1.38:-9.18;1.38:-9.18;1.38:-9.18;1.38:-9.18,1.369628:-9.180133;1.366927:-9.180241;1.354226:-9.180204;1.338757:-9.176161;1.327427:-9.178556;1.310833:-9.179745;1.287773:-9.18584;1.284125:-9.184138;1.272066:-9.178045;1.253878:-9.182236;1.243856:-9.179789;1.222805:-9.189462,sigma3_hotel_seed42,3
HOTEL:biwi_hotel:102:4060,HOTEL,biwi_hotel:102,4060,triu,0.0773748457431793,0.1574793308973312,1.38:-9.18;1.38:-9.18;1.38:-9.18;1.38:-9.18;1.38:-9.18;1.38:-9.18;1.38:-9.18;1.38:-9.18,1.38:-9.18;1.38:-9.18;1.38:-9.18;1.38:-9.18;1.38:-9.18;1.38:-9.18;1.38:-9.18;1.38:-9.18;1.38:-9.18;1.38:-9.18;1.38:-9.18;1.38:-9.18,1.369628:-9.180133;1.366927:-9.180241;1.354226:-9.180204;1.338757:-9.176161;1.327427:-9.178556;1.310833:-9.179745;1.287773:-9.18584;1.284125:-9.184138;1.272066:-9.178045;1.253878:-9.182236;1.243856:-9.179789;1.222805:-9.189462,sigma3_hotel_seed42,3
HOTEL:biwi_hotel:102:4070,HOTEL,biwi_hotel:102,4070,triu,0.0798710286617279,0.1874337792396545,1.38:-9.18;1.38:-9.18;1.38:-9.18;1.38:-9.18;1.38:-9.18;1.38:-9.18;1.38:-9.18;1.38:-9.18,1.38:-9.18;1.38:-9.18;1.38:-9.18;1.38:-9.18;1.38:-9.18;1.38:-9.18;1.38:-9.18;1.38:-9.18;1.38:-9.18;1.38:-9.18;1.38:-9.18;1.41:-9.18,1.369628:-9.180133;1.366927:-9.180241;1.354226:-9.180204;1.338757:-9.176161;1.327427:-9.178556;1.310833:-9.179745;1.287773:-9.18584;1.284125:-9.184138;1.272066:-9.178045;1.253878:-9.182236;1.243857:-9.179789;1.222805:-9.189462,sigma3_hotel_seed42,3
HOTEL:biwi_hotel:104:4430,HOTEL,biwi_hotel:104,4430,triu,0.027573624625802,0.0579060837626457,1.34:-9.22;1.34:-9.22;1.34:-9.22;1.34:-9.22;1.34:-9.22;1.34:-9.2;1.34:-9.2;1.34:-9.2,1.34:-9.22;1.34:-9.22;1.34:-9.22;1.34:-9.22;1.34:-9.22;1.34:-9.22;1.34:-9.22;1.34:-9.22;1.34:-9.2;1.32:-9.2;1.3:-9.18;1.29:-9.16,1.334205:-9.201125;1.338247:-9.204987;1.328777:-9.19925;1.320288:-9.191994;1.33253:-9.190321;1.328958:-9.193027;1.328048:-9.192744;1.331143:-9.189837;1.341414:-9.193715;1.331857:-9.190442;1.334664:-9.194715;1.336455:-9.194569,sigma3_hotel_seed42,3
HOTEL:biwi_hotel:104:4440,HOTEL,biwi_hotel:104,4440,triu,0.0289600808173418,0.1098154187202453,1.34:-9.22;1.34:-9.22;1.34:-9.22;1.34:-9.22;1.34:-9.2;1.34:-9.2;1.34:-9.2;1.34:-9.22,1.34:-9.22;1.34:-9.22;1.34:-9.22;1.34:-9.22;1.34:-9.22;1.34:-9.22;1.34:-9.22;1.34:-9.2;1.32:-9.2;1.3:-9.18;1.29:-9.16;1.27:-9.16,1.338858:-9.219766;1.345468:-9.221349;1.343165:-9.219809;1.339877:-9.216994;1.342544:-9.215925;1.337415:-9.221627;1.337682:-9.226175;1.343986:-9.224194;1.343895:-9.220702;1.341313:-9.227983;1.350428:-9.227801;1.348282:-9.237015,sigma3_hotel_seed42,3
HOTEL:biwi_hotel:104:4450,HOTEL,biwi_hotel:104,4450,triu,0.043262954801321,0.0245541129261255,1.34:-9.22;1.34:-9.22;1.34:-9.22;1.34:-9.2;1.34:-9.2;1.34:-9.2;1.34:-9.22;1.34:-9.22,1.34:-9.22;1.34:-9.22;1.34:-9.22;1.34:-9.22;1.34:-9.22;1.34:-9.22;1.34:-9.2;1.32:-9.2;1.3:-9.18;1.29:-9.16;1.27:-9.16;1.21:-9.24,1.333834:-9.219684;1.331316:-9.217192;1.322421:-9.220348;1.316153:-9.218827;1.302731:-9.218876;1.285911:-9.225326;1.269534:-9.228164;1.270543:-9.231339;1.256245:-9.219924;1.251426:-9.228945;1.246344:-9.229627;1.234487:-9.241809,sigma3_hotel_seed42,3
HOTEL:biwi_hotel:104:4460,HOTEL,biwi_hotel:104,4460,triu,0.1598659008741378,0.2079560756683349,1.34:-9.22;1.34:-9.22;1.34:-9.2;1.34:-9.2;1.34:-9.2;1.34:-9.22;1.34:-9.22;1.34:-9.22,1.34:-9.22;1.34:-9.22;1.34:-9.22;1.34:-9.22;1.34:-9.22;1.34:-9.2;1.32:-9.2;1.3:-9.18;1.29:-9.16;1.27:-9.16;1.21:-9.24;1.14:-9.23,1.323147:-9.217683;1.298822:-9.209153;1.26796:-9.218222;1.246518:-9.221395;1.1948:-9.226594;1.166389:-9.216858;1.10969:-9.224769;1.095884:-9.237101;1.044795:-9.219031;1.015865:-9.239312;0.989014:-9.207536;0.9324654:-9.216765,sigma3_hotel_seed42,3
HOTEL:biwi_hotel:104:4470,HOTEL,biwi_hotel:104,4470,triu,0.0789986103773117,0.2519673705101013,1.34:-9.22;1.34:-9.2;1.34:-9.2;1.34:-9.2;1.34:-9.22;1.34:-9.22;1.34:-9.22;1.34:-9.22,1.34:-9.22;1.34:-9.22;1.34:-9.22;1.34:-9.22;1.34:-9.2;1.32:-9.2;1.3:-9.18;1.29:-9.16;1.27:-9.16;1.21:-9.24;1.14:-9.23;1.11:-9.23,1.335521:-9.22078;1.347054:-9.217325;1.344612:-9.226041;1.332064:-9.223285;1.329047:-9.226806;1.347146:-9.226057;1.340875:-9.228221;1.34312:-9.227814;1.341977:-9.239862;1.329953:-9.239777;1.364306:-9.226701;1.361723:-9.241096,sigma3_hotel_seed42,3
HOTEL:biwi_hotel:104:4480,HOTEL,biwi_hotel:104,4480,triu,0.081215389072895,0.2282329350709915,1.34:-9.2;1.34:-9.2;1.34:-9.2;1.34:-9.22;1.34:-9.22;1.34:-9.22;1.34:-9.22;1.34:-9.22,1.34:-9.22;1.34:-9.22;1.34:-9.22;1.34:-9.2;1.32:-9.2;1.3:-9.18;1.29:-9.16;1.27:-9.16;1.21:-9.24;1.14:-9.23;1.11:-9.23;1.09:-9.23,1.340774:-9.219614;1.337767:-9.219864;1.336279:-9.22089;1.339143:-9.21828;1.336022:-9.218332;1.316918:-9.225655;1.309786:-9.22848;1.317097:-9.231217;1.309437:-9.216687;1.324522:-9.230779;1.314547:-9.239511;1.317637:-9.246483,sigma3_hotel_seed42,3
HOTEL:biwi_hotel:104:4490,HOTEL,biwi_hotel:104,4490,triu,0.1142662987112999,0.2313112020492553,1.34:-9.2;1.34:-9.2;1.34:-9.22;1.34:-9.22;1.34:-9.22;1.34:-9.22;1.34:-9.22;1.34:-9.22,1.34:-9.22;1.34:-9.22;1.34:-9.2;1.32:-9.2;1.3:-9.18;1.29:-9.16;1.27:-9.16;1.21:-9.24;1.14:-9.23;1.11:-9.23;1.09:-9.23;1.13:-9.19,1.328313:-9.220571;1.295922:-9.212201;1.262911:-9.219529;1.247508:-9.229479;1.186836:-9.234318;1.153132:-9.211273;1.097801:-9.217685;1.081261:-9.245218;1.031302:-9.230402;1.008475:-9.249519;0.9597735:-9.21229;0.8996392:-9.210947,sigma3_hotel_seed42,3
HOTEL:biwi_hotel:104:4500,HOTEL,biwi_hotel:104,4500,triu,0.0540163218975067,0.129264622926712,1.34:-9.2;1.34:-9.22;1.34:-9.22;1.34:-9.22;1.34:-9.22;1.34:-9.22;1.34:-9.22;1.34:-9.22,1.34:-9.22;1.34:-9.2;1.32:-9.2;1.3:-9.18;1.29:-9.16;1.27:-9.16;1.21:-9.24;1.14:-9.23;1.11:-9.23;1.09:-9.23;1.13:-9.19;1.2:-9.12,1.334285:-9.219216;1.322351:-9.2137;1.30367:-9.221056;1.293621:-9.223979;1.263229:-9.228956;1.249999:-9.217592;1.21446:-9.224757;1.213765:-9.238816;1.184014:-9.229268;1.169852:-9.246181;1.156892:-9.218431;1.123329:-9.224072,sigma3_hotel_seed42,3
HOTEL:biwi_hotel:104:4510,HOTEL,biwi_hotel:104,4510,triu,0.0850274786353111,0.1771956533193588,1.34:-9.22;1.34:-9.22;1.34:-9.22;1.34:-9.22;1.34:-9.22;1.34:-9.22;1.34:-9.22;1.34:-9.22,1.34:-9.2;1.32:-9.2;1.3:-9.18;1.29:-9.16;1.27:-9.16;1.21:-9.24;1.14:-9.23;1.11:-9.23;1.09:-9.23;1.13:-9.19;1.2:-9.12;1.36:-9.23,1.329628:-9.220133;1.326927:-9.220241;1.314226:-9.220204;1.298757:-9.216161;1.287427:-9.218556;1.270833:-9.219745;1.247773:-9.22584;1.244125:-9.224138;1.232066:-9.218045;1.213878:-9.222236;1.203856:-9.219789;1.182805:-9.229462,sigma3_hotel_seed42,3
HOTEL:biwi_hotel:104:4520,HOTEL,biwi_hotel:104,4520,triu,0.0966981276869773,0.288953423500061,1.34:-9.22;1.34:-9.22;1.34:-9.22;1.34:-9.22;1.34:-9.22;1.34:-9.22;1.34:-9.22;1.34:-9.2,1.32:-9.2;1.3:-9.18;1.29:-9.16;1.27:-9.16;1.21:-9.24;1.14:-9.23;1.11:-9.23;1.09:-9.23;1.13:-9.19;1.2:-9.12;1.36:-9.23;1.4:-9.28,1.316711:-9.201615;1.312695:-9.202539;1.296437:-9.20208;1.260553:-9.198585;1.245248:-9.202014;1.242132:-9.197242;1.222027:-9.202288;1.199502:-9.193495;1.188052:-9.211201;1.148342:-9.203121;1.153492:-9.191735;1.122854:-9.198241,sigma3_hotel_seed42,3
HOTEL:biwi_hotel:104:4530,HOTEL,biwi_hotel:104,4530,triu,0.1202875450253486,0.2619063854217529,1.34:-9.22;1.34:-9.22;1.34:-9.22;1.34:-9.22;1.34:-9.22;1.34:-9.22;1.34:-9.2;1.32:-9.2,1.3:-9.18;1.29:-9.16;1.27:-9.16;1.21:-9.24;1.14:-9.23;1.11:-9.23;1.09:-9.23;1.13:-9.19;1.2:-9.12;1.36:-9.23;1.4:-9.28;1.4:-9.36,1.30325:-9.201504;1.302781:-9.200336;1.285996:-9.198905;1.266532:-9.194484;1.260409:-9.19426;1.259316:-9.192781;1.246841:-9.191648;1.238212:-9.191808;1.237523:-9.201346;1.209906:-9.190696;1.213665:-9.185502;1.200511:-9.190297,sigma3_hotel_seed42,3
HOTEL:biwi_hotel:104:4540,HOTEL,biwi_hotel:104,4540,triu,0.136067733168602,0.2496653944253921,1.34:-9.22;1.34:-9.22;1.34:-9.22;1.34:-9.22;1.34:-9.22;1.34:-9.2;1.32:-9.2;1.3:-9.18,1.29:-9.16;1.27:-9.16;1.21:-9.24;1.14:-9.23;1.11:-9.23;1.09:-9.23;1.13:-9.19;1.2:-9.12;1.36:-9.23;1.4:-9.28;1.4:-9.36;1.37:-9.31,1.281961:-9.181631;1.281521:-9.180744;1.265631:-9.179711;1.243158:-9.175893;1.234412:-9.176854;1.232912:-9.174275;1.218873:-9.175133;1.207975:-9.174042;1.204781:-9.185252;1.174093:-9.174803;1.177799:-9.167991;1.160531:-9.17415,sigma3_hotel_seed42,3
HOTEL:biwi_hotel:104:4550,HOTEL,biwi_hotel:104,4550,triu,0.1533600836992263,0.2121213227510452,1.34:-9.22;1.34:-9.22;1.34:-9.22;1.34:-9.22;1.34:-9.2;1.32:-9.2;1.3:-9.18;1.29:-9.16,1.27:-9.16;1.21:-9.24;1.14:-9.23;1.11:-9.23;1.09:-9.23;1.13:-9.19;1.2:-9.12;1.36:-9.23;1.4:-9.28;1.4:-9.36;1.37:-9.31;1.37:-9.32,1.282936:-9.160336;1.286515:-9.161971;1.276318:-9.159132;1.265325:-9.15358;1.266251:-9.153815;1.261508:-9.154781;1.252182:-9.158028;1.252917:-9.155363;1.253692:-9.155687;1.238249:-9.155436;1.240929:-9.153051;1.231695:-9.159167,sigma3_hotel_seed42,3
HOTEL:biwi_hotel:104:4560,HOTEL,biwi_hotel:104,4560,triu,0.1914686560630798,0.2770141065120697,1.34:-9.22;1.34:-9.22;1.34:-9.22;1.34:-9.2;1.32:-9.2;1.3:-9.18;1.29:-9.16;1.27:-9.16,1.21:-9.24;1.14:-9.23;1.11:-9.23;1.09:-9.23;1.13:-9.19;1.2:-9.12;1.36:-9.23;1.4:-9.28;1.4:-9.36;1.37:-9.31;1.37:-9.32;1.32:-9.34,1.256031:-9.160364;1.251998:-9.156822;1.239635:-9.161333;1.22255:-9.160705;1.200851:-9.16271;1.188185:-9.164805;1.166492:-9.168431;1.157795:-9.17021;1.139057:-9.16773;1.119546:-9.170511;1.117443:-9.164642;1.09511:-9.178255,sigma3_hotel_seed42,3
HOTEL:biwi_hotel:104:4570,HOTEL,biwi_hotel:104,4570,triu,0.536400556564331,1.074406385421753,1.34:-9.22;1.34:-9.22;1.34:-9.2;1.32:-9.2;1.3:-9.18;1.29:-9.16;1.27:-9.16;1.21:-9.24,1.14:-9.23;1.11:-9.23;1.09:-9.23;1.13:-9.19;1.2:-9.12;1.36:-9.23;1.4:-9.28;1.4:-9.36;1.37:-9.31;1.37:-9.32;1.32:-9.34;1.39:-9.34,1.145909:-9.24623;1.068805:-9.244774;0.9996255:-9.232198;0.9419106:-9.239795;0.8528284:-9.23333;0.7774075:-9.205677;0.7150038:-9.185615;0.6391971:-9.216336;0.5697655:-9.242693;0.50226:-9.212425;0.403688:-9.214014;0.3276278:-9.179643,sigma3_hotel_seed42,3
HOTEL:biwi_hotel:104:4580,HOTEL,biwi_hotel:104,4580,triu,0.8020234107971191,1.4264235496520996,1.34:-9.22;1.34:-9.2;1.32:-9.2;1.3:-9.18;1.29:-9.16;1.27:-9.16;1.21:-9.24;1.14:-9.23,1.11:-9.23;1.09:-9.23;1.13:-9.19;1.2:-9.12;1.36:-9.23;1.4:-9.28;1.4:-9.36;1.37:-9.31;1.37:-9.32;1.32:-9.34;1.39:-9.34;1.4:-9.34,1.035668:-9.23071;0.9400032:-9.21899;0.834695:-9.219819;0.7210981:-9.222404;0.6227667:-9.214118;0.5536868:-9.206541;0.4541016:-9.186423;0.3417296:-9.186272;0.2616962:-9.211781;0.1545938:-9.188402;0.08771312:-9.168678;-0.01367474:-9.149716,sigma3_hotel_seed42,3
HOTEL:biwi_hotel:104:4590,HOTEL,biwi_hotel:104,4590,triu,0.5097339153289795,0.877986490726471,1.34:-9.2;1.32:-9.2;1.3:-9.18;1.29:-9.16;1.27:-9.16;1.21:-9.24;1.14:-9.23;1.11:-9.23,1.09:-9.23;1.13:-9.19;1.2:-9.12;1.36:-9.23;1.4:-9.28;1.4:-9.36;1.37:-9.31;1.37:-9.32;1.32:-9.34;1.39:-9.34;1.4:-9.34;1.42:-9.29,1.077198:-9.22687;1.037485:-9.215454;0.9893957:-9.225423;0.9532856:-9.228809;0.888407:-9.23085;0.8519621:-9.224073;0.7825618:-9.225158;0.7518648:-9.236874;0.688464:-9.220897;0.6458217:-9.238238;0.6137702:-9.204271;0.5457717:-9.208851,sigma3_hotel_seed42,3
HOTEL:biwi_hotel:104:4600,HOTEL,biwi_hotel:104,4600,triu,0.2797996699810028,0.3240669667720794,1.32:-9.2;1.3:-9.18;1.29:-9.16;1.27:-9.16;1.21:-9.24;1.14:-9.23;1.11:-9.23;1.09:-9.23,1.13:-9.19;1.2:-9.12;1.36:-9.23;1.4:-9.28;1.4:-9.36;1.37:-9.31;1.37:-9.32;1.32:-9.34;1.39:-9.34;1.4:-9.34;1.42:-9.29;1.41:-9.28,1.082916:-9.230394;1.090266:-9.227116;1.087998:-9.230996;1.081046:-9.232125;1.071513:-9.230818;1.077731:-9.235189;1.081886:-9.236033;1.080819:-9.238418;1.075619:-9.244574;1.066248:-9.245301;1.090568:-9.237964;1.087131:-9.252163,sigma3_hotel_seed42,3
HOTEL:biwi_hotel:104:4610,HOTEL,biwi_hotel:104,4610,triu,0.1367167532444,0.168149322271347,1.3:-9.18;1.29:-9.16;1.27:-9.16;1.21:-9.24;1.14:-9.23;1.11:-9.23;1.09:-9.23;1.13:-9.19,1.2:-9.12;1.36:-9.23;1.4:-9.28;1.4:-9.36;1.37:-9.31;1.37:-9.32;1.32:-9.34;1.39:-9.34;1.4:-9.34;1.42:-9.29;1.41:-9.28;1.42:-9.28,1.183237:-9.193312;1.219593:-9.195814;1.245265:-9.201492;1.291603:-9.211346;1.314672:-9.217001;1.363155:-9.189519;1.392012:-9.198417;1.443105:-9.228972;1.471523:-9.238119;1.511157:-9.259518;1.552001:-9.220774;1.575708:-9.216524,sigma3_hotel_seed42,3
HOTEL:biwi_hotel:104:4620,HOTEL,biwi_hotel:104,4620,triu,0.241340160369873,0.3540259301662445,1.29:-9.16;1.27:-9.16;1.21:-9.24;1.14:-9.23;1.11:-9.23;1.09:-9.23;1.13:-9.19;1.2:-9.12,1.36:-9.23;1.4:-9.28;1.4:-9.36;1.37:-9.31;1.37:-9.32;1.32:-9.34;1.39:-9.34;1.4:-9.34;1.42:-9.29;1.41:-9.28;1.42:-9.28;1.41:-9.27,1.269752:-9.123718;1.322011:-9.130307;1.359336:-9.135364;1.416085:-9.143632;1.449775:-9.150153;1.50689:-9.12802;1.53818:-9.134476;1.595946:-9.15929;1.628462:-9.168191;1.67023:-9.190512;1.722095:-9.157165;1.742774:-9.149186,sigma3_hotel_seed42,3
HOTEL:biwi_hotel:104:4630,HOTEL,biwi_hotel:104,4630,triu,0.8724437355995178,1.5106419324874878,1.27:-9.16;1.21:-9.24;1.14:-9.23;1.11:-9.23;1.09:-9.23;1.13:-9.19;1.2:-9.12;1.36:-9.23,1.4:-9.28;1.4:-9.36;1.37:-9.31;1.37:-9.32;1.32:-9.34;1.39:-9.34;1.4:-9.34;1.42:-9.29;1.41:-9.28;1.42:-9.28;1.41:-9.27;1.43:-9.26,1.517677:-9.237385;1.677131:-9.238868;1.809613:-9.257681;1.946866:-9.252549;2.073382:-9.259292;2.223628:-9.264109;2.346358:-9.25135;2.48455:-9.272961;2.59832:-9.283138;2.694494:-9.289918;2.844753:-9.273145;2.940598:-9.271531,sigma3_hotel_seed42,3
HOTEL:biwi_hotel:104:4640,HOTEL,biwi_hotel:104,4640,triu,0.2940284311771393,0.4915602207183838,1.21:-9.24;1.14:-9.23;1.11:-9.23;1.09:-9.23;1.13:-9.19;1.2:-9.12;1.36:-9.23;1.4:-9.28,1.4:-9.36;1.37:-9.31;1.37:-9.32;1.32:-9.34;1.39:-9.34;1.4:-9.34;1.42:-9.29;1.41:-9.28;1.42:-9.28;1.41:-9.27;1.43:-9.26;1.41:-9.23,1.458141:-9.281741;1.504192:-9.286556;1.53451:-9.290552;1.581028:-9.296542;1.615842:-9.301929;1.671856:-9.281478;1.701558:-9.290577;1.756973:-9.310307;1.786181:-9.320059;1.820346:-9.343482;1.876943:-9.304117;1.896804:-9.298214,sigma3_hotel_seed42,3
HOTEL:biwi_hotel:104:4650,HOTEL,biwi_hotel:104,4650,triu,0.1365890353918075,0.2866492569446563,1.14:-9.23;1.11:-9.23;1.09:-9.23;1.13:-9.19;1.2:-9.12;1.36:-9.23;1.4:-9.28;1.4:-9.36,1.37:-9.31;1.37:-9.32;1.32:-9.34;1.39:-9.34;1.4:-9.34;1.42:-9.29;1.41:-9.28;1.42:-9.28;1.41:-9.27;1.43:-9.26;1.41:-9.23;1.44:-9.26,1.402759:-9.366413;1.387487:-9.371631;1.373824:-9.362961;1.372797:-9.37436;1.337782:-9.374413;1.319775:-9.346917;1.301396:-9.341524;1.284616:-9.368984;1.260527:-9.389665;1.24334:-9.381467;1.20516:-9.370451;1.16614:-9.344666,sigma3_hotel_seed42,3
HOTEL:biwi_hotel:104:4660,HOTEL,biwi_hotel:104,4660,triu,0.2542007863521576,0.5169393420219421,1.11:-9.23;1.09:-9.23;1.13:-9.19;1.2:-9.12;1.36:-9.23;1.4:-9.28;1.4:-9.36;1.37:-9.31,1.37:-9.32;1.32:-9.34;1.39:-9.34;1.4:-9.34;1.42:-9.29;1.41:-9.28;1.42:-9.28;1.41:-9.27;1.43:-9.26;1.41:-9.23;1.44:-9.26;1.43:-9.25,1.356632:-9.315272;1.319028:-9.317628;1.287757:-9.308355;1.272449:-9.323823;1.213358:-9.32366;1.172819:-9.288638;1.138225:-9.289523;1.107487:-9.322318;1.066579:-9.334176;1.039279:-9.333408;0.9729328:-9.311225;0.9144607:-9.28802,sigma3_hotel_seed42,3
HOTEL:biwi_hotel:104:4670,HOTEL,biwi_hotel:104,4670,triu,0.2717700004577636,0.5247955322265625,1.09:-9.23;1.13:-9.19;1.2:-9.12;1.36:-9.23;1.4:-9.28;1.4:-9.36;1.37:-9.31;1.37:-9.32,1.32:-9.34;1.39:-9.34;1.4:-9.34;1.42:-9.29;1.41:-9.28;1.42:-9.28;1.41:-9.27;1.43:-9.26;1.41:-9.23;1.44:-9.26;1.43:-9.25;1.43:-9.28,1.361595:-9.321745;1.321412:-9.318008;1.287754:-9.320899;1.273951:-9.33356;1.213613:-9.33998;1.171822:-9.307096;1.11721:-9.316399;1.09821:-9.348122;1.050703:-9.334947;1.03608:-9.358392;0.9672962:-9.319901;0.9059264:-9.307518,sigma3_hotel_seed42,3
HOTEL:biwi_hotel:104:4680,HOTEL,biwi_hotel:104,4680,triu,0.2220227122306823,0.3330530524253845,1.13:-9.19;1.2:-9.12;1.36:-9.23;1.4:-9.28;1.4:-9.36;1.37:-9.31;1.37:-9.32;1.32:-9.34,1.39:-9.34;1.4:-9.34;1.42:-9.29;1.41:-9.28;1.42:-9.28;1.41:-9.27;1.43:-9.26;1.41:-9.23;1.44:-9.26;1.43:-9.25;1.43:-9.28;1.41:-9.27,1.317438:-9.341828;1.294231:-9.341357;1.280776:-9.34551;1.274677:-9.349195;1.24456:-9.360083;1.219671:-9.335052;1.182976:-9.344425;1.17876:-9.364455;1.153207:-9.357345;1.158835:-9.374492;1.111575:-9.355323;1.086078:-9.347453,sigma3_hotel_seed42,3
HOTEL:biwi_hotel:104:4690,HOTEL,biwi_hotel:104,4690,triu,0.4133307039737701,0.9223239421844482,1.2:-9.12;1.36:-9.23;1.4:-9.28;1.4:-9.36;1.37:-9.31;1.37:-9.32;1.32:-9.34;1.39:-9.34,1.4:-9.34;1.42:-9.29;1.41:-9.28;1.42:-9.28;1.41:-9.27;1.43:-9.26;1.41:-9.23;1.44:-9.26;1.43:-9.25;1.43:-9.28;1.41:-9.27;1.38:-9.24,1.438416:-9.343182;1.486783:-9.347578;1.544698:-9.35679;1.608988:-9.352919;1.682898:-9.361388;1.756596:-9.351898;1.838699:-9.34933;1.908712:-9.368509;1.982094:-9.391606;2.086197:-9.396801;2.160991:-9.408466;2.2868:-9.408506,sigma3_hotel_seed42,3
HOTEL:biwi_hotel:104:4700,HOTEL,biwi_hotel:104,4700,triu,0.1076476499438285,0.2366252094507217,1.36:-9.23;1.4:-9.28;1.4:-9.36;1.37:-9.31;1.37:-9.32;1.32:-9.34;1.39:-9.34;1.4:-9.34,1.42:-9.29;1.41:-9.28;1.42:-9.28;1.41:-9.27;1.43:-9.26;1.41:-9.23;1.44:-9.26;1.43:-9.25;1.43:-9.28;1.41:-9.27;1.38:-9.24;1.36:-9.24,1.400576:-9.342705;1.394474:-9.344221;1.406935:-9.343777;1.419026:-9.343267;1.431594:-9.3412;1.425026:-9.347198;1.4524:-9.339372;1.457688:-9.347685;1.469389:-9.353621;1.515497:-9.356543;1.51208:-9.380444;1.555751:-9.372939,sigma3_hotel_seed42,3
HOTEL:biwi_hotel:104:4710,HOTEL,biwi_hotel:104,4710,triu,0.185265228152275,0.4301276206970215,1.4:-9.28;1.4:-9.36;1.37:-9.31;1.37:-9.32;1.32:-9.34;1.39:-9.34;1.4:-9.34;1.42:-9.29,1.41:-9.28;1.42:-9.28;1.41:-9.27;1.43:-9.26;1.41:-9.23;1.44:-9.26;1.43:-9.25;1.43:-9.28;1.41:-9.27;1.38:-9.24;1.36:-9.24;1.29:-9.24,1.453094:-9.291008;1.471275:-9.294097;1.484956:-9.296144;1.512764:-9.302031;1.531831:-9.308759;1.564951:-9.280562;1.583664:-9.293972;1.623208:-9.316312;1.641397:-9.324608;1.672683:-9.348698;1.698268:-9.30831;1.715752:-9.301194,sigma3_hotel_seed42,3
HOTEL:biwi_hotel:104:4720,HOTEL,biwi_hotel:104,4720,triu,0.0550453774631023,0.0993284881114959,1.4:-9.36;1.37:-9.31;1.37:-9.32;1.32:-9.34;1.39:-9.34;1.4:-9.34;1.42:-9.29;1.41:-9.28,1.42:-9.28;1.41:-9.27;1.43:-9.26;1.41:-9.23;1.44:-9.26;1.43:-9.25;1.43:-9.28;1.41:-9.27;1.38:-9.24;1.36:-9.24;1.29:-9.24;1.38:-9.28,1.407541:-9.281229;1.407806:-9.280975;1.41117:-9.281589;1.414016:-9.281211;1.41721:-9.278983;1.413257:-9.285497;1.426314:-9.282725;1.43011:-9.287302;1.433299:-9.289746;1.450914:-9.2934;1.457805:-9.302669;1.475946:-9.305701,sigma3_hotel_seed42,3
HOTEL:biwi_hotel:104:4730,HOTEL,biwi_hotel:104,4730,triu,0.052799392491579,0.0684680044651031,1.37:-9.31;1.37:-9.32;1.32:-9.34;1.39:-9.34;1.4:-9.34;1.42:-9.29;1.41:-9.28;1.42:-9.28,1.41:-9.27;1.43:-9.26;1.41:-9.23;1.44:-9.26;1.43:-9.25;1.43:-9.28;1.41:-9.27;1.38:-9.24;1.36:-9.24;1.29:-9.24;1.38:-9.28;1.36:-9.24,1.411298:-9.281182;1.402314:-9.279037;1.398509:-9.282637;1.393235:-9.282096;1.381447:-9.283071;1.36511:-9.287202;1.357441:-9.286066;1.353387:-9.291691;1.342373:-9.288335;1.352171:-9.293588;1.341742:-9.301753;1.344223:-9.306625,sigma3_hotel_seed42,3
HOTEL:biwi_hotel:104:4740,HOTEL,biwi_hotel:104,4740,triu,0.0418269634246826,0.0548721365630626,1.37:-9.32;1.32:-9.34;1.39:-9.34;1.4:-9.34;1.42:-9.29;1.41:-9.28;1.42:-9.28;1.41:-9.27,1.43:-9.26;1.41:-9.23;1.44:-9.26;1.43:-9.25;1.43:-9.28;1.41:-9.27;1.38:-9.24;1.36:-9.24;1.29:-9.24;1.38:-9.28;1.36:-9.24;1.35:-9.26,1.407569:-9.269662;1.414525:-9.271006;1.411744:-9.269957;1.405763:-9.267378;1.405406:-9.267272;1.40157:-9.271397;1.399382:-9.277394;1.403661:-9.274443;1.401404:-9.272181;1.394357:-9.279089;1.404753:-9.275751;1.398043:-9.286511,sigma3_hotel_seed42,3
HOTEL:biwi_hotel:104:4750,HOTEL,biwi_hotel:104,4750,triu,0.140787735581398,0.3367577791213989,1.32:-9.34;1.39:-9.34;1.4:-9.34;1.42:-9.29;1.41:-9.28;1.42:-9.28;1.41:-9.27;1.43:-9.26,1.41:-9.23;1.44:-9.26;1.43:-9.25;1.43:-9.28;1.41:-9.27;1.38:-9.24;1.36:-9.24;1.29:-9.24;1.38:-9.28;1.36:-9.24;1.35:-9.26;1.31:-9.19,1.440999:-9.260641;1.442377:-9.264016;1.458458:-9.263335;1.477605:-9.261095;1.493482:-9.259665;1.487141:-9.267809;1.512657:-9.265705;1.527866:-9.269921;1.537895:-9.264352;1.587424:-9.279024;1.589871:-9.29899;1.629224:-9.297247,sigma3_hotel_seed42,3
HOTEL:biwi_hotel:104:4760,HOTEL,biwi_hotel:104,4760,triu,0.2502775490283966,0.4380146563053131,1.39:-9.34;1.4:-9.34;1.42:-9.29;1.41:-9.28;1.42:-9.28;1.41:-9.27;1.43:-9.26;1.41:-9.23,1.44:-9.26;1.43:-9.25;1.43:-9.28;1.41:-9.27;1.38:-9.24;1.36:-9.24;1.29:-9.24;1.38:-9.28;1.36:-9.24;1.35:-9.26;1.31:-9.19;1.3:-9.18,1.371388:-9.2294;1.335413:-9.222166;1.290181:-9.229525;1.240283:-9.229714;1.185987:-9.232399;1.156649:-9.225505;1.094255:-9.224623;1.052072:-9.226222;1.002266:-9.228106;0.9512438:-9.232014;0.9262488:-9.20759;0.8629485:-9.209032,sigma3_hotel_seed42,3
HOTEL:biwi_hotel:104:4770,HOTEL,biwi_hotel:104,4770,triu,0.3767156302928924,0.7445659637451172,1.4:-9.34;1.42:-9.29;1.41:-9.28;1.42:-9.28;1.41:-9.27;1.43:-9.26;1.41:-9.23;1.44:-9.26,1.43:-9.25;1.43:-9.28;1.41:-9.27;1.38:-9.24;1.36:-9.24;1.29:-9.24;1.38:-9.28;1.36:-9.24;1.35:-9.26;1.31:-9.19;1.3:-9.18;1.3:-9.18,1.475662:-9.258715;1.524747:-9.253677;1.552397:-9.265407;1.594272:-9.266726;1.632593:-9.266255;1.700791:-9.266026;1.750394:-9.267827;1.808896:-9.283798;1.844972:-9.293819;1.882358:-9.306653;1.978133:-9.279924;2.03498:-9.299093,sigma3_hotel_seed42,3
HOTEL:biwi_hotel:104:4780,HOTEL,biwi_hotel:104,4780,triu,0.0486941784620285,0.0902643799781799,1.42:-9.29;1.41:-9.28;1.42:-9.28;1.41:-9.27;1.43:-9.26;1.41:-9.23;1.44:-9.26;1.43:-9.25,1.43:-9.28;1.41:-9.27;1.38:-9.24;1.36:-9.24;1.29:-9.24;1.38:-9.28;1.36:-9.24;1.35:-9.26;1.31:-9.19;1.3:-9.18;1.3:-9.18;1.3:-9.18,1.416818:-9.250021;1.419635:-9.249847;1.411027:-9.252481;1.386466:-9.249933;1.367459:-9.255349;1.365475:-9.251295;1.345035:-9.261563;1.3332:-9.254354;1.316663:-9.260348;1.286102:-9.262659;1.295694:-9.247541;1.264664:-9.263061,sigma3_hotel_seed42,3
HOTEL:biwi_hotel:104:4790,HOTEL,biwi_hotel:104,4790,triu,0.1436824351549148,0.3129462301731109,1.41:-9.28;1.42:-9.28;1.41:-9.27;1.43:-9.26;1.41:-9.23;1.44:-9.26;1.43:-9.25;1.43:-9.28,1.41:-9.27;1.38:-9.24;1.36:-9.24;1.29:-9.24;1.38:-9.28;1.36:-9.24;1.35:-9.26;1.31:-9.19;1.3:-9.18;1.3:-9.18;1.3:-9.18;1.3:-9.18,1.420548:-9.282361;1.383399:-9.278944;1.348113:-9.279618;1.333121:-9.292792;1.27708:-9.297837;1.242753:-9.260431;1.194525:-9.270657;1.17874:-9.304827;1.137416:-9.299773;1.116692:-9.318091;1.056441:-9.274441;0.9980028:-9.262055,sigma3_hotel_seed42,3
HOTEL:biwi_hotel:104:4800,HOTEL,biwi_hotel:104,4800,triu,0.071162573993206,0.1195488348603248,1.42:-9.28;1.41:-9.27;1.43:-9.26;1.41:-9.23;1.44:-9.26;1.43:-9.25;1.43:-9.28;1.41:-9.27,1.38:-9.24;1.36:-9.24;1.29:-9.24;1.38:-9.28;1.36:-9.24;1.35:-9.26;1.31:-9.19;1.3:-9.18;1.3:-9.18;1.3:-9.18;1.3:-9.18;1.3:-9.18,1.399949:-9.269723;1.399941:-9.269028;1.389996:-9.271473;1.372608:-9.268697;1.354643:-9.273032;1.342882:-9.272211;1.318895:-9.281228;1.313129:-9.278169;1.29583:-9.273747;1.273972:-9.279922;1.271564:-9.271164;1.244491:-9.285881,sigma3_hotel_seed42,3
HOTEL:biwi_hotel:104:4810,HOTEL,biwi_hotel:104,4810,triu,0.1891682595014572,0.3958746194839477,1.41:-9.27;1.43:-9.26;1.41:-9.23;1.44:-9.26;1.43:-9.25;1.43:-9.28;1.41:-9.27;1.38:-9.24,1.36:-9.24;1.29:-9.24;1.38:-9.28;1.36:-9.24;1.35:-9.26;1.31:-9.19;1.3:-9.18;1.3:-9.18;1.3:-9.18;1.3:-9.18;1.3:-9.18;1.3:-9.18,1.357078:-9.238828;1.31821:-9.23584;1.284075:-9.240583;1.255949:-9.240241;1.210597:-9.250144;1.168386:-9.232916;1.103702:-9.241323;1.083326:-9.251993;1.034658:-9.237692;1.014776:-9.257089;0.9583623:-9.234924;0.9071108:-9.228527,sigma3_hotel_seed42,3
HOTEL:biwi_hotel:104:4820,HOTEL,biwi_hotel:104,4820,triu,0.0598763711750507,0.0979572162032127,1.43:-9.26;1.41:-9.23;1.44:-9.26;1.43:-9.25;1.43:-9.28;1.41:-9.27;1.38:-9.24;1.36:-9.24,1.29:-9.24;1.38:-9.28;1.36:-9.24;1.35:-9.26;1.31:-9.19;1.3:-9.18;1.3:-9.18;1.3:-9.18;1.3:-9.18;1.3:-9.18;1.3:-9.18;1.33:-9.25,1.348784:-9.240192;1.352834:-9.241105;1.34373:-9.240808;1.323817:-9.237427;1.312914:-9.241187;1.309639:-9.238242;1.293345:-9.247252;1.286798:-9.241552;1.277679:-9.245749;1.250452:-9.246389;1.25639:-9.235218;1.232072:-9.247595,sigma3_hotel_seed42,3
HOTEL:biwi_hotel:105:4430,HOTEL,biwi_hotel:105,4430,triu,0.0773748457431793,0.1574793308973312,1.37:-8.27;1.37:-8.27;1.37:-8.27;1.37:-8.27;1.37:-8.27;1.37:-8.27;1.37:-8.27;1.37:-8.27,1.37:-8.27;1.37:-8.27;1.37:-8.27;1.37:-8.27;1.37:-8.27;1.37:-8.27;1.37:-8.27;1.37:-8.27;1.37:-8.27;1.37:-8.27;1.37:-8.27;1.37:-8.27,1.359628:-8.270133;1.356927:-8.270241;1.344226:-8.270205;1.328757:-8.266161;1.317427:-8.268557;1.300833:-8.269745;1.277773:-8.27584;1.274125:-8.274138;1.262066:-8.268045;1.243878:-8.272236;1.233856:-8.269789;1.212805:-8.279462,sigma3_hotel_seed42,3
HOTEL:biwi_hotel:105:4440,HOTEL,biwi_hotel:105,4440,triu,0.0773748457431793,0.1574793308973312,1.37:-8.27;1.37:-8.27;1.37:-8.27;1.37:-8.27;1.37:-8.27;1.37:-8.27;1.37:-8.27;1.37:-8.27,1.37:-8.27;1.37:-8.27;1.37:-8.27;1.37:-8.27;1.37:-8.27;1.37:-8.27;1.37:-8.27;1.37:-8.27;1.37:-8.27;1.37:-8.27;1.37:-8.27;1.37:-8.27,1.359628:-8.270133;1.356927:-8.270241;1.344226:-8.270205;1.328757:-8.266161;1.317427:-8.268557;1.300833:-8.269745;1.277773:-8.27584;1.274125:-8.274138;1.262066:-8.268045;1.243878:-8.272236;1.233856:-8.269789;1.212805:-8.279462,sigma3_hotel_seed42,3
HOTEL:biwi_hotel:105:4450,HOTEL,biwi_hotel:105,4450,triu,0.0773748457431793,0.1574793308973312,1.37:-8.27;1.37:-8.27;1.37:-8.27;1.37:-8.27;1.37:-8.27;1.37:-8.27;1.37:-8.27;1.37:-8.27,1.37:-8.27;1.37:-8.27;1.37:-8.27;1.37:-8.27;1.37:-8.27;1.37:-8.27;1.37:-8.27;1.37:-8.27;1.37:-8.27;1.37:-8.27;1.37:-8.27;1.37:-8.27,1.359628:-8.270133;1.356927:-8.270241;1.344226:-8.270205;1.328757:-8.266161;1.317427:-8.268557;1.300833:-8.269745;1.277773:-8.27584;1.274125:-8.274138;1.262066:-8.268045;1.243878:-8.272236;1.233856:-8.269789;1.212805:-8.279462,sigma3_hotel_seed42,3
HOTEL:biwi_hotel:105:4460,HOTEL,biwi_hotel:105,4460,triu,0.0773748457431793,0.1574793308973312,1.37:-8.27;1.37:-8.27;1.37:-8.27;1.37:-8.27;1.37:-8.27;1.37:-8.27;1.37:-8.27;1.37:-8.27,1.37:-8.27;1.37:-8.27;1.37:-8.27;1.37:-8.27;1.37:-8.27;1.37:-8.27;1.37:-8.27;1.37:-8.27;1.37:-8.27;1.37:-8.27;1.37:-8.27;1.37:-8.27,1.359628:-8.270133;1.356927:-8.270241;1.344226:-8.270205;1.328757:-8.266161;1.317427:-8.268557;1.300833:-8.269745;1.277773:-8.27584;1.274125:-8.274138;1.262066:-8.268045;1.243878:-8.272236;1.233856:-8.269789;1.212805:-8.279462,sigma3_hotel_seed42,3
HOTEL:biwi_hotel:105:4470,HOTEL,biwi_hotel:105,4470,triu,0.0773748457431793,0.1574793308973312,1.37:-8.27;1.37:-8.27;1.37:-8.27;1.37:-8.27;1.37:-8.27;1.37:-8.27;1.37:-8.27;1.37:-8.27,1.37:-8.27;1.37:-8.27;1.37:-8.27;1.37:-8.27;1.37:-8.27;1.37:-8.27;1.37:-8.27;1.37:-8.27;1.37:-8.27;1.37:-8.27;1.37:-8.27;1.37:-8.27,1.359628:-8.270133;1.356927:-8.270241;1.344226:-8.270205;1.328757:-8.266161;1.317427:-8.268557;1.300833:-8.269745;1.277773:-8.27584;1.274125:-8.274138;1.262066:-8.268045;1.243878:-8.272236;1.233856:-8.269789;1.212805:-8.279462,sigma3_hotel_seed42,3
HOTEL:biwi_hotel:105:4480,HOTEL,biwi_hotel:105,4480,triu,0.0773748457431793,0.1574793308973312,1.37:-8.27;1.37:-8.27;1.37:-8.27;1.37:-8.27;1.37:-8.27;1.37:-8.27;1.37:-8.27;1.37:-8.27,1.37:-8.27;1.37:-8.27;1.37:-8.27;1.37:-8.27;1.37:-8.27;1.37:-8.27;1.37:-8.27;1.37:-8.27;1.37:-8.27;1.37:-8.27;1.37:-8.27;1.37:-8.27,1.359628:-8.270133;1.356927:-8.270241;1.344226:-8.270205;1.328757:-8.266161;1.317427:-8.268557;1.300833:-8.269745;1.277773:-8.27584;1.274125:-8.274138;1.262066:-8.268045;1.243878:-8.272236;1.233856:-8.269789;1.212805:-8.279462,sigma3_hotel_seed42,3
HOTEL:biwi_hotel:105:4490,HOTEL,biwi_hotel:105,4490,triu,0.0773748457431793,0.1574793308973312,1.37:-8.27;1.37:-8.27;1.37:-8.27;1.37:-8.27;1.37:-8.27;1.37:-8.27;1.37:-8.27;1.37:-8.27,1.37:-8.27;1.37:-8.27;1.37:-8.27;1.37:-8.27;1.37:-8.27;1.37:-8.27;1.37:-8.27;1.37:-8.27;1.37:-8.27;1.37:-8.27;1.37:-8.27;1.37:-8.27,1.359628:-8.270133;1.356927:-8.270241;1.344226:-8.270205;1.328757:-8.266161;1.317427:-8.268557;1.300833:-8.269745;1.277773:-8.27584;1.274125:-8.274138;1.262066:-8.268045;1.243878:-8.272236;1.233856:-8.269789;1.212805:-8.279462,sigma3_hotel_seed42,3
HOTEL:biwi_hotel:105:4500,HOTEL,biwi_hotel:105,4500,triu,0.0773748457431793,0.1574793308973312,1.37:-8.27;1.37:-8.27;1.37:-8.27;1.37:-8.27;1.37:-8.27;1.37:-8.27;1.37:-8.27;1.37:-8.27,1.37:-8.27;1.37:-8.27;1.37:-8.27;1.37:-8.27;1.37:-8.27;1.37:-8.27;1.37:-8.27;1.37:-8.27;1.37:-8.27;1.37:-8.27;1.37:-8.27;1.37:-8.27,1.359628:-8.270133;1.356927:-8.270241;1.344226:-8.270205;1.328757:-8.266161;1.317427:-8.268557;1.300833:-8.269745;1.277773:-8.27584;1.274125:-8.274138;1.262066:-8.268045;1.243878:-8.272236;1.233856:-8.269789;1.212805:-8.279462,sigma3_hotel_seed42,3
HOTEL:biwi_hotel:105:4510,HOTEL,biwi_hotel:105,4510,triu,0.0773748457431793,0.1574793308973312,1.37:-8.27;1.37:-8.27;1.37:-8.27;1.37:-8.27;1.37:-8.27;1.37:-8.27;1.37:-8.27;1.37:-8.27,1.37:-8.27;1.37:-8.27;1.37:-8.27;1.37:-8.27;1.37:-8.27;1.37:-8.27;1.37:-8.27;1.37:-8.27;1.37:-8.27;1.37:-8.27;1.37:-8.27;1.37:-8.27,1.359628:-8.270133;1.356927:-8.270241;1.344226:-8.270205;1.328757:-8.266161;1.317427:-8.268557;1.300833:-8.269745;1.277773:-8.27584;1.274125:-8.274138;1.262066:-8.268045;1.243878:-8.272236;1.233856:-8.269789;1.212805:-8.279462,sigma3_hotel_seed42,3
HOTEL:biwi_hotel:105:4520,HOTEL,biwi_hotel:105,4520,triu,0.0773748457431793,0.1574793308973312,1.37:-8.27;1.37:-8.27;1.37:-8.27;1.37:-8.27;1.37:-8.27;1.37:-8.27;1.37:-8.27;1.37:-8.27,1.37:-8.27;1.37:-8.27;1.37:-8.27;1.37:-8.27;1.37:-8.27;1.37:-8.27;1.37:-8.27;1.37:-8.27;1.37:-8.27;1.37:-8.27;1.37:-8.27;1.37:-8.27,1.359628:-8.270133;1.356927:-8.270241;1.344226:-8.270205;1.328757:-8.266161;1.317427:-8.268557;1.300833:-8.269745;1.277773:-8.27584;1.274125:-8.274138;1.262066:-8.268045;1.243878:-8.272236;1.233856:-8.269789;1.212805:-8.279462,sigma3_hotel_seed42,3
HOTEL:biwi_hotel:105:4530,HOTEL,biwi_hotel:105,4530,triu,0.0773748457431793,0.1574793308973312,1.37:-8.27;1.37:-8.27;1.37:-8.27;1.37:-8.27;1.37:-8.27;1.37:-8.27;1.37:-8.27;1.37:-8.27,1.37:-8.27;1.37:-8.27;1.37:-8.27;1.37:-8.27;1.37:-8.27;1.37:-8.27;1.37:-8.27;1.37:-8.27;1.37:-8.27;1.37:-8.27;1.37:-8.27;1.37:-8.27,1.359628:-8.270133;1.356927:-8.270241;1.344226:-8.270205;1.328757:-8.266161;1.317427:-8.268557;1.300833:-8.269745;1.277773:-8.27584;1.274125:-8.274138;1.262066:-8.268045;1.243878:-8.272236;1.233856:-8.269789;1.212805:-8.279462,sigma3_hotel_seed42,3
HOTEL:biwi_hotel:105:4540,HOTEL,biwi_hotel:105,4540,triu,0.0773748457431793,0.1574793308973312,1.37:-8.27;1.37:-8.27;1.37:-8.27;1.37:-8.27;1.37:-8.27;1.37:-8.27;1.37:-8.27;1.37:-8.27,1.37:-8.27;1.37:-8.27;1.37:-8.27;1.37:-8.27;1.37:-8.27;1.37:-8.27;1.37:-8.27;1.37:-8.27;1.37:-8.27;1.37:-8.27;1.37:-8.27;1.37:-8.27,1.359628:-8.270133;1.356927:-8.270241;1.344226:-8.270205;1.328757:-8.266161;1.317427:-8.268557;1.300833:-8.269745;1.277773:-8.27584;1.274125:-8.274138;1.262066:-8.268045;1.243878:-8.272236;1.233856:-8.269789;1.212805:-8.279462,sigma3_hotel_seed42,3
HOTEL:biwi_hotel:105:4550,HOTEL,biwi_hotel:105,4550,triu,0.0773748457431793,0.1574793308973312,1.37:-8.27;1.37:-8.27;1.37:-8.27;1.37:-8.27;1.37:-8.27;1.37:-8.27;1.37:-8.27;1.37:-8.27,1.37:-8.27;1.37:-8.27;1.37:-8.27;1.37:-8.27;1.37:-8.27;1.37:-8.27;1.37:-8.27;1.37:-8.27;1.37:-8.27;1.37:-8.27;1.37:-8.27;1.37:-8.27,1.359628:-8.270133;1.356927:-8.270241;1.344226:-8.270205;1.328757:-8.266161;1.317427:-8.268557;1.300833:-8.269745;1.277773:-8.27584;1.274125:-8.274138;1.262066:-8.268045;1.243878:-8.272236;1.233856:-8.269789;1.212805:-8.279462,sigma3_hotel_seed42,3
HOTEL:biwi_hotel:105:4560,HOTEL,biwi_hotel:105,4560,triu,0.0773748457431793,0.1574793308973312,1.37:-8.27;1.37:-8.27;1.37:-8.27;1.37:-8.27;1.37:-8.27;1.37:-8.27;1.37:-8.27;1.37:-8.27,1.37:-8.27;1.37:-8.27;1.37:-8.27;1.37:-8.27;1.37:-8.27;1.37:-8.27;1.37:-8.27;1.37:-8.27;1.37:-8.27;1.37:-8.27;1.37:-8.27;1.37:-8.27,1.359628:-8.270133;1.356927:-8.270241;1.344226:-8.270205;1.328757:-8.266161;1.317427:-8.268557;1.300833:-8.269745;1.277773:-8.27584;1.274125:-8.274138;1.262066:-8.268045;1.243878:-8.272236;1.233856:-8.269789;1.212805:-8.279462,sigma3_hotel_seed42,3
HOTEL:biwi_hotel:105:4570,HOTEL,biwi_hotel:105,4570,triu,0.0752438381314277,0.1319072693586349,1.37:-8.27;1.37:-8.27;1.37:-8.27;1.37:-8.27;1.37:-8.27;1.37:-8.27;1.37:-8.27;1.37:-8.27,1.37:-8.27;1.37:-8.27;1.37:-8.27;1.37:-8.27;1.37:-8.27;1.37:-8.27;1.37:-8.27;1.37:-8.27;1.37:-8.27;1.37:-8.27;1.37:-8.27;1.33:-8.34,1.359628:-8.270133;1.356927:-8.270241;1.344226:-8.270205;1.328757:-8.266161;1.317427:-8.268557;1.300833:-8.269745;1.277773:-8.27584;1.274125:-8.274138;1.262066:-8.268045;1.243878:-8.272236;1.233856:-8.269789;1.212805:-8.279462,sigma3_hotel_seed42,3
HOTEL:biwi_hotel:105:4580,HOTEL,biwi_hotel:105,4580,triu,0.0772280767560005,0.1728104799985885,1.37:-8.27;1.37:-8.27;1.37:-8.27;1.37:-8.27;1.37:-8.27;1.37:-8.27;1.37:-8.27;1.37:-8.27,1.37:-8.27;1.37:-8.27;1.37:-8.27;1.37:-8.27;1.37:-8.27;1.37:-8.27;1.37:-8.27;1.37:-8.27;1.37:-8.27;1.37:-8.27;1.33:-8.34;1.36:-8.37,1.359628:-8.270133;1.356927:-8.270241;1.344226:-8.270205;1.328757:-8.266161;1.317427:-8.268557;1.300833:-8.269745;1.277773:-8.27584;1.274125:-8.274138;1.262066:-8.268045;1.243878:-8.272236;1.233856:-8.269789;1.212805:-8.279462,sigma3_hotel_seed42,3
HOTEL:biwi_hotel:105:4590,HOTEL,biwi_hotel:105,4590,triu,0.0784800350666046,0.1623377352952957,1.37:-8.27;1.37:-8.27;1.37:-8.27;1.37:-8.27;1.37:-8.27;1.37:-8.27;1.37:-8.27;1.37:-8.27,1.37:-8.27;1.37:-8.27;1.37:-8.27;1.37:-8.27;1.37:-8.27;1.37:-8.27;1.37:-8.27;1.37:-8.27;1.37:-8.27;1.33:-8.34;1.36:-8.37;1.37:-8.32,1.359628:-8.270133;1.356927:-8.270241;1.344226:-8.270205;1.328757:-8.266161;1.317427:-8.268557;1.300833:-8.269745;1.277773:-8.27584;1.274125:-8.274138;1.262066:-8.268045;1.243878:-8.272236;1.233856:-8.269789;1.212805:-8.279462,sigma3_hotel_seed42,3
HOTEL:biwi_hotel:105:4600,HOTEL,biwi_hotel:105,4600,triu,0.0794865190982818,0.1571957767009735,1.37:-8.27;1.37:-8.27;1.37:-8.27;1.37:-8.27;1.37:-8.27;1.37:-8.27;1.37:-8.27;1.37:-8.27,1.37:-8.27;1.37:-8.27;1.37:-8.27;1.37:-8.27;1.37:-8.27;1.37:-8.27;1.37:-8.27;1.37:-8.27;1.33:-8.34;1.36:-8.37;1.37:-8.32;1.37:-8.28,1.359628:-8.270133;1.356927:-8.270241;1.344226:-8.270205;1.328757:-8.266161;1.317427:-8.268557;1.300833:-8.269745;1.277773:-8.27584;1.274125:-8.274138;1.262066:-8.268045;1.243878:-8.272236;1.233856:-8.269789;1.212805:-8.279462,sigma3_hotel_seed42,3
HOTEL:biwi_hotel:105:4610,HOTEL,biwi_hotel:105,4610,triu,0.0801189169287681,0.1574793308973312,1.37:-8.27;1.37:-8.27;1.37:-8.27;1.37:-8.27;1.37:-8.27;1.37:-8.27;1.37:-8.27;1.37:-8.27,1.37:-8.27;1.37:-8.27;1.37:-8.27;1.37:-8.27;1.37:-8.27;1.37:-8.27;1.37:-8.27;1.33:-8.34;1.36:-8.37;1.37:-8.32;1.37:-8.28;1.37:-8.27,1.359628:-8.270133;1.356927:-8.270241;1.344226:-8.270205;1.328757:-8.266161;1.317427:-8.268557;1.300833:-8.269745;1.277773:-8.27584;1.274125:-8.274138;1.262066:-8.268045;1.243878:-8.272236;1.233856:-8.269789;1.212805:-8.279462,sigma3_hotel_seed42,3
HOTEL:biwi_hotel:105:4620,HOTEL,biwi_hotel:105,4620,triu,0.0803006067872047,0.1574793308973312,1.37:-8.27;1.37:-8.27;1.37:-8.27;1.37:-8.27;1.37:-8.27;1.37:-8.27;1.37:-8.27;1.37:-8.27,1.37:-8.27;1.37:-8.27;1.37:-8.27;1.37:-8.27;1.37:-8.27;1.37:-8.27;1.33:-8.34;1.36:-8.37;1.37:-8.32;1.37:-8.28;1.37:-8.27;1.37:-8.27,1.359628:-8.270133;1.356927:-8.270241;1.344226:-8.270205;1.328757:-8.266161;1.317427:-8.268557;1.300833:-8.269745;1.277773:-8.27584;1.274125:-8.274138;1.262066:-8.268045;1.243878:-8.272236;1.233856:-8.269789;1.212805:-8.279462,sigma3_hotel_seed42,3
HOTEL:biwi_hotel:105:4630,HOTEL,biwi_hotel:105,4630,triu,0.0815795734524726,0.1574793308973312,1.37:-8.27;1.37:-8.27;1.37:-8.27;1.37:-8.27;1.37:-8.27;1.37:-8.27;1.37:-8.27;1.37:-8.27,1.37:-8.27;1.37:-8.27;1.37:-8.27;1.37:-8.27;1.37:-8.27;1.33:-8.34;1.36:-8.37;1.37:-8.32;1.37:-8.28;1.37:-8.27;1.37:-8.27;1.37:-8.27,1.359628:-8.270133;1.356927:-8.270241;1.344226:-8.270205;1.328757:-8.266161;1.317427:-8.268557;1.300833:-8.269745;1.277773:-8.27584;1.274125:-8.274138;1.262066:-8.268045;1.243878:-8.272236;1.233856:-8.269789;1.212805:-8.279462,sigma3_hotel_seed42,3
HOTEL:biwi_hotel:105:4640,HOTEL,biwi_hotel:105,4640,triu,0.0838019475340843,0.1574793308973312,1.37:-8.27;1.37:-8.27;1.37:-8.27;1.37:-8.27;1.37:-8.27;1.37:-8.27;1.37:-8.27;1.37:-8.27,1.37:-8.27;1.37:-8.27;1.37:-8.27;1.37:-8.27;1.33:-8.34;1.36:-8.37;1.37:-8.32;1.37:-8.28;1.37:-8.27;1.37:-8.27;1.37:-8.27;1.37:-8.27,1.359628:-8.270133;1.356927:-8.270241;1.344226:-8.270205;1.328757:-8.266161;1.317427:-8.268557;1.300833:-8.269745;1.277773:-8.27584;1.274125:-8.274138;1.262066:-8.268045;1.243878:-8.272236;1.233856:-8.269789;1.212805:-8.279462,sigma3_hotel_seed42,3
HOTEL:biwi_hotel:105:4650,HOTEL,biwi_hotel:105,4650,triu,0.0862154737114906,0.1574793308973312,1.37:-8.27;1.37:-8.27;1.37:-8.27;1.37:-8.27;1.37:-8.27;1.37:-8.27;1.37:-8.27;1.37:-8.27,1.37:-8.27;1.37:-8.27;1.37:-8.27;1.33:-8.34;1.36:-8.37;1.37:-8.32;1.37:-8.28;1.37:-8.27;1.37:-8.27;1.37:-8.27;1.37:-8.27;1.37:-8.27,1.359628:-8.270133;1.356927:-8.270241;1.344226:-8.270205;1.328757:-8.266161;1.317427:-8.268557;1.300833:-8.269745;1.277773:-8.27584;1.274125:-8.274138;1.262066:-8.268045;1.243878:-8.272236;1.233856:-8.269789;1.212805:-8.279462,sigma3_hotel_seed42,3
HOTEL:biwi_hotel:105:4660,HOTEL,biwi_hotel:105,4660,triu,0.0868940353393554,0.1375207304954528,1.37:-8.27;1.37:-8.27;1.37:-8.27;1.37:-8.27;1.37:-8.27;1.37:-8.27;1.37:-8.27;1.37:-8.27,1.37:-8.27;1.37:-8.27;1.33:-8.34;1.36:-8.37;1.37:-8.32;1.37:-8.28;1.37:-8.27;1.37:-8.27;1.37:-8.27;1.37:-8.27;1.37:-8.27;1.35:-8.27,1.359628:-8.270133;1.356927:-8.270241;1.344226:-8.270205;1.328757:-8.266161;1.317427:-8.268557;1.300833:-8.269745;1.277773:-8.27584;1.274125:-8.274138;1.262066:-8.268045;1.243878:-8.272236;1.233856:-8.269789;1.212805:-8.279462,sigma3_hotel_seed42,3
HOTEL:biwi_hotel:105:4670,HOTEL,biwi_hotel:105,4670,triu,0.086097128689289,0.1175761893391609,1.37:-8.27;1.37:-8.27;1.37:-8.27;1.37:-8.27;1.37:-8.27;1.37:-8.27;1.37:-8.27;1.37:-8.27,1.37:-8.27;1.33:-8.34;1.36:-8.37;1.37:-8.32;1.37:-8.28;1.37:-8.27;1.37:-8.27;1.37:-8.27;1.37:-8.27;1.37:-8.27;1.35:-8.27;1.33:-8.27,1.359628:-8.270133;1.356927:-8.270241;1.344226:-8.270205;1.328757:-8.266161;1.317427:-8.268557;1.300833:-8.269745;1.277773:-8.27584;1.274125:-8.274138;1.262066:-8.268045;1.243878:-8.272236;1.233856:-8.269789;1.212805:-8.279462,sigma3_hotel_seed42,3
HOTEL:biwi_hotel:105:4680,HOTEL,biwi_hotel:105,4680,triu,0.057715356349945,0.0482098534703254,1.37:-8.27;1.37:-8.27;1.37:-8.27;1.37:-8.27;1.37:-8.27;1.37:-8.27;1.37:-8.27;1.37:-8.27,1.33:-8.34;1.36:-8.37;1.37:-8.32;1.37:-8.28;1.37:-8.27;1.37:-8.27;1.37:-8.27;1.37:-8.27;1.37:-8.27;1.35:-8.27;1.33:-8.27;1.33:-8.27,1.35881:-8.27131;1.356979:-8.272651;1.342895:-8.269248;1.329755:-8.263483;1.331462:-8.262522;1.320813:-8.265012;1.309637:-8.264401;1.3075:-8.264142;1.309116:-8.265705;1.294295:-8.261572;1.288284:-8.265246;1.281887:-8.26695,sigma3_hotel_seed42,3
HOTEL:biwi_hotel:105:4690,HOTEL,biwi_hotel:105,4690,triu,0.3295998275279999,0.5738314390182495,1.37:-8.27;1.37:-8.27;1.37:-8.27;1.37:-8.27;1.37:-8.27;1.37:-8.27;1.37:-8.27;1.33:-8.34,1.36:-8.37;1.37:-8.32;1.37:-8.28;1.37:-8.27;1.37:-8.27;1.37:-8.27;1.37:-8.27;1.37:-8.27;1.35:-8.27;1.33:-8.27;1.33:-8.27;1.33:-8.34,1.291482:-8.343055;1.241728:-8.343916;1.193618:-8.332542;1.15813:-8.340305;1.099954:-8.335787;1.056052:-8.31197;1.015113:-8.30256;0.9703245:-8.325176;0.9194994:-8.346657;0.8723562:-8.334596;0.816397:-8.319744;0.758234:-8.291357,sigma3_hotel_seed42,3
HOTEL:biwi_hotel:105:4700,HOTEL,biwi_hotel:105,4700,triu,0.3377827703952789,0.6474983096122742,1.37:-8.27;1.37:-8.27;1.37:-8.27;1.37:-8.27;1.37:-8.27;1.37:-8.27;1.33:-8.34;1.36:-8.37,1.37:-8.32;1.37:-8.28;1.37:-8.27;1.37:-8.27;1.37:-8.27;1.37:-8.27;1.37:-8.27;1.35:-8.27;1.33:-8.27;1.33:-8.27;1.33:-8.34;1.35:-8.28,1.399735:-8.366479;1.457203:-8.363204;1.488143:-8.375607;1.531362:-8.374487;1.570378:-8.376418;1.643281:-8.377624;1.691186:-8.385809;1.755092:-8.394819;1.788431:-8.399018;1.822597:-8.419183;1.930761:-8.387715;1.98305:-8.416019,sigma3_hotel_seed42,3
HOTEL:biwi_hotel:105:4710,HOTEL,biwi_hotel:105,4710,triu,0.1378266960382461,0.2681507468223572,1.37:-8.27;1.37:-8.27;1.37:-8.27;1.37:-8.27;1.37:-8.27;1.33:-8.34;1.36:-8.37;1.37:-8.32,1.37:-8.28;1.37:-8.27;1.37:-8.27;1.37:-8.27;1.37:-8.27;1.37:-8.27;1.35:-8.27;1.33:-8.27;1.33:-8.27;1.33:-8.34;1.35:-8.28;1.35:-8.27,1.359122:-8.315282;1.341524:-8.310526;1.310539:-8.316436;1.292755:-8.316998;1.261002:-8.321697;1.249406:-8.30954;1.203274:-8.320326;1.201969:-8.328051;1.160686:-8.315206;1.134632:-8.343589;1.131194:-8.298306;1.083652:-8.30104,sigma3_hotel_seed42,3
HOTEL:biwi_hotel:105:4720,HOTEL,biwi_hotel:105,4720,triu,0.3344298303127289,0.6703507900238037,1.37:-8.27;1.37:-8.27;1.37:-8.27;1.37:-8.27;1.33:-8.34;1.36:-8.37;1.37:-8.32;1.37:-8.28,1.37:-8.27;1.37:-8.27;1.37:-8.27;1.37:-8.27;1.37:-8.27;1.35:-8.27;1.33:-8.27;1.33:-8.27;1.33:-8.34;1.35:-8.28;1.35:-8.27;1.38:-8.35,1.323551:-8.276336;1.274345:-8.265203;1.214744:-8.272408;1.165062:-8.274432;1.097403:-8.274752;1.058955:-8.266356;0.9855414:-8.265769;0.9444509:-8.274309;0.8775913:-8.266509;0.8223109:-8.278758;0.7905991:-8.242064;0.7183143:-8.242565,sigma3_hotel_seed42,3
HOTEL:biwi_hotel:105:4730,HOTEL,biwi_hotel:105,4730,triu,0.0961738526821136,0.1725372821092605,1.37:-8.27;1.37:-8.27;1.37:-8.27;1.33:-8.34;1.36:-8.37;1.37:-8.32;1.37:-8.28;1.37:-8.27,1.37:-8.27;1.37:-8.27;1.37:-8.27;1.37:-8.27;1.35:-8.27;1.33:-8.27;1.33:-8.27;1.33:-8.34;1.35:-8.28;1.35:-8.27;1.38:-8.35;1.35:-8.28,1.351011:-8.273548;1.336326:-8.271435;1.325859:-8.277056;1.302924:-8.275677;1.283017:-8.281446;1.268303:-8.275969;1.246089:-8.274259;1.226686:-8.278844;1.214142:-8.289182;1.206519:-8.282829;1.187548:-8.287743;1.177698:-8.289002,sigma3_hotel_seed42,3
HOTEL:biwi_hotel:105:4740,HOTEL,biwi_hotel:105,4740,triu,0.1531317383050918,0.3102773427963257,1.37:-8.27;1.37:-8.27;1.33:-8.34;1.36:-8.37;1.37:-8.32;1.37:-8.28;1.37:-8.27;1.37:-8.27,1.37:-8.27;1.37:-8.27;1.37:-8.27;1.35:-8.27;1.33:-8.27;1.33:-8.27;1.33:-8.34;1.35:-8.28;1.35:-8.27;1.38:-8.35;1.35:-8.28;1.35:-8.27,1.350739:-8.271292;1.327386:-8.269701;1.307496:-8.27514;1.280576:-8.273477;1.248734:-8.282577;1.220269:-8.27165;1.174935:-8.277439;1.155285:-8.281942;1.125528:-8.27912;1.109847:-8.286052;1.073031:-8.278698;1.039864:-8.279374,sigma3_hotel_seed42,3
HOTEL:biwi_hotel:105:4750,HOTEL,biwi_hotel:105,4750,triu,0.0887470245361328,0.1824965924024582,1.37:-8.27;1.33:-8.34;1.36:-8.37;1.37:-8.32;1.37:-8.28;1.37:-8.27;1.37:-8.27;1.37:-8.27,1.37:-8.27;1.37:-8.27;1.35:-8.27;1.33:-8.27;1.33:-8.27;1.33:-8.34;1.35:-8.28;1.35:-8.27;1.38:-8.35;1.35:-8.28;1.35:-8.27;1.35:-8.27,1.355127:-8.271975;1.342789:-8.275542;1.331506:-8.272838;1.310612:-8.266476;1.302131:-8.272956;1.27599:-8.267985;1.248763:-8.274501;1.238289:-8.271564;1.228323:-8.270796;1.217169:-8.270724;1.184332:-8.278026;1.16767:-8.277802,sigma3_hotel_seed42,3
HOTEL:biwi_hotel:105:4760,HOTEL,biwi_hotel:105,4760,triu,0.0310442391782999,0.0253882370889186,1.33:-8.34;1.36:-8.37;1.37:-8.32;1.37:-8.28;1.37:-8.27;1.37:-8.27;1.37:-8.27;1.37:-8.27,1.37:-8.27;1.35:-8.27;1.33:-8.27;1.33:-8.27;1.33:-8.34;1.35:-8.28;1.35:-8.27;1.38:-8.35;1.35:-8.28;1.35:-8.27;1.35:-8.27;1.35:-8.27,1.35833:-8.274289;1.341705:-8.275531;1.345543:-8.275767;1.339799:-8.274785;1.338145:-8.277068;1.322252:-8.275609;1.329461:-8.269252;1.317943:-8.276023;1.319674:-8.288059;1.347463:-8.283412;1.324561:-8.305369;1.348453:-8.295341,sigma3_hotel_seed42,3
HOTEL:biwi_hotel:105:4770,HOTEL,biwi_hotel:105,4770,triu,0.0725353360176086,0.149724006652832,1.36:-8.37;1.37:-8.32;1.37:-8.28;1.37:-8.27;1.37:-8.27;1.37:-8.27;1.37:-8.27;1.37:-8.27,1.35:-8.27;1.33:-8.27;1.33:-8.27;1.33:-8.34;1.35:-8.28;1.35:-8.27;1.38:-8.35;1.35:-8.28;1.35:-8.27;1.35:-8.27;1.35:-8.27;1.35:-8.27,1.368652:-8.271648;1.369189:-8.26886;1.376022:-8.271811;1.38503:-8.274039;1.387996:-8.269145;1.389072:-8.278834;1.413189:-8.270768;1.418006:-8.280212;1.423377:-8.285176;1.451055:-8.287387;1.466207:-8.299365;1.49622:-8.302205,sigma3_hotel_seed42,3
HOTEL:biwi_hotel:105:4780,HOTEL,biwi_hotel:105,4780,triu,0.3069321811199188,0.5721973180770874,1.37:-8.32;1.37:-8.28;1.37:-8.27;1.37:-8.27;1.37:-8.27;1.37:-8.27;1.37:-8.27;1.35:-8.27,1.33:-8.27;1.33:-8.27;1.33:-8.34;1.35:-8.28;1.35:-8.27;1.38:-8.35;1.35:-8.28;1.35:-8.27;1.35:-8.27;1.35:-8.27;1.35:-8.27;1.33:-8.29,1.312401:-8.268786;1.270137:-8.258463;1.220517:-8.267323;1.177307:-8.270276;1.114154:-8.271918;1.075842:-8.264812;1.006946:-8.262635;0.9682257:-8.273115;0.9099852:-8.264944;0.863481:-8.273911;0.8260754:-8.246937;0.7593774:-8.247579,sigma3_hotel_seed42,3
HOTEL:biwi_hotel:105:4790,HOTEL,biwi_hotel:105,4790,triu,0.1226727068424224,0.1650222837924957,1.37:-8.28;1.37:-8.27;1.37:-8.27;1.37:-8.27;1.37:-8.27;1.37:-8.27;1.35:-8.27;1.33:-8.27,1.33:-8.27;1.33:-8.34;1.35:-8.28;1.35:-8.27;1.38:-8.35;1.35:-8.28;1.35:-8.27;1.35:-8.27;1.35:-8.27;1.35:-8.27;1.33:-8.29;1.31:-8.29,1.304742:-8.272552;1.302585:-8.270172;1.28277:-8.270503;1.251944:-8.266903;1.237797:-8.268467;1.24262:-8.262586;1.226813:-8.260783;1.207206:-8.259877;1.202897:-8.280978;1.161162:-8.262338;1.169815:-8.251482;1.148328:-8.256917,sigma3_hotel_seed42,3
HOTEL:biwi_hotel:105:4800,HOTEL,biwi_hotel:105,4800,triu,0.0461942143738269,0.098660409450531,1.37:-8.27;1.37:-8.27;1.37:-8.27;1.37:-8.27;1.37:-8.27;1.35:-8.27;1.33:-8.27;1.33:-8.27,1.33:-8.34;1.35:-8.28;1.35:-8.27;1.38:-8.35;1.35:-8.28;1.35:-8.27;1.35:-8.27;1.35:-8.27;1.35:-8.27;1.33:-8.29;1.31:-8.29;1.23:-8.23,1.325632:-8.27053;1.330002:-8.272209;1.320314:-8.268891;1.313832:-8.260913;1.321636:-8.25973;1.31997:-8.261699;1.316721:-8.260739;1.320781:-8.259445;1.328084:-8.259475;1.319102:-8.257807;1.323299:-8.258718;1.323612:-8.261154,sigma3_hotel_seed42,3
HOTEL:biwi_hotel:105:4810,HOTEL,biwi_hotel:105,4810,triu,0.0896479561924934,0.1782378256320953,1.37:-8.27;1.37:-8.27;1.37:-8.27;1.37:-8.27;1.35:-8.27;1.33:-8.27;1.33:-8.27;1.33:-8.34,1.35:-8.28;1.35:-8.27;1.38:-8.35;1.35:-8.28;1.35:-8.27;1.35:-8.27;1.35:-8.27;1.35:-8.27;1.33:-8.29;1.31:-8.29;1.23:-8.23;1.17:-8.26,1.351941:-8.337618;1.357639:-8.341142;1.352145:-8.342191;1.359505:-8.34662;1.351186:-8.356482;1.365077:-8.323847;1.347746:-8.347506;1.372519:-8.361857;1.357954:-8.357832;1.355166:-8.394464;1.364575:-8.334552;1.332778:-8.33261,sigma3_hotel_seed42,3
HOTEL:biwi_hotel:105:4820,HOTEL,biwi_hotel:105,4820,triu,0.0501753352582454,0.1046407148241996,1.37:-8.27;1.37:-8.27;1.37:-8.27;1.35:-8.27;1.33:-8.27;1.33:-8.27;1.33:-8.34;1.35:-8.28,1.35:-8.27;1.38:-8.35;1.35:-8.28;1.35:-8.27;1.35:-8.27;1.35:-8.27;1.35:-8.27;1.33:-8.29;1.31:-8.29;1.23:-8.23;1.17:-8.26;1.13:-8.22,1.365005:-8.279699;1.358024:-8.281135;1.345194:-8.281459;1.349155:-8.290425;1.322358:-8.298558;1.322113:-8.261653;1.297423:-8.280528;1.309111:-8.304226;1.285316:-8.301187;1.278037:-8.330872;1.264044:-8.275238;1.222531:-8.268864,sigma3_hotel_seed42,3
HOTEL:biwi_hotel:106:4430,HOTEL,biwi_hotel:106,4430,triu,1.597176194190979,2.9467570781707764,2.59:-9.52;2.62:-9.36;2.61:-9.17;2.53:-8.93;2.48:-8.74;2.49:-8.47;2.51:-8.26;2.46:-8.03,2.35:-7.78;2.3:-7.57;2.29:-7.32;2.29:-7.11;2.19:-6.82;2.05:-6.54;2.1:-6.27;2.15:-6.07;2.11:-5.76;2.03:-5.49;2.04:-5.28;2.1:-5.03,2.423465:-8.038677;2.388328:-8.050283;2.349842:-8.039498;2.309758:-8.02575;2.281024:-8.021552;2.246229:-8.019765;2.208639:-7.972953;2.149994:-7.979925;2.112008:-8.030861;2.062449:-7.980919;2.022369:-8.028066;1.990393:-7.974718,sigma3_hotel_seed42,3
HOTEL:biwi_hotel:106:4440,HOTEL,biwi_hotel:106,4440,triu,1.8389514684677124,3.428877592086792,2.62:-9.36;2.61:-9.17;2.53:-8.93;2.48:-8.74;2.49:-8.47;2.51:-8.26;2.46:-8.03;2.35:-7.78,2.3:-7.57;2.29:-7.32;2.29:-7.11;2.19:-6.82;2.05:-6.54;2.1:-6.27;2.15:-6.07;2.11:-5.76;2.03:-5.49;2.04:-5.28;2.1:-5.03;2.12:-4.83,2.150667:-7.788074;1.960162:-7.789299;1.778197:-7.770813;1.588427:-7.741041;1.406508:-7.725377;1.211477:-7.717805;1.047451:-7.635886;0.8302159:-7.647446;0.6673249:-7.701823;0.4822441:-7.60407;0.274133:-7.689515;0.1284876:-7.621251,sigma3_hotel_seed42,3
HOTEL:biwi_hotel:106:4450,HOTEL,biwi_hotel:106,4450,triu,1.6476463079452517,3.001479387283325,2.61:-9.17;2.53:-8.93;2.48:-8.74;2.49:-8.47;2.51:-8.26;2.46:-8.03;2.35:-7.78;2.3:-7.57,2.29:-7.32;2.29:-7.11;2.19:-6.82;2.05:-6.54;2.1:-6.27;2.15:-6.07;2.11:-5.76;2.03:-5.49;2.04:-5.28;2.1:-5.03;2.12:-4.83;2.03:-4.55,2.218921:-7.577856;2.141651:-7.586876;2.064238:-7.573814;1.983973:-7.555047;1.923225:-7.546813;1.848631:-7.547765;1.779961:-7.490086;1.681231:-7.495478;1.612681:-7.548645;1.53046:-7.488089;1.451525:-7.545093;1.394956:-7.48353,sigma3_hotel_seed42,3
HOTEL:biwi_hotel:106:4460,HOTEL,biwi_hotel:106,4460,triu,1.6538037061691284,2.9549543857574463,2.53:-8.93;2.48:-8.74;2.49:-8.47;2.51:-8.26;2.46:-8.03;2.35:-7.78;2.3:-7.57;2.29:-7.32,2.29:-7.11;2.19:-6.82;2.05:-6.54;2.1:-6.27;2.15:-6.07;2.11:-5.76;2.03:-5.49;2.04:-5.28;2.1:-5.03;2.12:-4.83;2.03:-4.55;1.98:-4.34,2.292753:-7.329432;2.292409:-7.35276;2.290217:-7.342934;2.281072:-7.321542;2.293026:-7.325551;2.289609:-7.327765;2.274644:-7.279826;2.242956:-7.275352;2.228775:-7.330647;2.214504:-7.288842;2.205896:-7.349381;2.202544:-7.286562,sigma3_hotel_seed42,3
HOTEL:biwi_hotel:106:4470,HOTEL,biwi_hotel:106,4470,triu,1.6914170980453491,2.9404096603393555,2.48:-8.74;2.49:-8.47;2.51:-8.26;2.46:-8.03;2.35:-7.78;2.3:-7.57;2.29:-7.32;2.29:-7.11,2.19:-6.82;2.05:-6.54;2.1:-6.27;2.15:-6.07;2.11:-5.76;2.03:-5.49;2.04:-5.28;2.1:-5.03;2.12:-4.83;2.03:-4.55;1.98:-4.34;2.02:-4.14,2.287712:-7.119041;2.284586:-7.135351;2.276428:-7.125033;2.266407:-7.113019;2.267059:-7.111825;2.26179:-7.111361;2.24926:-7.070241;2.219327:-7.074216;2.204807:-7.125024;2.182199:-7.083933;2.173203:-7.12889;2.162082:-7.076975,sigma3_hotel_seed42,3
HOTEL:biwi_hotel:106:4480,HOTEL,biwi_hotel:106,4480,triu,1.7740411758422852,3.127668619155884,2.49:-8.47;2.51:-8.26;2.46:-8.03;2.35:-7.78;2.3:-7.57;2.29:-7.32;2.29:-7.11;2.19:-6.82,2.05:-6.54;2.1:-6.27;2.15:-6.07;2.11:-5.76;2.03:-5.49;2.04:-5.28;2.1:-5.03;2.12:-4.83;2.03:-4.55;1.98:-4.34;2.02:-4.14;2.05:-3.98,2.037043:-6.828797;1.887773:-6.842644;1.749137:-6.826071;1.597893:-6.787562;1.475989:-6.780741;1.324236:-6.781774;1.1905:-6.696914;1.010687:-6.694501;0.8818552:-6.756315;0.7448874:-6.669324;0.5811111:-6.768748;0.4790198:-6.684502,sigma3_hotel_seed42,3
HOTEL:biwi_hotel:106:4490,HOTEL,biwi_hotel:106,4490,triu,2.1072843074798584,3.6923036575317374,2.51:-8.26;2.46:-8.03;2.35:-7.78;2.3:-7.57;2.29:-7.32;2.29:-7.11;2.19:-6.82;2.05:-6.54,2.1:-6.27;2.15:-6.07;2.11:-5.76;2.03:-5.49;2.04:-5.28;2.1:-5.03;2.12:-4.83;2.03:-4.55;1.98:-4.34;2.02:-4.14;2.05:-3.98;1.97:-3.74,1.810362:-6.549494;1.578133:-6.555471;1.362418:-6.534033;1.132496:-6.49233;0.9162208:-6.477778;0.6746004:-6.470948;0.4733572:-6.370607;0.2067184:-6.377231;0.009483337:-6.438934;-0.2052653:-6.32335;-0.4662485:-6.439925;-0.637059:-6.354641,sigma3_hotel_seed42,3
HOTEL:biwi_hotel:106:4500,HOTEL,biwi_hotel:106,4500,triu,1.5864537954330444,2.824593305587769,2.46:-8.03;2.35:-7.78;2.3:-7.57;2.29:-7.32;2.29:-7.11;2.19:-6.82;2.05:-6.54;2.1:-6.27,2.15:-6.07;2.11:-5.76;2.03:-5.49;2.04:-5.28;2.1:-5.03;2.12:-4.83;2.03:-4.55;1.98:-4.34;2.02:-4.14;2.05:-3.98;1.97:-3.74;1.85:-3.51,2.151096:-6.281814;2.189857:-6.312899;2.243252:-6.310334;2.273193:-6.275781;2.334105:-6.291077;2.36852:-6.296821;2.395404:-6.242677;2.396176:-6.229895;2.412896:-6.288404;2.454286:-6.255315;2.474098:-6.331326;2.515284:-6.255127,sigma3_hotel_seed42,3
HOTEL:biwi_hotel:106:4510,HOTEL,biwi_hotel:106,4510,triu,1.7201175689697266,3.006303071975708,2.35:-7.78;2.3:-7.57;2.29:-7.32;2.29:-7.11;2.19:-6.82;2.05:-6.54;2.1:-6.27;2.15:-6.07,2.11:-5.76;2.03:-5.49;2.04:-5.28;2.1:-5.03;2.12:-4.83;2.03:-4.55;1.98:-4.34;2.02:-4.14;2.05:-3.98;1.97:-3.74;1.85:-3.51;1.85:-3.31,2.242852:-6.08036;2.328171:-6.100464;2.410007:-6.10236;2.481545:-6.087733;2.562278:-6.097667;2.64199:-6.098852;2.704612:-6.069921;2.759059:-6.071898;2.811948:-6.114201;2.870249:-6.099124;2.943723:-6.130436;2.997844:-6.088545,sigma3_hotel_seed42,3
HOTEL:biwi_hotel:106:4520,HOTEL,biwi_hotel:106,4520,triu,1.4925357103347778,2.6572437286376958,2.3:-7.57;2.29:-7.32;2.29:-7.11;2.19:-6.82;2.05:-6.54;2.1:-6.27;2.15:-6.07;2.11:-5.76,2.03:-5.49;2.04:-5.28;2.1:-5.03;2.12:-4.83;2.03:-4.55;1.98:-4.34;2.02:-4.14;2.05:-3.98;1.97:-3.74;1.85:-3.51;1.85:-3.31;1.91:-3.08,2.044313:-5.768949;1.976286:-5.797544;1.916281:-5.785677;1.839817:-5.741614;1.81198:-5.74753;1.744043:-5.756253;1.669941:-5.680202;1.567924:-5.662221;1.501744:-5.727926;1.443452:-5.665936;1.367755:-5.765454;1.333533:-5.67396,sigma3_hotel_seed42,3
HOTEL:biwi_hotel:106:4530,HOTEL,biwi_hotel:106,4530,triu,1.5694055557250977,2.790095806121826,2.29:-7.32;2.29:-7.11;2.19:-6.82;2.05:-6.54;2.1:-6.27;2.15:-6.07;2.11:-5.76;2.03:-5.49,2.04:-5.28;2.1:-5.03;2.12:-4.83;2.03:-4.55;1.98:-4.34;2.02:-4.14;2.05:-3.98;1.97:-3.74;1.85:-3.51;1.85:-3.31;1.91:-3.08;1.94:-2.92,1.901735:-5.498255;1.776849:-5.51255;1.659732:-5.496715;1.532119:-5.462492;1.435701:-5.455832;1.310424:-5.459141;1.199051:-5.38136;1.045956:-5.378164;0.9377649:-5.438476;0.8216838:-5.361073;0.6882048:-5.450179;0.6042137:-5.369553,sigma3_hotel_seed42,3
HOTEL:biwi_hotel:106:4540,HOTEL,biwi_hotel:106,4540,triu,1.4421554803848269,2.593980073928833,2.29:-7.11;2.19:-6.82;2.05:-6.54;2.1:-6.27;2.15:-6.07;2.11:-5.76;2.03:-5.49;2.04:-5.28,2.1:-5.03;2.12:-4.83;2.03:-4.55;1.98:-4.34;2.02:-4.14;2.05:-3.98;1.97:-3.74;1.85:-3.51;1.85:-3.31;1.91:-3.08;1.94:-2.92;1.89:-2.66,2.047362:-5.289169;2.052277:-5.309491;2.053749:-5.298946;2.051164:-5.283891;2.065241:-5.284758;2.067635:-5.287097;2.061763:-5.24407;2.037738:-5.243226;2.029521:-5.296291;2.017765:-5.257444;2.01703:-5.30845;2.015198:-5.250957,sigma3_hotel_seed42,3
HOTEL:biwi_hotel:106:4550,HOTEL,biwi_hotel:106,4550,triu,1.5251182317733765,2.766031265258789,2.19:-6.82;2.05:-6.54;2.1:-6.27;2.15:-6.07;2.11:-5.76;2.03:-5.49;2.04:-5.28;2.1:-5.03,2.12:-4.83;2.03:-4.55;1.98:-4.34;2.02:-4.14;2.05:-3.98;1.97:-3.74;1.85:-3.51;1.85:-3.31;1.91:-3.08;1.94:-2.92;1.89:-2.66;1.83:-2.43,2.174484:-5.041485;2.237381:-5.069147;2.310449:-5.066504;2.365255:-5.042743;2.43966:-5.055549;2.497839:-5.059405;2.548508:-5.017264;2.575965:-5.010544;2.611906:-5.064214;2.667805:-5.039426;2.713939:-5.096887;2.765439:-5.033052,sigma3_hotel_seed42,3
HOTEL:biwi_hotel:106:4560,HOTEL,biwi_hotel:106,4560,triu,1.5058256387710571,2.710564613342285,2.05:-6.54;2.1:-6.27;2.15:-6.07;2.11:-5.76;2.03:-5.49;2.04:-5.28;2.1:-5.03;2.12:-4.83,2.03:-4.55;1.98:-4.34;2.02:-4.14;2.05:-3.98;1.97:-3.74;1.85:-3.51;1.85:-3.31;1.91:-3.08;1.94:-2.92;1.89:-2.66;1.83:-2.43;1.87:-2.2,2.16909:-4.83957;2.214603:-4.858144;2.251993:-4.847294;2.290508:-4.846284;2.329942:-4.845206;2.369799:-4.845248;2.401985:-4.818115;2.418616:-4.823952;2.441951:-4.871898;2.458034:-4.845077;2.497109:-4.875681;2.514246:-4.83289,sigma3_hotel_seed42,3
HOTEL:biwi_hotel:106:4570,HOTEL,biwi_hotel:106,4570,triu,1.5407471656799316,2.9238803386688232,2.1:-6.27;2.15:-6.07;2.11:-5.76;2.03:-5.49;2.04:-5.28;2.1:-5.03;2.12:-4.83;2.03:-4.55,1.98:-4.34;2.02:-4.14;2.05:-3.98;1.97:-3.74;1.85:-3.51;1.85:-3.31;1.91:-3.08;1.94:-2.92;1.89:-2.66;1.83:-2.43;1.87:-2.2;1.95:-1.97,1.879635:-4.558793;1.732769:-4.573089;1.596502:-4.556639;1.447515:-4.517968;1.328657:-4.511511;1.179506:-4.512856;1.047641:-4.428239;0.8702182:-4.425302;0.7433351:-4.487305;0.6088544:-4.401103;0.4478503:-4.500517;0.3479594:-4.415924,sigma3_hotel_seed42,3
HOTEL:biwi_hotel:106:4580,HOTEL,biwi_hotel:106,4580,triu,1.4331659078598022,2.6807539463043213,2.15:-6.07;2.11:-5.76;2.03:-5.49;2.04:-5.28;2.1:-5.03;2.12:-4.83;2.03:-4.55;1.98:-4.34,2.02:-4.14;2.05:-3.98;1.97:-3.74;1.85:-3.51;1.85:-3.31;1.91:-3.08;1.94:-2.92;1.89:-2.66;1.83:-2.43;1.87:-2.2;1.95:-1.97;1.97:-1.79,1.880636:-4.347435;1.786559:-4.353712;1.692846:-4.339168;1.59701:-4.321407;1.518214:-4.310022;1.426349:-4.310662;1.346636:-4.251073;1.231836:-4.258404;1.150409:-4.310511;1.0522:-4.245822;0.9566147:-4.302671;0.8863831:-4.241982,sigma3_hotel_seed42,3
HOTEL:biwi_hotel:106:4590,HOTEL,biwi_hotel:106,4590,triu,1.4590336084365845,2.6741862297058105,2.11:-5.76;2.03:-5.49;2.04:-5.28;2.1:-5.03;2.12:-4.83;2.03:-4.55;1.98:-4.34;2.02:-4.14,2.05:-3.98;1.97:-3.74;1.85:-3.51;1.85:-3.31;1.91:-3.08;1.94:-2.92;1.89:-2.66;1.83:-2.43;1.87:-2.2;1.95:-1.97;1.97:-1.79;1.88:-1.55,2.079916:-4.150144;2.134348:-4.171789;2.183019:-4.163507;2.228933:-4.156775;2.279791:-4.16036;2.328504:-4.160271;2.364681:-4.13078;2.388222:-4.133452;2.417253:-4.182737;2.444871:-4.157115;2.489862:-4.193787;2.516961:-4.14722,sigma3_hotel_seed42,3
HOTEL:biwi_hotel:106:4600,HOTEL,biwi_hotel:106,4600,triu,1.4994930028915403,2.675670623779297,2.03:-5.49;2.04:-5.28;2.1:-5.03;2.12:-4.83;2.03:-4.55;1.98:-4.34;2.02:-4.14;2.05:-3.98,1.97:-3.74;1.85:-3.51;1.85:-3.31;1.91:-3.08;1.94:-2.92;1.89:-2.66;1.83:-2.43;1.87:-2.2;1.95:-1.97;1.97:-1.79;1.88:-1.55;1.83:-1.36,2.093825:-3.988632;2.132309:-4.002501;2.161174:-3.99455;2.195019:-3.996507;2.221358:-3.996605;2.256134:-3.989195;2.278268:-3.969621;2.295611:-3.981935;2.312858:-4.02174;2.323009:-4.001031;2.353329:-4.016358;2.360745:-3.982503,sigma3_hotel_seed42,3
HOTEL:biwi_hotel:106:4610,HOTEL,biwi_hotel:106,4610,triu,1.509698748588562,2.7484631538391118,2.04:-5.28;2.1:-5.03;2.12:-4.83;2.03:-4.55;1.98:-4.34;2.02:-4.14;2.05:-3.98;1.97:-3.74,1.85:-3.51;1.85:-3.31;1.91:-3.08;1.94:-2.92;1.89:-2.66;1.83:-2.43;1.87:-2.2;1.95:-1.97;1.97:-1.79;1.88:-1.55;1.83:-1.36;1.87:-1.16,1.850268:-3.747305;1.736118:-3.755221;1.624986:-3.738809;1.509373:-3.716137;1.415607:-3.703986;1.302326:-3.70661;1.206585:-3.639426;1.069324:-3.643312;0.971747:-3.697794;0.8585244:-3.626966;0.7416157:-3.695237;0.6591994:-3.62739,sigma3_hotel_seed42,3
HOTEL:biwi_hotel:106:4620,HOTEL,biwi_hotel:106,4620,triu,1.794514775276184,3.257045030593872,2.1:-5.03;2.12:-4.83;2.03:-4.55;1.98:-4.34;2.02:-4.14;2.05:-3.98;1.97:-3.74;1.85:-3.51,1.85:-3.31;1.91:-3.08;1.94:-2.92;1.89:-2.66;1.83:-2.43;1.87:-2.2;1.95:-1.97;1.97:-1.79;1.88:-1.55;1.83:-1.36;1.87:-1.16;1.92:-0.95,1.658153:-3.518269;1.474405:-3.519775;1.299711:-3.499581;1.118788:-3.473658;0.946292:-3.455717;0.7577435:-3.451223;0.6050702:-3.370116;0.3948567:-3.382037;0.2402494:-3.437183;0.06326318:-3.341158;-0.1369133:-3.425663;-0.2756625:-3.355703,sigma3_hotel_seed42,3
HOTEL:biwi_hotel:106:4630,HOTEL,biwi_hotel:106,4630,triu,1.4159117937088013,2.6038639545440674,2.12:-4.83;2.03:-4.55;1.98:-4.34;2.02:-4.14;2.05:-3.98;1.97:-3.74;1.85:-3.51;1.85:-3.31,1.91:-3.08;1.94:-2.92;1.89:-2.66;1.83:-2.43;1.87:-2.2;1.95:-1.97;1.97:-1.79;1.88:-1.55;1.83:-1.36;1.87:-1.16;1.92:-0.95;1.91:-0.68,1.840336:-3.31892;1.830001:-3.33563;1.815598:-3.325299;1.798352:-3.310701;1.795408:-3.309756;1.78373:-3.310148;1.764886:-3.266015;1.727893:-3.268466;1.708068:-3.320331;1.681014:-3.277317;1.66546:-3.32604;1.651563:-3.271007,sigma3_hotel_seed42,3
HOTEL:biwi_hotel:106:4640,HOTEL,biwi_hotel:106,4640,triu,1.538646221160889,2.871156930923462,2.03:-4.55;1.98:-4.34;2.02:-4.14;2.05:-3.98;1.97:-3.74;1.85:-3.51;1.85:-3.31;1.91:-3.08,1.94:-2.92;1.89:-2.66;1.83:-2.43;1.87:-2.2;1.95:-1.97;1.97:-1.79;1.88:-1.55;1.83:-1.36;1.87:-1.16;1.92:-0.95;1.91:-0.68;1.83:-0.41,2.00975:-3.090539;2.0997:-3.112605;2.192999:-3.117456;2.26891:-3.095215;2.36091:-3.109088;2.446321:-3.112247;2.516967:-3.07864;2.574818:-3.076214;2.631258:-3.119322;2.70255:-3.106221;2.779073:-3.144163;2.844529:-3.09594,sigma3_hotel_seed42,3
HOTEL:biwi_hotel:106:4650,HOTEL,biwi_hotel:106,4650,triu,1.5328097343444824,2.774841785430908,1.98:-4.34;2.02:-4.14;2.05:-3.98;1.97:-3.74;1.85:-3.51;1.85:-3.31;1.91:-3.08;1.94:-2.92,1.89:-2.66;1.83:-2.43;1.87:-2.2;1.95:-1.97;1.97:-1.79;1.88:-1.55;1.83:-1.36;1.87:-1.16;1.92:-0.95;1.91:-0.68;1.83:-0.41;1.77:-0.23,1.999016:-2.929266;2.052636:-2.944988;2.095092:-2.938003;2.14135:-2.939572;2.180328:-2.941;2.228372:-2.934641;2.260933:-2.915758;2.290056:-2.92687;2.318173:-2.967582;2.338758:-2.948171;2.38308:-2.965168;2.399946:-2.93239,sigma3_hotel_seed42,3
HOTEL:biwi_hotel:106:4660,HOTEL,biwi_hotel:106,4660,triu,1.4613155126571655,2.611208200454712,2.02:-4.14;2.05:-3.98;1.97:-3.74;1.85:-3.51;1.85:-3.31;1.91:-3.08;1.94:-2.92;1.89:-2.66,1.83:-2.43;1.87:-2.2;1.95:-1.97;1.97:-1.79;1.88:-1.55;1.83:-1.36;1.87:-1.16;1.92:-0.95;1.91:-0.68;1.83:-0.41;1.77:-0.23;1.77:-0.06,1.820339:-2.668652;1.751754:-2.684628;1.68581:-2.673146;1.612022:-2.645433;1.565168:-2.643874;1.498121:-2.645354;1.42949:-2.582686;1.334749:-2.581103;1.270283:-2.638391;1.200502:-2.577678;1.125754:-2.648605;1.079838:-2.57835,sigma3_hotel_seed42,3
HOTEL:biwi_hotel:106:4670,HOTEL,biwi_hotel:106,4670,triu,1.573090434074402,2.786906480789185,2.05:-3.98;1.97:-3.74;1.85:-3.51;1.85:-3.31;1.91:-3.08;1.94:-2.92;1.89:-2.66;1.83:-2.43,1.87:-2.2;1.95:-1.97;1.97:-1.79;1.88:-1.55;1.83:-1.36;1.87:-1.16;1.92:-0.95;1.91:-0.68;1.83:-0.41;1.77:-0.23;1.77:-0.06;1.81:0.13,1.706715:-2.437641;1.588553:-2.446272;1.4747:-2.430483;1.354964:-2.405078;1.25765:-2.394511;1.14028:-2.395994;1.038842:-2.326519;0.8967798:-2.329913;0.7952714:-2.385426;0.6797558:-2.312191;0.5564886:-2.384645;0.4722142:-2.314826,sigma3_hotel_seed42,3
HOTEL:biwi_hotel:106:4680,HOTEL,biwi_hotel:106,4680,triu,1.417047142982483,2.5611891746521,1.97:-3.74;1.85:-3.51;1.85:-3.31;1.91:-3.08;1.94:-2.92;1.89:-2.66;1.83:-2.43;1.87:-2.2,1.95:-1.97;1.97:-1.79;1.88:-1.55;1.83:-1.36;1.87:-1.16;1.92:-0.95;1.91:-0.68;1.83:-0.41;1.77:-0.23;1.77:-0.06;1.81:0.13;1.8:0.35,1.907948:-2.210344;1.939857:-2.235489;1.970692:-2.227453;1.993429:-2.209552;2.031727:-2.216115;2.058294:-2.217623;2.072205:-2.176413;2.070608:-2.172945;2.08106:-2.22673;2.095454:-2.193179;2.115469:-2.247995;2.133421:-2.189394,sigma3_hotel_seed42,3
HOTEL:biwi_hotel:106:4690,HOTEL,biwi_hotel:106,4690,triu,1.56193745136261,2.792549133300781,1.85:-3.51;1.85:-3.31;1.91:-3.08;1.94:-2.92;1.89:-2.66;1.83:-2.43;1.87:-2.2;1.95:-1.97,1.97:-1.79;1.88:-1.55;1.83:-1.36;1.87:-1.16;1.92:-0.95;1.91:-0.68;1.83:-0.41;1.77:-0.23;1.77:-0.06;1.81:0.13;1.8:0.35;1.77:0.54,2.057765:-1.981815;2.152012:-2.009034;2.257627:-2.01375;2.339653:-1.985535;2.441637:-2.00299;2.529086:-2.008152;2.607278:-1.967911;2.664416:-1.960993;2.724062:-2.008523;2.808647:-1.993337;2.882525:-2.046088;2.958077:-1.987212,sigma3_hotel_seed42,3
HOTEL:biwi_hotel:106:4700,HOTEL,biwi_hotel:106,4700,triu,1.4571175575256348,2.535829305648804,1.85:-3.31;1.91:-3.08;1.94:-2.92;1.89:-2.66;1.83:-2.43;1.87:-2.2;1.95:-1.97;1.97:-1.79,1.88:-1.55;1.83:-1.36;1.87:-1.16;1.92:-0.95;1.91:-0.68;1.83:-0.41;1.77:-0.23;1.77:-0.06;1.81:0.13;1.8:0.35;1.77:0.54;1.76:0.69,2.013052:-1.799625;2.053046:-1.817678;2.084645:-1.807814;2.116957:-1.804693;2.149674:-1.804697;2.184254:-1.802972;2.208537:-1.774529;2.219753:-1.780947;2.23766:-1.82872;2.247904:-1.799606;2.280123:-1.831565;2.2928:-1.789225,sigma3_hotel_seed42,3
HOTEL:biwi_hotel:106:4710,HOTEL,biwi_hotel:106,4710,triu,1.562084078788757,2.7981724739074707,1.91:-3.08;1.94:-2.92;1.89:-2.66;1.83:-2.43;1.87:-2.2;1.95:-1.97;1.97:-1.79;1.88:-1.55,1.83:-1.36;1.87:-1.16;1.92:-0.95;1.91:-0.68;1.83:-0.41;1.77:-0.23;1.77:-0.06;1.81:0.13;1.8:0.35;1.77:0.54;1.76:0.69;1.82:0.87,1.729393:-1.558112;1.584641:-1.564946;1.446795:-1.548108;1.301755:-1.520059;1.175001:-1.508193;1.028886:-1.50682;0.904408:-1.431155;0.7340577:-1.436925;0.6104069:-1.493146;0.4710552:-1.409891;0.3153501:-1.490355;0.2101784:-1.418721,sigma3_hotel_seed42,3
HOTEL:biwi_hotel:106:4720,HOTEL,biwi_hotel:106,4720,triu,1.4704595804214478,2.6053273677825928,1.94:-2.92;1.89:-2.66;1.83:-2.43;1.87:-2.2;1.95:-1.97;1.97:-1.79;1.88:-1.55;1.83:-1.36,1.87:-1.16;1.92:-0.95;1.91:-0.68;1.83:-0.41;1.77:-0.23;1.77:-0.06;1.81:0.13;1.8:0.35;1.77:0.54;1.76:0.69;1.82:0.87;1.9:1.05,1.72656:-1.367359;1.6287:-1.373095;1.531374:-1.358104;1.432092:-1.340665;1.349283:-1.328494;1.253444:-1.329148;1.171414:-1.269096;1.052901:-1.276826;0.9686142:-1.328782;0.8668635:-1.263136;0.7674901:-1.320106;0.6941769:-1.259485,sigma3_hotel_seed42,3
HOTEL:biwi_hotel:106:4730,HOTEL,biwi_hotel:106,4730,triu,1.4168952703475952,2.397244930267334,1.89:-2.66;1.83:-2.43;1.87:-2.2;1.95:-1.97;1.97:-1.79;1.88:-1.55;1.83:-1.36;1.87:-1.16,1.92:-0.95;1.91:-0.68;1.83:-0.41;1.77:-0.23;1.77:-0.06;1.81:0.13;1.8:0.35;1.77:0.54;1.76:0.69;1.82:0.87;1.9:1.05;1.93:1.21,1.921478:-1.169969;1.968046:-1.19211;2.008625:-1.182976;2.046561:-1.174901;2.090937:-1.178168;2.131675:-1.178333;2.159989:-1.146761;2.175263:-1.148391;2.197724:-1.19854;2.218122:-1.170567;2.255515:-1.21041;2.276973:-1.162002,sigma3_hotel_seed42,3
HOTEL:biwi_hotel:106:4740,HOTEL,biwi_hotel:106,4740,triu,1.449788212776184,2.5025691986083984,1.83:-2.43;1.87:-2.2;1.95:-1.97;1.97:-1.79;1.88:-1.55;1.83:-1.36;1.87:-1.16;1.92:-0.95,1.91:-0.68;1.83:-0.41;1.77:-0.23;1.77:-0.06;1.81:0.13;1.8:0.35;1.77:0.54;1.76:0.69;1.82:0.87;1.9:1.05;1.93:1.21;1.88:1.47,1.986824:-0.9604157;2.045175:-0.9853792;2.106782:-0.9794329;2.156996:-0.963718;2.220324:-0.9717022;2.27358:-0.9744081;2.319001:-0.9385961;2.344046:-0.9351955;2.375895:-0.9864576;2.418359:-0.9623723;2.464791:-1.009287;2.5044:-0.9534228,sigma3_hotel_seed42,3
HOTEL:biwi_hotel:106:4750,HOTEL,biwi_hotel:106,4750,triu,1.286734700202942,2.3226301670074463,1.87:-2.2;1.95:-1.97;1.97:-1.79;1.88:-1.55;1.83:-1.36;1.87:-1.16;1.92:-0.95;1.91:-0.68,1.83:-0.41;1.77:-0.23;1.77:-0.06;1.81:0.13;1.8:0.35;1.77:0.54;1.76:0.69;1.82:0.87;1.9:1.05;1.93:1.21;1.88:1.47;1.85:1.68,1.902225:-0.6895243;1.890921:-0.7151163;1.880225:-0.7042948;1.860246:-0.6784629;1.866298:-0.6830779;1.851343:-0.6868702;1.826992:-0.6332697;1.78237:-0.6253577;1.759334:-0.6832567;1.738691:-0.6376647;1.717995:-0.7077666;1.709744:-0.6383914,sigma3_hotel_seed42,3
HOTEL:biwi_hotel:106:4760,HOTEL,biwi_hotel:106,4760,triu,1.4912595748901367,2.798405170440674,1.95:-1.97;1.97:-1.79;1.88:-1.55;1.83:-1.36;1.87:-1.16;1.92:-0.95;1.91:-0.68;1.83:-0.41,1.77:-0.23;1.77:-0.06;1.81:0.13;1.8:0.35;1.77:0.54;1.76:0.69;1.82:0.87;1.9:1.05;1.93:1.21;1.88:1.47;1.85:1.68;1.88:1.89,1.676158:-0.4189377;1.526001:-0.4319276;1.386698:-0.4159988;1.234792:-0.377501;1.110395:-0.3711556;0.9581323:-0.3706473;0.8227042:-0.2862093;0.6425563:-0.285132;0.5127416:-0.3465799;0.3747548:-0.2588347;0.2090235:-0.3572245;0.10594:-0.2742046,sigma3_hotel_seed42,3
HOTEL:biwi_hotel:106:4770,HOTEL,biwi_hotel:106,4770,triu,1.3670892715454102,2.547214269638061,1.97:-1.79;1.88:-1.55;1.83:-1.36;1.87:-1.16;1.92:-0.95;1.91:-0.68;1.83:-0.41;1.77:-0.23,1.77:-0.06;1.81:0.13;1.8:0.35;1.77:0.54;1.76:0.69;1.82:0.87;1.9:1.05;1.93:1.21;1.88:1.47;1.85:1.68;1.88:1.89;1.91:2.08,1.668409:-0.2365638;1.571625:-0.2381629;1.474189:-0.2232571;1.378902:-0.212685;1.291513:-0.1984725;1.197562:-0.1956506;1.119372:-0.1435643;1.007237:-0.1568549;0.9246166:-0.2029195;0.8229766:-0.1432186;0.7253748:-0.1854158;0.6484642:-0.1328777,sigma3_hotel_seed42,3
HOTEL:biwi_hotel:106:4780,HOTEL,biwi_hotel:106,4780,triu,1.2499505281448364,2.3032257556915283,1.88:-1.55;1.83:-1.36;1.87:-1.16;1.92:-0.95;1.91:-0.68;1.83:-0.41;1.77:-0.23;1.77:-0.06,1.81:0.13;1.8:0.35;1.77:0.54;1.76:0.69;1.82:0.87;1.9:1.05;1.93:1.21;1.88:1.47;1.85:1.68;1.88:1.89;1.91:2.08;1.9:2.26,1.783691:-0.06828076;1.795037:-0.07982557;1.798505:-0.07022611;1.806175:-0.06913564;1.812146:-0.06607442;1.822349:-0.06095814;1.825058:-0.03342447;1.81635:-0.045133;1.814303:-0.08811718;1.802199:-0.05800782;1.808824:-0.08038118;1.801546:-0.04112049,sigma3_hotel_seed42,3
HOTEL:biwi_hotel:106:4790,HOTEL,biwi_hotel:106,4790,triu,1.313233733177185,2.459134578704834,1.83:-1.36;1.87:-1.16;1.92:-0.95;1.91:-0.68;1.83:-0.41;1.77:-0.23;1.77:-0.06;1.81:0.13,1.8:0.35;1.77:0.54;1.76:0.69;1.82:0.87;1.9:1.05;1.93:1.21;1.88:1.47;1.85:1.68;1.88:1.89;1.91:2.08;1.9:2.26;1.83:2.51,1.878536:0.1199175;1.942693:0.1007594;1.995857:0.1089837;2.050411:0.1091348;2.101233:0.1074283;2.157935:0.110003;2.200049:0.1324024;2.23398:0.1250165;2.269751:0.07936149;2.297878:0.1019249;2.352592:0.0759488;2.37858:0.1128346,sigma3_hotel_seed42,3
HOTEL:biwi_hotel:106:4800,HOTEL,biwi_hotel:106,4800,triu,1.2334688901901243,2.31334924697876,1.87:-1.16;1.92:-0.95;1.91:-0.68;1.83:-0.41;1.77:-0.23;1.77:-0.06;1.81:0.13;1.8:0.35,1.77:0.54;1.76:0.69;1.82:0.87;1.9:1.05;1.93:1.21;1.88:1.47;1.85:1.68;1.88:1.89;1.91:2.08;1.9:2.26;1.83:2.51;1.8:2.68,1.818351:0.3406564;1.834722:0.3235148;1.844815:0.3344378;1.854459:0.3412283;1.86922:0.3427503;1.881325:0.3433582;1.887092:0.3784581;1.875349:0.3731882;1.875752:0.3236637;1.867992:0.3593059;1.877469:0.320298;1.876566:0.3679182,sigma3_hotel_seed42,3
HOTEL:biwi_hotel:106:4810,HOTEL,biwi_hotel:106,4810,triu,1.27882182598114,2.384782075881958,1.92:-0.95;1.91:-0.68;1.83:-0.41;1.77:-0.23;1.77:-0.06;1.81:0.13;1.8:0.35;1.77:0.54,1.76:0.69;1.82:0.87;1.9:1.05;1.93:1.21;1.88:1.47;1.85:1.68;1.88:1.89;1.91:2.08;1.9:2.26;1.83:2.51;1.8:2.68;1.79:2.91,1.723914:0.5319731;1.679118:0.5260764;1.63072:0.5370486;1.5848:0.5442387;1.541809:0.5515766;1.4991:0.557301;1.457268:0.5984403;1.395157:0.5845465;1.351351:0.5386374;1.293203:0.5865079;1.244092:0.5525973;1.202033:0.5988359,sigma3_hotel_seed42,3
HOTEL:biwi_hotel:106:4820,HOTEL,biwi_hotel:106,4820,triu,1.3078023195266724,2.392340421676636,1.91:-0.68;1.83:-0.41;1.77:-0.23;1.77:-0.06;1.81:0.13;1.8:0.35;1.77:0.54;1.76:0.69,1.82:0.87;1.9:1.05;1.93:1.21;1.88:1.47;1.85:1.68;1.88:1.89;1.91:2.08;1.9:2.26;1.83:2.51;1.8:2.68;1.79:2.91;1.76:3.1,1.741933:0.6833214;1.71802:0.6768795;1.6912:0.6871843;1.671961:0.6860986;1.646372:0.6908303;1.625017:0.7019306;1.60232:0.7270752;1.569183:0.7102413;1.541947:0.6740355;1.509249:0.7015233;1.479563:0.6889189;1.448291:0.7280536,sigma3_hotel_seed42,3
HOTEL:biwi_hotel:107:4430,HOTEL,biwi_hotel:107,4430,triu,1.8299044370651243,3.412855625152588,3.28:-9.49;3.3:-9.35;3.3:-9.16;3.28:-8.91;3.25:-8.71;3.23:-8.45;3.22:-8.29;3.09:-7.98,3.13:-7.79;3.12:-7.59;3.01:-7.33;2.96:-7.11;2.86:-6.81;2.8:-6.56;2.78:-6.34;2.81:-6.18;2.74:-5.89;2.68:-5.64;2.71:-5.34;2.7:-5.13,2.86743:-7.99035;2.648621:-8.003965;2.449866:-7.984309;2.231864:-7.933829;2.039587:-7.926371;1.812679:-7.921721;1.616609:-7.81663;1.360384:-7.814966;1.173168:-7.882329;0.9787471:-7.768592;0.7294254:-7.89871;0.5768752:-7.802064,sigma3_hotel_seed42,3
HOTEL:biwi_hotel:107:4440,HOTEL,biwi_hotel:107,4440,triu,1.5847059488296509,2.878554344177246,3.3:-9.35;3.3:-9.16;3.28:-8.91;3.25:-8.71;3.23:-8.45;3.22:-8.29;3.09:-7.98;3.13:-7.79,3.12:-7.59;3.01:-7.33;2.96:-7.11;2.86:-6.81;2.8:-6.56;2.78:-6.34;2.81:-6.18;2.74:-5.89;2.68:-5.64;2.71:-5.34;2.7:-5.13;2.71:-4.91,3.136534:-7.799284;3.142065:-7.814751;3.141269:-7.80481;3.13985:-7.795939;3.143275:-7.794785;3.145577:-7.792278;3.139692:-7.755167;3.118253:-7.761763;3.109657:-7.81098;3.091718:-7.771802;3.089692:-7.811682;3.081137:-7.764528,sigma3_hotel_seed42,3
HOTEL:biwi_hotel:107:4450,HOTEL,biwi_hotel:107,4450,triu,1.7123713493347168,2.972177028656006,3.3:-9.16;3.28:-8.91;3.25:-8.71;3.23:-8.45;3.22:-8.29;3.09:-7.98;3.13:-7.79;3.12:-7.59,3.01:-7.33;2.96:-7.11;2.86:-6.81;2.8:-6.56;2.78:-6.34;2.81:-6.18;2.74:-5.89;2.68:-5.64;2.71:-5.34;2.7:-5.13;2.71:-4.91;2.69:-4.74,3.169868:-7.599488;3.216578:-7.617392;3.254164:-7.608227;3.2929:-7.605844;3.332978:-7.606197;3.375283:-7.604945;3.405332:-7.578285;3.424317:-7.584638;3.448077:-7.631864;3.464402:-7.605376;3.505018:-7.634294;3.523239:-7.592989,sigma3_hotel_seed42,3
HOTEL:biwi_hotel:107:4460,HOTEL,biwi_hotel:107,4460,triu,1.8495010137557983,3.4062070846557617,3.28:-8.91;3.25:-8.71;3.23:-8.45;3.22:-8.29;3.09:-7.98;3.13:-7.79;3.12:-7.59;3.01:-7.33,2.96:-7.11;2.86:-6.81;2.8:-6.56;2.78:-6.34;2.81:-6.18;2.74:-5.89;2.68:-5.64;2.71:-5.34;2.7:-5.13;2.71:-4.91;2.69:-4.74;2.68:-4.5,2.790131:-7.337116;2.58142:-7.335895;2.378675:-7.319302;2.167444:-7.285065;1.962711:-7.270698;1.75036:-7.258479;1.562211:-7.175892;1.32796:-7.187722;1.146652:-7.239292;0.940098:-7.138236;0.7143142:-7.22206;0.5505691:-7.158528,sigma3_hotel_seed42,3
HOTEL:biwi_hotel:107:4470,HOTEL,biwi_hotel:107,4470,triu,1.574626326560974,2.820298910140991,3.25:-8.71;3.23:-8.45;3.22:-8.29;3.09:-7.98;3.13:-7.79;3.12:-7.59;3.01:-7.33;2.96:-7.11,2.86:-6.81;2.8:-6.56;2.78:-6.34;2.81:-6.18;2.74:-5.89;2.68:-5.64;2.71:-5.34;2.7:-5.13;2.71:-4.91;2.69:-4.74;2.68:-4.5;2.65:-4.24,2.926269:-7.117644;2.892989:-7.126403;2.855702:-7.113505;2.82124:-7.108204;2.794598:-7.099588;2.762679:-7.098827;2.735013:-7.058964;2.683317:-7.068971;2.650072:-7.115723;2.60382:-7.073225;2.570106:-7.107215;2.537843:-7.058068,sigma3_hotel_seed42,3
HOTEL:biwi_hotel:107:4480,HOTEL,biwi_hotel:107,4480,triu,1.6304317712783811,2.94586181640625,3.23:-8.45;3.22:-8.29;3.09:-7.98;3.13:-7.79;3.12:-7.59;3.01:-7.33;2.96:-7.11;2.86:-6.81,2.8:-6.56;2.78:-6.34;2.81:-6.18;2.74:-5.89;2.68:-5.64;2.71:-5.34;2.7:-5.13;2.71:-4.91;2.69:-4.74;2.68:-4.5;2.65:-4.24;2.65:-4.07,2.720191:-6.819077;2.582609:-6.836363;2.45617:-6.821747;2.315003:-6.778914;2.208763:-6.776408;2.069859:-6.777961;1.941422:-6.692364;1.772449:-6.68623;1.652049:-6.749848;1.528249:-6.665535;1.375998:-6.768827;1.285959:-6.681033,sigma3_hotel_seed42,3
HOTEL:biwi_hotel:107:4490,HOTEL,biwi_hotel:107,4490,triu,1.5739580392837524,2.8353312015533447,3.22:-8.29;3.09:-7.98;3.13:-7.79;3.12:-7.59;3.01:-7.33;2.96:-7.11;2.86:-6.81;2.8:-6.56,2.78:-6.34;2.81:-6.18;2.74:-5.89;2.68:-5.64;2.71:-5.34;2.7:-5.13;2.71:-4.91;2.69:-4.74;2.68:-4.5;2.65:-4.24;2.65:-4.07;2.58:-3.83,2.681441:-6.567908;2.566821:-6.580292;2.457641:-6.565274;2.340077:-6.534806;2.251127:-6.527424;2.137274:-6.53028;2.035356:-6.45754;1.894802:-6.456542;1.795283:-6.514494;1.68586:-6.441411;1.565288:-6.521505;1.48695:-6.44617,sigma3_hotel_seed42,3
HOTEL:biwi_hotel:107:4500,HOTEL,biwi_hotel:107,4500,triu,1.520567536354065,2.7571511268615723,3.09:-7.98;3.13:-7.79;3.12:-7.59;3.01:-7.33;2.96:-7.11;2.86:-6.81;2.8:-6.56;2.78:-6.34,2.81:-6.18;2.74:-5.89;2.68:-5.64;2.71:-5.34;2.7:-5.13;2.71:-4.91;2.69:-4.74;2.68:-4.5;2.65:-4.24;2.65:-4.07;2.58:-3.83;2.49:-3.6,2.803401:-6.349287;2.824668:-6.366842;2.839167:-6.357001;2.852966:-6.349214;2.873495:-6.348988;2.89138:-6.348393;2.899623:-6.313884;2.893288:-6.318473;2.897435:-6.367853;2.894307:-6.333823;2.909436:-6.372005;2.913028:-6.324505,sigma3_hotel_seed42,3
HOTEL:biwi_hotel:107:4510,HOTEL,biwi_hotel:107,4510,triu,1.6339210271835327,2.86235785484314,3.13:-7.79;3.12:-7.59;3.01:-7.33;2.96:-7.11;2.86:-6.81;2.8:-6.56;2.78:-6.34;2.81:-6.18,2.74:-5.89;2.68:-5.64;2.71:-5.34;2.7:-5.13;2.71:-4.91;2.69:-4.74;2.68:-4.5;2.65:-4.24;2.65:-4.07;2.58:-3.83;2.49:-3.6;2.49:-3.4,2.856567:-6.188539;2.898515:-6.202722;2.929984:-6.195047;2.966079:-6.196388;2.996597:-6.196573;3.035141:-6.190335;3.059832:-6.170508;3.080101:-6.181737;3.09999:-6.222003;3.112146:-6.201623;3.147521:-6.217212;3.157866:-6.183352,sigma3_hotel_seed42,3
HOTEL:biwi_hotel:107:4520,HOTEL,biwi_hotel:107,4520,triu,1.5770493745803833,2.8099253177642822,3.12:-7.59;3.01:-7.33;2.96:-7.11;2.86:-6.81;2.8:-6.56;2.78:-6.34;2.81:-6.18;2.74:-5.89,2.68:-5.64;2.71:-5.34;2.7:-5.13;2.71:-4.91;2.69:-4.74;2.68:-4.5;2.65:-4.24;2.65:-4.07;2.58:-3.83;2.49:-3.6;2.49:-3.4;2.53:-3.17,2.62754:-5.898508;2.516481:-5.918716;2.414048:-5.904397;2.297938:-5.863781;2.223085:-5.8622;2.112377:-5.86824;2.007823:-5.787862;1.866261:-5.777714;1.76819:-5.841304;1.668761:-5.767343;1.549684:-5.864699;1.481117:-5.776823,sigma3_hotel_seed42,3
HOTEL:biwi_hotel:107:4530,HOTEL,biwi_hotel:107,4530,triu,1.5841064453125,2.795794725418091,3.01:-7.33;2.96:-7.11;2.86:-6.81;2.8:-6.56;2.78:-6.34;2.81:-6.18;2.74:-5.89;2.68:-5.64,2.71:-5.34;2.7:-5.13;2.71:-4.91;2.69:-4.74;2.68:-4.5;2.65:-4.24;2.65:-4.07;2.58:-3.83;2.49:-3.6;2.49:-3.4;2.53:-3.17;2.56:-3.01,2.558937:-5.648063;2.441494:-5.661061;2.330484:-5.645782;2.210375:-5.614251;2.119544:-5.607199;2.002665:-5.610049;1.898269:-5.535868;1.754278:-5.534267;1.652424:-5.593112;1.541616:-5.518706;1.417291:-5.601542;1.3377:-5.524448,sigma3_hotel_seed42,3
HOTEL:biwi_hotel:107:4540,HOTEL,biwi_hotel:107,4540,triu,1.433840274810791,2.6018176078796387,2.96:-7.11;2.86:-6.81;2.8:-6.56;2.78:-6.34;2.81:-6.18;2.74:-5.89;2.68:-5.64;2.71:-5.34,2.7:-5.13;2.71:-4.91;2.69:-4.74;2.68:-4.5;2.65:-4.24;2.65:-4.07;2.58:-3.83;2.49:-3.6;2.49:-3.4;2.53:-3.17;2.56:-3.01;2.51:-2.77,2.7527:-5.351865;2.782399:-5.384579;2.830367:-5.382575;2.851226:-5.342048;2.909361:-5.35903;2.935435:-5.366232;2.955175:-5.306172;2.94592:-5.289909;2.955574:-5.350501;2.994131:-5.314631;3.004139:-5.399231;3.043982:-5.316432,sigma3_hotel_seed42,3
HOTEL:biwi_hotel:107:4550,HOTEL,biwi_hotel:107,4550,triu,1.3888121843338013,2.5525593757629395,2.86:-6.81;2.8:-6.56;2.78:-6.34;2.81:-6.18;2.74:-5.89;2.68:-5.64;2.71:-5.34;2.7:-5.13,2.71:-4.91;2.69:-4.74;2.68:-4.5;2.65:-4.24;2.65:-4.07;2.58:-3.83;2.49:-3.6;2.49:-3.4;2.53:-3.17;2.56:-3.01;2.51:-2.77;2.45:-2.53,2.671686:-5.138775;2.64395:-5.15284;2.612938:-5.142861;2.579027:-5.126567;2.559556:-5.124714;2.532034:-5.12363;2.498129:-5.076331;2.445632:-5.080617;2.412621:-5.132422;2.370663:-5.084303;2.337676:-5.134285;2.312371:-5.078846,sigma3_hotel_seed42,3
HOTEL:biwi_hotel:107:4560,HOTEL,biwi_hotel:107,4560,triu,1.4430783987045288,2.651015520095825,2.8:-6.56;2.78:-6.34;2.81:-6.18;2.74:-5.89;2.68:-5.64;2.71:-5.34;2.7:-5.13;2.71:-4.91,2.69:-4.74;2.68:-4.5;2.65:-4.24;2.65:-4.07;2.58:-3.83;2.49:-3.6;2.49:-3.4;2.53:-3.17;2.56:-3.01;2.51:-2.77;2.45:-2.53;2.47:-2.3,2.746199:-4.91946;2.779325:-4.938385;2.805382:-4.928327;2.830892:-4.922258;2.861961:-4.922503;2.890675:-4.922462;2.909573:-4.890505;2.91402:-4.89455;2.927259:-4.943805;2.934328:-4.913103;2.960927:-4.9497;2.972092:-4.903034,sigma3_hotel_seed42,3
HOTEL:biwi_hotel:107:4570,HOTEL,biwi_hotel:107,4570,triu,1.4594842195510864,2.650733232498169,2.78:-6.34;2.81:-6.18;2.74:-5.89;2.68:-5.64;2.71:-5.34;2.7:-5.13;2.71:-4.91;2.69:-4.74,2.68:-4.5;2.65:-4.24;2.65:-4.07;2.58:-3.83;2.49:-3.6;2.49:-3.4;2.53:-3.17;2.56:-3.01;2.51:-2.77;2.45:-2.53;2.47:-2.3;2.55:-2.07,2.69804:-4.747106;2.699895:-4.757236;2.696399:-4.746736;2.700156:-4.749395;2.697972:-4.745846;2.699837:-4.737409;2.697973:-4.715455;2.686375:-4.729507;2.678146:-4.766873;2.664676:-4.744351;2.661172:-4.757004;2.646289:-4.718984,sigma3_hotel_seed42,3
HOTEL:biwi_hotel:107:4580,HOTEL,biwi_hotel:107,4580,triu,1.4185587167739868,2.5688469409942627,2.81:-6.18;2.74:-5.89;2.68:-5.64;2.71:-5.34;2.7:-5.13;2.71:-4.91;2.69:-4.74;2.68:-4.5,2.65:-4.24;2.65:-4.07;2.58:-3.83;2.49:-3.6;2.49:-3.4;2.53:-3.17;2.56:-3.01;2.51:-2.77;2.45:-2.53;2.47:-2.3;2.55:-2.07;2.57:-1.89,2.661863:-4.509038;2.641851:-4.530089;2.621472:-4.518257;2.594644:-4.497421;2.590904:-4.497716;2.568822:-4.501609;2.542403:-4.449949;2.49264:-4.446164;2.465273:-4.502147;2.435531:-4.455795;2.409537:-4.518259;2.394039:-4.452813,sigma3_hotel_seed42,3
HOTEL:biwi_hotel:107:4590,HOTEL,biwi_hotel:107,4590,triu,1.3894637823104858,2.585904121398926,2.74:-5.89;2.68:-5.64;2.71:-5.34;2.7:-5.13;2.71:-4.91;2.69:-4.74;2.68:-4.5;2.65:-4.24,2.65:-4.07;2.58:-3.83;2.49:-3.6;2.49:-3.4;2.53:-3.17;2.56:-3.01;2.51:-2.77;2.45:-2.53;2.47:-2.3;2.55:-2.07;2.57:-1.89;2.5:-1.65,2.584027:-4.24871;2.518235:-4.268068;2.456005:-4.256198;2.384114:-4.225271;2.344036:-4.225296;2.278962:-4.228891;2.211635:-4.163718;2.117419:-4.15801;2.054561:-4.21721;1.989388:-4.157078;1.917239:-4.234344;1.875415:-4.159341,sigma3_hotel_seed42,3
HOTEL:biwi_hotel:107:4600,HOTEL,biwi_hotel:107,4600,triu,1.4281435012817385,2.574613094329834,2.68:-5.64;2.71:-5.34;2.7:-5.13;2.71:-4.91;2.69:-4.74;2.68:-4.5;2.65:-4.24;2.65:-4.07,2.58:-3.83;2.49:-3.6;2.49:-3.4;2.53:-3.17;2.56:-3.01;2.51:-2.77;2.45:-2.53;2.47:-2.3;2.55:-2.07;2.57:-1.89;2.5:-1.65;2.45:-1.46,2.639328:-4.078244;2.6283:-4.088014;2.610802:-4.077549;2.596439:-4.073486;2.583593:-4.068405;2.57239:-4.06414;2.557492:-4.030003;2.526462:-4.041716;2.507767:-4.08679;2.47663:-4.048592;2.461583:-4.077545;2.440723:-4.034596,sigma3_hotel_seed42,3
HOTEL:biwi_hotel:107:4610,HOTEL,biwi_hotel:107,4610,triu,1.4749826192855835,2.688417434692383,2.71:-5.34;2.7:-5.13;2.71:-4.91;2.69:-4.74;2.68:-4.5;2.65:-4.24;2.65:-4.07;2.58:-3.83,2.49:-3.6;2.49:-3.4;2.53:-3.17;2.56:-3.01;2.51:-2.77;2.45:-2.53;2.47:-2.3;2.55:-2.07;2.57:-1.89;2.5:-1.65;2.45:-1.46;2.47:-1.25,2.47551:-3.837675;2.375698:-3.845844;2.278159:-3.832458;2.175816:-3.808907;2.094517:-3.800476;1.99736:-3.800534;1.908849:-3.736554;1.787158:-3.741292;1.70004:-3.795227;1.599518:-3.727654;1.496035:-3.792117;1.424669:-3.726867,sigma3_hotel_seed42,3
HOTEL:biwi_hotel:107:4620,HOTEL,biwi_hotel:107,4620,triu,1.6627899408340454,3.031272649765014,2.7:-5.13;2.71:-4.91;2.69:-4.74;2.68:-4.5;2.65:-4.24;2.65:-4.07;2.58:-3.83;2.49:-3.6,2.49:-3.4;2.53:-3.17;2.56:-3.01;2.51:-2.77;2.45:-2.53;2.47:-2.3;2.55:-2.07;2.57:-1.89;2.5:-1.65;2.45:-1.46;2.47:-1.25;2.52:-1.04,2.327546:-3.60779;2.172406:-3.611238;2.023476:-3.592437;1.869603:-3.568963;1.728611:-3.552735;1.571024:-3.55106;1.442514:-3.476492;1.262718:-3.485879;1.131756:-3.540217;0.9803261:-3.454835;0.8147876:-3.530908;0.6985165:-3.462976,sigma3_hotel_seed42,3
HOTEL:biwi_hotel:107:4630,HOTEL,biwi_hotel:107,4630,triu,1.4155787229537964,2.686123847961426,2.71:-4.91;2.69:-4.74;2.68:-4.5;2.65:-4.24;2.65:-4.07;2.58:-3.83;2.49:-3.6;2.49:-3.4,2.53:-3.17;2.56:-3.01;2.51:-2.77;2.45:-2.53;2.47:-2.3;2.55:-2.07;2.57:-1.89;2.5:-1.65;2.45:-1.46;2.47:-1.25;2.52:-1.04;2.58:-0.69,2.498838:-3.409319;2.505611:-3.428281;2.507715:-3.418055;2.506897:-3.405118;2.517527:-3.40572;2.52093:-3.40581;2.51549:-3.365223;2.493396:-3.367093;2.485694:-3.418712;2.472491:-3.379811;2.471983:-3.427122;2.468035:-3.373789,sigma3_hotel_seed42,3
HOTEL:biwi_hotel:107:4640,HOTEL,biwi_hotel:107,4640,triu,1.481991410255432,2.6689767837524414,2.69:-4.74;2.68:-4.5;2.65:-4.24;2.65:-4.07;2.58:-3.83;2.49:-3.6;2.49:-3.4;2.53:-3.17,2.56:-3.01;2.51:-2.77;2.45:-2.53;2.47:-2.3;2.55:-2.07;2.57:-1.89;2.5:-1.65;2.45:-1.46;2.47:-1.25;2.52:-1.04;2.58:-0.69;2.57:-0.59,2.606179:-3.179819;2.674264:-3.202021;2.745552:-3.20034;2.80354:-3.182766;2.876999:-3.191992;2.942172:-3.195427;2.997606:-3.161432;3.03512:-3.158579;3.075276:-3.205697;3.127129:-3.187159;3.186197:-3.22658;3.23506:-3.174788,sigma3_hotel_seed42,3
HOTEL:biwi_hotel:107:4650,HOTEL,biwi_hotel:107,4650,triu,1.4902448654174805,2.618670463562012,2.68:-4.5;2.65:-4.24;2.65:-4.07;2.58:-3.83;2.49:-3.6;2.49:-3.4;2.53:-3.17;2.56:-3.01,2.51:-2.77;2.45:-2.53;2.47:-2.3;2.55:-2.07;2.57:-1.89;2.5:-1.65;2.45:-1.46;2.47:-1.25;2.52:-1.04;2.58:-0.69;2.57:-0.59;2.54:-0.41,2.600534:-3.019171;2.638234:-3.033865;2.666388:-3.024293;2.697979:-3.025231;2.725173:-3.02362;2.758629:-3.019672;2.782444:-2.995432;2.795114:-3.005892;2.812081:-3.05036;2.819187:-3.023473;2.850196:-3.046301;2.85891:-3.009179,sigma3_hotel_seed42,3
HOTEL:biwi_hotel:107:4660,HOTEL,biwi_hotel:107,4660,triu,1.466256022453308,2.6140027046203613,2.65:-4.24;2.65:-4.07;2.58:-3.83;2.49:-3.6;2.49:-3.4;2.53:-3.17;2.56:-3.01;2.51:-2.77,2.45:-2.53;2.47:-2.3;2.55:-2.07;2.57:-1.89;2.5:-1.65;2.45:-1.46;2.47:-1.25;2.52:-1.04;2.58:-0.69;2.57:-0.59;2.54:-0.41;2.5:-0.19,2.444515:-2.778545;2.380949:-2.790971;2.317898:-2.779675;2.249929:-2.757802;2.202089:-2.754061;2.140411:-2.753657;2.07805:-2.696405;1.990692:-2.699704;1.930891:-2.754143;1.861861:-2.695546;1.793066:-2.756241;1.746993:-2.693196,sigma3_hotel_seed42,3
HOTEL:biwi_hotel:107:4670,HOTEL,biwi_hotel:107,4670,triu,1.5923314094543457,2.7716009616851807,2.65:-4.07;2.58:-3.83;2.49:-3.6;2.49:-3.4;2.53:-3.17;2.56:-3.01;2.51:-2.77;2.45:-2.53,2.47:-2.3;2.55:-2.07;2.57:-1.89;2.5:-1.65;2.45:-1.46;2.47:-1.25;2.52:-1.04;2.58:-0.69;2.57:-0.59;2.54:-0.41;2.5:-0.19;2.5:-0.06,2.321866:-2.537921;2.198362:-2.548111;2.080624:-2.53232;1.955309:-2.503632;1.854608:-2.494329;1.731317:-2.495844;1.623658:-2.422958;1.474705:-2.424622;1.368326:-2.481746;1.249783:-2.405876;1.119171:-2.484639;1.0325:-2.411216,sigma3_hotel_seed42,3
HOTEL:biwi_hotel:107:4680,HOTEL,biwi_hotel:107,4680,triu,1.3746474981307983,2.4252853393554688,2.58:-3.83;2.49:-3.6;2.49:-3.4;2.53:-3.17;2.56:-3.01;2.51:-2.77;2.45:-2.53;2.47:-2.3,2.55:-2.07;2.57:-1.89;2.5:-1.65;2.45:-1.46;2.47:-1.25;2.52:-1.04;2.58:-0.69;2.57:-0.59;2.54:-0.41;2.5:-0.19;2.5:-0.06;2.5:0.15,2.484339:-2.309552;2.495149:-2.332699;2.503053:-2.322604;2.505267:-2.30494;2.524681:-2.308389;2.531444:-2.310288;2.527236:-2.266439;2.506493:-2.263429;2.501047:-2.317554;2.494788:-2.279057;2.497121:-2.334644;2.499244:-2.275285,sigma3_hotel_seed42,3
HOTEL:biwi_hotel:107:4690,HOTEL,biwi_hotel:107,4690,triu,1.5011225938796997,2.616918563842773,2.49:-3.6;2.49:-3.4;2.53:-3.17;2.56:-3.01;2.51:-2.77;2.45:-2.53;2.47:-2.3;2.55:-2.07,2.57:-1.89;2.5:-1.65;2.45:-1.46;2.47:-1.25;2.52:-1.04;2.58:-0.69;2.57:-0.59;2.54:-0.41;2.5:-0.19;2.5:-0.06;2.5:0.15;2.51:0.31,2.657895:-2.08181;2.752325:-2.108926;2.857953:-2.113734;2.940087:-2.085567;3.042107:-2.103009;3.12974:-2.108141;3.207943:-2.067981;3.265331:-2.061186;3.325137:-2.108585;3.409694:-2.09345;3.483776:-2.145966;3.559358:-2.087313,sigma3_hotel_seed42,3
HOTEL:biwi_hotel:107:4700,HOTEL,biwi_hotel:107,4700,triu,1.3944066762924194,2.4430360794067383,2.49:-3.4;2.53:-3.17;2.56:-3.01;2.51:-2.77;2.45:-2.53;2.47:-2.3;2.55:-2.07;2.57:-1.89,2.5:-1.65;2.45:-1.46;2.47:-1.25;2.52:-1.04;2.58:-0.69;2.57:-0.59;2.54:-0.41;2.5:-0.19;2.5:-0.06;2.5:0.15;2.51:0.31;2.47:0.53,2.607572:-1.899572;2.642442:-1.91727;2.669091:-1.907686;2.696153:-1.903239;2.724478:-1.903428;2.754393:-1.90136;2.77345:-1.87152;2.779862:-1.877901;2.793634:-1.925852;2.799567:-1.895171;2.826617:-1.928431;2.836187:-1.885436,sigma3_hotel_seed42,3
HOTEL:biwi_hotel:107:4710,HOTEL,biwi_hotel:107,4710,triu,1.4538589715957642,2.5798375606536865,2.53:-3.17;2.56:-3.01;2.51:-2.77;2.45:-2.53;2.47:-2.3;2.55:-2.07;2.57:-1.89;2.5:-1.65,2.45:-1.46;2.47:-1.25;2.52:-1.04;2.58:-0.69;2.57:-0.59;2.54:-0.41;2.5:-0.19;2.5:-0.06;2.5:0.15;2.51:0.31;2.47:0.53;2.43:0.75,2.386109:-1.657785;2.276484:-1.668286;2.171244:-1.653831;2.059058:-1.626224;1.972358:-1.618275;1.864424:-1.61995;1.767446:-1.550673;1.633709:-1.552088;1.538517:-1.608441;1.432056:-1.537375;1.317495:-1.611074;1.241432:-1.539731,sigma3_hotel_seed42,3
HOTEL:biwi_hotel:107:4720,HOTEL,biwi_hotel:107,4720,triu,1.4463200569152832,2.535819292068481,2.56:-3.01;2.51:-2.77;2.45:-2.53;2.47:-2.3;2.55:-2.07;2.57:-1.89;2.5:-1.65;2.45:-1.46,2.47:-1.25;2.52:-1.04;2.58:-0.69;2.57:-0.59;2.54:-0.41;2.5:-0.19;2.5:-0.06;2.5:0.15;2.51:0.31;2.47:0.53;2.43:0.75;2.4:0.95,2.35117:-1.467523;2.257601:-1.473388;2.164343:-1.458973;2.06919:-1.441796;1.989847:-1.430381;1.898486:-1.430416;1.819131:-1.371411;1.705029:-1.37954;1.623974:-1.431423;1.525872:-1.366666;1.430353:-1.422578;1.360009:-1.362747,sigma3_hotel_seed42,3
HOTEL:biwi_hotel:107:4730,HOTEL,biwi_hotel:107,4730,triu,1.3388410806655884,2.4754631519317627,2.51:-2.77;2.45:-2.53;2.47:-2.3;2.55:-2.07;2.57:-1.89;2.5:-1.65;2.45:-1.46;2.47:-1.25,2.52:-1.04;2.58:-0.69;2.57:-0.59;2.54:-0.41;2.5:-0.19;2.5:-0.06;2.5:0.15;2.51:0.31;2.47:0.53;2.43:0.75;2.4:0.95;2.38:1.23,2.495279:-1.259506;2.517252:-1.280526;2.534252:-1.270386;2.548167:-1.258637;2.573394:-1.2604;2.591104:-1.261371;2.59861:-1.223507;2.590458:-1.224051;2.594397:-1.275739;2.594808:-1.241158;2.609297:-1.287196;2.615911:-1.234196,sigma3_hotel_seed42,3
HOTEL:biwi_hotel:107:4740,HOTEL,biwi_hotel:107,4740,triu,1.3864651918411257,2.588228940963745,2.45:-2.53;2.47:-2.3;2.55:-2.07;2.57:-1.89;2.5:-1.65;2.45:-1.46;2.47:-1.25;2.52:-1.04,2.58:-0.69;2.57:-0.59;2.54:-0.41;2.5:-0.19;2.5:-0.06;2.5:0.15;2.51:0.31;2.47:0.53;2.43:0.75;2.4:0.95;2.38:1.23;2.34:1.46,2.57848:-1.050319;2.629164:-1.075376;2.682201:-1.068795;2.724512:-1.052259;2.780998:-1.05982;2.826622:-1.062415;2.863535:-1.024954;2.880881:-1.021222;2.906532:-1.073185;2.941287:-1.046628;2.980334:-1.095842;3.014009:-1.038928,sigma3_hotel_seed42,3
HOTEL:biwi_hotel:107:4750,HOTEL,biwi_hotel:107,4750,triu,1.3288332223892212,2.5551040172576904,2.47:-2.3;2.55:-2.07;2.57:-1.89;2.5:-1.65;2.45:-1.46;2.47:-1.25;2.52:-1.04;2.58:-0.69,2.57:-0.59;2.54:-0.41;2.5:-0.19;2.5:-0.06;2.5:0.15;2.51:0.31;2.47:0.53;2.43:0.75;2.4:0.95;2.38:1.23;2.34:1.46;2.31:1.64,2.667187:-0.7041332;2.732481:-0.7445283;2.833967:-0.7491843;2.8913:-0.6948696;2.994064:-0.7229776;3.053814:-0.7334666;3.114375:-0.666043;3.133402:-0.6415688;3.170424:-0.7053372;3.261962:-0.6766774;3.295533:-0.7783127;3.377505:-0.6814197,sigma3_hotel_seed42,3
HOTEL:biwi_hotel:107:4760,HOTEL,biwi_hotel:107,4760,triu,1.275304675102234,2.410963773727417,2.55:-2.07;2.57:-1.89;2.5:-1.65;2.45:-1.46;2.47:-1.25;2.52:-1.04;2.58:-0.69;2.57:-0.59,2.54:-0.41;2.5:-0.19;2.5:-0.06;2.5:0.15;2.51:0.31;2.47:0.53;2.43:0.75;2.4:0.95;2.38:1.23;2.34:1.46;2.31:1.64;2.33:1.85,2.562531:-0.5941862;2.53741:-0.5987985;2.512753:-0.5924118;2.501341:-0.5981053;2.476671:-0.5982956;2.457101:-0.5774541;2.43113:-0.568723;2.413206:-0.5899114;2.386877:-0.6091347;2.36985:-0.607581;2.335369:-0.5937396;2.301192:-0.5607917,sigma3_hotel_seed42,3
HOTEL:biwi_hotel:107:4770,HOTEL,biwi_hotel:107,4770,triu,1.2926194667816162,2.4136664867401123,2.57:-1.89;2.5:-1.65;2.45:-1.46;2.47:-1.25;2.52:-1.04;2.58:-0.69;2.57:-0.59;2.54:-0.41,2.5:-0.19;2.5:-0.06;2.5:0.15;2.51:0.31;2.47:0.53;2.43:0.75;2.4:0.95;2.38:1.23;2.34:1.46;2.31:1.64;2.33:1.85;2.36:2.04,2.523264:-0.4163701;2.501333:-0.4230626;2.475506:-0.4131359;2.457286:-0.4133512;2.436798:-0.408584;2.418663:-0.3993641;2.397602:-0.3737161;2.367091:-0.3890274;2.342167:-0.4255747;2.311373:-0.399226;2.286712:-0.4115966;2.258679:-0.3715389,sigma3_hotel_seed42,3
HOTEL:biwi_hotel:107:4780,HOTEL,biwi_hotel:107,4780,triu,1.3217284679412842,2.4650096893310547,2.5:-1.65;2.45:-1.46;2.47:-1.25;2.52:-1.04;2.58:-0.69;2.57:-0.59;2.54:-0.41;2.5:-0.19,2.5:-0.06;2.5:0.15;2.51:0.31;2.47:0.53;2.43:0.75;2.4:0.95;2.38:1.23;2.34:1.46;2.31:1.64;2.33:1.85;2.36:2.04;2.36:2.22,2.412932:-0.198113;2.329238:-0.2081842;2.247095:-0.1947154;2.16073:-0.1736401;2.095175:-0.1660056;2.013652:-0.1669046;1.939042:-0.1062085;1.832663:-0.110472;1.7587:-0.1651572;1.672565:-0.1017981;1.585371:-0.1642073;1.525428:-0.09943145,sigma3_hotel_seed42,3
HOTEL:biwi_hotel:107:4790,HOTEL,biwi_hotel:107,4790,triu,1.3860746622085571,2.4856648445129395,2.45:-1.46;2.47:-1.25;2.52:-1.04;2.58:-0.69;2.57:-0.59;2.54:-0.41;2.5:-0.19;2.5:-0.06,2.5:0.15;2.51:0.31;2.47:0.53;2.43:0.75;2.4:0.95;2.38:1.23;2.34:1.46;2.31:1.64;2.33:1.85;2.36:2.04;2.36:2.22;2.45:2.42,2.533193:-0.06618204;2.551337:-0.07735746;2.563626:-0.07143199;2.585361:-0.07642585;2.596984:-0.07771613;2.613291:-0.06398896;2.619623:-0.05422071;2.631034:-0.06981062;2.63548:-0.09485976;2.643518:-0.09328324;2.6516:-0.08951439;2.643192:-0.05814543,sigma3_hotel_seed42,3
HOTEL:biwi_hotel:107:4800,HOTEL,biwi_hotel:107,4800,triu,1.387520670890808,2.4608302116394043,2.47:-1.25;2.52:-1.04;2.58:-0.69;2.57:-0.59;2.54:-0.41;2.5:-0.19;2.5:-0.06;2.5:0.15,2.51:0.31;2.47:0.53;2.43:0.75;2.4:0.95;2.38:1.23;2.34:1.46;2.31:1.64;2.33:1.85;2.36:2.04;2.36:2.22;2.45:2.42;2.47:2.6,2.535152:0.1439618;2.569425:0.1305092;2.591195:0.1397687;2.617712:0.1404194;2.650084:0.1433586;2.684983:0.1431319;2.708033:0.164258;2.723435:0.1592971;2.738267:0.1197375;2.743402:0.1369132;2.784191:0.1245026;2.79262:0.1604095,sigma3_hotel_seed42,3
HOTEL:biwi_hotel:107:4810,HOTEL,biwi_hotel:107,4810,triu,1.4052153825759888,2.495607614517212,2.52:-1.04;2.58:-0.69;2.57:-0.59;2.54:-0.41;2.5:-0.19;2.5:-0.06;2.5:0.15;2.51:0.31,2.47:0.53;2.43:0.75;2.4:0.95;2.38:1.23;2.34:1.46;2.31:1.64;2.33:1.85;2.36:2.04;2.36:2.22;2.45:2.42;2.47:2.6;2.46:2.83,2.511166:0.302693;2.506706:0.2933979;2.497473:0.3038538;2.495023:0.3020071;2.48583:0.3058079;2.481396:0.3150392;2.473862:0.3387491;2.455663:0.3238295;2.442302:0.2858819;2.4229:0.3116;2.411976:0.2970378;2.392608:0.3353024,sigma3_hotel_seed42,3
HOTEL:biwi_hotel:107:4820,HOTEL,biwi_hotel:107,4820,triu,1.3876975774765017,2.477747678756714,2.58:-0.69;2.57:-0.59;2.54:-0.41;2.5:-0.19;2.5:-0.06;2.5:0.15;2.51:0.31;2.47:0.53,2.43:0.75;2.4:0.95;2.38:1.23;2.34:1.46;2.31:1.64;2.33:1.85;2.36:2.04;2.36:2.22;2.45:2.42;2.47:2.6;2.46:2.83;2.46:3.01,2.433571:0.5203509;2.397061:0.5073576;2.359627:0.5192481;2.319222:0.5328032;2.283062:0.5361429;2.24309:0.5408828;2.203536:0.5883855;2.139642:0.580122;2.09821:0.5282237;2.046906:0.5816475;1.997968:0.5293671;1.961498:0.5829177,sigma3_hotel_seed42,3
HOTEL:biwi_hotel:110:4570,HOTEL,biwi_hotel:110,4570,triu,4.279402256011963,7.969052314758301,2.56:2.43;2.45:1.83;2.51:1.23;2.54:0.62;2.56:-0.01;2.66:-0.62;2.63:-1.22;2.8:-1.86,2.87:-2.51;3.04:-3.16;3.19:-3.83;3.17:-4.51;3.26:-5.19;3.08:-5.83;3.03:-6.51;2.83:-7.18;2.71:-7.87;2.63:-8.54;2.41:-9.17;2.39:-9.84,3.00517:-1.880998;3.091711:-2.024647;3.283389:-2.078889;3.247893:-1.859097;3.39194:-2.007051;3.447824:-1.960034;3.329259:-1.894354;3.279898:-1.700366;3.235561:-1.787793;3.418451:-1.845049;3.43484:-2.088118;3.476532:-1.945367,sigma3_hotel_seed42,3
HOTEL:biwi_hotel:112:4690,HOTEL,biwi_hotel:112,4690,triu,4.168333530426025,7.14389705657959,3.72:-8.77;3.71:-8.18;3.72:-7.63;3.73:-7.06;3.57:-6.41;3.44:-5.73;3.41:-5.19;3.29:-4.5,3.43:-3.81;3.39:-3.17;3.39:-2.53;3.47:-1.84;3.44:-1.24;3.5:-0.68;3.53:-0.12;3.49:0.42;3.53:0.9;3.55:1.3;3.42:1.75;3.41:2.24,3.172422:-4.51208;2.992031:-4.615051;2.850659:-4.659838;2.554354:-4.441643;2.424697:-4.569542;2.251028:-4.490873;1.824497:-4.399662;1.558292:-4.251002;1.303788:-4.341319;1.177801:-4.302351;0.960572:-4.528475;0.7949975:-4.408084,sigma3_hotel_seed42,3
HOTEL:biwi_hotel:112:4700,HOTEL,biwi_hotel:112,4700,triu,3.847590446472168,6.582129955291748,3.71:-8.18;3.72:-7.63;3.73:-7.06;3.57:-6.41;3.44:-5.73;3.41:-5.19;3.29:-4.5;3.43:-3.81,3.39:-3.17;3.39:-2.53;3.47:-1.84;3.44:-1.24;3.5:-0.68;3.53:-0.12;3.49:0.42;3.53:0.9;3.55:1.3;3.42:1.75;3.41:2.24;3.45:2.71,3.585815:-3.829661;3.640118:-3.956107;3.78343:-4.005072;3.728732:-3.803624;3.83918:-3.935189;3.869426:-3.892741;3.736363:-3.821702;3.670779:-3.653181;3.614366:-3.737669;3.752651:-3.773401;3.744051:-4.000074;3.768759:-3.864407,sigma3_hotel_seed42,3
HOTEL:biwi_hotel:112:4710,HOTEL,biwi_hotel:112,4710,triu,3.722843170166016,6.483462333679199,3.72:-7.63;3.73:-7.06;3.57:-6.41;3.44:-5.73;3.41:-5.19;3.29:-4.5;3.43:-3.81;3.39:-3.17,3.39:-2.53;3.47:-1.84;3.44:-1.24;3.5:-0.68;3.53:-0.12;3.49:0.42;3.53:0.9;3.55:1.3;3.42:1.75;3.41:2.24;3.45:2.71;3.42:3.27,3.417058:-3.185852;3.366012:-3.292976;3.379341:-3.335112;3.227113:-3.141841;3.234755:-3.259209;3.176261:-3.209651;2.936889:-3.128785;2.789324:-2.981744;2.656251:-3.067717;2.676188:-3.065859;2.580195:-3.280337;2.528549:-3.151884,sigma3_hotel_seed42,3
HOTEL:biwi_hotel:119:5680,HOTEL,biwi_hotel:119,5680,triu,3.938054323196411,7.427583694458008,1.3:3.75;1.23:3.21;1.25:2.68;1.24:2.15;1.23:1.65;1.21:1.03;1.23:0.42;1.29:-0.06,1.32:-0.61;1.38:-1.18;1.47:-1.86;1.53:-2.46;1.73:-3.04;1.83:-3.68;1.95:-4.21;2.07:-4.79;2.24:-5.45;2.37:-5.91;2.58:-6.61;2.68:-7.26,1.32579:-0.07518174;1.302706:-0.1551278;1.337578:-0.1811673;1.250693:-0.04234985;1.294919:-0.1194128;1.268204:-0.1012558;1.14176:-0.0202402;1.044413:0.08319104;0.9723269:0.003222909;1.015952:0.01467961;0.9613252:-0.1597473;0.9579792:-0.03479115,sigma3_hotel_seed42,3
HOTEL:biwi_hotel:119:5690,HOTEL,biwi_hotel:119,5690,triu,4.1967291831970215,7.891609191894531,1.23:3.21;1.25:2.68;1.24:2.15;1.23:1.65;1.21:1.03;1.23:0.42;1.29:-0.06;1.32:-0.61,1.38:-1.18;1.47:-1.86;1.53:-2.46;1.73:-3.04;1.83:-3.68;1.95:-4.21;2.07:-4.79;2.24:-5.45;2.37:-5.91;2.58:-6.61;2.68:-7.26;2.86:-7.87,1.285578:-0.6238742;1.184214:-0.7216675;1.13616:-0.7595716;0.9383475:-0.5714759;0.8978221:-0.6810314;0.7971067:-0.6289846;0.5098342:-0.54378;0.3233959:-0.4068641;0.1543753:-0.4937316;0.1187249:-0.4744216;-0.01805091:-0.6823664;-0.1055434:-0.5567894,sigma3_hotel_seed42,3
HOTEL:biwi_hotel:119:5700,HOTEL,biwi_hotel:119,5700,triu,4.086074352264404,7.616827011108398,1.25:2.68;1.24:2.15;1.23:1.65;1.21:1.03;1.23:0.42;1.29:-0.06;1.32:-0.61;1.38:-1.18,1.47:-1.86;1.53:-2.46;1.73:-3.04;1.83:-3.68;1.95:-4.21;2.07:-4.79;2.24:-5.45;2.37:-5.91;2.58:-6.61;2.68:-7.26;2.86:-7.87;2.96:-8.47,1.436504:-1.196259;1.405477:-1.311899;1.44925:-1.354391;1.313146:-1.155517;1.344431:-1.278201;1.302373:-1.229748;1.082247:-1.152455;0.9469552:-0.9920543;0.8254931:-1.07951;0.8746711:-1.090909;0.7969527:-1.312034;0.7587293:-1.178193,sigma3_hotel_seed42,3
HOTEL:biwi_hotel:119:5710,HOTEL,biwi_hotel:119,5710,triu,4.033912181854248,7.704046249389648,1.24:2.15;1.23:1.65;1.21:1.03;1.23:0.42;1.29:-0.06;1.32:-0.61;1.38:-1.18;1.47:-1.86,1.53:-2.46;1.73:-3.04;1.83:-3.68;1.95:-4.21;2.07:-4.79;2.24:-5.45;2.37:-5.91;2.58:-6.61;2.68:-7.26;2.86:-7.87;2.96:-8.47;3.13:-9.2,1.559104:-1.87809;1.533335:-2.027589;1.597522:-2.088138;1.426636:-1.831871;1.45468:-1.999514;1.408893:-1.922082;1.109837:-1.848284;0.9498501:-1.63624;0.7914243:-1.729547;0.8554844:-1.763372;0.764446:-2.028819;0.7021364:-1.888515,sigma3_hotel_seed42,3
HOTEL:biwi_hotel:120:5680,HOTEL,biwi_hotel:120,5680,triu,3.967177391052246,7.522399425506592,0.59:3.3;0.58:2.8;0.52:2.25;0.57:1.7;0.58:1.19;0.57:0.64;0.64:0.06;0.64:-0.43,0.62:-0.92;0.69:-1.44;0.79:-2.02;0.8:-2.61;1.02:-3.24;1.07:-3.84;1.23:-4.44;1.4:-5.04;1.55:-5.73;1.71:-6.24;1.86:-6.84;1.93:-7.38,0.5814416:-0.4425388;0.4713851:-0.5213528;0.4062951:-0.5483434;0.2223464:-0.3922515;0.17928:-0.4761607;0.07578433:-0.4401727;-0.172514:-0.3529246;-0.3502358:-0.2439923;-0.5031625:-0.3281116;-0.5517778:-0.2957151;-0.6852082:-0.4789531;-0.7633921:-0.3563164,sigma3_hotel_seed42,3
HOTEL:biwi_hotel:120:5690,HOTEL,biwi_hotel:120,5690,triu,4.198999404907227,7.926162242889404,0.58:2.8;0.52:2.25;0.57:1.7;0.58:1.19;0.57:0.64;0.64:0.06;0.64:-0.43;0.62:-0.92,0.69:-1.44;0.79:-2.02;0.8:-2.61;1.02:-3.24;1.07:-3.84;1.23:-4.44;1.4:-5.04;1.55:-5.73;1.71:-6.24;1.86:-6.84;1.93:-7.38;2.14:-8.04,0.5269681:-0.9314523;0.3881898:-1.007564;0.2867846:-1.033732;0.07326061:-0.8754694;-0.002179742:-0.9594226;-0.1314823:-0.9177784;-0.4182163:-0.8282571;-0.621037:-0.7224821;-0.799786:-0.8067992;-0.8835593:-0.7638768;-1.044064:-0.9473168;-1.147479:-0.8277513,sigma3_hotel_seed42,3
HOTEL:biwi_hotel:120:5700,HOTEL,biwi_hotel:120,5700,triu,3.990525007247925,7.441598415374756,0.52:2.25;0.57:1.7;0.58:1.19;0.57:0.64;0.64:0.06;0.64:-0.43;0.62:-0.92;0.69:-1.44,0.79:-2.02;0.8:-2.61;1.02:-3.24;1.07:-3.84;1.23:-4.44;1.4:-5.04;1.55:-5.73;1.71:-6.24;1.86:-6.84;1.93:-7.38;2.14:-8.04;2.26:-8.63,0.7493489:-1.456118;0.7348726:-1.553703;0.7881497:-1.587876;0.6908989:-1.42186;0.7408233:-1.520551;0.7175457:-1.489791;0.5618961:-1.411426;0.4574408:-1.28107;0.3725173:-1.364031;0.4316102:-1.366493;0.376652:-1.562647;0.3666962:-1.43328,sigma3_hotel_seed42,3
HOTEL:biwi_hotel:120:5710,HOTEL,biwi_hotel:120,5710,triu,3.994025945663452,7.402012825012207,0.57:1.7;0.58:1.19;0.57:0.64;0.64:0.06;0.64:-0.43;0.62:-0.92;0.69:-1.44;0.79:-2.02,0.8:-2.61;1.02:-3.24;1.07:-3.84;1.23:-4.44;1.4:-5.04;1.55:-5.73;1.71:-6.24;1.86:-6.84;1.93:-7.38;2.14:-8.04;2.26:-8.63;2.24:-9.24,0.8843547:-2.037512;0.8849391:-2.158253;0.9665782:-2.203308;0.8597285:-2.002113;0.9208463:-2.129069;0.9054348:-2.082411;0.7162677:-2.007687;0.6059726:-1.842322;0.5076816:-1.929013;0.5909654:-1.950559;0.5388567:-2.17493;0.5234675:-2.03977,sigma3_hotel_seed42,3
HOTEL:biwi_hotel:136:6790,HOTEL,biwi_hotel:136,6790,triu,0.0939476564526557,0.1929618567228317,3.14:-1.41;3.15:-1.43;3.17:-1.46;3.17:-1.49;3.18:-1.52;3.2:-1.52;3.2:-1.54;3.19:-1.56,3.18:-1.56;3.18:-1.56;3.19:-1.54;3.17:-1.52;3.15:-1.5;3.15:-1.49;3.17:-1.5;3.18:-1.52;3.18:-1.55;3.2:-1.59;3.22:-1.6;3.23:-1.6,3.172361:-1.562999;3.160497:-1.563233;3.152598:-1.564698;3.133396:-1.563286;3.119695:-1.567871;3.105382:-1.563163;3.092115:-1.563454;3.076471:-1.566351;3.068172:-1.576566;3.062032:-1.571155;3.044745:-1.576531;3.038454:-1.576665,sigma3_hotel_seed42,3
HOTEL:biwi_hotel:136:6800,HOTEL,biwi_hotel:136,6800,triu,0.0567556619644165,0.1101755276322364,3.15:-1.43;3.17:-1.46;3.17:-1.49;3.18:-1.52;3.2:-1.52;3.2:-1.54;3.19:-1.56;3.18:-1.56,3.18:-1.56;3.19:-1.54;3.17:-1.52;3.15:-1.5;3.15:-1.49;3.17:-1.5;3.18:-1.52;3.18:-1.55;3.2:-1.59;3.22:-1.6;3.23:-1.6;3.25:-1.61,3.17761:-1.560789;3.174234:-1.565915;3.173205:-1.561674;3.168084:-1.555961;3.173891:-1.558863;3.155492:-1.559731;3.148558:-1.565813;3.151672:-1.562538;3.152035:-1.55745;3.160688:-1.56537;3.143504:-1.57555;3.145311:-1.575664,sigma3_hotel_seed42,3
HOTEL:biwi_hotel:136:6810,HOTEL,biwi_hotel:136,6810,triu,0.1064046993851661,0.2205743938684463,3.17:-1.46;3.17:-1.49;3.18:-1.52;3.2:-1.52;3.2:-1.54;3.19:-1.56;3.18:-1.56;3.18:-1.56,3.19:-1.54;3.17:-1.52;3.15:-1.5;3.15:-1.49;3.17:-1.5;3.18:-1.52;3.18:-1.55;3.2:-1.59;3.22:-1.6;3.23:-1.6;3.25:-1.61;3.25:-1.62,3.166425:-1.560805;3.167501:-1.561806;3.156686:-1.560916;3.135372:-1.557569;3.125367:-1.560692;3.118201:-1.558682;3.101299:-1.565944;3.093192:-1.561359;3.084755:-1.566474;3.057977:-1.564998;3.058506:-1.557605;3.03578:-1.567436,sigma3_hotel_seed42,3
HOTEL:biwi_hotel:136:6820,HOTEL,biwi_hotel:136,6820,triu,0.1354270428419113,0.2977506220340729,3.17:-1.49;3.18:-1.52;3.2:-1.52;3.2:-1.54;3.19:-1.56;3.18:-1.56;3.18:-1.56;3.19:-1.54,3.17:-1.52;3.15:-1.5;3.15:-1.49;3.17:-1.5;3.18:-1.52;3.18:-1.55;3.2:-1.59;3.22:-1.6;3.23:-1.6;3.25:-1.61;3.25:-1.62;3.2:-1.64,3.197484:-1.541156;3.221498:-1.538573;3.235191:-1.543734;3.248982:-1.544301;3.267886:-1.541318;3.300684:-1.547556;3.336589:-1.543232;3.356971:-1.550362;3.379493:-1.565458;3.397796:-1.563151;3.452053:-1.560994;3.490077:-1.572837,sigma3_hotel_seed42,3
HOTEL:biwi_hotel:136:6830,HOTEL,biwi_hotel:136,6830,triu,0.1946647018194198,0.2561672329902649,3.18:-1.52;3.2:-1.52;3.2:-1.54;3.19:-1.56;3.18:-1.56;3.18:-1.56;3.19:-1.54;3.17:-1.52,3.15:-1.5;3.15:-1.49;3.17:-1.5;3.18:-1.52;3.18:-1.55;3.2:-1.59;3.22:-1.6;3.23:-1.6;3.25:-1.61;3.25:-1.62;3.2:-1.64;3.1:-1.62,3.142271:-1.522906;3.12539:-1.527495;3.105779:-1.526249;3.061458:-1.521121;3.045034:-1.528352;3.027399:-1.519099;2.995539:-1.524189;2.963487:-1.5138;2.949576:-1.532813;2.916023:-1.525981;2.896188:-1.523429;2.864104:-1.520126,sigma3_hotel_seed42,3
HOTEL:biwi_hotel:138:6840,HOTEL,biwi_hotel:138,6840,triu,0.1632704883813858,0.1734296232461929,1.4:-8.32;1.42:-8.32;1.44:-8.32;1.44:-8.32;1.44:-8.32;1.48:-8.25;1.48:-8.26;1.48:-8.26,1.41:-8.27;1.39:-8.31;1.37:-8.33;1.38:-8.32;1.42:-8.34;1.41:-8.32;1.39:-8.33;1.35:-8.35;1.36:-8.37;1.4:-8.32;1.4:-8.39;1.47:-8.29,1.47883:-8.262504;1.484604:-8.267883;1.492823:-8.26215;1.49442:-8.259182;1.517241:-8.256205;1.522841:-8.260661;1.552678:-8.257462;1.557676:-8.256362;1.578443:-8.272244;1.597553:-8.269266;1.612344:-8.282379;1.642929:-8.276833,sigma3_hotel_seed42,3
HOTEL:biwi_hotel:138:6850,HOTEL,biwi_hotel:138,6850,triu,0.5849230885505676,1.0701470375061035,1.42:-8.32;1.44:-8.32;1.44:-8.32;1.44:-8.32;1.48:-8.25;1.48:-8.26;1.48:-8.26;1.41:-8.27,1.39:-8.31;1.37:-8.33;1.38:-8.32;1.42:-8.34;1.41:-8.32;1.39:-8.33;1.35:-8.35;1.36:-8.37;1.4:-8.32;1.4:-8.39;1.47:-8.29;1.41:-8.33,1.314867:-8.269186;1.226619:-8.257894;1.124757:-8.258883;1.021829:-8.26107;0.9329422:-8.253785;0.8706195:-8.244907;0.7736621:-8.229228;0.6775533:-8.231224;0.6020512:-8.250679;0.5022683:-8.235106;0.4438346:-8.208432;0.3488379:-8.191617,sigma3_hotel_seed42,3
HOTEL:biwi_hotel:138:6860,HOTEL,biwi_hotel:138,6860,triu,0.2884776592254638,0.5368693470954895,1.44:-8.32;1.44:-8.32;1.44:-8.32;1.48:-8.25;1.48:-8.26;1.48:-8.26;1.41:-8.27;1.39:-8.31,1.37:-8.33;1.38:-8.32;1.42:-8.34;1.41:-8.32;1.39:-8.33;1.35:-8.35;1.36:-8.37;1.4:-8.32;1.4:-8.39;1.47:-8.29;1.41:-8.33;1.35:-8.33,1.368657:-8.313195;1.317966:-8.310796;1.273366:-8.305549;1.249441:-8.322621;1.177482:-8.325033;1.128197:-8.281764;1.076879:-8.292183;1.046298:-8.329891;0.9961596:-8.329532;0.9647231:-8.341644;0.8851367:-8.299752;0.8151259:-8.283757,sigma3_hotel_seed42,3
HOTEL:biwi_hotel:138:6870,HOTEL,biwi_hotel:138,6870,triu,0.2248349040746688,0.502109706401825,1.44:-8.32;1.44:-8.32;1.48:-8.25;1.48:-8.26;1.48:-8.26;1.41:-8.27;1.39:-8.31;1.37:-8.33,1.38:-8.32;1.42:-8.34;1.41:-8.32;1.39:-8.33;1.35:-8.35;1.36:-8.37;1.4:-8.32;1.4:-8.39;1.47:-8.29;1.41:-8.33;1.35:-8.33;1.47:-8.29,1.358235:-8.329651;1.331556:-8.322544;1.300445:-8.330334;1.283226:-8.336576;1.231477:-8.342319;1.20155:-8.324365;1.146193:-8.331928;1.13351:-8.352499;1.087539:-8.337127;1.0636:-8.35664;1.024782:-8.323017;0.9691324:-8.325296,sigma3_hotel_seed42,3
HOTEL:biwi_hotel:138:6880,HOTEL,biwi_hotel:138,6880,triu,0.0599798150360584,0.0933448150753974,1.44:-8.32;1.48:-8.25;1.48:-8.26;1.48:-8.26;1.41:-8.27;1.39:-8.31;1.37:-8.33;1.38:-8.32,1.42:-8.34;1.41:-8.32;1.39:-8.33;1.35:-8.35;1.36:-8.37;1.4:-8.32;1.4:-8.39;1.47:-8.29;1.41:-8.33;1.35:-8.33;1.47:-8.29;1.48:-8.28,1.379639:-8.321103;1.388627:-8.319158;1.395393:-8.320323;1.402955:-8.322521;1.411083:-8.316168;1.421985:-8.326391;1.452116:-8.32027;1.459589:-8.326317;1.470097:-8.335584;1.487166:-8.336035;1.518153:-8.340976;1.545014:-8.346981,sigma3_hotel_seed42,3
HOTEL:biwi_hotel:138:6890,HOTEL,biwi_hotel:138,6890,triu,0.3313383162021637,0.6212753653526306,1.48:-8.25;1.48:-8.26;1.48:-8.26;1.41:-8.27;1.39:-8.31;1.37:-8.33;1.38:-8.32;1.42:-8.34,1.41:-8.32;1.39:-8.33;1.35:-8.35;1.36:-8.37;1.4:-8.32;1.4:-8.39;1.47:-8.29;1.41:-8.33;1.35:-8.33;1.47:-8.29;1.48:-8.28;1.48:-8.28,1.458523:-8.343219;1.495462:-8.343387;1.537827:-8.352478;1.590486:-8.353226;1.638052:-8.359593;1.696458:-8.347096;1.75804:-8.345223;1.814289:-8.369895;1.865891:-8.388032;1.943238:-8.39265;2.000123:-8.391548;2.090944:-8.392832,sigma3_hotel_seed42,3
HOTEL:biwi_hotel:138:6900,HOTEL,biwi_hotel:138,6900,triu,0.2189021855592727,0.4603548943996429,1.48:-8.26;1.48:-8.26;1.41:-8.27;1.39:-8.31;1.37:-8.33;1.38:-8.32;1.42:-8.34;1.41:-8.32,1.39:-8.33;1.35:-8.35;1.36:-8.37;1.4:-8.32;1.4:-8.39;1.47:-8.29;1.41:-8.33;1.35:-8.33;1.47:-8.29;1.48:-8.28;1.48:-8.28;1.48:-8.28,1.380126:-8.321641;1.360818:-8.320075;1.335286:-8.32366;1.291878:-8.321441;1.257845:-8.326019;1.23351:-8.322896;1.190976:-8.326497;1.157678:-8.320789;1.127647:-8.328356;1.086651:-8.325672;1.067466:-8.318506;1.021834:-8.324842,sigma3_hotel_seed42,3
HOTEL:biwi_hotel:138:6910,HOTEL,biwi_hotel:138,6910,triu,0.0841971114277839,0.0709724351763725,1.48:-8.26;1.41:-8.27;1.39:-8.31;1.37:-8.33;1.38:-8.32;1.42:-8.34;1.41:-8.32;1.39:-8.33,1.35:-8.35;1.36:-8.37;1.4:-8.32;1.4:-8.39;1.47:-8.29;1.41:-8.33;1.35:-8.33;1.47:-8.29;1.48:-8.28;1.48:-8.28;1.48:-8.28;1.4:-8.31,1.382163:-8.331103;1.378903:-8.330443;1.375199:-8.33169;1.368569:-8.330317;1.362614:-8.330607;1.352126:-8.33423;1.348501:-8.334639;1.346424:-8.337377;1.341015:-8.337594;1.34352:-8.340484;1.341007:-8.345353;1.341963:-8.350851,sigma3_hotel_seed42,3
HOTEL:biwi_hotel:138:6920,HOTEL,biwi_hotel:138,6920,triu,0.2729569375514984,0.468799889087677,1.41:-8.27;1.39:-8.31;1.37:-8.33;1.38:-8.32;1.42:-8.34;1.41:-8.32;1.39:-8.33;1.35:-8.35,1.36:-8.37;1.4:-8.32;1.4:-8.39;1.47:-8.29;1.41:-8.33;1.35:-8.33;1.47:-8.29;1.48:-8.28;1.48:-8.28;1.48:-8.28;1.4:-8.31;1.47:-8.28,1.314706:-8.352228;1.297446:-8.351311;1.267547:-8.351045;1.220388:-8.348544;1.195042:-8.349514;1.183254:-8.345142;1.153154:-8.34343;1.115988:-8.336926;1.098343:-8.357873;1.049015:-8.344256;1.042778:-8.334388;1.004386:-8.334563,sigma3_hotel_seed42,3
HOTEL:biwi_hotel:138:6930,HOTEL,biwi_hotel:138,6930,triu,0.1371826976537704,0.0851770788431167,1.39:-8.31;1.37:-8.33;1.38:-8.32;1.42:-8.34;1.41:-8.32;1.39:-8.33;1.35:-8.35;1.36:-8.37,1.4:-8.32;1.4:-8.39;1.47:-8.29;1.41:-8.33;1.35:-8.33;1.47:-8.29;1.48:-8.28;1.48:-8.28;1.48:-8.28;1.4:-8.31;1.47:-8.28;1.34:-8.33,1.351725:-8.370593;1.347463:-8.367907;1.342005:-8.371594;1.335473:-8.371334;1.322898:-8.371458;1.31079:-8.37647;1.302601:-8.376721;1.2999:-8.381042;1.288488:-8.377502;1.289479:-8.382801;1.287705:-8.385385;1.284171:-8.394329,sigma3_hotel_seed42,3
HOTEL:biwi_hotel:138:6940,HOTEL,biwi_hotel:138,6940,triu,0.2518338859081268,0.4382023215293884,1.37:-8.33;1.38:-8.32;1.42:-8.34;1.41:-8.32;1.39:-8.33;1.35:-8.35;1.36:-8.37;1.4:-8.32,1.4:-8.39;1.47:-8.29;1.41:-8.33;1.35:-8.33;1.47:-8.29;1.48:-8.28;1.48:-8.28;1.48:-8.28;1.4:-8.31;1.47:-8.28;1.34:-8.33;1.47:-8.29,1.454795:-8.322443;1.496921:-8.324331;1.524713:-8.330315;1.572785:-8.339161;1.60268:-8.343672;1.658894:-8.319399;1.693228:-8.328444;1.749524:-8.356378;1.782119:-8.366414;1.821573:-8.388145;1.876034:-8.34718;1.904671:-8.345516,sigma3_hotel_seed42,3
HOTEL:biwi_hotel:138:6950,HOTEL,biwi_hotel:138,6950,triu,0.1137367561459541,0.1127821877598762,1.38:-8.32;1.42:-8.34;1.41:-8.32;1.39:-8.33;1.35:-8.35;1.36:-8.37;1.4:-8.32;1.4:-8.39,1.47:-8.29;1.41:-8.33;1.35:-8.33;1.47:-8.29;1.48:-8.28;1.48:-8.28;1.48:-8.28;1.4:-8.31;1.47:-8.28;1.34:-8.33;1.47:-8.29;1.48:-8.28,1.423374:-8.391118;1.428065:-8.395342;1.425391:-8.394088;1.43745:-8.400689;1.434309:-8.404784;1.444526:-8.381375;1.435747:-8.388526;1.452121:-8.406762;1.443617:-8.412425;1.445841:-8.43403;1.448301:-8.395551;1.424799:-8.378349,sigma3_hotel_seed42,3
HOTEL:biwi_hotel:138:6960,HOTEL,biwi_hotel:138,6960,triu,0.359838455915451,0.5235611796379089,1.42:-8.34;1.41:-8.32;1.39:-8.33;1.35:-8.35;1.36:-8.37;1.4:-8.32;1.4:-8.39;1.47:-8.29,1.41:-8.33;1.35:-8.33;1.47:-8.29;1.48:-8.28;1.48:-8.28;1.48:-8.28;1.4:-8.31;1.47:-8.28;1.34:-8.33;1.47:-8.29;1.48:-8.28;1.48:-8.28,1.546173:-8.293985;1.604941:-8.30558;1.649454:-8.306902;1.705314:-8.312068;1.743472:-8.320954;1.7991:-8.300594;1.825101:-8.308431;1.880613:-8.323399;1.909455:-8.334211;1.944848:-8.355576;1.994285:-8.327507;2.002442:-8.31421,sigma3_hotel_seed42,3
HOTEL:biwi_hotel:138:6970,HOTEL,biwi_hotel:138,6970,triu,0.430046409368515,0.8149346113204956,1.41:-8.32;1.39:-8.33;1.35:-8.35;1.36:-8.37;1.4:-8.32;1.4:-8.39;1.47:-8.29;1.41:-8.33,1.35:-8.33;1.47:-8.29;1.48:-8.28;1.48:-8.28;1.48:-8.28;1.4:-8.31;1.47:-8.28;1.34:-8.33;1.47:-8.29;1.48:-8.28;1.48:-8.28;1.48:-8.28,1.360961:-8.333619;1.293342:-8.330932;1.232647:-8.319871;1.189021:-8.333326;1.109578:-8.329136;1.047145:-8.296297;0.9919044:-8.291628;0.9371189:-8.323862;0.8753483:-8.338717;0.8229429:-8.329391;0.7376176:-8.306723;0.6650654:-8.280065,sigma3_hotel_seed42,3
HOTEL:biwi_hotel:138:6980,HOTEL,biwi_hotel:138,6980,triu,0.3730072975158691,0.6388047337532043,1.39:-8.33;1.35:-8.35;1.36:-8.37;1.4:-8.32;1.4:-8.39;1.47:-8.29;1.41:-8.33;1.35:-8.33,1.47:-8.29;1.48:-8.28;1.48:-8.28;1.48:-8.28;1.4:-8.31;1.47:-8.28;1.34:-8.33;1.47:-8.29;1.48:-8.28;1.48:-8.28;1.48:-8.28;1.48:-8.28,1.318859:-8.330745;1.281149:-8.329075;1.24634:-8.333049;1.204417:-8.331414;1.159881:-8.340024;1.11892:-8.326934;1.056545:-8.332;1.022011:-8.334595;0.9788026:-8.331837;0.9472183:-8.339481;0.895708:-8.326817;0.8425643:-8.3218,sigma3_hotel_seed42,3
HOTEL:biwi_hotel:138:6990,HOTEL,biwi_hotel:138,6990,triu,0.3926005363464355,0.6728585362434387,1.35:-8.35;1.36:-8.37;1.4:-8.32;1.4:-8.39;1.47:-8.29;1.41:-8.33;1.35:-8.33;1.47:-8.29,1.48:-8.28;1.48:-8.28;1.48:-8.28;1.4:-8.31;1.47:-8.28;1.34:-8.33;1.47:-8.29;1.48:-8.28;1.48:-8.28;1.48:-8.28;1.48:-8.28;1.48:-8.28,1.544208:-8.293337;1.605253:-8.300342;1.647632:-8.306285;1.711556:-8.313737;1.759278:-8.319473;1.828849:-8.299533;1.873824:-8.30577;1.942578:-8.330815;1.989263:-8.34208;2.041134:-8.364346;2.110711:-8.332553;2.151138:-8.32809,sigma3_hotel_seed42,3
HOTEL:biwi_hotel:138:7000,HOTEL,biwi_hotel:138,7000,triu,0.0372426398098468,0.0596133321523666,1.36:-8.37;1.4:-8.32;1.4:-8.39;1.47:-8.29;1.41:-8.33;1.35:-8.33;1.47:-8.29;1.48:-8.28,1.48:-8.28;1.48:-8.28;1.4:-8.31;1.47:-8.28;1.34:-8.33;1.47:-8.29;1.48:-8.28;1.48:-8.28;1.48:-8.28;1.48:-8.28;1.48:-8.28;1.48:-8.28,1.482221:-8.280067;1.480496:-8.276777;1.48112:-8.280478;1.492671:-8.280501;1.490098:-8.276446;1.476112:-8.288968;1.481166:-8.284374;1.492074:-8.294427;1.48774:-8.28087;1.512857:-8.292254;1.512514:-8.305065;1.529925:-8.312577,sigma3_hotel_seed42,3
HOTEL:biwi_hotel:138:7010,HOTEL,biwi_hotel:138,7010,triu,0.0762997865676879,0.153558611869812,1.4:-8.32;1.4:-8.39;1.47:-8.29;1.41:-8.33;1.35:-8.33;1.47:-8.29;1.48:-8.28;1.48:-8.28,1.48:-8.28;1.4:-8.31;1.47:-8.28;1.34:-8.33;1.47:-8.29;1.48:-8.28;1.48:-8.28;1.48:-8.28;1.48:-8.28;1.48:-8.28;1.48:-8.28;1.48:-8.28,1.484971:-8.281738;1.478581:-8.282668;1.49093:-8.283638;1.507926:-8.282606;1.517897:-8.280712;1.505563:-8.289023;1.527237:-8.282315;1.537192:-8.291698;1.544079:-8.287484;1.5952:-8.297226;1.587276:-8.322207;1.628889:-8.317579,sigma3_hotel_seed42,3
HOTEL:biwi_hotel:138:7020,HOTEL,biwi_hotel:138,7020,triu,0.0984366759657859,0.2045688033103943,1.4:-8.39;1.47:-8.29;1.41:-8.33;1.35:-8.33;1.47:-8.29;1.48:-8.28;1.48:-8.28;1.48:-8.28,1.4:-8.31;1.47:-8.28;1.34:-8.33;1.47:-8.29;1.48:-8.28;1.48:-8.28;1.48:-8.28;1.48:-8.28;1.48:-8.28;1.48:-8.28;1.48:-8.28;1.48:-8.28,1.485855:-8.282112;1.480056:-8.284432;1.496144:-8.283611;1.515025:-8.282916;1.531768:-8.28024;1.522898:-8.288486;1.554035:-8.280938;1.564581:-8.289422;1.577749:-8.289908;1.635465:-8.298487;1.630664:-8.325864;1.681102:-8.317504,sigma3_hotel_seed42,3
HOTEL:biwi_hotel:138:7030,HOTEL,biwi_hotel:138,7030,triu,0.7292845845222473,1.2967479228973389,1.47:-8.29;1.41:-8.33;1.35:-8.33;1.47:-8.29;1.48:-8.28;1.48:-8.28;1.48:-8.28;1.4:-8.31,1.47:-8.28;1.34:-8.33;1.47:-8.29;1.48:-8.28;1.48:-8.28;1.48:-8.28;1.48:-8.28;1.48:-8.28;1.48:-8.28;1.48:-8.28;1.48:-8.28;1.48:-8.28,1.303081:-8.309222;1.186087:-8.301038;1.07582:-8.286607;0.9897918:-8.300909;0.8784291:-8.290158;0.7731812:-8.259744;0.6795688:-8.254568;0.5903867:-8.28458;0.4963264:-8.290197;0.4113808:-8.28626;0.2881347:-8.253639;0.1845255:-8.222546,sigma3_hotel_seed42,3
HOTEL:biwi_hotel:138:7040,HOTEL,biwi_hotel:138,7040,triu,0.3198654949665069,0.5513135194778442,1.41:-8.33;1.35:-8.33;1.47:-8.29;1.48:-8.28;1.48:-8.28;1.48:-8.28;1.4:-8.31;1.47:-8.28,1.34:-8.33;1.47:-8.29;1.48:-8.28;1.48:-8.28;1.48:-8.28;1.48:-8.28;1.48:-8.28;1.48:-8.28;1.48:-8.28;1.48:-8.28;1.48:-8.28;1.48:-8.28,1.533382:-8.282708;1.583703:-8.286738;1.617911:-8.292438;1.671769:-8.300396;1.707646:-8.305538;1.768618:-8.283648;1.804857:-8.291483;1.865015:-8.316745;1.900485:-8.326859;1.94215:-8.348886;2.002115:-8.311055;2.03063:-8.307442,sigma3_hotel_seed42,3
HOTEL:biwi_hotel:138:7050,HOTEL,biwi_hotel:138,7050,triu,0.7234755158424377,1.1768630743026731,1.35:-8.33;1.47:-8.29;1.48:-8.28;1.48:-8.28;1.48:-8.28;1.4:-8.31;1.47:-8.28;1.34:-8.33,1.47:-8.29;1.48:-8.28;1.48:-8.28;1.48:-8.28;1.48:-8.28;1.48:-8.28;1.48:-8.28;1.48:-8.28;1.48:-8.28;1.48:-8.28;1.48:-8.28;1.46:-8.28,1.248256:-8.325169;1.154694:-8.3131;1.050397:-8.308949;0.9632005:-8.314497;0.8712633:-8.305235;0.796194:-8.293514;0.7010267:-8.287351;0.6243389:-8.29847;0.5376037:-8.299681;0.4476008:-8.300889;0.3785979:-8.262849;0.2835628:-8.248342,sigma3_hotel_seed42,3
HOTEL:biwi_hotel:138:7060,HOTEL,biwi_hotel:138,7060,triu,0.4896471500396728,0.9817023277282716,1.47:-8.29;1.48:-8.28;1.48:-8.28;1.48:-8.28;1.4:-8.31;1.47:-8.28;1.34:-8.33;1.47:-8.29,1.48:-8.28;1.48:-8.28;1.48:-8.28;1.48:-8.28;1.48:-8.28;1.48:-8.28;1.48:-8.28;1.48:-8.28;1.48:-8.28;1.48:-8.28;1.46:-8.28;1.38:-8.22,1.556015:-8.291292;1.63904:-8.297746;1.693616:-8.304305;1.768603:-8.309246;1.837358:-8.313469;1.931087:-8.300736;1.992407:-8.308825;2.079875:-8.326901;2.140671:-8.339108;2.195405:-8.362805;2.301991:-8.32541;2.355732:-8.328107,sigma3_hotel_seed42,3
HOTEL:biwi_hotel:138:7070,HOTEL,biwi_hotel:138,7070,triu,0.0783845484256744,0.3477267920970917,1.48:-8.28;1.48:-8.28;1.48:-8.28;1.4:-8.31;1.47:-8.28;1.34:-8.33;1.47:-8.29;1.48:-8.28,1.48:-8.28;1.48:-8.28;1.48:-8.28;1.48:-8.28;1.48:-8.28;1.48:-8.28;1.48:-8.28;1.48:-8.28;1.48:-8.28;1.46:-8.28;1.38:-8.22;1.31:-8.16,1.480015:-8.283065;1.479142:-8.280377;1.489875:-8.287535;1.499196:-8.286829;1.50409:-8.289248;1.50798:-8.290628;1.522938:-8.283446;1.530302:-8.295767;1.538756:-8.30377;1.575313:-8.30272;1.580967:-8.318141;1.619291:-8.318912,sigma3_hotel_seed42,3
HOTEL:biwi_hotel:138:7080,HOTEL,biwi_hotel:138,7080,triu,0.1245284080505371,0.1699665337800979,1.48:-8.28;1.48:-8.28;1.4:-8.31;1.47:-8.28;1.34:-8.33;1.47:-8.29;1.48:-8.28;1.48:-8.28,1.48:-8.28;1.48:-8.28;1.48:-8.28;1.48:-8.28;1.48:-8.28;1.48:-8.28;1.48:-8.28;1.48:-8.28;1.46:-8.28;1.38:-8.22;1.31:-8.16;1.32:-8.17,1.456432:-8.283771;1.434321:-8.281753;1.419604:-8.284839;1.39396:-8.284587;1.367102:-8.289021;1.339502:-8.284494;1.31264:-8.282398;1.287164:-8.288038;1.268491:-8.294414;1.257586:-8.287683;1.222517:-8.296235;1.204962:-8.295119,sigma3_hotel_seed42,3
HOTEL:biwi_hotel:138:7090,HOTEL,biwi_hotel:138,7090,triu,0.070747785270214,0.1865511238574981,1.48:-8.28;1.4:-8.31;1.47:-8.28;1.34:-8.33;1.47:-8.29;1.48:-8.28;1.48:-8.28;1.48:-8.28,1.48:-8.28;1.48:-8.28;1.48:-8.28;1.48:-8.28;1.48:-8.28;1.48:-8.28;1.48:-8.28;1.46:-8.28;1.38:-8.22;1.31:-8.16;1.32:-8.17;1.35:-8.19,1.474048:-8.282992;1.46085:-8.284088;1.464409:-8.284095;1.466852:-8.281772;1.469525:-8.282679;1.450703:-8.285494;1.457001:-8.279811;1.455883:-8.287877;1.458083:-8.289389;1.490716:-8.290605;1.468403:-8.314101;1.495246:-8.307068,sigma3_hotel_seed42,3
HOTEL:biwi_hotel:138:7100,HOTEL,biwi_hotel:138,7100,triu,0.0667322799563407,0.1338064223527908,1.4:-8.31;1.47:-8.28;1.34:-8.33;1.47:-8.29;1.48:-8.28;1.48:-8.28;1.48:-8.28;1.48:-8.28,1.48:-8.28;1.48:-8.28;1.48:-8.28;1.48:-8.28;1.48:-8.28;1.48:-8.28;1.46:-8.28;1.38:-8.22;1.31:-8.16;1.32:-8.17;1.35:-8.19;1.34:-8.19,1.476836:-8.280722;1.471712:-8.28345;1.467886:-8.281414;1.46423:-8.276376;1.46455:-8.278475;1.442827:-8.281298;1.431378:-8.285228;1.434899:-8.28568;1.430955:-8.276315;1.439088:-8.284323;1.419256:-8.295348;1.419363:-8.297729,sigma3_hotel_seed42,3
HOTEL:biwi_hotel:138:7110,HOTEL,biwi_hotel:138,7110,triu,0.0986968576908111,0.2217217236757278,1.47:-8.28;1.34:-8.33;1.47:-8.29;1.48:-8.28;1.48:-8.28;1.48:-8.28;1.48:-8.28;1.48:-8.28,1.48:-8.28;1.48:-8.28;1.48:-8.28;1.48:-8.28;1.48:-8.28;1.46:-8.28;1.38:-8.22;1.31:-8.16;1.32:-8.17;1.35:-8.19;1.34:-8.19;1.32:-8.19,1.471227:-8.284855;1.454778:-8.28844;1.46362:-8.287035;1.460553:-8.285472;1.465925:-8.288642;1.451627:-8.285201;1.46558:-8.279001;1.455233:-8.284737;1.463435:-8.29992;1.500716:-8.295301;1.47582:-8.321194;1.508566:-8.306634,sigma3_hotel_seed42,3
HOTEL:biwi_hotel:138:7120,HOTEL,biwi_hotel:138,7120,triu,0.1649877876043319,0.3474531471729278,1.34:-8.33;1.47:-8.29;1.48:-8.28;1.48:-8.28;1.48:-8.28;1.48:-8.28;1.48:-8.28;1.48:-8.28,1.48:-8.28;1.48:-8.28;1.48:-8.28;1.48:-8.28;1.46:-8.28;1.38:-8.22;1.31:-8.16;1.32:-8.17;1.35:-8.19;1.34:-8.19;1.32:-8.19;1.3:-8.19,1.485586:-8.281724;1.487485:-8.289927;1.499416:-8.283814;1.505992:-8.277826;1.529272:-8.278872;1.523111:-8.28127;1.543517:-8.282775;1.552907:-8.27963;1.569164:-8.283555;1.601889:-8.290823;1.598576:-8.309504;1.628755:-8.302445,sigma3_hotel_seed42,3
HOTEL:biwi_hotel:138:7130,HOTEL,biwi_hotel:138,7130,triu,0.1078845486044883,0.1800187975168228,1.47:-8.29;1.48:-8.28;1.48:-8.28;1.48:-8.28;1.48:-8.28;1.48:-8.28;1.48:-8.28;1.48:-8.28,1.48:-8.28;1.48:-8.28;1.48:-8.28;1.46:-8.28;1.38:-8.22;1.31:-8.16;1.32:-8.17;1.35:-8.19;1.34:-8.19;1.32:-8.19;1.3:-8.19;1.3:-8.19,1.477169:-8.279672;1.480119:-8.279583;1.475218:-8.279915;1.471213:-8.2776;1.467438:-8.276955;1.457181:-8.283075;1.450536:-8.287037;1.455186:-8.287262;1.4493:-8.27987;1.446281:-8.288209;1.449192:-8.288532;1.443218:-8.299066,sigma3_hotel_seed42,3
HOTEL:biwi_hotel:138:7140,HOTEL,biwi_hotel:138,7140,triu,0.0864905044436454,0.1020425334572792,1.48:-8.28;1.48:-8.28;1.48:-8.28;1.48:-8.28;1.48:-8.28;1.48:-8.28;1.48:-8.28;1.48:-8.28,1.48:-8.28;1.48:-8.28;1.46:-8.28;1.38:-8.22;1.31:-8.16;1.32:-8.17;1.35:-8.19;1.34:-8.19;1.32:-8.19;1.3:-8.19;1.3:-8.19;1.3:-8.19,1.469628:-8.280132;1.466927:-8.28024;1.454226:-8.280204;1.438757:-8.27616;1.427427:-8.278556;1.410833:-8.279744;1.387773:-8.285839;1.384125:-8.284138;1.372066:-8.278045;1.353878:-8.282235;1.343856:-8.279788;1.322805:-8.289461,sigma3_hotel_seed42,3
HOTEL:biwi_hotel:138:7150,HOTEL,biwi_hotel:138,7150,triu,0.0992488786578178,0.1020425334572792,1.48:-8.28;1.48:-8.28;1.48:-8.28;1.48:-8.28;1.48:-8.28;1.48:-8.28;1.48:-8.28;1.48:-8.28,1.48:-8.28;1.46:-8.28;1.38:-8.22;1.31:-8.16;1.32:-8.17;1.35:-8.19;1.34:-8.19;1.32:-8.19;1.3:-8.19;1.3:-8.19;1.3:-8.19;1.3:-8.19,1.469628:-8.280132;1.466927:-8.28024;1.454226:-8.280204;1.438757:-8.27616;1.427427:-8.278556;1.410833:-8.279744;1.387773:-8.285839;1.384125:-8.284138;1.372066:-8.278045;1.353878:-8.282235;1.343856:-8.279788;1.322805:-8.289461,sigma3_hotel_seed42,3
HOTEL:biwi_hotel:138:7160,HOTEL,biwi_hotel:138,7160,triu,0.1133822575211525,0.1020425334572792,1.48:-8.28;1.48:-8.28;1.48:-8.28;1.48:-8.28;1.48:-8.28;1.48:-8.28;1.48:-8.28;1.48:-8.28,1.46:-8.28;1.38:-8.22;1.31:-8.16;1.32:-8.17;1.35:-8.19;1.34:-8.19;1.32:-8.19;1.3:-8.19;1.3:-8.19;1.3:-8.19;1.3:-8.19;1.3:-8.19,1.469628:-8.280132;1.466927:-8.28024;1.454226:-8.280204;1.438757:-8.27616;1.427427:-8.278556;1.410833:-8.279744;1.387773:-8.285839;1.384125:-8.284138;1.372066:-8.278045;1.353878:-8.282235;1.343856:-8.279788;1.322805:-8.289461,sigma3_hotel_seed42,3
HOTEL:biwi_hotel:138:7170,HOTEL,biwi_hotel:138,7170,triu,0.1071392223238945,0.0826839730143547,1.48:-8.28;1.48:-8.28;1.48:-8.28;1.48:-8.28;1.48:-8.28;1.48:-8.28;1.48:-8.28;1.46:-8.28,1.38:-8.22;1.31:-8.16;1.32:-8.17;1.35:-8.19;1.34:-8.19;1.32:-8.19;1.3:-8.19;1.3:-8.19;1.3:-8.19;1.3:-8.19;1.3:-8.19;1.3:-8.19,1.43927:-8.281804;1.435634:-8.280396;1.414158:-8.27728;1.392407:-8.273238;1.390756:-8.269835;1.390083:-8.271069;1.381196:-8.265694;1.369937:-8.266146;1.373552:-8.279447;1.3448:-8.265302;1.349999:-8.261931;1.341079:-8.261757,sigma3_hotel_seed42,3
HOTEL:biwi_hotel:138:7180,HOTEL,biwi_hotel:138,7180,triu,0.1869997978210449,0.3747333586215973,1.48:-8.28;1.48:-8.28;1.48:-8.28;1.48:-8.28;1.48:-8.28;1.48:-8.28;1.46:-8.28;1.38:-8.22,1.31:-8.16;1.32:-8.17;1.35:-8.19;1.34:-8.19;1.32:-8.19;1.3:-8.19;1.3:-8.19;1.3:-8.19;1.3:-8.19;1.3:-8.19;1.3:-8.19;1.28:-8.19,1.35032:-8.224879;1.309544:-8.227942;1.271578:-8.21436;1.245459:-8.223857;1.196689:-8.217384;1.158316:-8.197761;1.129021:-8.183549;1.087203:-8.206201;1.04568:-8.233305;1.005905:-8.214877;0.955011:-8.210687;0.9054803:-8.177347,sigma3_hotel_seed42,3
HOTEL:biwi_hotel:139:6840,HOTEL,biwi_hotel:139,6840,triu,0.0944993123412132,0.2425442188978195,1.23:-9.32;1.27:-9.3;1.29:-9.28;1.28:-9.28;1.28:-9.29;1.26:-9.28;1.19:-9.27;1.22:-9.27,1.25:-9.29;1.29:-9.3;1.31:-9.3;1.31:-9.3;1.31:-9.3;1.31:-9.3;1.31:-9.3;1.31:-9.3;1.31:-9.3;1.31:-9.3;1.31:-9.3;1.31:-9.3,1.237622:-9.269065;1.256445:-9.270921;1.274474:-9.269257;1.301066:-9.269533;1.326427:-9.261267;1.339288:-9.277012;1.383811:-9.274191;1.4101:-9.277369;1.430003:-9.273714;1.470792:-9.288743;1.509826:-9.298139;1.552496:-9.304853,sigma3_hotel_seed42,3
HOTEL:biwi_hotel:139:6850,HOTEL,biwi_hotel:139,6850,triu,0.1385129988193512,0.3657578229904175,1.27:-9.3;1.29:-9.28;1.28:-9.28;1.28:-9.29;1.26:-9.28;1.19:-9.27;1.22:-9.27;1.25:-9.29,1.29:-9.3;1.31:-9.3;1.31:-9.3;1.31:-9.3;1.31:-9.3;1.31:-9.3;1.31:-9.3;1.31:-9.3;1.31:-9.3;1.31:-9.3;1.31:-9.3;1.31:-9.3,1.264323:-9.29095;1.286743:-9.288134;1.308531:-9.292279;1.338235:-9.295154;1.365085:-9.286874;1.396422:-9.300716;1.453598:-9.290043;1.480754:-9.301976;1.50922:-9.313078;1.555285:-9.315864;1.612323:-9.324941;1.674358:-9.33197,sigma3_hotel_seed42,3
HOTEL:biwi_hotel:139:6860,HOTEL,biwi_hotel:139,6860,triu,0.3056841194629669,0.6468920707702637,1.29:-9.28;1.28:-9.28;1.28:-9.29;1.26:-9.28;1.19:-9.27;1.22:-9.27;1.25:-9.29;1.29:-9.3,1.31:-9.3;1.31:-9.3;1.31:-9.3;1.31:-9.3;1.31:-9.3;1.31:-9.3;1.31:-9.3;1.31:-9.3;1.31:-9.3;1.31:-9.3;1.31:-9.3;1.31:-9.3,1.330984:-9.300687;1.378581:-9.298109;1.412481:-9.308421;1.462037:-9.311112;1.507815:-9.312345;1.576244:-9.306117;1.634349:-9.306945;1.696196:-9.328556;1.743352:-9.342474;1.798009:-9.35336;1.882934:-9.333483;1.955318:-9.345097,sigma3_hotel_seed42,3
HOTEL:biwi_hotel:139:6870,HOTEL,biwi_hotel:139,6870,triu,0.1796219944953918,0.4390253126621246,1.28:-9.28;1.28:-9.29;1.26:-9.28;1.19:-9.27;1.22:-9.27;1.25:-9.29;1.29:-9.3;1.31:-9.3,1.31:-9.3;1.31:-9.3;1.31:-9.3;1.31:-9.3;1.31:-9.3;1.31:-9.3;1.31:-9.3;1.31:-9.3;1.31:-9.3;1.31:-9.3;1.31:-9.3;1.31:-9.3,1.324546:-9.303436;1.32278:-9.305606;1.355857:-9.306175;1.393366:-9.30791;1.425361:-9.302275;1.432479:-9.31328;1.498886:-9.296812;1.517454:-9.311759;1.547363:-9.322437;1.641526:-9.32903;1.654448:-9.36765;1.745888:-9.352387,sigma3_hotel_seed42,3
HOTEL:biwi_hotel:139:6880,HOTEL,biwi_hotel:139,6880,triu,0.0929882451891899,0.176875427365303,1.28:-9.29;1.26:-9.28;1.19:-9.27;1.22:-9.27;1.25:-9.29;1.29:-9.3;1.31:-9.3;1.31:-9.3,1.31:-9.3;1.31:-9.3;1.31:-9.3;1.31:-9.3;1.31:-9.3;1.31:-9.3;1.31:-9.3;1.31:-9.3;1.31:-9.3;1.31:-9.3;1.31:-9.3;1.31:-9.3,1.297456:-9.300272;1.292827:-9.295178;1.27814:-9.30385;1.258418:-9.30284;1.235702:-9.307067;1.230805:-9.304507;1.202208:-9.307771;1.194286:-9.311215;1.17369:-9.312201;1.153286:-9.317002;1.157943:-9.302387;1.133717:-9.314465,sigma3_hotel_seed42,3
HOTEL:biwi_hotel:139:6890,HOTEL,biwi_hotel:139,6890,triu,0.0237718224525451,0.0279930308461189,1.26:-9.28;1.19:-9.27;1.22:-9.27;1.25:-9.29;1.29:-9.3;1.31:-9.3;1.31:-9.3;1.31:-9.3,1.31:-9.3;1.31:-9.3;1.31:-9.3;1.31:-9.3;1.31:-9.3;1.31:-9.3;1.31:-9.3;1.31:-9.3;1.31:-9.3;1.31:-9.3;1.31:-9.3;1.31:-9.3,1.301879:-9.303346;1.300486:-9.302284;1.300945:-9.308745;1.29016:-9.306051;1.286701:-9.312682;1.289889:-9.306465;1.283481:-9.305541;1.279052:-9.310459;1.281503:-9.324224;1.287088:-9.31854;1.288438:-9.322392;1.298356:-9.325457,sigma3_hotel_seed42,3
HOTEL:biwi_hotel:139:6900,HOTEL,biwi_hotel:139,6900,triu,0.0335967577993869,0.102367490530014,1.19:-9.27;1.22:-9.27;1.25:-9.29;1.29:-9.3;1.31:-9.3;1.31:-9.3;1.31:-9.3;1.31:-9.3,1.31:-9.3;1.31:-9.3;1.31:-9.3;1.31:-9.3;1.31:-9.3;1.31:-9.3;1.31:-9.3;1.31:-9.3;1.31:-9.3;1.31:-9.3;1.31:-9.3;1.31:-9.3,1.311168:-9.30199;1.302621:-9.304899;1.312931:-9.303862;1.322129:-9.301733;1.331797:-9.302111;1.317378:-9.306473;1.333127:-9.303176;1.338034:-9.308418;1.344176:-9.307781;1.387314:-9.315792;1.373429:-9.338579;1.407256:-9.331943,sigma3_hotel_seed42,3
HOTEL:biwi_hotel:139:6910,HOTEL,biwi_hotel:139,6910,triu,0.0291295368224382,0.0917315259575843,1.22:-9.27;1.25:-9.29;1.29:-9.3;1.31:-9.3;1.31:-9.3;1.31:-9.3;1.31:-9.3;1.31:-9.3,1.31:-9.3;1.31:-9.3;1.31:-9.3;1.31:-9.3;1.31:-9.3;1.31:-9.3;1.31:-9.3;1.31:-9.3;1.31:-9.3;1.31:-9.3;1.31:-9.3;1.31:-9.3,1.305019:-9.303862;1.301804:-9.30444;1.310206:-9.306136;1.309586:-9.305466;1.31592:-9.306859;1.31713:-9.306041;1.33396:-9.300473;1.331444:-9.306765;1.342272:-9.322481;1.36749:-9.316934;1.368435:-9.331658;1.397584:-9.327271,sigma3_hotel_seed42,3
HOTEL:biwi_hotel:139:6920,HOTEL,biwi_hotel:139,6920,triu,0.0211679209023714,0.0267286337912082,1.25:-9.29;1.29:-9.3;1.31:-9.3;1.31:-9.3;1.31:-9.3;1.31:-9.3;1.31:-9.3;1.31:-9.3,1.31:-9.3;1.31:-9.3;1.31:-9.3;1.31:-9.3;1.31:-9.3;1.31:-9.3;1.31:-9.3;1.31:-9.3;1.31:-9.3;1.31:-9.3;1.31:-9.3;1.31:-9.3,1.300125:-9.301207;1.304304:-9.298573;1.299478:-9.30056;1.290327:-9.301155;1.283686:-9.298882;1.285929:-9.303596;1.289785:-9.302382;1.286653:-9.305309;1.28439:-9.313411;1.27412:-9.310343;1.291417:-9.307388;1.289692:-9.317378,sigma3_hotel_seed42,3
HOTEL:biwi_hotel:139:6930,HOTEL,biwi_hotel:139,6930,triu,0.0115183470770716,0.023048872128129,1.29:-9.3;1.31:-9.3;1.31:-9.3;1.31:-9.3;1.31:-9.3;1.31:-9.3;1.31:-9.3;1.31:-9.3,1.31:-9.3;1.31:-9.3;1.31:-9.3;1.31:-9.3;1.31:-9.3;1.31:-9.3;1.31:-9.3;1.31:-9.3;1.31:-9.3;1.31:-9.3;1.31:-9.3;1.31:-9.3,1.308466:-9.300778;1.310546:-9.307853;1.307406:-9.301512;1.299728:-9.293852;1.31171:-9.295884;1.297368:-9.297626;1.291584:-9.304324;1.296445:-9.29767;1.301401:-9.294982;1.300698:-9.301093;1.290772:-9.309171;1.28906:-9.309631,sigma3_hotel_seed42,3
HOTEL:biwi_hotel:139:6940,HOTEL,biwi_hotel:139,6940,triu,0.0763740614056587,0.1555468291044235,1.31:-9.3;1.31:-9.3;1.31:-9.3;1.31:-9.3;1.31:-9.3;1.31:-9.3;1.31:-9.3;1.31:-9.3,1.31:-9.3;1.31:-9.3;1.31:-9.3;1.31:-9.3;1.31:-9.3;1.31:-9.3;1.31:-9.3;1.31:-9.3;1.31:-9.3;1.31:-9.3;1.31:-9.3;1.31:-9.3,1.299802:-9.300121;1.297195:-9.300288;1.284598:-9.300192;1.26932:-9.296111;1.258255:-9.298476;1.241675:-9.299722;1.218807:-9.305826;1.215356:-9.304091;1.203473:-9.297907;1.18554:-9.302198;1.175564:-9.299853;1.154742:-9.309474,sigma3_hotel_seed42,3
HOTEL:biwi_hotel:139:6950,HOTEL,biwi_hotel:139,6950,triu,0.0762360766530036,0.1552753150463104,1.31:-9.3;1.31:-9.3;1.31:-9.3;1.31:-9.3;1.31:-9.3;1.31:-9.3;1.31:-9.3;1.31:-9.3,1.31:-9.3;1.31:-9.3;1.31:-9.3;1.31:-9.3;1.31:-9.3;1.31:-9.3;1.31:-9.3;1.31:-9.3;1.31:-9.3;1.31:-9.3;1.31:-9.3;1.31:-9.3,1.29982:-9.300121;1.29723:-9.300297;1.284649:-9.300192;1.269387:-9.296106;1.258359:-9.298469;1.241796:-9.299717;1.21896:-9.305821;1.215528:-9.30408;1.203674:-9.2979;1.185762:-9.302195;1.175806:-9.299856;1.155014:-9.30947,sigma3_hotel_seed42,3
HOTEL:biwi_hotel:139:6960,HOTEL,biwi_hotel:139,6960,triu,0.0765918418765068,0.1558591723442077,1.31:-9.3;1.31:-9.3;1.31:-9.3;1.31:-9.3;1.31:-9.3;1.31:-9.3;1.31:-9.3;1.31:-9.3,1.31:-9.3;1.31:-9.3;1.31:-9.3;1.31:-9.3;1.31:-9.3;1.31:-9.3;1.31:-9.3;1.31:-9.3;1.31:-9.3;1.31:-9.3;1.31:-9.3;1.31:-9.3,1.299698:-9.300141;1.297093:-9.3003;1.284467:-9.300206;1.269066:-9.296132;1.257969:-9.298506;1.241509:-9.299696;1.218675:-9.305769;1.215106:-9.30403;1.203255:-9.298036;1.185155:-9.302181;1.175277:-9.299784;1.154424:-9.309385,sigma3_hotel_seed42,3
HOTEL:biwi_hotel:139:6970,HOTEL,biwi_hotel:139,6970,triu,0.0765617787837982,0.1558068841695785,1.31:-9.3;1.31:-9.3;1.31:-9.3;1.31:-9.3;1.31:-9.3;1.31:-9.3;1.31:-9.3;1.31:-9.3,1.31:-9.3;1.31:-9.3;1.31:-9.3;1.31:-9.3;1.31:-9.3;1.31:-9.3;1.31:-9.3;1.31:-9.3;1.31:-9.3;1.31:-9.3;1.31:-9.3;1.31:-9.3,1.299702:-9.30014;1.297106:-9.300299;1.284483:-9.300206;1.269084:-9.296132;1.257987:-9.298507;1.241541:-9.299694;1.218712:-9.30577;1.215145:-9.304029;1.203296:-9.298036;1.185192:-9.302183;1.175331:-9.299777;1.154476:-9.309382,sigma3_hotel_seed42,3
HOTEL:biwi_hotel:139:6980,HOTEL,biwi_hotel:139,6980,triu,0.0773748457431793,0.1574793308973312,1.31:-9.3;1.31:-9.3;1.31:-9.3;1.31:-9.3;1.31:-9.3;1.31:-9.3;1.31:-9.3;1.31:-9.3,1.31:-9.3;1.31:-9.3;1.31:-9.3;1.31:-9.3;1.31:-9.3;1.31:-9.3;1.31:-9.3;1.31:-9.3;1.31:-9.3;1.31:-9.3;1.31:-9.3;1.31:-9.3,1.299628:-9.300133;1.296927:-9.300241;1.284226:-9.300204;1.268757:-9.296161;1.257427:-9.298556;1.240833:-9.299745;1.217773:-9.30584;1.214125:-9.304138;1.202065:-9.298045;1.183878:-9.302236;1.173856:-9.299788;1.152805:-9.309462,sigma3_hotel_seed42,3
HOTEL:biwi_hotel:139:6990,HOTEL,biwi_hotel:139,6990,triu,0.0773748457431793,0.1574793308973312,1.31:-9.3;1.31:-9.3;1.31:-9.3;1.31:-9.3;1.31:-9.3;1.31:-9.3;1.31:-9.3;1.31:-9.3,1.31:-9.3;1.31:-9.3;1.31:-9.3;1.31:-9.3;1.31:-9.3;1.31:-9.3;1.31:-9.3;1.31:-9.3;1.31:-9.3;1.31:-9.3;1.31:-9.3;1.31:-9.3,1.299628:-9.300133;1.296927:-9.300241;1.284226:-9.300204;1.268757:-9.296161;1.257427:-9.298556;1.240833:-9.299745;1.217773:-9.30584;1.214125:-9.304138;1.202065:-9.298045;1.183878:-9.302236;1.173856:-9.299788;1.152805:-9.309462,sigma3_hotel_seed42,3
HOTEL:biwi_hotel:139:7000,HOTEL,biwi_hotel:139,7000,triu,0.0773748457431793,0.1574793308973312,1.31:-9.3;1.31:-9.3;1.31:-9.3;1.31:-9.3;1.31:-9.3;1.31:-9.3;1.31:-9.3;1.31:-9.3,1.31:-9.3;1.31:-9.3;1.31:-9.3;1.31:-9.3;1.31:-9.3;1.31:-9.3;1.31:-9.3;1.31:-9.3;1.31:-9.3;1.31:-9.3;1.31:-9.3;1.31:-9.3,1.299628:-9.300133;1.296927:-9.300241;1.284226:-9.300204;1.268757:-9.296161;1.257427:-9.298556;1.240833:-9.299745;1.217773:-9.30584;1.214125:-9.304138;1.202065:-9.298045;1.183878:-9.302236;1.173856:-9.299788;1.152805:-9.309462,sigma3_hotel_seed42,3
HOTEL:biwi_hotel:139:7010,HOTEL,biwi_hotel:139,7010,triu,0.0773748457431793,0.1574793308973312,1.31:-9.3;1.31:-9.3;1.31:-9.3;1.31:-9.3;1.31:-9.3;1.31:-9.3;1.31:-9.3;1.31:-9.3,1.31:-9.3;1.31:-9.3;1.31:-9.3;1.31:-9.3;1.31:-9.3;1.31:-9.3;1.31:-9.3;1.31:-9.3;1.31:-9.3;1.31:-9.3;1.31:-9.3;1.31:-9.3,1.299628:-9.300133;1.296927:-9.300241;1.284226:-9.300204;1.268757:-9.296161;1.257427:-9.298556;1.240833:-9.299745;1.217773:-9.30584;1.214125:-9.304138;1.202065:-9.298045;1.183878:-9.302236;1.173856:-9.299788;1.152805:-9.309462,sigma3_hotel_seed42,3
HOTEL:biwi_hotel:139:7020,HOTEL,biwi_hotel:139,7020,triu,0.0773748457431793,0.1574793308973312,1.31:-9.3;1.31:-9.3;1.31:-9.3;1.31:-9.3;1.31:-9.3;1.31:-9.3;1.31:-9.3;1.31:-9.3,1.31:-9.3;1.31:-9.3;1.31:-9.3;1.31:-9.3;1.31:-9.3;1.31:-9.3;1.31:-9.3;1.31:-9.3;1.31:-9.3;1.31:-9.3;1.31:-9.3;1.31:-9.3,1.299628:-9.300133;1.296927:-9.300241;1.284226:-9.300204;1.268757:-9.296161;1.257427:-9.298556;1.240833:-9.299745;1.217773:-9.30584;1.214125:-9.304138;1.202065:-9.298045;1.183878:-9.302236;1.173856:-9.299788;1.152805:-9.309462,sigma3_hotel_seed42,3
HOTEL:biwi_hotel:139:7030,HOTEL,biwi_hotel:139,7030,triu,0.0609525702893734,0.1137795895338058,1.31:-9.3;1.31:-9.3;1.31:-9.3;1.31:-9.3;1.31:-9.3;1.31:-9.3;1.31:-9.3;1.31:-9.3,1.31:-9.3;1.31:-9.3;1.31:-9.3;1.31:-9.3;1.31:-9.3;1.31:-9.3;1.31:-9.3;1.31:-9.3;1.31:-9.3;1.31:-9.3;1.31:-9.3;1.31:-9.3,1.298924:-9.300909;1.296708:-9.301749;1.282976:-9.299575;1.268866:-9.294441;1.265799:-9.294658;1.25312:-9.296644;1.237655:-9.298323;1.234814:-9.297613;1.231541:-9.29661;1.215298:-9.295243;1.2079:-9.296677;1.196227:-9.301192,sigma3_hotel_seed42,3
HOTEL:biwi_hotel:139:7040,HOTEL,biwi_hotel:139,7040,triu,0.0304254069924354,0.0387397706508636,1.31:-9.3;1.31:-9.3;1.31:-9.3;1.31:-9.3;1.31:-9.3;1.31:-9.3;1.31:-9.3;1.31:-9.3,1.31:-9.3;1.31:-9.3;1.31:-9.3;1.31:-9.3;1.31:-9.3;1.31:-9.3;1.31:-9.3;1.31:-9.3;1.31:-9.3;1.31:-9.3;1.31:-9.3;1.31:-9.3,1.299512:-9.301031;1.299536:-9.302998;1.284805:-9.297151;1.27363:-9.291494;1.283585:-9.287478;1.277781:-9.292291;1.275085:-9.289612;1.275095:-9.28828;1.284141:-9.292416;1.271027:-9.2872;1.272476:-9.29071;1.272773:-9.289279,sigma3_hotel_seed42,3
HOTEL:biwi_hotel:139:7050,HOTEL,biwi_hotel:139,7050,triu,0.026349863037467,0.0349791571497917,1.31:-9.3;1.31:-9.3;1.31:-9.3;1.31:-9.3;1.31:-9.3;1.31:-9.3;1.31:-9.3;1.31:-9.3,1.31:-9.3;1.31:-9.3;1.31:-9.3;1.31:-9.3;1.31:-9.3;1.31:-9.3;1.31:-9.3;1.31:-9.3;1.31:-9.3;1.31:-9.3;1.31:-9.3;1.31:-9.3,1.302329:-9.300584;1.301431:-9.301315;1.290791:-9.297879;1.282684:-9.290092;1.287515:-9.288103;1.283247:-9.29071;1.281217:-9.287581;1.280728:-9.286615;1.284428:-9.287538;1.277123:-9.285632;1.277667:-9.286985;1.277846:-9.286227,sigma3_hotel_seed42,3
HOTEL:biwi_hotel:139:7060,HOTEL,biwi_hotel:139,7060,triu,0.0236030127853155,0.0330912917852401,1.31:-9.3;1.31:-9.3;1.31:-9.3;1.31:-9.3;1.31:-9.3;1.31:-9.3;1.31:-9.3;1.31:-9.3,1.31:-9.3;1.31:-9.3;1.31:-9.3;1.31:-9.3;1.31:-9.3;1.31:-9.3;1.31:-9.3;1.31:-9.3;1.31:-9.3;1.31:-9.3;1.31:-9.3;1.31:-9.3,1.304182:-9.300322;1.303278:-9.300229;1.295234:-9.298393;1.289232:-9.289388;1.290168:-9.288937;1.287611:-9.289587;1.285485:-9.286422;1.284815:-9.28592;1.285018:-9.285112;1.28056:-9.284754;1.281068:-9.284332;1.280713:-9.284595,sigma3_hotel_seed42,3
HOTEL:biwi_hotel:139:7070,HOTEL,biwi_hotel:139,7070,triu,0.0251016076654195,0.0376480668783187,1.31:-9.3;1.31:-9.3;1.31:-9.3;1.31:-9.3;1.31:-9.3;1.31:-9.3;1.31:-9.3;1.31:-9.3,1.31:-9.3;1.31:-9.3;1.31:-9.3;1.31:-9.3;1.31:-9.3;1.31:-9.3;1.31:-9.3;1.31:-9.3;1.31:-9.3;1.31:-9.3;1.31:-9.3;1.31:-9.3,1.304816:-9.300035;1.302908:-9.299325;1.296024:-9.297946;1.291375:-9.288992;1.289111:-9.288948;1.286863:-9.288727;1.28468:-9.285667;1.283168:-9.285384;1.280318:-9.283419;1.277756:-9.284343;1.277791:-9.282538;1.276415:-9.282989,sigma3_hotel_seed42,3
HOTEL:biwi_hotel:139:7080,HOTEL,biwi_hotel:139,7080,triu,0.010566915385425,0.0172038301825523,1.31:-9.3;1.31:-9.3;1.31:-9.3;1.31:-9.3;1.31:-9.3;1.31:-9.3;1.31:-9.3;1.31:-9.3,1.31:-9.3;1.31:-9.3;1.31:-9.3;1.31:-9.3;1.31:-9.3;1.31:-9.3;1.31:-9.3;1.31:-9.3;1.31:-9.3;1.31:-9.3;1.31:-9.3;1.31:-9.3,1.310077:-9.30015;1.31755:-9.305247;1.312935:-9.299916;1.308195:-9.292421;1.320275:-9.292458;1.315618:-9.295084;1.313842:-9.299592;1.321512:-9.294296;1.329017:-9.292317;1.32392:-9.296539;1.327706:-9.29906;1.326991:-9.3027,sigma3_hotel_seed42,3
HOTEL:biwi_hotel:139:7090,HOTEL,biwi_hotel:139,7090,triu,0.0357235483825206,0.0828402563929557,1.31:-9.3;1.31:-9.3;1.31:-9.3;1.31:-9.3;1.31:-9.3;1.31:-9.3;1.31:-9.3;1.31:-9.3,1.31:-9.3;1.31:-9.3;1.31:-9.3;1.31:-9.3;1.31:-9.3;1.31:-9.3;1.31:-9.3;1.31:-9.3;1.31:-9.3;1.31:-9.3;1.31:-9.3;1.31:-9.3,1.306906:-9.298981;1.312382:-9.300091;1.305181:-9.299765;1.295575:-9.294934;1.288403:-9.297896;1.281393:-9.297798;1.264774:-9.306992;1.267469:-9.302626;1.259019:-9.295173;1.24372:-9.303481;1.246414:-9.295535;1.22762:-9.308718,sigma3_hotel_seed42,3
HOTEL:biwi_hotel:139:7100,HOTEL,biwi_hotel:139,7100,triu,0.0919604673981666,0.190482959151268,1.31:-9.3;1.31:-9.3;1.31:-9.3;1.31:-9.3;1.31:-9.3;1.31:-9.3;1.31:-9.3;1.31:-9.3,1.31:-9.3;1.31:-9.3;1.31:-9.3;1.31:-9.3;1.31:-9.3;1.31:-9.3;1.31:-9.3;1.31:-9.3;1.31:-9.3;1.31:-9.3;1.31:-9.3;1.31:-9.3,1.296797:-9.300222;1.295309:-9.29958;1.282872:-9.30133;1.261968:-9.298117;1.243711:-9.302662;1.231583:-9.300446;1.205503:-9.308764;1.196983:-9.305711;1.180493:-9.304184;1.153856:-9.306582;1.148744:-9.297931;1.11984:-9.311083,sigma3_hotel_seed42,3
HOTEL:biwi_hotel:139:7110,HOTEL,biwi_hotel:139,7110,triu,0.0790532752871513,0.1659976989030838,1.31:-9.3;1.31:-9.3;1.31:-9.3;1.31:-9.3;1.31:-9.3;1.31:-9.3;1.31:-9.3;1.31:-9.3,1.31:-9.3;1.31:-9.3;1.31:-9.3;1.31:-9.3;1.31:-9.3;1.31:-9.3;1.31:-9.3;1.31:-9.3;1.31:-9.3;1.31:-9.3;1.31:-9.3;1.31:-9.3,1.297997:-9.299869;1.300038:-9.298879;1.28861:-9.300964;1.268416:-9.297647;1.250247:-9.302348;1.245137:-9.29862;1.221769:-9.307339;1.21393:-9.303548;1.198985:-9.304119;1.17006:-9.305752;1.173141:-9.292707;1.144174:-9.307554,sigma3_hotel_seed42,3
HOTEL:biwi_hotel:139:7120,HOTEL,biwi_hotel:139,7120,triu,0.0773748457431793,0.1574793308973312,1.31:-9.3;1.31:-9.3;1.31:-9.3;1.31:-9.3;1.31:-9.3;1.31:-9.3;1.31:-9.3;1.31:-9.3,1.31:-9.3;1.31:-9.3;1.31:-9.3;1.31:-9.3;1.31:-9.3;1.31:-9.3;1.31:-9.3;1.31:-9.3;1.31:-9.3;1.31:-9.3;1.31:-9.3;1.31:-9.3,1.299628:-9.300133;1.296927:-9.300241;1.284226:-9.300204;1.268757:-9.296161;1.257427:-9.298556;1.240833:-9.299745;1.217773:-9.30584;1.214125:-9.304138;1.202065:-9.298045;1.183878:-9.302236;1.173856:-9.299788;1.152805:-9.309462,sigma3_hotel_seed42,3
HOTEL:biwi_hotel:139:7130,HOTEL,biwi_hotel:139,7130,triu,0.0773748457431793,0.1574793308973312,1.31:-9.3;1.31:-9.3;1.31:-9.3;1.31:-9.3;1.31:-9.3;1.31:-9.3;1.31:-9.3;1.31:-9.3,1.31:-9.3;1.31:-9.3;1.31:-9.3;1.31:-9.3;1.31:-9.3;1.31:-9.3;1.31:-9.3;1.31:-9.3;1.31:-9.3;1.31:-9.3;1.31:-9.3;1.31:-9.3,1.299628:-9.300133;1.296927:-9.300241;1.284226:-9.300204;1.268757:-9.296161;1.257427:-9.298556;1.240833:-9.299745;1.217773:-9.30584;1.214125:-9.304138;1.202065:-9.298045;1.183878:-9.302236;1.173856:-9.299788;1.152805:-9.309462,sigma3_hotel_seed42,3
HOTEL:biwi_hotel:139:7140,HOTEL,biwi_hotel:139,7140,triu,0.0773748457431793,0.1574793308973312,1.31:-9.3;1.31:-9.3;1.31:-9.3;1.31:-9.3;1.31:-9.3;1.31:-9.3;1.31:-9.3;1.31:-9.3,1.31:-9.3;1.31:-9.3;1.31:-9.3;1.31:-9.3;1.31:-9.3;1.31:-9.3;1.31:-9.3;1.31:-9.3;1.31:-9.3;1.31:-9.3;1.31:-9.3;1.31:-9.3,1.299628:-9.300133;1.296927:-9.300241;1.284226:-9.300204;1.268757:-9.296161;1.257427:-9.298556;1.240833:-9.299745;1.217773:-9.30584;1.214125:-9.304138;1.202065:-9.298045;1.183878:-9.302236;1.173856:-9.299788;1.152805:-9.309462,sigma3_hotel_seed42,3
HOTEL:biwi_hotel:139:7150,HOTEL,biwi_hotel:139,7150,triu,0.0773748457431793,0.1574793308973312,1.31:-9.3;1.31:-9.3;1.31:-9.3;1.31:-9.3;1.31:-9.3;1.31:-9.3;1.31:-9.3;1.31:-9.3,1.31:-9.3;1.31:-9.3;1.31:-9.3;1.31:-9.3;1.31:-9.3;1.31:-9.3;1.31:-9.3;1.31:-9.3;1.31:-9.3;1.31:-9.3;1.31:-9.3;1.31:-9.3,1.299628:-9.300133;1.296927:-9.300241;1.284226:-9.300204;1.268757:-9.296161;1.257427:-9.298556;1.240833:-9.299745;1.217773:-9.30584;1.214125:-9.304138;1.202065:-9.298045;1.183878:-9.302236;1.173856:-9.299788;1.152805:-9.309462,sigma3_hotel_seed42,3
HOTEL:biwi_hotel:139:7160,HOTEL,biwi_hotel:139,7160,triu,0.0773748457431793,0.1574793308973312,1.31:-9.3;1.31:-9.3;1.31:-9.3;1.31:-9.3;1.31:-9.3;1.31:-9.3;1.31:-9.3;1.31:-9.3,1.31:-9.3;1.31:-9.3;1.31:-9.3;1.31:-9.3;1.31:-9.3;1.31:-9.3;1.31:-9.3;1.31:-9.3;1.31:-9.3;1.31:-9.3;1.31:-9.3;1.31:-9.3,1.299628:-9.300133;1.296927:-9.300241;1.284226:-9.300204;1.268757:-9.296161;1.257427:-9.298556;1.240833:-9.299745;1.217773:-9.30584;1.214125:-9.304138;1.202065:-9.298045;1.183878:-9.302236;1.173856:-9.299788;1.152805:-9.309462,sigma3_hotel_seed42,3
HOTEL:biwi_hotel:139:7170,HOTEL,biwi_hotel:139,7170,triu,0.0773748457431793,0.1574793308973312,1.31:-9.3;1.31:-9.3;1.31:-9.3;1.31:-9.3;1.31:-9.3;1.31:-9.3;1.31:-9.3;1.31:-9.3,1.31:-9.3;1.31:-9.3;1.31:-9.3;1.31:-9.3;1.31:-9.3;1.31:-9.3;1.31:-9.3;1.31:-9.3;1.31:-9.3;1.31:-9.3;1.31:-9.3;1.31:-9.3,1.299628:-9.300133;1.296927:-9.300241;1.284226:-9.300204;1.268757:-9.296161;1.257427:-9.298556;1.240833:-9.299745;1.217773:-9.30584;1.214125:-9.304138;1.202065:-9.298045;1.183878:-9.302236;1.173856:-9.299788;1.152805:-9.309462,sigma3_hotel_seed42,3
HOTEL:biwi_hotel:139:7180,HOTEL,biwi_hotel:139,7180,triu,0.0775792300701141,0.1599319279193878,1.31:-9.3;1.31:-9.3;1.31:-9.3;1.31:-9.3;1.31:-9.3;1.31:-9.3;1.31:-9.3;1.31:-9.3,1.31:-9.3;1.31:-9.3;1.31:-9.3;1.31:-9.3;1.31:-9.3;1.31:-9.3;1.31:-9.3;1.31:-9.3;1.31:-9.3;1.31:-9.3;1.31:-9.3;1.31:-9.28,1.299628:-9.300133;1.296927:-9.300241;1.284226:-9.300204;1.268757:-9.296161;1.257427:-9.298556;1.240833:-9.299745;1.217773:-9.30584;1.214125:-9.304138;1.202065:-9.298045;1.183878:-9.302236;1.173856:-9.299788;1.152805:-9.309462,sigma3_hotel_seed42,3
HOTEL:biwi_hotel:142:6890,HOTEL,biwi_hotel:142,6890,triu,3.715925931930542,6.630436897277832,0.6:-9.34;0.6:-8.96;0.59:-8.5;0.82:-7.99;0.99:-7.51;1.21:-7.03;1.31:-6.53;1.28:-6.02,1.33:-5.35;1.37:-4.86;1.32:-4.33;1.36:-3.72;1.33:-3.16;1.25:-2.6;1.34:-2.05;1.45:-1.65;1.44:-1.12;1.41:-0.52;1.45:-0.11;1.38:0.42,1.187373:-6.031963;1.050979:-6.108838;0.9470638:-6.138587;0.7320578:-5.975272;0.6494775:-6.064554;0.5205702:-6.016928;0.2212358:-5.926739;0.01859689:-5.823284;-0.1639055:-5.906321;-0.2541349:-5.859366;-0.4188884:-6.045435;-0.5261143:-5.930545,sigma3_hotel_seed42,3
HOTEL:biwi_hotel:142:6900,HOTEL,biwi_hotel:142,6900,triu,3.5168402194976807,6.372447490692139,0.6:-8.96;0.59:-8.5;0.82:-7.99;0.99:-7.51;1.21:-7.03;1.31:-6.53;1.28:-6.02;1.33:-5.35,1.37:-4.86;1.32:-4.33;1.36:-3.72;1.33:-3.16;1.25:-2.6;1.34:-2.05;1.45:-1.65;1.44:-1.12;1.41:-0.52;1.45:-0.11;1.38:0.42;1.38:0.91,1.325355:-5.365194;1.243733:-5.476023;1.220543:-5.521759;1.028058:-5.313705;0.9984863:-5.440986;0.910925:-5.378517;0.611391:-5.295594;0.4312006:-5.142226;0.2617722:-5.229589;0.2450476:-5.220033;0.1159092:-5.443812;0.03133488:-5.318097,sigma3_hotel_seed42,3
HOTEL:biwi_hotel:142:6910,HOTEL,biwi_hotel:142,6910,triu,3.5018908977508545,6.302500247955322,0.59:-8.5;0.82:-7.99;0.99:-7.51;1.21:-7.03;1.31:-6.53;1.28:-6.02;1.33:-5.35;1.37:-4.86,1.32:-4.33;1.36:-3.72;1.33:-3.16;1.25:-2.6;1.34:-2.05;1.45:-1.65;1.44:-1.12;1.41:-0.52;1.45:-0.11;1.38:0.42;1.38:0.91;1.41:1.44,1.382351:-4.87468;1.338266:-4.956601;1.345814:-4.985189;1.231448:-4.836482;1.246709:-4.920615;1.199386:-4.892346;1.029106:-4.809791;0.909343:-4.704107;0.811208:-4.784342;0.8260239:-4.765379;0.7469056:-4.945842;0.7193411:-4.824543,sigma3_hotel_seed42,3
HOTEL:biwi_hotel:142:6920,HOTEL,biwi_hotel:142,6920,triu,3.559960126876831,6.514411926269531,0.82:-7.99;0.99:-7.51;1.21:-7.03;1.31:-6.53;1.28:-6.02;1.33:-5.35;1.37:-4.86;1.32:-4.33,1.36:-3.72;1.33:-3.16;1.25:-2.6;1.34:-2.05;1.45:-1.65;1.44:-1.12;1.41:-0.52;1.45:-0.11;1.38:0.42;1.38:0.91;1.41:1.44;1.41:2.08,1.261502:-4.343005;1.15546:-4.420288;1.087938:-4.44993;0.9067209:-4.292621;0.8576266:-4.379055;0.7561681:-4.338921;0.5015479:-4.25071;0.3273174:-4.148083;0.1744981:-4.23008;0.1193449:-4.191957;-0.0164901:-4.375;-0.09587038:-4.257974,sigma3_hotel_seed42,3
HOTEL:biwi_hotel:142:6930,HOTEL,biwi_hotel:142,6930,triu,3.418285131454468,6.18998384475708,0.99:-7.51;1.21:-7.03;1.31:-6.53;1.28:-6.02;1.33:-5.35;1.37:-4.86;1.32:-4.33;1.36:-3.72,1.33:-3.16;1.25:-2.6;1.34:-2.05;1.45:-1.65;1.44:-1.12;1.41:-0.52;1.45:-0.11;1.38:0.42;1.38:0.91;1.41:1.44;1.41:2.08;1.43:2.45,1.398766:-3.73583;1.366791:-3.833995;1.395905:-3.870819;1.275995:-3.697092;1.300783:-3.801371;1.260442:-3.762044;1.067784:-3.681895;0.9453439:-3.551734;0.8392817:-3.634505;0.8727638:-3.629284;0.7968423:-3.82969;0.766896:-3.704363,sigma3_hotel_seed42,3
HOTEL:biwi_hotel:142:6940,HOTEL,biwi_hotel:142,6940,triu,3.405149459838867,6.336076736450195,1.21:-7.03;1.31:-6.53;1.28:-6.02;1.33:-5.35;1.37:-4.86;1.32:-4.33;1.36:-3.72;1.33:-3.16,1.25:-2.6;1.34:-2.05;1.45:-1.65;1.44:-1.12;1.41:-0.52;1.45:-0.11;1.38:0.42;1.38:0.91;1.41:1.44;1.41:2.08;1.43:2.45;1.48:3.1,1.315174:-3.174149;1.239032:-3.264368;1.214517:-3.297778;1.054162:-3.128014;1.036978:-3.225817;0.9596124:-3.184177;0.7242873:-3.100161;0.5675474:-2.97838;0.4297923:-3.062027;0.4148905:-3.041812;0.3031522:-3.236886;0.2417498:-3.113905,sigma3_hotel_seed42,3
HOTEL:biwi_hotel:142:6950,HOTEL,biwi_hotel:142,6950,triu,3.5140650272369385,6.531154155731201,1.31:-6.53;1.28:-6.02;1.33:-5.35;1.37:-4.86;1.32:-4.33;1.36:-3.72;1.33:-3.16;1.25:-2.6,1.34:-2.05;1.45:-1.65;1.44:-1.12;1.41:-0.52;1.45:-0.11;1.38:0.42;1.38:0.91;1.41:1.44;1.41:2.08;1.43:2.45;1.48:3.1;1.51:3.59,1.135729:-2.611448;0.976952:-2.691013;0.8487155:-2.722685;0.605057:-2.549691;0.4997848:-2.644646;0.3503717:-2.590054;0.01212978:-2.498408;-0.2137829:-2.388718;-0.4204817:-2.473298;-0.5331924:-2.423053;-0.7197167:-2.615522;-0.848511:-2.500435,sigma3_hotel_seed42,3
HOTEL:biwi_hotel:143:6890,HOTEL,biwi_hotel:143,6890,triu,3.392284393310547,6.1704936027526855,0.09:-9.2;0.09:-8.79;0.1:-8.32;0.3:-7.81;0.45:-7.33;0.49:-6.76;0.57:-6.28;0.62:-5.82,0.65:-5.27;0.66:-4.78;0.73:-4.23;0.76:-3.68;0.79:-3.22;0.85:-2.71;0.87:-2.17;0.81:-1.69;0.8:-1.13;0.7:-0.65;0.73:-0.14;0.8:0.36,0.655599:-5.835103;0.6385571:-5.910137;0.6736812:-5.93446;0.5982434:-5.803669;0.6416407:-5.876054;0.6197771:-5.859443;0.5052741:-5.77821;0.4167269:-5.685658;0.3522981:-5.763159;0.393:-5.745754;0.3418567:-5.913872;0.3431969:-5.793561,sigma3_hotel_seed42,3
HOTEL:biwi_hotel:143:6900,HOTEL,biwi_hotel:143,6900,triu,3.370201349258423,6.127243518829346,0.09:-8.79;0.1:-8.32;0.3:-7.81;0.45:-7.33;0.49:-6.76;0.57:-6.28;0.62:-5.82;0.65:-5.27,0.66:-4.78;0.73:-4.23;0.76:-3.68;0.79:-3.22;0.85:-2.71;0.87:-2.17;0.81:-1.69;0.8:-1.13;0.7:-0.65;0.73:-0.14;0.8:0.36;0.81:0.82,0.6565144:-5.284684;0.6039798:-5.370928;0.603248:-5.402292;0.4738129:-5.243845;0.4787494:-5.33499;0.4227486:-5.30057;0.2280946:-5.217721;0.09653276:-5.104937;-0.01534361:-5.186266;-0.008990943:-5.167643;-0.0986374:-5.355032;-0.137637:-5.23352,sigma3_hotel_seed42,3
HOTEL:biwi_hotel:143:6910,HOTEL,biwi_hotel:143,6910,triu,3.381578207015991,6.149170398712158,0.1:-8.32;0.3:-7.81;0.45:-7.33;0.49:-6.76;0.57:-6.28;0.62:-5.82;0.65:-5.27;0.66:-4.78,0.73:-4.23;0.76:-3.68;0.79:-3.22;0.85:-2.71;0.87:-2.17;0.81:-1.69;0.8:-1.13;0.7:-0.65;0.73:-0.14;0.8:0.36;0.81:0.82;0.79:1.36,0.6631966:-4.794167;0.6149218:-4.870482;0.6153623:-4.895592;0.503488:-4.756247;0.5157992:-4.832859;0.4660667:-4.808857;0.3050151:-4.725719;0.1862564:-4.628368;0.09109086:-4.707803;0.09984314:-4.684338;0.02006984:-4.857561;-0.006489813:-4.737368,sigma3_hotel_seed42,3
HOTEL:biwi_hotel:143:6920,HOTEL,biwi_hotel:143,6920,triu,3.340660095214844,6.193292617797852,0.3:-7.81;0.45:-7.33;0.49:-6.76;0.57:-6.28;0.62:-5.82;0.65:-5.27;0.66:-4.78;0.73:-4.23,0.76:-3.68;0.79:-3.22;0.85:-2.71;0.87:-2.17;0.81:-1.69;0.8:-1.13;0.7:-0.65;0.73:-0.14;0.8:0.36;0.81:0.82;0.79:1.36;0.87:1.96,0.7963364:-4.246335;0.7949058:-4.337928;0.8563616:-4.370265;0.7793029:-4.21513;0.8367178:-4.307268;0.8250505:-4.280705;0.6939296:-4.202252;0.6058625:-4.084667;0.536983:-4.164746;0.6011698:-4.162663;0.5569257:-4.350512;0.5592654:-4.225492,sigma3_hotel_seed42,3
HOTEL:biwi_hotel:143:6930,HOTEL,biwi_hotel:143,6930,triu,3.2989308834075928,6.0516276359558105,0.45:-7.33;0.49:-6.76;0.57:-6.28;0.62:-5.82;0.65:-5.27;0.66:-4.78;0.73:-4.23;0.76:-3.68,0.79:-3.22;0.85:-2.71;0.87:-2.17;0.81:-1.69;0.8:-1.13;0.7:-0.65;0.73:-0.14;0.8:0.36;0.81:0.82;0.79:1.36;0.87:1.96;0.83:2.35,0.7709114:-3.694851;0.7216659:-3.781852;0.7253308:-3.813641;0.5986643:-3.654577;0.6073623:-3.746348;0.5542325:-3.712222;0.3627756:-3.629621;0.2337049:-3.515718;0.1243105:-3.597106;0.1349574:-3.580042;0.04819852:-3.768068;0.01179385:-3.64606,sigma3_hotel_seed42,3
HOTEL:biwi_hotel:143:6940,HOTEL,biwi_hotel:143,6940,triu,3.330009698867798,6.054551601409912,0.49:-6.76;0.57:-6.28;0.62:-5.82;0.65:-5.27;0.66:-4.78;0.73:-4.23;0.76:-3.68;0.79:-3.22,0.85:-2.71;0.87:-2.17;0.81:-1.69;0.8:-1.13;0.7:-0.65;0.73:-0.14;0.8:0.36;0.81:0.82;0.79:1.36;0.87:1.96;0.83:2.35;0.81:2.85,0.8029439:-3.234447;0.7661684:-3.3076;0.7779338:-3.33138;0.6823324:-3.199364;0.7063917:-3.271199;0.6675465:-3.251955;0.5294068:-3.169119;0.4240479:-3.077799;0.3433007:-3.155967;0.3626797:-3.132815;0.2945186:-3.300819;0.2802982:-3.181336,sigma3_hotel_seed42,3
HOTEL:biwi_hotel:143:6950,HOTEL,biwi_hotel:143,6950,triu,3.3292903900146484,6.010610580444336,0.57:-6.28;0.62:-5.82;0.65:-5.27;0.66:-4.78;0.73:-4.23;0.76:-3.68;0.79:-3.22;0.85:-2.71,0.87:-2.17;0.81:-1.69;0.8:-1.13;0.7:-0.65;0.73:-0.14;0.8:0.36;0.81:0.82;0.79:1.36;0.87:1.96;0.83:2.35;0.81:2.85;0.89:3.31,0.9102937:-2.725943;0.9102357:-2.808489;0.9688456:-2.836158;0.903994:-2.696665;0.9640872:-2.776891;0.9556836:-2.758132;0.8483698:-2.678888;0.769357:-2.575674;0.7124687:-2.653899;0.7746491:-2.645946;0.7359061:-2.821773;0.7465347:-2.698898,sigma3_hotel_seed42,3
HOTEL:biwi_hotel:144:6890,HOTEL,biwi_hotel:144,6890,triu,0.2627550065517425,0.5055713057518005,0.01:-6.93;0.01:-6.93;0.01:-6.93;-0.14:-6.84;-0.23:-6.9;-0.29:-6.79;-0.26:-6.82;-0.26:-6.81,-0.24:-6.9;-0.33:-6.83;-0.25:-6.9;-0.24:-6.91;-0.24:-6.91;-0.24:-6.91;-0.24:-6.91;-0.24:-6.91;-0.24:-6.91;-0.24:-6.91;-0.24:-6.91;-0.24:-6.91,-0.2730084:-6.811156;-0.3127234:-6.807829;-0.3439513:-6.811954;-0.3624242:-6.819596;-0.4184895:-6.828455;-0.46386:-6.801922;-0.5239036:-6.811145;-0.5444546:-6.83471;-0.592545:-6.81914;-0.6065083:-6.840402;-0.676722:-6.81252;-0.7341789:-6.803278,sigma3_hotel_seed42,3
HOTEL:biwi_hotel:144:6900,HOTEL,biwi_hotel:144,6900,triu,0.1633069068193435,0.2024860829114914,0.01:-6.93;0.01:-6.93;-0.14:-6.84;-0.23:-6.9;-0.29:-6.79;-0.26:-6.82;-0.26:-6.81;-0.24:-6.9,-0.33:-6.83;-0.25:-6.9;-0.24:-6.91;-0.24:-6.91;-0.24:-6.91;-0.24:-6.91;-0.24:-6.91;-0.24:-6.91;-0.24:-6.91;-0.24:-6.91;-0.24:-6.91;-0.24:-6.91,-0.19158:-6.906397;-0.1638027:-6.915397;-0.1415017:-6.913385;-0.1072326:-6.922542;-0.1043139:-6.929507;-0.08135878:-6.901615;-0.07614304:-6.904871;-0.0512455:-6.929256;-0.04464643:-6.944164;-0.02917543:-6.951703;-0.02433258:-6.931873;-0.03755449:-6.914053,sigma3_hotel_seed42,3
HOTEL:biwi_hotel:144:6910,HOTEL,biwi_hotel:144,6910,triu,0.7748435139656067,1.3098032474517822,0.01:-6.93;-0.14:-6.84;-0.23:-6.9;-0.29:-6.79;-0.26:-6.82;-0.26:-6.81;-0.24:-6.9;-0.33:-6.83,-0.25:-6.9;-0.24:-6.91;-0.24:-6.91;-0.24:-6.91;-0.24:-6.91;-0.24:-6.91;-0.24:-6.91;-0.24:-6.91;-0.24:-6.91;-0.24:-6.91;-0.24:-6.91;-0.26:-6.87,-0.4322708:-6.82596;-0.5471276:-6.814145;-0.6641991:-6.804745;-0.7566252:-6.814433;-0.8677683:-6.803996;-0.9683014:-6.780789;-1.071818:-6.777297;-1.15733:-6.800497;-1.257066:-6.79824;-1.350534:-6.800418;-1.456616:-6.760482;-1.563332:-6.73996,sigma3_hotel_seed42,3
HOTEL:biwi_hotel:144:6920,HOTEL,biwi_hotel:144,6920,triu,0.21883524954319,0.4140847623348236,-0.14:-6.84;-0.23:-6.9;-0.29:-6.79;-0.26:-6.82;-0.26:-6.81;-0.24:-6.9;-0.33:-6.83;-0.25:-6.9,-0.24:-6.91;-0.24:-6.91;-0.24:-6.91;-0.24:-6.91;-0.24:-6.91;-0.24:-6.91;-0.24:-6.91;-0.24:-6.91;-0.24:-6.91;-0.24:-6.91;-0.26:-6.87;-0.24:-6.9,-0.2082233:-6.901041;-0.1796847:-6.907435;-0.1567905:-6.908791;-0.1220909:-6.911421;-0.08591756:-6.920171;-0.04105598:-6.892751;-0.01415473:-6.906477;0.03529868:-6.924465;0.06486297:-6.936829;0.1051342:-6.960848;0.1432597:-6.923983;0.1738428:-6.914152,sigma3_hotel_seed42,3
HOTEL:biwi_hotel:144:6930,HOTEL,biwi_hotel:144,6930,triu,0.2621456682682037,0.5990048050880432,-0.23:-6.9;-0.29:-6.79;-0.26:-6.82;-0.26:-6.81;-0.24:-6.9;-0.33:-6.83;-0.25:-6.9;-0.24:-6.91,-0.24:-6.91;-0.24:-6.91;-0.24:-6.91;-0.24:-6.91;-0.24:-6.91;-0.24:-6.91;-0.24:-6.91;-0.24:-6.91;-0.24:-6.91;-0.26:-6.87;-0.24:-6.9;-0.24:-6.83,-0.2154064:-6.911663;-0.1975852:-6.912815;-0.1594253:-6.913885;-0.1123578:-6.916621;-0.07051001:-6.907699;-0.04234658:-6.922605;0.03882627:-6.90845;0.07223831:-6.92212;0.1119709:-6.932627;0.2007235:-6.941637;0.2485061:-6.968472;0.3439379:-6.963504,sigma3_hotel_seed42,3
HOTEL:biwi_hotel:144:6940,HOTEL,biwi_hotel:144,6940,triu,0.0519440211355686,0.0695318654179573,-0.29:-6.79;-0.26:-6.82;-0.26:-6.81;-0.24:-6.9;-0.33:-6.83;-0.25:-6.9;-0.24:-6.91;-0.24:-6.91,-0.24:-6.91;-0.24:-6.91;-0.24:-6.91;-0.24:-6.91;-0.24:-6.91;-0.24:-6.91;-0.24:-6.91;-0.24:-6.91;-0.26:-6.87;-0.24:-6.9;-0.24:-6.83;-0.24:-6.9,-0.2477189:-6.912218;-0.2631136:-6.91089;-0.2649378:-6.913575;-0.2649251:-6.911891;-0.2722181:-6.913;-0.29673:-6.917355;-0.3025115:-6.91256;-0.3050154:-6.921965;-0.3125331:-6.916358;-0.2871421:-6.920737;-0.313082:-6.940699;-0.2978148:-6.938628,sigma3_hotel_seed42,3
HOTEL:biwi_hotel:144:6950,HOTEL,biwi_hotel:144,6950,triu,0.137772187590599,0.2476772367954254,-0.26:-6.82;-0.26:-6.81;-0.24:-6.9;-0.33:-6.83;-0.25:-6.9;-0.24:-6.91;-0.24:-6.91;-0.24:-6.91,-0.24:-6.91;-0.24:-6.91;-0.24:-6.91;-0.24:-6.91;-0.24:-6.91;-0.24:-6.91;-0.24:-6.91;-0.26:-6.87;-0.24:-6.9;-0.24:-6.83;-0.24:-6.9;-0.24:-6.91,-0.2620084:-6.914094;-0.2817464:-6.913202;-0.2946099:-6.917883;-0.3225522:-6.91594;-0.3451946:-6.923267;-0.3655235:-6.914838;-0.3937283:-6.913766;-0.4187024:-6.917353;-0.4332267:-6.928797;-0.4430087:-6.921358;-0.4727148:-6.927876;-0.4871688:-6.925862,sigma3_hotel_seed42,3
HOTEL:biwi_hotel:144:6960,HOTEL,biwi_hotel:144,6960,triu,0.0502396710216999,0.0728324949741363,-0.26:-6.81;-0.24:-6.9;-0.33:-6.83;-0.25:-6.9;-0.24:-6.91;-0.24:-6.91;-0.24:-6.91;-0.24:-6.91,-0.24:-6.91;-0.24:-6.91;-0.24:-6.91;-0.24:-6.91;-0.24:-6.91;-0.24:-6.91;-0.26:-6.87;-0.24:-6.9;-0.24:-6.83;-0.24:-6.9;-0.24:-6.91;-0.24:-6.91,-0.247986:-6.912316;-0.2604309:-6.914968;-0.2622135:-6.913571;-0.2681784:-6.90916;-0.2692743:-6.912714;-0.2923361:-6.912381;-0.3005979:-6.912793;-0.304036:-6.915687;-0.3070386:-6.914087;-0.2907563:-6.916772;-0.3187594:-6.933915;-0.3100517:-6.929933,sigma3_hotel_seed42,3
HOTEL:biwi_hotel:144:6970,HOTEL,biwi_hotel:144,6970,triu,0.0558728538453578,0.1366273909807205,-0.24:-6.9;-0.33:-6.83;-0.25:-6.9;-0.24:-6.91;-0.24:-6.91;-0.24:-6.91;-0.24:-6.91;-0.24:-6.91,-0.24:-6.91;-0.24:-6.91;-0.24:-6.91;-0.24:-6.91;-0.24:-6.91;-0.26:-6.87;-0.24:-6.9;-0.24:-6.83;-0.24:-6.9;-0.24:-6.91;-0.24:-6.91;-0.24:-6.91,-0.241591:-6.91358;-0.2432376:-6.913318;-0.231957:-6.916822;-0.2267972:-6.91587;-0.2182831:-6.917646;-0.2149442:-6.917811;-0.1959669:-6.911508;-0.193043:-6.919966;-0.1810875:-6.933005;-0.1475918:-6.929639;-0.1439039:-6.945899;-0.1073373:-6.942675,sigma3_hotel_seed42,3
HOTEL:biwi_hotel:144:6980,HOTEL,biwi_hotel:144,6980,triu,0.181266114115715,0.3670312166213989,-0.33:-6.83;-0.25:-6.9;-0.24:-6.91;-0.24:-6.91;-0.24:-6.91;-0.24:-6.91;-0.24:-6.91;-0.24:-6.91,-0.24:-6.91;-0.24:-6.91;-0.24:-6.91;-0.24:-6.91;-0.26:-6.87;-0.24:-6.9;-0.24:-6.83;-0.24:-6.9;-0.24:-6.91;-0.24:-6.91;-0.24:-6.91;-0.24:-6.91,-0.2547373:-6.907297;-0.2788765:-6.89945;-0.3098009:-6.906437;-0.328509:-6.910549;-0.374364:-6.913974;-0.3979675:-6.902689;-0.4473554:-6.909783;-0.4582534:-6.923324;-0.5054924:-6.908382;-0.53189:-6.930353;-0.5537661:-6.893309;-0.6067962:-6.896868,sigma3_hotel_seed42,3
HOTEL:biwi_hotel:144:6990,HOTEL,biwi_hotel:144,6990,triu,0.0559449009597301,0.0817874893546104,-0.25:-6.9;-0.24:-6.91;-0.24:-6.91;-0.24:-6.91;-0.24:-6.91;-0.24:-6.91;-0.24:-6.91;-0.24:-6.91,-0.24:-6.91;-0.24:-6.91;-0.24:-6.91;-0.26:-6.87;-0.24:-6.9;-0.24:-6.83;-0.24:-6.9;-0.24:-6.91;-0.24:-6.91;-0.24:-6.91;-0.24:-6.91;-0.24:-6.91,-0.2522075:-6.91146;-0.2557444:-6.909164;-0.2622429:-6.911721;-0.2734884:-6.911447;-0.2844304:-6.911535;-0.2920271:-6.914468;-0.2973272:-6.913735;-0.3037882:-6.917354;-0.3114827:-6.921868;-0.3173159:-6.920662;-0.3158582:-6.922093;-0.319495:-6.929228,sigma3_hotel_seed42,3
HOTEL:biwi_hotel:144:7000,HOTEL,biwi_hotel:144,7000,triu,0.0821861550211906,0.1574792563915252,-0.24:-6.91;-0.24:-6.91;-0.24:-6.91;-0.24:-6.91;-0.24:-6.91;-0.24:-6.91;-0.24:-6.91;-0.24:-6.91,-0.24:-6.91;-0.24:-6.91;-0.26:-6.87;-0.24:-6.9;-0.24:-6.83;-0.24:-6.9;-0.24:-6.91;-0.24:-6.91;-0.24:-6.91;-0.24:-6.91;-0.24:-6.91;-0.24:-6.91,-0.2503717:-6.910133;-0.2530726:-6.91024;-0.2657743:-6.910204;-0.2812432:-6.906161;-0.2925733:-6.908556;-0.3091672:-6.909744;-0.3322273:-6.915839;-0.3358749:-6.914138;-0.3479344:-6.908045;-0.3661222:-6.912235;-0.3761435:-6.909788;-0.3971948:-6.919461,sigma3_hotel_seed42,3
HOTEL:biwi_hotel:144:7010,HOTEL,biwi_hotel:144,7010,triu,0.0836718678474426,0.1574792563915252,-0.24:-6.91;-0.24:-6.91;-0.24:-6.91;-0.24:-6.91;-0.24:-6.91;-0.24:-6.91;-0.24:-6.91;-0.24:-6.91,-0.24:-6.91;-0.26:-6.87;-0.24:-6.9;-0.24:-6.83;-0.24:-6.9;-0.24:-6.91;-0.24:-6.91;-0.24:-6.91;-0.24:-6.91;-0.24:-6.91;-0.24:-6.91;-0.24:-6.91,-0.2503717:-6.910133;-0.2530726:-6.91024;-0.2657743:-6.910204;-0.2812432:-6.906161;-0.2925733:-6.908556;-0.3091672:-6.909744;-0.3322273:-6.915839;-0.3358749:-6.914138;-0.3479344:-6.908045;-0.3661222:-6.912235;-0.3761435:-6.909788;-0.3971948:-6.919461,sigma3_hotel_seed42,3
HOTEL:biwi_hotel:144:7020,HOTEL,biwi_hotel:144,7020,triu,0.0851396694779396,0.1574792563915252,-0.24:-6.91;-0.24:-6.91;-0.24:-6.91;-0.24:-6.91;-0.24:-6.91;-0.24:-6.91;-0.24:-6.91;-0.24:-6.91,-0.26:-6.87;-0.24:-6.9;-0.24:-6.83;-0.24:-6.9;-0.24:-6.91;-0.24:-6.91;-0.24:-6.91;-0.24:-6.91;-0.24:-6.91;-0.24:-6.91;-0.24:-6.91;-0.24:-6.91,-0.2503717:-6.910133;-0.2530726:-6.91024;-0.2657743:-6.910204;-0.2812432:-6.906161;-0.2925733:-6.908556;-0.3091672:-6.909744;-0.3322273:-6.915839;-0.3358749:-6.914138;-0.3479344:-6.908045;-0.3661222:-6.912235;-0.3761435:-6.909788;-0.3971948:-6.919461,sigma3_hotel_seed42,3
HOTEL:biwi_hotel:144:7030,HOTEL,biwi_hotel:144,7030,triu,0.2801898121833801,0.5186201930046082,-0.24:-6.91;-0.24:-6.91;-0.24:-6.91;-0.24:-6.91;-0.24:-6.91;-0.24:-6.91;-0.24:-6.91;-0.26:-6.87,-0.24:-6.9;-0.24:-6.83;-0.24:-6.9;-0.24:-6.91;-0.24:-6.91;-0.24:-6.91;-0.24:-6.91;-0.24:-6.91;-0.24:-6.91;-0.24:-6.91;-0.24:-6.91;-0.24:-6.91,-0.2872224:-6.867175;-0.3286747:-6.86202;-0.377749:-6.862077;-0.4081433:-6.868376;-0.4617745:-6.871232;-0.4909298:-6.842898;-0.5465345:-6.853909;-0.5651152:-6.873988;-0.6171856:-6.869527;-0.6558827:-6.890493;-0.6908512:-6.838583;-0.7526878:-6.831781,sigma3_hotel_seed42,3
HOTEL:biwi_hotel:144:7040,HOTEL,biwi_hotel:144,7040,triu,0.064741738140583,0.1265097260475158,-0.24:-6.91;-0.24:-6.91;-0.24:-6.91;-0.24:-6.91;-0.24:-6.91;-0.24:-6.91;-0.26:-6.87;-0.24:-6.9,-0.24:-6.83;-0.24:-6.9;-0.24:-6.91;-0.24:-6.91;-0.24:-6.91;-0.24:-6.91;-0.24:-6.91;-0.24:-6.91;-0.24:-6.91;-0.24:-6.91;-0.24:-6.91;-0.24:-6.91,-0.2481813:-6.898311;-0.2411886:-6.901313;-0.2515389:-6.905629;-0.2815999:-6.89733;-0.2871199:-6.90784;-0.2768535:-6.898023;-0.3075017:-6.914283;-0.3110906:-6.899193;-0.3250087:-6.908393;-0.3577322:-6.919505;-0.3336159:-6.891683;-0.3663833:-6.904345,sigma3_hotel_seed42,3
HOTEL:biwi_hotel:144:7050,HOTEL,biwi_hotel:144,7050,triu,0.0782967284321785,0.07868292927742,-0.24:-6.91;-0.24:-6.91;-0.24:-6.91;-0.24:-6.91;-0.24:-6.91;-0.26:-6.87;-0.24:-6.9;-0.24:-6.83,-0.24:-6.9;-0.24:-6.91;-0.24:-6.91;-0.24:-6.91;-0.24:-6.91;-0.24:-6.91;-0.24:-6.91;-0.24:-6.91;-0.24:-6.91;-0.24:-6.91;-0.24:-6.91;-0.24:-6.91,-0.2291304:-6.825493;-0.2162137:-6.826002;-0.2211993:-6.831311;-0.2220039:-6.827941;-0.2231374:-6.836786;-0.2066573:-6.823779;-0.2268472:-6.84329;-0.2024697:-6.843461;-0.2170102:-6.836145;-0.227054:-6.865845;-0.1966958:-6.822037;-0.2188226:-6.83422,sigma3_hotel_seed42,3
HOTEL:biwi_hotel:144:7060,HOTEL,biwi_hotel:144,7060,triu,0.170313075184822,0.3467139899730682,-0.24:-6.91;-0.24:-6.91;-0.24:-6.91;-0.24:-6.91;-0.26:-6.87;-0.24:-6.9;-0.24:-6.83;-0.24:-6.9,-0.24:-6.91;-0.24:-6.91;-0.24:-6.91;-0.24:-6.91;-0.24:-6.91;-0.24:-6.91;-0.24:-6.91;-0.24:-6.91;-0.24:-6.91;-0.24:-6.91;-0.24:-6.91;-0.24:-6.91,-0.2523034:-6.898873;-0.2804813:-6.898556;-0.3140082:-6.894928;-0.3313037:-6.902401;-0.373024:-6.906004;-0.390555:-6.873314;-0.4273578:-6.885295;-0.4374375:-6.906237;-0.4771227:-6.909493;-0.5053671:-6.928354;-0.5319898:-6.879114;-0.5841444:-6.867866,sigma3_hotel_seed42,3
HOTEL:biwi_hotel:144:7070,HOTEL,biwi_hotel:144,7070,triu,0.0422534197568893,0.0550506860017776,-0.24:-6.91;-0.24:-6.91;-0.24:-6.91;-0.26:-6.87;-0.24:-6.9;-0.24:-6.83;-0.24:-6.9;-0.24:-6.91,-0.24:-6.91;-0.24:-6.91;-0.24:-6.91;-0.24:-6.91;-0.24:-6.91;-0.24:-6.91;-0.24:-6.91;-0.24:-6.91;-0.24:-6.91;-0.24:-6.91;-0.24:-6.91;-0.24:-6.91,-0.251499:-6.912799;-0.2569337:-6.907439;-0.2602824:-6.91488;-0.2673909:-6.915692;-0.2807321:-6.916852;-0.2848992:-6.918724;-0.2887195:-6.912937;-0.2948597:-6.923225;-0.3011837:-6.930432;-0.2960841:-6.925474;-0.2952174:-6.931414;-0.2875435:-6.937752,sigma3_hotel_seed42,3
HOTEL:biwi_hotel:145:6970,HOTEL,biwi_hotel:145,6970,triu,3.8727314472198486,7.746541976928711,2.46:2.98;2.51:2.45;2.6:1.9;2.66:1.36;2.68:0.84;2.69:0.31;2.53:-0.18;2.36:-0.61,2.17:-1.09;1.95:-1.56;1.85:-1.99;1.85:-2.54;1.82:-3.13;1.99:-3.67;2.1:-4.27;2.27:-4.96;2.44:-5.52;2.53:-6.17;2.57:-6.81;2.59:-7.47,2.129881:-0.620483;1.872944:-0.6635838;1.657829:-0.675828;1.365598:-0.5421866;1.164101:-0.6029025;0.9313176:-0.5483659;0.5741394:-0.4432814;0.2811358:-0.3837699;0.02643776:-0.4685994;-0.161896:-0.3675317;-0.4515944:-0.5400839;-0.6235032:-0.4214319,sigma3_hotel_seed42,3
HOTEL:biwi_hotel:145:6980,HOTEL,biwi_hotel:145,6980,triu,4.0801777839660645,8.021422386169434,2.51:2.45;2.6:1.9;2.66:1.36;2.68:0.84;2.69:0.31;2.53:-0.18;2.36:-0.61;2.17:-1.09,1.95:-1.56;1.85:-1.99;1.85:-2.54;1.82:-3.13;1.99:-3.67;2.1:-4.27;2.27:-4.96;2.44:-5.52;2.53:-6.17;2.57:-6.81;2.59:-7.47;2.56:-8.12,1.9379:-1.100365;1.677961:-1.149387;1.455828:-1.17302;1.143226:-1.016591;0.9339668:-1.09219;0.6974692:-1.029291;0.3062384:-0.9211928;0.004193783:-0.8505614;-0.2662916:-0.9333866;-0.4644415:-0.8359926;-0.7592771:-1.017771;-0.9413435:-0.9030887,sigma3_hotel_seed42,3
HOTEL:biwi_hotel:145:6990,HOTEL,biwi_hotel:145,6990,triu,4.44279670715332,8.523343086242676,2.6:1.9;2.66:1.36;2.68:0.84;2.69:0.31;2.53:-0.18;2.36:-0.61;2.17:-1.09;1.95:-1.56,1.85:-1.99;1.85:-2.54;1.82:-3.13;1.99:-3.67;2.1:-4.27;2.27:-4.96;2.44:-5.52;2.53:-6.17;2.57:-6.81;2.59:-7.47;2.56:-8.12;2.56:-8.78,1.67979:-1.570807;1.380577:-1.617358;1.124595:-1.641462;0.7754272:-1.478388;0.5228491:-1.5581;0.2503612:-1.482914;-0.1869276:-1.370393;-0.5261135:-1.302281;-0.8317904:-1.387448;-1.061384:-1.275942;-1.403933:-1.465707;-1.615366:-1.349408,sigma3_hotel_seed42,3
HOTEL:biwi_hotel:145:7000,HOTEL,biwi_hotel:145,7000,triu,4.132192134857178,7.783444881439209,2.66:1.36;2.68:0.84;2.69:0.31;2.53:-0.18;2.36:-0.61;2.17:-1.09;1.95:-1.56;1.85:-1.99,1.85:-2.54;1.82:-3.13;1.99:-3.67;2.1:-4.27;2.27:-4.96;2.44:-5.52;2.53:-6.17;2.57:-6.81;2.59:-7.47;2.56:-8.12;2.56:-8.78;2.53:-9.4,1.75685:-2.000558;1.640026:-2.049305;1.54945:-2.060132;1.393694:-1.953925;1.342206:-1.99984;1.237924:-1.985186;1.048456:-1.894908;0.8894434:-1.834796;0.7629043:-1.912259;0.6899185:-1.854736;0.5615654:-1.999387;0.497466:-1.886624,sigma3_hotel_seed42,3
HOTEL:biwi_hotel:150:7030,HOTEL,biwi_hotel:150,7030,triu,1.857097148895264,3.494004487991333,2.97:-1.62;2.9:-1.71;2.83:-1.94;2.73:-2.11;2.53:-2.26;2.49:-2.4;2.43:-2.48;2.46:-2.56,2.37:-2.66;2.12:-2.79;1.93:-2.92;1.68:-3.13;1.43:-3.28;1.18:-3.44;0.97:-3.61;0.78:-3.76;0.55:-3.82;0.32:-3.86;0.1:-3.95;-0.15:-4.08,2.516819:-2.564571;2.552264:-2.570178;2.58627:-2.575447;2.641329:-2.584567;2.674773:-2.594434;2.725873:-2.559008;2.766737:-2.570078;2.825058:-2.605439;2.868556:-2.617521;2.932583:-2.638501;2.965408:-2.608406;3.015841:-2.60165,sigma3_hotel_seed42,3
HOTEL:biwi_hotel:150:7040,HOTEL,biwi_hotel:150,7040,triu,1.3171303272247314,2.3655965328216557,2.9:-1.71;2.83:-1.94;2.73:-2.11;2.53:-2.26;2.49:-2.4;2.43:-2.48;2.46:-2.56;2.37:-2.66,2.12:-2.79;1.93:-2.92;1.68:-3.13;1.43:-3.28;1.18:-3.44;0.97:-3.61;0.78:-3.76;0.55:-3.82;0.32:-3.86;0.1:-3.95;-0.15:-4.08;-0.44:-4.16,2.290562:-2.658838;2.182302:-2.655779;2.089682:-2.640454;2.01948:-2.653133;1.92718:-2.646338;1.830815:-2.616572;1.749082:-2.612826;1.67132:-2.637918;1.586487:-2.641696;1.527015:-2.64784;1.407433:-2.618352;1.318029:-2.577161,sigma3_hotel_seed42,3
HOTEL:biwi_hotel:150:7050,HOTEL,biwi_hotel:150,7050,triu,1.0218653678894043,1.7717400789260864,2.83:-1.94;2.73:-2.11;2.53:-2.26;2.49:-2.4;2.43:-2.48;2.46:-2.56;2.37:-2.66;2.12:-2.79,1.93:-2.92;1.68:-3.13;1.43:-3.28;1.18:-3.44;0.97:-3.61;0.78:-3.76;0.55:-3.82;0.32:-3.86;0.1:-3.95;-0.15:-4.08;-0.44:-4.16;-0.69:-4.28,1.925218:-2.795857;1.738301:-2.790173;1.555997:-2.770754;1.374951:-2.753675;1.194116:-2.732672;1.006352:-2.723353;0.851215:-2.655044;0.6489648:-2.673332;0.4933002:-2.717771;0.3115404:-2.632632;0.1142924:-2.691498;-0.03296685:-2.634591,sigma3_hotel_seed42,3
HOTEL:biwi_hotel:150:7060,HOTEL,biwi_hotel:150,7060,triu,1.0488697290420532,1.861430048942566,2.73:-2.11;2.53:-2.26;2.49:-2.4;2.43:-2.48;2.46:-2.56;2.37:-2.66;2.12:-2.79;1.93:-2.92,1.68:-3.13;1.43:-3.28;1.18:-3.44;0.97:-3.61;0.78:-3.76;0.55:-3.82;0.32:-3.86;0.1:-3.95;-0.15:-4.08;-0.44:-4.16;-0.69:-4.28;-0.81:-4.5,1.747607:-2.918024;1.565833:-2.904636;1.379583:-2.89185;1.208245:-2.882877;1.032019:-2.867382;0.8626319:-2.843853;0.6974554:-2.809997;0.5307732:-2.830706;0.3771459:-2.84604;0.206597:-2.804847;0.03135824:-2.802884;-0.1224538:-2.770202,sigma3_hotel_seed42,3
HOTEL:biwi_hotel:150:7070,HOTEL,biwi_hotel:150,7070,triu,0.9355700016021729,1.828065037727356,2.53:-2.26;2.49:-2.4;2.43:-2.48;2.46:-2.56;2.37:-2.66;2.12:-2.79;1.93:-2.92;1.68:-3.13,1.43:-3.28;1.18:-3.44;0.97:-3.61;0.78:-3.76;0.55:-3.82;0.32:-3.86;0.1:-3.95;-0.15:-4.08;-0.44:-4.16;-0.69:-4.28;-0.81:-4.5;-1.08:-4.74,1.470725:-3.135377;1.270576:-3.127656;1.073326:-3.110096;0.8772464:-3.089511;0.6804411:-3.06975;0.4802128:-3.056908;0.3067702:-2.987361;0.09263456:-3.006582;-0.07561004:-3.048873;-0.272025:-2.960606;-0.483368:-3.019139;-0.6426982:-2.96501,sigma3_hotel_seed42,3
HOTEL:biwi_hotel:150:7080,HOTEL,biwi_hotel:150,7080,triu,0.9098535180091858,1.8091686964035036,2.49:-2.4;2.43:-2.48;2.46:-2.56;2.37:-2.66;2.12:-2.79;1.93:-2.92;1.68:-3.13;1.43:-3.28,1.18:-3.44;0.97:-3.61;0.78:-3.76;0.55:-3.82;0.32:-3.86;0.1:-3.95;-0.15:-4.08;-0.44:-4.16;-0.69:-4.28;-0.81:-4.5;-1.08:-4.74;-1.24:-4.9,1.187182:-3.278483;0.9504614:-3.26189;0.7089765:-3.248993;0.4784005:-3.228612;0.2428104:-3.211884;0.01570356:-3.184272;-0.2072437:-3.134344;-0.4343046:-3.155545;-0.635861:-3.174066;-0.8630301:-3.108819;-1.099784:-3.127368;-1.297435:-3.091743,sigma3_hotel_seed42,3
HOTEL:biwi_hotel:150:7090,HOTEL,biwi_hotel:150,7090,triu,0.8757586479187012,1.7643378973007202,2.43:-2.48;2.46:-2.56;2.37:-2.66;2.12:-2.79;1.93:-2.92;1.68:-3.13;1.43:-3.28;1.18:-3.44,0.97:-3.61;0.78:-3.76;0.55:-3.82;0.32:-3.86;0.1:-3.95;-0.15:-4.08;-0.44:-4.16;-0.69:-4.28;-0.81:-4.5;-1.08:-4.74;-1.24:-4.9;-1.28:-5.02,0.9481293:-3.440587;0.7195181:-3.427766;0.4930621:-3.406032;0.2792095:-3.395738;0.06254351:-3.369889;-0.1619827:-3.355032;-0.3535292:-3.298435;-0.5782355:-3.319505;-0.7634292:-3.346132;-0.9734195:-3.276857;-1.204792:-3.309134;-1.387651:-3.258949,sigma3_hotel_seed42,3
HOTEL:biwi_hotel:150:7100,HOTEL,biwi_hotel:150,7100,triu,0.8318040370941162,1.6877413988113403,2.46:-2.56;2.37:-2.66;2.12:-2.79;1.93:-2.92;1.68:-3.13;1.43:-3.28;1.18:-3.44;0.97:-3.61,0.78:-3.76;0.55:-3.82;0.32:-3.86;0.1:-3.95;-0.15:-4.08;-0.44:-4.16;-0.69:-4.28;-0.81:-4.5;-1.08:-4.74;-1.24:-4.9;-1.28:-5.02;-1.32:-5.1,0.7414094:-3.611049;0.5182539:-3.599148;0.2952231:-3.580433;0.0816282:-3.564731;-0.1332787:-3.542528;-0.3522506:-3.525977;-0.5468146:-3.467616;-0.7692618:-3.48719;-0.9539593:-3.515521;-1.164523:-3.443433;-1.390996:-3.479249;-1.571362:-3.431082,sigma3_hotel_seed42,3
HOTEL:biwi_hotel:150:7110,HOTEL,biwi_hotel:150,7110,triu,0.8288555145263672,1.691376566886902,2.37:-2.66;2.12:-2.79;1.93:-2.92;1.68:-3.13;1.43:-3.28;1.18:-3.44;0.97:-3.61;0.78:-3.76,0.55:-3.82;0.32:-3.86;0.1:-3.95;-0.15:-4.08;-0.44:-4.16;-0.69:-4.28;-0.81:-4.5;-1.08:-4.74;-1.24:-4.9;-1.28:-5.02;-1.32:-5.1;-1.27:-5.29,0.5881735:-3.759031;0.3907298:-3.749824;0.1987324:-3.728552;0.02259928:-3.724164;-0.1560235:-3.702107;-0.3467157:-3.686885;-0.507183:-3.64428;-0.6923426:-3.662914;-0.8502057:-3.682294;-1.018456:-3.637025;-1.216639:-3.652206;-1.373387:-3.601786,sigma3_hotel_seed42,3
HOTEL:biwi_hotel:156:7480,HOTEL,biwi_hotel:156,7480,triu,4.348443984985352,7.798429012298584,1.42:-9.38;1.45:-8.78;1.46:-8.11;1.34:-7.43;1.36:-6.75;1.47:-5.97;1.45:-5.29;1.45:-4.59,1.38:-3.87;1.34:-3.2;1.24:-2.49;1.19:-1.82;1.27:-1.17;1.32:-0.52;1.32:0.11;1.33:0.72;1.23:1.36;1.15:1.93;1.09:2.57;1.01:3.19,1.461648:-4.605928;1.387809:-4.724387;1.379359:-4.774055;1.186737:-4.554948;1.16805:-4.69066;1.086563:-4.625353;0.7831272:-4.543526;0.6041885:-4.377326;0.4351424:-4.466388;0.433527:-4.465957;0.3099461:-4.698756;0.228564:-4.569179,sigma3_hotel_seed42,3
HOTEL:biwi_hotel:157:7480,HOTEL,biwi_hotel:157,7480,triu,4.365367889404297,7.879427909851074,2.25:-9.31;2.17:-8.67;2.12:-8.01;2.04:-7.34;2.05:-6.68;2.11:-5.99;2.06:-5.28;2.08:-4.58,2.13:-3.92;2.18:-3.24;2.16:-2.54;2.01:-1.81;1.97:-1.14;1.89:-0.48;1.88:0.13;1.89:0.75;1.79:1.39;1.83:2.03;1.77:2.66;1.69:3.27,2.088945:-4.595865;2.010884:-4.716518;1.998838:-4.76715;1.799078:-4.543669;1.776015:-4.682419;1.690309:-4.614571;1.376146:-4.532754;1.191415:-4.362683;1.015903:-4.452429;1.010867:-4.452639;0.8826045:-4.688674;0.7959309:-4.558539,sigma3_hotel_seed42,3
HOTEL:biwi_hotel:174:9260,HOTEL,biwi_hotel:174,9260,triu,3.614138841629028,6.623077392578125,0.95:1.71;0.96:1.25;0.95:0.75;1:0.25;0.99:-0.25;0.97:-0.75;1.04:-1.28;1.02:-1.8,1.01:-2.3;1.03:-2.84;0.96:-3.38;0.97:-3.92;0.99:-4.48;0.95:-5.03;0.99:-5.57;1.05:-6.07;1:-6.55;0.98:-7.08;0.94:-7.57;0.83:-8.09,0.9258566:-1.812047;0.7767774:-1.900497;0.6683623:-1.934933;0.4270369:-1.751437;0.3376654:-1.854241;0.1963898:-1.798415;-0.1395261:-1.708819;-0.3628832:-1.583403;-0.5671006:-1.670508;-0.658844:-1.632571;-0.8360795:-1.834242;-0.9590482:-1.713131,sigma3_hotel_seed42,3
HOTEL:biwi_hotel:174:9270,HOTEL,biwi_hotel:174,9270,triu,3.599290132522583,6.56965446472168,0.96:1.25;0.95:0.75;1:0.25;0.99:-0.25;0.97:-0.75;1.04:-1.28;1.02:-1.8;1.01:-2.3,1.03:-2.84;0.96:-3.38;0.97:-3.92;0.99:-4.48;0.95:-5.03;0.99:-5.57;1.05:-6.07;1:-6.55;0.98:-7.08;0.94:-7.57;0.83:-8.09;0.8:-8.61,0.9294502:-2.312209;0.7972364:-2.394589;0.7061634:-2.425132;0.4915774:-2.25632;0.4217589:-2.34887;0.2971247:-2.302722;0.00246954:-2.213859;-0.1996406:-2.098827;-0.3798388:-2.184158;-0.4543971:-2.146908;-0.6123035:-2.338296;-0.7148349:-2.217376,sigma3_hotel_seed42,3
HOTEL:biwi_hotel:175:9260,HOTEL,biwi_hotel:175,9260,triu,3.396738290786743,6.064528465270996,1.64:2;1.63:1.5;1.62:1.01;1.61:0.49;1.64:-0.01;1.6:-0.5;1.58:-1.01;1.64:-1.52,1.66:-2.04;1.76:-2.55;1.83:-3.11;1.83:-3.65;1.9:-4.22;1.8:-4.76;1.76:-5.28;1.61:-5.79;1.58:-6.22;1.45:-6.7;1.33:-7.16;1.31:-7.57,1.687769:-1.535673;1.665502:-1.629663;1.707824:-1.662011;1.606063:-1.500446;1.648108:-1.595216;1.618574:-1.565579;1.460099:-1.486356;1.351368:-1.361197;1.263081:-1.443726;1.312029:-1.44164;1.251383:-1.634003;1.237111:-1.50591,sigma3_hotel_seed42,3
HOTEL:biwi_hotel:175:9270,HOTEL,biwi_hotel:175,9270,triu,3.472620964050293,6.173731803894043,1.63:1.5;1.62:1.01;1.61:0.49;1.64:-0.01;1.6:-0.5;1.58:-1.01;1.64:-1.52;1.66:-2.04,1.76:-2.55;1.83:-3.11;1.83:-3.65;1.9:-4.22;1.8:-4.76;1.76:-5.28;1.61:-5.79;1.58:-6.22;1.45:-6.7;1.33:-7.16;1.31:-7.57;1.29:-8.06,1.616716:-2.05343;1.511896:-2.145552;1.456655:-2.180382;1.261767:-2.001305;1.217565:-2.103846;1.114831:-2.055403;0.8358328:-1.969524;0.6509173:-1.841616;0.4848542:-1.927404;0.4424326:-1.902918;0.3047519:-2.10375;0.2181081:-1.980033,sigma3_hotel_seed42,3
HOTEL:biwi_hotel:180:9370,HOTEL,biwi_hotel:180,9370,triu,0.0773876011371612,0.1574793010950088,-1.09:-6.72;-1.09:-6.72;-1.09:-6.72;-1.09:-6.72;-1.09:-6.72;-1.09:-6.72;-1.09:-6.72;-1.09:-6.72,-1.09:-6.72;-1.09:-6.72;-1.09:-6.72;-1.09:-6.72;-1.09:-6.72;-1.09:-6.72;-1.09:-6.72;-1.09:-6.72;-1.09:-6.72;-1.11:-6.79;-1.09:-6.73;-1.09:-6.72,-1.100372:-6.720133;-1.103073:-6.72024;-1.115774:-6.720204;-1.131243:-6.716161;-1.142573:-6.718556;-1.159167:-6.719744;-1.182227:-6.725839;-1.185875:-6.724138;-1.197935:-6.718045;-1.216122:-6.722235;-1.226144:-6.719788;-1.247195:-6.729461,sigma3_hotel_seed42,3
HOTEL:biwi_hotel:180:9380,HOTEL,biwi_hotel:180,9380,triu,0.0778655782341957,0.1574793010950088,-1.09:-6.72;-1.09:-6.72;-1.09:-6.72;-1.09:-6.72;-1.09:-6.72;-1.09:-6.72;-1.09:-6.72;-1.09:-6.72,-1.09:-6.72;-1.09:-6.72;-1.09:-6.72;-1.09:-6.72;-1.09:-6.72;-1.09:-6.72;-1.09:-6.72;-1.09:-6.72;-1.11:-6.79;-1.09:-6.73;-1.09:-6.72;-1.09:-6.72,-1.100372:-6.720133;-1.103073:-6.72024;-1.115774:-6.720204;-1.131243:-6.716161;-1.142573:-6.718556;-1.159167:-6.719744;-1.182227:-6.725839;-1.185875:-6.724138;-1.197935:-6.718045;-1.216122:-6.722235;-1.226144:-6.719788;-1.247195:-6.729461,sigma3_hotel_seed42,3
HOTEL:biwi_hotel:180:9390,HOTEL,biwi_hotel:180,9390,triu,0.0778041034936904,0.1574793010950088,-1.09:-6.72;-1.09:-6.72;-1.09:-6.72;-1.09:-6.72;-1.09:-6.72;-1.09:-6.72;-1.09:-6.72;-1.09:-6.72,-1.09:-6.72;-1.09:-6.72;-1.09:-6.72;-1.09:-6.72;-1.09:-6.72;-1.09:-6.72;-1.09:-6.72;-1.11:-6.79;-1.09:-6.73;-1.09:-6.72;-1.09:-6.72;-1.09:-6.72,-1.100372:-6.720133;-1.103073:-6.72024;-1.115774:-6.720204;-1.131243:-6.716161;-1.142573:-6.718556;-1.159167:-6.719744;-1.182227:-6.725839;-1.185875:-6.724138;-1.197935:-6.718045;-1.216122:-6.722235;-1.226144:-6.719788;-1.247195:-6.729461,sigma3_hotel_seed42,3
HOTEL:biwi_hotel:180:9400,HOTEL,biwi_hotel:180,9400,triu,0.0777321085333824,0.1574793010950088,-1.09:-6.72;-1.09:-6.72;-1.09:-6.72;-1.09:-6.72;-1.09:-6.72;-1.09:-6.72;-1.09:-6.72;-1.09:-6.72,-1.09:-6.72;-1.09:-6.72;-1.09:-6.72;-1.09:-6.72;-1.09:-6.72;-1.09:-6.72;-1.11:-6.79;-1.09:-6.73;-1.09:-6.72;-1.09:-6.72;-1.09:-6.72;-1.09:-6.72,-1.100372:-6.720133;-1.103073:-6.72024;-1.115774:-6.720204;-1.131243:-6.716161;-1.142573:-6.718556;-1.159167:-6.719744;-1.182227:-6.725839;-1.185875:-6.724138;-1.197935:-6.718045;-1.216122:-6.722235;-1.226144:-6.719788;-1.247195:-6.729461,sigma3_hotel_seed42,3
HOTEL:biwi_hotel:180:9410,HOTEL,biwi_hotel:180,9410,triu,0.078749231994152,0.1574793010950088,-1.09:-6.72;-1.09:-6.72;-1.09:-6.72;-1.09:-6.72;-1.09:-6.72;-1.09:-6.72;-1.09:-6.72;-1.09:-6.72,-1.09:-6.72;-1.09:-6.72;-1.09:-6.72;-1.09:-6.72;-1.09:-6.72;-1.11:-6.79;-1.09:-6.73;-1.09:-6.72;-1.09:-6.72;-1.09:-6.72;-1.09:-6.72;-1.09:-6.72,-1.100372:-6.720133;-1.103073:-6.72024;-1.115774:-6.720204;-1.131243:-6.716161;-1.142573:-6.718556;-1.159167:-6.719744;-1.182227:-6.725839;-1.185875:-6.724138;-1.197935:-6.718045;-1.216122:-6.722235;-1.226144:-6.719788;-1.247195:-6.729461,sigma3_hotel_seed42,3
HOTEL:biwi_hotel:180:9420,HOTEL,biwi_hotel:180,9420,triu,0.0795982852578163,0.1574793010950088,-1.09:-6.72;-1.09:-6.72;-1.09:-6.72;-1.09:-6.72;-1.09:-6.72;-1.09:-6.72;-1.09:-6.72;-1.09:-6.72,-1.09:-6.72;-1.09:-6.72;-1.09:-6.72;-1.09:-6.72;-1.11:-6.79;-1.09:-6.73;-1.09:-6.72;-1.09:-6.72;-1.09:-6.72;-1.09:-6.72;-1.09:-6.72;-1.09:-6.72,-1.100372:-6.720133;-1.103073:-6.72024;-1.115774:-6.720204;-1.131243:-6.716161;-1.142573:-6.718556;-1.159167:-6.719744;-1.182227:-6.725839;-1.185875:-6.724138;-1.197935:-6.718045;-1.216122:-6.722235;-1.226144:-6.719788;-1.247195:-6.729461,sigma3_hotel_seed42,3
HOTEL:biwi_hotel:180:9430,HOTEL,biwi_hotel:180,9430,triu,0.0804268345236778,0.1574793010950088,-1.09:-6.72;-1.09:-6.72;-1.09:-6.72;-1.09:-6.72;-1.09:-6.72;-1.09:-6.72;-1.09:-6.72;-1.09:-6.72,-1.09:-6.72;-1.09:-6.72;-1.09:-6.72;-1.11:-6.79;-1.09:-6.73;-1.09:-6.72;-1.09:-6.72;-1.09:-6.72;-1.09:-6.72;-1.09:-6.72;-1.09:-6.72;-1.09:-6.72,-1.100372:-6.720133;-1.103073:-6.72024;-1.115774:-6.720204;-1.131243:-6.716161;-1.142573:-6.718556;-1.159167:-6.719744;-1.182227:-6.725839;-1.185875:-6.724138;-1.197935:-6.718045;-1.216122:-6.722235;-1.226144:-6.719788;-1.247195:-6.729461,sigma3_hotel_seed42,3
HOTEL:biwi_hotel:180:9440,HOTEL,biwi_hotel:180,9440,triu,0.0812366008758544,0.1574793010950088,-1.09:-6.72;-1.09:-6.72;-1.09:-6.72;-1.09:-6.72;-1.09:-6.72;-1.09:-6.72;-1.09:-6.72;-1.09:-6.72,-1.09:-6.72;-1.09:-6.72;-1.11:-6.79;-1.09:-6.73;-1.09:-6.72;-1.09:-6.72;-1.09:-6.72;-1.09:-6.72;-1.09:-6.72;-1.09:-6.72;-1.09:-6.72;-1.09:-6.72,-1.100372:-6.720133;-1.103073:-6.72024;-1.115774:-6.720204;-1.131243:-6.716161;-1.142573:-6.718556;-1.159167:-6.719744;-1.182227:-6.725839;-1.185875:-6.724138;-1.197935:-6.718045;-1.216122:-6.722235;-1.226144:-6.719788;-1.247195:-6.729461,sigma3_hotel_seed42,3
HOTEL:biwi_hotel:180:9450,HOTEL,biwi_hotel:180,9450,triu,0.0822770223021507,0.1574793010950088,-1.09:-6.72;-1.09:-6.72;-1.09:-6.72;-1.09:-6.72;-1.09:-6.72;-1.09:-6.72;-1.09:-6.72;-1.09:-6.72,-1.09:-6.72;-1.11:-6.79;-1.09:-6.73;-1.09:-6.72;-1.09:-6.72;-1.09:-6.72;-1.09:-6.72;-1.09:-6.72;-1.09:-6.72;-1.09:-6.72;-1.09:-6.72;-1.09:-6.72,-1.100372:-6.720133;-1.103073:-6.72024;-1.115774:-6.720204;-1.131243:-6.716161;-1.142573:-6.718556;-1.159167:-6.719744;-1.182227:-6.725839;-1.185875:-6.724138;-1.197935:-6.718045;-1.216122:-6.722235;-1.226144:-6.719788;-1.247195:-6.729461,sigma3_hotel_seed42,3
HOTEL:biwi_hotel:180:9460,HOTEL,biwi_hotel:180,9460,triu,0.0812279358506202,0.1403224021196365,-1.09:-6.72;-1.09:-6.72;-1.09:-6.72;-1.09:-6.72;-1.09:-6.72;-1.09:-6.72;-1.09:-6.72;-1.09:-6.72,-1.11:-6.79;-1.09:-6.73;-1.09:-6.72;-1.09:-6.72;-1.09:-6.72;-1.09:-6.72;-1.09:-6.72;-1.09:-6.72;-1.09:-6.72;-1.09:-6.72;-1.09:-6.72;-1.11:-6.7,-1.100372:-6.720133;-1.103073:-6.72024;-1.115774:-6.720204;-1.131243:-6.716161;-1.142573:-6.718556;-1.159167:-6.719744;-1.182227:-6.725839;-1.185875:-6.724138;-1.197935:-6.718045;-1.216122:-6.722235;-1.226144:-6.719788;-1.247195:-6.729461,sigma3_hotel_seed42,3
HOTEL:biwi_hotel:180:9470,HOTEL,biwi_hotel:180,9470,triu,0.1706423312425613,0.2869970798492431,-1.09:-6.72;-1.09:-6.72;-1.09:-6.72;-1.09:-6.72;-1.09:-6.72;-1.09:-6.72;-1.09:-6.72;-1.11:-6.79,-1.09:-6.73;-1.09:-6.72;-1.09:-6.72;-1.09:-6.72;-1.09:-6.72;-1.09:-6.72;-1.09:-6.72;-1.09:-6.72;-1.09:-6.72;-1.09:-6.72;-1.11:-6.7;-1.11:-6.7,-1.120285:-6.792479;-1.142775:-6.796116;-1.167891:-6.78717;-1.180463:-6.794584;-1.211474:-6.792527;-1.22906:-6.771451;-1.250856:-6.767226;-1.26925:-6.785961;-1.299659:-6.804373;-1.325377:-6.80322;-1.350673:-6.782758;-1.391142:-6.757676,sigma3_hotel_seed42,3
HOTEL:biwi_hotel:180:9480,HOTEL,biwi_hotel:180,9480,triu,0.0662165209650993,0.0712663903832435,-1.09:-6.72;-1.09:-6.72;-1.09:-6.72;-1.09:-6.72;-1.09:-6.72;-1.09:-6.72;-1.11:-6.79;-1.09:-6.73,-1.09:-6.72;-1.09:-6.72;-1.09:-6.72;-1.09:-6.72;-1.09:-6.72;-1.09:-6.72;-1.09:-6.72;-1.09:-6.72;-1.09:-6.72;-1.11:-6.7;-1.11:-6.7;-1.11:-6.7,-1.061646:-6.730481;-1.051266:-6.735257;-1.04985:-6.73459;-1.034247:-6.741309;-1.041541:-6.748396;-1.026132:-6.719061;-1.035721:-6.732782;-1.014459:-6.751092;-1.024844:-6.754643;-1.023438:-6.779695;-1.015949:-6.734319;-1.043076:-6.724497,sigma3_hotel_seed42,3
HOTEL:biwi_hotel:180:9490,HOTEL,biwi_hotel:180,9490,triu,0.2785602211952209,0.4966177344322204,-1.09:-6.72;-1.09:-6.72;-1.09:-6.72;-1.09:-6.72;-1.09:-6.72;-1.11:-6.79;-1.09:-6.73;-1.09:-6.72,-1.09:-6.72;-1.09:-6.72;-1.09:-6.72;-1.09:-6.72;-1.09:-6.72;-1.09:-6.72;-1.09:-6.72;-1.09:-6.72;-1.11:-6.7;-1.11:-6.7;-1.11:-6.7;-1.11:-6.7,-1.140442:-6.723126;-1.174611:-6.722157;-1.219372:-6.722239;-1.286466:-6.719451;-1.322824:-6.719237;-1.344934:-6.71453;-1.388986:-6.706828;-1.448115:-6.697444;-1.475373:-6.726311;-1.537418:-6.708224;-1.555334:-6.700013;-1.606544:-6.691464,sigma3_hotel_seed42,3
HOTEL:biwi_hotel:180:9500,HOTEL,biwi_hotel:180,9500,triu,0.0218936279416084,0.0437354668974876,-1.09:-6.72;-1.09:-6.72;-1.09:-6.72;-1.09:-6.72;-1.11:-6.79;-1.09:-6.73;-1.09:-6.72;-1.09:-6.72,-1.09:-6.72;-1.09:-6.72;-1.09:-6.72;-1.09:-6.72;-1.09:-6.72;-1.09:-6.72;-1.09:-6.72;-1.11:-6.7;-1.11:-6.7;-1.11:-6.7;-1.11:-6.7;-1.11:-6.7,-1.095859:-6.720351;-1.090895:-6.724068;-1.097306:-6.7202;-1.109827:-6.715104;-1.106984:-6.716486;-1.113742:-6.717451;-1.121508:-6.724543;-1.12063:-6.718657;-1.120365:-6.71973;-1.135124:-6.722513;-1.132889:-6.720414;-1.144253:-6.727194,sigma3_hotel_seed42,3
HOTEL:biwi_hotel:180:9510,HOTEL,biwi_hotel:180,9510,triu,0.3250906765460968,0.6181293725967407,-1.09:-6.72;-1.09:-6.72;-1.09:-6.72;-1.11:-6.79;-1.09:-6.73;-1.09:-6.72;-1.09:-6.72;-1.09:-6.72,-1.09:-6.72;-1.09:-6.72;-1.09:-6.72;-1.09:-6.72;-1.09:-6.72;-1.09:-6.72;-1.11:-6.7;-1.11:-6.7;-1.11:-6.7;-1.11:-6.7;-1.11:-6.7;-1.11:-6.7,-1.136911:-6.723843;-1.182234:-6.720284;-1.225414:-6.724629;-1.287026:-6.724473;-1.342954:-6.728994;-1.389976:-6.721047;-1.455482:-6.716886;-1.515593:-6.716134;-1.559525:-6.726451;-1.609552:-6.716478;-1.665849:-6.715348;-1.728056:-6.709512,sigma3_hotel_seed42,3
HOTEL:biwi_hotel:180:9520,HOTEL,biwi_hotel:180,9520,triu,0.2961059808731079,0.5976834297180176,-1.09:-6.72;-1.09:-6.72;-1.11:-6.79;-1.09:-6.73;-1.09:-6.72;-1.09:-6.72;-1.09:-6.72;-1.09:-6.72,-1.09:-6.72;-1.09:-6.72;-1.09:-6.72;-1.09:-6.72;-1.09:-6.72;-1.11:-6.7;-1.11:-6.7;-1.11:-6.7;-1.11:-6.7;-1.11:-6.7;-1.11:-6.7;-1.11:-6.7,-1.114725:-6.720929;-1.167977:-6.71356;-1.214546:-6.717353;-1.240739:-6.729475;-1.314777:-6.733337;-1.370437:-6.706815;-1.438293:-6.711389;-1.47092:-6.741765;-1.531398:-6.725508;-1.557902:-6.744415;-1.637089:-6.711223;-1.707683:-6.700353,sigma3_hotel_seed42,3
HOTEL:biwi_hotel:180:9530,HOTEL,biwi_hotel:180,9530,triu,0.09019336104393,0.2221958637237548,-1.09:-6.72;-1.11:-6.79;-1.09:-6.73;-1.09:-6.72;-1.09:-6.72;-1.09:-6.72;-1.09:-6.72;-1.09:-6.72,-1.09:-6.72;-1.09:-6.72;-1.09:-6.72;-1.09:-6.72;-1.11:-6.7;-1.11:-6.7;-1.11:-6.7;-1.11:-6.7;-1.11:-6.7;-1.11:-6.7;-1.11:-6.7;-1.11:-6.7,-1.086774:-6.722217;-1.089758:-6.723404;-1.075362:-6.723184;-1.059868:-6.72348;-1.045296:-6.720041;-1.048269:-6.728078;-1.015669:-6.720069;-1.00737:-6.728392;-0.9941139:-6.73357;-0.9454499:-6.738503;-0.9413419:-6.761023;-0.8947463:-6.755107,sigma3_hotel_seed42,3
HOTEL:biwi_hotel:180:9540,HOTEL,biwi_hotel:180,9540,triu,0.0761333703994751,0.1558035314083099,-1.11:-6.79;-1.09:-6.73;-1.09:-6.72;-1.09:-6.72;-1.09:-6.72;-1.09:-6.72;-1.09:-6.72;-1.09:-6.72,-1.09:-6.72;-1.09:-6.72;-1.09:-6.72;-1.11:-6.7;-1.11:-6.7;-1.11:-6.7;-1.11:-6.7;-1.11:-6.7;-1.11:-6.7;-1.11:-6.7;-1.11:-6.7;-1.11:-6.7,-1.084613:-6.720872;-1.074718:-6.716851;-1.069544:-6.725453;-1.062585:-6.725191;-1.059483:-6.729103;-1.041765:-6.724549;-1.037193:-6.725276;-1.021017:-6.736506;-1.016777:-6.742629;-1.002404:-6.748064;-0.9776381:-6.737083;-0.9607276:-6.744637,sigma3_hotel_seed42,3
HOTEL:biwi_hotel:180:9550,HOTEL,biwi_hotel:180,9550,triu,0.0528304018080234,0.1120430454611778,-1.09:-6.73;-1.09:-6.72;-1.09:-6.72;-1.09:-6.72;-1.09:-6.72;-1.09:-6.72;-1.09:-6.72;-1.09:-6.72,-1.09:-6.72;-1.09:-6.72;-1.11:-6.7;-1.11:-6.7;-1.11:-6.7;-1.11:-6.7;-1.11:-6.7;-1.11:-6.7;-1.11:-6.7;-1.11:-6.7;-1.11:-6.7;-1.11:-6.7,-1.100633:-6.720199;-1.098757:-6.718858;-1.107101:-6.721385;-1.123201:-6.719656;-1.138775:-6.722504;-1.144737:-6.722378;-1.160651:-6.728815;-1.166504:-6.727174;-1.179682:-6.727928;-1.200283:-6.730532;-1.195205:-6.721993;-1.216113:-6.735968,sigma3_hotel_seed42,3
HOTEL:biwi_hotel:180:9560,HOTEL,biwi_hotel:180,9560,triu,0.0652172788977623,0.1403224021196365,-1.09:-6.72;-1.09:-6.72;-1.09:-6.72;-1.09:-6.72;-1.09:-6.72;-1.09:-6.72;-1.09:-6.72;-1.09:-6.72,-1.09:-6.72;-1.11:-6.7;-1.11:-6.7;-1.11:-6.7;-1.11:-6.7;-1.11:-6.7;-1.11:-6.7;-1.11:-6.7;-1.11:-6.7;-1.11:-6.7;-1.11:-6.7;-1.11:-6.7,-1.100372:-6.720133;-1.103073:-6.72024;-1.115774:-6.720204;-1.131243:-6.716161;-1.142573:-6.718556;-1.159167:-6.719744;-1.182227:-6.725839;-1.185875:-6.724138;-1.197935:-6.718045;-1.216122:-6.722235;-1.226144:-6.719788;-1.247195:-6.729461,sigma3_hotel_seed42,3
HOTEL:biwi_hotel:180:9570,HOTEL,biwi_hotel:180,9570,triu,0.0662126466631889,0.1403224021196365,-1.09:-6.72;-1.09:-6.72;-1.09:-6.72;-1.09:-6.72;-1.09:-6.72;-1.09:-6.72;-1.09:-6.72;-1.09:-6.72,-1.11:-6.7;-1.11:-6.7;-1.11:-6.7;-1.11:-6.7;-1.11:-6.7;-1.11:-6.7;-1.11:-6.7;-1.11:-6.7;-1.11:-6.7;-1.11:-6.7;-1.11:-6.7;-1.11:-6.7,-1.100372:-6.720133;-1.103073:-6.72024;-1.115774:-6.720204;-1.131243:-6.716161;-1.142573:-6.718556;-1.159167:-6.719744;-1.182227:-6.725839;-1.185875:-6.724138;-1.197935:-6.718045;-1.216122:-6.722235;-1.226144:-6.719788;-1.247195:-6.729461,sigma3_hotel_seed42,3
HOTEL:biwi_hotel:180:9580,HOTEL,biwi_hotel:180,9580,triu,0.2836416959762573,0.5272031426429749,-1.09:-6.72;-1.09:-6.72;-1.09:-6.72;-1.09:-6.72;-1.09:-6.72;-1.09:-6.72;-1.09:-6.72;-1.11:-6.7,-1.11:-6.7;-1.11:-6.7;-1.11:-6.7;-1.11:-6.7;-1.11:-6.7;-1.11:-6.7;-1.11:-6.7;-1.11:-6.7;-1.11:-6.7;-1.11:-6.7;-1.11:-6.7;-1.11:-6.7,-1.152483:-6.699649;-1.186097:-6.694568;-1.233305:-6.701041;-1.292178:-6.698034;-1.337801:-6.701175;-1.356919:-6.693305;-1.416929:-6.691337;-1.463318:-6.686001;-1.505924:-6.699197;-1.564072:-6.697975;-1.575931:-6.672138;-1.636394:-6.6708,sigma3_hotel_seed42,3
HOTEL:biwi_hotel:180:9590,HOTEL,biwi_hotel:180,9590,triu,0.0501801967620849,0.0874713882803917,-1.09:-6.72;-1.09:-6.72;-1.09:-6.72;-1.09:-6.72;-1.09:-6.72;-1.09:-6.72;-1.11:-6.7;-1.11:-6.7,-1.11:-6.7;-1.11:-6.7;-1.11:-6.7;-1.11:-6.7;-1.11:-6.7;-1.11:-6.7;-1.11:-6.7;-1.11:-6.7;-1.11:-6.7;-1.11:-6.7;-1.11:-6.7;-1.11:-6.7,-1.122669:-6.701056;-1.121351:-6.701017;-1.135648:-6.698736;-1.151056:-6.693738;-1.153183:-6.693285;-1.155239:-6.69305;-1.165401:-6.69308;-1.169741:-6.692357;-1.16864:-6.698343;-1.190762:-6.691414;-1.186998:-6.68779;-1.197154:-6.692555,sigma3_hotel_seed42,3
HOTEL:biwi_hotel:180:9600,HOTEL,biwi_hotel:180,9600,triu,0.0060589001514017,0.0065630143508315,-1.09:-6.72;-1.09:-6.72;-1.09:-6.72;-1.09:-6.72;-1.09:-6.72;-1.11:-6.7;-1.11:-6.7;-1.11:-6.7,-1.11:-6.7;-1.11:-6.7;-1.11:-6.7;-1.11:-6.7;-1.11:-6.7;-1.11:-6.7;-1.11:-6.7;-1.11:-6.7;-1.11:-6.7;-1.11:-6.7;-1.11:-6.7;-1.11:-6.7,-1.111825:-6.700252;-1.104637:-6.705231;-1.109333:-6.69946;-1.116276:-6.693103;-1.104962:-6.692904;-1.110127:-6.695581;-1.111411:-6.701069;-1.105252:-6.695287;-1.098178:-6.695037;-1.10602:-6.698439;-1.102053:-6.699911;-1.104773:-6.703969,sigma3_hotel_seed42,3
HOTEL:biwi_hotel:180:9610,HOTEL,biwi_hotel:180,9610,triu,0.0430516898632049,0.0913857072591781,-1.09:-6.72;-1.09:-6.72;-1.09:-6.72;-1.09:-6.72;-1.11:-6.7;-1.11:-6.7;-1.11:-6.7;-1.11:-6.7,-1.11:-6.7;-1.11:-6.7;-1.11:-6.7;-1.11:-6.7;-1.11:-6.7;-1.11:-6.7;-1.11:-6.7;-1.11:-6.7;-1.11:-6.7;-1.11:-6.7;-1.11:-6.7;-1.11:-6.7,-1.115124:-6.699955;-1.114136:-6.702653;-1.122452:-6.700161;-1.133017:-6.695042;-1.134627:-6.696683;-1.149926:-6.699368;-1.165237:-6.706437;-1.16324:-6.702613;-1.1687:-6.695696;-1.179569:-6.702633;-1.186955:-6.703319;-1.200721:-6.711002,sigma3_hotel_seed42,3
HOTEL:biwi_hotel:180:9620,HOTEL,biwi_hotel:180,9620,triu,0.145614206790924,0.2976144850254059,-1.09:-6.72;-1.09:-6.72;-1.09:-6.72;-1.11:-6.7;-1.11:-6.7;-1.11:-6.7;-1.11:-6.7;-1.11:-6.7,-1.11:-6.7;-1.11:-6.7;-1.11:-6.7;-1.11:-6.7;-1.11:-6.7;-1.11:-6.7;-1.11:-6.7;-1.11:-6.7;-1.11:-6.7;-1.11:-6.7;-1.11:-6.7;-1.11:-6.7,-1.118883:-6.701196;-1.142615:-6.696697;-1.16194:-6.703642;-1.173398:-6.707264;-1.211969:-6.715738;-1.23949:-6.697715;-1.283448:-6.704127;-1.292145:-6.723186;-1.325178:-6.712608;-1.331201:-6.726736;-1.373852:-6.708061;-1.40753:-6.707099,sigma3_hotel_seed42,3
HOTEL:biwi_hotel:180:9630,HOTEL,biwi_hotel:180,9630,triu,0.1805444508790969,0.391247421503067,-1.09:-6.72;-1.09:-6.72;-1.11:-6.7;-1.11:-6.7;-1.11:-6.7;-1.11:-6.7;-1.11:-6.7;-1.11:-6.7,-1.11:-6.7;-1.11:-6.7;-1.11:-6.7;-1.11:-6.7;-1.11:-6.7;-1.11:-6.7;-1.11:-6.7;-1.11:-6.7;-1.11:-6.7;-1.11:-6.7;-1.11:-6.7;-1.11:-6.7,-1.113323:-6.702978;-1.146293:-6.700435;-1.176315:-6.700396;-1.186104:-6.715139;-1.241773:-6.721392;-1.272548:-6.678788;-1.316249:-6.692242;-1.327921:-6.729042;-1.365828:-6.7247;-1.383012:-6.743837;-1.443409:-6.697062;-1.500989:-6.685774,sigma3_hotel_seed42,3
HOTEL:biwi_hotel:180:9640,HOTEL,biwi_hotel:180,9640,triu,0.0333545058965683,0.070194736123085,-1.09:-6.72;-1.11:-6.7;-1.11:-6.7;-1.11:-6.7;-1.11:-6.7;-1.11:-6.7;-1.11:-6.7;-1.11:-6.7,-1.11:-6.7;-1.11:-6.7;-1.11:-6.7;-1.11:-6.7;-1.11:-6.7;-1.11:-6.7;-1.11:-6.7;-1.11:-6.7;-1.11:-6.7;-1.11:-6.7;-1.11:-6.7;-1.11:-6.7,-1.100994:-6.701514;-1.106638:-6.696414;-1.116021:-6.703352;-1.108716:-6.712148;-1.133564:-6.716133;-1.133628:-6.694733;-1.149523:-6.700405;-1.139808:-6.728044;-1.155978:-6.724891;-1.152668:-6.741622;-1.161184:-6.707945;-1.179776:-6.707658,sigma3_hotel_seed42,3
HOTEL:biwi_hotel:180:9650,HOTEL,biwi_hotel:180,9650,triu,0.0774196907877922,0.1575961112976074,-1.11:-6.7;-1.11:-6.7;-1.11:-6.7;-1.11:-6.7;-1.11:-6.7;-1.11:-6.7;-1.11:-6.7;-1.11:-6.7,-1.11:-6.7;-1.11:-6.7;-1.11:-6.7;-1.11:-6.7;-1.11:-6.7;-1.11:-6.7;-1.11:-6.7;-1.11:-6.7;-1.11:-6.7;-1.11:-6.7;-1.11:-6.7;-1.11:-6.7,-1.120373:-6.700131;-1.123072:-6.700236;-1.135771:-6.700207;-1.151249:-6.696167;-1.162604:-6.698569;-1.179197:-6.69975;-1.202274:-6.705858;-1.205929:-6.704152;-1.218011:-6.698056;-1.236215:-6.702254;-1.246231:-6.69979;-1.267311:-6.709478,sigma3_hotel_seed42,3
HOTEL:biwi_hotel:180:9660,HOTEL,biwi_hotel:180,9660,triu,0.0773748382925987,0.1574793010950088,-1.11:-6.7;-1.11:-6.7;-1.11:-6.7;-1.11:-6.7;-1.11:-6.7;-1.11:-6.7;-1.11:-6.7;-1.11:-6.7,-1.11:-6.7;-1.11:-6.7;-1.11:-6.7;-1.11:-6.7;-1.11:-6.7;-1.11:-6.7;-1.11:-6.7;-1.11:-6.7;-1.11:-6.7;-1.11:-6.7;-1.11:-6.7;-1.11:-6.7,-1.120372:-6.700133;-1.123073:-6.70024;-1.135774:-6.700204;-1.151243:-6.696161;-1.162573:-6.698556;-1.179167:-6.699744;-1.202227:-6.705839;-1.205875:-6.704138;-1.217934:-6.698045;-1.236122:-6.702235;-1.246144:-6.699788;-1.267195:-6.709461,sigma3_hotel_seed42,3
HOTEL:biwi_hotel:180:9670,HOTEL,biwi_hotel:180,9670,triu,0.0773748382925987,0.1574793010950088,-1.11:-6.7;-1.11:-6.7;-1.11:-6.7;-1.11:-6.7;-1.11:-6.7;-1.11:-6.7;-1.11:-6.7;-1.11:-6.7,-1.11:-6.7;-1.11:-6.7;-1.11:-6.7;-1.11:-6.7;-1.11:-6.7;-1.11:-6.7;-1.11:-6.7;-1.11:-6.7;-1.11:-6.7;-1.11:-6.7;-1.11:-6.7;-1.11:-6.7,-1.120372:-6.700133;-1.123073:-6.70024;-1.135774:-6.700204;-1.151243:-6.696161;-1.162573:-6.698556;-1.179167:-6.699744;-1.202227:-6.705839;-1.205875:-6.704138;-1.217934:-6.698045;-1.236122:-6.702235;-1.246144:-6.699788;-1.267195:-6.709461,sigma3_hotel_seed42,3
HOTEL:biwi_hotel:180:9680,HOTEL,biwi_hotel:180,9680,triu,0.0773748382925987,0.1574793010950088,-1.11:-6.7;-1.11:-6.7;-1.11:-6.7;-1.11:-6.7;-1.11:-6.7;-1.11:-6.7;-1.11:-6.7;-1.11:-6.7,-1.11:-6.7;-1.11:-6.7;-1.11:-6.7;-1.11:-6.7;-1.11:-6.7;-1.11:-6.7;-1.11:-6.7;-1.11:-6.7;-1.11:-6.7;-1.11:-6.7;-1.11:-6.7;-1.11:-6.7,-1.120372:-6.700133;-1.123073:-6.70024;-1.135774:-6.700204;-1.151243:-6.696161;-1.162573:-6.698556;-1.179167:-6.699744;-1.202227:-6.705839;-1.205875:-6.704138;-1.217934:-6.698045;-1.236122:-6.702235;-1.246144:-6.699788;-1.267195:-6.709461,sigma3_hotel_seed42,3
HOTEL:biwi_hotel:180:9690,HOTEL,biwi_hotel:180,9690,triu,0.0773748382925987,0.1574793010950088,-1.11:-6.7;-1.11:-6.7;-1.11:-6.7;-1.11:-6.7;-1.11:-6.7;-1.11:-6.7;-1.11:-6.7;-1.11:-6.7,-1.11:-6.7;-1.11:-6.7;-1.11:-6.7;-1.11:-6.7;-1.11:-6.7;-1.11:-6.7;-1.11:-6.7;-1.11:-6.7;-1.11:-6.7;-1.11:-6.7;-1.11:-6.7;-1.11:-6.7,-1.120372:-6.700133;-1.123073:-6.70024;-1.135774:-6.700204;-1.151243:-6.696161;-1.162573:-6.698556;-1.179167:-6.699744;-1.202227:-6.705839;-1.205875:-6.704138;-1.217934:-6.698045;-1.236122:-6.702235;-1.246144:-6.699788;-1.267195:-6.709461,sigma3_hotel_seed42,3
HOTEL:biwi_hotel:180:9700,HOTEL,biwi_hotel:180,9700,triu,0.0773748829960823,0.1574794203042984,-1.11:-6.7;-1.11:-6.7;-1.11:-6.7;-1.11:-6.7;-1.11:-6.7;-1.11:-6.7;-1.11:-6.7;-1.11:-6.7,-1.11:-6.7;-1.11:-6.7;-1.11:-6.7;-1.11:-6.7;-1.11:-6.7;-1.11:-6.7;-1.11:-6.7;-1.11:-6.7;-1.11:-6.7;-1.11:-6.7;-1.11:-6.7;-1.11:-6.7,-1.120372:-6.700133;-1.123073:-6.70024;-1.135774:-6.700204;-1.151243:-6.696161;-1.162573:-6.698556;-1.179167:-6.699744;-1.202227:-6.705839;-1.205875:-6.704138;-1.217934:-6.698045;-1.236122:-6.702235;-1.246144:-6.699788;-1.267195:-6.709461,sigma3_hotel_seed42,3
HOTEL:biwi_hotel:180:9710,HOTEL,biwi_hotel:180,9710,triu,0.0773748382925987,0.1574793010950088,-1.11:-6.7;-1.11:-6.7;-1.11:-6.7;-1.11:-6.7;-1.11:-6.7;-1.11:-6.7;-1.11:-6.7;-1.11:-6.7,-1.11:-6.7;-1.11:-6.7;-1.11:-6.7;-1.11:-6.7;-1.11:-6.7;-1.11:-6.7;-1.11:-6.7;-1.11:-6.7;-1.11:-6.7;-1.11:-6.7;-1.11:-6.7;-1.11:-6.7,-1.120372:-6.700133;-1.123073:-6.70024;-1.135774:-6.700204;-1.151243:-6.69616;-1.162573:-6.698556;-1.179167:-6.699744;-1.202227:-6.705839;-1.205875:-6.704138;-1.217934:-6.698045;-1.236122:-6.702235;-1.246143:-6.699788;-1.267195:-6.709461,sigma3_hotel_seed42,3
HOTEL:biwi_hotel:180:9720,HOTEL,biwi_hotel:180,9720,triu,0.0773748233914375,0.1574793010950088,-1.11:-6.7;-1.11:-6.7;-1.11:-6.7;-1.11:-6.7;-1.11:-6.7;-1.11:-6.7;-1.11:-6.7;-1.11:-6.7,-1.11:-6.7;-1.11:-6.7;-1.11:-6.7;-1.11:-6.7;-1.11:-6.7;-1.11:-6.7;-1.11:-6.7;-1.11:-6.7;-1.11:-6.7;-1.11:-6.7;-1.11:-6.7;-1.11:-6.7,-1.120372:-6.700133;-1.123073:-6.70024;-1.135774:-6.700204;-1.151243:-6.696161;-1.162573:-6.698556;-1.179167:-6.699744;-1.202227:-6.705839;-1.205875:-6.704138;-1.217934:-6.698045;-1.236122:-6.702235;-1.246143:-6.699788;-1.267195:-6.709461,sigma3_hotel_seed42,3
HOTEL:biwi_hotel:180:9730,HOTEL,biwi_hotel:180,9730,triu,0.0773748084902763,0.1574791818857193,-1.11:-6.7;-1.11:-6.7;-1.11:-6.7;-1.11:-6.7;-1.11:-6.7;-1.11:-6.7;-1.11:-6.7;-1.11:-6.7,-1.11:-6.7;-1.11:-6.7;-1.11:-6.7;-1.11:-6.7;-1.11:-6.7;-1.11:-6.7;-1.11:-6.7;-1.11:-6.7;-1.11:-6.7;-1.11:-6.7;-1.11:-6.7;-1.11:-6.7,-1.120372:-6.700133;-1.123073:-6.70024;-1.135774:-6.700204;-1.151243:-6.696161;-1.162573:-6.698556;-1.179167:-6.699744;-1.202227:-6.705839;-1.205875:-6.704138;-1.217934:-6.698045;-1.236122:-6.702235;-1.246143:-6.699788;-1.267195:-6.709461,sigma3_hotel_seed42,3
HOTEL:biwi_hotel:180:9740,HOTEL,biwi_hotel:180,9740,triu,0.0773748382925987,0.1574793010950088,-1.11:-6.7;-1.11:-6.7;-1.11:-6.7;-1.11:-6.7;-1.11:-6.7;-1.11:-6.7;-1.11:-6.7;-1.11:-6.7,-1.11:-6.7;-1.11:-6.7;-1.11:-6.7;-1.11:-6.7;-1.11:-6.7;-1.11:-6.7;-1.11:-6.7;-1.11:-6.7;-1.11:-6.7;-1.11:-6.7;-1.11:-6.7;-1.11:-6.7,-1.120372:-6.700133;-1.123073:-6.70024;-1.135774:-6.700204;-1.151243:-6.696161;-1.162573:-6.698556;-1.179167:-6.699744;-1.202227:-6.705839;-1.205875:-6.704138;-1.217934:-6.698045;-1.236122:-6.702235;-1.246143:-6.699788;-1.267195:-6.709461,sigma3_hotel_seed42,3
HOTEL:biwi_hotel:180:9750,HOTEL,biwi_hotel:180,9750,triu,0.0773748084902763,0.1574791818857193,-1.11:-6.7;-1.11:-6.7;-1.11:-6.7;-1.11:-6.7;-1.11:-6.7;-1.11:-6.7;-1.11:-6.7;-1.11:-6.7,-1.11:-6.7;-1.11:-6.7;-1.11:-6.7;-1.11:-6.7;-1.11:-6.7;-1.11:-6.7;-1.11:-6.7;-1.11:-6.7;-1.11:-6.7;-1.11:-6.7;-1.11:-6.7;-1.11:-6.7,-1.120372:-6.700133;-1.123073:-6.70024;-1.135774:-6.700204;-1.151243:-6.696161;-1.162573:-6.698556;-1.179167:-6.699744;-1.202227:-6.705839;-1.205875:-6.704138;-1.217934:-6.698045;-1.236122:-6.702235;-1.246143:-6.699788;-1.267195:-6.709461,sigma3_hotel_seed42,3
HOTEL:biwi_hotel:180:9760,HOTEL,biwi_hotel:180,9760,triu,0.0773748382925987,0.1574793010950088,-1.11:-6.7;-1.11:-6.7;-1.11:-6.7;-1.11:-6.7;-1.11:-6.7;-1.11:-6.7;-1.11:-6.7;-1.11:-6.7,-1.11:-6.7;-1.11:-6.7;-1.11:-6.7;-1.11:-6.7;-1.11:-6.7;-1.11:-6.7;-1.11:-6.7;-1.11:-6.7;-1.11:-6.7;-1.11:-6.7;-1.11:-6.7;-1.11:-6.7,-1.120372:-6.700133;-1.123073:-6.70024;-1.135774:-6.700204;-1.151243:-6.696161;-1.162573:-6.698556;-1.179167:-6.699744;-1.202227:-6.705839;-1.205875:-6.704138;-1.217934:-6.698045;-1.236122:-6.702235;-1.246143:-6.699788;-1.267195:-6.709461,sigma3_hotel_seed42,3
HOTEL:biwi_hotel:180:9770,HOTEL,biwi_hotel:180,9770,triu,0.0773748382925987,0.1574793010950088,-1.11:-6.7;-1.11:-6.7;-1.11:-6.7;-1.11:-6.7;-1.11:-6.7;-1.11:-6.7;-1.11:-6.7;-1.11:-6.7,-1.11:-6.7;-1.11:-6.7;-1.11:-6.7;-1.11:-6.7;-1.11:-6.7;-1.11:-6.7;-1.11:-6.7;-1.11:-6.7;-1.11:-6.7;-1.11:-6.7;-1.11:-6.7;-1.11:-6.7,-1.120372:-6.700133;-1.123073:-6.70024;-1.135774:-6.700204;-1.151243:-6.696161;-1.162573:-6.698556;-1.179167:-6.699744;-1.202227:-6.705839;-1.205875:-6.704138;-1.217934:-6.698045;-1.236122:-6.702235;-1.246144:-6.699788;-1.267195:-6.709461,sigma3_hotel_seed42,3
HOTEL:biwi_hotel:180:9780,HOTEL,biwi_hotel:180,9780,triu,0.0773748382925987,0.1574793010950088,-1.11:-6.7;-1.11:-6.7;-1.11:-6.7;-1.11:-6.7;-1.11:-6.7;-1.11:-6.7;-1.11:-6.7;-1.11:-6.7,-1.11:-6.7;-1.11:-6.7;-1.11:-6.7;-1.11:-6.7;-1.11:-6.7;-1.11:-6.7;-1.11:-6.7;-1.11:-6.7;-1.11:-6.7;-1.11:-6.7;-1.11:-6.7;-1.11:-6.7,-1.120372:-6.700133;-1.123073:-6.70024;-1.135774:-6.700204;-1.151243:-6.696161;-1.162573:-6.698556;-1.179167:-6.699744;-1.202227:-6.705839;-1.205875:-6.704138;-1.217934:-6.698045;-1.236122:-6.702235;-1.246144:-6.699788;-1.267195:-6.709461,sigma3_hotel_seed42,3
HOTEL:biwi_hotel:180:9790,HOTEL,biwi_hotel:180,9790,triu,0.0773748382925987,0.1574793010950088,-1.11:-6.7;-1.11:-6.7;-1.11:-6.7;-1.11:-6.7;-1.11:-6.7;-1.11:-6.7;-1.11:-6.7;-1.11:-6.7,-1.11:-6.7;-1.11:-6.7;-1.11:-6.7;-1.11:-6.7;-1.11:-6.7;-1.11:-6.7;-1.11:-6.7;-1.11:-6.7;-1.11:-6.7;-1.11:-6.7;-1.11:-6.7;-1.11:-6.7,-1.120372:-6.700133;-1.123073:-6.70024;-1.135774:-6.700204;-1.151243:-6.696161;-1.162573:-6.698556;-1.179167:-6.699744;-1.202227:-6.705839;-1.205875:-6.704138;-1.217934:-6.698045;-1.236122:-6.702235;-1.246144:-6.699788;-1.267195:-6.709461,sigma3_hotel_seed42,3
HOTEL:biwi_hotel:180:9800,HOTEL,biwi_hotel:180,9800,triu,0.0773748382925987,0.1574793010950088,-1.11:-6.7;-1.11:-6.7;-1.11:-6.7;-1.11:-6.7;-1.11:-6.7;-1.11:-6.7;-1.11:-6.7;-1.11:-6.7,-1.11:-6.7;-1.11:-6.7;-1.11:-6.7;-1.11:-6.7;-1.11:-6.7;-1.11:-6.7;-1.11:-6.7;-1.11:-6.7;-1.11:-6.7;-1.11:-6.7;-1.11:-6.7;-1.11:-6.7,-1.120372:-6.700133;-1.123073:-6.70024;-1.135774:-6.700204;-1.151243:-6.696161;-1.162573:-6.698556;-1.179167:-6.699744;-1.202227:-6.705839;-1.205875:-6.704138;-1.217934:-6.698045;-1.236122:-6.702235;-1.246144:-6.699788;-1.267195:-6.709461,sigma3_hotel_seed42,3
HOTEL:biwi_hotel:181:9400,HOTEL,biwi_hotel:181,9400,triu,4.160665035247803,7.665877819061279,1.17:-9.88;1.21:-9.22;1.39:-8.65;1.58:-8.14;1.54:-7.67;1.58:-7.1;1.73:-6.55;1.8:-5.92,1.88:-5.25;1.99:-4.66;2.06:-4.12;2.12:-3.45;2.14:-2.76;2.12:-2.17;2.22:-1.52;2.21:-0.82;2.16:-0.18;2.27:0.47;2.15:1.13;2.13:1.71,1.873215:-5.936992;1.864192:-6.04584;1.926334:-6.087218;1.8204:-5.901246;1.869534:-6.016233;1.847638:-5.974515;1.665511:-5.897143;1.555755:-5.751089;1.460205:-5.835219;1.524723:-5.844108;1.466362:-6.055432;1.44962:-5.925625,sigma3_hotel_seed42,3
HOTEL:biwi_hotel:181:9410,HOTEL,biwi_hotel:181,9410,triu,4.131030559539795,7.670530796051025,1.21:-9.22;1.39:-8.65;1.58:-8.14;1.54:-7.67;1.58:-7.1;1.73:-6.55;1.8:-5.92;1.88:-5.25,1.99:-4.66;2.06:-4.12;2.12:-3.45;2.14:-2.76;2.12:-2.17;2.22:-1.52;2.21:-0.82;2.16:-0.18;2.27:0.47;2.15:1.13;2.13:1.71;2.13:2.37,1.937786:-5.266892;1.911145:-5.381132;1.95363:-5.426896;1.820086:-5.226172;1.847239:-5.351626;1.807908:-5.299438;1.581972:-5.220942;1.450568:-5.066126;1.330113:-5.151665;1.37463:-5.158242;1.295321:-5.379545;1.257022:-5.250692,sigma3_hotel_seed42,3
HOTEL:biwi_hotel:181:9420,HOTEL,biwi_hotel:181,9420,triu,4.1624755859375,7.6909403800964355,1.39:-8.65;1.58:-8.14;1.54:-7.67;1.58:-7.1;1.73:-6.55;1.8:-5.92;1.88:-5.25;1.99:-4.66,2.06:-4.12;2.12:-3.45;2.14:-2.76;2.12:-2.17;2.22:-1.52;2.21:-0.82;2.16:-0.18;2.27:0.47;2.15:1.13;2.13:1.71;2.13:2.37;2.01:3.01,2.094555:-4.677761;2.115745:-4.78542;2.211857:-4.825304;2.141813:-4.648388;2.221388:-4.75868;2.226444:-4.724595;2.091003:-4.649367;2.010532:-4.507753;1.944926:-4.590106;2.040798:-4.605162;2.010636:-4.811187;2.02105:-4.680933,sigma3_hotel_seed42,3
HOTEL:biwi_hotel:182:9400,HOTEL,biwi_hotel:182,9400,triu,4.056500911712647,7.552952766418457,1.89:-9.65;1.92:-9.05;1.98:-8.51;2.15:-7.98;2.17:-7.28;2.21:-6.76;2.28:-6.14;2.39:-5.44,2.46:-4.86;2.51:-4.27;2.55:-3.65;2.66:-3.03;2.7:-2.42;2.71:-1.76;2.8:-1.12;2.81:-0.51;2.76:0.09;2.84:0.81;2.81:1.47;2.81:2.05,2.484154:-5.457985;2.481961:-5.583291;2.559808:-5.63304;2.442169:-5.420603;2.495584:-5.556448;2.475962:-5.502428;2.263593:-5.427137;2.146055:-5.255794;2.037388:-5.342789;2.115179:-5.364398;2.055179:-5.596528;2.031345:-5.462708,sigma3_hotel_seed42,3
HOTEL:biwi_hotel:182:9410,HOTEL,biwi_hotel:182,9410,triu,4.083614826202393,7.505422115325928,1.92:-9.05;1.98:-8.51;2.15:-7.98;2.17:-7.28;2.21:-6.76;2.28:-6.14;2.39:-5.44;2.46:-4.86,2.51:-4.27;2.55:-3.65;2.66:-3.03;2.7:-2.42;2.71:-1.76;2.8:-1.12;2.81:-0.51;2.76:0.09;2.84:0.81;2.81:1.47;2.81:2.05;2.77:2.62,2.539402:-4.876935;2.53865:-4.982168;2.609412:-5.020701;2.517913:-4.843724;2.577259:-4.952263;2.563714:-4.916348;2.404974:-4.839499;2.306296:-4.699362;2.223614:-4.782588;2.296876:-4.791709;2.248825:-4.996812;2.242899:-4.86689,sigma3_hotel_seed42,3
HOTEL:biwi_hotel:182:9420,HOTEL,biwi_hotel:182,9420,triu,4.122231960296631,7.531023979187012,1.98:-8.51;2.15:-7.98;2.17:-7.28;2.21:-6.76;2.28:-6.14;2.39:-5.44;2.46:-4.86;2.51:-4.27,2.55:-3.65;2.66:-3.03;2.7:-2.42;2.71:-1.76;2.8:-1.12;2.81:-0.51;2.76:0.09;2.84:0.81;2.81:1.47;2.81:2.05;2.77:2.62;2.76:3.23,2.556188:-4.286241;2.529099:-4.386455;2.564992:-4.425003;2.447545:-4.248105;2.477711:-4.355013;2.441472:-4.315035;2.250088:-4.235095;2.130502:-4.101837;2.026928:-4.184843;2.067014:-4.182465;1.994635:-4.385367;1.967784:-4.25924,sigma3_hotel_seed42,3
HOTEL:biwi_hotel:185:9410,HOTEL,biwi_hotel:185,9410,triu,0.0661209374666214,0.0144622521474957,-0.88:-1.08;-0.86:-1.04;-0.85:-1;-0.85:-1;-0.87:-1.03;-0.91:-1.07;-0.93:-1.09;-0.93:-1.07,-0.92:-1.05;-0.88:-1.04;-0.86:-1.04;-0.84:-1.04;-0.85:-0.99;-0.87:-1;-0.91:-1.03;-0.91:-0.98;-0.91:-0.99;-0.9:-1.03;-0.89:-1.05;-0.88:-1.08,-0.9356944:-1.071029;-0.9198182:-1.071726;-0.9203166:-1.075939;-0.9373174:-1.071624;-0.929637:-1.074607;-0.9054606:-1.073431;-0.9021335:-1.077049;-0.9017119:-1.069808;-0.8934906:-1.090773;-0.9100763:-1.087178;-0.8673986:-1.07472;-0.8668723:-1.086068,sigma3_hotel_seed42,3
HOTEL:biwi_hotel:185:9420,HOTEL,biwi_hotel:185,9420,triu,0.098762534558773,0.1728935837745666,-0.86:-1.04;-0.85:-1;-0.85:-1;-0.87:-1.03;-0.91:-1.07;-0.93:-1.09;-0.93:-1.07;-0.92:-1.05,-0.88:-1.04;-0.86:-1.04;-0.84:-1.04;-0.85:-0.99;-0.87:-1;-0.91:-1.03;-0.91:-0.98;-0.91:-0.99;-0.9:-1.03;-0.89:-1.05;-0.88:-1.08;-0.86:-1.08,-0.9146537:-1.05075;-0.8912227:-1.047467;-0.8821253:-1.056351;-0.8761144:-1.054197;-0.8621253:-1.055593;-0.8293346:-1.058632;-0.8109498:-1.057461;-0.791931:-1.062061;-0.7759897:-1.075619;-0.7672899:-1.074671;-0.7142146:-1.067341;-0.6871315:-1.082942,sigma3_hotel_seed42,3
HOTEL:biwi_hotel:185:9430,HOTEL,biwi_hotel:185,9430,triu,0.1645634919404983,0.3314566016197204,-0.85:-1;-0.85:-1;-0.87:-1.03;-0.91:-1.07;-0.93:-1.09;-0.93:-1.07;-0.92:-1.05;-0.88:-1.04,-0.86:-1.04;-0.84:-1.04;-0.85:-0.99;-0.87:-1;-0.91:-1.03;-0.91:-0.98;-0.91:-0.99;-0.9:-1.03;-0.89:-1.05;-0.88:-1.08;-0.86:-1.08;-0.91:-1,-0.8479899:-1.04339;-0.8319835:-1.041849;-0.8163307:-1.048678;-0.7824013:-1.057745;-0.7750182:-1.063463;-0.7439992:-1.036153;-0.7225504:-1.041963;-0.6866851:-1.075298;-0.6690038:-1.083543;-0.6300579:-1.098709;-0.6113015:-1.068573;-0.585046:-1.065333,sigma3_hotel_seed42,3
HOTEL:biwi_hotel:185:9440,HOTEL,biwi_hotel:185,9440,triu,0.1890997737646103,0.4063121378421783,-0.85:-1;-0.87:-1.03;-0.91:-1.07;-0.93:-1.09;-0.93:-1.07;-0.92:-1.05;-0.88:-1.04;-0.86:-1.04,-0.84:-1.04;-0.85:-0.99;-0.87:-1;-0.91:-1.03;-0.91:-0.98;-0.91:-0.99;-0.9:-1.03;-0.89:-1.05;-0.88:-1.08;-0.86:-1.08;-0.91:-1;-0.91:-1.06,-0.8446578:-1.040298;-0.8335304:-1.039733;-0.8129477:-1.0404;-0.7814109:-1.042919;-0.7580422:-1.033367;-0.748083:-1.050656;-0.6965579:-1.040893;-0.6728221:-1.051096;-0.6524783:-1.049849;-0.5950271:-1.061967;-0.5625008:-1.080544;-0.5042917:-1.082143,sigma3_hotel_seed42,3
HOTEL:biwi_hotel:185:9450,HOTEL,biwi_hotel:185,9450,triu,0.2546249032020569,0.5581749081611633,-0.87:-1.03;-0.91:-1.07;-0.93:-1.09;-0.93:-1.07;-0.92:-1.05;-0.88:-1.04;-0.86:-1.04;-0.84:-1.04,-0.85:-0.99;-0.87:-1;-0.91:-1.03;-0.91:-0.98;-0.91:-0.99;-0.9:-1.03;-0.89:-1.05;-0.88:-1.08;-0.86:-1.08;-0.91:-1;-0.91:-1.06;-0.94:-1.11,-0.8236753:-1.04284;-0.8202187:-1.045758;-0.7866805:-1.044679;-0.7491111:-1.046531;-0.714577:-1.039593;-0.7030752:-1.051479;-0.6327966:-1.036861;-0.6123424:-1.04917;-0.5802476:-1.060406;-0.4918508:-1.067622;-0.4703164:-1.101992;-0.3822176:-1.08907,sigma3_hotel_seed42,3
HOTEL:biwi_hotel:185:9460,HOTEL,biwi_hotel:185,9460,triu,0.1168455258011818,0.2735166549682617,-0.91:-1.07;-0.93:-1.09;-0.93:-1.07;-0.92:-1.05;-0.88:-1.04;-0.86:-1.04;-0.84:-1.04;-0.85:-0.99,-0.87:-1;-0.91:-1.03;-0.91:-0.98;-0.91:-0.99;-0.9:-1.03;-0.89:-1.05;-0.88:-1.08;-0.86:-1.08;-0.91:-1;-0.91:-1.06;-0.94:-1.11;-0.94:-1.13,-0.8513626:-0.9920707;-0.8777233:-0.9922588;-0.9037261:-0.9900712;-0.9119349:-1.001774;-0.9550102:-1.006736;-0.9769617:-0.9696549;-1.011385:-0.9806711;-1.019723:-1.010497;-1.052887:-1.011611;-1.069175:-1.029955;-1.112739:-0.9861442;-1.162916:-0.9715083,sigma3_hotel_seed42,3
HOTEL:biwi_hotel:185:9470,HOTEL,biwi_hotel:185,9470,triu,0.0655111297965049,0.1063004806637764,-0.93:-1.09;-0.93:-1.07;-0.92:-1.05;-0.88:-1.04;-0.86:-1.04;-0.84:-1.04;-0.85:-0.99;-0.87:-1,-0.91:-1.03;-0.91:-0.98;-0.91:-0.99;-0.9:-1.03;-0.89:-1.05;-0.88:-1.08;-0.86:-1.08;-0.91:-1;-0.91:-1.06;-0.94:-1.11;-0.94:-1.13;-0.92:-1.12,-0.8808694:-1.000989;-0.885128:-0.9983431;-0.8915539:-1.001837;-0.9016399:-1.001602;-0.915148:-1.002212;-0.9252195:-1.005585;-0.9338095:-1.005864;-0.9394133:-1.009572;-0.9504565:-1.010094;-0.9545023:-1.012223;-0.9550922:-1.013232;-0.9608598:-1.021866,sigma3_hotel_seed42,3
HOTEL:biwi_hotel:185:9480,HOTEL,biwi_hotel:185,9480,triu,0.2710797786712646,0.5255481004714966,-0.93:-1.07;-0.92:-1.05;-0.88:-1.04;-0.86:-1.04;-0.84:-1.04;-0.85:-0.99;-0.87:-1;-0.91:-1.03,-0.91:-0.98;-0.91:-0.99;-0.9:-1.03;-0.89:-1.05;-0.88:-1.08;-0.86:-1.08;-0.91:-1;-0.91:-1.06;-0.94:-1.11;-0.94:-1.13;-0.92:-1.12;-0.88:-1.08,-0.9434234:-1.028681;-0.9761409:-1.022381;-1.02021:-1.028829;-1.064808:-1.029138;-1.112296:-1.031678;-1.136091:-1.022773;-1.194208:-1.023256;-1.228839:-1.026179;-1.274413:-1.027598;-1.321484:-1.035568;-1.340719:-1.005491;-1.400106:-1.004561,sigma3_hotel_seed42,3
HOTEL:biwi_hotel:185:9490,HOTEL,biwi_hotel:185,9490,triu,0.115379013121128,0.1664250493049621,-0.92:-1.05;-0.88:-1.04;-0.86:-1.04;-0.84:-1.04;-0.85:-0.99;-0.87:-1;-0.91:-1.03;-0.91:-0.98,-0.91:-0.99;-0.9:-1.03;-0.89:-1.05;-0.88:-1.08;-0.86:-1.08;-0.91:-1;-0.91:-1.06;-0.94:-1.11;-0.94:-1.13;-0.92:-1.12;-0.88:-1.08;-0.89:-0.98,-0.9041931:-0.9807558;-0.8882725:-0.9860136;-0.8790722:-0.9889464;-0.8833897:-0.9821049;-0.8590407:-0.9907463;-0.8311831:-0.9806646;-0.8225026:-0.9884869;-0.8075512:-0.9835126;-0.7894629:-1.003217;-0.7794631:-1.008506;-0.7446353:-0.9967043;-0.7245355:-0.9978547,sigma3_hotel_seed42,3
HOTEL:biwi_hotel:185:9500,HOTEL,biwi_hotel:185,9500,triu,0.108762502670288,0.0976571068167686,-0.88:-1.04;-0.86:-1.04;-0.84:-1.04;-0.85:-0.99;-0.87:-1;-0.91:-1.03;-0.91:-0.98;-0.91:-0.99,-0.9:-1.03;-0.89:-1.05;-0.88:-1.08;-0.86:-1.08;-0.91:-1;-0.91:-1.06;-0.94:-1.11;-0.94:-1.13;-0.92:-1.12;-0.88:-1.08;-0.89:-0.98;-0.94:-0.95,-0.9239657:-0.9931704;-0.9392825:-0.9899654;-0.9432754:-0.9943235;-0.9523423:-0.9947625;-0.9671636:-0.9958756;-0.9850501:-0.9977748;-0.9912907:-0.9918109;-1.003496:-1.000682;-1.013342:-1.005131;-1.001001:-1.002493;-1.019279:-1.016328;-1.012138:-1.015825,sigma3_hotel_seed42,3
HOTEL:biwi_hotel:185:9510,HOTEL,biwi_hotel:185,9510,triu,0.1769982129335403,0.3709293901920318,-0.86:-1.04;-0.84:-1.04;-0.85:-0.99;-0.87:-1;-0.91:-1.03;-0.91:-0.98;-0.91:-0.99;-0.9:-1.03,-0.89:-1.05;-0.88:-1.08;-0.86:-1.08;-0.91:-1;-0.91:-1.06;-0.94:-1.11;-0.94:-1.13;-0.92:-1.12;-0.88:-1.08;-0.89:-0.98;-0.94:-0.95;-0.95:-0.93,-0.8738307:-1.031174;-0.8567619:-1.031836;-0.8415503:-1.036443;-0.8145839:-1.040241;-0.7971621:-1.045988;-0.765401:-1.025768;-0.743319:-1.03302;-0.7077458:-1.054154;-0.6902301:-1.06303;-0.6555049:-1.080011;-0.6270247:-1.052571;-0.598806:-1.049379,sigma3_hotel_seed42,3
HOTEL:biwi_hotel:185:9520,HOTEL,biwi_hotel:185,9520,triu,0.2135729640722274,0.4245822131633758,-0.84:-1.04;-0.85:-0.99;-0.87:-1;-0.91:-1.03;-0.91:-0.98;-0.91:-0.99;-0.9:-1.03;-0.89:-1.05,-0.88:-1.08;-0.86:-1.08;-0.91:-1;-0.91:-1.06;-0.94:-1.11;-0.94:-1.13;-0.92:-1.12;-0.88:-1.08;-0.89:-0.98;-0.94:-0.95;-0.95:-0.93;-0.9:-1.02,-0.875564:-1.051018;-0.856305:-1.048268;-0.8339516:-1.053383;-0.8040055:-1.055852;-0.7790877:-1.049202;-0.7514229:-1.061892;-0.6982026:-1.051654;-0.6716948:-1.064135;-0.645767:-1.073177;-0.5951195:-1.077784;-0.5447053:-1.088895;-0.4820879:-1.094963,sigma3_hotel_seed42,3
HOTEL:biwi_hotel:185:9530,HOTEL,biwi_hotel:185,9530,triu,0.0895439311861991,0.1334969699382782,-0.85:-0.99;-0.87:-1;-0.91:-1.03;-0.91:-0.98;-0.91:-0.99;-0.9:-1.03;-0.89:-1.05;-0.88:-1.08,-0.86:-1.08;-0.91:-1;-0.91:-1.06;-0.94:-1.11;-0.94:-1.13;-0.92:-1.12;-0.88:-1.08;-0.89:-0.98;-0.94:-0.95;-0.95:-0.93;-0.9:-1.02;-0.89:-1.05,-0.8742589:-1.082047;-0.8854204:-1.076881;-0.8978997:-1.083992;-0.8942616:-1.093197;-0.9260767:-1.098116;-0.9338765:-1.075262;-0.9570063:-1.081022;-0.952783:-1.1097;-0.9741371:-1.105013;-0.9731717:-1.121157;-0.9931409:-1.089623;-1.017773:-1.088672,sigma3_hotel_seed42,3
HOTEL:biwi_hotel:185:9540,HOTEL,biwi_hotel:185,9540,triu,0.3580024242401123,0.6970330476760864,-0.87:-1;-0.91:-1.03;-0.91:-0.98;-0.91:-0.99;-0.9:-1.03;-0.89:-1.05;-0.88:-1.08;-0.86:-1.08,-0.91:-1;-0.91:-1.06;-0.94:-1.11;-0.94:-1.13;-0.92:-1.12;-0.88:-1.08;-0.89:-0.98;-0.94:-0.95;-0.95:-0.93;-0.9:-1.02;-0.89:-1.05;-0.9:-1.09,-0.8337806:-1.082001;-0.8062797:-1.081571;-0.7672699:-1.085938;-0.718932:-1.087834;-0.670619:-1.080523;-0.6266558:-1.093338;-0.543617:-1.078691;-0.5027434:-1.094508;-0.4547391:-1.111311;-0.3712505:-1.114799;-0.3060813:-1.135868;-0.2044276:-1.135102,sigma3_hotel_seed42,3
HOTEL:biwi_hotel:185:9550,HOTEL,biwi_hotel:185,9550,triu,0.1831846237182617,0.3595298826694488,-0.91:-1.03;-0.91:-0.98;-0.91:-0.99;-0.9:-1.03;-0.89:-1.05;-0.88:-1.08;-0.86:-1.08;-0.91:-1,-0.91:-1.06;-0.94:-1.11;-0.94:-1.13;-0.92:-1.12;-0.88:-1.08;-0.89:-0.98;-0.94:-0.95;-0.95:-0.93;-0.9:-1.02;-0.89:-1.05;-0.9:-1.09;-0.9:-1.11,-0.9180663:-1.003209;-0.9465416:-1.005217;-0.9746262:-0.9997242;-0.9870131:-1.009438;-1.023866:-1.01019;-1.048209:-0.9825735;-1.078223:-0.9824471;-1.095213:-1.008189;-1.126627:-1.019156;-1.146841:-1.025418;-1.188269:-0.998096;-1.232767:-0.973882,sigma3_hotel_seed42,3
HOTEL:biwi_hotel:185:9560,HOTEL,biwi_hotel:185,9560,triu,0.234108105301857,0.4541161656379699,-0.91:-0.98;-0.91:-0.99;-0.9:-1.03;-0.89:-1.05;-0.88:-1.08;-0.86:-1.08;-0.91:-1;-0.91:-1.06,-0.94:-1.11;-0.94:-1.13;-0.92:-1.12;-0.88:-1.08;-0.89:-0.98;-0.94:-0.95;-0.95:-0.93;-0.9:-1.02;-0.89:-1.05;-0.9:-1.09;-0.9:-1.11;-0.92:-1.11,-0.9267867:-1.065097;-0.9654043:-1.065512;-0.9988697:-1.058002;-1.016483:-1.071521;-1.074061:-1.071853;-1.111819:-1.037206;-1.148825:-1.036622;-1.178502:-1.069729;-1.21936:-1.082821;-1.248503:-1.079679;-1.31196:-1.05632;-1.367625:-1.033496,sigma3_hotel_seed42,3
HOTEL:biwi_hotel:185:9570,HOTEL,biwi_hotel:185,9570,triu,0.3297791481018066,0.5363350510597229,-0.91:-0.99;-0.9:-1.03;-0.89:-1.05;-0.88:-1.08;-0.86:-1.08;-0.91:-1;-0.91:-1.06;-0.94:-1.11,-0.94:-1.13;-0.92:-1.12;-0.88:-1.08;-0.89:-0.98;-0.94:-0.95;-0.95:-0.93;-0.9:-1.02;-0.89:-1.05;-0.9:-1.09;-0.9:-1.11;-0.92:-1.11;-0.95:-1.11,-0.9795089:-1.111614;-1.029142:-1.11458;-1.071499:-1.112949;-1.125412:-1.109986;-1.16189:-1.118129;-1.201191:-1.097571;-1.259741:-1.098935;-1.306767:-1.09805;-1.343978:-1.111636;-1.377518:-1.11505;-1.434607:-1.099769;-1.485234:-1.075652,sigma3_hotel_seed42,3
HOTEL:biwi_hotel:185:9580,HOTEL,biwi_hotel:185,9580,triu,0.1926930695772171,0.2526639699935913,-0.9:-1.03;-0.89:-1.05;-0.88:-1.08;-0.86:-1.08;-0.91:-1;-0.91:-1.06;-0.94:-1.11;-0.94:-1.13,-0.92:-1.12;-0.88:-1.08;-0.89:-0.98;-0.94:-0.95;-0.95:-0.93;-0.9:-1.02;-0.89:-1.05;-0.9:-1.09;-0.9:-1.11;-0.92:-1.11;-0.95:-1.11;-0.96:-1.11,-0.9493552:-1.129371;-0.9715309:-1.129771;-0.9892485:-1.132955;-1.00512:-1.131723;-1.030468:-1.142627;-1.056248:-1.124823;-1.099847:-1.136625;-1.105439:-1.144728;-1.13557:-1.135521;-1.141683:-1.15513;-1.179616:-1.135037;-1.211829:-1.130524,sigma3_hotel_seed42,3
HOTEL:biwi_hotel:185:9590,HOTEL,biwi_hotel:185,9590,triu,0.097983069717884,0.046745017170906,-0.89:-1.05;-0.88:-1.08;-0.86:-1.08;-0.91:-1;-0.91:-1.06;-0.94:-1.11;-0.94:-1.13;-0.92:-1.12,-0.88:-1.08;-0.89:-0.98;-0.94:-0.95;-0.95:-0.93;-0.9:-1.02;-0.89:-1.05;-0.9:-1.09;-0.9:-1.11;-0.92:-1.11;-0.95:-1.11;-0.96:-1.11;-0.94:-1.11,-0.9294921:-1.122863;-0.9446733:-1.120495;-0.9450077:-1.124197;-0.9463173:-1.12407;-0.955192:-1.124545;-0.9746345:-1.128401;-0.9751466:-1.121503;-0.9812223:-1.131845;-0.9875886:-1.13231;-0.9623713:-1.13319;-0.9824312:-1.15222;-0.9646267:-1.149732,sigma3_hotel_seed42,3
HOTEL:biwi_hotel:185:9600,HOTEL,biwi_hotel:185,9600,triu,0.3652653694152832,0.6385492086410522,-0.88:-1.08;-0.86:-1.08;-0.91:-1;-0.91:-1.06;-0.94:-1.11;-0.94:-1.13;-0.92:-1.12;-0.88:-1.08,-0.89:-0.98;-0.94:-0.95;-0.95:-0.93;-0.9:-1.02;-0.89:-1.05;-0.9:-1.09;-0.9:-1.11;-0.92:-1.11;-0.95:-1.11;-0.96:-1.11;-0.94:-1.11;-0.94:-1.11,-0.8246208:-1.082986;-0.7843137:-1.086653;-0.7515427:-1.092242;-0.6987225:-1.100341;-0.6614028:-1.107761;-0.6032387:-1.077593;-0.5600587:-1.089064;-0.4986553:-1.119911;-0.4556137:-1.132128;-0.3993395:-1.154002;-0.3497227:-1.117692;-0.3014706:-1.115032,sigma3_hotel_seed42,3
HOTEL:biwi_hotel:185:9610,HOTEL,biwi_hotel:185,9610,triu,0.141322374343872,0.260486900806427,-0.86:-1.08;-0.91:-1;-0.91:-1.06;-0.94:-1.11;-0.94:-1.13;-0.92:-1.12;-0.88:-1.08;-0.89:-0.98,-0.94:-0.95;-0.95:-0.93;-0.9:-1.02;-0.89:-1.05;-0.9:-1.09;-0.9:-1.11;-0.92:-1.11;-0.95:-1.11;-0.96:-1.11;-0.94:-1.11;-0.94:-1.11;-0.94:-1.11,-0.8944201:-0.9828935;-0.9170208:-0.9858963;-0.9411321:-0.9802056;-0.9504693:-0.9884096;-0.9786998:-0.9885772;-0.9965661:-0.9647914;-1.021256:-0.9630287;-1.034197:-0.9854484;-1.06103:-0.9983037;-1.078651:-1.004326;-1.10958:-0.979122;-1.148429:-0.9537601,sigma3_hotel_seed42,3
HOTEL:biwi_hotel:185:9620,HOTEL,biwi_hotel:185,9620,triu,0.4421676695346832,0.783595621585846,-0.91:-1;-0.91:-1.06;-0.94:-1.11;-0.94:-1.13;-0.92:-1.12;-0.88:-1.08;-0.89:-0.98;-0.94:-0.95,-0.95:-0.93;-0.9:-1.02;-0.89:-1.05;-0.9:-1.09;-0.9:-1.11;-0.92:-1.11;-0.95:-1.11;-0.96:-1.11;-0.94:-1.11;-0.94:-1.11;-0.94:-1.11;-0.94:-1.11,-0.9933081:-0.9510106;-1.061027:-0.9445248;-1.122496:-0.9480058;-1.18202:-0.9506214;-1.250011:-0.953362;-1.306601:-0.9377816;-1.38434:-0.9301007;-1.446002:-0.9410239;-1.507295:-0.9440246;-1.553432:-0.9460732;-1.626714:-0.9273245;-1.696525:-0.9058151,sigma3_hotel_seed42,3
HOTEL:biwi_hotel:185:9630,HOTEL,biwi_hotel:185,9630,triu,0.3096565306186676,0.4922712445259094,-0.91:-1.06;-0.94:-1.11;-0.94:-1.13;-0.92:-1.12;-0.88:-1.08;-0.89:-0.98;-0.94:-0.95;-0.95:-0.93,-0.9:-1.02;-0.89:-1.05;-0.9:-1.09;-0.9:-1.11;-0.92:-1.11;-0.95:-1.11;-0.96:-1.11;-0.94:-1.11;-0.94:-1.11;-0.94:-1.11;-0.94:-1.11;-0.94:-1.11,-0.9858926:-0.9334958;-1.021477:-0.9425896;-1.051132:-0.9385422;-1.110573:-0.9308744;-1.128795:-0.9426821;-1.156454:-0.9216701;-1.204329:-0.9273294;-1.251155:-0.9136868;-1.269731:-0.9400585;-1.304164:-0.9350909;-1.348647:-0.9298711;-1.389271:-0.9087881,sigma3_hotel_seed42,3
HOTEL:biwi_hotel:185:9640,HOTEL,biwi_hotel:185,9640,triu,0.3472216129302978,0.5480011701583862,-0.94:-1.11;-0.94:-1.13;-0.92:-1.12;-0.88:-1.08;-0.89:-0.98;-0.94:-0.95;-0.95:-0.93;-0.9:-1.02,-0.89:-1.05;-0.9:-1.09;-0.9:-1.11;-0.92:-1.11;-0.95:-1.11;-0.96:-1.11;-0.94:-1.11;-0.94:-1.11;-0.94:-1.11;-0.94:-1.11;-0.94:-1.11;-0.94:-1.11,-0.8256475:-1.024273;-0.7728585:-1.033117;-0.733175:-1.037064;-0.6758252:-1.045256;-0.6455156:-1.053204;-0.5932913:-1.030855;-0.568606:-1.037027;-0.5145543:-1.05966;-0.4877363:-1.067027;-0.4484047:-1.090458;-0.4050745:-1.059524;-0.3956113:-1.04718,sigma3_hotel_seed42,3
HOTEL:biwi_hotel:185:9650,HOTEL,biwi_hotel:185,9650,triu,0.0521810613572597,0.0432530641555786,-0.94:-1.13;-0.92:-1.12;-0.88:-1.08;-0.89:-0.98;-0.94:-0.95;-0.95:-0.93;-0.9:-1.02;-0.89:-1.05,-0.9:-1.09;-0.9:-1.11;-0.92:-1.11;-0.95:-1.11;-0.96:-1.11;-0.94:-1.11;-0.94:-1.11;-0.94:-1.11;-0.94:-1.11;-0.94:-1.11;-0.94:-1.11;-0.94:-1.11,-0.8808636:-1.052748;-0.8911861:-1.051372;-0.8937509:-1.057054;-0.8847733:-1.063132;-0.90377:-1.072083;-0.9103427:-1.046683;-0.9258152:-1.053528;-0.9171394:-1.079703;-0.9277531:-1.077714;-0.9082428:-1.092873;-0.9345687:-1.072585;-0.9399987:-1.066747,sigma3_hotel_seed42,3
HOTEL:biwi_hotel:185:9660,HOTEL,biwi_hotel:185,9660,triu,0.0185541789978742,0.0126463016495108,-0.92:-1.12;-0.88:-1.08;-0.89:-0.98;-0.94:-0.95;-0.95:-0.93;-0.9:-1.02;-0.89:-1.05;-0.9:-1.09,-0.9:-1.11;-0.92:-1.11;-0.95:-1.11;-0.96:-1.11;-0.94:-1.11;-0.94:-1.11;-0.94:-1.11;-0.94:-1.11;-0.94:-1.11;-0.94:-1.11;-0.94:-1.11;-0.94:-1.11,-0.912726:-1.09401;-0.9272901:-1.096131;-0.9246252:-1.095429;-0.9325467:-1.093046;-0.932392:-1.096491;-0.9464098:-1.093501;-0.9413936:-1.089281;-0.9516858:-1.094159;-0.9492565:-1.107234;-0.9273573:-1.101588;-0.9485066:-1.120956;-0.9275036:-1.111942,sigma3_hotel_seed42,3
HOTEL:biwi_hotel:185:9670,HOTEL,biwi_hotel:185,9670,triu,0.1702922582626342,0.4044055044651031,-0.88:-1.08;-0.89:-0.98;-0.94:-0.95;-0.95:-0.93;-0.9:-1.02;-0.89:-1.05;-0.9:-1.09;-0.9:-1.11,-0.92:-1.11;-0.95:-1.11;-0.96:-1.11;-0.94:-1.11;-0.94:-1.11;-0.94:-1.11;-0.94:-1.11;-0.94:-1.11;-0.94:-1.11;-0.94:-1.11;-0.94:-1.11;-0.97:-1.03,-0.891485:-1.112743;-0.8944591:-1.114237;-0.8709046:-1.114127;-0.844267:-1.115717;-0.8212245:-1.11041;-0.8197658:-1.120794;-0.7690539:-1.108214;-0.7561167:-1.119911;-0.734785:-1.127691;-0.6629169:-1.133775;-0.6541634:-1.164474;-0.584958:-1.153638,sigma3_hotel_seed42,3
HOTEL:biwi_hotel:185:9680,HOTEL,biwi_hotel:185,9680,triu,0.1588055044412613,0.3430821001529693,-0.89:-0.98;-0.94:-0.95;-0.95:-0.93;-0.9:-1.02;-0.89:-1.05;-0.9:-1.09;-0.9:-1.11;-0.92:-1.11,-0.95:-1.11;-0.96:-1.11;-0.94:-1.11;-0.94:-1.11;-0.94:-1.11;-0.94:-1.11;-0.94:-1.11;-0.94:-1.11;-0.94:-1.11;-0.94:-1.11;-0.97:-1.03;-0.92:-1.1,-0.9504033:-1.113168;-0.9711651:-1.11327;-0.9950935:-1.112762;-1.031453:-1.109422;-1.056427:-1.115146;-1.082473:-1.107059;-1.118662:-1.108457;-1.14691:-1.108876;-1.164816:-1.118926;-1.197742:-1.107529;-1.232207:-1.108712;-1.263:-1.107527,sigma3_hotel_seed42,3
HOTEL:biwi_hotel:185:9690,HOTEL,biwi_hotel:185,9690,triu,0.3267495930194855,0.6226449012756348,-0.94:-0.95;-0.95:-0.93;-0.9:-1.02;-0.89:-1.05;-0.9:-1.09;-0.9:-1.11;-0.92:-1.11;-0.95:-1.11,-0.96:-1.11;-0.94:-1.11;-0.94:-1.11;-0.94:-1.11;-0.94:-1.11;-0.94:-1.11;-0.94:-1.11;-0.94:-1.11;-0.94:-1.11;-0.97:-1.03;-0.92:-1.1;-0.92:-1.11,-0.9989867:-1.114026;-1.043856:-1.115648;-1.08487:-1.115343;-1.149893:-1.11164;-1.19232:-1.118186;-1.234542:-1.106549;-1.292674:-1.104056;-1.353068:-1.097167;-1.387092:-1.116656;-1.434844:-1.103774;-1.489444:-1.105358;-1.542397:-1.092431,sigma3_hotel_seed42,3
HOTEL:biwi_hotel:185:9700,HOTEL,biwi_hotel:185,9700,triu,0.0357129015028476,0.0518147647380828,-0.95:-0.93;-0.9:-1.02;-0.89:-1.05;-0.9:-1.09;-0.9:-1.11;-0.92:-1.11;-0.95:-1.11;-0.96:-1.11,-0.94:-1.11;-0.94:-1.11;-0.94:-1.11;-0.94:-1.11;-0.94:-1.11;-0.94:-1.11;-0.94:-1.11;-0.94:-1.11;-0.97:-1.03;-0.92:-1.1;-0.92:-1.11;-0.92:-1.11,-0.9610872:-1.110519;-0.960564:-1.1162;-0.9610298:-1.111001;-0.9658439:-1.105214;-0.9568827:-1.107321;-0.9712012:-1.108726;-0.9747352:-1.115645;-0.9697334:-1.11083;-0.966541:-1.107036;-0.9609749:-1.114784;-0.9714028:-1.122499;-0.9699594:-1.123742,sigma3_hotel_seed42,3
HOTEL:biwi_hotel:185:9710,HOTEL,biwi_hotel:185,9710,triu,0.0943257585167884,0.2043112367391586,-0.9:-1.02;-0.89:-1.05;-0.9:-1.09;-0.9:-1.11;-0.92:-1.11;-0.95:-1.11;-0.96:-1.11;-0.94:-1.11,-0.94:-1.11;-0.94:-1.11;-0.94:-1.11;-0.94:-1.11;-0.94:-1.11;-0.94:-1.11;-0.94:-1.11;-0.97:-1.03;-0.92:-1.1;-0.92:-1.11;-0.92:-1.11;-0.92:-1.11,-0.9300385:-1.110041;-0.9226381:-1.110484;-0.9103768:-1.110226;-0.8903796:-1.110479;-0.8745915:-1.104343;-0.8739868:-1.117611;-0.8431948:-1.113216;-0.8251832:-1.119393;-0.8132398:-1.114532;-0.7740599:-1.126564;-0.755567:-1.140577;-0.7185287:-1.143947,sigma3_hotel_seed42,3
HOTEL:biwi_hotel:185:9720,HOTEL,biwi_hotel:185,9720,triu,0.0180763993412256,0.0459949225187301,-0.89:-1.05;-0.9:-1.09;-0.9:-1.11;-0.92:-1.11;-0.95:-1.11;-0.96:-1.11;-0.94:-1.11;-0.94:-1.11,-0.94:-1.11;-0.94:-1.11;-0.94:-1.11;-0.94:-1.11;-0.94:-1.11;-0.94:-1.11;-0.97:-1.03;-0.92:-1.1;-0.92:-1.11;-0.92:-1.11;-0.92:-1.11;-0.94:-1.11,-0.9406946:-1.110796;-0.9392009:-1.114253;-0.9371423:-1.11102;-0.9373685:-1.107548;-0.9285407:-1.10725;-0.9372428:-1.111412;-0.9309239:-1.113949;-0.9251407:-1.112998;-0.9199615:-1.112228;-0.9077551:-1.118307;-0.908887:-1.127137;-0.8979912:-1.128729,sigma3_hotel_seed42,3
HOTEL:biwi_hotel:185:9730,HOTEL,biwi_hotel:185,9730,triu,0.029764762148261,0.0304127000272274,-0.9:-1.09;-0.9:-1.11;-0.92:-1.11;-0.95:-1.11;-0.96:-1.11;-0.94:-1.11;-0.94:-1.11;-0.94:-1.11,-0.94:-1.11;-0.94:-1.11;-0.94:-1.11;-0.94:-1.11;-0.94:-1.11;-0.97:-1.03;-0.92:-1.1;-0.92:-1.11;-0.92:-1.11;-0.92:-1.11;-0.94:-1.11;-0.94:-1.11,-0.9492873:-1.113009;-0.9541268:-1.110879;-0.9524503:-1.113684;-0.9566327:-1.114553;-0.9600183:-1.113534;-0.9628383:-1.116558;-0.9523729:-1.11033;-0.9581513:-1.117504;-0.9564592:-1.128935;-0.942823:-1.12426;-0.9399856:-1.13458;-0.9227588:-1.135053,sigma3_hotel_seed42,3
HOTEL:biwi_hotel:185:9740,HOTEL,biwi_hotel:185,9740,triu,0.1217638477683067,0.2389367222785949,-0.9:-1.11;-0.92:-1.11;-0.95:-1.11;-0.96:-1.11;-0.94:-1.11;-0.94:-1.11;-0.94:-1.11;-0.94:-1.11,-0.94:-1.11;-0.94:-1.11;-0.94:-1.11;-0.94:-1.11;-0.97:-1.03;-0.92:-1.1;-0.92:-1.11;-0.92:-1.11;-0.92:-1.11;-0.94:-1.11;-0.94:-1.11;-0.94:-1.11,-0.9471653:-1.108235;-0.9562792:-1.101458;-0.9739251:-1.110822;-0.9862761:-1.112078;-1.02141:-1.118391;-1.034584:-1.109943;-1.07553:-1.11954;-1.076693:-1.129364;-1.112309:-1.115882;-1.13156:-1.133831;-1.139754:-1.105859;-1.17875:-1.119434,sigma3_hotel_seed42,3
HOTEL:biwi_hotel:185:9750,HOTEL,biwi_hotel:185,9750,triu,0.0659698322415351,0.1092725917696952,-0.92:-1.11;-0.95:-1.11;-0.96:-1.11;-0.94:-1.11;-0.94:-1.11;-0.94:-1.11;-0.94:-1.11;-0.94:-1.11,-0.94:-1.11;-0.94:-1.11;-0.94:-1.11;-0.97:-1.03;-0.92:-1.1;-0.92:-1.11;-0.92:-1.11;-0.92:-1.11;-0.94:-1.11;-0.94:-1.11;-0.94:-1.11;-0.94:-1.11,-0.9432992:-1.108452;-0.9425301:-1.101413;-0.9532776:-1.112014;-0.9596843:-1.111942;-0.9819615:-1.116892;-0.9820144:-1.113144;-1.009059:-1.119751;-1.002484:-1.128366;-1.025679:-1.119735;-1.037622:-1.133627;-1.026667:-1.110434;-1.047976:-1.126783,sigma3_hotel_seed42,3
HOTEL:biwi_hotel:185:9760,HOTEL,biwi_hotel:185,9760,triu,0.1591610610485077,0.3318568468093872,-0.95:-1.11;-0.96:-1.11;-0.94:-1.11;-0.94:-1.11;-0.94:-1.11;-0.94:-1.11;-0.94:-1.11;-0.94:-1.11,-0.94:-1.11;-0.94:-1.11;-0.97:-1.03;-0.92:-1.1;-0.92:-1.11;-0.92:-1.11;-0.92:-1.11;-0.94:-1.11;-0.94:-1.11;-0.94:-1.11;-0.94:-1.11;-0.92:-1.13,-0.951247:-1.107505;-0.9635366:-1.100878;-0.9846122:-1.110165;-1.003438:-1.110158;-1.044492:-1.117814;-1.062896:-1.109317;-1.113092:-1.121358;-1.119281:-1.127194;-1.162297:-1.111209;-1.189195:-1.130725;-1.202102:-1.101059;-1.251583:-1.116512,sigma3_hotel_seed42,3
HOTEL:biwi_hotel:185:9770,HOTEL,biwi_hotel:185,9770,triu,0.0285092648118734,0.0640658065676689,-0.96:-1.11;-0.94:-1.11;-0.94:-1.11;-0.94:-1.11;-0.94:-1.11;-0.94:-1.11;-0.94:-1.11;-0.94:-1.11,-0.94:-1.11;-0.97:-1.03;-0.92:-1.1;-0.92:-1.11;-0.92:-1.11;-0.92:-1.11;-0.94:-1.11;-0.94:-1.11;-0.94:-1.11;-0.94:-1.11;-0.92:-1.13;-0.9:-1.15,-0.9413016:-1.110753;-0.939158:-1.117678;-0.942008:-1.111477;-0.9491247:-1.103984;-0.9371551:-1.105866;-0.9512861:-1.107837;-0.95645:-1.114342;-0.9513236:-1.107959;-0.9463202:-1.10513;-0.9462123:-1.111418;-0.9556749:-1.1196;-0.9566887:-1.120153,sigma3_hotel_seed42,3
HOTEL:biwi_hotel:185:9780,HOTEL,biwi_hotel:185,9780,triu,0.0992769002914428,0.2011043727397918,-0.94:-1.11;-0.94:-1.11;-0.94:-1.11;-0.94:-1.11;-0.94:-1.11;-0.94:-1.11;-0.94:-1.11;-0.94:-1.11,-0.97:-1.03;-0.92:-1.1;-0.92:-1.11;-0.92:-1.11;-0.92:-1.11;-0.94:-1.11;-0.94:-1.11;-0.94:-1.11;-0.94:-1.11;-0.92:-1.13;-0.9:-1.15;-0.9:-1.08,-0.9503717:-1.110133;-0.9530726:-1.11024;-0.9657742:-1.110204;-0.9812432:-1.106161;-0.9925733:-1.108557;-1.009167:-1.109745;-1.032227:-1.115839;-1.035875:-1.114138;-1.047934:-1.108045;-1.066122:-1.112235;-1.076144:-1.109788;-1.097195:-1.119461,sigma3_hotel_seed42,3
HOTEL:biwi_hotel:185:9790,HOTEL,biwi_hotel:185,9790,triu,0.2155405879020691,0.3765843212604522,-0.94:-1.11;-0.94:-1.11;-0.94:-1.11;-0.94:-1.11;-0.94:-1.11;-0.94:-1.11;-0.94:-1.11;-0.97:-1.03,-0.92:-1.1;-0.92:-1.11;-0.92:-1.11;-0.92:-1.11;-0.94:-1.11;-0.94:-1.11;-0.94:-1.11;-0.94:-1.11;-0.92:-1.13;-0.9:-1.15;-0.9:-1.08;-0.91:-1.07,-0.9821671:-1.034131;-1.006748:-1.038426;-1.031749:-1.027736;-1.0448:-1.036361;-1.079459:-1.032958;-1.101813:-1.012434;-1.12292:-1.003873;-1.147412:-1.024694;-1.178225:-1.047359;-1.205578:-1.038529;-1.238634:-1.026888;-1.279697:-0.9983072,sigma3_hotel_seed42,3
HOTEL:biwi_hotel:185:9800,HOTEL,biwi_hotel:185,9800,triu,0.3261983096599579,0.5468653440475464,-0.94:-1.11;-0.94:-1.11;-0.94:-1.11;-0.94:-1.11;-0.94:-1.11;-0.94:-1.11;-0.97:-1.03;-0.92:-1.1,-0.92:-1.11;-0.92:-1.11;-0.92:-1.11;-0.94:-1.11;-0.94:-1.11;-0.94:-1.11;-0.94:-1.11;-0.92:-1.13;-0.9:-1.15;-0.9:-1.08;-0.91:-1.07;-0.95:-1.05,-0.8452531:-1.101888;-0.7871901:-1.113009;-0.7451404:-1.114865;-0.6914815:-1.119537;-0.6575437:-1.130126;-0.6006832:-1.106283;-0.5781314:-1.121081;-0.5201421:-1.133968;-0.4964614:-1.139944;-0.4642981:-1.169175;-0.4105577:-1.129994;-0.4080266:-1.122984,sigma3_hotel_seed42,3
HOTEL:biwi_hotel:187:9420,HOTEL,biwi_hotel:187,9420,triu,4.722274303436279,8.926688194274902,1.71:2.67;1.75:2.05;1.81:1.48;1.89:0.91;1.9:0.32;1.92:-0.29;1.85:-1.01;1.7:-1.6,1.62:-2.24;1.51:-2.89;1.46:-3.54;1.44:-4.22;1.39:-4.91;1.35:-5.59;1.3:-6.27;1.22:-6.91;1.25:-7.68;1.27:-8.34;1.26:-8.9;1.39:-9.67,1.468662:-1.608753;1.183724:-1.706952;0.9313928:-1.750769;0.5273488:-1.513993;0.2850081:-1.648611;0.01595545:-1.546745;-0.5414486:-1.44601;-0.9052334:-1.296703;-1.257815:-1.388792;-1.489944:-1.319555;-1.812619:-1.557032;-2.065244:-1.43914,sigma3_hotel_seed42,3
HOTEL:biwi_hotel:192:9460,HOTEL,biwi_hotel:192,9460,triu,4.488039016723633,8.500282287597656,2.07:3.85;2.1:3.27;2.18:2.63;2.14:1.99;2.1:1.29;2.03:0.57;1.9:0;1.77:-0.57,1.64:-1.21;1.61:-1.93;1.53:-2.53;1.47:-3.16;1.45:-3.85;1.43:-4.52;1.44:-5.16;1.5:-5.79;1.59:-6.47;1.63:-7.19;1.71:-7.9;1.84:-8.56,1.622665:-0.5791419;1.430091:-0.6617937;1.26947:-0.6877307;0.991163:-0.5111137;0.8577831:-0.6055887;0.6776073:-0.5480713;0.3028557:-0.4569491;0.04382503:-0.3371996;-0.1941773:-0.424587;-0.334964:-0.372504;-0.5477254:-0.5692866;-0.7053058:-0.4497474,sigma3_hotel_seed42,3
HOTEL:biwi_hotel:194:9500,HOTEL,biwi_hotel:194,9500,triu,3.732806444168091,6.689889907836914,1.72:-8.94;1.78:-8.3;1.8:-7.81;1.88:-7.26;1.96:-6.65;1.98:-6.05;2.04:-5.44;2.06:-4.85,2.09:-4.22;2.16:-3.62;2.15:-3.04;2.14:-2.5;2.1:-1.94;1.99:-1.37;1.92:-0.83;1.84:-0.3;1.79:0.24;1.75:0.86;1.69:1.29;1.73:1.84,2.063108:-4.865002;1.997927:-4.962551;1.989023:-5.000494;1.831547:-4.81962;1.823877:-4.926764;1.754555:-4.880758;1.514983:-4.79785;1.362072:-4.66558;1.225679:-4.750011;1.224623:-4.737017;1.118776:-4.940952;1.060917:-4.816347,sigma3_hotel_seed42,3
HOTEL:biwi_hotel:194:9510,HOTEL,biwi_hotel:194,9510,triu,3.64872670173645,6.579238414764404,1.78:-8.3;1.8:-7.81;1.88:-7.26;1.96:-6.65;1.98:-6.05;2.04:-5.44;2.06:-4.85;2.09:-4.22,2.16:-3.62;2.15:-3.04;2.14:-2.5;2.1:-1.94;1.99:-1.37;1.92:-0.83;1.84:-0.3;1.79:0.24;1.75:0.86;1.69:1.29;1.73:1.84;1.77:2.35,2.107523:-4.235603;2.049038:-4.34211;2.051884:-4.384473;1.891463:-4.189909;1.888691:-4.308146;1.82314:-4.255932;1.571155:-4.174414;1.416743:-4.02878;1.275823:-4.114559;1.284729:-4.10897;1.180525:-4.323848;1.121149:-4.197165,sigma3_hotel_seed42,3
HOTEL:biwi_hotel:194:9520,HOTEL,biwi_hotel:194,9520,triu,3.606399536132813,6.581671714782715,1.8:-7.81;1.88:-7.26;1.96:-6.65;1.98:-6.05;2.04:-5.44;2.06:-4.85;2.09:-4.22;2.16:-3.62,2.15:-3.04;2.14:-2.5;2.1:-1.94;1.99:-1.37;1.92:-0.83;1.84:-0.3;1.79:0.24;1.75:0.86;1.69:1.29;1.73:1.84;1.77:2.35;1.82:2.96,2.227798:-3.636764;2.216285:-3.742368;2.273921:-3.782149;2.168964:-3.601089;2.215917:-3.712141;2.192525:-3.672501;2.014494:-3.594631;1.905177:-3.45353;1.811035:-3.537127;1.871549:-3.543144;1.812359:-3.750527;1.795913:-3.621628,sigma3_hotel_seed42,3
HOTEL:biwi_hotel:195:9500,HOTEL,biwi_hotel:195,9500,triu,3.712215185165405,6.800978183746338,2.24:-9.13;2.31:-8.51;2.35:-7.95;2.43:-7.42;2.48:-6.87;2.47:-6.2;2.53:-5.6;2.56:-5.01,2.58:-4.42;2.61:-3.85;2.59:-3.29;2.55:-2.75;2.51:-2.18;2.43:-1.59;2.42:-1.02;2.38:-0.44;2.36:0.12;2.33:0.62;2.24:1.29;2.23:1.8,2.593222:-5.025866;2.554528:-5.125096;2.577147:-5.16331;2.447799:-4.985628;2.467311:-5.092158;2.421208:-5.050898;2.216423:-4.970035;2.086944:-4.83705;1.974002:-4.920581;2.002309:-4.915291;1.920273:-5.118219;1.884598:-4.992202,sigma3_hotel_seed42,3
HOTEL:biwi_hotel:195:9510,HOTEL,biwi_hotel:195,9510,triu,3.679382085800171,6.688060760498047,2.31:-8.51;2.35:-7.95;2.43:-7.42;2.48:-6.87;2.47:-6.2;2.53:-5.6;2.56:-5.01;2.58:-4.42,2.61:-3.85;2.59:-3.29;2.55:-2.75;2.51:-2.18;2.43:-1.59;2.42:-1.02;2.38:-0.44;2.36:0.12;2.33:0.62;2.24:1.29;2.23:1.8;2.23:2.27,2.579856:-4.43491;2.512807:-4.531242;2.500723:-4.568802;2.342344:-4.389287;2.332206:-4.49535;2.261361:-4.449506;2.020981:-4.366289;1.867253:-4.236044;1.730129:-4.320212;1.725884:-4.305542;1.618425:-4.508244;1.559454:-4.384361,sigma3_hotel_seed42,3
HOTEL:biwi_hotel:195:9520,HOTEL,biwi_hotel:195,9520,triu,3.6671011447906494,6.658084392547607,2.35:-7.95;2.43:-7.42;2.48:-6.87;2.47:-6.2;2.53:-5.6;2.56:-5.01;2.58:-4.42;2.61:-3.85,2.59:-3.29;2.55:-2.75;2.51:-2.18;2.43:-1.59;2.42:-1.02;2.38:-0.44;2.36:0.12;2.33:0.62;2.24:1.29;2.23:1.8;2.23:2.27;2.24:2.82,2.657684:-3.865911;2.634489:-3.962253;2.674688:-3.99708;2.567816:-3.829645;2.604974:-3.929309;2.573432:-3.895299;2.402364:-3.815848;2.290188:-3.688155;2.196308:-3.770626;2.241589:-3.76796;2.176596:-3.964331;2.157601:-3.837575,sigma3_hotel_seed42,3
HOTEL:biwi_hotel:196:9500,HOTEL,biwi_hotel:196,9500,triu,4.208770751953125,7.965136528015137,2.07:3.9;2:3.36;2.05:2.77;1.97:2.08;1.9:1.49;1.81:0.87;1.66:0.32;1.57:-0.3,1.44:-0.92;1.34:-1.49;1.27:-2.12;1.16:-2.75;1.15:-3.37;1.18:-4.1;1.23:-4.67;1.38:-5.3;1.44:-5.93;1.51:-6.57;1.52:-7.23;1.45:-7.91,1.477951:-0.3122174;1.317092:-0.4175746;1.20561:-0.459004;0.9328974:-0.246588;0.8323895:-0.370407;0.6773579:-0.3002925;0.2901645:-0.2122081;0.04181373:-0.05809674;-0.1917617:-0.1496776;-0.2862967:-0.1223736;-0.4797658:-0.3464334;-0.6244498:-0.2197427,sigma3_hotel_seed42,3
HOTEL:biwi_hotel:199:9510,HOTEL,biwi_hotel:199,9510,triu,0.5451511740684509,0.9529737830162048,-1.42:-3.51;-1.31:-3.57;-1.12:-3.53;-1.05:-3.55;-0.98:-3.66;-0.74:-3.67;-0.61:-3.72;-0.49:-3.89,-0.4:-4.02;-0.31:-4.19;-0.3:-4.21;-0.3:-4.21;-0.06:-4.27;-0.03:-4.27;-0.03:-4.27;-0.03:-4.27;-0.03:-4.27;-0.22:-4.18;-0.19:-4.29;-0.11:-4.16,-0.358075:-3.898874;-0.2350064:-3.916804;-0.1098999:-3.930513;-0.005966216:-3.903532;0.1148663:-3.920527;0.2329943:-3.926847;0.3353112:-3.89717;0.4281403:-3.8946;0.5094834:-3.925534;0.6082016:-3.926406;0.719684:-3.950383;0.8102058:-3.912249,sigma3_hotel_seed42,3
HOTEL:biwi_hotel:199:9520,HOTEL,biwi_hotel:199,9520,triu,0.4791718423366546,0.9767647385597228,-1.31:-3.57;-1.12:-3.53;-1.05:-3.55;-0.98:-3.66;-0.74:-3.67;-0.61:-3.72;-0.49:-3.89;-0.4:-4.02,-0.31:-4.19;-0.3:-4.21;-0.3:-4.21;-0.06:-4.27;-0.03:-4.27;-0.03:-4.27;-0.03:-4.27;-0.03:-4.27;-0.22:-4.18;-0.19:-4.29;-0.11:-4.16;-0.19:-4.19,-0.2767592:-4.026018;-0.163083:-4.038796;-0.07865265:-4.045043;0.03104228:-4.052573;0.1249723:-4.056865;0.2356624:-4.051235;0.3178668:-4.047302;0.4227175:-4.070066;0.509976:-4.085788;0.5915991:-4.10067;0.7060037:-4.088305;0.780452:-4.07913,sigma3_hotel_seed42,3
HOTEL:biwi_hotel:199:9530,HOTEL,biwi_hotel:199,9530,triu,0.2422230988740921,0.4592860043048858,-1.12:-3.53;-1.05:-3.55;-0.98:-3.66;-0.74:-3.67;-0.61:-3.72;-0.49:-3.89;-0.4:-4.02;-0.31:-4.19,-0.3:-4.21;-0.3:-4.21;-0.06:-4.27;-0.03:-4.27;-0.03:-4.27;-0.03:-4.27;-0.03:-4.27;-0.22:-4.18;-0.19:-4.29;-0.11:-4.16;-0.19:-4.19;-0.09:-4.35,-0.2242687:-4.198825;-0.1519968:-4.216691;-0.09605004:-4.215068;-0.03080097:-4.217351;0.02751154:-4.223113;0.08996624:-4.215422;0.1279699:-4.203688;0.1812157:-4.216516;0.2264342:-4.244751;0.2681451:-4.243566;0.3243877:-4.25085;0.3509686:-4.221585,sigma3_hotel_seed42,3
HOTEL:biwi_hotel:199:9540,HOTEL,biwi_hotel:199,9540,triu,0.205512523651123,0.2718149721622467,-1.05:-3.55;-0.98:-3.66;-0.74:-3.67;-0.61:-3.72;-0.49:-3.89;-0.4:-4.02;-0.31:-4.19;-0.3:-4.21,-0.3:-4.21;-0.06:-4.27;-0.03:-4.27;-0.03:-4.27;-0.03:-4.27;-0.03:-4.27;-0.22:-4.18;-0.19:-4.29;-0.11:-4.16;-0.19:-4.19;-0.09:-4.35;-0.13:-4.4,-0.2840356:-4.213296;-0.2934186:-4.212554;-0.2964741:-4.216959;-0.2825213:-4.227218;-0.3042191:-4.235195;-0.3075129:-4.202767;-0.3193001:-4.211435;-0.3079189:-4.244066;-0.3178656:-4.243285;-0.2982625:-4.262434;-0.3247201:-4.231417;-0.3356733:-4.222287,sigma3_hotel_seed42,3
HOTEL:biwi_hotel:199:9550,HOTEL,biwi_hotel:199,9550,triu,0.5034094452857971,0.8672904372215271,-0.98:-3.66;-0.74:-3.67;-0.61:-3.72;-0.49:-3.89;-0.4:-4.02;-0.31:-4.19;-0.3:-4.21;-0.3:-4.21,-0.06:-4.27;-0.03:-4.27;-0.03:-4.27;-0.03:-4.27;-0.03:-4.27;-0.22:-4.18;-0.19:-4.29;-0.11:-4.16;-0.19:-4.19;-0.09:-4.35;-0.13:-4.4;-0.09:-4.52,-0.3223226:-4.21198;-0.3742441:-4.208422;-0.4218586:-4.205578;-0.447672:-4.221787;-0.51925:-4.224218;-0.5704231:-4.18529;-0.6270849:-4.196143;-0.6569553:-4.231386;-0.7095317:-4.224969;-0.7406032:-4.242727;-0.8183804:-4.199087;-0.890147:-4.1854,sigma3_hotel_seed42,3
HOTEL:biwi_hotel:199:9560,HOTEL,biwi_hotel:199,9560,triu,1.7188634872436523,3.033506155014038,-0.74:-3.67;-0.61:-3.72;-0.49:-3.89;-0.4:-4.02;-0.31:-4.19;-0.3:-4.21;-0.3:-4.21;-0.06:-4.27,-0.03:-4.27;-0.03:-4.27;-0.03:-4.27;-0.03:-4.27;-0.22:-4.18;-0.19:-4.29;-0.11:-4.16;-0.19:-4.19;-0.09:-4.35;-0.13:-4.4;-0.09:-4.52;0.06:-4.69,0.1874819:-4.278037;0.4652152:-4.267409;0.6970267:-4.287604;0.9564791:-4.300607;1.208106:-4.2924;1.495915:-4.310345;1.769155:-4.302173;2.035924:-4.34482;2.298275:-4.367911;2.506862:-4.354333;2.810273:-4.340511;3.077002:-4.373999,sigma3_hotel_seed42,3
HOTEL:biwi_hotel:199:9570,HOTEL,biwi_hotel:199,9570,triu,0.1814485788345337,0.6845678091049194,-0.61:-3.72;-0.49:-3.89;-0.4:-4.02;-0.31:-4.19;-0.3:-4.21;-0.3:-4.21;-0.06:-4.27;-0.03:-4.27,-0.03:-4.27;-0.03:-4.27;-0.03:-4.27;-0.22:-4.18;-0.19:-4.29;-0.11:-4.16;-0.19:-4.19;-0.09:-4.35;-0.13:-4.4;-0.09:-4.52;0.06:-4.69;0.17:-4.87,-0.05212342:-4.274785;-0.07059304:-4.276233;-0.07715131:-4.27558;-0.09787725:-4.272668;-0.1071298:-4.278002;-0.1252621:-4.270919;-0.1347285:-4.267561;-0.154494:-4.271955;-0.1580611:-4.288962;-0.1570118:-4.276188;-0.1865051:-4.291284;-0.1823443:-4.28307,sigma3_hotel_seed42,3
HOTEL:biwi_hotel:200:9550,HOTEL,biwi_hotel:200,9550,triu,3.739005088806152,6.7605695724487305,2.01:-9.81;1.99:-9.27;2.06:-8.71;2.13:-8.19;2.13:-7.64;2.14:-7.03;2.12:-6.46;2.13:-5.9,2.2:-5.32;2.15:-4.73;2.04:-4.16;1.96:-3.54;1.85:-2.95;1.79:-2.42;1.78:-1.86;1.68:-1.2;1.73:-0.75;1.86:-0.26;1.79:0.32;1.8:0.86,2.114428:-5.914424;2.037388:-6.00516;2.010817:-6.040486;1.847293:-5.867712;1.827484:-5.967896;1.749019:-5.924129;1.506595:-5.839489;1.348244:-5.717374;1.20803:-5.800868;1.190655:-5.779788;1.076296:-5.976595;1.01278:-5.85458,sigma3_hotel_seed42,3
HOTEL:biwi_hotel:200:9560,HOTEL,biwi_hotel:200,9560,triu,3.7421233654022217,6.589601993560791,1.99:-9.27;2.06:-8.71;2.13:-8.19;2.13:-7.64;2.14:-7.03;2.12:-6.46;2.13:-5.9;2.2:-5.32,2.15:-4.73;2.04:-4.16;1.96:-3.54;1.85:-2.95;1.79:-2.42;1.78:-1.86;1.68:-1.2;1.73:-0.75;1.86:-0.26;1.79:0.32;1.8:0.86;1.76:1.26,2.2773:-5.336859;2.278274:-5.437555;2.34819:-5.474299;2.263435:-5.304694;2.324288:-5.407791;2.313167:-5.37535;2.165989:-5.297974;2.072669:-5.165431;1.996481:-5.247526;2.068938:-5.253436;2.023892:-5.452731;2.022527:-5.324371,sigma3_hotel_seed42,3
HOTEL:biwi_hotel:200:9570,HOTEL,biwi_hotel:200,9570,triu,3.675802230834961,6.633159160614014,2.06:-8.71;2.13:-8.19;2.13:-7.64;2.14:-7.03;2.12:-6.46;2.13:-5.9;2.2:-5.32;2.15:-4.73,2.04:-4.16;1.96:-3.54;1.85:-2.95;1.79:-2.42;1.78:-1.86;1.68:-1.2;1.73:-0.75;1.86:-0.26;1.79:0.32;1.8:0.86;1.76:1.26;1.69:1.89,2.109535:-4.743684;2.007965:-4.83616;1.954559:-4.872276;1.761738:-4.691763;1.717398:-4.796068;1.616855:-4.745975;1.336479:-4.659994;1.153783:-4.53296;0.988578:-4.618124;0.9463954:-4.592803;0.8092908:-4.79447;0.7232767:-4.672336,sigma3_hotel_seed42,3
HOTEL:biwi_hotel:200:9580,HOTEL,biwi_hotel:200,9580,triu,3.755601644515991,6.792845249176025,2.13:-8.19;2.13:-7.64;2.14:-7.03;2.12:-6.46;2.13:-5.9;2.2:-5.32;2.15:-4.73;2.04:-4.16,1.96:-3.54;1.85:-2.95;1.79:-2.42;1.78:-1.86;1.68:-1.2;1.73:-0.75;1.86:-0.26;1.79:0.32;1.8:0.86;1.76:1.26;1.69:1.89;1.7:2.39,1.889096:-4.169894;1.697026:-4.250444;1.529862:-4.280688;1.249408:-4.101105;1.107283:-4.199123;0.9268391:-4.136444;0.5397844:-4.043462;0.2815225:-3.930463;0.04101384:-4.016165;-0.1095352:-3.957404;-0.3277779:-4.154276;-0.4884887:-4.040651,sigma3_hotel_seed42,3
HOTEL:biwi_hotel:200:9590,HOTEL,biwi_hotel:200,9590,triu,3.6798207759857178,6.7425737380981445,2.13:-7.64;2.14:-7.03;2.12:-6.46;2.13:-5.9;2.2:-5.32;2.15:-4.73;2.04:-4.16;1.96:-3.54,1.85:-2.95;1.79:-2.42;1.78:-1.86;1.68:-1.2;1.73:-0.75;1.86:-0.26;1.79:0.32;1.8:0.86;1.76:1.26;1.69:1.89;1.7:2.39;1.75:2.94,1.851517:-3.55232;1.680698:-3.653248;1.550169:-3.696825;1.267196:-3.484352;1.148956:-3.608411;0.9846859:-3.534099;0.5783627:-3.443392;0.3231037:-3.298277;0.0807507:-3.388067;-0.0344063:-3.350715;-0.2410536:-3.57282;-0.3957341:-3.452036,sigma3_hotel_seed42,3
HOTEL:biwi_hotel:201:9550,HOTEL,biwi_hotel:201,9550,triu,3.7242743968963614,6.75477409362793,2.78:-9.95;2.74:-9.37;2.77:-8.83;2.84:-8.3;2.84:-7.75;2.82:-7.15;2.86:-6.58;2.86:-6.04,2.79:-5.45;2.76:-4.87;2.65:-4.31;2.67:-3.65;2.65:-3.15;2.51:-2.62;2.54:-2.01;2.59:-1.45;2.57:-0.92;2.63:-0.36;2.63:0.19;2.54:0.72,2.842447:-6.05424;2.766347:-6.141142;2.739395:-6.174246;2.581693:-6.008496;2.564059:-6.10327;2.487416:-6.063304;2.256646:-5.978429;2.102571:-5.862198;1.968141:-5.944995;1.950967:-5.921884;1.839717:-6.1134;1.780414:-5.99193,sigma3_hotel_seed42,3
HOTEL:biwi_hotel:201:9560,HOTEL,biwi_hotel:201,9560,triu,3.760833501815796,6.906481742858887,2.74:-9.37;2.77:-8.83;2.84:-8.3;2.84:-7.75;2.82:-7.15;2.86:-6.58;2.86:-6.04;2.79:-5.45,2.76:-4.87;2.65:-4.31;2.67:-3.65;2.65:-3.15;2.51:-2.62;2.54:-2.01;2.59:-1.45;2.57:-0.92;2.63:-0.36;2.63:0.19;2.54:0.72;2.55:1.32,2.696295:-5.462339;2.549405:-5.549867;2.440284:-5.585746;2.200573:-5.401793;2.109194:-5.505633;1.969342:-5.448164;1.631258:-5.357984;1.410046:-5.235705;1.206608:-5.321832;1.112489:-5.281359;0.9346248:-5.482768;0.8118163:-5.364176,sigma3_hotel_seed42,3
HOTEL:biwi_hotel:201:9570,HOTEL,biwi_hotel:201,9570,triu,3.6856906414031982,6.626361846923828,2.77:-8.83;2.84:-8.3;2.84:-7.75;2.82:-7.15;2.86:-6.58;2.86:-6.04;2.79:-5.45;2.76:-4.87,2.65:-4.31;2.67:-3.65;2.65:-3.15;2.51:-2.62;2.54:-2.01;2.59:-1.45;2.57:-0.92;2.63:-0.36;2.63:0.19;2.54:0.72;2.55:1.32;2.58:1.71,2.726619:-4.883821;2.632221:-4.975526;2.5868:-5.010893;2.403213:-4.833536;2.366403:-4.935928;2.272404:-4.888225;2.00477:-4.802756;1.829486:-4.677467;1.672099:-4.762152;1.637411:-4.738094;1.507412:-4.937777;1.428361:-4.815519,sigma3_hotel_seed42,3
HOTEL:biwi_hotel:201:9580,HOTEL,biwi_hotel:201,9580,triu,3.7670328617095943,6.794479370117188,2.84:-8.3;2.84:-7.75;2.82:-7.15;2.86:-6.58;2.86:-6.04;2.79:-5.45;2.76:-4.87;2.65:-4.31,2.67:-3.65;2.65:-3.15;2.51:-2.62;2.54:-2.01;2.59:-1.45;2.57:-0.92;2.63:-0.36;2.63:0.19;2.54:0.72;2.55:1.32;2.58:1.71;2.4:2.31,2.529604:-4.321039;2.36438:-4.401443;2.230017:-4.432253;1.979361:-4.258025;1.868573:-4.353327;1.71324:-4.297856;1.367165:-4.206308;1.134705:-4.094353;0.9216609:-4.179518;0.8035764:-4.129026;0.6118431:-4.322683;0.477308:-4.206764,sigma3_hotel_seed42,3
HOTEL:biwi_hotel:201:9590,HOTEL,biwi_hotel:201,9590,triu,3.576658248901367,6.58996057510376,2.84:-7.75;2.82:-7.15;2.86:-6.58;2.86:-6.04;2.79:-5.45;2.76:-4.87;2.65:-4.31;2.67:-3.65,2.65:-3.15;2.51:-2.62;2.54:-2.01;2.59:-1.45;2.57:-0.92;2.63:-0.36;2.63:0.19;2.54:0.72;2.55:1.32;2.58:1.71;2.4:2.31;2.49:2.87,2.670695:-3.665511;2.589235:-3.781312;2.570086:-3.829615;2.372034:-3.61337;2.344663:-3.746542;2.256716:-3.681221;1.947809:-3.5987;1.763855:-3.436547;1.590067:-3.525277;1.578056:-3.52056;1.448123:-3.750747;1.361382:-3.622596,sigma3_hotel_seed42,3
HOTEL:biwi_hotel:203:9590,HOTEL,biwi_hotel:203,9590,triu,3.904029607772827,7.355653285980225,0.94:4.05;1.04:3.55;0.95:3.07;0.91:2.62;0.93:2.13;0.85:1.67;0.83:1.17;0.75:0.7,0.58:0.17;0.6:-0.43;0.54:-0.97;0.59:-1.54;0.72:-2.08;0.76:-2.7;0.93:-3.24;0.97:-3.69;0.98:-4.37;1.11:-4.98;1.07:-5.54;1.11:-6.12,0.6239095:0.6896429;0.4597549:0.6173227;0.3233986:0.5924008;0.08502805:0.7507572;-0.02282119:0.6676052;-0.1754954:0.7149651;-0.4968047:0.8066111;-0.7211421:0.9059967;-0.9230422:0.8224117;-1.042307:0.8776698;-1.228244:0.6955863;-1.355193:0.8102572,sigma3_hotel_seed42,3
HOTEL:biwi_hotel:203:9600,HOTEL,biwi_hotel:203,9600,triu,4.475307941436768,8.286415100097656,1.04:3.55;0.95:3.07;0.91:2.62;0.93:2.13;0.85:1.67;0.83:1.17;0.75:0.7;0.58:0.17,0.6:-0.43;0.54:-0.97;0.59:-1.54;0.72:-2.08;0.76:-2.7;0.93:-3.24;0.97:-3.69;0.98:-4.37;1.11:-4.98;1.07:-5.54;1.11:-6.12;1.1:-6.67,0.3193836:0.1599225;0.01778263:0.08425455;-0.2498298:0.0386412;-0.6509207:0.2602987;-0.9154603:0.1387871;-1.195961:0.237932;-1.73264:0.349073;-2.098168:0.4640428;-2.447482:0.3775467;-2.694847:0.4694965;-3.042408:0.2468345;-3.28852:0.358909,sigma3_hotel_seed42,3
HOTEL:biwi_hotel:203:9610,HOTEL,biwi_hotel:203,9610,triu,3.749387741088867,7.060186386108398,0.95:3.07;0.91:2.62;0.93:2.13;0.85:1.67;0.83:1.17;0.75:0.7;0.58:0.17;0.6:-0.43,0.54:-0.97;0.59:-1.54;0.72:-2.08;0.76:-2.7;0.93:-3.24;0.97:-3.69;0.98:-4.37;1.11:-4.98;1.07:-5.54;1.11:-6.12;1.1:-6.67;0.96:-7.35,0.6221652:-0.4453308;0.5643597:-0.5550187;0.5735241:-0.5958707;0.4132627:-0.4000342;0.4164141:-0.5187834;0.351886:-0.4679745;0.1046262:-0.3880487;-0.05084848:-0.2355888;-0.1917994:-0.3231467;-0.1751047:-0.3231722;-0.2756749:-0.5399581;-0.3335512:-0.4093257,sigma3_hotel_seed42,3
HOTEL:biwi_hotel:203:9620,HOTEL,biwi_hotel:203,9620,triu,4.011415004730225,7.501665115356445,0.91:2.62;0.93:2.13;0.85:1.67;0.83:1.17;0.75:0.7;0.58:0.17;0.6:-0.43;0.54:-0.97,0.59:-1.54;0.72:-2.08;0.76:-2.7;0.93:-3.24;0.97:-3.69;0.98:-4.37;1.11:-4.98;1.07:-5.54;1.11:-6.12;1.1:-6.67;0.96:-7.35;0.98:-8,0.4493839:-0.9823227;0.3041884:-1.070208;0.1990426:-1.105394;-0.03827065:-0.9223976;-0.1248428:-1.025214;-0.2626802:-0.9696356;-0.5948018:-0.8798525;-0.8142686:-0.7560577;-1.014867:-0.8426556;-1.103955:-0.8045164;-1.278463:-1.005619;-1.398267:-0.885309,sigma3_hotel_seed42,3
HOTEL:biwi_hotel:203:9630,HOTEL,biwi_hotel:203,9630,triu,3.8353641033172607,7.179088115692139,0.93:2.13;0.85:1.67;0.83:1.17;0.75:0.7;0.58:0.17;0.6:-0.43;0.54:-0.97;0.59:-1.54,0.72:-2.08;0.76:-2.7;0.93:-3.24;0.97:-3.69;0.98:-4.37;1.11:-4.98;1.07:-5.54;1.11:-6.12;1.1:-6.67;0.96:-7.35;0.98:-8;0.93:-8.56,0.6027383:-1.555256;0.5373369:-1.664013;0.5358012:-1.705841;0.3667387:-1.508256;0.3601344:-1.628005;0.2886852:-1.574728;0.02818894:-1.49368;-0.1339924:-1.342803;-0.2822645:-1.430128;-0.2762466:-1.426458;-0.3850888:-1.643786;-0.4501663:-1.514829,sigma3_hotel_seed42,3
HOTEL:biwi_hotel:203:9640,HOTEL,biwi_hotel:203,9640,triu,3.7636678218841553,7.114627838134766,0.85:1.67;0.83:1.17;0.75:0.7;0.58:0.17;0.6:-0.43;0.54:-0.97;0.59:-1.54;0.72:-2.08,0.76:-2.7;0.93:-3.24;0.97:-3.69;0.98:-4.37;1.11:-4.98;1.07:-5.54;1.11:-6.12;1.1:-6.67;0.96:-7.35;0.98:-8;0.93:-8.56;0.94:-9.19,0.9208938:-2.099395;1.034533:-2.204473;1.238591:-2.235624;1.281726:-2.090265;1.457136:-2.183596;1.545427:-2.174944;1.56341:-2.108742;1.572627:-1.978445;1.598997:-2.057086;1.794762:-2.093866;1.854766:-2.28137;1.94962:-2.147372,sigma3_hotel_seed42,3
HOTEL:biwi_hotel:203:9650,HOTEL,biwi_hotel:203,9650,triu,3.877447843551636,7.315315723419189,0.83:1.17;0.75:0.7;0.58:0.17;0.6:-0.43;0.54:-0.97;0.59:-1.54;0.72:-2.08;0.76:-2.7,0.93:-3.24;0.97:-3.69;0.98:-4.37;1.11:-4.98;1.07:-5.54;1.11:-6.12;1.1:-6.67;0.96:-7.35;0.98:-8;0.93:-8.56;0.94:-9.19;0.93:-9.81,0.761202:-2.715165;0.6719797:-2.84201;0.6509899:-2.892644;0.434345:-2.659908;0.398997:-2.805199;0.3016262:-2.731286;-0.03719503:-2.650675;-0.2374685:-2.470018;-0.4305615:-2.561661;-0.4448926:-2.56378;-0.5848374:-2.807418;-0.6862322:-2.675462,sigma3_hotel_seed42,3
HOTEL:biwi_hotel:204:9610,HOTEL,biwi_hotel:204,9610,triu,0.4400009214878082,0.8463547229766846,-0.12:-5.85;-0.12:-5.85;-0.43:-6.03;-0.62:-6.04;-0.9:-5.92;-1.1:-5.88;-1.24:-5.88;-1.36:-5.8,-1.45:-5.69;-1.46:-5.68;-1.46:-5.68;-1.44:-5.68;-1.44:-5.68;-1.44:-5.68;-1.44:-5.68;-1.44:-5.68;-1.44:-5.68;-1.44:-5.68;-1.44:-5.68;-1.44:-5.68,-1.422106:-5.798528;-1.51959:-5.794724;-1.598888:-5.785508;-1.655241:-5.797281;-1.739344:-5.796833;-1.824841:-5.763117;-1.906658:-5.765728;-1.96815:-5.792384;-2.046635:-5.786694;-2.087627:-5.80461;-2.202814:-5.767733;-2.284817:-5.730989,sigma3_hotel_seed42,3
HOTEL:biwi_hotel:204:9620,HOTEL,biwi_hotel:204,9620,triu,0.3429194390773773,0.6511437296867371,-0.12:-5.85;-0.43:-6.03;-0.62:-6.04;-0.9:-5.92;-1.1:-5.88;-1.24:-5.88;-1.36:-5.8;-1.45:-5.69,-1.46:-5.68;-1.46:-5.68;-1.44:-5.68;-1.44:-5.68;-1.44:-5.68;-1.44:-5.68;-1.44:-5.68;-1.44:-5.68;-1.44:-5.68;-1.44:-5.68;-1.44:-5.68;-1.44:-5.68,-1.489655:-5.69272;-1.555769:-5.694971;-1.608907:-5.684489;-1.646291:-5.69315;-1.704086:-5.691963;-1.762468:-5.664496;-1.813547:-5.657229;-1.861638:-5.681836;-1.916399:-5.694905;-1.948179:-5.69659;-2.03085:-5.678926;-2.089819:-5.638491,sigma3_hotel_seed42,3
HOTEL:biwi_hotel:204:9630,HOTEL,biwi_hotel:204,9630,triu,0.4344811141490936,0.7897254824638367,-0.43:-6.03;-0.62:-6.04;-0.9:-5.92;-1.1:-5.88;-1.24:-5.88;-1.36:-5.8;-1.45:-5.69;-1.46:-5.68,-1.46:-5.68;-1.44:-5.68;-1.44:-5.68;-1.44:-5.68;-1.44:-5.68;-1.44:-5.68;-1.44:-5.68;-1.44:-5.68;-1.44:-5.68;-1.44:-5.68;-1.44:-5.68;-1.44:-5.68,-1.522589:-5.685318;-1.596304:-5.692155;-1.646662:-5.685503;-1.727105:-5.681523;-1.774321:-5.691748;-1.838821:-5.668135;-1.909626:-5.665321;-1.991525:-5.656749;-2.031799:-5.683568;-2.072528:-5.6708;-2.17081:-5.677816;-2.228751:-5.640773,sigma3_hotel_seed42,3
HOTEL:biwi_hotel:204:9640,HOTEL,biwi_hotel:204,9640,triu,0.2044323086738586,0.3597736358642578,-0.62:-6.04;-0.9:-5.92;-1.1:-5.88;-1.24:-5.88;-1.36:-5.8;-1.45:-5.69;-1.46:-5.68;-1.46:-5.68,-1.44:-5.68;-1.44:-5.68;-1.44:-5.68;-1.44:-5.68;-1.44:-5.68;-1.44:-5.68;-1.44:-5.68;-1.44:-5.68;-1.44:-5.68;-1.44:-5.68;-1.44:-5.68;-1.44:-5.68,-1.492254:-5.685396;-1.523767:-5.694042;-1.539088:-5.687622;-1.580564:-5.681748;-1.595317:-5.693195;-1.630142:-5.675687;-1.659969:-5.679704;-1.697631:-5.674359;-1.707761:-5.695752;-1.722258:-5.683125;-1.781301:-5.697753;-1.799774:-5.680043,sigma3_hotel_seed42,3
HOTEL:biwi_hotel:204:9650,HOTEL,biwi_hotel:204,9650,triu,0.1059087514877319,0.2589005827903747,-0.9:-5.92;-1.1:-5.88;-1.24:-5.88;-1.36:-5.8;-1.45:-5.69;-1.46:-5.68;-1.46:-5.68;-1.44:-5.68,-1.44:-5.68;-1.44:-5.68;-1.44:-5.68;-1.44:-5.68;-1.44:-5.68;-1.44:-5.68;-1.44:-5.68;-1.44:-5.68;-1.44:-5.68;-1.44:-5.68;-1.44:-5.68;-1.44:-5.68,-1.434582:-5.684079;-1.428395:-5.684247;-1.408878:-5.69063;-1.395797:-5.68776;-1.376265:-5.693232;-1.359408:-5.689397;-1.334008:-5.683372;-1.320442:-5.693985;-1.29757:-5.711152;-1.251803:-5.706419;-1.237975:-5.723274;-1.184275:-5.720428,sigma3_hotel_seed42,3
HOTEL:biwi_hotel:204:9660,HOTEL,biwi_hotel:204,9660,triu,0.0272558331489563,0.0317460261285305,-1.1:-5.88;-1.24:-5.88;-1.36:-5.8;-1.45:-5.69;-1.46:-5.68;-1.46:-5.68;-1.44:-5.68;-1.44:-5.68,-1.44:-5.68;-1.44:-5.68;-1.44:-5.68;-1.44:-5.68;-1.44:-5.68;-1.44:-5.68;-1.44:-5.68;-1.44:-5.68;-1.44:-5.68;-1.44:-5.68;-1.44:-5.68;-1.44:-5.68,-1.448115:-5.683719;-1.452541:-5.682153;-1.451088:-5.689675;-1.460092:-5.686813;-1.464633:-5.694531;-1.464182:-5.687409;-1.472234:-5.685486;-1.476453:-5.692666;-1.475007:-5.705302;-1.463329:-5.699635;-1.468242:-5.706716;-1.454513:-5.708234,sigma3_hotel_seed42,3
HOTEL:biwi_hotel:204:9670,HOTEL,biwi_hotel:204,9670,triu,0.0382116250693798,0.1196610704064369,-1.24:-5.88;-1.36:-5.8;-1.45:-5.69;-1.46:-5.68;-1.46:-5.68;-1.44:-5.68;-1.44:-5.68;-1.44:-5.68,-1.44:-5.68;-1.44:-5.68;-1.44:-5.68;-1.44:-5.68;-1.44:-5.68;-1.44:-5.68;-1.44:-5.68;-1.44:-5.68;-1.44:-5.68;-1.44:-5.68;-1.44:-5.68;-1.44:-5.68,-1.444651:-5.685282;-1.455848:-5.68748;-1.442031:-5.688653;-1.438752:-5.68692;-1.42772:-5.690386;-1.432371:-5.68696;-1.411361:-5.678488;-1.415143:-5.687292;-1.400393:-5.705245;-1.355093:-5.698515;-1.369816:-5.725295;-1.324672:-5.711908,sigma3_hotel_seed42,3
HOTEL:biwi_hotel:204:9680,HOTEL,biwi_hotel:204,9680,triu,0.0655461028218269,0.1678657233715057,-1.36:-5.8;-1.45:-5.69;-1.46:-5.68;-1.46:-5.68;-1.44:-5.68;-1.44:-5.68;-1.44:-5.68;-1.44:-5.68,-1.44:-5.68;-1.44:-5.68;-1.44:-5.68;-1.44:-5.68;-1.44:-5.68;-1.44:-5.68;-1.44:-5.68;-1.44:-5.68;-1.44:-5.68;-1.44:-5.68;-1.44:-5.68;-1.44:-5.68,-1.441068:-5.68547;-1.438584:-5.689566;-1.423377:-5.693273;-1.425672:-5.688055;-1.406286:-5.697917;-1.391381:-5.685549;-1.376765:-5.683116;-1.374493:-5.687523;-1.350073:-5.714545;-1.319007:-5.703671;-1.316074:-5.718439;-1.274853:-5.710087,sigma3_hotel_seed42,3
HOTEL:biwi_hotel:204:9690,HOTEL,biwi_hotel:204,9690,triu,0.0886385813355445,0.1808548122644424,-1.45:-5.69;-1.46:-5.68;-1.46:-5.68;-1.44:-5.68;-1.44:-5.68;-1.44:-5.68;-1.44:-5.68;-1.44:-5.68,-1.44:-5.68;-1.44:-5.68;-1.44:-5.68;-1.44:-5.68;-1.44:-5.68;-1.44:-5.68;-1.44:-5.68;-1.44:-5.68;-1.44:-5.68;-1.44:-5.68;-1.44:-5.68;-1.44:-5.68,-1.447901:-5.678778;-1.451482:-5.672695;-1.465889:-5.68232;-1.480118:-5.681656;-1.506948:-5.687525;-1.512304:-5.682184;-1.546292:-5.68974;-1.54737:-5.695461;-1.574447:-5.688408;-1.593738:-5.700815;-1.590275:-5.677875;-1.620398:-5.692853,sigma3_hotel_seed42,3
HOTEL:biwi_hotel:204:9700,HOTEL,biwi_hotel:204,9700,triu,0.0471598803997039,0.0855292007327079,-1.46:-5.68;-1.46:-5.68;-1.44:-5.68;-1.44:-5.68;-1.44:-5.68;-1.44:-5.68;-1.44:-5.68;-1.44:-5.68,-1.44:-5.68;-1.44:-5.68;-1.44:-5.68;-1.44:-5.68;-1.44:-5.68;-1.44:-5.68;-1.44:-5.68;-1.44:-5.68;-1.44:-5.68;-1.44:-5.68;-1.44:-5.68;-1.44:-5.68,-1.448465:-5.680496;-1.449957:-5.679146;-1.457019:-5.680892;-1.466278:-5.679434;-1.475942:-5.679761;-1.486926:-5.68378;-1.496791:-5.686074;-1.498851:-5.687783;-1.507968:-5.685203;-1.514574:-5.689169;-1.515198:-5.689443;-1.523442:-5.698779,sigma3_hotel_seed42,3
HOTEL:biwi_hotel:204:9710,HOTEL,biwi_hotel:204,9710,triu,0.0099955648183822,0.019534844905138,-1.46:-5.68;-1.44:-5.68;-1.44:-5.68;-1.44:-5.68;-1.44:-5.68;-1.44:-5.68;-1.44:-5.68;-1.44:-5.68,-1.44:-5.68;-1.44:-5.68;-1.44:-5.68;-1.44:-5.68;-1.44:-5.68;-1.44:-5.68;-1.44:-5.68;-1.44:-5.68;-1.44:-5.68;-1.44:-5.68;-1.44:-5.68;-1.44:-5.68,-1.441302:-5.680753;-1.439158:-5.687677;-1.442008:-5.681477;-1.449125:-5.673984;-1.437155:-5.675866;-1.451286:-5.677837;-1.45645:-5.684342;-1.451324:-5.677958;-1.44632:-5.67513;-1.446213:-5.681418;-1.455675:-5.6896;-1.456689:-5.690153,sigma3_hotel_seed42,3
HOTEL:biwi_hotel:204:9720,HOTEL,biwi_hotel:204,9720,triu,0.0773748233914375,0.1574793010950088,-1.44:-5.68;-1.44:-5.68;-1.44:-5.68;-1.44:-5.68;-1.44:-5.68;-1.44:-5.68;-1.44:-5.68;-1.44:-5.68,-1.44:-5.68;-1.44:-5.68;-1.44:-5.68;-1.44:-5.68;-1.44:-5.68;-1.44:-5.68;-1.44:-5.68;-1.44:-5.68;-1.44:-5.68;-1.44:-5.68;-1.44:-5.68;-1.44:-5.68,-1.450372:-5.680133;-1.453073:-5.68024;-1.465774:-5.680204;-1.481243:-5.676161;-1.492573:-5.678556;-1.509167:-5.679744;-1.532227:-5.685839;-1.535875:-5.684138;-1.547935:-5.678045;-1.566122:-5.682235;-1.576144:-5.679788;-1.597195:-5.689461,sigma3_hotel_seed42,3
HOTEL:biwi_hotel:206:9660,HOTEL,biwi_hotel:206,9660,triu,4.393444538116455,8.631271362304688,1.26:3.88;1.24:3.45;1.16:2.94;1.14:2.42;1.08:1.84;1.11:1.24;1.1:0.66;1.13:-0.02,1.26:-0.53;1.29:-1.2;1.45:-1.82;1.55:-2.44;1.7:-3.03;1.87:-3.61;2:-4.29;2.26:-4.91;2.6:-5.41;3.03:-5.99;3.4:-6.47;4:-7.19,1.111608:-0.03544551;0.9945657:-0.1753757;0.9456055:-0.2361341;0.6792994:0.0284219;0.6106158:-0.1395848;0.4852045:-0.04586797;0.06634259:0.0364817;-0.1718404:0.2389012;-0.4087489:0.1438739;-0.4510393:0.1413293;-0.6255497:-0.1244489;-0.7633855:0.007846337,sigma3_hotel_seed42,3
HOTEL:biwi_hotel:222:10050,HOTEL,biwi_hotel:222,10050,triu,0.09857127815485,0.3046814799308777,-0.94:-0.96;-0.99:-1.05;-1.02:-1.15;-1.02:-1.2;-1.06:-1.2;-1.09:-1.17;-1.11:-1.15;-1.11:-1.13,-1.13:-1.11;-1.15:-1.08;-1.15:-1.08;-1.15:-1.08;-1.15:-1.08;-1.15:-1.08;-1.15:-1.08;-1.15:-1.08;-1.15:-1.1;-1.21:-1.19;-1.33:-1.31;-1.34:-1.32,-1.118621:-1.133579;-1.13096:-1.135976;-1.124655:-1.135181;-1.127069:-1.133257;-1.123078:-1.135604;-1.134915:-1.134617;-1.123314:-1.130088;-1.129464:-1.135153;-1.124465:-1.146457;-1.094622:-1.144037;-1.111011:-1.164525;-1.083481:-1.155596,sigma3_hotel_seed42,3
HOTEL:biwi_hotel:222:10060,HOTEL,biwi_hotel:222,10060,triu,0.1905280798673629,0.3875200152397156,-0.99:-1.05;-1.02:-1.15;-1.02:-1.2;-1.06:-1.2;-1.09:-1.17;-1.11:-1.15;-1.11:-1.13;-1.13:-1.11,-1.15:-1.08;-1.15:-1.08;-1.15:-1.08;-1.15:-1.08;-1.15:-1.08;-1.15:-1.08;-1.15:-1.08;-1.15:-1.1;-1.21:-1.19;-1.33:-1.31;-1.34:-1.32;-1.69:-1.46,-1.16199:-1.11194;-1.193253:-1.115395;-1.22412:-1.11548;-1.274246:-1.110695;-1.30141:-1.11957;-1.328551:-1.104352;-1.378381:-1.109349;-1.416427:-1.102382;-1.44365:-1.117006;-1.479314:-1.117251;-1.515218:-1.105902;-1.560084:-1.094906,sigma3_hotel_seed42,3
HOTEL:biwi_hotel:222:10070,HOTEL,biwi_hotel:222,10070,triu,0.1810283064842224,0.4763111770153045,-1.02:-1.15;-1.02:-1.2;-1.06:-1.2;-1.09:-1.17;-1.11:-1.15;-1.11:-1.13;-1.13:-1.11;-1.15:-1.08,-1.15:-1.08;-1.15:-1.08;-1.15:-1.08;-1.15:-1.08;-1.15:-1.08;-1.15:-1.08;-1.15:-1.1;-1.21:-1.19;-1.33:-1.31;-1.34:-1.32;-1.69:-1.46;-1.76:-1.4,-1.176088:-1.083062;-1.19122:-1.086265;-1.207112:-1.083922;-1.242167:-1.080824;-1.257618:-1.085742;-1.275245:-1.078819;-1.296574:-1.081793;-1.323476:-1.076742;-1.334694:-1.093646;-1.361189:-1.084926;-1.381143:-1.085836;-1.404281:-1.083241,sigma3_hotel_seed42,3
HOTEL:biwi_hotel:223:10060,HOTEL,biwi_hotel:223,10060,triu,3.367309808731079,6.251589298248291,1.5:4.07;1.44:3.69;1.63:3.22;1.65:2.78;1.62:2.32;1.65:1.87;1.71:1.44;1.63:1.04,1.67:0.54;1.68:0.06;1.61:-0.44;1.62:-0.91;1.65:-1.37;1.65:-1.86;1.72:-2.35;1.83:-2.77;1.88:-3.23;1.93:-3.67;2.01:-4.16;2.01:-4.67,1.495089:1.029928;1.337987:0.9819823;1.206615:0.9681661;1.006652:1.086797;0.9098879:1.033945;0.768596:1.061142;0.5220667:1.156176;0.323825:1.21761;0.1570565:1.139217;0.0445869:1.208806;-0.1284957:1.056142;-0.2267027:1.167767,sigma3_hotel_seed42,3
HOTEL:biwi_hotel:223:10070,HOTEL,biwi_hotel:223,10070,triu,3.142216920852661,5.925317764282227,1.44:3.69;1.63:3.22;1.65:2.78;1.62:2.32;1.65:1.87;1.71:1.44;1.63:1.04;1.67:0.54,1.68:0.06;1.61:-0.44;1.62:-0.91;1.65:-1.37;1.65:-1.86;1.72:-2.35;1.83:-2.77;1.88:-3.23;1.93:-3.67;2.01:-4.16;2.01:-4.67;1.95:-5.25,1.681015:0.5252901;1.626418:0.432474;1.629346:0.3994557;1.491619:0.5672005;1.498052:0.4696202;1.439533:0.5070804;1.233391:0.5888613;1.094963:0.7137336;0.9758053:0.6302857;0.9869827:0.6424068;0.8954421:0.4472782;0.8520765:0.5727103,sigma3_hotel_seed42,3
HOTEL:biwi_hotel:223:10080,HOTEL,biwi_hotel:223,10080,triu,3.209200143814087,6.036450386047363,1.63:3.22;1.65:2.78;1.62:2.32;1.65:1.87;1.71:1.44;1.63:1.04;1.67:0.54;1.68:0.06,1.61:-0.44;1.62:-0.91;1.65:-1.37;1.65:-1.86;1.72:-2.35;1.83:-2.77;1.88:-3.23;1.93:-3.67;2.01:-4.16;2.01:-4.67;1.95:-5.25;1.9:-5.74,1.642003:0.04670264;1.550832:-0.03485951;1.505164:-0.06407665;1.338037:0.09427178;1.307436:0.006406236;1.218826:0.04390056;0.9833187:0.129826;0.8200212:0.2393788;0.6785226:0.156607;0.6448922:0.1859934;0.5237582:0.0005250089;0.4563277:0.1212755,sigma3_hotel_seed42,3
HOTEL:biwi_hotel:223:10090,HOTEL,biwi_hotel:223,10090,triu,3.5707693099975586,6.661113262176514,1.65:2.78;1.62:2.32;1.65:1.87;1.71:1.44;1.63:1.04;1.67:0.54;1.68:0.06;1.61:-0.44,1.62:-0.91;1.65:-1.37;1.65:-1.86;1.72:-2.35;1.83:-2.77;1.88:-3.23;1.93:-3.67;2.01:-4.16;2.01:-4.67;1.95:-5.25;1.9:-5.74;1.86:-6.25,1.439808:-0.4495717;1.228685:-0.5300864;1.043061:-0.561595;0.7415947:-0.3758286;0.5788974:-0.4771271;0.3809823:-0.4088989;-0.03215408:-0.3137529;-0.3091868:-0.1991256;-0.5687753:-0.2853374;-0.7369596:-0.2217381;-0.9758304:-0.4226052;-1.152407:-0.3089704,sigma3_hotel_seed42,3
HOTEL:biwi_hotel:223:10100,HOTEL,biwi_hotel:223,10100,triu,3.236546516418457,6.116304874420166,1.62:2.32;1.65:1.87;1.71:1.44;1.63:1.04;1.67:0.54;1.68:0.06;1.61:-0.44;1.62:-0.91,1.65:-1.37;1.65:-1.86;1.72:-2.35;1.83:-2.77;1.88:-3.23;1.93:-3.67;2.01:-4.16;2.01:-4.67;1.95:-5.25;1.9:-5.74;1.86:-6.25;1.91:-6.77,1.578429:-0.9232269;1.486347:-1.002255;1.437341:-1.030813;1.271529:-0.8757311;1.238651:-0.9612359;1.1495:-0.9245762;0.916093:-0.83814;0.7538533:-0.7331001;0.6135628:-0.8151461;0.5762923:-0.7828714;0.4543647:-0.9655284;0.3871415:-0.8463115,sigma3_hotel_seed42,3
HOTEL:biwi_hotel:223:10110,HOTEL,biwi_hotel:223,10110,triu,3.1662185192108154,5.962489604949951,1.65:1.87;1.71:1.44;1.63:1.04;1.67:0.54;1.68:0.06;1.61:-0.44;1.62:-0.91;1.65:-1.37,1.65:-1.86;1.72:-2.35;1.83:-2.77;1.88:-3.23;1.93:-3.67;2.01:-4.16;2.01:-4.67;1.95:-5.25;1.9:-5.74;1.86:-6.25;1.91:-6.77;1.92:-7.24,1.660723:-1.38398;1.620228:-1.457089;1.631869:-1.478228;1.534822:-1.34896;1.561765:-1.417607;1.520792:-1.401837;1.388391:-1.319614;1.280638:-1.22577;1.200012:-1.305175;1.222041:-1.284783;1.155063:-1.451465;1.141424:-1.328562,sigma3_hotel_seed42,3
HOTEL:biwi_hotel:223:10120,HOTEL,biwi_hotel:223,10120,triu,3.3025035858154297,6.154533386230469,1.71:1.44;1.63:1.04;1.67:0.54;1.68:0.06;1.61:-0.44;1.62:-0.91;1.65:-1.37;1.65:-1.86,1.72:-2.35;1.83:-2.77;1.88:-3.23;1.93:-3.67;2.01:-4.16;2.01:-4.67;1.95:-5.25;1.9:-5.74;1.86:-6.25;1.91:-6.77;1.92:-7.24;1.85:-7.72,1.59387:-1.872713;1.485181:-1.955369;1.420063:-1.984893;1.23233:-1.82143;1.183733:-1.912008;1.079264:-1.869978;0.8169171:-1.78317;0.6363099:-1.670518;0.476913:-1.754388;0.4250456:-1.721634;0.2875634:-1.910298;0.2038925:-1.789687,sigma3_hotel_seed42,3
HOTEL:biwi_hotel:223:10130,HOTEL,biwi_hotel:223,10130,triu,3.117648839950561,5.857486248016357,1.63:1.04;1.67:0.54;1.68:0.06;1.61:-0.44;1.62:-0.91;1.65:-1.37;1.65:-1.86;1.72:-2.35,1.83:-2.77;1.88:-3.23;1.93:-3.67;2.01:-4.16;2.01:-4.67;1.95:-5.25;1.9:-5.74;1.86:-6.25;1.91:-6.77;1.92:-7.24;1.85:-7.72;1.84:-8.19,1.78153:-2.366007;1.773752:-2.458231;1.831299:-2.489463;1.747932:-2.333967;1.803889:-2.425285;1.787408:-2.399799;1.653083:-2.321441;1.559302:-2.200601;1.486331:-2.281932;1.549026:-2.281532;1.501954:-2.46991;1.501164:-2.342322,sigma3_hotel_seed42,3
HOTEL:biwi_hotel:223:10140,HOTEL,biwi_hotel:223,10140,triu,3.1801345348358154,5.949248313903809,1.67:0.54;1.68:0.06;1.61:-0.44;1.62:-0.91;1.65:-1.37;1.65:-1.86;1.72:-2.35;1.83:-2.77,1.88:-3.23;1.93:-3.67;2.01:-4.16;2.01:-4.67;1.95:-5.25;1.9:-5.74;1.86:-6.25;1.91:-6.77;1.92:-7.24;1.85:-7.72;1.84:-8.19;1.86:-8.71,1.926512:-2.787349;1.969587:-2.859068;2.069764:-2.883888;2.063373:-2.768297;2.163986:-2.834214;2.196476:-2.829659;2.168173:-2.75163;2.138269:-2.670902;2.132043:-2.744931;2.231488:-2.737153;2.234219:-2.894749;2.288974:-2.776238,sigma3_hotel_seed42,3
HOTEL:biwi_hotel:223:10150,HOTEL,biwi_hotel:223,10150,triu,3.2617828845977783,6.027034759521484,1.68:0.06;1.61:-0.44;1.62:-0.91;1.65:-1.37;1.65:-1.86;1.72:-2.35;1.83:-2.77;1.88:-3.23,1.93:-3.67;2.01:-4.16;2.01:-4.67;1.95:-5.25;1.9:-5.74;1.86:-6.25;1.91:-6.77;1.92:-7.24;1.85:-7.72;1.84:-8.19;1.86:-8.71;1.77:-9.18,1.880698:-3.244153;1.82541:-3.324868;1.822283:-3.351738;1.698035:-3.204403;1.70676:-3.286068;1.650646:-3.259042;1.473739:-3.175965;1.345218:-3.069667;1.240328:-3.150942;1.247353:-3.131015;1.161481:-3.310342;1.127727:-3.187285,sigma3_hotel_seed42,3
HOTEL:biwi_hotel:224:10070,HOTEL,biwi_hotel:224,10070,triu,3.640232801437378,6.745404243469238,0.5:4.18;0.55:3.77;0.71:3.4;0.74:2.98;0.73:2.54;0.92:2.13;0.95:1.69;0.9:1.15,1.03:0.73;1.07:0.29;0.98:-0.26;1.08:-0.71;1.19:-1.15;1.14:-1.78;1.19:-2.21;1.4:-2.62;1.41:-3.07;1.41:-3.53;1.55:-4.03;1.42:-4.53,0.7361887:1.140023;0.520106:1.043318;0.3325766:1.004069;0.005626082:1.216765;-0.1645123:1.094829;-0.3701001:1.176986;-0.8323083:1.270086;-1.127098:1.409983;-1.41023:1.320027;-1.581429:1.374105;-1.829994:1.153102;-2.025111:1.269283,sigma3_hotel_seed42,3
HOTEL:biwi_hotel:224:10080,HOTEL,biwi_hotel:224,10080,triu,3.1239349842071533,5.837497234344482,0.55:3.77;0.71:3.4;0.74:2.98;0.73:2.54;0.92:2.13;0.95:1.69;0.9:1.15;1.03:0.73,1.07:0.29;0.98:-0.26;1.08:-0.71;1.19:-1.15;1.14:-1.78;1.19:-2.21;1.4:-2.62;1.41:-3.07;1.41:-3.53;1.55:-4.03;1.42:-4.53;1.25:-5.05,1.205791:0.7102739;1.323138:0.6364316;1.505814:0.6107575;1.579769:0.7152016;1.74829:0.6513394;1.845047:0.6451996;1.910726:0.7178664;1.947635:0.7933725;2.005647:0.7233688;2.178108:0.7158303;2.244069:0.563716;2.358274:0.6813264,sigma3_hotel_seed42,3
HOTEL:biwi_hotel:224:10090,HOTEL,biwi_hotel:224,10090,triu,3.225961923599243,5.9301581382751465,0.71:3.4;0.74:2.98;0.73:2.54;0.92:2.13;0.95:1.69;0.9:1.15;1.03:0.73;1.07:0.29,0.98:-0.26;1.08:-0.71;1.19:-1.15;1.14:-1.78;1.19:-2.21;1.4:-2.62;1.41:-3.07;1.41:-3.53;1.55:-4.03;1.42:-4.53;1.25:-5.05;1.36:-5.5,1.053492:0.2766358;0.9937448:0.212673;0.9793065:0.1940953;0.869707:0.3139493;0.8802204:0.2543091;0.8248139:0.2667514;0.6849547:0.3520025;0.5671389:0.4336312;0.4797341:0.3548858;0.4793582:0.3853545;0.399159:0.227482;0.3769015:0.3481017,sigma3_hotel_seed42,3
HOTEL:biwi_hotel:224:10100,HOTEL,biwi_hotel:224,10100,triu,3.793146133422852,6.926873207092285,0.74:2.98;0.73:2.54;0.92:2.13;0.95:1.69;0.9:1.15;1.03:0.73;1.07:0.29;0.98:-0.26,1.08:-0.71;1.19:-1.15;1.14:-1.78;1.19:-2.21;1.4:-2.62;1.41:-3.07;1.41:-3.53;1.55:-4.03;1.42:-4.53;1.25:-5.05;1.36:-5.5;1.37:-5.96,0.7819124:-0.2693284;0.533501:-0.3655881;0.3117356:-0.4068425;-0.05111492:-0.1844071;-0.2579831:-0.3116386;-0.4934685:-0.2197094;-1.002535:-0.1230656;-1.328843:0.01814476;-1.644681:-0.07231054;-1.849308:-0.00861302;-2.132949:-0.2356282;-2.356404:-0.1208664,sigma3_hotel_seed42,3
HOTEL:biwi_hotel:224:10110,HOTEL,biwi_hotel:224,10110,triu,3.094716310501098,5.815784454345703,0.73:2.54;0.92:2.13;0.95:1.69;0.9:1.15;1.03:0.73;1.07:0.29;0.98:-0.26;1.08:-0.71,1.19:-1.15;1.14:-1.78;1.19:-2.21;1.4:-2.62;1.41:-3.07;1.41:-3.53;1.55:-4.03;1.42:-4.53;1.25:-5.05;1.36:-5.5;1.37:-5.96;1.19:-6.51,1.22883:-0.7295994;1.317503:-0.8094466;1.468003:-0.8412458;1.500133:-0.7172963;1.634773:-0.7947748;1.704694:-0.7863396;1.707346:-0.7116941;1.711748:-0.6259685;1.732989:-0.6984958;1.873506:-0.7012226;1.907795:-0.8654699;1.990335:-0.7495481,sigma3_hotel_seed42,3
HOTEL:biwi_hotel:224:10120,HOTEL,biwi_hotel:224,10120,triu,3.149974822998047,5.876033782958984,0.92:2.13;0.95:1.69;0.9:1.15;1.03:0.73;1.07:0.29;0.98:-0.26;1.08:-0.71;1.19:-1.15,1.14:-1.78;1.19:-2.21;1.4:-2.62;1.41:-3.07;1.41:-3.53;1.55:-4.03;1.42:-4.53;1.25:-5.05;1.36:-5.5;1.37:-5.96;1.19:-6.51;1.19:-7.01,1.281765:-1.167237;1.322781:-1.234925;1.419338:-1.258242;1.414942:-1.148568;1.515808:-1.209451;1.54774:-1.208387;1.526604:-1.129497;1.498399:-1.054301;1.49583:-1.127787;1.593158:-1.117592;1.596482:-1.270464;1.653568:-1.152281,sigma3_hotel_seed42,3
HOTEL:biwi_hotel:224:10130,HOTEL,biwi_hotel:224,10130,triu,3.6701982021331783,6.822640419006348,0.95:1.69;0.9:1.15;1.03:0.73;1.07:0.29;0.98:-0.26;1.08:-0.71;1.19:-1.15;1.14:-1.78,1.19:-2.21;1.4:-2.62;1.41:-3.07;1.41:-3.53;1.55:-4.03;1.42:-4.53;1.25:-5.05;1.36:-5.5;1.37:-5.96;1.19:-6.51;1.19:-7.01;1.29:-7.46,0.9575034:-1.789945;0.7096111:-1.906077;0.4939163:-1.956127;0.1077268:-1.702973;-0.09927905:-1.853853;-0.3380059:-1.747718;-0.8953091:-1.654158;-1.236874:-1.48166;-1.574043:-1.57659;-1.773506:-1.527297;-2.061533:-1.777919;-2.300882:-1.658795,sigma3_hotel_seed42,3
HOTEL:biwi_hotel:224:10140,HOTEL,biwi_hotel:224,10140,triu,3.0450761318206787,5.782845497131348,0.9:1.15;1.03:0.73;1.07:0.29;0.98:-0.26;1.08:-0.71;1.19:-1.15;1.14:-1.78;1.19:-2.21,1.4:-2.62;1.41:-3.07;1.41:-3.53;1.55:-4.03;1.42:-4.53;1.25:-5.05;1.36:-5.5;1.37:-5.96;1.19:-6.51;1.19:-7.01;1.29:-7.46;1.16:-7.98,1.28306:-2.227048;1.323048:-2.299414;1.42002:-2.323435;1.410452:-2.207344;1.507014:-2.27371;1.536478:-2.268021;1.504001:-2.190448;1.47068:-2.108818;1.460417:-2.183224;1.556207:-2.174895;1.556065:-2.332901;1.607224:-2.214474,sigma3_hotel_seed42,3
HOTEL:biwi_hotel:224:10150,HOTEL,biwi_hotel:224,10150,triu,3.2478530406951904,6.06122636795044,1.03:0.73;1.07:0.29;0.98:-0.26;1.08:-0.71;1.19:-1.15;1.14:-1.78;1.19:-2.21;1.4:-2.62,1.41:-3.07;1.41:-3.53;1.55:-4.03;1.42:-4.53;1.25:-5.05;1.36:-5.5;1.37:-5.96;1.19:-6.51;1.19:-7.01;1.29:-7.46;1.16:-7.98;1.13:-8.44,1.584919:-2.640518;1.723952:-2.700304;1.916627:-2.724325;2.02565:-2.640888;2.206799:-2.691158;2.323522:-2.706173;2.431831:-2.631221;2.499026:-2.583298;2.58816:-2.646947;2.766578:-2.643437;2.849998:-2.778921;2.987304:-2.670347,sigma3_hotel_seed42,3
HOTEL:biwi_hotel:226:10080,HOTEL,biwi_hotel:226,10080,triu,3.0874154567718506,5.669731616973877,1.62:-9.94;1.72:-9.5;1.71:-8.99;1.7:-8.5;1.64:-8.02;1.5:-7.49;1.45:-6.96;1.4:-6.46,1.31:-5.96;1.27:-5.46;1.21:-4.99;1.12:-4.52;1.1:-4.04;0.97:-3.58;0.85:-3.14;0.76:-2.65;0.67:-2.19;0.67:-1.75;0.74:-1.28;0.81:-0.75,1.36093:-6.473253;1.276466:-6.54587;1.232098:-6.571734;1.081731:-6.42828;1.056003:-6.505578;0.9748125:-6.474898;0.7651311:-6.388115;0.6152851:-6.294307;0.488982:-6.374466;0.4558639:-6.338765;0.3428407:-6.512571;0.2864592:-6.395508,sigma3_hotel_seed42,3
HOTEL:biwi_hotel:226:10090,HOTEL,biwi_hotel:226,10090,triu,3.092475652694702,5.720410346984863,1.72:-9.5;1.71:-8.99;1.7:-8.5;1.64:-8.02;1.5:-7.49;1.45:-6.96;1.4:-6.46;1.31:-5.96,1.27:-5.46;1.21:-4.99;1.12:-4.52;1.1:-4.04;0.97:-3.58;0.85:-3.14;0.76:-2.65;0.67:-2.19;0.67:-1.75;0.74:-1.28;0.81:-0.75;0.96:-0.34,1.197515:-5.971028;1.051133:-6.036909;0.930541:-6.060662;0.7176232:-5.914344;0.6267823:-5.989758;0.4913525:-5.949528;0.2051451:-5.857671;0.002618313:-5.770582;-0.1761047:-5.851839;-0.2809083:-5.795173;-0.4494238:-5.967899;-0.5567211:-5.855673,sigma3_hotel_seed42,3
HOTEL:biwi_hotel:226:10100,HOTEL,biwi_hotel:226,10100,triu,3.0378808975219727,5.681167125701904,1.71:-8.99;1.7:-8.5;1.64:-8.02;1.5:-7.49;1.45:-6.96;1.4:-6.46;1.31:-5.96;1.27:-5.46,1.21:-4.99;1.12:-4.52;1.1:-4.04;0.97:-3.58;0.85:-3.14;0.76:-2.65;0.67:-2.19;0.67:-1.75;0.74:-1.28;0.81:-0.75;0.96:-0.34;1.12:0.22,1.237773:-5.473266;1.161174:-5.543746;1.125426:-5.567645;0.9871712:-5.430429;0.9705925:-5.503424;0.896975:-5.476979;0.7059242:-5.390803;0.5654411:-5.300703;0.4496429:-5.380202;0.424969:-5.345414;0.3209166:-5.515062;0.2735843:-5.397761,sigma3_hotel_seed42,3
HOTEL:biwi_hotel:226:10110,HOTEL,biwi_hotel:226,10110,triu,3.0598647594451904,5.795514583587647,1.7:-8.5;1.64:-8.02;1.5:-7.49;1.45:-6.96;1.4:-6.46;1.31:-5.96;1.27:-5.46;1.21:-4.99,1.12:-4.52;1.1:-4.04;0.97:-3.58;0.85:-3.14;0.76:-2.65;0.67:-2.19;0.67:-1.75;0.74:-1.28;0.81:-0.75;0.96:-0.34;1.12:0.22;1.25:0.73,1.145942:-5.002354;1.043634:-5.067934;0.9756005:-5.090312;0.8135154:-4.955079;0.7710525:-5.024734;0.675686:-4.996214;0.4579905:-4.907562;0.2975428:-4.823288;0.1628139:-4.903004;0.1083845:-4.858476;-0.01741421:-5.025044;-0.08369339:-4.909969,sigma3_hotel_seed42,3
HOTEL:biwi_hotel:226:10120,HOTEL,biwi_hotel:226,10120,triu,3.1318490505218506,6.014023780822754,1.64:-8.02;1.5:-7.49;1.45:-6.96;1.4:-6.46;1.31:-5.96;1.27:-5.46;1.21:-4.99;1.12:-4.52,1.1:-4.04;0.97:-3.58;0.85:-3.14;0.76:-2.65;0.67:-2.19;0.67:-1.75;0.74:-1.28;0.81:-0.75;0.96:-0.34;1.12:0.22;1.25:0.73;1.45:1.21,1.004623:-4.530618;0.8600444:-4.590779;0.7391264:-4.610573;0.5358787:-4.47546;0.4480597:-4.542377;0.3154417:-4.507955;0.04773903:-4.416017;-0.1480894:-4.337946;-0.3180206:-4.418013;-0.4226779:-4.358139;-0.5862876:-4.522673;-0.6873641:-4.411402,sigma3_hotel_seed42,3
HOTEL:biwi_hotel:226:10130,HOTEL,biwi_hotel:226,10130,triu,3.086952209472656,5.840897560119629,1.5:-7.49;1.45:-6.96;1.4:-6.46;1.31:-5.96;1.27:-5.46;1.21:-4.99;1.12:-4.52;1.1:-4.04,0.97:-3.58;0.85:-3.14;0.76:-2.65;0.67:-2.19;0.67:-1.75;0.74:-1.28;0.81:-0.75;0.96:-0.34;1.12:0.22;1.25:0.73;1.45:1.21;1.58:1.69,1.071666:-4.053324;1.000013:-4.122143;0.9690709:-4.145067;0.8383949:-4.01179;0.8269454:-4.082138;0.7580602:-4.05812;0.5780935:-3.972145;0.4436536:-3.885104;0.3344565:-3.964013;0.3142913:-3.929196;0.2155014:-4.096069;0.1737275:-3.979081,sigma3_hotel_seed42,3
HOTEL:biwi_hotel:227:10110,HOTEL,biwi_hotel:227,10110,triu,3.2258777618408203,5.909392833709717,1.72:3.87;1.8:3.32;1.83:2.82;2.02:2.31;2.09:1.82;2.02:1.31;2.03:0.8;1.95:0.38,1.85:-0.03;1.95:-0.51;2.01:-1.01;2.03:-1.53;2.18:-2.01;2.24:-2.44;2.19:-2.89;2.18:-3.29;2.16:-3.75;2.05:-4.24;1.97:-4.65;1.96:-5.16,1.831244:0.3706315;1.687127:0.3175459;1.568999:0.3070144;1.380043:0.4233866;1.301846:0.3719465;1.171884:0.3938539;0.9393219:0.4847836;0.7512082:0.5546887;0.5949047:0.4751957;0.4965175:0.5351357;0.3425673:0.3825754;0.2518786:0.4971408,sigma3_hotel_seed42,3
HOTEL:biwi_hotel:227:10120,HOTEL,biwi_hotel:227,10120,triu,3.385141134262085,6.063122749328613,1.8:3.32;1.83:2.82;2.02:2.31;2.09:1.82;2.02:1.31;2.03:0.8;1.95:0.38;1.85:-0.03,1.95:-0.51;2.01:-1.01;2.03:-1.53;2.18:-2.01;2.24:-2.44;2.19:-2.89;2.18:-3.29;2.16:-3.75;2.05:-4.24;1.97:-4.65;1.96:-5.16;1.89:-5.6,1.69947:-0.03995478;1.525622:-0.08535735;1.382828:-0.0937214;1.174306:0.01854097;1.063662:-0.02946502;0.9075833:-0.001623092;0.6559075:0.09362328;0.4440895:0.1521357;0.2679819:0.07156259;0.1472641:0.1467034;-0.04324365:-0.005986052;-0.1503309:0.1095103,sigma3_hotel_seed42,3
HOTEL:biwi_hotel:227:10130,HOTEL,biwi_hotel:227,10130,triu,3.0319159030914307,5.613681793212891,1.83:2.82;2.02:2.31;2.09:1.82;2.02:1.31;2.03:0.8;1.95:0.38;1.85:-0.03;1.95:-0.51,2.01:-1.01;2.03:-1.53;2.18:-2.01;2.24:-2.44;2.19:-2.89;2.18:-3.29;2.16:-3.75;2.05:-4.24;1.97:-4.65;1.96:-5.16;1.89:-5.6;1.76:-6.07,2.088452:-0.5281959;2.159472:-0.6127867;2.301592:-0.6399956;2.315213:-0.5132641;2.44766:-0.5891287;2.502638:-0.5842797;2.494987:-0.5107103;2.481089:-0.4100671;2.489302:-0.4859966;2.628762:-0.4966943;2.655253:-0.6658296;2.727294:-0.5402839,sigma3_hotel_seed42,3
HOTEL:biwi_hotel:227:10140,HOTEL,biwi_hotel:227,10140,triu,2.9993832111358643,5.492005825042725,2.02:2.31;2.09:1.82;2.02:1.31;2.03:0.8;1.95:0.38;1.85:-0.03;1.95:-0.51;2.01:-1.01,2.03:-1.53;2.18:-2.01;2.24:-2.44;2.19:-2.89;2.18:-3.29;2.16:-3.75;2.05:-4.24;1.97:-4.65;1.96:-5.16;1.89:-5.6;1.76:-6.07;1.78:-6.48,2.051561:-1.025429;2.02597:-1.116397;2.062818:-1.147295;1.960801:-0.9900436;1.999573:-1.081308;1.967706:-1.053275;1.811366:-0.973517;1.702072:-0.8529707;1.61403:-0.935019;1.657962:-0.9299051;1.5955:-1.118734;1.580495:-0.9916192,sigma3_hotel_seed42,3
HOTEL:biwi_hotel:227:10150,HOTEL,biwi_hotel:227,10150,triu,3.0825045108795166,5.684964179992676,2.09:1.82;2.02:1.31;2.03:0.8;1.95:0.38;1.85:-0.03;1.95:-0.51;2.01:-1.01;2.03:-1.53,2.18:-2.01;2.24:-2.44;2.19:-2.89;2.18:-3.29;2.16:-3.75;2.05:-4.24;1.97:-4.65;1.96:-5.16;1.89:-5.6;1.76:-6.07;1.78:-6.48;1.78:-6.95,1.96847:-1.543309;1.844731:-1.639902;1.766625:-1.679263;1.543109:-1.485879;1.473604:-1.59873;1.352089:-1.539049;1.026613:-1.451693;0.819303:-1.31711;0.6270623:-1.403859;0.5607989:-1.374976;0.4000624:-1.585135;0.2902194:-1.46371,sigma3_hotel_seed42,3
HOTEL:biwi_hotel:227:10160,HOTEL,biwi_hotel:227,10160,triu,3.028358697891236,5.70643949508667,2.02:1.31;2.03:0.8;1.95:0.38;1.85:-0.03;1.95:-0.51;2.01:-1.01;2.03:-1.53;2.18:-2.01,2.24:-2.44;2.19:-2.89;2.18:-3.29;2.16:-3.75;2.05:-4.24;1.97:-4.65;1.96:-5.16;1.89:-5.6;1.76:-6.07;1.78:-6.48;1.78:-6.95;1.65:-7.47,2.380696:-2.029003;2.499099:-2.128136;2.706312:-2.154765;2.76315:-2.022127;2.944329:-2.106225;3.038277:-2.104112;3.080577:-2.038351;3.09954:-1.917874;3.137575:-1.995393;3.336434:-2.029463;3.404455:-2.207608;3.508311:-2.074619,sigma3_hotel_seed42,3
HOTEL:biwi_hotel:227:10170,HOTEL,biwi_hotel:227,10170,triu,2.944721937179565,5.583678722381592,2.03:0.8;1.95:0.38;1.85:-0.03;1.95:-0.51;2.01:-1.01;2.03:-1.53;2.18:-2.01;2.24:-2.44,2.19:-2.89;2.18:-3.29;2.16:-3.75;2.05:-4.24;1.97:-4.65;1.96:-5.16;1.89:-5.6;1.76:-6.07;1.78:-6.48;1.78:-6.95;1.65:-7.47;1.64:-7.98,2.274946:-2.454654;2.258687:-2.525893;2.296609:-2.545962;2.228867:-2.424801;2.279592:-2.48913;2.260382:-2.479594;2.165902:-2.398806;2.082298:-2.310246;2.026313:-2.387954;2.072371:-2.371438;2.027828:-2.532973;2.036285:-2.410402,sigma3_hotel_seed42,3
HOTEL:biwi_hotel:227:10180,HOTEL,biwi_hotel:227,10180,triu,3.081628561019897,5.936192512512207,1.95:0.38;1.85:-0.03;1.95:-0.51;2.01:-1.01;2.03:-1.53;2.18:-2.01;2.24:-2.44;2.19:-2.89,2.18:-3.29;2.16:-3.75;2.05:-4.24;1.97:-4.65;1.96:-5.16;1.89:-5.6;1.76:-6.07;1.78:-6.48;1.78:-6.95;1.65:-7.47;1.64:-7.98;1.68:-8.56,2.073868:-2.900143;1.923191:-2.965683;1.801886:-2.984771;1.588875:-2.8436;1.500021:-2.91407;1.361652:-2.878202;1.084154:-2.787607;0.8790016:-2.698528;0.7002746:-2.780911;0.5971662:-2.726657;0.4299996:-2.896845;0.3227109:-2.78106,sigma3_hotel_seed42,3
HOTEL:biwi_hotel:230:10260,HOTEL,biwi_hotel:230,10260,triu,4.006926536560059,7.30510950088501,0.93:-9.76;0.76:-9.2;0.63:-8.65;0.58:-8.08;0.45:-7.48;0.41:-6.95;0.41:-6.36;0.35:-5.75,0.43:-5.1;0.52:-4.55;0.56:-3.91;0.73:-3.38;0.79:-2.81;0.84:-2.26;0.94:-1.72;0.95:-1.14;1.02:-0.6;1.13:-0.06;1.19:0.53;1.34:1.07,0.2762739:-5.76294;0.1442331:-5.855042;0.05487552:-5.89259;-0.1730098:-5.704689;-0.2492321:-5.812548;-0.376828:-5.755087;-0.7031274:-5.666536;-0.9142388:-5.537988;-1.108564:-5.624403;-1.184383:-5.590991;-1.350227:-5.79639;-1.463197:-5.675866,sigma3_hotel_seed42,3
HOTEL:biwi_hotel:230:10270,HOTEL,biwi_hotel:230,10270,triu,3.739180326461792,6.850389003753662,0.76:-9.2;0.63:-8.65;0.58:-8.08;0.45:-7.48;0.41:-6.95;0.41:-6.36;0.35:-5.75;0.43:-5.1,0.52:-4.55;0.56:-3.91;0.73:-3.38;0.79:-2.81;0.84:-2.26;0.94:-1.72;0.95:-1.14;1.02:-0.6;1.13:-0.06;1.19:0.53;1.34:1.07;1.45:1.61,0.5143808:-5.117442;0.5120177:-5.231033;0.5841128:-5.27484;0.4800317:-5.08218;0.5352942:-5.202769;0.5182553:-5.158554;0.3340947:-5.082064;0.2265:-4.929049;0.1316798:-5.013788;0.2051372:-5.02751;0.1506267:-5.244326;0.1360279:-5.113192,sigma3_hotel_seed42,3
HOTEL:biwi_hotel:230:10280,HOTEL,biwi_hotel:230,10280,triu,3.7250919342041016,6.778268814086914,0.63:-8.65;0.58:-8.08;0.45:-7.48;0.41:-6.95;0.41:-6.36;0.35:-5.75;0.43:-5.1;0.52:-4.55,0.56:-3.91;0.73:-3.38;0.79:-2.81;0.84:-2.26;0.94:-1.72;0.95:-1.14;1.02:-0.6;1.13:-0.06;1.19:0.53;1.34:1.07;1.45:1.61;1.5:2.15,0.6123764:-4.567242;0.6290321:-4.665748;0.7158039:-4.701193;0.6512771:-4.538653;0.7282827:-4.637458;0.7315635:-4.610211;0.6119863:-4.533673;0.5352124:-4.405865;0.4764577:-4.486735;0.5646862:-4.494806;0.5349544:-4.689438;0.548995:-4.561223,sigma3_hotel_seed42,3
HOTEL:biwi_hotel:230:10290,HOTEL,biwi_hotel:230,10290,triu,3.697400331497192,6.808005332946777,0.58:-8.08;0.45:-7.48;0.41:-6.95;0.41:-6.36;0.35:-5.75;0.43:-5.1;0.52:-4.55;0.56:-3.91,0.73:-3.38;0.79:-2.81;0.84:-2.26;0.94:-1.72;0.95:-1.14;1.02:-0.6;1.13:-0.06;1.19:0.53;1.34:1.07;1.45:1.61;1.5:2.15;1.65:2.67,0.6030257:-3.926323;0.5666099:-4.034279;0.5963537:-4.076738;0.4595:-3.885011;0.4804597:-4.002448;0.4344664:-3.954715;0.2126061:-3.874932;0.07783082:-3.728247;-0.04304767:-3.813448;-0.008594632:-3.814883;-0.09235811:-4.028862;-0.1326591:-3.900469,sigma3_hotel_seed42,3
HOTEL:biwi_hotel:230:10300,HOTEL,biwi_hotel:230,10300,triu,3.647835969924927,6.643331527709961,0.45:-7.48;0.41:-6.95;0.41:-6.36;0.35:-5.75;0.43:-5.1;0.52:-4.55;0.56:-3.91;0.73:-3.38,0.79:-2.81;0.84:-2.26;0.94:-1.72;0.95:-1.14;1.02:-0.6;1.13:-0.06;1.19:0.53;1.34:1.07;1.45:1.61;1.5:2.15;1.65:2.67;1.73:3.21,0.8739856:-3.399125;0.9395948:-3.498962;1.079282:-3.536736;1.066157:-3.379562;1.185513:-3.478951;1.231166:-3.456683;1.16877:-3.383224;1.135767:-3.259916;1.117904:-3.338054;1.251915:-3.354829;1.262193:-3.546431;1.314334:-3.420315,sigma3_hotel_seed42,3
HOTEL:biwi_hotel:230:10310,HOTEL,biwi_hotel:230,10310,triu,3.632991552352905,6.644626617431641,0.41:-6.95;0.41:-6.36;0.35:-5.75;0.43:-5.1;0.52:-4.55;0.56:-3.91;0.73:-3.38;0.79:-2.81,0.84:-2.26;0.94:-1.72;0.95:-1.14;1.02:-0.6;1.13:-0.06;1.19:0.53;1.34:1.07;1.45:1.61;1.5:2.15;1.65:2.67;1.73:3.21;1.76:3.75,0.8808979:-2.827185;0.8943608:-2.927803;0.9790743:-2.963953;0.9088821:-2.797679;0.9832036:-2.899031;0.9833299:-2.86991;0.8556749:-2.793515;0.7742448:-2.661834;0.7104309:-2.743436;0.7969378:-2.752682;0.763933:-2.950173;0.7740225:-2.821066,sigma3_hotel_seed42,3
HOTEL:biwi_hotel:231:10260,HOTEL,biwi_hotel:231,10260,triu,2.465414762496948,4.384151935577393,2.75:-9.51;2.86:-9.17;2.92:-8.79;2.95:-8.32;3.05:-7.92;3.11:-7.53;3.1:-7.14;3.14:-6.78,3.16:-6.41;3.1:-5.96;3.06:-5.59;3.09:-5.22;3.05:-4.82;2.98:-4.46;3.08:-4.1;3.05:-3.75;3:-3.38;3.06:-3.06;3.15:-2.74;3.15:-2.36,3.171373:-6.794394;3.17507:-6.84372;3.215013:-6.855328;3.192225:-6.770921;3.246824:-6.811636;3.247283:-6.813859;3.212918:-6.732223;3.164373:-6.686934;3.142852:-6.757349;3.183171:-6.720483;3.156767:-6.852298;3.189266:-6.743976,sigma3_hotel_seed42,3
HOTEL:biwi_hotel:231:10270,HOTEL,biwi_hotel:231,10270,triu,2.455298662185669,4.364970684051514,2.86:-9.17;2.92:-8.79;2.95:-8.32;3.05:-7.92;3.11:-7.53;3.1:-7.14;3.14:-6.78;3.16:-6.41,3.1:-5.96;3.06:-5.59;3.09:-5.22;3.05:-4.82;2.98:-4.46;3.08:-4.1;3.05:-3.75;3:-3.38;3.06:-3.06;3.15:-2.74;3.15:-2.36;3.13:-2,3.17237:-6.423648;3.157257:-6.473029;3.177565:-6.483739;3.134617:-6.396669;3.173829:-6.437403;3.157881:-6.437921;3.101254:-6.355136;3.035492:-6.306827;2.998173:-6.378366;3.021985:-6.339025;2.980389:-6.472759;2.998238:-6.362981,sigma3_hotel_seed42,3
HOTEL:biwi_hotel:231:10280,HOTEL,biwi_hotel:231,10280,triu,2.522601127624512,4.657151699066162,2.92:-8.79;2.95:-8.32;3.05:-7.92;3.11:-7.53;3.1:-7.14;3.14:-6.78;3.16:-6.41;3.1:-5.96,3.06:-5.59;3.09:-5.22;3.05:-4.82;2.98:-4.46;3.08:-4.1;3.05:-3.75;3:-3.38;3.06:-3.06;3.15:-2.74;3.15:-2.36;3.13:-2;3.18:-1.6,2.975715:-5.970524;2.827118:-6.024889;2.699581:-6.043339;2.497935:-5.914752;2.404273:-5.976582;2.268876:-5.943904;2.006718:-5.850353;1.811273:-5.781691;1.642696:-5.860371;1.531234:-5.794364;1.363531:-5.9533;1.262938:-5.844283,sigma3_hotel_seed42,3
HOTEL:biwi_hotel:231:10290,HOTEL,biwi_hotel:231,10290,triu,2.419394969940185,4.416067600250244,2.95:-8.32;3.05:-7.92;3.11:-7.53;3.1:-7.14;3.14:-6.78;3.16:-6.41;3.1:-5.96;3.06:-5.59,3.09:-5.22;3.05:-4.82;2.98:-4.46;3.08:-4.1;3.05:-3.75;3:-3.38;3.06:-3.06;3.15:-2.74;3.15:-2.36;3.13:-2;3.18:-1.6;3.14:-1.25,2.977679:-5.600612;2.879021:-5.643531;2.801355:-5.651178;2.672536:-5.557977;2.630105:-5.596888;2.541365:-5.586208;2.383415:-5.497089;2.245185:-5.451312;2.137581:-5.52557;2.072011:-5.463199;1.958079:-5.598154;1.908762:-5.490956,sigma3_hotel_seed42,3
HOTEL:biwi_hotel:231:10300,HOTEL,biwi_hotel:231,10300,triu,2.356956243515014,4.293483734130859,3.05:-7.92;3.11:-7.53;3.1:-7.14;3.14:-6.78;3.16:-6.41;3.1:-5.96;3.06:-5.59;3.09:-5.22,3.05:-4.82;2.98:-4.46;3.08:-4.1;3.05:-3.75;3:-3.38;3.06:-3.06;3.15:-2.74;3.15:-2.36;3.13:-2;3.18:-1.6;3.14:-1.25;3.04:-0.89,3.119466:-5.234353;3.121018:-5.283776;3.158753:-5.295547;3.133345:-5.210438;3.18643:-5.251357;3.184977:-5.253381;3.147478:-5.171465;3.096876:-5.125561;3.073586:-5.196048;3.112235:-5.159046;3.083993:-5.291422;3.114834:-5.182831,sigma3_hotel_seed42,3
HOTEL:biwi_hotel:231:10310,HOTEL,biwi_hotel:231,10310,triu,2.350383043289185,4.311037063598633,3.11:-7.53;3.1:-7.14;3.14:-6.78;3.16:-6.41;3.1:-5.96;3.06:-5.59;3.09:-5.22;3.05:-4.82,2.98:-4.46;3.08:-4.1;3.05:-3.75;3:-3.38;3.06:-3.06;3.15:-2.74;3.15:-2.36;3.13:-2;3.18:-1.6;3.14:-1.25;3.04:-0.89;3.04:-0.53,2.990319:-4.831521;2.908332:-4.879073;2.852721:-4.88955;2.736707:-4.791492;2.712218:-4.835022;2.63764:-4.824604;2.492537:-4.736729;2.366097:-4.68438;2.269615:-4.758916;2.225107:-4.704436;2.124785:-4.843866;2.087406:-4.734475,sigma3_hotel_seed42,3
HOTEL:biwi_hotel:231:10320,HOTEL,biwi_hotel:231,10320,triu,2.3910775184631348,4.381249904632568,3.1:-7.14;3.14:-6.78;3.16:-6.41;3.1:-5.96;3.06:-5.59;3.09:-5.22;3.05:-4.82;2.98:-4.46,3.08:-4.1;3.05:-3.75;3:-3.38;3.06:-3.06;3.15:-2.74;3.15:-2.36;3.13:-2;3.18:-1.6;3.14:-1.25;3.04:-0.89;3.04:-0.53;3.06:-0.15,2.890702:-4.469992;2.788601:-4.508718;2.706332:-4.507948;2.585032:-4.429787;2.540117:-4.458677;2.448836:-4.452401;2.304732:-4.365487;2.167782:-4.327694;2.064468:-4.402998;1.995401:-4.335924;1.880947:-4.463675;1.831947:-4.355619,sigma3_hotel_seed42,3
HOTEL:biwi_hotel:231:10330,HOTEL,biwi_hotel:231,10330,triu,2.3643505573272705,4.438688278198242,3.14:-6.78;3.16:-6.41;3.1:-5.96;3.06:-5.59;3.09:-5.22;3.05:-4.82;2.98:-4.46;3.08:-4.1,3.05:-3.75;3:-3.38;3.06:-3.06;3.15:-2.74;3.15:-2.36;3.13:-2;3.18:-1.6;3.14:-1.25;3.04:-0.89;3.04:-0.53;3.06:-0.15;3:0.29,3.165565:-4.116817;3.219909:-4.168912;3.313842:-4.185879;3.340567:-4.102097;3.43664:-4.147521;3.480678:-4.151566;3.496516:-4.072588;3.491723:-4.030591;3.50944:-4.098365;3.595545:-4.070197;3.608091:-4.201655;3.677912:-4.096615,sigma3_hotel_seed42,3
HOTEL:biwi_hotel:231:10340,HOTEL,biwi_hotel:231,10340,triu,2.3435614109039307,4.440199375152588,3.16:-6.41;3.1:-5.96;3.06:-5.59;3.09:-5.22;3.05:-4.82;2.98:-4.46;3.08:-4.1;3.05:-3.75,3:-3.38;3.06:-3.06;3.15:-2.74;3.15:-2.36;3.13:-2;3.18:-1.6;3.14:-1.25;3.04:-0.89;3.04:-0.53;3.06:-0.15;3:0.29;2.97:0.74,3.013042:-3.761364;2.958572:-3.802155;2.931408:-3.805479;2.857333:-3.728405;2.860395:-3.758247;2.811192:-3.760348;2.727023:-3.675107;2.632223:-3.636155;2.569533:-3.707979;2.55073:-3.655035;2.479577:-3.780604;2.470804:-3.672049,sigma3_hotel_seed42,3
HOTEL:biwi_hotel:231:10350,HOTEL,biwi_hotel:231,10350,triu,2.442946195602417,4.596882343292236,3.1:-5.96;3.06:-5.59;3.09:-5.22;3.05:-4.82;2.98:-4.46;3.08:-4.1;3.05:-3.75;3:-3.38,3.06:-3.06;3.15:-2.74;3.15:-2.36;3.13:-2;3.18:-1.6;3.14:-1.25;3.04:-0.89;3.04:-0.53;3.06:-0.15;3:0.29;2.97:0.74;3:1.13,2.899323:-3.390215;2.784665:-3.430745;2.689148:-3.435425;2.547879:-3.345625;2.488959:-3.381807;2.386186:-3.369189;2.213707:-3.279577;2.062589:-3.237367;1.943465:-3.312765;1.861654:-3.243887;1.732513:-3.377797;1.671245:-3.270652,sigma3_hotel_seed42,3
HOTEL:biwi_hotel:231:10360,HOTEL,biwi_hotel:231,10360,triu,2.422722816467285,4.567034721374512,3.06:-5.59;3.09:-5.22;3.05:-4.82;2.98:-4.46;3.08:-4.1;3.05:-3.75;3:-3.38;3.06:-3.06,3.15:-2.74;3.15:-2.36;3.13:-2;3.18:-1.6;3.14:-1.25;3.04:-0.89;3.04:-0.53;3.06:-0.15;3:0.29;2.97:0.74;3:1.13;3.01:1.52,3.106341:-3.074742;3.1323:-3.116897;3.190384:-3.120752;3.205088:-3.058605;3.273769:-3.087294;3.293947:-3.095906;3.304954:-3.017632;3.283069:-2.990822;3.288323:-3.059615;3.341906:-3.01684;3.33429:-3.135575;3.386691:-3.031474,sigma3_hotel_seed42,3
HOTEL:biwi_hotel:231:10370,HOTEL,biwi_hotel:231,10370,triu,2.5450198650360107,4.712136745452881,3.09:-5.22;3.05:-4.82;2.98:-4.46;3.08:-4.1;3.05:-3.75;3:-3.38;3.06:-3.06;3.15:-2.74,3.15:-2.36;3.13:-2;3.18:-1.6;3.14:-1.25;3.04:-0.89;3.04:-0.53;3.06:-0.15;3:0.29;2.97:0.74;3:1.13;3.01:1.52;3:1.9,3.234387:-2.756528;3.294829:-2.801357;3.390538:-2.809682;3.437689:-2.746233;3.535606:-2.779244;3.585563:-2.788769;3.629097:-2.712176;3.636435:-2.685947;3.667953:-2.753228;3.754036:-2.717466;3.772988:-2.837153;3.850836:-2.734685,sigma3_hotel_seed42,3
HOTEL:biwi_hotel:231:10380,HOTEL,biwi_hotel:231,10380,triu,2.469459056854248,4.583833694458008,3.05:-4.82;2.98:-4.46;3.08:-4.1;3.05:-3.75;3:-3.38;3.06:-3.06;3.15:-2.74;3.15:-2.36,3.13:-2;3.18:-1.6;3.14:-1.25;3.04:-0.89;3.04:-0.53;3.06:-0.15;3:0.29;2.97:0.74;3:1.13;3.01:1.52;3:1.9;3.08:2.27,3.124533:-2.372062;3.076733:-2.417859;3.05903:-2.425022;2.985334:-2.339364;2.993914:-2.376267;2.949526:-2.374797;2.859769:-2.289967;2.766748:-2.243831;2.704056:-2.316184;2.693635:-2.267829;2.625363:-2.399943;2.618221:-2.290514,sigma3_hotel_seed42,3
HOTEL:biwi_hotel:231:10390,HOTEL,biwi_hotel:231,10390,triu,2.496385097503662,4.571427822113037,2.98:-4.46;3.08:-4.1;3.05:-3.75;3:-3.38;3.06:-3.06;3.15:-2.74;3.15:-2.36;3.13:-2,3.18:-1.6;3.14:-1.25;3.04:-0.89;3.04:-0.53;3.06:-0.15;3:0.29;2.97:0.74;3:1.13;3.01:1.52;3:1.9;3.08:2.27;3.09:2.61,3.085544:-2.011137;3.024917:-2.051749;2.989558:-2.055171;2.908566:-1.976788;2.903443:-2.007478;2.848402:-2.007444;2.753912:-1.921787;2.653239:-1.883309;2.58393:-1.955117;2.556611:-1.899586;2.478865:-2.025763;2.463708:-1.918323,sigma3_hotel_seed42,3
HOTEL:biwi_hotel:231:10400,HOTEL,biwi_hotel:231,10400,triu,2.489051580429077,4.487890243530273,3.08:-4.1;3.05:-3.75;3:-3.38;3.06:-3.06;3.15:-2.74;3.15:-2.36;3.13:-2;3.18:-1.6,3.14:-1.25;3.04:-0.89;3.04:-0.53;3.06:-0.15;3:0.29;2.97:0.74;3:1.13;3.01:1.52;3:1.9;3.08:2.27;3.09:2.61;3.47:2.91,3.208184:-1.61455;3.204114:-1.668674;3.238342:-1.683509;3.200573:-1.588683;3.249076:-1.636269;3.241856:-1.633804;3.185148:-1.551576;3.125386:-1.497117;3.092093:-1.568877;3.128159:-1.534584;3.093071:-1.67421;3.11624:-1.563926,sigma3_hotel_seed42,3
HOTEL:biwi_hotel:232:10260,HOTEL,biwi_hotel:232,10260,triu,2.6105308532714844,4.590249538421631,3.52:-10.01;3.43:-9.55;3.44:-9.17;3.54:-8.78;3.56:-8.35;3.56:-7.92;3.63:-7.49;3.59:-7.11,3.65:-6.6;3.64:-6.25;3.71:-5.78;3.64:-5.35;3.63:-5.03;3.63:-4.68;3.64:-4.33;3.58:-3.97;3.48:-3.68;3.52:-3.34;3.64:-2.96;3.65:-2.58,3.514758:-7.121089;3.419162:-7.167181;3.34759:-7.177283;3.217809:-7.078603;3.180482:-7.121507;3.094342:-7.109584;2.933596:-7.02054;2.795758:-6.969131;2.688441:-7.04416;2.629616:-6.985839;2.517841:-7.125003;2.470135:-7.016024,sigma3_hotel_seed42,3
HOTEL:biwi_hotel:232:10270,HOTEL,biwi_hotel:232,10270,triu,2.430473566055298,4.384659767150879,3.43:-9.55;3.44:-9.17;3.54:-8.78;3.56:-8.35;3.56:-7.92;3.63:-7.49;3.59:-7.11;3.65:-6.6,3.64:-6.25;3.71:-5.78;3.64:-5.35;3.63:-5.03;3.63:-4.68;3.64:-4.33;3.58:-3.97;3.48:-3.68;3.52:-3.34;3.64:-2.96;3.65:-2.58;3.65:-2.2,3.693235:-6.615332;3.681765:-6.693105;3.723799:-6.718605;3.651488:-6.584416;3.698512:-6.660064;3.680604:-6.64173;3.566314:-6.56126;3.480429:-6.465414;3.417258:-6.542948;3.463373:-6.527914;3.415274:-6.698953;3.418399:-6.578539,sigma3_hotel_seed42,3
HOTEL:biwi_hotel:232:10280,HOTEL,biwi_hotel:232,10280,triu,2.43929386138916,4.406497955322266,3.44:-9.17;3.54:-8.78;3.56:-8.35;3.56:-7.92;3.63:-7.49;3.59:-7.11;3.65:-6.6;3.64:-6.25,3.71:-5.78;3.64:-5.35;3.63:-5.03;3.63:-4.68;3.64:-4.33;3.58:-3.97;3.48:-3.68;3.52:-3.34;3.64:-2.96;3.65:-2.58;3.65:-2.2;3.66:-1.81,3.613228:-6.262024;3.563168:-6.308195;3.544282:-6.315363;3.467885:-6.228999;3.476422:-6.265934;3.430383:-6.264826;3.338869:-6.17987;3.243714:-6.132146;3.179618:-6.204987;3.169153:-6.157544;3.099871:-6.290249;3.091762:-6.179706,sigma3_hotel_seed42,3
HOTEL:biwi_hotel:232:10290,HOTEL,biwi_hotel:232,10290,triu,2.363206148147583,4.397705078125,3.54:-8.78;3.56:-8.35;3.56:-7.92;3.63:-7.49;3.59:-7.11;3.65:-6.6;3.64:-6.25;3.71:-5.78,3.64:-5.35;3.63:-5.03;3.63:-4.68;3.64:-4.33;3.58:-3.97;3.48:-3.68;3.52:-3.34;3.64:-2.96;3.65:-2.58;3.65:-2.2;3.66:-1.81;3.68:-1.37,3.771695:-5.795937;3.781893:-5.868312;3.845269:-5.891833;3.802782:-5.770236;3.870986:-5.838078;3.873576:-5.827577;3.800396:-5.74783;3.73924:-5.662871;3.702005:-5.738282;3.767628:-5.723812;3.740864:-5.885592;3.766486:-5.766854,sigma3_hotel_seed42,3
HOTEL:biwi_hotel:232:10300,HOTEL,biwi_hotel:232,10300,triu,2.386401414871216,4.5540056228637695,3.56:-8.35;3.56:-7.92;3.63:-7.49;3.59:-7.11;3.65:-6.6;3.64:-6.25;3.71:-5.78;3.64:-5.35,3.63:-5.03;3.63:-4.68;3.64:-4.33;3.58:-3.97;3.48:-3.68;3.52:-3.34;3.64:-2.96;3.65:-2.58;3.65:-2.2;3.66:-1.81;3.68:-1.37;3.65:-0.98,3.531373:-5.360722;3.400491:-5.411655;3.290061:-5.427255;3.112462:-5.309891;3.038595:-5.364386;2.920184:-5.339607;2.692165:-5.247539;2.516921:-5.185606;2.370125:-5.263128;2.275308:-5.199488;2.127747:-5.350592;2.045288:-5.241909,sigma3_hotel_seed42,3
HOTEL:biwi_hotel:232:10310,HOTEL,biwi_hotel:232,10310,triu,2.3201160430908203,4.373342037200928,3.56:-7.92;3.63:-7.49;3.59:-7.11;3.65:-6.6;3.64:-6.25;3.71:-5.78;3.64:-5.35;3.63:-5.03,3.63:-4.68;3.64:-4.33;3.58:-3.97;3.48:-3.68;3.52:-3.34;3.64:-2.96;3.65:-2.58;3.65:-2.2;3.66:-1.81;3.68:-1.37;3.65:-0.98;3.65:-0.62,3.589872:-5.041193;3.532888:-5.080959;3.50314:-5.083383;3.427862:-5.008058;3.429842:-5.036208;3.378886:-5.039397;3.295542:-4.954009;3.199468:-4.916012;3.136304:-4.987967;3.115744:-4.934448;3.043628:-5.058692;3.034217:-4.949773,sigma3_hotel_seed42,3
HOTEL:biwi_hotel:232:10320,HOTEL,biwi_hotel:232,10320,triu,2.343667984008789,4.498331546783447,3.63:-7.49;3.59:-7.11;3.65:-6.6;3.64:-6.25;3.71:-5.78;3.64:-5.35;3.63:-5.03;3.63:-4.68,3.64:-4.33;3.58:-3.97;3.48:-3.68;3.52:-3.34;3.64:-2.96;3.65:-2.58;3.65:-2.2;3.66:-1.81;3.68:-1.37;3.65:-0.98;3.65:-0.62;3.64:-0.13,3.629409:-4.692857;3.609057:-4.735175;3.61865:-4.741223;3.578989:-4.665979;3.610835:-4.697813;3.591111:-4.702144;3.543536:-4.618892;3.478634:-4.5824;3.443272:-4.652464;3.455986:-4.605618;3.411897:-4.730149;3.428945:-4.623378,sigma3_hotel_seed42,3
HOTEL:biwi_hotel:232:10330,HOTEL,biwi_hotel:232,10330,triu,2.3731448650360107,4.485790252685547,3.59:-7.11;3.65:-6.6;3.64:-6.25;3.71:-5.78;3.64:-5.35;3.63:-5.03;3.63:-4.68;3.64:-4.33,3.58:-3.97;3.48:-3.68;3.52:-3.34;3.64:-2.96;3.65:-2.58;3.65:-2.2;3.66:-1.81;3.68:-1.37;3.65:-0.98;3.65:-0.62;3.64:-0.13;3.56:0.21,3.63674:-4.34275;3.610454:-4.387625;3.617027:-4.394265;3.568552:-4.314629;3.598699:-4.348694;3.573929:-4.35218;3.517102:-4.268867;3.445069:-4.226187;3.40352:-4.297617;3.415413:-4.253566;3.367307:-4.381684;3.379761:-4.272168,sigma3_hotel_seed42,3
HOTEL:biwi_hotel:232:10340,HOTEL,biwi_hotel:232,10340,triu,2.4314279556274414,4.566108226776123,3.65:-6.6;3.64:-6.25;3.71:-5.78;3.64:-5.35;3.63:-5.03;3.63:-4.68;3.64:-4.33;3.58:-3.97,3.48:-3.68;3.52:-3.34;3.64:-2.96;3.65:-2.58;3.65:-2.2;3.66:-1.81;3.68:-1.37;3.65:-0.98;3.65:-0.62;3.64:-0.13;3.56:0.21;3.49:0.61,3.509184:-3.980461;3.42437:-4.019772;3.361495:-4.021461;3.256372:-3.942363;3.228196:-3.972331;3.15216:-3.968754;3.028449:-3.881959;2.906682:-3.843842;2.817448:-3.917392;2.76561:-3.855306;2.666674:-3.982332;2.632043:-3.87478,sigma3_hotel_seed42,3
HOTEL:biwi_hotel:232:10350,HOTEL,biwi_hotel:232,10350,triu,2.681436777114868,4.922800064086914,3.64:-6.25;3.71:-5.78;3.64:-5.35;3.63:-5.03;3.63:-4.68;3.64:-4.33;3.58:-3.97;3.48:-3.68,3.52:-3.34;3.64:-2.96;3.65:-2.58;3.65:-2.2;3.66:-1.81;3.68:-1.37;3.65:-0.98;3.65:-0.62;3.64:-0.13;3.56:0.21;3.49:0.61;3.57:1.02,3.322588:-3.689014;3.167733:-3.70841;3.025651:-3.690726;2.867438:-3.645237;2.748057:-3.640443;2.588932:-3.645312;2.448555:-3.552986;2.258808:-3.543488;2.124834:-3.609401;1.986987:-3.519857;1.816467:-3.634096;1.714457:-3.539706,sigma3_hotel_seed42,3
HOTEL:biwi_hotel:232:10360,HOTEL,biwi_hotel:232,10360,triu,2.5530834197998047,4.65640115737915,3.71:-5.78;3.64:-5.35;3.63:-5.03;3.63:-4.68;3.64:-4.33;3.58:-3.97;3.48:-3.68;3.52:-3.34,3.64:-2.96;3.65:-2.58;3.65:-2.2;3.66:-1.81;3.68:-1.37;3.65:-0.98;3.65:-0.62;3.64:-0.13;3.56:0.21;3.49:0.61;3.57:1.02;3.58:1.36,3.541912:-3.353726;3.544253:-3.395578;3.577269:-3.401897;3.563033:-3.331402;3.613134:-3.362319;3.613194:-3.36896;3.593849:-3.287365;3.550116:-3.25551;3.534378:-3.324311;3.566669:-3.27982;3.540906:-3.401335;3.575726:-3.296399,sigma3_hotel_seed42,3
HOTEL:biwi_hotel:232:10370,HOTEL,biwi_hotel:232,10370,triu,2.678020715713501,4.874287128448486,3.64:-5.35;3.63:-5.03;3.63:-4.68;3.64:-4.33;3.58:-3.97;3.48:-3.68;3.52:-3.34;3.64:-2.96,3.65:-2.58;3.65:-2.2;3.66:-1.81;3.68:-1.37;3.65:-0.98;3.65:-0.62;3.64:-0.13;3.56:0.21;3.49:0.61;3.57:1.02;3.58:1.36;3.42:1.73,3.768095:-2.977408;3.859336:-3.033982;3.998455:-3.048976;4.064871:-2.969702;4.197456:-3.014543;4.272645:-3.024627;4.33717:-2.950065;4.363248:-2.904071;4.411021:-2.970859;4.538068:-2.954675;4.583639:-3.085847;4.681941:-2.978097,sigma3_hotel_seed42,3
HOTEL:biwi_hotel:232:10380,HOTEL,biwi_hotel:232,10380,triu,2.56876277923584,4.649203300476074,3.63:-5.03;3.63:-4.68;3.64:-4.33;3.58:-3.97;3.48:-3.68;3.52:-3.34;3.64:-2.96;3.65:-2.58,3.65:-2.2;3.66:-1.81;3.68:-1.37;3.65:-0.98;3.65:-0.62;3.64:-0.13;3.56:0.21;3.49:0.61;3.57:1.02;3.58:1.36;3.42:1.73;3.42:2.12,3.655874:-2.593385;3.637071:-2.640925;3.650924:-2.650752;3.605866:-2.565789;3.638996:-2.605046;3.619663:-2.605079;3.559946:-2.521966;3.491983:-2.477185;3.452027:-2.54821;3.468725:-2.505419;3.423325:-2.637226;3.437906:-2.529169,sigma3_hotel_seed42,3
HOTEL:biwi_hotel:232:10390,HOTEL,biwi_hotel:232,10390,triu,2.5764622688293457,4.622312545776367,3.63:-4.68;3.64:-4.33;3.58:-3.97;3.48:-3.68;3.52:-3.34;3.64:-2.96;3.65:-2.58;3.65:-2.2,3.66:-1.81;3.68:-1.37;3.65:-0.98;3.65:-0.62;3.64:-0.13;3.56:0.21;3.49:0.61;3.57:1.02;3.58:1.36;3.42:1.73;3.42:2.12;3.53:2.47,3.615825:-2.211802;3.561724:-2.256134;3.53491:-2.26293;3.455466:-2.177887;3.45579:-2.214144;3.405705:-2.211446;3.308026:-2.125978;3.21007:-2.082359;3.142072:-2.154408;3.122362:-2.102472;3.04781:-2.233655;3.035093:-2.125742,sigma3_hotel_seed42,3
HOTEL:biwi_hotel:232:10400,HOTEL,biwi_hotel:232,10400,triu,2.5803492069244385,4.684080600738525,3.64:-4.33;3.58:-3.97;3.48:-3.68;3.52:-3.34;3.64:-2.96;3.65:-2.58;3.65:-2.2;3.66:-1.81,3.68:-1.37;3.65:-0.98;3.65:-0.62;3.64:-0.13;3.56:0.21;3.49:0.61;3.57:1.02;3.58:1.36;3.42:1.73;3.42:2.12;3.53:2.47;3.05:2.94,3.63765:-1.822434;3.589363:-1.871654;3.573224:-1.881555;3.494119:-1.789017;3.503151:-1.830863;3.457916:-1.826674;3.358519:-1.741672;3.262204:-1.689567;3.195628:-1.762735;3.187273:-1.717229;3.1172:-1.854423;3.107759:-1.743724,sigma3_hotel_seed42,3
HOTEL:biwi_hotel:233:10260,HOTEL,biwi_hotel:233,10260,triu,0.0471433065831661,0.1022615283727645,-1.11:-6.76;-1.11:-6.76;-1.11:-6.76;-1.11:-6.76;-1.09:-6.76;-1.09:-6.76;-1.09:-6.76;-1.09:-6.76,-1.09:-6.76;-1.09:-6.76;-1.09:-6.76;-1.09:-6.76;-1.09:-6.76;-1.09:-6.76;-1.09:-6.76;-1.09:-6.76;-1.09:-6.76;-1.09:-6.76;-1.09:-6.76;-1.09:-6.76,-1.094697:-6.759629;-1.093864:-6.761807;-1.102295:-6.760075;-1.112595:-6.755216;-1.116762:-6.757267;-1.132918:-6.759863;-1.150596:-6.767806;-1.148414:-6.764114;-1.156379:-6.755073;-1.167511:-6.763668;-1.175401:-6.763052;-1.191517:-6.772316,sigma3_hotel_seed42,3
HOTEL:biwi_hotel:233:10270,HOTEL,biwi_hotel:233,10270,triu,0.029981454834342,0.0468954555690288,-1.11:-6.76;-1.11:-6.76;-1.11:-6.76;-1.09:-6.76;-1.09:-6.76;-1.09:-6.76;-1.09:-6.76;-1.09:-6.76,-1.09:-6.76;-1.09:-6.76;-1.09:-6.76;-1.09:-6.76;-1.09:-6.76;-1.09:-6.76;-1.09:-6.76;-1.09:-6.76;-1.09:-6.76;-1.09:-6.76;-1.09:-6.76;-1.09:-6.76,-1.093382:-6.761127;-1.102845:-6.763493;-1.102404:-6.762945;-1.1039:-6.759296;-1.10492:-6.762037;-1.126745:-6.764324;-1.133123:-6.766442;-1.132253:-6.768431;-1.137085:-6.761534;-1.116754:-6.770762;-1.138438:-6.7853;-1.129869:-6.784691,sigma3_hotel_seed42,3
HOTEL:biwi_hotel:233:10280,HOTEL,biwi_hotel:233,10280,triu,0.0471597798168659,0.0855289623141288,-1.11:-6.76;-1.11:-6.76;-1.09:-6.76;-1.09:-6.76;-1.09:-6.76;-1.09:-6.76;-1.09:-6.76;-1.09:-6.76,-1.09:-6.76;-1.09:-6.76;-1.09:-6.76;-1.09:-6.76;-1.09:-6.76;-1.09:-6.76;-1.09:-6.76;-1.09:-6.76;-1.09:-6.76;-1.09:-6.76;-1.09:-6.76;-1.09:-6.76,-1.098464:-6.760496;-1.099957:-6.759146;-1.107019:-6.760892;-1.116278:-6.759434;-1.125942:-6.759762;-1.136926:-6.76378;-1.146791:-6.766075;-1.148851:-6.767783;-1.157968:-6.765203;-1.164574:-6.76917;-1.165198:-6.769444;-1.173442:-6.77878,sigma3_hotel_seed42,3
HOTEL:biwi_hotel:233:10290,HOTEL,biwi_hotel:233,10290,triu,0.0115399034693837,0.0380676910281181,-1.11:-6.76;-1.09:-6.76;-1.09:-6.76;-1.09:-6.76;-1.09:-6.76;-1.09:-6.76;-1.09:-6.76;-1.09:-6.76,-1.09:-6.76;-1.09:-6.76;-1.09:-6.76;-1.09:-6.76;-1.09:-6.76;-1.09:-6.76;-1.09:-6.76;-1.09:-6.76;-1.09:-6.76;-1.09:-6.76;-1.09:-6.76;-1.07:-6.76,-1.091302:-6.760754;-1.089158:-6.767678;-1.092008:-6.761477;-1.099125:-6.753984;-1.087155:-6.755867;-1.101286:-6.757837;-1.10645:-6.764342;-1.101324:-6.757959;-1.09632:-6.75513;-1.096212:-6.761419;-1.105675:-6.7696;-1.106689:-6.770154,sigma3_hotel_seed42,3
HOTEL:biwi_hotel:233:10300,HOTEL,biwi_hotel:233,10300,triu,0.0807054936885833,0.1774472296237945,-1.09:-6.76;-1.09:-6.76;-1.09:-6.76;-1.09:-6.76;-1.09:-6.76;-1.09:-6.76;-1.09:-6.76;-1.09:-6.76,-1.09:-6.76;-1.09:-6.76;-1.09:-6.76;-1.09:-6.76;-1.09:-6.76;-1.09:-6.76;-1.09:-6.76;-1.09:-6.76;-1.09:-6.76;-1.09:-6.76;-1.07:-6.76;-1.07:-6.76,-1.100372:-6.760133;-1.103073:-6.760241;-1.115774:-6.760204;-1.131243:-6.756161;-1.142573:-6.758557;-1.159167:-6.759745;-1.182227:-6.76584;-1.185875:-6.764138;-1.197935:-6.758046;-1.216122:-6.762235;-1.226144:-6.759789;-1.247195:-6.769461,sigma3_hotel_seed42,3
HOTEL:biwi_hotel:233:10310,HOTEL,biwi_hotel:233,10310,triu,0.0823719277977943,0.1774472296237945,-1.09:-6.76;-1.09:-6.76;-1.09:-6.76;-1.09:-6.76;-1.09:-6.76;-1.09:-6.76;-1.09:-6.76;-1.09:-6.76,-1.09:-6.76;-1.09:-6.76;-1.09:-6.76;-1.09:-6.76;-1.09:-6.76;-1.09:-6.76;-1.09:-6.76;-1.09:-6.76;-1.09:-6.76;-1.07:-6.76;-1.07:-6.76;-1.07:-6.76,-1.100372:-6.760133;-1.103073:-6.760241;-1.115774:-6.760204;-1.131243:-6.756161;-1.142573:-6.758557;-1.159167:-6.759745;-1.182227:-6.76584;-1.185875:-6.764138;-1.197935:-6.758046;-1.216122:-6.762235;-1.226144:-6.759789;-1.247195:-6.769461,sigma3_hotel_seed42,3
HOTEL:biwi_hotel:233:10320,HOTEL,biwi_hotel:233,10320,triu,0.0809446424245834,0.1403225064277649,-1.09:-6.76;-1.09:-6.76;-1.09:-6.76;-1.09:-6.76;-1.09:-6.76;-1.09:-6.76;-1.09:-6.76;-1.09:-6.76,-1.09:-6.76;-1.09:-6.76;-1.09:-6.76;-1.09:-6.76;-1.09:-6.76;-1.09:-6.76;-1.09:-6.76;-1.09:-6.76;-1.07:-6.76;-1.07:-6.76;-1.07:-6.76;-1.11:-6.74,-1.100372:-6.760133;-1.103073:-6.760241;-1.115774:-6.760204;-1.131243:-6.756161;-1.142573:-6.758557;-1.159167:-6.759745;-1.182227:-6.76584;-1.185875:-6.764138;-1.197935:-6.758046;-1.216122:-6.762235;-1.226144:-6.759789;-1.247195:-6.769461,sigma3_hotel_seed42,3
HOTEL:biwi_hotel:233:10330,HOTEL,biwi_hotel:233,10330,triu,0.0747207477688789,0.0839775651693344,-1.09:-6.76;-1.09:-6.76;-1.09:-6.76;-1.09:-6.76;-1.09:-6.76;-1.09:-6.76;-1.09:-6.76;-1.09:-6.76,-1.09:-6.76;-1.09:-6.76;-1.09:-6.76;-1.09:-6.76;-1.09:-6.76;-1.09:-6.76;-1.09:-6.76;-1.07:-6.76;-1.07:-6.76;-1.07:-6.76;-1.11:-6.74;-1.2:-6.7,-1.100372:-6.760133;-1.103073:-6.760241;-1.115774:-6.760204;-1.131243:-6.756161;-1.142573:-6.758557;-1.159167:-6.759745;-1.182227:-6.76584;-1.185875:-6.764138;-1.197935:-6.758046;-1.216122:-6.762235;-1.226144:-6.759789;-1.247195:-6.769461,sigma3_hotel_seed42,3
HOTEL:biwi_hotel:235:10370,HOTEL,biwi_hotel:235,10370,triu,2.5700221061706543,4.702508926391602,4:-9.3;4.02:-8.91;4.04:-8.55;3.97:-8.19;3.92:-7.87;3.98:-7.55;3.94:-7.21;3.87:-6.89,3.95:-6.5;3.89:-6.17;3.81:-5.81;3.82:-5.41;3.83:-4.95;3.77:-4.52;3.81:-4.12;3.83:-3.76;3.81:-3.39;3.82:-3.02;3.82:-2.65;3.8:-2.26,3.749242:-6.89954;3.624788:-6.928451;3.515611:-6.917732;3.381727:-6.858595;3.304126:-6.868495;3.18187:-6.870664;3.047986:-6.780069;2.88841:-6.758094;2.774677:-6.828966;2.673765:-6.749799;2.53533:-6.87103;2.464108:-6.768767,sigma3_hotel_seed42,3
HOTEL:biwi_hotel:235:10380,HOTEL,biwi_hotel:235,10380,triu,2.566161155700684,4.666138648986816,4.02:-8.91;4.04:-8.55;3.97:-8.19;3.92:-7.87;3.98:-7.55;3.94:-7.21;3.87:-6.89;3.95:-6.5,3.89:-6.17;3.81:-5.81;3.82:-5.41;3.83:-4.95;3.77:-4.52;3.81:-4.12;3.83:-3.76;3.81:-3.39;3.82:-3.02;3.82:-2.65;3.8:-2.26;3.75:-1.88,4.028183:-6.515808;4.073016:-6.56972;4.161076:-6.583008;4.179361:-6.499715;4.271866:-6.543222;4.307496:-6.549009;4.319126:-6.471018;4.304875:-6.423069;4.315262:-6.49231;4.398236:-6.466767;4.40612:-6.599414;4.46948:-6.490336,sigma3_hotel_seed42,3
HOTEL:biwi_hotel:235:10390,HOTEL,biwi_hotel:235,10390,triu,2.580932378768921,4.699480056762695,4.04:-8.55;3.97:-8.19;3.92:-7.87;3.98:-7.55;3.94:-7.21;3.87:-6.89;3.95:-6.5;3.89:-6.17,3.81:-5.81;3.82:-5.41;3.83:-4.95;3.77:-4.52;3.81:-4.12;3.83:-3.76;3.81:-3.39;3.82:-3.02;3.82:-2.65;3.8:-2.26;3.75:-1.88;3.75:-1.46,3.802638:-6.179632;3.707163:-6.214664;3.627802:-6.208348;3.518867:-6.142815;3.47674:-6.161817;3.38783:-6.162823;3.267423:-6.076796;3.137242:-6.046638;3.044213:-6.119633;2.974908:-6.051198;2.868358:-6.172258;2.822795:-6.067104,sigma3_hotel_seed42,3
HOTEL:biwi_hotel:235:10400,HOTEL,biwi_hotel:235,10400,triu,2.7187249660491943,4.871562004089356,3.97:-8.19;3.92:-7.87;3.98:-7.55;3.94:-7.21;3.87:-6.89;3.95:-6.5;3.89:-6.17;3.81:-5.81,3.82:-5.41;3.83:-4.95;3.77:-4.52;3.81:-4.12;3.83:-3.76;3.81:-3.39;3.82:-3.02;3.82:-2.65;3.8:-2.26;3.75:-1.88;3.75:-1.46;3.68:-1.09,3.664978:-5.820348;3.51042:-5.852575;3.376918:-5.850295;3.205404:-5.770082;3.09815:-5.795635;2.952086:-5.781044;2.759156:-5.686306;2.569696:-5.656518;2.422327:-5.730895;2.301456:-5.644894;2.125541:-5.779655;2.03193:-5.67432,sigma3_hotel_seed42,3
HOTEL:biwi_hotel:235:10410,HOTEL,biwi_hotel:235,10410,triu,2.58333420753479,4.607977867126465,3.92:-7.87;3.98:-7.55;3.94:-7.21;3.87:-6.89;3.95:-6.5;3.89:-6.17;3.81:-5.81;3.82:-5.41,3.83:-4.95;3.77:-4.52;3.81:-4.12;3.83:-3.76;3.81:-3.39;3.82:-3.02;3.82:-2.65;3.8:-2.26;3.75:-1.88;3.75:-1.46;3.68:-1.09;3.64:-0.75,3.818339:-5.4232;3.789979:-5.472887;3.795067:-5.483757;3.736913:-5.393433;3.762556:-5.435628;3.734536:-5.433164;3.658071:-5.349454;3.579578:-5.299553;3.52938:-5.371587;3.539051:-5.329258;3.485028:-5.46508;3.490843:-5.355563,sigma3_hotel_seed42,3
HOTEL:biwi_hotel:235:10420,HOTEL,biwi_hotel:235,10420,triu,2.518813371658325,4.625208854675293,3.98:-7.55;3.94:-7.21;3.87:-6.89;3.95:-6.5;3.89:-6.17;3.81:-5.81;3.82:-5.41;3.83:-4.95,3.77:-4.52;3.81:-4.12;3.83:-3.76;3.81:-3.39;3.82:-3.02;3.82:-2.65;3.8:-2.26;3.75:-1.88;3.75:-1.46;3.68:-1.09;3.64:-0.75;3.66:-0.29,3.832546:-4.963923;3.793597:-5.028627;3.79725:-5.0482;3.708931:-4.929698;3.729173:-4.991413;3.689711:-4.977379;3.56617:-4.893616;3.46566:-4.816426;3.391423:-4.892625;3.402537:-4.861729;3.334874:-5.019067;3.323745:-4.902969,sigma3_hotel_seed42,3
HOTEL:biwi_hotel:235:10430,HOTEL,biwi_hotel:235,10430,triu,2.554492235183716,4.621201992034912,3.94:-7.21;3.87:-6.89;3.95:-6.5;3.89:-6.17;3.81:-5.81;3.82:-5.41;3.83:-4.95;3.77:-4.52,3.81:-4.12;3.83:-3.76;3.81:-3.39;3.82:-3.02;3.82:-2.65;3.8:-2.26;3.75:-1.88;3.75:-1.46;3.68:-1.09;3.64:-0.75;3.66:-0.29;3.61:-0,3.666382:-4.530891;3.541362:-4.580903;3.436337:-4.596297;3.266073:-4.481273;3.19667:-4.534651;3.083433:-4.510978;2.864088:-4.419177;2.694916:-4.359759;2.553905:-4.436643;2.463422:-4.37291;2.320754:-4.522285;2.243275:-4.414473,sigma3_hotel_seed42,3
HOTEL:biwi_hotel:235:10440,HOTEL,biwi_hotel:235,10440,triu,2.436986207962036,4.449747562408447,3.87:-6.89;3.95:-6.5;3.89:-6.17;3.81:-5.81;3.82:-5.41;3.83:-4.95;3.77:-4.52;3.81:-4.12,3.83:-3.76;3.81:-3.39;3.82:-3.02;3.82:-2.65;3.8:-2.26;3.75:-1.88;3.75:-1.46;3.68:-1.09;3.64:-0.75;3.66:-0.29;3.61:-0;3.55:0.37,3.8294:-4.134202;3.815891:-4.188719;3.841037:-4.203202;3.792837:-4.106598;3.834756:-4.15433;3.819408:-4.151321;3.751754:-4.068514;3.683177:-4.01152;3.642147:-4.084029;3.671194:-4.049349;3.628898:-4.190398;3.645073:-4.078732,sigma3_hotel_seed42,3
HOTEL:biwi_hotel:235:10450,HOTEL,biwi_hotel:235,10450,triu,2.4490795135498047,4.444080352783203,3.95:-6.5;3.89:-6.17;3.81:-5.81;3.82:-5.41;3.83:-4.95;3.77:-4.52;3.81:-4.12;3.83:-3.76,3.81:-3.39;3.82:-3.02;3.82:-2.65;3.8:-2.26;3.75:-1.88;3.75:-1.46;3.68:-1.09;3.64:-0.75;3.66:-0.29;3.61:-0;3.55:0.37;3.57:0.73,3.842341:-3.773623;3.828373:-3.821896;3.848936:-3.832109;3.808466:-3.746994;3.848035:-3.786451;3.833163:-3.787656;3.779853:-3.704843;3.715985:-3.658711;3.680569:-3.729843;3.704247:-3.689516;3.663698:-3.821737;3.682869:-3.712647,sigma3_hotel_seed42,3
HOTEL:biwi_hotel:235:10460,HOTEL,biwi_hotel:235,10460,triu,2.4425241947174072,4.371331691741943,3.89:-6.17;3.81:-5.81;3.82:-5.41;3.83:-4.95;3.77:-4.52;3.81:-4.12;3.83:-3.76;3.81:-3.39,3.82:-3.02;3.82:-2.65;3.8:-2.26;3.75:-1.88;3.75:-1.46;3.68:-1.09;3.64:-0.75;3.66:-0.29;3.61:-0;3.55:0.37;3.57:0.73;3.51:1.04,3.76957:-3.401715;3.707164:-3.447422;3.673659:-3.455021;3.583419:-3.366195;3.579285:-3.40413;3.522397:-3.400383;3.413183:-3.314343;3.306807:-3.266425;3.23138:-3.339738;3.207359:-3.288904;3.126675:-3.422713;3.108002:-3.312808,sigma3_hotel_seed42,3
HOTEL:biwi_hotel:235:10470,HOTEL,biwi_hotel:235,10470,triu,2.437074899673462,4.307999610900879,3.81:-5.81;3.82:-5.41;3.83:-4.95;3.77:-4.52;3.81:-4.12;3.83:-3.76;3.81:-3.39;3.82:-3.02,3.82:-2.65;3.8:-2.26;3.75:-1.88;3.75:-1.46;3.68:-1.09;3.64:-0.75;3.66:-0.29;3.61:-0;3.55:0.37;3.57:0.73;3.51:1.04;3.39:1.34,3.819659:-3.033049;3.794424:-3.080241;3.802516:-3.089005;3.751588:-3.00453;3.781432:-3.04246;3.75691:-3.043361;3.693208:-2.959975;3.619956:-2.914066;3.576058:-2.98568;3.588859:-2.942827;3.539647:-3.074454;3.550595:-2.965005,sigma3_hotel_seed42,3
HOTEL:biwi_hotel:235:10480,HOTEL,biwi_hotel:235,10480,triu,2.4283313751220703,4.336276054382324,3.82:-5.41;3.83:-4.95;3.77:-4.52;3.81:-4.12;3.83:-3.76;3.81:-3.39;3.82:-3.02;3.82:-2.65,3.8:-2.26;3.75:-1.88;3.75:-1.46;3.68:-1.09;3.64:-0.75;3.66:-0.29;3.61:-0;3.55:0.37;3.57:0.73;3.51:1.04;3.39:1.34;3.41:1.75,3.804842:-2.662433;3.764931:-2.709485;3.757972:-2.717241;3.69175:-2.63128;3.710189:-2.668702;3.673013:-2.668781;3.593305:-2.584552;3.506867:-2.536375;3.451164:-2.608925;3.451591:-2.564333;3.391002:-2.697078;3.390994:-2.586235,sigma3_hotel_seed42,3
HOTEL:biwi_hotel:235:10490,HOTEL,biwi_hotel:235,10490,triu,2.404183149337769,4.326171398162842,3.83:-4.95;3.77:-4.52;3.81:-4.12;3.83:-3.76;3.81:-3.39;3.82:-3.02;3.82:-2.65;3.8:-2.26,3.75:-1.88;3.75:-1.46;3.68:-1.09;3.64:-0.75;3.66:-0.29;3.61:-0;3.55:0.37;3.57:0.73;3.51:1.04;3.39:1.34;3.41:1.75;3.44:2.12,3.748362:-2.271599;3.674669:-2.318329;3.628283:-2.327583;3.523209:-2.233467;3.507125:-2.274636;3.440003:-2.266967;3.309971:-2.179867;3.192035:-2.129536;3.104406:-2.203513;3.068344:-2.150435;2.97624:-2.287449;2.946688:-2.177953,sigma3_hotel_seed42,3
HOTEL:biwi_hotel:235:10500,HOTEL,biwi_hotel:235,10500,triu,2.40209698677063,4.325052738189697,3.77:-4.52;3.81:-4.12;3.83:-3.76;3.81:-3.39;3.82:-3.02;3.82:-2.65;3.8:-2.26;3.75:-1.88,3.75:-1.46;3.68:-1.09;3.64:-0.75;3.66:-0.29;3.61:-0;3.55:0.37;3.57:0.73;3.51:1.04;3.39:1.34;3.41:1.75;3.44:2.12;3.41:2.47,3.668227:-1.890596;3.570676:-1.932962;3.493792:-1.94025;3.366909:-1.848257;3.325224:-1.886394;3.237493:-1.876234;3.082185:-1.787179;2.945413:-1.742525;2.839293:-1.81656;2.774257:-1.753846;2.661397:-1.887926;2.613222:-1.781026,sigma3_hotel_seed42,3
HOTEL:biwi_hotel:235:10510,HOTEL,biwi_hotel:235,10510,triu,2.3261373043060303,4.241477966308594,3.81:-4.12;3.83:-3.76;3.81:-3.39;3.82:-3.02;3.82:-2.65;3.8:-2.26;3.75:-1.88;3.75:-1.46,3.68:-1.09;3.64:-0.75;3.66:-0.29;3.61:-0;3.55:0.37;3.57:0.73;3.51:1.04;3.39:1.34;3.41:1.75;3.44:2.12;3.41:2.47;3.47:2.83,3.72922:-1.472963;3.676835:-1.527804;3.659516:-1.542319;3.567755:-1.437701;3.574208:-1.488041;3.524713:-1.47862;3.40473:-1.393108;3.29993:-1.330942;3.223833:-1.405662;3.215401:-1.36407;3.139379:-1.509974;3.12332:-1.397287,sigma3_hotel_seed42,3
HOTEL:biwi_hotel:235:10520,HOTEL,biwi_hotel:235,10520,triu,2.3573074340820312,4.3412065505981445,3.83:-3.76;3.81:-3.39;3.82:-3.02;3.82:-2.65;3.8:-2.26;3.75:-1.88;3.75:-1.46;3.68:-1.09,3.64:-0.75;3.66:-0.29;3.61:-0;3.55:0.37;3.57:0.73;3.51:1.04;3.39:1.34;3.41:1.75;3.44:2.12;3.41:2.47;3.47:2.83;3.51:3.19,3.575221:-1.100278;3.456051:-1.140869;3.356605:-1.146118;3.210274:-1.054544;3.146641:-1.091794;3.039739:-1.077618;2.860706:-0.9873727;2.705046:-0.9446869;2.581493:-1.020326;2.496131:-0.9502962;2.361642:-1.085606;2.296798:-0.9782391,sigma3_hotel_seed42,3
HOTEL:biwi_hotel:235:10530,HOTEL,biwi_hotel:235,10530,triu,2.3406660556793213,4.272915363311768,3.81:-3.39;3.82:-3.02;3.82:-2.65;3.8:-2.26;3.75:-1.88;3.75:-1.46;3.68:-1.09;3.64:-0.75,3.66:-0.29;3.61:-0;3.55:0.37;3.57:0.73;3.51:1.04;3.39:1.34;3.41:1.75;3.44:2.12;3.41:2.47;3.47:2.83;3.51:3.19;3.47:3.55,3.568421:-0.7603922;3.484268:-0.7982399;3.421086:-0.7981523;3.319476:-0.7231009;3.291188:-0.7505466;3.215787:-0.7480223;3.09679:-0.6616461;2.976934:-0.6266376;2.890057:-0.7000862;2.837687:-0.6363315;2.739467:-0.7611394;2.705957:-0.6540508,sigma3_hotel_seed42,3
HOTEL:biwi_hotel:235:10540,HOTEL,biwi_hotel:235,10540,triu,2.22149395942688,3.974616289138794,3.82:-3.02;3.82:-2.65;3.8:-2.26;3.75:-1.88;3.75:-1.46;3.68:-1.09;3.64:-0.75;3.66:-0.29,3.61:-0;3.55:0.37;3.57:0.73;3.51:1.04;3.39:1.34;3.41:1.75;3.44:2.12;3.41:2.47;3.47:2.83;3.51:3.19;3.47:3.55;3.52:3.72,3.682312:-0.304445;3.662406:-0.3682566;3.68752:-0.3869937;3.62185:-0.2742755;3.661564:-0.3329374;3.639229:-0.3238516;3.545413:-0.2413645;3.463516:-0.1671158;3.408422:-0.2422306;3.439498:-0.215248;3.389763:-0.3691079;3.39604:-0.2526829,sigma3_hotel_seed42,3
HOTEL:biwi_hotel:236:10370,HOTEL,biwi_hotel:236,10370,triu,2.5310466289520264,4.643203258514404,3.42:-9.44;3.38:-9.1;3.33:-8.76;3.35:-8.41;3.34:-8.07;3.26:-7.66;3.24:-7.32;3.29:-6.88,3.21:-6.56;3.15:-6.12;3.21:-5.74;3.19:-5.31;3.1:-4.93;3.11:-4.57;3.13:-4.2;3.07:-3.8;3.02:-3.42;3.07:-3.03;3.06:-2.68;2.94:-2.25,3.349985:-6.896066;3.367843:-6.958576;3.431895:-6.979364;3.407341:-6.873107;3.478849:-6.930673;3.489906:-6.925971;3.442545:-6.845258;3.396252:-6.778661;3.374581:-6.851286;3.43894:-6.828725;3.420193:-6.977686;3.45721:-6.864307,sigma3_hotel_seed42,3
HOTEL:biwi_hotel:236:10380,HOTEL,biwi_hotel:236,10380,triu,2.6141111850738525,4.745733261108398,3.38:-9.1;3.33:-8.76;3.35:-8.41;3.34:-8.07;3.26:-7.66;3.24:-7.32;3.29:-6.88;3.21:-6.56,3.15:-6.12;3.21:-5.74;3.19:-5.31;3.1:-4.93;3.11:-4.57;3.13:-4.2;3.07:-3.8;3.02:-3.42;3.07:-3.03;3.06:-2.68;2.94:-2.25;3:-1.87,3.081955:-6.569706;2.9491:-6.599093;2.832778:-6.590048;2.688936:-6.526411;2.602703:-6.539392;2.473204:-6.537838;2.325105:-6.446061;2.157105:-6.422643;2.034569:-6.494179;1.927406:-6.412947;1.778764:-6.537313;1.701011:-6.434494,sigma3_hotel_seed42,3
HOTEL:biwi_hotel:236:10390,HOTEL,biwi_hotel:236,10390,triu,2.573924779891968,4.717646598815918,3.33:-8.76;3.35:-8.41;3.34:-8.07;3.26:-7.66;3.24:-7.32;3.29:-6.88;3.21:-6.56;3.15:-6.12,3.21:-5.74;3.19:-5.31;3.1:-4.93;3.11:-4.57;3.13:-4.2;3.07:-3.8;3.02:-3.42;3.07:-3.03;3.06:-2.68;2.94:-2.25;3:-1.87;3.07:-1.5,3.055706:-6.131165;2.937819:-6.182363;2.842591:-6.198014;2.679286:-6.082957;2.618837:-6.136604;2.512037:-6.114484;2.302182:-6.023323;2.138927:-5.961946;2.004252:-6.038983;1.923644:-5.978733;1.788008:-6.128638;1.716926:-6.019445,sigma3_hotel_seed42,3
HOTEL:biwi_hotel:236:10400,HOTEL,biwi_hotel:236,10400,triu,2.5291788578033447,4.593137741088867,3.35:-8.41;3.34:-8.07;3.26:-7.66;3.24:-7.32;3.29:-6.88;3.21:-6.56;3.15:-6.12;3.21:-5.74,3.19:-5.31;3.1:-4.93;3.11:-4.57;3.13:-4.2;3.07:-3.8;3.02:-3.42;3.07:-3.03;3.06:-2.68;2.94:-2.25;3:-1.87;3.07:-1.5;3.02:-1.12,3.245495:-5.754785;3.249406:-5.808062;3.291627:-5.822637;3.263584:-5.730581;3.318713:-5.776926;3.318634:-5.77595;3.273792:-5.694229;3.222062:-5.642367;3.196455:-5.713512;3.239218:-5.679721;3.211067:-5.817314;3.241096:-5.707813,sigma3_hotel_seed42,3
HOTEL:biwi_hotel:236:10410,HOTEL,biwi_hotel:236,10410,triu,2.460047960281372,4.486470699310303,3.34:-8.07;3.26:-7.66;3.24:-7.32;3.29:-6.88;3.21:-6.56;3.15:-6.12;3.21:-5.74;3.19:-5.31,3.1:-4.93;3.11:-4.57;3.13:-4.2;3.07:-3.8;3.02:-3.42;3.07:-3.03;3.06:-2.68;2.94:-2.25;3:-1.87;3.07:-1.5;3.02:-1.12;2.96:-0.78,3.1769:-5.323363;3.128148:-5.381393;3.117871:-5.397834;3.026262:-5.28844;3.038674:-5.342271;2.992292:-5.332086;2.87155:-5.246899;2.767737:-5.179031;2.692643:-5.254563;2.691883:-5.217364;2.618912:-5.367131;2.605106:-5.252412,sigma3_hotel_seed42,3
HOTEL:biwi_hotel:236:10420,HOTEL,biwi_hotel:236,10420,triu,2.5961389541625977,4.744690895080566,3.26:-7.66;3.24:-7.32;3.29:-6.88;3.21:-6.56;3.15:-6.12;3.21:-5.74;3.19:-5.31;3.1:-4.93,3.11:-4.57;3.13:-4.2;3.07:-3.8;3.02:-3.42;3.07:-3.03;3.06:-2.68;2.94:-2.25;3:-1.87;3.07:-1.5;3.02:-1.12;2.96:-0.78;3.04:-0.42,2.947515:-4.940691;2.782348:-4.975052;2.641033:-4.976817;2.455245:-4.886739;2.338665:-4.92002;2.185352:-4.898045;1.967746:-4.802;1.767903:-4.767717;1.607723:-4.84397;1.481354:-4.756207;1.292175:-4.896896;1.191257:-4.789696,sigma3_hotel_seed42,3
HOTEL:biwi_hotel:236:10430,HOTEL,biwi_hotel:236,10430,triu,2.466261386871338,4.418289661407471,3.24:-7.32;3.29:-6.88;3.21:-6.56;3.15:-6.12;3.21:-5.74;3.19:-5.31;3.1:-4.93;3.11:-4.57,3.13:-4.2;3.07:-3.8;3.02:-3.42;3.07:-3.03;3.06:-2.68;2.94:-2.25;3:-1.87;3.07:-1.5;3.02:-1.12;2.96:-0.78;3.04:-0.42;3.03:-0.1,3.113757:-4.583122;3.093723:-4.628838;3.106804:-4.636734;3.063511:-4.555902;3.098196:-4.591554;3.078567:-4.59449;3.025539:-4.511403;2.958371:-4.468498;2.920805:-4.539561;2.937996:-4.496617;2.894004:-4.625608;2.910349:-4.516669,sigma3_hotel_seed42,3
HOTEL:biwi_hotel:236:10440,HOTEL,biwi_hotel:236,10440,triu,2.4769537448883057,4.463681697845459,3.29:-6.88;3.21:-6.56;3.15:-6.12;3.21:-5.74;3.19:-5.31;3.1:-4.93;3.11:-4.57;3.13:-4.2,3.07:-3.8;3.02:-3.42;3.07:-3.03;3.06:-2.68;2.94:-2.25;3:-1.87;3.07:-1.5;3.02:-1.12;2.96:-0.78;3.04:-0.42;3.03:-0.1;3.02:0.31,3.143259:-4.213696;3.129259:-4.262907;3.150418:-4.2737;3.108735:-4.18691;3.148528:-4.227584;3.133506:-4.228137;3.078035:-4.145359;3.013375:-4.097606;2.977004:-4.168972;3.001372:-4.129468;2.960505:-4.262967;2.979136:-4.153495,sigma3_hotel_seed42,3
HOTEL:biwi_hotel:236:10450,HOTEL,biwi_hotel:236,10450,triu,2.514702558517456,4.570915699005127,3.21:-6.56;3.15:-6.12;3.21:-5.74;3.19:-5.31;3.1:-4.93;3.11:-4.57;3.13:-4.2;3.07:-3.8,3.02:-3.42;3.07:-3.03;3.06:-2.68;2.94:-2.25;3:-1.87;3.07:-1.5;3.02:-1.12;2.96:-0.78;3.04:-0.42;3.03:-0.1;3.02:0.31;2.94:0.7,2.972102:-3.810578;2.855311:-3.856732;2.75924:-3.86787;2.604826:-3.76369;2.545911:-3.809251;2.44099:-3.792288;2.248297:-3.70151;2.090503:-3.648313;1.962883:-3.724358;1.881398:-3.660964;1.749847:-3.803071;1.683494:-3.694822,sigma3_hotel_seed42,3
HOTEL:biwi_hotel:236:10460,HOTEL,biwi_hotel:236,10460,triu,2.478032112121582,4.465903282165527,3.15:-6.12;3.21:-5.74;3.19:-5.31;3.1:-4.93;3.11:-4.57;3.13:-4.2;3.07:-3.8;3.02:-3.42,3.07:-3.03;3.06:-2.68;2.94:-2.25;3:-1.87;3.07:-1.5;3.02:-1.12;2.96:-0.78;3.04:-0.42;3.03:-0.1;3.02:0.31;2.94:0.7;2.95:1.03,2.943866:-3.430675;2.851928:-3.472742;2.781336:-3.47942;2.661473:-3.389557;2.62534:-3.426517;2.542583:-3.417922;2.396602:-3.329382;2.265345:-3.285723;2.164855:-3.359412;2.105532:-3.297763;1.998023:-3.430596;1.954887:-3.323624,sigma3_hotel_seed42,3
HOTEL:biwi_hotel:236:10470,HOTEL,biwi_hotel:236,10470,triu,2.430464267730713,4.3749098777771,3.21:-5.74;3.19:-5.31;3.1:-4.93;3.11:-4.57;3.13:-4.2;3.07:-3.8;3.02:-3.42;3.07:-3.03,3.06:-2.68;2.94:-2.25;3:-1.87;3.07:-1.5;3.02:-1.12;2.96:-0.78;3.04:-0.42;3.03:-0.1;3.02:0.31;2.94:0.7;2.95:1.03;2.88:1.37,3.107366:-3.044858;3.111493:-3.099097;3.155553:-3.114013;3.126828:-3.020695;3.184278:-3.067651;3.184546:-3.067063;3.139775:-2.985382;3.087689:-2.9312;3.062314:-3.002752;3.107796:-2.970808;3.080505:-3.109586;3.111194:-2.998797,sigma3_hotel_seed42,3
HOTEL:biwi_hotel:236:10480,HOTEL,biwi_hotel:236,10480,triu,2.427574396133423,4.330112934112549,3.19:-5.31;3.1:-4.93;3.11:-4.57;3.13:-4.2;3.07:-3.8;3.02:-3.42;3.07:-3.03;3.06:-2.68,2.94:-2.25;3:-1.87;3.07:-1.5;3.02:-1.12;2.96:-0.78;3.04:-0.42;3.03:-0.1;3.02:0.31;2.94:0.7;2.95:1.03;2.88:1.37;2.88:1.71,3.031842:-2.691767;2.984233:-2.734341;2.965378:-2.739092;2.896382:-2.659778;2.90557:-2.691899;2.862028:-2.693454;2.781788:-2.608651;2.691773:-2.56765;2.633118:-2.639417;2.621704:-2.588963;2.555463:-2.716379;2.551:-2.607597,sigma3_hotel_seed42,3
HOTEL:biwi_hotel:236:10490,HOTEL,biwi_hotel:236,10490,triu,2.700312376022339,4.841910362243652,3.1:-4.93;3.11:-4.57;3.13:-4.2;3.07:-3.8;3.02:-3.42;3.07:-3.03;3.06:-2.68;2.94:-2.25,3:-1.87;3.07:-1.5;3.02:-1.12;2.96:-0.78;3.04:-0.42;3.03:-0.1;3.02:0.31;2.94:0.7;2.95:1.03;2.88:1.37;2.88:1.71;2.91:2.05,2.741737:-2.261554;2.522916:-2.299482;2.337021:-2.310363;2.088475:-2.193261;1.919211:-2.244775;1.719877:-2.200627;1.414807:-2.097855;1.161285:-2.052934;0.9459746:-2.134106;0.7816434:-2.034778;0.529397:-2.194964;0.3873682:-2.082847,sigma3_hotel_seed42,3
HOTEL:biwi_hotel:236:10500,HOTEL,biwi_hotel:236,10500,triu,2.343024730682373,4.234588623046875,3.11:-4.57;3.13:-4.2;3.07:-3.8;3.02:-3.42;3.07:-3.03;3.06:-2.68;2.94:-2.25;3:-1.87,3.07:-1.5;3.02:-1.12;2.96:-0.78;3.04:-0.42;3.03:-0.1;3.02:0.31;2.94:0.7;2.95:1.03;2.88:1.37;2.88:1.71;2.91:2.05;2.86:2.4,3.028264:-1.884472;3.025332:-1.937413;3.06032:-1.951333;3.025501:-1.859081;3.075139:-1.904852;3.069188:-1.903632;3.01747:-1.821528;2.959805:-1.769116;2.928906:-1.840634;2.965604:-1.805749;2.932205:-1.943469;2.957226:-1.833472,sigma3_hotel_seed42,3
HOTEL:biwi_hotel:236:10510,HOTEL,biwi_hotel:236,10510,triu,2.401859998703003,4.3283281326293945,3.13:-4.2;3.07:-3.8;3.02:-3.42;3.07:-3.03;3.06:-2.68;2.94:-2.25;3:-1.87;3.07:-1.5,3.02:-1.12;2.96:-0.78;3.04:-0.42;3.03:-0.1;3.02:0.31;2.94:0.7;2.95:1.03;2.88:1.37;2.88:1.71;2.91:2.05;2.86:2.4;2.78:2.73,3.160373:-1.51711;3.217255:-1.570753;3.315565:-1.588996;3.342925:-1.502697;3.44306:-1.549922;3.489375:-1.553799;3.505546:-1.474851;3.501968:-1.429994;3.521075:-1.498123;3.612048:-1.47242;3.626781:-1.605888;3.698574:-1.499733,sigma3_hotel_seed42,3
HOTEL:biwi_hotel:236:10520,HOTEL,biwi_hotel:236,10520,triu,2.33022689819336,4.205237865447998,3.07:-3.8;3.02:-3.42;3.07:-3.03;3.06:-2.68;2.94:-2.25;3:-1.87;3.07:-1.5;3.02:-1.12,2.96:-0.78;3.04:-0.42;3.03:-0.1;3.02:0.31;2.94:0.7;2.95:1.03;2.88:1.37;2.88:1.71;2.91:2.05;2.86:2.4;2.78:2.73;2.83:3.05,2.928079:-1.130443;2.820885:-1.173034;2.732709:-1.18129;2.59402:-1.086004;2.542214:-1.125972;2.445878:-1.113049;2.274572:-1.023073;2.12849:-0.9773859;2.012722:-1.051869;1.937159:-0.9868036;1.814899:-1.122703;1.757937:-1.016289,sigma3_hotel_seed42,3
HOTEL:biwi_hotel:236:10530,HOTEL,biwi_hotel:236,10530,triu,2.3151280879974365,4.202541828155518,3.02:-3.42;3.07:-3.03;3.06:-2.68;2.94:-2.25;3:-1.87;3.07:-1.5;3.02:-1.12;2.96:-0.78,3.04:-0.42;3.03:-0.1;3.02:0.31;2.94:0.7;2.95:1.03;2.88:1.37;2.88:1.71;2.91:2.05;2.86:2.4;2.78:2.73;2.83:3.05;2.88:3.44,2.887465:-0.7897339;2.806129:-0.8248842;2.742625:-0.8178571;2.64949:-0.7557572;2.622889:-0.7727224;2.546785:-0.7779727;2.448059:-0.6931747;2.331339:-0.6633061;2.251931:-0.7355098;2.19755:-0.6714615;2.105882:-0.7900317;2.072875:-0.684307,sigma3_hotel_seed42,3
HOTEL:biwi_hotel:236:10540,HOTEL,biwi_hotel:236,10540,triu,2.3467183113098145,4.243213176727295,3.07:-3.03;3.06:-2.68;2.94:-2.25;3:-1.87;3.07:-1.5;3.02:-1.12;2.96:-0.78;3.04:-0.42,3.03:-0.1;3.02:0.31;2.94:0.7;2.95:1.03;2.88:1.37;2.88:1.71;2.91:2.05;2.86:2.4;2.78:2.73;2.83:3.05;2.88:3.44;2.8:3.78,3.11042:-0.4360899;3.150413:-0.4874566;3.229457:-0.5026394;3.242373:-0.4189559;3.327305:-0.4627531;3.359069:-0.4666609;3.361622:-0.3870256;3.344478:-0.3437882;3.351356:-0.4124056;3.425121:-0.3821529;3.427032:-0.5136222;3.486575:-0.4072989,sigma3_hotel_seed42,3
HOTEL:biwi_hotel:240:10520,HOTEL,biwi_hotel:240,10520,triu,3.652897119522095,6.467396259307861,3.04:-9.01;3.08:-8.44;3.08:-7.85;3.03:-7.23;3.07:-6.62;2.96:-5.98;2.93:-5.33;2.86:-4.69,2.8:-4.21;2.86:-3.53;2.73:-2.93;2.71:-2.38;2.75:-1.8;2.74:-1.22;2.76:-0.74;2.74:-0.25;2.67:0.22;2.65:0.74;2.62:1.21;2.51:1.68,2.800735:-4.703617;2.674933:-4.804673;2.597378:-4.846935;2.365831:-4.645033;2.295296:-4.763984;2.171369:-4.700652;1.832564:-4.613301;1.61967:-4.470913;1.420978:-4.558867;1.355815:-4.53336;1.191707:-4.749863;1.077552:-4.626767,sigma3_hotel_seed42,3
HOTEL:biwi_hotel:240:10530,HOTEL,biwi_hotel:240,10530,triu,3.688770294189453,6.36911153793335,3.08:-8.44;3.08:-7.85;3.03:-7.23;3.07:-6.62;2.96:-5.98;2.93:-5.33;2.86:-4.69;2.8:-4.21,2.86:-3.53;2.73:-2.93;2.71:-2.38;2.75:-1.8;2.74:-1.22;2.76:-0.74;2.74:-0.25;2.67:0.22;2.65:0.74;2.62:1.21;2.51:1.68;2.63:2.06,2.70899:-4.221914;2.575797:-4.294476;2.476033:-4.32164;2.270215:-4.167078;2.196362:-4.249148;2.072256:-4.208172;1.792771:-4.117733;1.597475:-4.019621;1.425573:-4.102324;1.341787:-4.05568;1.184572:-4.235407;1.086313:-4.119208,sigma3_hotel_seed42,3
HOTEL:biwi_hotel:240:10540,HOTEL,biwi_hotel:240,10540,triu,3.484738111495972,5.924939632415772,3.08:-7.85;3.03:-7.23;3.07:-6.62;2.96:-5.98;2.93:-5.33;2.86:-4.69;2.8:-4.21;2.86:-3.53,2.73:-2.93;2.71:-2.38;2.75:-1.8;2.74:-1.22;2.76:-0.74;2.74:-0.25;2.67:0.22;2.65:0.74;2.62:1.21;2.51:1.68;2.63:2.06;2.61:2.37,2.96276:-3.548033;2.973648:-3.665878;3.06397:-3.711365;2.97019:-3.514858;3.039977:-3.639124;3.034066:-3.595189;2.860714:-3.520095;2.76211:-3.360852;2.675714:-3.446025;2.766543:-3.466678;2.723154:-3.6873;2.717793:-3.553959,sigma3_hotel_seed42,3
HOTEL:biwi_hotel:240:10550,HOTEL,biwi_hotel:240,10550,triu,3.528877258300781,6.102766036987305,3.03:-7.23;3.07:-6.62;2.96:-5.98;2.93:-5.33;2.86:-4.69;2.8:-4.21;2.86:-3.53;2.73:-2.93,2.71:-2.38;2.75:-1.8;2.74:-1.22;2.76:-0.74;2.74:-0.25;2.67:0.22;2.65:0.74;2.62:1.21;2.51:1.68;2.63:2.06;2.61:2.37;2.56:2.77,2.579137:-2.940022;2.381082:-3.027878;2.211483:-3.061564;1.916094:-2.868846;1.768266:-2.97635;1.581145:-2.907109;1.169919:-2.814563;0.8999994:-2.689087;0.6459117:-2.776771;0.4931941:-2.722363;0.2669621:-2.929216;0.09611177:-2.81328,sigma3_hotel_seed42,3
HOTEL:biwi_hotel:240:10560,HOTEL,biwi_hotel:240,10560,triu,3.2844555377960205,5.692808151245117,3.07:-6.62;2.96:-5.98;2.93:-5.33;2.86:-4.69;2.8:-4.21;2.86:-3.53;2.73:-2.93;2.71:-2.38,2.75:-1.8;2.74:-1.22;2.76:-0.74;2.74:-0.25;2.67:0.22;2.65:0.74;2.62:1.21;2.51:1.68;2.63:2.06;2.61:2.37;2.56:2.77;2.64:3.22,2.666714:-2.39357;2.565989:-2.481009;2.511493:-2.514915;2.325249:-2.342776;2.283448:-2.440541;2.185042:-2.395067;1.918147:-2.308461;1.740665:-2.189091;1.582649:-2.273343;1.540332:-2.245225;1.406683:-2.440367;1.325918:-2.319066,sigma3_hotel_seed42,3
HOTEL:biwi_hotel:24:500,HOTEL,biwi_hotel:24,500,triu,2.6585676670074463,5.076096057891846,0.27:2.65;0.44:2.34;0.58:2.1;0.7:1.88;0.72:1.61;0.76:1.34;0.83:1;0.82:0.68,0.85:0.35;0.99:0.01;1.07:-0.32;1.13:-0.71;1.22:-1.08;1.29:-1.47;1.33:-1.82;1.42:-2.18;1.49:-2.54;1.5:-2.91;1.54:-3.31;1.64:-3.8,0.7226915:0.6695911;0.6074678:0.6247076;0.5128317:0.6150303;0.3623746:0.7158515;0.3055193:0.6728045;0.2021514:0.6878126;0.01631784:0.7783631;-0.1388614:0.8295631;-0.2632205:0.753888;-0.3432319:0.8175774;-0.472365:0.6776288;-0.5362695:0.7859135,sigma3_hotel_seed42,3
HOTEL:biwi_hotel:24:510,HOTEL,biwi_hotel:24,510,triu,2.460435390472412,4.763295650482178,0.44:2.34;0.58:2.1;0.7:1.88;0.72:1.61;0.76:1.34;0.83:1;0.82:0.68;0.85:0.35,0.99:0.01;1.07:-0.32;1.13:-0.71;1.22:-1.08;1.29:-1.47;1.33:-1.82;1.42:-2.18;1.49:-2.54;1.5:-2.91;1.54:-3.31;1.64:-3.8;1.66:-4.26,0.8549586:0.3370417;0.8368379:0.2925752;0.8523702:0.2863343;0.813653:0.3634476;0.8515995:0.3306089;0.8341134:0.3252527;0.7897643:0.4079559;0.725683:0.4491189;0.6920788:0.3781769;0.7120179:0.4208354;0.671397:0.2943031;0.6910527:0.403703,sigma3_hotel_seed42,3
HOTEL:biwi_hotel:24:520,HOTEL,biwi_hotel:24,520,triu,2.4656496047973637,4.817199230194092,0.58:2.1;0.7:1.88;0.72:1.61;0.76:1.34;0.83:1;0.82:0.68;0.85:0.35;0.99:0.01,1.07:-0.32;1.13:-0.71;1.22:-1.08;1.29:-1.47;1.33:-1.82;1.42:-2.18;1.49:-2.54;1.5:-2.91;1.54:-3.31;1.64:-3.8;1.66:-4.26;1.67:-4.72,1.179467:-0.00755465;1.329597:-0.06198222;1.53296:-0.06894623;1.672765:-0.01184074;1.864622:-0.04241885;1.987988:-0.07183456;2.145814:-0.001273876;2.227918:0.03766324;2.335865:-0.02190832;2.522682:-0.0175381;2.621711:-0.140214;2.770109:-0.0300988,sigma3_hotel_seed42,3
HOTEL:biwi_hotel:24:530,HOTEL,biwi_hotel:24,530,triu,2.5008699893951416,4.8785834312438965,0.7:1.88;0.72:1.61;0.76:1.34;0.83:1;0.82:0.68;0.85:0.35;0.99:0.01;1.07:-0.32,1.13:-0.71;1.22:-1.08;1.29:-1.47;1.33:-1.82;1.42:-2.18;1.49:-2.54;1.5:-2.91;1.54:-3.31;1.64:-3.8;1.66:-4.26;1.67:-4.72;1.7:-5.18,1.13726:-0.3359186;1.175648:-0.3855089;1.252487:-0.3994698;1.266051:-0.318898;1.350124:-0.3602221;1.381105:-0.3655455;1.387044:-0.2858452;1.370068:-0.2451632;1.377753:-0.3137694;1.449733:-0.2822561;1.451579:-0.4111914;1.511515:-0.3050589,sigma3_hotel_seed42,3
HOTEL:biwi_hotel:24:540,HOTEL,biwi_hotel:24,540,triu,2.5349109172821045,4.917241096496582,0.72:1.61;0.76:1.34;0.83:1;0.82:0.68;0.85:0.35;0.99:0.01;1.07:-0.32;1.13:-0.71,1.22:-1.08;1.29:-1.47;1.33:-1.82;1.42:-2.18;1.49:-2.54;1.5:-2.91;1.54:-3.31;1.64:-3.8;1.66:-4.26;1.67:-4.72;1.7:-5.18;1.65:-5.59,1.186854:-0.7256408;1.197525:-0.793392;1.257758:-0.8143608;1.221362:-0.700712;1.287202:-0.7632284;1.290879:-0.7549274;1.227522:-0.6751868;1.17047:-0.598934;1.137275:-0.6733308;1.198467:-0.6541256;1.172987:-0.8093559;1.200893:-0.6933113,sigma3_hotel_seed42,3
HOTEL:biwi_hotel:24:550,HOTEL,biwi_hotel:24,550,triu,2.5446207523345947,4.903947830200195,0.76:1.34;0.83:1;0.82:0.68;0.85:0.35;0.99:0.01;1.07:-0.32;1.13:-0.71;1.22:-1.08,1.29:-1.47;1.33:-1.82;1.42:-2.18;1.49:-2.54;1.5:-2.91;1.54:-3.31;1.64:-3.8;1.66:-4.26;1.67:-4.72;1.7:-5.18;1.65:-5.59;1.59:-5.98,1.316124:-1.096415;1.36574:-1.160394;1.470626:-1.177246;1.484253:-1.080502;1.592518:-1.132706;1.63217:-1.137756;1.639321:-1.061023;1.622457:-0.9931141;1.631964:-1.065458;1.735662:-1.054288;1.749711:-1.198828;1.816166:-1.08127,sigma3_hotel_seed42,3
HOTEL:biwi_hotel:24:560,HOTEL,biwi_hotel:24,560,triu,2.599158525466919,4.978706359863281,0.83:1;0.82:0.68;0.85:0.35;0.99:0.01;1.07:-0.32;1.13:-0.71;1.22:-1.08;1.29:-1.47,1.33:-1.82;1.42:-2.18;1.49:-2.54;1.5:-2.91;1.54:-3.31;1.64:-3.8;1.66:-4.26;1.67:-4.72;1.7:-5.18;1.65:-5.59;1.59:-5.98;1.65:-6.4,1.32875:-1.484778;1.321282:-1.549965;1.364792:-1.56786;1.31304:-1.457511;1.371121:-1.514462;1.360671:-1.510276;1.289244:-1.429147;1.21868:-1.351669;1.176867:-1.427358;1.227541:-1.407429;1.192181:-1.560669;1.211694:-1.440624,sigma3_hotel_seed42,3
HOTEL:biwi_hotel:24:570,HOTEL,biwi_hotel:24,570,triu,2.6763904094696045,5.0241522789001465,0.82:0.68;0.85:0.35;0.99:0.01;1.07:-0.32;1.13:-0.71;1.22:-1.08;1.29:-1.47;1.33:-1.82,1.42:-2.18;1.49:-2.54;1.5:-2.91;1.54:-3.31;1.64:-3.8;1.66:-4.26;1.67:-4.72;1.7:-5.18;1.65:-5.59;1.59:-5.98;1.65:-6.4;1.69:-6.77,1.342798:-1.833443;1.324424:-1.883793;1.346583:-1.893161;1.300847:-1.806504;1.345962:-1.845273;1.328451:-1.849545;1.276139:-1.766927;1.207742:-1.71347;1.171141:-1.786489;1.200877:-1.751945;1.161163:-1.886289;1.180581:-1.77174,sigma3_hotel_seed42,3
HOTEL:biwi_hotel:24:580,HOTEL,biwi_hotel:24,580,triu,2.689059019088745,4.976694583892822,0.85:0.35;0.99:0.01;1.07:-0.32;1.13:-0.71;1.22:-1.08;1.29:-1.47;1.33:-1.82;1.42:-2.18,1.49:-2.54;1.5:-2.91;1.54:-3.31;1.64:-3.8;1.66:-4.26;1.67:-4.72;1.7:-5.18;1.65:-5.59;1.59:-5.98;1.65:-6.4;1.69:-6.77;1.71:-7.14,1.512543:-2.197216;1.572155:-2.248345;1.674259:-2.26546;1.707669:-2.18411;1.814444:-2.227262;1.864658:-2.235243;1.89377:-2.156117;1.895391:-2.114257;1.921732:-2.182386;2.018068:-2.157405;2.038303:-2.287092;2.116577:-2.179941,sigma3_hotel_seed42,3
HOTEL:biwi_hotel:24:590,HOTEL,biwi_hotel:24,590,triu,2.739186286926269,4.907970905303955,0.99:0.01;1.07:-0.32;1.13:-0.71;1.22:-1.08;1.29:-1.47;1.33:-1.82;1.42:-2.18;1.49:-2.54,1.5:-2.91;1.54:-3.31;1.64:-3.8;1.66:-4.26;1.67:-4.72;1.7:-5.18;1.65:-5.59;1.59:-5.98;1.65:-6.4;1.69:-6.77;1.71:-7.14;1.8:-7.43,1.551951:-2.555836;1.579568:-2.60879;1.650223:-2.624075;1.648439:-2.536695;1.730349:-2.580871;1.752458:-2.585782;1.743134:-2.505297;1.714259:-2.455031;1.712589:-2.525667;1.783101:-2.498577;1.777983:-2.633114;1.830847:-2.522126,sigma3_hotel_seed42,3
HOTEL:biwi_hotel:24:600,HOTEL,biwi_hotel:24,600,triu,2.8661506175994877,5.004576683044434,1.07:-0.32;1.13:-0.71;1.22:-1.08;1.29:-1.47;1.33:-1.82;1.42:-2.18;1.49:-2.54;1.5:-2.91,1.54:-3.31;1.64:-3.8;1.66:-4.26;1.67:-4.72;1.7:-5.18;1.65:-5.59;1.59:-5.98;1.65:-6.4;1.69:-6.77;1.71:-7.14;1.8:-7.43;1.88:-7.7,1.457622:-2.922043;1.385851:-2.972564;1.349325:-2.983341;1.242785:-2.884532;1.239118:-2.927808;1.175145:-2.922608;1.049124:-2.83579;0.9311717:-2.775769;0.8464144:-2.851957;0.824452:-2.807575;0.7380662:-2.948765;0.7135558:-2.833256,sigma3_hotel_seed42,3
HOTEL:biwi_hotel:24:610,HOTEL,biwi_hotel:24,610,triu,2.797166585922241,4.750762462615967,1.13:-0.71;1.22:-1.08;1.29:-1.47;1.33:-1.82;1.42:-2.18;1.49:-2.54;1.5:-2.91;1.54:-3.31,1.64:-3.8;1.66:-4.26;1.67:-4.72;1.7:-5.18;1.65:-5.59;1.59:-5.98;1.65:-6.4;1.69:-6.77;1.71:-7.14;1.8:-7.43;1.88:-7.7;1.85:-7.96,1.549056:-3.323945;1.514336:-3.388879;1.526208:-3.407168;1.443846:-3.291127;1.473929:-3.350514;1.439238:-3.340366;1.32869:-3.25728;1.232759:-3.178128;1.165187:-3.255017;1.186372:-3.228264;1.125905:-3.384477;1.121505:-3.265425,sigma3_hotel_seed42,3
HOTEL:biwi_hotel:254:10710,HOTEL,biwi_hotel:254,10710,triu,4.20653772354126,7.609084606170654,2.84:-9.9;2.77:-9.22;2.78:-8.53;2.78:-7.89;2.76:-7.25;2.8:-6.59;2.79:-5.91;2.8:-5.3,2.85:-4.63;2.88:-3.93;2.97:-3.34;3:-2.72;2.98:-2.08;2.99:-1.44;2.93:-0.8;2.85:-0.2;2.76:0.46;2.64:1.07;2.61:1.69;2.58:2.28,2.790433:-5.314843;2.708711:-5.417888;2.684218:-5.459124;2.501451:-5.265188;2.47765:-5.380944;2.392739:-5.327301;2.11702:-5.24366;1.944073:-5.10089;1.786169:-5.187427;1.770983:-5.175001;1.648053:-5.388139;1.572236:-5.262054,sigma3_hotel_seed42,3
HOTEL:biwi_hotel:254:10720,HOTEL,biwi_hotel:254,10720,triu,4.13817310333252,7.481373310089111,2.77:-9.22;2.78:-8.53;2.78:-7.89;2.76:-7.25;2.8:-6.59;2.79:-5.91;2.8:-5.3;2.85:-4.63,2.88:-3.93;2.97:-3.34;3:-2.72;2.98:-2.08;2.99:-1.44;2.93:-0.8;2.85:-0.2;2.76:0.46;2.64:1.07;2.61:1.69;2.58:2.28;2.58:2.84,2.912482:-4.647057;2.886308:-4.76449;2.933399:-4.811276;2.79737:-4.606277;2.829053:-4.734417;2.790328:-4.682008;2.562503:-4.603959;2.429421:-4.442574;2.307946:-4.529393;2.358573:-4.540631;2.280759:-4.765569;2.242966:-4.633778,sigma3_hotel_seed42,3
HOTEL:biwi_hotel:254:10730,HOTEL,biwi_hotel:254,10730,triu,4.050139904022217,7.335272312164307,2.78:-8.53;2.78:-7.89;2.76:-7.25;2.8:-6.59;2.79:-5.91;2.8:-5.3;2.85:-4.63;2.88:-3.93,2.97:-3.34;3:-2.72;2.98:-2.08;2.99:-1.44;2.93:-0.8;2.85:-0.2;2.76:0.46;2.64:1.07;2.61:1.69;2.58:2.28;2.58:2.84;2.47:3.39,2.914095:-3.946412;2.858437:-4.068202;2.87335:-4.118001;2.69856:-3.898743;2.698905:-4.035809;2.632892:-3.972808;2.350918:-3.893054;2.186367:-3.722709;2.031316:-3.811727;2.051446:-3.818544;1.944055:-4.052841;1.876573:-3.921228,sigma3_hotel_seed42,3
HOTEL:biwi_hotel:259:10850,HOTEL,biwi_hotel:259,10850,triu,4.15848970413208,7.838642120361328,3.58:2.97;3.46:2.39;3.45:1.84;3.48:1.32;3.45:0.77;3.45:0.2;3.43:-0.36;3.4:-0.94,3.45:-1.53;3.45:-2.16;3.47:-2.77;3.45:-3.35;3.33:-3.96;3.23:-4.58;3.04:-5.18;2.88:-5.77;2.77:-6.39;2.67:-7.16;2.71:-7.8;2.74:-8.45,3.281029:-0.9519612;3.095108:-1.059884;2.951322:-1.106022;2.644204:-0.8798184;2.51036:-1.013278;2.331066:-0.9308015;1.889099:-0.8401912;1.613854:-0.6825802;1.349419:-0.7745845;1.221637:-0.738935;0.9987431:-0.9713369;0.8257086:-0.8486971,sigma3_hotel_seed42,3
HOTEL:biwi_hotel:259:10860,HOTEL,biwi_hotel:259,10860,triu,4.026051044464111,7.60608434677124,3.46:2.39;3.45:1.84;3.48:1.32;3.45:0.77;3.45:0.2;3.43:-0.36;3.4:-0.94;3.45:-1.53,3.45:-2.16;3.47:-2.77;3.45:-3.35;3.33:-3.96;3.23:-4.58;3.04:-5.18;2.88:-5.77;2.77:-6.39;2.67:-7.16;2.71:-7.8;2.74:-8.45;2.85:-9.1,3.4675:-1.545644;3.400788:-1.661171;3.401278:-1.706976;3.222322:-1.497129;3.214387:-1.625932;3.140327:-1.567067;2.861217:-1.486259;2.692027:-1.324194;2.535002:-1.412858;2.543021:-1.413917;2.42991:-1.640704;2.358825:-1.509792,sigma3_hotel_seed42,3
HOTEL:biwi_hotel:259:10870,HOTEL,biwi_hotel:259,10870,triu,4.121304988861084,7.902099609375,3.45:1.84;3.48:1.32;3.45:0.77;3.45:0.2;3.43:-0.36;3.4:-0.94;3.45:-1.53;3.45:-2.16,3.47:-2.77;3.45:-3.35;3.33:-3.96;3.23:-4.58;3.04:-5.18;2.88:-5.77;2.77:-6.39;2.67:-7.16;2.71:-7.8;2.74:-8.45;2.85:-9.1;3.06:-9.78,3.374138:-2.173446;3.218788:-2.291892;3.117517:-2.342632;2.833049:-2.105999;2.732806:-2.249145;2.579227:-2.166575;2.160199:-2.079176;1.905128:-1.906051;1.6593:-1.999339;1.572082:-1.980256;1.374572:-2.222413;1.222495:-2.09451,sigma3_hotel_seed42,3
HOTEL:biwi_hotel:25:500,HOTEL,biwi_hotel:25,500,triu,2.4474008083343506,4.767151355743408,-0.67:2.78;-0.45:2.56;-0.29:2.33;-0.09:2.1;0.05:1.83;0.15:1.52;0.27:1.22;0.26:0.9,0.3:0.59;0.27:0.28;0.26:-0.05;0.3:-0.39;0.26:-0.78;0.34:-1.18;0.37:-1.57;0.42:-1.96;0.5:-2.33;0.54:-2.74;0.66:-3.14;0.71:-3.52,0.1808846:0.8895175;0.08525744:0.8487005;0.01310389:0.8434752;-0.1084272:0.9306021;-0.1421711:0.896867;-0.2267769:0.9021034;-0.3682297:0.9908933;-0.5010531:1.034976;-0.6004936:0.9605181;-0.658447:1.020779;-0.7653873:0.8897778;-0.8073843:0.9992115,sigma3_hotel_seed42,3
HOTEL:biwi_hotel:25:510,HOTEL,biwi_hotel:25,510,triu,2.3638598918914795,4.532176971435547,-0.45:2.56;-0.29:2.33;-0.09:2.1;0.05:1.83;0.15:1.52;0.27:1.22;0.26:0.9;0.3:0.59,0.27:0.28;0.26:-0.05;0.3:-0.39;0.26:-0.78;0.34:-1.18;0.37:-1.57;0.42:-1.96;0.5:-2.33;0.54:-2.74;0.66:-3.14;0.71:-3.52;0.8:-3.9,0.3366123:0.5757853;0.3525513:0.535026;0.4022542:0.5334029;0.4090421:0.5930108;0.4745586:0.5679822;0.4872579:0.5564551;0.4960017:0.6352186;0.4668721:0.6630462;0.4679318:0.593183;0.5169199:0.6357099;0.5047543:0.5185317;0.5532404:0.6254544,sigma3_hotel_seed42,3
HOTEL:biwi_hotel:25:520,HOTEL,biwi_hotel:25,520,triu,2.515047311782837,4.773751735687256,-0.29:2.33;-0.09:2.1;0.05:1.83;0.15:1.52;0.27:1.22;0.26:0.9;0.3:0.59;0.27:0.28,0.26:-0.05;0.3:-0.39;0.26:-0.78;0.34:-1.18;0.37:-1.57;0.42:-1.96;0.5:-2.33;0.54:-2.74;0.66:-3.14;0.71:-3.52;0.8:-3.9;0.89:-4.27,0.2215059:0.2706189;0.1661915:0.2400746;0.1288187:0.2539935;0.069929:0.2959327;0.07054903:0.2934252;0.016406:0.2742162;-0.02528235:0.3533926;-0.1147006:0.3760546;-0.1628196:0.3072615;-0.1936314:0.3626797;-0.2526105:0.2592493;-0.2643141:0.3620908,sigma3_hotel_seed42,3
HOTEL:biwi_hotel:25:530,HOTEL,biwi_hotel:25,530,triu,2.6238832473754883,4.906869411468506,-0.09:2.1;0.05:1.83;0.15:1.52;0.27:1.22;0.26:0.9;0.3:0.59;0.27:0.28;0.26:-0.05,0.3:-0.39;0.26:-0.78;0.34:-1.18;0.37:-1.57;0.42:-1.96;0.5:-2.33;0.54:-2.74;0.66:-3.14;0.71:-3.52;0.8:-3.9;0.89:-4.27;0.88:-4.65,0.1978207:-0.06049842;0.1201979:-0.09866222;0.06843343:-0.09893134;-0.02641797:-0.02437442;-0.04106438:-0.05029759;-0.109239:-0.0525543;-0.2125404:0.03380625;-0.3258165:0.07192135;-0.404038:-0.001731139;-0.4428957:0.05597785;-0.5309375:-0.06787921;-0.5548594:0.04239239,sigma3_hotel_seed42,3
HOTEL:biwi_hotel:25:540,HOTEL,biwi_hotel:25,540,triu,2.5470123291015625,4.737793922424316,0.05:1.83;0.15:1.52;0.27:1.22;0.26:0.9;0.3:0.59;0.27:0.28;0.26:-0.05;0.3:-0.39,0.26:-0.78;0.34:-1.18;0.37:-1.57;0.42:-1.96;0.5:-2.33;0.54:-2.74;0.66:-3.14;0.71:-3.52;0.8:-3.9;0.89:-4.27;0.88:-4.65;0.94:-5.06,0.3310723:-0.4041085;0.3368611:-0.4498576;0.3788451:-0.4584048;0.3638099:-0.3820096;0.4230098:-0.416542;0.4264983:-0.4235997;0.4078933:-0.3422157;0.3647376:-0.302083;0.3505169:-0.3720822;0.3937143:-0.3344004;0.3724914:-0.4604897;0.4107866:-0.3518553,sigma3_hotel_seed42,3
HOTEL:biwi_hotel:25:550,HOTEL,biwi_hotel:25,550,triu,2.899822950363159,5.3467698097229,0.15:1.52;0.27:1.22;0.26:0.9;0.3:0.59;0.27:0.28;0.26:-0.05;0.3:-0.39;0.26:-0.78,0.34:-1.18;0.37:-1.57;0.42:-1.96;0.5:-2.33;0.54:-2.74;0.66:-3.14;0.71:-3.52;0.8:-3.9;0.89:-4.27;0.88:-4.65;0.94:-5.06;0.93:-5.46,0.145687:-0.790424;0.006537825:-0.8448756;-0.1106411:-0.8611635;-0.3005644:-0.7374934;-0.3818053:-0.796034;-0.508262:-0.7678541;-0.7531425:-0.6759503;-0.9389011:-0.6072512;-1.096767:-0.6860256;-1.197524:-0.6237162;-1.353093:-0.7797995;-1.444768:-0.6695489,sigma3_hotel_seed42,3
HOTEL:biwi_hotel:25:560,HOTEL,biwi_hotel:25,560,triu,2.501464366912842,4.681573390960693,0.27:1.22;0.26:0.9;0.3:0.59;0.27:0.28;0.26:-0.05;0.3:-0.39;0.26:-0.78;0.34:-1.18,0.37:-1.57;0.42:-1.96;0.5:-2.33;0.54:-2.74;0.66:-3.14;0.71:-3.52;0.8:-3.9;0.89:-4.27;0.88:-4.65;0.94:-5.06;0.93:-5.46;0.97:-5.87,0.4491107:-1.195956;0.5022067:-1.270016;0.6207311:-1.285875;0.6321692:-1.180018;0.7487413:-1.238899;0.7898039:-1.242065;0.7945319:-1.168779;0.7734628:-1.083122;0.778169:-1.158297;0.8958683:-1.158623;0.9141222:-1.312551;0.9791441:-1.188436,sigma3_hotel_seed42,3
HOTEL:biwi_hotel:25:570,HOTEL,biwi_hotel:25,570,triu,2.623516082763672,4.867302417755127,0.26:0.9;0.3:0.59;0.27:0.28;0.26:-0.05;0.3:-0.39;0.26:-0.78;0.34:-1.18;0.37:-1.57,0.42:-1.96;0.5:-2.33;0.54:-2.74;0.66:-3.14;0.71:-3.52;0.8:-3.9;0.89:-4.27;0.88:-4.65;0.94:-5.06;0.93:-5.46;0.97:-5.87;0.99:-6.24,0.3619749:-1.583421;0.3161767:-1.643479;0.3111184:-1.660086;0.2212663:-1.548915;0.2375176:-1.604231;0.1934954:-1.593885;0.07475019:-1.509426;-0.0278222:-1.438227;-0.1018696:-1.514248;-0.09753302:-1.479807;-0.167773:-1.63135;-0.1799136:-1.51539,sigma3_hotel_seed42,3
HOTEL:biwi_hotel:25:580,HOTEL,biwi_hotel:25,580,triu,2.582117319107056,4.780685901641846,0.3:0.59;0.27:0.28;0.26:-0.05;0.3:-0.39;0.26:-0.78;0.34:-1.18;0.37:-1.57;0.42:-1.96,0.5:-2.33;0.54:-2.74;0.66:-3.14;0.71:-3.52;0.8:-3.9;0.89:-4.27;0.88:-4.65;0.94:-5.06;0.93:-5.46;0.97:-5.87;0.99:-6.24;0.97:-6.62,0.4385133:-1.97421;0.4125216:-2.040204;0.4337317:-2.058943;0.3598462:-1.942789;0.3963782:-2.003225;0.3687088:-1.993071;0.2660583:-1.910746;0.1770936:-1.831416;0.1154315:-1.907753;0.1441346:-1.88263;0.08999136:-2.039319;0.09110036:-1.920799,sigma3_hotel_seed42,3
HOTEL:biwi_hotel:25:590,HOTEL,biwi_hotel:25,590,triu,2.5185508728027344,4.658687114715576,0.27:0.28;0.26:-0.05;0.3:-0.39;0.26:-0.78;0.34:-1.18;0.37:-1.57;0.42:-1.96;0.5:-2.33,0.54:-2.74;0.66:-3.14;0.71:-3.52;0.8:-3.9;0.89:-4.27;0.88:-4.65;0.94:-5.06;0.93:-5.46;0.97:-5.87;0.99:-6.24;0.97:-6.62;1.07:-6.99,0.5980237:-2.346803;0.6562354:-2.405013;0.7636371:-2.421657;0.7909625:-2.33287;0.9005675:-2.380909;0.9482387:-2.387246;0.9699746:-2.309976;0.9650356:-2.254899;0.9849087:-2.324979;1.087678:-2.307532;1.107404:-2.444711;1.181597:-2.33265,sigma3_hotel_seed42,3
HOTEL:biwi_hotel:25:600,HOTEL,biwi_hotel:25,600,triu,2.5820624828338623,4.7513203620910645,0.26:-0.05;0.3:-0.39;0.26:-0.78;0.34:-1.18;0.37:-1.57;0.42:-1.96;0.5:-2.33;0.54:-2.74,0.66:-3.14;0.71:-3.52;0.8:-3.9;0.89:-4.27;0.88:-4.65;0.94:-5.06;0.93:-5.46;0.97:-5.87;0.99:-6.24;0.97:-6.62;1.07:-6.99;1.13:-7.34,0.5513107:-2.753848;0.5168243:-2.821074;0.5309639:-2.839304;0.447325:-2.720874;0.4783929:-2.782036;0.4434964:-2.771096;0.3310466:-2.688718;0.2335911:-2.605611;0.1642028:-2.683144;0.1876524:-2.65869;0.1274139:-2.817172;0.122025:-2.69683,sigma3_hotel_seed42,3
HOTEL:biwi_hotel:25:610,HOTEL,biwi_hotel:25,610,triu,2.4688098430633545,4.515998840332031,0.3:-0.39;0.26:-0.78;0.34:-1.18;0.37:-1.57;0.42:-1.96;0.5:-2.33;0.54:-2.74;0.66:-3.14,0.71:-3.52;0.8:-3.9;0.89:-4.27;0.88:-4.65;0.94:-5.06;0.93:-5.46;0.97:-5.87;0.99:-6.24;0.97:-6.62;1.07:-6.99;1.13:-7.34;1.22:-7.67,0.7959605:-3.157928;0.8735924:-3.232813;1.016594:-3.255318;1.048676:-3.145814;1.185125:-3.209669;1.247624:-3.212115;1.269122:-3.138213;1.269295:-3.054941;1.293064:-3.128342;1.432021:-3.131899;1.467165:-3.287539;1.550452:-3.166108,sigma3_hotel_seed42,3
HOTEL:biwi_hotel:261:10900,HOTEL,biwi_hotel:261,10900,triu,4.24891471862793,7.931270599365234,1.27:3.92;1.35:3.26;1.41:2.68;1.47:2.08;1.68:1.46;1.79:0.85;1.89:0.26;2.05:-0.34,2.07:-0.95;2.14:-1.59;2.11:-2.24;2.04:-2.91;2.08:-3.59;2.04:-4.29;2.1:-4.96;2.15:-5.64;2.06:-6.31;2.06:-7.01;1.93:-7.66;1.77:-8.3,2.206225:-0.3598655;2.260204:-0.4853593;2.404594:-0.534595;2.350178:-0.3342008;2.464231:-0.4643938;2.49545:-0.4239496;2.366419:-0.3524547;2.301837:-0.1841199;2.247986:-0.2691095;2.389223:-0.3060066;2.382517:-0.5315679;2.409996:-0.3945931,sigma3_hotel_seed42,3
HOTEL:biwi_hotel:262:11000,HOTEL,biwi_hotel:262,11000,triu,4.067396640777588,7.351376056671143,3.39:-9.44;3.45:-8.86;3.43:-8.25;3.48:-7.66;3.43:-6.99;3.37:-6.35;3.31:-5.75;3.22:-5.17,3.22:-4.62;3.23:-4.02;3.17:-3.38;3.19:-2.78;3.28:-2.23;3.28:-1.47;3.36:-0.82;3.38:-0.27;3.36:0.33;3.36:0.94;3.22:1.51;3.17:1.98,3.113807:-5.181877;2.956202:-5.268563;2.834129:-5.303794;2.583597:-5.119277;2.480976:-5.222819;2.331553:-5.163716;1.980209:-5.072822;1.749615:-4.951146;1.53684:-5.037469;1.430507:-4.993654;1.243043:-5.195149;1.111148:-5.077185,sigma3_hotel_seed42,3
HOTEL:biwi_hotel:262:11010,HOTEL,biwi_hotel:262,11010,triu,4.010623931884766,7.222288608551025,3.45:-8.86;3.43:-8.25;3.48:-7.66;3.43:-6.99;3.37:-6.35;3.31:-5.75;3.22:-5.17;3.22:-4.62,3.23:-4.02;3.17:-3.38;3.19:-2.78;3.28:-2.23;3.28:-1.47;3.36:-0.82;3.38:-0.27;3.36:0.33;3.36:0.94;3.22:1.51;3.17:1.98;3.11:2.6,3.227265:-4.634814;3.170599:-4.725613;3.169536:-4.759041;3.03055:-4.592664;3.03466:-4.689026;2.974796:-4.651897;2.767411:-4.569218;2.628613:-4.447519;2.509463:-4.530543;2.517055:-4.516146;2.423683:-4.70966;2.379812:-4.585282,sigma3_hotel_seed42,3
HOTEL:biwi_hotel:262:11020,HOTEL,biwi_hotel:262,11020,triu,4.0035834312438965,7.165297031402588,3.43:-8.25;3.48:-7.66;3.43:-6.99;3.37:-6.35;3.31:-5.75;3.22:-5.17;3.22:-4.62;3.23:-4.02,3.17:-3.38;3.19:-2.78;3.28:-2.23;3.28:-1.47;3.36:-0.82;3.38:-0.27;3.36:0.33;3.36:0.94;3.22:1.51;3.17:1.98;3.11:2.6;3:3.15,3.273787:-4.036002;3.243529:-4.136603;3.277653:-4.174227;3.157343:-3.997483;3.186867:-4.103733;3.148176:-4.064472;2.955863:-3.984744;2.8334:-3.849715;2.727795:-3.933378;2.767286:-3.93198;2.693681:-4.135026;2.665253:-4.007473,sigma3_hotel_seed42,3
HOTEL:biwi_hotel:263:11010,HOTEL,biwi_hotel:263,11010,triu,4.24160623550415,7.729695320129394,1.15:-10.15;1.19:-9.46;1.26:-8.82;1.23:-8.21;1.24:-7.58;1.33:-6.89;1.39:-6.21;1.54:-5.58,1.74:-4.92;1.88:-4.29;2.07:-3.69;2.22:-3.04;2.27:-2.39;2.4:-1.76;2.46:-1.09;2.45:-0.44;2.5:0.22;2.47:0.88;2.4:1.5;2.4:2.08,1.673478:-5.598989;1.712318:-5.718128;1.834447:-5.764261;1.770291:-5.571108;1.866703:-5.695037;1.885055:-5.655238;1.746625:-5.582104;1.672862:-5.423622;1.610641:-5.507468;1.730197:-5.534783;1.710855:-5.754066;1.728095:-5.620437,sigma3_hotel_seed42,3
HOTEL:biwi_hotel:263:11020,HOTEL,biwi_hotel:263,11020,triu,4.196682453155518,7.6096110343933105,1.19:-9.46;1.26:-8.82;1.23:-8.21;1.24:-7.58;1.33:-6.89;1.39:-6.21;1.54:-5.58;1.74:-4.92,1.88:-4.29;2.07:-3.69;2.22:-3.04;2.27:-2.39;2.4:-1.76;2.46:-1.09;2.45:-0.44;2.5:0.22;2.47:0.88;2.4:1.5;2.4:2.08;2.35:2.61,1.938622:-4.941153;2.031748:-5.069698;2.2182:-5.120773;2.203202:-4.922133;2.349319:-5.054622;2.412752:-5.016765;2.323805:-4.947919;2.29213:-4.780302;2.268293:-4.862493;2.445153:-4.906869;2.468427:-5.133025;2.52338:-4.997635,sigma3_hotel_seed42,3
HOTEL:biwi_hotel:264:11150,HOTEL,biwi_hotel:264,11150,triu,4.644415378570557,8.690598487854004,1.86:3.35;1.87:2.8;1.74:2.23;1.78:1.63;1.67:1.05;1.62:0.46;1.65:-0.14;1.55:-0.76,1.64:-1.39;1.64:-2.01;1.61:-2.64;1.69:-3.29;1.58:-3.95;1.62:-4.62;1.64:-5.33;1.54:-6.03;1.63:-6.72;1.54:-7.36;1.6:-8;1.66:-8.67,1.379094:-0.7697629;1.143945:-0.8814245;0.9442557:-0.9264491;0.5802351:-0.6868997;0.392562:-0.8275108;0.1670444:-0.7317204;-0.3514453:-0.6393844;-0.6763492:-0.4729328;-0.9929569:-0.5671737;-1.174859:-0.5210115;-1.445166:-0.7628094;-1.666628:-0.6412984,sigma3_hotel_seed42,3
HOTEL:biwi_hotel:265:11350,HOTEL,biwi_hotel:265,11350,triu,3.915591955184937,7.27097749710083,0.78:3;0.8:2.48;0.8:1.96;0.85:1.4;0.85:0.87;0.8:0.34;0.82:-0.22;0.8:-0.73,0.75:-1.26;0.85:-1.92;0.83:-2.48;0.81:-3.05;0.77:-3.63;0.7:-4.23;0.63:-4.77;0.67:-5.45;0.61:-6.1;0.49:-6.7;0.5:-7.29;0.47:-7.82,0.7332456:-0.7424917;0.6125536:-0.8252188;0.5369099:-0.8548711;0.3358864:-0.6892558;0.2811955:-0.779721;0.1673682:-0.7378036;-0.1068122:-0.6500173;-0.2979208:-0.5341526;-0.4657596:-0.6195149;-0.524498:-0.5870947;-0.6698542:-0.7769803;-0.7605682:-0.6539121,sigma3_hotel_seed42,3
HOTEL:biwi_hotel:266:11350,HOTEL,biwi_hotel:266,11350,triu,0.0773748159408569,0.1574792563915252,-0.83:2.36;-0.83:2.36;-0.83:2.36;-0.83:2.36;-0.83:2.36;-0.83:2.36;-0.83:2.36;-0.83:2.36,-0.83:2.36;-0.83:2.36;-0.83:2.36;-0.83:2.36;-0.83:2.36;-0.83:2.36;-0.83:2.36;-0.83:2.36;-0.83:2.36;-0.83:2.36;-0.83:2.36;-0.83:2.36,-0.8403717:2.359867;-0.8430726:2.35976;-0.8557742:2.359796;-0.8712432:2.363839;-0.8825733:2.361443;-0.8991672:2.360255;-0.9222273:2.35416;-0.9258749:2.355862;-0.9379344:2.361954;-0.9561222:2.357765;-0.9661435:2.360212;-0.9871948:2.350539,sigma3_hotel_seed42,3
HOTEL:biwi_hotel:277:11770,HOTEL,biwi_hotel:277,11770,triu,3.838126420974731,7.211306095123291,0.28:1.49;0.23:0.93;0.21:0.37;0.2:-0.19;0.14:-0.71;0.1:-1.27;0.2:-1.85;0.24:-2.39,0.25:-2.95;0.34:-3.51;0.42:-4.19;0.28:-4.67;0.32:-5.26;0.28:-5.87;0.19:-6.45;0.21:-6.99;0.09:-7.62;0.06:-8.33;0.1:-8.91;0.17:-9.49,0.2342909:-2.404514;0.1589284:-2.502495;0.1421694:-2.538999;-0.02541445:-2.357654;-0.03746147:-2.463654;-0.1148023:-2.418623;-0.3612531:-2.335603;-0.5231608:-2.199749;-0.6665422:-2.285708;-0.6723242:-2.273862;-0.7838278:-2.478344;-0.8474922:-2.350837,sigma3_hotel_seed42,3
HOTEL:biwi_hotel:278:11770,HOTEL,biwi_hotel:278,11770,triu,4.553493499755859,8.57735824584961,1.34:4.05;1.24:3.41;1.2:2.78;1.15:2.14;1.18:1.49;1.19:0.89;1.17:0.24;1.22:-0.43,1.22:-1.09;1.26:-1.75;1.31:-2.42;1.33:-3.1;1.42:-3.81;1.43:-4.51;1.41:-5.21;1.42:-5.93;1.37:-6.67;1.38:-7.38;1.32:-8.15;1.28:-8.85,1.233578:-0.446231;1.143967:-0.5863009;1.130419:-0.6455207;0.8963061:-0.3885954;0.8623106:-0.5517719;0.7625716:-0.4676192;0.3910748:-0.3874304;0.1794252:-0.1845994;-0.02805877:-0.2793248;-0.03439927:-0.2920722;-0.1798465:-0.5539343;-0.2898182:-0.4175197,sigma3_hotel_seed42,3
HOTEL:biwi_hotel:282:11790,HOTEL,biwi_hotel:282,11790,triu,3.946836471557617,7.149475574493408,3.5:-8.7;3.52:-8.11;3.56:-7.49;3.62:-6.81;3.62:-6.19;3.62:-5.57;3.62:-4.94;3.63:-4.37,3.44:-3.71;3.35:-3.11;3.22:-2.52;3.11:-1.94;3.08:-1.35;3.05:-0.75;3.05:-0.17;3.08:0.52;3.08:1.12;3.11:1.67;3.12:2.23;3.1:2.8,3.635309:-4.384937;3.572269:-4.481792;3.566574:-4.518621;3.413061:-4.340331;3.409399:-4.445436;3.342433:-4.401597;3.110523:-4.319007;2.960486:-4.187403;2.827888:-4.271868;2.830575:-4.259866;2.728217:-4.462184;2.673767:-4.336759,sigma3_hotel_seed42,3
HOTEL:biwi_hotel:282:11800,HOTEL,biwi_hotel:282,11800,triu,4.186990261077881,7.725799560546875,3.52:-8.11;3.56:-7.49;3.62:-6.81;3.62:-6.19;3.62:-5.57;3.62:-4.94;3.63:-4.37;3.44:-3.71,3.35:-3.11;3.22:-2.52;3.11:-1.94;3.08:-1.35;3.05:-0.75;3.05:-0.17;3.08:0.52;3.08:1.12;3.11:1.67;3.12:2.23;3.1:2.8;3.09:3.3,3.177636:-3.720034;2.870977:-3.801404;2.597757:-3.849637;2.183806:-3.617936;1.912521:-3.746928;1.626003:-3.642072;1.065901:-3.531423;0.6909437:-3.40754;0.329968:-3.495181;0.0766654:-3.405318;-0.277626:-3.635533;-0.533977:-3.523106,sigma3_hotel_seed42,3
HOTEL:biwi_hotel:288:12450,HOTEL,biwi_hotel:288,12450,triu,3.502012252807617,5.811196327209473,3.1:-7.4;3.03:-6.72;2.95:-6.06;2.91:-5.43;2.91:-4.79;2.86:-4.12;2.77:-3.44;2.59:-2.84,2.36:-2.18;2.15:-1.58;1.89:-1.02;1.68:-0.46;1.48:0.07;1.26:0.62;1.07:1.14;0.84:1.6;0.67:2.03;0.47:2.48;0.25:2.83;0.18:3.06,2.36914:-2.849976;2.10872:-2.924998;1.87864:-2.963914;1.525848:-2.761639;1.307797:-2.871418;1.065306:-2.787901;0.5911425:-2.682992;0.2678311:-2.572435;-0.03765798:-2.657957;-0.2485311:-2.576887;-0.5470884:-2.787257;-0.7587738:-2.674867,sigma3_hotel_seed42,3
HOTEL:biwi_hotel:288:12460,HOTEL,biwi_hotel:288,12460,triu,3.4130752086639404,5.723829746246338,3.03:-6.72;2.95:-6.06;2.91:-5.43;2.91:-4.79;2.86:-4.12;2.77:-3.44;2.59:-2.84;2.36:-2.18,2.15:-1.58;1.89:-1.02;1.68:-0.46;1.48:0.07;1.26:0.62;1.07:1.14;0.84:1.6;0.67:2.03;0.47:2.48;0.25:2.83;0.18:3.06;0.09:3.33,2.050168:-2.190447;1.699761:-2.26223;1.387956:-2.315585;0.9342126:-2.075567;0.6148033:-2.207012;0.2897847:-2.091853;-0.3113964:-1.97139;-0.7238986:-1.858041;-1.120251:-1.944118;-1.410085:-1.835928;-1.816836:-2.069674;-2.099278:-1.9586,sigma3_hotel_seed42,3
HOTEL:biwi_hotel:288:12470,HOTEL,biwi_hotel:288,12470,triu,3.147665977478028,4.963710784912109,2.95:-6.06;2.91:-5.43;2.91:-4.79;2.86:-4.12;2.77:-3.44;2.59:-2.84;2.36:-2.18;2.15:-1.58,1.89:-1.02;1.68:-0.46;1.48:0.07;1.26:0.62;1.07:1.14;0.84:1.6;0.67:2.03;0.47:2.48;0.25:2.83;0.18:3.06;0.09:3.33;0.02:3.33,1.898284:-1.590202;1.609529:-1.658813;1.354653:-1.70072;0.976566:-1.493669;0.7276655:-1.604557;0.4603579:-1.514743;-0.03912115:-1.403557;-0.386519:-1.300049;-0.7145317:-1.384607;-0.9487793:-1.291715;-1.28096:-1.503945;-1.509176:-1.392292,sigma3_hotel_seed42,3
HOTEL:biwi_hotel:288:12480,HOTEL,biwi_hotel:288,12480,triu,3.020326375961304,4.657334804534912,2.91:-5.43;2.91:-4.79;2.86:-4.12;2.77:-3.44;2.59:-2.84;2.36:-2.18;2.15:-1.58;1.89:-1.02,1.68:-0.46;1.48:0.07;1.26:0.62;1.07:1.14;0.84:1.6;0.67:2.03;0.47:2.48;0.25:2.83;0.18:3.06;0.09:3.33;0.02:3.33;0:3.37,1.598384:-1.030893;1.275951:-1.084085;0.9935021:-1.124457;0.5981762:-0.9265808;0.3136169:-1.028576;0.01810062:-0.9362655;-0.4884218:-0.816975;-0.8582667:-0.7350755;-1.202588:-0.8181171;-1.461436:-0.7046875;-1.834539:-0.9111692;-2.074377:-0.7998602,sigma3_hotel_seed42,3
HOTEL:biwi_hotel:288:12490,HOTEL,biwi_hotel:288,12490,triu,2.744729995727539,4.041513442993164,2.91:-4.79;2.86:-4.12;2.77:-3.44;2.59:-2.84;2.36:-2.18;2.15:-1.58;1.89:-1.02;1.68:-0.46,1.48:0.07;1.26:0.62;1.07:1.14;0.84:1.6;0.67:2.03;0.47:2.48;0.25:2.83;0.18:3.06;0.09:3.33;0.02:3.33;0:3.37;0:3.39,1.436735:-0.4706236;1.163628:-0.526975;0.9238979:-0.5645744;0.5771401:-0.3785922;0.3459513:-0.4741703;0.09537423:-0.3965547;-0.3524562:-0.2840288;-0.675378:-0.2006215;-0.9745671:-0.2819016;-1.193623:-0.1845161;-1.508282:-0.3808886;-1.711755:-0.2711099,sigma3_hotel_seed42,3
HOTEL:biwi_hotel:288:12500,HOTEL,biwi_hotel:288,12500,triu,2.4717671871185303,3.4465787410736084,2.86:-4.12;2.77:-3.44;2.59:-2.84;2.36:-2.18;2.15:-1.58;1.89:-1.02;1.68:-0.46;1.48:0.07,1.26:0.62;1.07:1.14;0.84:1.6;0.67:2.03;0.47:2.48;0.25:2.83;0.18:3.06;0.09:3.33;0.02:3.33;0:3.37;0:3.39;0:3.39,1.27711:0.05973221;1.045203:0.002946235;0.843735:-0.02681658;0.5452671:0.1393464;0.361977:0.0558247;0.149579:0.1171896;-0.2346283:0.2225267;-0.5156815:0.3035377;-0.7713156:0.2225404;-0.9528291:0.3074255;-1.216734:0.1233922;-1.386065:0.2344136,sigma3_hotel_seed42,3
HOTEL:biwi_hotel:288:12510,HOTEL,biwi_hotel:288,12510,triu,2.321472644805908,3.4304070472717285,2.77:-3.44;2.59:-2.84;2.36:-2.18;2.15:-1.58;1.89:-1.02;1.68:-0.46;1.48:0.07;1.26:0.62,1.07:1.14;0.84:1.6;0.67:2.03;0.47:2.48;0.25:2.83;0.18:3.06;0.09:3.33;0.02:3.33;0:3.37;0:3.39;0:3.39;0:3.39,1.000679:0.6091065;0.7127235:0.5573275;0.4611081:0.521548;0.1059902:0.703788;-0.1407406:0.6112394;-0.4042053:0.6908973;-0.8585165:0.8055927;-1.192623:0.8823121;-1.500413:0.8005316;-1.729857:0.9057831;-2.062445:0.7102278;-2.273091:0.8208071,sigma3_hotel_seed42,3
HOTEL:biwi_hotel:288:12520,HOTEL,biwi_hotel:288,12520,triu,1.9813250303268437,2.879352569580078,2.59:-2.84;2.36:-2.18;2.15:-1.58;1.89:-1.02;1.68:-0.46;1.48:0.07;1.26:0.62;1.07:1.14,0.84:1.6;0.67:2.03;0.47:2.48;0.25:2.83;0.18:3.06;0.09:3.33;0.02:3.33;0:3.37;0:3.39;0:3.39;0:3.39;0:3.39,0.8447412:1.129184;0.5929606:1.079014;0.3742381:1.048976;0.06231821:1.213449;-0.1438082:1.131842;-0.3735534:1.197407;-0.7707723:1.306981;-1.067081:1.378245;-1.335689:1.297589;-1.53335:1.393973;-1.822787:1.210368;-2.002245:1.320776,sigma3_hotel_seed42,3
HOTEL:biwi_hotel:288:12530,HOTEL,biwi_hotel:288,12530,triu,1.9089144468307493,3.015931844711304,2.36:-2.18;2.15:-1.58;1.89:-1.02;1.68:-0.46;1.48:0.07;1.26:0.62;1.07:1.14;0.84:1.6,0.67:2.03;0.47:2.48;0.25:2.83;0.18:3.06;0.09:3.33;0.02:3.33;0:3.37;0:3.39;0:3.39;0:3.39;0:3.39;0:3.39,0.5709261:1.588621;0.2805358:1.553441;0.02904922:1.54205;-0.2941162:1.672586;-0.5418678:1.618076;-0.8133578:1.676228;-1.196539:1.788408;-1.523753:1.835047;-1.804464:1.753308;-2.032565:1.87104;-2.365285:1.695849;-2.568031:1.808525,sigma3_hotel_seed42,3
HOTEL:biwi_hotel:288:12540,HOTEL,biwi_hotel:288,12540,triu,1.5071662664413452,2.3293416500091557,2.15:-1.58;1.89:-1.02;1.68:-0.46;1.48:0.07;1.26:0.62;1.07:1.14;0.84:1.6;0.67:2.03,0.47:2.48;0.25:2.83;0.18:3.06;0.09:3.33;0.02:3.33;0:3.37;0:3.39;0:3.39;0:3.39;0:3.39;0:3.39;0:3.39,0.4608621:2.018744;0.2304595:1.981083;0.03490275:1.971992;-0.2246899:2.088903;-0.4040675:2.039309;-0.615392:2.083101;-0.9280464:2.186851;-1.193507:2.233272;-1.41774:2.151829;-1.590576:2.252338;-1.853516:2.090465;-2.004798:2.203991,sigma3_hotel_seed42,3
HOTEL:biwi_hotel:288:12550,HOTEL,biwi_hotel:288,12550,triu,1.4653669595718384,2.5599400997161865,1.89:-1.02;1.68:-0.46;1.48:0.07;1.26:0.62;1.07:1.14;0.84:1.6;0.67:2.03;0.47:2.48,0.25:2.83;0.18:3.06;0.09:3.33;0.02:3.33;0:3.37;0:3.39;0:3.39;0:3.39;0:3.39;0:3.39;0:3.39;0:3.39,0.2402989:2.46876;-0.01079747:2.431805;-0.2254408:2.422241;-0.5068166:2.543583;-0.7093935:2.492505;-0.9414198:2.54101;-1.277828:2.64747;-1.564596:2.694297;-1.808226:2.612612;-1.999806:2.718739;-2.286406:2.552375;-2.455382:2.66585,sigma3_hotel_seed42,3
HOTEL:biwi_hotel:288:12560,HOTEL,biwi_hotel:288,12560,triu,1.4169526100158691,2.6916816234588623,1.68:-0.46;1.48:0.07;1.26:0.62;1.07:1.14;0.84:1.6;0.67:2.03;0.47:2.48;0.25:2.83,0.18:3.06;0.09:3.33;0.02:3.33;0:3.37;0:3.39;0:3.39;0:3.39;0:3.39;0:3.39;0:3.39;0:3.39;0.13:3.49,0.0166315:2.819857;-0.223221:2.796319;-0.4371765:2.805663;-0.6900946:2.884822;-0.8922474:2.870518;-1.129758:2.891196;-1.389372:2.997259;-1.666439:3.019954;-1.882662:2.946908;-2.083474:3.0569;-2.352733:2.911239;-2.519524:3.015475,sigma3_hotel_seed42,3
HOTEL:biwi_hotel:289:12480,HOTEL,biwi_hotel:289,12480,triu,3.6924350261688232,6.729323387145996,2.98:-7.11;2.98:-6.5;2.88:-5.87;2.81:-5.27;2.79:-4.61;2.65:-4.01;2.54:-3.41;2.39:-2.81,2.15:-2.28;2.01:-1.68;1.86:-1.12;1.7:-0.59;1.64:0.07;1.53:0.64;1.53:1.2;1.52:1.74;1.41:2.27;1.36:2.83;1.22:3.36;0.92:3.9,2.214618:-2.819567;1.995876:-2.904138;1.802538:-2.938236;1.487203:-2.743404;1.315037:-2.85121;1.109131:-2.77732;0.6731404:-2.681873;0.3852999:-2.560618;0.1131179:-2.647715;-0.06296039:-2.584421;-0.3115079:-2.791841;-0.4987302:-2.678069,sigma3_hotel_seed42,3
HOTEL:biwi_hotel:28:590,HOTEL,biwi_hotel:28,590,triu,2.708560943603516,5.414970397949219,0.74:3.69;0.78:3.36;0.87:3.03;0.92:2.66;0.96:2.31;1.07:1.96;1.11:1.63;1.1:1.26,1.15:0.91;1.2:0.56;1.2:0.2;1.22:-0.14;1.32:-0.53;1.34:-0.97;1.31:-1.39;1.29:-1.88;1.2:-2.36;1.13:-2.86;1.13:-3.41;1.09:-3.95,1.028264:1.248757;0.9313537:1.199673;0.8634688:1.188653;0.7295486:1.29144;0.6973603:1.246479;0.6107707:1.257733;0.4481674:1.346558;0.3074573:1.405212;0.1988664:1.328543;0.146463:1.381548;0.03584361:1.238868;-0.01140225:1.351775,sigma3_hotel_seed42,3
HOTEL:biwi_hotel:28:600,HOTEL,biwi_hotel:28,600,triu,2.6683013439178467,5.365757465362549,0.78:3.36;0.87:3.03;0.92:2.66;0.96:2.31;1.07:1.96;1.11:1.63;1.1:1.26;1.15:0.91,1.2:0.56;1.2:0.2;1.22:-0.14;1.32:-0.53;1.34:-0.97;1.31:-1.39;1.29:-1.88;1.2:-2.36;1.13:-2.86;1.13:-3.41;1.09:-3.95;1.08:-4.42,1.191944:0.8952023;1.202759:0.844917;1.254199:0.8329198;1.238548:0.9169617;1.305804:0.876866;1.313529:0.8713349;1.291902:0.9525945;1.249905:1.00079;1.23679:0.9297788;1.290388:0.9614758;1.272844:0.8293895;1.314018:0.940652,sigma3_hotel_seed42,3
HOTEL:biwi_hotel:28:610,HOTEL,biwi_hotel:28,610,triu,2.785236358642578,5.547159194946289,0.87:3.03;0.92:2.66;0.96:2.31;1.07:1.96;1.11:1.63;1.1:1.26;1.15:0.91;1.2:0.56,1.2:0.2;1.22:-0.14;1.32:-0.53;1.34:-0.97;1.31:-1.39;1.29:-1.88;1.2:-2.36;1.13:-2.86;1.13:-3.41;1.09:-3.95;1.08:-4.42;1.08:-4.94,1.216354:0.5464587;1.203489:0.4984932;1.230219:0.4901057;1.1932:0.5719389;1.243086:0.5362621;1.230908:0.529553;1.190841:0.6120469;1.129516:0.6608545;1.100305:0.5886299;1.133904:0.6241032;1.099737:0.4934524;1.125267:0.6069747,sigma3_hotel_seed42,3
HOTEL:biwi_hotel:28:620,HOTEL,biwi_hotel:28,620,triu,2.9731979370117188,5.760680675506592,0.92:2.66;0.96:2.31;1.07:1.96;1.11:1.63;1.1:1.26;1.15:0.91;1.2:0.56;1.2:0.2,1.22:-0.14;1.32:-0.53;1.34:-0.97;1.31:-1.39;1.29:-1.88;1.2:-2.36;1.13:-2.86;1.13:-3.41;1.09:-3.95;1.08:-4.42;1.08:-4.94;1.04:-5.4,1.132129:0.1886457;1.039984:0.1402506;0.9761107:0.1293986;0.8480648:0.2304226;0.8187782:0.1861811;0.7361715:0.1968656;0.5798022:0.2854632;0.4438673:0.3419351;0.3395722:0.2659299;0.2900042:0.3193419;0.1829315:0.1779195;0.1392353:0.2898212,sigma3_hotel_seed42,3
HOTEL:biwi_hotel:292:12520,HOTEL,biwi_hotel:292,12520,triu,0.0773748382925987,0.15747931599617,-0.85:2.36;-0.85:2.36;-0.85:2.36;-0.85:2.36;-0.85:2.36;-0.85:2.36;-0.85:2.36;-0.85:2.36,-0.85:2.36;-0.85:2.36;-0.85:2.36;-0.85:2.36;-0.85:2.36;-0.85:2.36;-0.85:2.36;-0.85:2.36;-0.85:2.36;-0.85:2.36;-0.85:2.36;-0.85:2.36,-0.8603717:2.359867;-0.8630726:2.35976;-0.8757743:2.359796;-0.8912432:2.363839;-0.9025733:2.361443;-0.9191672:2.360255;-0.9422273:2.35416;-0.9458749:2.355862;-0.9579344:2.361954;-0.9761223:2.357765;-0.9861436:2.360212;-1.007195:2.350539,sigma3_hotel_seed42,3
HOTEL:biwi_hotel:292:12530,HOTEL,biwi_hotel:292,12530,triu,0.0773748382925987,0.15747931599617,-0.85:2.36;-0.85:2.36;-0.85:2.36;-0.85:2.36;-0.85:2.36;-0.85:2.36;-0.85:2.36;-0.85:2.36,-0.85:2.36;-0.85:2.36;-0.85:2.36;-0.85:2.36;-0.85:2.36;-0.85:2.36;-0.85:2.36;-0.85:2.36;-0.85:2.36;-0.85:2.36;-0.85:2.36;-0.85:2.36,-0.8603717:2.359867;-0.8630726:2.35976;-0.8757743:2.359796;-0.8912432:2.363839;-0.9025733:2.361443;-0.9191672:2.360255;-0.9422273:2.35416;-0.9458749:2.355862;-0.9579344:2.361954;-0.9761223:2.357765;-0.9861436:2.360212;-1.007195:2.350539,sigma3_hotel_seed42,3
HOTEL:biwi_hotel:292:12540,HOTEL,biwi_hotel:292,12540,triu,0.0773748382925987,0.15747931599617,-0.85:2.36;-0.85:2.36;-0.85:2.36;-0.85:2.36;-0.85:2.36;-0.85:2.36;-0.85:2.36;-0.85:2.36,-0.85:2.36;-0.85:2.36;-0.85:2.36;-0.85:2.36;-0.85:2.36;-0.85:2.36;-0.85:2.36;-0.85:2.36;-0.85:2.36;-0.85:2.36;-0.85:2.36;-0.85:2.36,-0.8603717:2.359867;-0.8630726:2.35976;-0.8757743:2.359796;-0.8912432:2.363839;-0.9025733:2.361443;-0.9191672:2.360255;-0.9422273:2.35416;-0.9458749:2.355862;-0.9579344:2.361954;-0.9761223:2.357765;-0.9861436:2.360212;-1.007195:2.350539,sigma3_hotel_seed42,3
HOTEL:biwi_hotel:292:12550,HOTEL,biwi_hotel:292,12550,triu,0.0773748382925987,0.15747931599617,-0.85:2.36;-0.85:2.36;-0.85:2.36;-0.85:2.36;-0.85:2.36;-0.85:2.36;-0.85:2.36;-0.85:2.36,-0.85:2.36;-0.85:2.36;-0.85:2.36;-0.85:2.36;-0.85:2.36;-0.85:2.36;-0.85:2.36;-0.85:2.36;-0.85:2.36;-0.85:2.36;-0.85:2.36;-0.85:2.36,-0.8603717:2.359867;-0.8630726:2.35976;-0.8757743:2.359796;-0.8912432:2.363839;-0.9025733:2.361443;-0.9191672:2.360255;-0.9422273:2.35416;-0.9458749:2.355862;-0.9579344:2.361954;-0.9761223:2.357765;-0.9861436:2.360212;-1.007195:2.350539,sigma3_hotel_seed42,3
HOTEL:biwi_hotel:292:12560,HOTEL,biwi_hotel:292,12560,triu,0.0773748382925987,0.15747931599617,-0.85:2.36;-0.85:2.36;-0.85:2.36;-0.85:2.36;-0.85:2.36;-0.85:2.36;-0.85:2.36;-0.85:2.36,-0.85:2.36;-0.85:2.36;-0.85:2.36;-0.85:2.36;-0.85:2.36;-0.85:2.36;-0.85:2.36;-0.85:2.36;-0.85:2.36;-0.85:2.36;-0.85:2.36;-0.85:2.36,-0.8603717:2.359867;-0.8630726:2.35976;-0.8757743:2.359796;-0.8912432:2.363839;-0.9025733:2.361443;-0.9191672:2.360255;-0.9422273:2.35416;-0.9458749:2.355862;-0.9579344:2.361954;-0.9761223:2.357765;-0.9861436:2.360212;-1.007195:2.350539,sigma3_hotel_seed42,3
HOTEL:biwi_hotel:293:12520,HOTEL,biwi_hotel:293,12520,triu,0.0773748159408569,0.157479241490364,-0.81:4.04;-0.81:4.04;-0.81:4.04;-0.81:4.04;-0.81:4.04;-0.81:4.04;-0.81:4.04;-0.81:4.04,-0.81:4.04;-0.81:4.04;-0.81:4.04;-0.81:4.04;-0.81:4.04;-0.81:4.04;-0.81:4.04;-0.81:4.04;-0.81:4.04;-0.81:4.04;-0.81:4.04;-0.81:4.04,-0.8203717:4.039867;-0.8230726:4.03976;-0.8357742:4.039796;-0.8512432:4.043839;-0.8625733:4.041443;-0.8791672:4.040256;-0.9022273:4.034161;-0.9058749:4.035862;-0.9179344:4.041955;-0.9361222:4.037765;-0.9461435:4.040212;-0.9671948:4.030539,sigma3_hotel_seed42,3
HOTEL:biwi_hotel:293:12530,HOTEL,biwi_hotel:293,12530,triu,0.0773748159408569,0.157479241490364,-0.81:4.04;-0.81:4.04;-0.81:4.04;-0.81:4.04;-0.81:4.04;-0.81:4.04;-0.81:4.04;-0.81:4.04,-0.81:4.04;-0.81:4.04;-0.81:4.04;-0.81:4.04;-0.81:4.04;-0.81:4.04;-0.81:4.04;-0.81:4.04;-0.81:4.04;-0.81:4.04;-0.81:4.04;-0.81:4.04,-0.8203717:4.039867;-0.8230726:4.03976;-0.8357742:4.039796;-0.8512432:4.043839;-0.8625733:4.041443;-0.8791672:4.040256;-0.9022273:4.034161;-0.9058749:4.035862;-0.9179344:4.041955;-0.9361222:4.037765;-0.9461435:4.040212;-0.9671948:4.030539,sigma3_hotel_seed42,3
HOTEL:biwi_hotel:293:12540,HOTEL,biwi_hotel:293,12540,triu,0.0773748159408569,0.157479241490364,-0.81:4.04;-0.81:4.04;-0.81:4.04;-0.81:4.04;-0.81:4.04;-0.81:4.04;-0.81:4.04;-0.81:4.04,-0.81:4.04;-0.81:4.04;-0.81:4.04;-0.81:4.04;-0.81:4.04;-0.81:4.04;-0.81:4.04;-0.81:4.04;-0.81:4.04;-0.81:4.04;-0.81:4.04;-0.81:4.04,-0.8203717:4.039867;-0.8230726:4.03976;-0.8357742:4.039796;-0.8512432:4.043839;-0.8625733:4.041443;-0.8791672:4.040256;-0.9022273:4.034161;-0.9058749:4.035862;-0.9179344:4.041955;-0.9361222:4.037765;-0.9461435:4.040212;-0.9671948:4.030539,sigma3_hotel_seed42,3
HOTEL:biwi_hotel:293:12550,HOTEL,biwi_hotel:293,12550,triu,0.0773748159408569,0.157479241490364,-0.81:4.04;-0.81:4.04;-0.81:4.04;-0.81:4.04;-0.81:4.04;-0.81:4.04;-0.81:4.04;-0.81:4.04,-0.81:4.04;-0.81:4.04;-0.81:4.04;-0.81:4.04;-0.81:4.04;-0.81:4.04;-0.81:4.04;-0.81:4.04;-0.81:4.04;-0.81:4.04;-0.81:4.04;-0.81:4.04,-0.8203717:4.039867;-0.8230726:4.03976;-0.8357742:4.039796;-0.8512432:4.043839;-0.8625733:4.041443;-0.8791672:4.040256;-0.9022273:4.034161;-0.9058749:4.035862;-0.9179344:4.041955;-0.9361222:4.037765;-0.9461435:4.040212;-0.9671948:4.030539,sigma3_hotel_seed42,3
HOTEL:biwi_hotel:293:12560,HOTEL,biwi_hotel:293,12560,triu,0.0773748159408569,0.157479241490364,-0.81:4.04;-0.81:4.04;-0.81:4.04;-0.81:4.04;-0.81:4.04;-0.81:4.04;-0.81:4.04;-0.81:4.04,-0.81:4.04;-0.81:4.04;-0.81:4.04;-0.81:4.04;-0.81:4.04;-0.81:4.04;-0.81:4.04;-0.81:4.04;-0.81:4.04;-0.81:4.04;-0.81:4.04;-0.81:4.04,-0.8203717:4.039867;-0.8230726:4.03976;-0.8357742:4.039796;-0.8512432:4.043839;-0.8625733:4.041443;-0.8791672:4.040256;-0.9022273:4.034161;-0.9058749:4.035862;-0.9179344:4.041955;-0.9361222:4.037765;-0.9461435:4.040212;-0.9671948:4.030539,sigma3_hotel_seed42,3
HOTEL:biwi_hotel:294:12520,HOTEL,biwi_hotel:294,12520,triu,0.372469425201416,0.6900181174278259,-0.39:4.31;-0.4:4.15;-0.4:4.06;-0.41:4.2;-0.42:4.11;-0.42:4.04;-0.42:4.02;-0.46:4.22,-0.47:4.28;-0.42:4.22;-0.45:4.13;-0.44:4.15;-0.44:4.12;-0.44:4.06;-0.42:4.14;-0.42:4.08;-0.42:4.04;-0.42:4.02;-0.42:4;-0.42:3.99,-0.5059856:4.211374;-0.551249:4.203582;-0.5987602:4.21718;-0.6445197:4.222908;-0.6908119:4.231627;-0.7378727:4.236629;-0.7775379:4.279015;-0.844422:4.265655;-0.8895849:4.218019;-0.9491686:4.2684;-1.0024:4.2291;-1.047513:4.276972,sigma3_hotel_seed42,3
HOTEL:biwi_hotel:294:12530,HOTEL,biwi_hotel:294,12530,triu,0.4809615612030029,0.8573196530342102,-0.4:4.15;-0.4:4.06;-0.41:4.2;-0.42:4.11;-0.42:4.04;-0.42:4.02;-0.46:4.22;-0.47:4.28,-0.42:4.22;-0.45:4.13;-0.44:4.15;-0.44:4.12;-0.44:4.06;-0.42:4.14;-0.42:4.08;-0.42:4.04;-0.42:4.02;-0.42:4;-0.42:3.99;-0.42:3.99,-0.5143325:4.279003;-0.5887949:4.282361;-0.6530818:4.288181;-0.6963032:4.27706;-0.7680159:4.275373;-0.8311188:4.312977;-0.8991337:4.309276;-0.9437796:4.278093;-1.005691:4.27715;-1.042936:4.264678;-1.135202:4.303389;-1.205956:4.332448,sigma3_hotel_seed42,3
HOTEL:biwi_hotel:294:12540,HOTEL,biwi_hotel:294,12540,triu,0.2369054704904556,0.4335575997829437,-0.4:4.06;-0.41:4.2;-0.42:4.11;-0.42:4.04;-0.42:4.02;-0.46:4.22;-0.47:4.28;-0.42:4.22,-0.45:4.13;-0.44:4.15;-0.44:4.12;-0.44:4.06;-0.42:4.14;-0.42:4.08;-0.42:4.04;-0.42:4.02;-0.42:4;-0.42:3.99;-0.42:3.99;-0.42:3.99,-0.43106:4.220242;-0.4712479:4.216172;-0.4992821:4.219927;-0.5173224:4.216985;-0.5446897:4.207283;-0.5764189:4.240067;-0.6189039:4.228526;-0.6309434:4.212268;-0.6653814:4.213548;-0.6688786:4.187415;-0.7261922:4.223089;-0.7661407:4.251072,sigma3_hotel_seed42,3
HOTEL:biwi_hotel:294:12550,HOTEL,biwi_hotel:294,12550,triu,0.2882813513278961,0.5295178890228271,-0.41:4.2;-0.42:4.11;-0.42:4.04;-0.42:4.02;-0.46:4.22;-0.47:4.28;-0.42:4.22;-0.45:4.13,-0.44:4.15;-0.44:4.12;-0.44:4.06;-0.42:4.14;-0.42:4.08;-0.42:4.04;-0.42:4.02;-0.42:4;-0.42:3.99;-0.42:3.99;-0.42:3.99;-0.42:3.99,-0.4782836:4.13182;-0.5213689:4.133702;-0.5694184:4.138719;-0.5999145:4.13196;-0.6452574:4.13207;-0.6747453:4.159243;-0.7192278:4.15268;-0.7409915:4.133411;-0.7872187:4.128983;-0.824044:4.11281;-0.8597361:4.158876;-0.9156632:4.176299,sigma3_hotel_seed42,3
HOTEL:biwi_hotel:294:12560,HOTEL,biwi_hotel:294,12560,triu,0.3307026326656341,0.5989609360694885,-0.42:4.11;-0.42:4.04;-0.42:4.02;-0.46:4.22;-0.47:4.28;-0.42:4.22;-0.45:4.13;-0.44:4.15,-0.44:4.12;-0.44:4.06;-0.42:4.14;-0.42:4.08;-0.42:4.04;-0.42:4.02;-0.42:4;-0.42:3.99;-0.42:3.99;-0.42:3.99;-0.42:3.99;-0.42:3.99,-0.4816034:4.14683;-0.5174939:4.150725;-0.5560628:4.145982;-0.6112735:4.146635;-0.6603986:4.142906;-0.699527:4.14783;-0.7580473:4.150622;-0.8086095:4.151929;-0.8476337:4.143261;-0.8963654:4.152072;-0.9389468:4.154876;-0.9956597:4.155439,sigma3_hotel_seed42,3
HOTEL:biwi_hotel:296:12700,HOTEL,biwi_hotel:296,12700,triu,4.791226387023926,8.846309661865234,1.28:3.22;1.23:2.62;1.16:2.01;1.17:1.3;1.12:0.64;1.13:0;1.07:-0.65;1.01:-1.28,1.04:-1.97;0.97:-2.66;1.02:-3.35;1:-4.07;0.93:-4.86;0.95:-5.59;0.85:-6.33;0.85:-7;0.82:-7.67;0.73:-8.35;0.75:-9.06;0.65:-9.78,0.904315:-1.292052;0.7230184:-1.407218;0.5931388:-1.453897;0.2858758:-1.220512;0.1638464:-1.358819;-0.01152778:-1.276477;-0.4512012:-1.187901;-0.7270588:-1.016433;-0.9912701:-1.110942;-1.103248:-1.085825;-1.319776:-1.325182;-1.489764:-1.196375,sigma3_hotel_seed42,3
HOTEL:biwi_hotel:297:12700,HOTEL,biwi_hotel:297,12700,triu,4.670375347137451,8.795937538146973,1.85:3.28;1.79:2.68;1.77:2.07;1.8:1.36;1.78:0.72;1.77:0.07;1.83:-0.7;1.79:-1.35,1.79:-2;1.74:-2.67;1.77:-3.35;1.67:-4.06;1.57:-4.71;1.51:-5.47;1.51:-6.24;1.5:-6.98;1.41:-7.66;1.35:-8.35;1.44:-9.11;1.38:-9.82,1.695675:-1.362827;1.518082:-1.486309;1.396559:-1.538429;1.082631:-1.290468;0.9636877:-1.440134;0.7900659:-1.351305;0.3339595:-1.263349;0.05444372:-1.078914;-0.216002:-1.175023;-0.3204129:-1.156633;-0.5376263:-1.40698;-0.7104967:-1.276093,sigma3_hotel_seed42,3
HOTEL:biwi_hotel:303:12900,HOTEL,biwi_hotel:303,12900,triu,1.3495663404464722,2.43872594833374,-2:0.22;-1.89:0.04;-1.82:-0.26;-1.67:-0.44;-1.45:-0.51;-1.27:-0.5;-1.22:-0.46;-1.05:-0.41,-1.03:-0.38;-1.08:-0.38;-1.14:-0.37;-1.18:-0.32;-1.22:-0.26;-1.22:-0.24;-1.22:-0.23;-1.22:-0.23;-1.22:-0.23;-1.22:-0.23;-1.22:-0.23;-1.22:-0.23,-0.8670183:-0.4179078;-0.6794912:-0.4223045;-0.5171025:-0.4315622;-0.3222888:-0.4463118;-0.1437191:-0.4477992;0.05479026:-0.4404953;0.2468244:-0.4411303;0.4391794:-0.4831805;0.6302013:-0.5068386;0.804653:-0.5068206;0.9990411:-0.5006808;1.202433:-0.5114256,sigma3_hotel_seed42,3
HOTEL:biwi_hotel:303:12910,HOTEL,biwi_hotel:303,12910,triu,0.2912542223930359,0.4691896140575409,-1.89:0.04;-1.82:-0.26;-1.67:-0.44;-1.45:-0.51;-1.27:-0.5;-1.22:-0.46;-1.05:-0.41;-1.03:-0.38,-1.08:-0.38;-1.14:-0.37;-1.18:-0.32;-1.22:-0.26;-1.22:-0.24;-1.22:-0.23;-1.22:-0.23;-1.22:-0.23;-1.22:-0.23;-1.22:-0.23;-1.22:-0.23;-1.22:-0.23,-1.024401:-0.3831306;-1.029351:-0.3845347;-1.009554:-0.3863004;-0.9892312:-0.385429;-0.9717489:-0.3852143;-0.9736431:-0.3896428;-0.9395288:-0.3802994;-0.9285701:-0.3918408;-0.9119333:-0.3985013;-0.8490058:-0.4023858;-0.8510262:-0.4308279;-0.7917639:-0.42171,sigma3_hotel_seed42,3
HOTEL:biwi_hotel:303:12920,HOTEL,biwi_hotel:303,12920,triu,0.3042890727519989,0.6239380836486816,-1.82:-0.26;-1.67:-0.44;-1.45:-0.51;-1.27:-0.5;-1.22:-0.46;-1.05:-0.41;-1.03:-0.38;-1.08:-0.38,-1.14:-0.37;-1.18:-0.32;-1.22:-0.26;-1.22:-0.24;-1.22:-0.23;-1.22:-0.23;-1.22:-0.23;-1.22:-0.23;-1.22:-0.23;-1.22:-0.23;-1.22:-0.23;-1.22:-0.23,-1.123503:-0.3793854;-1.197744:-0.3727958;-1.254211:-0.3761115;-1.295455:-0.3803765;-1.3682:-0.3871229;-1.439957:-0.3661711;-1.52422:-0.3649945;-1.570791:-0.3859337;-1.642582:-0.3693109;-1.666373:-0.387235;-1.765987:-0.3666534;-1.833662:-0.3427747,sigma3_hotel_seed42,3
HOTEL:biwi_hotel:303:12930,HOTEL,biwi_hotel:303,12930,triu,0.5813049674034119,1.0812182426452637,-1.67:-0.44;-1.45:-0.51;-1.27:-0.5;-1.22:-0.46;-1.05:-0.41;-1.03:-0.38;-1.08:-0.38;-1.14:-0.37,-1.18:-0.32;-1.22:-0.26;-1.22:-0.24;-1.22:-0.23;-1.22:-0.23;-1.22:-0.23;-1.22:-0.23;-1.22:-0.23;-1.22:-0.23;-1.22:-0.23;-1.22:-0.23;-1.22:-0.23,-1.240083:-0.3739693;-1.343631:-0.3691623;-1.443376:-0.3686716;-1.562573:-0.3704964;-1.651412:-0.3671706;-1.723828:-0.3538624;-1.82479:-0.3293319;-1.953052:-0.3232296;-2.021226:-0.3583003;-2.112679:-0.3336059;-2.202627:-0.3251442;-2.299824:-0.2848875,sigma3_hotel_seed42,3
HOTEL:biwi_hotel:303:12940,HOTEL,biwi_hotel:303,12940,triu,0.364371657371521,0.7013376355171204,-1.45:-0.51;-1.27:-0.5;-1.22:-0.46;-1.05:-0.41;-1.03:-0.38;-1.08:-0.38;-1.14:-0.37;-1.18:-0.32,-1.22:-0.26;-1.22:-0.24;-1.22:-0.23;-1.22:-0.23;-1.22:-0.23;-1.22:-0.23;-1.22:-0.23;-1.22:-0.23;-1.22:-0.23;-1.22:-0.23;-1.22:-0.23;-1.22:-0.23,-1.22205:-0.3185433;-1.300667:-0.3148403;-1.358128:-0.3139992;-1.397871:-0.3197991;-1.465899:-0.3261874;-1.537567:-0.3002975;-1.616863:-0.3019533;-1.662307:-0.3227717;-1.732544:-0.3080703;-1.751052:-0.3322085;-1.853386:-0.3046767;-1.920051:-0.2724633,sigma3_hotel_seed42,3
HOTEL:biwi_hotel:303:12950,HOTEL,biwi_hotel:303,12950,triu,0.3651987016201019,0.6868658661842346,-1.27:-0.5;-1.22:-0.46;-1.05:-0.41;-1.03:-0.38;-1.08:-0.38;-1.14:-0.37;-1.18:-0.32;-1.22:-0.26,-1.22:-0.24;-1.22:-0.23;-1.22:-0.23;-1.22:-0.23;-1.22:-0.23;-1.22:-0.23;-1.22:-0.23;-1.22:-0.23;-1.22:-0.23;-1.22:-0.23;-1.22:-0.23;-1.22:-0.23,-1.265406:-0.2570285;-1.323036:-0.2455461;-1.385067:-0.2523541;-1.429159:-0.2558977;-1.499112:-0.2567396;-1.54997:-0.2459929;-1.628853:-0.2437702;-1.667374:-0.2606546;-1.736873:-0.2463431;-1.78268:-0.2610382;-1.83657:-0.2284615;-1.906821:-0.2221066,sigma3_hotel_seed42,3
HOTEL:biwi_hotel:303:12960,HOTEL,biwi_hotel:303,12960,triu,0.0279585402458906,0.0250758845359087,-1.22:-0.46;-1.05:-0.41;-1.03:-0.38;-1.08:-0.38;-1.14:-0.37;-1.18:-0.32;-1.22:-0.26;-1.22:-0.24,-1.22:-0.23;-1.22:-0.23;-1.22:-0.23;-1.22:-0.23;-1.22:-0.23;-1.22:-0.23;-1.22:-0.23;-1.22:-0.23;-1.22:-0.23;-1.22:-0.23;-1.22:-0.23;-1.22:-0.23,-1.231966:-0.2438037;-1.235612:-0.2510411;-1.233538:-0.2486674;-1.252292:-0.2429362;-1.241904:-0.25145;-1.240085:-0.2399808;-1.238485:-0.243378;-1.248355:-0.2386805;-1.23634:-0.2634019;-1.232633:-0.2554203;-1.237879:-0.2623739;-1.225566:-0.2544504,sigma3_hotel_seed42,3
HOTEL:biwi_hotel:303:12970,HOTEL,biwi_hotel:303,12970,triu,0.0315061025321483,0.100599892437458,-1.05:-0.41;-1.03:-0.38;-1.08:-0.38;-1.14:-0.37;-1.18:-0.32;-1.22:-0.26;-1.22:-0.24;-1.22:-0.23,-1.22:-0.23;-1.22:-0.23;-1.22:-0.23;-1.22:-0.23;-1.22:-0.23;-1.22:-0.23;-1.22:-0.23;-1.22:-0.23;-1.22:-0.23;-1.22:-0.23;-1.22:-0.23;-1.22:-0.23,-1.225263:-0.2330292;-1.22987:-0.2346942;-1.221788:-0.2336853;-1.219815:-0.2329244;-1.211059:-0.2321502;-1.213703:-0.2346321;-1.191905:-0.2290145;-1.192866:-0.2342331;-1.182734:-0.246967;-1.15451:-0.2443846;-1.154161:-0.2612059;-1.122697:-0.2555414,sigma3_hotel_seed42,3
HOTEL:biwi_hotel:303:12980,HOTEL,biwi_hotel:303,12980,triu,0.0374468900263309,0.0582516975700855,-1.03:-0.38;-1.08:-0.38;-1.14:-0.37;-1.18:-0.32;-1.22:-0.26;-1.22:-0.24;-1.22:-0.23;-1.22:-0.23,-1.22:-0.23;-1.22:-0.23;-1.22:-0.23;-1.22:-0.23;-1.22:-0.23;-1.22:-0.23;-1.22:-0.23;-1.22:-0.23;-1.22:-0.23;-1.22:-0.23;-1.22:-0.23;-1.22:-0.23,-1.226866:-0.2304474;-1.230179:-0.2260075;-1.235609:-0.2310403;-1.23783:-0.2318207;-1.250932:-0.2299585;-1.262186:-0.2380732;-1.267229:-0.2356543;-1.267182:-0.243104;-1.278512:-0.2372614;-1.274106:-0.2429923;-1.27209:-0.2467178;-1.271543:-0.2571393,sigma3_hotel_seed42,3
HOTEL:biwi_hotel:303:12990,HOTEL,biwi_hotel:303,12990,triu,0.0877116098999977,0.1566107869148254,-1.08:-0.38;-1.14:-0.37;-1.18:-0.32;-1.22:-0.26;-1.22:-0.24;-1.22:-0.23;-1.22:-0.23;-1.22:-0.23,-1.22:-0.23;-1.22:-0.23;-1.22:-0.23;-1.22:-0.23;-1.22:-0.23;-1.22:-0.23;-1.22:-0.23;-1.22:-0.23;-1.22:-0.23;-1.22:-0.23;-1.22:-0.23;-1.22:-0.23,-1.235213:-0.2318581;-1.24592:-0.2300806;-1.255576:-0.2327459;-1.270815:-0.2310556;-1.286431:-0.2337413;-1.30434:-0.234174;-1.321417:-0.2344201;-1.331831:-0.2382045;-1.344905:-0.2393338;-1.35085:-0.2385782;-1.366531:-0.2436579;-1.375538:-0.2482956,sigma3_hotel_seed42,3
HOTEL:biwi_hotel:303:13000,HOTEL,biwi_hotel:303,13000,triu,0.061212945729494,0.1518080234527588,-1.14:-0.37;-1.18:-0.32;-1.22:-0.26;-1.22:-0.24;-1.22:-0.23;-1.22:-0.23;-1.22:-0.23;-1.22:-0.23,-1.22:-0.23;-1.22:-0.23;-1.22:-0.23;-1.22:-0.23;-1.22:-0.23;-1.22:-0.23;-1.22:-0.23;-1.22:-0.23;-1.22:-0.23;-1.22:-0.23;-1.22:-0.23;-1.22:-0.23,-1.218014:-0.2330188;-1.210601:-0.2316418;-1.200507:-0.2392951;-1.197209:-0.2367257;-1.188004:-0.2430941;-1.171342:-0.2369077;-1.162455:-0.2352321;-1.152381:-0.2437897;-1.139515:-0.2584864;-1.11734:-0.2554446;-1.100693:-0.2581329;-1.07139:-0.2609964,sigma3_hotel_seed42,3
HOTEL:biwi_hotel:303:13010,HOTEL,biwi_hotel:303,13010,triu,0.0840075239539146,0.2063498049974441,-1.18:-0.32;-1.22:-0.26;-1.22:-0.24;-1.22:-0.23;-1.22:-0.23;-1.22:-0.23;-1.22:-0.23;-1.22:-0.23,-1.22:-0.23;-1.22:-0.23;-1.22:-0.23;-1.22:-0.23;-1.22:-0.23;-1.22:-0.23;-1.22:-0.23;-1.22:-0.23;-1.22:-0.23;-1.22:-0.23;-1.22:-0.23;-1.22:-0.23,-1.217559:-0.2334959;-1.208005:-0.2319103;-1.194425:-0.2384047;-1.187145:-0.2369167;-1.174069:-0.2400507;-1.155289:-0.2383879;-1.134214:-0.2331706;-1.123873:-0.2422907;-1.105511:-0.2592694;-1.077774:-0.2530678;-1.055501:-0.2618569;-1.016579:-0.2646437,sigma3_hotel_seed42,3
HOTEL:biwi_hotel:303:13020,HOTEL,biwi_hotel:303,13020,triu,0.034537237137556,0.0765777677297592,-1.22:-0.26;-1.22:-0.24;-1.22:-0.23;-1.22:-0.23;-1.22:-0.23;-1.22:-0.23;-1.22:-0.23;-1.22:-0.23,-1.22:-0.23;-1.22:-0.23;-1.22:-0.23;-1.22:-0.23;-1.22:-0.23;-1.22:-0.23;-1.22:-0.23;-1.22:-0.23;-1.22:-0.23;-1.22:-0.23;-1.22:-0.23;-1.22:-0.23,-1.211242:-0.2307054;-1.215264:-0.2255779;-1.224919:-0.2325793;-1.219055:-0.2405471;-1.24423:-0.2447652;-1.243327:-0.2244581;-1.261063:-0.2318694;-1.250782:-0.2567077;-1.269227:-0.2521094;-1.269524:-0.2706635;-1.274026:-0.2344335;-1.296296:-0.236569,sigma3_hotel_seed42,3
HOTEL:biwi_hotel:303:13030,HOTEL,biwi_hotel:303,13030,triu,0.0628876164555549,0.127119779586792,-1.22:-0.24;-1.22:-0.23;-1.22:-0.23;-1.22:-0.23;-1.22:-0.23;-1.22:-0.23;-1.22:-0.23;-1.22:-0.23,-1.22:-0.23;-1.22:-0.23;-1.22:-0.23;-1.22:-0.23;-1.22:-0.23;-1.22:-0.23;-1.22:-0.23;-1.22:-0.23;-1.22:-0.23;-1.22:-0.23;-1.22:-0.23;-1.22:-0.23,-1.230633:-0.2301992;-1.228757:-0.2288586;-1.237101:-0.2313856;-1.253201:-0.2296561;-1.268775:-0.2325045;-1.274737:-0.2323779;-1.290651:-0.2388147;-1.296504:-0.2371747;-1.309682:-0.237928;-1.330283:-0.240532;-1.325205:-0.2319936;-1.346113:-0.2459677,sigma3_hotel_seed42,3
HOTEL:biwi_hotel:303:13040,HOTEL,biwi_hotel:303,13040,triu,0.0773748382925987,0.15747931599617,-1.22:-0.23;-1.22:-0.23;-1.22:-0.23;-1.22:-0.23;-1.22:-0.23;-1.22:-0.23;-1.22:-0.23;-1.22:-0.23,-1.22:-0.23;-1.22:-0.23;-1.22:-0.23;-1.22:-0.23;-1.22:-0.23;-1.22:-0.23;-1.22:-0.23;-1.22:-0.23;-1.22:-0.23;-1.22:-0.23;-1.22:-0.23;-1.22:-0.23,-1.230372:-0.2301328;-1.233073:-0.2302402;-1.245774:-0.2302043;-1.261243:-0.2261608;-1.272573:-0.2285566;-1.289167:-0.2297445;-1.312227:-0.2358395;-1.315875:-0.234138;-1.327935:-0.2280454;-1.346122:-0.2322351;-1.356144:-0.2297881;-1.377195:-0.2394611,sigma3_hotel_seed42,3
HOTEL:biwi_hotel:303:13050,HOTEL,biwi_hotel:303,13050,triu,0.0773748382925987,0.15747931599617,-1.22:-0.23;-1.22:-0.23;-1.22:-0.23;-1.22:-0.23;-1.22:-0.23;-1.22:-0.23;-1.22:-0.23;-1.22:-0.23,-1.22:-0.23;-1.22:-0.23;-1.22:-0.23;-1.22:-0.23;-1.22:-0.23;-1.22:-0.23;-1.22:-0.23;-1.22:-0.23;-1.22:-0.23;-1.22:-0.23;-1.22:-0.23;-1.22:-0.23,-1.230372:-0.2301328;-1.233073:-0.2302402;-1.245774:-0.2302043;-1.261243:-0.2261608;-1.272573:-0.2285566;-1.289167:-0.2297445;-1.312227:-0.2358395;-1.315875:-0.234138;-1.327935:-0.2280454;-1.346122:-0.2322351;-1.356144:-0.2297881;-1.377195:-0.2394611,sigma3_hotel_seed42,3
HOTEL:biwi_hotel:303:13060,HOTEL,biwi_hotel:303,13060,triu,0.0773748382925987,0.15747931599617,-1.22:-0.23;-1.22:-0.23;-1.22:-0.23;-1.22:-0.23;-1.22:-0.23;-1.22:-0.23;-1.22:-0.23;-1.22:-0.23,-1.22:-0.23;-1.22:-0.23;-1.22:-0.23;-1.22:-0.23;-1.22:-0.23;-1.22:-0.23;-1.22:-0.23;-1.22:-0.23;-1.22:-0.23;-1.22:-0.23;-1.22:-0.23;-1.22:-0.23,-1.230372:-0.2301328;-1.233073:-0.2302402;-1.245774:-0.2302043;-1.261243:-0.2261608;-1.272573:-0.2285566;-1.289167:-0.2297445;-1.312227:-0.2358395;-1.315875:-0.234138;-1.327935:-0.2280454;-1.346122:-0.2322351;-1.356144:-0.2297881;-1.377195:-0.2394611,sigma3_hotel_seed42,3
HOTEL:biwi_hotel:303:13070,HOTEL,biwi_hotel:303,13070,triu,0.0773748382925987,0.15747931599617,-1.22:-0.23;-1.22:-0.23;-1.22:-0.23;-1.22:-0.23;-1.22:-0.23;-1.22:-0.23;-1.22:-0.23;-1.22:-0.23,-1.22:-0.23;-1.22:-0.23;-1.22:-0.23;-1.22:-0.23;-1.22:-0.23;-1.22:-0.23;-1.22:-0.23;-1.22:-0.23;-1.22:-0.23;-1.22:-0.23;-1.22:-0.23;-1.22:-0.23,-1.230372:-0.2301328;-1.233073:-0.2302402;-1.245774:-0.2302043;-1.261243:-0.2261608;-1.272573:-0.2285566;-1.289167:-0.2297445;-1.312227:-0.2358395;-1.315875:-0.234138;-1.327935:-0.2280454;-1.346122:-0.2322351;-1.356144:-0.2297881;-1.377195:-0.2394611,sigma3_hotel_seed42,3
HOTEL:biwi_hotel:303:13080,HOTEL,biwi_hotel:303,13080,triu,0.0773748382925987,0.15747931599617,-1.22:-0.23;-1.22:-0.23;-1.22:-0.23;-1.22:-0.23;-1.22:-0.23;-1.22:-0.23;-1.22:-0.23;-1.22:-0.23,-1.22:-0.23;-1.22:-0.23;-1.22:-0.23;-1.22:-0.23;-1.22:-0.23;-1.22:-0.23;-1.22:-0.23;-1.22:-0.23;-1.22:-0.23;-1.22:-0.23;-1.22:-0.23;-1.22:-0.23,-1.230372:-0.2301328;-1.233073:-0.2302402;-1.245774:-0.2302043;-1.261243:-0.2261608;-1.272573:-0.2285566;-1.289167:-0.2297445;-1.312227:-0.2358395;-1.315875:-0.234138;-1.327935:-0.2280454;-1.346122:-0.2322351;-1.356144:-0.2297881;-1.377195:-0.2394611,sigma3_hotel_seed42,3
HOTEL:biwi_hotel:303:13090,HOTEL,biwi_hotel:303,13090,triu,0.0773748382925987,0.15747931599617,-1.22:-0.23;-1.22:-0.23;-1.22:-0.23;-1.22:-0.23;-1.22:-0.23;-1.22:-0.23;-1.22:-0.23;-1.22:-0.23,-1.22:-0.23;-1.22:-0.23;-1.22:-0.23;-1.22:-0.23;-1.22:-0.23;-1.22:-0.23;-1.22:-0.23;-1.22:-0.23;-1.22:-0.23;-1.22:-0.23;-1.22:-0.23;-1.22:-0.23,-1.230372:-0.2301328;-1.233073:-0.2302402;-1.245774:-0.2302043;-1.261243:-0.2261608;-1.272573:-0.2285566;-1.289167:-0.2297445;-1.312227:-0.2358395;-1.315875:-0.234138;-1.327935:-0.2280454;-1.346122:-0.2322351;-1.356144:-0.2297881;-1.377195:-0.2394611,sigma3_hotel_seed42,3
HOTEL:biwi_hotel:303:13100,HOTEL,biwi_hotel:303,13100,triu,0.0773748382925987,0.15747931599617,-1.22:-0.23;-1.22:-0.23;-1.22:-0.23;-1.22:-0.23;-1.22:-0.23;-1.22:-0.23;-1.22:-0.23;-1.22:-0.23,-1.22:-0.23;-1.22:-0.23;-1.22:-0.23;-1.22:-0.23;-1.22:-0.23;-1.22:-0.23;-1.22:-0.23;-1.22:-0.23;-1.22:-0.23;-1.22:-0.23;-1.22:-0.23;-1.22:-0.23,-1.230372:-0.2301328;-1.233073:-0.2302402;-1.245774:-0.2302043;-1.261243:-0.2261608;-1.272573:-0.2285566;-1.289167:-0.2297445;-1.312227:-0.2358395;-1.315875:-0.234138;-1.327935:-0.2280454;-1.346122:-0.2322351;-1.356144:-0.2297881;-1.377195:-0.2394611,sigma3_hotel_seed42,3
HOTEL:biwi_hotel:303:13110,HOTEL,biwi_hotel:303,13110,triu,0.0773748382925987,0.15747931599617,-1.22:-0.23;-1.22:-0.23;-1.22:-0.23;-1.22:-0.23;-1.22:-0.23;-1.22:-0.23;-1.22:-0.23;-1.22:-0.23,-1.22:-0.23;-1.22:-0.23;-1.22:-0.23;-1.22:-0.23;-1.22:-0.23;-1.22:-0.23;-1.22:-0.23;-1.22:-0.23;-1.22:-0.23;-1.22:-0.23;-1.22:-0.23;-1.22:-0.23,-1.230372:-0.2301328;-1.233073:-0.2302402;-1.245774:-0.2302043;-1.261243:-0.2261608;-1.272573:-0.2285566;-1.289167:-0.2297445;-1.312227:-0.2358395;-1.315875:-0.234138;-1.327935:-0.2280454;-1.346122:-0.2322351;-1.356144:-0.2297881;-1.377195:-0.2394611,sigma3_hotel_seed42,3
HOTEL:biwi_hotel:303:13120,HOTEL,biwi_hotel:303,13120,triu,0.0773748382925987,0.15747931599617,-1.22:-0.23;-1.22:-0.23;-1.22:-0.23;-1.22:-0.23;-1.22:-0.23;-1.22:-0.23;-1.22:-0.23;-1.22:-0.23,-1.22:-0.23;-1.22:-0.23;-1.22:-0.23;-1.22:-0.23;-1.22:-0.23;-1.22:-0.23;-1.22:-0.23;-1.22:-0.23;-1.22:-0.23;-1.22:-0.23;-1.22:-0.23;-1.22:-0.23,-1.230372:-0.2301328;-1.233073:-0.2302402;-1.245774:-0.2302043;-1.261243:-0.2261608;-1.272573:-0.2285566;-1.289167:-0.2297445;-1.312227:-0.2358395;-1.315875:-0.234138;-1.327935:-0.2280454;-1.346122:-0.2322351;-1.356144:-0.2297881;-1.377195:-0.2394611,sigma3_hotel_seed42,3
HOTEL:biwi_hotel:303:13130,HOTEL,biwi_hotel:303,13130,triu,0.0773748382925987,0.15747931599617,-1.22:-0.23;-1.22:-0.23;-1.22:-0.23;-1.22:-0.23;-1.22:-0.23;-1.22:-0.23;-1.22:-0.23;-1.22:-0.23,-1.22:-0.23;-1.22:-0.23;-1.22:-0.23;-1.22:-0.23;-1.22:-0.23;-1.22:-0.23;-1.22:-0.23;-1.22:-0.23;-1.22:-0.23;-1.22:-0.23;-1.22:-0.23;-1.22:-0.23,-1.230372:-0.2301328;-1.233073:-0.2302402;-1.245774:-0.2302043;-1.261243:-0.2261608;-1.272573:-0.2285566;-1.289167:-0.2297445;-1.312227:-0.2358395;-1.315875:-0.234138;-1.327935:-0.2280454;-1.346122:-0.2322351;-1.356144:-0.2297881;-1.377195:-0.2394611,sigma3_hotel_seed42,3
HOTEL:biwi_hotel:303:13140,HOTEL,biwi_hotel:303,13140,triu,0.0773748382925987,0.15747931599617,-1.22:-0.23;-1.22:-0.23;-1.22:-0.23;-1.22:-0.23;-1.22:-0.23;-1.22:-0.23;-1.22:-0.23;-1.22:-0.23,-1.22:-0.23;-1.22:-0.23;-1.22:-0.23;-1.22:-0.23;-1.22:-0.23;-1.22:-0.23;-1.22:-0.23;-1.22:-0.23;-1.22:-0.23;-1.22:-0.23;-1.22:-0.23;-1.22:-0.23,-1.230372:-0.2301328;-1.233073:-0.2302402;-1.245774:-0.2302043;-1.261243:-0.2261608;-1.272573:-0.2285566;-1.289167:-0.2297445;-1.312227:-0.2358395;-1.315875:-0.234138;-1.327935:-0.2280454;-1.346122:-0.2322351;-1.356144:-0.2297881;-1.377195:-0.2394611,sigma3_hotel_seed42,3
HOTEL:biwi_hotel:303:13150,HOTEL,biwi_hotel:303,13150,triu,0.0773748382925987,0.15747931599617,-1.22:-0.23;-1.22:-0.23;-1.22:-0.23;-1.22:-0.23;-1.22:-0.23;-1.22:-0.23;-1.22:-0.23;-1.22:-0.23,-1.22:-0.23;-1.22:-0.23;-1.22:-0.23;-1.22:-0.23;-1.22:-0.23;-1.22:-0.23;-1.22:-0.23;-1.22:-0.23;-1.22:-0.23;-1.22:-0.23;-1.22:-0.23;-1.22:-0.23,-1.230372:-0.2301328;-1.233073:-0.2302402;-1.245774:-0.2302043;-1.261243:-0.2261608;-1.272573:-0.2285566;-1.289167:-0.2297445;-1.312227:-0.2358395;-1.315875:-0.234138;-1.327935:-0.2280454;-1.346122:-0.2322351;-1.356144:-0.2297881;-1.377195:-0.2394611,sigma3_hotel_seed42,3
HOTEL:biwi_hotel:303:13160,HOTEL,biwi_hotel:303,13160,triu,0.0773748382925987,0.15747931599617,-1.22:-0.23;-1.22:-0.23;-1.22:-0.23;-1.22:-0.23;-1.22:-0.23;-1.22:-0.23;-1.22:-0.23;-1.22:-0.23,-1.22:-0.23;-1.22:-0.23;-1.22:-0.23;-1.22:-0.23;-1.22:-0.23;-1.22:-0.23;-1.22:-0.23;-1.22:-0.23;-1.22:-0.23;-1.22:-0.23;-1.22:-0.23;-1.22:-0.23,-1.230372:-0.2301328;-1.233073:-0.2302402;-1.245774:-0.2302043;-1.261243:-0.2261608;-1.272573:-0.2285566;-1.289167:-0.2297445;-1.312227:-0.2358395;-1.315875:-0.234138;-1.327935:-0.2280454;-1.346122:-0.2322351;-1.356144:-0.2297881;-1.377195:-0.2394611,sigma3_hotel_seed42,3
HOTEL:biwi_hotel:303:13170,HOTEL,biwi_hotel:303,13170,triu,0.0773748382925987,0.15747931599617,-1.22:-0.23;-1.22:-0.23;-1.22:-0.23;-1.22:-0.23;-1.22:-0.23;-1.22:-0.23;-1.22:-0.23;-1.22:-0.23,-1.22:-0.23;-1.22:-0.23;-1.22:-0.23;-1.22:-0.23;-1.22:-0.23;-1.22:-0.23;-1.22:-0.23;-1.22:-0.23;-1.22:-0.23;-1.22:-0.23;-1.22:-0.23;-1.22:-0.23,-1.230372:-0.2301328;-1.233073:-0.2302402;-1.245774:-0.2302043;-1.261243:-0.2261608;-1.272573:-0.2285566;-1.289167:-0.2297445;-1.312227:-0.2358395;-1.315875:-0.234138;-1.327935:-0.2280454;-1.346122:-0.2322351;-1.356144:-0.2297881;-1.377195:-0.2394611,sigma3_hotel_seed42,3
HOTEL:biwi_hotel:303:13180,HOTEL,biwi_hotel:303,13180,triu,0.0773748382925987,0.15747931599617,-1.22:-0.23;-1.22:-0.23;-1.22:-0.23;-1.22:-0.23;-1.22:-0.23;-1.22:-0.23;-1.22:-0.23;-1.22:-0.23,-1.22:-0.23;-1.22:-0.23;-1.22:-0.23;-1.22:-0.23;-1.22:-0.23;-1.22:-0.23;-1.22:-0.23;-1.22:-0.23;-1.22:-0.23;-1.22:-0.23;-1.22:-0.23;-1.22:-0.23,-1.230372:-0.2301328;-1.233073:-0.2302402;-1.245774:-0.2302043;-1.261243:-0.2261608;-1.272573:-0.2285566;-1.289167:-0.2297445;-1.312227:-0.2358395;-1.315875:-0.234138;-1.327935:-0.2280454;-1.346122:-0.2322351;-1.356144:-0.2297881;-1.377195:-0.2394611,sigma3_hotel_seed42,3
HOTEL:biwi_hotel:303:13190,HOTEL,biwi_hotel:303,13190,triu,0.0773748382925987,0.15747931599617,-1.22:-0.23;-1.22:-0.23;-1.22:-0.23;-1.22:-0.23;-1.22:-0.23;-1.22:-0.23;-1.22:-0.23;-1.22:-0.23,-1.22:-0.23;-1.22:-0.23;-1.22:-0.23;-1.22:-0.23;-1.22:-0.23;-1.22:-0.23;-1.22:-0.23;-1.22:-0.23;-1.22:-0.23;-1.22:-0.23;-1.22:-0.23;-1.22:-0.23,-1.230372:-0.2301328;-1.233073:-0.2302402;-1.245774:-0.2302043;-1.261243:-0.2261608;-1.272573:-0.2285566;-1.289167:-0.2297445;-1.312227:-0.2358395;-1.315875:-0.234138;-1.327935:-0.2280454;-1.346122:-0.2322351;-1.356144:-0.2297881;-1.377195:-0.2394611,sigma3_hotel_seed42,3
HOTEL:biwi_hotel:303:13200,HOTEL,biwi_hotel:303,13200,triu,0.0773748382925987,0.15747931599617,-1.22:-0.23;-1.22:-0.23;-1.22:-0.23;-1.22:-0.23;-1.22:-0.23;-1.22:-0.23;-1.22:-0.23;-1.22:-0.23,-1.22:-0.23;-1.22:-0.23;-1.22:-0.23;-1.22:-0.23;-1.22:-0.23;-1.22:-0.23;-1.22:-0.23;-1.22:-0.23;-1.22:-0.23;-1.22:-0.23;-1.22:-0.23;-1.22:-0.23,-1.230372:-0.2301328;-1.233073:-0.2302402;-1.245774:-0.2302043;-1.261243:-0.2261608;-1.272573:-0.2285566;-1.289167:-0.2297445;-1.312227:-0.2358395;-1.315875:-0.234138;-1.327935:-0.2280454;-1.346122:-0.2322351;-1.356144:-0.2297881;-1.377195:-0.2394611,sigma3_hotel_seed42,3
HOTEL:biwi_hotel:303:13210,HOTEL,biwi_hotel:303,13210,triu,0.0773748382925987,0.15747931599617,-1.22:-0.23;-1.22:-0.23;-1.22:-0.23;-1.22:-0.23;-1.22:-0.23;-1.22:-0.23;-1.22:-0.23;-1.22:-0.23,-1.22:-0.23;-1.22:-0.23;-1.22:-0.23;-1.22:-0.23;-1.22:-0.23;-1.22:-0.23;-1.22:-0.23;-1.22:-0.23;-1.22:-0.23;-1.22:-0.23;-1.22:-0.23;-1.22:-0.23,-1.230372:-0.2301328;-1.233073:-0.2302402;-1.245774:-0.2302043;-1.261243:-0.2261608;-1.272573:-0.2285566;-1.289167:-0.2297445;-1.312227:-0.2358395;-1.315875:-0.234138;-1.327935:-0.2280454;-1.346122:-0.2322351;-1.356144:-0.2297881;-1.377195:-0.2394611,sigma3_hotel_seed42,3
HOTEL:biwi_hotel:304:12980,HOTEL,biwi_hotel:304,12980,triu,4.109070301055908,7.674019813537598,2.26:3.62;2.28:3;2.38:2.5;2.39:1.89;2.44:1.28;2.53:0.61;2.56:0.09;2.68:-0.54,2.69:-1.23;2.66:-1.84;2.61:-2.46;2.46:-3.1;2.33:-3.73;2.17:-4.32;2.01:-4.9;2.02:-5.5;1.99:-6.17;2.08:-6.83;2.11:-7.57;2.14:-8.24,2.793236:-0.5585774;2.8036:-0.6885231;2.901053:-0.739687;2.79308:-0.5234184;2.863684:-0.662447;2.855268:-0.6099536;2.655875:-0.5361847;2.546853:-0.3567886;2.447215:-0.4449326;2.545164:-0.475389;2.497507:-0.7114242;2.484034:-0.5736957,sigma3_hotel_seed42,3
HOTEL:biwi_hotel:304:12990,HOTEL,biwi_hotel:304,12990,triu,4.1420722007751465,7.919434070587158,2.28:3;2.38:2.5;2.39:1.89;2.44:1.28;2.53:0.61;2.56:0.09;2.68:-0.54;2.69:-1.23,2.66:-1.84;2.61:-2.46;2.46:-3.1;2.33:-3.73;2.17:-4.32;2.01:-4.9;2.02:-5.5;1.99:-6.17;2.08:-6.83;2.11:-7.57;2.14:-8.24;2.2:-8.92,2.647069:-1.244654;2.503752:-1.387832;2.428528:-1.449409;2.130012:-1.175282;2.037949:-1.348275;1.889169:-1.248379;1.430454:-1.164929;1.165459:-0.9539852;0.9017655:-1.051548;0.8364716:-1.05215;0.6388483:-1.324435;0.4776075:-1.190136,sigma3_hotel_seed42,3
HOTEL:biwi_hotel:304:13000,HOTEL,biwi_hotel:304,13000,triu,4.222874164581299,8.134777069091797,2.38:2.5;2.39:1.89;2.44:1.28;2.53:0.61;2.56:0.09;2.68:-0.54;2.69:-1.23;2.66:-1.84,2.61:-2.46;2.46:-3.1;2.33:-3.73;2.17:-4.32;2.01:-4.9;2.02:-5.5;1.99:-6.17;2.08:-6.83;2.11:-7.57;2.14:-8.24;2.2:-8.92;2.2:-9.67,2.559257:-1.851885;2.386916:-1.960773;2.265274:-2.003211;1.976352:-1.78351;1.866093:-1.911672;1.700241:-1.8378;1.291561:-1.74944;1.029724:-1.587918;0.7824734:-1.680886;0.6793474:-1.654558;0.4751225:-1.884261;0.3188181:-1.755725,sigma3_hotel_seed42,3
HOTEL:biwi_hotel:304:13010,HOTEL,biwi_hotel:304,13010,triu,4.270188808441162,8.081870079040527,2.39:1.89;2.44:1.28;2.53:0.61;2.56:0.09;2.68:-0.54;2.69:-1.23;2.66:-1.84;2.61:-2.46,2.46:-3.1;2.33:-3.73;2.17:-4.32;2.01:-4.9;2.02:-5.5;1.99:-6.17;2.08:-6.83;2.11:-7.57;2.14:-8.24;2.2:-8.92;2.2:-9.67;2.19:-10.19,2.500076:-2.47191;2.32017:-2.581059;2.187098:-2.625596;1.88745:-2.401383;1.764909:-2.533009;1.591464:-2.454349;1.163695:-2.364874;0.8938233:-2.203901;0.6366168:-2.296542;0.5209794:-2.266079;0.3065426:-2.498209;0.1407814:-2.372242,sigma3_hotel_seed42,3
HOTEL:biwi_hotel:306:13010,HOTEL,biwi_hotel:306,13010,triu,4.187106609344482,7.983890056610107,1.14:3.16;1.15:2.66;1.14:2.12;1.17:1.6;1.18:1.1;1.12:0.54;1.04:-0.09;0.98:-0.63,0.82:-1.22;0.8:-1.86;0.79:-2.5;0.74:-3.05;0.88:-3.64;1:-4.26;1.1:-4.87;1.34:-5.52;1.45:-6.04;1.54:-6.69;1.7:-7.33;1.75:-8.04,0.8908997:-0.6421955;0.7421721:-0.7355249;0.637883:-0.7716809;0.3920105:-0.5810261;0.3044552:-0.6890931;0.1627891:-0.6306255;-0.1809813:-0.5417883;-0.4078609:-0.4079707;-0.6163595:-0.4963778;-0.7037144:-0.463047;-0.881462:-0.6705532;-1.006702:-0.5471305,sigma3_hotel_seed42,3
HOTEL:biwi_hotel:306:13020,HOTEL,biwi_hotel:306,13020,triu,4.7731804847717285,8.99983024597168,1.15:2.66;1.14:2.12;1.17:1.6;1.18:1.1;1.12:0.54;1.04:-0.09;0.98:-0.63;0.82:-1.22,0.8:-1.86;0.79:-2.5;0.74:-3.05;0.88:-3.64;1:-4.26;1.1:-4.87;1.34:-5.52;1.45:-6.04;1.54:-6.69;1.7:-7.33;1.75:-8.04;1.72:-8.69,0.5735071:-1.229611;0.2792937:-1.317767;0.01736182:-1.36424;-0.3888658:-1.13141;-0.6453281:-1.262409;-0.9214742:-1.159317;-1.476787:-1.053077;-1.843657:-0.9196202;-2.197999:-1.008916;-2.440383:-0.9278389;-2.778268:-1.160213;-3.030558:-1.046103,sigma3_hotel_seed42,3
HOTEL:biwi_hotel:306:13030,HOTEL,biwi_hotel:306,13030,triu,4.296963214874268,8.12277889251709,1.14:2.12;1.17:1.6;1.18:1.1;1.12:0.54;1.04:-0.09;0.98:-0.63;0.82:-1.22;0.8:-1.86,0.79:-2.5;0.74:-3.05;0.88:-3.64;1:-4.26;1.1:-4.87;1.34:-5.52;1.45:-6.04;1.54:-6.69;1.7:-7.33;1.75:-8.04;1.72:-8.69;1.75:-9.34,0.7391437:-1.873861;0.5967205:-1.993892;0.5108191:-2.045044;0.2392449:-1.808732;0.1513582:-1.952655;0.008754492:-1.871458;-0.3956354:-1.785202;-0.6400217:-1.610807;-0.8756925:-1.703696;-0.9490479:-1.688498;-1.135655:-1.931134;-1.277968:-1.802697,sigma3_hotel_seed42,3
HOTEL:biwi_hotel:306:13040,HOTEL,biwi_hotel:306,13040,triu,4.154629230499268,7.807759761810303,1.17:1.6;1.18:1.1;1.12:0.54;1.04:-0.09;0.98:-0.63;0.82:-1.22;0.8:-1.86;0.79:-2.5,0.74:-3.05;0.88:-3.64;1:-4.26;1.1:-4.87;1.34:-5.52;1.45:-6.04;1.54:-6.69;1.7:-7.33;1.75:-8.04;1.72:-8.69;1.75:-9.34;1.71:-9.94,0.7882429:-2.514951;0.7018834:-2.633548;0.681148:-2.680118;0.4773467:-2.46192;0.448105:-2.595937;0.355601:-2.530311;0.04217929:-2.448935;-0.1480825:-2.280797;-0.3277281:-2.370953;-0.3402404:-2.369113;-0.4727569:-2.601645;-0.5640071:-2.470729,sigma3_hotel_seed42,3
HOTEL:biwi_hotel:307:13060,HOTEL,biwi_hotel:307,13060,triu,2.408818483352661,4.087895393371582,2.6:-8.67;2.49:-8.26;2.47:-7.74;2.5:-7.26;2.47:-6.78;2.46:-6.28;2.53:-5.81;2.55:-5.37,2.55:-4.94;2.56:-4.48;2.48:-4.14;2.35:-3.8;2.29:-3.42;2.24:-3.07;2.12:-2.74;2.07:-2.36;2.1:-2.07;2.1:-1.73;2.03:-1.54;2.04:-1.24,2.560097:-5.384201;2.526175:-5.450545;2.537481:-5.470849;2.453032:-5.350871;2.48021:-5.413774;2.445283:-5.400436;2.326892:-5.317127;2.22995:-5.23703;2.15958:-5.313601;2.178665:-5.286075;2.115902:-5.444882;2.109085:-5.327312,sigma3_hotel_seed42,3
HOTEL:biwi_hotel:307:13070,HOTEL,biwi_hotel:307,13070,triu,2.286707639694214,3.763770818710327,2.49:-8.26;2.47:-7.74;2.5:-7.26;2.47:-6.78;2.46:-6.28;2.53:-5.81;2.55:-5.37;2.55:-4.94,2.56:-4.48;2.48:-4.14;2.35:-3.8;2.29:-3.42;2.24:-3.07;2.12:-2.74;2.07:-2.36;2.1:-2.07;2.1:-1.73;2.03:-1.54;2.04:-1.24;2.03:-1.12,2.529902:-4.953252;2.472862:-5.013283;2.454356:-5.031021;2.350929:-4.916316;2.355284:-4.973525;2.301248:-4.960084;2.164076:-4.874445;2.050859:-4.802533;1.965833:-4.878958;1.957624:-4.841482;1.87639:-4.994894;1.854132:-4.87966,sigma3_hotel_seed42,3
HOTEL:biwi_hotel:307:13080,HOTEL,biwi_hotel:307,13080,triu,2.11626935005188,3.224586248397827,2.47:-7.74;2.5:-7.26;2.47:-6.78;2.46:-6.28;2.53:-5.81;2.55:-5.37;2.55:-4.94;2.56:-4.48,2.48:-4.14;2.35:-3.8;2.29:-3.42;2.24:-3.07;2.12:-2.74;2.07:-2.36;2.1:-2.07;2.1:-1.73;2.03:-1.54;2.04:-1.24;2.03:-1.12;2.02:-1.21,2.564335:-4.493998;2.524551:-4.561035;2.529641:-4.581469;2.438047:-4.459395;2.459341:-4.523483;2.419058:-4.508505;2.291329:-4.424984;2.188349:-4.343273;2.111711:-4.420308;2.125006:-4.391986;2.056776:-4.552207;2.044373:-4.434494,sigma3_hotel_seed42,3
HOTEL:biwi_hotel:307:13090,HOTEL,biwi_hotel:307,13090,triu,2.029138326644897,2.996223211288452,2.5:-7.26;2.47:-6.78;2.46:-6.28;2.53:-5.81;2.55:-5.37;2.55:-4.94;2.56:-4.48;2.48:-4.14,2.35:-3.8;2.29:-3.42;2.24:-3.07;2.12:-2.74;2.07:-2.36;2.1:-2.07;2.1:-1.73;2.03:-1.54;2.04:-1.24;2.03:-1.12;2.02:-1.21;2.02:-1.21,2.360164:-4.150124;2.22682:-4.186957;2.116404:-4.185793;1.964606:-4.103769;1.887226:-4.133329;1.76603:-4.120837;1.588865:-4.030258;1.421547:-3.993124;1.291653:-4.069703;1.196697:-3.993726;1.047469:-4.127064;0.9741416:-4.017763,sigma3_hotel_seed42,3
HOTEL:biwi_hotel:307:13100,HOTEL,biwi_hotel:307,13100,triu,2.062767744064331,3.0694239139556885,2.47:-6.78;2.46:-6.28;2.53:-5.81;2.55:-5.37;2.55:-4.94;2.56:-4.48;2.48:-4.14;2.35:-3.8,2.29:-3.42;2.24:-3.07;2.12:-2.74;2.07:-2.36;2.1:-2.07;2.1:-1.73;2.03:-1.54;2.04:-1.24;2.03:-1.12;2.02:-1.21;2.02:-1.21;2.02:-1.2,2.164914:-3.80993;1.974303:-3.835993;1.805143:-3.826609;1.602584:-3.755001;1.453591:-3.768314;1.265586:-3.756702;1.057952:-3.65718;0.8310483:-3.634441;0.6581059:-3.706671;0.5001245:-3.609812;0.2863879:-3.745478;0.1604698:-3.64203,sigma3_hotel_seed42,3
HOTEL:biwi_hotel:307:13110,HOTEL,biwi_hotel:307,13110,triu,1.7232457399368286,2.3517582416534424,2.46:-6.28;2.53:-5.81;2.55:-5.37;2.55:-4.94;2.56:-4.48;2.48:-4.14;2.35:-3.8;2.29:-3.42,2.24:-3.07;2.12:-2.74;2.07:-2.36;2.1:-2.07;2.1:-1.73;2.03:-1.54;2.04:-1.24;2.03:-1.12;2.02:-1.21;2.02:-1.21;2.02:-1.2;2.01:-1.13,2.208333:-3.43058;2.109897:-3.47325;2.033462:-3.480379;1.90562:-3.38823;1.865366:-3.426088;1.777253:-3.416713;1.622651:-3.327679;1.485118:-3.281646;1.379017:-3.356132;1.315462:-3.294659;1.202996:-3.428983;1.155169:-3.320898,sigma3_hotel_seed42,3
HOTEL:biwi_hotel:307:13120,HOTEL,biwi_hotel:307,13120,triu,1.5153464078903198,1.9317972660064695,2.53:-5.81;2.55:-5.37;2.55:-4.94;2.56:-4.48;2.48:-4.14;2.35:-3.8;2.29:-3.42;2.24:-3.07,2.12:-2.74;2.07:-2.36;2.1:-2.07;2.1:-1.73;2.03:-1.54;2.04:-1.24;2.03:-1.12;2.02:-1.21;2.02:-1.21;2.02:-1.2;2.01:-1.13;2.01:-1.14,2.183582:-3.080941;2.110017:-3.122164;2.061933:-3.126477;1.965424:-3.044105;1.950774:-3.076344;1.884936:-3.07447;1.772915:-2.9877;1.660052:-2.945916;1.579533:-3.018988;1.542194:-2.962661;1.454016:-3.091238;1.429179:-2.982414,sigma3_hotel_seed42,3
HOTEL:biwi_hotel:307:13130,HOTEL,biwi_hotel:307,13130,triu,1.599231243133545,2.276113271713257,2.55:-5.37;2.55:-4.94;2.56:-4.48;2.48:-4.14;2.35:-3.8;2.29:-3.42;2.24:-3.07;2.12:-2.74,2.07:-2.36;2.1:-2.07;2.1:-1.73;2.03:-1.54;2.04:-1.24;2.03:-1.12;2.02:-1.21;2.02:-1.21;2.02:-1.2;2.01:-1.13;2.01:-1.14;2:-1.16,1.957042:-2.74965;1.792189:-2.77423;1.644337:-2.761621;1.471153:-2.701178;1.346792:-2.707458;1.181379:-2.704943;1.012412:-2.608442;0.8113333:-2.590734;0.6638863:-2.660715;0.5239562:-2.56889;0.3394878:-2.695915;0.2333053:-2.595089,sigma3_hotel_seed42,3
HOTEL:biwi_hotel:307:13140,HOTEL,biwi_hotel:307,13140,triu,1.136983036994934,1.426863431930542,2.55:-4.94;2.56:-4.48;2.48:-4.14;2.35:-3.8;2.29:-3.42;2.24:-3.07;2.12:-2.74;2.07:-2.36,2.1:-2.07;2.1:-1.73;2.03:-1.54;2.04:-1.24;2.03:-1.12;2.02:-1.21;2.02:-1.21;2.02:-1.2;2.01:-1.13;2.01:-1.14;2:-1.16;2:-1.18,1.996422:-2.370566;1.908839:-2.410432;1.842142:-2.414738;1.730916:-2.331013;1.698968:-2.363907;1.620363:-2.358212;1.487283:-2.270296;1.362057:-2.23087;1.268355:-2.304054;1.212499:-2.24155;1.109987:-2.370512;1.072052:-2.263906,sigma3_hotel_seed42,3
HOTEL:biwi_hotel:307:13150,HOTEL,biwi_hotel:307,13150,triu,0.8310826420783997,0.8554617762565613,2.56:-4.48;2.48:-4.14;2.35:-3.8;2.29:-3.42;2.24:-3.07;2.12:-2.74;2.07:-2.36;2.1:-2.07,2.1:-1.73;2.03:-1.54;2.04:-1.24;2.03:-1.12;2.02:-1.21;2.02:-1.21;2.02:-1.2;2.01:-1.13;2.01:-1.14;2:-1.16;2:-1.18;1.98:-1.21,2.123292:-2.082993;2.131483:-2.120233;2.163915:-2.11832;2.163255:-2.066764;2.211757:-2.086633;2.215643:-2.096438;2.214624:-2.022618;2.179943:-2.00041;2.173571:-2.067323;2.202212:-2.022028;2.185768:-2.129238;2.218933:-2.031417,sigma3_hotel_seed42,3
HOTEL:biwi_hotel:307:13160,HOTEL,biwi_hotel:307,13160,triu,0.511447012424469,0.4637990891933441,2.48:-4.14;2.35:-3.8;2.29:-3.42;2.24:-3.07;2.12:-2.74;2.07:-2.36;2.1:-2.07;2.1:-1.73,2.03:-1.54;2.04:-1.24;2.03:-1.12;2.02:-1.21;2.02:-1.21;2.02:-1.2;2.01:-1.13;2.01:-1.14;2:-1.16;2:-1.18;1.98:-1.21;1.93:-1.21,2.099824:-1.742773;2.083021:-1.782213;2.094193:-1.784155;2.064597:-1.718147;2.097206:-1.744714;2.080609:-1.750994;2.045429:-1.66916;1.986383:-1.63971;1.957334:-1.709684;1.970395:-1.659305;1.92929:-1.778861;1.949883:-1.673373,sigma3_hotel_seed42,3
HOTEL:biwi_hotel:307:13170,HOTEL,biwi_hotel:307,13170,triu,0.586797297000885,0.769451916217804,2.35:-3.8;2.29:-3.42;2.24:-3.07;2.12:-2.74;2.07:-2.36;2.1:-2.07;2.1:-1.73;2.03:-1.54,2.04:-1.24;2.03:-1.12;2.02:-1.21;2.02:-1.21;2.02:-1.2;2.01:-1.13;2.01:-1.14;2:-1.16;2:-1.18;1.98:-1.21;1.93:-1.21;1.8:-1.09,1.947637:-1.54519;1.866982:-1.54958;1.784925:-1.533138;1.707675:-1.526812;1.642459:-1.512013;1.565147:-1.513036;1.505594:-1.467807;1.412865:-1.477461;1.345007:-1.520164;1.262516:-1.474347;1.18667:-1.507809;1.122327:-1.454438,sigma3_hotel_seed42,3
HOTEL:biwi_hotel:309:13130,HOTEL,biwi_hotel:309,13130,triu,0.0607769601047039,0.1681150645017624,-1.54:-6.73;-1.54:-6.73;-1.54:-6.73;-1.56:-6.71;-1.56:-6.71;-1.56:-6.71;-1.58:-6.69;-1.58:-6.68,-1.58:-6.68;-1.58:-6.68;-1.58:-6.68;-1.6:-6.68;-1.62:-6.68;-1.62:-6.68;-1.62:-6.68;-1.62:-6.68;-1.62:-6.68;-1.62:-6.68;-1.62:-6.68;-1.57:-6.72,-1.593136:-6.680558;-1.598819:-6.675991;-1.611271:-6.681011;-1.624174:-6.680852;-1.644782:-6.681197;-1.659932:-6.685975;-1.67921:-6.686465;-1.685732:-6.691536;-1.703433:-6.686615;-1.716463:-6.689401;-1.720926:-6.687977;-1.736961:-6.700331,sigma3_hotel_seed42,3
HOTEL:biwi_hotel:309:13140,HOTEL,biwi_hotel:309,13140,triu,0.2122617214918136,0.4780221283435821,-1.54:-6.73;-1.54:-6.73;-1.56:-6.71;-1.56:-6.71;-1.56:-6.71;-1.58:-6.69;-1.58:-6.68;-1.58:-6.68,-1.58:-6.68;-1.58:-6.68;-1.6:-6.68;-1.62:-6.68;-1.62:-6.68;-1.62:-6.68;-1.62:-6.68;-1.62:-6.68;-1.62:-6.68;-1.62:-6.68;-1.57:-6.72;-1.56:-6.73,-1.610106:-6.679551;-1.635923:-6.674293;-1.671127:-6.68128;-1.714091:-6.680423;-1.759591:-6.685131;-1.783368:-6.677946;-1.838927:-6.681459;-1.87163:-6.680917;-1.914001:-6.681619;-1.958596:-6.68726;-1.97753:-6.66476;-2.034292:-6.670403,sigma3_hotel_seed42,3
HOTEL:biwi_hotel:309:13150,HOTEL,biwi_hotel:309,13150,triu,0.1051415801048278,0.2740513682365417,-1.54:-6.73;-1.56:-6.71;-1.56:-6.71;-1.56:-6.71;-1.58:-6.69;-1.58:-6.68;-1.58:-6.68;-1.58:-6.68,-1.58:-6.68;-1.6:-6.68;-1.62:-6.68;-1.62:-6.68;-1.62:-6.68;-1.62:-6.68;-1.62:-6.68;-1.62:-6.68;-1.62:-6.68;-1.57:-6.72;-1.56:-6.73;-1.56:-6.74,-1.599886:-6.680882;-1.605489:-6.680032;-1.621712:-6.682181;-1.651464:-6.67963;-1.674556:-6.684525;-1.687185:-6.680851;-1.716632:-6.688147;-1.733999:-6.683824;-1.753648:-6.688824;-1.788419:-6.687331;-1.794363:-6.677119;-1.829191:-6.688617,sigma3_hotel_seed42,3
HOTEL:biwi_hotel:309:13160,HOTEL,biwi_hotel:309,13160,triu,0.1309181302785873,0.3241152465343475,-1.56:-6.71;-1.56:-6.71;-1.56:-6.71;-1.58:-6.69;-1.58:-6.68;-1.58:-6.68;-1.58:-6.68;-1.58:-6.68,-1.6:-6.68;-1.62:-6.68;-1.62:-6.68;-1.62:-6.68;-1.62:-6.68;-1.62:-6.68;-1.62:-6.68;-1.62:-6.68;-1.57:-6.72;-1.56:-6.73;-1.56:-6.74;-1.56:-6.75,-1.588915:-6.68119;-1.612661:-6.676685;-1.632018:-6.683632;-1.643517:-6.687252;-1.682122:-6.695717;-1.709672:-6.677721;-1.753673:-6.684134;-1.7624:-6.703171;-1.795478:-6.692576;-1.801564:-6.706708;-1.844209:-6.688026;-1.87795:-6.687085,sigma3_hotel_seed42,3
HOTEL:biwi_hotel:309:13170,HOTEL,biwi_hotel:309,13170,triu,0.3494163453578949,0.6895864009857178,-1.56:-6.71;-1.56:-6.71;-1.58:-6.69;-1.58:-6.68;-1.58:-6.68;-1.58:-6.68;-1.58:-6.68;-1.6:-6.68,-1.62:-6.68;-1.62:-6.68;-1.62:-6.68;-1.62:-6.68;-1.62:-6.68;-1.62:-6.68;-1.62:-6.68;-1.57:-6.72;-1.56:-6.73;-1.56:-6.74;-1.56:-6.75;-1.56:-6.73,-1.650662:-6.682046;-1.693381:-6.675257;-1.743207:-6.682011;-1.809253:-6.68184;-1.869674:-6.683662;-1.904792:-6.678114;-1.970704:-6.671884;-2.032851:-6.669078;-2.081513:-6.682266;-2.143982:-6.672538;-2.177531:-6.659257;-2.245832:-6.658144,sigma3_hotel_seed42,3
HOTEL:biwi_hotel:309:13180,HOTEL,biwi_hotel:309,13180,triu,0.2864808738231659,0.5708363056182861,-1.56:-6.71;-1.58:-6.69;-1.58:-6.68;-1.58:-6.68;-1.58:-6.68;-1.58:-6.68;-1.6:-6.68;-1.62:-6.68,-1.62:-6.68;-1.62:-6.68;-1.62:-6.68;-1.62:-6.68;-1.62:-6.68;-1.62:-6.68;-1.57:-6.72;-1.56:-6.73;-1.56:-6.74;-1.56:-6.75;-1.56:-6.73;-1.56:-6.73,-1.643914:-6.677249;-1.680387:-6.667029;-1.723704:-6.675384;-1.749699:-6.681022;-1.812167:-6.684427;-1.846522:-6.669812;-1.911004:-6.675435;-1.931475:-6.693967;-1.990974:-6.67611;-2.025743:-6.697392;-2.061935:-6.657748;-2.126683:-6.661268,sigma3_hotel_seed42,3
HOTEL:biwi_hotel:309:13190,HOTEL,biwi_hotel:309,13190,triu,0.044266328215599,0.063668243587017,-1.58:-6.69;-1.58:-6.68;-1.58:-6.68;-1.58:-6.68;-1.58:-6.68;-1.6:-6.68;-1.62:-6.68;-1.62:-6.68,-1.62:-6.68;-1.62:-6.68;-1.62:-6.68;-1.62:-6.68;-1.62:-6.68;-1.57:-6.72;-1.56:-6.73;-1.56:-6.74;-1.56:-6.75;-1.56:-6.73;-1.56:-6.73;-1.56:-6.73,-1.61896:-6.679348;-1.607622:-6.683786;-1.609883:-6.679616;-1.615775:-6.673442;-1.608499:-6.674882;-1.608195:-6.675407;-1.610655:-6.684114;-1.603201:-6.676847;-1.599237:-6.675144;-1.60938:-6.681663;-1.597991:-6.676462;-1.605516:-6.685482,sigma3_hotel_seed42,3
HOTEL:biwi_hotel:309:13200,HOTEL,biwi_hotel:309,13200,triu,0.0742789134383201,0.1196851283311843,-1.58:-6.68;-1.58:-6.68;-1.58:-6.68;-1.58:-6.68;-1.6:-6.68;-1.62:-6.68;-1.62:-6.68;-1.62:-6.68,-1.62:-6.68;-1.62:-6.68;-1.62:-6.68;-1.62:-6.68;-1.57:-6.72;-1.56:-6.73;-1.56:-6.74;-1.56:-6.75;-1.56:-6.73;-1.56:-6.73;-1.56:-6.73;-1.54:-6.73,-1.626514:-6.680802;-1.625829:-6.681868;-1.635417:-6.678824;-1.643068:-6.670301;-1.637375:-6.669109;-1.640386:-6.670805;-1.64238:-6.667863;-1.641839:-6.666998;-1.63687:-6.668323;-1.644048:-6.665806;-1.64301:-6.667595;-1.642012:-6.667406,sigma3_hotel_seed42,3
HOTEL:biwi_hotel:309:13210,HOTEL,biwi_hotel:309,13210,triu,0.1293942332267761,0.2327697873115539,-1.58:-6.68;-1.58:-6.68;-1.58:-6.68;-1.6:-6.68;-1.62:-6.68;-1.62:-6.68;-1.62:-6.68;-1.62:-6.68,-1.62:-6.68;-1.62:-6.68;-1.62:-6.68;-1.57:-6.72;-1.56:-6.73;-1.56:-6.74;-1.56:-6.75;-1.56:-6.73;-1.56:-6.73;-1.56:-6.73;-1.54:-6.73;-1.54:-6.73,-1.631759:-6.680382;-1.633882:-6.678736;-1.644931:-6.681021;-1.660637:-6.679011;-1.676342:-6.681118;-1.688966:-6.682715;-1.708508:-6.68748;-1.714372:-6.68757;-1.728623:-6.684903;-1.746797:-6.687798;-1.75016:-6.683532;-1.770187:-6.695421,sigma3_hotel_seed42,3
HOTEL:biwi_hotel:310:13130,HOTEL,biwi_hotel:310,13130,triu,0.1797872334718704,0.244256779551506,-1.49:-8.22;-1.49:-8.22;-1.49:-8.22;-1.47:-8.22;-1.45:-8.22;-1.45:-8.19;-1.45:-8.13;-1.45:-8.12,-1.45:-8.2;-1.47:-8.28;-1.48:-8.34;-1.48:-8.33;-1.48:-8.31;-1.46:-8.29;-1.44:-8.29;-1.44:-8.29;-1.44:-8.29;-1.44:-8.29;-1.44:-8.29;-1.33:-8.28,-1.456775:-8.12132;-1.463712:-8.125887;-1.465729:-8.122819;-1.476071:-8.11768;-1.475711:-8.122258;-1.494352:-8.120361;-1.504769:-8.126441;-1.507863:-8.123112;-1.511074:-8.122231;-1.505621:-8.127643;-1.52561:-8.136564;-1.527283:-8.135983,sigma3_hotel_seed42,3
HOTEL:biwi_hotel:310:13140,HOTEL,biwi_hotel:310,13140,triu,0.1371330767869949,0.292683333158493,-1.49:-8.22;-1.49:-8.22;-1.47:-8.22;-1.45:-8.22;-1.45:-8.19;-1.45:-8.13;-1.45:-8.12;-1.45:-8.2,-1.47:-8.28;-1.48:-8.34;-1.48:-8.33;-1.48:-8.31;-1.46:-8.29;-1.44:-8.29;-1.44:-8.29;-1.44:-8.29;-1.44:-8.29;-1.44:-8.29;-1.33:-8.28;-1.32:-8.27,-1.439216:-8.201017;-1.454592:-8.203883;-1.469471:-8.202459;-1.467995:-8.21049;-1.487733:-8.21614;-1.496449:-8.186241;-1.519799:-8.195286;-1.51596:-8.217877;-1.537468:-8.218821;-1.53816:-8.243834;-1.564111:-8.202215;-1.598907:-8.181264,sigma3_hotel_seed42,3
HOTEL:biwi_hotel:310:13150,HOTEL,biwi_hotel:310,13150,triu,0.120158813893795,0.3072128891944885,-1.49:-8.22;-1.47:-8.22;-1.45:-8.22;-1.45:-8.19;-1.45:-8.13;-1.45:-8.12;-1.45:-8.2;-1.47:-8.28,-1.48:-8.34;-1.48:-8.33;-1.48:-8.31;-1.46:-8.29;-1.44:-8.29;-1.44:-8.29;-1.44:-8.29;-1.44:-8.29;-1.44:-8.29;-1.33:-8.28;-1.32:-8.27;-1.32:-8.29,-1.461079:-8.283234;-1.472713:-8.286336;-1.48665:-8.28312;-1.485405:-8.29213;-1.50863:-8.295258;-1.516854:-8.267355;-1.537135:-8.270398;-1.538465:-8.295145;-1.558363:-8.304536;-1.56703:-8.315407;-1.591438:-8.284917;-1.626141:-8.264359,sigma3_hotel_seed42,3
HOTEL:biwi_hotel:310:13160,HOTEL,biwi_hotel:310,13160,triu,0.1048873886466026,0.2036455869674682,-1.47:-8.22;-1.45:-8.22;-1.45:-8.19;-1.45:-8.13;-1.45:-8.12;-1.45:-8.2;-1.47:-8.28;-1.48:-8.34,-1.48:-8.33;-1.48:-8.31;-1.46:-8.29;-1.44:-8.29;-1.44:-8.29;-1.44:-8.29;-1.44:-8.29;-1.44:-8.29;-1.33:-8.28;-1.32:-8.27;-1.32:-8.29;-1.32:-8.31,-1.452835:-8.343946;-1.456104:-8.342855;-1.460563:-8.347395;-1.44125:-8.362005;-1.468643:-8.368891;-1.46636:-8.330705;-1.482274:-8.34059;-1.467145:-8.379434;-1.480291:-8.377876;-1.469781:-8.400612;-1.49266:-8.355118;-1.520725:-8.344364,sigma3_hotel_seed42,3
HOTEL:biwi_hotel:310:13170,HOTEL,biwi_hotel:310,13170,triu,0.0895848348736763,0.0913509875535965,-1.45:-8.22;-1.45:-8.19;-1.45:-8.13;-1.45:-8.12;-1.45:-8.2;-1.47:-8.28;-1.48:-8.34;-1.48:-8.33,-1.48:-8.31;-1.46:-8.29;-1.44:-8.29;-1.44:-8.29;-1.44:-8.29;-1.44:-8.29;-1.44:-8.29;-1.33:-8.28;-1.32:-8.27;-1.32:-8.29;-1.32:-8.31;-1.36:-8.31,-1.485263:-8.330818;-1.482209:-8.327146;-1.482469:-8.330791;-1.482198:-8.33266;-1.487079:-8.328836;-1.485712:-8.337287;-1.474392:-8.333276;-1.472649:-8.339724;-1.474473:-8.343241;-1.46788:-8.345152;-1.449275:-8.347184;-1.43865:-8.356468,sigma3_hotel_seed42,3
HOTEL:biwi_hotel:310:13180,HOTEL,biwi_hotel:310,13180,triu,0.1511009186506271,0.2475172132253646,-1.45:-8.19;-1.45:-8.13;-1.45:-8.12;-1.45:-8.2;-1.47:-8.28;-1.48:-8.34;-1.48:-8.33;-1.48:-8.31,-1.46:-8.29;-1.44:-8.29;-1.44:-8.29;-1.44:-8.29;-1.44:-8.29;-1.44:-8.29;-1.33:-8.28;-1.32:-8.27;-1.32:-8.29;-1.32:-8.31;-1.36:-8.31;-1.31:-8.37,-1.491557:-8.313105;-1.506095:-8.31472;-1.507571:-8.314435;-1.515807:-8.311178;-1.519402:-8.314811;-1.53967:-8.313285;-1.545059:-8.311307;-1.552953:-8.31584;-1.555926:-8.32025;-1.539579:-8.318716;-1.565891:-8.336237;-1.554399:-8.330835,sigma3_hotel_seed42,3
HOTEL:biwi_hotel:310:13190,HOTEL,biwi_hotel:310,13190,triu,0.0969431027770042,0.1959818303585052,-1.45:-8.13;-1.45:-8.12;-1.45:-8.2;-1.47:-8.28;-1.48:-8.34;-1.48:-8.33;-1.48:-8.31;-1.46:-8.29,-1.44:-8.29;-1.44:-8.29;-1.44:-8.29;-1.44:-8.29;-1.44:-8.29;-1.33:-8.28;-1.32:-8.27;-1.32:-8.29;-1.32:-8.31;-1.36:-8.31;-1.31:-8.37;-1.29:-8.36,-1.448672:-8.292868;-1.456694:-8.291439;-1.457635:-8.297213;-1.446168:-8.303844;-1.463244:-8.312336;-1.466412:-8.286646;-1.478094:-8.293256;-1.467132:-8.320494;-1.475318:-8.319564;-1.453982:-8.334736;-1.476198:-8.313379;-1.47888:-8.30772,sigma3_hotel_seed42,3
HOTEL:biwi_hotel:310:13200,HOTEL,biwi_hotel:310,13200,triu,0.0427574664354324,0.0724242702126503,-1.45:-8.12;-1.45:-8.2;-1.47:-8.28;-1.48:-8.34;-1.48:-8.33;-1.48:-8.31;-1.46:-8.29;-1.44:-8.29,-1.44:-8.29;-1.44:-8.29;-1.44:-8.29;-1.44:-8.29;-1.33:-8.28;-1.32:-8.27;-1.32:-8.29;-1.32:-8.31;-1.36:-8.31;-1.31:-8.37;-1.29:-8.36;-1.26:-8.3,-1.426458:-8.290614;-1.42329:-8.294276;-1.403742:-8.293604;-1.38091:-8.291716;-1.361887:-8.289719;-1.364908:-8.298567;-1.332812:-8.295717;-1.315426:-8.300209;-1.30251:-8.295676;-1.246832:-8.311248;-1.239749:-8.332258;-1.194069:-8.329973,sigma3_hotel_seed42,3
HOTEL:biwi_hotel:310:13210,HOTEL,biwi_hotel:310,13210,triu,0.0455245859920978,0.0898980721831321,-1.45:-8.2;-1.47:-8.28;-1.48:-8.34;-1.48:-8.33;-1.48:-8.31;-1.46:-8.29;-1.44:-8.29;-1.44:-8.29,-1.44:-8.29;-1.44:-8.29;-1.44:-8.29;-1.33:-8.28;-1.32:-8.27;-1.32:-8.29;-1.32:-8.31;-1.36:-8.31;-1.31:-8.37;-1.29:-8.36;-1.26:-8.3;-1.24:-8.23,-1.430882:-8.290148;-1.423582:-8.29242;-1.412099:-8.290322;-1.395599:-8.289221;-1.377708:-8.28439;-1.378349:-8.295479;-1.350494:-8.293377;-1.333725:-8.296667;-1.320659:-8.293093;-1.285607:-8.30447;-1.270766:-8.317931;-1.237483:-8.319862,sigma3_hotel_seed42,3
HOTEL:biwi_hotel:311:13130,HOTEL,biwi_hotel:311,13130,triu,0.0773748382925987,0.15747931599617,-1.36:-2.68;-1.36:-2.68;-1.36:-2.68;-1.36:-2.68;-1.36:-2.68;-1.36:-2.68;-1.36:-2.68;-1.36:-2.68,-1.36:-2.68;-1.36:-2.68;-1.36:-2.68;-1.36:-2.68;-1.36:-2.68;-1.36:-2.68;-1.36:-2.68;-1.36:-2.68;-1.36:-2.68;-1.36:-2.68;-1.36:-2.68;-1.36:-2.68,-1.370372:-2.680133;-1.373073:-2.68024;-1.385774:-2.680204;-1.401243:-2.676161;-1.412573:-2.678557;-1.429167:-2.679744;-1.452227:-2.68584;-1.455875:-2.684138;-1.467934:-2.678046;-1.486122:-2.682235;-1.496144:-2.679788;-1.517195:-2.689461,sigma3_hotel_seed42,3
HOTEL:biwi_hotel:311:13140,HOTEL,biwi_hotel:311,13140,triu,0.0773748382925987,0.15747931599617,-1.36:-2.68;-1.36:-2.68;-1.36:-2.68;-1.36:-2.68;-1.36:-2.68;-1.36:-2.68;-1.36:-2.68;-1.36:-2.68,-1.36:-2.68;-1.36:-2.68;-1.36:-2.68;-1.36:-2.68;-1.36:-2.68;-1.36:-2.68;-1.36:-2.68;-1.36:-2.68;-1.36:-2.68;-1.36:-2.68;-1.36:-2.68;-1.36:-2.68,-1.370372:-2.680133;-1.373073:-2.68024;-1.385774:-2.680204;-1.401243:-2.676161;-1.412573:-2.678557;-1.429167:-2.679744;-1.452227:-2.68584;-1.455875:-2.684138;-1.467934:-2.678046;-1.486122:-2.682235;-1.496144:-2.679788;-1.517195:-2.689461,sigma3_hotel_seed42,3
HOTEL:biwi_hotel:311:13150,HOTEL,biwi_hotel:311,13150,triu,0.0773748382925987,0.15747931599617,-1.36:-2.68;-1.36:-2.68;-1.36:-2.68;-1.36:-2.68;-1.36:-2.68;-1.36:-2.68;-1.36:-2.68;-1.36:-2.68,-1.36:-2.68;-1.36:-2.68;-1.36:-2.68;-1.36:-2.68;-1.36:-2.68;-1.36:-2.68;-1.36:-2.68;-1.36:-2.68;-1.36:-2.68;-1.36:-2.68;-1.36:-2.68;-1.36:-2.68,-1.370372:-2.680133;-1.373073:-2.68024;-1.385774:-2.680204;-1.401243:-2.676161;-1.412573:-2.678557;-1.429167:-2.679744;-1.452227:-2.68584;-1.455875:-2.684138;-1.467934:-2.678046;-1.486122:-2.682235;-1.496144:-2.679788;-1.517195:-2.689461,sigma3_hotel_seed42,3
HOTEL:biwi_hotel:311:13160,HOTEL,biwi_hotel:311,13160,triu,0.079753078520298,0.1860182136297226,-1.36:-2.68;-1.36:-2.68;-1.36:-2.68;-1.36:-2.68;-1.36:-2.68;-1.36:-2.68;-1.36:-2.68;-1.36:-2.68,-1.36:-2.68;-1.36:-2.68;-1.36:-2.68;-1.36:-2.68;-1.36:-2.68;-1.36:-2.68;-1.36:-2.68;-1.36:-2.68;-1.36:-2.68;-1.36:-2.68;-1.36:-2.68;-1.36:-2.59,-1.370372:-2.680133;-1.373073:-2.68024;-1.385774:-2.680204;-1.401243:-2.676161;-1.412573:-2.678557;-1.429167:-2.679744;-1.452227:-2.68584;-1.455875:-2.684138;-1.467934:-2.678046;-1.486122:-2.682235;-1.496144:-2.679788;-1.517195:-2.689461,sigma3_hotel_seed42,3
HOTEL:biwi_hotel:311:13170,HOTEL,biwi_hotel:311,13170,triu,0.07969631254673,0.1583949476480484,-1.36:-2.68;-1.36:-2.68;-1.36:-2.68;-1.36:-2.68;-1.36:-2.68;-1.36:-2.68;-1.36:-2.68;-1.36:-2.68,-1.36:-2.68;-1.36:-2.68;-1.36:-2.68;-1.36:-2.68;-1.36:-2.68;-1.36:-2.68;-1.36:-2.68;-1.36:-2.68;-1.36:-2.68;-1.36:-2.68;-1.36:-2.59;-1.36:-2.67,-1.370372:-2.680133;-1.373073:-2.68024;-1.385774:-2.680204;-1.401243:-2.676161;-1.412573:-2.678557;-1.429167:-2.679744;-1.452227:-2.68584;-1.455875:-2.684138;-1.467934:-2.678046;-1.486122:-2.682235;-1.496144:-2.679788;-1.517195:-2.689461,sigma3_hotel_seed42,3
HOTEL:biwi_hotel:311:13180,HOTEL,biwi_hotel:311,13180,triu,0.0799131318926811,0.15747931599617,-1.36:-2.68;-1.36:-2.68;-1.36:-2.68;-1.36:-2.68;-1.36:-2.68;-1.36:-2.68;-1.36:-2.68;-1.36:-2.68,-1.36:-2.68;-1.36:-2.68;-1.36:-2.68;-1.36:-2.68;-1.36:-2.68;-1.36:-2.68;-1.36:-2.68;-1.36:-2.68;-1.36:-2.68;-1.36:-2.59;-1.36:-2.67;-1.36:-2.68,-1.370372:-2.680133;-1.373073:-2.68024;-1.385774:-2.680204;-1.401243:-2.676161;-1.412573:-2.678557;-1.429167:-2.679744;-1.452227:-2.68584;-1.455875:-2.684138;-1.467934:-2.678046;-1.486122:-2.682235;-1.496144:-2.679788;-1.517195:-2.689461,sigma3_hotel_seed42,3
HOTEL:biwi_hotel:311:13190,HOTEL,biwi_hotel:311,13190,triu,0.0800340771675109,0.15747931599617,-1.36:-2.68;-1.36:-2.68;-1.36:-2.68;-1.36:-2.68;-1.36:-2.68;-1.36:-2.68;-1.36:-2.68;-1.36:-2.68,-1.36:-2.68;-1.36:-2.68;-1.36:-2.68;-1.36:-2.68;-1.36:-2.68;-1.36:-2.68;-1.36:-2.68;-1.36:-2.68;-1.36:-2.59;-1.36:-2.67;-1.36:-2.68;-1.36:-2.68,-1.370372:-2.680133;-1.373073:-2.68024;-1.385774:-2.680204;-1.401243:-2.676161;-1.412573:-2.678557;-1.429167:-2.679744;-1.452227:-2.68584;-1.455875:-2.684138;-1.467934:-2.678046;-1.486122:-2.682235;-1.496144:-2.679788;-1.517195:-2.689461,sigma3_hotel_seed42,3
HOTEL:biwi_hotel:311:13200,HOTEL,biwi_hotel:311,13200,triu,0.0805984064936637,0.15747931599617,-1.36:-2.68;-1.36:-2.68;-1.36:-2.68;-1.36:-2.68;-1.36:-2.68;-1.36:-2.68;-1.36:-2.68;-1.36:-2.68,-1.36:-2.68;-1.36:-2.68;-1.36:-2.68;-1.36:-2.68;-1.36:-2.68;-1.36:-2.68;-1.36:-2.68;-1.36:-2.59;-1.36:-2.67;-1.36:-2.68;-1.36:-2.68;-1.36:-2.68,-1.370372:-2.680133;-1.373073:-2.68024;-1.385774:-2.680204;-1.401243:-2.676161;-1.412573:-2.678557;-1.429167:-2.679744;-1.452227:-2.68584;-1.455875:-2.684138;-1.467934:-2.678046;-1.486122:-2.682235;-1.496144:-2.679788;-1.517195:-2.689461,sigma3_hotel_seed42,3
HOTEL:biwi_hotel:311:13210,HOTEL,biwi_hotel:311,13210,triu,0.0808368027210235,0.15747931599617,-1.36:-2.68;-1.36:-2.68;-1.36:-2.68;-1.36:-2.68;-1.36:-2.68;-1.36:-2.68;-1.36:-2.68;-1.36:-2.68,-1.36:-2.68;-1.36:-2.68;-1.36:-2.68;-1.36:-2.68;-1.36:-2.68;-1.36:-2.68;-1.36:-2.59;-1.36:-2.67;-1.36:-2.68;-1.36:-2.68;-1.36:-2.68;-1.36:-2.68,-1.370372:-2.680133;-1.373073:-2.68024;-1.385774:-2.680204;-1.401243:-2.676161;-1.412573:-2.678557;-1.429167:-2.679744;-1.452227:-2.68584;-1.455875:-2.684138;-1.467934:-2.678046;-1.486122:-2.682235;-1.496144:-2.679788;-1.517195:-2.689461,sigma3_hotel_seed42,3
HOTEL:biwi_hotel:313:13130,HOTEL,biwi_hotel:313,13130,triu,0.0773748233914375,0.1574792563915252,-0.52:3.4;-0.52:3.4;-0.52:3.4;-0.52:3.4;-0.52:3.4;-0.52:3.4;-0.52:3.4;-0.52:3.4,-0.52:3.4;-0.52:3.4;-0.52:3.4;-0.52:3.4;-0.52:3.4;-0.52:3.4;-0.52:3.4;-0.52:3.4;-0.52:3.4;-0.52:3.4;-0.52:3.4;-0.52:3.4,-0.5303717:3.399867;-0.5330726:3.39976;-0.5457742:3.399796;-0.5612432:3.403839;-0.5725733:3.401443;-0.5891672:3.400256;-0.6122273:3.394161;-0.6158749:3.395862;-0.6279344:3.401955;-0.6461222:3.397765;-0.6561435:3.400212;-0.6771948:3.390539,sigma3_hotel_seed42,3
HOTEL:biwi_hotel:313:13140,HOTEL,biwi_hotel:313,13140,triu,0.0773748233914375,0.1574792563915252,-0.52:3.4;-0.52:3.4;-0.52:3.4;-0.52:3.4;-0.52:3.4;-0.52:3.4;-0.52:3.4;-0.52:3.4,-0.52:3.4;-0.52:3.4;-0.52:3.4;-0.52:3.4;-0.52:3.4;-0.52:3.4;-0.52:3.4;-0.52:3.4;-0.52:3.4;-0.52:3.4;-0.52:3.4;-0.52:3.4,-0.5303717:3.399867;-0.5330726:3.39976;-0.5457742:3.399796;-0.5612432:3.403839;-0.5725733:3.401443;-0.5891672:3.400256;-0.6122273:3.394161;-0.6158749:3.395862;-0.6279344:3.401955;-0.6461222:3.397765;-0.6561435:3.400212;-0.6771948:3.390539,sigma3_hotel_seed42,3
HOTEL:biwi_hotel:313:13150,HOTEL,biwi_hotel:313,13150,triu,0.0773748233914375,0.1574792563915252,-0.52:3.4;-0.52:3.4;-0.52:3.4;-0.52:3.4;-0.52:3.4;-0.52:3.4;-0.52:3.4;-0.52:3.4,-0.52:3.4;-0.52:3.4;-0.52:3.4;-0.52:3.4;-0.52:3.4;-0.52:3.4;-0.52:3.4;-0.52:3.4;-0.52:3.4;-0.52:3.4;-0.52:3.4;-0.52:3.4,-0.5303717:3.399867;-0.5330726:3.39976;-0.5457742:3.399796;-0.5612432:3.403839;-0.5725733:3.401443;-0.5891672:3.400256;-0.6122273:3.394161;-0.6158749:3.395862;-0.6279344:3.401955;-0.6461222:3.397765;-0.6561435:3.400212;-0.6771948:3.390539,sigma3_hotel_seed42,3
HOTEL:biwi_hotel:313:13160,HOTEL,biwi_hotel:313,13160,triu,0.0821883454918861,0.2152415215969085,-0.52:3.4;-0.52:3.4;-0.52:3.4;-0.52:3.4;-0.52:3.4;-0.52:3.4;-0.52:3.4;-0.52:3.4,-0.52:3.4;-0.52:3.4;-0.52:3.4;-0.52:3.4;-0.52:3.4;-0.52:3.4;-0.52:3.4;-0.52:3.4;-0.52:3.4;-0.52:3.4;-0.52:3.4;-0.56:3.21,-0.5303717:3.399867;-0.5330726:3.39976;-0.5457742:3.399796;-0.5612432:3.403839;-0.5725733:3.401443;-0.5891672:3.400256;-0.6122273:3.394161;-0.6158749:3.395862;-0.6279344:3.401955;-0.6461222:3.397765;-0.6561435:3.400212;-0.6771948:3.390539,sigma3_hotel_seed42,3
HOTEL:biwi_hotel:313:13170,HOTEL,biwi_hotel:313,13170,triu,0.0896162688732147,0.2273907661437988,-0.52:3.4;-0.52:3.4;-0.52:3.4;-0.52:3.4;-0.52:3.4;-0.52:3.4;-0.52:3.4;-0.52:3.4,-0.52:3.4;-0.52:3.4;-0.52:3.4;-0.52:3.4;-0.52:3.4;-0.52:3.4;-0.52:3.4;-0.52:3.4;-0.52:3.4;-0.52:3.4;-0.56:3.21;-0.57:3.19,-0.5303717:3.399867;-0.5330726:3.39976;-0.5457742:3.399796;-0.5612432:3.403839;-0.5725733:3.401443;-0.5891672:3.400256;-0.6122273:3.394161;-0.6158749:3.395862;-0.6279344:3.401955;-0.6461222:3.397765;-0.6561435:3.400212;-0.6771948:3.390539,sigma3_hotel_seed42,3
HOTEL:biwi_hotel:313:13180,HOTEL,biwi_hotel:313,13180,triu,0.0974896028637886,0.2273907661437988,-0.52:3.4;-0.52:3.4;-0.52:3.4;-0.52:3.4;-0.52:3.4;-0.52:3.4;-0.52:3.4;-0.52:3.4,-0.52:3.4;-0.52:3.4;-0.52:3.4;-0.52:3.4;-0.52:3.4;-0.52:3.4;-0.52:3.4;-0.52:3.4;-0.52:3.4;-0.56:3.21;-0.57:3.19;-0.57:3.19,-0.5303717:3.399867;-0.5330726:3.39976;-0.5457742:3.399796;-0.5612432:3.403839;-0.5725733:3.401443;-0.5891672:3.400256;-0.6122273:3.394161;-0.6158749:3.395862;-0.6279344:3.401955;-0.6461222:3.397765;-0.6561435:3.400212;-0.6771948:3.390539,sigma3_hotel_seed42,3
HOTEL:biwi_hotel:313:13190,HOTEL,biwi_hotel:313,13190,triu,0.106686808168888,0.2273907661437988,-0.52:3.4;-0.52:3.4;-0.52:3.4;-0.52:3.4;-0.52:3.4;-0.52:3.4;-0.52:3.4;-0.52:3.4,-0.52:3.4;-0.52:3.4;-0.52:3.4;-0.52:3.4;-0.52:3.4;-0.52:3.4;-0.52:3.4;-0.52:3.4;-0.56:3.21;-0.57:3.19;-0.57:3.19;-0.57:3.19,-0.5303717:3.399867;-0.5330726:3.39976;-0.5457742:3.399796;-0.5612432:3.403839;-0.5725733:3.401443;-0.5891672:3.400256;-0.6122273:3.394161;-0.6158749:3.395862;-0.6279344:3.401955;-0.6461222:3.397765;-0.6561435:3.400212;-0.6771948:3.390539,sigma3_hotel_seed42,3
HOTEL:biwi_hotel:313:13200,HOTEL,biwi_hotel:313,13200,triu,0.1162054240703582,0.2273907661437988,-0.52:3.4;-0.52:3.4;-0.52:3.4;-0.52:3.4;-0.52:3.4;-0.52:3.4;-0.52:3.4;-0.52:3.4,-0.52:3.4;-0.52:3.4;-0.52:3.4;-0.52:3.4;-0.52:3.4;-0.52:3.4;-0.52:3.4;-0.56:3.21;-0.57:3.19;-0.57:3.19;-0.57:3.19;-0.57:3.19,-0.5303717:3.399867;-0.5330726:3.39976;-0.5457742:3.399796;-0.5612432:3.403839;-0.5725733:3.401443;-0.5891672:3.400256;-0.6122273:3.394161;-0.6158749:3.395862;-0.6279344:3.401955;-0.6461222:3.397765;-0.6561435:3.400212;-0.6771948:3.390539,sigma3_hotel_seed42,3
HOTEL:biwi_hotel:313:13210,HOTEL,biwi_hotel:313,13210,triu,0.1258590370416641,0.2273907661437988,-0.52:3.4;-0.52:3.4;-0.52:3.4;-0.52:3.4;-0.52:3.4;-0.52:3.4;-0.52:3.4;-0.52:3.4,-0.52:3.4;-0.52:3.4;-0.52:3.4;-0.52:3.4;-0.52:3.4;-0.52:3.4;-0.56:3.21;-0.57:3.19;-0.57:3.19;-0.57:3.19;-0.57:3.19;-0.57:3.19,-0.5303717:3.399867;-0.5330726:3.39976;-0.5457742:3.399796;-0.5612432:3.403839;-0.5725733:3.401443;-0.5891672:3.400256;-0.6122273:3.394161;-0.6158749:3.395862;-0.6279344:3.401955;-0.6461222:3.397765;-0.6561435:3.400212;-0.6771948:3.390539,sigma3_hotel_seed42,3
HOTEL:biwi_hotel:315:13170,HOTEL,biwi_hotel:315,13170,triu,2.4225165843963623,3.2946643829345703,1.13:-10.03;1.12:-9.54;1:-9.05;0.79:-8.66;0.77:-8.24;0.83:-7.78;0.79:-7.3;0.69:-6.89,0.73:-6.46;0.75:-5.98;0.62:-5.55;0.57:-5.14;0.59:-4.67;0.39:-4.29;0.16:-3.96;-0.05:-3.54;-0.27:-3.46;-0.45:-3.49;-0.56:-3.5;-0.57:-3.51,0.5523006:-6.90077;0.3972369:-6.94125;0.266881:-6.949775;0.08217829:-6.84643;-0.01890284:-6.890766;-0.1585357:-6.864721;-0.3866763:-6.769835;-0.5778356:-6.724688;-0.7355335:-6.802516;-0.8487242:-6.722649;-1.025684:-6.868086;-1.118345:-6.758712,sigma3_hotel_seed42,3
HOTEL:biwi_hotel:315:13180,HOTEL,biwi_hotel:315,13180,triu,2.3238065242767334,3.159761905670166,1.12:-9.54;1:-9.05;0.79:-8.66;0.77:-8.24;0.83:-7.78;0.79:-7.3;0.69:-6.89;0.73:-6.46,0.75:-5.98;0.62:-5.55;0.57:-5.14;0.59:-4.67;0.39:-4.29;0.16:-3.96;-0.05:-3.54;-0.27:-3.46;-0.45:-3.49;-0.56:-3.5;-0.57:-3.51;-0.6:-3.43,0.7468217:-6.474292;0.7220558:-6.536861;0.7420222:-6.555057;0.672388:-6.443516;0.709392:-6.500601;0.6834393:-6.492414;0.5873544:-6.409377;0.5022286:-6.335968;0.4450147:-6.41134;0.4723947:-6.383393;0.4197953:-6.536165;0.4239518:-6.41925,sigma3_hotel_seed42,3
HOTEL:biwi_hotel:316:13170,HOTEL,biwi_hotel:316,13170,triu,4.806721210479736,9.022130012512209,1.73:3.4;1.75:2.75;1.69:2.14;1.62:1.5;1.53:0.88;1.41:0.24;1.38:-0.41;1.39:-1.11,1.39:-1.81;1.51:-2.5;1.52:-3.18;1.69:-3.99;1.68:-4.64;1.55:-5.29;1.63:-6.07;1.64:-6.76;1.65:-7.55;1.66:-8.41;1.59:-9.01;1.68:-9.8,1.35389:-1.124931;1.222988:-1.258213;1.158608:-1.315964;0.8846203:-1.06002;0.8100511:-1.219326;0.6754292:-1.131269;0.2587467:-1.047001;0.0142231:-0.8514121;-0.2244179:-0.9468496;-0.2770605:-0.9452386;-0.4575405:-1.203759;-0.5981183:-1.070223,sigma3_hotel_seed42,3
HOTEL:biwi_hotel:317:13180,HOTEL,biwi_hotel:317,13180,triu,1.8735589981079104,2.4582512378692627,0.66:-9.8;0.54:-9.33;0.55:-8.84;0.5:-8.41;0.38:-7.97;0.36:-7.52;0.33:-7.11;0.24:-6.68,0.2:-6.25;0.22:-5.79;0.16:-5.43;0.03:-5.1;-0.09:-4.84;-0.18:-4.63;-0.44:-4.45;-0.65:-4.27;-0.79:-4.2;-0.98:-4.18;-1.02:-4.18;-0.86:-4.19,0.1158268:-6.690654;-0.02921404:-6.738708;-0.1526572:-6.755091;-0.3428755:-6.636002;-0.4317383:-6.690528;-0.5626238:-6.66312;-0.8033251:-6.568346;-0.9906056:-6.509383;-1.148583:-6.58652;-1.255537:-6.517381;-1.418976:-6.669158;-1.510172:-6.560712,sigma3_hotel_seed42,3
HOTEL:biwi_hotel:333:14340,HOTEL,biwi_hotel:333,14340,triu,1.3107709884643557,2.4169087409973145,0.52:-4.89;0.35:-4.51;0.34:-4.47;0.14:-4.25;-0.03:-3.94;-0.19:-3.62;-0.31:-3.56;-0.53:-3.49,-0.61:-3.41;-0.75:-3.25;-0.96:-2.87;-1.15:-2.71;-1.32:-2.55;-1.4:-2.42;-1.37:-2.41;-1.27:-2.33;-1.26:-2.32;-1.26:-2.32;-1.26:-2.32;-1.26:-2.32,-0.7900432:-3.474072;-1.050949:-3.44544;-1.317813:-3.440946;-1.558367:-3.426663;-1.812314:-3.41018;-2.059893:-3.401207;-2.325973:-3.376357;-2.547692:-3.379829;-2.785765:-3.343941;-3.00877:-3.334189;-3.244103:-3.311654;-3.469486:-3.2996,sigma3_hotel_seed42,3
HOTEL:biwi_hotel:334:14340,HOTEL,biwi_hotel:334,14340,triu,3.7518351078033447,6.867233276367188,0.65:1.14;0.69:0.6;0.76:0.06;0.78:-0.53;0.92:-1.14;0.96:-1.74;0.94:-2.25;1.1:-2.94,1.09:-3.51;0.96:-4.09;0.8:-4.61;0.43:-5.08;0.07:-5.43;-0.32:-5.89;-0.8:-6.21;-1.12:-6.46;-1.68:-6.91;-2.09:-7.25;-2.43:-7.62;-2.77:-8.08,1.323185:-2.96012;1.421503:-3.113597;1.63299:-3.164126;1.606935:-2.939616;1.759789:-3.09299;1.822849:-3.043471;1.712642:-2.983242;1.666308:-2.775511;1.621544:-2.864595;1.819875:-2.931401;1.845531:-3.181134;1.888837:-3.034792,sigma3_hotel_seed42,3
HOTEL:biwi_hotel:344:14950,HOTEL,biwi_hotel:344,14950,triu,2.948058843612671,5.502793788909912,1.66:4.05;1.71:3.59;1.71:3.17;1.71:2.82;1.72:2.43;1.75:1.98;1.72:1.65;1.83:1.21,1.73:0.75;1.7:0.35;1.71:-0.1;1.54:-0.5;1.42:-0.87;1.3:-1.34;1.15:-1.8;1.06:-2.25;0.99:-2.74;0.86:-3.23;0.96:-3.67;0.93:-4.12,1.939503:1.193203;1.985343:1.111831;2.09996:1.088873;2.091792:1.212035;2.203403:1.141187;2.237322:1.145542;2.210635:1.220117;2.176671:1.319182;2.167249:1.241969;2.283006:1.236955;2.291389:1.07081;2.346279:1.197414,sigma3_hotel_seed42,3
HOTEL:biwi_hotel:344:14960,HOTEL,biwi_hotel:344,14960,triu,3.0505287647247314,5.819319248199463,1.71:3.59;1.71:3.17;1.71:2.82;1.72:2.43;1.75:1.98;1.72:1.65;1.83:1.21;1.73:0.75,1.7:0.35;1.71:-0.1;1.54:-0.5;1.42:-0.87;1.3:-1.34;1.15:-1.8;1.06:-2.25;0.99:-2.74;0.86:-3.23;0.96:-3.67;0.93:-4.12;0.95:-4.57,1.543828:0.7397748;1.325114:0.6747335;1.133573:0.644051;0.8398459:0.815895;0.6683757:0.7262844;0.4663656:0.7894882;0.07727504:0.8906977;-0.1966605:0.9821519;-0.4486854:0.8996029;-0.6220961:0.976562;-0.8717129:0.7877759;-1.039636:0.898622,sigma3_hotel_seed42,3
HOTEL:biwi_hotel:344:14970,HOTEL,biwi_hotel:344,14970,triu,2.9103686809539795,5.564809799194336,1.71:3.17;1.71:2.82;1.72:2.43;1.75:1.98;1.72:1.65;1.83:1.21;1.73:0.75;1.7:0.35,1.71:-0.1;1.54:-0.5;1.42:-0.87;1.3:-1.34;1.15:-1.8;1.06:-2.25;0.99:-2.74;0.86:-3.23;0.96:-3.67;0.93:-4.12;0.95:-4.57;0.72:-5.12,1.628155:0.3386706;1.524293:0.2810818;1.45345:0.2663168;1.302371:0.3841404;1.263227:0.3282863;1.168739:0.3471792;0.9781473:0.4354041;0.8238412:0.5084767;0.6993375:0.4295819;0.6441091:0.4776663;0.5241102:0.3234518;0.4648496:0.4389572,sigma3_hotel_seed42,3
HOTEL:biwi_hotel:344:14980,HOTEL,biwi_hotel:344,14980,triu,2.9085304737091064,5.448227882385254,1.71:2.82;1.72:2.43;1.75:1.98;1.72:1.65;1.83:1.21;1.73:0.75;1.7:0.35;1.71:-0.1,1.54:-0.5;1.42:-0.87;1.3:-1.34;1.15:-1.8;1.06:-2.25;0.99:-2.74;0.86:-3.23;0.96:-3.67;0.93:-4.12;0.95:-4.57;0.72:-5.12;0.76:-5.49,1.692467:-0.1134609;1.630787:-0.1821203;1.612217:-0.2037869;1.493999:-0.07421726;1.493956:-0.1423705;1.434226:-0.1216592;1.272212:-0.03679172;1.147514:0.04958754;1.048676:-0.02912287;1.040411:0.002675161;0.9520174:-0.1621023;0.9198858:-0.0441185,sigma3_hotel_seed42,3
HOTEL:biwi_hotel:344:14990,HOTEL,biwi_hotel:344,14990,triu,3.2848596572875977,6.260027885437012,1.72:2.43;1.75:1.98;1.72:1.65;1.83:1.21;1.73:0.75;1.7:0.35;1.71:-0.1;1.54:-0.5,1.42:-0.87;1.3:-1.34;1.15:-1.8;1.06:-2.25;0.99:-2.74;0.86:-3.23;0.96:-3.67;0.93:-4.12;0.95:-4.57;0.72:-5.12;0.76:-5.49;0.74:-6.03,1.281721:-0.5109561;0.9987614:-0.5505673;0.757198:-0.5637085;0.438689:-0.4272161;0.2037197:-0.4877285;-0.05683875:-0.4275408;-0.4416891:-0.3177798;-0.7613463:-0.2633359;-1.039122:-0.3471425;-1.255233:-0.2353796;-1.577524:-0.4122426;-1.772683:-0.2963822,sigma3_hotel_seed42,3
HOTEL:biwi_hotel:344:15000,HOTEL,biwi_hotel:344,15000,triu,3.118431806564331,5.842208385467529,1.75:1.98;1.72:1.65;1.83:1.21;1.73:0.75;1.7:0.35;1.71:-0.1;1.54:-0.5;1.42:-0.87,1.3:-1.34;1.15:-1.8;1.06:-2.25;0.99:-2.74;0.86:-3.23;0.96:-3.67;0.93:-4.12;0.95:-4.57;0.72:-5.12;0.76:-5.49;0.74:-6.03;0.85:-6.48,1.287861:-0.8798915;1.138564:-0.9183472;1.017287:-0.9153667;0.8497313:-0.8311431;0.7620587:-0.8610665;0.6269982:-0.8469468;0.4349079:-0.7561807;0.2518585:-0.7136058;0.1090508:-0.7928522;0.007009029:-0.7169736;-0.1559455:-0.854156;-0.240147:-0.7404025,sigma3_hotel_seed42,3
HOTEL:biwi_hotel:345:14960,HOTEL,biwi_hotel:345,14960,triu,4.484990119934082,8.142058372497559,2.07:-10.06;2.1:-9.44;2.19:-8.79;2.28:-8.12;2.36:-7.43;2.46:-6.76;2.54:-6.07;2.6:-5.36,2.72:-4.66;2.8:-3.98;2.95:-3.31;3.06:-2.67;3.16:-1.96;3.29:-1.34;3.37:-0.67;3.41:-0.01;3.48:0.64;3.57:1.32;3.56:1.99;3.55:2.58,2.656587:-5.377172;2.617371:-5.504734;2.653957:-5.557163;2.491011:-5.331801;2.50718:-5.474748;2.454433:-5.410586;2.182242:-5.332562;2.028125:-5.154451;1.881854:-5.243789;1.921658:-5.25843;1.826622:-5.498333;1.76899:-5.364881,sigma3_hotel_seed42,3
HOTEL:biwi_hotel:356:15820,HOTEL,biwi_hotel:356,15820,triu,0.0488109290599823,0.1935681402683258,0.54:0.01;0.52:-0.03;0.51:-0.03;0.51:-0.03;0.51:-0.03;0.51:-0.03;0.51:-0.03;0.51:-0.03,0.51:-0.03;0.51:-0.03;0.53:-0.07;0.53:-0.08;0.5:-0.04;0.53:-0.02;0.53:-0.07;0.53:-0.08;0.53:-0.02;0.53:-0.05;0.46:-0.03;0.47:0.14,0.503306:-0.0331619;0.5024157:-0.0341549;0.5028592:-0.03877264;0.4901043:-0.03539507;0.492533:-0.04232898;0.4999022:-0.03318715;0.4958107:-0.03367653;0.4919955:-0.03616191;0.4974929:-0.05434037;0.5022126:-0.0503821;0.5074222:-0.04939727;0.5169069:-0.04779875,sigma3_hotel_seed42,3
HOTEL:biwi_hotel:356:15830,HOTEL,biwi_hotel:356,15830,triu,0.1166756153106689,0.318797767162323,0.52:-0.03;0.51:-0.03;0.51:-0.03;0.51:-0.03;0.51:-0.03;0.51:-0.03;0.51:-0.03;0.51:-0.03,0.51:-0.03;0.53:-0.07;0.53:-0.08;0.5:-0.04;0.53:-0.02;0.53:-0.07;0.53:-0.08;0.53:-0.02;0.53:-0.05;0.46:-0.03;0.47:0.14;0.47:0.24,0.496006:-0.03032017;0.4964328:-0.02968526;0.4853361:-0.0319598;0.4622616:-0.02922802;0.4424354:-0.03459863;0.4345909:-0.03076538;0.4099831:-0.04015972;0.3995788:-0.03597111;0.3826808:-0.0382223;0.3525174:-0.03940489;0.3526671:-0.0275425;0.3216583:-0.04218212,sigma3_hotel_seed42,3
HOTEL:biwi_hotel:356:15840,HOTEL,biwi_hotel:356,15840,triu,0.115995280444622,0.248792678117752,0.51:-0.03;0.51:-0.03;0.51:-0.03;0.51:-0.03;0.51:-0.03;0.51:-0.03;0.51:-0.03;0.51:-0.03,0.53:-0.07;0.53:-0.08;0.5:-0.04;0.53:-0.02;0.53:-0.07;0.53:-0.08;0.53:-0.02;0.53:-0.05;0.46:-0.03;0.47:0.14;0.47:0.24;0.47:0.18,0.4996283:-0.03013285;0.4969274:-0.03024014;0.4842257:-0.0302043;0.4687568:-0.02616075;0.4574267:-0.02855659;0.4408328:-0.02974452;0.4177727:-0.0358395;0.4141251:-0.03413801;0.4020655:-0.02804537;0.3838778:-0.03223507;0.3738565:-0.0297881;0.3528052:-0.03946111,sigma3_hotel_seed42,3
HOTEL:biwi_hotel:356:15850,HOTEL,biwi_hotel:356,15850,triu,0.2856422662734985,0.5294033885002136,0.51:-0.03;0.51:-0.03;0.51:-0.03;0.51:-0.03;0.51:-0.03;0.51:-0.03;0.51:-0.03;0.53:-0.07,0.53:-0.08;0.5:-0.04;0.53:-0.02;0.53:-0.07;0.53:-0.08;0.53:-0.02;0.53:-0.05;0.46:-0.03;0.47:0.14;0.47:0.24;0.47:0.18;0.47:0.16,0.5744337:-0.06924087;0.6101246:-0.07159758;0.6291602:-0.07622862;0.6643786:-0.08191276;0.6890339:-0.08886307;0.7405475:-0.0612876;0.7641628:-0.080406;0.8180227:-0.1003918;0.8402578:-0.1059025;0.8670318:-0.1362955;0.9221338:-0.08243398;0.938104:-0.0872783,sigma3_hotel_seed42,3
HOTEL:biwi_hotel:356:15860,HOTEL,biwi_hotel:356,15860,triu,0.1300038546323776,0.2071408778429031,0.51:-0.03;0.51:-0.03;0.51:-0.03;0.51:-0.03;0.51:-0.03;0.51:-0.03;0.53:-0.07;0.53:-0.08,0.5:-0.04;0.53:-0.02;0.53:-0.07;0.53:-0.08;0.53:-0.02;0.53:-0.05;0.46:-0.03;0.47:0.14;0.47:0.24;0.47:0.18;0.47:0.16;0.47:0.12,0.5224102:-0.07980879;0.5273892:-0.08091944;0.5187979:-0.07962142;0.5046573:-0.07548892;0.4987161:-0.07773453;0.4947721:-0.07679026;0.4814782:-0.08445799;0.4800895:-0.07991038;0.4746699:-0.07994397;0.4539055:-0.08239236;0.4592259:-0.07402237;0.4410301:-0.08510508,sigma3_hotel_seed42,3
HOTEL:biwi_hotel:356:15870,HOTEL,biwi_hotel:356,15870,triu,0.4464807510375976,0.7718007564544678,0.51:-0.03;0.51:-0.03;0.51:-0.03;0.51:-0.03;0.51:-0.03;0.53:-0.07;0.53:-0.08;0.5:-0.04,0.53:-0.02;0.53:-0.07;0.53:-0.08;0.53:-0.02;0.53:-0.05;0.46:-0.03;0.47:0.14;0.47:0.24;0.47:0.18;0.47:0.16;0.47:0.12;0.46:0.08,0.4382249:-0.03551761;0.3686843:-0.02379739;0.290953:-0.02517259;0.2336037:-0.02966167;0.1551319:-0.02674545;0.09695667:-0.01253954;0.01413786:-0.01234662;-0.03294885:-0.02898161;-0.1101558:-0.01946862;-0.1734479:-0.03114569;-0.2297123:0.008768719;-0.3090985:0.01547212,sigma3_hotel_seed42,3
HOTEL:biwi_hotel:356:15880,HOTEL,biwi_hotel:356,15880,triu,0.1390537917613983,0.1044967621564865,0.51:-0.03;0.51:-0.03;0.51:-0.03;0.51:-0.03;0.53:-0.07;0.53:-0.08;0.5:-0.04;0.53:-0.02,0.53:-0.07;0.53:-0.08;0.53:-0.02;0.53:-0.05;0.46:-0.03;0.47:0.14;0.47:0.24;0.47:0.18;0.47:0.16;0.47:0.12;0.46:0.08;0.51:0.01,0.5355059:-0.0186504;0.5491513:-0.02090322;0.5529268:-0.01975173;0.5549481:-0.01715537;0.5595992:-0.0167258;0.5616524:-0.02201213;0.5676783:-0.03016474;0.5794565:-0.02584597;0.5804631:-0.02033174;0.5815964:-0.03299103;0.6020226:-0.02784526;0.60098:-0.04140236,sigma3_hotel_seed42,3
HOTEL:biwi_hotel:356:15890,HOTEL,biwi_hotel:356,15890,triu,0.1554737538099289,0.1134445294737815,0.51:-0.03;0.51:-0.03;0.51:-0.03;0.53:-0.07;0.53:-0.08;0.5:-0.04;0.53:-0.02;0.53:-0.07,0.53:-0.08;0.53:-0.02;0.53:-0.05;0.46:-0.03;0.47:0.14;0.47:0.24;0.47:0.18;0.47:0.16;0.47:0.12;0.46:0.08;0.51:0.01;0.52:0.01,0.5390761:-0.072937;0.5285406:-0.06923441;0.5221382:-0.07610298;0.5310887:-0.08420082;0.5061764:-0.09153026;0.5007601:-0.0652267;0.4828557:-0.07065984;0.4909065:-0.1010502;0.4771217:-0.0987132;0.4905118:-0.113005;0.4659711:-0.08709333;0.4542588:-0.08245409,sigma3_hotel_seed42,3
HOTEL:biwi_hotel:356:15900,HOTEL,biwi_hotel:356,15900,triu,0.1640689224004745,0.1123714447021484,0.51:-0.03;0.51:-0.03;0.53:-0.07;0.53:-0.08;0.5:-0.04;0.53:-0.02;0.53:-0.07;0.53:-0.08,0.53:-0.02;0.53:-0.05;0.46:-0.03;0.47:0.14;0.47:0.24;0.47:0.18;0.47:0.16;0.47:0.12;0.46:0.08;0.51:0.01;0.52:0.01;0.52:0.01,0.5271286:-0.07961075;0.5327538:-0.07299975;0.5267572:-0.0833806;0.5220728:-0.08317;0.5094336:-0.08595524;0.5175778:-0.08588049;0.5042047:-0.08806464;0.5114902:-0.09584725;0.4994995:-0.09530701;0.4928923:-0.1026979;0.5153942:-0.08652508;0.508591:-0.1017908,sigma3_hotel_seed42,3
HOTEL:biwi_hotel:356:15910,HOTEL,biwi_hotel:356,15910,triu,0.1884694546461105,0.1789505034685135,0.51:-0.03;0.53:-0.07;0.53:-0.08;0.5:-0.04;0.53:-0.02;0.53:-0.07;0.53:-0.08;0.53:-0.02,0.53:-0.05;0.46:-0.03;0.47:0.14;0.47:0.24;0.47:0.18;0.47:0.16;0.47:0.12;0.46:0.08;0.51:0.01;0.52:0.01;0.52:0.01;0.52:0.01,0.5571792:-0.02210904;0.5636601:-0.02446205;0.5705152:-0.02671375;0.5929523:-0.03447948;0.5967012:-0.04222538;0.6156548:-0.009814542;0.622264:-0.0221022;0.6510596:-0.04928375;0.6586756:-0.05518692;0.6858147:-0.0779521;0.6888868:-0.03943038;0.6945806:-0.02930498,sigma3_hotel_seed42,3
HOTEL:biwi_hotel:356:15920,HOTEL,biwi_hotel:356,15920,triu,0.2116549015045166,0.3086883723735809,0.53:-0.07;0.53:-0.08;0.5:-0.04;0.53:-0.02;0.53:-0.07;0.53:-0.08;0.53:-0.02;0.53:-0.05,0.46:-0.03;0.47:0.14;0.47:0.24;0.47:0.18;0.47:0.16;0.47:0.12;0.46:0.08;0.51:0.01;0.52:0.01;0.52:0.01;0.52:0.01;0.52:0.01,0.5334306:-0.05359297;0.5071402:-0.05351779;0.4838103:-0.05251044;0.4794281:-0.06657609;0.4322987:-0.07305835;0.4075786:-0.03140805;0.3715754:-0.04364638;0.3640471:-0.07900643;0.3323516:-0.07812764;0.3204923:-0.09660804;0.2667009:-0.05319081;0.2152145:-0.03893176,sigma3_hotel_seed42,3
HOTEL:biwi_hotel:356:15930,HOTEL,biwi_hotel:356,15930,triu,0.6544485092163086,1.1336612701416016,0.53:-0.08;0.5:-0.04;0.53:-0.02;0.53:-0.07;0.53:-0.08;0.53:-0.02;0.53:-0.05;0.46:-0.03,0.47:0.14;0.47:0.24;0.47:0.18;0.47:0.16;0.47:0.12;0.46:0.08;0.51:0.01;0.52:0.01;0.52:0.01;0.52:0.01;0.52:0.01;0.52:0.01,0.3689187:-0.03110239;0.2766209:-0.02109688;0.1806296:-0.02269388;0.08079106:-0.02615952;-0.01041713:-0.02075843;-0.08012286:-0.010922;-0.1771039:0.007598726;-0.2790598:0.003712663;-0.354387:-0.01468722;-0.4429537:0.0008991566;-0.5190444:0.01899838;-0.613183:0.04292706,sigma3_hotel_seed42,3
HOTEL:biwi_hotel:356:15940,HOTEL,biwi_hotel:356,15940,triu,0.1895293146371841,0.3478449285030365,0.5:-0.04;0.53:-0.02;0.53:-0.07;0.53:-0.08;0.53:-0.02;0.53:-0.05;0.46:-0.03;0.47:0.14,0.47:0.24;0.47:0.18;0.47:0.16;0.47:0.12;0.46:0.08;0.51:0.01;0.52:0.01;0.52:0.01;0.52:0.01;0.52:0.01;0.52:0.01;0.52:0.01,0.4555426:0.1334046;0.4385132:0.1246333;0.4191458:0.1405095;0.4058993:0.1363871;0.3833579:0.1450928;0.3652223:0.1517341;0.3561485:0.1778748;0.3223498:0.1646934;0.2980515:0.1238934;0.2655576:0.1555903;0.2447627:0.137347;0.2151594:0.177536,sigma3_hotel_seed42,3
HOTEL:biwi_hotel:356:15950,HOTEL,biwi_hotel:356,15950,triu,0.2106496840715408,0.3305386304855346,0.53:-0.02;0.53:-0.07;0.53:-0.08;0.53:-0.02;0.53:-0.05;0.46:-0.03;0.47:0.14;0.47:0.24,0.47:0.18;0.47:0.16;0.47:0.12;0.46:0.08;0.51:0.01;0.52:0.01;0.52:0.01;0.52:0.01;0.52:0.01;0.52:0.01;0.52:0.01;0.52:0.01,0.4780023:0.234692;0.4669382:0.2307756;0.455279:0.2358257;0.4573568:0.2260167;0.429536:0.2235934;0.419107:0.2521411;0.4001004:0.2537118;0.3931161:0.2265536;0.3729774:0.2106812;0.3614416:0.2108795;0.3313537:0.2308992;0.2966129:0.2536268,sigma3_hotel_seed42,3
HOTEL:biwi_hotel:356:15960,HOTEL,biwi_hotel:356,15960,triu,0.3968319594860077,0.6360990405082703,0.53:-0.07;0.53:-0.08;0.53:-0.02;0.53:-0.05;0.46:-0.03;0.47:0.14;0.47:0.24;0.47:0.18,0.47:0.16;0.47:0.12;0.46:0.08;0.51:0.01;0.52:0.01;0.52:0.01;0.52:0.01;0.52:0.01;0.52:0.01;0.52:0.01;0.52:0.01;0.43:0.04,0.4291225:0.1764135;0.3694475:0.1780502;0.3157011:0.1879082;0.2784212:0.1757758;0.2104497:0.1794029;0.1562063:0.2093723;0.1077027:0.2146863;0.06066936:0.1844215;0.006309122:0.169648;-0.03829661:0.1760896;-0.1136172:0.1982201;-0.1782329:0.2262114,sigma3_hotel_seed42,3
HOTEL:biwi_hotel:356:15970,HOTEL,biwi_hotel:356,15970,triu,0.1877393722534179,0.4124592840671539,0.53:-0.08;0.53:-0.02;0.53:-0.05;0.46:-0.03;0.47:0.14;0.47:0.24;0.47:0.18;0.47:0.16,0.47:0.12;0.46:0.08;0.51:0.01;0.52:0.01;0.52:0.01;0.52:0.01;0.52:0.01;0.52:0.01;0.52:0.01;0.52:0.01;0.43:0.04;0.42:0.04,0.4807324:0.1571043;0.477973:0.1557922;0.5041934:0.1557399;0.5355307:0.153834;0.5613427:0.1600356;0.5636165:0.1483697;0.619872:0.1628708;0.635371:0.1492909;0.6593865:0.1419226;0.7391896:0.1354539;0.7488503:0.1014659;0.8258452:0.1135682,sigma3_hotel_seed42,3
HOTEL:biwi_hotel:356:15980,HOTEL,biwi_hotel:356,15980,triu,0.2785281240940094,0.3758119642734527,0.53:-0.02;0.53:-0.05;0.46:-0.03;0.47:0.14;0.47:0.24;0.47:0.18;0.47:0.16;0.47:0.12,0.46:0.08;0.51:0.01;0.52:0.01;0.52:0.01;0.52:0.01;0.52:0.01;0.52:0.01;0.52:0.01;0.52:0.01;0.43:0.04;0.42:0.04;0.34:0.02,0.4488919:0.1203686;0.4125894:0.1261962;0.379048:0.1199249;0.3533524:0.1155964;0.2978945:0.1091414;0.2531179:0.1226532;0.1909282:0.1159401;0.167613:0.1010942;0.1156951:0.1185613;0.09178385:0.1004982;0.03654125:0.1223319;-0.02158824:0.1224138,sigma3_hotel_seed42,3
HOTEL:biwi_hotel:356:15990,HOTEL,biwi_hotel:356,15990,triu,0.1423553377389907,0.1410654932260513,0.53:-0.05;0.46:-0.03;0.47:0.14;0.47:0.24;0.47:0.18;0.47:0.16;0.47:0.12;0.46:0.08,0.51:0.01;0.52:0.01;0.52:0.01;0.52:0.01;0.52:0.01;0.52:0.01;0.52:0.01;0.52:0.01;0.43:0.04;0.42:0.04;0.34:0.02;0.29:0,0.4678548:0.07695386;0.44374:0.07623427;0.4226796:0.07634719;0.4209027:0.06269044;0.3782403:0.05501786;0.3559285:0.09684053;0.3207419:0.08239902;0.3175476:0.04821614;0.2879352:0.0519051;0.2811334:0.02761308;0.2299452:0.07419267;0.1802001:0.08856334,sigma3_hotel_seed42,3
HOTEL:biwi_hotel:356:16000,HOTEL,biwi_hotel:356,16000,triu,0.4830163419246673,0.9872963428497314,0.46:-0.03;0.47:0.14;0.47:0.24;0.47:0.18;0.47:0.16;0.47:0.12;0.46:0.08;0.51:0.01,0.52:0.01;0.52:0.01;0.52:0.01;0.52:0.01;0.52:0.01;0.52:0.01;0.52:0.01;0.43:0.04;0.42:0.04;0.34:0.02;0.29:0;0.31:0.1,0.5858387:0.007453179;0.651954:-0.0006339606;0.6995333:-0.006144628;0.7665492:-0.01101386;0.8271884:-0.0176316;0.9057337:0.001561591;0.9599212:-0.006310476;1.036422:-0.02789386;1.092443:-0.04186684;1.152274:-0.06467488;1.233555:-0.03371032;1.288692:-0.030059,sigma3_hotel_seed42,3
HOTEL:biwi_hotel:356:16010,HOTEL,biwi_hotel:356,16010,triu,0.1831270009279251,0.5137594938278198,0.47:0.14;0.47:0.24;0.47:0.18;0.47:0.16;0.47:0.12;0.46:0.08;0.51:0.01;0.52:0.01,0.52:0.01;0.52:0.01;0.52:0.01;0.52:0.01;0.52:0.01;0.52:0.01;0.43:0.04;0.42:0.04;0.34:0.02;0.29:0;0.31:0.1;0.29:0.23,0.5279799:0.008408401;0.5271213:0.004800281;0.5437096:0.006896852;0.5619198:0.008459223;0.5815969:0.01092947;0.57649:0.003199665;0.6082625:0.007967958;0.621077:0.002633529;0.6361825:0.001999747;0.6883675:-0.007629696;0.689671:-0.03101802;0.7361533:-0.02474702,sigma3_hotel_seed42,3
HOTEL:biwi_hotel:356:16020,HOTEL,biwi_hotel:356,16020,triu,0.1425223797559738,0.3293997049331665,0.47:0.24;0.47:0.18;0.47:0.16;0.47:0.12;0.46:0.08;0.51:0.01;0.52:0.01;0.52:0.01,0.52:0.01;0.52:0.01;0.52:0.01;0.52:0.01;0.52:0.01;0.43:0.04;0.42:0.04;0.34:0.02;0.29:0;0.31:0.1;0.29:0.23;0.35:0.2,0.5195479:0.007718893;0.5114824:0.003988022;0.5194907:0.006480796;0.5256357:0.009692228;0.5368598:0.009043494;0.5217885:0.005812639;0.5349271:0.008507999;0.5390808:0.004363595;0.5468554:0.003581652;0.583725:-0.001675844;0.5675402:-0.02417961;0.5980079:-0.01678622,sigma3_hotel_seed42,3
HOTEL:biwi_hotel:356:16030,HOTEL,biwi_hotel:356,16030,triu,0.1288876384496688,0.4579448103904724,0.47:0.18;0.47:0.16;0.47:0.12;0.46:0.08;0.51:0.01;0.52:0.01;0.52:0.01;0.52:0.01,0.52:0.01;0.52:0.01;0.52:0.01;0.52:0.01;0.43:0.04;0.42:0.04;0.34:0.02;0.29:0;0.31:0.1;0.29:0.23;0.35:0.2;0.18:0.38,0.5050735:0.005756197;0.4851593:0.007351955;0.4831976:0.004300915;0.4728338:0.004472272;0.4599773:0.002015391;0.4384048:0.002867045;0.4329838:0.009580972;0.4170949:0.0009631272;0.4096669:-0.006689122;0.428374:-0.001970481;0.3998747:-0.02136476;0.41141:-0.01517447,sigma3_hotel_seed42,3
HOTEL:biwi_hotel:356:16040,HOTEL,biwi_hotel:356,16040,triu,0.145749345421791,0.3508480489253998,0.47:0.16;0.47:0.12;0.46:0.08;0.51:0.01;0.52:0.01;0.52:0.01;0.52:0.01;0.52:0.01,0.52:0.01;0.52:0.01;0.52:0.01;0.43:0.04;0.42:0.04;0.34:0.02;0.29:0;0.31:0.1;0.29:0.23;0.35:0.2;0.18:0.38;0.24:0.32,0.5028232:0.004980996;0.4763134:0.004165074;0.4728436:0.003115162;0.458108:0.004852611;0.4446638:-0.0002147313;0.4142018:0.004831908;0.4013948:0.0101172;0.3806084:0.002874812;0.3723927:-0.004727257;0.3923199:0.0006752163;0.3462108:-0.0232212;0.3547247:-0.01156086,sigma3_hotel_seed42,3
HOTEL:biwi_hotel:356:16050,HOTEL,biwi_hotel:356,16050,triu,0.21990966796875,0.3072489798069,0.47:0.12;0.46:0.08;0.51:0.01;0.52:0.01;0.52:0.01;0.52:0.01;0.52:0.01;0.52:0.01,0.52:0.01;0.52:0.01;0.43:0.04;0.42:0.04;0.34:0.02;0.29:0;0.31:0.1;0.29:0.23;0.35:0.2;0.18:0.38;0.24:0.32;0.27:0.14,0.5100923:0.006665153;0.512069:0.00838525;0.5121412:0.005370393;0.5029815:0.005199083;0.501155:0.004562581;0.507413:0.005417364;0.5153194:0.009352619;0.5097407:0.003960447;0.5156124:-0.01335103;0.5154418:-0.003789689;0.527211:-0.006874019;0.5379562:-0.0103377,sigma3_hotel_seed42,3
HOTEL:biwi_hotel:356:16060,HOTEL,biwi_hotel:356,16060,triu,0.1705538779497146,0.0946933403611183,0.46:0.08;0.51:0.01;0.52:0.01;0.52:0.01;0.52:0.01;0.52:0.01;0.52:0.01;0.52:0.01,0.52:0.01;0.43:0.04;0.42:0.04;0.34:0.02;0.29:0;0.31:0.1;0.29:0.23;0.35:0.2;0.18:0.38;0.24:0.32;0.27:0.14;0.33:0.1,0.5131335:0.01190827;0.5027625:0.01691248;0.483646:0.01042585;0.4709024:0.008882864;0.4427041:0.004143821;0.4308813:0.01340703;0.3949196:0.004522266;0.3944287:-0.004735449;0.3631899:0.005279988;0.3446943:-0.01363058;0.3375038:0.01676719;0.3006819:0.009959588,sigma3_hotel_seed42,3
HOTEL:biwi_hotel:356:16070,HOTEL,biwi_hotel:356,16070,triu,0.2417707443237304,0.2967493832111358,0.51:0.01;0.52:0.01;0.52:0.01;0.52:0.01;0.52:0.01;0.52:0.01;0.52:0.01;0.52:0.01,0.43:0.04;0.42:0.04;0.34:0.02;0.29:0;0.31:0.1;0.29:0.23;0.35:0.2;0.18:0.38;0.24:0.32;0.27:0.14;0.33:0.1;0.21:0.16,0.5162231:0.009736486;0.5175351:0.005941847;0.5109541:0.009603325;0.5024118:0.01522565;0.5056746:0.01410745;0.4904171:0.01077558;0.4794422:0.004617879;0.4830701:0.008518053;0.4814798:0.01444488;0.4751819:0.007887054;0.46727:0.003897327;0.4590458:-0.001357978,sigma3_hotel_seed42,3
HOTEL:biwi_hotel:356:16080,HOTEL,biwi_hotel:356,16080,triu,0.4140649139881134,0.792183518409729,0.52:0.01;0.52:0.01;0.52:0.01;0.52:0.01;0.52:0.01;0.52:0.01;0.52:0.01;0.43:0.04,0.42:0.04;0.34:0.02;0.29:0;0.31:0.1;0.29:0.23;0.35:0.2;0.18:0.38;0.24:0.32;0.27:0.14;0.33:0.1;0.21:0.16;0.23:0.15,0.3529022:0.03732846;0.2648504:0.04195255;0.1795047:0.05114236;0.1075252:0.04759831;0.01286158:0.05238049;-0.0661847:0.08160099;-0.1451733:0.0960837;-0.2222303:0.06903339;-0.3020223:0.05034474;-0.3802326:0.07030407;-0.4767269:0.08438799;-0.5613087:0.1127828,sigma3_hotel_seed42,3
HOTEL:biwi_hotel:356:16090,HOTEL,biwi_hotel:356,16090,triu,0.156015083193779,0.1546440571546554,0.52:0.01;0.52:0.01;0.52:0.01;0.52:0.01;0.52:0.01;0.52:0.01;0.43:0.04;0.42:0.04,0.34:0.02;0.29:0;0.31:0.1;0.29:0.23;0.35:0.2;0.18:0.38;0.24:0.32;0.27:0.14;0.33:0.1;0.21:0.16;0.23:0.15;0.22:0.19,0.4010885:0.03813607;0.3995224:0.03971176;0.3812816:0.0410655;0.3600159:0.04538063;0.353177:0.04582614;0.352553:0.04766249;0.3398345:0.05007026;0.3291979:0.04926862;0.3288106:0.03745285;0.2990472:0.05065367;0.302506:0.05564986;0.2893176:0.0517616,sigma3_hotel_seed42,3
HOTEL:biwi_hotel:356:16100,HOTEL,biwi_hotel:356,16100,triu,0.5648918747901917,0.9963990449905396,0.52:0.01;0.52:0.01;0.52:0.01;0.52:0.01;0.52:0.01;0.43:0.04;0.42:0.04;0.34:0.02,0.29:0;0.31:0.1;0.29:0.23;0.35:0.2;0.18:0.38;0.24:0.32;0.27:0.14;0.33:0.1;0.21:0.16;0.23:0.15;0.22:0.19;0.22:0.14,0.2456888:0.02467434;0.1499655:0.03969616;0.04424748:0.03944208;-0.04443675:0.03598153;-0.147101:0.04282235;-0.2273752:0.05431726;-0.333386:0.06151574;-0.4121015:0.04810841;-0.5073856:0.05252639;-0.5998967:0.05295212;-0.6758829:0.08772606;-0.7754259:0.09597452,sigma3_hotel_seed42,3
HOTEL:biwi_hotel:356:16110,HOTEL,biwi_hotel:356,16110,triu,0.4655033648014068,0.7242729663848877,0.52:0.01;0.52:0.01;0.52:0.01;0.52:0.01;0.43:0.04;0.42:0.04;0.34:0.02;0.29:0,0.31:0.1;0.29:0.23;0.35:0.2;0.18:0.38;0.24:0.32;0.27:0.14;0.33:0.1;0.21:0.16;0.23:0.15;0.22:0.19;0.22:0.14;0.22:0.15,0.2141322:-0.003638638;0.1549541:0.004469931;0.08028345:-0.0002089683;-0.01256993:0.001389596;-0.0756731:0.005382873;-0.1053897:0.01133156;-0.1757202:0.03288022;-0.2659563:0.03823734;-0.310494:0.0012367;-0.3985306:0.03124584;-0.4270495:0.04544185;-0.4988725:0.06171827,sigma3_hotel_seed42,3
HOTEL:biwi_hotel:356:16120,HOTEL,biwi_hotel:356,16120,triu,0.2334572821855545,0.2313924580812454,0.52:0.01;0.52:0.01;0.52:0.01;0.43:0.04;0.42:0.04;0.34:0.02;0.29:0;0.31:0.1,0.29:0.23;0.35:0.2;0.18:0.38;0.24:0.32;0.27:0.14;0.33:0.1;0.21:0.16;0.23:0.15;0.22:0.19;0.22:0.14;0.22:0.15;0.24:0.13,0.3556843:0.09407221;0.3788648:0.08595373;0.3975649:0.08776276;0.4292352:0.07746214;0.4266236:0.07023612;0.4450298:0.1005208;0.4465744:0.09461912;0.4695863:0.06879814;0.4725036:0.05711943;0.4863916:0.04626298;0.4852654:0.07062309;0.467336:0.08686288,sigma3_hotel_seed42,3
HOTEL:biwi_hotel:356:16130,HOTEL,biwi_hotel:356,16130,triu,0.2825061976909637,0.5379121899604797,0.52:0.01;0.52:0.01;0.43:0.04;0.42:0.04;0.34:0.02;0.29:0;0.31:0.1;0.29:0.23,0.35:0.2;0.18:0.38;0.24:0.32;0.27:0.14;0.33:0.1;0.21:0.16;0.23:0.15;0.22:0.19;0.22:0.14;0.22:0.15;0.24:0.13;0.24:0.16,0.2520834:0.221561;0.2087603:0.2166378;0.1673436:0.2301494;0.1313176:0.2275835;0.07286468:0.2342197;0.0259876:0.2514451;-0.01144916:0.2806889;-0.07070968:0.2582958;-0.1170602:0.2193838;-0.1708428:0.2611068;-0.232774:0.2387794;-0.2851268:0.2765818,sigma3_hotel_seed42,3
HOTEL:biwi_hotel:356:16140,HOTEL,biwi_hotel:356,16140,triu,0.4408657848834991,0.7351542711257935,0.52:0.01;0.43:0.04;0.42:0.04;0.34:0.02;0.29:0;0.31:0.1;0.29:0.23;0.35:0.2,0.18:0.38;0.24:0.32;0.27:0.14;0.33:0.1;0.21:0.16;0.23:0.15;0.22:0.19;0.22:0.14;0.22:0.15;0.24:0.13;0.24:0.16;0.27:0.18,0.3905644:0.1980663;0.4287411:0.1956136;0.4676471:0.1891162;0.5158351:0.1897068;0.5686231:0.1820514;0.6302401:0.1991561;0.6858557:0.1947919;0.7456367:0.1746891;0.7959458:0.1558809;0.8644027:0.1449846;0.9251378:0.1591303;1.004903:0.160791,sigma3_hotel_seed42,3
HOTEL:biwi_hotel:356:16150,HOTEL,biwi_hotel:356,16150,triu,0.8698396682739258,1.5145649909973145,0.43:0.04;0.42:0.04;0.34:0.02;0.29:0;0.31:0.1;0.29:0.23;0.35:0.2;0.18:0.38,0.24:0.32;0.27:0.14;0.33:0.1;0.21:0.16;0.23:0.15;0.22:0.19;0.22:0.14;0.22:0.15;0.24:0.13;0.24:0.16;0.27:0.18;0.28:0.18,0.05798458:0.3723295;-0.0607229:0.3755162;-0.1756346:0.3889526;-0.2886035:0.3992034;-0.4078251:0.4120135;-0.5238824:0.4253094;-0.6237736:0.4776132;-0.7555411:0.4554892;-0.8571925:0.4112634;-0.9768007:0.4793101;-1.107255:0.4381049;-1.203243:0.486429,sigma3_hotel_seed42,3
HOTEL:biwi_hotel:356:16160,HOTEL,biwi_hotel:356,16160,triu,0.234149158000946,0.4048583209514618,0.42:0.04;0.34:0.02;0.29:0;0.31:0.1;0.29:0.23;0.35:0.2;0.18:0.38;0.24:0.32,0.27:0.14;0.33:0.1;0.21:0.16;0.23:0.15;0.22:0.19;0.22:0.14;0.22:0.15;0.24:0.13;0.24:0.16;0.27:0.18;0.28:0.18;0.3:0.18,0.2402094:0.3156661;0.2146132:0.3139697;0.1917569:0.3179681;0.1858718:0.304891;0.1415199:0.3011044;0.1163514:0.337284;0.08471495:0.3315157;0.07158603:0.2993211;0.04060067:0.2929712;0.02521726:0.2833236;-0.02539487:0.3155831;-0.07413276:0.3347092,sigma3_hotel_seed42,3
HOTEL:biwi_hotel:356:16170,HOTEL,biwi_hotel:356,16170,triu,0.5096580386161804,0.8152492046356201,0.34:0.02;0.29:0;0.31:0.1;0.29:0.23;0.35:0.2;0.18:0.38;0.24:0.32;0.27:0.14,0.33:0.1;0.21:0.16;0.23:0.15;0.22:0.19;0.22:0.14;0.22:0.15;0.24:0.13;0.24:0.16;0.27:0.18;0.28:0.18;0.3:0.18;0.26:0.13,0.3703013:0.1327515;0.4607319:0.1134535;0.5317143:0.1169493;0.6104987:0.1130956;0.6742843:0.1071746;0.7517169:0.1158667;0.8047862:0.1201626;0.870801:0.1111086;0.9220058:0.08526884;0.9681693:0.08150072;1.045811:0.08137967;1.074744:0.1013019,sigma3_hotel_seed42,3
HOTEL:biwi_hotel:356:16180,HOTEL,biwi_hotel:356,16180,triu,0.6537668108940125,1.2158727645874023,0.29:0;0.31:0.1;0.29:0.23;0.35:0.2;0.18:0.38;0.24:0.32;0.27:0.14;0.33:0.1,0.21:0.16;0.23:0.15;0.22:0.19;0.22:0.14;0.22:0.15;0.24:0.13;0.24:0.16;0.27:0.18;0.28:0.18;0.3:0.18;0.26:0.13;0.22:0.15,0.4107049:0.09820987;0.4867733:0.08940706;0.5516997:0.08319034;0.636359:0.08131965;0.7272448:0.07050986;0.8304225:0.09845039;0.9202224:0.08368321;1.023035:0.05771479;1.114214:0.03748705;1.21385:0.01493733;1.315935:0.04280502;1.430817:0.03923296,sigma3_hotel_seed42,3
HOTEL:biwi_hotel:356:16190,HOTEL,biwi_hotel:356,16190,triu,0.4505078792572021,0.8166330456733704,0.31:0.1;0.29:0.23;0.35:0.2;0.18:0.38;0.24:0.32;0.27:0.14;0.33:0.1;0.21:0.16,0.23:0.15;0.22:0.19;0.22:0.14;0.22:0.15;0.24:0.13;0.24:0.16;0.27:0.18;0.28:0.18;0.3:0.18;0.26:0.13;0.22:0.15;0.24:0.15,0.1596635:0.1594859;0.07940331:0.1609993;0.02318016:0.1627204;-0.02930236:0.1601697;-0.09528403:0.1519412;-0.1707631:0.1759764;-0.2527043:0.176056;-0.3108925:0.1635127;-0.3758966:0.1696564;-0.4002551:0.1568072;-0.5093195:0.1703525;-0.5749143:0.2029543,sigma3_hotel_seed42,3
HOTEL:biwi_hotel:356:16200,HOTEL,biwi_hotel:356,16200,triu,0.0406519286334514,0.0450428612530231,0.29:0.23;0.35:0.2;0.18:0.38;0.24:0.32;0.27:0.14;0.33:0.1;0.21:0.16;0.23:0.15,0.22:0.19;0.22:0.14;0.22:0.15;0.24:0.13;0.24:0.16;0.27:0.18;0.28:0.18;0.3:0.18;0.26:0.13;0.22:0.15;0.24:0.15;0.24:0.17,0.2283048:0.1486948;0.2219719:0.1469609;0.2225385:0.1478053;0.2249124:0.1514911;0.2274433:0.1507297;0.2083266:0.1463335;0.2068899:0.1466728;0.2116141:0.142436;0.2110005:0.1494295;0.2320946:0.1424144;0.2148631:0.1262902;0.2283989:0.1264767,sigma3_hotel_seed42,3
HOTEL:biwi_hotel:356:16210,HOTEL,biwi_hotel:356,16210,triu,0.0950396582484245,0.2393598854541778,0.35:0.2;0.18:0.38;0.24:0.32;0.27:0.14;0.33:0.1;0.21:0.16;0.23:0.15;0.22:0.19,0.22:0.14;0.22:0.15;0.24:0.13;0.24:0.16;0.27:0.18;0.28:0.18;0.3:0.18;0.26:0.13;0.22:0.15;0.24:0.15;0.24:0.17;0.24:0.17,0.2297669:0.1881846;0.241409:0.1902478;0.257504:0.1808731;0.2756214:0.1842789;0.2922519:0.1764483;0.3146822:0.1831177;0.3301388:0.1838412;0.3563185:0.1697927;0.372007:0.1610538;0.4109611:0.1578577;0.4334584:0.1561701;0.4786931:0.1521465,sigma3_hotel_seed42,3
HOTEL:biwi_hotel:356:16220,HOTEL,biwi_hotel:356,16220,triu,0.1235442385077476,0.1762176007032394,0.18:0.38;0.24:0.32;0.27:0.14;0.33:0.1;0.21:0.16;0.23:0.15;0.22:0.19;0.22:0.14,0.22:0.15;0.24:0.13;0.24:0.16;0.27:0.18;0.28:0.18;0.3:0.18;0.26:0.13;0.22:0.15;0.24:0.15;0.24:0.17;0.24:0.17;0.22:0.08,0.2104068:0.1386555;0.1905108:0.1348991;0.1827827:0.1322466;0.1680784:0.1380694;0.1585983:0.1233917;0.139259:0.1428271;0.1061934:0.1333193;0.1021279:0.1285882;0.08728474:0.1271021;0.09662125:0.1164133;0.05865209:0.1209777;0.05111034:0.1302885,sigma3_hotel_seed42,3
HOTEL:biwi_hotel:356:16230,HOTEL,biwi_hotel:356,16230,triu,0.0525336377322673,0.0265730693936347,0.24:0.32;0.27:0.14;0.33:0.1;0.21:0.16;0.23:0.15;0.22:0.19;0.22:0.14;0.22:0.15,0.24:0.13;0.24:0.16;0.27:0.18;0.28:0.18;0.3:0.18;0.26:0.13;0.22:0.15;0.24:0.15;0.24:0.17;0.24:0.17;0.22:0.08;0.24:0.12,0.2147472:0.1475681;0.204552:0.1453395;0.206156:0.1466421;0.2059115:0.1502064;0.2092087:0.1485779;0.1902848:0.1466652;0.1916471:0.1489059;0.1916983:0.1439902;0.1933547:0.1444047;0.2174267:0.1420123;0.1958509:0.1224688;0.214432:0.127239,sigma3_hotel_seed42,3
HOTEL:biwi_hotel:356:16240,HOTEL,biwi_hotel:356,16240,triu,0.0932511314749717,0.1999941915273666,0.27:0.14;0.33:0.1;0.21:0.16;0.23:0.15;0.22:0.19;0.22:0.14;0.22:0.15;0.24:0.13,0.24:0.16;0.27:0.18;0.28:0.18;0.3:0.18;0.26:0.13;0.22:0.15;0.24:0.15;0.24:0.17;0.24:0.17;0.22:0.08;0.24:0.12;0.22:0.13,0.2383019:0.1276514;0.2549875:0.1277795;0.2622725:0.1238975;0.2589633:0.1261508;0.2742714:0.1249707;0.3018705:0.1253674;0.3228209:0.1273753;0.3301938:0.1261552;0.3491755:0.1028925;0.3528835:0.1107932;0.3943012:0.1138025;0.4186648:0.1069786,sigma3_hotel_seed42,3
HOTEL:biwi_hotel:356:16250,HOTEL,biwi_hotel:356,16250,triu,0.0515716485679149,0.0617479793727397,0.33:0.1;0.21:0.16;0.23:0.15;0.22:0.19;0.22:0.14;0.22:0.15;0.24:0.13;0.24:0.16,0.27:0.18;0.28:0.18;0.3:0.18;0.26:0.13;0.22:0.15;0.24:0.15;0.24:0.17;0.24:0.17;0.22:0.08;0.24:0.12;0.22:0.13;0.25:0.12,0.2268805:0.1575566;0.2248229:0.1576361;0.2212312:0.156446;0.2078784:0.1576737;0.2029148:0.1553913;0.2013806:0.1572905;0.2009913:0.1575011;0.193288:0.1551897;0.1928456:0.1419031;0.1876489:0.1479758;0.1904963:0.1460758;0.1925953:0.142749,sigma3_hotel_seed42,3
HOTEL:biwi_hotel:356:16260,HOTEL,biwi_hotel:356,16260,triu,0.1840813010931015,0.3669413626194,0.21:0.16;0.23:0.15;0.22:0.19;0.22:0.14;0.22:0.15;0.24:0.13;0.24:0.16;0.27:0.18,0.28:0.18;0.3:0.18;0.26:0.13;0.22:0.15;0.24:0.15;0.24:0.17;0.24:0.17;0.22:0.08;0.24:0.12;0.22:0.13;0.25:0.12;0.24:0.14,0.2902801:0.1768135;0.3058382:0.1788476;0.3287763:0.1694848;0.3584974:0.1686724;0.3760754:0.1610235;0.4037008:0.173814;0.4289002:0.1743728;0.461074:0.1520289;0.4839234:0.1426809;0.5344934:0.1383311;0.5552393:0.1395452;0.6069353:0.1378805,sigma3_hotel_seed42,3
HOTEL:biwi_hotel:356:16270,HOTEL,biwi_hotel:356,16270,triu,0.1656525880098343,0.3301628530025482,0.23:0.15;0.22:0.19;0.22:0.14;0.22:0.15;0.24:0.13;0.24:0.16;0.27:0.18;0.28:0.18,0.3:0.18;0.26:0.13;0.22:0.15;0.24:0.15;0.24:0.17;0.24:0.17;0.22:0.08;0.24:0.12;0.22:0.13;0.25:0.12;0.24:0.14;0.22:0.13,0.2907439:0.1805304;0.3060415:0.1831019;0.3180485:0.1813017;0.3403899:0.1783939;0.3547559:0.1881616;0.3670761:0.1709005;0.4064784:0.1776061;0.4270779:0.1695499;0.4403246:0.1715932;0.4724135:0.1613817;0.5127555:0.1545846;0.5498293:0.1448373,sigma3_hotel_seed42,3
HOTEL:biwi_hotel:356:16280,HOTEL,biwi_hotel:356,16280,triu,0.2547564208507538,0.4669243991374969,0.22:0.19;0.22:0.14;0.22:0.15;0.24:0.13;0.24:0.16;0.27:0.18;0.28:0.18;0.3:0.18,0.26:0.13;0.22:0.15;0.24:0.15;0.24:0.17;0.24:0.17;0.22:0.08;0.24:0.12;0.22:0.13;0.25:0.12;0.24:0.14;0.22:0.13;0.27:0.14,0.3179631:0.1777108;0.3235092:0.1730306;0.3570414:0.1750798;0.3922378:0.1748971;0.4266843:0.1796298;0.4374168:0.1702069;0.5019404:0.1803408;0.5230452:0.1718448;0.5534969:0.162808;0.6366873:0.1529161;0.656509:0.1219071;0.7368729:0.1330669,sigma3_hotel_seed42,3
HOTEL:biwi_hotel:356:16290,HOTEL,biwi_hotel:356,16290,triu,0.3116521835327148,0.6232536435127258,0.22:0.14;0.22:0.15;0.24:0.13;0.24:0.16;0.27:0.18;0.28:0.18;0.3:0.18;0.26:0.13,0.22:0.15;0.24:0.15;0.24:0.17;0.24:0.17;0.22:0.08;0.24:0.12;0.22:0.13;0.25:0.12;0.24:0.14;0.22:0.13;0.27:0.14;0.24:0.15,0.2246467:0.129594;0.1665801:0.1342012;0.1091705:0.1388106;0.07291973:0.1259925;0.001535058:0.1245642;-0.0472225:0.1640243;-0.1075451:0.1538462;-0.140931:0.1221139;-0.1977608:0.1221912;-0.2406889:0.108947;-0.310833:0.1571824;-0.3828774:0.1716527,sigma3_hotel_seed42,3
HOTEL:biwi_hotel:356:16300,HOTEL,biwi_hotel:356,16300,triu,0.4869118630886078,0.92384135723114,0.22:0.15;0.24:0.13;0.24:0.16;0.27:0.18;0.28:0.18;0.3:0.18;0.26:0.13;0.22:0.15,0.24:0.15;0.24:0.17;0.24:0.17;0.22:0.08;0.24:0.12;0.22:0.13;0.25:0.12;0.24:0.14;0.22:0.13;0.27:0.14;0.24:0.15;0.27:0.16,0.1606642:0.1519607;0.08200726:0.1641153;0.008545771:0.1598175;-0.04593992:0.1536109;-0.1331916:0.1537845;-0.2068509:0.1674494;-0.2978325:0.172803;-0.3544361:0.1517033;-0.436186:0.1671196;-0.485637:0.15595;-0.5722194:0.1819972;-0.6531307:0.196231,sigma3_hotel_seed42,3
HOTEL:biwi_hotel:356:16310,HOTEL,biwi_hotel:356,16310,triu,0.055928811430931,0.0626975744962692,0.24:0.13;0.24:0.16;0.27:0.18;0.28:0.18;0.3:0.18;0.26:0.13;0.22:0.15;0.24:0.15,0.24:0.17;0.24:0.17;0.22:0.08;0.24:0.12;0.22:0.13;0.25:0.12;0.24:0.14;0.22:0.13;0.27:0.14;0.24:0.15;0.27:0.16;0.29:0.14,0.2449253:0.1513131;0.2646265:0.153336;0.2673459:0.1451248;0.2638574:0.1487276;0.2689448:0.1438855;0.2954993:0.1461527;0.2939374:0.1381541;0.3098501:0.1400078;0.3107505:0.1329537;0.3045108:0.123135;0.3512998:0.1456162;0.3516726:0.1287095,sigma3_hotel_seed42,3
HOTEL:biwi_hotel:356:16320,HOTEL,biwi_hotel:356,16320,triu,0.1506105214357376,0.2886476516723633,0.24:0.16;0.27:0.18;0.28:0.18;0.3:0.18;0.26:0.13;0.22:0.15;0.24:0.15;0.24:0.17,0.24:0.17;0.22:0.08;0.24:0.12;0.22:0.13;0.25:0.12;0.24:0.14;0.22:0.13;0.27:0.14;0.24:0.15;0.27:0.16;0.29:0.14;0.29:0.08,0.2577839:0.1699199;0.2685586:0.1655951;0.2922973:0.1677857;0.3198105:0.1687538;0.3468139:0.173246;0.3534585:0.1621459;0.3985217:0.1647757;0.4212196:0.1618572;0.4415972:0.1635086;0.4991424:0.1473073;0.5220238:0.1292529;0.5742428:0.1302346,sigma3_hotel_seed42,3
HOTEL:biwi_hotel:356:16330,HOTEL,biwi_hotel:356,16330,triu,0.0993790924549102,0.1715547144412994,0.27:0.18;0.28:0.18;0.3:0.18;0.26:0.13;0.22:0.15;0.24:0.15;0.24:0.17;0.24:0.17,0.22:0.08;0.24:0.12;0.22:0.13;0.25:0.12;0.24:0.14;0.22:0.13;0.27:0.14;0.24:0.15;0.27:0.16;0.29:0.14;0.29:0.08;0.27:0.06,0.2311151:0.1695654;0.2244509:0.1731216;0.214807:0.1690067;0.2082582:0.1699185;0.19281:0.1701145;0.1737626:0.1635693;0.1576396:0.1638518;0.1558927:0.1577636;0.1409812:0.1673466;0.1396679:0.1611045;0.1299203:0.156658;0.122073:0.1468827,sigma3_hotel_seed42,3
HOTEL:biwi_hotel:356:16340,HOTEL,biwi_hotel:356,16340,triu,0.1648830622434616,0.3059815168380737,0.28:0.18;0.3:0.18;0.26:0.13;0.22:0.15;0.24:0.15;0.24:0.17;0.24:0.17;0.22:0.08,0.24:0.12;0.22:0.13;0.25:0.12;0.24:0.14;0.22:0.13;0.27:0.14;0.24:0.15;0.27:0.16;0.29:0.14;0.29:0.08;0.27:0.06;0.27:0.04,0.2178646:0.0771576;0.1964056:0.07476823;0.1735836:0.07950659;0.1660245:0.07071479;0.1366636:0.06952727;0.1199115:0.09565915;0.0947018:0.09511233;0.08428416:0.07117569;0.05782482:0.06039564;0.04175331:0.05223381;0.0102285:0.08084443;-0.02921467:0.1039944,sigma3_hotel_seed42,3
HOTEL:biwi_hotel:356:16350,HOTEL,biwi_hotel:356,16350,triu,0.1911634057760238,0.4945020377635956,0.3:0.18;0.26:0.13;0.22:0.15;0.24:0.15;0.24:0.17;0.24:0.17;0.22:0.08;0.24:0.12,0.22:0.13;0.25:0.12;0.24:0.14;0.22:0.13;0.27:0.14;0.24:0.15;0.27:0.16;0.29:0.14;0.29:0.08;0.27:0.06;0.27:0.04;0.18:-0.02,0.2580642:0.1190951;0.2916484:0.1178032;0.3139466:0.1105215;0.3297847:0.1156181;0.3672231:0.1103713;0.4185035:0.1147359;0.452334:0.1122041;0.4858341:0.1101213;0.5201737:0.08828485;0.5472785:0.08627414;0.6141714:0.09663112;0.6626207:0.08774764,sigma3_hotel_seed42,3
HOTEL:biwi_hotel:356:16360,HOTEL,biwi_hotel:356,16360,triu,0.1637124866247177,0.2168565839529037,0.26:0.13;0.22:0.15;0.24:0.15;0.24:0.17;0.24:0.17;0.22:0.08;0.24:0.12;0.22:0.13,0.25:0.12;0.24:0.14;0.22:0.13;0.27:0.14;0.24:0.15;0.27:0.16;0.29:0.14;0.29:0.08;0.27:0.06;0.27:0.04;0.18:-0.02;0.14:0.05,0.214028:0.131601;0.197285:0.1336417;0.174542:0.1286313;0.1595602:0.1272389;0.1280882:0.1188272;0.1089292:0.1365417;0.06272599:0.1235339;0.06046005:0.1126686;0.02586231:0.1244968;0.007882401:0.1010641;-0.01597442:0.1348081;-0.06025097:0.1332246,sigma3_hotel_seed42,3
HOTEL:biwi_hotel:356:16370,HOTEL,biwi_hotel:356,16370,triu,0.2863561809062958,0.7442163825035095,0.22:0.15;0.24:0.15;0.24:0.17;0.24:0.17;0.22:0.08;0.24:0.12;0.22:0.13;0.25:0.12,0.24:0.14;0.22:0.13;0.27:0.14;0.24:0.15;0.27:0.16;0.29:0.14;0.29:0.08;0.27:0.06;0.27:0.04;0.18:-0.02;0.14:0.05;0.08:0.22,0.2718789:0.1191126;0.3171076:0.1226004;0.3439232:0.1131618;0.3738611:0.1134292;0.4132839:0.1162955;0.4771627:0.1094806;0.5350692:0.1153;0.5764053:0.1056103;0.6194432:0.08360352;0.651729:0.086861;0.7449055:0.09388484;0.8102111:0.07629973,sigma3_hotel_seed42,3
HOTEL:biwi_hotel:356:16380,HOTEL,biwi_hotel:356,16380,triu,0.1162762641906738,0.2648735642433166,0.24:0.15;0.24:0.17;0.24:0.17;0.22:0.08;0.24:0.12;0.22:0.13;0.25:0.12;0.24:0.14,0.22:0.13;0.27:0.14;0.24:0.15;0.27:0.16;0.29:0.14;0.29:0.08;0.27:0.06;0.27:0.04;0.18:-0.02;0.14:0.05;0.08:0.22;0.01:0.37,0.223938:0.1378489;0.2120944:0.1428076;0.202182:0.1371576;0.1889917:0.1363661;0.168013:0.1357874;0.1516131:0.1325502;0.1373165:0.1364641;0.1252555:0.1284119;0.1096626:0.1269745;0.1063119:0.1289364;0.095071:0.1234072;0.08877689:0.1171122,sigma3_hotel_seed42,3
HOTEL:biwi_hotel:356:16390,HOTEL,biwi_hotel:356,16390,triu,0.211045816540718,0.357869952917099,0.24:0.17;0.24:0.17;0.22:0.08;0.24:0.12;0.22:0.13;0.25:0.12;0.24:0.14;0.22:0.13,0.27:0.14;0.24:0.15;0.27:0.16;0.29:0.14;0.29:0.08;0.27:0.06;0.27:0.04;0.18:-0.02;0.14:0.05;0.08:0.22;0.01:0.37;-0.15:0.48,0.1940788:0.1281421;0.1687061:0.130662;0.1441991:0.1253928;0.1084356:0.1263396;0.07145239:0.1198437;0.04076436:0.1269142;-0.006069899:0.1238801;-0.03536952:0.1221476;-0.06795058:0.1208945;-0.09496269:0.1189957;-0.1293968:0.1246837;-0.1701231:0.1226962,sigma3_hotel_seed42,3
HOTEL:biwi_hotel:358:15900,HOTEL,biwi_hotel:358,15900,triu,3.651621580123901,6.5789794921875,2.7:-10.16;2.6:-9.58;2.68:-9.04;2.61:-8.45;2.58:-7.92;2.63:-7.2;2.52:-6.7;2.55:-6.16,2.54:-5.6;2.41:-5.03;2.48:-4.47;2.53:-3.85;2.53:-3.27;2.67:-2.75;2.76:-2.24;2.78:-1.71;2.87:-1.2;2.92:-0.65;2.9:-0.15;3.02:0.35,2.569659:-6.175215;2.527009:-6.2632;2.539654:-6.295728;2.419063:-6.136227;2.436278:-6.228492;2.389238:-6.195731;2.20597:-6.11348;2.08246:-5.997863;1.979105:-6.079387;1.999007:-6.065521;1.918675:-6.254178;1.888415:-6.130933,sigma3_hotel_seed42,3
HOTEL:biwi_hotel:358:15910,HOTEL,biwi_hotel:358,15910,triu,3.644554376602173,6.524579048156738,2.6:-9.58;2.68:-9.04;2.61:-8.45;2.58:-7.92;2.63:-7.2;2.52:-6.7;2.55:-6.16;2.54:-5.6,2.41:-5.03;2.48:-4.47;2.53:-3.85;2.53:-3.27;2.67:-2.75;2.76:-2.24;2.78:-1.71;2.87:-1.2;2.92:-0.65;2.9:-0.15;3.02:0.35;3.06:0.82,2.54508:-5.61473;2.489239:-5.702775;2.48642:-5.735211;2.351114:-5.573012;2.354069:-5.666551;2.295089:-5.630607;2.092602:-5.547614;1.956602:-5.431153;1.840258:-5.513233;1.845343:-5.495884;1.752612:-5.686013;1.710251:-5.56344,sigma3_hotel_seed42,3
HOTEL:biwi_hotel:359:15910,HOTEL,biwi_hotel:359,15910,triu,3.7144758701324463,6.769264221191406,3.58:-9.8;3.53:-9.32;3.6:-8.73;3.54:-8.17;3.45:-7.57;3.53:-7.1;3.44:-6.48;3.37:-5.98,3.39:-5.42;3.32:-4.85;3.29:-4.35;3.35:-3.74;3.31:-3.14;3.36:-2.59;3.41:-2.03;3.36:-1.53;3.45:-1.04;3.51:-0.52;3.49:0.01;3.64:0.51,3.252614:-5.990886;3.09861:-6.060767;2.971552:-6.08613;2.745834:-5.932007;2.647032:-6.012849;2.503945:-5.968049;2.198505:-5.876274;1.985491:-5.782154;1.79504:-5.864644;1.684033:-5.809147;1.507082:-5.987695;1.390162:-5.874447,sigma3_hotel_seed42,3
HOTEL:biwi_hotel:361:15950,HOTEL,biwi_hotel:361,15950,triu,0.0773748308420181,0.1574793010950088,-0.89:-6.71;-0.89:-6.71;-0.89:-6.71;-0.89:-6.71;-0.89:-6.71;-0.89:-6.71;-0.89:-6.71;-0.89:-6.71,-0.89:-6.71;-0.89:-6.71;-0.89:-6.71;-0.89:-6.71;-0.89:-6.71;-0.89:-6.71;-0.89:-6.71;-0.89:-6.71;-0.89:-6.71;-0.89:-6.71;-0.89:-6.71;-0.89:-6.71,-0.9003717:-6.710133;-0.9030726:-6.71024;-0.9157742:-6.710204;-0.9312432:-6.706161;-0.9425733:-6.708557;-0.9591672:-6.709744;-0.9822273:-6.715839;-0.9858749:-6.714138;-0.9979344:-6.708045;-1.016122:-6.712235;-1.026144:-6.709788;-1.047195:-6.719461,sigma3_hotel_seed42,3
HOTEL:biwi_hotel:361:15960,HOTEL,biwi_hotel:361,15960,triu,0.0773748308420181,0.1574793010950088,-0.89:-6.71;-0.89:-6.71;-0.89:-6.71;-0.89:-6.71;-0.89:-6.71;-0.89:-6.71;-0.89:-6.71;-0.89:-6.71,-0.89:-6.71;-0.89:-6.71;-0.89:-6.71;-0.89:-6.71;-0.89:-6.71;-0.89:-6.71;-0.89:-6.71;-0.89:-6.71;-0.89:-6.71;-0.89:-6.71;-0.89:-6.71;-0.89:-6.71,-0.9003717:-6.710133;-0.9030726:-6.71024;-0.9157742:-6.710204;-0.9312432:-6.706161;-0.9425733:-6.708557;-0.9591672:-6.709744;-0.9822273:-6.715839;-0.9858749:-6.714138;-0.9979344:-6.708045;-1.016122:-6.712235;-1.026144:-6.709788;-1.047195:-6.719461,sigma3_hotel_seed42,3
HOTEL:biwi_hotel:361:15970,HOTEL,biwi_hotel:361,15970,triu,0.0773748308420181,0.1574793010950088,-0.89:-6.71;-0.89:-6.71;-0.89:-6.71;-0.89:-6.71;-0.89:-6.71;-0.89:-6.71;-0.89:-6.71;-0.89:-6.71,-0.89:-6.71;-0.89:-6.71;-0.89:-6.71;-0.89:-6.71;-0.89:-6.71;-0.89:-6.71;-0.89:-6.71;-0.89:-6.71;-0.89:-6.71;-0.89:-6.71;-0.89:-6.71;-0.89:-6.71,-0.9003717:-6.710133;-0.9030726:-6.71024;-0.9157742:-6.710204;-0.9312432:-6.706161;-0.9425733:-6.708557;-0.9591672:-6.709744;-0.9822273:-6.715839;-0.9858749:-6.714138;-0.9979344:-6.708045;-1.016122:-6.712235;-1.026144:-6.709788;-1.047195:-6.719461,sigma3_hotel_seed42,3
HOTEL:biwi_hotel:361:15980,HOTEL,biwi_hotel:361,15980,triu,0.0773748308420181,0.1574793010950088,-0.89:-6.71;-0.89:-6.71;-0.89:-6.71;-0.89:-6.71;-0.89:-6.71;-0.89:-6.71;-0.89:-6.71;-0.89:-6.71,-0.89:-6.71;-0.89:-6.71;-0.89:-6.71;-0.89:-6.71;-0.89:-6.71;-0.89:-6.71;-0.89:-6.71;-0.89:-6.71;-0.89:-6.71;-0.89:-6.71;-0.89:-6.71;-0.89:-6.71,-0.9003717:-6.710133;-0.9030726:-6.71024;-0.9157742:-6.710204;-0.9312432:-6.706161;-0.9425733:-6.708557;-0.9591672:-6.709744;-0.9822273:-6.715839;-0.9858749:-6.714138;-0.9979344:-6.708045;-1.016122:-6.712235;-1.026144:-6.709788;-1.047195:-6.719461,sigma3_hotel_seed42,3
HOTEL:biwi_hotel:361:15990,HOTEL,biwi_hotel:361,15990,triu,0.0773748308420181,0.1574793010950088,-0.89:-6.71;-0.89:-6.71;-0.89:-6.71;-0.89:-6.71;-0.89:-6.71;-0.89:-6.71;-0.89:-6.71;-0.89:-6.71,-0.89:-6.71;-0.89:-6.71;-0.89:-6.71;-0.89:-6.71;-0.89:-6.71;-0.89:-6.71;-0.89:-6.71;-0.89:-6.71;-0.89:-6.71;-0.89:-6.71;-0.89:-6.71;-0.89:-6.71,-0.9003717:-6.710133;-0.9030726:-6.71024;-0.9157742:-6.710204;-0.9312432:-6.706161;-0.9425733:-6.708557;-0.9591672:-6.709744;-0.9822273:-6.715839;-0.9858749:-6.714138;-0.9979344:-6.708045;-1.016122:-6.712235;-1.026144:-6.709788;-1.047195:-6.719461,sigma3_hotel_seed42,3
HOTEL:biwi_hotel:361:16000,HOTEL,biwi_hotel:361,16000,triu,0.0773748308420181,0.1574793010950088,-0.89:-6.71;-0.89:-6.71;-0.89:-6.71;-0.89:-6.71;-0.89:-6.71;-0.89:-6.71;-0.89:-6.71;-0.89:-6.71,-0.89:-6.71;-0.89:-6.71;-0.89:-6.71;-0.89:-6.71;-0.89:-6.71;-0.89:-6.71;-0.89:-6.71;-0.89:-6.71;-0.89:-6.71;-0.89:-6.71;-0.89:-6.71;-0.89:-6.71,-0.9003717:-6.710133;-0.9030726:-6.71024;-0.9157742:-6.710204;-0.9312432:-6.706161;-0.9425733:-6.708557;-0.9591672:-6.709744;-0.9822273:-6.715839;-0.9858749:-6.714138;-0.9979344:-6.708045;-1.016122:-6.712235;-1.026144:-6.709788;-1.047195:-6.719461,sigma3_hotel_seed42,3
HOTEL:biwi_hotel:361:16010,HOTEL,biwi_hotel:361,16010,triu,0.0773748308420181,0.1574793010950088,-0.89:-6.71;-0.89:-6.71;-0.89:-6.71;-0.89:-6.71;-0.89:-6.71;-0.89:-6.71;-0.89:-6.71;-0.89:-6.71,-0.89:-6.71;-0.89:-6.71;-0.89:-6.71;-0.89:-6.71;-0.89:-6.71;-0.89:-6.71;-0.89:-6.71;-0.89:-6.71;-0.89:-6.71;-0.89:-6.71;-0.89:-6.71;-0.89:-6.71,-0.9003717:-6.710133;-0.9030726:-6.71024;-0.9157742:-6.710204;-0.9312432:-6.706161;-0.9425733:-6.708557;-0.9591672:-6.709744;-0.9822273:-6.715839;-0.9858749:-6.714138;-0.9979344:-6.708045;-1.016122:-6.712235;-1.026144:-6.709788;-1.047195:-6.719461,sigma3_hotel_seed42,3
HOTEL:biwi_hotel:361:16020,HOTEL,biwi_hotel:361,16020,triu,0.0773748382925987,0.1574793010950088,-0.89:-6.71;-0.89:-6.71;-0.89:-6.71;-0.89:-6.71;-0.89:-6.71;-0.89:-6.71;-0.89:-6.71;-0.89:-6.71,-0.89:-6.71;-0.89:-6.71;-0.89:-6.71;-0.89:-6.71;-0.89:-6.71;-0.89:-6.71;-0.89:-6.71;-0.89:-6.71;-0.89:-6.71;-0.89:-6.71;-0.89:-6.71;-0.89:-6.71,-0.9003717:-6.710133;-0.9030726:-6.71024;-0.9157743:-6.710204;-0.9312432:-6.706161;-0.9425733:-6.708557;-0.9591672:-6.709744;-0.9822273:-6.715839;-0.985875:-6.714138;-0.9979344:-6.708045;-1.016122:-6.712235;-1.026143:-6.709788;-1.047195:-6.719461,sigma3_hotel_seed42,3
HOTEL:biwi_hotel:361:16030,HOTEL,biwi_hotel:361,16030,triu,0.0773748382925987,0.1574793010950088,-0.89:-6.71;-0.89:-6.71;-0.89:-6.71;-0.89:-6.71;-0.89:-6.71;-0.89:-6.71;-0.89:-6.71;-0.89:-6.71,-0.89:-6.71;-0.89:-6.71;-0.89:-6.71;-0.89:-6.71;-0.89:-6.71;-0.89:-6.71;-0.89:-6.71;-0.89:-6.71;-0.89:-6.71;-0.89:-6.71;-0.89:-6.71;-0.89:-6.71,-0.9003717:-6.710133;-0.9030726:-6.71024;-0.9157743:-6.710204;-0.9312432:-6.706161;-0.9425733:-6.708557;-0.9591672:-6.709744;-0.9822273:-6.715839;-0.985875:-6.714138;-0.9979344:-6.708045;-1.016122:-6.712235;-1.026143:-6.709788;-1.047195:-6.719461,sigma3_hotel_seed42,3
HOTEL:biwi_hotel:361:16040,HOTEL,biwi_hotel:361,16040,triu,0.0773748531937599,0.1574794203042984,-0.89:-6.71;-0.89:-6.71;-0.89:-6.71;-0.89:-6.71;-0.89:-6.71;-0.89:-6.71;-0.89:-6.71;-0.89:-6.71,-0.89:-6.71;-0.89:-6.71;-0.89:-6.71;-0.89:-6.71;-0.89:-6.71;-0.89:-6.71;-0.89:-6.71;-0.89:-6.71;-0.89:-6.71;-0.89:-6.71;-0.89:-6.71;-0.89:-6.71,-0.9003717:-6.710133;-0.9030726:-6.71024;-0.9157742:-6.710204;-0.9312432:-6.706161;-0.9425733:-6.708557;-0.9591672:-6.709744;-0.9822273:-6.715839;-0.985875:-6.714138;-0.9979344:-6.708045;-1.016122:-6.712235;-1.026144:-6.709788;-1.047195:-6.719461,sigma3_hotel_seed42,3
HOTEL:biwi_hotel:361:16050,HOTEL,biwi_hotel:361,16050,triu,0.0773748308420181,0.1574793010950088,-0.89:-6.71;-0.89:-6.71;-0.89:-6.71;-0.89:-6.71;-0.89:-6.71;-0.89:-6.71;-0.89:-6.71;-0.89:-6.71,-0.89:-6.71;-0.89:-6.71;-0.89:-6.71;-0.89:-6.71;-0.89:-6.71;-0.89:-6.71;-0.89:-6.71;-0.89:-6.71;-0.89:-6.71;-0.89:-6.71;-0.89:-6.71;-0.89:-6.71,-0.9003717:-6.710133;-0.9030726:-6.71024;-0.9157742:-6.710204;-0.9312432:-6.706161;-0.9425733:-6.708557;-0.9591672:-6.709744;-0.9822273:-6.715839;-0.9858749:-6.714138;-0.9979344:-6.708045;-1.016122:-6.712235;-1.026144:-6.709788;-1.047195:-6.719461,sigma3_hotel_seed42,3
HOTEL:biwi_hotel:361:16060,HOTEL,biwi_hotel:361,16060,triu,0.0773748308420181,0.1574793010950088,-0.89:-6.71;-0.89:-6.71;-0.89:-6.71;-0.89:-6.71;-0.89:-6.71;-0.89:-6.71;-0.89:-6.71;-0.89:-6.71,-0.89:-6.71;-0.89:-6.71;-0.89:-6.71;-0.89:-6.71;-0.89:-6.71;-0.89:-6.71;-0.89:-6.71;-0.89:-6.71;-0.89:-6.71;-0.89:-6.71;-0.89:-6.71;-0.89:-6.71,-0.9003717:-6.710133;-0.9030726:-6.71024;-0.9157742:-6.710204;-0.9312432:-6.706161;-0.9425733:-6.708557;-0.9591672:-6.709744;-0.9822273:-6.715839;-0.9858749:-6.714138;-0.9979344:-6.708045;-1.016122:-6.712235;-1.026144:-6.709788;-1.047195:-6.719461,sigma3_hotel_seed42,3
HOTEL:biwi_hotel:361:16070,HOTEL,biwi_hotel:361,16070,triu,0.0804345533251762,0.1941959708929062,-0.89:-6.71;-0.89:-6.71;-0.89:-6.71;-0.89:-6.71;-0.89:-6.71;-0.89:-6.71;-0.89:-6.71;-0.89:-6.71,-0.89:-6.71;-0.89:-6.71;-0.89:-6.71;-0.89:-6.71;-0.89:-6.71;-0.89:-6.71;-0.89:-6.71;-0.89:-6.71;-0.89:-6.71;-0.89:-6.71;-0.89:-6.71;-0.87:-6.64,-0.9003717:-6.710133;-0.9030726:-6.71024;-0.9157742:-6.710204;-0.9312432:-6.706161;-0.9425733:-6.708557;-0.9591672:-6.709744;-0.9822273:-6.715839;-0.9858749:-6.714138;-0.9979344:-6.708045;-1.016122:-6.712235;-1.026144:-6.709788;-1.047195:-6.719461,sigma3_hotel_seed42,3
HOTEL:biwi_hotel:361:16080,HOTEL,biwi_hotel:361,16080,triu,0.0848756209015846,0.2126025855541229,-0.89:-6.71;-0.89:-6.71;-0.89:-6.71;-0.89:-6.71;-0.89:-6.71;-0.89:-6.71;-0.89:-6.71;-0.89:-6.71,-0.89:-6.71;-0.89:-6.71;-0.89:-6.71;-0.89:-6.71;-0.89:-6.71;-0.89:-6.71;-0.89:-6.71;-0.89:-6.71;-0.89:-6.71;-0.89:-6.71;-0.87:-6.64;-0.85:-6.64,-0.9003717:-6.710133;-0.9030726:-6.71024;-0.9157742:-6.710204;-0.9312432:-6.706161;-0.9425733:-6.708557;-0.9591672:-6.709744;-0.9822273:-6.715839;-0.9858749:-6.714138;-0.9979344:-6.708045;-1.016122:-6.712235;-1.026144:-6.709788;-1.047195:-6.719461,sigma3_hotel_seed42,3
HOTEL:biwi_hotel:361:16090,HOTEL,biwi_hotel:361,16090,triu,0.0875725373625755,0.189669668674469,-0.89:-6.71;-0.89:-6.71;-0.89:-6.71;-0.89:-6.71;-0.89:-6.71;-0.89:-6.71;-0.89:-6.71;-0.89:-6.71,-0.89:-6.71;-0.89:-6.71;-0.89:-6.71;-0.89:-6.71;-0.89:-6.71;-0.89:-6.71;-0.89:-6.71;-0.89:-6.71;-0.89:-6.71;-0.87:-6.64;-0.85:-6.64;-0.86:-6.75,-0.9003717:-6.710133;-0.9030727:-6.71024;-0.9157743:-6.710204;-0.9312432:-6.706161;-0.9425733:-6.708557;-0.9591672:-6.709744;-0.9822274:-6.715839;-0.985875:-6.714138;-0.9979345:-6.708045;-1.016122:-6.712235;-1.026144:-6.709788;-1.047195:-6.719461,sigma3_hotel_seed42,3
HOTEL:biwi_hotel:361:16100,HOTEL,biwi_hotel:361,16100,triu,0.0929308012127876,0.2173954099416732,-0.89:-6.71;-0.89:-6.71;-0.89:-6.71;-0.89:-6.71;-0.89:-6.71;-0.89:-6.71;-0.89:-6.71;-0.89:-6.71,-0.89:-6.71;-0.89:-6.71;-0.89:-6.71;-0.89:-6.71;-0.89:-6.71;-0.89:-6.71;-0.89:-6.71;-0.89:-6.71;-0.87:-6.64;-0.85:-6.64;-0.86:-6.75;-0.86:-6.83,-0.9003717:-6.710133;-0.9030726:-6.71024;-0.9157742:-6.710204;-0.9312432:-6.706161;-0.9425733:-6.708557;-0.9591672:-6.709744;-0.9822274:-6.715839;-0.985875:-6.714138;-0.9979345:-6.708045;-1.016122:-6.712235;-1.026143:-6.709788;-1.047195:-6.719461,sigma3_hotel_seed42,3
HOTEL:biwi_hotel:361:16110,HOTEL,biwi_hotel:361,16110,triu,0.0804637148976326,0.2152957320213318,-0.89:-6.71;-0.89:-6.71;-0.89:-6.71;-0.89:-6.71;-0.89:-6.71;-0.89:-6.71;-0.89:-6.71;-0.89:-6.71,-0.89:-6.71;-0.89:-6.71;-0.89:-6.71;-0.89:-6.71;-0.89:-6.71;-0.89:-6.71;-0.89:-6.71;-0.87:-6.64;-0.85:-6.64;-0.86:-6.75;-0.86:-6.83;-0.85:-6.88,-0.9011892:-6.711309;-0.9030191:-6.712651;-0.9171035:-6.709248;-0.9302413:-6.703482;-0.9285293:-6.702519;-0.9391755:-6.70501;-0.9503468:-6.704397;-0.9524825:-6.704138;-0.950861:-6.705703;-0.9656797:-6.701568;-0.9716889:-6.705245;-0.97808:-6.706946,sigma3_hotel_seed42,3
HOTEL:biwi_hotel:361:16120,HOTEL,biwi_hotel:361,16120,triu,0.0789932906627655,0.2179354727268219,-0.89:-6.71;-0.89:-6.71;-0.89:-6.71;-0.89:-6.71;-0.89:-6.71;-0.89:-6.71;-0.89:-6.71;-0.89:-6.71,-0.89:-6.71;-0.89:-6.71;-0.89:-6.71;-0.89:-6.71;-0.89:-6.71;-0.89:-6.71;-0.87:-6.64;-0.85:-6.64;-0.86:-6.75;-0.86:-6.83;-0.85:-6.88;-0.71:-6.73,-0.899949:-6.711026;-0.8997227:-6.713087;-0.9140345:-6.707374;-0.9247551:-6.701526;-0.9149096:-6.697792;-0.9209179:-6.702424;-0.9239262:-6.699938;-0.9235066:-6.698656;-0.9146714:-6.702285;-0.927202:-6.697419;-0.9262027:-6.701174;-0.9258553:-6.699961,sigma3_hotel_seed42,3
HOTEL:biwi_hotel:361:16130,HOTEL,biwi_hotel:361,16130,triu,0.0994554981589317,0.2734786570072174,-0.89:-6.71;-0.89:-6.71;-0.89:-6.71;-0.89:-6.71;-0.89:-6.71;-0.89:-6.71;-0.89:-6.71;-0.89:-6.71,-0.89:-6.71;-0.89:-6.71;-0.89:-6.71;-0.89:-6.71;-0.89:-6.71;-0.87:-6.64;-0.85:-6.64;-0.86:-6.75;-0.86:-6.83;-0.85:-6.88;-0.71:-6.73;-0.66:-6.64,-0.8982053:-6.710421;-0.9001842:-6.710906;-0.9111655:-6.707349;-0.9193959:-6.699864;-0.9153186:-6.697499;-0.9203091:-6.700572;-0.9222028:-6.6973;-0.9233964:-6.69622;-0.9208001:-6.696721;-0.9277166:-6.695472;-0.927545:-6.696458;-0.927828:-6.695306,sigma3_hotel_seed42,3
HOTEL:biwi_hotel:361:16140,HOTEL,biwi_hotel:361,16140,triu,0.1079720258712768,0.2265459448099136,-0.89:-6.71;-0.89:-6.71;-0.89:-6.71;-0.89:-6.71;-0.89:-6.71;-0.89:-6.71;-0.89:-6.71;-0.89:-6.71,-0.89:-6.71;-0.89:-6.71;-0.89:-6.71;-0.89:-6.71;-0.87:-6.64;-0.85:-6.64;-0.86:-6.75;-0.86:-6.83;-0.85:-6.88;-0.71:-6.73;-0.66:-6.64;-0.71:-6.7,-0.8907794:-6.709491;-0.8878366:-6.712733;-0.895059:-6.709605;-0.9001335:-6.7032;-0.8968198:-6.703928;-0.9104885:-6.707845;-0.9226127:-6.713819;-0.9157659:-6.710238;-0.9176111:-6.700046;-0.9224046:-6.709175;-0.9277507:-6.711447;-0.9358183:-6.718143,sigma3_hotel_seed42,3
HOTEL:biwi_hotel:361:16150,HOTEL,biwi_hotel:361,16150,triu,0.1078930124640464,0.178153783082962,-0.89:-6.71;-0.89:-6.71;-0.89:-6.71;-0.89:-6.71;-0.89:-6.71;-0.89:-6.71;-0.89:-6.71;-0.89:-6.71,-0.89:-6.71;-0.89:-6.71;-0.89:-6.71;-0.87:-6.64;-0.85:-6.64;-0.86:-6.75;-0.86:-6.83;-0.85:-6.88;-0.71:-6.73;-0.66:-6.64;-0.71:-6.7;-0.72:-6.71,-0.8891508:-6.709589;-0.8831804:-6.713812;-0.8886402:-6.709884;-0.8926402:-6.702623;-0.8850539:-6.703259;-0.8932889:-6.706371;-0.9004249:-6.711926;-0.8923776:-6.70718;-0.8898724:-6.700153;-0.8940859:-6.70797;-0.8935703:-6.709614;-0.8980727:-6.715374,sigma3_hotel_seed42,3
HOTEL:biwi_hotel:361:16160,HOTEL,biwi_hotel:361,16160,triu,0.1554442793130874,0.2567960619926452,-0.89:-6.71;-0.89:-6.71;-0.89:-6.71;-0.89:-6.71;-0.89:-6.71;-0.89:-6.71;-0.89:-6.71;-0.89:-6.71,-0.89:-6.71;-0.89:-6.71;-0.87:-6.64;-0.85:-6.64;-0.86:-6.75;-0.86:-6.83;-0.85:-6.88;-0.71:-6.73;-0.66:-6.64;-0.71:-6.7;-0.72:-6.71;-0.72:-6.71,-0.8975503:-6.710442;-0.8948709:-6.712728;-0.9036568:-6.710498;-0.9171662:-6.705322;-0.9194322:-6.70729;-0.9278627:-6.707546;-0.9407669:-6.713474;-0.9417712:-6.709516;-0.9451559:-6.709221;-0.9616625:-6.71106;-0.9627115:-6.708692;-0.9767189:-6.716296,sigma3_hotel_seed42,3
HOTEL:biwi_hotel:361:16170,HOTEL,biwi_hotel:361,16170,triu,0.176917552947998,0.2685677111148834,-0.89:-6.71;-0.89:-6.71;-0.89:-6.71;-0.89:-6.71;-0.89:-6.71;-0.89:-6.71;-0.89:-6.71;-0.89:-6.71,-0.89:-6.71;-0.87:-6.64;-0.85:-6.64;-0.86:-6.75;-0.86:-6.83;-0.85:-6.88;-0.71:-6.73;-0.66:-6.64;-0.71:-6.7;-0.72:-6.71;-0.72:-6.71;-0.72:-6.71,-0.8983912:-6.710188;-0.8947178:-6.711454;-0.9039955:-6.710445;-0.9189857:-6.705698;-0.925267:-6.708348;-0.9302956:-6.70707;-0.9448888:-6.713668;-0.9474729:-6.709598;-0.9531606:-6.710367;-0.9737206:-6.711678;-0.9708062:-6.705072;-0.9885209:-6.715015,sigma3_hotel_seed42,3
HOTEL:biwi_hotel:361:16180,HOTEL,biwi_hotel:361,16180,triu,0.2196245193481445,0.3273315727710724,-0.89:-6.71;-0.89:-6.71;-0.89:-6.71;-0.89:-6.71;-0.89:-6.71;-0.89:-6.71;-0.89:-6.71;-0.89:-6.71,-0.87:-6.64;-0.85:-6.64;-0.86:-6.75;-0.86:-6.83;-0.85:-6.88;-0.71:-6.73;-0.66:-6.64;-0.71:-6.7;-0.72:-6.71;-0.72:-6.71;-0.72:-6.71;-0.72:-6.71,-0.9003717:-6.710133;-0.9030726:-6.71024;-0.9157742:-6.710204;-0.9312432:-6.706161;-0.9425733:-6.708557;-0.9591672:-6.709744;-0.9822273:-6.715839;-0.9858749:-6.714138;-0.9979344:-6.708045;-1.016122:-6.712235;-1.026144:-6.709788;-1.047195:-6.719461,sigma3_hotel_seed42,3
HOTEL:biwi_hotel:361:16190,HOTEL,biwi_hotel:361,16190,triu,0.1919753104448318,0.2722907960414886,-0.89:-6.71;-0.89:-6.71;-0.89:-6.71;-0.89:-6.71;-0.89:-6.71;-0.89:-6.71;-0.89:-6.71;-0.87:-6.64,-0.85:-6.64;-0.86:-6.75;-0.86:-6.83;-0.85:-6.88;-0.71:-6.73;-0.66:-6.64;-0.71:-6.7;-0.72:-6.71;-0.72:-6.71;-0.72:-6.71;-0.72:-6.71;-0.72:-6.71,-0.8593851:-6.641942;-0.8642536:-6.646057;-0.8748428:-6.641893;-0.8721215:-6.648943;-0.8912455:-6.652175;-0.8912606:-6.62585;-0.9074071:-6.630582;-0.9049535:-6.650231;-0.9243997:-6.661599;-0.9355757:-6.672659;-0.9450218:-6.640237;-0.9780666:-6.623144,sigma3_hotel_seed42,3
HOTEL:biwi_hotel:361:16200,HOTEL,biwi_hotel:361,16200,triu,0.1611464172601699,0.1497410386800766,-0.89:-6.71;-0.89:-6.71;-0.89:-6.71;-0.89:-6.71;-0.89:-6.71;-0.89:-6.71;-0.87:-6.64;-0.85:-6.64,-0.86:-6.75;-0.86:-6.83;-0.85:-6.88;-0.71:-6.73;-0.66:-6.64;-0.71:-6.7;-0.72:-6.71;-0.72:-6.71;-0.72:-6.71;-0.72:-6.71;-0.72:-6.71;-0.72:-6.71,-0.8504158:-6.639276;-0.8405616:-6.642159;-0.8417038:-6.640222;-0.848616:-6.636492;-0.8478857:-6.638153;-0.8499109:-6.639863;-0.8537005:-6.649456;-0.8483664:-6.643395;-0.8503669:-6.640865;-0.8602623:-6.64944;-0.8486308:-6.643088;-0.8593661:-6.655232,sigma3_hotel_seed42,3
HOTEL:biwi_hotel:361:16210,HOTEL,biwi_hotel:361,16210,triu,0.3624551594257355,0.5660136938095093,-0.89:-6.71;-0.89:-6.71;-0.89:-6.71;-0.89:-6.71;-0.89:-6.71;-0.87:-6.64;-0.85:-6.64;-0.86:-6.75,-0.86:-6.83;-0.85:-6.88;-0.71:-6.73;-0.66:-6.64;-0.71:-6.7;-0.72:-6.71;-0.72:-6.71;-0.72:-6.71;-0.72:-6.71;-0.72:-6.71;-0.72:-6.71;-0.72:-6.71,-0.8901152:-6.749963;-0.9293001:-6.750917;-0.9717839:-6.741247;-1.000929:-6.746684;-1.039039:-6.742148;-1.067171:-6.724354;-1.098966:-6.719329;-1.12792:-6.734474;-1.169963:-6.751322;-1.2082:-6.752373;-1.238111:-6.726075;-1.285918:-6.699612,sigma3_hotel_seed42,3
HOTEL:biwi_hotel:361:16220,HOTEL,biwi_hotel:361,16220,triu,0.1452649235725402,0.1240723878145217,-0.89:-6.71;-0.89:-6.71;-0.89:-6.71;-0.89:-6.71;-0.87:-6.64;-0.85:-6.64;-0.86:-6.75;-0.86:-6.83,-0.85:-6.88;-0.71:-6.73;-0.66:-6.64;-0.71:-6.7;-0.72:-6.71;-0.72:-6.71;-0.72:-6.71;-0.72:-6.71;-0.72:-6.71;-0.72:-6.71;-0.72:-6.71;-0.72:-6.71,-0.8323653:-6.830768;-0.817884:-6.836755;-0.8137867:-6.834071;-0.7975461:-6.839126;-0.7985753:-6.844038;-0.7788988:-6.820326;-0.7823662:-6.828706;-0.7623863:-6.843208;-0.7698526:-6.853161;-0.770216:-6.871006;-0.7536683:-6.833986;-0.775479:-6.820978,sigma3_hotel_seed42,3
HOTEL:biwi_hotel:361:16230,HOTEL,biwi_hotel:361,16230,triu,0.2870955169200897,0.3780632615089416,-0.89:-6.71;-0.89:-6.71;-0.89:-6.71;-0.87:-6.64;-0.85:-6.64;-0.86:-6.75;-0.86:-6.83;-0.85:-6.88,-0.71:-6.73;-0.66:-6.64;-0.71:-6.7;-0.72:-6.71;-0.72:-6.71;-0.72:-6.71;-0.72:-6.71;-0.72:-6.71;-0.72:-6.71;-0.72:-6.71;-0.72:-6.71;-0.72:-6.71,-0.8367977:-6.884776;-0.8510604:-6.887475;-0.8633559:-6.884747;-0.8587905:-6.898624;-0.8971512:-6.904422;-0.9132107:-6.865935;-0.938602:-6.875037;-0.9417455:-6.908229;-0.9655712:-6.912734;-0.972597:-6.925684;-1.015724:-6.891201;-1.059976:-6.875372,sigma3_hotel_seed42,3
HOTEL:biwi_hotel:361:16240,HOTEL,biwi_hotel:361,16240,triu,0.250915914773941,0.3653254806995392,-0.89:-6.71;-0.89:-6.71;-0.87:-6.64;-0.85:-6.64;-0.86:-6.75;-0.86:-6.83;-0.85:-6.88;-0.71:-6.73,-0.66:-6.64;-0.71:-6.7;-0.72:-6.71;-0.72:-6.71;-0.72:-6.71;-0.72:-6.71;-0.72:-6.71;-0.72:-6.71;-0.72:-6.71;-0.72:-6.71;-0.72:-6.71;-0.72:-6.71,-0.6578187:-6.740255;-0.6108036:-6.761598;-0.5683849:-6.747033;-0.5262247:-6.748421;-0.500706:-6.748601;-0.4666534:-6.742033;-0.4337457:-6.718048;-0.422758:-6.725389;-0.4055651:-6.773331;-0.3923063:-6.743217;-0.3635519:-6.777813;-0.3557708:-6.73828,sigma3_hotel_seed42,3
HOTEL:biwi_hotel:361:16250,HOTEL,biwi_hotel:361,16250,triu,0.3351973593235016,0.4322300553321838,-0.89:-6.71;-0.87:-6.64;-0.85:-6.64;-0.86:-6.75;-0.86:-6.83;-0.85:-6.88;-0.71:-6.73;-0.66:-6.64,-0.71:-6.7;-0.72:-6.71;-0.72:-6.71;-0.72:-6.71;-0.72:-6.71;-0.72:-6.71;-0.72:-6.71;-0.72:-6.71;-0.72:-6.71;-0.72:-6.71;-0.72:-6.71;-0.62:-6.81,-0.5917023:-6.644499;-0.5443236:-6.653552;-0.5097482:-6.657259;-0.4588018:-6.663844;-0.4301928:-6.672198;-0.3827289:-6.650185;-0.3644197:-6.654784;-0.3153328:-6.676262;-0.2919827:-6.685441;-0.2575636:-6.70643;-0.2199782:-6.677859;-0.2135882:-6.662853,sigma3_hotel_seed42,3
HOTEL:biwi_hotel:361:16260,HOTEL,biwi_hotel:361,16260,triu,0.2187532633543014,0.4477908015251159,-0.87:-6.64;-0.85:-6.64;-0.86:-6.75;-0.86:-6.83;-0.85:-6.88;-0.71:-6.73;-0.66:-6.64;-0.71:-6.7,-0.72:-6.71;-0.72:-6.71;-0.72:-6.71;-0.72:-6.71;-0.72:-6.71;-0.72:-6.71;-0.72:-6.71;-0.72:-6.71;-0.72:-6.71;-0.72:-6.71;-0.62:-6.81;-0.71:-6.72,-0.7227839:-6.701266;-0.7667125:-6.702057;-0.7973509:-6.702443;-0.8165354:-6.708075;-0.8624194:-6.719026;-0.9057416:-6.685859;-0.9617251:-6.696595;-0.980738:-6.718854;-1.024006:-6.710107;-1.031368:-6.73316;-1.105579:-6.703149;-1.156249:-6.682876,sigma3_hotel_seed42,3
HOTEL:biwi_hotel:361:16270,HOTEL,biwi_hotel:361,16270,triu,0.0371825136244297,0.0687101557850837,-0.85:-6.64;-0.86:-6.75;-0.86:-6.83;-0.85:-6.88;-0.71:-6.73;-0.66:-6.64;-0.71:-6.7;-0.72:-6.71,-0.72:-6.71;-0.72:-6.71;-0.72:-6.71;-0.72:-6.71;-0.72:-6.71;-0.72:-6.71;-0.72:-6.71;-0.72:-6.71;-0.72:-6.71;-0.62:-6.81;-0.71:-6.72;-0.65:-6.8,-0.7153163:-6.710944;-0.7174084:-6.713406;-0.7089573:-6.712515;-0.6979445:-6.709768;-0.6883314:-6.709136;-0.7004493:-6.715616;-0.6874508:-6.714326;-0.677222:-6.718608;-0.6719834:-6.712607;-0.6367285:-6.723275;-0.6430991:-6.741055;-0.6162005:-6.740178,sigma3_hotel_seed42,3
HOTEL:biwi_hotel:361:16280,HOTEL,biwi_hotel:361,16280,triu,0.1368068903684616,0.242896094918251,-0.86:-6.75;-0.86:-6.83;-0.85:-6.88;-0.71:-6.73;-0.66:-6.64;-0.71:-6.7;-0.72:-6.71;-0.72:-6.71,-0.72:-6.71;-0.72:-6.71;-0.72:-6.71;-0.72:-6.71;-0.72:-6.71;-0.72:-6.71;-0.72:-6.71;-0.72:-6.71;-0.62:-6.81;-0.71:-6.72;-0.65:-6.8;-0.71:-6.72,-0.7347059:-6.710642;-0.7454368:-6.707267;-0.7624303:-6.711183;-0.7788559:-6.708619;-0.8016782:-6.711119;-0.8281901:-6.71415;-0.8610524:-6.716702;-0.8687589:-6.720977;-0.8905413:-6.710008;-0.9069421:-6.71394;-0.9289144:-6.715717;-0.9528119:-6.726394,sigma3_hotel_seed42,3
HOTEL:biwi_hotel:361:16290,HOTEL,biwi_hotel:361,16290,triu,0.1767110377550125,0.3586914837360382,-0.86:-6.83;-0.85:-6.88;-0.71:-6.73;-0.66:-6.64;-0.71:-6.7;-0.72:-6.71;-0.72:-6.71;-0.72:-6.71,-0.72:-6.71;-0.72:-6.71;-0.72:-6.71;-0.72:-6.71;-0.72:-6.71;-0.72:-6.71;-0.72:-6.71;-0.62:-6.81;-0.71:-6.72;-0.65:-6.8;-0.71:-6.72;-0.65:-6.75,-0.7449773:-6.71182;-0.7591677:-6.706223;-0.7851291:-6.709476;-0.8104605:-6.706816;-0.8359904:-6.708037;-0.8569771:-6.707791;-0.892299:-6.705148;-0.9086333:-6.711609;-0.9271933:-6.711152;-0.9586163:-6.701828;-0.9795538:-6.700465;-1.00616:-6.70746,sigma3_hotel_seed42,3
HOTEL:biwi_hotel:361:16300,HOTEL,biwi_hotel:361,16300,triu,0.0793652758002281,0.1798706203699112,-0.85:-6.88;-0.71:-6.73;-0.66:-6.64;-0.71:-6.7;-0.72:-6.71;-0.72:-6.71;-0.72:-6.71;-0.72:-6.71,-0.72:-6.71;-0.72:-6.71;-0.72:-6.71;-0.72:-6.71;-0.72:-6.71;-0.72:-6.71;-0.62:-6.81;-0.71:-6.72;-0.65:-6.8;-0.71:-6.72;-0.65:-6.75;-0.59:-6.78,-0.7307337:-6.713456;-0.7472244:-6.714553;-0.7462659:-6.714916;-0.7506871:-6.712413;-0.7529895:-6.715282;-0.773518:-6.71492;-0.7737442:-6.710282;-0.7809994:-6.717253;-0.782433:-6.722126;-0.7568007:-6.720619;-0.7840142:-6.74229;-0.7640676:-6.73468,sigma3_hotel_seed42,3
HOTEL:biwi_hotel:361:16310,HOTEL,biwi_hotel:361,16310,triu,0.0712207108736038,0.205410361289978,-0.71:-6.73;-0.66:-6.64;-0.71:-6.7;-0.72:-6.71;-0.72:-6.71;-0.72:-6.71;-0.72:-6.71;-0.72:-6.71,-0.72:-6.71;-0.72:-6.71;-0.72:-6.71;-0.72:-6.71;-0.72:-6.71;-0.62:-6.81;-0.71:-6.72;-0.65:-6.8;-0.71:-6.72;-0.65:-6.75;-0.59:-6.78;-0.7:-6.71,-0.7134575:-6.711915;-0.7164059:-6.713834;-0.6997324:-6.713161;-0.6801092:-6.713064;-0.6625943:-6.709483;-0.6674464:-6.718553;-0.6329305:-6.710858;-0.6213194:-6.719191;-0.6068785:-6.720947;-0.5509335:-6.729189;-0.5488684:-6.754297;-0.4980429:-6.747507,sigma3_hotel_seed42,3
HOTEL:biwi_hotel:361:16320,HOTEL,biwi_hotel:361,16320,triu,0.0543823726475238,0.1546672284603119,-0.66:-6.64;-0.71:-6.7;-0.72:-6.71;-0.72:-6.71;-0.72:-6.71;-0.72:-6.71;-0.72:-6.71;-0.72:-6.71,-0.72:-6.71;-0.72:-6.71;-0.72:-6.71;-0.72:-6.71;-0.62:-6.81;-0.71:-6.72;-0.65:-6.8;-0.71:-6.72;-0.65:-6.75;-0.59:-6.78;-0.7:-6.71;-0.72:-6.71,-0.7223645:-6.714927;-0.7194546:-6.717046;-0.7066649:-6.719732;-0.7070279:-6.71733;-0.6925293:-6.722691;-0.6798061:-6.715405;-0.660463:-6.711079;-0.6591696:-6.717388;-0.638148:-6.741355;-0.6117941:-6.730706;-0.6049287:-6.7439;-0.567956:-6.738365,sigma3_hotel_seed42,3
HOTEL:biwi_hotel:361:16330,HOTEL,biwi_hotel:361,16330,triu,0.1812735795974731,0.2943527102470398,-0.71:-6.7;-0.72:-6.71;-0.72:-6.71;-0.72:-6.71;-0.72:-6.71;-0.72:-6.71;-0.72:-6.71;-0.72:-6.71,-0.72:-6.71;-0.72:-6.71;-0.72:-6.71;-0.62:-6.81;-0.71:-6.72;-0.65:-6.8;-0.71:-6.72;-0.65:-6.75;-0.59:-6.78;-0.7:-6.71;-0.72:-6.71;-0.72:-6.71,-0.7347277:-6.708714;-0.7443298:-6.705234;-0.7639846:-6.712544;-0.7915915:-6.710133;-0.8242686:-6.71815;-0.8374749:-6.709944;-0.8829133:-6.721243;-0.8953983:-6.719671;-0.9295925:-6.714781;-0.9616982:-6.727223;-0.9681368:-6.70264;-1.014295:-6.715824,sigma3_hotel_seed42,3
HOTEL:biwi_hotel:361:16340,HOTEL,biwi_hotel:361,16340,triu,0.1174613311886787,0.1558572351932525,-0.72:-6.71;-0.72:-6.71;-0.72:-6.71;-0.72:-6.71;-0.72:-6.71;-0.72:-6.71;-0.72:-6.71;-0.72:-6.71,-0.72:-6.71;-0.72:-6.71;-0.62:-6.81;-0.71:-6.72;-0.65:-6.8;-0.71:-6.72;-0.65:-6.75;-0.59:-6.78;-0.7:-6.71;-0.72:-6.71;-0.72:-6.71;-0.72:-6.71,-0.7303019:-6.710141;-0.7329065:-6.710299;-0.7455327:-6.710206;-0.7609333:-6.706132;-0.7720304:-6.708506;-0.7884901:-6.709696;-0.8113236:-6.715769;-0.8148929:-6.71403;-0.8267436:-6.708035;-0.8448438:-6.712181;-0.8547218:-6.709784;-0.8755745:-6.719385,sigma3_hotel_seed42,3
HOTEL:biwi_hotel:361:16350,HOTEL,biwi_hotel:361,16350,triu,0.1181417480111122,0.15580515563488,-0.72:-6.71;-0.72:-6.71;-0.72:-6.71;-0.72:-6.71;-0.72:-6.71;-0.72:-6.71;-0.72:-6.71;-0.72:-6.71,-0.72:-6.71;-0.62:-6.81;-0.71:-6.72;-0.65:-6.8;-0.71:-6.72;-0.65:-6.75;-0.59:-6.78;-0.7:-6.71;-0.72:-6.71;-0.72:-6.71;-0.72:-6.71;-0.72:-6.71,-0.7302978:-6.71014;-0.7328942:-6.710299;-0.7455162:-6.710206;-0.7609153:-6.706132;-0.7720119:-6.708507;-0.7884588:-6.709694;-0.811287:-6.71577;-0.814854:-6.714028;-0.8267029:-6.708036;-0.8448064:-6.712183;-0.854668:-6.709777;-0.8755224:-6.719382,sigma3_hotel_seed42,3
HOTEL:biwi_hotel:361:16360,HOTEL,biwi_hotel:361,16360,triu,0.1195757985115051,0.157479241490364,-0.72:-6.71;-0.72:-6.71;-0.72:-6.71;-0.72:-6.71;-0.72:-6.71;-0.72:-6.71;-0.72:-6.71;-0.72:-6.71,-0.62:-6.81;-0.71:-6.72;-0.65:-6.8;-0.71:-6.72;-0.65:-6.75;-0.59:-6.78;-0.7:-6.71;-0.72:-6.71;-0.72:-6.71;-0.72:-6.71;-0.72:-6.71;-0.72:-6.71,-0.7303717:-6.710133;-0.7330726:-6.71024;-0.7457743:-6.710204;-0.7612432:-6.706161;-0.7725734:-6.708557;-0.7891672:-6.709744;-0.8122274:-6.715839;-0.815875:-6.714138;-0.8279346:-6.708045;-0.8461223:-6.712235;-0.8561435:-6.709788;-0.8771948:-6.719461,sigma3_hotel_seed42,3
HOTEL:biwi_hotel:361:16370,HOTEL,biwi_hotel:361,16370,triu,0.6609116196632385,1.0819083452224731,-0.72:-6.71;-0.72:-6.71;-0.72:-6.71;-0.72:-6.71;-0.72:-6.71;-0.72:-6.71;-0.72:-6.71;-0.62:-6.81,-0.71:-6.72;-0.65:-6.8;-0.71:-6.72;-0.65:-6.75;-0.59:-6.78;-0.7:-6.71;-0.72:-6.71;-0.72:-6.71;-0.72:-6.71;-0.72:-6.71;-0.72:-6.71;-0.72:-6.71,-0.5098293:-6.817432;-0.4035209:-6.832851;-0.319052:-6.832206;-0.228995:-6.834628;-0.1513511:-6.83861;-0.05682886:-6.835222;0.01437902:-6.827457;0.09360719:-6.837403;0.1583387:-6.864221;0.211359:-6.863656;0.3095127:-6.863119;0.3531898:-6.847073,sigma3_hotel_seed42,3
HOTEL:biwi_hotel:361:16380,HOTEL,biwi_hotel:361,16380,triu,0.6862147450447083,1.2218403816223145,-0.72:-6.71;-0.72:-6.71;-0.72:-6.71;-0.72:-6.71;-0.72:-6.71;-0.72:-6.71;-0.62:-6.81;-0.71:-6.72,-0.65:-6.8;-0.71:-6.72;-0.65:-6.75;-0.59:-6.78;-0.7:-6.71;-0.72:-6.71;-0.72:-6.71;-0.72:-6.71;-0.72:-6.71;-0.72:-6.71;-0.72:-6.71;-0.72:-6.71,-0.8147109:-6.726841;-0.9202508:-6.724149;-1.021893:-6.7126;-1.119633:-6.705278;-1.228588:-6.696225;-1.329781:-6.677603;-1.421541:-6.63571;-1.534802:-6.659117;-1.627591:-6.697772;-1.731974:-6.642325;-1.849688:-6.669839;-1.939014:-6.62694,sigma3_hotel_seed42,3
HOTEL:biwi_hotel:361:16390,HOTEL,biwi_hotel:361,16390,triu,0.145078033208847,0.2542669475078583,-0.72:-6.71;-0.72:-6.71;-0.72:-6.71;-0.72:-6.71;-0.72:-6.71;-0.62:-6.81;-0.71:-6.72;-0.65:-6.8,-0.71:-6.72;-0.65:-6.75;-0.59:-6.78;-0.7:-6.71;-0.72:-6.71;-0.72:-6.71;-0.72:-6.71;-0.72:-6.71;-0.72:-6.71;-0.72:-6.71;-0.72:-6.71;-0.72:-6.71,-0.6668221:-6.802556;-0.6952777:-6.805318;-0.7255743:-6.795897;-0.7430493:-6.802791;-0.7731712:-6.798604;-0.7952793:-6.781407;-0.8183297:-6.772848;-0.8416049:-6.791115;-0.8729426:-6.811155;-0.9007957:-6.807231;-0.9297174:-6.79042;-0.9691251:-6.760876,sigma3_hotel_seed42,3
HOTEL:biwi_hotel:361:16400,HOTEL,biwi_hotel:361,16400,triu,0.2793307602405548,0.5029681324958801,-0.72:-6.71;-0.72:-6.71;-0.72:-6.71;-0.72:-6.71;-0.62:-6.81;-0.71:-6.72;-0.65:-6.8;-0.71:-6.72,-0.65:-6.75;-0.59:-6.78;-0.7:-6.71;-0.72:-6.71;-0.72:-6.71;-0.72:-6.71;-0.72:-6.71;-0.72:-6.71;-0.72:-6.71;-0.72:-6.71;-0.72:-6.71;-0.72:-6.71,-0.7419406:-6.715512;-0.7839484:-6.709219;-0.8360813:-6.709759;-0.8699872:-6.714327;-0.9242888:-6.716155;-0.9531819:-6.692828;-1.011062:-6.703372;-1.030926:-6.718942;-1.087197:-6.712343;-1.130562:-6.734466;-1.158426:-6.681803;-1.221947:-6.677972,sigma3_hotel_seed42,3
HOTEL:biwi_hotel:361:16410,HOTEL,biwi_hotel:361,16410,triu,0.0771780908107757,0.1401555836200714,-0.72:-6.71;-0.72:-6.71;-0.72:-6.71;-0.62:-6.81;-0.71:-6.72;-0.65:-6.8;-0.71:-6.72;-0.65:-6.75,-0.59:-6.78;-0.7:-6.71;-0.72:-6.71;-0.72:-6.71;-0.72:-6.71;-0.72:-6.71;-0.72:-6.71;-0.72:-6.71;-0.72:-6.71;-0.72:-6.71;-0.72:-6.71;-0.72:-6.71,-0.6346532:-6.753978;-0.6495911:-6.757569;-0.6627327:-6.755267;-0.6579858:-6.769414;-0.6941996:-6.775687;-0.7114184:-6.737386;-0.7376339:-6.749134;-0.7387586:-6.781094;-0.7624157:-6.78157;-0.7663898:-6.801867;-0.80962:-6.763311;-0.8550896:-6.747342,sigma3_hotel_seed42,3
HOTEL:biwi_hotel:361:16420,HOTEL,biwi_hotel:361,16420,triu,0.457567811012268,0.7779664397239685,-0.72:-6.71;-0.72:-6.71;-0.62:-6.81;-0.71:-6.72;-0.65:-6.8;-0.71:-6.72;-0.65:-6.75;-0.59:-6.78,-0.7:-6.71;-0.72:-6.71;-0.72:-6.71;-0.72:-6.71;-0.72:-6.71;-0.72:-6.71;-0.72:-6.71;-0.72:-6.71;-0.72:-6.71;-0.72:-6.71;-0.72:-6.71;-0.72:-6.71,-0.5427942:-6.783822;-0.5067178:-6.787056;-0.4669318:-6.794144;-0.412133:-6.798456;-0.3686596:-6.807189;-0.3126945:-6.782625;-0.258314:-6.787811;-0.1994252:-6.817632;-0.1488645:-6.833472;-0.0736872:-6.846211;-0.02820605:-6.832161;0.04871267:-6.829635,sigma3_hotel_seed42,3
HOTEL:biwi_hotel:361:16430,HOTEL,biwi_hotel:361,16430,triu,0.6790359020233154,1.2515350580215454,-0.72:-6.71;-0.62:-6.81;-0.71:-6.72;-0.65:-6.8;-0.71:-6.72;-0.65:-6.75;-0.59:-6.78;-0.7:-6.71,-0.72:-6.71;-0.72:-6.71;-0.72:-6.71;-0.72:-6.71;-0.72:-6.71;-0.72:-6.71;-0.72:-6.71;-0.72:-6.71;-0.72:-6.71;-0.72:-6.71;-0.72:-6.71;-0.72:-6.71,-0.8047272:-6.704378;-0.9257889:-6.69316;-1.0445:-6.683774;-1.138478:-6.692043;-1.249694:-6.682398;-1.356604:-6.662838;-1.465334:-6.659091;-1.553998:-6.67773;-1.659372:-6.669837;-1.74771:-6.678375;-1.860072:-6.640226;-1.967988:-6.615841,sigma3_hotel_seed42,3
HOTEL:biwi_hotel:361:16440,HOTEL,biwi_hotel:361,16440,triu,0.0313904955983161,0.0979778468608856,-0.62:-6.81;-0.71:-6.72;-0.65:-6.8;-0.71:-6.72;-0.65:-6.75;-0.59:-6.78;-0.7:-6.71;-0.72:-6.71,-0.72:-6.71;-0.72:-6.71;-0.72:-6.71;-0.72:-6.71;-0.72:-6.71;-0.72:-6.71;-0.72:-6.71;-0.72:-6.71;-0.72:-6.71;-0.72:-6.71;-0.72:-6.71;-0.72:-6.71,-0.7179292:-6.711679;-0.7254689:-6.712367;-0.717553:-6.713143;-0.7053753:-6.711539;-0.6990293:-6.710349;-0.71465:-6.717672;-0.7012452:-6.712377;-0.6935817:-6.720954;-0.6900015:-6.715499;-0.648201:-6.724064;-0.6605507:-6.746771;-0.6279068:-6.743444,sigma3_hotel_seed42,3
HOTEL:biwi_hotel:361:16450,HOTEL,biwi_hotel:361,16450,triu,0.069706991314888,0.1792515367269516,-0.71:-6.72;-0.65:-6.8;-0.71:-6.72;-0.65:-6.75;-0.59:-6.78;-0.7:-6.71;-0.72:-6.71;-0.72:-6.71,-0.72:-6.71;-0.72:-6.71;-0.72:-6.71;-0.72:-6.71;-0.72:-6.71;-0.72:-6.71;-0.72:-6.71;-0.72:-6.71;-0.72:-6.71;-0.72:-6.71;-0.72:-6.71;-0.72:-6.71,-0.7180955:-6.712456;-0.7192046:-6.717092;-0.704803:-6.713519;-0.695924:-6.711592;-0.6769143:-6.710675;-0.6781663:-6.713902;-0.6479615:-6.710421;-0.6421285:-6.712846;-0.6254628:-6.723102;-0.5854973:-6.725825;-0.5832074:-6.745485;-0.5428826:-6.737577,sigma3_hotel_seed42,3
HOTEL:biwi_hotel:361:16460,HOTEL,biwi_hotel:361,16460,triu,0.0711793825030326,0.1403349339962005,-0.65:-6.8;-0.71:-6.72;-0.65:-6.75;-0.59:-6.78;-0.7:-6.71;-0.72:-6.71;-0.72:-6.71;-0.72:-6.71,-0.72:-6.71;-0.72:-6.71;-0.72:-6.71;-0.72:-6.71;-0.72:-6.71;-0.72:-6.71;-0.72:-6.71;-0.72:-6.71;-0.72:-6.71;-0.72:-6.71;-0.72:-6.71;-0.72:-6.71,-0.7292943:-6.710586;-0.735211:-6.711988;-0.7474076:-6.709931;-0.7597166:-6.704388;-0.7653329:-6.706682;-0.7863837:-6.707478;-0.808169:-6.711953;-0.8098676:-6.711328;-0.8173545:-6.703729;-0.8271366:-6.707145;-0.8469533:-6.711409;-0.860217:-6.715752,sigma3_hotel_seed42,3
HOTEL:biwi_hotel:361:16470,HOTEL,biwi_hotel:361,16470,triu,0.1508267521858215,0.3328432440757751,-0.71:-6.72;-0.65:-6.75;-0.59:-6.78;-0.7:-6.71;-0.72:-6.71;-0.72:-6.71;-0.72:-6.71;-0.72:-6.71,-0.72:-6.71;-0.72:-6.71;-0.72:-6.71;-0.72:-6.71;-0.72:-6.71;-0.72:-6.71;-0.72:-6.71;-0.72:-6.71;-0.72:-6.71;-0.72:-6.71;-0.72:-6.71;-0.72:-6.71,-0.7191155:-6.712118;-0.747811:-6.711436;-0.7694089:-6.714043;-0.7761548:-6.723989;-0.8213975:-6.733377;-0.852697:-6.699682;-0.8973213:-6.71228;-0.905829:-6.740154;-0.941264:-6.729703;-0.9458545:-6.753657;-1.004439:-6.71846;-1.052834:-6.707457,sigma3_hotel_seed42,3
HOTEL:biwi_hotel:361:16480,HOTEL,biwi_hotel:361,16480,triu,0.024872101843357,0.049815721809864,-0.65:-6.75;-0.59:-6.78;-0.7:-6.71;-0.72:-6.71;-0.72:-6.71;-0.72:-6.71;-0.72:-6.71;-0.72:-6.71,-0.72:-6.71;-0.72:-6.71;-0.72:-6.71;-0.72:-6.71;-0.72:-6.71;-0.72:-6.71;-0.72:-6.71;-0.72:-6.71;-0.72:-6.71;-0.72:-6.71;-0.72:-6.71;-0.65:-6.69,-0.7251042:-6.712507;-0.7268925:-6.712135;-0.7211176:-6.712632;-0.7192191:-6.713241;-0.714257:-6.710627;-0.7145623:-6.715761;-0.6937943:-6.709612;-0.6941415:-6.715696;-0.6866426:-6.726511;-0.6647155:-6.724535;-0.6567554:-6.737047;-0.6304926:-6.735837,sigma3_hotel_seed42,3
HOTEL:biwi_hotel:361:16490,HOTEL,biwi_hotel:361,16490,triu,0.0282435119152069,0.0797387808561325,-0.59:-6.78;-0.7:-6.71;-0.72:-6.71;-0.72:-6.71;-0.72:-6.71;-0.72:-6.71;-0.72:-6.71;-0.72:-6.71,-0.72:-6.71;-0.72:-6.71;-0.72:-6.71;-0.72:-6.71;-0.72:-6.71;-0.72:-6.71;-0.72:-6.71;-0.72:-6.71;-0.72:-6.71;-0.72:-6.71;-0.65:-6.69;-0.64:-6.69,-0.7241872:-6.713709;-0.7316113:-6.716271;-0.7272539:-6.720126;-0.7335294:-6.716378;-0.730358:-6.726989;-0.7309245:-6.712224;-0.7367654:-6.71395;-0.7377747:-6.720875;-0.7320327:-6.735246;-0.7112932:-6.733948;-0.7261277:-6.738794;-0.7084029:-6.730979,sigma3_hotel_seed42,3
HOTEL:biwi_hotel:361:16500,HOTEL,biwi_hotel:361,16500,triu,0.1413201242685318,0.3360421657562256,-0.7:-6.71;-0.72:-6.71;-0.72:-6.71;-0.72:-6.71;-0.72:-6.71;-0.72:-6.71;-0.72:-6.71;-0.72:-6.71,-0.72:-6.71;-0.72:-6.71;-0.72:-6.71;-0.72:-6.71;-0.72:-6.71;-0.72:-6.71;-0.72:-6.71;-0.72:-6.71;-0.72:-6.71;-0.65:-6.69;-0.64:-6.69;-0.64:-6.69,-0.7298877:-6.707983;-0.7379638:-6.701856;-0.7558752:-6.711316;-0.7731398:-6.710576;-0.807538:-6.717786;-0.8204821:-6.711019;-0.8642079:-6.721601;-0.8679718:-6.726503;-0.9041349:-6.714127;-0.9279864:-6.730758;-0.933507:-6.704579;-0.9746578:-6.720471,sigma3_hotel_seed42,3
HOTEL:biwi_hotel:361:16510,HOTEL,biwi_hotel:361,16510,triu,0.101435475051403,0.2348799556493759,-0.72:-6.71;-0.72:-6.71;-0.72:-6.71;-0.72:-6.71;-0.72:-6.71;-0.72:-6.71;-0.72:-6.71;-0.72:-6.71,-0.72:-6.71;-0.72:-6.71;-0.72:-6.71;-0.72:-6.71;-0.72:-6.71;-0.72:-6.71;-0.72:-6.71;-0.72:-6.71;-0.65:-6.69;-0.64:-6.69;-0.64:-6.69;-0.64:-6.69,-0.7300047:-6.71011;-0.7325002:-6.710345;-0.744974:-6.710178;-0.7600434:-6.706056;-0.7708024:-6.708387;-0.7873501:-6.709693;-0.8099914:-6.715806;-0.8132247:-6.714032;-0.8248989:-6.707761;-0.8425535:-6.712156;-0.8524626:-6.709921;-0.8730224:-6.719481,sigma3_hotel_seed42,3
HOTEL:biwi_hotel:361:16520,HOTEL,biwi_hotel:361,16520,triu,0.1054653450846672,0.1878641098737716,-0.72:-6.71;-0.72:-6.71;-0.72:-6.71;-0.72:-6.71;-0.72:-6.71;-0.72:-6.71;-0.72:-6.71;-0.72:-6.71,-0.72:-6.71;-0.72:-6.71;-0.72:-6.71;-0.72:-6.71;-0.72:-6.71;-0.72:-6.71;-0.72:-6.71;-0.65:-6.69;-0.64:-6.69;-0.64:-6.69;-0.64:-6.69;-0.69:-6.69,-0.7303009:-6.710141;-0.732904:-6.7103;-0.7455292:-6.710206;-0.7609288:-6.706132;-0.7720228:-6.708505;-0.7884805:-6.709695;-0.8113109:-6.715768;-0.814879:-6.714029;-0.8267269:-6.708035;-0.844826:-6.71218;-0.8547019:-6.709784;-0.8755519:-6.719384,sigma3_hotel_seed42,3
HOTEL:biwi_hotel:361:16530,HOTEL,biwi_hotel:361,16530,triu,0.0981360971927642,0.0680716261267662,-0.72:-6.71;-0.72:-6.71;-0.72:-6.71;-0.72:-6.71;-0.72:-6.71;-0.72:-6.71;-0.72:-6.71;-0.72:-6.71,-0.72:-6.71;-0.72:-6.71;-0.72:-6.71;-0.72:-6.71;-0.72:-6.71;-0.72:-6.71;-0.65:-6.69;-0.64:-6.69;-0.64:-6.69;-0.64:-6.69;-0.69:-6.69;-0.82:-6.68,-0.7302978:-6.71014;-0.7328942:-6.710299;-0.7455162:-6.710206;-0.7609153:-6.706132;-0.7720119:-6.708507;-0.7884588:-6.709694;-0.811287:-6.71577;-0.814854:-6.714028;-0.826703:-6.708036;-0.8448064:-6.712183;-0.854668:-6.709777;-0.8755227:-6.719382,sigma3_hotel_seed42,3
HOTEL:biwi_hotel:361:16540,HOTEL,biwi_hotel:361,16540,triu,0.0902729555964469,0.0544651709496974,-0.72:-6.71;-0.72:-6.71;-0.72:-6.71;-0.72:-6.71;-0.72:-6.71;-0.72:-6.71;-0.72:-6.71;-0.72:-6.71,-0.72:-6.71;-0.72:-6.71;-0.72:-6.71;-0.72:-6.71;-0.72:-6.71;-0.65:-6.69;-0.64:-6.69;-0.64:-6.69;-0.64:-6.69;-0.69:-6.69;-0.82:-6.68;-0.9:-6.67,-0.7303717:-6.710133;-0.7330726:-6.71024;-0.7457743:-6.710204;-0.7612432:-6.706161;-0.7725734:-6.708557;-0.7891672:-6.709744;-0.8122274:-6.715839;-0.815875:-6.714138;-0.8279346:-6.708045;-0.8461223:-6.712235;-0.8561435:-6.709788;-0.8771948:-6.719461,sigma3_hotel_seed42,3
HOTEL:biwi_hotel:361:16550,HOTEL,biwi_hotel:361,16550,triu,0.0846606791019439,0.0593512319028377,-0.72:-6.71;-0.72:-6.71;-0.72:-6.71;-0.72:-6.71;-0.72:-6.71;-0.72:-6.71;-0.72:-6.71;-0.72:-6.71,-0.72:-6.71;-0.72:-6.71;-0.72:-6.71;-0.72:-6.71;-0.65:-6.69;-0.64:-6.69;-0.64:-6.69;-0.64:-6.69;-0.69:-6.69;-0.82:-6.68;-0.9:-6.67;-0.91:-6.67,-0.7303717:-6.710133;-0.7330726:-6.71024;-0.7457743:-6.710204;-0.7612432:-6.706161;-0.7725734:-6.708557;-0.7891672:-6.709744;-0.8122274:-6.715839;-0.8158749:-6.714138;-0.8279344:-6.708045;-0.8461222:-6.712235;-0.8561435:-6.709788;-0.8771947:-6.719461,sigma3_hotel_seed42,3
HOTEL:biwi_hotel:361:16560,HOTEL,biwi_hotel:361,16560,triu,0.0810172632336616,0.0593511648476123,-0.72:-6.71;-0.72:-6.71;-0.72:-6.71;-0.72:-6.71;-0.72:-6.71;-0.72:-6.71;-0.72:-6.71;-0.72:-6.71,-0.72:-6.71;-0.72:-6.71;-0.72:-6.71;-0.65:-6.69;-0.64:-6.69;-0.64:-6.69;-0.64:-6.69;-0.69:-6.69;-0.82:-6.68;-0.9:-6.67;-0.91:-6.67;-0.91:-6.67,-0.7303717:-6.710133;-0.7330726:-6.71024;-0.7457743:-6.710204;-0.7612432:-6.706161;-0.7725734:-6.708557;-0.7891672:-6.709744;-0.8122274:-6.715839;-0.815875:-6.714138;-0.8279346:-6.708045;-0.8461223:-6.712235;-0.8561435:-6.709788;-0.8771948:-6.719461,sigma3_hotel_seed42,3
HOTEL:biwi_hotel:361:16570,HOTEL,biwi_hotel:361,16570,triu,0.0946600437164306,0.2235965132713318,-0.72:-6.71;-0.72:-6.71;-0.72:-6.71;-0.72:-6.71;-0.72:-6.71;-0.72:-6.71;-0.72:-6.71;-0.72:-6.71,-0.72:-6.71;-0.72:-6.71;-0.65:-6.69;-0.64:-6.69;-0.64:-6.69;-0.64:-6.69;-0.69:-6.69;-0.82:-6.68;-0.9:-6.67;-0.91:-6.67;-0.91:-6.67;-0.92:-6.5,-0.7303717:-6.710133;-0.7330726:-6.71024;-0.7457743:-6.710204;-0.7612432:-6.706161;-0.7725734:-6.708557;-0.7891672:-6.709744;-0.8122274:-6.715839;-0.815875:-6.714138;-0.8279344:-6.708045;-0.8461222:-6.712235;-0.8561435:-6.709788;-0.8771948:-6.719461,sigma3_hotel_seed42,3
HOTEL:biwi_hotel:361:16580,HOTEL,biwi_hotel:361,16580,triu,0.106741078197956,0.2020372599363327,-0.72:-6.71;-0.72:-6.71;-0.72:-6.71;-0.72:-6.71;-0.72:-6.71;-0.72:-6.71;-0.72:-6.71;-0.72:-6.71,-0.72:-6.71;-0.65:-6.69;-0.64:-6.69;-0.64:-6.69;-0.64:-6.69;-0.69:-6.69;-0.82:-6.68;-0.9:-6.67;-0.91:-6.67;-0.91:-6.67;-0.92:-6.5;-0.97:-6.54,-0.7303717:-6.710133;-0.7330726:-6.71024;-0.7457743:-6.710204;-0.7612432:-6.706161;-0.7725734:-6.708557;-0.7891672:-6.709744;-0.8122274:-6.715839;-0.815875:-6.714138;-0.8279344:-6.708045;-0.8461222:-6.712235;-0.8561435:-6.709788;-0.8771948:-6.719461,sigma3_hotel_seed42,3
HOTEL:biwi_hotel:361:16590,HOTEL,biwi_hotel:361,16590,triu,0.1258046478033065,0.2514840066432953,-0.72:-6.71;-0.72:-6.71;-0.72:-6.71;-0.72:-6.71;-0.72:-6.71;-0.72:-6.71;-0.72:-6.71;-0.72:-6.71,-0.65:-6.69;-0.64:-6.69;-0.64:-6.69;-0.64:-6.69;-0.69:-6.69;-0.82:-6.68;-0.9:-6.67;-0.91:-6.67;-0.91:-6.67;-0.92:-6.5;-0.97:-6.54;-1:-6.5,-0.7303717:-6.710133;-0.7330726:-6.71024;-0.7457743:-6.710204;-0.7612432:-6.706161;-0.7725734:-6.708557;-0.7891672:-6.709744;-0.8122274:-6.715839;-0.815875:-6.714138;-0.8279344:-6.708045;-0.8461222:-6.712235;-0.8561436:-6.709788;-0.8771949:-6.719461,sigma3_hotel_seed42,3
HOTEL:biwi_hotel:361:16600,HOTEL,biwi_hotel:361,16600,triu,0.7540070414543152,1.608816385269165,-0.72:-6.71;-0.72:-6.71;-0.72:-6.71;-0.72:-6.71;-0.72:-6.71;-0.72:-6.71;-0.72:-6.71;-0.65:-6.69,-0.64:-6.69;-0.64:-6.69;-0.64:-6.69;-0.69:-6.69;-0.82:-6.68;-0.9:-6.67;-0.91:-6.67;-0.91:-6.67;-0.92:-6.5;-0.97:-6.54;-1:-6.5;-1.22:-6.37,-0.5600734:-6.691956;-0.469301:-6.696249;-0.4104714:-6.704078;-0.3275622:-6.710622;-0.2495309:-6.711822;-0.1458102:-6.70299;-0.07166696:-6.707054;0.02379596:-6.729265;0.09703618:-6.744092;0.1584333:-6.762923;0.278005:-6.728477;0.347281:-6.733208,sigma3_hotel_seed42,3
HOTEL:biwi_hotel:361:16610,HOTEL,biwi_hotel:361,16610,triu,0.3944261968135834,1.0680124759674072,-0.72:-6.71;-0.72:-6.71;-0.72:-6.71;-0.72:-6.71;-0.72:-6.71;-0.72:-6.71;-0.65:-6.69;-0.64:-6.69,-0.64:-6.69;-0.64:-6.69;-0.69:-6.69;-0.82:-6.68;-0.9:-6.67;-0.91:-6.67;-0.91:-6.67;-0.92:-6.5;-0.97:-6.54;-1:-6.5;-1.22:-6.37;-1.44:-6.31,-0.6278031:-6.688372;-0.6117576:-6.689322;-0.6028876:-6.688672;-0.587254:-6.687827;-0.5746132:-6.682672;-0.5700227:-6.695164;-0.5482954:-6.697761;-0.5275177:-6.698391;-0.5198331:-6.689004;-0.4998866:-6.704929;-0.4713819:-6.706589;-0.4533389:-6.71884,sigma3_hotel_seed42,3
HOTEL:biwi_hotel:361:16620,HOTEL,biwi_hotel:361,16620,triu,0.312124490737915,0.6650474071502686,-0.72:-6.71;-0.72:-6.71;-0.72:-6.71;-0.72:-6.71;-0.72:-6.71;-0.65:-6.69;-0.64:-6.69;-0.64:-6.69,-0.64:-6.69;-0.69:-6.69;-0.82:-6.68;-0.9:-6.67;-0.91:-6.67;-0.91:-6.67;-0.92:-6.5;-0.97:-6.54;-1:-6.5;-1.22:-6.37;-1.44:-6.31;-1.38:-6.47,-0.6566715:-6.693171;-0.6656697:-6.693459;-0.6720491:-6.694826;-0.6903108:-6.69385;-0.7011654:-6.697714;-0.7107283:-6.693296;-0.7189978:-6.692893;-0.7335934:-6.695757;-0.7383248:-6.708937;-0.7443855:-6.702089;-0.7553351:-6.706621;-0.7585558:-6.706844,sigma3_hotel_seed42,3
HOTEL:biwi_hotel:362:16010,HOTEL,biwi_hotel:362,16010,triu,4.031844139099121,7.515531063079834,1.69:2.49;1.68:1.97;1.61:1.41;1.65:0.83;1.65:0.27;1.63:-0.28;1.68:-0.88;1.69:-1.5,1.76:-2.07;1.8:-2.67;1.78:-3.26;1.83:-3.81;1.89:-4.36;1.89:-4.93;1.92:-5.64;1.89:-6.26;1.87:-6.86;1.94:-7.47;1.98:-7.95;1.95:-8.6,1.632722:-1.513871;1.493148:-1.634302;1.411315:-1.685013;1.14307:-1.449381;1.058882:-1.592899;0.9188406:-1.512665;0.5194851:-1.426862;0.277577:-1.251771;0.04463518:-1.344745;-0.02465343:-1.330996;-0.2081338:-1.573465;-0.3477757:-1.444343,sigma3_hotel_seed42,3
HOTEL:biwi_hotel:362:16020,HOTEL,biwi_hotel:362,16020,triu,3.8621442317962646,7.231861114501953,1.68:1.97;1.61:1.41;1.65:0.83;1.65:0.27;1.63:-0.28;1.68:-0.88;1.69:-1.5;1.76:-2.07,1.8:-2.67;1.78:-3.26;1.83:-3.81;1.89:-4.36;1.89:-4.93;1.92:-5.64;1.89:-6.26;1.87:-6.86;1.94:-7.47;1.98:-7.95;1.95:-8.6;1.93:-9.25,1.81145:-2.086354;1.777174:-2.199788;1.81559:-2.242767;1.676989:-2.04517;1.70501:-2.166575;1.66067:-2.118384;1.437972:-2.040022;1.301389:-1.882918;1.179137:-1.969997;1.223609:-1.978813;1.143117:-2.198287;1.10364:-2.065507,sigma3_hotel_seed42,3
HOTEL:biwi_hotel:362:16030,HOTEL,biwi_hotel:362,16030,triu,3.950595617294312,7.458884716033935,1.61:1.41;1.65:0.83;1.65:0.27;1.63:-0.28;1.68:-0.88;1.69:-1.5;1.76:-2.07;1.8:-2.67,1.78:-3.26;1.83:-3.81;1.89:-4.36;1.89:-4.93;1.92:-5.64;1.89:-6.26;1.87:-6.86;1.94:-7.47;1.98:-7.95;1.95:-8.6;1.93:-9.25;1.94:-9.92,1.784924:-2.684835;1.688513:-2.799184;1.654559:-2.845517;1.442867:-2.630481;1.405653:-2.760984;1.305726:-2.696582;0.9861611:-2.613317;0.7902241:-2.450476;0.6066626:-2.540457;0.5832391:-2.533978;0.4435534:-2.763029;0.3477963:-2.633036,sigma3_hotel_seed42,3
HOTEL:biwi_hotel:363:16010,HOTEL,biwi_hotel:363,16010,triu,3.921777486801148,7.30311918258667,2.25:2.49;2.3:1.97;2.34:1.4;2.3:0.85;2.25:0.3;2.24:-0.27;2.21:-0.85;2.27:-1.44,2.35:-2;2.38:-2.6;2.47:-3.2;2.48:-3.78;2.47:-4.37;2.47:-4.98;2.42:-5.66;2.4:-6.23;2.47:-6.87;2.49:-7.56;2.57:-8.1;2.58:-8.65,2.311643:-1.456174;2.267382:-1.571204;2.294373:-1.61556;2.142193:-1.412526;2.158607:-1.537547;2.104817:-1.48509;1.862064:-1.406073;1.714572:-1.246082;1.580289:-1.333779;1.613515:-1.340651;1.522322:-1.563648;1.472135:-1.431399,sigma3_hotel_seed42,3
HOTEL:biwi_hotel:363:16020,HOTEL,biwi_hotel:363,16020,triu,3.9332971572875977,7.2709221839904785,2.3:1.97;2.34:1.4;2.3:0.85;2.25:0.3;2.24:-0.27;2.21:-0.85;2.27:-1.44;2.35:-2,2.38:-2.6;2.47:-3.2;2.48:-3.78;2.47:-4.37;2.47:-4.98;2.42:-5.66;2.4:-6.23;2.47:-6.87;2.49:-7.56;2.57:-8.1;2.58:-8.65;2.57:-9.24,2.413281:-2.016578;2.393781:-2.125121;2.446687:-2.165414;2.330487:-1.979278;2.374082:-2.092965;2.343951:-2.051987;2.154082:-1.974152;2.035516:-1.825985;1.933002:-1.911359;1.991213:-1.920255;1.926469:-2.131612;1.903702:-1.999671,sigma3_hotel_seed42,3
HOTEL:biwi_hotel:363:16030,HOTEL,biwi_hotel:363,16030,triu,4.068993091583252,7.566007137298584,2.34:1.4;2.3:0.85;2.25:0.3;2.24:-0.27;2.21:-0.85;2.27:-1.44;2.35:-2;2.38:-2.6,2.47:-3.2;2.48:-3.78;2.47:-4.37;2.47:-4.98;2.42:-5.66;2.4:-6.23;2.47:-6.87;2.49:-7.56;2.57:-8.1;2.58:-8.65;2.57:-9.24;2.62:-9.88,2.349628:-2.614453;2.237781:-2.730695;2.1867:-2.778301;1.955254:-2.556555;1.901464:-2.691192;1.787279:-2.621513;1.4403:-2.537367;1.228199:-2.370527;1.027418:-2.461555;0.9876721:-2.452391;0.8326135:-2.685784;0.7214873:-2.556059,sigma3_hotel_seed42,3
HOTEL:biwi_hotel:365:16040,HOTEL,biwi_hotel:365,16040,triu,4.204299449920654,7.976546764373779,1.28:4;1.33:3.54;1.41:2.98;1.54:2.5;1.65:1.96;1.75:1.41;1.8:0.87;1.82:0.31,2.08:-0.3;1.94:-0.93;1.96:-1.55;1.95:-2.17;1.93:-2.78;1.95:-3.42;1.94:-4.05;1.98:-4.71;1.99:-5.37;2.01:-6.01;2.04:-6.69;1.91:-7.47,1.789384:0.29598;1.688164:0.1945629;1.643192:0.1552279;1.441745:0.3488047;1.402838:0.2352974;1.301817:0.2892192;1.008574:0.3739495;0.8194457:0.5172579;0.6473143:0.4293793;0.6151539:0.4451158;0.4780101:0.2327418;0.3889469:0.3601788,sigma3_hotel_seed42,3
HOTEL:biwi_hotel:365:16050,HOTEL,biwi_hotel:365,16050,triu,4.268611431121826,7.958502292633057,1.33:3.54;1.41:2.98;1.54:2.5;1.65:1.96;1.75:1.41;1.8:0.87;1.82:0.31;2.08:-0.3,1.94:-0.93;1.96:-1.55;1.95:-2.17;1.93:-2.78;1.95:-3.42;1.94:-4.05;1.98:-4.71;1.99:-5.37;2.01:-6.01;2.04:-6.69;1.91:-7.47;1.95:-8.11,2.364733:-0.3167346;2.540815:-0.4521313;2.83019:-0.4702306;2.931575:-0.315911;3.157002:-0.4217193;3.285067:-0.4126725;3.356598:-0.3628519;3.397662:-0.1918218;3.447605:-0.2689183;3.713157:-0.3385552;3.819789:-0.5484869;3.937171:-0.4035795,sigma3_hotel_seed42,3
HOTEL:biwi_hotel:365:16060,HOTEL,biwi_hotel:365,16060,triu,4.782825946807861,8.977717399597168,1.41:2.98;1.54:2.5;1.65:1.96;1.75:1.41;1.8:0.87;1.82:0.31;2.08:-0.3;1.94:-0.93,1.96:-1.55;1.95:-2.17;1.93:-2.78;1.95:-3.42;1.94:-4.05;1.98:-4.71;1.99:-5.37;2.01:-6.01;2.04:-6.69;1.91:-7.47;1.95:-8.11;1.95:-8.75,1.689864:-0.9387726;1.382744:-1.042546;1.109076:-1.09171;0.6725223:-0.8373249;0.4036494:-0.9841056;0.1129885:-0.869907;-0.4929991:-0.7671177;-0.8834517:-0.6079326;-1.265824:-0.7016544;-1.519457:-0.6294993;-1.869229:-0.8789886;-2.146171:-0.7612088,sigma3_hotel_seed42,3
HOTEL:biwi_hotel:365:16070,HOTEL,biwi_hotel:365,16070,triu,4.296716213226318,8.1161527633667,1.54:2.5;1.65:1.96;1.75:1.41;1.8:0.87;1.82:0.31;2.08:-0.3;1.94:-0.93;1.96:-1.55,1.95:-2.17;1.93:-2.78;1.95:-3.42;1.94:-4.05;1.98:-4.71;1.99:-5.37;2.01:-6.01;2.04:-6.69;1.91:-7.47;1.95:-8.11;1.95:-8.75;1.88:-9.46,1.931469:-1.564631;1.816761:-1.685792;1.76606:-1.735813;1.525833:-1.50546;1.470774:-1.646163;1.353427:-1.572906;0.9928291:-1.489033;0.7741383:-1.313393;0.5660055:-1.405876;0.5273588:-1.400612;0.3686309:-1.640617;0.252492:-1.508701,sigma3_hotel_seed42,3
HOTEL:biwi_hotel:366:16040,HOTEL,biwi_hotel:366,16040,triu,3.881844282150269,7.624682903289795,0.64:4.11;0.78:3.58;0.83:3.07;0.88:2.46;0.97:1.89;1.06:1.38;1.17:0.79;1.28:0.1,1.22:-0.37;1.25:-0.98;1.27:-1.56;1.25:-2.11;1.22:-2.81;1.19:-3.36;1.18:-4.01;1.16:-4.67;1.18:-5.48;1.23:-5.95;1.24:-6.82;1.25:-7.55,1.394533:0.08102541;1.386996:-0.07410576;1.476406:-0.1371834;1.319686:0.1243139;1.36839:-0.04822125;1.338139:0.02850363;1.054429:0.1005586;0.9070617:0.3210553;0.7607712:0.2271141;0.8492418:0.1836069;0.7737918:-0.08694275;0.7247432:0.05656915,sigma3_hotel_seed42,3
HOTEL:biwi_hotel:366:16050,HOTEL,biwi_hotel:366,16050,triu,4.2432861328125,8.118721961975098,0.78:3.58;0.83:3.07;0.88:2.46;0.97:1.89;1.06:1.38;1.17:0.79;1.28:0.1;1.22:-0.37,1.25:-0.98;1.27:-1.56;1.25:-2.11;1.22:-2.81;1.19:-3.36;1.18:-4.01;1.16:-4.67;1.18:-5.48;1.23:-5.95;1.24:-6.82;1.25:-7.55;1.19:-8.18,1.108649:-0.3799604;0.959456:-0.4476572;0.8437906:-0.4656173;0.6320499:-0.3238824;0.5492904:-0.394169;0.4123127:-0.3602383;0.1397654:-0.2705336;-0.06515121:-0.176387;-0.2422369:-0.2596281;-0.3381736:-0.2098664;-0.5017896:-0.3816431;-0.6068587:-0.2626182,sigma3_hotel_seed42,3
HOTEL:biwi_hotel:366:16060,HOTEL,biwi_hotel:366,16060,triu,4.230672359466553,8.150434494018555,0.83:3.07;0.88:2.46;0.97:1.89;1.06:1.38;1.17:0.79;1.28:0.1;1.22:-0.37;1.25:-0.98,1.27:-1.56;1.25:-2.11;1.22:-2.81;1.19:-3.36;1.18:-4.01;1.16:-4.67;1.18:-5.48;1.23:-5.95;1.24:-6.82;1.25:-7.55;1.19:-8.18;1.15:-8.93,1.211708:-0.9942002;1.095945:-1.104459;1.03901:-1.149415;0.8100019:-0.9368142;0.7562594:-1.06365;0.6406764:-0.9993424;0.3046334:-0.9140905;0.09439051:-0.7552525;-0.1015042:-0.845736;-0.1446891:-0.8331314;-0.2990696:-1.059218;-0.4070987:-0.9296851,sigma3_hotel_seed42,3
HOTEL:biwi_hotel:366:16070,HOTEL,biwi_hotel:366,16070,triu,4.287522792816162,8.187845230102539,0.88:2.46;0.97:1.89;1.06:1.38;1.17:0.79;1.28:0.1;1.22:-0.37;1.25:-0.98;1.27:-1.56,1.25:-2.11;1.22:-2.81;1.19:-3.36;1.18:-4.01;1.16:-4.67;1.18:-5.48;1.23:-5.95;1.24:-6.82;1.25:-7.55;1.19:-8.18;1.15:-8.93;1.24:-9.59,1.250059:-1.574412;1.152912:-1.682313;1.117375:-1.724332;0.9135394:-1.521519;0.8806151:-1.642038;0.7822802:-1.585157;0.4827929:-1.50149;0.2923087:-1.347324;0.1178253:-1.436701;0.09519732:-1.42784;-0.03959239:-1.64782;-0.1285766:-1.517342,sigma3_hotel_seed42,3
HOTEL:biwi_hotel:369:16120,HOTEL,biwi_hotel:369,16120,triu,0.0291756149381399,0.0372343175113201,-0.59:2.83;-0.59:2.83;-0.59:2.83;-0.59:2.83;-0.59:2.83;-0.59:2.83;-0.59:2.83;-0.59:2.83,-0.59:2.83;-0.59:2.83;-0.59:2.83;-0.59:2.83;-0.59:2.83;-0.59:2.83;-0.59:2.83;-0.59:2.83;-0.59:2.83;-0.59:2.83;-0.59:2.83;-0.59:2.83,-0.599949:2.828974;-0.5997226:2.826913;-0.6140345:2.832626;-0.6247551:2.838474;-0.6149096:2.842208;-0.6209179:2.837576;-0.6239262:2.840062;-0.6235065:2.841344;-0.6146714:2.837715;-0.627202:2.842581;-0.6262027:2.838826;-0.6258553:2.840039,sigma3_hotel_seed42,3
HOTEL:biwi_hotel:369:16130,HOTEL,biwi_hotel:369,16130,triu,0.0296700876206159,0.040581677109003,-0.59:2.83;-0.59:2.83;-0.59:2.83;-0.59:2.83;-0.59:2.83;-0.59:2.83;-0.59:2.83;-0.59:2.83,-0.59:2.83;-0.59:2.83;-0.59:2.83;-0.59:2.83;-0.59:2.83;-0.59:2.83;-0.59:2.83;-0.59:2.83;-0.59:2.83;-0.59:2.83;-0.59:2.83;-0.59:2.83,-0.5982053:2.829579;-0.6001841:2.829094;-0.6111654:2.83265;-0.6193959:2.840136;-0.6153186:2.842501;-0.6203091:2.839428;-0.6222028:2.8427;-0.6233964:2.843779;-0.6208001:2.843279;-0.6277166:2.844528;-0.627545:2.843542;-0.627828:2.844694,sigma3_hotel_seed42,3
HOTEL:biwi_hotel:369:16140,HOTEL,biwi_hotel:369,16140,triu,0.0206471625715494,0.0381916910409927,-0.59:2.83;-0.59:2.83;-0.59:2.83;-0.59:2.83;-0.59:2.83;-0.59:2.83;-0.59:2.83;-0.59:2.83,-0.59:2.83;-0.59:2.83;-0.59:2.83;-0.59:2.83;-0.59:2.83;-0.59:2.83;-0.59:2.83;-0.59:2.83;-0.59:2.83;-0.59:2.83;-0.59:2.83;-0.61:2.85,-0.5907794:2.830509;-0.5878366:2.827266;-0.595059:2.830395;-0.6001335:2.8368;-0.5968198:2.836071;-0.6104885:2.832155;-0.6226127:2.826181;-0.6157659:2.829762;-0.6176111:2.839954;-0.6224046:2.830825;-0.6277508:2.828553;-0.6358182:2.821857,sigma3_hotel_seed42,3
HOTEL:biwi_hotel:369:16150,HOTEL,biwi_hotel:369,16150,triu,0.0105236964300274,0.0407825000584125,-0.59:2.83;-0.59:2.83;-0.59:2.83;-0.59:2.83;-0.59:2.83;-0.59:2.83;-0.59:2.83;-0.59:2.83,-0.59:2.83;-0.59:2.83;-0.59:2.83;-0.59:2.83;-0.59:2.83;-0.59:2.83;-0.59:2.83;-0.59:2.83;-0.59:2.83;-0.59:2.83;-0.61:2.85;-0.63:2.85,-0.5891508:2.830411;-0.5831804:2.826188;-0.5886402:2.830116;-0.5926403:2.837377;-0.5850539:2.836741;-0.5932889:2.833629;-0.6004249:2.828074;-0.5923775:2.83282;-0.5898724:2.839847;-0.5940859:2.832031;-0.5935703:2.830386;-0.5980727:2.824625,sigma3_hotel_seed42,3
HOTEL:biwi_hotel:369:16160,HOTEL,biwi_hotel:369,16160,triu,0.0353993810713291,0.0516299568116664,-0.59:2.83;-0.59:2.83;-0.59:2.83;-0.59:2.83;-0.59:2.83;-0.59:2.83;-0.59:2.83;-0.59:2.83,-0.59:2.83;-0.59:2.83;-0.59:2.83;-0.59:2.83;-0.59:2.83;-0.59:2.83;-0.59:2.83;-0.59:2.83;-0.59:2.83;-0.61:2.85;-0.63:2.85;-0.64:2.86,-0.5975503:2.829558;-0.5948709:2.827272;-0.6036568:2.829502;-0.6171662:2.834678;-0.6194322:2.83271;-0.6278627:2.832454;-0.6407669:2.826526;-0.6417712:2.830484;-0.6451559:2.830779;-0.6616625:2.82894;-0.6627114:2.831308;-0.6767189:2.823704,sigma3_hotel_seed42,3
HOTEL:biwi_hotel:369:16170,HOTEL,biwi_hotel:369,16170,triu,0.0333544239401817,0.0191800557076931,-0.59:2.83;-0.59:2.83;-0.59:2.83;-0.59:2.83;-0.59:2.83;-0.59:2.83;-0.59:2.83;-0.59:2.83,-0.59:2.83;-0.59:2.83;-0.59:2.83;-0.59:2.83;-0.59:2.83;-0.59:2.83;-0.59:2.83;-0.59:2.83;-0.61:2.85;-0.63:2.85;-0.64:2.86;-0.67:2.82,-0.5983912:2.829812;-0.5947178:2.828546;-0.6039954:2.829555;-0.6189857:2.834302;-0.6252669:2.831652;-0.6302956:2.83293;-0.6448888:2.826332;-0.6474729:2.830402;-0.6531606:2.829633;-0.6737206:2.828322;-0.6708062:2.834928;-0.6885209:2.824985,sigma3_hotel_seed42,3
HOTEL:biwi_hotel:369:16180,HOTEL,biwi_hotel:369,16180,triu,0.0559713430702686,0.0771966278553009,-0.59:2.83;-0.59:2.83;-0.59:2.83;-0.59:2.83;-0.59:2.83;-0.59:2.83;-0.59:2.83;-0.59:2.83,-0.59:2.83;-0.59:2.83;-0.59:2.83;-0.59:2.83;-0.59:2.83;-0.59:2.83;-0.59:2.83;-0.61:2.85;-0.63:2.85;-0.64:2.86;-0.67:2.82;-0.67:2.82,-0.6003717:2.829867;-0.6030726:2.82976;-0.6157742:2.829796;-0.6312432:2.833839;-0.6425733:2.831443;-0.6591672:2.830256;-0.6822273:2.82416;-0.6858749:2.825862;-0.6979344:2.831954;-0.7161222:2.827765;-0.7261435:2.830212;-0.7471948:2.820539,sigma3_hotel_seed42,3
HOTEL:biwi_hotel:369:16190,HOTEL,biwi_hotel:369,16190,triu,0.0496149063110351,0.0771966278553009,-0.59:2.83;-0.59:2.83;-0.59:2.83;-0.59:2.83;-0.59:2.83;-0.59:2.83;-0.59:2.83;-0.59:2.83,-0.59:2.83;-0.59:2.83;-0.59:2.83;-0.59:2.83;-0.59:2.83;-0.59:2.83;-0.61:2.85;-0.63:2.85;-0.64:2.86;-0.67:2.82;-0.67:2.82;-0.67:2.82,-0.6003717:2.829867;-0.6030726:2.82976;-0.6157742:2.829796;-0.6312432:2.833839;-0.6425733:2.831443;-0.6591672:2.830256;-0.6822273:2.82416;-0.6858749:2.825862;-0.6979344:2.831954;-0.7161222:2.827765;-0.7261435:2.830212;-0.7471948:2.820539,sigma3_hotel_seed42,3
HOTEL:biwi_hotel:369:16200,HOTEL,biwi_hotel:369,16200,triu,0.0435908921062946,0.0771966278553009,-0.59:2.83;-0.59:2.83;-0.59:2.83;-0.59:2.83;-0.59:2.83;-0.59:2.83;-0.59:2.83;-0.59:2.83,-0.59:2.83;-0.59:2.83;-0.59:2.83;-0.59:2.83;-0.59:2.83;-0.61:2.85;-0.63:2.85;-0.64:2.86;-0.67:2.82;-0.67:2.82;-0.67:2.82;-0.67:2.82,-0.6003717:2.829867;-0.6030726:2.82976;-0.6157742:2.829796;-0.6312432:2.833839;-0.6425733:2.831443;-0.6591672:2.830256;-0.6822273:2.82416;-0.6858749:2.825862;-0.6979344:2.831954;-0.7161222:2.827765;-0.7261435:2.830212;-0.7471948:2.820539,sigma3_hotel_seed42,3
HOTEL:biwi_hotel:369:16210,HOTEL,biwi_hotel:369,16210,triu,0.0390839241445064,0.0991239845752716,-0.59:2.83;-0.59:2.83;-0.59:2.83;-0.59:2.83;-0.59:2.83;-0.59:2.83;-0.59:2.83;-0.59:2.83,-0.59:2.83;-0.59:2.83;-0.59:2.83;-0.59:2.83;-0.61:2.85;-0.63:2.85;-0.64:2.86;-0.67:2.82;-0.67:2.82;-0.67:2.82;-0.67:2.82;-0.65:2.84,-0.6003717:2.829867;-0.6030726:2.82976;-0.6157742:2.829796;-0.6312432:2.833839;-0.6425733:2.831443;-0.6591672:2.830256;-0.6822273:2.82416;-0.6858749:2.825862;-0.6979344:2.831954;-0.7161222:2.827765;-0.7261435:2.830212;-0.7471948:2.820539,sigma3_hotel_seed42,3
HOTEL:biwi_hotel:369:16220,HOTEL,biwi_hotel:369,16220,triu,0.0347168780863285,0.0991239845752716,-0.59:2.83;-0.59:2.83;-0.59:2.83;-0.59:2.83;-0.59:2.83;-0.59:2.83;-0.59:2.83;-0.59:2.83,-0.59:2.83;-0.59:2.83;-0.59:2.83;-0.61:2.85;-0.63:2.85;-0.64:2.86;-0.67:2.82;-0.67:2.82;-0.67:2.82;-0.67:2.82;-0.65:2.84;-0.65:2.84,-0.6003717:2.829867;-0.6030726:2.82976;-0.6157742:2.829796;-0.6312432:2.833839;-0.6425733:2.831443;-0.6591672:2.830256;-0.6822273:2.82416;-0.6858749:2.825862;-0.6979344:2.831954;-0.7161222:2.827765;-0.7261435:2.830212;-0.7471948:2.820539,sigma3_hotel_seed42,3
HOTEL:biwi_hotel:369:16230,HOTEL,biwi_hotel:369,16230,triu,0.0339683704078197,0.0991239845752716,-0.59:2.83;-0.59:2.83;-0.59:2.83;-0.59:2.83;-0.59:2.83;-0.59:2.83;-0.59:2.83;-0.59:2.83,-0.59:2.83;-0.59:2.83;-0.61:2.85;-0.63:2.85;-0.64:2.86;-0.67:2.82;-0.67:2.82;-0.67:2.82;-0.67:2.82;-0.65:2.84;-0.65:2.84;-0.65:2.84,-0.6003717:2.829867;-0.6030726:2.82976;-0.6157742:2.829796;-0.6312432:2.833839;-0.6425733:2.831443;-0.6591672:2.830256;-0.6822273:2.82416;-0.6858749:2.825862;-0.6979344:2.831954;-0.7161222:2.827765;-0.7261435:2.830212;-0.7471948:2.820539,sigma3_hotel_seed42,3
HOTEL:biwi_hotel:369:16240,HOTEL,biwi_hotel:369,16240,triu,0.042232122272253,0.1556292474269867,-0.59:2.83;-0.59:2.83;-0.59:2.83;-0.59:2.83;-0.59:2.83;-0.59:2.83;-0.59:2.83;-0.59:2.83,-0.59:2.83;-0.61:2.85;-0.63:2.85;-0.64:2.86;-0.67:2.82;-0.67:2.82;-0.67:2.82;-0.67:2.82;-0.65:2.84;-0.65:2.84;-0.65:2.84;-0.6:2.77,-0.6003717:2.829867;-0.6030726:2.82976;-0.6157742:2.829796;-0.6312432:2.833839;-0.6425733:2.831443;-0.6591672:2.830256;-0.6822273:2.82416;-0.6858749:2.825862;-0.6979344:2.831954;-0.7161222:2.827765;-0.7261435:2.830212;-0.7471948:2.820539,sigma3_hotel_seed42,3
HOTEL:biwi_hotel:369:16250,HOTEL,biwi_hotel:369,16250,triu,0.0506504960358142,0.1201921626925468,-0.59:2.83;-0.59:2.83;-0.59:2.83;-0.59:2.83;-0.59:2.83;-0.59:2.83;-0.59:2.83;-0.59:2.83,-0.61:2.85;-0.63:2.85;-0.64:2.86;-0.67:2.82;-0.67:2.82;-0.67:2.82;-0.67:2.82;-0.65:2.84;-0.65:2.84;-0.65:2.84;-0.6:2.77;-0.7:2.71,-0.6003717:2.829867;-0.6030726:2.82976;-0.6157742:2.829796;-0.6312432:2.833839;-0.6425733:2.831443;-0.6591672:2.830256;-0.6822273:2.82416;-0.6858749:2.825862;-0.6979344:2.831954;-0.7161222:2.827765;-0.7261435:2.830212;-0.7471948:2.820539,sigma3_hotel_seed42,3
HOTEL:biwi_hotel:369:16260,HOTEL,biwi_hotel:369,16260,triu,0.2426937371492386,0.4659917950630188,-0.59:2.83;-0.59:2.83;-0.59:2.83;-0.59:2.83;-0.59:2.83;-0.59:2.83;-0.59:2.83;-0.61:2.85,-0.63:2.85;-0.64:2.86;-0.67:2.82;-0.67:2.82;-0.67:2.82;-0.67:2.82;-0.65:2.84;-0.65:2.84;-0.65:2.84;-0.6:2.77;-0.7:2.71;-0.72:2.67,-0.6524833:2.850351;-0.6860966:2.855432;-0.7333045:2.848958;-0.792178:2.851966;-0.8378007:2.848825;-0.8569189:2.856694;-0.9169291:2.858663;-0.9633176:2.863998;-1.005924:2.850802;-1.064072:2.852025;-1.075931:2.877861;-1.136394:2.8792,sigma3_hotel_seed42,3
HOTEL:biwi_hotel:369:16270,HOTEL,biwi_hotel:369,16270,triu,0.1109978780150413,0.2933068871498108,-0.59:2.83;-0.59:2.83;-0.59:2.83;-0.59:2.83;-0.59:2.83;-0.59:2.83;-0.61:2.85;-0.63:2.85,-0.64:2.86;-0.67:2.82;-0.67:2.82;-0.67:2.82;-0.67:2.82;-0.65:2.84;-0.65:2.84;-0.65:2.84;-0.6:2.77;-0.7:2.71;-0.72:2.67;-0.57:2.7,-0.654948:2.847559;-0.6591758:2.850972;-0.6811182:2.850818;-0.7085073:2.854157;-0.7221834:2.854093;-0.7215239:2.857887;-0.7384025:2.861681;-0.7554965:2.859583;-0.7593696:2.842949;-0.7976237:2.861256;-0.7941915:2.869125;-0.8127372:2.864644,sigma3_hotel_seed42,3
HOTEL:biwi_hotel:369:16280,HOTEL,biwi_hotel:369,16280,triu,0.0927974358201026,0.1691515296697616,-0.59:2.83;-0.59:2.83;-0.59:2.83;-0.59:2.83;-0.59:2.83;-0.61:2.85;-0.63:2.85;-0.64:2.86,-0.67:2.82;-0.67:2.82;-0.67:2.82;-0.67:2.82;-0.65:2.84;-0.65:2.84;-0.65:2.84;-0.6:2.77;-0.7:2.71;-0.72:2.67;-0.57:2.7;-0.56:2.7,-0.6409874:2.859813;-0.6332706:2.85453;-0.6373559:2.860566;-0.6434989:2.867064;-0.6310488:2.867336;-0.6360903:2.864451;-0.6365073:2.858758;-0.6294675:2.8648;-0.6216891:2.865441;-0.6284595:2.861466;-0.6241524:2.859678;-0.6260221:2.855735,sigma3_hotel_seed42,3
HOTEL:biwi_hotel:369:16290,HOTEL,biwi_hotel:369,16290,triu,0.3630801737308502,0.6347298622131348,-0.59:2.83;-0.59:2.83;-0.59:2.83;-0.59:2.83;-0.61:2.85;-0.63:2.85;-0.64:2.86;-0.67:2.82,-0.67:2.82;-0.67:2.82;-0.67:2.82;-0.65:2.84;-0.65:2.84;-0.65:2.84;-0.6:2.77;-0.7:2.71;-0.72:2.67;-0.57:2.7;-0.56:2.7;-0.67:2.66,-0.7260498:2.817372;-0.7655611:2.822914;-0.8182987:2.818102;-0.8912908:2.820953;-0.9417869:2.820447;-0.9627597:2.827059;-1.020368:2.837395;-1.086604:2.844538;-1.12418:2.816934;-1.195023:2.836774;-1.212392:2.851455;-1.273471:2.856736,sigma3_hotel_seed42,3
HOTEL:biwi_hotel:369:16300,HOTEL,biwi_hotel:369,16300,triu,0.1210104748606681,0.1956643164157867,-0.59:2.83;-0.59:2.83;-0.59:2.83;-0.61:2.85;-0.63:2.85;-0.64:2.86;-0.67:2.82;-0.67:2.82,-0.67:2.82;-0.67:2.82;-0.65:2.84;-0.65:2.84;-0.65:2.84;-0.6:2.77;-0.7:2.71;-0.72:2.67;-0.57:2.7;-0.56:2.7;-0.67:2.66;-0.68:2.64,-0.6787459:2.81996;-0.6828068:2.823358;-0.6931686:2.819423;-0.7015067:2.820415;-0.7176356:2.820409;-0.7343993:2.814287;-0.7519118:2.812701;-0.7535338:2.808392;-0.7691453:2.817804;-0.7763212:2.811102;-0.7818542:2.810593;-0.7946977:2.798521,sigma3_hotel_seed42,3
HOTEL:biwi_hotel:369:16310,HOTEL,biwi_hotel:369,16310,triu,0.2257790714502334,0.3943557739257812,-0.59:2.83;-0.59:2.83;-0.61:2.85;-0.63:2.85;-0.64:2.86;-0.67:2.82;-0.67:2.82;-0.67:2.82,-0.67:2.82;-0.65:2.84;-0.65:2.84;-0.65:2.84;-0.6:2.77;-0.7:2.71;-0.72:2.67;-0.57:2.7;-0.56:2.7;-0.67:2.66;-0.68:2.64;-0.7:2.62,-0.6889555:2.82185;-0.7083824:2.827162;-0.7367992:2.819617;-0.764727:2.820143;-0.804778:2.81408;-0.8281249:2.821262;-0.8809635:2.812927;-0.8961362:2.809086;-0.9382691:2.819662;-0.970433:2.804048;-0.9886633:2.829771;-1.039482:2.82067,sigma3_hotel_seed42,3
HOTEL:biwi_hotel:369:16320,HOTEL,biwi_hotel:369,16320,triu,0.1102221831679344,0.1082445606589317,-0.59:2.83;-0.61:2.85;-0.63:2.85;-0.64:2.86;-0.67:2.82;-0.67:2.82;-0.67:2.82;-0.67:2.82,-0.65:2.84;-0.65:2.84;-0.65:2.84;-0.6:2.77;-0.7:2.71;-0.72:2.67;-0.57:2.7;-0.56:2.7;-0.67:2.66;-0.68:2.64;-0.7:2.62;-0.57:2.69,-0.6713791:2.819003;-0.6587144:2.823473;-0.6585698:2.813937;-0.6638771:2.815784;-0.6636019:2.813123;-0.6435385:2.812979;-0.6441121:2.813115;-0.6363602:2.808975;-0.6337361:2.798141;-0.6368334:2.798248;-0.6014273:2.80893;-0.5943004:2.795482,sigma3_hotel_seed42,3
HOTEL:biwi_hotel:369:16330,HOTEL,biwi_hotel:369,16330,triu,0.2055635899305343,0.2571212649345398,-0.61:2.85;-0.63:2.85;-0.64:2.86;-0.67:2.82;-0.67:2.82;-0.67:2.82;-0.67:2.82;-0.65:2.84,-0.65:2.84;-0.65:2.84;-0.6:2.77;-0.7:2.71;-0.72:2.67;-0.57:2.7;-0.56:2.7;-0.67:2.66;-0.68:2.64;-0.7:2.62;-0.57:2.69;-0.56:2.7,-0.6059231:2.837057;-0.5800874:2.836826;-0.5639276:2.831104;-0.5262942:2.820175;-0.5164911:2.815084;-0.4784806:2.844327;-0.4607939:2.835002;-0.4186947:2.80276;-0.4016783:2.796323;-0.3722782:2.77474;-0.343837:2.817863;-0.3336657:2.822001,sigma3_hotel_seed42,3
HOTEL:biwi_hotel:369:16340,HOTEL,biwi_hotel:369,16340,triu,0.147582322359085,0.1825923174619674,-0.63:2.85;-0.64:2.86;-0.67:2.82;-0.67:2.82;-0.67:2.82;-0.67:2.82;-0.65:2.84;-0.65:2.84,-0.65:2.84;-0.6:2.77;-0.7:2.71;-0.72:2.67;-0.57:2.7;-0.56:2.7;-0.67:2.66;-0.68:2.64;-0.7:2.62;-0.57:2.69;-0.56:2.7;-0.68:2.65,-0.6403058:2.842788;-0.6263202:2.847785;-0.6257616:2.83783;-0.6204657:2.837931;-0.6325451:2.831458;-0.6164612:2.838923;-0.6297371:2.82617;-0.6089619:2.819025;-0.6249717:2.827227;-0.6282357:2.805974;-0.5972953:2.838953;-0.6109935:2.819051,sigma3_hotel_seed42,3
HOTEL:biwi_hotel:369:16350,HOTEL,biwi_hotel:369,16350,triu,0.1687784194946289,0.1861003339290619,-0.64:2.86;-0.67:2.82;-0.67:2.82;-0.67:2.82;-0.67:2.82;-0.65:2.84;-0.65:2.84;-0.65:2.84,-0.6:2.77;-0.7:2.71;-0.72:2.67;-0.57:2.7;-0.56:2.7;-0.67:2.66;-0.68:2.64;-0.7:2.62;-0.57:2.69;-0.56:2.7;-0.68:2.65;-0.7:2.64,-0.6592405:2.83634;-0.6650181:2.831923;-0.6650432:2.829984;-0.6834735:2.834773;-0.6793511:2.82555;-0.6775168:2.838367;-0.6848977:2.835775;-0.6943321:2.83712;-0.6882215:2.816042;-0.6832958:2.820095;-0.689285:2.818152;-0.6821239:2.82524,sigma3_hotel_seed42,3
HOTEL:biwi_hotel:369:16360,HOTEL,biwi_hotel:369,16360,triu,0.3675949275493622,0.6234759092330933,-0.67:2.82;-0.67:2.82;-0.67:2.82;-0.67:2.82;-0.65:2.84;-0.65:2.84;-0.65:2.84;-0.6:2.77,-0.7:2.71;-0.72:2.67;-0.57:2.7;-0.56:2.7;-0.67:2.66;-0.68:2.64;-0.7:2.62;-0.57:2.69;-0.56:2.7;-0.68:2.65;-0.7:2.64;-0.7:2.64,-0.5320733:2.768543;-0.4795334:2.761364;-0.4431806:2.757306;-0.3911586:2.751024;-0.3589417:2.742433;-0.3010267:2.766867;-0.2744309:2.75261;-0.215244:2.734243;-0.1888612:2.728769;-0.1536622:2.699384;-0.09729093:2.742954;-0.08565003:2.746284,sigma3_hotel_seed42,3
HOTEL:biwi_hotel:369:16370,HOTEL,biwi_hotel:369,16370,triu,0.7112643718719482,1.2363896369934082,-0.67:2.82;-0.67:2.82;-0.67:2.82;-0.65:2.84;-0.65:2.84;-0.65:2.84;-0.6:2.77;-0.7:2.71,-0.72:2.67;-0.57:2.7;-0.56:2.7;-0.67:2.66;-0.68:2.64;-0.7:2.62;-0.57:2.69;-0.56:2.7;-0.68:2.65;-0.7:2.64;-0.7:2.64;-0.68:2.66,-0.7984352:2.70603;-0.9085363:2.711239;-1.01115:2.725134;-1.099686:2.719194;-1.211314:2.72956;-1.315176:2.755179;-1.403473:2.778531;-1.504828:2.74921;-1.596889:2.726005;-1.689232:2.757115;-1.812763:2.758384;-1.90891:2.795798,sigma3_hotel_seed42,3
HOTEL:biwi_hotel:369:16380,HOTEL,biwi_hotel:369,16380,triu,0.4142252504825592,0.6975929141044617,-0.67:2.82;-0.67:2.82;-0.65:2.84;-0.65:2.84;-0.65:2.84;-0.6:2.77;-0.7:2.71;-0.72:2.67,-0.57:2.7;-0.56:2.7;-0.67:2.66;-0.68:2.64;-0.7:2.62;-0.57:2.69;-0.56:2.7;-0.68:2.65;-0.7:2.64;-0.7:2.64;-0.68:2.66;-0.69:2.66,-0.7570423:2.666335;-0.8171936:2.669206;-0.8706665:2.677369;-0.9055539:2.662615;-0.9807489:2.663949;-1.036928:2.700942;-1.090264:2.700028;-1.134282:2.664993;-1.190142:2.656148;-1.232906:2.657229;-1.315733:2.687343;-1.385797:2.71002,sigma3_hotel_seed42,3
HOTEL:biwi_hotel:369:16390,HOTEL,biwi_hotel:369,16390,triu,0.6962518095970154,1.2540017366409302,-0.67:2.82;-0.65:2.84;-0.65:2.84;-0.65:2.84;-0.6:2.77;-0.7:2.71;-0.72:2.67;-0.57:2.7,-0.56:2.7;-0.67:2.66;-0.68:2.64;-0.7:2.62;-0.57:2.69;-0.56:2.7;-0.68:2.65;-0.7:2.64;-0.7:2.64;-0.68:2.66;-0.69:2.66;-0.71:2.68,-0.4696731:2.699306;-0.3640191:2.695008;-0.2956085:2.686795;-0.2043528:2.681363;-0.116193:2.679715;0.0008012652:2.686515;0.08298576:2.678742;0.1907521:2.660392;0.2709326:2.647955;0.3335807:2.625964;0.4715182:2.6663;0.543772:2.655999,sigma3_hotel_seed42,3
HOTEL:biwi_hotel:369:16400,HOTEL,biwi_hotel:369,16400,triu,0.1581790894269943,0.2951304912567138,-0.65:2.84;-0.65:2.84;-0.65:2.84;-0.6:2.77;-0.7:2.71;-0.72:2.67;-0.57:2.7;-0.56:2.7,-0.67:2.66;-0.68:2.64;-0.7:2.62;-0.57:2.69;-0.56:2.7;-0.68:2.65;-0.7:2.64;-0.7:2.64;-0.68:2.66;-0.69:2.66;-0.71:2.68;-0.72:2.65,-0.5829532:2.699024;-0.6165895:2.701272;-0.6434252:2.696338;-0.6738132:2.696503;-0.7181231:2.686562;-0.7608516:2.700453;-0.8198078:2.693134;-0.8453991:2.68567;-0.8871238:2.695565;-0.9069369:2.684605;-0.964059:2.694495;-1.011466:2.696364,sigma3_hotel_seed42,3
HOTEL:biwi_hotel:369:16410,HOTEL,biwi_hotel:369,16410,triu,0.499444842338562,1.0219985246658323,-0.65:2.84;-0.65:2.84;-0.6:2.77;-0.7:2.71;-0.72:2.67;-0.57:2.7;-0.56:2.7;-0.67:2.66,-0.68:2.64;-0.7:2.62;-0.57:2.69;-0.56:2.7;-0.68:2.65;-0.7:2.64;-0.7:2.64;-0.68:2.66;-0.69:2.66;-0.71:2.68;-0.72:2.65;-0.57:2.7,-0.7319753:2.660056;-0.8229997:2.666477;-0.9022266:2.672465;-0.9592558:2.660735;-1.048007:2.661804;-1.129493:2.694229;-1.212466:2.693832;-1.273304:2.663849;-1.350683:2.667612;-1.400105:2.657367;-1.508255:2.691879;-1.5918:2.720143,sigma3_hotel_seed42,3
HOTEL:biwi_hotel:369:16420,HOTEL,biwi_hotel:369,16420,triu,0.0793209373950958,0.1076837107539177,-0.65:2.84;-0.6:2.77;-0.7:2.71;-0.72:2.67;-0.57:2.7;-0.56:2.7;-0.67:2.66;-0.68:2.64,-0.7:2.62;-0.57:2.69;-0.56:2.7;-0.68:2.65;-0.7:2.64;-0.7:2.64;-0.68:2.66;-0.69:2.66;-0.71:2.68;-0.72:2.65;-0.57:2.7;-0.68:2.67,-0.6917232:2.638322;-0.6945109:2.634963;-0.7009801:2.638098;-0.7180915:2.642554;-0.7198137:2.639138;-0.7309703:2.64165;-0.7413376:2.636202;-0.7480097:2.640187;-0.7500844:2.633819;-0.7618715:2.635533;-0.7709998:2.633371;-0.7803736:2.631001,sigma3_hotel_seed42,3
HOTEL:biwi_hotel:369:16430,HOTEL,biwi_hotel:369,16430,triu,0.2444313019514084,0.4084021151065826,-0.6:2.77;-0.7:2.71;-0.72:2.67;-0.57:2.7;-0.56:2.7;-0.67:2.66;-0.68:2.64;-0.7:2.62,-0.57:2.69;-0.56:2.7;-0.68:2.65;-0.7:2.64;-0.7:2.64;-0.68:2.66;-0.69:2.66;-0.71:2.68;-0.72:2.65;-0.57:2.7;-0.68:2.67;-0.7:2.65,-0.7175741:2.620568;-0.750262:2.619526;-0.7748285:2.616495;-0.8005666:2.619452;-0.835688:2.605815;-0.8762463:2.625009;-0.9366341:2.611793;-0.9521103:2.606132;-0.9926062:2.619069;-1.005193:2.599439;-1.0633:2.615406;-1.107387:2.621221,sigma3_hotel_seed42,3
HOTEL:biwi_hotel:369:16440,HOTEL,biwi_hotel:369,16440,triu,0.4766317307949066,0.625030517578125,-0.7:2.71;-0.72:2.67;-0.57:2.7;-0.56:2.7;-0.67:2.66;-0.68:2.64;-0.7:2.62;-0.57:2.69,-0.56:2.7;-0.68:2.65;-0.7:2.64;-0.7:2.64;-0.68:2.66;-0.69:2.66;-0.71:2.68;-0.72:2.65;-0.57:2.7;-0.68:2.67;-0.7:2.65;-0.57:2.69,-0.4849229:2.686114;-0.4163294:2.672994;-0.3647215:2.671419;-0.3014858:2.666945;-0.2544765:2.657682;-0.1906298:2.675987;-0.1585574:2.668122;-0.09551165:2.65501;-0.05988461:2.644388;-0.01936185:2.621675;0.04057938:2.648542;0.05436605:2.661187,sigma3_hotel_seed42,3
HOTEL:biwi_hotel:369:16450,HOTEL,biwi_hotel:369,16450,triu,0.1743069887161255,0.1889206618070602,-0.72:2.67;-0.57:2.7;-0.56:2.7;-0.67:2.66;-0.68:2.64;-0.7:2.62;-0.57:2.69;-0.56:2.7,-0.68:2.65;-0.7:2.64;-0.7:2.64;-0.68:2.66;-0.69:2.66;-0.71:2.68;-0.72:2.65;-0.57:2.7;-0.68:2.67;-0.7:2.65;-0.57:2.69;-0.56:2.7,-0.5586424:2.697073;-0.563588:2.696064;-0.550027:2.696386;-0.5352786:2.696469;-0.5207214:2.699713;-0.5249969:2.692557;-0.4928284:2.70237;-0.4859775:2.692395;-0.4716091:2.685323;-0.4226532:2.68381;-0.4228517:2.658455;-0.374098:2.666363,sigma3_hotel_seed42,3
HOTEL:biwi_hotel:369:16460,HOTEL,biwi_hotel:369,16460,triu,0.7528555989265442,1.4466195106506348,-0.57:2.7;-0.56:2.7;-0.67:2.66;-0.68:2.64;-0.7:2.62;-0.57:2.69;-0.56:2.7;-0.68:2.65,-0.7:2.64;-0.7:2.64;-0.68:2.66;-0.69:2.66;-0.71:2.68;-0.72:2.65;-0.57:2.7;-0.68:2.67;-0.7:2.65;-0.57:2.69;-0.56:2.7;-0.56:2.7,-0.7896466:2.651063;-0.9106751:2.662211;-1.032077:2.671717;-1.133192:2.666155;-1.255167:2.674462;-1.3616:2.706491;-1.470999:2.715871;-1.567561:2.687316;-1.670827:2.679491;-1.774624:2.692441;-1.89572:2.723336;-2.005856:2.746999,sigma3_hotel_seed42,3
HOTEL:biwi_hotel:369:16470,HOTEL,biwi_hotel:369,16470,triu,0.1300173103809356,0.161687359213829,-0.56:2.7;-0.67:2.66;-0.68:2.64;-0.7:2.62;-0.57:2.69;-0.56:2.7;-0.68:2.65;-0.7:2.64,-0.7:2.64;-0.68:2.66;-0.69:2.66;-0.71:2.68;-0.72:2.65;-0.57:2.7;-0.68:2.67;-0.7:2.65;-0.57:2.69;-0.56:2.7;-0.56:2.7;-0.68:2.67,-0.7146391:2.637399;-0.7250515:2.632651;-0.7310758:2.636404;-0.7506737:2.641459;-0.7537568:2.635679;-0.7719244:2.6416;-0.7855808:2.636569;-0.7974076:2.640105;-0.8006583:2.631987;-0.8059826:2.634793;-0.8299608:2.626838;-0.8367227:2.630241,sigma3_hotel_seed42,3
HOTEL:biwi_hotel:369:16480,HOTEL,biwi_hotel:369,16480,triu,0.3929160535335541,0.7147095799446106,-0.67:2.66;-0.68:2.64;-0.7:2.62;-0.57:2.69;-0.56:2.7;-0.68:2.65;-0.7:2.64;-0.7:2.64,-0.68:2.66;-0.69:2.66;-0.71:2.68;-0.72:2.65;-0.57:2.7;-0.68:2.67;-0.7:2.65;-0.57:2.69;-0.56:2.7;-0.56:2.7;-0.68:2.67;-0.66:2.64,-0.7304542:2.638038;-0.7908561:2.641847;-0.8457301:2.64694;-0.8780976:2.629448;-0.9573417:2.628307;-1.016168:2.669659;-1.076868:2.658667;-1.114087:2.622071;-1.171887:2.626934;-1.20953:2.611395;-1.296343:2.655843;-1.374033:2.671082,sigma3_hotel_seed42,3
HOTEL:biwi_hotel:369:16490,HOTEL,biwi_hotel:369,16490,triu,0.1399857103824615,0.2327916324138641,-0.68:2.64;-0.7:2.62;-0.57:2.69;-0.56:2.7;-0.68:2.65;-0.7:2.64;-0.7:2.64;-0.68:2.66,-0.69:2.66;-0.71:2.68;-0.72:2.65;-0.57:2.7;-0.68:2.67;-0.7:2.65;-0.57:2.69;-0.56:2.7;-0.56:2.7;-0.68:2.67;-0.66:2.64;-0.57:2.69,-0.652872:2.659658;-0.6250596:2.664728;-0.6111299:2.654689;-0.5814531:2.649459;-0.5697675:2.647795;-0.5277659:2.658855;-0.503585:2.65507;-0.4639554:2.632296;-0.4485548:2.626766;-0.4238806:2.612342;-0.3705497:2.643437;-0.344499:2.632197,sigma3_hotel_seed42,3
HOTEL:biwi_hotel:369:16500,HOTEL,biwi_hotel:369,16500,triu,0.0859598889946937,0.1494229286909103,-0.7:2.62;-0.57:2.69;-0.56:2.7;-0.68:2.65;-0.7:2.64;-0.7:2.64;-0.68:2.66;-0.69:2.66,-0.71:2.68;-0.72:2.65;-0.57:2.7;-0.68:2.67;-0.7:2.65;-0.57:2.69;-0.56:2.7;-0.56:2.7;-0.68:2.67;-0.66:2.64;-0.57:2.69;-0.56:2.7,-0.6935734:2.658789;-0.6956035:2.65651;-0.697557:2.658873;-0.6998253:2.662759;-0.6954137:2.662717;-0.7094805:2.658744;-0.7104742:2.657653;-0.7066466:2.656182;-0.704826:2.659059;-0.6960085:2.655171;-0.7053638:2.644349;-0.6980637:2.642854,sigma3_hotel_seed42,3
HOTEL:biwi_hotel:369:16510,HOTEL,biwi_hotel:369,16510,triu,0.1796898245811462,0.2337984889745712,-0.57:2.69;-0.56:2.7;-0.68:2.65;-0.7:2.64;-0.7:2.64;-0.68:2.66;-0.69:2.66;-0.71:2.68,-0.72:2.65;-0.57:2.7;-0.68:2.67;-0.7:2.65;-0.57:2.69;-0.56:2.7;-0.56:2.7;-0.68:2.67;-0.66:2.64;-0.57:2.69;-0.56:2.7;-0.65:2.61,-0.729194:2.678037;-0.7330698:2.678435;-0.7457561:2.678275;-0.76974:2.679645;-0.7837947:2.6775;-0.7913478:2.679744;-0.8052614:2.677154;-0.8198837:2.67797;-0.8287117:2.666657;-0.8549759:2.673705;-0.8565611:2.678254;-0.8755462:2.671568,sigma3_hotel_seed42,3
HOTEL:biwi_hotel:369:16520,HOTEL,biwi_hotel:369,16520,triu,0.1787015199661255,0.1667298376560211,-0.56:2.7;-0.68:2.65;-0.7:2.64;-0.7:2.64;-0.68:2.66;-0.69:2.66;-0.71:2.68;-0.72:2.65,-0.57:2.7;-0.68:2.67;-0.7:2.65;-0.57:2.69;-0.56:2.7;-0.56:2.7;-0.68:2.67;-0.66:2.64;-0.57:2.69;-0.56:2.7;-0.65:2.61;-0.69:2.66,-0.7380214:2.647413;-0.7437851:2.64361;-0.7526225:2.647431;-0.7761053:2.649961;-0.7818547:2.64644;-0.7912909:2.651998;-0.7991862:2.648022;-0.8145033:2.651443;-0.8163339:2.63631;-0.8346734:2.643573;-0.8440582:2.643101;-0.8559159:2.643546,sigma3_hotel_seed42,3
HOTEL:biwi_hotel:369:16530,HOTEL,biwi_hotel:369,16530,triu,0.529303789138794,0.9231064915657043,-0.68:2.65;-0.7:2.64;-0.7:2.64;-0.68:2.66;-0.69:2.66;-0.71:2.68;-0.72:2.65;-0.57:2.7,-0.68:2.67;-0.7:2.65;-0.57:2.69;-0.56:2.7;-0.56:2.7;-0.68:2.67;-0.66:2.64;-0.57:2.69;-0.56:2.7;-0.65:2.61;-0.69:2.66;-0.72:2.59,-0.4725671:2.694792;-0.3874971:2.679626;-0.3234202:2.679212;-0.2478182:2.674713;-0.1876381:2.667104;-0.1112813:2.679979;-0.06576806:2.677032;0.005617321:2.665008;0.05387443:2.649184;0.09988374:2.633858;0.1752566:2.650813;0.2000903:2.664561,sigma3_hotel_seed42,3
HOTEL:biwi_hotel:369:16540,HOTEL,biwi_hotel:369,16540,triu,0.6084490418434143,1.1471577882766724,-0.7:2.64;-0.7:2.64;-0.68:2.66;-0.69:2.66;-0.71:2.68;-0.72:2.65;-0.57:2.7;-0.68:2.67,-0.7:2.65;-0.57:2.69;-0.56:2.7;-0.56:2.7;-0.68:2.67;-0.66:2.64;-0.57:2.69;-0.56:2.7;-0.65:2.61;-0.69:2.66;-0.72:2.59;-0.57:2.69,-0.7577668:2.665355;-0.8481894:2.669834;-0.9317713:2.680627;-1.003004:2.674558;-1.107586:2.67981;-1.193514:2.712317;-1.271783:2.728768;-1.355654:2.697017;-1.437911:2.67588;-1.517833:2.703025;-1.627362:2.710391;-1.71609:2.739476,sigma3_hotel_seed42,3
HOTEL:biwi_hotel:369:16550,HOTEL,biwi_hotel:369,16550,triu,0.4633984565734863,0.7686600685119629,-0.7:2.64;-0.68:2.66;-0.69:2.66;-0.71:2.68;-0.72:2.65;-0.57:2.7;-0.68:2.67;-0.7:2.65,-0.57:2.69;-0.56:2.7;-0.56:2.7;-0.68:2.67;-0.66:2.64;-0.57:2.69;-0.56:2.7;-0.65:2.61;-0.69:2.66;-0.72:2.59;-0.57:2.69;-0.64:2.57,-0.7592312:2.644686;-0.8161969:2.642553;-0.8659638:2.642803;-0.945545:2.647739;-0.9930568:2.640293;-1.040187:2.655786;-1.108346:2.662313;-1.184253:2.671183;-1.221654:2.642751;-1.276407:2.661439;-1.341802:2.658113;-1.400786:2.679739,sigma3_hotel_seed42,3
HOTEL:biwi_hotel:369:16560,HOTEL,biwi_hotel:369,16560,triu,0.4365412890911102,0.6419759392738342,-0.68:2.66;-0.69:2.66;-0.71:2.68;-0.72:2.65;-0.57:2.7;-0.68:2.67;-0.7:2.65;-0.57:2.69,-0.56:2.7;-0.56:2.7;-0.68:2.67;-0.66:2.64;-0.57:2.69;-0.56:2.7;-0.65:2.61;-0.69:2.66;-0.72:2.59;-0.57:2.69;-0.64:2.57;-0.58:2.69,-0.4840313:2.685824;-0.4159486:2.673512;-0.3649755:2.670737;-0.2995654:2.665303;-0.2538814:2.656461;-0.189747:2.674772;-0.1570731:2.668609;-0.09356269:2.652488;-0.05729187:2.642653;-0.01416069:2.619907;0.04525095:2.646429;0.0612371:2.659209,sigma3_hotel_seed42,3
HOTEL:biwi_hotel:369:16570,HOTEL,biwi_hotel:369,16570,triu,0.1937927007675171,0.3891197443008423,-0.69:2.66;-0.71:2.68;-0.72:2.65;-0.57:2.7;-0.68:2.67;-0.7:2.65;-0.57:2.69;-0.56:2.7,-0.56:2.7;-0.68:2.67;-0.66:2.64;-0.57:2.69;-0.56:2.7;-0.65:2.61;-0.69:2.66;-0.72:2.59;-0.57:2.69;-0.64:2.57;-0.58:2.69;-0.64:2.81,-0.5937235:2.697172;-0.6212693:2.699254;-0.6499416:2.695392;-0.6965964:2.696476;-0.7365005:2.691856;-0.7697413:2.696154;-0.8175327:2.695434;-0.8581282:2.698171;-0.8910565:2.690397;-0.9302278:2.695604;-0.9644958:2.697535;-1.011942:2.695661,sigma3_hotel_seed42,3
HOTEL:biwi_hotel:369:16580,HOTEL,biwi_hotel:369,16580,triu,0.1194463372230529,0.3371813297271728,-0.71:2.68;-0.72:2.65;-0.57:2.7;-0.68:2.67;-0.7:2.65;-0.57:2.69;-0.56:2.7;-0.56:2.7,-0.68:2.67;-0.66:2.64;-0.57:2.69;-0.56:2.7;-0.65:2.61;-0.69:2.66;-0.72:2.59;-0.57:2.69;-0.64:2.57;-0.58:2.69;-0.64:2.81;-0.73:2.9,-0.561769:2.69735;-0.575993:2.698632;-0.5686554:2.695771;-0.5565127:2.696102;-0.5550029:2.697285;-0.5742674:2.690055;-0.5612349:2.699608;-0.5579196:2.686434;-0.5568803:2.690014;-0.5086977:2.68452;-0.5283352:2.656745;-0.4902073:2.662954,sigma3_hotel_seed42,3
HOTEL:biwi_hotel:369:16590,HOTEL,biwi_hotel:369,16590,triu,0.6573964953422546,0.9563724398612976,-0.72:2.65;-0.57:2.7;-0.68:2.67;-0.7:2.65;-0.57:2.69;-0.56:2.7;-0.56:2.7;-0.68:2.67,-0.66:2.64;-0.57:2.69;-0.56:2.7;-0.65:2.61;-0.69:2.66;-0.72:2.59;-0.57:2.69;-0.64:2.57;-0.58:2.69;-0.64:2.81;-0.73:2.9;-0.88:2.94,-0.7777453:2.675102;-0.8772994:2.689261;-0.9876918:2.691434;-1.079502:2.686503;-1.180295:2.695876;-1.26392:2.705267;-1.368903:2.713117;-1.450558:2.700971;-1.545093:2.704524;-1.639643:2.703834;-1.716761:2.739068;-1.817492:2.750907,sigma3_hotel_seed42,3
HOTEL:biwi_hotel:371:16120,HOTEL,biwi_hotel:371,16120,triu,0.0291756149381399,0.0372343175113201,-0.66:3.35;-0.66:3.35;-0.66:3.35;-0.66:3.35;-0.66:3.35;-0.66:3.35;-0.66:3.35;-0.66:3.35,-0.66:3.35;-0.66:3.35;-0.66:3.35;-0.66:3.35;-0.66:3.35;-0.66:3.35;-0.66:3.35;-0.66:3.35;-0.66:3.35;-0.66:3.35;-0.66:3.35;-0.66:3.35,-0.6699491:3.348974;-0.6697227:3.346913;-0.6840346:3.352626;-0.6947552:3.358474;-0.6849097:3.362208;-0.6909179:3.357576;-0.6939263:3.360062;-0.6935066:3.361344;-0.6846715:3.357715;-0.6972021:3.362581;-0.6962028:3.358826;-0.6958554:3.360039,sigma3_hotel_seed42,3
HOTEL:biwi_hotel:371:16130,HOTEL,biwi_hotel:371,16130,triu,0.0296700876206159,0.040581677109003,-0.66:3.35;-0.66:3.35;-0.66:3.35;-0.66:3.35;-0.66:3.35;-0.66:3.35;-0.66:3.35;-0.66:3.35,-0.66:3.35;-0.66:3.35;-0.66:3.35;-0.66:3.35;-0.66:3.35;-0.66:3.35;-0.66:3.35;-0.66:3.35;-0.66:3.35;-0.66:3.35;-0.66:3.35;-0.66:3.35,-0.6682054:3.349579;-0.6701842:3.349094;-0.6811655:3.35265;-0.689396:3.360136;-0.6853186:3.362501;-0.6903092:3.359428;-0.6922029:3.3627;-0.6933964:3.363779;-0.6908001:3.363279;-0.6977167:3.364528;-0.6975451:3.363542;-0.6978281:3.364694,sigma3_hotel_seed42,3
HOTEL:biwi_hotel:371:16140,HOTEL,biwi_hotel:371,16140,triu,0.0213425401598215,0.046536237001419,-0.66:3.35;-0.66:3.35;-0.66:3.35;-0.66:3.35;-0.66:3.35;-0.66:3.35;-0.66:3.35;-0.66:3.35,-0.66:3.35;-0.66:3.35;-0.66:3.35;-0.66:3.35;-0.66:3.35;-0.66:3.35;-0.66:3.35;-0.66:3.35;-0.66:3.35;-0.66:3.35;-0.66:3.35;-0.66:3.35,-0.6607794:3.350509;-0.6578367:3.347266;-0.665059:3.350395;-0.6701335:3.3568;-0.6668199:3.356071;-0.6804885:3.352155;-0.6926127:3.346181;-0.6857659:3.349762;-0.6876112:3.359954;-0.6924046:3.350825;-0.6977508:3.348553;-0.7058183:3.341857,sigma3_hotel_seed42,3
HOTEL:biwi_hotel:371:16150,HOTEL,biwi_hotel:371,16150,triu,0.0057680769823491,0.0057095387019217,-0.66:3.35;-0.66:3.35;-0.66:3.35;-0.66:3.35;-0.66:3.35;-0.66:3.35;-0.66:3.35;-0.66:3.35,-0.66:3.35;-0.66:3.35;-0.66:3.35;-0.66:3.35;-0.66:3.35;-0.66:3.35;-0.66:3.35;-0.66:3.35;-0.66:3.35;-0.66:3.35;-0.66:3.35;-0.67:3.35,-0.6591508:3.350411;-0.6531805:3.346188;-0.6586403:3.350116;-0.6626403:3.357377;-0.655054:3.356741;-0.663289:3.353629;-0.6704249:3.348074;-0.6623776:3.35282;-0.6598724:3.359847;-0.664086:3.352031;-0.6635703:3.350386;-0.6680728:3.344625,sigma3_hotel_seed42,3
HOTEL:biwi_hotel:371:16160,HOTEL,biwi_hotel:371,16160,triu,0.03926333039999,0.0570672787725925,-0.66:3.35;-0.66:3.35;-0.66:3.35;-0.66:3.35;-0.66:3.35;-0.66:3.35;-0.66:3.35;-0.66:3.35,-0.66:3.35;-0.66:3.35;-0.66:3.35;-0.66:3.35;-0.66:3.35;-0.66:3.35;-0.66:3.35;-0.66:3.35;-0.66:3.35;-0.66:3.35;-0.67:3.35;-0.69:3.35,-0.6675503:3.349558;-0.664871:3.347272;-0.6736568:3.349502;-0.6871662:3.354678;-0.6894323:3.35271;-0.6978627:3.352454;-0.7107669:3.346526;-0.7117712:3.350484;-0.715156:3.350779;-0.7316625:3.34894;-0.7327114:3.351308;-0.7467189:3.343704,sigma3_hotel_seed42,3
HOTEL:biwi_hotel:371:16170,HOTEL,biwi_hotel:371,16170,triu,0.0401293002068996,0.0487763956189155,-0.66:3.35;-0.66:3.35;-0.66:3.35;-0.66:3.35;-0.66:3.35;-0.66:3.35;-0.66:3.35;-0.66:3.35,-0.66:3.35;-0.66:3.35;-0.66:3.35;-0.66:3.35;-0.66:3.35;-0.66:3.35;-0.66:3.35;-0.66:3.35;-0.66:3.35;-0.67:3.35;-0.69:3.35;-0.71:3.34,-0.6683912:3.349812;-0.6647179:3.348546;-0.6739955:3.349555;-0.6889858:3.354302;-0.695267:3.351652;-0.7002956:3.35293;-0.7148889:3.346332;-0.7174729:3.350402;-0.7231606:3.349633;-0.7437207:3.348322;-0.7408062:3.354928;-0.758521:3.344985,sigma3_hotel_seed42,3
HOTEL:biwi_hotel:371:16180,HOTEL,biwi_hotel:371,16180,triu,0.064902164041996,0.0971962884068489,-0.66:3.35;-0.66:3.35;-0.66:3.35;-0.66:3.35;-0.66:3.35;-0.66:3.35;-0.66:3.35;-0.66:3.35,-0.66:3.35;-0.66:3.35;-0.66:3.35;-0.66:3.35;-0.66:3.35;-0.66:3.35;-0.66:3.35;-0.66:3.35;-0.67:3.35;-0.69:3.35;-0.71:3.34;-0.72:3.34,-0.6703717:3.349867;-0.6730726:3.34976;-0.6857743:3.349796;-0.7012432:3.353839;-0.7125733:3.351443;-0.7291672:3.350255;-0.7522273:3.34416;-0.7558749:3.345862;-0.7679344:3.351954;-0.7861222:3.347765;-0.7961435:3.350212;-0.8171948:3.340539,sigma3_hotel_seed42,3
HOTEL:biwi_hotel:371:16190,HOTEL,biwi_hotel:371,16190,triu,0.0599407404661178,0.0971962884068489,-0.66:3.35;-0.66:3.35;-0.66:3.35;-0.66:3.35;-0.66:3.35;-0.66:3.35;-0.66:3.35;-0.66:3.35,-0.66:3.35;-0.66:3.35;-0.66:3.35;-0.66:3.35;-0.66:3.35;-0.66:3.35;-0.66:3.35;-0.67:3.35;-0.69:3.35;-0.71:3.34;-0.72:3.34;-0.72:3.34,-0.6703717:3.349867;-0.6730726:3.34976;-0.6857743:3.349796;-0.7012432:3.353839;-0.7125733:3.351443;-0.7291672:3.350255;-0.7522273:3.34416;-0.7558749:3.345862;-0.7679344:3.351954;-0.7861222:3.347765;-0.7961435:3.350212;-0.8171948:3.340539,sigma3_hotel_seed42,3
HOTEL:biwi_hotel:371:16200,HOTEL,biwi_hotel:371,16200,triu,0.060682650655508,0.1647911518812179,-0.66:3.35;-0.66:3.35;-0.66:3.35;-0.66:3.35;-0.66:3.35;-0.66:3.35;-0.66:3.35;-0.66:3.35,-0.66:3.35;-0.66:3.35;-0.66:3.35;-0.66:3.35;-0.66:3.35;-0.66:3.35;-0.67:3.35;-0.69:3.35;-0.71:3.34;-0.72:3.34;-0.72:3.34;-0.78:3.18,-0.6703717:3.349867;-0.6730726:3.34976;-0.6857743:3.349796;-0.7012432:3.353839;-0.7125733:3.351443;-0.7291672:3.350255;-0.7522273:3.34416;-0.7558749:3.345862;-0.7679344:3.351954;-0.7861222:3.347765;-0.7961435:3.350212;-0.8171948:3.340539,sigma3_hotel_seed42,3
HOTEL:biwi_hotel:371:16210,HOTEL,biwi_hotel:371,16210,triu,0.0628237128257751,0.1557763367891311,-0.66:3.35;-0.66:3.35;-0.66:3.35;-0.66:3.35;-0.66:3.35;-0.66:3.35;-0.66:3.35;-0.66:3.35,-0.66:3.35;-0.66:3.35;-0.66:3.35;-0.66:3.35;-0.66:3.35;-0.67:3.35;-0.69:3.35;-0.71:3.34;-0.72:3.34;-0.72:3.34;-0.78:3.18;-0.75:3.2,-0.6703717:3.349867;-0.6730726:3.34976;-0.6857743:3.349796;-0.7012432:3.353839;-0.7125733:3.351443;-0.7291672:3.350255;-0.7522273:3.34416;-0.7558749:3.345862;-0.7679344:3.351954;-0.7861222:3.347765;-0.7961435:3.350212;-0.8171948:3.340539,sigma3_hotel_seed42,3
HOTEL:biwi_hotel:371:16220,HOTEL,biwi_hotel:371,16220,triu,0.0604126565158367,0.0993411839008331,-0.66:3.35;-0.66:3.35;-0.66:3.35;-0.66:3.35;-0.66:3.35;-0.66:3.35;-0.66:3.35;-0.66:3.35,-0.66:3.35;-0.66:3.35;-0.66:3.35;-0.66:3.35;-0.67:3.35;-0.69:3.35;-0.71:3.34;-0.72:3.34;-0.72:3.34;-0.78:3.18;-0.75:3.2;-0.72:3.32,-0.6703717:3.349867;-0.6730726:3.34976;-0.6857743:3.349796;-0.7012432:3.353839;-0.7125733:3.351443;-0.7291672:3.350255;-0.7522273:3.34416;-0.7558749:3.345862;-0.7679344:3.351954;-0.7861222:3.347765;-0.7961435:3.350212;-0.8171948:3.340539,sigma3_hotel_seed42,3
HOTEL:biwi_hotel:371:16230,HOTEL,biwi_hotel:371,16230,triu,0.0581259466707706,0.0971962884068489,-0.66:3.35;-0.66:3.35;-0.66:3.35;-0.66:3.35;-0.66:3.35;-0.66:3.35;-0.66:3.35;-0.66:3.35,-0.66:3.35;-0.66:3.35;-0.66:3.35;-0.67:3.35;-0.69:3.35;-0.71:3.34;-0.72:3.34;-0.72:3.34;-0.78:3.18;-0.75:3.2;-0.72:3.32;-0.72:3.34,-0.6703717:3.349867;-0.6730726:3.34976;-0.6857743:3.349796;-0.7012432:3.353839;-0.7125733:3.351443;-0.7291672:3.350255;-0.7522273:3.34416;-0.7558749:3.345862;-0.7679344:3.351954;-0.7861222:3.347765;-0.7961435:3.350212;-0.8171948:3.340539,sigma3_hotel_seed42,3
HOTEL:biwi_hotel:371:16240,HOTEL,biwi_hotel:371,16240,triu,0.0611557252705097,0.1556293070316314,-0.66:3.35;-0.66:3.35;-0.66:3.35;-0.66:3.35;-0.66:3.35;-0.66:3.35;-0.66:3.35;-0.66:3.35,-0.66:3.35;-0.66:3.35;-0.67:3.35;-0.69:3.35;-0.71:3.34;-0.72:3.34;-0.72:3.34;-0.78:3.18;-0.75:3.2;-0.72:3.32;-0.72:3.34;-0.67:3.29,-0.6703717:3.349867;-0.6730726:3.34976;-0.6857743:3.349796;-0.7012432:3.353839;-0.7125733:3.351443;-0.7291672:3.350255;-0.7522273:3.34416;-0.7558749:3.345862;-0.7679344:3.351954;-0.7861222:3.347765;-0.7961435:3.350212;-0.8171948:3.340539,sigma3_hotel_seed42,3
HOTEL:biwi_hotel:371:16250,HOTEL,biwi_hotel:371,16250,triu,0.0723495706915855,0.2302992045879364,-0.66:3.35;-0.66:3.35;-0.66:3.35;-0.66:3.35;-0.66:3.35;-0.66:3.35;-0.66:3.35;-0.66:3.35,-0.66:3.35;-0.67:3.35;-0.69:3.35;-0.71:3.34;-0.72:3.34;-0.72:3.34;-0.78:3.18;-0.75:3.2;-0.72:3.32;-0.72:3.34;-0.67:3.29;-0.61:3.24,-0.6703717:3.349867;-0.6730726:3.34976;-0.6857743:3.349796;-0.7012432:3.353839;-0.7125733:3.351443;-0.7291672:3.350255;-0.7522273:3.34416;-0.7558749:3.345862;-0.7679344:3.351954;-0.7861222:3.347765;-0.7961435:3.350212;-0.8171948:3.340539,sigma3_hotel_seed42,3
HOTEL:biwi_hotel:371:16260,HOTEL,biwi_hotel:371,16260,triu,0.0901041626930236,0.2393357753753662,-0.66:3.35;-0.66:3.35;-0.66:3.35;-0.66:3.35;-0.66:3.35;-0.66:3.35;-0.66:3.35;-0.66:3.35,-0.67:3.35;-0.69:3.35;-0.71:3.34;-0.72:3.34;-0.72:3.34;-0.78:3.18;-0.75:3.2;-0.72:3.32;-0.72:3.34;-0.67:3.29;-0.61:3.24;-0.6:3.24,-0.6703717:3.349867;-0.6730726:3.34976;-0.6857743:3.349796;-0.7012432:3.353839;-0.7125733:3.351443;-0.7291672:3.350255;-0.7522273:3.34416;-0.7558749:3.345862;-0.7679344:3.351954;-0.7861222:3.347765;-0.7961435:3.350212;-0.8171948:3.340539,sigma3_hotel_seed42,3
HOTEL:biwi_hotel:371:16270,HOTEL,biwi_hotel:371,16270,triu,0.0943158864974975,0.1926189661026001,-0.66:3.35;-0.66:3.35;-0.66:3.35;-0.66:3.35;-0.66:3.35;-0.66:3.35;-0.66:3.35;-0.67:3.35,-0.69:3.35;-0.71:3.34;-0.72:3.34;-0.72:3.34;-0.78:3.18;-0.75:3.2;-0.72:3.32;-0.72:3.34;-0.67:3.29;-0.61:3.24;-0.6:3.24;-0.6:3.24,-0.6833081:3.348275;-0.6850311:3.346935;-0.7001478:3.350919;-0.71524:3.356642;-0.7119335:3.358263;-0.7194431:3.356211;-0.7279145:3.35838;-0.7319943:3.358714;-0.7276812:3.352668;-0.7451439:3.36036;-0.7481679:3.357066;-0.7530234:3.356987,sigma3_hotel_seed42,3
HOTEL:biwi_hotel:371:16280,HOTEL,biwi_hotel:371,16280,triu,0.1319395303726196,0.2544834613800049,-0.66:3.35;-0.66:3.35;-0.66:3.35;-0.66:3.35;-0.66:3.35;-0.66:3.35;-0.67:3.35;-0.69:3.35,-0.71:3.34;-0.72:3.34;-0.72:3.34;-0.78:3.18;-0.75:3.2;-0.72:3.32;-0.72:3.34;-0.67:3.29;-0.61:3.24;-0.6:3.24;-0.6:3.24;-0.6:3.24,-0.7123651:3.347784;-0.7157762:3.349555;-0.7371589:3.352234;-0.7607679:3.356072;-0.7644502:3.358727;-0.7637928:3.359091;-0.7732045:3.364413;-0.7862602:3.363464;-0.7830814:3.347517;-0.8149301:3.364307;-0.8095568:3.368505;-0.8199155:3.368059,sigma3_hotel_seed42,3
HOTEL:biwi_hotel:371:16290,HOTEL,biwi_hotel:371,16290,triu,0.1238425597548484,0.2109075933694839,-0.66:3.35;-0.66:3.35;-0.66:3.35;-0.66:3.35;-0.66:3.35;-0.67:3.35;-0.69:3.35;-0.71:3.34,-0.72:3.34;-0.72:3.34;-0.78:3.18;-0.75:3.2;-0.72:3.32;-0.72:3.34;-0.67:3.29;-0.61:3.24;-0.6:3.24;-0.6:3.24;-0.6:3.24;-0.6:3.24,-0.7209644:3.339114;-0.7187909:3.338767;-0.7321522:3.341395;-0.7456926:3.346694;-0.7460323:3.347316;-0.7480651:3.347103;-0.7570396:3.346842;-0.7595071:3.347755;-0.7573392:3.343087;-0.7772031:3.348806;-0.7731338:3.351802;-0.7816768:3.347124,sigma3_hotel_seed42,3
HOTEL:biwi_hotel:371:16300,HOTEL,biwi_hotel:371,16300,triu,0.1155198216438293,0.0974786430597305,-0.66:3.35;-0.66:3.35;-0.66:3.35;-0.66:3.35;-0.67:3.35;-0.69:3.35;-0.71:3.34;-0.72:3.34,-0.72:3.34;-0.78:3.18;-0.75:3.2;-0.72:3.32;-0.72:3.34;-0.67:3.29;-0.61:3.24;-0.6:3.24;-0.6:3.24;-0.6:3.24;-0.6:3.24;-0.67:3.27,-0.724007:3.339625;-0.7196128:3.337847;-0.7294344:3.341159;-0.7356304:3.349009;-0.7282218:3.35014;-0.7302189:3.348036;-0.7342502:3.3486;-0.7299386:3.350095;-0.7233104:3.35082;-0.7321441:3.351657;-0.7278849:3.350972;-0.7282112:3.348189,sigma3_hotel_seed42,3
HOTEL:biwi_hotel:371:16310,HOTEL,biwi_hotel:371,16310,triu,0.1137720718979835,0.1322428584098816,-0.66:3.35;-0.66:3.35;-0.66:3.35;-0.67:3.35;-0.69:3.35;-0.71:3.34;-0.72:3.34;-0.72:3.34,-0.78:3.18;-0.75:3.2;-0.72:3.32;-0.72:3.34;-0.67:3.29;-0.61:3.24;-0.6:3.24;-0.6:3.24;-0.6:3.24;-0.6:3.24;-0.67:3.27;-0.61:3.24,-0.7182879:3.34068;-0.7094003:3.336854;-0.7145802:3.341206;-0.7171025:3.348432;-0.707355:3.348704;-0.7093799:3.346051;-0.7122422:3.34117;-0.7028472:3.346029;-0.6969067:3.351024;-0.7022872:3.344744;-0.6944696:3.34599;-0.6966799:3.339874,sigma3_hotel_seed42,3
HOTEL:biwi_hotel:371:16320,HOTEL,biwi_hotel:371,16320,triu,0.47959104180336,0.8144084215164185,-0.66:3.35;-0.66:3.35;-0.67:3.35;-0.69:3.35;-0.71:3.34;-0.72:3.34;-0.72:3.34;-0.78:3.18,-0.75:3.2;-0.72:3.32;-0.72:3.34;-0.67:3.29;-0.61:3.24;-0.6:3.24;-0.6:3.24;-0.6:3.24;-0.6:3.24;-0.67:3.27;-0.61:3.24;-0.6:3.24,-0.8295698:3.171121;-0.8774326:3.163628;-0.9254421:3.178262;-0.9732761:3.184355;-1.027765:3.192664;-1.078458:3.200383;-1.120052:3.243213;-1.192083:3.229059;-1.24219:3.180076;-1.30611:3.235068;-1.365256:3.193361;-1.414408:3.240066,sigma3_hotel_seed42,3
HOTEL:biwi_hotel:371:16330,HOTEL,biwi_hotel:371,16330,triu,0.100817322731018,0.1126017272472381,-0.66:3.35;-0.67:3.35;-0.69:3.35;-0.71:3.34;-0.72:3.34;-0.72:3.34;-0.78:3.18;-0.75:3.2,-0.72:3.32;-0.72:3.34;-0.67:3.29;-0.61:3.24;-0.6:3.24;-0.6:3.24;-0.6:3.24;-0.6:3.24;-0.67:3.27;-0.61:3.24;-0.6:3.24;-0.6:3.24,-0.707259:3.197297;-0.6849533:3.196429;-0.6711735:3.191667;-0.6369046:3.180902;-0.6325876:3.175174;-0.6009171:3.204823;-0.5908587:3.194902;-0.5536318:3.164485;-0.5437899:3.160272;-0.519716:3.137233;-0.49957:3.1812;-0.5002921:3.187679,sigma3_hotel_seed42,3
HOTEL:biwi_hotel:371:16340,HOTEL,biwi_hotel:371,16340,triu,0.557066023349762,0.9768287539482116,-0.67:3.35;-0.69:3.35;-0.71:3.34;-0.72:3.34;-0.72:3.34;-0.78:3.18;-0.75:3.2;-0.72:3.32,-0.72:3.34;-0.67:3.29;-0.61:3.24;-0.6:3.24;-0.6:3.24;-0.6:3.24;-0.6:3.24;-0.67:3.27;-0.61:3.24;-0.6:3.24;-0.6:3.24;-0.6:3.24,-0.7875291:3.314566;-0.8610438:3.315383;-0.9300249:3.329239;-0.9900944:3.325543;-1.070161:3.33441;-1.139493:3.354194;-1.196777:3.379941;-1.273167:3.355897;-1.340402:3.323728;-1.411781:3.359575;-1.4956:3.351769;-1.56543:3.388793,sigma3_hotel_seed42,3
HOTEL:biwi_hotel:371:16350,HOTEL,biwi_hotel:371,16350,triu,0.3836279213428497,0.6611124873161316,-0.69:3.35;-0.71:3.34;-0.72:3.34;-0.72:3.34;-0.78:3.18;-0.75:3.2;-0.72:3.32;-0.72:3.34,-0.67:3.29;-0.61:3.24;-0.6:3.24;-0.6:3.24;-0.6:3.24;-0.6:3.24;-0.67:3.27;-0.61:3.24;-0.6:3.24;-0.6:3.24;-0.6:3.24;-0.6:3.24,-0.7418553:3.339624;-0.7865678:3.344124;-0.8313777:3.345989;-0.8563738:3.333276;-0.9224486:3.329221;-0.9603311:3.369246;-1.014264:3.355402;-1.036559:3.324038;-1.087917:3.327803;-1.122088:3.310225;-1.180949:3.361049;-1.248352:3.369263,sigma3_hotel_seed42,3
HOTEL:biwi_hotel:371:16360,HOTEL,biwi_hotel:371,16360,triu,0.1021576225757598,0.1841190159320831,-0.71:3.34;-0.72:3.34;-0.72:3.34;-0.78:3.18;-0.75:3.2;-0.72:3.32;-0.72:3.34;-0.67:3.29,-0.61:3.24;-0.6:3.24;-0.6:3.24;-0.6:3.24;-0.6:3.24;-0.67:3.27;-0.61:3.24;-0.6:3.24;-0.6:3.24;-0.6:3.24;-0.6:3.24;-0.6:3.24,-0.629552:3.285894;-0.6146484:3.28379;-0.5999619:3.279286;-0.5645653:3.267357;-0.5615858:3.259164;-0.5351324:3.296176;-0.521695:3.284512;-0.4857306:3.248415;-0.471232:3.242392;-0.4344116:3.219892;-0.4287764:3.259076;-0.4179334:3.267415,sigma3_hotel_seed42,3
HOTEL:biwi_hotel:371:16370,HOTEL,biwi_hotel:371,16370,triu,0.3054804801940918,0.5202722549438477,-0.72:3.34;-0.72:3.34;-0.78:3.18;-0.75:3.2;-0.72:3.32;-0.72:3.34;-0.67:3.29;-0.61:3.24,-0.6:3.24;-0.6:3.24;-0.6:3.24;-0.6:3.24;-0.67:3.27;-0.61:3.24;-0.6:3.24;-0.6:3.24;-0.6:3.24;-0.6:3.24;-0.6:3.24;-0.6:3.24,-0.5436911:3.236545;-0.4941475:3.230804;-0.4594:3.225641;-0.4048457:3.217054;-0.3724032:3.211019;-0.3162453:3.233693;-0.284639:3.226545;-0.2276169:3.200964;-0.1953263:3.192013;-0.1541392:3.169438;-0.1024714:3.204418;-0.08053076:3.211106,sigma3_hotel_seed42,3
HOTEL:biwi_hotel:371:16380,HOTEL,biwi_hotel:371,16380,triu,0.0360908582806587,0.0741159543395042,-0.72:3.34;-0.78:3.18;-0.75:3.2;-0.72:3.32;-0.72:3.34;-0.67:3.29;-0.61:3.24;-0.6:3.24,-0.6:3.24;-0.6:3.24;-0.6:3.24;-0.67:3.27;-0.61:3.24;-0.6:3.24;-0.6:3.24;-0.6:3.24;-0.6:3.24;-0.6:3.24;-0.6:3.24;-0.6:3.24,-0.5975312:3.241015;-0.5965672:3.239045;-0.601403:3.238801;-0.602567:3.244571;-0.607246:3.241963;-0.6283202:3.237061;-0.6474113:3.229284;-0.6384738:3.230533;-0.6493639:3.249743;-0.6472834:3.23376;-0.6598535:3.229687;-0.670979:3.218666,sigma3_hotel_seed42,3
HOTEL:biwi_hotel:371:16390,HOTEL,biwi_hotel:371,16390,triu,0.0550047904253006,0.1081532910466194,-0.78:3.18;-0.75:3.2;-0.72:3.32;-0.72:3.34;-0.67:3.29;-0.61:3.24;-0.6:3.24;-0.6:3.24,-0.6:3.24;-0.6:3.24;-0.67:3.27;-0.61:3.24;-0.6:3.24;-0.6:3.24;-0.6:3.24;-0.6:3.24;-0.6:3.24;-0.6:3.24;-0.6:3.24;-0.6:3.24,-0.5910192:3.240304;-0.5885819:3.237074;-0.5798874:3.237643;-0.5679719:3.241342;-0.5591283:3.241208;-0.5704967:3.234068;-0.5616814:3.231372;-0.5477882:3.230266;-0.5456693:3.24197;-0.5142453:3.225213;-0.5158455:3.212363;-0.496525:3.208535,sigma3_hotel_seed42,3
HOTEL:biwi_hotel:371:16400,HOTEL,biwi_hotel:371,16400,triu,0.0299402177333831,0.0473641790449619,-0.75:3.2;-0.72:3.32;-0.72:3.34;-0.67:3.29;-0.61:3.24;-0.6:3.24;-0.6:3.24;-0.6:3.24,-0.6:3.24;-0.67:3.27;-0.61:3.24;-0.6:3.24;-0.6:3.24;-0.6:3.24;-0.6:3.24;-0.6:3.24;-0.6:3.24;-0.6:3.24;-0.6:3.24;-0.6:3.24,-0.6007442:3.239778;-0.6049203:3.237784;-0.6074526:3.238687;-0.6077107:3.243086;-0.6082329:3.241633;-0.629571:3.236976;-0.6396036:3.233276;-0.6337511:3.231984;-0.6390929:3.244444;-0.627006:3.233274;-0.6438594:3.22256;-0.6421649:3.218425,sigma3_hotel_seed42,3
HOTEL:biwi_hotel:371:16410,HOTEL,biwi_hotel:371,16410,triu,0.1529092788696289,0.2749074101448059,-0.72:3.32;-0.72:3.34;-0.67:3.29;-0.61:3.24;-0.6:3.24;-0.6:3.24;-0.6:3.24;-0.6:3.24,-0.67:3.27;-0.61:3.24;-0.6:3.24;-0.6:3.24;-0.6:3.24;-0.6:3.24;-0.6:3.24;-0.6:3.24;-0.6:3.24;-0.6:3.24;-0.6:3.24;-0.6:3.24,-0.6227008:3.235076;-0.6469573:3.233696;-0.6596481:3.229697;-0.6909438:3.233299;-0.7124958:3.222402;-0.7363981:3.236597;-0.7703763:3.236253;-0.7986183:3.233619;-0.8117615:3.219924;-0.8183121:3.228142;-0.8603643:3.219018;-0.8745614:3.226211,sigma3_hotel_seed42,3
HOTEL:biwi_hotel:371:16420,HOTEL,biwi_hotel:371,16420,triu,0.4430034160614013,0.7175076007843018,-0.72:3.34;-0.67:3.29;-0.61:3.24;-0.6:3.24;-0.6:3.24;-0.6:3.24;-0.6:3.24;-0.67:3.27,-0.61:3.24;-0.6:3.24;-0.6:3.24;-0.6:3.24;-0.6:3.24;-0.6:3.24;-0.6:3.24;-0.6:3.24;-0.6:3.24;-0.6:3.24;-0.6:3.24;-0.67:3.28,-0.7225356:3.266448;-0.7860831:3.267264;-0.8446792:3.281013;-0.8904841:3.271508;-0.9630813:3.278669;-1.021467:3.303103;-1.06903:3.315643;-1.128083:3.290382;-1.188496:3.267124;-1.245928:3.285888;-1.318795:3.29679;-1.385939:3.327424,sigma3_hotel_seed42,3
HOTEL:biwi_hotel:371:16430,HOTEL,biwi_hotel:371,16430,triu,0.2398588061332702,0.3942264020442962,-0.67:3.29;-0.61:3.24;-0.6:3.24;-0.6:3.24;-0.6:3.24;-0.6:3.24;-0.67:3.27;-0.61:3.24,-0.6:3.24;-0.6:3.24;-0.6:3.24;-0.6:3.24;-0.6:3.24;-0.6:3.24;-0.6:3.24;-0.6:3.24;-0.6:3.24;-0.6:3.24;-0.67:3.28;-0.61:3.24,-0.5520638:3.237995;-0.5119848:3.232743;-0.484035:3.229678;-0.4401873:3.222059;-0.4177186:3.215537;-0.3724951:3.238968;-0.3534794:3.228579;-0.3057981:3.208151;-0.2878151:3.202587;-0.2590419:3.17679;-0.2190374:3.217803;-0.2160068:3.226441,sigma3_hotel_seed42,3
HOTEL:biwi_hotel:371:16440,HOTEL,biwi_hotel:371,16440,triu,0.1115280613303184,0.2258320152759552,-0.61:3.24;-0.6:3.24;-0.6:3.24;-0.6:3.24;-0.6:3.24;-0.67:3.27;-0.61:3.24;-0.6:3.24,-0.6:3.24;-0.6:3.24;-0.6:3.24;-0.6:3.24;-0.6:3.24;-0.6:3.24;-0.6:3.24;-0.6:3.24;-0.6:3.24;-0.67:3.28;-0.61:3.24;-0.6:3.24,-0.5903119:3.240261;-0.5745551:3.236858;-0.564013:3.240832;-0.5507779:3.242508;-0.528607:3.248217;-0.520071:3.237432;-0.4888671:3.237057;-0.4705338:3.237868;-0.4530291:3.236969;-0.4315799:3.227946;-0.4024161:3.221994;-0.3753702:3.216729,sigma3_hotel_seed42,3
HOTEL:biwi_hotel:371:16450,HOTEL,biwi_hotel:371,16450,triu,0.0237604025751352,0.0474604107439518,-0.6:3.24;-0.6:3.24;-0.6:3.24;-0.6:3.24;-0.67:3.27;-0.61:3.24;-0.6:3.24;-0.6:3.24,-0.6:3.24;-0.6:3.24;-0.6:3.24;-0.6:3.24;-0.6:3.24;-0.6:3.24;-0.6:3.24;-0.6:3.24;-0.67:3.28;-0.61:3.24;-0.6:3.24;-0.6:3.24,-0.6018462:3.240448;-0.5989273:3.238027;-0.6072888:3.240976;-0.6125419:3.247143;-0.6100118:3.24688;-0.6220552:3.243276;-0.6339011:3.238339;-0.627569:3.240925;-0.6288523:3.250113;-0.6353123:3.242911;-0.639395:3.24155;-0.6471741:3.234794,sigma3_hotel_seed42,3
HOTEL:biwi_hotel:371:16460,HOTEL,biwi_hotel:371,16460,triu,0.0895368531346321,0.1597375869750976,-0.6:3.24;-0.6:3.24;-0.6:3.24;-0.67:3.27;-0.61:3.24;-0.6:3.24;-0.6:3.24;-0.6:3.24,-0.6:3.24;-0.6:3.24;-0.6:3.24;-0.6:3.24;-0.6:3.24;-0.6:3.24;-0.6:3.24;-0.67:3.28;-0.61:3.24;-0.6:3.24;-0.6:3.24;-0.6:3.24,-0.6166519:3.235334;-0.6327599:3.235191;-0.6387255:3.229989;-0.6597261:3.23303;-0.6737611:3.223669;-0.6876741:3.234856;-0.7089311:3.236069;-0.7271649:3.230802;-0.7330995:3.21704;-0.7304411:3.225241;-0.7579845:3.215456;-0.7584184:3.219513,sigma3_hotel_seed42,3
HOTEL:biwi_hotel:371:16470,HOTEL,biwi_hotel:371,16470,triu,0.1385692209005355,0.26178178191185,-0.6:3.24;-0.6:3.24;-0.67:3.27;-0.61:3.24;-0.6:3.24;-0.6:3.24;-0.6:3.24;-0.6:3.24,-0.6:3.24;-0.6:3.24;-0.6:3.24;-0.6:3.24;-0.6:3.24;-0.6:3.24;-0.67:3.28;-0.61:3.24;-0.6:3.24;-0.6:3.24;-0.6:3.24;-0.6:3.24,-0.6230376:3.235515;-0.6452594:3.236274;-0.6582007:3.232353;-0.6856947:3.233753;-0.709897:3.226394;-0.7336103:3.235649;-0.7616577:3.237243;-0.78823:3.23219;-0.8030896:3.220988;-0.8112555:3.229532;-0.8473499:3.220806;-0.8613221:3.224493,sigma3_hotel_seed42,3
HOTEL:biwi_hotel:371:16480,HOTEL,biwi_hotel:371,16480,triu,0.0619955509901046,0.1386609524488449,-0.6:3.24;-0.67:3.27;-0.61:3.24;-0.6:3.24;-0.6:3.24;-0.6:3.24;-0.6:3.24;-0.6:3.24,-0.6:3.24;-0.6:3.24;-0.6:3.24;-0.6:3.24;-0.6:3.24;-0.67:3.28;-0.61:3.24;-0.6:3.24;-0.6:3.24;-0.6:3.24;-0.6:3.24;-0.6:3.24,-0.6004237:3.237504;-0.5902218:3.240433;-0.5828282:3.233483;-0.5803016:3.234409;-0.5748758:3.232122;-0.5586638:3.232126;-0.5461605:3.235333;-0.5379005:3.227478;-0.5271283:3.21459;-0.5135886:3.219154;-0.4892047:3.216913;-0.4648944:3.208802,sigma3_hotel_seed42,3
HOTEL:biwi_hotel:371:16490,HOTEL,biwi_hotel:371,16490,triu,0.0305833220481872,0.0365859568119049,-0.67:3.27;-0.61:3.24;-0.6:3.24;-0.6:3.24;-0.6:3.24;-0.6:3.24;-0.6:3.24;-0.6:3.24,-0.6:3.24;-0.6:3.24;-0.6:3.24;-0.6:3.24;-0.67:3.28;-0.61:3.24;-0.6:3.24;-0.6:3.24;-0.6:3.24;-0.6:3.24;-0.6:3.24;-0.6:3.24,-0.6132848:3.237408;-0.6093402:3.240193;-0.6152552:3.237215;-0.6307856:3.236481;-0.6375485:3.237761;-0.6302051:3.236319;-0.6269708:3.239419;-0.6358901:3.236574;-0.6347351:3.219314;-0.6506749:3.229184;-0.631189:3.233001;-0.6334711:3.225228,sigma3_hotel_seed42,3
HOTEL:biwi_hotel:371:16500,HOTEL,biwi_hotel:371,16500,triu,0.0328791849315166,0.0627272054553031,-0.61:3.24;-0.6:3.24;-0.6:3.24;-0.6:3.24;-0.6:3.24;-0.6:3.24;-0.6:3.24;-0.6:3.24,-0.6:3.24;-0.6:3.24;-0.6:3.24;-0.67:3.28;-0.61:3.24;-0.6:3.24;-0.6:3.24;-0.6:3.24;-0.6:3.24;-0.6:3.24;-0.6:3.24;-0.6:3.24,-0.6037743:3.239727;-0.6023841:3.235762;-0.6091193:3.239619;-0.6178572:3.245403;-0.614217:3.244261;-0.6296209:3.240974;-0.6407955:3.23471;-0.6371108:3.238822;-0.6384702:3.244743;-0.6451479:3.238256;-0.6533174:3.234199;-0.6617701:3.229084,sigma3_hotel_seed42,3
HOTEL:biwi_hotel:371:16510,HOTEL,biwi_hotel:371,16510,triu,0.0773416683077812,0.1533158123493194,-0.6:3.24;-0.6:3.24;-0.6:3.24;-0.6:3.24;-0.6:3.24;-0.6:3.24;-0.6:3.24;-0.6:3.24,-0.6:3.24;-0.6:3.24;-0.67:3.28;-0.61:3.24;-0.6:3.24;-0.6:3.24;-0.6:3.24;-0.6:3.24;-0.6:3.24;-0.6:3.24;-0.6:3.24;-0.6:3.24,-0.6100047:3.23989;-0.6125002:3.239655;-0.624974:3.239822;-0.6400434:3.243944;-0.6508024:3.241613;-0.6673501:3.240307;-0.6899914:3.234194;-0.6932247:3.235968;-0.7048989:3.242239;-0.7225535:3.237844;-0.7324626:3.240079;-0.7530224:3.230519,sigma3_hotel_seed42,3
HOTEL:biwi_hotel:371:16520,HOTEL,biwi_hotel:371,16520,triu,0.0804948881268501,0.155834674835205,-0.6:3.24;-0.6:3.24;-0.6:3.24;-0.6:3.24;-0.6:3.24;-0.6:3.24;-0.6:3.24;-0.6:3.24,-0.6:3.24;-0.67:3.28;-0.61:3.24;-0.6:3.24;-0.6:3.24;-0.6:3.24;-0.6:3.24;-0.6:3.24;-0.6:3.24;-0.6:3.24;-0.6:3.24;-0.6:3.24,-0.6103009:3.239859;-0.612904:3.2397;-0.6255292:3.239794;-0.6409288:3.243868;-0.6520228:3.241495;-0.6684805:3.240304;-0.6913109:3.234232;-0.694879:3.235971;-0.7067269:3.241965;-0.724826:3.23782;-0.7347019:3.240216;-0.7555519:3.230617,sigma3_hotel_seed42,3
HOTEL:biwi_hotel:371:16530,HOTEL,biwi_hotel:371,16530,triu,0.0808655843138694,0.1558053940534591,-0.6:3.24;-0.6:3.24;-0.6:3.24;-0.6:3.24;-0.6:3.24;-0.6:3.24;-0.6:3.24;-0.6:3.24,-0.67:3.28;-0.61:3.24;-0.6:3.24;-0.6:3.24;-0.6:3.24;-0.6:3.24;-0.6:3.24;-0.6:3.24;-0.6:3.24;-0.6:3.24;-0.6:3.24;-0.6:3.24,-0.6102978:3.23986;-0.6128942:3.239702;-0.6255162:3.239794;-0.6409153:3.243868;-0.6520119:3.241493;-0.6684588:3.240306;-0.691287:3.23423;-0.694854:3.235972;-0.706703:3.241964;-0.7248064:3.237817;-0.734668:3.240223;-0.7555227:3.230618,sigma3_hotel_seed42,3
HOTEL:biwi_hotel:371:16540,HOTEL,biwi_hotel:371,16540,triu,0.4120713472366333,0.7248255610466003,-0.6:3.24;-0.6:3.24;-0.6:3.24;-0.6:3.24;-0.6:3.24;-0.6:3.24;-0.6:3.24;-0.67:3.28,-0.61:3.24;-0.6:3.24;-0.6:3.24;-0.6:3.24;-0.6:3.24;-0.6:3.24;-0.6:3.24;-0.6:3.24;-0.6:3.24;-0.6:3.24;-0.6:3.24;-0.6:3.24,-0.7137916:3.277121;-0.7713773:3.277709;-0.8256092:3.288448;-0.8658475:3.279425;-0.9328715:3.283282;-0.9841883:3.310892;-1.032125:3.317885;-1.08101:3.292265;-1.137512:3.274101;-1.187715:3.283751;-1.25457:3.303133;-1.319196:3.330162,sigma3_hotel_seed42,3
HOTEL:biwi_hotel:371:16550,HOTEL,biwi_hotel:371,16550,triu,0.2613672614097595,0.4779569208621979,-0.6:3.24;-0.6:3.24;-0.6:3.24;-0.6:3.24;-0.6:3.24;-0.6:3.24;-0.67:3.28;-0.61:3.24,-0.6:3.24;-0.6:3.24;-0.6:3.24;-0.6:3.24;-0.6:3.24;-0.6:3.24;-0.6:3.24;-0.6:3.24;-0.6:3.24;-0.6:3.24;-0.6:3.24;-0.6:3.24,-0.55733:3.241519;-0.5119258:3.238326;-0.4861934:3.232375;-0.4437259:3.227078;-0.4159658:3.218229;-0.3559004:3.247131;-0.3279049:3.223947;-0.2655261:3.204875;-0.2396395:3.20224;-0.2085931:3.16767;-0.1422213:3.225027;-0.1227735:3.213587,sigma3_hotel_seed42,3
HOTEL:biwi_hotel:371:16560,HOTEL,biwi_hotel:371,16560,triu,0.0725809931755065,0.1682544946670532,-0.6:3.24;-0.6:3.24;-0.6:3.24;-0.6:3.24;-0.6:3.24;-0.67:3.28;-0.61:3.24;-0.6:3.24,-0.6:3.24;-0.6:3.24;-0.6:3.24;-0.6:3.24;-0.6:3.24;-0.6:3.24;-0.6:3.24;-0.6:3.24;-0.6:3.24;-0.6:3.24;-0.6:3.24;-0.6:3.24,-0.5976802:3.239685;-0.5837649:3.239272;-0.5772539:3.240573;-0.5713488:3.240118;-0.5590395:3.245673;-0.5468508:3.236508;-0.5192165:3.237855;-0.5087591:3.236745;-0.4964363:3.229357;-0.486635:3.226386;-0.4529848:3.22574;-0.433208:3.217864,sigma3_hotel_seed42,3
HOTEL:biwi_hotel:371:16570,HOTEL,biwi_hotel:371,16570,triu,0.0297733824700117,0.087755799293518,-0.6:3.24;-0.6:3.24;-0.6:3.24;-0.6:3.24;-0.67:3.28;-0.61:3.24;-0.6:3.24;-0.6:3.24,-0.6:3.24;-0.6:3.24;-0.6:3.24;-0.6:3.24;-0.6:3.24;-0.6:3.24;-0.6:3.24;-0.6:3.24;-0.6:3.24;-0.6:3.24;-0.6:3.24;-0.67:3.32,-0.6018256:3.240791;-0.5986611:3.238903;-0.6067984:3.241181;-0.6125107:3.246671;-0.6129504:3.245921;-0.6253995:3.242631;-0.6392682:3.236135;-0.6331595:3.238969;-0.6371614:3.24956;-0.6450934:3.240828;-0.6488156:3.2417;-0.6599607:3.23282,sigma3_hotel_seed42,3
HOTEL:biwi_hotel:371:16580,HOTEL,biwi_hotel:371,16580,triu,0.1642590314149856,0.2626882195472717,-0.6:3.24;-0.6:3.24;-0.6:3.24;-0.67:3.28;-0.61:3.24;-0.6:3.24;-0.6:3.24;-0.6:3.24,-0.6:3.24;-0.6:3.24;-0.6:3.24;-0.6:3.24;-0.6:3.24;-0.6:3.24;-0.6:3.24;-0.6:3.24;-0.6:3.24;-0.6:3.24;-0.67:3.32;-0.76:3.42,-0.6188797:3.23784;-0.6471269:3.239015;-0.6656778:3.233881;-0.6901255:3.235136;-0.7234697:3.224279;-0.75702:3.23913;-0.8038187:3.233892;-0.8244323:3.225702;-0.8537478:3.229226;-0.8616568:3.223101;-0.9121763:3.226506;-0.9416133:3.230206,sigma3_hotel_seed42,3
HOTEL:biwi_hotel:371:16590,HOTEL,biwi_hotel:371,16590,triu,0.1387851983308792,0.2242104113101959,-0.6:3.24;-0.6:3.24;-0.67:3.28;-0.61:3.24;-0.6:3.24;-0.6:3.24;-0.6:3.24;-0.6:3.24,-0.6:3.24;-0.6:3.24;-0.6:3.24;-0.6:3.24;-0.6:3.24;-0.6:3.24;-0.6:3.24;-0.6:3.24;-0.6:3.24;-0.67:3.32;-0.76:3.42;-0.89:3.45,-0.6221712:3.235868;-0.6446273:3.235664;-0.6586614:3.231038;-0.6890661:3.233983;-0.7123922:3.224484;-0.7352764:3.236204;-0.7694831:3.235567;-0.7958457:3.232874;-0.8118585:3.221835;-0.8216172:3.227737;-0.8578728:3.222091;-0.8754011:3.226265,sigma3_hotel_seed42,3
HOTEL:biwi_hotel:375:16160,HOTEL,biwi_hotel:375,16160,triu,3.900881767272949,7.272067070007324,1.12:2.68;1.11:2.22;1.14:1.78;1.16:1.35;1.15:0.86;1.26:0.33;1.27:-0.19;1.23:-0.76,1.24:-1.21;1.26:-1.82;1.18:-2.34;1.18:-2.88;1.25:-3.46;1.18:-4.06;1.16:-4.62;1.23:-5.19;1.34:-5.64;1.37:-6.19;1.34:-6.77;1.3:-7.29,1.079575:-0.7708462;0.868965:-0.8756226;0.6920741:-0.9203195;0.3606392:-0.69374;0.1961882:-0.8265123;-0.005824089:-0.7387262;-0.4809295:-0.646263;-0.777416:-0.4936608;-1.064454:-0.585201;-1.225563:-0.5384796;-1.472742:-0.7699861;-1.668542:-0.6514221,sigma3_hotel_seed42,3
HOTEL:biwi_hotel:375:16170,HOTEL,biwi_hotel:375,16170,triu,3.6820919513702393,6.8960280418396,1.11:2.22;1.14:1.78;1.16:1.35;1.15:0.86;1.26:0.33;1.27:-0.19;1.23:-0.76;1.24:-1.21,1.26:-1.82;1.18:-2.34;1.18:-2.88;1.25:-3.46;1.18:-4.06;1.16:-4.62;1.23:-5.19;1.34:-5.64;1.37:-6.19;1.34:-6.77;1.3:-7.29;1.29:-8,1.223532:-1.223375;1.159941:-1.293167;1.143379:-1.314204;1.023046:-1.184168;1.027454:-1.251595;0.9669593:-1.233127;0.8074263:-1.148469;0.6808691:-1.057833;0.5823097:-1.137746;0.5788035:-1.109719;0.4919122:-1.27541;0.4609178:-1.153992,sigma3_hotel_seed42,3
HOTEL:biwi_hotel:375:16180,HOTEL,biwi_hotel:375,16180,triu,3.7061166763305664,6.991756439208984,1.14:1.78;1.16:1.35;1.15:0.86;1.26:0.33;1.27:-0.19;1.23:-0.76;1.24:-1.21;1.26:-1.82,1.18:-2.34;1.18:-2.88;1.25:-3.46;1.18:-4.06;1.16:-4.62;1.23:-5.19;1.34:-5.64;1.37:-6.19;1.34:-6.77;1.3:-7.29;1.29:-8;1.28:-8.57,1.230578:-1.834191;1.121459:-1.94955;1.072049:-1.995458;0.8456968:-1.776925;0.7922342:-1.909755;0.6799911:-1.840802;0.3390813:-1.75733;0.1300428:-1.593017;-0.06824636:-1.683412;-0.1077949:-1.673104;-0.2607175:-1.90446;-0.3702657:-1.77579,sigma3_hotel_seed42,3
HOTEL:biwi_hotel:375:16190,HOTEL,biwi_hotel:375,16190,triu,3.9699671268463135,7.403325080871582,1.16:1.35;1.15:0.86;1.26:0.33;1.27:-0.19;1.23:-0.76;1.24:-1.21;1.26:-1.82;1.18:-2.34,1.18:-2.88;1.25:-3.46;1.18:-4.06;1.16:-4.62;1.23:-5.19;1.34:-5.64;1.37:-6.19;1.34:-6.77;1.3:-7.29;1.29:-8;1.28:-8.57;1.45:-9.06,1.036618:-2.350205;0.8424813:-2.440929;0.6805702:-2.475231;0.3870924:-2.279638;0.2457594:-2.389285;0.06208479:-2.32018;-0.3462118:-2.228454;-0.6144704:-2.097782;-0.8667108:-2.18636;-1.011246:-2.136432;-1.23333:-2.345969;-1.401271:-2.227763,sigma3_hotel_seed42,3
HOTEL:biwi_hotel:376:16160,HOTEL,biwi_hotel:376,16160,triu,3.797358512878418,7.192554473876953,1.84:2.87;1.83:2.4;1.87:1.93;1.89:1.49;1.88:1.01;1.91:0.53;1.9:-0;1.86:-0.51,1.86:-1.05;1.8:-1.58;1.75:-2.11;1.77:-2.67;1.79:-3.23;1.82:-3.77;1.84:-4.33;1.87:-4.89;1.84:-5.45;1.84:-6.01;1.85:-6.6;1.87:-7.22,1.742132:-0.5215191;1.570388:-0.6130167;1.434287:-0.6502181;1.162734:-0.4551862;1.044405:-0.5659343;0.881127:-0.4997677;0.4986452:-0.4086853;0.2506459:-0.2785364;0.01850581:-0.3664423;-0.1016169:-0.3223112;-0.3043076:-0.5314;-0.4527541:-0.4128233,sigma3_hotel_seed42,3
HOTEL:biwi_hotel:376:16170,HOTEL,biwi_hotel:376,16170,triu,3.694063186645508,7.000250339508057,1.83:2.4;1.87:1.93;1.89:1.49;1.88:1.01;1.91:0.53;1.9:-0;1.86:-0.51;1.86:-1.05,1.8:-1.58;1.75:-2.11;1.77:-2.67;1.79:-3.23;1.82:-3.77;1.84:-4.33;1.87:-4.89;1.84:-5.45;1.84:-6.01;1.85:-6.6;1.87:-7.22;1.98:-7.78,1.808151:-1.063356;1.694519:-1.156936;1.629017:-1.19345;1.421682:-1.008988;1.367064:-1.115165;1.255989:-1.062635;0.9581837:-0.9760086;0.7635465:-0.8455278;0.5866759:-0.9318286;0.534151:-0.9055319;0.3867232:-1.109785;0.2905015:-0.9866871,sigma3_hotel_seed42,3
HOTEL:biwi_hotel:376:16180,HOTEL,biwi_hotel:376,16180,triu,3.8727223873138423,7.267257213592529,1.87:1.93;1.89:1.49;1.88:1.01;1.91:0.53;1.9:-0;1.86:-0.51;1.86:-1.05;1.8:-1.58,1.75:-2.11;1.77:-2.67;1.79:-3.23;1.82:-3.77;1.84:-4.33;1.87:-4.89;1.84:-5.45;1.84:-6.01;1.85:-6.6;1.87:-7.22;1.98:-7.78;2.01:-8.3,1.681001:-1.591272;1.508673:-1.681807;1.372388:-1.717434;1.102331:-1.525202;0.9849782:-1.633574;0.8215149:-1.569279;0.4436995:-1.478409;0.1962134:-1.349212;-0.03448033:-1.437118;-0.1541632:-1.393015;-0.3558078:-1.600363;-0.5032585:-1.481162,sigma3_hotel_seed42,3
HOTEL:biwi_hotel:376:16190,HOTEL,biwi_hotel:376,16190,triu,3.890826463699341,7.279741287231445,1.89:1.49;1.88:1.01;1.91:0.53;1.9:-0;1.86:-0.51;1.86:-1.05;1.8:-1.58;1.75:-2.11,1.77:-2.67;1.79:-3.23;1.82:-3.77;1.84:-4.33;1.87:-4.89;1.84:-5.45;1.84:-6.01;1.85:-6.6;1.87:-7.22;1.98:-7.78;2.01:-8.3;2.07:-8.88,1.645299:-2.121621;1.486326:-2.210754;1.366495:-2.245059;1.113692:-2.05884;1.013271:-2.163147;0.8626943:-2.104527;0.5111318:-2.01454;0.2778167:-1.887542;0.06305635:-1.975056;-0.03982663:-1.934827;-0.2267259:-2.138361;-0.3595016:-2.017628,sigma3_hotel_seed42,3
HOTEL:biwi_hotel:377:16160,HOTEL,biwi_hotel:377,16160,triu,3.864877462387085,7.311394214630127,2.43:2.89;2.43:2.4;2.45:1.94;2.54:1.43;2.52:0.91;2.49:0.4;2.48:-0.13;2.42:-0.65,2.42:-1.17;2.46:-1.72;2.45:-2.29;2.49:-2.83;2.5:-3.39;2.48:-3.92;2.53:-4.5;2.54:-5.05;2.55:-5.61;2.58:-6.22;2.57:-6.84;2.64:-7.42,2.300448:-0.6610193;2.128315:-0.7501952;1.992638:-0.7839708;1.725482:-0.5954596;1.610147:-0.700766;1.447288:-0.6389756;1.076452:-0.5483335;0.8305721:-0.4206996;0.602649:-0.5084901;0.4842625:-0.4644255;0.2846618:-0.6694127;0.1392951:-0.5495592,sigma3_hotel_seed42,3
HOTEL:biwi_hotel:377:16170,HOTEL,biwi_hotel:377,16170,triu,3.734517097473145,7.07886266708374,2.43:2.4;2.45:1.94;2.54:1.43;2.52:0.91;2.49:0.4;2.48:-0.13;2.42:-0.65;2.42:-1.17,2.46:-1.72;2.45:-2.29;2.49:-2.83;2.5:-3.39;2.48:-3.92;2.53:-4.5;2.54:-5.05;2.55:-5.61;2.58:-6.22;2.57:-6.84;2.64:-7.42;2.7:-8.04,2.389301:-1.183482;2.300952:-1.268425;2.262734:-1.298424;2.095831:-1.136325;2.072075:-1.22667;1.986075:-1.189434;1.752136:-1.10426;1.589219:-0.9880527;1.448723:-1.072029;1.42376:-1.047994;1.306297:-1.236907;1.241254:-1.11307,sigma3_hotel_seed42,3
HOTEL:biwi_hotel:377:16180,HOTEL,biwi_hotel:377,16180,triu,3.726145029067993,7.085254192352295,2.45:1.94;2.54:1.43;2.52:0.91;2.49:0.4;2.48:-0.13;2.42:-0.65;2.42:-1.17;2.46:-1.72,2.45:-2.29;2.49:-2.83;2.5:-3.39;2.48:-3.92;2.53:-4.5;2.54:-5.05;2.55:-5.61;2.58:-6.22;2.57:-6.84;2.64:-7.42;2.7:-8.04;2.69:-8.67,2.467393:-1.734952;2.402841:-1.835502;2.398655:-1.873352;2.239995:-1.689644;2.236582:-1.798517;2.167845:-1.752744;1.928599:-1.670704;1.774336:-1.532356;1.637182:-1.617994;1.641974:-1.609435;1.538071:-1.816201;1.480722:-1.688705,sigma3_hotel_seed42,3
HOTEL:biwi_hotel:378:16170,HOTEL,biwi_hotel:378,16170,triu,1.4090700149536133,2.0228819847106934,-0.82:-2.48;-0.82:-2.48;-1.06:-2.3;-1.1:-2.19;-1.14:-1.97;-1.15:-1.8;-1.4:-1.49;-1.58:-1.34,-1.45:-1.2;-1.41:-1.01;-1.38:-0.88;-1.66:-0.52;-1.73:-0.32;-1.71:-0.12;-1.81:0.04;-1.97:0.19;-2.11:0.3;-2.22:0.45;-2.37:0.53;-2.52:0.48,-1.767314:-1.349026;-1.947934:-1.349031;-2.116715:-1.330572;-2.292389:-1.305226;-2.46452:-1.289816;-2.647496:-1.2805;-2.798971:-1.201639;-3.003943:-1.217018;-3.156215:-1.272786;-3.327636:-1.175751;-3.528013:-1.257335;-3.662899:-1.189081,sigma3_hotel_seed42,3
HOTEL:biwi_hotel:378:16180,HOTEL,biwi_hotel:378,16180,triu,2.031832456588745,3.5717906951904297,-0.82:-2.48;-1.06:-2.3;-1.1:-2.19;-1.14:-1.97;-1.15:-1.8;-1.4:-1.49;-1.58:-1.34;-1.45:-1.2,-1.41:-1.01;-1.38:-0.88;-1.66:-0.52;-1.73:-0.32;-1.71:-0.12;-1.81:0.04;-1.97:0.19;-2.11:0.3;-2.22:0.45;-2.37:0.53;-2.52:0.48;-2.61:0.48,-1.257322:-1.21045;-1.064092:-1.209266;-0.9010893:-1.235034;-0.724686:-1.231796;-0.5728362:-1.237159;-0.3932731:-1.248862;-0.2364233:-1.224019;-0.06962919:-1.258491;0.07627964:-1.266432;0.2043363:-1.267266;0.3787603:-1.261139;0.5096548:-1.25938,sigma3_hotel_seed42,3
HOTEL:biwi_hotel:378:16190,HOTEL,biwi_hotel:378,16190,triu,1.664570689201355,2.6654415130615234,-1.06:-2.3;-1.1:-2.19;-1.14:-1.97;-1.15:-1.8;-1.4:-1.49;-1.58:-1.34;-1.45:-1.2;-1.41:-1.01,-1.38:-0.88;-1.66:-0.52;-1.73:-0.32;-1.71:-0.12;-1.81:0.04;-1.97:0.19;-2.11:0.3;-2.22:0.45;-2.37:0.53;-2.52:0.48;-2.61:0.48;-2.63:0.52,-1.302724:-1.018861;-1.20303:-1.036838;-1.118714:-1.040446;-1.036062:-1.033046;-0.9541966:-1.041927;-0.8646688:-1.039688;-0.8001763:-1.023129;-0.7282657:-1.029707;-0.6665909:-1.060037;-0.6081644:-1.057372;-0.5203423:-1.069686;-0.4712505:-1.043451,sigma3_hotel_seed42,3
HOTEL:biwi_hotel:378:16200,HOTEL,biwi_hotel:378,16200,triu,1.677077293395996,2.5205531120300293,-1.1:-2.19;-1.14:-1.97;-1.15:-1.8;-1.4:-1.49;-1.58:-1.34;-1.45:-1.2;-1.41:-1.01;-1.38:-0.88,-1.66:-0.52;-1.73:-0.32;-1.71:-0.12;-1.81:0.04;-1.97:0.19;-2.11:0.3;-2.22:0.45;-2.37:0.53;-2.52:0.48;-2.61:0.48;-2.63:0.52;-2.63:0.54,-1.295066:-0.8865172;-1.232605:-0.897714;-1.176671:-0.9031039;-1.098393:-0.9110777;-1.041675:-0.9209436;-0.972098:-0.8944551;-0.9161196:-0.8975198;-0.842876:-0.9296013;-0.7816616:-0.9446034;-0.7022464:-0.9625204;-0.6491019:-0.9475196;-0.5853916:-0.9340298,sigma3_hotel_seed42,3
HOTEL:biwi_hotel:378:16210,HOTEL,biwi_hotel:378,16210,triu,1.0552688837051392,1.6923567056655884,-1.14:-1.97;-1.15:-1.8;-1.4:-1.49;-1.58:-1.34;-1.45:-1.2;-1.41:-1.01;-1.38:-0.88;-1.66:-0.52,-1.73:-0.32;-1.71:-0.12;-1.81:0.04;-1.97:0.19;-2.11:0.3;-2.22:0.45;-2.37:0.53;-2.52:0.48;-2.61:0.48;-2.63:0.52;-2.63:0.54;-2.63:0.56,-1.857799:-0.5310639;-2.06506:-0.5583448;-2.245597:-0.5549653;-2.467613:-0.4707104;-2.634844:-0.4948603;-2.834971:-0.4707165;-3.076942:-0.3685893;-3.319746:-0.3438572;-3.511726:-0.4188862;-3.678955:-0.315809;-3.917143:-0.4597811;-4.053914:-0.3546267,sigma3_hotel_seed42,3
HOTEL:biwi_hotel:380:16250,HOTEL,biwi_hotel:380,16250,triu,3.7815446853637695,7.074193000793457,1.82:3.63;1.9:3.12;2.01:2.57;2.09:2.01;2.17:1.46;2.24:0.9;2.27:0.34;2.31:-0.24,2.3:-0.81;2.27:-1.36;2.22:-1.94;2.17:-2.53;2.15:-3.09;2.16:-3.68;2.16:-4.28;2.21:-4.88;2.22:-5.48;2.2:-6.05;2.18:-6.65;2.18:-7.23,2.322712:-0.255165;2.255206:-0.3643445;2.254385:-0.4055385;2.083435:-0.2081489;2.080098:-0.3267504;2.007602:-0.2756469;1.749246:-0.1945706;1.585443:-0.04088962;1.437552:-0.1290404;1.44674:-0.1280034;1.338773:-0.3456543;1.274547:-0.2139928,sigma3_hotel_seed42,3
HOTEL:biwi_hotel:380:16260,HOTEL,biwi_hotel:380,16260,triu,3.922154426574707,7.361613750457764,1.9:3.12;2.01:2.57;2.09:2.01;2.17:1.46;2.24:0.9;2.27:0.34;2.31:-0.24;2.3:-0.81,2.27:-1.36;2.22:-1.94;2.17:-2.53;2.15:-3.09;2.16:-3.68;2.16:-4.28;2.21:-4.88;2.22:-5.48;2.2:-6.05;2.18:-6.65;2.18:-7.23;2.12:-7.86,2.214551:-0.8224111;2.064769:-0.9205247;1.962688:-0.9590052;1.710191:-0.760322;1.623051:-0.8741137;1.479723:-0.8125537;1.124904:-0.7240429;0.8931862:-0.581805;0.6791633:-0.6714239;0.5945687:-0.6422185;0.4146839:-0.8560747;0.2859557:-0.7305092,sigma3_hotel_seed42,3
HOTEL:biwi_hotel:380:16270,HOTEL,biwi_hotel:380,16270,triu,3.967740774154663,7.380864143371582,2.01:2.57;2.09:2.01;2.17:1.46;2.24:0.9;2.27:0.34;2.31:-0.24;2.3:-0.81;2.27:-1.36,2.22:-1.94;2.17:-2.53;2.15:-3.09;2.16:-3.68;2.16:-4.28;2.21:-4.88;2.22:-5.48;2.2:-6.05;2.18:-6.65;2.18:-7.23;2.12:-7.86;2.14:-8.41,2.175722:-1.371761;2.023265:-1.463266;1.914779:-1.49724;1.668025:-1.310373;1.57854:-1.414995;1.433966:-1.358679;1.092715:-1.269749;0.8641335:-1.137882;0.6552716:-1.226161;0.5647876:-1.191599;0.3856525:-1.396644;0.2593248:-1.272758,sigma3_hotel_seed42,3
HOTEL:biwi_hotel:380:16280,HOTEL,biwi_hotel:380,16280,triu,4.048308849334717,7.645465850830078,2.09:2.01;2.17:1.46;2.24:0.9;2.27:0.34;2.31:-0.24;2.3:-0.81;2.27:-1.36;2.22:-1.94,2.17:-2.53;2.15:-3.09;2.16:-3.68;2.16:-4.28;2.21:-4.88;2.22:-5.48;2.2:-6.05;2.18:-6.65;2.18:-7.23;2.12:-7.86;2.14:-8.41;2.05:-9.18,2.109989:-1.951669;1.937:-2.052205;1.807255:-2.092115;1.525628:-1.884069;1.410429:-2.003947;1.244918:-1.933554;0.8473563:-1.843813;0.5912644:-1.697311;0.3503438:-1.787838;0.2379326:-1.752674;0.0335052:-1.97262;-0.1199386:-1.848935,sigma3_hotel_seed42,3
HOTEL:biwi_hotel:380:16290,HOTEL,biwi_hotel:380,16290,triu,4.07697868347168,7.661895751953125,2.17:1.46;2.24:0.9;2.27:0.34;2.31:-0.24;2.3:-0.81;2.27:-1.36;2.22:-1.94;2.17:-2.53,2.15:-3.09;2.16:-3.68;2.16:-4.28;2.21:-4.88;2.22:-5.48;2.2:-6.05;2.18:-6.65;2.18:-7.23;2.12:-7.86;2.14:-8.41;2.05:-9.18;1.98:-9.78,2.061333:-2.54187;1.885988:-2.646856;1.755873:-2.689325;1.466155:-2.472992;1.348296:-2.599011;1.179823:-2.524446;0.7680681:-2.43489;0.5059898:-2.281063;0.2577163:-2.372663;0.1448495:-2.340158;-0.06371069:-2.566293;-0.2224672:-2.441486,sigma3_hotel_seed42,3
HOTEL:biwi_hotel:382:16290,HOTEL,biwi_hotel:382,16290,triu,3.038423776626587,5.5846099853515625,3.29:-10.05;3.26:-9.71;3.24:-9.32;3.31:-8.94;3.41:-8.38;3.42:-7.97;3.47:-7.52;3.48:-7.05,3.4:-6.57;3.29:-6.11;3.16:-5.63;3.04:-5.18;3.05:-4.71;3.06:-4.28;3:-3.8;2.98:-3.33;2.94:-2.83;2.86:-2.33;2.83:-1.85;2.8:-1.41,3.457083:-7.063476;3.392225:-7.131338;3.366825:-7.154046;3.244467:-7.023199;3.236822:-7.092624;3.173524:-7.069253;3.002044:-6.983602;2.874341:-6.899741;2.771081:-6.977643;2.754643:-6.942091;2.66071:-7.107241;2.623776:-6.991828,sigma3_hotel_seed42,3
HOTEL:biwi_hotel:382:16300,HOTEL,biwi_hotel:382,16300,triu,3.070967674255371,5.7153096199035645,3.26:-9.71;3.24:-9.32;3.31:-8.94;3.41:-8.38;3.42:-7.97;3.47:-7.52;3.48:-7.05;3.4:-6.57,3.29:-6.11;3.16:-5.63;3.04:-5.18;3.05:-4.71;3.06:-4.28;3:-3.8;2.98:-3.33;2.94:-2.83;2.86:-2.33;2.83:-1.85;2.8:-1.41;2.79:-0.92,3.274201:-6.580492;3.116033:-6.646489;2.981354:-6.66977;2.755549:-6.521331;2.65127:-6.597761;2.504908:-6.554552;2.201464:-6.462198;1.987645:-6.374482;1.796971:-6.456105;1.678297:-6.396049;1.498454:-6.570035;1.379851:-6.458614,sigma3_hotel_seed42,3
HOTEL:biwi_hotel:382:16310,HOTEL,biwi_hotel:382,16310,triu,3.115438461303711,5.7465925216674805,3.24:-9.32;3.31:-8.94;3.41:-8.38;3.42:-7.97;3.47:-7.52;3.48:-7.05;3.4:-6.57;3.29:-6.11,3.16:-5.63;3.04:-5.18;3.05:-4.71;3.06:-4.28;3:-3.8;2.98:-3.33;2.94:-2.83;2.86:-2.33;2.83:-1.85;2.8:-1.41;2.79:-0.92;2.82:-0.51,3.1266:-6.12092;2.940938:-6.169486;2.779953:-6.19342;2.541382:-6.054134;2.40579:-6.121042;2.237196:-6.07749;1.932559:-5.976058;1.703454:-5.913145;1.501864:-5.990904;1.358208:-5.910398;1.145288:-6.074965;1.01978:-5.967337,sigma3_hotel_seed42,3
HOTEL:biwi_hotel:382:16320,HOTEL,biwi_hotel:382,16320,triu,3.149398803710937,5.775140762329102,3.31:-8.94;3.41:-8.38;3.42:-7.97;3.47:-7.52;3.48:-7.05;3.4:-6.57;3.29:-6.11;3.16:-5.63,3.04:-5.18;3.05:-4.71;3.06:-4.28;3:-3.8;2.98:-3.33;2.94:-2.83;2.86:-2.33;2.83:-1.85;2.8:-1.41;2.79:-0.92;2.82:-0.51;2.83:-0.1,2.988038:-5.640631;2.791141:-5.692902;2.620474:-5.718116;2.365844:-5.570836;2.219205:-5.64289;2.03971:-5.594566;1.712873:-5.492851;1.470054:-5.422738;1.253931:-5.501776;1.101359:-5.421739;0.8766823:-5.592393;0.7391353:-5.483357,sigma3_hotel_seed42,3
HOTEL:biwi_hotel:382:16330,HOTEL,biwi_hotel:382,16330,triu,3.1483242511749268,5.724252700805664,3.41:-8.38;3.42:-7.97;3.47:-7.52;3.48:-7.05;3.4:-6.57;3.29:-6.11;3.16:-5.63;3.04:-5.18,3.05:-4.71;3.06:-4.28;3:-3.8;2.98:-3.33;2.94:-2.83;2.86:-2.33;2.83:-1.85;2.8:-1.41;2.79:-0.92;2.82:-0.51;2.83:-0.1;2.79:0.36,2.886819:-5.190709;2.711133:-5.239902;2.559831:-5.261395;2.332931:-5.127086;2.209838:-5.190844;2.05049:-5.151687;1.761811:-5.052371;1.542646:-4.988929;1.351614:-5.066863;1.217767:-4.990261;1.017944:-5.151967;0.900629:-5.043457,sigma3_hotel_seed42,3
HOTEL:biwi_hotel:382:16340,HOTEL,biwi_hotel:382,16340,triu,3.0255022048950195,5.445050239562988,3.42:-7.97;3.47:-7.52;3.48:-7.05;3.4:-6.57;3.29:-6.11;3.16:-5.63;3.04:-5.18;3.05:-4.71,3.06:-4.28;3:-3.8;2.98:-3.33;2.94:-2.83;2.86:-2.33;2.83:-1.85;2.8:-1.41;2.79:-0.92;2.82:-0.51;2.83:-0.1;2.79:0.36;2.79:0.77,3.070004:-4.72455;3.04205:-4.794706;3.062604:-4.816677;2.980627:-4.691837;3.014262:-4.758776;2.983951:-4.744105;2.866136:-4.66163;2.771644:-4.575675;2.702927:-4.652845;2.730746:-4.62984;2.672224:-4.792805;2.668189:-4.673687,sigma3_hotel_seed42,3
HOTEL:biwi_hotel:382:16350,HOTEL,biwi_hotel:382,16350,triu,3.055910110473633,5.461235046386719,3.47:-7.52;3.48:-7.05;3.4:-6.57;3.29:-6.11;3.16:-5.63;3.04:-5.18;3.05:-4.71;3.06:-4.28,3:-3.8;2.98:-3.33;2.94:-2.83;2.86:-2.33;2.83:-1.85;2.8:-1.41;2.79:-0.92;2.82:-0.51;2.83:-0.1;2.79:0.36;2.79:0.77;2.78:1.22,3.080947:-4.294351;3.05977:-4.357047;3.084349:-4.374878;3.018985:-4.264372;3.060261:-4.32085;3.037567:-4.313812;2.947612:-4.231165;2.865847:-4.157623;2.812255:-4.232948;2.844158:-4.206305;2.795279:-4.358597;2.802848:-4.241187,sigma3_hotel_seed42,3
HOTEL:biwi_hotel:382:16360,HOTEL,biwi_hotel:382,16360,triu,3.0508816242218018,5.500164031982422,3.48:-7.05;3.4:-6.57;3.29:-6.11;3.16:-5.63;3.04:-5.18;3.05:-4.71;3.06:-4.28;3:-3.8,2.98:-3.33;2.94:-2.83;2.86:-2.33;2.83:-1.85;2.8:-1.41;2.79:-0.92;2.82:-0.51;2.83:-0.1;2.79:0.36;2.79:0.77;2.78:1.22;2.73:1.68,2.928199:-3.812107;2.821521:-3.874569;2.746121:-3.895779;2.58238:-3.764358;2.534509:-3.830959;2.435701:-3.803254;2.217311:-3.713894;2.05524:-3.634674;1.919301:-3.713774;1.857635:-3.665319;1.728417:-3.828562;1.65994:-3.71507,sigma3_hotel_seed42,3
HOTEL:biwi_hotel:382:16370,HOTEL,biwi_hotel:382,16370,triu,3.0171139240264893,5.415297985076904,3.4:-6.57;3.29:-6.11;3.16:-5.63;3.04:-5.18;3.05:-4.71;3.06:-4.28;3:-3.8;2.98:-3.33,2.94:-2.83;2.86:-2.33;2.83:-1.85;2.8:-1.41;2.79:-0.92;2.82:-0.51;2.83:-0.1;2.79:0.36;2.79:0.77;2.78:1.22;2.73:1.68;2.78:2.09,2.936224:-3.342829;2.8543:-3.407066;2.808311:-3.428216;2.670973:-3.299854;2.647985:-3.365924;2.570683:-3.342457;2.384672:-3.255213;2.244292:-3.175184;2.129831:-3.253429;2.095247:-3.212105;1.98812:-3.374463;1.939927:-3.259741,sigma3_hotel_seed42,3
HOTEL:biwi_hotel:382:16380,HOTEL,biwi_hotel:382,16380,triu,2.98063588142395,5.382161140441895,3.29:-6.11;3.16:-5.63;3.04:-5.18;3.05:-4.71;3.06:-4.28;3:-3.8;2.98:-3.33;2.94:-2.83,2.86:-2.33;2.83:-1.85;2.8:-1.41;2.79:-0.92;2.82:-0.51;2.83:-0.1;2.79:0.36;2.79:0.77;2.78:1.22;2.73:1.68;2.78:2.09;2.81:2.51,2.887553:-2.8428;2.792549:-2.913163;2.734852:-2.937949;2.575295:-2.796077;2.538879:-2.871454;2.44877:-2.840229;2.229283:-2.752543;2.071471:-2.661555;1.937678:-2.741751;1.892188:-2.701866;1.770453:-2.873913;1.706427:-2.757807,sigma3_hotel_seed42,3
HOTEL:biwi_hotel:382:16390,HOTEL,biwi_hotel:382,16390,triu,3.024153709411621,5.577817916870117,3.16:-5.63;3.04:-5.18;3.05:-4.71;3.06:-4.28;3:-3.8;2.98:-3.33;2.94:-2.83;2.86:-2.33,2.83:-1.85;2.8:-1.41;2.79:-0.92;2.82:-0.51;2.83:-0.1;2.79:0.36;2.79:0.77;2.78:1.22;2.73:1.68;2.78:2.09;2.81:2.51;2.76:3.04,2.739008:-2.340704;2.58591:-2.405746;2.456485:-2.428971;2.237078:-2.282703;2.138118:-2.357801;1.996553:-2.316264;1.701788:-2.223968;1.493512:-2.138151;1.308734:-2.219341;1.195093:-2.1598;1.020153:-2.332196;0.9067813:-2.220954,sigma3_hotel_seed42,3
HOTEL:biwi_hotel:383:16290,HOTEL,biwi_hotel:383,16290,triu,3.172032356262207,5.832425117492676,3.84:-10.31;3.92:-9.78;3.93:-9.32;3.92:-8.92;3.93:-8.46;3.83:-8.04;3.83:-7.61;3.83:-7.16,3.84:-6.65;3.78:-6.09;3.81:-5.75;3.76:-5.26;3.76:-4.78;3.71:-4.27;3.7:-3.75;3.69:-3.22;3.68:-2.73;3.46:-2.26;3.64:-1.77;3.43:-1.28,3.823476:-7.173754;3.775366:-7.238672;3.769305:-7.258812;3.670168:-7.137714;3.682559:-7.200521;3.635273:-7.184824;3.498772:-7.100275;3.389673:-7.021492;3.307184:-7.098389;3.310027:-7.066196;3.234492:-7.225;3.216033:-7.108499,sigma3_hotel_seed42,3
HOTEL:biwi_hotel:383:16300,HOTEL,biwi_hotel:383,16300,triu,3.149949073791504,5.771717548370361,3.92:-9.78;3.93:-9.32;3.92:-8.92;3.93:-8.46;3.83:-8.04;3.83:-7.61;3.83:-7.16;3.84:-6.65,3.78:-6.09;3.81:-5.75;3.76:-5.26;3.76:-4.78;3.71:-4.27;3.7:-3.75;3.69:-3.22;3.68:-2.73;3.46:-2.26;3.64:-1.77;3.43:-1.28;3.36:-0.84,3.834943:-6.664142;3.779205:-6.740832;3.769806:-6.767479;3.647854:-6.624331;3.650341:-6.703572;3.593553:-6.676055;3.416601:-6.592011;3.290163:-6.494225;3.186241:-6.573741;3.184978:-6.547521;3.096536:-6.722856;3.061896:-6.604014,sigma3_hotel_seed42,3
HOTEL:biwi_hotel:383:16310,HOTEL,biwi_hotel:383,16310,triu,3.140251874923706,5.803657054901123,3.93:-9.32;3.92:-8.92;3.93:-8.46;3.83:-8.04;3.83:-7.61;3.83:-7.16;3.84:-6.65;3.78:-6.09,3.81:-5.75;3.76:-5.26;3.76:-4.78;3.71:-4.27;3.7:-3.75;3.69:-3.22;3.68:-2.73;3.46:-2.26;3.64:-1.77;3.43:-1.28;3.36:-0.84;3.36:-0.38,3.682191:-6.101987;3.540751:-6.17904;3.430748:-6.20986;3.209006:-6.044121;3.120984:-6.134885;2.987587:-6.085452;2.678603:-5.994576;2.470986:-5.890527;2.283236:-5.973772;2.187344:-5.925504;2.01734:-6.112896;1.9054:-5.998414,sigma3_hotel_seed42,3
HOTEL:biwi_hotel:383:16320,HOTEL,biwi_hotel:383,16320,triu,3.1977875232696533,5.747992992401123,3.92:-8.92;3.93:-8.46;3.83:-8.04;3.83:-7.61;3.83:-7.16;3.84:-6.65;3.78:-6.09;3.81:-5.75,3.76:-5.26;3.76:-4.78;3.71:-4.27;3.7:-3.75;3.69:-3.22;3.68:-2.73;3.46:-2.26;3.64:-1.77;3.43:-1.28;3.36:-0.84;3.36:-0.38;3.35:0.06,3.796419:-5.762684;3.755087:-5.812155;3.74868:-5.821815;3.677504:-5.730906;3.696566:-5.771569;3.658068:-5.770184;3.571202:-5.685693;3.48159:-5.632698;3.422844:-5.706011;3.424901:-5.663881;3.362721:-5.800342;3.360907:-5.687983,sigma3_hotel_seed42,3
HOTEL:biwi_hotel:383:16330,HOTEL,biwi_hotel:383,16330,triu,3.1958627700805664,5.72670316696167,3.93:-8.46;3.83:-8.04;3.83:-7.61;3.83:-7.16;3.84:-6.65;3.78:-6.09;3.81:-5.75;3.76:-5.26,3.76:-4.78;3.71:-4.27;3.7:-3.75;3.69:-3.22;3.68:-2.73;3.46:-2.26;3.64:-1.77;3.43:-1.28;3.36:-0.84;3.36:-0.38;3.35:0.06;3.3:0.51,3.727345:-5.273266;3.653902:-5.339485;3.618856:-5.361866;3.488481:-5.231673;3.474469:-5.299639;3.40442:-5.276525;3.225718:-5.189896;3.091636:-5.107192;2.983172:-5.185486;2.958968:-5.147818;2.858854:-5.311948;2.816916:-5.196291,sigma3_hotel_seed42,3
HOTEL:biwi_hotel:383:16340,HOTEL,biwi_hotel:383,16340,triu,3.193288803100586,5.711423873901367,3.83:-8.04;3.83:-7.61;3.83:-7.16;3.84:-6.65;3.78:-6.09;3.81:-5.75;3.76:-5.26;3.76:-4.78,3.71:-4.27;3.7:-3.75;3.69:-3.22;3.68:-2.73;3.46:-2.26;3.64:-1.77;3.43:-1.28;3.36:-0.84;3.36:-0.38;3.35:0.06;3.3:0.51;3.34:0.97,3.733379:-4.793239;3.66301:-4.86289;3.633911:-4.885445;3.504385:-4.751858;3.493665:-4.822656;3.425552:-4.798384;3.246497:-4.71291;3.112539:-4.624831;3.003438:-4.703805;2.984585:-4.669709;2.886691:-4.837117;2.845115:-4.719943,sigma3_hotel_seed42,3
HOTEL:biwi_hotel:383:16350,HOTEL,biwi_hotel:383,16350,triu,3.16162109375,5.656196594238281,3.83:-7.61;3.83:-7.16;3.84:-6.65;3.78:-6.09;3.81:-5.75;3.76:-5.26;3.76:-4.78;3.71:-4.27,3.7:-3.75;3.69:-3.22;3.68:-2.73;3.46:-2.26;3.64:-1.77;3.43:-1.28;3.36:-0.84;3.36:-0.38;3.35:0.06;3.3:0.51;3.34:0.97;3.33:1.41,3.678918:-4.283303;3.601256:-4.35667;3.565753:-4.38173;3.423199:-4.239754;3.405064:-4.31636;3.329801:-4.287415;3.130842:-4.201589;2.986899:-4.10688;2.866685:-4.187006;2.84195:-4.153944;2.735686:-4.327319;2.685116:-4.209314,sigma3_hotel_seed42,3
HOTEL:biwi_hotel:383:16360,HOTEL,biwi_hotel:383,16360,triu,3.1204020977020264,5.628318309783936,3.83:-7.16;3.84:-6.65;3.78:-6.09;3.81:-5.75;3.76:-5.26;3.76:-4.78;3.71:-4.27;3.7:-3.75,3.69:-3.22;3.68:-2.73;3.46:-2.26;3.64:-1.77;3.43:-1.28;3.36:-0.84;3.36:-0.38;3.35:0.06;3.3:0.51;3.34:0.97;3.33:1.41;3.4:1.86,3.647166:-3.763003;3.549742:-3.83668;3.489625:-3.86407;3.322562:-3.714934;3.281222:-3.795954;3.187873:-3.760144;2.953503:-3.67233;2.79026:-3.57661;2.649165:-3.657259;2.600376:-3.617965;2.473473:-3.795184;2.40359:-3.679416,sigma3_hotel_seed42,3
HOTEL:biwi_hotel:383:16370,HOTEL,biwi_hotel:383,16370,triu,3.0445945262908936,5.52210807800293,3.84:-6.65;3.78:-6.09;3.81:-5.75;3.76:-5.26;3.76:-4.78;3.71:-4.27;3.7:-3.75;3.69:-3.22,3.68:-2.73;3.46:-2.26;3.64:-1.77;3.43:-1.28;3.36:-0.84;3.36:-0.38;3.35:0.06;3.3:0.51;3.34:0.97;3.33:1.41;3.4:1.86;3.44:2.3,3.666301:-3.23381;3.590845:-3.31317;3.56032:-3.342115;3.412417:-3.189491;3.395171:-3.27445;3.320488:-3.240402;3.108186:-3.154988;2.961037:-3.051171;2.835495:-3.132266;2.814853:-3.103488;2.70717:-3.28494;2.653562:-3.165821,sigma3_hotel_seed42,3
HOTEL:biwi_hotel:383:16380,HOTEL,biwi_hotel:383,16380,triu,3.0090506076812744,5.441812992095947,3.78:-6.09;3.81:-5.75;3.76:-5.26;3.76:-4.78;3.71:-4.27;3.7:-3.75;3.69:-3.22;3.68:-2.73,3.46:-2.26;3.64:-1.77;3.43:-1.28;3.36:-0.84;3.36:-0.38;3.35:0.06;3.3:0.51;3.34:0.97;3.33:1.41;3.4:1.86;3.44:2.3;3.44:2.72,3.653267:-2.743554;3.580612:-2.816382;3.549186:-2.842019;3.411986:-2.700846;3.396785:-2.777464;3.325702:-2.748626;3.131494:-2.662784;2.992348:-2.570095;2.876318:-2.649508;2.854485:-2.616029;2.751514:-2.788701;2.70448:-2.671877,sigma3_hotel_seed42,3
HOTEL:biwi_hotel:383:16390,HOTEL,biwi_hotel:383,16390,triu,3.562793970108032,6.514293670654297,3.81:-5.75;3.76:-5.26;3.76:-4.78;3.71:-4.27;3.7:-3.75;3.69:-3.22;3.68:-2.73;3.46:-2.26,3.64:-1.77;3.43:-1.28;3.36:-0.84;3.36:-0.38;3.35:0.06;3.3:0.51;3.34:0.97;3.33:1.41;3.4:1.86;3.44:2.3;3.44:2.72;3.44:3.16,3.146791:-2.271877;2.811642:-2.305379;2.519081:-2.320513;2.147848:-2.176945;1.847882:-2.2382;1.532583:-2.166238;1.091669:-2.047378;0.7186768:-2.001028;0.3944438:-2.083456;0.1257243:-1.951533;-0.261534:-2.13799;-0.5020642:-2.02615,sigma3_hotel_seed42,3
HOTEL:biwi_hotel:385:16380,HOTEL,biwi_hotel:385,16380,triu,4.573678016662598,8.555344581604004,0.87:4.04;1.1:3.36;1.19:2.74;1.25:2.13;1.23:1.59;1.26:0.98;1.28:0.36;1.34:-0.32,1.43:-0.98;1.5:-1.63;1.56:-2.29;1.62:-2.98;1.53:-3.74;1.52:-4.42;1.52:-5.14;1.47:-5.88;1.51:-6.6;1.51:-7.27;1.53:-7.95;1.58:-8.66,1.344821:-0.3360441;1.246478:-0.4750072;1.224501:-0.5339166;0.9818978:-0.2771552;0.9433353:-0.438953;0.8370054:-0.355619;0.4590685:-0.2745366;0.2407223:-0.07129776;0.02829623:-0.1668295;0.0162102:-0.1788544;-0.1346589:-0.4402007;-0.2490164:-0.3024508,sigma3_hotel_seed42,3
HOTEL:biwi_hotel:385:16390,HOTEL,biwi_hotel:385,16390,triu,4.511575222015381,8.459911346435547,1.1:3.36;1.19:2.74;1.25:2.13;1.23:1.59;1.26:0.98;1.28:0.36;1.34:-0.32;1.43:-0.98,1.5:-1.63;1.56:-2.29;1.62:-2.98;1.53:-3.74;1.52:-4.42;1.52:-5.14;1.47:-5.88;1.51:-6.6;1.51:-7.27;1.53:-7.95;1.58:-8.66;1.55:-9.42,1.511981:-0.9977701;1.483932:-1.139337;1.544772:-1.195665;1.381126:-0.9530556;1.41351:-1.109363;1.368909:-1.040457;1.091408:-0.9657663;0.9369072:-0.7641968;0.7883615:-0.8571057;0.8524036:-0.887854;0.7661271:-1.142586;0.7113916:-1.001756,sigma3_hotel_seed42,3
HOTEL:biwi_hotel:386:16410,HOTEL,biwi_hotel:386,16410,triu,0.4032748639583587,1.086207389831543,3.44:2.78;3.21:2.76;3:2.74;2.89:2.74;2.73:2.82;2.56:2.96;2.46:3.04;2.27:3.05,2.09:3.04;1.97:3.02;1.83:3.04;1.62:3.14;1.5:3.18;1.45:3.17;1.43:3.16;1.43:3.16;1.43:3.16;1.43:3.16;1.43:3.16;1.43:3.16,2.095007:3.057993;1.929303:3.079022;1.74625:3.080737;1.5769:3.085942;1.413561:3.100891;1.268384:3.106513;1.09579:3.128347;0.9431087:3.124687;0.7952715:3.128809;0.6297835:3.145519;0.4989107:3.172041;0.3440446:3.183397,sigma3_hotel_seed42,3
HOTEL:biwi_hotel:386:16420,HOTEL,biwi_hotel:386,16420,triu,0.5582943558692932,1.3209922313690186,3.21:2.76;3:2.74;2.89:2.74;2.73:2.82;2.56:2.96;2.46:3.04;2.27:3.05;2.09:3.04,1.97:3.02;1.83:3.04;1.62:3.14;1.5:3.18;1.45:3.17;1.43:3.16;1.43:3.16;1.43:3.16;1.43:3.16;1.43:3.16;1.43:3.16;1.43:3.16,1.910018:3.043201;1.737773:3.055149;1.557101:3.057923;1.362429:3.065423;1.206401:3.073957;1.07215:3.08735;0.8941537:3.11606;0.7041088:3.131534;0.5723445:3.105884;0.4049433:3.137002;0.2674749:3.151855;0.1092464:3.185108,sigma3_hotel_seed42,3
HOTEL:biwi_hotel:386:16430,HOTEL,biwi_hotel:386,16430,triu,0.2292488813400268,0.1574810147285461,3:2.74;2.89:2.74;2.73:2.82;2.56:2.96;2.46:3.04;2.27:3.05;2.09:3.04;1.97:3.02,1.83:3.04;1.62:3.14;1.5:3.18;1.45:3.17;1.43:3.16;1.43:3.16;1.43:3.16;1.43:3.16;1.43:3.16;1.43:3.16;1.43:3.16;1.43:3.16,1.939679:3.019637;1.87586:3.025354;1.826064:3.02248;1.795572:3.013999;1.725886:3.007953;1.665208:3.035161;1.59227:3.033242;1.555245:3.00592;1.491475:3.020487;1.471441:2.999727;1.381811:3.029743;1.315396:3.05199,sigma3_hotel_seed42,3
HOTEL:biwi_hotel:386:16440,HOTEL,biwi_hotel:386,16440,triu,0.587059497833252,1.2623279094696045,2.89:2.74;2.73:2.82;2.56:2.96;2.46:3.04;2.27:3.05;2.09:3.04;1.97:3.02;1.83:3.04,1.62:3.14;1.5:3.18;1.45:3.17;1.43:3.16;1.43:3.16;1.43:3.16;1.43:3.16;1.43:3.16;1.43:3.16;1.43:3.16;1.43:3.16;1.43:3.16,1.680451:3.04101;1.527304:3.052464;1.378253:3.061132;1.22484:3.055625;1.091555:3.069188;0.9680997:3.080682;0.8333157:3.10604;0.6731803:3.107193;0.562772:3.084573;0.4336673:3.109017;0.3001671:3.123959;0.1676799:3.164461,sigma3_hotel_seed42,3
HOTEL:biwi_hotel:386:16450,HOTEL,biwi_hotel:386,16450,triu,0.8697485327720642,1.7049524784088137,2.73:2.82;2.56:2.96;2.46:3.04;2.27:3.05;2.09:3.04;1.97:3.02;1.83:3.04;1.62:3.14,1.5:3.18;1.45:3.17;1.43:3.16;1.43:3.16;1.43:3.16;1.43:3.16;1.43:3.16;1.43:3.16;1.43:3.16;1.43:3.16;1.43:3.16;1.43:3.16,1.451576:3.14328;1.280373:3.15626;1.104714:3.170958;0.9484398:3.173219;0.7882125:3.190843;0.6305601:3.211659;0.4813237:3.238242;0.3307877:3.217929;0.1893601:3.207033;0.03439319:3.235856;-0.125849:3.249055;-0.2706065:3.281657,sigma3_hotel_seed42,3
HOTEL:biwi_hotel:386:16460,HOTEL,biwi_hotel:386,16460,triu,0.7140499949455261,1.348713994026184,2.56:2.96;2.46:3.04;2.27:3.05;2.09:3.04;1.97:3.02;1.83:3.04;1.62:3.14;1.5:3.18,1.45:3.17;1.43:3.16;1.43:3.16;1.43:3.16;1.43:3.16;1.43:3.16;1.43:3.16;1.43:3.16;1.43:3.16;1.43:3.16;1.43:3.16;1.43:3.16,1.379316:3.180753;1.243348:3.190102;1.122308:3.199795;1.003128:3.189488;0.885254:3.200253;0.7717136:3.21407;0.6596429:3.232225;0.5273814:3.226049;0.4265348:3.21264;0.3320137:3.223845;0.2016548:3.240701;0.08686662:3.282565,sigma3_hotel_seed42,3
HOTEL:biwi_hotel:386:16470,HOTEL,biwi_hotel:386,16470,triu,0.2231231182813644,0.4215647876262665,2.46:3.04;2.27:3.05;2.09:3.04;1.97:3.02;1.83:3.04;1.62:3.14;1.5:3.18;1.45:3.17,1.43:3.16;1.43:3.16;1.43:3.16;1.43:3.16;1.43:3.16;1.43:3.16;1.43:3.16;1.43:3.16;1.43:3.16;1.43:3.16;1.43:3.16;1.43:3.16,1.405637:3.165213;1.370476:3.161143;1.338105:3.166404;1.28251:3.171247;1.259075:3.165606;1.229995:3.179121;1.192689:3.182075;1.14273:3.188479;1.127945:3.160809;1.087698:3.181204;1.042895:3.176742;1.009786:3.19372,sigma3_hotel_seed42,3
HOTEL:biwi_hotel:386:16480,HOTEL,biwi_hotel:386,16480,triu,0.1212154701352119,0.2046463936567306,2.27:3.05;2.09:3.04;1.97:3.02;1.83:3.04;1.62:3.14;1.5:3.18;1.45:3.17;1.43:3.16,1.43:3.16;1.43:3.16;1.43:3.16;1.43:3.16;1.43:3.16;1.43:3.16;1.43:3.16;1.43:3.16;1.43:3.16;1.43:3.16;1.43:3.16;1.43:3.16,1.406216:3.154572;1.379685:3.149719;1.372635:3.153037;1.348876:3.157738;1.340399:3.149325;1.310802:3.160649;1.294608:3.162061;1.270637:3.159264;1.26636:3.143622;1.272967:3.155185;1.222203:3.133513;1.225664:3.148741,sigma3_hotel_seed42,3
HOTEL:biwi_hotel:386:16490,HOTEL,biwi_hotel:386,16490,triu,0.0296911913901567,0.0164457261562347,2.09:3.04;1.97:3.02;1.83:3.04;1.62:3.14;1.5:3.18;1.45:3.17;1.43:3.16;1.43:3.16,1.43:3.16;1.43:3.16;1.43:3.16;1.43:3.16;1.43:3.16;1.43:3.16;1.43:3.16;1.43:3.16;1.43:3.16;1.43:3.16;1.43:3.16;1.43:3.14,1.422073:3.15741;1.408474:3.159939;1.409485:3.156126;1.411597:3.156087;1.404984:3.156348;1.387533:3.15119;1.391043:3.158776;1.388033:3.14751;1.383321:3.14773;1.41212:3.145947;1.395864:3.126439;1.418247:3.128497,sigma3_hotel_seed42,3
HOTEL:biwi_hotel:386:16500,HOTEL,biwi_hotel:386,16500,triu,0.0821447744965553,0.0547147914767265,1.97:3.02;1.83:3.04;1.62:3.14;1.5:3.18;1.45:3.17;1.43:3.16;1.43:3.16;1.43:3.16,1.43:3.16;1.43:3.16;1.43:3.16;1.43:3.16;1.43:3.16;1.43:3.16;1.43:3.16;1.43:3.16;1.43:3.16;1.43:3.16;1.43:3.14;1.31:3.12,1.414867:3.1571;1.40003:3.154134;1.391528:3.156281;1.374304:3.161901;1.367839:3.156226;1.342078:3.160591;1.321897:3.158166;1.311215:3.157517;1.304521:3.155257;1.303348:3.158128;1.26874:3.144827;1.263361:3.148609,sigma3_hotel_seed42,3
HOTEL:biwi_hotel:386:16510,HOTEL,biwi_hotel:386,16510,triu,0.0780841037631034,0.2936741411685943,1.83:3.04;1.62:3.14;1.5:3.18;1.45:3.17;1.43:3.16;1.43:3.16;1.43:3.16;1.43:3.16,1.43:3.16;1.43:3.16;1.43:3.16;1.43:3.16;1.43:3.16;1.43:3.16;1.43:3.16;1.43:3.16;1.43:3.16;1.43:3.14;1.31:3.12;1.28:3.1,1.429683:3.15482;1.428492:3.149426;1.443301:3.146523;1.441575:3.152321;1.460264:3.140308;1.4703:3.156056;1.480075:3.156077;1.483089:3.151287;1.504985:3.127223;1.539432:3.134472;1.532602:3.120401;1.57197:3.131594,sigma3_hotel_seed42,3
HOTEL:biwi_hotel:388:16480,HOTEL,biwi_hotel:388,16480,triu,3.807193994522095,6.914047718048096,3.45:-9.94;3.34:-9.38;3.31:-8.72;3.16:-8.13;3.14:-7.5;3.05:-6.9;2.94:-6.31;2.88:-5.71,2.77:-5.13;2.69:-4.57;2.66:-3.99;2.61:-3.39;2.6:-2.77;2.62:-2.21;2.61:-1.64;2.66:-1.07;2.65:-0.45;2.65:0.15;2.66:0.68;2.68:1.12,2.821087:-5.723356;2.702881:-5.8151;2.629484:-5.852247;2.417674:-5.668026;2.35606:-5.773977;2.240932:-5.720084;1.935818:-5.632435;1.738032:-5.505378;1.557522:-5.591109;1.496784:-5.560986;1.344036:-5.76428;1.24376:-5.643229,sigma3_hotel_seed42,3
HOTEL:biwi_hotel:388:16490,HOTEL,biwi_hotel:388,16490,triu,3.8725738525390634,7.1147050857543945,3.34:-9.38;3.31:-8.72;3.16:-8.13;3.14:-7.5;3.05:-6.9;2.94:-6.31;2.88:-5.71;2.77:-5.13,2.69:-4.57;2.66:-3.99;2.61:-3.39;2.6:-2.77;2.62:-2.21;2.61:-1.64;2.66:-1.07;2.65:-0.45;2.65:0.15;2.66:0.68;2.68:1.12;2.62:1.78,2.652753:-5.141272;2.486285:-5.226574;2.353468:-5.259951;2.095662:-5.077202;1.984022:-5.178796;1.826733:-5.119471;1.467991:-5.028275;1.230305:-4.908114;1.010836:-4.994478;0.8943727:-4.947611;0.6997645:-5.147798;0.5609522:-5.030239,sigma3_hotel_seed42,3
HOTEL:biwi_hotel:389:16480,HOTEL,biwi_hotel:389,16480,triu,4.044111728668213,7.321988582611084,4:-10.12;4.02:-9.59;3.98:-8.99;3.81:-8.3;3.8:-7.73;3.8:-7.11;3.69:-6.51;3.56:-5.91,3.5:-5.25;3.41:-4.57;3.3:-4.03;3.28:-3.45;3.25:-2.81;3.24:-2.25;3.26:-1.74;3.35:-1.13;3.34:-0.4;3.42:0.17;3.49:0.83;3.51:1.18,3.438768:-5.921065;3.26965:-6.00529;3.133135:-6.037829;2.873877:-5.856651;2.759294:-5.956928;2.599769:-5.897884;2.240073:-5.806542;2.000798:-5.688013;1.779921:-5.774244;1.659859:-5.725837;1.463261:-5.924766;1.322728:-5.807658,sigma3_hotel_seed42,3
HOTEL:biwi_hotel:389:16490,HOTEL,biwi_hotel:389,16490,triu,3.9645378589630127,7.30213737487793,4.02:-9.59;3.98:-8.99;3.81:-8.3;3.8:-7.73;3.8:-7.11;3.69:-6.51;3.56:-5.91;3.5:-5.25,3.41:-4.57;3.3:-4.03;3.28:-3.45;3.25:-2.81;3.24:-2.25;3.26:-1.74;3.35:-1.13;3.34:-0.4;3.42:0.17;3.49:0.83;3.51:1.18;3.48:1.88,3.436721:-5.263579;3.305501:-5.366857;3.22272:-5.410465;2.982319:-5.203465;2.90584:-5.325952;2.776586:-5.259473;2.424296:-5.171922;2.204396:-5.02564;1.997855:-5.11428;1.927643:-5.088935;1.757415:-5.309055;1.636701:-5.185654,sigma3_hotel_seed42,3
HOTEL:biwi_hotel:38:1000,HOTEL,biwi_hotel:38,1000,triu,0.1577800214290619,0.2219511419534683,-1.4:-7.32;-1.4:-7.3;-1.4:-7.28;-1.4:-7.28;-1.4:-7.28;-1.4:-7.28;-1.4:-7.28;-1.4:-7.28,-1.4:-7.28;-1.36:-7.32;-1.33:-7.38;-1.31:-7.42;-1.31:-7.43;-1.31:-7.43;-1.31:-7.43;-1.31:-7.43;-1.31:-7.43;-1.31:-7.43;-1.31:-7.43;-1.31:-7.43,-1.391897:-7.280488;-1.39563:-7.275285;-1.405358:-7.282443;-1.400279:-7.289897;-1.425423:-7.294236;-1.424631:-7.274805;-1.44317:-7.282441;-1.433046:-7.306132;-1.45212:-7.30108;-1.453328:-7.319692;-1.456911:-7.283823;-1.479638:-7.286873,sigma3_hotel_seed42,3
HOTEL:biwi_hotel:38:1010,HOTEL,biwi_hotel:38,1010,triu,0.166297897696495,0.1876502484083175,-1.4:-7.3;-1.4:-7.28;-1.4:-7.28;-1.4:-7.28;-1.4:-7.28;-1.4:-7.28;-1.4:-7.28;-1.4:-7.28,-1.36:-7.32;-1.33:-7.38;-1.31:-7.42;-1.31:-7.43;-1.31:-7.43;-1.31:-7.43;-1.31:-7.43;-1.31:-7.43;-1.31:-7.43;-1.31:-7.43;-1.31:-7.43;-1.31:-7.43,-1.399187:-7.2784;-1.394731:-7.271474;-1.401964:-7.2818;-1.402819:-7.28247;-1.419894:-7.286508;-1.414351:-7.282796;-1.433447:-7.288934;-1.421676:-7.29918;-1.440046:-7.291742;-1.446408:-7.306511;-1.428686:-7.282063;-1.443043:-7.297666,sigma3_hotel_seed42,3
HOTEL:biwi_hotel:38:1020,HOTEL,biwi_hotel:38,1020,triu,0.3236078917980194,0.6562387943267822,-1.4:-7.28;-1.4:-7.28;-1.4:-7.28;-1.4:-7.28;-1.4:-7.28;-1.4:-7.28;-1.4:-7.28;-1.36:-7.32,-1.33:-7.38;-1.31:-7.42;-1.31:-7.43;-1.31:-7.43;-1.31:-7.43;-1.31:-7.43;-1.31:-7.43;-1.31:-7.43;-1.31:-7.43;-1.31:-7.43;-1.31:-7.43;-1.37:-7.53,-1.292682:-7.321374;-1.235446:-7.326599;-1.197804:-7.33216;-1.141557:-7.338472;-1.098938:-7.344573;-1.030595:-7.323218;-0.9908816:-7.334859;-0.9239239:-7.355916;-0.8850598:-7.36492;-0.842594:-7.391053;-0.770408:-7.349019;-0.7391604:-7.349195,sigma3_hotel_seed42,3
HOTEL:biwi_hotel:38:1030,HOTEL,biwi_hotel:38,1030,triu,0.2592205703258514,0.5324719548225403,-1.4:-7.28;-1.4:-7.28;-1.4:-7.28;-1.4:-7.28;-1.4:-7.28;-1.4:-7.28;-1.36:-7.32;-1.33:-7.38,-1.31:-7.42;-1.31:-7.43;-1.31:-7.43;-1.31:-7.43;-1.31:-7.43;-1.31:-7.43;-1.31:-7.43;-1.31:-7.43;-1.31:-7.43;-1.31:-7.43;-1.37:-7.53;-1.43:-7.56,-1.267139:-7.381076;-1.220698:-7.389882;-1.189001:-7.392006;-1.145364:-7.396468;-1.119955:-7.406581;-1.071116:-7.381402;-1.056779:-7.396866;-1.005999:-7.410439;-0.9905688:-7.415324;-0.9656928:-7.445138;-0.9201343:-7.401494;-0.9238276:-7.394724,sigma3_hotel_seed42,3
HOTEL:biwi_hotel:38:1040,HOTEL,biwi_hotel:38,1040,triu,0.0558518804609775,0.125369980931282,-1.4:-7.28;-1.4:-7.28;-1.4:-7.28;-1.4:-7.28;-1.4:-7.28;-1.36:-7.32;-1.33:-7.38;-1.31:-7.42,-1.31:-7.43;-1.31:-7.43;-1.31:-7.43;-1.31:-7.43;-1.31:-7.43;-1.31:-7.43;-1.31:-7.43;-1.31:-7.43;-1.31:-7.43;-1.37:-7.53;-1.43:-7.56;-1.32:-7.44,-1.300378:-7.419338;-1.310514:-7.421865;-1.32571:-7.421654;-1.327609:-7.427412;-1.34497:-7.434964;-1.348619:-7.404316;-1.373509:-7.420842;-1.363611:-7.438905;-1.384128:-7.436784;-1.390356:-7.466253;-1.404945:-7.416992;-1.440825:-7.40655,sigma3_hotel_seed42,3
HOTEL:biwi_hotel:38:1050,HOTEL,biwi_hotel:38,1050,triu,0.0683268383145332,0.1237816885113716,-1.4:-7.28;-1.4:-7.28;-1.4:-7.28;-1.4:-7.28;-1.36:-7.32;-1.33:-7.38;-1.31:-7.42;-1.31:-7.43,-1.31:-7.43;-1.31:-7.43;-1.31:-7.43;-1.31:-7.43;-1.31:-7.43;-1.31:-7.43;-1.31:-7.43;-1.31:-7.43;-1.37:-7.53;-1.43:-7.56;-1.32:-7.44;-1.31:-7.43,-1.321569:-7.430479;-1.322613:-7.430024;-1.336791:-7.428985;-1.351585:-7.424622;-1.358792:-7.425213;-1.368493:-7.426044;-1.385566:-7.428699;-1.389153:-7.428156;-1.394848:-7.427092;-1.414795:-7.425773;-1.418332:-7.422656;-1.433782:-7.430034,sigma3_hotel_seed42,3
HOTEL:biwi_hotel:38:1060,HOTEL,biwi_hotel:38,1060,triu,0.2240770310163498,0.4565441310405731,-1.4:-7.28;-1.4:-7.28;-1.4:-7.28;-1.36:-7.32;-1.33:-7.38;-1.31:-7.42;-1.31:-7.43;-1.31:-7.43,-1.31:-7.43;-1.31:-7.43;-1.31:-7.43;-1.31:-7.43;-1.31:-7.43;-1.31:-7.43;-1.31:-7.43;-1.37:-7.53;-1.43:-7.56;-1.32:-7.44;-1.31:-7.43;-1.31:-7.43,-1.340259:-7.433581;-1.374482:-7.434021;-1.400076:-7.437222;-1.44256:-7.434912;-1.480888:-7.445077;-1.520333:-7.431104;-1.57396:-7.434456;-1.612393:-7.435393;-1.643794:-7.441091;-1.668662:-7.438668;-1.724784:-7.439734;-1.76653:-7.433611,sigma3_hotel_seed42,3
HOTEL:biwi_hotel:38:1070,HOTEL,biwi_hotel:38,1070,triu,0.2970937490463257,0.6040039658546448,-1.4:-7.28;-1.4:-7.28;-1.36:-7.32;-1.33:-7.38;-1.31:-7.42;-1.31:-7.43;-1.31:-7.43;-1.31:-7.43,-1.31:-7.43;-1.31:-7.43;-1.31:-7.43;-1.31:-7.43;-1.31:-7.43;-1.31:-7.43;-1.37:-7.53;-1.43:-7.56;-1.32:-7.44;-1.31:-7.43;-1.31:-7.43;-1.31:-7.43,-1.346496:-7.432197;-1.393024:-7.428607;-1.43162:-7.433109;-1.477243:-7.43425;-1.53456:-7.441909;-1.587545:-7.428647;-1.656134:-7.43035;-1.701413:-7.437274;-1.750845:-7.43296;-1.784352:-7.43628;-1.853986:-7.429486;-1.913962:-7.422917,sigma3_hotel_seed42,3
HOTEL:biwi_hotel:38:1080,HOTEL,biwi_hotel:38,1080,triu,0.0433267317712307,0.0799132511019706,-1.4:-7.28;-1.36:-7.32;-1.33:-7.38;-1.31:-7.42;-1.31:-7.43;-1.31:-7.43;-1.31:-7.43;-1.31:-7.43,-1.31:-7.43;-1.31:-7.43;-1.31:-7.43;-1.31:-7.43;-1.31:-7.43;-1.37:-7.53;-1.43:-7.56;-1.32:-7.44;-1.31:-7.43;-1.31:-7.43;-1.31:-7.43;-1.32:-7.41,-1.315323:-7.433769;-1.330736:-7.43677;-1.321347:-7.435696;-1.318427:-7.433552;-1.311496:-7.435656;-1.328342:-7.435882;-1.314322:-7.429986;-1.318181:-7.436547;-1.311733:-7.444092;-1.268807:-7.44467;-1.292879:-7.47183;-1.257279:-7.45952,sigma3_hotel_seed42,3
HOTEL:biwi_hotel:38:1090,HOTEL,biwi_hotel:38,1090,triu,0.0829220339655876,0.1273042857646942,-1.36:-7.32;-1.33:-7.38;-1.31:-7.42;-1.31:-7.43;-1.31:-7.43;-1.31:-7.43;-1.31:-7.43;-1.31:-7.43,-1.31:-7.43;-1.31:-7.43;-1.31:-7.43;-1.31:-7.43;-1.37:-7.53;-1.43:-7.56;-1.32:-7.44;-1.31:-7.43;-1.31:-7.43;-1.31:-7.43;-1.32:-7.41;-1.34:-7.37,-1.323982:-7.431484;-1.325611:-7.43067;-1.338458:-7.435305;-1.366487:-7.432688;-1.377691:-7.436816;-1.373248:-7.430748;-1.392658:-7.434037;-1.406369:-7.430336;-1.415427:-7.446297;-1.441375:-7.44487;-1.428005:-7.429471;-1.449687:-7.434615,sigma3_hotel_seed42,3
HOTEL:biwi_hotel:38:1100,HOTEL,biwi_hotel:38,1100,triu,0.0895265415310859,0.1445090174674987,-1.33:-7.38;-1.31:-7.42;-1.31:-7.43;-1.31:-7.43;-1.31:-7.43;-1.31:-7.43;-1.31:-7.43;-1.31:-7.43,-1.31:-7.43;-1.31:-7.43;-1.31:-7.43;-1.37:-7.53;-1.43:-7.56;-1.32:-7.44;-1.31:-7.43;-1.31:-7.43;-1.31:-7.43;-1.32:-7.41;-1.34:-7.37;-1.36:-7.34,-1.320759:-7.430356;-1.326745:-7.427293;-1.341766:-7.433167;-1.361083:-7.432518;-1.378425:-7.436614;-1.38134:-7.429789;-1.40625:-7.433816;-1.413086:-7.437727;-1.429998:-7.442458;-1.448918:-7.448658;-1.445804:-7.429571;-1.469278:-7.434557,sigma3_hotel_seed42,3
HOTEL:biwi_hotel:38:1110,HOTEL,biwi_hotel:38,1110,triu,0.0984834060072898,0.1810121089220047,-1.31:-7.42;-1.31:-7.43;-1.31:-7.43;-1.31:-7.43;-1.31:-7.43;-1.31:-7.43;-1.31:-7.43;-1.31:-7.43,-1.31:-7.43;-1.31:-7.43;-1.37:-7.53;-1.43:-7.56;-1.32:-7.44;-1.31:-7.43;-1.31:-7.43;-1.31:-7.43;-1.32:-7.41;-1.34:-7.37;-1.36:-7.34;-1.36:-7.3,-1.326869:-7.43128;-1.329896:-7.42779;-1.342286:-7.431419;-1.361705:-7.431448;-1.381216:-7.432539;-1.388539:-7.433503;-1.403968:-7.43484;-1.415589:-7.437212;-1.429488:-7.442715;-1.452449:-7.439194;-1.449697:-7.433219;-1.468717:-7.444728,sigma3_hotel_seed42,3
HOTEL:biwi_hotel:38:1120,HOTEL,biwi_hotel:38,1120,triu,0.0959667265415191,0.1605040580034256,-1.31:-7.43;-1.31:-7.43;-1.31:-7.43;-1.31:-7.43;-1.31:-7.43;-1.31:-7.43;-1.31:-7.43;-1.31:-7.43,-1.31:-7.43;-1.37:-7.53;-1.43:-7.56;-1.32:-7.44;-1.31:-7.43;-1.31:-7.43;-1.31:-7.43;-1.32:-7.41;-1.34:-7.37;-1.36:-7.34;-1.36:-7.3;-1.36:-7.32,-1.320372:-7.430133;-1.323073:-7.43024;-1.335774:-7.430204;-1.351243:-7.426161;-1.362573:-7.428556;-1.379167:-7.429744;-1.402227:-7.435839;-1.405875:-7.434138;-1.417934:-7.428045;-1.436122:-7.432235;-1.446144:-7.429788;-1.467195:-7.439461,sigma3_hotel_seed42,3
HOTEL:biwi_hotel:38:1130,HOTEL,biwi_hotel:38,1130,triu,0.0988827869296073,0.1495258063077926,-1.31:-7.43;-1.31:-7.43;-1.31:-7.43;-1.31:-7.43;-1.31:-7.43;-1.31:-7.43;-1.31:-7.43;-1.31:-7.43,-1.37:-7.53;-1.43:-7.56;-1.32:-7.44;-1.31:-7.43;-1.31:-7.43;-1.31:-7.43;-1.32:-7.41;-1.34:-7.37;-1.36:-7.34;-1.36:-7.3;-1.36:-7.32;-1.33:-7.38,-1.320372:-7.430133;-1.323073:-7.43024;-1.335774:-7.430204;-1.351243:-7.426161;-1.362573:-7.428556;-1.379167:-7.429744;-1.402227:-7.435839;-1.405875:-7.434138;-1.417934:-7.428045;-1.436122:-7.432235;-1.446144:-7.429788;-1.467195:-7.439461,sigma3_hotel_seed42,3
HOTEL:biwi_hotel:38:1140,HOTEL,biwi_hotel:38,1140,triu,0.2675637900829315,0.4675552546977997,-1.31:-7.43;-1.31:-7.43;-1.31:-7.43;-1.31:-7.43;-1.31:-7.43;-1.31:-7.43;-1.31:-7.43;-1.37:-7.53,-1.43:-7.56;-1.32:-7.44;-1.31:-7.43;-1.31:-7.43;-1.31:-7.43;-1.32:-7.41;-1.34:-7.37;-1.36:-7.34;-1.36:-7.3;-1.36:-7.32;-1.33:-7.38;-1.29:-7.44,-1.395492:-7.535851;-1.426164:-7.541699;-1.456666:-7.526244;-1.478878:-7.532384;-1.515444:-7.523802;-1.545289:-7.512302;-1.564762:-7.489737;-1.605852:-7.50683;-1.640033:-7.542899;-1.679136:-7.514464;-1.715441:-7.524664;-1.755227:-7.486603,sigma3_hotel_seed42,3
HOTEL:biwi_hotel:38:1150,HOTEL,biwi_hotel:38,1150,triu,0.9231390357017516,1.6162731647491455,-1.31:-7.43;-1.31:-7.43;-1.31:-7.43;-1.31:-7.43;-1.31:-7.43;-1.31:-7.43;-1.37:-7.53;-1.43:-7.56,-1.32:-7.44;-1.31:-7.43;-1.31:-7.43;-1.31:-7.43;-1.32:-7.41;-1.34:-7.37;-1.36:-7.34;-1.36:-7.3;-1.36:-7.32;-1.33:-7.38;-1.29:-7.44;-1.27:-7.47,-1.554846:-7.55391;-1.683948:-7.538481;-1.823857:-7.534551;-1.941841:-7.533379;-2.07193:-7.526313;-2.181972:-7.499861;-2.314851:-7.494336;-2.413949:-7.513833;-2.532506:-7.509433;-2.653049:-7.506823;-2.763908:-7.463777;-2.886176:-7.452249,sigma3_hotel_seed42,3
HOTEL:biwi_hotel:38:1160,HOTEL,biwi_hotel:38,1160,triu,0.0704211965203285,0.1085530072450637,-1.31:-7.43;-1.31:-7.43;-1.31:-7.43;-1.31:-7.43;-1.31:-7.43;-1.37:-7.53;-1.43:-7.56;-1.32:-7.44,-1.31:-7.43;-1.31:-7.43;-1.31:-7.43;-1.32:-7.41;-1.34:-7.37;-1.36:-7.34;-1.36:-7.3;-1.36:-7.32;-1.33:-7.38;-1.29:-7.44;-1.27:-7.47;-1.27:-7.47,-1.309094:-7.443072;-1.307585:-7.44958;-1.312624:-7.441491;-1.307333:-7.447126;-1.316539:-7.446114;-1.31195:-7.429332;-1.316471:-7.424234;-1.317283:-7.438995;-1.330735:-7.460809;-1.34279:-7.459309;-1.341651:-7.443259;-1.365906:-7.419148,sigma3_hotel_seed42,3
HOTEL:biwi_hotel:38:1170,HOTEL,biwi_hotel:38,1170,triu,0.0644427463412284,0.0786593034863472,-1.31:-7.43;-1.31:-7.43;-1.31:-7.43;-1.31:-7.43;-1.37:-7.53;-1.43:-7.56;-1.32:-7.44;-1.31:-7.43,-1.31:-7.43;-1.31:-7.43;-1.32:-7.41;-1.34:-7.37;-1.36:-7.34;-1.36:-7.3;-1.36:-7.32;-1.33:-7.38;-1.29:-7.44;-1.27:-7.47;-1.27:-7.47;-1.27:-7.47,-1.318021:-7.430526;-1.308888:-7.431524;-1.312123:-7.430966;-1.326287:-7.428967;-1.330389:-7.430497;-1.324998:-7.429739;-1.325938:-7.436262;-1.328813:-7.431729;-1.33053:-7.441103;-1.350306:-7.440194;-1.331484:-7.430458;-1.343632:-7.442331,sigma3_hotel_seed42,3
HOTEL:biwi_hotel:38:1180,HOTEL,biwi_hotel:38,1180,triu,0.1339831948280334,0.2243829220533371,-1.31:-7.43;-1.31:-7.43;-1.31:-7.43;-1.37:-7.53;-1.43:-7.56;-1.32:-7.44;-1.31:-7.43;-1.31:-7.43,-1.31:-7.43;-1.32:-7.41;-1.34:-7.37;-1.36:-7.34;-1.36:-7.3;-1.36:-7.32;-1.33:-7.38;-1.29:-7.44;-1.27:-7.47;-1.27:-7.47;-1.27:-7.47;-1.27:-7.47,-1.328933:-7.43445;-1.348462:-7.433098;-1.356077:-7.437102;-1.375236:-7.436368;-1.394254:-7.442098;-1.414652:-7.435531;-1.432373:-7.431961;-1.452994:-7.439411;-1.463422:-7.449732;-1.460476:-7.441999;-1.491406:-7.454204;-1.49352:-7.450338,sigma3_hotel_seed42,3
HOTEL:biwi_hotel:38:1190,HOTEL,biwi_hotel:38,1190,triu,0.0946671068668365,0.1301313638687133,-1.31:-7.43;-1.31:-7.43;-1.37:-7.53;-1.43:-7.56;-1.32:-7.44;-1.31:-7.43;-1.31:-7.43;-1.31:-7.43,-1.32:-7.41;-1.34:-7.37;-1.36:-7.34;-1.36:-7.3;-1.36:-7.32;-1.33:-7.38;-1.29:-7.44;-1.27:-7.47;-1.27:-7.47;-1.27:-7.47;-1.27:-7.47;-1.31:-7.58,-1.321463:-7.433456;-1.337196:-7.43063;-1.337101:-7.434762;-1.34081:-7.435443;-1.351193:-7.435895;-1.368083:-7.438671;-1.366629:-7.430664;-1.376317:-7.441189;-1.382177:-7.446297;-1.358588:-7.444142;-1.376673:-7.462601;-1.358734:-7.459339,sigma3_hotel_seed42,3
HOTEL:biwi_hotel:38:1200,HOTEL,biwi_hotel:38,1200,triu,0.2508088648319244,0.4588484764099121,-1.31:-7.43;-1.37:-7.53;-1.43:-7.56;-1.32:-7.44;-1.31:-7.43;-1.31:-7.43;-1.31:-7.43;-1.32:-7.41,-1.34:-7.37;-1.36:-7.34;-1.36:-7.3;-1.36:-7.32;-1.33:-7.38;-1.29:-7.44;-1.27:-7.47;-1.27:-7.47;-1.27:-7.47;-1.27:-7.47;-1.31:-7.58;-1.29:-7.52,-1.353728:-7.412204;-1.376903:-7.408066;-1.408262:-7.411968;-1.449273:-7.410192;-1.485819:-7.413264;-1.514539:-7.410969;-1.560453:-7.409862;-1.592882:-7.411119;-1.622371:-7.416127;-1.664551:-7.407843;-1.692676:-7.404321;-1.735242:-7.409089,sigma3_hotel_seed42,3
HOTEL:biwi_hotel:38:1210,HOTEL,biwi_hotel:38,1210,triu,0.2723901569843292,0.5181516408920288,-1.37:-7.53;-1.43:-7.56;-1.32:-7.44;-1.31:-7.43;-1.31:-7.43;-1.31:-7.43;-1.32:-7.41;-1.34:-7.37,-1.36:-7.34;-1.36:-7.3;-1.36:-7.32;-1.33:-7.38;-1.29:-7.44;-1.27:-7.47;-1.27:-7.47;-1.27:-7.47;-1.27:-7.47;-1.31:-7.58;-1.29:-7.52;-1.27:-7.47,-1.356196:-7.369677;-1.393462:-7.365823;-1.433827:-7.366705;-1.454872:-7.375747;-1.504675:-7.379223;-1.535013:-7.349959;-1.584635:-7.358802;-1.600239:-7.384275;-1.644525:-7.378903;-1.67105:-7.39977;-1.715432:-7.354329;-1.772368:-7.343083,sigma3_hotel_seed42,3
HOTEL:biwi_hotel:38:1220,HOTEL,biwi_hotel:38,1220,triu,0.1357356160879135,0.1450894922018051,-1.43:-7.56;-1.32:-7.44;-1.31:-7.43;-1.31:-7.43;-1.31:-7.43;-1.32:-7.41;-1.34:-7.37;-1.36:-7.34,-1.36:-7.3;-1.36:-7.32;-1.33:-7.38;-1.29:-7.44;-1.27:-7.47;-1.27:-7.47;-1.27:-7.47;-1.27:-7.47;-1.31:-7.58;-1.29:-7.52;-1.27:-7.47;-1.27:-7.47,-1.366942:-7.342336;-1.367894:-7.348745;-1.366478:-7.342801;-1.376859:-7.337517;-1.3652:-7.340156;-1.371771:-7.33782;-1.366243:-7.34144;-1.368819:-7.336536;-1.359497:-7.347891;-1.355284:-7.345872;-1.361362:-7.35508;-1.352792:-7.350851,sigma3_hotel_seed42,3
HOTEL:biwi_hotel:38:1230,HOTEL,biwi_hotel:38,1230,triu,0.2112240642309188,0.270950585603714,-1.32:-7.44;-1.31:-7.43;-1.31:-7.43;-1.31:-7.43;-1.32:-7.41;-1.34:-7.37;-1.36:-7.34;-1.36:-7.3,-1.36:-7.32;-1.33:-7.38;-1.29:-7.44;-1.27:-7.47;-1.27:-7.47;-1.27:-7.47;-1.27:-7.47;-1.31:-7.58;-1.29:-7.52;-1.27:-7.47;-1.27:-7.47;-1.27:-7.47,-1.37692:-7.301086;-1.371073:-7.30778;-1.382043:-7.307442;-1.424153:-7.298505;-1.420173:-7.3061;-1.407252:-7.298191;-1.4253:-7.308481;-1.442884:-7.287392;-1.442729:-7.314873;-1.481943:-7.311133;-1.455534:-7.294982;-1.480811:-7.299785,sigma3_hotel_seed42,3
HOTEL:biwi_hotel:38:1240,HOTEL,biwi_hotel:38,1240,triu,0.2576222419738769,0.412724107503891,-1.31:-7.43;-1.31:-7.43;-1.31:-7.43;-1.32:-7.41;-1.34:-7.37;-1.36:-7.34;-1.36:-7.3;-1.36:-7.32,-1.33:-7.38;-1.29:-7.44;-1.27:-7.47;-1.27:-7.47;-1.27:-7.47;-1.27:-7.47;-1.31:-7.58;-1.29:-7.52;-1.27:-7.47;-1.27:-7.47;-1.27:-7.47;-1.27:-7.47,-1.356371:-7.322119;-1.378781:-7.317809;-1.400887:-7.322886;-1.403724:-7.33497;-1.451128:-7.341411;-1.472652:-7.309319;-1.512503:-7.319377;-1.516786:-7.351774;-1.551518:-7.342608;-1.561117:-7.36447;-1.604151:-7.322335;-1.65299:-7.316182,sigma3_hotel_seed42,3
HOTEL:biwi_hotel:38:1250,HOTEL,biwi_hotel:38,1250,triu,0.1600046306848526,0.2156619578599929,-1.31:-7.43;-1.31:-7.43;-1.32:-7.41;-1.34:-7.37;-1.36:-7.34;-1.36:-7.3;-1.36:-7.32;-1.33:-7.38,-1.29:-7.44;-1.27:-7.47;-1.27:-7.47;-1.27:-7.47;-1.27:-7.47;-1.31:-7.58;-1.29:-7.52;-1.27:-7.47;-1.27:-7.47;-1.27:-7.47;-1.27:-7.47;-1.27:-7.47,-1.275327:-7.384286;-1.243571:-7.39153;-1.219449:-7.393051;-1.18141:-7.401868;-1.17289:-7.411066;-1.14279:-7.381051;-1.137449:-7.391838;-1.100971:-7.415686;-1.091546:-7.421823;-1.069631:-7.442877;-1.055942:-7.408018;-1.067462:-7.395916,sigma3_hotel_seed42,3
HOTEL:biwi_hotel:38:1260,HOTEL,biwi_hotel:38,1260,triu,0.3277439773082733,0.5640172362327576,-1.31:-7.43;-1.32:-7.41;-1.34:-7.37;-1.36:-7.34;-1.36:-7.3;-1.36:-7.32;-1.33:-7.38;-1.29:-7.44,-1.27:-7.47;-1.27:-7.47;-1.27:-7.47;-1.27:-7.47;-1.31:-7.58;-1.29:-7.52;-1.27:-7.47;-1.27:-7.47;-1.27:-7.47;-1.27:-7.47;-1.27:-7.47;-1.27:-7.47,-1.218492:-7.443077;-1.162175:-7.449769;-1.122287:-7.45465;-1.064149:-7.461892;-1.025247:-7.468174;-0.963105:-7.447844;-0.9283266:-7.454961;-0.8670123:-7.477064;-0.8319845:-7.486515;-0.789647:-7.509572;-0.7295053:-7.474911;-0.7059866:-7.467934,sigma3_hotel_seed42,3
HOTEL:biwi_hotel:38:1270,HOTEL,biwi_hotel:38,1270,triu,0.219035193324089,0.4707313776016235,-1.32:-7.41;-1.34:-7.37;-1.36:-7.34;-1.36:-7.3;-1.36:-7.32;-1.33:-7.38;-1.29:-7.44;-1.27:-7.47,-1.27:-7.47;-1.27:-7.47;-1.27:-7.47;-1.31:-7.58;-1.29:-7.52;-1.27:-7.47;-1.27:-7.47;-1.27:-7.47;-1.27:-7.47;-1.27:-7.47;-1.27:-7.47;-1.27:-7.47,-1.251414:-7.471608;-1.226113:-7.469457;-1.199074:-7.478005;-1.166968:-7.477253;-1.135122:-7.47702;-1.097059:-7.482486;-1.04851:-7.47503;-1.014047:-7.488446;-0.9811171:-7.500986;-0.9264216:-7.503249;-0.8726284:-7.5126;-0.8019382:-7.520062,sigma3_hotel_seed42,3
HOTEL:biwi_hotel:38:1280,HOTEL,biwi_hotel:38,1280,triu,0.0283563733100891,0.0486196726560592,-1.34:-7.37;-1.36:-7.34;-1.36:-7.3;-1.36:-7.32;-1.33:-7.38;-1.29:-7.44;-1.27:-7.47;-1.27:-7.47,-1.27:-7.47;-1.27:-7.47;-1.31:-7.58;-1.29:-7.52;-1.27:-7.47;-1.27:-7.47;-1.27:-7.47;-1.27:-7.47;-1.27:-7.47;-1.27:-7.47;-1.27:-7.47;-1.27:-7.47,-1.268254:-7.469851;-1.26802:-7.469066;-1.266731:-7.470641;-1.260247:-7.469599;-1.260341:-7.467383;-1.271936:-7.476731;-1.268101:-7.476471;-1.259217:-7.481107;-1.262297:-7.47103;-1.243536:-7.482818;-1.242155:-7.491482;-1.230668:-7.49858,sigma3_hotel_seed42,3
HOTEL:biwi_hotel:38:1290,HOTEL,biwi_hotel:38,1290,triu,0.0296588242053985,0.0592234656214714,-1.36:-7.34;-1.36:-7.3;-1.36:-7.32;-1.33:-7.38;-1.29:-7.44;-1.27:-7.47;-1.27:-7.47;-1.27:-7.47,-1.27:-7.47;-1.31:-7.58;-1.29:-7.52;-1.27:-7.47;-1.27:-7.47;-1.27:-7.47;-1.27:-7.47;-1.27:-7.47;-1.27:-7.47;-1.27:-7.47;-1.27:-7.47;-1.27:-7.47,-1.269577:-7.47123;-1.276323:-7.471063;-1.27209:-7.472414;-1.263323:-7.47093;-1.261276:-7.469811;-1.277718:-7.477289;-1.270702:-7.473494;-1.264133:-7.481322;-1.264477:-7.473966;-1.231908:-7.482824;-1.243268:-7.501247;-1.219668:-7.501211,sigma3_hotel_seed42,3
HOTEL:biwi_hotel:38:1300,HOTEL,biwi_hotel:38,1300,triu,0.2252478003501892,0.422358751296997,-1.36:-7.3;-1.36:-7.32;-1.33:-7.38;-1.29:-7.44;-1.27:-7.47;-1.27:-7.47;-1.27:-7.47;-1.27:-7.47,-1.31:-7.58;-1.29:-7.52;-1.27:-7.47;-1.27:-7.47;-1.27:-7.47;-1.27:-7.47;-1.27:-7.47;-1.27:-7.47;-1.27:-7.47;-1.27:-7.47;-1.27:-7.47;-1.27:-7.47,-1.296978:-7.473906;-1.331669:-7.475081;-1.353719:-7.478224;-1.391019:-7.475607;-1.42631:-7.487674;-1.465649:-7.470404;-1.51756:-7.474309;-1.552019:-7.477859;-1.58027:-7.482725;-1.59587:-7.481151;-1.657652:-7.484195;-1.692324:-7.47544,sigma3_hotel_seed42,3
HOTEL:biwi_hotel:38:1310,HOTEL,biwi_hotel:38,1310,triu,0.2593607008457184,0.4142395853996277,-1.36:-7.32;-1.33:-7.38;-1.29:-7.44;-1.27:-7.47;-1.27:-7.47;-1.27:-7.47;-1.27:-7.47;-1.31:-7.58,-1.29:-7.52;-1.27:-7.47;-1.27:-7.47;-1.27:-7.47;-1.27:-7.47;-1.27:-7.47;-1.27:-7.47;-1.27:-7.47;-1.27:-7.47;-1.27:-7.47;-1.27:-7.47;-1.29:-7.47,-1.332129:-7.583272;-1.366967:-7.586489;-1.401718:-7.575689;-1.423536:-7.583519;-1.460354:-7.57858;-1.490384:-7.560742;-1.517241:-7.550304;-1.548014:-7.569956;-1.583688:-7.591494;-1.615392:-7.584296;-1.6544:-7.571625;-1.698333:-7.539701,sigma3_hotel_seed42,3
HOTEL:biwi_hotel:38:1320,HOTEL,biwi_hotel:38,1320,triu,0.1068604066967964,0.1174473017454147,-1.33:-7.38;-1.29:-7.44;-1.27:-7.47;-1.27:-7.47;-1.27:-7.47;-1.27:-7.47;-1.31:-7.58;-1.29:-7.52,-1.27:-7.47;-1.27:-7.47;-1.27:-7.47;-1.27:-7.47;-1.27:-7.47;-1.27:-7.47;-1.27:-7.47;-1.27:-7.47;-1.27:-7.47;-1.27:-7.47;-1.29:-7.47;-1.38:-7.43,-1.290978:-7.523698;-1.303301:-7.528173;-1.31805:-7.518395;-1.321405:-7.526975;-1.346725:-7.524241;-1.357119:-7.504324;-1.369188:-7.498388;-1.382572:-7.517838;-1.405469:-7.539189;-1.425695:-7.533502;-1.444505:-7.518419;-1.478883:-7.493371,sigma3_hotel_seed42,3
HOTEL:biwi_hotel:38:1330,HOTEL,biwi_hotel:38,1330,triu,0.2031864523887634,0.2589156329631805,-1.29:-7.44;-1.27:-7.47;-1.27:-7.47;-1.27:-7.47;-1.27:-7.47;-1.31:-7.58;-1.29:-7.52;-1.27:-7.47,-1.27:-7.47;-1.27:-7.47;-1.27:-7.47;-1.27:-7.47;-1.27:-7.47;-1.27:-7.47;-1.27:-7.47;-1.27:-7.47;-1.27:-7.47;-1.29:-7.47;-1.38:-7.43;-1.47:-7.34,-1.294019:-7.470155;-1.336403:-7.468779;-1.379466:-7.463008;-1.405218:-7.472133;-1.449546:-7.47078;-1.482221:-7.44454;-1.520778:-7.447354;-1.544178:-7.470315;-1.586037:-7.476235;-1.61665:-7.488729;-1.660693:-7.450128;-1.713486:-7.428046,sigma3_hotel_seed42,3
HOTEL:biwi_hotel:38:1340,HOTEL,biwi_hotel:38,1340,triu,0.0599215626716613,0.3110097646713257,-1.27:-7.47;-1.27:-7.47;-1.27:-7.47;-1.27:-7.47;-1.31:-7.58;-1.29:-7.52;-1.27:-7.47;-1.27:-7.47,-1.27:-7.47;-1.27:-7.47;-1.27:-7.47;-1.27:-7.47;-1.27:-7.47;-1.27:-7.47;-1.27:-7.47;-1.27:-7.47;-1.29:-7.47;-1.38:-7.43;-1.47:-7.34;-1.51:-7.27,-1.270632:-7.469594;-1.262565:-7.473956;-1.265106:-7.469975;-1.272316:-7.46496;-1.266833:-7.466177;-1.273032:-7.468551;-1.277491:-7.477555;-1.271453:-7.470872;-1.270499:-7.467614;-1.278987:-7.475583;-1.273715:-7.47337;-1.282425:-7.481983,sigma3_hotel_seed42,3
HOTEL:biwi_hotel:38:1350,HOTEL,biwi_hotel:38,1350,triu,0.2136189937591552,0.332207590341568,-1.27:-7.47;-1.27:-7.47;-1.27:-7.47;-1.31:-7.58;-1.29:-7.52;-1.27:-7.47;-1.27:-7.47;-1.27:-7.47,-1.27:-7.47;-1.27:-7.47;-1.27:-7.47;-1.27:-7.47;-1.27:-7.47;-1.27:-7.47;-1.27:-7.47;-1.29:-7.47;-1.38:-7.43;-1.47:-7.34;-1.51:-7.27;-1.52:-7.27,-1.307024:-7.473867;-1.341659:-7.473768;-1.372157:-7.47598;-1.423632:-7.474096;-1.466084:-7.481382;-1.507489:-7.471979;-1.562154:-7.473513;-1.609196:-7.470612;-1.64307:-7.479835;-1.681925:-7.472456;-1.733972:-7.474477;-1.784639:-7.470818,sigma3_hotel_seed42,3
HOTEL:biwi_hotel:38:1360,HOTEL,biwi_hotel:38,1360,triu,0.2024085968732834,0.3492116034030914,-1.27:-7.47;-1.27:-7.47;-1.31:-7.58;-1.29:-7.52;-1.27:-7.47;-1.27:-7.47;-1.27:-7.47;-1.27:-7.47,-1.27:-7.47;-1.27:-7.47;-1.27:-7.47;-1.27:-7.47;-1.27:-7.47;-1.27:-7.47;-1.29:-7.47;-1.38:-7.43;-1.47:-7.34;-1.51:-7.27;-1.52:-7.27;-1.52:-7.27,-1.288844:-7.470608;-1.334231:-7.463736;-1.373535:-7.469366;-1.39531:-7.479321;-1.461747:-7.484632;-1.511098:-7.461874;-1.575459:-7.466929;-1.602146:-7.493454;-1.658649:-7.475585;-1.679769:-7.496451;-1.749681:-7.465662;-1.814657:-7.457419,sigma3_hotel_seed42,3
HOTEL:biwi_hotel:38:1370,HOTEL,biwi_hotel:38,1370,triu,0.1265351772308349,0.2594498991966247,-1.27:-7.47;-1.31:-7.58;-1.29:-7.52;-1.27:-7.47;-1.27:-7.47;-1.27:-7.47;-1.27:-7.47;-1.27:-7.47,-1.27:-7.47;-1.27:-7.47;-1.27:-7.47;-1.27:-7.47;-1.27:-7.47;-1.29:-7.47;-1.38:-7.43;-1.47:-7.34;-1.51:-7.27;-1.52:-7.27;-1.52:-7.27;-1.52:-7.27,-1.286664:-7.474231;-1.305483:-7.476507;-1.307962:-7.475593;-1.322248:-7.473273;-1.328554:-7.477741;-1.349339:-7.472976;-1.354305:-7.469838;-1.370403:-7.474195;-1.373129:-7.486058;-1.359632:-7.479708;-1.390557:-7.498045;-1.38036:-7.488667,sigma3_hotel_seed42,3
HOTEL:biwi_hotel:38:1380,HOTEL,biwi_hotel:38,1380,triu,0.2366810292005539,0.4935472011566162,-1.31:-7.58;-1.29:-7.52;-1.27:-7.47;-1.27:-7.47;-1.27:-7.47;-1.27:-7.47;-1.27:-7.47;-1.27:-7.47,-1.27:-7.47;-1.27:-7.47;-1.27:-7.47;-1.27:-7.47;-1.29:-7.47;-1.38:-7.43;-1.47:-7.34;-1.51:-7.27;-1.52:-7.27;-1.52:-7.27;-1.52:-7.27;-1.52:-7.27,-1.269183:-7.472987;-1.25364:-7.470159;-1.244178:-7.47743;-1.242359:-7.476197;-1.231195:-7.478017;-1.205128:-7.477531;-1.186516:-7.473268;-1.177051:-7.479931;-1.159556:-7.499592;-1.148113:-7.491287;-1.11174:-7.491446;-1.08314:-7.499657,sigma3_hotel_seed42,3
HOTEL:biwi_hotel:38:1390,HOTEL,biwi_hotel:38,1390,triu,0.2235427945852279,0.3960776329040527,-1.29:-7.52;-1.27:-7.47;-1.27:-7.47;-1.27:-7.47;-1.27:-7.47;-1.27:-7.47;-1.27:-7.47;-1.27:-7.47,-1.27:-7.47;-1.27:-7.47;-1.27:-7.47;-1.29:-7.47;-1.38:-7.43;-1.47:-7.34;-1.51:-7.27;-1.52:-7.27;-1.52:-7.27;-1.52:-7.27;-1.52:-7.27;-1.52:-7.27,-1.266351:-7.470216;-1.258177:-7.465065;-1.257318:-7.474231;-1.252832:-7.474461;-1.255613:-7.477873;-1.241359:-7.474102;-1.243395:-7.475674;-1.228773:-7.487037;-1.23086:-7.489507;-1.223141:-7.497107;-1.199895:-7.482289;-1.191981:-7.491993,sigma3_hotel_seed42,3
HOTEL:biwi_hotel:38:1400,HOTEL,biwi_hotel:38,1400,triu,0.1683690696954727,0.2290995270013809,-1.27:-7.47;-1.27:-7.47;-1.27:-7.47;-1.27:-7.47;-1.27:-7.47;-1.27:-7.47;-1.27:-7.47;-1.27:-7.47,-1.27:-7.47;-1.27:-7.47;-1.29:-7.47;-1.38:-7.43;-1.47:-7.34;-1.51:-7.27;-1.52:-7.27;-1.52:-7.27;-1.52:-7.27;-1.52:-7.27;-1.52:-7.27;-1.52:-7.27,-1.280372:-7.470133;-1.283073:-7.47024;-1.295774:-7.470204;-1.311243:-7.466161;-1.322573:-7.468556;-1.339167:-7.469744;-1.362227:-7.475839;-1.365875:-7.474138;-1.377934:-7.468045;-1.396122:-7.472235;-1.406144:-7.469788;-1.427195:-7.479461,sigma3_hotel_seed42,3
HOTEL:biwi_hotel:38:1410,HOTEL,biwi_hotel:38,1410,triu,0.1925815492868423,0.2290995270013809,-1.27:-7.47;-1.27:-7.47;-1.27:-7.47;-1.27:-7.47;-1.27:-7.47;-1.27:-7.47;-1.27:-7.47;-1.27:-7.47,-1.27:-7.47;-1.29:-7.47;-1.38:-7.43;-1.47:-7.34;-1.51:-7.27;-1.52:-7.27;-1.52:-7.27;-1.52:-7.27;-1.52:-7.27;-1.52:-7.27;-1.52:-7.27;-1.52:-7.27,-1.280372:-7.470133;-1.283073:-7.47024;-1.295774:-7.470204;-1.311243:-7.466161;-1.322573:-7.468556;-1.339167:-7.469744;-1.362227:-7.475839;-1.365875:-7.474138;-1.377934:-7.468045;-1.396122:-7.472235;-1.406144:-7.469788;-1.427195:-7.479461,sigma3_hotel_seed42,3
HOTEL:biwi_hotel:38:1420,HOTEL,biwi_hotel:38,1420,triu,0.2179882377386093,0.2290995270013809,-1.27:-7.47;-1.27:-7.47;-1.27:-7.47;-1.27:-7.47;-1.27:-7.47;-1.27:-7.47;-1.27:-7.47;-1.27:-7.47,-1.29:-7.47;-1.38:-7.43;-1.47:-7.34;-1.51:-7.27;-1.52:-7.27;-1.52:-7.27;-1.52:-7.27;-1.52:-7.27;-1.52:-7.27;-1.52:-7.27;-1.52:-7.27;-1.52:-7.27,-1.280372:-7.470133;-1.283073:-7.47024;-1.295774:-7.470204;-1.311243:-7.466161;-1.322573:-7.468556;-1.339167:-7.469744;-1.362227:-7.475839;-1.365875:-7.474138;-1.377934:-7.468045;-1.396122:-7.472235;-1.406144:-7.469788;-1.427195:-7.479461,sigma3_hotel_seed42,3
HOTEL:biwi_hotel:38:1430,HOTEL,biwi_hotel:38,1430,triu,0.2220466881990432,0.2130127102136612,-1.27:-7.47;-1.27:-7.47;-1.27:-7.47;-1.27:-7.47;-1.27:-7.47;-1.27:-7.47;-1.27:-7.47;-1.29:-7.47,-1.38:-7.43;-1.47:-7.34;-1.51:-7.27;-1.52:-7.27;-1.52:-7.27;-1.52:-7.27;-1.52:-7.27;-1.52:-7.27;-1.52:-7.27;-1.52:-7.27;-1.52:-7.27;-1.52:-7.27,-1.31073:-7.471805;-1.314366:-7.470397;-1.335842:-7.46728;-1.357593:-7.463238;-1.359244:-7.459835;-1.359917:-7.461068;-1.368804:-7.455694;-1.380063:-7.456146;-1.376448:-7.469447;-1.4052:-7.455302;-1.400001:-7.451932;-1.408921:-7.451757,sigma3_hotel_seed42,3
HOTEL:biwi_hotel:38:1440,HOTEL,biwi_hotel:38,1440,triu,0.4017986357212066,0.783530592918396,-1.27:-7.47;-1.27:-7.47;-1.27:-7.47;-1.27:-7.47;-1.27:-7.47;-1.27:-7.47;-1.29:-7.47;-1.38:-7.43,-1.47:-7.34;-1.51:-7.27;-1.52:-7.27;-1.52:-7.27;-1.52:-7.27;-1.52:-7.27;-1.52:-7.27;-1.52:-7.27;-1.52:-7.27;-1.52:-7.27;-1.52:-7.27;-1.52:-7.27,-1.450069:-7.434352;-1.530708:-7.431933;-1.60676:-7.421647;-1.671823:-7.425036;-1.760445:-7.419931;-1.835162:-7.392977;-1.904709:-7.374243;-1.980375:-7.401203;-2.054168:-7.424985;-2.126771:-7.399358;-2.220055:-7.394861;-2.29801:-7.36285,sigma3_hotel_seed42,3
HOTEL:biwi_hotel:38:1450,HOTEL,biwi_hotel:38,1450,triu,0.3249237835407257,0.6340265870094299,-1.27:-7.47;-1.27:-7.47;-1.27:-7.47;-1.27:-7.47;-1.27:-7.47;-1.29:-7.47;-1.38:-7.43;-1.47:-7.34,-1.51:-7.27;-1.52:-7.27;-1.52:-7.27;-1.52:-7.27;-1.52:-7.27;-1.52:-7.27;-1.52:-7.27;-1.52:-7.27;-1.52:-7.27;-1.52:-7.27;-1.52:-7.27;-1.52:-7.27,-1.520241:-7.343347;-1.57972:-7.343383;-1.637581:-7.332268;-1.684194:-7.337145;-1.75064:-7.332037;-1.80375:-7.309085;-1.853879:-7.294809;-1.909658:-7.3171;-1.967986:-7.340867;-2.025098:-7.322634;-2.09035:-7.313348;-2.153893:-7.283026,sigma3_hotel_seed42,3
HOTEL:biwi_hotel:38:1460,HOTEL,biwi_hotel:38,1460,triu,0.3907561004161834,0.7309724688529968,-1.27:-7.47;-1.27:-7.47;-1.27:-7.47;-1.27:-7.47;-1.29:-7.47;-1.38:-7.43;-1.47:-7.34;-1.51:-7.27,-1.52:-7.27;-1.52:-7.27;-1.52:-7.27;-1.52:-7.27;-1.52:-7.27;-1.52:-7.27;-1.52:-7.27;-1.52:-7.27;-1.52:-7.27;-1.52:-7.27;-1.52:-7.27;-1.52:-7.27,-1.566472:-7.264711;-1.628658:-7.253262;-1.70065:-7.255291;-1.753533:-7.258852;-1.826055:-7.256402;-1.876374:-7.244027;-1.953768:-7.245553;-1.994707:-7.259236;-2.068792:-7.248952;-2.128949:-7.263474;-2.173373:-7.221076;-2.249061:-7.217167,sigma3_hotel_seed42,3
HOTEL:biwi_hotel:38:1470,HOTEL,biwi_hotel:38,1470,triu,0.2383756041526794,0.4530269205570221,-1.27:-7.47;-1.27:-7.47;-1.27:-7.47;-1.29:-7.47;-1.38:-7.43;-1.47:-7.34;-1.51:-7.27;-1.52:-7.27,-1.52:-7.27;-1.52:-7.27;-1.52:-7.27;-1.52:-7.27;-1.52:-7.27;-1.52:-7.27;-1.52:-7.27;-1.52:-7.27;-1.52:-7.27;-1.52:-7.27;-1.52:-7.27;-1.52:-7.27,-1.551811:-7.268516;-1.580711:-7.26369;-1.620986:-7.26949;-1.66501:-7.26826;-1.706871:-7.271657;-1.727937:-7.263772;-1.782663:-7.266134;-1.814288:-7.265689;-1.856954:-7.26827;-1.902402:-7.276776;-1.916656:-7.248306;-1.972527:-7.248714,sigma3_hotel_seed42,3
HOTEL:biwi_hotel:38:1480,HOTEL,biwi_hotel:38,1480,triu,0.1135352924466133,0.204324796795845,-1.27:-7.47;-1.27:-7.47;-1.29:-7.47;-1.38:-7.43;-1.47:-7.34;-1.51:-7.27;-1.52:-7.27;-1.52:-7.27,-1.52:-7.27;-1.52:-7.27;-1.52:-7.27;-1.52:-7.27;-1.52:-7.27;-1.52:-7.27;-1.52:-7.27;-1.52:-7.27;-1.52:-7.27;-1.52:-7.27;-1.52:-7.27;-1.52:-7.27,-1.536663:-7.273528;-1.554461:-7.272817;-1.56436:-7.278533;-1.586152:-7.276015;-1.605548:-7.285253;-1.623152:-7.274306;-1.651581:-7.275182;-1.66914:-7.2807;-1.682445:-7.288811;-1.684527:-7.285848;-1.713715:-7.289839;-1.72356:-7.287665,sigma3_hotel_seed42,3
HOTEL:biwi_hotel:38:1490,HOTEL,biwi_hotel:38,1490,triu,0.3762809038162231,0.7418479323387146,-1.27:-7.47;-1.29:-7.47;-1.38:-7.43;-1.47:-7.34;-1.51:-7.27;-1.52:-7.27;-1.52:-7.27;-1.52:-7.27,-1.52:-7.27;-1.52:-7.27;-1.52:-7.27;-1.52:-7.27;-1.52:-7.27;-1.52:-7.27;-1.52:-7.27;-1.52:-7.27;-1.52:-7.27;-1.52:-7.27;-1.52:-7.27;-1.52:-7.27,-1.556929:-7.271955;-1.624118:-7.267972;-1.684786:-7.261042;-1.722378:-7.279582;-1.807741:-7.279697;-1.872676:-7.23632;-1.936548:-7.247464;-1.97963:-7.285172;-2.041569:-7.281599;-2.084454:-7.295372;-2.178531:-7.250222;-2.26096:-7.233707,sigma3_hotel_seed42,3
HOTEL:biwi_hotel:38:1500,HOTEL,biwi_hotel:38,1500,triu,0.0237732175737619,0.0690837651491165,-1.29:-7.47;-1.38:-7.43;-1.47:-7.34;-1.51:-7.27;-1.52:-7.27;-1.52:-7.27;-1.52:-7.27;-1.52:-7.27,-1.52:-7.27;-1.52:-7.27;-1.52:-7.27;-1.52:-7.27;-1.52:-7.27;-1.52:-7.27;-1.52:-7.27;-1.52:-7.27;-1.52:-7.27;-1.52:-7.27;-1.52:-7.27;-1.52:-7.27,-1.522295:-7.273498;-1.523875:-7.273639;-1.516838:-7.280071;-1.518589:-7.276842;-1.514959:-7.285736;-1.510052:-7.276037;-1.510858:-7.275697;-1.507612:-7.283869;-1.500203:-7.29671;-1.477804:-7.294127;-1.480808:-7.300681;-1.457413:-7.299248,sigma3_hotel_seed42,3
HOTEL:biwi_hotel:38:1510,HOTEL,biwi_hotel:38,1510,triu,0.0859231278300285,0.211260437965393,-1.38:-7.43;-1.47:-7.34;-1.51:-7.27;-1.52:-7.27;-1.52:-7.27;-1.52:-7.27;-1.52:-7.27;-1.52:-7.27,-1.52:-7.27;-1.52:-7.27;-1.52:-7.27;-1.52:-7.27;-1.52:-7.27;-1.52:-7.27;-1.52:-7.27;-1.52:-7.27;-1.52:-7.27;-1.52:-7.27;-1.52:-7.27;-1.52:-7.27,-1.518566:-7.275383;-1.512928:-7.278832;-1.495318:-7.283045;-1.49341:-7.278374;-1.471719:-7.28744;-1.452928:-7.276146;-1.433309:-7.272989;-1.42731:-7.278837;-1.400207:-7.30572;-1.365815:-7.294878;-1.357306:-7.309466;-1.311238:-7.302395,sigma3_hotel_seed42,3
HOTEL:biwi_hotel:38:1520,HOTEL,biwi_hotel:38,1520,triu,0.0684426799416542,0.162100464105606,-1.47:-7.34;-1.51:-7.27;-1.52:-7.27;-1.52:-7.27;-1.52:-7.27;-1.52:-7.27;-1.52:-7.27;-1.52:-7.27,-1.52:-7.27;-1.52:-7.27;-1.52:-7.27;-1.52:-7.27;-1.52:-7.27;-1.52:-7.27;-1.52:-7.27;-1.52:-7.27;-1.52:-7.27;-1.52:-7.27;-1.52:-7.27;-1.52:-7.27,-1.514706:-7.272774;-1.509963:-7.272499;-1.498307:-7.278945;-1.490129:-7.2768;-1.479556:-7.284603;-1.465596:-7.274381;-1.45663:-7.27454;-1.442796:-7.285851;-1.43012:-7.297768;-1.400182:-7.298955;-1.391935:-7.299967;-1.360425:-7.298501,sigma3_hotel_seed42,3
HOTEL:biwi_hotel:38:1530,HOTEL,biwi_hotel:38,1530,triu,0.0904781520366668,0.1887353062629699,-1.51:-7.27;-1.52:-7.27;-1.52:-7.27;-1.52:-7.27;-1.52:-7.27;-1.52:-7.27;-1.52:-7.27;-1.52:-7.27,-1.52:-7.27;-1.52:-7.27;-1.52:-7.27;-1.52:-7.27;-1.52:-7.27;-1.52:-7.27;-1.52:-7.27;-1.52:-7.27;-1.52:-7.27;-1.52:-7.27;-1.52:-7.27;-1.52:-7.27,-1.533994:-7.27032;-1.533567:-7.269685;-1.544664:-7.27196;-1.567738:-7.269228;-1.587564:-7.274599;-1.595409:-7.270765;-1.620017:-7.280159;-1.630421:-7.275971;-1.647319:-7.278222;-1.677483:-7.279405;-1.677333:-7.267542;-1.708342:-7.282182,sigma3_hotel_seed42,3
HOTEL:biwi_hotel:38:1540,HOTEL,biwi_hotel:38,1540,triu,0.0773748382925987,0.1574793010950088,-1.52:-7.27;-1.52:-7.27;-1.52:-7.27;-1.52:-7.27;-1.52:-7.27;-1.52:-7.27;-1.52:-7.27;-1.52:-7.27,-1.52:-7.27;-1.52:-7.27;-1.52:-7.27;-1.52:-7.27;-1.52:-7.27;-1.52:-7.27;-1.52:-7.27;-1.52:-7.27;-1.52:-7.27;-1.52:-7.27;-1.52:-7.27;-1.52:-7.27,-1.530372:-7.270133;-1.533073:-7.27024;-1.545774:-7.270204;-1.561243:-7.266161;-1.572573:-7.268557;-1.589167:-7.269744;-1.612227:-7.275839;-1.615875:-7.274138;-1.627934:-7.268045;-1.646122:-7.272235;-1.656144:-7.269788;-1.677195:-7.279461,sigma3_hotel_seed42,3
HOTEL:biwi_hotel:38:1550,HOTEL,biwi_hotel:38,1550,triu,0.0773748382925987,0.1574793010950088,-1.52:-7.27;-1.52:-7.27;-1.52:-7.27;-1.52:-7.27;-1.52:-7.27;-1.52:-7.27;-1.52:-7.27;-1.52:-7.27,-1.52:-7.27;-1.52:-7.27;-1.52:-7.27;-1.52:-7.27;-1.52:-7.27;-1.52:-7.27;-1.52:-7.27;-1.52:-7.27;-1.52:-7.27;-1.52:-7.27;-1.52:-7.27;-1.52:-7.27,-1.530372:-7.270133;-1.533073:-7.27024;-1.545774:-7.270204;-1.561243:-7.266161;-1.572573:-7.268557;-1.589167:-7.269744;-1.612227:-7.275839;-1.615875:-7.274138;-1.627934:-7.268045;-1.646122:-7.272235;-1.656144:-7.269788;-1.677195:-7.279461,sigma3_hotel_seed42,3
HOTEL:biwi_hotel:38:1560,HOTEL,biwi_hotel:38,1560,triu,0.0773748382925987,0.1574793010950088,-1.52:-7.27;-1.52:-7.27;-1.52:-7.27;-1.52:-7.27;-1.52:-7.27;-1.52:-7.27;-1.52:-7.27;-1.52:-7.27,-1.52:-7.27;-1.52:-7.27;-1.52:-7.27;-1.52:-7.27;-1.52:-7.27;-1.52:-7.27;-1.52:-7.27;-1.52:-7.27;-1.52:-7.27;-1.52:-7.27;-1.52:-7.27;-1.52:-7.27,-1.530372:-7.270133;-1.533073:-7.27024;-1.545774:-7.270204;-1.561243:-7.266161;-1.572573:-7.268557;-1.589167:-7.269744;-1.612227:-7.275839;-1.615875:-7.274138;-1.627934:-7.268045;-1.646122:-7.272235;-1.656144:-7.269788;-1.677195:-7.279461,sigma3_hotel_seed42,3
HOTEL:biwi_hotel:38:1570,HOTEL,biwi_hotel:38,1570,triu,0.0773748382925987,0.1574793010950088,-1.52:-7.27;-1.52:-7.27;-1.52:-7.27;-1.52:-7.27;-1.52:-7.27;-1.52:-7.27;-1.52:-7.27;-1.52:-7.27,-1.52:-7.27;-1.52:-7.27;-1.52:-7.27;-1.52:-7.27;-1.52:-7.27;-1.52:-7.27;-1.52:-7.27;-1.52:-7.27;-1.52:-7.27;-1.52:-7.27;-1.52:-7.27;-1.52:-7.27,-1.530372:-7.270133;-1.533073:-7.27024;-1.545774:-7.270204;-1.561243:-7.266161;-1.572573:-7.268557;-1.589167:-7.269744;-1.612227:-7.275839;-1.615875:-7.274138;-1.627934:-7.268045;-1.646122:-7.272235;-1.656144:-7.269788;-1.677195:-7.279461,sigma3_hotel_seed42,3
HOTEL:biwi_hotel:38:1580,HOTEL,biwi_hotel:38,1580,triu,0.0773748382925987,0.1574793010950088,-1.52:-7.27;-1.52:-7.27;-1.52:-7.27;-1.52:-7.27;-1.52:-7.27;-1.52:-7.27;-1.52:-7.27;-1.52:-7.27,-1.52:-7.27;-1.52:-7.27;-1.52:-7.27;-1.52:-7.27;-1.52:-7.27;-1.52:-7.27;-1.52:-7.27;-1.52:-7.27;-1.52:-7.27;-1.52:-7.27;-1.52:-7.27;-1.52:-7.27,-1.530372:-7.270133;-1.533073:-7.27024;-1.545774:-7.270204;-1.561243:-7.266161;-1.572573:-7.268557;-1.589167:-7.269744;-1.612227:-7.275839;-1.615875:-7.274138;-1.627934:-7.268045;-1.646122:-7.272235;-1.656144:-7.269788;-1.677195:-7.279461,sigma3_hotel_seed42,3
HOTEL:biwi_hotel:38:1590,HOTEL,biwi_hotel:38,1590,triu,0.0773748382925987,0.1574793010950088,-1.52:-7.27;-1.52:-7.27;-1.52:-7.27;-1.52:-7.27;-1.52:-7.27;-1.52:-7.27;-1.52:-7.27;-1.52:-7.27,-1.52:-7.27;-1.52:-7.27;-1.52:-7.27;-1.52:-7.27;-1.52:-7.27;-1.52:-7.27;-1.52:-7.27;-1.52:-7.27;-1.52:-7.27;-1.52:-7.27;-1.52:-7.27;-1.52:-7.27,-1.530372:-7.270133;-1.533073:-7.27024;-1.545774:-7.270204;-1.561243:-7.266161;-1.572573:-7.268557;-1.589167:-7.269744;-1.612227:-7.275839;-1.615875:-7.274138;-1.627934:-7.268045;-1.646122:-7.272235;-1.656144:-7.269788;-1.677195:-7.279461,sigma3_hotel_seed42,3
HOTEL:biwi_hotel:38:1600,HOTEL,biwi_hotel:38,1600,triu,0.0773748382925987,0.1574793010950088,-1.52:-7.27;-1.52:-7.27;-1.52:-7.27;-1.52:-7.27;-1.52:-7.27;-1.52:-7.27;-1.52:-7.27;-1.52:-7.27,-1.52:-7.27;-1.52:-7.27;-1.52:-7.27;-1.52:-7.27;-1.52:-7.27;-1.52:-7.27;-1.52:-7.27;-1.52:-7.27;-1.52:-7.27;-1.52:-7.27;-1.52:-7.27;-1.52:-7.27,-1.530372:-7.270133;-1.533073:-7.27024;-1.545774:-7.270204;-1.561243:-7.266161;-1.572573:-7.268557;-1.589167:-7.269744;-1.612227:-7.275839;-1.615875:-7.274138;-1.627934:-7.268045;-1.646122:-7.272235;-1.656144:-7.269788;-1.677195:-7.279461,sigma3_hotel_seed42,3
HOTEL:biwi_hotel:38:1610,HOTEL,biwi_hotel:38,1610,triu,0.0773748382925987,0.1574793010950088,-1.52:-7.27;-1.52:-7.27;-1.52:-7.27;-1.52:-7.27;-1.52:-7.27;-1.52:-7.27;-1.52:-7.27;-1.52:-7.27,-1.52:-7.27;-1.52:-7.27;-1.52:-7.27;-1.52:-7.27;-1.52:-7.27;-1.52:-7.27;-1.52:-7.27;-1.52:-7.27;-1.52:-7.27;-1.52:-7.27;-1.52:-7.27;-1.52:-7.27,-1.530372:-7.270133;-1.533073:-7.27024;-1.545774:-7.270204;-1.561243:-7.266161;-1.572573:-7.268557;-1.589167:-7.269744;-1.612227:-7.275839;-1.615875:-7.274138;-1.627934:-7.268045;-1.646122:-7.272235;-1.656144:-7.269788;-1.677195:-7.279461,sigma3_hotel_seed42,3
HOTEL:biwi_hotel:38:1620,HOTEL,biwi_hotel:38,1620,triu,0.0773748382925987,0.1574793010950088,-1.52:-7.27;-1.52:-7.27;-1.52:-7.27;-1.52:-7.27;-1.52:-7.27;-1.52:-7.27;-1.52:-7.27;-1.52:-7.27,-1.52:-7.27;-1.52:-7.27;-1.52:-7.27;-1.52:-7.27;-1.52:-7.27;-1.52:-7.27;-1.52:-7.27;-1.52:-7.27;-1.52:-7.27;-1.52:-7.27;-1.52:-7.27;-1.52:-7.27,-1.530372:-7.270133;-1.533073:-7.27024;-1.545774:-7.270204;-1.561243:-7.266161;-1.572573:-7.268557;-1.589167:-7.269744;-1.612227:-7.275839;-1.615875:-7.274138;-1.627934:-7.268045;-1.646122:-7.272235;-1.656144:-7.269788;-1.677195:-7.279461,sigma3_hotel_seed42,3
HOTEL:biwi_hotel:38:1630,HOTEL,biwi_hotel:38,1630,triu,0.0773748382925987,0.1574793010950088,-1.52:-7.27;-1.52:-7.27;-1.52:-7.27;-1.52:-7.27;-1.52:-7.27;-1.52:-7.27;-1.52:-7.27;-1.52:-7.27,-1.52:-7.27;-1.52:-7.27;-1.52:-7.27;-1.52:-7.27;-1.52:-7.27;-1.52:-7.27;-1.52:-7.27;-1.52:-7.27;-1.52:-7.27;-1.52:-7.27;-1.52:-7.27;-1.52:-7.27,-1.530372:-7.270133;-1.533073:-7.27024;-1.545774:-7.270204;-1.561243:-7.266161;-1.572573:-7.268557;-1.589167:-7.269744;-1.612227:-7.275839;-1.615875:-7.274138;-1.627934:-7.268045;-1.646122:-7.272235;-1.656144:-7.269788;-1.677195:-7.279461,sigma3_hotel_seed42,3
HOTEL:biwi_hotel:38:1640,HOTEL,biwi_hotel:38,1640,triu,0.0773748382925987,0.1574793010950088,-1.52:-7.27;-1.52:-7.27;-1.52:-7.27;-1.52:-7.27;-1.52:-7.27;-1.52:-7.27;-1.52:-7.27;-1.52:-7.27,-1.52:-7.27;-1.52:-7.27;-1.52:-7.27;-1.52:-7.27;-1.52:-7.27;-1.52:-7.27;-1.52:-7.27;-1.52:-7.27;-1.52:-7.27;-1.52:-7.27;-1.52:-7.27;-1.52:-7.27,-1.530372:-7.270133;-1.533073:-7.27024;-1.545774:-7.270204;-1.561243:-7.266161;-1.572573:-7.268557;-1.589167:-7.269744;-1.612227:-7.275839;-1.615875:-7.274138;-1.627934:-7.268045;-1.646122:-7.272235;-1.656144:-7.269788;-1.677195:-7.279461,sigma3_hotel_seed42,3
HOTEL:biwi_hotel:38:1650,HOTEL,biwi_hotel:38,1650,triu,0.0773748382925987,0.1574793010950088,-1.52:-7.27;-1.52:-7.27;-1.52:-7.27;-1.52:-7.27;-1.52:-7.27;-1.52:-7.27;-1.52:-7.27;-1.52:-7.27,-1.52:-7.27;-1.52:-7.27;-1.52:-7.27;-1.52:-7.27;-1.52:-7.27;-1.52:-7.27;-1.52:-7.27;-1.52:-7.27;-1.52:-7.27;-1.52:-7.27;-1.52:-7.27;-1.52:-7.27,-1.530372:-7.270133;-1.533073:-7.27024;-1.545774:-7.270204;-1.561243:-7.266161;-1.572573:-7.268557;-1.589167:-7.269744;-1.612227:-7.275839;-1.615875:-7.274138;-1.627934:-7.268045;-1.646122:-7.272235;-1.656144:-7.269788;-1.677195:-7.279461,sigma3_hotel_seed42,3
HOTEL:biwi_hotel:38:1660,HOTEL,biwi_hotel:38,1660,triu,0.0773748382925987,0.1574793010950088,-1.52:-7.27;-1.52:-7.27;-1.52:-7.27;-1.52:-7.27;-1.52:-7.27;-1.52:-7.27;-1.52:-7.27;-1.52:-7.27,-1.52:-7.27;-1.52:-7.27;-1.52:-7.27;-1.52:-7.27;-1.52:-7.27;-1.52:-7.27;-1.52:-7.27;-1.52:-7.27;-1.52:-7.27;-1.52:-7.27;-1.52:-7.27;-1.52:-7.27,-1.530372:-7.270133;-1.533073:-7.27024;-1.545774:-7.270204;-1.561243:-7.266161;-1.572573:-7.268557;-1.589167:-7.269744;-1.612227:-7.275839;-1.615875:-7.274138;-1.627934:-7.268045;-1.646122:-7.272235;-1.656144:-7.269788;-1.677195:-7.279461,sigma3_hotel_seed42,3
HOTEL:biwi_hotel:38:1670,HOTEL,biwi_hotel:38,1670,triu,0.0773748382925987,0.1574793010950088,-1.52:-7.27;-1.52:-7.27;-1.52:-7.27;-1.52:-7.27;-1.52:-7.27;-1.52:-7.27;-1.52:-7.27;-1.52:-7.27,-1.52:-7.27;-1.52:-7.27;-1.52:-7.27;-1.52:-7.27;-1.52:-7.27;-1.52:-7.27;-1.52:-7.27;-1.52:-7.27;-1.52:-7.27;-1.52:-7.27;-1.52:-7.27;-1.52:-7.27,-1.530372:-7.270133;-1.533073:-7.27024;-1.545774:-7.270204;-1.561243:-7.266161;-1.572573:-7.268557;-1.589167:-7.269744;-1.612227:-7.275839;-1.615875:-7.274138;-1.627934:-7.268045;-1.646122:-7.272235;-1.656144:-7.269788;-1.677195:-7.279461,sigma3_hotel_seed42,3
HOTEL:biwi_hotel:38:1680,HOTEL,biwi_hotel:38,1680,triu,0.0773748382925987,0.1574793010950088,-1.52:-7.27;-1.52:-7.27;-1.52:-7.27;-1.52:-7.27;-1.52:-7.27;-1.52:-7.27;-1.52:-7.27;-1.52:-7.27,-1.52:-7.27;-1.52:-7.27;-1.52:-7.27;-1.52:-7.27;-1.52:-7.27;-1.52:-7.27;-1.52:-7.27;-1.52:-7.27;-1.52:-7.27;-1.52:-7.27;-1.52:-7.27;-1.52:-7.27,-1.530372:-7.270133;-1.533073:-7.27024;-1.545774:-7.270204;-1.561243:-7.266161;-1.572573:-7.268557;-1.589167:-7.269744;-1.612227:-7.275839;-1.615875:-7.274138;-1.627934:-7.268045;-1.646122:-7.272235;-1.656144:-7.269788;-1.677195:-7.279461,sigma3_hotel_seed42,3
HOTEL:biwi_hotel:38:1690,HOTEL,biwi_hotel:38,1690,triu,0.0773748382925987,0.1574793010950088,-1.52:-7.27;-1.52:-7.27;-1.52:-7.27;-1.52:-7.27;-1.52:-7.27;-1.52:-7.27;-1.52:-7.27;-1.52:-7.27,-1.52:-7.27;-1.52:-7.27;-1.52:-7.27;-1.52:-7.27;-1.52:-7.27;-1.52:-7.27;-1.52:-7.27;-1.52:-7.27;-1.52:-7.27;-1.52:-7.27;-1.52:-7.27;-1.52:-7.27,-1.530372:-7.270133;-1.533073:-7.27024;-1.545774:-7.270204;-1.561243:-7.266161;-1.572573:-7.268557;-1.589167:-7.269744;-1.612227:-7.275839;-1.615875:-7.274138;-1.627934:-7.268045;-1.646122:-7.272235;-1.656144:-7.269788;-1.677195:-7.279461,sigma3_hotel_seed42,3
HOTEL:biwi_hotel:38:1700,HOTEL,biwi_hotel:38,1700,triu,0.0773748382925987,0.1574793010950088,-1.52:-7.27;-1.52:-7.27;-1.52:-7.27;-1.52:-7.27;-1.52:-7.27;-1.52:-7.27;-1.52:-7.27;-1.52:-7.27,-1.52:-7.27;-1.52:-7.27;-1.52:-7.27;-1.52:-7.27;-1.52:-7.27;-1.52:-7.27;-1.52:-7.27;-1.52:-7.27;-1.52:-7.27;-1.52:-7.27;-1.52:-7.27;-1.52:-7.27,-1.530372:-7.270133;-1.533073:-7.27024;-1.545774:-7.270204;-1.561243:-7.266161;-1.572573:-7.268557;-1.589167:-7.269744;-1.612227:-7.275839;-1.615875:-7.274138;-1.627934:-7.268045;-1.646122:-7.272235;-1.656144:-7.269788;-1.677195:-7.279461,sigma3_hotel_seed42,3
HOTEL:biwi_hotel:38:1710,HOTEL,biwi_hotel:38,1710,triu,0.0773748382925987,0.1574793010950088,-1.52:-7.27;-1.52:-7.27;-1.52:-7.27;-1.52:-7.27;-1.52:-7.27;-1.52:-7.27;-1.52:-7.27;-1.52:-7.27,-1.52:-7.27;-1.52:-7.27;-1.52:-7.27;-1.52:-7.27;-1.52:-7.27;-1.52:-7.27;-1.52:-7.27;-1.52:-7.27;-1.52:-7.27;-1.52:-7.27;-1.52:-7.27;-1.52:-7.27,-1.530372:-7.270133;-1.533073:-7.27024;-1.545774:-7.270204;-1.561243:-7.266161;-1.572573:-7.268557;-1.589167:-7.269744;-1.612227:-7.275839;-1.615875:-7.274138;-1.627934:-7.268045;-1.646122:-7.272235;-1.656144:-7.269788;-1.677195:-7.279461,sigma3_hotel_seed42,3
HOTEL:biwi_hotel:38:1720,HOTEL,biwi_hotel:38,1720,triu,0.0773748382925987,0.1574793010950088,-1.52:-7.27;-1.52:-7.27;-1.52:-7.27;-1.52:-7.27;-1.52:-7.27;-1.52:-7.27;-1.52:-7.27;-1.52:-7.27,-1.52:-7.27;-1.52:-7.27;-1.52:-7.27;-1.52:-7.27;-1.52:-7.27;-1.52:-7.27;-1.52:-7.27;-1.52:-7.27;-1.52:-7.27;-1.52:-7.27;-1.52:-7.27;-1.52:-7.27,-1.530372:-7.270133;-1.533073:-7.27024;-1.545774:-7.270204;-1.561243:-7.266161;-1.572573:-7.268557;-1.589167:-7.269744;-1.612227:-7.275839;-1.615875:-7.274138;-1.627934:-7.268045;-1.646122:-7.272235;-1.656144:-7.269788;-1.677195:-7.279461,sigma3_hotel_seed42,3
HOTEL:biwi_hotel:38:1730,HOTEL,biwi_hotel:38,1730,triu,0.0773748382925987,0.1574793010950088,-1.52:-7.27;-1.52:-7.27;-1.52:-7.27;-1.52:-7.27;-1.52:-7.27;-1.52:-7.27;-1.52:-7.27;-1.52:-7.27,-1.52:-7.27;-1.52:-7.27;-1.52:-7.27;-1.52:-7.27;-1.52:-7.27;-1.52:-7.27;-1.52:-7.27;-1.52:-7.27;-1.52:-7.27;-1.52:-7.27;-1.52:-7.27;-1.52:-7.27,-1.530372:-7.270133;-1.533073:-7.27024;-1.545774:-7.270204;-1.561243:-7.266161;-1.572573:-7.268557;-1.589167:-7.269744;-1.612227:-7.275839;-1.615875:-7.274138;-1.627934:-7.268045;-1.646122:-7.272235;-1.656144:-7.269788;-1.677195:-7.279461,sigma3_hotel_seed42,3
HOTEL:biwi_hotel:38:1740,HOTEL,biwi_hotel:38,1740,triu,0.0773748382925987,0.1574793010950088,-1.52:-7.27;-1.52:-7.27;-1.52:-7.27;-1.52:-7.27;-1.52:-7.27;-1.52:-7.27;-1.52:-7.27;-1.52:-7.27,-1.52:-7.27;-1.52:-7.27;-1.52:-7.27;-1.52:-7.27;-1.52:-7.27;-1.52:-7.27;-1.52:-7.27;-1.52:-7.27;-1.52:-7.27;-1.52:-7.27;-1.52:-7.27;-1.52:-7.27,-1.530372:-7.270133;-1.533073:-7.27024;-1.545774:-7.270204;-1.561243:-7.266161;-1.572573:-7.268557;-1.589167:-7.269744;-1.612227:-7.275839;-1.615875:-7.274138;-1.627934:-7.268045;-1.646122:-7.272235;-1.656144:-7.269788;-1.677195:-7.279461,sigma3_hotel_seed42,3
HOTEL:biwi_hotel:38:1750,HOTEL,biwi_hotel:38,1750,triu,0.0773748382925987,0.1574793010950088,-1.52:-7.27;-1.52:-7.27;-1.52:-7.27;-1.52:-7.27;-1.52:-7.27;-1.52:-7.27;-1.52:-7.27;-1.52:-7.27,-1.52:-7.27;-1.52:-7.27;-1.52:-7.27;-1.52:-7.27;-1.52:-7.27;-1.52:-7.27;-1.52:-7.27;-1.52:-7.27;-1.52:-7.27;-1.52:-7.27;-1.52:-7.27;-1.52:-7.27,-1.530372:-7.270133;-1.533073:-7.27024;-1.545774:-7.270204;-1.561243:-7.266161;-1.572573:-7.268557;-1.589167:-7.269744;-1.612227:-7.275839;-1.615875:-7.274138;-1.627934:-7.268045;-1.646122:-7.272235;-1.656144:-7.269788;-1.677195:-7.279461,sigma3_hotel_seed42,3
HOTEL:biwi_hotel:38:1760,HOTEL,biwi_hotel:38,1760,triu,0.0773748382925987,0.1574793010950088,-1.52:-7.27;-1.52:-7.27;-1.52:-7.27;-1.52:-7.27;-1.52:-7.27;-1.52:-7.27;-1.52:-7.27;-1.52:-7.27,-1.52:-7.27;-1.52:-7.27;-1.52:-7.27;-1.52:-7.27;-1.52:-7.27;-1.52:-7.27;-1.52:-7.27;-1.52:-7.27;-1.52:-7.27;-1.52:-7.27;-1.52:-7.27;-1.52:-7.27,-1.530372:-7.270133;-1.533073:-7.27024;-1.545774:-7.270204;-1.561243:-7.266161;-1.572573:-7.268557;-1.589167:-7.269744;-1.612227:-7.275839;-1.615875:-7.274138;-1.627934:-7.268045;-1.646122:-7.272235;-1.656144:-7.269788;-1.677195:-7.279461,sigma3_hotel_seed42,3
HOTEL:biwi_hotel:38:1770,HOTEL,biwi_hotel:38,1770,triu,0.0773748382925987,0.1574793010950088,-1.52:-7.27;-1.52:-7.27;-1.52:-7.27;-1.52:-7.27;-1.52:-7.27;-1.52:-7.27;-1.52:-7.27;-1.52:-7.27,-1.52:-7.27;-1.52:-7.27;-1.52:-7.27;-1.52:-7.27;-1.52:-7.27;-1.52:-7.27;-1.52:-7.27;-1.52:-7.27;-1.52:-7.27;-1.52:-7.27;-1.52:-7.27;-1.52:-7.27,-1.530372:-7.270133;-1.533073:-7.27024;-1.545774:-7.270204;-1.561243:-7.266161;-1.572573:-7.268557;-1.589167:-7.269744;-1.612227:-7.275839;-1.615875:-7.274138;-1.627934:-7.268045;-1.646122:-7.272235;-1.656144:-7.269788;-1.677195:-7.279461,sigma3_hotel_seed42,3
HOTEL:biwi_hotel:38:1780,HOTEL,biwi_hotel:38,1780,triu,0.0773748382925987,0.1574793010950088,-1.52:-7.27;-1.52:-7.27;-1.52:-7.27;-1.52:-7.27;-1.52:-7.27;-1.52:-7.27;-1.52:-7.27;-1.52:-7.27,-1.52:-7.27;-1.52:-7.27;-1.52:-7.27;-1.52:-7.27;-1.52:-7.27;-1.52:-7.27;-1.52:-7.27;-1.52:-7.27;-1.52:-7.27;-1.52:-7.27;-1.52:-7.27;-1.52:-7.27,-1.530372:-7.270133;-1.533073:-7.27024;-1.545774:-7.270204;-1.561243:-7.266161;-1.572573:-7.268557;-1.589167:-7.269744;-1.612227:-7.275839;-1.615875:-7.274138;-1.627934:-7.268045;-1.646122:-7.272235;-1.656144:-7.269788;-1.677195:-7.279461,sigma3_hotel_seed42,3
HOTEL:biwi_hotel:38:1790,HOTEL,biwi_hotel:38,1790,triu,0.0773748382925987,0.1574793010950088,-1.52:-7.27;-1.52:-7.27;-1.52:-7.27;-1.52:-7.27;-1.52:-7.27;-1.52:-7.27;-1.52:-7.27;-1.52:-7.27,-1.52:-7.27;-1.52:-7.27;-1.52:-7.27;-1.52:-7.27;-1.52:-7.27;-1.52:-7.27;-1.52:-7.27;-1.52:-7.27;-1.52:-7.27;-1.52:-7.27;-1.52:-7.27;-1.52:-7.27,-1.530372:-7.270133;-1.533073:-7.27024;-1.545774:-7.270204;-1.561243:-7.266161;-1.572573:-7.268557;-1.589167:-7.269744;-1.612227:-7.275839;-1.615875:-7.274138;-1.627934:-7.268045;-1.646122:-7.272235;-1.656144:-7.269788;-1.677195:-7.279461,sigma3_hotel_seed42,3
HOTEL:biwi_hotel:38:1800,HOTEL,biwi_hotel:38,1800,triu,0.0773748382925987,0.1574793010950088,-1.52:-7.27;-1.52:-7.27;-1.52:-7.27;-1.52:-7.27;-1.52:-7.27;-1.52:-7.27;-1.52:-7.27;-1.52:-7.27,-1.52:-7.27;-1.52:-7.27;-1.52:-7.27;-1.52:-7.27;-1.52:-7.27;-1.52:-7.27;-1.52:-7.27;-1.52:-7.27;-1.52:-7.27;-1.52:-7.27;-1.52:-7.27;-1.52:-7.27,-1.530372:-7.270133;-1.533073:-7.27024;-1.545774:-7.270204;-1.561243:-7.266161;-1.572573:-7.268557;-1.589167:-7.269744;-1.612227:-7.275839;-1.615875:-7.274138;-1.627934:-7.268045;-1.646122:-7.272235;-1.656144:-7.269788;-1.677195:-7.279461,sigma3_hotel_seed42,3
HOTEL:biwi_hotel:391:16570,HOTEL,biwi_hotel:391,16570,triu,2.2995142936706543,4.174415588378906,3.34:-10.19;3.12:-9.64;3.04:-9.14;2.91:-8.65;2.69:-8.15;2.66:-7.61;2.6:-7.2;2.5:-6.81,2.47:-6.45;2.42:-6.12;2.35:-5.8;2.39:-5.52;2.49:-5.23;2.6:-4.91;2.65:-4.62;2.89:-4.27;2.98:-3.98;2.95:-3.64;2.97:-3.42;3.01:-3.14,2.371298:-6.820488;2.224984:-6.861775;2.103022:-6.869072;1.927227:-6.768397;1.837523:-6.810723;1.706031:-6.788646;1.490779:-6.695209;1.308032:-6.648551;1.159001:-6.726148;1.054314:-6.650516;0.889344:-6.793815;0.8038043:-6.68379,sigma3_hotel_seed42,3
HOTEL:biwi_hotel:391:16580,HOTEL,biwi_hotel:391,16580,triu,2.028209924697876,3.5642313957214355,3.12:-9.64;3.04:-9.14;2.91:-8.65;2.69:-8.15;2.66:-7.61;2.6:-7.2;2.5:-6.81;2.47:-6.45,2.42:-6.12;2.35:-5.8;2.39:-5.52;2.49:-5.23;2.6:-4.91;2.65:-4.62;2.89:-4.27;2.98:-3.98;2.95:-3.64;2.97:-3.42;3.01:-3.14;2.97:-2.92,2.457078:-6.462246;2.422877:-6.505046;2.420545:-6.509715;2.366539:-6.433119;2.391031:-6.463941;2.359864:-6.468938;2.300125:-6.385116;2.222742:-6.344284;2.177349:-6.41584;2.182025:-6.369625;2.128978:-6.495533;2.137184:-6.385568,sigma3_hotel_seed42,3
HOTEL:biwi_hotel:391:16590,HOTEL,biwi_hotel:391,16590,triu,2.0397274494171143,3.465334415435791,3.04:-9.14;2.91:-8.65;2.69:-8.15;2.66:-7.61;2.6:-7.2;2.5:-6.81;2.47:-6.45;2.42:-6.12,2.35:-5.8;2.39:-5.52;2.49:-5.23;2.6:-4.91;2.65:-4.62;2.89:-4.27;2.98:-3.98;2.95:-3.64;2.97:-3.42;3.01:-3.14;2.97:-2.92;2.96:-2.78,2.374772:-6.131006;2.312829:-6.170368;2.278195:-6.172346;2.198152:-6.09711;2.19692:-6.124591;2.142001:-6.127975;2.054664:-6.042274;1.954545:-6.003903;1.888063:-6.076286;1.863792:-6.022249;1.788359:-6.14631;1.775935:-6.036767,sigma3_hotel_seed42,3
HOTEL:biwi_hotel:391:16600,HOTEL,biwi_hotel:391,16600,triu,2.1604793071746826,3.597358703613281,2.91:-8.65;2.69:-8.15;2.66:-7.61;2.6:-7.2;2.5:-6.81;2.47:-6.45;2.42:-6.12;2.35:-5.8,2.39:-5.52;2.49:-5.23;2.6:-4.91;2.65:-4.62;2.89:-4.27;2.98:-3.98;2.95:-3.64;2.97:-3.42;3.01:-3.14;2.97:-2.92;2.96:-2.78;2.98:-2.59,2.248314:-5.809392;2.140314:-5.841422;2.048695:-5.831487;1.930357:-5.771492;1.875146:-5.783977;1.771742:-5.788013;1.650952:-5.700417;1.508487:-5.67362;1.408498:-5.745852;1.326933:-5.673942;1.208785:-5.793786;1.153063:-5.688918,sigma3_hotel_seed42,3
HOTEL:biwi_hotel:392:16590,HOTEL,biwi_hotel:392,16590,triu,0.4605548679828644,0.3669833242893219,3.92:-4.09;3.56:-4.25;3.16:-4.19;2.82:-4.18;2.49:-4.3;2.19:-4.3;1.9:-4.24;1.65:-4.24,1.37:-4.38;1.05:-4.42;0.72:-4.36;0.4:-4.35;-0.09:-4.47;-0.36:-4.34;-0.65:-4.37;-0.95:-4.44;-1.21:-4.44;-1.35:-4.39;-1.37:-4.39;-1.37:-4.39,1.394424:-4.225026;1.134586:-4.201457;0.8768021:-4.192694;0.6364737:-4.181141;0.3909112:-4.165795;0.1502579:-4.154391;-0.1057801:-4.131413;-0.3342811:-4.127183;-0.5650026:-4.101711;-0.7789639:-4.092576;-1.011873:-4.071101;-1.234069:-4.049119,sigma3_hotel_seed42,3
HOTEL:biwi_hotel:412:17620,HOTEL,biwi_hotel:412,17620,triu,4.0646843910217285,7.582116603851318,2.73:3.47;2.6:2.91;2.45:2.31;2.38:1.71;2.28:1.13;2.16:0.54;2.14:-0.07;2.09:-0.68,2.05:-1.27;2.05:-1.86;1.96:-2.48;1.89:-3.04;1.83:-3.64;1.76:-4.29;1.79:-4.93;1.71:-5.62;1.65:-6.23;1.69:-6.79;1.63:-7.4;1.52:-8.02,2.007606:-0.6930527;1.853145:-0.8024182;1.748502:-0.848542;1.475684:-0.6274436;1.377751:-0.758704;1.227046:-0.6838844;0.8311977:-0.5956279;0.584769:-0.4368479;0.3505653:-0.5283136;0.2609216:-0.5032755;0.06851745:-0.7334532;-0.07559848:-0.6076756,sigma3_hotel_seed42,3
HOTEL:biwi_hotel:412:17630,HOTEL,biwi_hotel:412,17630,triu,4.107004165649414,7.648208141326904,2.6:2.91;2.45:2.31;2.38:1.71;2.28:1.13;2.16:0.54;2.14:-0.07;2.09:-0.68;2.05:-1.27,2.05:-1.86;1.96:-2.48;1.89:-3.04;1.83:-3.64;1.76:-4.29;1.79:-4.93;1.71:-5.62;1.65:-6.23;1.69:-6.79;1.63:-7.4;1.52:-8.02;1.48:-8.64,1.952722:-1.282606;1.786641:-1.389145;1.667144:-1.434234;1.384307:-1.21511;1.274819:-1.344027;1.114431:-1.268818;0.7081296:-1.179394;0.4532113:-1.024191;0.2112055:-1.115644;0.1079367:-1.085818;-0.09396601:-1.313782;-0.246134:-1.189124,sigma3_hotel_seed42,3
HOTEL:biwi_hotel:412:17640,HOTEL,biwi_hotel:412,17640,triu,4.046309947967529,7.493834495544434,2.45:2.31;2.38:1.71;2.28:1.13;2.16:0.54;2.14:-0.07;2.09:-0.68;2.05:-1.27;2.05:-1.86,1.96:-2.48;1.89:-3.04;1.83:-3.64;1.76:-4.29;1.79:-4.93;1.71:-5.62;1.65:-6.23;1.69:-6.79;1.63:-7.4;1.52:-8.02;1.48:-8.64;1.38:-9.24,2.008775:-1.873923;1.894944:-1.979205;1.836695:-2.02137;1.615819:-1.817679;1.562538:-1.938155;1.449296:-1.877494;1.126479:-1.792043;0.9220461:-1.641982;0.7327921:-1.731077;0.6876503:-1.714417;0.5363401:-1.933722;0.4326233:-1.806291,sigma3_hotel_seed42,3
HOTEL:biwi_hotel:413:17750,HOTEL,biwi_hotel:413,17750,triu,4.023603916168213,7.40300178527832,0.67:-9.43;0.7:-8.8;0.74:-8.19;0.8:-7.59;0.89:-7.01;1:-6.4;1.16:-5.78;1.34:-5.2,1.5:-4.61;1.68:-4.03;1.85:-3.43;2.08:-2.82;2.26:-2.21;2.39:-1.59;2.52:-0.94;2.61:-0.32;2.73:0.29;2.87:0.9;3.01:1.48;3.22:2.05,1.50775:-5.22002;1.586285:-5.331229;1.746854:-5.37435;1.735208:-5.201097;1.867114:-5.313555;1.921726:-5.285381;1.851665:-5.213928;1.821107:-5.073314;1.802685:-5.153076;1.955775:-5.181226;1.973082:-5.386189;2.02814:-5.256429,sigma3_hotel_seed42,3
HOTEL:biwi_hotel:413:17760,HOTEL,biwi_hotel:413,17760,triu,4.053511142730713,7.52689790725708,0.7:-8.8;0.74:-8.19;0.8:-7.59;0.89:-7.01;1:-6.4;1.16:-5.78;1.34:-5.2;1.5:-4.61,1.68:-4.03;1.85:-3.43;2.08:-2.82;2.26:-2.21;2.39:-1.59;2.52:-0.94;2.61:-0.32;2.73:0.29;2.87:0.9;3.01:1.48;3.22:2.05;3.48:2.73,1.653461:-4.629349;1.718134:-4.740247;1.864505:-4.781908;1.839006:-4.608018;1.960096:-4.719465;2.002776:-4.690803;1.918832:-4.618731;1.876005:-4.476303;1.846642:-4.55696;1.987962:-4.583361;1.994792:-4.788876;2.039622:-4.657794,sigma3_hotel_seed42,3
HOTEL:biwi_hotel:414:17770,HOTEL,biwi_hotel:414,17770,triu,3.913162469863892,7.111790657043457,2.79:-10.1;2.69:-9.56;2.63:-8.95;2.66:-8.25;2.63:-7.57;2.68:-6.89;2.71:-6.26;2.73:-5.57,2.82:-4.89;2.81:-4.25;2.82:-3.62;2.89:-2.94;2.84:-2.46;2.8:-2;2.81:-1.52;2.75:-1;2.75:-0.38;2.78:0.23;2.76:0.85;2.82:1.45,2.74864:-5.586032;2.680702:-5.705385;2.679668:-5.754807;2.493218:-5.536162;2.480496:-5.671969;2.404002:-5.607547;2.108139:-5.526461;1.934014:-5.359297;1.769634:-5.448282;1.774791:-5.449972;1.656516:-5.682915;1.579652:-5.552793,sigma3_hotel_seed42,3
HOTEL:biwi_hotel:414:17780,HOTEL,biwi_hotel:414,17780,triu,3.788978576660156,6.974523544311523,2.69:-9.56;2.63:-8.95;2.66:-8.25;2.63:-7.57;2.68:-6.89;2.71:-6.26;2.73:-5.57;2.82:-4.89,2.81:-4.25;2.82:-3.62;2.89:-2.94;2.84:-2.46;2.8:-2;2.81:-1.52;2.75:-1;2.75:-0.38;2.78:0.23;2.76:0.85;2.82:1.45;2.89:2.05,2.91408:-4.907957;2.911708:-5.032561;2.990113:-5.081741;2.873378:-4.870851;2.92873:-5.005209;2.909522:-4.952744;2.700775:-4.877392;2.583949:-4.706436;2.476966:-4.7936;2.556258:-4.815738;2.497544:-5.04678;2.475266:-4.912182,sigma3_hotel_seed42,3
HOTEL:biwi_hotel:46:1150,HOTEL,biwi_hotel:46,1150,triu,0.0773748382925987,0.15747931599617,-1.65:0.9;-1.65:0.9;-1.65:0.9;-1.65:0.9;-1.65:0.9;-1.65:0.9;-1.65:0.9;-1.65:0.9,-1.65:0.9;-1.65:0.9;-1.65:0.9;-1.65:0.9;-1.65:0.9;-1.65:0.9;-1.65:0.9;-1.65:0.9;-1.65:0.9;-1.65:0.9;-1.65:0.9;-1.65:0.9,-1.660372:0.8998671;-1.663073:0.8997598;-1.675774:0.8997957;-1.691243:0.9038392;-1.702573:0.9014434;-1.719167:0.9002554;-1.742227:0.8941605;-1.745875:0.895862;-1.757934:0.9019546;-1.776122:0.8977649;-1.786144:0.9002119;-1.807195:0.8905389,sigma3_hotel_seed42,3
HOTEL:biwi_hotel:46:1160,HOTEL,biwi_hotel:46,1160,triu,0.0773748382925987,0.15747931599617,-1.65:0.9;-1.65:0.9;-1.65:0.9;-1.65:0.9;-1.65:0.9;-1.65:0.9;-1.65:0.9;-1.65:0.9,-1.65:0.9;-1.65:0.9;-1.65:0.9;-1.65:0.9;-1.65:0.9;-1.65:0.9;-1.65:0.9;-1.65:0.9;-1.65:0.9;-1.65:0.9;-1.65:0.9;-1.65:0.9,-1.660372:0.8998671;-1.663073:0.8997598;-1.675774:0.8997957;-1.691243:0.9038392;-1.702573:0.9014434;-1.719167:0.9002554;-1.742227:0.8941605;-1.745875:0.895862;-1.757934:0.9019546;-1.776122:0.8977649;-1.786144:0.9002119;-1.807195:0.8905389,sigma3_hotel_seed42,3
HOTEL:biwi_hotel:46:1170,HOTEL,biwi_hotel:46,1170,triu,0.0773748382925987,0.15747931599617,-1.65:0.9;-1.65:0.9;-1.65:0.9;-1.65:0.9;-1.65:0.9;-1.65:0.9;-1.65:0.9;-1.65:0.9,-1.65:0.9;-1.65:0.9;-1.65:0.9;-1.65:0.9;-1.65:0.9;-1.65:0.9;-1.65:0.9;-1.65:0.9;-1.65:0.9;-1.65:0.9;-1.65:0.9;-1.65:0.9,-1.660372:0.8998671;-1.663073:0.8997598;-1.675774:0.8997957;-1.691243:0.9038392;-1.702573:0.9014434;-1.719167:0.9002554;-1.742227:0.8941605;-1.745875:0.895862;-1.757934:0.9019546;-1.776122:0.8977649;-1.786144:0.9002119;-1.807195:0.8905389,sigma3_hotel_seed42,3
HOTEL:biwi_hotel:46:1180,HOTEL,biwi_hotel:46,1180,triu,0.0773748382925987,0.15747931599617,-1.65:0.9;-1.65:0.9;-1.65:0.9;-1.65:0.9;-1.65:0.9;-1.65:0.9;-1.65:0.9;-1.65:0.9,-1.65:0.9;-1.65:0.9;-1.65:0.9;-1.65:0.9;-1.65:0.9;-1.65:0.9;-1.65:0.9;-1.65:0.9;-1.65:0.9;-1.65:0.9;-1.65:0.9;-1.65:0.9,-1.660372:0.8998671;-1.663073:0.8997598;-1.675774:0.8997957;-1.691243:0.9038392;-1.702573:0.9014434;-1.719167:0.9002554;-1.742227:0.8941605;-1.745875:0.895862;-1.757934:0.9019546;-1.776122:0.8977649;-1.786144:0.9002119;-1.807195:0.8905389,sigma3_hotel_seed42,3
HOTEL:biwi_hotel:46:1190,HOTEL,biwi_hotel:46,1190,triu,0.0773748382925987,0.15747931599617,-1.65:0.9;-1.65:0.9;-1.65:0.9;-1.65:0.9;-1.65:0.9;-1.65:0.9;-1.65:0.9;-1.65:0.9,-1.65:0.9;-1.65:0.9;-1.65:0.9;-1.65:0.9;-1.65:0.9;-1.65:0.9;-1.65:0.9;-1.65:0.9;-1.65:0.9;-1.65:0.9;-1.65:0.9;-1.65:0.9,-1.660372:0.8998671;-1.663073:0.8997598;-1.675774:0.8997957;-1.691243:0.9038392;-1.702573:0.9014434;-1.719167:0.9002554;-1.742227:0.8941605;-1.745875:0.895862;-1.757934:0.9019546;-1.776122:0.8977649;-1.786144:0.9002119;-1.807195:0.8905389,sigma3_hotel_seed42,3
HOTEL:biwi_hotel:47:1150,HOTEL,biwi_hotel:47,1150,triu,0.0773748457431793,0.15747931599617,-1.72:1.28;-1.72:1.28;-1.72:1.28;-1.72:1.28;-1.72:1.28;-1.72:1.28;-1.72:1.28;-1.72:1.28,-1.72:1.28;-1.72:1.28;-1.72:1.28;-1.72:1.28;-1.72:1.28;-1.72:1.28;-1.72:1.28;-1.72:1.28;-1.72:1.28;-1.72:1.28;-1.72:1.28;-1.72:1.28,-1.730372:1.279867;-1.733073:1.27976;-1.745774:1.279796;-1.761243:1.283839;-1.772573:1.281443;-1.789167:1.280255;-1.812227:1.274161;-1.815875:1.275862;-1.827935:1.281955;-1.846122:1.277765;-1.856144:1.280212;-1.877195:1.270539,sigma3_hotel_seed42,3
HOTEL:biwi_hotel:47:1160,HOTEL,biwi_hotel:47,1160,triu,0.0773748457431793,0.15747931599617,-1.72:1.28;-1.72:1.28;-1.72:1.28;-1.72:1.28;-1.72:1.28;-1.72:1.28;-1.72:1.28;-1.72:1.28,-1.72:1.28;-1.72:1.28;-1.72:1.28;-1.72:1.28;-1.72:1.28;-1.72:1.28;-1.72:1.28;-1.72:1.28;-1.72:1.28;-1.72:1.28;-1.72:1.28;-1.72:1.28,-1.730372:1.279867;-1.733073:1.27976;-1.745774:1.279796;-1.761243:1.283839;-1.772573:1.281443;-1.789167:1.280255;-1.812227:1.274161;-1.815875:1.275862;-1.827935:1.281955;-1.846122:1.277765;-1.856144:1.280212;-1.877195:1.270539,sigma3_hotel_seed42,3
HOTEL:biwi_hotel:47:1170,HOTEL,biwi_hotel:47,1170,triu,0.0773748457431793,0.15747931599617,-1.72:1.28;-1.72:1.28;-1.72:1.28;-1.72:1.28;-1.72:1.28;-1.72:1.28;-1.72:1.28;-1.72:1.28,-1.72:1.28;-1.72:1.28;-1.72:1.28;-1.72:1.28;-1.72:1.28;-1.72:1.28;-1.72:1.28;-1.72:1.28;-1.72:1.28;-1.72:1.28;-1.72:1.28;-1.72:1.28,-1.730372:1.279867;-1.733073:1.27976;-1.745774:1.279796;-1.761243:1.283839;-1.772573:1.281443;-1.789167:1.280255;-1.812227:1.274161;-1.815875:1.275862;-1.827935:1.281955;-1.846122:1.277765;-1.856144:1.280212;-1.877195:1.270539,sigma3_hotel_seed42,3
HOTEL:biwi_hotel:47:1180,HOTEL,biwi_hotel:47,1180,triu,0.0773748457431793,0.15747931599617,-1.72:1.28;-1.72:1.28;-1.72:1.28;-1.72:1.28;-1.72:1.28;-1.72:1.28;-1.72:1.28;-1.72:1.28,-1.72:1.28;-1.72:1.28;-1.72:1.28;-1.72:1.28;-1.72:1.28;-1.72:1.28;-1.72:1.28;-1.72:1.28;-1.72:1.28;-1.72:1.28;-1.72:1.28;-1.72:1.28,-1.730372:1.279867;-1.733073:1.27976;-1.745774:1.279796;-1.761243:1.283839;-1.772573:1.281443;-1.789167:1.280255;-1.812227:1.274161;-1.815875:1.275862;-1.827935:1.281955;-1.846122:1.277765;-1.856144:1.280212;-1.877195:1.270539,sigma3_hotel_seed42,3
HOTEL:biwi_hotel:47:1190,HOTEL,biwi_hotel:47,1190,triu,0.0773748457431793,0.15747931599617,-1.72:1.28;-1.72:1.28;-1.72:1.28;-1.72:1.28;-1.72:1.28;-1.72:1.28;-1.72:1.28;-1.72:1.28,-1.72:1.28;-1.72:1.28;-1.72:1.28;-1.72:1.28;-1.72:1.28;-1.72:1.28;-1.72:1.28;-1.72:1.28;-1.72:1.28;-1.72:1.28;-1.72:1.28;-1.72:1.28,-1.730372:1.279867;-1.733073:1.27976;-1.745774:1.279796;-1.761243:1.283839;-1.772573:1.281443;-1.789167:1.280255;-1.812227:1.274161;-1.815875:1.275862;-1.827935:1.281955;-1.846122:1.277765;-1.856144:1.280212;-1.877195:1.270539,sigma3_hotel_seed42,3
HOTEL:biwi_hotel:5:0,HOTEL,biwi_hotel:5,0,triu,0.0773748382925987,0.15747931599617,-1.59:0.93;-1.59:0.93;-1.59:0.93;-1.59:0.93;-1.59:0.93;-1.59:0.93;-1.59:0.93;-1.59:0.93,-1.59:0.93;-1.59:0.93;-1.59:0.93;-1.59:0.93;-1.59:0.93;-1.59:0.93;-1.59:0.93;-1.59:0.93;-1.59:0.93;-1.59:0.93;-1.59:0.93;-1.59:0.93,-1.600372:0.9298671;-1.603073:0.9297599;-1.615774:0.9297957;-1.631243:0.9338393;-1.642573:0.9314434;-1.659167:0.9302555;-1.682227:0.9241605;-1.685875:0.925862;-1.697935:0.9319546;-1.716122:0.927765;-1.726144:0.9302119;-1.747195:0.9205389,sigma3_hotel_seed42,3
HOTEL:biwi_hotel:5:10,HOTEL,biwi_hotel:5,10,triu,0.0773748382925987,0.15747931599617,-1.59:0.93;-1.59:0.93;-1.59:0.93;-1.59:0.93;-1.59:0.93;-1.59:0.93;-1.59:0.93;-1.59:0.93,-1.59:0.93;-1.59:0.93;-1.59:0.93;-1.59:0.93;-1.59:0.93;-1.59:0.93;-1.59:0.93;-1.59:0.93;-1.59:0.93;-1.59:0.93;-1.59:0.93;-1.59:0.93,-1.600372:0.9298671;-1.603073:0.9297599;-1.615774:0.9297957;-1.631243:0.9338393;-1.642573:0.9314434;-1.659167:0.9302555;-1.682227:0.9241605;-1.685875:0.925862;-1.697935:0.9319546;-1.716122:0.927765;-1.726144:0.9302119;-1.747195:0.9205389,sigma3_hotel_seed42,3
HOTEL:biwi_hotel:5:20,HOTEL,biwi_hotel:5,20,triu,0.0773748382925987,0.15747931599617,-1.59:0.93;-1.59:0.93;-1.59:0.93;-1.59:0.93;-1.59:0.93;-1.59:0.93;-1.59:0.93;-1.59:0.93,-1.59:0.93;-1.59:0.93;-1.59:0.93;-1.59:0.93;-1.59:0.93;-1.59:0.93;-1.59:0.93;-1.59:0.93;-1.59:0.93;-1.59:0.93;-1.59:0.93;-1.59:0.93,-1.600372:0.9298671;-1.603073:0.9297599;-1.615774:0.9297957;-1.631243:0.9338393;-1.642573:0.9314434;-1.659167:0.9302555;-1.682227:0.9241605;-1.685875:0.925862;-1.697935:0.9319546;-1.716122:0.927765;-1.726144:0.9302119;-1.747195:0.9205389,sigma3_hotel_seed42,3
HOTEL:biwi_hotel:5:30,HOTEL,biwi_hotel:5,30,triu,0.0773748382925987,0.15747931599617,-1.59:0.93;-1.59:0.93;-1.59:0.93;-1.59:0.93;-1.59:0.93;-1.59:0.93;-1.59:0.93;-1.59:0.93,-1.59:0.93;-1.59:0.93;-1.59:0.93;-1.59:0.93;-1.59:0.93;-1.59:0.93;-1.59:0.93;-1.59:0.93;-1.59:0.93;-1.59:0.93;-1.59:0.93;-1.59:0.93,-1.600372:0.9298671;-1.603073:0.9297599;-1.615774:0.9297957;-1.631243:0.9338393;-1.642573:0.9314434;-1.659167:0.9302555;-1.682227:0.9241605;-1.685875:0.925862;-1.697935:0.9319546;-1.716122:0.927765;-1.726144:0.9302119;-1.747195:0.9205389,sigma3_hotel_seed42,3
HOTEL:biwi_hotel:5:40,HOTEL,biwi_hotel:5,40,triu,0.0773748382925987,0.15747931599617,-1.59:0.93;-1.59:0.93;-1.59:0.93;-1.59:0.93;-1.59:0.93;-1.59:0.93;-1.59:0.93;-1.59:0.93,-1.59:0.93;-1.59:0.93;-1.59:0.93;-1.59:0.93;-1.59:0.93;-1.59:0.93;-1.59:0.93;-1.59:0.93;-1.59:0.93;-1.59:0.93;-1.59:0.93;-1.59:0.93,-1.600372:0.9298671;-1.603073:0.9297599;-1.615774:0.9297957;-1.631243:0.9338393;-1.642573:0.9314434;-1.659167:0.9302555;-1.682227:0.9241605;-1.685875:0.925862;-1.697935:0.9319546;-1.716122:0.927765;-1.726144:0.9302119;-1.747195:0.9205389,sigma3_hotel_seed42,3
HOTEL:biwi_hotel:5:50,HOTEL,biwi_hotel:5,50,triu,0.0765431150794029,0.147498607635498,-1.59:0.93;-1.59:0.93;-1.59:0.93;-1.59:0.93;-1.59:0.93;-1.59:0.93;-1.59:0.93;-1.59:0.93,-1.59:0.93;-1.59:0.93;-1.59:0.93;-1.59:0.93;-1.59:0.93;-1.59:0.93;-1.59:0.93;-1.59:0.93;-1.59:0.93;-1.59:0.93;-1.59:0.93;-1.6:0.93,-1.600372:0.9298671;-1.603073:0.9297599;-1.615774:0.9297957;-1.631243:0.9338393;-1.642573:0.9314434;-1.659167:0.9302555;-1.682227:0.9241605;-1.685875:0.925862;-1.697935:0.9319546;-1.716122:0.927765;-1.726144:0.9302119;-1.747195:0.9205389,sigma3_hotel_seed42,3
HOTEL:biwi_hotel:5:60,HOTEL,biwi_hotel:5,60,triu,0.0748782902956008,0.1375207155942917,-1.59:0.93;-1.59:0.93;-1.59:0.93;-1.59:0.93;-1.59:0.93;-1.59:0.93;-1.59:0.93;-1.59:0.93,-1.59:0.93;-1.59:0.93;-1.59:0.93;-1.59:0.93;-1.59:0.93;-1.59:0.93;-1.59:0.93;-1.59:0.93;-1.59:0.93;-1.59:0.93;-1.6:0.93;-1.61:0.93,-1.600372:0.9298671;-1.603073:0.9297599;-1.615774:0.9297957;-1.631243:0.9338393;-1.642573:0.9314434;-1.659167:0.9302555;-1.682227:0.9241605;-1.685875:0.925862;-1.697935:0.9319546;-1.716122:0.927765;-1.726144:0.9302119;-1.747195:0.9205389,sigma3_hotel_seed42,3
HOTEL:biwi_hotel:6:0,HOTEL,biwi_hotel:6,0,triu,0.0923623740673065,0.1774472296237945,-1.72:1.32;-1.72:1.32;-1.72:1.32;-1.72:1.32;-1.72:1.32;-1.72:1.32;-1.72:1.32;-1.72:1.32,-1.72:1.32;-1.72:1.32;-1.72:1.32;-1.7:1.32;-1.7:1.32;-1.7:1.32;-1.7:1.32;-1.7:1.32;-1.7:1.32;-1.7:1.32;-1.7:1.32;-1.7:1.32,-1.730372:1.319867;-1.733073:1.31976;-1.745774:1.319796;-1.761243:1.323839;-1.772573:1.321443;-1.789167:1.320256;-1.812227:1.314161;-1.815875:1.315862;-1.827935:1.321955;-1.846122:1.317765;-1.856144:1.320212;-1.877195:1.310539,sigma3_hotel_seed42,3
HOTEL:biwi_hotel:6:10,HOTEL,biwi_hotel:6,10,triu,0.0940290093421936,0.1774472296237945,-1.72:1.32;-1.72:1.32;-1.72:1.32;-1.72:1.32;-1.72:1.32;-1.72:1.32;-1.72:1.32;-1.72:1.32,-1.72:1.32;-1.72:1.32;-1.7:1.32;-1.7:1.32;-1.7:1.32;-1.7:1.32;-1.7:1.32;-1.7:1.32;-1.7:1.32;-1.7:1.32;-1.7:1.32;-1.7:1.32,-1.730372:1.319867;-1.733073:1.31976;-1.745774:1.319796;-1.761243:1.323839;-1.772573:1.321443;-1.789167:1.320256;-1.812227:1.314161;-1.815875:1.315862;-1.827935:1.321955;-1.846122:1.317765;-1.856144:1.320212;-1.877195:1.310539,sigma3_hotel_seed42,3
HOTEL:biwi_hotel:6:20,HOTEL,biwi_hotel:6,20,triu,0.0956955626606941,0.1774472296237945,-1.72:1.32;-1.72:1.32;-1.72:1.32;-1.72:1.32;-1.72:1.32;-1.72:1.32;-1.72:1.32;-1.72:1.32,-1.72:1.32;-1.7:1.32;-1.7:1.32;-1.7:1.32;-1.7:1.32;-1.7:1.32;-1.7:1.32;-1.7:1.32;-1.7:1.32;-1.7:1.32;-1.7:1.32;-1.7:1.32,-1.730372:1.319867;-1.733073:1.31976;-1.745774:1.319796;-1.761243:1.323839;-1.772573:1.321443;-1.789167:1.320256;-1.812227:1.314161;-1.815875:1.315862;-1.827935:1.321955;-1.846122:1.317765;-1.856144:1.320212;-1.877195:1.310539,sigma3_hotel_seed42,3
HOTEL:biwi_hotel:6:30,HOTEL,biwi_hotel:6,30,triu,0.09736218303442,0.1774472296237945,-1.72:1.32;-1.72:1.32;-1.72:1.32;-1.72:1.32;-1.72:1.32;-1.72:1.32;-1.72:1.32;-1.72:1.32,-1.7:1.32;-1.7:1.32;-1.7:1.32;-1.7:1.32;-1.7:1.32;-1.7:1.32;-1.7:1.32;-1.7:1.32;-1.7:1.32;-1.7:1.32;-1.7:1.32;-1.7:1.32,-1.730372:1.319867;-1.733073:1.31976;-1.745774:1.319796;-1.761243:1.323839;-1.772573:1.321443;-1.789167:1.320256;-1.812227:1.314161;-1.815875:1.315862;-1.827935:1.321955;-1.846122:1.317765;-1.856144:1.320212;-1.877195:1.310539,sigma3_hotel_seed42,3
HOTEL:biwi_hotel:6:40,HOTEL,biwi_hotel:6,40,triu,0.1912669390439987,0.4453067481517792,-1.72:1.32;-1.72:1.32;-1.72:1.32;-1.72:1.32;-1.72:1.32;-1.72:1.32;-1.72:1.32;-1.7:1.32,-1.7:1.32;-1.7:1.32;-1.7:1.32;-1.7:1.32;-1.7:1.32;-1.7:1.32;-1.7:1.32;-1.7:1.32;-1.7:1.32;-1.7:1.32;-1.7:1.32;-1.7:1.32,-1.684216:1.319061;-1.669743:1.321387;-1.644942:1.319705;-1.608337:1.31468;-1.581132:1.327405;-1.560615:1.307613;-1.492661:1.322702;-1.467756:1.308891;-1.440668:1.302488;-1.376494:1.294902;-1.329066:1.275272;-1.257028:1.274459,sigma3_hotel_seed42,3
HOTEL:biwi_hotel:6:50,HOTEL,biwi_hotel:6,50,triu,0.0148548120632767,0.0237377770245075,-1.72:1.32;-1.72:1.32;-1.72:1.32;-1.72:1.32;-1.72:1.32;-1.72:1.32;-1.7:1.32;-1.7:1.32,-1.7:1.32;-1.7:1.32;-1.7:1.32;-1.7:1.32;-1.7:1.32;-1.7:1.32;-1.7:1.32;-1.7:1.32;-1.7:1.32;-1.7:1.32;-1.7:1.32;-1.72:1.32,-1.697629:1.32125;-1.69332:1.318365;-1.697098:1.320491;-1.698972:1.32535;-1.697968:1.324397;-1.713853:1.318896;-1.725646:1.310024;-1.715857:1.313763;-1.721357:1.328825;-1.721945:1.313949;-1.726433:1.31278;-1.735919:1.302391,sigma3_hotel_seed42,3
HOTEL:biwi_hotel:6:60,HOTEL,biwi_hotel:6,60,triu,0.099289484322071,0.1827782839536667,-1.72:1.32;-1.72:1.32;-1.72:1.32;-1.72:1.32;-1.72:1.32;-1.7:1.32;-1.7:1.32;-1.7:1.32,-1.7:1.32;-1.7:1.32;-1.7:1.32;-1.7:1.32;-1.7:1.32;-1.7:1.32;-1.7:1.32;-1.7:1.32;-1.7:1.32;-1.7:1.32;-1.72:1.32;-1.72:1.32,-1.715297:1.318845;-1.723119:1.318129;-1.737248:1.318454;-1.758418:1.322847;-1.771855:1.318752;-1.791887:1.320395;-1.818572:1.314825;-1.828395:1.316724;-1.841642:1.318155;-1.861673:1.317829;-1.880162:1.317751;-1.902588:1.31167,sigma3_hotel_seed42,3
HOTEL:biwi_hotel:71:2770,HOTEL,biwi_hotel:71,2770,triu,4.0086989402771,7.634143352508545,2.66:3.27;2.67:2.68;2.69:2.07;2.64:1.45;2.63:0.86;2.63:0.25;2.6:-0.34;2.62:-0.93,2.56:-1.51;2.45:-2.13;2.35:-2.71;2.19:-3.29;2.13:-3.91;2.06:-4.54;2.02:-5.18;2.09:-5.8;2.15:-6.46;2.28:-7.13;2.38:-7.77;2.43:-8.43,2.600773:-0.9443499;2.505586:-1.050734;2.471497:-1.091722;2.271852:-0.8921365;2.240911:-1.010366;2.144588:-0.9551767;1.8518:-0.8715923;1.66444:-0.7200549;1.493525:-0.8090122;1.472208:-0.7994857;1.339908:-1.017137;1.253699:-0.8870262,sigma3_hotel_seed42,3
HOTEL:biwi_hotel:71:2780,HOTEL,biwi_hotel:71,2780,triu,4.203211307525635,8.048440933227539,2.67:2.68;2.69:2.07;2.64:1.45;2.63:0.86;2.63:0.25;2.6:-0.34;2.62:-0.93;2.56:-1.51,2.45:-2.13;2.35:-2.71;2.19:-3.29;2.13:-3.91;2.06:-4.54;2.02:-5.18;2.09:-5.8;2.15:-6.46;2.28:-7.13;2.38:-7.77;2.43:-8.43;2.48:-9.09,2.436486:-1.521098;2.251639:-1.621508;2.107649:-1.660729;1.813405:-1.451051;1.68493:-1.57149;1.508415:-1.498493;1.094267:-1.4082;0.8270233:-1.261338;0.5745147:-1.352118;0.4482203:-1.313473;0.2325611:-1.534427;0.06798601:-1.411486,sigma3_hotel_seed42,3
HOTEL:biwi_hotel:71:2790,HOTEL,biwi_hotel:71,2790,triu,4.419032573699951,8.453641891479492,2.69:2.07;2.64:1.45;2.63:0.86;2.63:0.25;2.6:-0.34;2.62:-0.93;2.56:-1.51;2.45:-2.13,2.35:-2.71;2.19:-3.29;2.13:-3.91;2.06:-4.54;2.02:-5.18;2.09:-5.8;2.15:-6.46;2.28:-7.13;2.38:-7.77;2.43:-8.43;2.48:-9.09;2.45:-9.73,2.26177:-2.139084;2.010696:-2.251551;1.792291:-2.296353;1.410004:-2.05274;1.20427:-2.195564;0.9637983:-2.095309;0.4202962:-2.002272;0.07956815:-1.83385;-0.2538366:-1.928645;-0.4540963:-1.878415;-0.7400384:-2.122907;-0.9772341:-2.002249,sigma3_hotel_seed42,3
HOTEL:biwi_hotel:72:2770,HOTEL,biwi_hotel:72,2770,triu,4.24347448348999,8.121789932250977,1.95:3.46;1.86:2.86;1.83:2.27;1.79:1.72;1.75:1.16;1.79:0.55;1.8:-0.06;1.79:-0.66,1.79:-1.27;1.69:-1.91;1.6:-2.54;1.49:-3.15;1.35:-3.77;1.29:-4.42;1.2:-5.06;1.09:-5.73;0.99:-6.42;0.83:-7.1;0.76:-7.76;0.75:-8.58,1.687942:-0.6726471;1.513516:-0.7845159;1.386547:-0.8327799;1.087688:-0.6023831;0.9681798:-0.7394455;0.7990271:-0.6574911;0.3665643:-0.5679054;0.09912753:-0.4039001;-0.1575215:-0.4966777;-0.2684255:-0.4680888;-0.4810219:-0.7042297;-0.6451371:-0.578934,sigma3_hotel_seed42,3
HOTEL:biwi_hotel:72:2780,HOTEL,biwi_hotel:72,2780,triu,4.262967109680176,8.15291976928711,1.86:2.86;1.83:2.27;1.79:1.72;1.75:1.16;1.79:0.55;1.8:-0.06;1.79:-0.66;1.79:-1.27,1.69:-1.91;1.6:-2.54;1.49:-3.15;1.35:-3.77;1.29:-4.42;1.2:-5.06;1.09:-5.73;0.99:-6.42;0.83:-7.1;0.76:-7.76;0.75:-8.58;0.7:-9.28,1.711864:-1.283317;1.557466:-1.397592;1.455379:-1.446344;1.176761:-1.216833;1.078413:-1.354518;0.9267122:-1.275689;0.519091:-1.187867;0.2685254:-1.021274;0.02867699:-1.113733;-0.05881703:-1.092172;-0.2534037:-1.32883;-0.4011834:-1.201789,sigma3_hotel_seed42,3
HOTEL:biwi_hotel:72:2790,HOTEL,biwi_hotel:72,2790,triu,4.438429355621338,8.478609085083008,1.83:2.27;1.79:1.72;1.75:1.16;1.79:0.55;1.8:-0.06;1.79:-0.66;1.79:-1.27;1.69:-1.91,1.6:-2.54;1.49:-3.15;1.35:-3.77;1.29:-4.42;1.2:-5.06;1.09:-5.73;0.99:-6.42;0.83:-7.1;0.76:-7.76;0.75:-8.58;0.7:-9.28;0.85:-9.9,1.51888:-1.920028;1.278149:-2.038601;1.075284:-2.087781;0.6963588:-1.834721;0.5019069:-1.98532;0.2699552:-1.882239;-0.2742254:-1.790024;-0.6103244:-1.61229;-0.9405429:-1.708194;-1.12588:-1.665337;-1.404778:-1.917068;-1.636571:-1.794213,sigma3_hotel_seed42,3
HOTEL:biwi_hotel:83:3100,HOTEL,biwi_hotel:83,3100,triu,3.927373170852661,7.145271301269531,1.65:2.7;1.73:2.09;1.73:1.52;1.71:0.91;1.78:0.3;1.76:-0.31;1.72:-0.89;1.74:-1.47,1.68:-2.07;1.66:-2.67;1.68:-3.29;1.58:-3.91;1.49:-4.55;1.35:-5.17;1.09:-5.74;0.93:-6.33;0.75:-6.88;0.51:-7.43;0.46:-8.02;0.41:-8.57,1.719294:-1.484221;1.62557:-1.586711;1.591508:-1.625678;1.398122:-1.433053;1.369702:-1.545971;1.275662:-1.49455;0.9947965:-1.410668;0.8122128:-1.265218;0.6475267:-1.353403;0.6267381:-1.341802;0.4978499:-1.55416;0.4162503:-1.424731,sigma3_hotel_seed42,3
HOTEL:biwi_hotel:83:3110,HOTEL,biwi_hotel:83,3110,triu,4.006917476654053,7.2602386474609375,1.73:2.09;1.73:1.52;1.71:0.91;1.78:0.3;1.76:-0.31;1.72:-0.89;1.74:-1.47;1.68:-2.07,1.66:-2.67;1.68:-3.29;1.58:-3.91;1.49:-4.55;1.35:-5.17;1.09:-5.74;0.93:-6.33;0.75:-6.88;0.51:-7.43;0.46:-8.02;0.41:-8.57;0.33:-9.13,1.556367:-2.081209;1.367028:-2.186988;1.220986:-2.228872;0.9155306:-2.009355;0.7825465:-2.136921;0.6010015:-2.058924;0.1684972:-1.968894;-0.1074414:-1.81293;-0.3701397:-1.905127;-0.4983562:-1.869531;-0.7201494:-2.097917;-0.8923889:-1.973407,sigma3_hotel_seed42,3
HOTEL:biwi_hotel:8:0,HOTEL,biwi_hotel:8,0,triu,0.0773679539561271,0.159931793808937,-1.45:-0.76;-1.45:-0.76;-1.45:-0.76;-1.45:-0.76;-1.45:-0.76;-1.45:-0.76;-1.45:-0.76;-1.45:-0.76,-1.45:-0.76;-1.45:-0.76;-1.45:-0.76;-1.45:-0.76;-1.45:-0.76;-1.45:-0.76;-1.45:-0.76;-1.45:-0.76;-1.45:-0.76;-1.45:-0.76;-1.51:-0.65;-1.45:-0.74,-1.460372:-0.7601328;-1.463073:-0.7602401;-1.475774:-0.7602043;-1.491243:-0.7561607;-1.502573:-0.7585566;-1.519167:-0.7597445;-1.542227:-0.7658395;-1.545875:-0.764138;-1.557935:-0.7580454;-1.576122:-0.762235;-1.586144:-0.7597881;-1.607195:-0.7694611,sigma3_hotel_seed42,3
HOTEL:biwi_hotel:8:10,HOTEL,biwi_hotel:8,10,triu,0.077837586402893,0.15747931599617,-1.45:-0.76;-1.45:-0.76;-1.45:-0.76;-1.45:-0.76;-1.45:-0.76;-1.45:-0.76;-1.45:-0.76;-1.45:-0.76,-1.45:-0.76;-1.45:-0.76;-1.45:-0.76;-1.45:-0.76;-1.45:-0.76;-1.45:-0.76;-1.45:-0.76;-1.45:-0.76;-1.45:-0.76;-1.51:-0.65;-1.45:-0.74;-1.45:-0.76,-1.460372:-0.7601328;-1.463073:-0.7602401;-1.475774:-0.7602043;-1.491243:-0.7561607;-1.502573:-0.7585566;-1.519167:-0.7597445;-1.542227:-0.7658395;-1.545875:-0.764138;-1.557935:-0.7580454;-1.576122:-0.762235;-1.586144:-0.7597881;-1.607195:-0.7694611,sigma3_hotel_seed42,3
HOTEL:biwi_hotel:8:20,HOTEL,biwi_hotel:8,20,triu,0.0763033404946327,0.1324470490217209,-1.45:-0.76;-1.45:-0.76;-1.45:-0.76;-1.45:-0.76;-1.45:-0.76;-1.45:-0.76;-1.45:-0.76;-1.45:-0.76,-1.45:-0.76;-1.45:-0.76;-1.45:-0.76;-1.45:-0.76;-1.45:-0.76;-1.45:-0.76;-1.45:-0.76;-1.45:-0.76;-1.51:-0.65;-1.45:-0.74;-1.45:-0.76;-1.55:-0.65,-1.460372:-0.7601328;-1.463073:-0.7602401;-1.475774:-0.7602043;-1.491243:-0.7561607;-1.502573:-0.7585566;-1.519167:-0.7597445;-1.542227:-0.7658395;-1.545875:-0.764138;-1.557935:-0.7580454;-1.576122:-0.762235;-1.586144:-0.7597881;-1.607195:-0.7694611,sigma3_hotel_seed42,3
HOTEL:biwi_hotel:8:30,HOTEL,biwi_hotel:8,30,triu,0.0797802284359932,0.1817437410354614,-1.45:-0.76;-1.45:-0.76;-1.45:-0.76;-1.45:-0.76;-1.45:-0.76;-1.45:-0.76;-1.45:-0.76;-1.45:-0.76,-1.45:-0.76;-1.45:-0.76;-1.45:-0.76;-1.45:-0.76;-1.45:-0.76;-1.45:-0.76;-1.45:-0.76;-1.51:-0.65;-1.45:-0.74;-1.45:-0.76;-1.55:-0.65;-1.52:-0.61,-1.460372:-0.7601328;-1.463073:-0.7602401;-1.475774:-0.7602043;-1.491243:-0.7561607;-1.502573:-0.7585566;-1.519167:-0.7597445;-1.542227:-0.7658395;-1.545875:-0.764138;-1.557935:-0.7580454;-1.576122:-0.762235;-1.586144:-0.7597881;-1.607195:-0.7694611,sigma3_hotel_seed42,3
HOTEL:biwi_hotel:8:40,HOTEL,biwi_hotel:8,40,triu,0.0815309286117553,0.159931793808937,-1.45:-0.76;-1.45:-0.76;-1.45:-0.76;-1.45:-0.76;-1.45:-0.76;-1.45:-0.76;-1.45:-0.76;-1.45:-0.76,-1.45:-0.76;-1.45:-0.76;-1.45:-0.76;-1.45:-0.76;-1.45:-0.76;-1.45:-0.76;-1.51:-0.65;-1.45:-0.74;-1.45:-0.76;-1.55:-0.65;-1.52:-0.61;-1.45:-0.74,-1.460372:-0.7601328;-1.463073:-0.7602401;-1.475774:-0.7602043;-1.491243:-0.7561607;-1.502573:-0.7585566;-1.519167:-0.7597445;-1.542227:-0.7658395;-1.545875:-0.764138;-1.557935:-0.7580454;-1.576122:-0.762235;-1.586144:-0.7597881;-1.607195:-0.7694611,sigma3_hotel_seed42,3
HOTEL:biwi_hotel:8:50,HOTEL,biwi_hotel:8,50,triu,0.0842289105057716,0.15747931599617,-1.45:-0.76;-1.45:-0.76;-1.45:-0.76;-1.45:-0.76;-1.45:-0.76;-1.45:-0.76;-1.45:-0.76;-1.45:-0.76,-1.45:-0.76;-1.45:-0.76;-1.45:-0.76;-1.45:-0.76;-1.45:-0.76;-1.51:-0.65;-1.45:-0.74;-1.45:-0.76;-1.55:-0.65;-1.52:-0.61;-1.45:-0.74;-1.45:-0.76,-1.460372:-0.7601328;-1.463073:-0.7602401;-1.475774:-0.7602043;-1.491243:-0.7561607;-1.502573:-0.7585566;-1.519167:-0.7597445;-1.542227:-0.7658395;-1.545875:-0.764138;-1.557935:-0.7580454;-1.576122:-0.762235;-1.586144:-0.7597881;-1.607195:-0.7694611,sigma3_hotel_seed42,3
HOTEL:biwi_hotel:8:60,HOTEL,biwi_hotel:8,60,triu,0.0877106189727783,0.15747931599617,-1.45:-0.76;-1.45:-0.76;-1.45:-0.76;-1.45:-0.76;-1.45:-0.76;-1.45:-0.76;-1.45:-0.76;-1.45:-0.76,-1.45:-0.76;-1.45:-0.76;-1.45:-0.76;-1.45:-0.76;-1.51:-0.65;-1.45:-0.74;-1.45:-0.76;-1.55:-0.65;-1.52:-0.61;-1.45:-0.74;-1.45:-0.76;-1.45:-0.76,-1.460372:-0.7601328;-1.463073:-0.7602401;-1.475774:-0.7602043;-1.491243:-0.7561607;-1.502573:-0.7585566;-1.519167:-0.7597445;-1.542227:-0.7658395;-1.545875:-0.764138;-1.557935:-0.7580454;-1.576122:-0.762235;-1.586144:-0.7597881;-1.607195:-0.7694611,sigma3_hotel_seed42,3
HOTEL:biwi_hotel:96:4000,HOTEL,biwi_hotel:96,4000,triu,3.061068296432495,5.826039791107178,1.98:3.74;1.96:3.44;1.98:3.11;1.86:2.78;1.83:2.43;1.86:2.07;1.8:1.7;1.81:1.32,1.85:0.94;1.84:0.48;1.86:0.01;1.9:-0.5;1.86:-0.92;1.9:-1.47;1.92:-1.94;1.87:-2.41;1.95:-2.91;1.99:-3.4;1.96:-3.89;2.07:-4.38,1.792183:1.307066;1.74058:1.250538;1.726684:1.236227;1.634902:1.342143;1.644566:1.29105;1.595895:1.300032;1.477409:1.384952;1.372326:1.450615;1.296398:1.37513;1.292111:1.413907;1.217878:1.266608;1.202732:1.381127,sigma3_hotel_seed42,3
HOTEL:biwi_hotel:96:4010,HOTEL,biwi_hotel:96,4010,triu,3.126676321029663,5.86939811706543,1.96:3.44;1.98:3.11;1.86:2.78;1.83:2.43;1.86:2.07;1.8:1.7;1.81:1.32;1.85:0.94,1.84:0.48;1.86:0.01;1.9:-0.5;1.86:-0.92;1.9:-1.47;1.92:-1.94;1.87:-2.41;1.95:-2.91;1.99:-3.4;1.96:-3.89;2.07:-4.38;2.12:-4.88,1.877914:0.9260718;1.866712:0.8674476;1.902099:0.8547528;1.855481:0.9528754;1.908419:0.9050732;1.895527:0.9048404;1.836297:0.9859793;1.767734:1.052556;1.729174:0.9781513;1.771356:1.004411;1.735401:0.8603715;1.755488:0.9780681,sigma3_hotel_seed42,3
HOTEL:biwi_hotel:96:4020,HOTEL,biwi_hotel:96,4020,triu,3.3696529865264893,6.305065631866455,1.98:3.11;1.86:2.78;1.83:2.43;1.86:2.07;1.8:1.7;1.81:1.32;1.85:0.94;1.84:0.48,1.86:0.01;1.9:-0.5;1.86:-0.92;1.9:-1.47;1.92:-1.94;1.87:-2.41;1.95:-2.91;1.99:-3.4;1.96:-3.89;2.07:-4.38;2.12:-4.88;2.16:-5.35,1.744327:0.4681613;1.604929:0.3908278;1.497675:0.3610329;1.278932:0.5255505;1.192895:0.4354944;1.061119:0.4842054;0.7565123:0.5744487;0.5506388:0.6787447;0.3645979:0.5955082;0.2710378:0.6430087;0.103249:0.4561038;-0.007168293:0.5709153,sigma3_hotel_seed42,3
HOTEL:biwi_hotel:96:4030,HOTEL,biwi_hotel:96,4030,triu,3.238483190536499,6.055163383483887,1.86:2.78;1.83:2.43;1.86:2.07;1.8:1.7;1.81:1.32;1.85:0.94;1.84:0.48;1.86:0.01,1.9:-0.5;1.86:-0.92;1.9:-1.47;1.92:-1.94;1.87:-2.41;1.95:-2.91;1.99:-3.4;1.96:-3.89;2.07:-4.38;2.12:-4.88;2.16:-5.35;2.35:-5.82,1.847838:-0.003950518;1.779383:-0.08841502;1.760216:-0.1181375;1.615828:0.03962487;1.605527:-0.04986942;1.535946:-0.0141272;1.325369:0.06955484;1.18062:0.1809935;1.056129:0.09898395;1.045632:0.1221232;0.9431162:-0.06411969;0.8920094:0.05701181,sigma3_hotel_seed42,3
HOTEL:biwi_hotel:96:4040,HOTEL,biwi_hotel:96,4040,triu,3.1958439350128174,5.998800754547119,1.83:2.43;1.86:2.07;1.8:1.7;1.81:1.32;1.85:0.94;1.84:0.48;1.86:0.01;1.9:-0.5,1.86:-0.92;1.9:-1.47;1.92:-1.94;1.87:-2.41;1.95:-2.91;1.99:-3.4;1.96:-3.89;2.07:-4.38;2.12:-4.88;2.16:-5.35;2.35:-5.82;2.45:-6.3,1.909752:-0.5147474;1.853576:-0.6087683;1.854558:-0.6427009;1.713359:-0.4721841;1.7165:-0.5720696;1.656161:-0.5323595;1.44328:-0.4506221;1.302174:-0.3243106;1.179249:-0.4080097;1.187798:-0.3955722;1.093505:-0.5924852;1.047045:-0.4675626,sigma3_hotel_seed42,3
HOTEL:biwi_hotel:96:4050,HOTEL,biwi_hotel:96,4050,triu,3.468766212463379,6.425647735595703,1.86:2.07;1.8:1.7;1.81:1.32;1.85:0.94;1.84:0.48;1.86:0.01;1.9:-0.5;1.86:-0.92,1.9:-1.47;1.92:-1.94;1.87:-2.41;1.95:-2.91;1.99:-3.4;1.96:-3.89;2.07:-4.38;2.12:-4.88;2.16:-5.35;2.35:-5.82;2.45:-6.3;2.51:-6.75,1.748831:-0.9308075;1.604702:-0.9948432;1.487188:-1.016319;1.28025:-0.8752176;1.193959:-0.9465867;1.061264:-0.9098769;0.787015:-0.8184687;0.5885386:-0.7337928;0.4152652:-0.814932;0.314195:-0.7586932;0.1502166:-0.9279364;0.04748774:-0.814936,sigma3_hotel_seed42,3
HOTEL:biwi_hotel:96:4060,HOTEL,biwi_hotel:96,4060,triu,3.231288194656372,6.034135818481445,1.8:1.7;1.81:1.32;1.85:0.94;1.84:0.48;1.86:0.01;1.9:-0.5;1.86:-0.92;1.9:-1.47,1.92:-1.94;1.87:-2.41;1.95:-2.91;1.99:-3.4;1.96:-3.89;2.07:-4.38;2.12:-4.88;2.16:-5.35;2.35:-5.82;2.45:-6.3;2.51:-6.75;2.68:-7.2,1.911001:-1.485094;1.847364:-1.591134;1.844249:-1.631711;1.680003:-1.438565;1.671593:-1.555523;1.601306:-1.503104;1.345726:-1.421864;1.186943:-1.276739;1.041625:-1.362677;1.044551:-1.355477;0.9363252:-1.569479;0.8725015:-1.44294,sigma3_hotel_seed42,3
HOTEL:biwi_hotel:96:4070,HOTEL,biwi_hotel:96,4070,triu,3.225453615188598,5.931198596954346,1.81:1.32;1.85:0.94;1.84:0.48;1.86:0.01;1.9:-0.5;1.86:-0.92;1.9:-1.47;1.92:-1.94,1.87:-2.41;1.95:-2.91;1.99:-3.4;1.96:-3.89;2.07:-4.38;2.12:-4.88;2.16:-5.35;2.35:-5.82;2.45:-6.3;2.51:-6.75;2.68:-7.2;2.69:-7.62,1.919927:-1.953986;1.863221:-2.036734;1.858692:-2.063794;1.731152:-1.913513;1.73624:-1.997682;1.677905:-1.968201;1.494035:-1.885644;1.362253:-1.776708;1.252764:-1.858214;1.257297:-1.838461;1.168587:-2.020212;1.130881:-1.89739,sigma3_hotel_seed42,3
HOTEL:biwi_hotel:97:4000,HOTEL,biwi_hotel:97,4000,triu,3.1861352920532227,6.119700908660889,1.22:3.29;1.26:2.92;1.33:2.57;1.34:2.2;1.32:1.84;1.31:1.45;1.24:1.04;1.16:0.67,1.06:0.21;1.03:-0.23;1.03:-0.59;1.04:-1.03;1.01:-1.61;1.05:-2.07;1.1:-2.52;1.17:-2.99;1.24:-3.42;1.32:-4.01;1.33:-4.47;1.43:-4.96,1.026395:0.6595412;0.8722214:0.6147951;0.7436012:0.6037267;0.552781:0.7144152;0.4575768:0.6661146;0.3191395:0.6916387;0.08428979:0.7862126;-0.1086146:0.8406741;-0.2685963:0.7622374;-0.3785114:0.8353042;-0.5503681:0.6863433;-0.6439291:0.7975649,sigma3_hotel_seed42,3
HOTEL:biwi_hotel:97:4010,HOTEL,biwi_hotel:97,4010,triu,3.328705072402954,6.3299946784973145,1.26:2.92;1.33:2.57;1.34:2.2;1.32:1.84;1.31:1.45;1.24:1.04;1.16:0.67;1.06:0.21,1.03:-0.23;1.03:-0.59;1.04:-1.03;1.01:-1.61;1.05:-2.07;1.1:-2.52;1.17:-2.99;1.24:-3.42;1.32:-4.01;1.33:-4.47;1.43:-4.96;1.45:-5.4,0.9113184:0.199874;0.7312874:0.1346759;0.5747308:0.1100516;0.3254462:0.2646748;0.1970866:0.1851245;0.0307312:0.2344622;-0.3018254:0.3294846;-0.5366434:0.4176896;-0.7486359:0.3357444;-0.8883663:0.4021928;-1.091989:0.2244068;-1.228524:0.3353586,sigma3_hotel_seed42,3
HOTEL:biwi_hotel:97:4020,HOTEL,biwi_hotel:97,4020,triu,3.1783523559570312,6.015117168426514,1.33:2.57;1.34:2.2;1.32:1.84;1.31:1.45;1.24:1.04;1.16:0.67;1.06:0.21;1.03:-0.23,1.03:-0.59;1.04:-1.03;1.01:-1.61;1.05:-2.07;1.1:-2.52;1.17:-2.99;1.24:-3.42;1.32:-4.01;1.33:-4.47;1.43:-4.96;1.45:-5.4;1.49:-5.88,0.9637677:-0.2422853;0.8569203:-0.3114233;0.7853754:-0.3352231;0.6143855:-0.193461;0.5664883:-0.2678842;0.4661703:-0.2354915;0.2339913:-0.1470797;0.06622934:-0.05695093;-0.07712138:-0.1375677;-0.1352867:-0.09428808;-0.2668638:-0.2658051;-0.3400996:-0.1500463,sigma3_hotel_seed42,3
HOTEL:biwi_hotel:97:4030,HOTEL,biwi_hotel:97,4030,triu,3.1664650440216064,5.886021614074707,1.34:2.2;1.32:1.84;1.31:1.45;1.24:1.04;1.16:0.67;1.06:0.21;1.03:-0.23;1.03:-0.59,1.04:-1.03;1.01:-1.61;1.05:-2.07;1.1:-2.52;1.17:-2.99;1.24:-3.42;1.32:-4.01;1.33:-4.47;1.43:-4.96;1.45:-5.4;1.49:-5.88;1.66:-6.36,1.026416:-0.6023335;1.002554:-0.6422892;1.012168:-0.6445209;0.9740653:-0.5761251;1.011629:-0.6012041;0.9908156:-0.6121058;0.9565416:-0.5290686;0.8916706:-0.492856;0.8605698:-0.5638385;0.8773897:-0.5193443;0.8367544:-0.6396166;0.8575905:-0.5289288,sigma3_hotel_seed42,3
HOTEL:biwi_hotel:97:4040,HOTEL,biwi_hotel:97,4040,triu,3.330885887145996,6.172171592712402,1.32:1.84;1.31:1.45;1.24:1.04;1.16:0.67;1.06:0.21;1.03:-0.23;1.03:-0.59;1.04:-1.03,1.01:-1.61;1.05:-2.07;1.1:-2.52;1.17:-2.99;1.24:-3.42;1.32:-4.01;1.33:-4.47;1.43:-4.96;1.45:-5.4;1.49:-5.88;1.66:-6.36;1.86:-6.8,0.9901018:-1.042712;0.8989026:-1.111236;0.8450205:-1.134382;0.692517:-0.997192;0.6605763:-1.069238;0.5742703:-1.040828;0.3662077:-0.9534718;0.2136275:-0.8655719;0.08586574:-0.9452914;0.04411304:-0.9052921;-0.07281613:-1.074125;-0.131876:-0.9580716,sigma3_hotel_seed42,3
HOTEL:biwi_hotel:97:4050,HOTEL,biwi_hotel:97,4050,triu,3.391160249710083,6.384703636169434,1.31:1.45;1.24:1.04;1.16:0.67;1.06:0.21;1.03:-0.23;1.03:-0.59;1.04:-1.03;1.01:-1.61,1.05:-2.07;1.1:-2.52;1.17:-2.99;1.24:-3.42;1.32:-4.01;1.33:-4.47;1.43:-4.96;1.45:-5.4;1.49:-5.88;1.66:-6.36;1.86:-6.8;1.95:-7.26,0.9437339:-1.62318;0.8097512:-1.727483;0.7241339:-1.769953;0.4808919:-1.562397;0.4002908:-1.685402;0.2679249:-1.617728;-0.08859336:-1.53082;-0.3119931:-1.383135;-0.522761:-1.472012;-0.5965035:-1.446294;-0.7695861:-1.667194;-0.8942257:-1.543811,sigma3_hotel_seed42,3
HOTEL:biwi_hotel:97:4060,HOTEL,biwi_hotel:97,4060,triu,3.17195987701416,6.012415409088135,1.24:1.04;1.16:0.67;1.06:0.21;1.03:-0.23;1.03:-0.59;1.04:-1.03;1.01:-1.61;1.05:-2.07,1.1:-2.52;1.17:-2.99;1.24:-3.42;1.32:-4.01;1.33:-4.47;1.43:-4.96;1.45:-5.4;1.49:-5.88;1.66:-6.36;1.86:-6.8;1.95:-7.26;2.17:-7.81,1.073587:-2.084847;1.03671:-2.170933;1.055409:-2.200145;0.9455867:-2.047577;0.9685037:-2.135149;0.9266917:-2.106081;0.7602022:-2.024971;0.6438299:-1.912992;0.5482379:-1.99388;0.5733347:-1.980091;0.499954:-2.164375;0.4759564:-2.041174,sigma3_hotel_seed42,3
HOTEL:biwi_hotel:97:4070,HOTEL,biwi_hotel:97,4070,triu,3.2538812160491943,6.112107276916504,1.16:0.67;1.06:0.21;1.03:-0.23;1.03:-0.59;1.04:-1.03;1.01:-1.61;1.05:-2.07;1.1:-2.52,1.17:-2.99;1.24:-3.42;1.32:-4.01;1.33:-4.47;1.43:-4.96;1.45:-5.4;1.49:-5.88;1.66:-6.36;1.86:-6.8;1.95:-7.26;2.17:-7.81;2.32:-8.25,1.087144:-2.533529;1.026824:-2.604613;1.01358:-2.62642;0.8952507:-2.494608;0.9003376:-2.564141;0.842224:-2.543967;0.6823406:-2.459852;0.557502:-2.368407;0.4591739:-2.448354;0.4574042:-2.420779;0.3718612:-2.587622;0.3414975:-2.466974,sigma3_hotel_seed42,3
