run_id,sample_id,scene,component,target_pedestrian_id,start_frame,sigma,ADE,FDE,v_last,v_mean,a_mean,turning,density,observed_trajectory,ground_truth_future,predicted_future_mean
sigma3_hotel_seed42,HOTEL:biwi_hotel:5:0,HOTEL,biwi_hotel,biwi_hotel:5,0,3,0.04110554978251457,0.060709621757268906,0.0,0.0,0.0,0.0,2.0,-1.59:0.93;-1.59:0.93;-1.59:0.93;-1.59:0.93;-1.59:0.93;-1.59:0.93;-1.59:0.93;-1.59:0.93,-1.59:0.93;-1.59:0.93;-1.59:0.93;-1.59:0.93;-1.59:0.93;-1.59:0.93;-1.59:0.93;-1.59:0.93;-1.59:0.93;-1.59:0.93;-1.59:0.93;-1.59:0.93,-1.600755:0.9261941;-1.604613:0.9186611;-1.61313:0.9175687;-1.625147:0.9167064;-1.630216:0.9141283;-1.634082:0.9206271;-1.634684:0.9076843;-1.625579:0.9058312;-1.624974:0.8947223;-1.62476:0.8934067;-1.625789:0.8851119;-1.609226:0.8724151
sigma3_hotel_seed42,HOTEL:biwi_hotel:6:0,HOTEL,biwi_hotel,biwi_hotel:6,0,3,0.05345172807574272,0.06967565417289734,0.0,0.0,0.0,0.0,1.0,-1.72:1.32;-1.72:1.32;-1.72:1.32;-1.72:1.32;-1.72:1.32;-1.72:1.32;-1.72:1.32;-1.72:1.32,-1.72:1.32;-1.72:1.32;-1.72:1.32;-1.7:1.32;-1.7:1.32;-1.7:1.32;-1.7:1.32;-1.7:1.32;-1.7:1.32;-1.7:1.32;-1.7:1.32;-1.7:1.32,-1.730755:1.316194;-1.734613:1.308661;-1.74313:1.307569;-1.755147:1.306706;-1.760216:1.304128;-1.764082:1.310627;-1.764684:1.297684;-1.755579:1.295831;-1.754974:1.284722;-1.75476:1.283407;-1.755789:1.275112;-1.739226:1.262415
sigma3_hotel_seed42,HOTEL:biwi_hotel:8:0,HOTEL,biwi_hotel,biwi_hotel:8,0,3,0.0509873665869236,0.07993160933256149,0.0,0.0,0.0,0.0,1.0,-1.45:-0.76;-1.45:-0.76;-1.45:-0.76;-1.45:-0.76;-1.45:-0.76;-1.45:-0.76;-1.45:-0.76;-1.45:-0.76,-1.45:-0.76;-1.45:-0.76;-1.45:-0.76;-1.45:-0.76;-1.45:-0.76;-1.45:-0.76;-1.45:-0.76;-1.45:-0.76;-1.45:-0.76;-1.45:-0.76;-1.51:-0.65;-1.45:-0.74,-1.460755:-0.7638059;-1.464613:-0.7713389;-1.47313:-0.7724313;-1.485147:-0.7732936;-1.490216:-0.7758717;-1.494082:-0.7693729;-1.494684:-0.7823157;-1.485579:-0.7841687;-1.484974:-0.7952777;-1.48476:-0.7965933;-1.485789:-0.8048881;-1.469226:-0.817585
sigma3_hotel_seed42,HOTEL:biwi_hotel:5:10,HOTEL,biwi_hotel,biwi_hotel:5,10,3,0.04110554978251457,0.060709621757268906,0.0,0.0,0.0,0.0,2.0,-1.59:0.93;-1.59:0.93;-1.59:0.93;-1.59:0.93;-1.59:0.93;-1.59:0.93;-1.59:0.93;-1.59:0.93,-1.59:0.93;-1.59:0.93;-1.59:0.93;-1.59:0.93;-1.59:0.93;-1.59:0.93;-1.59:0.93;-1.59:0.93;-1.59:0.93;-1.59:0.93;-1.59:0.93;-1.59:0.93,-1.600755:0.9261941;-1.604613:0.9186611;-1.61313:0.9175687;-1.625147:0.9167064;-1.630216:0.9141283;-1.634082:0.9206271;-1.634684:0.9076843;-1.625579:0.9058312;-1.624974:0.8947223;-1.62476:0.8934067;-1.625789:0.8851119;-1.609226:0.8724151
sigma3_hotel_seed42,HOTEL:biwi_hotel:6:10,HOTEL,biwi_hotel,biwi_hotel:6,10,3,0.05500395968556404,0.06967565417289734,0.0,0.0,0.0,0.0,1.0,-1.72:1.32;-1.72:1.32;-1.72:1.32;-1.72:1.32;-1.72:1.32;-1.72:1.32;-1.72:1.32;-1.72:1.32,-1.72:1.32;-1.72:1.32;-1.7:1.32;-1.7:1.32;-1.7:1.32;-1.7:1.32;-1.7:1.32;-1.7:1.32;-1.7:1.32;-1.7:1.32;-1.7:1.32;-1.7:1.32,-1.730755:1.316194;-1.734613:1.308661;-1.74313:1.307569;-1.755147:1.306706;-1.760216:1.304128;-1.764082:1.310627;-1.764684:1.297684;-1.755579:1.295831;-1.754974:1.284722;-1.75476:1.283407;-1.755789:1.275112;-1.739226:1.262415
sigma3_hotel_seed42,HOTEL:biwi_hotel:8:10,HOTEL,biwi_hotel,biwi_hotel:8,10,3,0.050686683505773544,0.06070967763662338,0.0,0.0,0.0,0.0,1.0,-1.45:-0.76;-1.45:-0.76;-1.45:-0.76;-1.45:-0.76;-1.45:-0.76;-1.45:-0.76;-1.45:-0.76;-1.45:-0.76,-1.45:-0.76;-1.45:-0.76;-1.45:-0.76;-1.45:-0.76;-1.45:-0.76;-1.45:-0.76;-1.45:-0.76;-1.45:-0.76;-1.45:-0.76;-1.51:-0.65;-1.45:-0.74;-1.45:-0.76,-1.460755:-0.7638059;-1.464613:-0.7713389;-1.47313:-0.7724313;-1.485147:-0.7732936;-1.490216:-0.7758717;-1.494082:-0.7693729;-1.494684:-0.7823157;-1.485579:-0.7841687;-1.484974:-0.7952777;-1.48476:-0.7965933;-1.485789:-0.8048881;-1.469226:-0.817585
sigma3_hotel_seed42,HOTEL:biwi_hotel:5:20,HOTEL,biwi_hotel,biwi_hotel:5,20,3,0.04110554978251457,0.060709621757268906,0.0,0.0,0.0,0.0,2.0,-1.59:0.93;-1.59:0.93;-1.59:0.93;-1.59:0.93;-1.59:0.93;-1.59:0.93;-1.59:0.93;-1.59:0.93,-1.59:0.93;-1.59:0.93;-1.59:0.93;-1.59:0.93;-1.59:0.93;-1.59:0.93;-1.59:0.93;-1.59:0.93;-1.59:0.93;-1.59:0.93;-1.59:0.93;-1.59:0.93,-1.600755:0.9261941;-1.604613:0.9186611;-1.61313:0.9175687;-1.625147:0.9167064;-1.630216:0.9141283;-1.634082:0.9206271;-1.634684:0.9076843;-1.625579:0.9058312;-1.624974:0.8947223;-1.62476:0.8934067;-1.625789:0.8851119;-1.609226:0.8724151
sigma3_hotel_seed42,HOTEL:biwi_hotel:6:20,HOTEL,biwi_hotel,biwi_hotel:6,20,3,0.056497860699892044,0.06967565417289734,0.0,0.0,0.0,0.0,1.0,-1.72:1.32;-1.72:1.32;-1.72:1.32;-1.72:1.32;-1.72:1.32;-1.72:1.32;-1.72:1.32;-1.72:1.32,-1.72:1.32;-1.7:1.32;-1.7:1.32;-1.7:1.32;-1.7:1.32;-1.7:1.32;-1.7:1.32;-1.7:1.32;-1.7:1.32;-1.7:1.32;-1.7:1.32;-1.7:1.32,-1.730755:1.316194;-1.734613:1.308661;-1.74313:1.307569;-1.755147:1.306706;-1.760216:1.304128;-1.764082:1.310627;-1.764684:1.297684;-1.755579:1.295831;-1.754974:1.284722;-1.75476:1.283407;-1.755789:1.275112;-1.739226:1.262415
sigma3_hotel_seed42,HOTEL:biwi_hotel:8:20,HOTEL,biwi_hotel,biwi_hotel:8,20,3,0.061023201793432236,0.18603543937206268,0.0,0.0,0.0,0.0,1.0,-1.45:-0.76;-1.45:-0.76;-1.45:-0.76;-1.45:-0.76;-1.45:-0.76;-1.45:-0.76;-1.45:-0.76;-1.45:-0.76,-1.45:-0.76;-1.45:-0.76;-1.45:-0.76;-1.45:-0.76;-1.45:-0.76;-1.45:-0.76;-1.45:-0.76;-1.45:-0.76;-1.51:-0.65;-1.45:-0.74;-1.45:-0.76;-1.55:-0.65,-1.460755:-0.7638059;-1.464613:-0.7713389;-1.47313:-0.7724313;-1.485147:-0.7732936;-1.490216:-0.7758717;-1.494082:-0.7693729;-1.494684:-0.7823157;-1.485579:-0.7841687;-1.484974:-0.7952777;-1.48476:-0.7965933;-1.485789:-0.8048881;-1.469226:-0.817585
sigma3_hotel_seed42,HOTEL:biwi_hotel:5:30,HOTEL,biwi_hotel,biwi_hotel:5,30,3,0.04110554978251457,0.060709621757268906,0.0,0.0,0.0,0.0,2.0,-1.59:0.93;-1.59:0.93;-1.59:0.93;-1.59:0.93;-1.59:0.93;-1.59:0.93;-1.59:0.93;-1.59:0.93,-1.59:0.93;-1.59:0.93;-1.59:0.93;-1.59:0.93;-1.59:0.93;-1.59:0.93;-1.59:0.93;-1.59:0.93;-1.59:0.93;-1.59:0.93;-1.59:0.93;-1.59:0.93,-1.600755:0.9261941;-1.604613:0.9186611;-1.61313:0.9175687;-1.625147:0.9167064;-1.630216:0.9141283;-1.634082:0.9206271;-1.634684:0.9076843;-1.625579:0.9058312;-1.624974:0.8947223;-1.62476:0.8934067;-1.625789:0.8851119;-1.609226:0.8724151
sigma3_hotel_seed42,HOTEL:biwi_hotel:6:30,HOTEL,biwi_hotel,biwi_hotel:6,30,3,0.05812960863113403,0.06967565417289734,0.0,0.0,0.0,0.0,1.0,-1.72:1.32;-1.72:1.32;-1.72:1.32;-1.72:1.32;-1.72:1.32;-1.72:1.32;-1.72:1.32;-1.72:1.32,-1.7:1.32;-1.7:1.32;-1.7:1.32;-1.7:1.32;-1.7:1.32;-1.7:1.32;-1.7:1.32;-1.7:1.32;-1.7:1.32;-1.7:1.32;-1.7:1.32;-1.7:1.32,-1.730755:1.316194;-1.734613:1.308661;-1.74313:1.307569;-1.755147:1.306706;-1.760216:1.304128;-1.764082:1.310627;-1.764684:1.297684;-1.755579:1.295831;-1.754974:1.284722;-1.75476:1.283407;-1.755789:1.275112;-1.739226:1.262415
sigma3_hotel_seed42,HOTEL:biwi_hotel:8:30,HOTEL,biwi_hotel,biwi_hotel:8,30,3,0.07213505357503891,0.21370431780815125,0.0,0.0,0.0,0.0,1.0,-1.45:-0.76;-1.45:-0.76;-1.45:-0.76;-1.45:-0.76;-1.45:-0.76;-1.45:-0.76;-1.45:-0.76;-1.45:-0.76,-1.45:-0.76;-1.45:-0.76;-1.45:-0.76;-1.45:-0.76;-1.45:-0.76;-1.45:-0.76;-1.45:-0.76;-1.51:-0.65;-1.45:-0.74;-1.45:-0.76;-1.55:-0.65;-1.52:-0.61,-1.460755:-0.7638059;-1.464613:-0.7713389;-1.47313:-0.7724313;-1.485147:-0.7732936;-1.490216:-0.7758717;-1.494082:-0.7693729;-1.494684:-0.7823157;-1.485579:-0.7841687;-1.484974:-0.7952777;-1.48476:-0.7965933;-1.485789:-0.8048881;-1.469226:-0.817585
sigma3_hotel_seed42,HOTEL:biwi_hotel:5:40,HOTEL,biwi_hotel,biwi_hotel:5,40,3,0.04110554978251457,0.060709621757268906,0.0,0.0,0.0,0.0,2.0,-1.59:0.93;-1.59:0.93;-1.59:0.93;-1.59:0.93;-1.59:0.93;-1.59:0.93;-1.59:0.93;-1.59:0.93,-1.59:0.93;-1.59:0.93;-1.59:0.93;-1.59:0.93;-1.59:0.93;-1.59:0.93;-1.59:0.93;-1.59:0.93;-1.59:0.93;-1.59:0.93;-1.59:0.93;-1.59:0.93,-1.600755:0.9261941;-1.604613:0.9186611;-1.61313:0.9175687;-1.625147:0.9167064;-1.630216:0.9141283;-1.634082:0.9206271;-1.634684:0.9076843;-1.625579:0.9058312;-1.624974:0.8947223;-1.62476:0.8934067;-1.625789:0.8851119;-1.609226:0.8724151
sigma3_hotel_seed42,HOTEL:biwi_hotel:6:40,HOTEL,biwi_hotel,biwi_hotel:6,40,3,0.20537905395030975,0.4018419682979584,0.05000000074505806,0.0071428571827709675,0.02083333395421505,0.0,1.0,-1.72:1.32;-1.72:1.32;-1.72:1.32;-1.72:1.32;-1.72:1.32;-1.72:1.32;-1.72:1.32;-1.7:1.32,-1.7:1.32;-1.7:1.32;-1.7:1.32;-1.7:1.32;-1.7:1.32;-1.7:1.32;-1.7:1.32;-1.7:1.32;-1.7:1.32;-1.7:1.32;-1.7:1.32;-1.7:1.32,-1.67774:1.329365;-1.64685:1.333622;-1.615296:1.354781;-1.58875:1.368237;-1.55893:1.367942;-1.532531:1.398552;-1.505966:1.380346;-1.447541:1.394822;-1.416898:1.390957;-1.381677:1.396194;-1.355401:1.387799;-1.302934:1.381768
sigma3_hotel_seed42,HOTEL:biwi_hotel:8:40,HOTEL,biwi_hotel,biwi_hotel:8,40,3,0.07165741175413132,0.07993160933256149,0.0,0.0,0.0,0.0,1.0,-1.45:-0.76;-1.45:-0.76;-1.45:-0.76;-1.45:-0.76;-1.45:-0.76;-1.45:-0.76;-1.45:-0.76;-1.45:-0.76,-1.45:-0.76;-1.45:-0.76;-1.45:-0.76;-1.45:-0.76;-1.45:-0.76;-1.45:-0.76;-1.51:-0.65;-1.45:-0.74;-1.45:-0.76;-1.55:-0.65;-1.52:-0.61;-1.45:-0.74,-1.460755:-0.7638059;-1.464613:-0.7713389;-1.47313:-0.7724313;-1.485147:-0.7732936;-1.490216:-0.7758717;-1.494082:-0.7693729;-1.494684:-0.7823157;-1.485579:-0.7841687;-1.484974:-0.7952777;-1.48476:-0.7965933;-1.485789:-0.8048881;-1.469226:-0.817585
sigma3_hotel_seed42,HOTEL:biwi_hotel:5:50,HOTEL,biwi_hotel,biwi_hotel:5,50,3,0.040906358510255814,0.05831930786371231,0.0,0.0,0.0,0.0,2.0,-1.59:0.93;-1.59:0.93;-1.59:0.93;-1.59:0.93;-1.59:0.93;-1.59:0.93;-1.59:0.93;-1.59:0.93,-1.59:0.93;-1.59:0.93;-1.59:0.93;-1.59:0.93;-1.59:0.93;-1.59:0.93;-1.59:0.93;-1.59:0.93;-1.59:0.93;-1.59:0.93;-1.59:0.93;-1.6:0.93,-1.600755:0.9261941;-1.604613:0.9186611;-1.61313:0.9175687;-1.625147:0.9167064;-1.630216:0.9141283;-1.634082:0.9206271;-1.634684:0.9076843;-1.625579:0.9058312;-1.624974:0.8947223;-1.62476:0.8934067;-1.625789:0.8851119;-1.609226:0.8724151
sigma3_hotel_seed42,HOTEL:biwi_hotel:6:50,HOTEL,biwi_hotel,biwi_hotel:6,50,3,0.04796895384788513,0.0680394172668457,0.0,0.0071428571827709675,0.0416666679084301,0.0,1.0,-1.72:1.32;-1.72:1.32;-1.72:1.32;-1.72:1.32;-1.72:1.32;-1.72:1.32;-1.7:1.32;-1.7:1.32,-1.7:1.32;-1.7:1.32;-1.7:1.32;-1.7:1.32;-1.7:1.32;-1.7:1.32;-1.7:1.32;-1.7:1.32;-1.7:1.32;-1.7:1.32;-1.7:1.32;-1.72:1.32,-1.711598:1.314853;-1.715632:1.306204;-1.725055:1.304265;-1.73812:1.301908;-1.74424:1.299193;-1.747889:1.30405;-1.749191:1.290639;-1.742224:1.28834;-1.741824:1.27606;-1.74313:1.274861;-1.74465:1.266417;-1.729892:1.252684
sigma3_hotel_seed42,HOTEL:biwi_hotel:8:50,HOTEL,biwi_hotel,biwi_hotel:8,50,3,0.07048570364713669,0.06070967763662338,0.0,0.0,0.0,0.0,1.0,-1.45:-0.76;-1.45:-0.76;-1.45:-0.76;-1.45:-0.76;-1.45:-0.76;-1.45:-0.76;-1.45:-0.76;-1.45:-0.76,-1.45:-0.76;-1.45:-0.76;-1.45:-0.76;-1.45:-0.76;-1.45:-0.76;-1.51:-0.65;-1.45:-0.74;-1.45:-0.76;-1.55:-0.65;-1.52:-0.61;-1.45:-0.74;-1.45:-0.76,-1.460755:-0.7638059;-1.464613:-0.7713389;-1.47313:-0.7724313;-1.485147:-0.7732936;-1.490216:-0.7758717;-1.494082:-0.7693729;-1.494684:-0.7823157;-1.485579:-0.7841687;-1.484974:-0.7952777;-1.48476:-0.7965933;-1.485789:-0.8048881;-1.469226:-0.817585
sigma3_hotel_seed42,HOTEL:biwi_hotel:5:60,HOTEL,biwi_hotel,biwi_hotel:5,60,3,0.04037557914853096,0.057590145617723465,0.0,0.0,0.0,0.0,2.0,-1.59:0.93;-1.59:0.93;-1.59:0.93;-1.59:0.93;-1.59:0.93;-1.59:0.93;-1.59:0.93;-1.59:0.93,-1.59:0.93;-1.59:0.93;-1.59:0.93;-1.59:0.93;-1.59:0.93;-1.59:0.93;-1.59:0.93;-1.59:0.93;-1.59:0.93;-1.59:0.93;-1.6:0.93;-1.61:0.93,-1.600755:0.9261941;-1.604613:0.9186611;-1.61313:0.9175687;-1.625147:0.9167064;-1.630216:0.9141283;-1.634082:0.9206271;-1.634684:0.9076843;-1.625579:0.9058312;-1.624974:0.8947223;-1.62476:0.8934067;-1.625789:0.8851119;-1.609226:0.8724151
sigma3_hotel_seed42,HOTEL:biwi_hotel:6:60,HOTEL,biwi_hotel,biwi_hotel:6,60,3,0.05956370756030083,0.0862458124756813,0.0,0.0071428571827709675,0.0416666679084301,0.0,1.0,-1.72:1.32;-1.72:1.32;-1.72:1.32;-1.72:1.32;-1.72:1.32;-1.7:1.32;-1.7:1.32;-1.7:1.32,-1.7:1.32;-1.7:1.32;-1.7:1.32;-1.7:1.32;-1.7:1.32;-1.7:1.32;-1.7:1.32;-1.7:1.32;-1.7:1.32;-1.7:1.32;-1.72:1.32;-1.72:1.32,-1.712752:1.313642;-1.718233:1.303615;-1.729272:1.299916;-1.743747:1.296399;-1.751512:1.292225;-1.757439:1.295481;-1.760876:1.281097;-1.755932:1.277882;-1.757375:1.26587;-1.76111:1.263151;-1.764122:1.254508;-1.75341:1.240488
sigma3_hotel_seed42,HOTEL:biwi_hotel:8:60,HOTEL,biwi_hotel,biwi_hotel:8,60,3,0.0705002173781395,0.06070967763662338,0.0,0.0,0.0,0.0,1.0,-1.45:-0.76;-1.45:-0.76;-1.45:-0.76;-1.45:-0.76;-1.45:-0.76;-1.45:-0.76;-1.45:-0.76;-1.45:-0.76,-1.45:-0.76;-1.45:-0.76;-1.45:-0.76;-1.45:-0.76;-1.51:-0.65;-1.45:-0.74;-1.45:-0.76;-1.55:-0.65;-1.52:-0.61;-1.45:-0.74;-1.45:-0.76;-1.45:-0.76,-1.460755:-0.7638059;-1.464613:-0.7713389;-1.47313:-0.7724313;-1.485147:-0.7732936;-1.490216:-0.7758717;-1.494082:-0.7693729;-1.494684:-0.7823157;-1.485579:-0.7841687;-1.484974:-0.7952777;-1.48476:-0.7965933;-1.485789:-0.8048881;-1.469226:-0.817585
sigma3_hotel_seed42,HOTEL:biwi_hotel:24:500,HOTEL,biwi_hotel,biwi_hotel:24,500,3,1.6443334817886353,3.340630531311035,0.8003905415534973,0.7474912405014038,0.41131797432899475,0.843997061252594,1.0,0.27:2.65;0.44:2.34;0.58:2.1;0.7:1.88;0.72:1.61;0.76:1.34;0.83:1;0.82:0.68,0.85:0.35;0.99:0.01;1.07:-0.32;1.13:-0.71;1.22:-1.08;1.29:-1.47;1.33:-1.82;1.42:-2.18;1.49:-2.54;1.5:-2.91;1.54:-3.31;1.64:-3.8,0.677001:0.3835187;0.5358153:0.08220577;0.3900306:-0.1834856;0.2963613:-0.4538053;0.133035:-0.6910653;-0.05567163:-0.9291715;-0.2345088:-1.077702;-0.3810171:-1.32625;-0.5848894:-1.465049;-0.7737228:-1.605713;-0.9233876:-1.775937;-1.126744:-1.927852
sigma3_hotel_seed42,HOTEL:biwi_hotel:25:500,HOTEL,biwi_hotel,biwi_hotel:25,500,3,1.1417032480239868,2.671537160873413,0.8003905415534973,0.7747266888618469,0.3993722200393677,1.1694496870040894,1.0,-0.67:2.78;-0.45:2.56;-0.29:2.33;-0.09:2.1;0.05:1.83;0.15:1.52;0.27:1.22;0.26:0.9,0.3:0.59;0.27:0.28;0.26:-0.05;0.3:-0.39;0.26:-0.78;0.34:-1.18;0.37:-1.57;0.42:-1.96;0.5:-2.33;0.54:-2.74;0.66:-3.14;0.71:-3.52,0.1794903:0.6318833;0.1015756:0.3567381;0.01158294:0.1119149;-0.02766338:-0.1381458;-0.1331124:-0.3511649;-0.2579447:-0.5756332;-0.3870643:-0.7164646;-0.4784726:-0.9359732;-0.6241335:-1.065135;-0.7675078:-1.192488;-0.8583897:-1.342254;-1.01373:-1.478955
sigma3_hotel_seed42,HOTEL:biwi_hotel:24:510,HOTEL,biwi_hotel,biwi_hotel:24,510,3,1.0602571964263916,2.389756202697754,0.8284021019935608,0.7395653128623962,0.3749360144138336,0.9394263625144958,1.0,0.44:2.34;0.58:2.1;0.7:1.88;0.72:1.61;0.76:1.34;0.83:1;0.82:0.68;0.85:0.35,0.99:0.01;1.07:-0.32;1.13:-0.71;1.22:-1.08;1.29:-1.47;1.33:-1.82;1.42:-2.18;1.49:-2.54;1.5:-2.91;1.54:-3.31;1.64:-3.8;1.66:-4.26,0.8368099:0.04858956;0.8184856:-0.2566397;0.7871173:-0.5351467;0.8065466:-0.8100626;0.76469:-1.051598;0.7006952:-1.297194;0.6205773:-1.460505;0.5910952:-1.702519;0.502391:-1.854653;0.4102755:-2.004145;0.3711605:-2.171365;0.2636857:-2.320608
sigma3_hotel_seed42,HOTEL:biwi_hotel:25:510,HOTEL,biwi_hotel,biwi_hotel:25,510,3,0.8410530090332031,2.057640790939331,0.7814249992370605,0.775242030620575,0.38912490010261536,1.151416540145874,1.0,-0.45:2.56;-0.29:2.33;-0.09:2.1;0.05:1.83;0.15:1.52;0.27:1.22;0.26:0.9;0.3:0.59,0.27:0.28;0.26:-0.05;0.3:-0.39;0.26:-0.78;0.34:-1.18;0.37:-1.57;0.42:-1.96;0.5:-2.33;0.54:-2.74;0.66:-3.14;0.71:-3.52;0.8:-3.9,0.3265192:0.3056409;0.3500496:0.01387322;0.354159:-0.2527631;0.4100299:-0.5161502;0.4040553:-0.7442105;0.37884:-0.9832113;0.3292308:-1.142174;0.3358343:-1.368003;0.2822275:-1.51223;0.2172842:-1.654398;0.2167481:-1.808991;0.1380708:-1.951735
sigma3_hotel_seed42,HOTEL:biwi_hotel:24:520,HOTEL,biwi_hotel,biwi_hotel:24,520,3,0.8370177149772644,1.999389886856079,0.919238805770874,0.771653413772583,0.46052905917167664,1.2106457948684692,1.0,0.58:2.1;0.7:1.88;0.72:1.61;0.76:1.34;0.83:1;0.82:0.68;0.85:0.35;0.99:0.01,1.07:-0.32;1.13:-0.71;1.22:-1.08;1.29:-1.47;1.33:-1.82;1.42:-2.18;1.49:-2.54;1.5:-2.91;1.54:-3.31;1.64:-3.8;1.66:-4.26;1.67:-4.72,1.166947:-0.3004655;1.325681:-0.6247851;1.440762:-0.9424983;1.633654:-1.221473;1.761552:-1.479785;1.871116:-1.748618;1.907413:-1.938265;2.053129:-2.171374;2.117696:-2.332472;2.167499:-2.521992;2.282383:-2.676496;2.31344:-2.826975
sigma3_hotel_seed42,HOTEL:biwi_hotel:25:520,HOTEL,biwi_hotel,biwi_hotel:25,520,3,1.1439327001571655,2.6071877479553223,0.7786206007003784,0.7864097952842712,0.42037490010261536,1.268272042274475,1.0,-0.29:2.33;-0.09:2.1;0.05:1.83;0.15:1.52;0.27:1.22;0.26:0.9;0.3:0.59;0.27:0.28,0.26:-0.05;0.3:-0.39;0.26:-0.78;0.34:-1.18;0.37:-1.57;0.42:-1.96;0.5:-2.33;0.54:-2.74;0.66:-3.14;0.71:-3.52;0.8:-3.9;0.89:-4.27,0.2337077:0.01240134;0.1944778:-0.2594328;0.1403663:-0.5081904;0.1372764:-0.7566311;0.07349011:-0.9679203;-0.006285667:-1.192898;-0.1033501:-1.338357;-0.1575196:-1.550207;-0.2622912:-1.68551;-0.3688726:-1.817651;-0.4257482:-1.96368;-0.5456263:-2.093672
sigma3_hotel_seed42,HOTEL:biwi_hotel:24:530,HOTEL,biwi_hotel,biwi_hotel:24,530,3,0.7631800174713135,2.01729416847229,0.848896324634552,0.803424596786499,0.4074293076992035,0.9380092024803162,1.0,0.7:1.88;0.72:1.61;0.76:1.34;0.83:1;0.82:0.68;0.85:0.35;0.99:0.01;1.07:-0.32,1.13:-0.71;1.22:-1.08;1.29:-1.47;1.33:-1.82;1.42:-2.18;1.49:-2.54;1.5:-2.91;1.54:-3.31;1.64:-3.8;1.66:-4.26;1.67:-4.72;1.7:-5.18,1.139267:-0.6418853;1.200116:-0.9726967;1.230062:-1.283906;1.328246:-1.571633;1.357004:-1.83386;1.36804:-2.102371;1.333982:-2.285353;1.377267:-2.534116;1.351908:-2.695415;1.32328:-2.875588;1.345826:-3.04348;1.295607:-3.203654
sigma3_hotel_seed42,HOTEL:biwi_hotel:25:530,HOTEL,biwi_hotel,biwi_hotel:25,530,3,1.0020135641098022,2.2899951934814453,0.8253787159919739,0.7954656481742859,0.37472203373908997,1.0970607995986938,1.0,-0.09:2.1;0.05:1.83;0.15:1.52;0.27:1.22;0.26:0.9;0.3:0.59;0.27:0.28;0.26:-0.05,0.3:-0.39;0.26:-0.78;0.34:-1.18;0.37:-1.57;0.42:-1.96;0.5:-2.33;0.54:-2.74;0.66:-3.14;0.71:-3.52;0.8:-3.9;0.89:-4.27;0.88:-4.65,0.2321831:-0.3626822;0.2006614:-0.683624;0.1489696:-0.977265;0.1603161:-1.259081;0.1004726:-1.512501;0.018839:-1.76991;-0.08312327:-1.938804;-0.1266774:-2.189593;-0.235188:-2.340627;-0.3371882:-2.506057;-0.3939087:-2.675756;-0.5151026:-2.834025
sigma3_hotel_seed42,HOTEL:biwi_hotel:24:540,HOTEL,biwi_hotel,biwi_hotel:24,540,3,0.614879846572876,1.6728410720825195,0.9864709973335266,0.84765625,0.45247676968574524,0.9500564932823181,1.0,0.72:1.61;0.76:1.34;0.83:1;0.82:0.68;0.85:0.35;0.99:0.01;1.07:-0.32;1.13:-0.71,1.22:-1.08;1.29:-1.47;1.33:-1.82;1.42:-2.18;1.49:-2.54;1.5:-2.91;1.54:-3.31;1.64:-3.8;1.66:-4.26;1.67:-4.72;1.7:-5.18;1.65:-5.59,1.172933:-1.082125;1.205204:-1.466521;1.202511:-1.827249;1.283711:-2.151588;1.283078:-2.459097;1.258878:-2.763643;1.190591:-2.971038;1.209276:-3.262112;1.148726:-3.440035;1.10301:-3.660561;1.091121:-3.854387;1.014336:-4.042638
sigma3_hotel_seed42,HOTEL:biwi_hotel:25:540,HOTEL,biwi_hotel,biwi_hotel:25,540,3,0.8767639994621277,2.0584325790405273,0.8558621406555176,0.8091109395027161,0.3689112663269043,1.0781530141830444,1.0,0.05:1.83;0.15:1.52;0.27:1.22;0.26:0.9;0.3:0.59;0.27:0.28;0.26:-0.05;0.3:-0.39,0.26:-0.78;0.34:-1.18;0.37:-1.57;0.42:-1.96;0.5:-2.33;0.54:-2.74;0.66:-3.14;0.71:-3.52;0.8:-3.9;0.89:-4.27;0.88:-4.65;0.94:-5.06,0.2971601:-0.7248166;0.2853361:-1.065765;0.2540643:-1.381346;0.2867848:-1.679358;0.250788:-1.951952;0.1902165:-2.222737;0.1047853:-2.404967;0.0847128:-2.672152;-0.003788263:-2.837098;-0.08597496:-3.017461;-0.1258792:-3.199535;-0.2294718:-3.366046
sigma3_hotel_seed42,HOTEL:biwi_hotel:24:550,HOTEL,biwi_hotel,biwi_hotel:24,550,3,0.5705771446228027,1.6162670850753784,0.9519716501235962,0.8861711621284485,0.4107036292552948,0.9800496101379395,1.0,0.76:1.34;0.83:1;0.82:0.68;0.85:0.35;0.99:0.01;1.07:-0.32;1.13:-0.71;1.22:-1.08,1.29:-1.47;1.33:-1.82;1.42:-2.18;1.49:-2.54;1.5:-2.91;1.54:-3.31;1.64:-3.8;1.66:-4.26;1.67:-4.72;1.7:-5.18;1.65:-5.59;1.59:-5.98,1.287106:-1.447333;1.341776:-1.82774;1.359126:-2.187182;1.461267:-2.508074;1.48318:-2.812419;1.481773:-3.115311;1.430596:-3.322959;1.472023:-3.608661;1.432503:-3.785854;1.404313:-4.006113;1.413856:-4.195938;1.355535:-4.38083
sigma3_hotel_seed42,HOTEL:biwi_hotel:25:550,HOTEL,biwi_hotel,biwi_hotel:25,550,3,1.288481593132019,2.623872756958008,0.9801148176193237,0.8327952027320862,0.4438895285129547,1.2290042638778687,1.0,0.15:1.52;0.27:1.22;0.26:0.9;0.3:0.59;0.27:0.28;0.26:-0.05;0.3:-0.39;0.26:-0.78,0.34:-1.18;0.37:-1.57;0.42:-1.96;0.5:-2.33;0.54:-2.74;0.66:-3.14;0.71:-3.52;0.8:-3.9;0.89:-4.27;0.88:-4.65;0.94:-5.06;0.93:-5.46,0.1636732:-1.154069;0.06139046:-1.537843;-0.06267411:-1.889585;-0.1050835:-2.213569;-0.2341484:-2.521754;-0.3912439:-2.819343;-0.5636099:-3.013579;-0.6697728:-3.317447;-0.8520613:-3.487687;-1.000516:-3.699813;-1.13269:-3.902812;-1.31075:-4.094809
sigma3_hotel_seed42,HOTEL:biwi_hotel:24:560,HOTEL,biwi_hotel,biwi_hotel:24,560,3,0.6145762801170349,1.626100778579712,0.9905806183815002,0.9037072658538818,0.3542683720588684,0.8067777156829834,1.0,0.83:1;0.82:0.68;0.85:0.35;0.99:0.01;1.07:-0.32;1.13:-0.71;1.22:-1.08;1.29:-1.47,1.33:-1.82;1.42:-2.18;1.49:-2.54;1.5:-2.91;1.54:-3.31;1.64:-3.8;1.66:-4.26;1.67:-4.72;1.7:-5.18;1.65:-5.59;1.59:-5.98;1.65:-6.4,1.329063:-1.848627;1.359041:-2.242052;1.34717:-2.612738;1.428547:-2.939782;1.420652:-3.253818;1.392162:-3.566022;1.312562:-3.776978;1.325794:-4.070752;1.257555:-4.247735;1.210755:-4.479563;1.190715:-4.672807;1.109685:-4.866291
sigma3_hotel_seed42,HOTEL:biwi_hotel:25:560,HOTEL,biwi_hotel,biwi_hotel:25,560,3,0.4896593391895294,1.3689770698547363,1.0198038816452026,0.8630850911140442,0.432312935590744,1.116860270500183,1.0,0.27:1.22;0.26:0.9;0.3:0.59;0.27:0.28;0.26:-0.05;0.3:-0.39;0.26:-0.78;0.34:-1.18,0.37:-1.57;0.42:-1.96;0.5:-2.33;0.54:-2.74;0.66:-3.14;0.71:-3.52;0.8:-3.9;0.89:-4.27;0.88:-4.65;0.94:-5.06;0.93:-5.46;0.97:-5.87,0.4127664:-1.557336;0.4680923:-1.949633;0.4820181:-2.325295;0.5902076:-2.651807;0.6156808:-2.967845;0.6154451:-3.279309;0.5579184:-3.493781;0.6066489:-3.787006;0.5665972:-3.967495;0.5438306:-4.203045;0.5529835:-4.396103;0.4990045:-4.584597
sigma3_hotel_seed42,HOTEL:biwi_hotel:24:570,HOTEL,biwi_hotel,biwi_hotel:24,570,3,1.1063817739486694,2.3986260890960693,0.8806957602500916,0.9151794910430908,0.36340269446372986,0.7486822009086609,1.0,0.82:0.68;0.85:0.35;0.99:0.01;1.07:-0.32;1.13:-0.71;1.22:-1.08;1.29:-1.47;1.33:-1.82,1.42:-2.18;1.49:-2.54;1.5:-2.91;1.54:-3.31;1.64:-3.8;1.66:-4.26;1.67:-4.72;1.7:-5.18;1.65:-5.59;1.59:-5.98;1.65:-6.4;1.69:-6.77,1.30566:-2.137067;1.276351:-2.461143;1.227846:-2.75845;1.241535:-3.043402;1.185382:-3.300032;1.10724:-3.559506;1.008351:-3.730839;0.9675274:-3.984468;0.8625093:-4.138963;0.763913:-4.306656;0.7089827:-4.47902;0.5906025:-4.638162
sigma3_hotel_seed42,HOTEL:biwi_hotel:25:570,HOTEL,biwi_hotel,biwi_hotel:25,570,3,1.0448964834213257,2.20589017868042,0.9778803586959839,0.8884407877922058,0.432312935590744,1.077920913696289,1.0,0.26:0.9;0.3:0.59;0.27:0.28;0.26:-0.05;0.3:-0.39;0.26:-0.78;0.34:-1.18;0.37:-1.57,0.42:-1.96;0.5:-2.33;0.54:-2.74;0.66:-3.14;0.71:-3.52;0.8:-3.9;0.89:-4.27;0.88:-4.65;0.94:-5.06;0.93:-5.46;0.97:-5.87;0.99:-6.24,0.3234895:-1.930904;0.2692095:-2.299531;0.192974:-2.639847;0.1915546:-2.954979;0.1111232:-3.250774;0.005061299:-3.539547;-0.1235009:-3.731305;-0.1846172:-4.020832;-0.3183498:-4.191338;-0.4304429:-4.393037;-0.5161281:-4.588155;-0.6551734:-4.770525
sigma3_hotel_seed42,HOTEL:biwi_hotel:24:580,HOTEL,biwi_hotel,biwi_hotel:24,580,3,0.8197850584983826,1.8430328369140625,0.9276987910270691,0.9293646812438965,0.3014616370201111,0.5799216628074646,1.0,0.85:0.35;0.99:0.01;1.07:-0.32;1.13:-0.71;1.22:-1.08;1.29:-1.47;1.33:-1.82;1.42:-2.18,1.49:-2.54;1.5:-2.91;1.54:-3.31;1.64:-3.8;1.66:-4.26;1.67:-4.72;1.7:-5.18;1.65:-5.59;1.59:-5.98;1.65:-6.4;1.69:-6.77;1.71:-7.14,1.517787:-2.527367;1.605478:-2.88762;1.651759:-3.22997;1.780347:-3.535425;1.830681:-3.821429;1.864068:-4.112921;1.839043:-4.313013;1.906024:-4.577814;1.897337:-4.748063;1.892173:-4.956355;1.93082:-5.132124;1.897264:-5.306505
sigma3_hotel_seed42,HOTEL:biwi_hotel:25:580,HOTEL,biwi_hotel,biwi_hotel:25,580,3,0.8323367238044739,1.8207956552505493,0.9829801917076111,0.9172343611717224,0.3802295923233032,0.9038615822792053,1.0,0.3:0.59;0.27:0.28;0.26:-0.05;0.3:-0.39;0.26:-0.78;0.34:-1.18;0.37:-1.57;0.42:-1.96,0.5:-2.33;0.54:-2.74;0.66:-3.14;0.71:-3.52;0.8:-3.9;0.89:-4.27;0.88:-4.65;0.94:-5.06;0.93:-5.46;0.97:-5.87;0.99:-6.24;0.97:-6.62,0.4157459:-2.32466;0.402812:-2.699631;0.3588634:-3.049979;0.397238:-3.367073;0.3532097:-3.667033;0.2869501:-3.963483;0.1838733:-4.162147;0.1590015:-4.449077;0.05917728:-4.621514;-0.02015793:-4.834349;-0.07297033:-5.025877;-0.1821617:-5.210099
sigma3_hotel_seed42,HOTEL:biwi_hotel:24:590,HOTEL,biwi_hotel,biwi_hotel:24,590,3,0.5480225682258606,1.177958607673645,0.916856050491333,0.9290242791175842,0.25893285870552063,0.4800812005996704,1.0,0.99:0.01;1.07:-0.32;1.13:-0.71;1.22:-1.08;1.29:-1.47;1.33:-1.82;1.42:-2.18;1.49:-2.54,1.5:-2.91;1.54:-3.31;1.64:-3.8;1.66:-4.26;1.67:-4.72;1.7:-5.18;1.65:-5.59;1.59:-5.98;1.65:-6.4;1.69:-6.77;1.71:-7.14;1.8:-7.43,1.587266:-2.951455;1.670881:-3.38231;1.699849:-3.794042;1.838081:-4.144727;1.879176:-4.489824;1.899168:-4.831371;1.848883:-5.066354;1.913547:-5.380596;1.886253:-5.57177;1.884779:-5.839316;1.905095:-6.043265;1.861737:-6.25366
sigma3_hotel_seed42,HOTEL:biwi_hotel:25:590,HOTEL,biwi_hotel,biwi_hotel:25,590,3,0.6737752556800842,1.6270393133163452,0.9463746547698975,0.9411992430686951,0.38832464814186096,0.9231103658676147,1.0,0.27:0.28;0.26:-0.05;0.3:-0.39;0.26:-0.78;0.34:-1.18;0.37:-1.57;0.42:-1.96;0.5:-2.33,0.54:-2.74;0.66:-3.14;0.71:-3.52;0.8:-3.9;0.89:-4.27;0.88:-4.65;0.94:-5.06;0.93:-5.46;0.97:-5.87;0.99:-6.24;0.97:-6.62;1.07:-6.99,0.5551466:-2.678388;0.600031:-3.037426;0.6119042:-3.375256;0.7006915:-3.68218;0.7137831:-3.968468;0.7058048:-4.255982;0.6529236:-4.45197;0.6831762:-4.723015;0.6388844:-4.893222;0.6012886:-5.095316;0.6051326:-5.276843;0.5409975:-5.45136
sigma3_hotel_seed42,HOTEL:biwi_hotel:28:590,HOTEL,biwi_hotel,biwi_hotel:28,590,3,0.7396833896636963,1.938606858253479,0.9253377914428711,0.8819780945777893,0.34975162148475647,0.8203386068344116,0.0,0.74:3.69;0.78:3.36;0.87:3.03;0.92:2.66;0.96:2.31;1.07:1.96;1.11:1.63;1.1:1.26,1.15:0.91;1.2:0.56;1.2:0.2;1.22:-0.14;1.32:-0.53;1.34:-0.97;1.31:-1.39;1.29:-1.88;1.2:-2.36;1.13:-2.86;1.13:-3.41;1.09:-3.95,1.077122:0.8727357;1.045224:0.4725978;0.9787261:0.09868526;1.004647:-0.2339925;0.9400745:-0.5551938;0.8510456:-0.8685133;0.7243828:-1.077558;0.6827784:-1.383821;0.5596223:-1.561817;0.4674841:-1.79472;0.3924675:-1.997121;0.2662071:-2.195132
sigma3_hotel_seed42,HOTEL:biwi_hotel:24:600,HOTEL,biwi_hotel,biwi_hotel:24,600,3,1.0608837604522705,2.1196701526641846,0.9253377914428711,0.9399445056915283,0.25641417503356934,0.5599221587181091,1.0,1.07:-0.32;1.13:-0.71;1.22:-1.08;1.29:-1.47;1.33:-1.82;1.42:-2.18;1.49:-2.54;1.5:-2.91,1.54:-3.31;1.64:-3.8;1.66:-4.26;1.67:-4.72;1.7:-5.18;1.65:-5.59;1.59:-5.98;1.65:-6.4;1.69:-6.77;1.71:-7.14;1.8:-7.43;1.88:-7.7,1.469759:-3.254822;1.432093:-3.609434;1.365665:-3.940135;1.378994:-4.242254;1.311665:-4.524336;1.223866:-4.806913;1.103757:-4.993605;1.054236:-5.265113;0.9349114:-5.42775;0.8370816:-5.62727;0.7645242:-5.808558;0.639077:-5.981538
sigma3_hotel_seed42,HOTEL:biwi_hotel:25:600,HOTEL,biwi_hotel,biwi_hotel:25,600,3,0.7016357779502869,1.583329677581787,1.0298664569854736,0.9704117774963379,0.39413541555404663,0.8913930058479309,1.0,0.26:-0.05;0.3:-0.39;0.26:-0.78;0.34:-1.18;0.37:-1.57;0.42:-1.96;0.5:-2.33;0.54:-2.74,0.66:-3.14;0.71:-3.52;0.8:-3.9;0.89:-4.27;0.88:-4.65;0.94:-5.06;0.93:-5.46;0.97:-5.87;0.99:-6.24;0.97:-6.62;1.07:-6.99;1.13:-7.34,0.5438979:-3.134065;0.538525:-3.543915;0.4902028:-3.930011;0.542958:-4.266555;0.5000632:-4.594984;0.4351691:-4.917393;0.3210308:-5.13325;0.3023745:-5.441043;0.1984444:-5.620624;0.127253:-5.86612;0.07131383:-6.067342;-0.03693169:-6.269858
sigma3_hotel_seed42,HOTEL:biwi_hotel:28:600,HOTEL,biwi_hotel,biwi_hotel:28,600,3,0.8673480153083801,2.3314194679260254,0.8838834762573242,0.8895273804664612,0.3635490834712982,0.8436277508735657,0.0,0.78:3.36;0.87:3.03;0.92:2.66;0.96:2.31;1.07:1.96;1.11:1.63;1.1:1.26;1.15:0.91,1.2:0.56;1.2:0.2;1.22:-0.14;1.32:-0.53;1.34:-0.97;1.31:-1.39;1.29:-1.88;1.2:-2.36;1.13:-2.86;1.13:-3.41;1.09:-3.95;1.08:-4.42,1.149415:0.5680059;1.139687:0.2187214;1.1065:-0.1062976;1.143132:-0.408321;1.107179:-0.6877174;1.047917:-0.965091;0.958667:-1.151577;0.9396414:-1.422728;0.8502425:-1.58934;0.7710763:-1.778933;0.7294225:-1.962461;0.6266431:-2.133084
sigma3_hotel_seed42,HOTEL:biwi_hotel:24:610,HOTEL,biwi_hotel,biwi_hotel:24,610,3,0.8065699934959412,1.5950616598129272,1.0049875974655151,0.9425897598266602,0.26305052638053894,0.546610414981842,1.0,1.13:-0.71;1.22:-1.08;1.29:-1.47;1.33:-1.82;1.42:-2.18;1.49:-2.54;1.5:-2.91;1.54:-3.31,1.64:-3.8;1.66:-4.26;1.67:-4.72;1.7:-5.18;1.65:-5.59;1.59:-5.98;1.65:-6.4;1.69:-6.77;1.71:-7.14;1.8:-7.43;1.88:-7.7;1.85:-7.96,1.521536:-3.701713;1.492501:-4.104983;1.431058:-4.481945;1.459749:-4.818515;1.400322:-5.142998;1.315114:-5.458084;1.193672:-5.669679;1.156201:-5.979692;1.037687:-6.16162;0.9490345:-6.395617;0.8776543:-6.601595;0.754679:-6.800477
sigma3_hotel_seed42,HOTEL:biwi_hotel:25:610,HOTEL,biwi_hotel,biwi_hotel:25,610,3,0.44245991110801697,1.0442132949829102,1.0440306663513184,0.9972929954528809,0.37984663248062134,0.8662811517715454,1.0,0.3:-0.39;0.26:-0.78;0.34:-1.18;0.37:-1.57;0.42:-1.96;0.5:-2.33;0.54:-2.74;0.66:-3.14,0.71:-3.52;0.8:-3.9;0.89:-4.27;0.88:-4.65;0.94:-5.06;0.93:-5.46;0.97:-5.87;0.99:-6.24;0.97:-6.62;1.07:-6.99;1.13:-7.34;1.22:-7.67,0.7794897:-3.525056;0.8824041:-3.928152;0.9339821:-4.316463;1.087148:-4.648405;1.152608:-4.97156;1.196311:-5.293956;1.168633:-5.517485;1.256892:-5.811082;1.254318:-5.994789;1.267143:-6.242939;1.31325:-6.434295;1.29086:-6.628194
sigma3_hotel_seed42,HOTEL:biwi_hotel:28:610,HOTEL,biwi_hotel,biwi_hotel:28,610,3,0.9639854431152344,2.519169330596924,0.8838834762573242,0.8936347961425781,0.3046235144138336,0.7116971611976624,0.0,0.87:3.03;0.92:2.66;0.96:2.31;1.07:1.96;1.11:1.63;1.1:1.26;1.15:0.91;1.2:0.56,1.2:0.2;1.22:-0.14;1.32:-0.53;1.34:-0.97;1.31:-1.39;1.29:-1.88;1.2:-2.36;1.13:-2.86;1.13:-3.41;1.09:-3.95;1.08:-4.42;1.08:-4.94,1.200914:0.2226531;1.195578:-0.1246561;1.163272:-0.4464191;1.203385:-0.7453889;1.167217:-1.021348;1.109141:-1.298349;1.019859:-1.483008;1.001542:-1.750232;0.9121655:-1.912068;0.8331631:-2.10072;0.7940665:-2.280049;0.6909558:-2.451053
sigma3_hotel_seed42,HOTEL:biwi_hotel:28:620,HOTEL,biwi_hotel,biwi_hotel:28,620,3,1.2257026433944702,2.8169002532958984,0.8999999761581421,0.8888622522354126,0.33444592356681824,0.8330647945404053,0.0,0.92:2.66;0.96:2.31;1.07:1.96;1.11:1.63;1.1:1.26;1.15:0.91;1.2:0.56;1.2:0.2,1.22:-0.14;1.32:-0.53;1.34:-0.97;1.31:-1.39;1.29:-1.88;1.2:-2.36;1.13:-2.86;1.13:-3.41;1.09:-3.95;1.08:-4.42;1.08:-4.94;1.04:-5.4,1.1346:-0.1363008;1.063493:-0.4786281;0.9775345:-0.7908794;0.9557458:-1.089537;0.8612863:-1.362963;0.740636:-1.632217;0.6080512:-1.809091;0.5312077:-2.082357;0.3872772:-2.243049;0.2587939:-2.420831;0.1649375:-2.606698;0.0148387:-2.776268
sigma3_hotel_seed42,HOTEL:biwi_hotel:38:1000,HOTEL,biwi_hotel,biwi_hotel:38,1000,3,0.1461503803730011,0.14861595630645752,0.0,0.014285714365541935,0.02083333395421505,0.0,0.0,-1.4:-7.32;-1.4:-7.3;-1.4:-7.28;-1.4:-7.28;-1.4:-7.28;-1.4:-7.28;-1.4:-7.28;-1.4:-7.28,-1.4:-7.28;-1.36:-7.32;-1.33:-7.38;-1.31:-7.42;-1.31:-7.43;-1.31:-7.43;-1.31:-7.43;-1.31:-7.43;-1.31:-7.43;-1.31:-7.43;-1.31:-7.43;-1.31:-7.43,-1.404757:-7.279361;-1.401116:-7.280445;-1.403407:-7.278582;-1.409002:-7.276678;-1.409595:-7.270227;-1.402733:-7.264749;-1.395515:-7.268926;-1.386932:-7.26705;-1.381124:-7.278465;-1.375342:-7.272416;-1.370286:-7.275733;-1.343185:-7.285136
sigma3_hotel_seed42,HOTEL:biwi_hotel:38:1010,HOTEL,biwi_hotel,biwi_hotel:38,1010,3,0.16278472542762756,0.15793125331401825,0.0,0.0071428571827709675,0.02083333395421505,0.0,0.0,-1.4:-7.3;-1.4:-7.28;-1.4:-7.28;-1.4:-7.28;-1.4:-7.28;-1.4:-7.28;-1.4:-7.28;-1.4:-7.28,-1.36:-7.32;-1.33:-7.38;-1.31:-7.42;-1.31:-7.43;-1.31:-7.43;-1.31:-7.43;-1.31:-7.43;-1.31:-7.43;-1.31:-7.43;-1.31:-7.43;-1.31:-7.43;-1.31:-7.43,-1.40326:-7.279357;-1.401943:-7.279339;-1.405559:-7.281188;-1.412283:-7.279346;-1.412315:-7.27281;-1.406045:-7.27067;-1.401681:-7.269278;-1.396498:-7.269842;-1.391341:-7.27958;-1.390448:-7.272538;-1.383104:-7.272866;-1.362496:-7.281049
sigma3_hotel_seed42,HOTEL:biwi_hotel:38:1020,HOTEL,biwi_hotel,biwi_hotel:38,1020,3,0.2520148456096649,0.45711007714271545,0.1414213627576828,0.02020305022597313,0.0589255653321743,0.0,0.0,-1.4:-7.28;-1.4:-7.28;-1.4:-7.28;-1.4:-7.28;-1.4:-7.28;-1.4:-7.28;-1.4:-7.28;-1.36:-7.32,-1.33:-7.38;-1.31:-7.42;-1.31:-7.43;-1.31:-7.43;-1.31:-7.43;-1.31:-7.43;-1.31:-7.43;-1.31:-7.43;-1.31:-7.43;-1.31:-7.43;-1.31:-7.43;-1.37:-7.53,-1.302774:-7.357573;-1.253266:-7.371968;-1.220461:-7.423731;-1.18358:-7.446207;-1.139826:-7.478262;-1.08163:-7.512389;-1.050821:-7.553624;-1.032111:-7.557168;-0.9737797:-7.582734;-0.9369934:-7.621838;-0.9208025:-7.633294;-0.9242616:-7.631326
sigma3_hotel_seed42,HOTEL:biwi_hotel:38:1030,HOTEL,biwi_hotel,biwi_hotel:38,1030,3,0.37594664096832275,0.653322696685791,0.16770510375499725,0.04416092112660408,0.08221793919801712,0.32175055146217346,0.0,-1.4:-7.28;-1.4:-7.28;-1.4:-7.28;-1.4:-7.28;-1.4:-7.28;-1.4:-7.28;-1.36:-7.32;-1.33:-7.38,-1.31:-7.42;-1.31:-7.43;-1.31:-7.43;-1.31:-7.43;-1.31:-7.43;-1.31:-7.43;-1.31:-7.43;-1.31:-7.43;-1.31:-7.43;-1.31:-7.43;-1.37:-7.53;-1.43:-7.56,-1.266542:-7.433542;-1.209212:-7.46441;-1.170036:-7.528152;-1.126153:-7.569627;-1.077564:-7.610242;-1.013115:-7.660752;-0.9756064:-7.710576;-0.9560858:-7.726502;-0.8935044:-7.763636;-0.8569837:-7.806112;-0.8328966:-7.826282;-0.8365566:-7.833231
sigma3_hotel_seed42,HOTEL:biwi_hotel:38:1040,HOTEL,biwi_hotel,biwi_hotel:38,1040,3,0.31696540117263794,0.5180022120475769,0.11180339753627777,0.06013283506035805,0.10551031678915024,0.32175055146217346,0.0,-1.4:-7.28;-1.4:-7.28;-1.4:-7.28;-1.4:-7.28;-1.4:-7.28;-1.36:-7.32;-1.33:-7.38;-1.31:-7.42,-1.31:-7.43;-1.31:-7.43;-1.31:-7.43;-1.31:-7.43;-1.31:-7.43;-1.31:-7.43;-1.31:-7.43;-1.31:-7.43;-1.31:-7.43;-1.37:-7.53;-1.43:-7.56;-1.32:-7.44,-1.280903:-7.480425;-1.258312:-7.522451;-1.248904:-7.58589;-1.234171:-7.637216;-1.216603:-7.68401;-1.188506:-7.736176;-1.181433:-7.792869;-1.187198:-7.815129;-1.15722:-7.855842;-1.149368:-7.899848;-1.15136:-7.927306;-1.183158:-7.9396
sigma3_hotel_seed42,HOTEL:biwi_hotel:38:1050,HOTEL,biwi_hotel,biwi_hotel:38,1050,3,0.12034016847610474,0.2389039546251297,0.02500000037252903,0.06370426714420319,0.1430681347846985,0.7853981852531433,0.0,-1.4:-7.28;-1.4:-7.28;-1.4:-7.28;-1.4:-7.28;-1.36:-7.32;-1.33:-7.38;-1.31:-7.42;-1.31:-7.43,-1.31:-7.43;-1.31:-7.43;-1.31:-7.43;-1.31:-7.43;-1.31:-7.43;-1.31:-7.43;-1.31:-7.43;-1.31:-7.43;-1.37:-7.53;-1.43:-7.56;-1.32:-7.44;-1.31:-7.43,-1.331249:-7.441298;-1.347527:-7.455608;-1.37092:-7.467264;-1.403743:-7.472601;-1.419878:-7.482014;-1.434964:-7.482845;-1.454708:-7.500809;-1.460996:-7.505022;-1.467937:-7.518209;-1.492961:-7.526034;-1.502429:-7.531655;-1.518003:-7.547514
sigma3_hotel_seed42,HOTEL:biwi_hotel:38:1060,HOTEL,biwi_hotel,biwi_hotel:38,1060,3,0.17734424769878387,0.3730636537075043,0.0,0.06370426714420319,0.15348480641841888,0.7853981852531433,0.0,-1.4:-7.28;-1.4:-7.28;-1.4:-7.28;-1.36:-7.32;-1.33:-7.38;-1.31:-7.42;-1.31:-7.43;-1.31:-7.43,-1.31:-7.43;-1.31:-7.43;-1.31:-7.43;-1.31:-7.43;-1.31:-7.43;-1.31:-7.43;-1.31:-7.43;-1.37:-7.53;-1.43:-7.56;-1.32:-7.44;-1.31:-7.43;-1.31:-7.43,-1.339554:-7.453037;-1.35889:-7.472206;-1.381837:-7.480114;-1.413481:-7.506597;-1.442659:-7.517081;-1.461852:-7.532068;-1.483824:-7.562708;-1.518169:-7.56345;-1.533352:-7.58633;-1.56712:-7.588706;-1.590705:-7.602292;-1.6339:-7.615108
sigma3_hotel_seed42,HOTEL:biwi_hotel:38:1070,HOTEL,biwi_hotel,biwi_hotel:38,1070,3,0.09495311230421066,0.2037278413772583,0.0,0.06370426714420319,0.15348480641841888,0.7853981852531433,0.0,-1.4:-7.28;-1.4:-7.28;-1.36:-7.32;-1.33:-7.38;-1.31:-7.42;-1.31:-7.43;-1.31:-7.43;-1.31:-7.43,-1.31:-7.43;-1.31:-7.43;-1.31:-7.43;-1.31:-7.43;-1.31:-7.43;-1.31:-7.43;-1.37:-7.53;-1.43:-7.56;-1.32:-7.44;-1.31:-7.43;-1.31:-7.43;-1.31:-7.43,-1.324593:-7.448186;-1.327299:-7.464008;-1.336329:-7.473394;-1.351485:-7.497463;-1.368987:-7.498104;-1.373293:-7.519466;-1.372345:-7.538104;-1.403277:-7.540071;-1.407871:-7.559221;-1.42073:-7.560885;-1.4303:-7.568268;-1.449039:-7.578907
sigma3_hotel_seed42,HOTEL:biwi_hotel:38:1080,HOTEL,biwi_hotel,biwi_hotel:38,1080,3,0.10585533827543259,0.20677010715007782,0.0,0.06370426714420319,0.09455924481153488,0.7853981852531433,0.0,-1.4:-7.28;-1.36:-7.32;-1.33:-7.38;-1.31:-7.42;-1.31:-7.43;-1.31:-7.43;-1.31:-7.43;-1.31:-7.43,-1.31:-7.43;-1.31:-7.43;-1.31:-7.43;-1.31:-7.43;-1.31:-7.43;-1.37:-7.53;-1.43:-7.56;-1.32:-7.44;-1.31:-7.43;-1.31:-7.43;-1.31:-7.43;-1.32:-7.41,-1.305738:-7.439466;-1.288616:-7.449684;-1.280114:-7.449061;-1.275454:-7.457003;-1.267285:-7.457377;-1.247132:-7.456312;-1.231353:-7.473448;-1.215419:-7.47226;-1.196625:-7.491803;-1.182598:-7.488982;-1.171008:-7.498827;-1.142077:-7.515344
sigma3_hotel_seed42,HOTEL:biwi_hotel:38:1090,HOTEL,biwi_hotel,biwi_hotel:38,1090,3,0.12876619398593903,0.27174803614616394,0.0,0.04350121319293976,0.07126686722040176,0.46364760398864746,0.0,-1.36:-7.32;-1.33:-7.38;-1.31:-7.42;-1.31:-7.43;-1.31:-7.43;-1.31:-7.43;-1.31:-7.43;-1.31:-7.43,-1.31:-7.43;-1.31:-7.43;-1.31:-7.43;-1.31:-7.43;-1.37:-7.53;-1.43:-7.56;-1.32:-7.44;-1.31:-7.43;-1.31:-7.43;-1.31:-7.43;-1.32:-7.41;-1.34:-7.37,-1.302403:-7.437443;-1.281695:-7.446541;-1.269453:-7.444108;-1.261755:-7.449412;-1.250421:-7.448833;-1.227894:-7.445538;-1.208277:-7.463183;-1.188838:-7.459327;-1.167066:-7.476782;-1.147546:-7.476004;-1.134:-7.48432;-1.100966:-7.499267
sigma3_hotel_seed42,HOTEL:biwi_hotel:38:1100,HOTEL,biwi_hotel,biwi_hotel:38,1100,3,0.0761183574795723,0.19558510184288025,0.0,0.019543342292308807,0.047974493354558945,0.46364760398864746,0.0,-1.33:-7.38;-1.31:-7.42;-1.31:-7.43;-1.31:-7.43;-1.31:-7.43;-1.31:-7.43;-1.31:-7.43;-1.31:-7.43,-1.31:-7.43;-1.31:-7.43;-1.31:-7.43;-1.37:-7.53;-1.43:-7.56;-1.32:-7.44;-1.31:-7.43;-1.31:-7.43;-1.31:-7.43;-1.32:-7.41;-1.34:-7.37;-1.36:-7.34,-1.311462:-7.433799;-1.301982:-7.438678;-1.299946:-7.436307;-1.301788:-7.438387;-1.299216:-7.434682;-1.286087:-7.43045;-1.276159:-7.441238;-1.265379:-7.437954;-1.253553:-7.453135;-1.244449:-7.448588;-1.23753:-7.454277;-1.211131:-7.466852
sigma3_hotel_seed42,HOTEL:biwi_hotel:38:1110,HOTEL,biwi_hotel,biwi_hotel:38,1110,3,0.055795133113861084,0.15036733448505402,0.0,0.0035714285913854837,0.010416666977107525,0.0,0.0,-1.31:-7.42;-1.31:-7.43;-1.31:-7.43;-1.31:-7.43;-1.31:-7.43;-1.31:-7.43;-1.31:-7.43;-1.31:-7.43,-1.31:-7.43;-1.31:-7.43;-1.37:-7.53;-1.43:-7.56;-1.32:-7.44;-1.31:-7.43;-1.31:-7.43;-1.31:-7.43;-1.32:-7.41;-1.34:-7.37;-1.36:-7.34;-1.36:-7.3,-1.312561:-7.429739;-1.312924:-7.429644;-1.315998:-7.431406;-1.321115:-7.430331;-1.321542:-7.425686;-1.318252:-7.42468;-1.314474:-7.423882;-1.313078:-7.424055;-1.30912:-7.430544;-1.306754:-7.426781;-1.301695:-7.426583;-1.288349:-7.432199
sigma3_hotel_seed42,HOTEL:biwi_hotel:38:1120,HOTEL,biwi_hotel,biwi_hotel:38,1120,3,0.08723036199808121,0.17038659751415253,0.0,0.0,0.0,0.0,0.0,-1.31:-7.43;-1.31:-7.43;-1.31:-7.43;-1.31:-7.43;-1.31:-7.43;-1.31:-7.43;-1.31:-7.43;-1.31:-7.43,-1.31:-7.43;-1.37:-7.53;-1.43:-7.56;-1.32:-7.44;-1.31:-7.43;-1.31:-7.43;-1.31:-7.43;-1.32:-7.41;-1.34:-7.37;-1.36:-7.34;-1.36:-7.3;-1.36:-7.32,-1.320755:-7.433806;-1.324613:-7.441339;-1.33313:-7.442431;-1.345147:-7.443294;-1.350216:-7.445871;-1.354082:-7.439373;-1.354684:-7.452315;-1.345579:-7.454169;-1.344974:-7.465278;-1.34476:-7.466593;-1.345789:-7.474888;-1.329226:-7.487585
sigma3_hotel_seed42,HOTEL:biwi_hotel:38:1130,HOTEL,biwi_hotel,biwi_hotel:38,1130,3,0.0918048545718193,0.10758726298809052,0.0,0.0,0.0,0.0,0.0,-1.31:-7.43;-1.31:-7.43;-1.31:-7.43;-1.31:-7.43;-1.31:-7.43;-1.31:-7.43;-1.31:-7.43;-1.31:-7.43,-1.37:-7.53;-1.43:-7.56;-1.32:-7.44;-1.31:-7.43;-1.31:-7.43;-1.31:-7.43;-1.32:-7.41;-1.34:-7.37;-1.36:-7.34;-1.36:-7.3;-1.36:-7.32;-1.33:-7.38,-1.320755:-7.433806;-1.324613:-7.441339;-1.33313:-7.442431;-1.345147:-7.443294;-1.350216:-7.445871;-1.354082:-7.439373;-1.354684:-7.452315;-1.345579:-7.454169;-1.344974:-7.465278;-1.34476:-7.466593;-1.345789:-7.474888;-1.329226:-7.487585
sigma3_hotel_seed42,HOTEL:biwi_hotel:38:1140,HOTEL,biwi_hotel,biwi_hotel:38,1140,3,0.8226874470710754,1.2746758460998535,0.29154759645462036,0.04164965823292732,0.12147816270589828,0.0,0.0,-1.31:-7.43;-1.31:-7.43;-1.31:-7.43;-1.31:-7.43;-1.31:-7.43;-1.31:-7.43;-1.31:-7.43;-1.37:-7.53,-1.43:-7.56;-1.32:-7.44;-1.31:-7.43;-1.31:-7.43;-1.31:-7.43;-1.32:-7.41;-1.34:-7.37;-1.36:-7.34;-1.36:-7.3;-1.36:-7.32;-1.33:-7.38;-1.29:-7.44,-1.387049:-7.650521;-1.410575:-7.763106;-1.432443:-7.872716;-1.457461:-8.002682;-1.477439:-8.092561;-1.511454:-8.196014;-1.54606:-8.271611;-1.564123:-8.374765;-1.597974:-8.460625;-1.687275:-8.487713;-1.692424:-8.56762;-1.768279:-8.621545
sigma3_hotel_seed42,HOTEL:biwi_hotel:38:1150,HOTEL,biwi_hotel,biwi_hotel:38,1150,3,0.776017963886261,1.294452428817749,0.16770510375499725,0.06560752540826797,0.19439482688903809,0.5667291879653931,0.0,-1.31:-7.43;-1.31:-7.43;-1.31:-7.43;-1.31:-7.43;-1.31:-7.43;-1.31:-7.43;-1.37:-7.53;-1.43:-7.56,-1.32:-7.44;-1.31:-7.43;-1.31:-7.43;-1.31:-7.43;-1.32:-7.41;-1.34:-7.37;-1.36:-7.34;-1.36:-7.3;-1.36:-7.32;-1.33:-7.38;-1.29:-7.44;-1.27:-7.47,-1.517759:-7.60039;-1.61529:-7.638742;-1.692478:-7.670783;-1.807412:-7.690137;-1.878078:-7.740641;-1.975746:-7.731956;-2.086341:-7.770366;-2.116027:-7.798521;-2.194434:-7.82524;-2.325393:-7.835659;-2.390684:-7.864547;-2.49718:-7.881868
sigma3_hotel_seed42,HOTEL:biwi_hotel:46:1150,HOTEL,biwi_hotel,biwi_hotel:46,1150,3,0.04110555723309517,0.06070967763662338,0.0,0.0,0.0,0.0,1.0,-1.65:0.9;-1.65:0.9;-1.65:0.9;-1.65:0.9;-1.65:0.9;-1.65:0.9;-1.65:0.9;-1.65:0.9,-1.65:0.9;-1.65:0.9;-1.65:0.9;-1.65:0.9;-1.65:0.9;-1.65:0.9;-1.65:0.9;-1.65:0.9;-1.65:0.9;-1.65:0.9;-1.65:0.9;-1.65:0.9,-1.660755:0.896194;-1.664613:0.8886611;-1.67313:0.8875687;-1.685147:0.8867064;-1.690216:0.8841283;-1.694082:0.890627;-1.694684:0.8776843;-1.685579:0.8758312;-1.684974:0.8647223;-1.68476:0.8634067;-1.685789:0.8551118;-1.669226:0.842415
sigma3_hotel_seed42,HOTEL:biwi_hotel:47:1150,HOTEL,biwi_hotel,biwi_hotel:47,1150,3,0.04110554978251457,0.06070967763662338,0.0,0.0,0.0,0.0,1.0,-1.72:1.28;-1.72:1.28;-1.72:1.28;-1.72:1.28;-1.72:1.28;-1.72:1.28;-1.72:1.28;-1.72:1.28,-1.72:1.28;-1.72:1.28;-1.72:1.28;-1.72:1.28;-1.72:1.28;-1.72:1.28;-1.72:1.28;-1.72:1.28;-1.72:1.28;-1.72:1.28;-1.72:1.28;-1.72:1.28,-1.730755:1.276194;-1.734613:1.268661;-1.74313:1.267569;-1.755147:1.266706;-1.760216:1.264128;-1.764082:1.270627;-1.764684:1.257684;-1.755579:1.255831;-1.754974:1.244722;-1.75476:1.243407;-1.755789:1.235112;-1.739226:1.222415
sigma3_hotel_seed42,HOTEL:biwi_hotel:38:1160,HOTEL,biwi_hotel,biwi_hotel:38,1160,3,0.7618419528007507,1.2890173196792603,0.4069705009460449,0.12374617159366608,0.4305570125579834,3.3431203365325928,0.0,-1.31:-7.43;-1.31:-7.43;-1.31:-7.43;-1.31:-7.43;-1.31:-7.43;-1.37:-7.53;-1.43:-7.56;-1.32:-7.44,-1.31:-7.43;-1.31:-7.43;-1.31:-7.43;-1.32:-7.41;-1.34:-7.37;-1.36:-7.34;-1.36:-7.3;-1.36:-7.32;-1.33:-7.38;-1.29:-7.44;-1.27:-7.47;-1.27:-7.47,-1.19336:-7.379425;-1.067494:-7.293931;-0.9522208:-7.283012;-0.8500055:-7.22029;-0.7418128:-7.183421;-0.6277765:-7.157756;-0.5355712:-7.114362;-0.4268706:-7.075311;-0.3296896:-7.039487;-0.2805554:-6.994595;-0.1813464:-6.957382;-0.1108507:-6.906139
sigma3_hotel_seed42,HOTEL:biwi_hotel:46:1160,HOTEL,biwi_hotel,biwi_hotel:46,1160,3,0.04110555723309517,0.06070967763662338,0.0,0.0,0.0,0.0,1.0,-1.65:0.9;-1.65:0.9;-1.65:0.9;-1.65:0.9;-1.65:0.9;-1.65:0.9;-1.65:0.9;-1.65:0.9,-1.65:0.9;-1.65:0.9;-1.65:0.9;-1.65:0.9;-1.65:0.9;-1.65:0.9;-1.65:0.9;-1.65:0.9;-1.65:0.9;-1.65:0.9;-1.65:0.9;-1.65:0.9,-1.660755:0.896194;-1.664613:0.8886611;-1.67313:0.8875687;-1.685147:0.8867064;-1.690216:0.8841283;-1.694082:0.890627;-1.694684:0.8776843;-1.685579:0.8758312;-1.684974:0.8647223;-1.68476:0.8634067;-1.685789:0.8551118;-1.669226:0.842415
sigma3_hotel_seed42,HOTEL:biwi_hotel:47:1160,HOTEL,biwi_hotel,biwi_hotel:47,1160,3,0.04110554978251457,0.06070967763662338,0.0,0.0,0.0,0.0,1.0,-1.72:1.28;-1.72:1.28;-1.72:1.28;-1.72:1.28;-1.72:1.28;-1.72:1.28;-1.72:1.28;-1.72:1.28,-1.72:1.28;-1.72:1.28;-1.72:1.28;-1.72:1.28;-1.72:1.28;-1.72:1.28;-1.72:1.28;-1.72:1.28;-1.72:1.28;-1.72:1.28;-1.72:1.28;-1.72:1.28,-1.730755:1.276194;-1.734613:1.268661;-1.74313:1.267569;-1.755147:1.266706;-1.760216:1.264128;-1.764082:1.270627;-1.764684:1.257684;-1.755579:1.255831;-1.754974:1.244722;-1.75476:1.243407;-1.755789:1.235112;-1.739226:1.222415
sigma3_hotel_seed42,HOTEL:biwi_hotel:38:1170,HOTEL,biwi_hotel,biwi_hotel:38,1170,3,0.10247369855642319,0.1579703837633133,0.0353553406894207,0.12879693508148193,0.5854119062423706,3.3865714073181152,0.0,-1.31:-7.43;-1.31:-7.43;-1.31:-7.43;-1.31:-7.43;-1.37:-7.53;-1.43:-7.56;-1.32:-7.44;-1.31:-7.43,-1.31:-7.43;-1.31:-7.43;-1.32:-7.41;-1.34:-7.37;-1.36:-7.34;-1.36:-7.3;-1.36:-7.32;-1.33:-7.38;-1.29:-7.44;-1.27:-7.47;-1.27:-7.47;-1.27:-7.47,-1.328648:-7.429658;-1.34378:-7.434211;-1.359298:-7.431813;-1.378094:-7.428486;-1.389307:-7.434587;-1.40765:-7.421141;-1.417977:-7.434425;-1.408875:-7.436929;-1.417341:-7.44177;-1.425736:-7.442898;-1.433189:-7.452726;-1.42784:-7.463595
sigma3_hotel_seed42,HOTEL:biwi_hotel:46:1170,HOTEL,biwi_hotel,biwi_hotel:46,1170,3,0.04110555723309517,0.06070967763662338,0.0,0.0,0.0,0.0,1.0,-1.65:0.9;-1.65:0.9;-1.65:0.9;-1.65:0.9;-1.65:0.9;-1.65:0.9;-1.65:0.9;-1.65:0.9,-1.65:0.9;-1.65:0.9;-1.65:0.9;-1.65:0.9;-1.65:0.9;-1.65:0.9;-1.65:0.9;-1.65:0.9;-1.65:0.9;-1.65:0.9;-1.65:0.9;-1.65:0.9,-1.660755:0.896194;-1.664613:0.8886611;-1.67313:0.8875687;-1.685147:0.8867064;-1.690216:0.8841283;-1.694082:0.890627;-1.694684:0.8776843;-1.685579:0.8758312;-1.684974:0.8647223;-1.68476:0.8634067;-1.685789:0.8551118;-1.669226:0.842415
sigma3_hotel_seed42,HOTEL:biwi_hotel:47:1170,HOTEL,biwi_hotel,biwi_hotel:47,1170,3,0.04110554978251457,0.06070967763662338,0.0,0.0,0.0,0.0,1.0,-1.72:1.28;-1.72:1.28;-1.72:1.28;-1.72:1.28;-1.72:1.28;-1.72:1.28;-1.72:1.28;-1.72:1.28,-1.72:1.28;-1.72:1.28;-1.72:1.28;-1.72:1.28;-1.72:1.28;-1.72:1.28;-1.72:1.28;-1.72:1.28;-1.72:1.28;-1.72:1.28;-1.72:1.28;-1.72:1.28,-1.730755:1.276194;-1.734613:1.268661;-1.74313:1.267569;-1.755147:1.266706;-1.760216:1.264128;-1.764082:1.270627;-1.764684:1.257684;-1.755579:1.255831;-1.754974:1.244722;-1.75476:1.243407;-1.755789:1.235112;-1.739226:1.222415
sigma3_hotel_seed42,HOTEL:biwi_hotel:38:1180,HOTEL,biwi_hotel,biwi_hotel:38,1180,3,0.16874046623706818,0.28590700030326843,0.0,0.12879693508148193,0.6001432538032532,3.3865714073181152,0.0,-1.31:-7.43;-1.31:-7.43;-1.31:-7.43;-1.37:-7.53;-1.43:-7.56;-1.32:-7.44;-1.31:-7.43;-1.31:-7.43,-1.31:-7.43;-1.32:-7.41;-1.34:-7.37;-1.36:-7.34;-1.36:-7.3;-1.36:-7.32;-1.33:-7.38;-1.29:-7.44;-1.27:-7.47;-1.27:-7.47;-1.27:-7.47;-1.27:-7.47,-1.331166:-7.442761;-1.344358:-7.450988;-1.36291:-7.461129;-1.400884:-7.475928;-1.421886:-7.469605;-1.428745:-7.485576;-1.43831:-7.497812;-1.475625:-7.492957;-1.481136:-7.513226;-1.511954:-7.512389;-1.523541:-7.509727;-1.552585:-7.513455
sigma3_hotel_seed42,HOTEL:biwi_hotel:46:1180,HOTEL,biwi_hotel,biwi_hotel:46,1180,3,0.04110555723309517,0.06070967763662338,0.0,0.0,0.0,0.0,1.0,-1.65:0.9;-1.65:0.9;-1.65:0.9;-1.65:0.9;-1.65:0.9;-1.65:0.9;-1.65:0.9;-1.65:0.9,-1.65:0.9;-1.65:0.9;-1.65:0.9;-1.65:0.9;-1.65:0.9;-1.65:0.9;-1.65:0.9;-1.65:0.9;-1.65:0.9;-1.65:0.9;-1.65:0.9;-1.65:0.9,-1.660755:0.896194;-1.664613:0.8886611;-1.67313:0.8875687;-1.685147:0.8867064;-1.690216:0.8841283;-1.694082:0.890627;-1.694684:0.8776843;-1.685579:0.8758312;-1.684974:0.8647223;-1.68476:0.8634067;-1.685789:0.8551118;-1.669226:0.842415
sigma3_hotel_seed42,HOTEL:biwi_hotel:47:1180,HOTEL,biwi_hotel,biwi_hotel:47,1180,3,0.04110554978251457,0.06070967763662338,0.0,0.0,0.0,0.0,1.0,-1.72:1.28;-1.72:1.28;-1.72:1.28;-1.72:1.28;-1.72:1.28;-1.72:1.28;-1.72:1.28;-1.72:1.28,-1.72:1.28;-1.72:1.28;-1.72:1.28;-1.72:1.28;-1.72:1.28;-1.72:1.28;-1.72:1.28;-1.72:1.28;-1.72:1.28;-1.72:1.28;-1.72:1.28;-1.72:1.28,-1.730755:1.276194;-1.734613:1.268661;-1.74313:1.267569;-1.755147:1.266706;-1.760216:1.264128;-1.764082:1.270627;-1.764684:1.257684;-1.755579:1.255831;-1.754974:1.244722;-1.75476:1.243407;-1.755789:1.235112;-1.739226:1.222415
sigma3_hotel_seed42,HOTEL:biwi_hotel:38:1190,HOTEL,biwi_hotel,biwi_hotel:38,1190,3,0.12368977069854736,0.13217288255691528,0.0,0.12879693508148193,0.6001432538032532,3.3865714073181152,0.0,-1.31:-7.43;-1.31:-7.43;-1.37:-7.53;-1.43:-7.56;-1.32:-7.44;-1.31:-7.43;-1.31:-7.43;-1.31:-7.43,-1.32:-7.41;-1.34:-7.37;-1.36:-7.34;-1.36:-7.3;-1.36:-7.32;-1.33:-7.38;-1.29:-7.44;-1.27:-7.47;-1.27:-7.47;-1.27:-7.47;-1.27:-7.47;-1.31:-7.58,-1.326744:-7.444324;-1.33129:-7.455974;-1.338092:-7.452544;-1.351319:-7.470542;-1.366501:-7.475791;-1.37216:-7.479449;-1.378287:-7.507308;-1.391861:-7.50206;-1.395424:-7.521181;-1.407914:-7.518504;-1.420383:-7.532006;-1.43662:-7.542093
sigma3_hotel_seed42,HOTEL:biwi_hotel:46:1190,HOTEL,biwi_hotel,biwi_hotel:46,1190,3,0.04110555723309517,0.06070967763662338,0.0,0.0,0.0,0.0,1.0,-1.65:0.9;-1.65:0.9;-1.65:0.9;-1.65:0.9;-1.65:0.9;-1.65:0.9;-1.65:0.9;-1.65:0.9,-1.65:0.9;-1.65:0.9;-1.65:0.9;-1.65:0.9;-1.65:0.9;-1.65:0.9;-1.65:0.9;-1.65:0.9;-1.65:0.9;-1.65:0.9;-1.65:0.9;-1.65:0.9,-1.660755:0.896194;-1.664613:0.8886611;-1.67313:0.8875687;-1.685147:0.8867064;-1.690216:0.8841283;-1.694082:0.890627;-1.694684:0.8776843;-1.685579:0.8758312;-1.684974:0.8647223;-1.68476:0.8634067;-1.685789:0.8551118;-1.669226:0.842415
sigma3_hotel_seed42,HOTEL:biwi_hotel:47:1190,HOTEL,biwi_hotel,biwi_hotel:47,1190,3,0.04110554978251457,0.06070967763662338,0.0,0.0,0.0,0.0,1.0,-1.72:1.28;-1.72:1.28;-1.72:1.28;-1.72:1.28;-1.72:1.28;-1.72:1.28;-1.72:1.28;-1.72:1.28,-1.72:1.28;-1.72:1.28;-1.72:1.28;-1.72:1.28;-1.72:1.28;-1.72:1.28;-1.72:1.28;-1.72:1.28;-1.72:1.28;-1.72:1.28;-1.72:1.28;-1.72:1.28,-1.730755:1.276194;-1.734613:1.268661;-1.74313:1.267569;-1.755147:1.266706;-1.760216:1.264128;-1.764082:1.270627;-1.764684:1.257684;-1.755579:1.255831;-1.754974:1.244722;-1.75476:1.243407;-1.755789:1.235112;-1.739226:1.222415
sigma3_hotel_seed42,HOTEL:biwi_hotel:38:1200,HOTEL,biwi_hotel,biwi_hotel:38,1200,3,0.1861891895532608,0.33539947867393494,0.055901698768138885,0.13678289949893951,0.5019574761390686,4.635617256164551,0.0,-1.31:-7.43;-1.37:-7.53;-1.43:-7.56;-1.32:-7.44;-1.31:-7.43;-1.31:-7.43;-1.31:-7.43;-1.32:-7.41,-1.34:-7.37;-1.36:-7.34;-1.36:-7.3;-1.36:-7.32;-1.33:-7.38;-1.29:-7.44;-1.27:-7.47;-1.27:-7.47;-1.27:-7.47;-1.27:-7.47;-1.31:-7.58;-1.29:-7.52,-1.345019:-7.387973;-1.359207:-7.371815;-1.369431:-7.342033;-1.391946:-7.323912;-1.408359:-7.3154;-1.434301:-7.284792;-1.44338:-7.287559;-1.437201:-7.275432;-1.448887:-7.263778;-1.47169:-7.242941;-1.47634:-7.244224;-1.487442:-7.248874
sigma3_hotel_seed42,HOTEL:biwi_hotel:38:1210,HOTEL,biwi_hotel,biwi_hotel:38,1210,3,0.25230273604393005,0.39792540669441223,0.11180339753627777,0.11110515147447586,0.4523331820964813,4.068887710571289,0.0,-1.37:-7.53;-1.43:-7.56;-1.32:-7.44;-1.31:-7.43;-1.31:-7.43;-1.31:-7.43;-1.32:-7.41;-1.34:-7.37,-1.36:-7.34;-1.36:-7.3;-1.36:-7.32;-1.33:-7.38;-1.29:-7.44;-1.27:-7.47;-1.27:-7.47;-1.27:-7.47;-1.27:-7.47;-1.31:-7.58;-1.29:-7.52;-1.27:-7.47,-1.327567:-7.335698;-1.319032:-7.288623;-1.31122:-7.274459;-1.312265:-7.231657;-1.302599:-7.220707;-1.297022:-7.187335;-1.299753:-7.182502;-1.279595:-7.150111;-1.26724:-7.127249;-1.272747:-7.11753;-1.275078:-7.101331;-1.285883:-7.072392
sigma3_hotel_seed42,HOTEL:biwi_hotel:38:1220,HOTEL,biwi_hotel,biwi_hotel:38,1220,3,0.4674805700778961,0.7046335339546204,0.09013878554105759,0.10002424567937851,0.2265876829624176,1.4168516397476196,0.0,-1.43:-7.56;-1.32:-7.44;-1.31:-7.43;-1.31:-7.43;-1.31:-7.43;-1.32:-7.41;-1.34:-7.37;-1.36:-7.34,-1.36:-7.3;-1.36:-7.32;-1.33:-7.38;-1.29:-7.44;-1.27:-7.47;-1.27:-7.47;-1.27:-7.47;-1.27:-7.47;-1.31:-7.58;-1.29:-7.52;-1.27:-7.47;-1.27:-7.47,-1.407644:-7.297335;-1.473869:-7.268206;-1.513779:-7.241486;-1.573448:-7.196554;-1.600953:-7.19233;-1.677365:-7.132814;-1.72573:-7.116641;-1.700196:-7.112957;-1.748568:-7.084708;-1.804372:-7.065703;-1.819295:-7.062123;-1.833817:-7.047367
sigma3_hotel_seed42,HOTEL:biwi_hotel:38:1230,HOTEL,biwi_hotel,biwi_hotel:38,1230,3,0.3340989649295807,0.49511706829071045,0.10000000149011612,0.056171316653490067,0.09502518177032471,1.9614033699035645,0.0,-1.32:-7.44;-1.31:-7.43;-1.31:-7.43;-1.31:-7.43;-1.32:-7.41;-1.34:-7.37;-1.36:-7.34;-1.36:-7.3,-1.36:-7.32;-1.33:-7.38;-1.29:-7.44;-1.27:-7.47;-1.27:-7.47;-1.27:-7.47;-1.27:-7.47;-1.31:-7.58;-1.29:-7.52;-1.27:-7.47;-1.27:-7.47;-1.27:-7.47,-1.374728:-7.280792;-1.394991:-7.249567;-1.416121:-7.246609;-1.44773:-7.21782;-1.462518:-7.218723;-1.482453:-7.194498;-1.515256:-7.199933;-1.519048:-7.177961;-1.528173:-7.164997;-1.565508:-7.161251;-1.588422:-7.152336;-1.633223:-7.133533
sigma3_hotel_seed42,HOTEL:biwi_hotel:38:1240,HOTEL,biwi_hotel,biwi_hotel:38,1240,3,0.19880276918411255,0.29259589314460754,0.05000000074505806,0.05826340988278389,0.14279378950595856,3.853950262069702,0.0,-1.31:-7.43;-1.31:-7.43;-1.31:-7.43;-1.32:-7.41;-1.34:-7.37;-1.36:-7.34;-1.36:-7.3;-1.36:-7.32,-1.33:-7.38;-1.29:-7.44;-1.27:-7.47;-1.27:-7.47;-1.27:-7.47;-1.27:-7.47;-1.31:-7.58;-1.29:-7.52;-1.27:-7.47;-1.27:-7.47;-1.27:-7.47;-1.27:-7.47,-1.373268:-7.333539;-1.390373:-7.344967;-1.405703:-7.360275;-1.415365:-7.370736;-1.430164:-7.396963;-1.458792:-7.399026;-1.47883:-7.431089;-1.479987:-7.437699;-1.49654:-7.440713;-1.509369:-7.460247;-1.532761:-7.478813;-1.562408:-7.480491
sigma3_hotel_seed42,HOTEL:biwi_hotel:38:1250,HOTEL,biwi_hotel,biwi_hotel:38,1250,3,0.1812027096748352,0.33554431796073914,0.16770510375499725,0.08222128450870514,0.19487711787223816,4.31759786605835,0.0,-1.31:-7.43;-1.31:-7.43;-1.32:-7.41;-1.34:-7.37;-1.36:-7.34;-1.36:-7.3;-1.36:-7.32;-1.33:-7.38,-1.29:-7.44;-1.27:-7.47;-1.27:-7.47;-1.27:-7.47;-1.27:-7.47;-1.31:-7.58;-1.29:-7.52;-1.27:-7.47;-1.27:-7.47;-1.27:-7.47;-1.27:-7.47;-1.27:-7.47,-1.301355:-7.428355;-1.268992:-7.461266;-1.248383:-7.5078;-1.228137:-7.558261;-1.212535:-7.591248;-1.18522:-7.642169;-1.169141:-7.686784;-1.177048:-7.705893;-1.150644:-7.738512;-1.156436:-7.758709;-1.146246:-7.781746;-1.183628:-7.794237
sigma3_hotel_seed42,HOTEL:biwi_hotel:38:1260,HOTEL,biwi_hotel,biwi_hotel:38,1260,3,0.3777522146701813,0.6154033541679382,0.18027757108211517,0.10797522217035294,0.18200141191482544,4.441952705383301,0.0,-1.31:-7.43;-1.32:-7.41;-1.34:-7.37;-1.36:-7.34;-1.36:-7.3;-1.36:-7.32;-1.33:-7.38;-1.29:-7.44,-1.27:-7.47;-1.27:-7.47;-1.27:-7.47;-1.27:-7.47;-1.31:-7.58;-1.29:-7.52;-1.27:-7.47;-1.27:-7.47;-1.27:-7.47;-1.27:-7.47;-1.27:-7.47;-1.27:-7.47,-1.22536:-7.485022;-1.157966:-7.508722;-1.111609:-7.558865;-1.061753:-7.595964;-1.013872:-7.62766;-0.9448957:-7.675196;-0.8994145:-7.719871;-0.8846501:-7.728127;-0.8177408:-7.757211;-0.7802514:-7.789685;-0.7510653:-7.804284;-0.7594553:-7.813606
sigma3_hotel_seed42,HOTEL:biwi_hotel:38:1270,HOTEL,biwi_hotel,biwi_hotel:38,1270,3,0.15618643164634705,0.27308356761932373,0.09013878554105759,0.11286623030900955,0.19626685976982117,4.441952705383301,0.0,-1.32:-7.41;-1.34:-7.37;-1.36:-7.34;-1.36:-7.3;-1.36:-7.32;-1.33:-7.38;-1.29:-7.44;-1.27:-7.47,-1.27:-7.47;-1.27:-7.47;-1.27:-7.47;-1.31:-7.58;-1.29:-7.52;-1.27:-7.47;-1.27:-7.47;-1.27:-7.47;-1.27:-7.47;-1.27:-7.47;-1.27:-7.47;-1.27:-7.47,-1.258232:-7.485321;-1.228217:-7.500592;-1.203588:-7.490815;-1.178798:-7.509543;-1.167003:-7.518898;-1.144404:-7.518728;-1.121956:-7.554853;-1.102376:-7.547777;-1.079756:-7.565952;-1.056449:-7.565554;-1.046295:-7.584613;-1.030348:-7.600925
sigma3_hotel_seed42,HOTEL:biwi_hotel:38:1280,HOTEL,biwi_hotel,biwi_hotel:38,1280,3,0.07287049293518066,0.14124098420143127,0.0,0.09689431637525558,0.2234080284833908,4.31759786605835,0.0,-1.34:-7.37;-1.36:-7.34;-1.36:-7.3;-1.36:-7.32;-1.33:-7.38;-1.29:-7.44;-1.27:-7.47;-1.27:-7.47,-1.27:-7.47;-1.27:-7.47;-1.31:-7.58;-1.29:-7.52;-1.27:-7.47;-1.27:-7.47;-1.27:-7.47;-1.27:-7.47;-1.27:-7.47;-1.27:-7.47;-1.27:-7.47;-1.27:-7.47,-1.279576:-7.483472;-1.277892:-7.501154;-1.282901:-7.499045;-1.288318:-7.506238;-1.291353:-7.525492;-1.293562:-7.513443;-1.304952:-7.548503;-1.281678:-7.548201;-1.276649:-7.563002;-1.280102:-7.568998;-1.283562:-7.587893;-1.281641:-7.61076
sigma3_hotel_seed42,HOTEL:biwi_hotel:38:1290,HOTEL,biwi_hotel,biwi_hotel:38,1290,3,0.07103703916072845,0.11514092236757278,0.0,0.08401735126972198,0.2001156508922577,3.729595184326172,0.0,-1.36:-7.34;-1.36:-7.3;-1.36:-7.32;-1.33:-7.38;-1.29:-7.44;-1.27:-7.47;-1.27:-7.47;-1.27:-7.47,-1.27:-7.47;-1.31:-7.58;-1.29:-7.52;-1.27:-7.47;-1.27:-7.47;-1.27:-7.47;-1.27:-7.47;-1.27:-7.47;-1.27:-7.47;-1.27:-7.47;-1.27:-7.47;-1.27:-7.47,-1.281032:-7.481072;-1.280948:-7.493739;-1.287675:-7.497945;-1.298804:-7.510396;-1.307409:-7.512064;-1.308259:-7.51859;-1.30425:-7.534066;-1.310736:-7.537838;-1.309154:-7.553682;-1.312286:-7.553741;-1.313805:-7.562941;-1.308976:-7.578343
sigma3_hotel_seed42,HOTEL:biwi_hotel:38:1300,HOTEL,biwi_hotel,biwi_hotel:38,1300,3,0.09413198381662369,0.153700053691864,0.0,0.06973163783550262,0.1376156508922577,0.588002622127533,0.0,-1.36:-7.3;-1.36:-7.32;-1.33:-7.38;-1.29:-7.44;-1.27:-7.47;-1.27:-7.47;-1.27:-7.47;-1.27:-7.47,-1.31:-7.58;-1.29:-7.52;-1.27:-7.47;-1.27:-7.47;-1.27:-7.47;-1.27:-7.47;-1.27:-7.47;-1.27:-7.47;-1.27:-7.47;-1.27:-7.47;-1.27:-7.47;-1.27:-7.47,-1.281112:-7.485575;-1.279421:-7.501709;-1.285197:-7.508661;-1.294766:-7.528337;-1.306038:-7.530476;-1.306954:-7.545301;-1.301139:-7.562827;-1.317012:-7.568044;-1.316764:-7.585763;-1.321606:-7.58653;-1.324624:-7.596589;-1.327675:-7.612468
sigma3_hotel_seed42,HOTEL:biwi_hotel:38:1310,HOTEL,biwi_hotel,biwi_hotel:38,1310,3,0.7615227103233337,1.1829324960708618,0.2926174998283386,0.10439127683639526,0.20745627582073212,1.0611286163330078,0.0,-1.36:-7.32;-1.33:-7.38;-1.29:-7.44;-1.27:-7.47;-1.27:-7.47;-1.27:-7.47;-1.27:-7.47;-1.31:-7.58,-1.29:-7.52;-1.27:-7.47;-1.27:-7.47;-1.27:-7.47;-1.27:-7.47;-1.27:-7.47;-1.27:-7.47;-1.27:-7.47;-1.27:-7.47;-1.27:-7.47;-1.27:-7.47;-1.29:-7.47,-1.270606:-7.697464;-1.235493:-7.801768;-1.217109:-7.914546;-1.193635:-8.033527;-1.164087:-8.118615;-1.130345:-8.224307;-1.119047:-8.305596;-1.105225:-8.390091;-1.07461:-8.475069;-1.100933:-8.518434;-1.070271:-8.585108;-1.106285:-8.638579
sigma3_hotel_seed42,HOTEL:biwi_hotel:38:1320,HOTEL,biwi_hotel,biwi_hotel:38,1320,3,0.07140722870826721,0.17325939238071442,0.15811388194561005,0.10302110016345978,0.38482874631881714,4.0513458251953125,0.0,-1.33:-7.38;-1.29:-7.44;-1.27:-7.47;-1.27:-7.47;-1.27:-7.47;-1.27:-7.47;-1.31:-7.58;-1.29:-7.52,-1.27:-7.47;-1.27:-7.47;-1.27:-7.47;-1.27:-7.47;-1.27:-7.47;-1.27:-7.47;-1.27:-7.47;-1.27:-7.47;-1.27:-7.47;-1.27:-7.47;-1.29:-7.47;-1.38:-7.43,-1.269606:-7.505147;-1.254264:-7.472539;-1.241178:-7.478016;-1.234135:-7.459461;-1.222233:-7.457592;-1.211006:-7.451339;-1.204443:-7.454494;-1.198483:-7.436205;-1.183022:-7.42501;-1.18873:-7.422097;-1.189076:-7.414276;-1.211835:-7.388294
sigma3_hotel_seed42,HOTEL:biwi_hotel:38:1330,HOTEL,biwi_hotel,biwi_hotel:38,1330,3,0.13380847871303558,0.35923025012016296,0.13462911546230316,0.09649989753961563,0.3576875925064087,4.110101699829102,0.0,-1.29:-7.44;-1.27:-7.47;-1.27:-7.47;-1.27:-7.47;-1.27:-7.47;-1.31:-7.58;-1.29:-7.52;-1.27:-7.47,-1.27:-7.47;-1.27:-7.47;-1.27:-7.47;-1.27:-7.47;-1.27:-7.47;-1.27:-7.47;-1.27:-7.47;-1.27:-7.47;-1.27:-7.47;-1.29:-7.47;-1.38:-7.43;-1.47:-7.34,-1.245664:-7.474818;-1.223108:-7.463382;-1.208636:-7.483019;-1.196708:-7.482929;-1.182709:-7.493771;-1.164925:-7.504266;-1.154835:-7.522286;-1.15237:-7.514301;-1.130333:-7.514362;-1.130345:-7.524786;-1.128781:-7.525197;-1.155159:-7.512978
sigma3_hotel_seed42,HOTEL:biwi_hotel:38:1340,HOTEL,biwi_hotel,biwi_hotel:38,1340,3,0.08754073828458786,0.3105563521385193,0.0,0.08362292498350143,0.37622523307800293,3.173327922821045,0.0,-1.27:-7.47;-1.27:-7.47;-1.27:-7.47;-1.27:-7.47;-1.31:-7.58;-1.29:-7.52;-1.27:-7.47;-1.27:-7.47,-1.27:-7.47;-1.27:-7.47;-1.27:-7.47;-1.27:-7.47;-1.27:-7.47;-1.27:-7.47;-1.27:-7.47;-1.27:-7.47;-1.29:-7.47;-1.38:-7.43;-1.47:-7.34;-1.51:-7.27,-1.281648:-7.477003;-1.282843:-7.485209;-1.292928:-7.490129;-1.31005:-7.495479;-1.320466:-7.492265;-1.319525:-7.496571;-1.322725:-7.507887;-1.331694:-7.504324;-1.331701:-7.518427;-1.340192:-7.519209;-1.343741:-7.520132;-1.341066:-7.530589
sigma3_hotel_seed42,HOTEL:biwi_hotel:38:1350,HOTEL,biwi_hotel,biwi_hotel:38,1350,3,0.1709420531988144,0.3319973051548004,0.0,0.08362292498350143,0.37622523307800293,3.173327922821045,0.0,-1.27:-7.47;-1.27:-7.47;-1.27:-7.47;-1.31:-7.58;-1.29:-7.52;-1.27:-7.47;-1.27:-7.47;-1.27:-7.47,-1.27:-7.47;-1.27:-7.47;-1.27:-7.47;-1.27:-7.47;-1.27:-7.47;-1.27:-7.47;-1.27:-7.47;-1.29:-7.47;-1.38:-7.43;-1.47:-7.34;-1.51:-7.27;-1.52:-7.27,-1.295796:-7.48831;-1.311752:-7.500288;-1.330137:-7.508806;-1.363515:-7.534796;-1.392074:-7.531917;-1.406162:-7.554878;-1.416953:-7.574074;-1.46613:-7.570596;-1.479774:-7.592495;-1.512543:-7.590734;-1.532554:-7.594733;-1.574593:-7.597478
sigma3_hotel_seed42,HOTEL:biwi_hotel:38:1360,HOTEL,biwi_hotel,biwi_hotel:38,1360,3,0.1737566739320755,0.36792004108428955,0.0,0.08362292498350143,0.37622523307800293,3.173327922821045,0.0,-1.27:-7.47;-1.27:-7.47;-1.31:-7.58;-1.29:-7.52;-1.27:-7.47;-1.27:-7.47;-1.27:-7.47;-1.27:-7.47,-1.27:-7.47;-1.27:-7.47;-1.27:-7.47;-1.27:-7.47;-1.27:-7.47;-1.27:-7.47;-1.29:-7.47;-1.38:-7.43;-1.47:-7.34;-1.51:-7.27;-1.52:-7.27;-1.52:-7.27,-1.294979:-7.486502;-1.305988:-7.506081;-1.323256:-7.506402;-1.343415:-7.524205;-1.364017:-7.539102;-1.381687:-7.541285;-1.397116:-7.570604;-1.405558:-7.577002;-1.41432:-7.591815;-1.43706:-7.591778;-1.449388:-7.610067;-1.473377:-7.634954
sigma3_hotel_seed42,HOTEL:biwi_hotel:38:1370,HOTEL,biwi_hotel,biwi_hotel:38,1370,3,0.3031807839870453,0.6395041942596436,0.0,0.08362292498350143,0.2543012499809265,3.173327922821045,0.0,-1.27:-7.47;-1.31:-7.58;-1.29:-7.52;-1.27:-7.47;-1.27:-7.47;-1.27:-7.47;-1.27:-7.47;-1.27:-7.47,-1.27:-7.47;-1.27:-7.47;-1.27:-7.47;-1.27:-7.47;-1.27:-7.47;-1.29:-7.47;-1.38:-7.43;-1.47:-7.34;-1.51:-7.27;-1.52:-7.27;-1.52:-7.27;-1.52:-7.27,-1.252887:-7.477534;-1.218021:-7.487598;-1.192406:-7.477626;-1.171409:-7.483222;-1.150599:-7.486068;-1.118217:-7.477685;-1.090911:-7.503385;-1.057564:-7.495214;-1.024839:-7.511441;-0.9971946:-7.509289;-0.9755141:-7.52063;-0.9399289:-7.539227
sigma3_hotel_seed42,HOTEL:biwi_hotel:38:1380,HOTEL,biwi_hotel,biwi_hotel:38,1380,3,0.170595183968544,0.3613133728504181,0.0,0.041820429265499115,0.06651213020086288,0.058755822479724884,0.0,-1.31:-7.58;-1.29:-7.52;-1.27:-7.47;-1.27:-7.47;-1.27:-7.47;-1.27:-7.47;-1.27:-7.47;-1.27:-7.47,-1.27:-7.47;-1.27:-7.47;-1.27:-7.47;-1.27:-7.47;-1.29:-7.47;-1.38:-7.43;-1.47:-7.34;-1.51:-7.27;-1.52:-7.27;-1.52:-7.27;-1.52:-7.27;-1.52:-7.27,-1.273372:-7.469314;-1.271932:-7.469386;-1.275355:-7.471307;-1.282591:-7.469685;-1.281859:-7.462576;-1.274882:-7.45996;-1.268899:-7.458237;-1.261771:-7.45997;-1.255865:-7.47131;-1.254661:-7.462827;-1.245843:-7.464182;-1.221237:-7.473194
sigma3_hotel_seed42,HOTEL:biwi_hotel:38:1390,HOTEL,biwi_hotel,biwi_hotel:38,1390,3,0.19372688233852386,0.3526292145252228,0.0,0.01923273131251335,0.056095466017723083,0.0,0.0,-1.29:-7.52;-1.27:-7.47;-1.27:-7.47;-1.27:-7.47;-1.27:-7.47;-1.27:-7.47;-1.27:-7.47;-1.27:-7.47,-1.27:-7.47;-1.27:-7.47;-1.27:-7.47;-1.29:-7.47;-1.38:-7.43;-1.47:-7.34;-1.51:-7.27;-1.52:-7.27;-1.52:-7.27;-1.52:-7.27;-1.52:-7.27;-1.52:-7.27,-1.27257:-7.46957;-1.272474:-7.469383;-1.275329:-7.471365;-1.280866:-7.470401;-1.280201:-7.465066;-1.275742:-7.463456;-1.270033:-7.461826;-1.265678:-7.463846;-1.260735:-7.472285;-1.258379:-7.466218;-1.251224:-7.467412;-1.232615:-7.474346
sigma3_hotel_seed42,HOTEL:biwi_hotel:38:1400,HOTEL,biwi_hotel,biwi_hotel:38,1400,3,0.2133597582578659,0.34584176540374756,0.0,0.0,0.0,0.0,0.0,-1.27:-7.47;-1.27:-7.47;-1.27:-7.47;-1.27:-7.47;-1.27:-7.47;-1.27:-7.47;-1.27:-7.47;-1.27:-7.47,-1.27:-7.47;-1.27:-7.47;-1.29:-7.47;-1.38:-7.43;-1.47:-7.34;-1.51:-7.27;-1.52:-7.27;-1.52:-7.27;-1.52:-7.27;-1.52:-7.27;-1.52:-7.27;-1.52:-7.27,-1.280755:-7.473806;-1.284613:-7.481339;-1.29313:-7.482431;-1.305147:-7.483294;-1.310216:-7.485871;-1.314082:-7.479373;-1.314684:-7.492315;-1.305579:-7.494169;-1.304974:-7.505278;-1.30476:-7.506593;-1.305789:-7.514888;-1.289226:-7.527585
sigma3_hotel_seed42,HOTEL:biwi_hotel:38:1410,HOTEL,biwi_hotel,biwi_hotel:38,1410,3,0.23785507678985596,0.34584176540374756,0.0,0.0,0.0,0.0,0.0,-1.27:-7.47;-1.27:-7.47;-1.27:-7.47;-1.27:-7.47;-1.27:-7.47;-1.27:-7.47;-1.27:-7.47;-1.27:-7.47,-1.27:-7.47;-1.29:-7.47;-1.38:-7.43;-1.47:-7.34;-1.51:-7.27;-1.52:-7.27;-1.52:-7.27;-1.52:-7.27;-1.52:-7.27;-1.52:-7.27;-1.52:-7.27;-1.52:-7.27,-1.280755:-7.473806;-1.284613:-7.481339;-1.29313:-7.482431;-1.305147:-7.483294;-1.310216:-7.485871;-1.314082:-7.479373;-1.314684:-7.492315;-1.305579:-7.494169;-1.304974:-7.505278;-1.30476:-7.506593;-1.305789:-7.514888;-1.289226:-7.527585
sigma3_hotel_seed42,HOTEL:biwi_hotel:38:1420,HOTEL,biwi_hotel,biwi_hotel:38,1420,3,0.2632029354572296,0.34584176540374756,0.0,0.0,0.0,0.0,0.0,-1.27:-7.47;-1.27:-7.47;-1.27:-7.47;-1.27:-7.47;-1.27:-7.47;-1.27:-7.47;-1.27:-7.47;-1.27:-7.47,-1.29:-7.47;-1.38:-7.43;-1.47:-7.34;-1.51:-7.27;-1.52:-7.27;-1.52:-7.27;-1.52:-7.27;-1.52:-7.27;-1.52:-7.27;-1.52:-7.27;-1.52:-7.27;-1.52:-7.27,-1.280755:-7.473806;-1.284613:-7.481339;-1.29313:-7.482431;-1.305147:-7.483294;-1.310216:-7.485871;-1.314082:-7.479373;-1.314684:-7.492315;-1.305579:-7.494169;-1.304974:-7.505278;-1.30476:-7.506593;-1.305789:-7.514888;-1.289226:-7.527585
sigma3_hotel_seed42,HOTEL:biwi_hotel:38:1430,HOTEL,biwi_hotel,biwi_hotel:38,1430,3,0.2241516262292862,0.2531881630420685,0.05000000074505806,0.0071428571827709675,0.02083333395421505,0.0,0.0,-1.27:-7.47;-1.27:-7.47;-1.27:-7.47;-1.27:-7.47;-1.27:-7.47;-1.27:-7.47;-1.27:-7.47;-1.29:-7.47,-1.38:-7.43;-1.47:-7.34;-1.51:-7.27;-1.52:-7.27;-1.52:-7.27;-1.52:-7.27;-1.52:-7.27;-1.52:-7.27;-1.52:-7.27;-1.52:-7.27;-1.52:-7.27;-1.52:-7.27,-1.311732:-7.469847;-1.33716:-7.477014;-1.364485:-7.489975;-1.39923:-7.482179;-1.414276:-7.491431;-1.443703:-7.483796;-1.463967:-7.491167;-1.461249:-7.499917;-1.476128:-7.499377;-1.497822:-7.511962;-1.506933:-7.51416;-1.514418:-7.523127
sigma3_hotel_seed42,HOTEL:biwi_hotel:38:1440,HOTEL,biwi_hotel,biwi_hotel:38,1440,3,0.37881743907928467,0.7787622213363647,0.24622143805027008,0.04231734946370125,0.10481518507003784,0.4182243347167969,0.0,-1.27:-7.47;-1.27:-7.47;-1.27:-7.47;-1.27:-7.47;-1.27:-7.47;-1.27:-7.47;-1.29:-7.47;-1.38:-7.43,-1.47:-7.34;-1.51:-7.27;-1.52:-7.27;-1.52:-7.27;-1.52:-7.27;-1.52:-7.27;-1.52:-7.27;-1.52:-7.27;-1.52:-7.27;-1.52:-7.27;-1.52:-7.27;-1.52:-7.27,-1.453622:-7.406291;-1.537147:-7.378177;-1.601026:-7.36777;-1.682825:-7.352276;-1.749659:-7.350429;-1.843962:-7.325492;-1.926055:-7.320368;-1.961728:-7.316511;-2.043552:-7.303821;-2.156908:-7.272832;-2.210885:-7.275661;-2.298534:-7.251137
sigma3_hotel_seed42,HOTEL:biwi_hotel:38:1450,HOTEL,biwi_hotel,biwi_hotel:38,1450,3,0.6635238528251648,1.2642120122909546,0.3181980550289154,0.08777421712875366,0.15689851343631744,0.7853981852531433,0.0,-1.27:-7.47;-1.27:-7.47;-1.27:-7.47;-1.27:-7.47;-1.27:-7.47;-1.29:-7.47;-1.38:-7.43;-1.47:-7.34,-1.51:-7.27;-1.52:-7.27;-1.52:-7.27;-1.52:-7.27;-1.52:-7.27;-1.52:-7.27;-1.52:-7.27;-1.52:-7.27;-1.52:-7.27;-1.52:-7.27;-1.52:-7.27;-1.52:-7.27,-1.571166:-7.269337;-1.687152:-7.197056;-1.765561:-7.151804;-1.869528:-7.108925;-1.960195:-7.071889;-2.095699:-7.019965;-2.197918:-6.975147;-2.239683:-6.957924;-2.36615:-6.920874;-2.526463:-6.842064;-2.587173:-6.830659;-2.682671:-6.773584
sigma3_hotel_seed42,HOTEL:biwi_hotel:38:1460,HOTEL,biwi_hotel,biwi_hotel:38,1460,3,0.4376571476459503,0.8449487686157227,0.20155644416809082,0.11656799167394638,0.21299397945404053,1.0516501665115356,0.0,-1.27:-7.47;-1.27:-7.47;-1.27:-7.47;-1.27:-7.47;-1.29:-7.47;-1.38:-7.43;-1.47:-7.34;-1.51:-7.27,-1.52:-7.27;-1.52:-7.27;-1.52:-7.27;-1.52:-7.27;-1.52:-7.27;-1.52:-7.27;-1.52:-7.27;-1.52:-7.27;-1.52:-7.27;-1.52:-7.27;-1.52:-7.27;-1.52:-7.27,-1.575419:-7.25652;-1.650913:-7.24011;-1.700588:-7.241551;-1.769578:-7.249839;-1.83038:-7.251478;-1.927017:-7.247296;-1.997025:-7.238611;-2.02435:-7.258009;-2.114539:-7.254842;-2.243349:-7.209512;-2.279352:-7.225077;-2.362235:-7.202339
sigma3_hotel_seed42,HOTEL:biwi_hotel:38:1470,HOTEL,biwi_hotel,biwi_hotel:38,1470,3,0.4091518819332123,0.7615119814872742,0.02500000037252903,0.12013942003250122,0.292324960231781,2.1033003330230713,0.0,-1.27:-7.47;-1.27:-7.47;-1.27:-7.47;-1.29:-7.47;-1.38:-7.43;-1.47:-7.34;-1.51:-7.27;-1.52:-7.27,-1.52:-7.27;-1.52:-7.27;-1.52:-7.27;-1.52:-7.27;-1.52:-7.27;-1.52:-7.27;-1.52:-7.27;-1.52:-7.27;-1.52:-7.27;-1.52:-7.27;-1.52:-7.27;-1.52:-7.27,-1.571457:-7.303617;-1.631312:-7.330794;-1.686739:-7.360415;-1.752392:-7.389231;-1.800551:-7.423736;-1.85746:-7.437332;-1.927345:-7.480927;-1.966592:-7.491883;-2.010964:-7.517237;-2.08639:-7.535771;-2.136353:-7.556839;-2.222893:-7.562988
sigma3_hotel_seed42,HOTEL:biwi_hotel:38:1480,HOTEL,biwi_hotel,biwi_hotel:38,1480,3,0.21072666347026825,0.3796445429325104,0.0,0.12013942003250122,0.3027416169643402,2.1033003330230713,0.0,-1.27:-7.47;-1.27:-7.47;-1.29:-7.47;-1.38:-7.43;-1.47:-7.34;-1.51:-7.27;-1.52:-7.27;-1.52:-7.27,-1.52:-7.27;-1.52:-7.27;-1.52:-7.27;-1.52:-7.27;-1.52:-7.27;-1.52:-7.27;-1.52:-7.27;-1.52:-7.27;-1.52:-7.27;-1.52:-7.27;-1.52:-7.27;-1.52:-7.27,-1.556761:-7.279024;-1.587735:-7.291394;-1.619456:-7.28888;-1.658451:-7.293005;-1.686562:-7.31185;-1.721549:-7.297172;-1.761183:-7.327915;-1.763609:-7.327899;-1.784566:-7.337243;-1.82442:-7.339965;-1.848774:-7.35557;-1.885566:-7.372427
sigma3_hotel_seed42,HOTEL:biwi_hotel:38:1490,HOTEL,biwi_hotel,biwi_hotel:38,1490,3,0.17575369775295258,0.3304435908794403,0.0,0.12013942003250122,0.2819082736968994,2.1033003330230713,0.0,-1.27:-7.47;-1.29:-7.47;-1.38:-7.43;-1.47:-7.34;-1.51:-7.27;-1.52:-7.27;-1.52:-7.27;-1.52:-7.27,-1.52:-7.27;-1.52:-7.27;-1.52:-7.27;-1.52:-7.27;-1.52:-7.27;-1.52:-7.27;-1.52:-7.27;-1.52:-7.27;-1.52:-7.27;-1.52:-7.27;-1.52:-7.27;-1.52:-7.27,-1.553474:-7.277793;-1.574274:-7.284318;-1.596051:-7.275965;-1.630203:-7.288748;-1.65972:-7.291327;-1.683755:-7.290339;-1.704878:-7.312096;-1.731223:-7.307083;-1.747414:-7.319627;-1.784991:-7.309652;-1.804667:-7.319319;-1.844796:-7.33083
sigma3_hotel_seed42,HOTEL:biwi_hotel:38:1500,HOTEL,biwi_hotel,biwi_hotel:38,1500,3,0.03051924705505371,0.06938380748033524,0.0,0.11299656331539154,0.19792643189430237,1.685076117515564,0.0,-1.29:-7.47;-1.38:-7.43;-1.47:-7.34;-1.51:-7.27;-1.52:-7.27;-1.52:-7.27;-1.52:-7.27;-1.52:-7.27,-1.52:-7.27;-1.52:-7.27;-1.52:-7.27;-1.52:-7.27;-1.52:-7.27;-1.52:-7.27;-1.52:-7.27;-1.52:-7.27;-1.52:-7.27;-1.52:-7.27;-1.52:-7.27;-1.52:-7.27,-1.524512:-7.269492;-1.514869:-7.272664;-1.509021:-7.259499;-1.509084:-7.260872;-1.508846:-7.260867;-1.505948:-7.249971;-1.495704:-7.266529;-1.48235:-7.261602;-1.473286:-7.26808;-1.469517:-7.260445;-1.463032:-7.26966;-1.451987:-7.283725
sigma3_hotel_seed42,HOTEL:biwi_hotel:38:1510,HOTEL,biwi_hotel,biwi_hotel:38,1510,3,0.2158997803926468,0.4138911962509155,0.0,0.07782207429409027,0.14584310352802277,1.3179022073745728,0.0,-1.38:-7.43;-1.47:-7.34;-1.51:-7.27;-1.52:-7.27;-1.52:-7.27;-1.52:-7.27;-1.52:-7.27;-1.52:-7.27,-1.52:-7.27;-1.52:-7.27;-1.52:-7.27;-1.52:-7.27;-1.52:-7.27;-1.52:-7.27;-1.52:-7.27;-1.52:-7.27;-1.52:-7.27;-1.52:-7.27;-1.52:-7.27;-1.52:-7.27,-1.496755:-7.28192;-1.456673:-7.296684;-1.425883:-7.284829;-1.397223:-7.288747;-1.368224:-7.303635;-1.330025:-7.284954;-1.309165:-7.325969;-1.254506:-7.313579;-1.214384:-7.332425;-1.18057:-7.337208;-1.158392:-7.354868;-1.120122:-7.376786
sigma3_hotel_seed42,HOTEL:biwi_hotel:38:1520,HOTEL,biwi_hotel,biwi_hotel:38,1520,3,0.2398153394460678,0.45907536149024963,0.0,0.03236520662903786,0.08974763751029968,1.0516501665115356,0.0,-1.47:-7.34;-1.51:-7.27;-1.52:-7.27;-1.52:-7.27;-1.52:-7.27;-1.52:-7.27;-1.52:-7.27;-1.52:-7.27,-1.52:-7.27;-1.52:-7.27;-1.52:-7.27;-1.52:-7.27;-1.52:-7.27;-1.52:-7.27;-1.52:-7.27;-1.52:-7.27;-1.52:-7.27;-1.52:-7.27;-1.52:-7.27;-1.52:-7.27,-1.492772:-7.280885;-1.448453:-7.294132;-1.414069:-7.282629;-1.382006:-7.285928;-1.349571:-7.29778;-1.306172:-7.280482;-1.279536:-7.318444;-1.224023:-7.30575;-1.180247:-7.324975;-1.141639:-7.328724;-1.115815:-7.344736;-1.070976:-7.365541
sigma3_hotel_seed42,HOTEL:biwi_hotel:38:1530,HOTEL,biwi_hotel,biwi_hotel:38,1530,3,0.010195109993219376,0.024068176746368408,0.0,0.0035714285913854837,0.010416666977107525,0.0,0.0,-1.51:-7.27;-1.52:-7.27;-1.52:-7.27;-1.52:-7.27;-1.52:-7.27;-1.52:-7.27;-1.52:-7.27;-1.52:-7.27,-1.52:-7.27;-1.52:-7.27;-1.52:-7.27;-1.52:-7.27;-1.52:-7.27;-1.52:-7.27;-1.52:-7.27;-1.52:-7.27;-1.52:-7.27;-1.52:-7.27;-1.52:-7.27;-1.52:-7.27,-1.523399:-7.269912;-1.52264:-7.269347;-1.526192:-7.270119;-1.532421:-7.269007;-1.533372:-7.262618;-1.52686:-7.260879;-1.524443:-7.260351;-1.522461:-7.258714;-1.517487:-7.268267;-1.517189:-7.26125;-1.511615:-7.260874;-1.496028:-7.267851
sigma3_hotel_seed42,HOTEL:biwi_hotel:38:1540,HOTEL,biwi_hotel,biwi_hotel:38,1540,3,0.04110553115606308,0.060709454119205475,0.0,0.0,0.0,0.0,0.0,-1.52:-7.27;-1.52:-7.27;-1.52:-7.27;-1.52:-7.27;-1.52:-7.27;-1.52:-7.27;-1.52:-7.27;-1.52:-7.27,-1.52:-7.27;-1.52:-7.27;-1.52:-7.27;-1.52:-7.27;-1.52:-7.27;-1.52:-7.27;-1.52:-7.27;-1.52:-7.27;-1.52:-7.27;-1.52:-7.27;-1.52:-7.27;-1.52:-7.27,-1.530755:-7.273806;-1.534613:-7.281339;-1.54313:-7.282431;-1.555147:-7.283294;-1.560216:-7.285872;-1.564082:-7.279373;-1.564684:-7.292315;-1.555579:-7.294169;-1.554974:-7.305278;-1.55476:-7.306593;-1.555789:-7.314888;-1.539226:-7.327585
sigma3_hotel_seed42,HOTEL:biwi_hotel:38:1550,HOTEL,biwi_hotel,biwi_hotel:38,1550,3,0.04110553115606308,0.060709454119205475,0.0,0.0,0.0,0.0,0.0,-1.52:-7.27;-1.52:-7.27;-1.52:-7.27;-1.52:-7.27;-1.52:-7.27;-1.52:-7.27;-1.52:-7.27;-1.52:-7.27,-1.52:-7.27;-1.52:-7.27;-1.52:-7.27;-1.52:-7.27;-1.52:-7.27;-1.52:-7.27;-1.52:-7.27;-1.52:-7.27;-1.52:-7.27;-1.52:-7.27;-1.52:-7.27;-1.52:-7.27,-1.530755:-7.273806;-1.534613:-7.281339;-1.54313:-7.282431;-1.555147:-7.283294;-1.560216:-7.285872;-1.564082:-7.279373;-1.564684:-7.292315;-1.555579:-7.294169;-1.554974:-7.305278;-1.55476:-7.306593;-1.555789:-7.314888;-1.539226:-7.327585
sigma3_hotel_seed42,HOTEL:biwi_hotel:38:1560,HOTEL,biwi_hotel,biwi_hotel:38,1560,3,0.04110553115606308,0.060709454119205475,0.0,0.0,0.0,0.0,0.0,-1.52:-7.27;-1.52:-7.27;-1.52:-7.27;-1.52:-7.27;-1.52:-7.27;-1.52:-7.27;-1.52:-7.27;-1.52:-7.27,-1.52:-7.27;-1.52:-7.27;-1.52:-7.27;-1.52:-7.27;-1.52:-7.27;-1.52:-7.27;-1.52:-7.27;-1.52:-7.27;-1.52:-7.27;-1.52:-7.27;-1.52:-7.27;-1.52:-7.27,-1.530755:-7.273806;-1.534613:-7.281339;-1.54313:-7.282431;-1.555147:-7.283294;-1.560216:-7.285872;-1.564082:-7.279373;-1.564684:-7.292315;-1.555579:-7.294169;-1.554974:-7.305278;-1.55476:-7.306593;-1.555789:-7.314888;-1.539226:-7.327585
sigma3_hotel_seed42,HOTEL:biwi_hotel:38:1570,HOTEL,biwi_hotel,biwi_hotel:38,1570,3,0.04110553115606308,0.060709454119205475,0.0,0.0,0.0,0.0,0.0,-1.52:-7.27;-1.52:-7.27;-1.52:-7.27;-1.52:-7.27;-1.52:-7.27;-1.52:-7.27;-1.52:-7.27;-1.52:-7.27,-1.52:-7.27;-1.52:-7.27;-1.52:-7.27;-1.52:-7.27;-1.52:-7.27;-1.52:-7.27;-1.52:-7.27;-1.52:-7.27;-1.52:-7.27;-1.52:-7.27;-1.52:-7.27;-1.52:-7.27,-1.530755:-7.273806;-1.534613:-7.281339;-1.54313:-7.282431;-1.555147:-7.283294;-1.560216:-7.285872;-1.564082:-7.279373;-1.564684:-7.292315;-1.555579:-7.294169;-1.554974:-7.305278;-1.55476:-7.306593;-1.555789:-7.314888;-1.539226:-7.327585
sigma3_hotel_seed42,HOTEL:biwi_hotel:38:1580,HOTEL,biwi_hotel,biwi_hotel:38,1580,3,0.04110553115606308,0.060709454119205475,0.0,0.0,0.0,0.0,0.0,-1.52:-7.27;-1.52:-7.27;-1.52:-7.27;-1.52:-7.27;-1.52:-7.27;-1.52:-7.27;-1.52:-7.27;-1.52:-7.27,-1.52:-7.27;-1.52:-7.27;-1.52:-7.27;-1.52:-7.27;-1.52:-7.27;-1.52:-7.27;-1.52:-7.27;-1.52:-7.27;-1.52:-7.27;-1.52:-7.27;-1.52:-7.27;-1.52:-7.27,-1.530755:-7.273806;-1.534613:-7.281339;-1.54313:-7.282431;-1.555147:-7.283294;-1.560216:-7.285872;-1.564082:-7.279373;-1.564684:-7.292315;-1.555579:-7.294169;-1.554974:-7.305278;-1.55476:-7.306593;-1.555789:-7.314888;-1.539226:-7.327585
sigma3_hotel_seed42,HOTEL:biwi_hotel:38:1590,HOTEL,biwi_hotel,biwi_hotel:38,1590,3,0.04110553115606308,0.060709454119205475,0.0,0.0,0.0,0.0,0.0,-1.52:-7.27;-1.52:-7.27;-1.52:-7.27;-1.52:-7.27;-1.52:-7.27;-1.52:-7.27;-1.52:-7.27;-1.52:-7.27,-1.52:-7.27;-1.52:-7.27;-1.52:-7.27;-1.52:-7.27;-1.52:-7.27;-1.52:-7.27;-1.52:-7.27;-1.52:-7.27;-1.52:-7.27;-1.52:-7.27;-1.52:-7.27;-1.52:-7.27,-1.530755:-7.273806;-1.534613:-7.281339;-1.54313:-7.282431;-1.555147:-7.283294;-1.560216:-7.285872;-1.564082:-7.279373;-1.564684:-7.292315;-1.555579:-7.294169;-1.554974:-7.305278;-1.55476:-7.306593;-1.555789:-7.314888;-1.539226:-7.327585
sigma3_hotel_seed42,HOTEL:biwi_hotel:38:1600,HOTEL,biwi_hotel,biwi_hotel:38,1600,3,0.04110553115606308,0.060709454119205475,0.0,0.0,0.0,0.0,0.0,-1.52:-7.27;-1.52:-7.27;-1.52:-7.27;-1.52:-7.27;-1.52:-7.27;-1.52:-7.27;-1.52:-7.27;-1.52:-7.27,-1.52:-7.27;-1.52:-7.27;-1.52:-7.27;-1.52:-7.27;-1.52:-7.27;-1.52:-7.27;-1.52:-7.27;-1.52:-7.27;-1.52:-7.27;-1.52:-7.27;-1.52:-7.27;-1.52:-7.27,-1.530755:-7.273806;-1.534613:-7.281339;-1.54313:-7.282431;-1.555147:-7.283294;-1.560216:-7.285872;-1.564082:-7.279373;-1.564684:-7.292315;-1.555579:-7.294169;-1.554974:-7.305278;-1.55476:-7.306593;-1.555789:-7.314888;-1.539226:-7.327585
sigma3_hotel_seed42,HOTEL:biwi_hotel:38:1610,HOTEL,biwi_hotel,biwi_hotel:38,1610,3,0.04110553115606308,0.060709454119205475,0.0,0.0,0.0,0.0,0.0,-1.52:-7.27;-1.52:-7.27;-1.52:-7.27;-1.52:-7.27;-1.52:-7.27;-1.52:-7.27;-1.52:-7.27;-1.52:-7.27,-1.52:-7.27;-1.52:-7.27;-1.52:-7.27;-1.52:-7.27;-1.52:-7.27;-1.52:-7.27;-1.52:-7.27;-1.52:-7.27;-1.52:-7.27;-1.52:-7.27;-1.52:-7.27;-1.52:-7.27,-1.530755:-7.273806;-1.534613:-7.281339;-1.54313:-7.282431;-1.555147:-7.283294;-1.560216:-7.285872;-1.564082:-7.279373;-1.564684:-7.292315;-1.555579:-7.294169;-1.554974:-7.305278;-1.55476:-7.306593;-1.555789:-7.314888;-1.539226:-7.327585
sigma3_hotel_seed42,HOTEL:biwi_hotel:38:1620,HOTEL,biwi_hotel,biwi_hotel:38,1620,3,0.04110553115606308,0.060709454119205475,0.0,0.0,0.0,0.0,0.0,-1.52:-7.27;-1.52:-7.27;-1.52:-7.27;-1.52:-7.27;-1.52:-7.27;-1.52:-7.27;-1.52:-7.27;-1.52:-7.27,-1.52:-7.27;-1.52:-7.27;-1.52:-7.27;-1.52:-7.27;-1.52:-7.27;-1.52:-7.27;-1.52:-7.27;-1.52:-7.27;-1.52:-7.27;-1.52:-7.27;-1.52:-7.27;-1.52:-7.27,-1.530755:-7.273806;-1.534613:-7.281339;-1.54313:-7.282431;-1.555147:-7.283294;-1.560216:-7.285872;-1.564082:-7.279373;-1.564684:-7.292315;-1.555579:-7.294169;-1.554974:-7.305278;-1.55476:-7.306593;-1.555789:-7.314888;-1.539226:-7.327585
sigma3_hotel_seed42,HOTEL:biwi_hotel:38:1630,HOTEL,biwi_hotel,biwi_hotel:38,1630,3,0.04110553115606308,0.060709454119205475,0.0,0.0,0.0,0.0,0.0,-1.52:-7.27;-1.52:-7.27;-1.52:-7.27;-1.52:-7.27;-1.52:-7.27;-1.52:-7.27;-1.52:-7.27;-1.52:-7.27,-1.52:-7.27;-1.52:-7.27;-1.52:-7.27;-1.52:-7.27;-1.52:-7.27;-1.52:-7.27;-1.52:-7.27;-1.52:-7.27;-1.52:-7.27;-1.52:-7.27;-1.52:-7.27;-1.52:-7.27,-1.530755:-7.273806;-1.534613:-7.281339;-1.54313:-7.282431;-1.555147:-7.283294;-1.560216:-7.285872;-1.564082:-7.279373;-1.564684:-7.292315;-1.555579:-7.294169;-1.554974:-7.305278;-1.55476:-7.306593;-1.555789:-7.314888;-1.539226:-7.327585
sigma3_hotel_seed42,HOTEL:biwi_hotel:38:1640,HOTEL,biwi_hotel,biwi_hotel:38,1640,3,0.04110553115606308,0.060709454119205475,0.0,0.0,0.0,0.0,0.0,-1.52:-7.27;-1.52:-7.27;-1.52:-7.27;-1.52:-7.27;-1.52:-7.27;-1.52:-7.27;-1.52:-7.27;-1.52:-7.27,-1.52:-7.27;-1.52:-7.27;-1.52:-7.27;-1.52:-7.27;-1.52:-7.27;-1.52:-7.27;-1.52:-7.27;-1.52:-7.27;-1.52:-7.27;-1.52:-7.27;-1.52:-7.27;-1.52:-7.27,-1.530755:-7.273806;-1.534613:-7.281339;-1.54313:-7.282431;-1.555147:-7.283294;-1.560216:-7.285872;-1.564082:-7.279373;-1.564684:-7.292315;-1.555579:-7.294169;-1.554974:-7.305278;-1.55476:-7.306593;-1.555789:-7.314888;-1.539226:-7.327585
sigma3_hotel_seed42,HOTEL:biwi_hotel:38:1650,HOTEL,biwi_hotel,biwi_hotel:38,1650,3,0.04110553115606308,0.060709454119205475,0.0,0.0,0.0,0.0,0.0,-1.52:-7.27;-1.52:-7.27;-1.52:-7.27;-1.52:-7.27;-1.52:-7.27;-1.52:-7.27;-1.52:-7.27;-1.52:-7.27,-1.52:-7.27;-1.52:-7.27;-1.52:-7.27;-1.52:-7.27;-1.52:-7.27;-1.52:-7.27;-1.52:-7.27;-1.52:-7.27;-1.52:-7.27;-1.52:-7.27;-1.52:-7.27;-1.52:-7.27,-1.530755:-7.273806;-1.534613:-7.281339;-1.54313:-7.282431;-1.555147:-7.283294;-1.560216:-7.285872;-1.564082:-7.279373;-1.564684:-7.292315;-1.555579:-7.294169;-1.554974:-7.305278;-1.55476:-7.306593;-1.555789:-7.314888;-1.539226:-7.327585
sigma3_hotel_seed42,HOTEL:biwi_hotel:38:1660,HOTEL,biwi_hotel,biwi_hotel:38,1660,3,0.04110553115606308,0.060709454119205475,0.0,0.0,0.0,0.0,0.0,-1.52:-7.27;-1.52:-7.27;-1.52:-7.27;-1.52:-7.27;-1.52:-7.27;-1.52:-7.27;-1.52:-7.27;-1.52:-7.27,-1.52:-7.27;-1.52:-7.27;-1.52:-7.27;-1.52:-7.27;-1.52:-7.27;-1.52:-7.27;-1.52:-7.27;-1.52:-7.27;-1.52:-7.27;-1.52:-7.27;-1.52:-7.27;-1.52:-7.27,-1.530755:-7.273806;-1.534613:-7.281339;-1.54313:-7.282431;-1.555147:-7.283294;-1.560216:-7.285872;-1.564082:-7.279373;-1.564684:-7.292315;-1.555579:-7.294169;-1.554974:-7.305278;-1.55476:-7.306593;-1.555789:-7.314888;-1.539226:-7.327585
sigma3_hotel_seed42,HOTEL:biwi_hotel:38:1670,HOTEL,biwi_hotel,biwi_hotel:38,1670,3,0.04110553115606308,0.060709454119205475,0.0,0.0,0.0,0.0,0.0,-1.52:-7.27;-1.52:-7.27;-1.52:-7.27;-1.52:-7.27;-1.52:-7.27;-1.52:-7.27;-1.52:-7.27;-1.52:-7.27,-1.52:-7.27;-1.52:-7.27;-1.52:-7.27;-1.52:-7.27;-1.52:-7.27;-1.52:-7.27;-1.52:-7.27;-1.52:-7.27;-1.52:-7.27;-1.52:-7.27;-1.52:-7.27;-1.52:-7.27,-1.530755:-7.273806;-1.534613:-7.281339;-1.54313:-7.282431;-1.555147:-7.283294;-1.560216:-7.285872;-1.564082:-7.279373;-1.564684:-7.292315;-1.555579:-7.294169;-1.554974:-7.305278;-1.55476:-7.306593;-1.555789:-7.314888;-1.539226:-7.327585
sigma3_hotel_seed42,HOTEL:biwi_hotel:38:1680,HOTEL,biwi_hotel,biwi_hotel:38,1680,3,0.04110553115606308,0.060709454119205475,0.0,0.0,0.0,0.0,0.0,-1.52:-7.27;-1.52:-7.27;-1.52:-7.27;-1.52:-7.27;-1.52:-7.27;-1.52:-7.27;-1.52:-7.27;-1.52:-7.27,-1.52:-7.27;-1.52:-7.27;-1.52:-7.27;-1.52:-7.27;-1.52:-7.27;-1.52:-7.27;-1.52:-7.27;-1.52:-7.27;-1.52:-7.27;-1.52:-7.27;-1.52:-7.27;-1.52:-7.27,-1.530755:-7.273806;-1.534613:-7.281339;-1.54313:-7.282431;-1.555147:-7.283294;-1.560216:-7.285872;-1.564082:-7.279373;-1.564684:-7.292315;-1.555579:-7.294169;-1.554974:-7.305278;-1.55476:-7.306593;-1.555789:-7.314888;-1.539226:-7.327585
sigma3_hotel_seed42,HOTEL:biwi_hotel:38:1690,HOTEL,biwi_hotel,biwi_hotel:38,1690,3,0.04110553115606308,0.060709454119205475,0.0,0.0,0.0,0.0,0.0,-1.52:-7.27;-1.52:-7.27;-1.52:-7.27;-1.52:-7.27;-1.52:-7.27;-1.52:-7.27;-1.52:-7.27;-1.52:-7.27,-1.52:-7.27;-1.52:-7.27;-1.52:-7.27;-1.52:-7.27;-1.52:-7.27;-1.52:-7.27;-1.52:-7.27;-1.52:-7.27;-1.52:-7.27;-1.52:-7.27;-1.52:-7.27;-1.52:-7.27,-1.530755:-7.273806;-1.534613:-7.281339;-1.54313:-7.282431;-1.555147:-7.283294;-1.560216:-7.285872;-1.564082:-7.279373;-1.564684:-7.292315;-1.555579:-7.294169;-1.554974:-7.305278;-1.55476:-7.306593;-1.555789:-7.314888;-1.539226:-7.327585
sigma3_hotel_seed42,HOTEL:biwi_hotel:38:1700,HOTEL,biwi_hotel,biwi_hotel:38,1700,3,0.04110553115606308,0.060709454119205475,0.0,0.0,0.0,0.0,0.0,-1.52:-7.27;-1.52:-7.27;-1.52:-7.27;-1.52:-7.27;-1.52:-7.27;-1.52:-7.27;-1.52:-7.27;-1.52:-7.27,-1.52:-7.27;-1.52:-7.27;-1.52:-7.27;-1.52:-7.27;-1.52:-7.27;-1.52:-7.27;-1.52:-7.27;-1.52:-7.27;-1.52:-7.27;-1.52:-7.27;-1.52:-7.27;-1.52:-7.27,-1.530755:-7.273806;-1.534613:-7.281339;-1.54313:-7.282431;-1.555147:-7.283294;-1.560216:-7.285872;-1.564082:-7.279373;-1.564684:-7.292315;-1.555579:-7.294169;-1.554974:-7.305278;-1.55476:-7.306593;-1.555789:-7.314888;-1.539226:-7.327585
sigma3_hotel_seed42,HOTEL:biwi_hotel:38:1710,HOTEL,biwi_hotel,biwi_hotel:38,1710,3,0.04110553115606308,0.060709454119205475,0.0,0.0,0.0,0.0,0.0,-1.52:-7.27;-1.52:-7.27;-1.52:-7.27;-1.52:-7.27;-1.52:-7.27;-1.52:-7.27;-1.52:-7.27;-1.52:-7.27,-1.52:-7.27;-1.52:-7.27;-1.52:-7.27;-1.52:-7.27;-1.52:-7.27;-1.52:-7.27;-1.52:-7.27;-1.52:-7.27;-1.52:-7.27;-1.52:-7.27;-1.52:-7.27;-1.52:-7.27,-1.530755:-7.273806;-1.534613:-7.281339;-1.54313:-7.282431;-1.555147:-7.283294;-1.560216:-7.285872;-1.564082:-7.279373;-1.564684:-7.292315;-1.555579:-7.294169;-1.554974:-7.305278;-1.55476:-7.306593;-1.555789:-7.314888;-1.539226:-7.327585
sigma3_hotel_seed42,HOTEL:biwi_hotel:38:1720,HOTEL,biwi_hotel,biwi_hotel:38,1720,3,0.04110553115606308,0.060709454119205475,0.0,0.0,0.0,0.0,0.0,-1.52:-7.27;-1.52:-7.27;-1.52:-7.27;-1.52:-7.27;-1.52:-7.27;-1.52:-7.27;-1.52:-7.27;-1.52:-7.27,-1.52:-7.27;-1.52:-7.27;-1.52:-7.27;-1.52:-7.27;-1.52:-7.27;-1.52:-7.27;-1.52:-7.27;-1.52:-7.27;-1.52:-7.27;-1.52:-7.27;-1.52:-7.27;-1.52:-7.27,-1.530755:-7.273806;-1.534613:-7.281339;-1.54313:-7.282431;-1.555147:-7.283294;-1.560216:-7.285872;-1.564082:-7.279373;-1.564684:-7.292315;-1.555579:-7.294169;-1.554974:-7.305278;-1.55476:-7.306593;-1.555789:-7.314888;-1.539226:-7.327585
sigma3_hotel_seed42,HOTEL:biwi_hotel:38:1730,HOTEL,biwi_hotel,biwi_hotel:38,1730,3,0.04110553115606308,0.060709454119205475,0.0,0.0,0.0,0.0,0.0,-1.52:-7.27;-1.52:-7.27;-1.52:-7.27;-1.52:-7.27;-1.52:-7.27;-1.52:-7.27;-1.52:-7.27;-1.52:-7.27,-1.52:-7.27;-1.52:-7.27;-1.52:-7.27;-1.52:-7.27;-1.52:-7.27;-1.52:-7.27;-1.52:-7.27;-1.52:-7.27;-1.52:-7.27;-1.52:-7.27;-1.52:-7.27;-1.52:-7.27,-1.530755:-7.273806;-1.534613:-7.281339;-1.54313:-7.282431;-1.555147:-7.283294;-1.560216:-7.285872;-1.564082:-7.279373;-1.564684:-7.292315;-1.555579:-7.294169;-1.554974:-7.305278;-1.55476:-7.306593;-1.555789:-7.314888;-1.539226:-7.327585
sigma3_hotel_seed42,HOTEL:biwi_hotel:38:1740,HOTEL,biwi_hotel,biwi_hotel:38,1740,3,0.04110553115606308,0.060709454119205475,0.0,0.0,0.0,0.0,0.0,-1.52:-7.27;-1.52:-7.27;-1.52:-7.27;-1.52:-7.27;-1.52:-7.27;-1.52:-7.27;-1.52:-7.27;-1.52:-7.27,-1.52:-7.27;-1.52:-7.27;-1.52:-7.27;-1.52:-7.27;-1.52:-7.27;-1.52:-7.27;-1.52:-7.27;-1.52:-7.27;-1.52:-7.27;-1.52:-7.27;-1.52:-7.27;-1.52:-7.27,-1.530755:-7.273806;-1.534613:-7.281339;-1.54313:-7.282431;-1.555147:-7.283294;-1.560216:-7.285872;-1.564082:-7.279373;-1.564684:-7.292315;-1.555579:-7.294169;-1.554974:-7.305278;-1.55476:-7.306593;-1.555789:-7.314888;-1.539226:-7.327585
sigma3_hotel_seed42,HOTEL:biwi_hotel:38:1750,HOTEL,biwi_hotel,biwi_hotel:38,1750,3,0.04110553115606308,0.060709454119205475,0.0,0.0,0.0,0.0,0.0,-1.52:-7.27;-1.52:-7.27;-1.52:-7.27;-1.52:-7.27;-1.52:-7.27;-1.52:-7.27;-1.52:-7.27;-1.52:-7.27,-1.52:-7.27;-1.52:-7.27;-1.52:-7.27;-1.52:-7.27;-1.52:-7.27;-1.52:-7.27;-1.52:-7.27;-1.52:-7.27;-1.52:-7.27;-1.52:-7.27;-1.52:-7.27;-1.52:-7.27,-1.530755:-7.273806;-1.534613:-7.281339;-1.54313:-7.282431;-1.555147:-7.283294;-1.560216:-7.285872;-1.564082:-7.279373;-1.564684:-7.292315;-1.555579:-7.294169;-1.554974:-7.305278;-1.55476:-7.306593;-1.555789:-7.314888;-1.539226:-7.327585
sigma3_hotel_seed42,HOTEL:biwi_hotel:38:1760,HOTEL,biwi_hotel,biwi_hotel:38,1760,3,0.04110553115606308,0.060709454119205475,0.0,0.0,0.0,0.0,0.0,-1.52:-7.27;-1.52:-7.27;-1.52:-7.27;-1.52:-7.27;-1.52:-7.27;-1.52:-7.27;-1.52:-7.27;-1.52:-7.27,-1.52:-7.27;-1.52:-7.27;-1.52:-7.27;-1.52:-7.27;-1.52:-7.27;-1.52:-7.27;-1.52:-7.27;-1.52:-7.27;-1.52:-7.27;-1.52:-7.27;-1.52:-7.27;-1.52:-7.27,-1.530755:-7.273806;-1.534613:-7.281339;-1.54313:-7.282431;-1.555147:-7.283294;-1.560216:-7.285872;-1.564082:-7.279373;-1.564684:-7.292315;-1.555579:-7.294169;-1.554974:-7.305278;-1.55476:-7.306593;-1.555789:-7.314888;-1.539226:-7.327585
sigma3_hotel_seed42,HOTEL:biwi_hotel:38:1770,HOTEL,biwi_hotel,biwi_hotel:38,1770,3,0.04110553115606308,0.060709454119205475,0.0,0.0,0.0,0.0,0.0,-1.52:-7.27;-1.52:-7.27;-1.52:-7.27;-1.52:-7.27;-1.52:-7.27;-1.52:-7.27;-1.52:-7.27;-1.52:-7.27,-1.52:-7.27;-1.52:-7.27;-1.52:-7.27;-1.52:-7.27;-1.52:-7.27;-1.52:-7.27;-1.52:-7.27;-1.52:-7.27;-1.52:-7.27;-1.52:-7.27;-1.52:-7.27;-1.52:-7.27,-1.530755:-7.273806;-1.534613:-7.281339;-1.54313:-7.282431;-1.555147:-7.283294;-1.560216:-7.285872;-1.564082:-7.279373;-1.564684:-7.292315;-1.555579:-7.294169;-1.554974:-7.305278;-1.55476:-7.306593;-1.555789:-7.314888;-1.539226:-7.327585
sigma3_hotel_seed42,HOTEL:biwi_hotel:38:1780,HOTEL,biwi_hotel,biwi_hotel:38,1780,3,0.04110553115606308,0.060709454119205475,0.0,0.0,0.0,0.0,0.0,-1.52:-7.27;-1.52:-7.27;-1.52:-7.27;-1.52:-7.27;-1.52:-7.27;-1.52:-7.27;-1.52:-7.27;-1.52:-7.27,-1.52:-7.27;-1.52:-7.27;-1.52:-7.27;-1.52:-7.27;-1.52:-7.27;-1.52:-7.27;-1.52:-7.27;-1.52:-7.27;-1.52:-7.27;-1.52:-7.27;-1.52:-7.27;-1.52:-7.27,-1.530755:-7.273806;-1.534613:-7.281339;-1.54313:-7.282431;-1.555147:-7.283294;-1.560216:-7.285872;-1.564082:-7.279373;-1.564684:-7.292315;-1.555579:-7.294169;-1.554974:-7.305278;-1.55476:-7.306593;-1.555789:-7.314888;-1.539226:-7.327585
sigma3_hotel_seed42,HOTEL:biwi_hotel:38:1790,HOTEL,biwi_hotel,biwi_hotel:38,1790,3,0.04110553115606308,0.060709454119205475,0.0,0.0,0.0,0.0,0.0,-1.52:-7.27;-1.52:-7.27;-1.52:-7.27;-1.52:-7.27;-1.52:-7.27;-1.52:-7.27;-1.52:-7.27;-1.52:-7.27,-1.52:-7.27;-1.52:-7.27;-1.52:-7.27;-1.52:-7.27;-1.52:-7.27;-1.52:-7.27;-1.52:-7.27;-1.52:-7.27;-1.52:-7.27;-1.52:-7.27;-1.52:-7.27;-1.52:-7.27,-1.530755:-7.273806;-1.534613:-7.281339;-1.54313:-7.282431;-1.555147:-7.283294;-1.560216:-7.285872;-1.564082:-7.279373;-1.564684:-7.292315;-1.555579:-7.294169;-1.554974:-7.305278;-1.55476:-7.306593;-1.555789:-7.314888;-1.539226:-7.327585
sigma3_hotel_seed42,HOTEL:biwi_hotel:38:1800,HOTEL,biwi_hotel,biwi_hotel:38,1800,3,0.04110553115606308,0.060709454119205475,0.0,0.0,0.0,0.0,0.0,-1.52:-7.27;-1.52:-7.27;-1.52:-7.27;-1.52:-7.27;-1.52:-7.27;-1.52:-7.27;-1.52:-7.27;-1.52:-7.27,-1.52:-7.27;-1.52:-7.27;-1.52:-7.27;-1.52:-7.27;-1.52:-7.27;-1.52:-7.27;-1.52:-7.27;-1.52:-7.27;-1.52:-7.27;-1.52:-7.27;-1.52:-7.27;-1.52:-7.27,-1.530755:-7.273806;-1.534613:-7.281339;-1.54313:-7.282431;-1.555147:-7.283294;-1.560216:-7.285872;-1.564082:-7.279373;-1.564684:-7.292315;-1.555579:-7.294169;-1.554974:-7.305278;-1.55476:-7.306593;-1.555789:-7.314888;-1.539226:-7.327585
sigma3_hotel_seed42,HOTEL:biwi_hotel:71:2770,HOTEL,biwi_hotel,biwi_hotel:71,2770,3,1.1318637132644653,2.99971604347229,1.4758472442626953,1.50128972530365,0.26196619868278503,0.3450375199317932,1.0,2.66:3.27;2.67:2.68;2.69:2.07;2.64:1.45;2.63:0.86;2.63:0.25;2.6:-0.34;2.62:-0.93,2.56:-1.51;2.45:-2.13;2.35:-2.71;2.19:-3.29;2.13:-3.91;2.06:-4.54;2.02:-5.18;2.09:-5.8;2.15:-6.46;2.28:-7.13;2.38:-7.77;2.43:-8.43,2.567284:-1.461898;2.495097:-2.018647;2.348367:-2.557288;2.371033:-2.983435;2.253529:-3.435692;2.114757:-3.864423;1.892534:-4.151428;1.8097:-4.556829;1.617762:-4.780378;1.525216:-5.164118;1.367656:-5.420152;1.203788:-5.692356
sigma3_hotel_seed42,HOTEL:biwi_hotel:72:2770,HOTEL,biwi_hotel,biwi_hotel:72,2770,3,1.294594645500183,3.254652261734009,1.5002083778381348,1.4756534099578857,0.26954081654548645,0.3401066064834595,1.0,1.95:3.46;1.86:2.86;1.83:2.27;1.79:1.72;1.75:1.16;1.79:0.55;1.8:-0.06;1.79:-0.66,1.79:-1.27;1.69:-1.91;1.6:-2.54;1.49:-3.15;1.35:-3.77;1.29:-4.42;1.2:-5.06;1.09:-5.73;0.99:-6.42;0.83:-7.1;0.76:-7.76;0.75:-8.58,1.676585:-1.200814;1.545851:-1.765204;1.349786:-2.304355;1.318522:-2.738469;1.146214:-3.197738;0.9471513:-3.627648;0.6835202:-3.912658;0.547519:-4.332957;0.3024997:-4.557419;0.1633224:-4.938181;-0.04464889:-5.205355;-0.2546971:-5.484302
sigma3_hotel_seed42,HOTEL:biwi_hotel:71:2780,HOTEL,biwi_hotel,biwi_hotel:71,2780,3,1.4916820526123047,3.7259104251861572,1.457737922668457,1.4987934827804565,0.32265567779541016,0.466176837682724,1.0,2.67:2.68;2.69:2.07;2.64:1.45;2.63:0.86;2.63:0.25;2.6:-0.34;2.62:-0.93;2.56:-1.51,2.45:-2.13;2.35:-2.71;2.19:-3.29;2.13:-3.91;2.06:-4.54;2.02:-5.18;2.09:-5.8;2.15:-6.46;2.28:-7.13;2.38:-7.77;2.43:-8.43;2.48:-9.09,2.418748:-2.026477;2.261172:-2.564869;2.041004:-3.080048;1.982048:-3.495124;1.785125:-3.932077;1.564603:-4.344362;1.283095:-4.614799;1.12017:-5.015066;0.8555006:-5.228563;0.6973339:-5.592909;0.4677901:-5.847198;0.2415979:-6.111416
sigma3_hotel_seed42,HOTEL:biwi_hotel:72:2780,HOTEL,biwi_hotel,biwi_hotel:72,2780,3,1.2161823511123657,3.1608357429504395,1.524999976158142,1.4768275022506714,0.22091008722782135,0.25868549942970276,1.0,1.86:2.86;1.83:2.27;1.79:1.72;1.75:1.16;1.79:0.55;1.8:-0.06;1.79:-0.66;1.79:-1.27,1.69:-1.91;1.6:-2.54;1.49:-3.15;1.35:-3.77;1.29:-4.42;1.2:-5.06;1.09:-5.73;0.99:-6.42;0.83:-7.1;0.76:-7.76;0.75:-8.58;0.7:-9.28,1.688564:-1.826009;1.569175:-2.407191;1.381049:-2.962807;1.362959:-3.407821;1.200065:-3.881491;1.009252:-4.323068;0.7496568:-4.616922;0.6252911:-5.049159;0.3866525:-5.279253;0.2560726:-5.672777;0.05534732:-5.946881;-0.1483254:-6.235131
sigma3_hotel_seed42,HOTEL:biwi_hotel:71:2790,HOTEL,biwi_hotel,biwi_hotel:71,2790,3,1.77257239818573,4.102153301239014,1.5742061138153076,1.5057058334350586,0.31569793820381165,0.4254412353038788,1.0,2.69:2.07;2.64:1.45;2.63:0.86;2.63:0.25;2.6:-0.34;2.62:-0.93;2.56:-1.51;2.45:-2.13,2.35:-2.71;2.19:-3.29;2.13:-3.91;2.06:-4.54;2.02:-5.18;2.09:-5.8;2.15:-6.46;2.28:-7.13;2.38:-7.77;2.43:-8.43;2.48:-9.09;2.45:-9.73,2.219408:-2.72129;1.973302:-3.341927;1.653701:-3.932957;1.529246:-4.398461;1.237921:-4.904348;0.9176484:-5.371442;0.5368992:-5.673517;0.2911861:-6.137506;-0.07430434:-6.367748;-0.293504:-6.797816;-0.6222031:-7.088049;-0.9247797:-7.397935
sigma3_hotel_seed42,HOTEL:biwi_hotel:72:2790,HOTEL,biwi_hotel,biwi_hotel:72,2790,3,1.432429313659668,3.532315254211426,1.6194134950637817,1.4971857070922852,0.28671425580978394,0.39188650250434875,1.0,1.83:2.27;1.79:1.72;1.75:1.16;1.79:0.55;1.8:-0.06;1.79:-0.66;1.79:-1.27;1.69:-1.91,1.6:-2.54;1.49:-3.15;1.35:-3.77;1.29:-4.42;1.2:-5.06;1.09:-5.73;0.99:-6.42;0.83:-7.1;0.76:-7.76;0.75:-8.58;0.7:-9.28;0.85:-9.9,1.479318:-2.508969;1.253354:-3.139964;0.9476959:-3.742198;0.8438093:-4.212869;0.5684761:-4.72671;0.2652099:-5.20241;-0.1062504:-5.510754;-0.334306:-5.978836;-0.6862111:-6.210888;-0.8905714:-6.651462;-1.204732:-6.942613;-1.494738:-7.258133
sigma3_hotel_seed42,HOTEL:biwi_hotel:83:3100,HOTEL,biwi_hotel,biwi_hotel:83,3100,3,1.040225863456726,2.3754212856292725,1.4508618116378784,1.493430256843567,0.42731207609176636,0.5966443419456482,0.0,1.65:2.7;1.73:2.09;1.73:1.52;1.71:0.91;1.78:0.3;1.76:-0.31;1.72:-0.89;1.74:-1.47,1.68:-2.07;1.66:-2.67;1.68:-3.29;1.58:-3.91;1.49:-4.55;1.35:-5.17;1.09:-5.74;0.93:-6.33;0.75:-6.88;0.51:-7.43;0.46:-8.02;0.41:-8.57,1.683226:-1.998199;1.608149:-2.550883;1.461603:-3.083401;1.480078:-3.507855;1.360206:-3.956917;1.21754:-4.381582;0.9964066:-4.66558;0.9116724:-5.070599;0.7177041:-5.292707;0.6199973:-5.669377;0.4624217:-5.925793;0.2954874:-6.19734
sigma3_hotel_seed42,HOTEL:biwi_hotel:83:3110,HOTEL,biwi_hotel,biwi_hotel:83,3110,3,1.0113236904144287,2.2855117321014404,1.507481336593628,1.4890620708465576,0.4200406074523926,0.6003787517547607,0.0,1.73:2.09;1.73:1.52;1.71:0.91;1.78:0.3;1.76:-0.31;1.72:-0.89;1.74:-1.47;1.68:-2.07,1.66:-2.67;1.68:-3.29;1.58:-3.91;1.49:-4.55;1.35:-5.17;1.09:-5.74;0.93:-6.33;0.75:-6.88;0.51:-7.43;0.46:-8.02;0.41:-8.57;0.33:-9.13,1.556395:-2.62172;1.416562:-3.201869;1.20117:-3.758298;1.166392:-4.197715;0.9790127:-4.668827;0.767253:-5.111557;0.4815236:-5.402696;0.3344873:-5.829293;0.07256925:-6.052025;-0.07185495:-6.45221;-0.2959054:-6.719464;-0.5158693:-7.006779
sigma3_hotel_seed42,HOTEL:biwi_hotel:101:4000,HOTEL,biwi_hotel,biwi_hotel:101,4000,3,0.19751955568790436,0.3505258560180664,0.0,0.08566896617412567,0.2731882631778717,3.1415927410125732,1.0,1.26:-8.15;1.26:-8.15;1.25:-8.13;1.25:-8.13;1.31:-8.2;1.36:-8.29;1.37:-8.31;1.37:-8.31,1.37:-8.31;1.37:-8.31;1.37:-8.31;1.37:-8.31;1.38:-8.32;1.39:-8.32;1.39:-8.32;1.39:-8.32;1.39:-8.32;1.39:-8.32;1.39:-8.32;1.39:-8.32,1.342263:-8.326249;1.319423:-8.340888;1.289509:-8.352961;1.244338:-8.361395;1.2219:-8.371012;1.207483:-8.372278;1.174351:-8.397074;1.158173:-8.393478;1.149078:-8.414925;1.110178:-8.42192;1.091972:-8.426119;1.06015:-8.438605
sigma3_hotel_seed42,HOTEL:biwi_hotel:102:4000,HOTEL,biwi_hotel,biwi_hotel:102,4000,3,0.0924692451953888,0.1794850379228592,0.0,0.007985956966876984,0.04658474773168564,0.0,1.0,1.37:-9.2;1.37:-9.2;1.37:-9.2;1.38:-9.18;1.38:-9.18;1.38:-9.18;1.38:-9.18;1.38:-9.18,1.38:-9.18;1.38:-9.18;1.38:-9.18;1.38:-9.18;1.38:-9.18;1.38:-9.18;1.38:-9.18;1.38:-9.18;1.38:-9.18;1.38:-9.18;1.38:-9.18;1.38:-9.18,1.374265:-9.199484;1.383679:-9.220802;1.382779:-9.221088;1.380093:-9.235487;1.37944:-9.252337;1.388628:-9.248526;1.383808:-9.285064;1.400817:-9.284461;1.413393:-9.306662;1.412646:-9.310954;1.412887:-9.329625;1.415959:-9.355846
sigma3_hotel_seed42,HOTEL:biwi_hotel:96:4000,HOTEL,biwi_hotel,biwi_hotel:96,4000,3,1.2382752895355225,2.8547780513763428,0.9503288865089417,0.8749673366546631,0.525299608707428,1.3992918729782104,1.0,1.98:3.74;1.96:3.44;1.98:3.11;1.86:2.78;1.83:2.43;1.86:2.07;1.8:1.7;1.81:1.32,1.85:0.94;1.84:0.48;1.86:0.01;1.9:-0.5;1.86:-0.92;1.9:-1.47;1.92:-1.94;1.87:-2.41;1.95:-2.91;1.99:-3.4;1.96:-3.89;2.07:-4.38,1.769106:0.9681127;1.718478:0.610443;1.647991:0.2787056;1.648664:-0.02988422;1.575076:-0.3168796;1.476645:-0.5986366;1.35534:-0.7866336;1.298499:-1.067478;1.172877:-1.236921;1.066119:-1.432191;0.9862142:-1.622747;0.8537439:-1.797273
sigma3_hotel_seed42,HOTEL:biwi_hotel:97:4000,HOTEL,biwi_hotel,biwi_hotel:97,4000,3,1.5433756113052368,3.4988088607788086,0.9463746547698975,0.9444243907928467,0.27814918756484985,0.5597658157348633,1.0,1.22:3.29;1.26:2.92;1.33:2.57;1.34:2.2;1.32:1.84;1.31:1.45;1.24:1.04;1.16:0.67,1.06:0.21;1.03:-0.23;1.03:-0.59;1.04:-1.03;1.01:-1.61;1.05:-2.07;1.1:-2.52;1.17:-2.99;1.24:-3.42;1.32:-4.01;1.33:-4.47;1.43:-4.96,1.024779:0.3392127;0.8844556:0.003616571;0.730257:-0.303215;0.6461009:-0.5944911;0.4848917:-0.861695;0.3006908:-1.126406;0.109519:-1.29535;-0.03520846:-1.56335;-0.2405123:-1.717201;-0.4149938:-1.896399;-0.5748727:-2.077996;-0.7734326:-2.24218
sigma3_hotel_seed42,HOTEL:biwi_hotel:101:4010,HOTEL,biwi_hotel,biwi_hotel:101,4010,3,0.14668191969394684,0.26350098848342896,0.0,0.08566896617412567,0.24989590048789978,3.1415927410125732,1.0,1.26:-8.15;1.25:-8.13;1.25:-8.13;1.31:-8.2;1.36:-8.29;1.37:-8.31;1.37:-8.31;1.37:-8.31,1.37:-8.31;1.37:-8.31;1.37:-8.31;1.38:-8.32;1.39:-8.32;1.39:-8.32;1.39:-8.32;1.39:-8.32;1.39:-8.32;1.39:-8.32;1.39:-8.32;1.39:-8.32,1.347514:-8.324305;1.335645:-8.338578;1.319748:-8.344148;1.296444:-8.363528;1.2746:-8.367485;1.258537:-8.380584;1.251792:-8.399265;1.225323:-8.403892;1.214802:-8.418609;1.193162:-8.418419;1.180759:-8.428246;1.156152:-8.441441
sigma3_hotel_seed42,HOTEL:biwi_hotel:102:4010,HOTEL,biwi_hotel,biwi_hotel:102,4010,3,0.006802475545555353,0.010575737804174423,0.0,0.007985956966876984,0.04658474773168564,0.0,1.0,1.37:-9.2;1.37:-9.2;1.38:-9.18;1.38:-9.18;1.38:-9.18;1.38:-9.18;1.38:-9.18;1.38:-9.18,1.38:-9.18;1.38:-9.18;1.38:-9.18;1.38:-9.18;1.38:-9.18;1.38:-9.18;1.38:-9.18;1.38:-9.18;1.38:-9.18;1.38:-9.18;1.38:-9.18;1.38:-9.18,1.380689:-9.180235;1.376416:-9.17974;1.375595:-9.181609;1.379104:-9.181912;1.379096:-9.184915;1.373344:-9.185725;1.374048:-9.1849;1.371441:-9.187505;1.370217:-9.183256;1.376393:-9.187123;1.376013:-9.187809;1.372176:-9.187116
sigma3_hotel_seed42,HOTEL:biwi_hotel:96:4010,HOTEL,biwi_hotel,biwi_hotel:96,4010,3,1.2112115621566772,2.771167516708374,0.9552486538887024,0.9040507078170776,0.5044662356376648,1.3507589101791382,1.0,1.96:3.44;1.98:3.11;1.86:2.78;1.83:2.43;1.86:2.07;1.8:1.7;1.81:1.32;1.85:0.94,1.84:0.48;1.86:0.01;1.9:-0.5;1.86:-0.92;1.9:-1.47;1.92:-1.94;1.87:-2.41;1.95:-2.91;1.99:-3.4;1.96:-3.89;2.07:-4.38;2.12:-4.88,1.833886:0.5769144;1.808222:0.2051242;1.756695:-0.1408672;1.782647:-0.4576158;1.729715:-0.7559789;1.6519:-1.048531;1.543802:-1.244765;1.51:-1.533305;1.401647:-1.706231;1.312425:-1.913362;1.25167:-2.107277;1.134604:-2.289949
sigma3_hotel_seed42,HOTEL:biwi_hotel:97:4010,HOTEL,biwi_hotel,biwi_hotel:97,4010,3,1.4870442152023315,3.255021572113037,1.1768602132797241,0.9796344637870789,0.3366282880306244,0.4711824357509613,1.0,1.26:2.92;1.33:2.57;1.34:2.2;1.32:1.84;1.31:1.45;1.24:1.04;1.16:0.67;1.06:0.21,1.03:-0.23;1.03:-0.59;1.04:-1.03;1.01:-1.61;1.05:-2.07;1.1:-2.52;1.17:-2.99;1.24:-3.42;1.32:-4.01;1.33:-4.47;1.43:-4.96;1.45:-5.4,0.8970679:-0.2271776;0.7264305:-0.6773012;0.5284687:-1.091297;0.435696:-1.458182;0.2372721:-1.82312;0.005915046:-2.164556;-0.2394744:-2.385949;-0.4078512:-2.742702;-0.6644632:-2.931108;-0.8570062:-3.195584;-1.065043:-3.430393;-1.299453:-3.657681
sigma3_hotel_seed42,HOTEL:biwi_hotel:101:4020,HOTEL,biwi_hotel,biwi_hotel:101,4020,3,0.26520833373069763,0.511342465877533,0.0,0.07768300920724869,0.22660352289676666,0.244978666305542,1.0,1.25:-8.13;1.25:-8.13;1.31:-8.2;1.36:-8.29;1.37:-8.31;1.37:-8.31;1.37:-8.31;1.37:-8.31,1.37:-8.31;1.37:-8.31;1.38:-8.32;1.39:-8.32;1.39:-8.32;1.39:-8.32;1.39:-8.32;1.39:-8.32;1.39:-8.32;1.39:-8.32;1.39:-8.32;1.39:-8.32,1.331394:-8.339251;1.306646:-8.358141;1.282435:-8.360954;1.247868:-8.402147;1.20537:-8.409259;1.180802:-8.434766;1.154861:-8.472253;1.092873:-8.466691;1.067955:-8.496104;1.022915:-8.491368;0.985745:-8.508006;0.9168262:-8.513849
sigma3_hotel_seed42,HOTEL:biwi_hotel:102:4020,HOTEL,biwi_hotel,biwi_hotel:102,4020,3,0.01492453645914793,0.044231291860342026,0.0,0.007985956966876984,0.02329237386584282,0.0,1.0,1.37:-9.2;1.38:-9.18;1.38:-9.18;1.38:-9.18;1.38:-9.18;1.38:-9.18;1.38:-9.18;1.38:-9.18,1.38:-9.18;1.38:-9.18;1.38:-9.18;1.38:-9.18;1.38:-9.18;1.38:-9.18;1.38:-9.18;1.38:-9.18;1.38:-9.18;1.38:-9.18;1.38:-9.18;1.38:-9.18,1.380939:-9.181223;1.376878:-9.180968;1.376988:-9.182722;1.37879:-9.184452;1.382853:-9.186598;1.381481:-9.184972;1.387747:-9.184051;1.392676:-9.190796;1.396808:-9.19375;1.404554:-9.191851;1.410085:-9.197157;1.419259:-9.200376
sigma3_hotel_seed42,HOTEL:biwi_hotel:96:4020,HOTEL,biwi_hotel,biwi_hotel:96,4020,3,1.1020132303237915,2.5722131729125977,1.1502716541290283,0.9503018260002136,0.4569035470485687,1.068068504333496,1.0,1.98:3.11;1.86:2.78;1.83:2.43;1.86:2.07;1.8:1.7;1.81:1.32;1.85:0.94;1.84:0.48,1.86:0.01;1.9:-0.5;1.86:-0.92;1.9:-1.47;1.92:-1.94;1.87:-2.41;1.95:-2.91;1.99:-3.4;1.96:-3.89;2.07:-4.38;2.12:-4.88;2.16:-5.35,1.764329:0.03218991;1.677193:-0.4314083;1.549391:-0.8658727;1.536521:-1.239723;1.415809:-1.615292;1.266375:-1.971061;1.078033:-2.207284;0.9865584:-2.563147;0.8020715:-2.75966;0.6761467:-3.043521;0.5376385:-3.275834;0.3656949:-3.506973
sigma3_hotel_seed42,HOTEL:biwi_hotel:97:4020,HOTEL,biwi_hotel,biwi_hotel:97,4020,3,1.168851613998413,2.685011625289917,1.1025538444519043,1.0096666812896729,0.34658199548721313,0.44679155945777893,1.0,1.33:2.57;1.34:2.2;1.32:1.84;1.31:1.45;1.24:1.04;1.16:0.67;1.06:0.21;1.03:-0.23,1.03:-0.59;1.04:-1.03;1.01:-1.61;1.05:-2.07;1.1:-2.52;1.17:-2.99;1.24:-3.42;1.32:-4.01;1.33:-4.47;1.43:-4.96;1.45:-5.4;1.49:-5.88,0.9432489:-0.6680137;0.8450394:-1.119641;0.7116297:-1.541492;0.6862294:-1.908762;0.5578169:-2.275058;0.3996648:-2.621165;0.2089366:-2.850665;0.1087003:-3.200846;-0.0816524:-3.394729;-0.216846:-3.666568;-0.3611797:-3.896681;-0.5392702:-4.121777
sigma3_hotel_seed42,HOTEL:biwi_hotel:101:4030,HOTEL,biwi_hotel,biwi_hotel:101,4030,3,0.11437975615262985,0.2492116242647171,0.0,0.07768300920724869,0.13056659698486328,0.244978666305542,1.0,1.25:-8.13;1.31:-8.2;1.36:-8.29;1.37:-8.31;1.37:-8.31;1.37:-8.31;1.37:-8.31;1.37:-8.31,1.37:-8.31;1.38:-8.32;1.39:-8.32;1.39:-8.32;1.39:-8.32;1.39:-8.32;1.39:-8.32;1.39:-8.32;1.39:-8.32;1.39:-8.32;1.39:-8.32;1.39:-8.32,1.382099:-8.315974;1.407987:-8.324795;1.426284:-8.318058;1.440951:-8.320979;1.457294:-8.324235;1.481562:-8.31491;1.502565:-8.337586;1.533291:-8.331439;1.55874:-8.345968;1.582627:-8.346197;1.599013:-8.356785;1.633643:-8.372386
sigma3_hotel_seed42,HOTEL:biwi_hotel:102:4030,HOTEL,biwi_hotel,biwi_hotel:102,4030,3,0.008034994825720787,0.024911552667617798,0.0,0.0,0.0,0.0,1.0,1.38:-9.18;1.38:-9.18;1.38:-9.18;1.38:-9.18;1.38:-9.18;1.38:-9.18;1.38:-9.18;1.38:-9.18,1.38:-9.18;1.38:-9.18;1.38:-9.18;1.38:-9.18;1.38:-9.18;1.38:-9.18;1.38:-9.18;1.38:-9.18;1.38:-9.18;1.38:-9.18;1.38:-9.18;1.38:-9.18,1.379833:-9.180784;1.376745:-9.180416;1.375668:-9.182113;1.375377:-9.182909;1.37717:-9.183147;1.376529:-9.182475;1.380949:-9.181831;1.382125:-9.185327;1.385618:-9.187928;1.391344:-9.186818;1.395329:-9.189242;1.401678:-9.192274
sigma3_hotel_seed42,HOTEL:biwi_hotel:96:4030,HOTEL,biwi_hotel,biwi_hotel:96,4030,3,0.9922716021537781,2.467026710510254,1.1760632991790771,0.9929034113883972,0.3938070237636566,0.869066059589386,1.0,1.86:2.78;1.83:2.43;1.86:2.07;1.8:1.7;1.81:1.32;1.85:0.94;1.84:0.48;1.86:0.01,1.9:-0.5;1.86:-0.92;1.9:-1.47;1.92:-1.94;1.87:-2.41;1.95:-2.91;1.99:-3.4;1.96:-3.89;2.07:-4.38;2.12:-4.88;2.16:-5.35;2.35:-5.82,1.80722:-0.4468647;1.741084:-0.9204324;1.632606:-1.365125;1.640591:-1.74677;1.540825:-2.130672;1.410704:-2.494062;1.238537:-2.737535;1.168008:-3.099837;1.001751:-3.301654;0.8925576:-3.593302;0.7727902:-3.829802;0.6159714:-4.065188
sigma3_hotel_seed42,HOTEL:biwi_hotel:97:4030,HOTEL,biwi_hotel,biwi_hotel:97,4030,3,1.6527780294418335,3.489497423171997,0.8999999761581421,1.006047010421753,0.402641624212265,0.4323490560054779,1.0,1.34:2.2;1.32:1.84;1.31:1.45;1.24:1.04;1.16:0.67;1.06:0.21;1.03:-0.23;1.03:-0.59,1.04:-1.03;1.01:-1.61;1.05:-2.07;1.1:-2.52;1.17:-2.99;1.24:-3.42;1.32:-4.01;1.33:-4.47;1.43:-4.96;1.45:-5.4;1.49:-5.88;1.66:-6.36,0.9846558:-0.8924346;0.9297375:-1.196773;0.8540941:-1.484347;0.8444851:-1.753324;0.7682283:-1.994071;0.6785233:-2.243044;0.5583689:-2.406714;0.4908825:-2.639414;0.3717005:-2.790582;0.2674582:-2.957875;0.1856345:-3.117361;0.05940658:-3.259243
sigma3_hotel_seed42,HOTEL:biwi_hotel:101:4040,HOTEL,biwi_hotel,biwi_hotel:101,4040,3,0.022801605984568596,0.05316755548119545,0.0,0.04475606605410576,0.10727422684431076,0.04345089569687843,1.0,1.31:-8.2;1.36:-8.29;1.37:-8.31;1.37:-8.31;1.37:-8.31;1.37:-8.31;1.37:-8.31;1.37:-8.31,1.38:-8.32;1.39:-8.32;1.39:-8.32;1.39:-8.32;1.39:-8.32;1.39:-8.32;1.39:-8.32;1.39:-8.32;1.39:-8.32;1.39:-8.32;1.39:-8.32;1.39:-8.32,1.365273:-8.31298;1.370175:-8.319802;1.370581:-8.316165;1.366951:-8.317748;1.367307:-8.320416;1.369018:-8.312637;1.37613:-8.328376;1.390273:-8.327972;1.397263:-8.337505;1.403208:-8.337112;1.407395:-8.346471;1.425193:-8.359853
sigma3_hotel_seed42,HOTEL:biwi_hotel:102:4040,HOTEL,biwi_hotel,biwi_hotel:102,4040,3,0.006674632895737886,0.019690798595547676,0.0,0.0,0.0,0.0,1.0,1.38:-9.18;1.38:-9.18;1.38:-9.18;1.38:-9.18;1.38:-9.18;1.38:-9.18;1.38:-9.18;1.38:-9.18,1.38:-9.18;1.38:-9.18;1.38:-9.18;1.38:-9.18;1.38:-9.18;1.38:-9.18;1.38:-9.18;1.38:-9.18;1.38:-9.18;1.38:-9.18;1.38:-9.18;1.38:-9.18,1.37825:-9.180689;1.376632:-9.179887;1.374581:-9.180557;1.371684:-9.181073;1.372002:-9.178134;1.374998:-9.177126;1.37816:-9.17681;1.378441:-9.177258;1.382829:-9.183497;1.385813:-9.179055;1.390112:-9.180226;1.399131:-9.184663
sigma3_hotel_seed42,HOTEL:biwi_hotel:96:4040,HOTEL,biwi_hotel,biwi_hotel:96,4040,3,0.864923894405365,2.2707364559173584,1.278915524482727,1.050147294998169,0.3770296573638916,0.7361631393432617,1.0,1.83:2.43;1.86:2.07;1.8:1.7;1.81:1.32;1.85:0.94;1.84:0.48;1.86:0.01;1.9:-0.5,1.86:-0.92;1.9:-1.47;1.92:-1.94;1.87:-2.41;1.95:-2.91;1.99:-3.4;1.96:-3.89;2.07:-4.38;2.12:-4.88;2.16:-5.35;2.35:-5.82;2.45:-6.3,1.85522:-0.9891278;1.796556:-1.499027;1.684899:-1.980464;1.706529:-2.383774;1.608182:-2.797377;1.480333:-3.187704;1.298946:-3.449551;1.233226:-3.834231;1.06395:-4.045712;0.9636447:-4.370109;0.8400162:-4.618229;0.6840783:-4.872497
sigma3_hotel_seed42,HOTEL:biwi_hotel:97:4040,HOTEL,biwi_hotel,biwi_hotel:97,4040,3,1.3279708623886108,3.0027334690093994,1.1002840995788574,1.0344606637954712,0.453683078289032,0.42520931363105774,1.0,1.32:1.84;1.31:1.45;1.24:1.04;1.16:0.67;1.06:0.21;1.03:-0.23;1.03:-0.59;1.04:-1.03,1.01:-1.61;1.05:-2.07;1.1:-2.52;1.17:-2.99;1.24:-3.42;1.32:-4.01;1.33:-4.47;1.43:-4.96;1.45:-5.4;1.49:-5.88;1.66:-6.36;1.86:-6.8,0.9800199:-1.432582;0.9094651:-1.845636;0.810804:-2.229552;0.8029143:-2.573757;0.7049872:-2.907264;0.5785334:-3.226915;0.424691:-3.439981;0.3498123:-3.762121;0.1936028:-3.946743;0.07502848:-4.185424;-0.0343914:-4.399951;-0.1885169:-4.604553
sigma3_hotel_seed42,HOTEL:biwi_hotel:101:4050,HOTEL,biwi_hotel,biwi_hotel:101,4050,3,0.17289046943187714,0.35899829864501953,0.0353553406894207,0.013036719523370266,0.03802376613020897,0.32175055146217346,1.0,1.36:-8.29;1.37:-8.31;1.37:-8.31;1.37:-8.31;1.37:-8.31;1.37:-8.31;1.37:-8.31;1.38:-8.32,1.39:-8.32;1.39:-8.32;1.39:-8.32;1.39:-8.32;1.39:-8.32;1.39:-8.32;1.39:-8.32;1.39:-8.32;1.39:-8.32;1.39:-8.32;1.39:-8.32;1.39:-8.32,1.400674:-8.322318;1.433334:-8.325834;1.459012:-8.319488;1.479919:-8.319524;1.504399:-8.315225;1.539193:-8.307117;1.572291:-8.321347;1.605799:-8.314198;1.638638:-8.329588;1.67311:-8.326788;1.697384:-8.333314;1.748198:-8.343964
sigma3_hotel_seed42,HOTEL:biwi_hotel:102:4050,HOTEL,biwi_hotel,biwi_hotel:102,4050,3,0.011791813187301159,0.018136974424123764,0.0,0.0,0.0,0.0,1.0,1.38:-9.18;1.38:-9.18;1.38:-9.18;1.38:-9.18;1.38:-9.18;1.38:-9.18;1.38:-9.18;1.38:-9.18,1.38:-9.18;1.38:-9.18;1.38:-9.18;1.38:-9.18;1.38:-9.18;1.38:-9.18;1.38:-9.18;1.38:-9.18;1.38:-9.18;1.38:-9.18;1.38:-9.18;1.38:-9.18,1.375927:-9.179152;1.377517:-9.179059;1.373065:-9.180716;1.36495:-9.178405;1.362799:-9.170741;1.368819:-9.169746;1.371448:-9.168903;1.372116:-9.166422;1.376402:-9.175014;1.376042:-9.169608;1.381343:-9.167314;1.3973:-9.174554
sigma3_hotel_seed42,HOTEL:biwi_hotel:96:4050,HOTEL,biwi_hotel,biwi_hotel:96,4050,3,1.739288330078125,3.670158624649048,1.0547511577606201,1.071808934211731,0.4081360101699829,0.6654820442199707,1.0,1.86:2.07;1.8:1.7;1.81:1.32;1.85:0.94;1.84:0.48;1.86:0.01;1.9:-0.5;1.86:-0.92,1.9:-1.47;1.92:-1.94;1.87:-2.41;1.95:-2.91;1.99:-3.4;1.96:-3.89;2.07:-4.38;2.12:-4.88;2.16:-5.35;2.35:-5.82;2.45:-6.3;2.51:-6.75,1.738188:-1.273831;1.610827:-1.636185;1.460631:-1.970332;1.393508:-2.277291;1.240096:-2.56613;1.064296:-2.851075;0.8715901:-3.034065;0.7374252:-3.317693;0.5360451:-3.478303;0.3732973:-3.682095;0.2174153:-3.871337;0.02470911:-4.049372
sigma3_hotel_seed42,HOTEL:biwi_hotel:97:4050,HOTEL,biwi_hotel,biwi_hotel:97,4050,3,1.226040244102478,2.560673713684082,1.4519383907318115,1.1025489568710327,0.5394712686538696,0.3561449348926544,1.0,1.31:1.45;1.24:1.04;1.16:0.67;1.06:0.21;1.03:-0.23;1.03:-0.59;1.04:-1.03;1.01:-1.61,1.05:-2.07;1.1:-2.52;1.17:-2.99;1.24:-3.42;1.32:-4.01;1.33:-4.47;1.43:-4.96;1.45:-5.4;1.49:-5.88;1.66:-6.36;1.86:-6.8;1.95:-7.26,0.944944:-2.202165;0.8594519:-2.82509;0.6997894:-3.419053;0.7195746:-3.89332;0.5878213:-4.402366;0.4202253:-4.872322;0.1798865:-5.188558;0.09296006:-5.652923;-0.1241117:-5.896758;-0.2315028:-6.318423;-0.403774:-6.611599;-0.5883942:-6.922947
sigma3_hotel_seed42,HOTEL:biwi_hotel:101:4060,HOTEL,biwi_hotel,biwi_hotel:101,4060,3,0.05266864597797394,0.0947997123003006,0.02500000037252903,0.008622190915048122,0.0251480583101511,0.7853981852531433,1.0,1.37:-8.31;1.37:-8.31;1.37:-8.31;1.37:-8.31;1.37:-8.31;1.37:-8.31;1.38:-8.32;1.39:-8.32,1.39:-8.32;1.39:-8.32;1.39:-8.32;1.39:-8.32;1.39:-8.32;1.39:-8.32;1.39:-8.32;1.39:-8.32;1.39:-8.32;1.39:-8.32;1.39:-8.32;1.39:-8.32,1.386397:-8.310226;1.388469:-8.306376;1.390321:-8.294288;1.388453:-8.280911;1.392173:-8.280445;1.389421:-8.256928;1.394091:-8.266919;1.422913:-8.260586;1.427284:-8.260638;1.437103:-8.258044;1.442014:-8.263915;1.470411:-8.26979
sigma3_hotel_seed42,HOTEL:biwi_hotel:102:4060,HOTEL,biwi_hotel,biwi_hotel:102,4060,3,0.04110264033079147,0.06070737913250923,0.0,0.0,0.0,0.0,1.0,1.38:-9.18;1.38:-9.18;1.38:-9.18;1.38:-9.18;1.38:-9.18;1.38:-9.18;1.38:-9.18;1.38:-9.18,1.38:-9.18;1.38:-9.18;1.38:-9.18;1.38:-9.18;1.38:-9.18;1.38:-9.18;1.38:-9.18;1.38:-9.18;1.38:-9.18;1.38:-9.18;1.38:-9.18;1.38:-9.18,1.369245:-9.183806;1.365388:-9.191339;1.356872:-9.192431;1.344856:-9.193294;1.339787:-9.195871;1.335922:-9.189373;1.33532:-9.202315;1.344426:-9.204168;1.345031:-9.215278;1.345246:-9.216593;1.344217:-9.224888;1.360781:-9.237585
sigma3_hotel_seed42,HOTEL:biwi_hotel:96:4060,HOTEL,biwi_hotel,biwi_hotel:96,4060,3,0.7147944569587708,1.9370231628417969,1.378631591796875,1.1348872184753418,0.4934825599193573,0.6459607481956482,1.0,1.8:1.7;1.81:1.32;1.85:0.94;1.84:0.48;1.86:0.01;1.9:-0.5;1.86:-0.92;1.9:-1.47,1.92:-1.94;1.87:-2.41;1.95:-2.91;1.99:-3.4;1.96:-3.89;2.07:-4.38;2.12:-4.88;2.16:-5.35;2.35:-5.82;2.45:-6.3;2.51:-6.75;2.68:-7.2,1.895548:-1.993952;1.874768:-2.544685;1.784472:-3.070594;1.849589:-3.497063;1.781113:-3.943873;1.685079:-4.36631;1.513926:-4.65172;1.482036:-5.057562;1.335537:-5.280424;1.268655:-5.645704;1.166842:-5.903335;1.034972:-6.177287
sigma3_hotel_seed42,HOTEL:biwi_hotel:97:4060,HOTEL,biwi_hotel,biwi_hotel:97,4060,3,1.192278265953064,2.8760056495666504,1.1543396711349487,1.1189072132110596,0.6412352323532104,0.4507242441177368,1.0,1.24:1.04;1.16:0.67;1.06:0.21;1.03:-0.23;1.03:-0.59;1.04:-1.03;1.01:-1.61;1.05:-2.07,1.1:-2.52;1.17:-2.99;1.24:-3.42;1.32:-4.01;1.33:-4.47;1.43:-4.96;1.45:-5.4;1.49:-5.88;1.66:-6.36;1.86:-6.8;1.95:-7.26;2.17:-7.81,1.014152:-2.5029;0.9648522:-2.951225;0.8681476:-3.377789;0.889101:-3.738798;0.804387:-4.100734;0.6976717:-4.450026;0.5367486:-4.683517;0.4775873:-5.019304;0.3301381:-5.212443;0.2372292:-5.494502;0.1308196:-5.712976;-0.008602381:-5.932475
sigma3_hotel_seed42,HOTEL:biwi_hotel:101:4070,HOTEL,biwi_hotel,biwi_hotel:101,4070,3,0.05920632183551788,0.0932520404458046,0.0,0.008622190915048122,0.03556472435593605,0.7853981852531433,1.0,1.37:-8.31;1.37:-8.31;1.37:-8.31;1.37:-8.31;1.37:-8.31;1.38:-8.32;1.39:-8.32;1.39:-8.32,1.39:-8.32;1.39:-8.32;1.39:-8.32;1.39:-8.32;1.39:-8.32;1.39:-8.32;1.39:-8.32;1.39:-8.32;1.39:-8.32;1.39:-8.32;1.39:-8.32;1.39:-8.32,1.378203:-8.326318;1.375289:-8.336326;1.364347:-8.341506;1.348963:-8.344975;1.3405:-8.346692;1.337162:-8.346876;1.33388:-8.359085;1.334137:-8.36077;1.3337:-8.372175;1.327789:-8.374913;1.325993:-8.379725;1.333326:-8.394053
sigma3_hotel_seed42,HOTEL:biwi_hotel:102:4070,HOTEL,biwi_hotel,biwi_hotel:102,4070,3,0.042377594858407974,0.07578940689563751,0.0,0.0,0.0,0.0,1.0,1.38:-9.18;1.38:-9.18;1.38:-9.18;1.38:-9.18;1.38:-9.18;1.38:-9.18;1.38:-9.18;1.38:-9.18,1.38:-9.18;1.38:-9.18;1.38:-9.18;1.38:-9.18;1.38:-9.18;1.38:-9.18;1.38:-9.18;1.38:-9.18;1.38:-9.18;1.38:-9.18;1.38:-9.18;1.41:-9.18,1.369242:-9.183808;1.365382:-9.191343;1.356863:-9.192437;1.344843:-9.193302;1.339772:-9.19588;1.335904:-9.189384;1.3353:-9.202328;1.344401:-9.204182;1.345004:-9.215292;1.345215:-9.216608;1.344184:-9.224903;1.360744:-9.237601
sigma3_hotel_seed42,HOTEL:biwi_hotel:96:4070,HOTEL,biwi_hotel,biwi_hotel:96,4070,3,1.0726598501205444,2.5298430919647217,1.1760632991790771,1.1671350002288818,0.5481306314468384,0.5974653959274292,1.0,1.81:1.32;1.85:0.94;1.84:0.48;1.86:0.01;1.9:-0.5;1.86:-0.92;1.9:-1.47;1.92:-1.94,1.87:-2.41;1.95:-2.91;1.99:-3.4;1.96:-3.89;2.07:-4.38;2.12:-4.88;2.16:-5.35;2.35:-5.82;2.45:-6.3;2.51:-6.75;2.68:-7.2;2.69:-7.62,1.876082:-2.393958;1.819187:-2.866096;1.712182:-3.313735;1.730102:-3.69;1.63551:-4.072306;1.515692:-4.436833;1.341786:-4.680133;1.27742:-5.035454;1.116524:-5.234014;1.01634:-5.532043;0.8996322:-5.761778;0.7504236:-5.995762
sigma3_hotel_seed42,HOTEL:biwi_hotel:97:4070,HOTEL,biwi_hotel,biwi_hotel:97,4070,3,1.4868673086166382,3.33998966217041,1.1319231986999512,1.1454142332077026,0.5599296689033508,0.47352078557014465,1.0,1.16:0.67;1.06:0.21;1.03:-0.23;1.03:-0.59;1.04:-1.03;1.01:-1.61;1.05:-2.07;1.1:-2.52,1.17:-2.99;1.24:-3.42;1.32:-4.01;1.33:-4.47;1.43:-4.96;1.45:-5.4;1.49:-5.88;1.66:-6.36;1.86:-6.8;1.95:-7.26;2.17:-7.81;2.32:-8.25,1.046807:-2.897608;0.9856403:-3.283587;0.8993334:-3.640536;0.8941165:-3.967608;0.8048787:-4.276766;0.6910652:-4.578899;0.5526415:-4.779652;0.4813607:-5.079903;0.338521:-5.256448;0.224879:-5.47378;0.1273879:-5.675417;-0.01897013:-5.865729
sigma3_hotel_seed42,HOTEL:biwi_hotel:104:4430,HOTEL,biwi_hotel,biwi_hotel:104,4430,3,0.03215821087360382,0.04971100762486458,0.0,0.0071428571827709675,0.0416666679084301,0.0,2.625,1.34:-9.22;1.34:-9.22;1.34:-9.22;1.34:-9.22;1.34:-9.22;1.34:-9.2;1.34:-9.2;1.34:-9.2,1.34:-9.22;1.34:-9.22;1.34:-9.22;1.34:-9.22;1.34:-9.22;1.34:-9.22;1.34:-9.22;1.34:-9.22;1.34:-9.2;1.32:-9.2;1.3:-9.18;1.29:-9.16,1.334211:-9.198358;1.338591:-9.197135;1.332234:-9.198548;1.32145:-9.194928;1.31587:-9.183908;1.324773:-9.184566;1.324635:-9.183065;1.320367:-9.176582;1.324377:-9.185496;1.319144:-9.178239;1.322885:-9.172314;1.335168:-9.18076
sigma3_hotel_seed42,HOTEL:biwi_hotel:105:4430,HOTEL,biwi_hotel,biwi_hotel:105,4430,3,0.04110557958483696,0.060709454119205475,0.0,0.0,0.0,0.0,2.5,1.37:-8.27;1.37:-8.27;1.37:-8.27;1.37:-8.27;1.37:-8.27;1.37:-8.27;1.37:-8.27;1.37:-8.27,1.37:-8.27;1.37:-8.27;1.37:-8.27;1.37:-8.27;1.37:-8.27;1.37:-8.27;1.37:-8.27;1.37:-8.27;1.37:-8.27;1.37:-8.27;1.37:-8.27;1.37:-8.27,1.359245:-8.273807;1.355387:-8.28134;1.34687:-8.282432;1.334853:-8.283294;1.329784:-8.285872;1.325918:-8.279373;1.325316:-8.292316;1.334421:-8.294169;1.335026:-8.305278;1.33524:-8.306594;1.334211:-8.314889;1.350774:-8.327585
sigma3_hotel_seed42,HOTEL:biwi_hotel:106:4430,HOTEL,biwi_hotel,biwi_hotel:106,4430,3,0.7586721777915955,1.5534673929214478,0.5884301066398621,0.5425034165382385,0.4457932114601135,1.2328131198883057,3.0,2.59:-9.52;2.62:-9.36;2.61:-9.17;2.53:-8.93;2.48:-8.74;2.49:-8.47;2.51:-8.26;2.46:-8.03,2.35:-7.78;2.3:-7.57;2.29:-7.32;2.29:-7.11;2.19:-6.82;2.05:-6.54;2.1:-6.27;2.15:-6.07;2.11:-5.76;2.03:-5.49;2.04:-5.28;2.1:-5.03,2.422483:-7.843254;2.37879:-7.674693;2.348005:-7.5552;2.31582:-7.431717;2.273699:-7.309998;2.187942:-7.21753;2.124933:-7.100847;2.138944:-7.011447;2.051648:-6.894527;1.911283:-6.75421;1.934342:-6.667296;1.877221:-6.56741
sigma3_hotel_seed42,HOTEL:biwi_hotel:107:4430,HOTEL,biwi_hotel,biwi_hotel:107,4430,3,0.7530139088630676,1.471108317375183,0.8403868079185486,0.550604522228241,0.5432369709014893,0.7119187712669373,2.125,3.28:-9.49;3.3:-9.35;3.3:-9.16;3.28:-8.91;3.25:-8.71;3.23:-8.45;3.22:-8.29;3.09:-7.98,3.13:-7.79;3.12:-7.59;3.01:-7.33;2.96:-7.11;2.86:-6.81;2.8:-6.56;2.78:-6.34;2.81:-6.18;2.74:-5.89;2.68:-5.64;2.71:-5.34;2.7:-5.13,2.965167:-7.711211;2.814713:-7.484887;2.663292:-7.313755;2.548991:-7.145465;2.425032:-6.963153;2.248586:-6.83768;2.072049:-6.690873;2.023127:-6.541215;1.849823:-6.387083;1.623773:-6.220809;1.594762:-6.08365;1.473713:-5.942638
sigma3_hotel_seed42,HOTEL:biwi_hotel:104:4440,HOTEL,biwi_hotel,biwi_hotel:104,4440,3,0.10745874792337418,0.21226489543914795,0.05000000074505806,0.014285714365541935,0.0625,3.1415927410125732,2.5,1.34:-9.22;1.34:-9.22;1.34:-9.22;1.34:-9.22;1.34:-9.2;1.34:-9.2;1.34:-9.2;1.34:-9.22,1.34:-9.22;1.34:-9.22;1.34:-9.22;1.34:-9.22;1.34:-9.22;1.34:-9.22;1.34:-9.22;1.34:-9.2;1.32:-9.2;1.3:-9.18;1.29:-9.16;1.27:-9.16,1.326634:-9.238369;1.32387:-9.255424;1.31356:-9.259493;1.296492:-9.274031;1.288207:-9.2843;1.291103:-9.28521;1.281631:-9.313914;1.281093:-9.312973;1.286898:-9.337257;1.276334:-9.339645;1.270364:-9.353071;1.265076:-9.372208
sigma3_hotel_seed42,HOTEL:biwi_hotel:105:4440,HOTEL,biwi_hotel,biwi_hotel:105,4440,3,0.04110557958483696,0.060709454119205475,0.0,0.0,0.0,0.0,2.625,1.37:-8.27;1.37:-8.27;1.37:-8.27;1.37:-8.27;1.37:-8.27;1.37:-8.27;1.37:-8.27;1.37:-8.27,1.37:-8.27;1.37:-8.27;1.37:-8.27;1.37:-8.27;1.37:-8.27;1.37:-8.27;1.37:-8.27;1.37:-8.27;1.37:-8.27;1.37:-8.27;1.37:-8.27;1.37:-8.27,1.359245:-8.273807;1.355387:-8.28134;1.34687:-8.282432;1.334853:-8.283294;1.329784:-8.285872;1.325918:-8.279373;1.325316:-8.292316;1.334421:-8.294169;1.335026:-8.305278;1.33524:-8.306594;1.334211:-8.314889;1.350774:-8.327585
sigma3_hotel_seed42,HOTEL:biwi_hotel:106:4440,HOTEL,biwi_hotel,biwi_hotel:106,4440,3,0.8317573666572571,1.703900694847107,0.6828250288963318,0.5819112062454224,0.4595906734466553,1.1953283548355103,3.0,2.62:-9.36;2.61:-9.17;2.53:-8.93;2.48:-8.74;2.49:-8.47;2.51:-8.26;2.46:-8.03;2.35:-7.78,2.3:-7.57;2.29:-7.32;2.29:-7.11;2.19:-6.82;2.05:-6.54;2.1:-6.27;2.15:-6.07;2.11:-5.76;2.03:-5.49;2.04:-5.28;2.1:-5.03;2.12:-4.83,2.239796:-7.560601;2.111997:-7.366555;1.996868:-7.220178;1.893585:-7.084461;1.786839:-6.933413;1.634061:-6.825883;1.496715:-6.698684;1.45036:-6.583214;1.301316:-6.4601;1.097526:-6.302514;1.070207:-6.198835;0.9608333:-6.078844
sigma3_hotel_seed42,HOTEL:biwi_hotel:107:4440,HOTEL,biwi_hotel,biwi_hotel:107,4440,3,0.8912302851676941,1.667364239692688,0.48541221022605896,0.5694414377212524,0.7038983106613159,1.1745973825454712,2.125,3.3:-9.35;3.3:-9.16;3.28:-8.91;3.25:-8.71;3.23:-8.45;3.22:-8.29;3.09:-7.98;3.13:-7.79,3.12:-7.59;3.01:-7.33;2.96:-7.11;2.86:-6.81;2.8:-6.56;2.78:-6.34;2.81:-6.18;2.74:-5.89;2.68:-5.64;2.71:-5.34;2.7:-5.13;2.71:-4.91,3.150744:-7.62963;3.154372:-7.475941;3.189002:-7.383728;3.203782:-7.26925;3.219984:-7.1757;3.177289:-7.089406;3.173265:-6.974741;3.240927:-6.915954;3.201175:-6.807512;3.109009:-6.680096;3.17363:-6.611705;3.159837:-6.515537
sigma3_hotel_seed42,HOTEL:biwi_hotel:104:4450,HOTEL,biwi_hotel,biwi_hotel:104,4450,3,0.0869407132267952,0.15612652897834778,0.0,0.014285714365541935,0.0833333358168602,3.1415927410125732,2.375,1.34:-9.22;1.34:-9.22;1.34:-9.22;1.34:-9.2;1.34:-9.2;1.34:-9.2;1.34:-9.22;1.34:-9.22,1.34:-9.22;1.34:-9.22;1.34:-9.22;1.34:-9.22;1.34:-9.22;1.34:-9.22;1.34:-9.2;1.32:-9.2;1.3:-9.18;1.29:-9.16;1.27:-9.16;1.21:-9.24,1.329464:-9.232509;1.329558:-9.249286;1.323636:-9.246816;1.317245:-9.253204;1.313413:-9.272153;1.309379:-9.259438;1.297426:-9.293654;1.32009:-9.293446;1.323841:-9.307303;1.319763:-9.313131;1.315505:-9.33182;1.316827:-9.353857
sigma3_hotel_seed42,HOTEL:biwi_hotel:105:4450,HOTEL,biwi_hotel,biwi_hotel:105,4450,3,0.04110557958483696,0.060709454119205475,0.0,0.0,0.0,0.0,2.75,1.37:-8.27;1.37:-8.27;1.37:-8.27;1.37:-8.27;1.37:-8.27;1.37:-8.27;1.37:-8.27;1.37:-8.27,1.37:-8.27;1.37:-8.27;1.37:-8.27;1.37:-8.27;1.37:-8.27;1.37:-8.27;1.37:-8.27;1.37:-8.27;1.37:-8.27;1.37:-8.27;1.37:-8.27;1.37:-8.27,1.359245:-8.273807;1.355387:-8.28134;1.34687:-8.282432;1.334853:-8.283294;1.329784:-8.285872;1.325918:-8.279373;1.325316:-8.292316;1.334421:-8.294169;1.335026:-8.305278;1.33524:-8.306594;1.334211:-8.314889;1.350774:-8.327585
sigma3_hotel_seed42,HOTEL:biwi_hotel:106:4450,HOTEL,biwi_hotel,biwi_hotel:106,4450,3,0.8281185030937195,1.644294261932373,0.5396758317947388,0.5910567045211792,0.44509878754615784,1.1069245338439941,3.0,2.61:-9.17;2.53:-8.93;2.48:-8.74;2.49:-8.47;2.51:-8.26;2.46:-8.03;2.35:-7.78;2.3:-7.57,2.29:-7.32;2.29:-7.11;2.19:-6.82;2.05:-6.54;2.1:-6.27;2.15:-6.07;2.11:-5.76;2.03:-5.49;2.04:-5.28;2.1:-5.03;2.12:-4.83;2.03:-4.55,2.240976:-7.384036;2.179877:-7.217123;2.134848:-7.090732;2.083839:-6.973282;2.022656:-6.848678;1.918015:-6.757271;1.844716:-6.640521;1.83727:-6.553158;1.734046:-6.437911;1.574314:-6.289602;1.584799:-6.205675;1.50809:-6.109267
sigma3_hotel_seed42,HOTEL:biwi_hotel:107:4450,HOTEL,biwi_hotel,biwi_hotel:107,4450,3,0.8733598589897156,1.5797227621078491,0.5006245970726013,0.5731021165847778,0.6911323070526123,1.3522220849990845,2.125,3.3:-9.16;3.28:-8.91;3.25:-8.71;3.23:-8.45;3.22:-8.29;3.09:-7.98;3.13:-7.79;3.12:-7.59,3.01:-7.33;2.96:-7.11;2.86:-6.81;2.8:-6.56;2.78:-6.34;2.81:-6.18;2.74:-5.89;2.68:-5.64;2.71:-5.34;2.7:-5.13;2.71:-4.91;2.69:-4.74,3.099123:-7.430853;3.085184:-7.283127;3.084022:-7.176168;3.070346:-7.070691;3.042426:-6.965214;2.981049:-6.886092;2.947227:-6.782324;2.967323:-6.708523;2.900719:-6.60586;2.780009:-6.471701;2.810768:-6.400513;2.764627:-6.317959
sigma3_hotel_seed42,HOTEL:biwi_hotel:104:4460,HOTEL,biwi_hotel,biwi_hotel:104,4460,3,0.04693440720438957,0.19615140557289124,0.0,0.014285714365541935,0.0833333358168602,3.1415927410125732,2.125,1.34:-9.22;1.34:-9.22;1.34:-9.2;1.34:-9.2;1.34:-9.2;1.34:-9.22;1.34:-9.22;1.34:-9.22,1.34:-9.22;1.34:-9.22;1.34:-9.22;1.34:-9.22;1.34:-9.22;1.34:-9.2;1.32:-9.2;1.3:-9.18;1.29:-9.16;1.27:-9.16;1.21:-9.24;1.14:-9.23,1.336625:-9.21831;1.336618:-9.216969;1.332258:-9.219413;1.326385:-9.216946;1.322844:-9.210137;1.324962:-9.211164;1.326383:-9.20892;1.322447:-9.206132;1.323309:-9.21005;1.323544:-9.207597;1.32579:-9.203753;1.3348:-9.207012
sigma3_hotel_seed42,HOTEL:biwi_hotel:105:4460,HOTEL,biwi_hotel,biwi_hotel:105,4460,3,0.04110557958483696,0.060709454119205475,0.0,0.0,0.0,0.0,2.875,1.37:-8.27;1.37:-8.27;1.37:-8.27;1.37:-8.27;1.37:-8.27;1.37:-8.27;1.37:-8.27;1.37:-8.27,1.37:-8.27;1.37:-8.27;1.37:-8.27;1.37:-8.27;1.37:-8.27;1.37:-8.27;1.37:-8.27;1.37:-8.27;1.37:-8.27;1.37:-8.27;1.37:-8.27;1.37:-8.27,1.359245:-8.273807;1.355387:-8.28134;1.34687:-8.282432;1.334853:-8.283294;1.329784:-8.285872;1.325918:-8.279373;1.325316:-8.292316;1.334421:-8.294169;1.335026:-8.305278;1.33524:-8.306594;1.334211:-8.314889;1.350774:-8.327585
sigma3_hotel_seed42,HOTEL:biwi_hotel:106:4460,HOTEL,biwi_hotel,biwi_hotel:106,4460,3,0.7463380694389343,1.4487707614898682,0.6254997849464417,0.5900630354881287,0.4432852566242218,1.2362622022628784,2.875,2.53:-8.93;2.48:-8.74;2.49:-8.47;2.51:-8.26;2.46:-8.03;2.35:-7.78;2.3:-7.57;2.29:-7.32,2.29:-7.11;2.19:-6.82;2.05:-6.54;2.1:-6.27;2.15:-6.07;2.11:-5.76;2.03:-5.49;2.04:-5.28;2.1:-5.03;2.12:-4.83;2.03:-4.55;1.98:-4.34,2.25038:-7.117691;2.190523:-6.935521;2.147737:-6.812259;2.10869:-6.67737;2.066682:-6.547997;1.971011:-6.446897;1.895545:-6.321096;1.913218:-6.224501;1.819489:-6.100295;1.673529:-5.958258;1.697485:-5.86248;1.640008:-5.748312
sigma3_hotel_seed42,HOTEL:biwi_hotel:107:4460,HOTEL,biwi_hotel,biwi_hotel:107,4460,3,0.7368493676185608,1.4936996698379517,0.7057797312736511,0.5843568444252014,0.7594956755638123,1.6334443092346191,2.125,3.28:-8.91;3.25:-8.71;3.23:-8.45;3.22:-8.29;3.09:-7.98;3.13:-7.79;3.12:-7.59;3.01:-7.33,2.96:-7.11;2.86:-6.81;2.8:-6.56;2.78:-6.34;2.81:-6.18;2.74:-5.89;2.68:-5.64;2.71:-5.34;2.7:-5.13;2.71:-4.91;2.69:-4.74;2.68:-4.5,2.91095:-7.114974;2.794247:-6.923668;2.689835:-6.78231;2.596729:-6.647129;2.500113:-6.500473;2.358093:-6.394291;2.229573:-6.26875;2.193457:-6.156077;2.053817:-6.034608;1.860256:-5.880689;1.839484:-5.778978;1.739594:-5.660506
sigma3_hotel_seed42,HOTEL:biwi_hotel:104:4470,HOTEL,biwi_hotel,biwi_hotel:104,4470,3,0.07301359623670578,0.25297772884368896,0.0,0.014285714365541935,0.0625,3.1415927410125732,1.875,1.34:-9.22;1.34:-9.2;1.34:-9.2;1.34:-9.2;1.34:-9.22;1.34:-9.22;1.34:-9.22;1.34:-9.22,1.34:-9.22;1.34:-9.22;1.34:-9.22;1.34:-9.22;1.34:-9.2;1.32:-9.2;1.3:-9.18;1.29:-9.16;1.27:-9.16;1.21:-9.24;1.14:-9.23;1.11:-9.23,1.337968:-9.21962;1.337357:-9.219183;1.334483:-9.2212;1.330602:-9.220011;1.330549:-9.216124;1.333328:-9.215035;1.336693:-9.21374;1.338887:-9.214656;1.342307:-9.220362;1.344928:-9.216656;1.349816:-9.216883;1.362852:-9.22202
sigma3_hotel_seed42,HOTEL:biwi_hotel:105:4470,HOTEL,biwi_hotel,biwi_hotel:105,4470,3,0.04110557958483696,0.060709454119205475,0.0,0.0,0.0,0.0,3.0,1.37:-8.27;1.37:-8.27;1.37:-8.27;1.37:-8.27;1.37:-8.27;1.37:-8.27;1.37:-8.27;1.37:-8.27,1.37:-8.27;1.37:-8.27;1.37:-8.27;1.37:-8.27;1.37:-8.27;1.37:-8.27;1.37:-8.27;1.37:-8.27;1.37:-8.27;1.37:-8.27;1.37:-8.27;1.37:-8.27,1.359245:-8.273807;1.355387:-8.28134;1.34687:-8.282432;1.334853:-8.283294;1.329784:-8.285872;1.325918:-8.279373;1.325316:-8.292316;1.334421:-8.294169;1.335026:-8.305278;1.33524:-8.306594;1.334211:-8.314889;1.350774:-8.327585
sigma3_hotel_seed42,HOTEL:biwi_hotel:106:4470,HOTEL,biwi_hotel,biwi_hotel:106,4470,3,0.9269022345542908,1.6511869430541992,0.5249999761581421,0.594895601272583,0.38206762075424194,0.9818970561027527,2.75,2.48:-8.74;2.49:-8.47;2.51:-8.26;2.46:-8.03;2.35:-7.78;2.3:-7.57;2.29:-7.32;2.29:-7.11,2.19:-6.82;2.05:-6.54;2.1:-6.27;2.15:-6.07;2.11:-5.76;2.03:-5.49;2.04:-5.28;2.1:-5.03;2.12:-4.83;2.03:-4.55;1.98:-4.34;2.02:-4.14,2.283686:-6.943773;2.268134:-6.787742;2.275321:-6.685063;2.268706:-6.571214;2.257731:-6.467537;2.197945:-6.381475;2.170137:-6.269217;2.210292:-6.199104;2.15061:-6.0911;2.037823:-5.958566;2.081747:-5.885277;2.047635:-5.790956
sigma3_hotel_seed42,HOTEL:biwi_hotel:107:4470,HOTEL,biwi_hotel,biwi_hotel:107,4470,3,0.720527172088623,1.392804503440857,0.5640257000923157,0.5927042365074158,0.7712492346763611,1.7380902767181396,2.125,3.25:-8.71;3.23:-8.45;3.22:-8.29;3.09:-7.98;3.13:-7.79;3.12:-7.59;3.01:-7.33;2.96:-7.11,2.86:-6.81;2.8:-6.56;2.78:-6.34;2.81:-6.18;2.74:-5.89;2.68:-5.64;2.71:-5.34;2.7:-5.13;2.71:-4.91;2.69:-4.74;2.68:-4.5;2.65:-4.24,2.932546:-6.918809;2.90099:-6.749151;2.881511:-6.628054;2.860814:-6.5007;2.826997:-6.378822;2.745652:-6.285193;2.691451:-6.164814;2.717018:-6.076558;2.634857:-5.951774;2.499262:-5.810362;2.533697:-5.721005;2.481704:-5.622599
sigma3_hotel_seed42,HOTEL:biwi_hotel:104:4480,HOTEL,biwi_hotel,biwi_hotel:104,4480,3,0.16801698505878448,0.38610246777534485,0.0,0.0071428571827709675,0.0416666679084301,0.0,1.625,1.34:-9.2;1.34:-9.2;1.34:-9.2;1.34:-9.22;1.34:-9.22;1.34:-9.22;1.34:-9.22;1.34:-9.22,1.34:-9.22;1.34:-9.22;1.34:-9.22;1.34:-9.2;1.32:-9.2;1.3:-9.18;1.29:-9.16;1.27:-9.16;1.21:-9.24;1.14:-9.23;1.11:-9.23;1.09:-9.23,1.340266:-9.23595;1.355559:-9.253633;1.360799:-9.25299;1.363803:-9.264928;1.368282:-9.275897;1.383882:-9.272746;1.388547:-9.303675;1.407427:-9.301476;1.424123:-9.322642;1.432036:-9.325457;1.43746:-9.340856;1.452382:-9.363245
sigma3_hotel_seed42,HOTEL:biwi_hotel:105:4480,HOTEL,biwi_hotel,biwi_hotel:105,4480,3,0.04110557958483696,0.060709454119205475,0.0,0.0,0.0,0.0,2.875,1.37:-8.27;1.37:-8.27;1.37:-8.27;1.37:-8.27;1.37:-8.27;1.37:-8.27;1.37:-8.27;1.37:-8.27,1.37:-8.27;1.37:-8.27;1.37:-8.27;1.37:-8.27;1.37:-8.27;1.37:-8.27;1.37:-8.27;1.37:-8.27;1.37:-8.27;1.37:-8.27;1.37:-8.27;1.37:-8.27,1.359245:-8.273807;1.355387:-8.28134;1.34687:-8.282432;1.334853:-8.283294;1.329784:-8.285872;1.325918:-8.279373;1.325316:-8.292316;1.334421:-8.294169;1.335026:-8.305278;1.33524:-8.306594;1.334211:-8.314889;1.350774:-8.327585
sigma3_hotel_seed42,HOTEL:biwi_hotel:106:4480,HOTEL,biwi_hotel,biwi_hotel:106,4480,3,0.7529452443122864,1.425005316734314,0.7668930888175964,0.6079570651054382,0.4521039128303528,1.256024956703186,2.625,2.49:-8.47;2.51:-8.26;2.46:-8.03;2.35:-7.78;2.3:-7.57;2.29:-7.32;2.29:-7.11;2.19:-6.82,2.05:-6.54;2.1:-6.27;2.15:-6.07;2.11:-5.76;2.03:-5.49;2.04:-5.28;2.1:-5.03;2.12:-4.83;2.03:-4.55;1.98:-4.34;2.02:-4.14;2.05:-3.98,2.105406:-6.577604;1.998645:-6.369191;1.895009:-6.218747;1.817473:-6.061895;1.731004:-5.901425;1.593372:-5.785828;1.460252:-5.648323;1.444088:-5.518446;1.30727:-5.375228;1.119304:-5.221346;1.114675:-5.099557;1.024936:-4.969891
sigma3_hotel_seed42,HOTEL:biwi_hotel:107:4480,HOTEL,biwi_hotel,biwi_hotel:107,4480,3,0.7682523727416992,1.4764037132263184,0.7905694246292114,0.6125112771987915,0.7648336887359619,1.8220112323760986,1.875,3.23:-8.45;3.22:-8.29;3.09:-7.98;3.13:-7.79;3.12:-7.59;3.01:-7.33;2.96:-7.11;2.86:-6.81,2.8:-6.56;2.78:-6.34;2.81:-6.18;2.74:-5.89;2.68:-5.64;2.71:-5.34;2.7:-5.13;2.71:-4.91;2.69:-4.74;2.68:-4.5;2.65:-4.24;2.65:-4.07,2.747736:-6.547884;2.608944:-6.325435;2.470225:-6.160855;2.366645:-5.99465;2.254541:-5.81815;2.090301:-5.694833;1.924813:-5.550346;1.88656:-5.405101;1.724415:-5.254415;1.510249:-5.092426;1.48838:-4.958691;1.377818:-4.819214
sigma3_hotel_seed42,HOTEL:biwi_hotel:104:4490,HOTEL,biwi_hotel,biwi_hotel:104,4490,3,0.13163240253925323,0.2760971486568451,0.0,0.0071428571827709675,0.0416666679084301,0.0,1.5,1.34:-9.2;1.34:-9.2;1.34:-9.22;1.34:-9.22;1.34:-9.22;1.34:-9.22;1.34:-9.22;1.34:-9.22,1.34:-9.22;1.34:-9.22;1.34:-9.2;1.32:-9.2;1.3:-9.18;1.29:-9.16;1.27:-9.16;1.21:-9.24;1.14:-9.23;1.11:-9.23;1.09:-9.23;1.13:-9.19,1.334119:-9.228374;1.337595:-9.239626;1.334358:-9.240479;1.328278:-9.244707;1.327776:-9.250793;1.332145:-9.244672;1.333227:-9.264626;1.347851:-9.264639;1.355228:-9.279903;1.359474:-9.282514;1.36103:-9.293453;1.378903:-9.309486
sigma3_hotel_seed42,HOTEL:biwi_hotel:105:4490,HOTEL,biwi_hotel,biwi_hotel:105,4490,3,0.04110555350780487,0.060709454119205475,0.0,0.0,0.0,0.0,2.75,1.37:-8.27;1.37:-8.27;1.37:-8.27;1.37:-8.27;1.37:-8.27;1.37:-8.27;1.37:-8.27;1.37:-8.27,1.37:-8.27;1.37:-8.27;1.37:-8.27;1.37:-8.27;1.37:-8.27;1.37:-8.27;1.37:-8.27;1.37:-8.27;1.37:-8.27;1.37:-8.27;1.37:-8.27;1.37:-8.27,1.359245:-8.273807;1.355387:-8.28134;1.34687:-8.282432;1.334853:-8.283294;1.329784:-8.285872;1.325918:-8.279373;1.325316:-8.292316;1.334421:-8.294169;1.335026:-8.305278;1.33524:-8.306594;1.334211:-8.314889;1.350774:-8.327585
sigma3_hotel_seed42,HOTEL:biwi_hotel:106:4490,HOTEL,biwi_hotel,biwi_hotel:106,4490,3,1.1168187856674194,1.9383870363235474,0.7826237678527832,0.6444211006164551,0.4192184507846832,1.0786006450653076,2.5,2.51:-8.26;2.46:-8.03;2.35:-7.78;2.3:-7.57;2.29:-7.32;2.29:-7.11;2.19:-6.82;2.05:-6.54,2.1:-6.27;2.15:-6.07;2.11:-5.76;2.03:-5.49;2.04:-5.28;2.1:-5.03;2.12:-4.83;2.03:-4.55;1.98:-4.34;2.02:-4.14;2.05:-3.98;1.97:-3.74,1.901999:-6.279278;1.730522:-6.057302;1.559768:-5.885574;1.423093:-5.725881;1.279109:-5.54447;1.08838:-5.421361;0.8973278:-5.280443;0.8246013:-5.13243;0.6371818:-4.989102;0.3961511:-4.820671;0.34618:-4.690059;0.2098155:-4.551847
sigma3_hotel_seed42,HOTEL:biwi_hotel:107:4490,HOTEL,biwi_hotel,biwi_hotel:107,4490,3,0.6682936549186707,1.296140432357788,0.6427479982376099,0.6470780372619629,0.631435215473175,1.5735561847686768,1.75,3.22:-8.29;3.09:-7.98;3.13:-7.79;3.12:-7.59;3.01:-7.33;2.96:-7.11;2.86:-6.81;2.8:-6.56,2.78:-6.34;2.81:-6.18;2.74:-5.89;2.68:-5.64;2.71:-5.34;2.7:-5.13;2.71:-4.91;2.69:-4.74;2.68:-4.5;2.65:-4.24;2.65:-4.07;2.58:-3.83,2.734167:-6.347558;2.650296:-6.158428;2.575152:-6.025908;2.513497:-5.886446;2.445824:-5.74589;2.33253:-5.641294;2.22739:-5.516125;2.22201:-5.405241;2.107605:-5.280521;1.94187:-5.13527;1.944073:-5.032018;1.870109:-4.914452
sigma3_hotel_seed42,HOTEL:biwi_hotel:104:4500,HOTEL,biwi_hotel,biwi_hotel:104,4500,3,0.12726961076259613,0.2051839977502823,0.0,0.0071428571827709675,0.02083333395421505,0.0,1.375,1.34:-9.2;1.34:-9.22;1.34:-9.22;1.34:-9.22;1.34:-9.22;1.34:-9.22;1.34:-9.22;1.34:-9.22,1.34:-9.22;1.34:-9.2;1.32:-9.2;1.3:-9.18;1.29:-9.16;1.27:-9.16;1.21:-9.24;1.14:-9.23;1.11:-9.23;1.09:-9.23;1.13:-9.19;1.2:-9.12,1.337681:-9.219609;1.337575:-9.219423;1.334895:-9.221404;1.330041:-9.220537;1.330811:-9.215806;1.334689:-9.214272;1.340221:-9.212599;1.344536:-9.214955;1.349187:-9.222657;1.351781:-9.216994;1.3587:-9.21836;1.376256:-9.225044
sigma3_hotel_seed42,HOTEL:biwi_hotel:105:4500,HOTEL,biwi_hotel,biwi_hotel:105,4500,3,0.04110555350780487,0.060709454119205475,0.0,0.0,0.0,0.0,2.5,1.37:-8.27;1.37:-8.27;1.37:-8.27;1.37:-8.27;1.37:-8.27;1.37:-8.27;1.37:-8.27;1.37:-8.27,1.37:-8.27;1.37:-8.27;1.37:-8.27;1.37:-8.27;1.37:-8.27;1.37:-8.27;1.37:-8.27;1.37:-8.27;1.37:-8.27;1.37:-8.27;1.37:-8.27;1.37:-8.27,1.359245:-8.273807;1.355387:-8.28134;1.34687:-8.282432;1.334853:-8.283294;1.329784:-8.285872;1.325918:-8.279373;1.325316:-8.292316;1.334421:-8.294169;1.335026:-8.305278;1.33524:-8.306594;1.334211:-8.314889;1.350774:-8.327585
sigma3_hotel_seed42,HOTEL:biwi_hotel:106:4500,HOTEL,biwi_hotel,biwi_hotel:106,4500,3,0.5761186480522156,1.099069595336914,0.6864765286445618,0.6584277153015137,0.55152827501297,1.52491295337677,2.25,2.46:-8.03;2.35:-7.78;2.3:-7.57;2.29:-7.32;2.29:-7.11;2.19:-6.82;2.05:-6.54;2.1:-6.27,2.15:-6.07;2.11:-5.76;2.03:-5.49;2.04:-5.28;2.1:-5.03;2.12:-4.83;2.03:-4.55;1.98:-4.34;2.02:-4.14;2.05:-3.98;1.97:-3.74;1.85:-3.51,2.111458:-6.052604;2.092253:-5.85962;2.084884:-5.74365;2.092083:-5.588092;2.095084:-5.458766;2.035098:-5.351033;1.98437:-5.215822;2.056037:-5.112682;1.995016:-4.971353;1.88692:-4.840365;1.950055:-4.730786;1.93296:-4.605934
sigma3_hotel_seed42,HOTEL:biwi_hotel:107:4500,HOTEL,biwi_hotel,biwi_hotel:107,4500,3,0.671048641204834,1.3118858337402344,0.5522680282592773,0.6059182286262512,0.4667617976665497,1.113865613937378,1.625,3.09:-7.98;3.13:-7.79;3.12:-7.59;3.01:-7.33;2.96:-7.11;2.86:-6.81;2.8:-6.56;2.78:-6.34,2.81:-6.18;2.74:-5.89;2.68:-5.64;2.71:-5.34;2.7:-5.13;2.71:-4.91;2.69:-4.74;2.68:-4.5;2.65:-4.24;2.65:-4.07;2.58:-3.83;2.49:-3.6,2.760666:-6.157146;2.739382:-5.992494;2.726097:-5.877933;2.712992:-5.753894;2.685627:-5.636165;2.618364:-5.546547;2.569626:-5.432512;2.599009:-5.343803;2.526592:-5.226118;2.402733:-5.091272;2.437431:-5.004302;2.394516:-4.908406
sigma3_hotel_seed42,HOTEL:biwi_hotel:104:4510,HOTEL,biwi_hotel,biwi_hotel:104,4510,3,0.11256013065576553,0.061668895184993744,0.0,0.0,0.0,0.0,1.25,1.34:-9.22;1.34:-9.22;1.34:-9.22;1.34:-9.22;1.34:-9.22;1.34:-9.22;1.34:-9.22;1.34:-9.22,1.34:-9.2;1.32:-9.2;1.3:-9.18;1.29:-9.16;1.27:-9.16;1.21:-9.24;1.14:-9.23;1.11:-9.23;1.09:-9.23;1.13:-9.19;1.2:-9.12;1.36:-9.23,1.329245:-9.223806;1.325387:-9.231339;1.31687:-9.232431;1.304853:-9.233294;1.299784:-9.235872;1.295918:-9.229373;1.295316:-9.242316;1.304421:-9.244169;1.305026:-9.255278;1.30524:-9.256594;1.304211:-9.264889;1.320774:-9.277585
sigma3_hotel_seed42,HOTEL:biwi_hotel:105:4510,HOTEL,biwi_hotel,biwi_hotel:105,4510,3,0.04110560938715935,0.06070949137210846,0.0,0.0,0.0,0.0,2.25,1.37:-8.27;1.37:-8.27;1.37:-8.27;1.37:-8.27;1.37:-8.27;1.37:-8.27;1.37:-8.27;1.37:-8.27,1.37:-8.27;1.37:-8.27;1.37:-8.27;1.37:-8.27;1.37:-8.27;1.37:-8.27;1.37:-8.27;1.37:-8.27;1.37:-8.27;1.37:-8.27;1.37:-8.27;1.37:-8.27,1.359245:-8.273807;1.355387:-8.28134;1.34687:-8.282432;1.334853:-8.283294;1.329784:-8.285872;1.325918:-8.279373;1.325316:-8.292316;1.334421:-8.294169;1.335026:-8.305278;1.33524:-8.306594;1.334211:-8.314889;1.350774:-8.327585
sigma3_hotel_seed42,HOTEL:biwi_hotel:106:4510,HOTEL,biwi_hotel,biwi_hotel:106,4510,3,0.8538827896118164,1.5270133018493652,0.5153881907463074,0.6345081925392151,0.5493292808532715,1.4060170650482178,2.0,2.35:-7.78;2.3:-7.57;2.29:-7.32;2.29:-7.11;2.19:-6.82;2.05:-6.54;2.1:-6.27;2.15:-6.07,2.11:-5.76;2.03:-5.49;2.04:-5.28;2.1:-5.03;2.12:-4.83;2.03:-4.55;1.98:-4.34;2.02:-4.14;2.05:-3.98;1.97:-3.74;1.85:-3.51;1.85:-3.31,2.163314:-5.912489;2.168403:-5.762265;2.195481:-5.668106;2.207002:-5.556714;2.213582:-5.460489;2.173364:-5.378126;2.162796:-5.269522;2.218997:-5.204276;2.176484:-5.099758;2.08223:-4.973719;2.137769:-4.904085;2.119442:-4.813054
sigma3_hotel_seed42,HOTEL:biwi_hotel:107:4510,HOTEL,biwi_hotel,biwi_hotel:107,4510,3,1.0029505491256714,1.792505145072937,0.4069705009460449,0.5947123169898987,0.49500375986099243,1.1324187517166138,1.5,3.13:-7.79;3.12:-7.59;3.01:-7.33;2.96:-7.11;2.86:-6.81;2.8:-6.56;2.78:-6.34;2.81:-6.18,2.74:-5.89;2.68:-5.64;2.71:-5.34;2.7:-5.13;2.71:-4.91;2.69:-4.74;2.68:-4.5;2.65:-4.24;2.65:-4.07;2.58:-3.83;2.49:-3.6;2.49:-3.4,2.829872:-6.054002;2.855799:-5.927778;2.91009:-5.844627;2.930612:-5.756466;2.943953:-5.679418;2.916097:-5.610672;2.934546:-5.51438;2.98887:-5.472868;2.959244:-5.383942;2.874486:-5.259014;2.933112:-5.211378;2.916089:-5.141127
sigma3_hotel_seed42,HOTEL:biwi_hotel:104:4520,HOTEL,biwi_hotel,biwi_hotel:104,4520,3,0.16459891200065613,0.2284432351589203,0.05000000074505806,0.0071428571827709675,0.02083333395421505,0.0,1.125,1.34:-9.22;1.34:-9.22;1.34:-9.22;1.34:-9.22;1.34:-9.22;1.34:-9.22;1.34:-9.22;1.34:-9.2,1.32:-9.2;1.3:-9.18;1.29:-9.16;1.27:-9.16;1.21:-9.24;1.14:-9.23;1.11:-9.23;1.09:-9.23;1.13:-9.19;1.2:-9.12;1.36:-9.23;1.4:-9.28,1.332727:-9.183567;1.331886:-9.168221;1.333664:-9.141017;1.322936:-9.11778;1.325803:-9.114289;1.326777:-9.0734;1.316844:-9.089286;1.350203:-9.064043;1.357879:-9.065124;1.354408:-9.053315;1.354497:-9.054938;1.367904:-9.053823
sigma3_hotel_seed42,HOTEL:biwi_hotel:105:4520,HOTEL,biwi_hotel,biwi_hotel:105,4520,3,0.04110557213425636,0.060709454119205475,0.0,0.0,0.0,0.0,2.0,1.37:-8.27;1.37:-8.27;1.37:-8.27;1.37:-8.27;1.37:-8.27;1.37:-8.27;1.37:-8.27;1.37:-8.27,1.37:-8.27;1.37:-8.27;1.37:-8.27;1.37:-8.27;1.37:-8.27;1.37:-8.27;1.37:-8.27;1.37:-8.27;1.37:-8.27;1.37:-8.27;1.37:-8.27;1.37:-8.27,1.359245:-8.273807;1.355387:-8.28134;1.34687:-8.282432;1.334853:-8.283294;1.329784:-8.285872;1.325918:-8.279373;1.325316:-8.292316;1.334421:-8.294169;1.335026:-8.305278;1.33524:-8.306594;1.334211:-8.314889;1.350774:-8.327585
sigma3_hotel_seed42,HOTEL:biwi_hotel:106:4520,HOTEL,biwi_hotel,biwi_hotel:106,4520,3,0.4421818256378174,0.9004184007644653,0.7814249992370605,0.669043779373169,0.6384523510932922,1.5855544805526733,1.75,2.3:-7.57;2.29:-7.32;2.29:-7.11;2.19:-6.82;2.05:-6.54;2.1:-6.27;2.15:-6.07;2.11:-5.76,2.03:-5.49;2.04:-5.28;2.1:-5.03;2.12:-4.83;2.03:-4.55;1.98:-4.34;2.02:-4.14;2.05:-3.98;1.97:-3.74;1.85:-3.51;1.85:-3.31;1.91:-3.08,2.097636:-5.521504;2.065569:-5.319315;2.034931:-5.18337;2.027793:-5.019026;2.004945:-4.872852;1.921829:-4.76045;1.848858:-4.618485;1.901358:-4.500807;1.81675:-4.343187;1.682936:-4.200651;1.736544:-4.078027;1.69675:-3.954802
sigma3_hotel_seed42,HOTEL:biwi_hotel:107:4520,HOTEL,biwi_hotel,biwi_hotel:107,4520,3,0.5905616879463196,1.1569316387176514,0.7458217144012451,0.6297404170036316,0.5443716645240784,1.2043331861495972,1.375,3.12:-7.59;3.01:-7.33;2.96:-7.11;2.86:-6.81;2.8:-6.56;2.78:-6.34;2.81:-6.18;2.74:-5.89,2.68:-5.64;2.71:-5.34;2.7:-5.13;2.71:-4.91;2.69:-4.74;2.68:-4.5;2.65:-4.24;2.65:-4.07;2.58:-3.83;2.49:-3.6;2.49:-3.4;2.53:-3.17,2.680538:-5.656003;2.599134:-5.454172;2.526321:-5.311648;2.471988:-5.15779;2.409354:-5.007523;2.289195:-4.894849;2.183434:-4.756718;2.190597:-4.639376;2.073101:-4.494934;1.903676:-4.343876;1.92008:-4.228271;1.846468:-4.103421
sigma3_hotel_seed42,HOTEL:biwi_hotel:104:4530,HOTEL,biwi_hotel,biwi_hotel:104,4530,3,0.11993580311536789,0.3614441454410553,0.05000000074505806,0.014285714365541935,0.0502961166203022,1.5707963705062866,1.0,1.34:-9.22;1.34:-9.22;1.34:-9.22;1.34:-9.22;1.34:-9.22;1.34:-9.22;1.34:-9.2;1.32:-9.2,1.3:-9.18;1.29:-9.16;1.27:-9.16;1.21:-9.24;1.14:-9.23;1.11:-9.23;1.09:-9.23;1.13:-9.19;1.2:-9.12;1.36:-9.23;1.4:-9.28;1.4:-9.36,1.294667:-9.199741;1.266006:-9.205612;1.236694:-9.215416;1.198807:-9.207909;1.180821:-9.216951;1.149416:-9.206988;1.124986:-9.216372;1.125414:-9.222428;1.108422:-9.223228;1.082586:-9.233397;1.069934:-9.236412;1.057572:-9.244306
sigma3_hotel_seed42,HOTEL:biwi_hotel:105:4530,HOTEL,biwi_hotel,biwi_hotel:105,4530,3,0.04110556095838547,0.060709454119205475,0.0,0.0,0.0,0.0,1.75,1.37:-8.27;1.37:-8.27;1.37:-8.27;1.37:-8.27;1.37:-8.27;1.37:-8.27;1.37:-8.27;1.37:-8.27,1.37:-8.27;1.37:-8.27;1.37:-8.27;1.37:-8.27;1.37:-8.27;1.37:-8.27;1.37:-8.27;1.37:-8.27;1.37:-8.27;1.37:-8.27;1.37:-8.27;1.37:-8.27,1.359245:-8.273807;1.355387:-8.28134;1.34687:-8.282432;1.334853:-8.283294;1.329784:-8.285872;1.325918:-8.279373;1.325316:-8.292316;1.334421:-8.294169;1.335026:-8.305278;1.33524:-8.306594;1.334211:-8.314889;1.350774:-8.327585
sigma3_hotel_seed42,HOTEL:biwi_hotel:106:4530,HOTEL,biwi_hotel,biwi_hotel:106,4530,3,0.5760505199432373,1.0929992198944092,0.7040063738822937,0.6802589893341064,0.6544288992881775,1.705307960510254,1.5,2.29:-7.32;2.29:-7.11;2.19:-6.82;2.05:-6.54;2.1:-6.27;2.15:-6.07;2.11:-5.76;2.03:-5.49,2.04:-5.28;2.1:-5.03;2.12:-4.83;2.03:-4.55;1.98:-4.34;2.02:-4.14;2.05:-3.98;1.97:-3.74;1.85:-3.51;1.85:-3.31;1.91:-3.08;1.94:-2.92,1.970474:-5.248313;1.890687:-5.042328;1.814322:-4.89592;1.76193:-4.736328;1.697614:-4.581245;1.577066:-4.466345;1.466567:-4.32616;1.47538:-4.202355;1.355877:-4.052093;1.185358:-3.900687;1.202592:-3.779174;1.129205:-3.65298
sigma3_hotel_seed42,HOTEL:biwi_hotel:107:4530,HOTEL,biwi_hotel,biwi_hotel:107,4530,3,0.6503638029098511,1.2269906997680664,0.6427479982376099,0.6207359433174133,0.5122050046920776,1.0288729667663574,1.25,3.01:-7.33;2.96:-7.11;2.86:-6.81;2.8:-6.56;2.78:-6.34;2.81:-6.18;2.74:-5.89;2.68:-5.64,2.71:-5.34;2.7:-5.13;2.71:-4.91;2.69:-4.74;2.68:-4.5;2.65:-4.24;2.65:-4.07;2.58:-3.83;2.49:-3.6;2.49:-3.4;2.53:-3.17;2.56:-3.01,2.616045:-5.418914;2.530408:-5.225003;2.461:-5.087136;2.400614:-4.943703;2.336169:-4.801107;2.213046:-4.692391;2.113195:-4.558177;2.113759:-4.451947;1.996019:-4.316626;1.824449:-4.164612;1.836634:-4.05954;1.758815:-3.939305
sigma3_hotel_seed42,HOTEL:biwi_hotel:104:4540,HOTEL,biwi_hotel,biwi_hotel:104,4540,3,0.29366639256477356,0.6834955215454102,0.0707106813788414,0.024387240409851074,0.0711294487118721,2.356194496154785,1.0,1.34:-9.22;1.34:-9.22;1.34:-9.22;1.34:-9.22;1.34:-9.22;1.34:-9.2;1.32:-9.2;1.3:-9.18,1.29:-9.16;1.27:-9.16;1.21:-9.24;1.14:-9.23;1.11:-9.23;1.09:-9.23;1.13:-9.19;1.2:-9.12;1.36:-9.23;1.4:-9.28;1.4:-9.36;1.37:-9.31,1.245765:-9.180924;1.192085:-9.179132;1.142308:-9.1702;1.073542:-9.163434;1.030695:-9.172263;0.9853898:-9.146995;0.9203379:-9.171844;0.9005764:-9.156336;0.8674667:-9.167821;0.8001512:-9.162076;0.7598958:-9.167005;0.70102:-9.169887
sigma3_hotel_seed42,HOTEL:biwi_hotel:105:4540,HOTEL,biwi_hotel,biwi_hotel:105,4540,3,0.04110550880432129,0.06070941686630249,0.0,0.0,0.0,0.0,1.5,1.37:-8.27;1.37:-8.27;1.37:-8.27;1.37:-8.27;1.37:-8.27;1.37:-8.27;1.37:-8.27;1.37:-8.27,1.37:-8.27;1.37:-8.27;1.37:-8.27;1.37:-8.27;1.37:-8.27;1.37:-8.27;1.37:-8.27;1.37:-8.27;1.37:-8.27;1.37:-8.27;1.37:-8.27;1.37:-8.27,1.359245:-8.273807;1.355387:-8.28134;1.34687:-8.282432;1.334853:-8.283294;1.329784:-8.285872;1.325918:-8.279373;1.325316:-8.292316;1.334421:-8.294169;1.335026:-8.305278;1.33524:-8.306594;1.334211:-8.314889;1.350774:-8.327585
sigma3_hotel_seed42,HOTEL:biwi_hotel:106:4540,HOTEL,biwi_hotel,biwi_hotel:106,4540,3,0.6265464425086975,1.229888916015625,0.5255948901176453,0.6803439855575562,0.6337039470672607,1.7088871002197266,1.375,2.29:-7.11;2.19:-6.82;2.05:-6.54;2.1:-6.27;2.15:-6.07;2.11:-5.76;2.03:-5.49;2.04:-5.28,2.1:-5.03;2.12:-4.83;2.03:-4.55;1.98:-4.34;2.02:-4.14;2.05:-3.98;1.97:-3.74;1.85:-3.51;1.85:-3.31;1.91:-3.08;1.94:-2.92;1.89:-2.66,2.015151:-5.098488;1.988044:-4.935025;1.974516:-4.81813;1.955647:-4.698054;1.924473:-4.580526;1.849475:-4.491692;1.801996:-4.375729;1.825138:-4.291696;1.748407:-4.174225;1.617312:-4.034472;1.651711:-3.950205;1.600944:-3.855439
sigma3_hotel_seed42,HOTEL:biwi_hotel:107:4540,HOTEL,biwi_hotel,biwi_hotel:107,4540,3,0.35727664828300476,0.7893825173377991,0.753740668296814,0.6478380560874939,0.5211805105209351,1.265812635421753,1.125,2.96:-7.11;2.86:-6.81;2.8:-6.56;2.78:-6.34;2.81:-6.18;2.74:-5.89;2.68:-5.64;2.71:-5.34,2.7:-5.13;2.71:-4.91;2.69:-4.74;2.68:-4.5;2.65:-4.24;2.65:-4.07;2.58:-3.83;2.49:-3.6;2.49:-3.4;2.53:-3.17;2.56:-3.01;2.51:-2.77,2.717776:-5.105413;2.693181:-4.900755;2.669637:-4.778049;2.675006:-4.608898;2.672019:-4.468004;2.60992:-4.354042;2.540974:-4.215008;2.613122:-4.094645;2.545726:-3.944556;2.434123:-3.814645;2.493439:-3.69122;2.477007:-3.558693
sigma3_hotel_seed42,HOTEL:biwi_hotel:104:4550,HOTEL,biwi_hotel,biwi_hotel:104,4550,3,0.23923474550247192,0.4417797029018402,0.055901698768138885,0.03237319737672806,0.0815461128950119,2.677945137023926,1.0,1.34:-9.22;1.34:-9.22;1.34:-9.22;1.34:-9.22;1.34:-9.2;1.32:-9.2;1.3:-9.18;1.29:-9.16,1.27:-9.16;1.21:-9.24;1.14:-9.23;1.11:-9.23;1.09:-9.23;1.13:-9.19;1.2:-9.12;1.36:-9.23;1.4:-9.28;1.4:-9.36;1.37:-9.31;1.37:-9.32,1.260131:-9.144444;1.232142:-9.131018;1.209028:-9.111389;1.172649:-9.090241;1.153708:-9.088284;1.126958:-9.05281;1.096114:-9.063308;1.106165:-9.046341;1.090072:-9.045073;1.060907:-9.034742;1.043985:-9.035815;1.0331:-9.034224
sigma3_hotel_seed42,HOTEL:biwi_hotel:105:4550,HOTEL,biwi_hotel,biwi_hotel:105,4550,3,0.0089941481128335,0.016451742500066757,0.0,0.0,0.0,0.0,1.25,1.37:-8.27;1.37:-8.27;1.37:-8.27;1.37:-8.27;1.37:-8.27;1.37:-8.27;1.37:-8.27;1.37:-8.27,1.37:-8.27;1.37:-8.27;1.37:-8.27;1.37:-8.27;1.37:-8.27;1.37:-8.27;1.37:-8.27;1.37:-8.27;1.37:-8.27;1.37:-8.27;1.37:-8.27;1.37:-8.27,1.366945:-8.26988;1.36784:-8.268909;1.364358:-8.26975;1.358788:-8.26871;1.357501:-8.26293;1.363357:-8.262076;1.365282:-8.261058;1.36542:-8.259551;1.370112:-8.267335;1.369736:-8.260874;1.374612:-8.25996;1.386084:-8.26654
sigma3_hotel_seed42,HOTEL:biwi_hotel:106:4550,HOTEL,biwi_hotel,biwi_hotel:106,4550,3,0.5974332690238953,1.1939034461975098,0.6427479982376099,0.6626089811325073,0.6574541926383972,1.7652608156204224,1.25,2.19:-6.82;2.05:-6.54;2.1:-6.27;2.15:-6.07;2.11:-5.76;2.03:-5.49;2.04:-5.28;2.1:-5.03,2.12:-4.83;2.03:-4.55;1.98:-4.34;2.02:-4.14;2.05:-3.98;1.97:-3.74;1.85:-3.51;1.85:-3.31;1.91:-3.08;1.94:-2.92;1.89:-2.66;1.83:-2.43,2.128006:-4.843647;2.133179:-4.67192;2.155345:-4.57221;2.177962:-4.436072;2.197208:-4.326671;2.159882:-4.231293;2.13869:-4.108935;2.218086:-4.026028;2.178027:-3.902587;2.089869:-3.778532;2.15949:-3.688497;2.154882:-3.57885
sigma3_hotel_seed42,HOTEL:biwi_hotel:107:4550,HOTEL,biwi_hotel,biwi_hotel:107,4550,3,0.6296330690383911,1.2829900979995728,0.5255948901176453,0.6099845767021179,0.5570735931396484,1.3268587589263916,1.0,2.86:-6.81;2.8:-6.56;2.78:-6.34;2.81:-6.18;2.74:-5.89;2.68:-5.64;2.71:-5.34;2.7:-5.13,2.71:-4.91;2.69:-4.74;2.68:-4.5;2.65:-4.24;2.65:-4.07;2.58:-3.83;2.49:-3.6;2.49:-3.4;2.53:-3.17;2.56:-3.01;2.51:-2.77;2.45:-2.53,2.662639:-4.959419;2.617256:-4.799345;2.589636:-4.689275;2.554316:-4.576039;2.514402:-4.463451;2.434405:-4.375878;2.376344:-4.266569;2.386694:-4.185462;2.304671:-4.082761;2.169638:-3.946747;2.186976:-3.870169;2.132717:-3.773139
sigma3_hotel_seed42,HOTEL:biwi_hotel:104:4560,HOTEL,biwi_hotel,biwi_hotel:104,4560,3,0.32385149598121643,0.6253516674041748,0.05000000074505806,0.03951605409383774,0.10483849048614502,3.7850937843322754,1.0,1.34:-9.22;1.34:-9.22;1.34:-9.22;1.34:-9.2;1.32:-9.2;1.3:-9.18;1.29:-9.16;1.27:-9.16,1.21:-9.24;1.14:-9.23;1.11:-9.23;1.09:-9.23;1.13:-9.19;1.2:-9.12;1.36:-9.23;1.4:-9.28;1.4:-9.36;1.37:-9.31;1.37:-9.32;1.32:-9.34,1.222125:-9.171838;1.170477:-9.184412;1.120403:-9.195348;1.066119:-9.198828;1.025151:-9.226843;0.9692252:-9.215735;0.9080595:-9.24846;0.8938914:-9.253235;0.8553429:-9.259203;0.7984846:-9.272573;0.7561927:-9.288949;0.6960179:-9.298635
sigma3_hotel_seed42,HOTEL:biwi_hotel:105:4560,HOTEL,biwi_hotel,biwi_hotel:105,4560,3,0.00764688104391098,0.018526537343859673,0.0,0.0,0.0,0.0,1.125,1.37:-8.27;1.37:-8.27;1.37:-8.27;1.37:-8.27;1.37:-8.27;1.37:-8.27;1.37:-8.27;1.37:-8.27,1.37:-8.27;1.37:-8.27;1.37:-8.27;1.37:-8.27;1.37:-8.27;1.37:-8.27;1.37:-8.27;1.37:-8.27;1.37:-8.27;1.37:-8.27;1.37:-8.27;1.37:-8.27,1.367735:-8.270299;1.367768:-8.26896;1.36504:-8.269511;1.361309:-8.269275;1.360919:-8.264951;1.366107:-8.263951;1.368067:-8.262873;1.368668:-8.262486;1.373391:-8.269725;1.373864:-8.263064;1.378616:-8.263421;1.388513:-8.269285
sigma3_hotel_seed42,HOTEL:biwi_hotel:106:4560,HOTEL,biwi_hotel,biwi_hotel:106,4560,3,0.8306689262390137,1.5259010791778564,0.5024937987327576,0.6225904226303101,0.525962769985199,1.2543786764144897,1.125,2.05:-6.54;2.1:-6.27;2.15:-6.07;2.11:-5.76;2.03:-5.49;2.04:-5.28;2.1:-5.03;2.12:-4.83,2.03:-4.55;1.98:-4.34;2.02:-4.14;2.05:-3.98;1.97:-3.74;1.85:-3.51;1.85:-3.31;1.91:-3.08;1.94:-2.92;1.89:-2.66;1.83:-2.43;1.87:-2.2,2.16502:-4.67716;2.208972:-4.534089;2.275831:-4.444311;2.320938:-4.333627;2.355091:-4.245892;2.336941:-4.167174;2.360592:-4.056244;2.446306:-4.002311;2.426561:-3.889275;2.353606:-3.764385;2.438628:-3.697821;2.438297:-3.616126
sigma3_hotel_seed42,HOTEL:biwi_hotel:107:4560,HOTEL,biwi_hotel,biwi_hotel:107,4560,3,0.7220246195793152,1.4017119407653809,0.5505678653717041,0.5968159437179565,0.5282825827598572,1.274980068206787,1.0,2.8:-6.56;2.78:-6.34;2.81:-6.18;2.74:-5.89;2.68:-5.64;2.71:-5.34;2.7:-5.13;2.71:-4.91,2.69:-4.74;2.68:-4.5;2.65:-4.24;2.65:-4.07;2.58:-3.83;2.49:-3.6;2.49:-3.4;2.53:-3.17;2.56:-3.01;2.51:-2.77;2.45:-2.53;2.47:-2.3,2.749145:-4.746179;2.782779:-4.594417;2.834654:-4.500816;2.87345:-4.381695;2.901537:-4.286298;2.8785:-4.202793;2.887017:-4.089297;2.96986:-4.024301;2.943528:-3.90756;2.866142:-3.78353;2.945243:-3.708611;2.943587:-3.619285
sigma3_hotel_seed42,HOTEL:biwi_hotel:104:4570,HOTEL,biwi_hotel,biwi_hotel:104,4570,3,0.6071937680244446,1.0588617324829102,0.25,0.07523033767938614,0.1980079859495163,4.71238899230957,1.0,1.34:-9.22;1.34:-9.22;1.34:-9.2;1.32:-9.2;1.3:-9.18;1.29:-9.16;1.27:-9.16;1.21:-9.24,1.14:-9.23;1.11:-9.23;1.09:-9.23;1.13:-9.19;1.2:-9.12;1.36:-9.23;1.4:-9.28;1.4:-9.36;1.37:-9.31;1.37:-9.32;1.32:-9.34;1.39:-9.34,1.168423:-9.321887;1.120583:-9.401352;1.078798:-9.475994;1.032822:-9.572865;0.9900708:-9.636657;0.9283322:-9.709845;0.8745695:-9.769112;0.8397603:-9.841355;0.7831416:-9.9002;0.6823375:-9.914989;0.6573699:-9.974042;0.5676605:-10.00704
sigma3_hotel_seed42,HOTEL:biwi_hotel:105:4570,HOTEL,biwi_hotel,biwi_hotel:105,4570,3,0.01531334687024355,0.08015824854373932,0.0,0.0,0.0,0.0,1.0,1.37:-8.27;1.37:-8.27;1.37:-8.27;1.37:-8.27;1.37:-8.27;1.37:-8.27;1.37:-8.27;1.37:-8.27,1.37:-8.27;1.37:-8.27;1.37:-8.27;1.37:-8.27;1.37:-8.27;1.37:-8.27;1.37:-8.27;1.37:-8.27;1.37:-8.27;1.37:-8.27;1.37:-8.27;1.33:-8.34,1.371383:-8.271344;1.366838:-8.270071;1.367288:-8.270843;1.3719:-8.273364;1.374738:-8.276937;1.371813:-8.276649;1.37554:-8.275244;1.37641:-8.28126;1.379004:-8.28099;1.38563:-8.279284;1.388961:-8.283959;1.389114:-8.285863
sigma3_hotel_seed42,HOTEL:biwi_hotel:106:4570,HOTEL,biwi_hotel,biwi_hotel:106,4570,3,0.5293239951133728,1.1860848665237427,0.7352720499038696,0.629561185836792,0.5947281122207642,1.603177785873413,1.0,2.1:-6.27;2.15:-6.07;2.11:-5.76;2.03:-5.49;2.04:-5.28;2.1:-5.03;2.12:-4.83;2.03:-4.55,1.98:-4.34;2.02:-4.14;2.05:-3.98;1.97:-3.74;1.85:-3.51;1.85:-3.31;1.91:-3.08;1.94:-2.92;1.89:-2.66;1.83:-2.43;1.87:-2.2;1.95:-1.97,1.962512:-4.315068;1.878665:-4.113838;1.797866:-3.967738;1.738651:-3.814782;1.666871:-3.6609;1.544183:-3.549718;1.431366:-3.413951;1.428868:-3.291463;1.306232:-3.147611;1.131597:-2.995591;1.141147:-2.877909;1.061435:-2.755653
sigma3_hotel_seed42,HOTEL:biwi_hotel:107:4570,HOTEL,biwi_hotel,biwi_hotel:107,4570,3,0.7432214617729187,1.4712536334991455,0.4279310703277588,0.579053521156311,0.5076649188995361,1.1615042686462402,1.0,2.78:-6.34;2.81:-6.18;2.74:-5.89;2.68:-5.64;2.71:-5.34;2.7:-5.13;2.71:-4.91;2.69:-4.74,2.68:-4.5;2.65:-4.24;2.65:-4.07;2.58:-3.83;2.49:-3.6;2.49:-3.4;2.53:-3.17;2.56:-3.01;2.51:-2.77;2.45:-2.53;2.47:-2.3;2.55:-2.07,2.673306:-4.589956;2.666277:-4.449533;2.679062:-4.345616;2.669638:-4.247237;2.64705:-4.149676;2.586034:-4.073401;2.566348:-3.970134;2.590375:-3.909235;2.527707:-3.808274;2.408535:-3.671749;2.445361:-3.609381;2.399215:-3.533506
sigma3_hotel_seed42,HOTEL:biwi_hotel:110:4570,HOTEL,biwi_hotel,biwi_hotel:110,4570,3,1.1118046045303345,2.7806200981140137,1.655483365058899,1.5482615232467651,0.6674900054931641,1.0017110109329224,0.0,2.56:2.43;2.45:1.83;2.51:1.23;2.54:0.62;2.56:-0.01;2.66:-0.62;2.63:-1.22;2.8:-1.86,2.87:-2.51;3.04:-3.16;3.19:-3.83;3.17:-4.51;3.26:-5.19;3.08:-5.83;3.03:-6.51;2.83:-7.18;2.71:-7.87;2.63:-8.54;2.41:-9.17;2.39:-9.84,2.980789:-2.464723;3.133611:-3.11416;3.169899:-3.753314;3.417362:-4.235697;3.502829:-4.762679;3.563686:-5.26626;3.481579:-5.616721;3.613427:-6.066978;3.59697:-6.320764;3.673789:-6.790422;3.702464:-7.065499;3.692489:-7.383301
sigma3_hotel_seed42,HOTEL:biwi_hotel:104:4580,HOTEL,biwi_hotel,biwi_hotel:104,4580,3,0.7184973359107971,1.2893850803375244,0.1767766922712326,0.10048415511846542,0.2715015709400177,5.781581401824951,1.0,1.34:-9.22;1.34:-9.2;1.32:-9.2;1.3:-9.18;1.29:-9.16;1.27:-9.16;1.21:-9.24;1.14:-9.23,1.11:-9.23;1.09:-9.23;1.13:-9.19;1.2:-9.12;1.36:-9.23;1.4:-9.28;1.4:-9.36;1.37:-9.31;1.37:-9.32;1.32:-9.34;1.39:-9.34;1.4:-9.34,1.055215:-9.22285;0.9641035:-9.217911;0.8816823:-9.215885;0.775217:-9.201339;0.7040333:-9.21628;0.6110553:-9.186377;0.5056929:-9.203443;0.4739689:-9.198065;0.4011933:-9.196302;0.2798496:-9.187697;0.2201831:-9.190842;0.1193918:-9.189812
sigma3_hotel_seed42,HOTEL:biwi_hotel:105:4580,HOTEL,biwi_hotel,biwi_hotel:105,4580,3,0.021146146580576897,0.1024840921163559,0.0,0.0,0.0,0.0,1.0,1.37:-8.27;1.37:-8.27;1.37:-8.27;1.37:-8.27;1.37:-8.27;1.37:-8.27;1.37:-8.27;1.37:-8.27,1.37:-8.27;1.37:-8.27;1.37:-8.27;1.37:-8.27;1.37:-8.27;1.37:-8.27;1.37:-8.27;1.37:-8.27;1.37:-8.27;1.37:-8.27;1.33:-8.34;1.36:-8.37,1.367625:-8.270088;1.367558:-8.26978;1.364756:-8.271099;1.360023:-8.270473;1.360038:-8.266163;1.364186:-8.265015;1.367932:-8.264182;1.369724:-8.264776;1.374526:-8.271785;1.376343:-8.266788;1.381886:-8.267224;1.394575:-8.273524
sigma3_hotel_seed42,HOTEL:biwi_hotel:106:4580,HOTEL,biwi_hotel,biwi_hotel:106,4580,3,0.6711291670799255,1.4109758138656616,0.5396758317947388,0.6330308318138123,0.5306612849235535,1.307131052017212,1.0,2.15:-6.07;2.11:-5.76;2.03:-5.49;2.04:-5.28;2.1:-5.03;2.12:-4.83;2.03:-4.55;1.98:-4.34,2.02:-4.14;2.05:-3.98;1.97:-3.74;1.85:-3.51;1.85:-3.31;1.91:-3.08;1.94:-2.92;1.89:-2.66;1.83:-2.43;1.87:-2.2;1.95:-1.97;1.97:-1.79,1.9084:-4.150322;1.826036:-3.977581;1.76237:-3.850527;1.695349:-3.730936;1.624547:-3.602571;1.509142:-3.507638;1.419658:-3.390086;1.401776:-3.297912;1.288878:-3.186542;1.120504:-3.038343;1.118861:-2.952516;1.036114:-2.847691
sigma3_hotel_seed42,HOTEL:biwi_hotel:107:4580,HOTEL,biwi_hotel,biwi_hotel:107,4580,3,0.560145914554596,1.174773931503296,0.6005206108093262,0.606703519821167,0.41047585010528564,0.8147737383842468,1.125,2.81:-6.18;2.74:-5.89;2.68:-5.64;2.71:-5.34;2.7:-5.13;2.71:-4.91;2.69:-4.74;2.68:-4.5,2.65:-4.24;2.65:-4.07;2.58:-3.83;2.49:-3.6;2.49:-3.4;2.53:-3.17;2.56:-3.01;2.51:-2.77;2.45:-2.53;2.47:-2.3;2.55:-2.07;2.57:-1.89,2.650118:-4.306501;2.614117:-4.135111;2.59321:-4.011685;2.569369:-3.884511;2.534008:-3.760766;2.448008:-3.666519;2.392908:-3.543485;2.415763:-3.455669;2.330973:-3.329433;2.191079:-3.184969;2.226476:-3.094769;2.170305:-2.994689
sigma3_hotel_seed42,HOTEL:biwi_hotel:104:4590,HOTEL,biwi_hotel,biwi_hotel:104,4590,3,0.3050593435764313,0.46676141023635864,0.07500000298023224,0.10405558347702026,0.28498780727386475,4.352682113647461,1.0,1.34:-9.2;1.32:-9.2;1.3:-9.18;1.29:-9.16;1.27:-9.16;1.21:-9.24;1.14:-9.23;1.11:-9.23,1.09:-9.23;1.13:-9.19;1.2:-9.12;1.36:-9.23;1.4:-9.28;1.4:-9.36;1.37:-9.31;1.37:-9.32;1.32:-9.34;1.39:-9.34;1.4:-9.34;1.42:-9.29,1.092208:-9.243997;1.080943:-9.260186;1.067954:-9.259877;1.05472:-9.269005;1.042284:-9.291922;1.02507:-9.281015;1.00276:-9.318871;1.015145:-9.318486;1.007922:-9.330569;0.9936667:-9.339289;0.9782645:-9.359683;0.961166:-9.37566
sigma3_hotel_seed42,HOTEL:biwi_hotel:105:4590,HOTEL,biwi_hotel,biwi_hotel:105,4590,3,0.022210409864783287,0.03879588842391968,0.0,0.0,0.0,0.0,1.0,1.37:-8.27;1.37:-8.27;1.37:-8.27;1.37:-8.27;1.37:-8.27;1.37:-8.27;1.37:-8.27;1.37:-8.27,1.37:-8.27;1.37:-8.27;1.37:-8.27;1.37:-8.27;1.37:-8.27;1.37:-8.27;1.37:-8.27;1.37:-8.27;1.37:-8.27;1.33:-8.34;1.36:-8.37;1.37:-8.32,1.370964:-8.271281;1.366511:-8.270811;1.366399:-8.27238;1.36864:-8.274104;1.371365:-8.276796;1.36864:-8.276311;1.373134:-8.275791;1.374025:-8.28078;1.377088:-8.281277;1.384436:-8.281548;1.387735:-8.285186;1.390275:-8.286923
sigma3_hotel_seed42,HOTEL:biwi_hotel:106:4590,HOTEL,biwi_hotel,biwi_hotel:106,4590,3,0.6775900721549988,1.350528597831726,0.5099019408226013,0.5942418575286865,0.5660626888275146,1.5785375833511353,1.125,2.11:-5.76;2.03:-5.49;2.04:-5.28;2.1:-5.03;2.12:-4.83;2.03:-4.55;1.98:-4.34;2.02:-4.14,2.05:-3.98;1.97:-3.74;1.85:-3.51;1.85:-3.31;1.91:-3.08;1.94:-2.92;1.89:-2.66;1.83:-2.43;1.87:-2.2;1.95:-1.97;1.97:-1.79;1.88:-1.55,2.033759:-3.983948;2.04472:-3.836802;2.077618:-3.740319;2.092036:-3.631809;2.098221:-3.535983;2.057833:-3.455843;2.052963:-3.346982;2.10796:-3.284537;2.065842:-3.177991;1.969974:-3.04889;2.029053:-2.98052;2.007467:-2.8945
sigma3_hotel_seed42,HOTEL:biwi_hotel:107:4590,HOTEL,biwi_hotel,biwi_hotel:107,4590,3,0.5280601382255554,1.1469939947128296,0.6543126106262207,0.593630850315094,0.3969896137714386,0.8867039680480957,1.25,2.74:-5.89;2.68:-5.64;2.71:-5.34;2.7:-5.13;2.71:-4.91;2.69:-4.74;2.68:-4.5;2.65:-4.24,2.65:-4.07;2.58:-3.83;2.49:-3.6;2.49:-3.4;2.53:-3.17;2.56:-3.01;2.51:-2.77;2.45:-2.53;2.47:-2.3;2.55:-2.07;2.57:-1.89;2.5:-1.65,2.59857:-4.028049;2.521283:-3.838181;2.462974:-3.709531;2.411191:-3.569317;2.359448:-3.433836;2.249479:-3.327496;2.159776:-3.19688;2.170214:-3.095538;2.064651:-2.967393;1.906676:-2.821602;1.923793:-2.721314;1.857966:-2.600467
sigma3_hotel_seed42,HOTEL:biwi_hotel:104:4600,HOTEL,biwi_hotel,biwi_hotel:104,4600,3,0.42990538477897644,0.5889970660209656,0.05000000074505806,0.10405558347702026,0.27457115054130554,3.567283868789673,1.0,1.32:-9.2;1.3:-9.18;1.29:-9.16;1.27:-9.16;1.21:-9.24;1.14:-9.23;1.11:-9.23;1.09:-9.23,1.13:-9.19;1.2:-9.12;1.36:-9.23;1.4:-9.28;1.4:-9.36;1.37:-9.31;1.37:-9.32;1.32:-9.34;1.39:-9.34;1.4:-9.34;1.42:-9.29;1.41:-9.28,1.060188:-9.231004;1.031601:-9.237888;1.00404:-9.234869;0.972106:-9.228244;0.9523246:-9.24491;0.919281:-9.222054;0.8859552:-9.245725;0.8992141:-9.246105;0.8807308:-9.249361;0.8545541:-9.254776;0.8357084:-9.268027;0.8210031:-9.280407
sigma3_hotel_seed42,HOTEL:biwi_hotel:105:4600,HOTEL,biwi_hotel,biwi_hotel:105,4600,3,0.0249622855335474,0.01750057563185692,0.0,0.0,0.0,0.0,1.0,1.37:-8.27;1.37:-8.27;1.37:-8.27;1.37:-8.27;1.37:-8.27;1.37:-8.27;1.37:-8.27;1.37:-8.27,1.37:-8.27;1.37:-8.27;1.37:-8.27;1.37:-8.27;1.37:-8.27;1.37:-8.27;1.37:-8.27;1.37:-8.27;1.33:-8.34;1.36:-8.37;1.37:-8.32;1.37:-8.28,1.368068:-8.26995;1.366856:-8.26957;1.364288:-8.271297;1.360543:-8.270798;1.360299:-8.267427;1.362094:-8.267015;1.365843:-8.266109;1.365805:-8.266853;1.369285:-8.271595;1.372339:-8.268921;1.376563:-8.268965;1.386199:-8.273377
sigma3_hotel_seed42,HOTEL:biwi_hotel:106:4600,HOTEL,biwi_hotel,biwi_hotel:106,4600,3,0.905987024307251,1.6596004962921143,0.4069705009460449,0.5518081784248352,0.4963381886482239,1.2549465894699097,1.25,2.03:-5.49;2.04:-5.28;2.1:-5.03;2.12:-4.83;2.03:-4.55;1.98:-4.34;2.02:-4.14;2.05:-3.98,1.97:-3.74;1.85:-3.51;1.85:-3.31;1.91:-3.08;1.94:-2.92;1.89:-2.66;1.83:-2.43;1.87:-2.2;1.95:-1.97;1.97:-1.79;1.88:-1.55;1.83:-1.36,2.066829:-3.86165;2.089722:-3.739811;2.141553:-3.658678;2.157734:-3.578261;2.168885:-3.50306;2.143111:-3.439532;2.16372:-3.348306;2.207149:-3.308196;2.181076:-3.226709;2.098489:-3.104034;2.153007:-3.059773;2.130626:-2.992145
sigma3_hotel_seed42,HOTEL:biwi_hotel:107:4600,HOTEL,biwi_hotel,biwi_hotel:107,4600,3,0.7739213109016418,1.4672173261642456,0.42500001192092896,0.5625239610671997,0.3885646462440491,0.6663669347763062,1.375,2.68:-5.64;2.71:-5.34;2.7:-5.13;2.71:-4.91;2.69:-4.74;2.68:-4.5;2.65:-4.24;2.65:-4.07,2.58:-3.83;2.49:-3.6;2.49:-3.4;2.53:-3.17;2.56:-3.01;2.51:-2.77;2.45:-2.53;2.47:-2.3;2.55:-2.07;2.57:-1.89;2.5:-1.65;2.45:-1.46,2.643177:-3.92977;2.640118:-3.793287;2.662205:-3.6983;2.65775:-3.604704;2.646197:-3.514088;2.595313:-3.440404;2.584957:-3.340295;2.615474:-3.28536;2.563249:-3.192903;2.455167:-3.061439;2.495561:-3.004731;2.458577:-2.927192
sigma3_hotel_seed42,HOTEL:biwi_hotel:104:4610,HOTEL,biwi_hotel,biwi_hotel:104,4610,3,0.2658923268318176,0.46972209215164185,0.1414213627576828,0.11415711045265198,0.33927014470100403,5.6017279624938965,1.0,1.3:-9.18;1.29:-9.16;1.27:-9.16;1.21:-9.24;1.14:-9.23;1.11:-9.23;1.09:-9.23;1.13:-9.19,1.2:-9.12;1.36:-9.23;1.4:-9.28;1.4:-9.36;1.37:-9.31;1.37:-9.32;1.32:-9.34;1.39:-9.34;1.4:-9.34;1.42:-9.29;1.41:-9.28;1.42:-9.28,1.201683:-9.191983;1.280568:-9.17683;1.349398:-9.178487;1.41942:-9.178386;1.479451:-9.179838;1.554946:-9.185103;1.623779:-9.205251;1.664988:-9.186414;1.738608:-9.190176;1.804459:-9.194379;1.8466:-9.196021;1.88048:-9.187281
sigma3_hotel_seed42,HOTEL:biwi_hotel:105:4610,HOTEL,biwi_hotel,biwi_hotel:105,4610,3,0.026166753843426704,0.022847473621368408,0.0,0.0,0.0,0.0,1.0,1.37:-8.27;1.37:-8.27;1.37:-8.27;1.37:-8.27;1.37:-8.27;1.37:-8.27;1.37:-8.27;1.37:-8.27,1.37:-8.27;1.37:-8.27;1.37:-8.27;1.37:-8.27;1.37:-8.27;1.37:-8.27;1.37:-8.27;1.33:-8.34;1.36:-8.37;1.37:-8.32;1.37:-8.28;1.37:-8.27,1.368006:-8.27087;1.366504:-8.26967;1.364532:-8.269755;1.361485:-8.27068;1.361905:-8.267062;1.366244:-8.265679;1.369317:-8.26537;1.370039:-8.265474;1.374987:-8.273415;1.377418:-8.267025;1.382159:-8.268697;1.392581:-8.273478
sigma3_hotel_seed42,HOTEL:biwi_hotel:106:4610,HOTEL,biwi_hotel,biwi_hotel:106,4610,3,0.6012983918190002,1.2252070903778076,0.6324555277824402,0.5670739412307739,0.5713209509849548,1.5740832090377808,1.375,2.04:-5.28;2.1:-5.03;2.12:-4.83;2.03:-4.55;1.98:-4.34;2.02:-4.14;2.05:-3.98;1.97:-3.74,1.85:-3.51;1.85:-3.31;1.91:-3.08;1.94:-2.92;1.89:-2.66;1.83:-2.43;1.87:-2.2;1.95:-1.97;1.97:-1.79;1.88:-1.55;1.83:-1.36;1.87:-1.16,1.924871:-3.54906;1.874596:-3.378622;1.838734:-3.25409;1.800357:-3.130093;1.75141:-3.005352;1.656029:-2.911523;1.588896:-2.791912;1.596931:-2.702473;1.502219:-2.581831;1.352773:-2.436719;1.373834:-2.348682;1.308533:-2.248984
sigma3_hotel_seed42,HOTEL:biwi_hotel:107:4610,HOTEL,biwi_hotel,biwi_hotel:107,4610,3,0.6408544182777405,1.297599196434021,0.625,0.54413241147995,0.3890921175479889,0.8029093146324158,1.5,2.71:-5.34;2.7:-5.13;2.71:-4.91;2.69:-4.74;2.68:-4.5;2.65:-4.24;2.65:-4.07;2.58:-3.83,2.49:-3.6;2.49:-3.4;2.53:-3.17;2.56:-3.01;2.51:-2.77;2.45:-2.53;2.47:-2.3;2.55:-2.07;2.57:-1.89;2.5:-1.65;2.45:-1.46;2.47:-1.25,2.523183:-3.642009;2.453994:-3.46965;2.400245:-3.348552;2.346515:-3.225854;2.288605:-3.100657;2.187993:-3.00579;2.10559:-2.889951;2.102194:-2.796684;2.001043:-2.685973;1.847056:-2.544261;1.852738:-2.457486;1.784338:-2.351649
sigma3_hotel_seed42,HOTEL:biwi_hotel:104:4620,HOTEL,biwi_hotel,biwi_hotel:104,4620,3,0.34185507893562317,0.42944076657295227,0.2474873661994934,0.1415264904499054,0.36017194390296936,4.494578838348389,1.0,1.29:-9.16;1.27:-9.16;1.21:-9.24;1.14:-9.23;1.11:-9.23;1.09:-9.23;1.13:-9.19;1.2:-9.12,1.36:-9.23;1.4:-9.28;1.4:-9.36;1.37:-9.31;1.37:-9.32;1.32:-9.34;1.39:-9.34;1.4:-9.34;1.42:-9.29;1.41:-9.28;1.42:-9.28;1.41:-9.27,1.245947:-9.09339;1.296738:-9.046634;1.346254:-9.037333;1.381611:-9.020923;1.416246:-9.001475;1.455714:-8.998371;1.493932:-8.983175;1.518782:-8.964571;1.553621:-8.951474;1.544704:-8.912207;1.582562:-8.900633;1.574294:-8.87323
sigma3_hotel_seed42,HOTEL:biwi_hotel:105:4620,HOTEL,biwi_hotel,biwi_hotel:105,4620,3,0.039584074169397354,0.03206344321370125,0.0,0.0,0.0,0.0,1.0,1.37:-8.27;1.37:-8.27;1.37:-8.27;1.37:-8.27;1.37:-8.27;1.37:-8.27;1.37:-8.27;1.37:-8.27,1.37:-8.27;1.37:-8.27;1.37:-8.27;1.37:-8.27;1.37:-8.27;1.37:-8.27;1.33:-8.34;1.36:-8.37;1.37:-8.32;1.37:-8.28;1.37:-8.27;1.37:-8.27,1.360397:-8.270379;1.356954:-8.274827;1.34901:-8.276603;1.336784:-8.275059;1.331669:-8.272919;1.327642:-8.268318;1.330409:-8.275125;1.335724:-8.27648;1.33535:-8.284652;1.336672:-8.285387;1.337089:-8.289458;1.355889:-8.298792
sigma3_hotel_seed42,HOTEL:biwi_hotel:106:4620,HOTEL,biwi_hotel,biwi_hotel:106,4620,3,0.9269116520881653,1.7423081398010254,0.648556113243103,0.5679036974906921,0.5475707650184631,1.5973435640335083,1.375,2.1:-5.03;2.12:-4.83;2.03:-4.55;1.98:-4.34;2.02:-4.14;2.05:-3.98;1.97:-3.74;1.85:-3.51,1.85:-3.31;1.91:-3.08;1.94:-2.92;1.89:-2.66;1.83:-2.43;1.87:-2.2;1.95:-1.97;1.97:-1.79;1.88:-1.55;1.83:-1.36;1.87:-1.16;1.92:-0.95,1.73459:-3.296149;1.606583:-3.107343;1.49393:-2.959885;1.387358:-2.83042;1.276111:-2.682086;1.118705:-2.57738;0.9853035:-2.451599;0.9325492:-2.342321;0.7806123:-2.220965;0.5717338:-2.059918;0.5426893:-1.961449;0.4265884:-1.847418
sigma3_hotel_seed42,HOTEL:biwi_hotel:107:4620,HOTEL,biwi_hotel,biwi_hotel:107,4620,3,0.7745980620384216,1.5066848993301392,0.617454469203949,0.557255208492279,0.3890921175479889,0.7990965247154236,1.625,2.7:-5.13;2.71:-4.91;2.69:-4.74;2.68:-4.5;2.65:-4.24;2.65:-4.07;2.58:-3.83;2.49:-3.6,2.49:-3.4;2.53:-3.17;2.56:-3.01;2.51:-2.77;2.45:-2.53;2.47:-2.3;2.55:-2.07;2.57:-1.89;2.5:-1.65;2.45:-1.46;2.47:-1.25;2.52:-1.04,2.40274:-3.396924;2.30525:-3.216238;2.223933:-3.078784;2.144102:-2.952783;2.058186:-2.814766;1.925766:-2.714935;1.819763:-2.592018;1.790779:-2.491883;1.662242:-2.372218;1.477374:-2.217602;1.468218:-2.124438;1.372329:-2.016192
sigma3_hotel_seed42,HOTEL:biwi_hotel:104:4630,HOTEL,biwi_hotel,biwi_hotel:104,4630,3,1.1184132099151611,1.9043833017349243,0.48541221022605896,0.20372822880744934,0.47663381695747375,4.95496940612793,1.0,1.27:-9.16;1.21:-9.24;1.14:-9.23;1.11:-9.23;1.09:-9.23;1.13:-9.19;1.2:-9.12;1.36:-9.23,1.4:-9.28;1.4:-9.36;1.37:-9.31;1.37:-9.32;1.32:-9.34;1.39:-9.34;1.4:-9.34;1.42:-9.29;1.41:-9.28;1.42:-9.28;1.41:-9.27;1.43:-9.26,1.558609:-9.278505;1.767158:-9.297323;1.928132:-9.373113;2.096548:-9.403911;2.262939:-9.43437;2.470834:-9.502212;2.626132:-9.539601;2.744367:-9.548134;2.931543:-9.580099;3.066603:-9.618304;3.204494:-9.620592;3.297246:-9.634259
sigma3_hotel_seed42,HOTEL:biwi_hotel:105:4630,HOTEL,biwi_hotel,biwi_hotel:105,4630,3,0.028011620044708252,0.020678400993347168,0.0,0.0,0.0,0.0,1.0,1.37:-8.27;1.37:-8.27;1.37:-8.27;1.37:-8.27;1.37:-8.27;1.37:-8.27;1.37:-8.27;1.37:-8.27,1.37:-8.27;1.37:-8.27;1.37:-8.27;1.37:-8.27;1.37:-8.27;1.33:-8.34;1.36:-8.37;1.37:-8.32;1.37:-8.28;1.37:-8.27;1.37:-8.27;1.37:-8.27,1.367474:-8.270315;1.367962:-8.269064;1.365028:-8.269489;1.360747:-8.26907;1.360292:-8.26426;1.366393:-8.262956;1.368146:-8.262023;1.369321:-8.261256;1.374439:-8.269375;1.374427:-8.262041;1.379524:-8.262321;1.390646:-8.268841
sigma3_hotel_seed42,HOTEL:biwi_hotel:106:4630,HOTEL,biwi_hotel,biwi_hotel:106,4630,3,0.6883106231689453,1.383987307548523,0.5,0.5675474405288696,0.5347358584403992,1.6675639152526855,1.375,2.12:-4.83;2.03:-4.55;1.98:-4.34;2.02:-4.14;2.05:-3.98;1.97:-3.74;1.85:-3.51;1.85:-3.31,1.91:-3.08;1.94:-2.92;1.89:-2.66;1.83:-2.43;1.87:-2.2;1.95:-1.97;1.97:-1.79;1.88:-1.55;1.83:-1.36;1.87:-1.16;1.92:-0.95;1.91:-0.68,1.827587:-3.142986;1.792936:-2.984922;1.783696:-2.879436;1.760099:-2.767598;1.735695:-2.6609;1.662684:-2.573789;1.621547:-2.461656;1.646283:-2.389746;1.574913:-2.285609;1.449525:-2.150074;1.480924:-2.077345;1.435302:-1.980032
sigma3_hotel_seed42,HOTEL:biwi_hotel:107:4630,HOTEL,biwi_hotel,biwi_hotel:107,4630,3,0.6320934295654297,1.383176326751709,0.5,0.5500312447547913,0.4271742105484009,1.009552240371704,1.625,2.71:-4.91;2.69:-4.74;2.68:-4.5;2.65:-4.24;2.65:-4.07;2.58:-3.83;2.49:-3.6;2.49:-3.4,2.53:-3.17;2.56:-3.01;2.51:-2.77;2.45:-2.53;2.47:-2.3;2.55:-2.07;2.57:-1.89;2.5:-1.65;2.45:-1.46;2.47:-1.25;2.52:-1.04;2.58:-0.69,2.492015:-3.228711;2.489225:-3.071798;2.506016:-2.966129;2.510469:-2.84846;2.505398:-2.743265;2.450032:-2.656626;2.429313:-2.541296;2.478637:-2.47039;2.422997:-2.354172;2.313735:-2.220128;2.367735:-2.143327;2.33716:-2.051692
sigma3_hotel_seed42,HOTEL:biwi_hotel:104:4640,HOTEL,biwi_hotel,biwi_hotel:104,4640,3,0.31969016790390015,0.572446882724762,0.16007810831069946,0.19088225066661835,0.5220611095428467,4.179544925689697,1.0,1.21:-9.24;1.14:-9.23;1.11:-9.23;1.09:-9.23;1.13:-9.19;1.2:-9.12;1.36:-9.23;1.4:-9.28,1.4:-9.36;1.37:-9.31;1.37:-9.32;1.32:-9.34;1.39:-9.34;1.4:-9.34;1.42:-9.29;1.41:-9.28;1.42:-9.28;1.41:-9.27;1.43:-9.26;1.41:-9.23,1.449315:-9.279639;1.494261:-9.281463;1.537704:-9.291785;1.603972:-9.284903;1.648087:-9.310578;1.670699:-9.30092;1.715455:-9.325994;1.783774:-9.333368;1.816373:-9.320664;1.88703:-9.348323;1.910345:-9.368217;1.965654:-9.367637
sigma3_hotel_seed42,HOTEL:biwi_hotel:105:4640,HOTEL,biwi_hotel,biwi_hotel:105,4640,3,0.024283796548843384,0.017399394884705544,0.0,0.0,0.0,0.0,1.0,1.37:-8.27;1.37:-8.27;1.37:-8.27;1.37:-8.27;1.37:-8.27;1.37:-8.27;1.37:-8.27;1.37:-8.27,1.37:-8.27;1.37:-8.27;1.37:-8.27;1.37:-8.27;1.33:-8.34;1.36:-8.37;1.37:-8.32;1.37:-8.28;1.37:-8.27;1.37:-8.27;1.37:-8.27;1.37:-8.27,1.369757:-8.270638;1.366693:-8.269308;1.36562:-8.270622;1.365785:-8.271708;1.366992:-8.271385;1.366737:-8.271272;1.370452:-8.269933;1.37005:-8.272879;1.373113:-8.275447;1.377743:-8.273005;1.381175:-8.275125;1.385687:-8.277528
sigma3_hotel_seed42,HOTEL:biwi_hotel:106:4640,HOTEL,biwi_hotel,biwi_hotel:106,4640,3,0.6309913992881775,1.3266785144805908,0.5942432284355164,0.5474004745483398,0.5206311345100403,1.8454912900924683,1.375,2.03:-4.55;1.98:-4.34;2.02:-4.14;2.05:-3.98;1.97:-3.74;1.85:-3.51;1.85:-3.31;1.91:-3.08,1.94:-2.92;1.89:-2.66;1.83:-2.43;1.87:-2.2;1.95:-1.97;1.97:-1.79;1.88:-1.55;1.83:-1.36;1.87:-1.16;1.92:-0.95;1.91:-0.68;1.83:-0.41,1.944262:-2.906621;1.958544:-2.743544;1.991745:-2.651088;2.020028:-2.522571;2.045569:-2.421788;2.017316:-2.33108;2.007177:-2.214386;2.089972:-2.139779;2.05812:-2.024152;1.97823:-1.903559;2.049334:-1.821873;2.050396:-1.718244
sigma3_hotel_seed42,HOTEL:biwi_hotel:107:4640,HOTEL,biwi_hotel,biwi_hotel:107,4640,3,0.6077284812927246,1.2123005390167236,0.5836308598518372,0.5722740888595581,0.40560057759284973,1.1062768697738647,1.625,2.69:-4.74;2.68:-4.5;2.65:-4.24;2.65:-4.07;2.58:-3.83;2.49:-3.6;2.49:-3.4;2.53:-3.17,2.56:-3.01;2.51:-2.77;2.45:-2.53;2.47:-2.3;2.55:-2.07;2.57:-1.89;2.5:-1.65;2.45:-1.46;2.47:-1.25;2.52:-1.04;2.58:-0.69;2.57:-0.59,2.548954:-2.996011;2.548379:-2.832471;2.569105:-2.735767;2.582873:-2.610127;2.595152:-2.506695;2.55334:-2.41578;2.533792:-2.29891;2.601712:-2.224255;2.558379:-2.11022;2.465545:-1.985249;2.526532:-1.904754;2.514934:-1.801049
sigma3_hotel_seed42,HOTEL:biwi_hotel:104:4650,HOTEL,biwi_hotel,biwi_hotel:104,4650,3,0.3324587047100067,0.5697126984596252,0.20000000298023224,0.19419986009597778,0.5311954617500305,4.71238899230957,1.0,1.14:-9.23;1.11:-9.23;1.09:-9.23;1.13:-9.19;1.2:-9.12;1.36:-9.23;1.4:-9.28;1.4:-9.36,1.37:-9.31;1.37:-9.32;1.32:-9.34;1.39:-9.34;1.4:-9.34;1.42:-9.29;1.41:-9.28;1.42:-9.28;1.41:-9.27;1.43:-9.26;1.41:-9.23;1.44:-9.26,1.392782:-9.406258;1.387068:-9.440249;1.376902:-9.479675;1.366229:-9.530545;1.349737:-9.564168;1.338058:-9.608887;1.323999:-9.655032;1.289262:-9.673883;1.281992:-9.70357;1.250516:-9.723251;1.231258:-9.749022;1.166702:-9.759881
sigma3_hotel_seed42,HOTEL:biwi_hotel:105:4650,HOTEL,biwi_hotel,biwi_hotel:105,4650,3,0.026461800560355186,0.021917954087257385,0.0,0.0,0.0,0.0,1.125,1.37:-8.27;1.37:-8.27;1.37:-8.27;1.37:-8.27;1.37:-8.27;1.37:-8.27;1.37:-8.27;1.37:-8.27,1.37:-8.27;1.37:-8.27;1.37:-8.27;1.33:-8.34;1.36:-8.37;1.37:-8.32;1.37:-8.28;1.37:-8.27;1.37:-8.27;1.37:-8.27;1.37:-8.27;1.37:-8.27,1.367045:-8.269741;1.367627:-8.2695;1.36423:-8.27097;1.358311:-8.269714;1.35756:-8.264243;1.362375:-8.263184;1.365715:-8.262294;1.367106:-8.261851;1.371737:-8.269333;1.372712:-8.264198;1.378186:-8.26364;1.391916:-8.270325
sigma3_hotel_seed42,HOTEL:biwi_hotel:106:4650,HOTEL,biwi_hotel,biwi_hotel:106,4650,3,0.9184152483940125,1.7296525239944458,0.4069705009460449,0.5284425616264343,0.505635142326355,1.4841870069503784,1.375,1.98:-4.34;2.02:-4.14;2.05:-3.98;1.97:-3.74;1.85:-3.51;1.85:-3.31;1.91:-3.08;1.94:-2.92,1.89:-2.66;1.83:-2.43;1.87:-2.2;1.95:-1.97;1.97:-1.79;1.88:-1.55;1.83:-1.36;1.87:-1.16;1.92:-0.95;1.91:-0.68;1.83:-0.41;1.77:-0.23,1.976482:-2.796144;2.018455:-2.671676;2.086912:-2.592293;2.122695:-2.504305;2.150693:-2.429973;2.137757:-2.36411;2.17036:-2.269024;2.235721:-2.228384;2.221491:-2.138288;2.152373:-2.018477;2.223321:-1.969946;2.215758:-1.901226
sigma3_hotel_seed42,HOTEL:biwi_hotel:107:4650,HOTEL,biwi_hotel,biwi_hotel:107,4650,3,0.887775182723999,1.5911325216293335,0.4069705009460449,0.5446240901947021,0.4497947692871094,1.0462000370025635,1.625,2.68:-4.5;2.65:-4.24;2.65:-4.07;2.58:-3.83;2.49:-3.6;2.49:-3.4;2.53:-3.17;2.56:-3.01,2.51:-2.77;2.45:-2.53;2.47:-2.3;2.55:-2.07;2.57:-1.89;2.5:-1.65;2.45:-1.46;2.47:-1.25;2.52:-1.04;2.58:-0.69;2.57:-0.59;2.54:-0.41,2.590451:-2.885752;2.622438:-2.759511;2.684575:-2.680523;2.712686:-2.592098;2.73656:-2.517733;2.716944:-2.449598;2.743274:-2.353361;2.805811:-2.313603;2.78565:-2.225505;2.710864:-2.104357;2.776589:-2.057065;2.766896:-1.984872
sigma3_hotel_seed42,HOTEL:biwi_hotel:104:4660,HOTEL,biwi_hotel,biwi_hotel:104,4660,3,0.5592007040977478,1.0632944107055664,0.14577379822731018,0.20431040227413177,0.6597544550895691,7.313561916351318,1.125,1.11:-9.23;1.09:-9.23;1.13:-9.19;1.2:-9.12;1.36:-9.23;1.4:-9.28;1.4:-9.36;1.37:-9.31,1.37:-9.32;1.32:-9.34;1.39:-9.34;1.4:-9.34;1.42:-9.29;1.41:-9.28;1.42:-9.28;1.41:-9.27;1.43:-9.26;1.41:-9.23;1.44:-9.26;1.43:-9.25,1.286962:-9.295346;1.205362:-9.276523;1.145587:-9.256246;1.07139:-9.264238;0.9887803:-9.258089;0.8869704:-9.252445;0.8166546:-9.255033;0.7427593:-9.250156;0.6526924:-9.238956;0.5431749:-9.20441;0.4796741:-9.212227;0.3682939:-9.191903
sigma3_hotel_seed42,HOTEL:biwi_hotel:105:4660,HOTEL,biwi_hotel,biwi_hotel:105,4660,3,0.03233494237065315,0.04205130785703659,0.0,0.0,0.0,0.0,1.25,1.37:-8.27;1.37:-8.27;1.37:-8.27;1.37:-8.27;1.37:-8.27;1.37:-8.27;1.37:-8.27;1.37:-8.27,1.37:-8.27;1.37:-8.27;1.33:-8.34;1.36:-8.37;1.37:-8.32;1.37:-8.28;1.37:-8.27;1.37:-8.27;1.37:-8.27;1.37:-8.27;1.37:-8.27;1.35:-8.27,1.365829:-8.269217;1.368523:-8.268639;1.36378:-8.26981;1.355959:-8.267095;1.353837:-8.259044;1.362224:-8.257229;1.363018:-8.256221;1.36549:-8.253091;1.370314:-8.263193;1.368233:-8.255357;1.373947:-8.253263;1.391235:-8.261753
sigma3_hotel_seed42,HOTEL:biwi_hotel:106:4660,HOTEL,biwi_hotel,biwi_hotel:106,4660,3,0.566037654876709,1.1029919385910034,0.6619101166725159,0.5501580238342285,0.5960845947265625,1.847475528717041,1.375,2.02:-4.14;2.05:-3.98;1.97:-3.74;1.85:-3.51;1.85:-3.31;1.91:-3.08;1.94:-2.92;1.89:-2.66,1.83:-2.43;1.87:-2.2;1.95:-1.97;1.97:-1.79;1.88:-1.55;1.83:-1.36;1.87:-1.16;1.92:-0.95;1.91:-0.68;1.83:-0.41;1.77:-0.23;1.77:-0.06,1.858902:-2.45453;1.810843:-2.271729;1.774962:-2.148203;1.746343:-2.009229;1.710402:-1.879329;1.622085:-1.777715;1.551161:-1.651351;1.578166:-1.552317;1.489705:-1.423162;1.350291:-1.282985;1.380842:-1.184082;1.330084:-1.071467
sigma3_hotel_seed42,HOTEL:biwi_hotel:107:4660,HOTEL,biwi_hotel,biwi_hotel:107,4660,3,0.6290634274482727,1.2215343713760376,0.6128825545310974,0.5387054681777954,0.46882471442222595,1.3220667839050293,1.5,2.65:-4.24;2.65:-4.07;2.58:-3.83;2.49:-3.6;2.49:-3.4;2.53:-3.17;2.56:-3.01;2.51:-2.77,2.45:-2.53;2.47:-2.3;2.55:-2.07;2.57:-1.89;2.5:-1.65;2.45:-1.46;2.47:-1.25;2.52:-1.04;2.58:-0.69;2.57:-0.59;2.54:-0.41;2.5:-0.19,2.475161:-2.578562;2.429173:-2.406014;2.398969:-2.286074;2.367608:-2.158686;2.328948:-2.03602;2.241033:-1.940449;2.177906:-1.819886;2.197235:-1.730614;2.109856:-1.610106;1.969518:-1.4691;1.996321:-1.380261;1.941121:-1.276186
sigma3_hotel_seed42,HOTEL:biwi_hotel:104:4670,HOTEL,biwi_hotel,biwi_hotel:104,4670,3,0.25600573420524597,0.47699958086013794,0.02500000037252903,0.20073898136615753,0.6545159220695496,7.5585408210754395,1.25,1.09:-9.23;1.13:-9.19;1.2:-9.12;1.36:-9.23;1.4:-9.28;1.4:-9.36;1.37:-9.31;1.37:-9.32,1.32:-9.34;1.39:-9.34;1.4:-9.34;1.42:-9.29;1.41:-9.28;1.42:-9.28;1.41:-9.27;1.43:-9.26;1.41:-9.23;1.44:-9.26;1.43:-9.25;1.43:-9.28,1.33806:-9.345212;1.321624:-9.358994;1.307332:-9.353642;1.283565:-9.391669;1.246933:-9.397465;1.228752:-9.416676;1.207567:-9.456738;1.154339:-9.444097;1.134368:-9.471028;1.096581:-9.462822;1.062326:-9.479781;0.9977658:-9.481748
sigma3_hotel_seed42,HOTEL:biwi_hotel:105:4670,HOTEL,biwi_hotel,biwi_hotel:105,4670,3,0.030197881162166595,0.05312934145331383,0.0,0.0,0.0,0.0,1.375,1.37:-8.27;1.37:-8.27;1.37:-8.27;1.37:-8.27;1.37:-8.27;1.37:-8.27;1.37:-8.27;1.37:-8.27,1.37:-8.27;1.33:-8.34;1.36:-8.37;1.37:-8.32;1.37:-8.28;1.37:-8.27;1.37:-8.27;1.37:-8.27;1.37:-8.27;1.37:-8.27;1.35:-8.27;1.33:-8.27,1.367629:-8.269649;1.367033:-8.269206;1.363924:-8.27102;1.359406:-8.269902;1.358453:-8.265629;1.360949:-8.265241;1.36389:-8.264251;1.363564:-8.263955;1.366789:-8.269022;1.368929:-8.266109;1.372929:-8.265254;1.383129:-8.26995
sigma3_hotel_seed42,HOTEL:biwi_hotel:106:4670,HOTEL,biwi_hotel,biwi_hotel:106,4670,3,0.8331626057624817,1.5070672035217285,0.5942432284355164,0.576911211013794,0.4873429834842682,1.4055712223052979,1.25,2.05:-3.98;1.97:-3.74;1.85:-3.51;1.85:-3.31;1.91:-3.08;1.94:-2.92;1.89:-2.66;1.83:-2.43,1.87:-2.2;1.95:-1.97;1.97:-1.79;1.88:-1.55;1.83:-1.36;1.87:-1.16;1.92:-0.95;1.91:-0.68;1.83:-0.41;1.77:-0.23;1.77:-0.06;1.81:0.13,1.737415:-2.223207;1.626751:-2.03756;1.535939:-1.899962;1.447557:-1.771356;1.358566:-1.631236;1.219249:-1.528069;1.104807:-1.402766;1.072783:-1.300727;0.9392419:-1.182009;0.7497818:-1.027057;0.7360469:-0.9323974;0.6378623:-0.817283
sigma3_hotel_seed42,HOTEL:biwi_hotel:107:4670,HOTEL,biwi_hotel,biwi_hotel:107,4670,3,0.8155786991119385,1.4471393823623657,0.6184658408164978,0.5663434863090515,0.3761216402053833,1.0778559446334839,1.375,2.65:-4.07;2.58:-3.83;2.49:-3.6;2.49:-3.4;2.53:-3.17;2.56:-3.01;2.51:-2.77;2.45:-2.53,2.47:-2.3;2.55:-2.07;2.57:-1.89;2.5:-1.65;2.45:-1.46;2.47:-1.25;2.52:-1.04;2.58:-0.69;2.57:-0.59;2.54:-0.41;2.5:-0.19;2.5:-0.06,2.364241:-2.320219;2.258588:-2.132421;2.171983:-1.995486;2.089723:-1.863357;2.006744:-1.722778;1.871835:-1.618252;1.760046:-1.491219;1.735634:-1.387783;1.606154:-1.266155;1.421515:-1.112589;1.413172:-1.015487;1.320463:-0.8983949
sigma3_hotel_seed42,HOTEL:biwi_hotel:104:4680,HOTEL,biwi_hotel,biwi_hotel:104,4680,3,0.32158905267715454,0.4871532618999481,0.13462911546230316,0.19976866245269775,0.6634365320205688,8.748830795288086,1.375,1.13:-9.19;1.2:-9.12;1.36:-9.23;1.4:-9.28;1.4:-9.36;1.37:-9.31;1.37:-9.32;1.32:-9.34,1.39:-9.34;1.4:-9.34;1.42:-9.29;1.41:-9.28;1.42:-9.28;1.41:-9.27;1.43:-9.26;1.41:-9.23;1.44:-9.26;1.43:-9.25;1.43:-9.28;1.41:-9.27,1.283835:-9.351325;1.25211:-9.364597;1.221181:-9.362223;1.18598:-9.368544;1.157855:-9.389434;1.123395:-9.374646;1.082356:-9.409181;1.080668:-9.407803;1.058384:-9.419523;1.022808:-9.424141;0.9947458:-9.442454;0.9601343:-9.456921
sigma3_hotel_seed42,HOTEL:biwi_hotel:105:4680,HOTEL,biwi_hotel,biwi_hotel:105,4680,3,0.033945467323064804,0.06346271187067032,0.0,0.0,0.0,0.0,1.5,1.37:-8.27;1.37:-8.27;1.37:-8.27;1.37:-8.27;1.37:-8.27;1.37:-8.27;1.37:-8.27;1.37:-8.27,1.33:-8.34;1.36:-8.37;1.37:-8.32;1.37:-8.28;1.37:-8.27;1.37:-8.27;1.37:-8.27;1.37:-8.27;1.37:-8.27;1.35:-8.27;1.33:-8.27;1.33:-8.27,1.368497:-8.270553;1.367095:-8.27041;1.364769:-8.271753;1.361968:-8.271342;1.362644:-8.26909;1.365345:-8.26741;1.367952:-8.267441;1.370268:-8.268117;1.374416:-8.273845;1.378052:-8.270839;1.382423:-8.271918;1.393105:-8.276731
sigma3_hotel_seed42,HOTEL:biwi_hotel:106:4680,HOTEL,biwi_hotel,biwi_hotel:106,4680,3,0.5754871964454651,1.138173222541809,0.5836308598518372,0.5699362754821777,0.548560619354248,1.6738076210021973,1.125,1.97:-3.74;1.85:-3.51;1.85:-3.31;1.91:-3.08;1.94:-2.92;1.89:-2.66;1.83:-2.43;1.87:-2.2,1.95:-1.97;1.97:-1.79;1.88:-1.55;1.83:-1.36;1.87:-1.16;1.92:-0.95;1.91:-0.68;1.83:-0.41;1.77:-0.23;1.77:-0.06;1.81:0.13;1.8:0.35,1.868863:-2.018576;1.850459:-1.851392;1.85495:-1.744348;1.851471:-1.618995;1.845417:-1.508143;1.783064:-1.415391;1.750338:-1.294607;1.799873:-1.217244;1.739254:-1.098796;1.626126:-0.9648507;1.677636:-0.8817636;1.646903:-0.7778296
sigma3_hotel_seed42,HOTEL:biwi_hotel:107:4680,HOTEL,biwi_hotel,biwi_hotel:107,4680,3,0.5766400694847107,1.0787150859832764,0.5771698355674744,0.5595105886459351,0.4368111193180084,1.3203792572021484,1.25,2.58:-3.83;2.49:-3.6;2.49:-3.4;2.53:-3.17;2.56:-3.01;2.51:-2.77;2.45:-2.53;2.47:-2.3,2.55:-2.07;2.57:-1.89;2.5:-1.65;2.45:-1.46;2.47:-1.25;2.52:-1.04;2.58:-0.69;2.57:-0.59;2.54:-0.41;2.5:-0.19;2.5:-0.06;2.5:0.15,2.45313:-2.114014;2.419408:-1.943669;2.407316:-1.831216;2.389544:-1.705077;2.368992:-1.588978;2.293763:-1.494483;2.246713:-1.373135;2.282205:-1.291003;2.209051:-1.172324;2.082964:-1.034949;2.123068:-0.9495724;2.080878:-0.8439633
sigma3_hotel_seed42,HOTEL:biwi_hotel:104:4690,HOTEL,biwi_hotel,biwi_hotel:104,4690,3,0.2971353828907013,0.5286485552787781,0.17499999701976776,0.18941332399845123,0.5805293917655945,10.122231483459473,1.5,1.2:-9.12;1.36:-9.23;1.4:-9.28;1.4:-9.36;1.37:-9.31;1.37:-9.32;1.32:-9.34;1.39:-9.34,1.4:-9.34;1.42:-9.29;1.41:-9.28;1.42:-9.28;1.41:-9.27;1.43:-9.26;1.41:-9.23;1.44:-9.26;1.43:-9.25;1.43:-9.28;1.41:-9.27;1.38:-9.24,1.438807:-9.355996;1.485557:-9.35933;1.524079:-9.38361;1.575386:-9.394892;1.612526:-9.417907;1.649677:-9.434322;1.690147:-9.463734;1.717767:-9.466854;1.759843:-9.470343;1.807566:-9.494939;1.824675:-9.509161;1.83647:-9.506655
sigma3_hotel_seed42,HOTEL:biwi_hotel:105:4690,HOTEL,biwi_hotel,biwi_hotel:105,4690,3,0.5858764052391052,0.8969364166259766,0.20155644416809082,0.028793778270483017,0.08398184925317764,0.0,1.625,1.37:-8.27;1.37:-8.27;1.37:-8.27;1.37:-8.27;1.37:-8.27;1.37:-8.27;1.37:-8.27;1.33:-8.34,1.36:-8.37;1.37:-8.32;1.37:-8.28;1.37:-8.27;1.37:-8.27;1.37:-8.27;1.37:-8.27;1.37:-8.27;1.35:-8.27;1.33:-8.27;1.33:-8.27;1.33:-8.34,1.315604:-8.430417;1.291803:-8.51151;1.267678:-8.596306;1.243798:-8.693513;1.225464:-8.762171;1.198011:-8.8402;1.164505:-8.906867;1.142863:-8.974929;1.118099:-9.041203;1.051809:-9.070208;1.038328:-9.128337;0.9693781:-9.161247
sigma3_hotel_seed42,HOTEL:biwi_hotel:106:4690,HOTEL,biwi_hotel,biwi_hotel:106,4690,3,0.8724512457847595,1.5842511653900146,0.6087898015975952,0.56425541639328,0.4613802433013916,1.355466365814209,1.0,1.85:-3.51;1.85:-3.31;1.91:-3.08;1.94:-2.92;1.89:-2.66;1.83:-2.43;1.87:-2.2;1.95:-1.97,1.97:-1.79;1.88:-1.55;1.83:-1.36;1.87:-1.16;1.92:-0.95;1.91:-0.68;1.83:-0.41;1.77:-0.23;1.77:-0.06;1.81:0.13;1.8:0.35;1.77:0.54,2.046613:-1.810879;2.115569:-1.656479;2.212858:-1.58532;2.295386:-1.456857;2.379994:-1.376468;2.397933:-1.289335;2.443014:-1.171215;2.58458:-1.116719;2.600444:-0.9996439;2.570109:-0.8917303;2.687815:-0.8184263;2.734604:-0.716738
sigma3_hotel_seed42,HOTEL:biwi_hotel:107:4690,HOTEL,biwi_hotel,biwi_hotel:107,4690,3,0.7923715114593506,1.3828498125076294,0.6087898015975952,0.5582727789878845,0.4004899263381958,1.1953901052474976,1.125,2.49:-3.6;2.49:-3.4;2.53:-3.17;2.56:-3.01;2.51:-2.77;2.45:-2.53;2.47:-2.3;2.55:-2.07,2.57:-1.89;2.5:-1.65;2.45:-1.46;2.47:-1.25;2.52:-1.04;2.58:-0.69;2.57:-0.59;2.54:-0.41;2.5:-0.19;2.5:-0.06;2.5:0.15;2.51:0.31,2.645958:-1.909399;2.714204:-1.754058;2.810108:-1.682091;2.892186:-1.55267;2.976003:-1.471222;2.993283:-1.38362;3.036917:-1.265055;3.178098:-1.209283;3.193134:-1.091364;3.162068:-0.9832435;3.27945:-0.9088421;3.32578:-0.8065912
sigma3_hotel_seed42,HOTEL:biwi_hotel:112:4690,HOTEL,biwi_hotel,biwi_hotel:112,4690,3,2.021023750305176,3.420665979385376,1.7508926391601562,1.5404181480407715,0.6687560081481934,0.5972119569778442,0.375,3.72:-8.77;3.71:-8.18;3.72:-7.63;3.73:-7.06;3.57:-6.41;3.44:-5.73;3.41:-5.19;3.29:-4.5,3.43:-3.81;3.39:-3.17;3.39:-2.53;3.47:-1.84;3.44:-1.24;3.5:-0.68;3.53:-0.12;3.49:0.42;3.53:0.9;3.55:1.3;3.42:1.75;3.41:2.24,3.159841:-3.94618;2.990922:-3.541035;2.698631:-3.198421;2.595008:-2.821106;2.448176:-2.458774;2.26067:-2.198328;1.879486:-1.984123;1.921653:-1.574914;1.708669:-1.257783;1.414757:-1.049446;1.43996:-0.7008843;1.314668:-0.4638009
sigma3_hotel_seed42,HOTEL:biwi_hotel:104:4700,HOTEL,biwi_hotel,biwi_hotel:104,4700,3,0.19510109722614288,0.4033198654651642,0.02500000037252903,0.12364014983177185,0.5032751560211182,9.828463554382324,1.5,1.36:-9.23;1.4:-9.28;1.4:-9.36;1.37:-9.31;1.37:-9.32;1.32:-9.34;1.39:-9.34;1.4:-9.34,1.42:-9.29;1.41:-9.28;1.42:-9.28;1.41:-9.27;1.43:-9.26;1.41:-9.23;1.44:-9.26;1.43:-9.25;1.43:-9.28;1.41:-9.27;1.38:-9.24;1.36:-9.24,1.417459:-9.346147;1.453367:-9.354322;1.481899:-9.339946;1.506652:-9.345741;1.527146:-9.348934;1.558249:-9.33839;1.585769:-9.366364;1.619709:-9.355464;1.651355:-9.369805;1.679714:-9.365898;1.699986:-9.378536;1.732327:-9.395047
sigma3_hotel_seed42,HOTEL:biwi_hotel:105:4700,HOTEL,biwi_hotel,biwi_hotel:105,4700,3,0.26451900601387024,0.39192235469818115,0.1060660183429718,0.04394606500864029,0.16796369850635529,1.3045443296432495,1.625,1.37:-8.27;1.37:-8.27;1.37:-8.27;1.37:-8.27;1.37:-8.27;1.37:-8.27;1.33:-8.34;1.36:-8.37,1.37:-8.32;1.37:-8.28;1.37:-8.27;1.37:-8.27;1.37:-8.27;1.37:-8.27;1.37:-8.27;1.35:-8.27;1.33:-8.27;1.33:-8.27;1.33:-8.34;1.35:-8.28,1.386227:-8.398637;1.412432:-8.413467;1.42841:-8.436338;1.438257:-8.451143;1.463039:-8.47462;1.501981:-8.482242;1.509309:-8.525615;1.530264:-8.517679;1.570996:-8.547098;1.587149:-8.569488;1.593896:-8.581861;1.592178:-8.588144
sigma3_hotel_seed42,HOTEL:biwi_hotel:106:4700,HOTEL,biwi_hotel,biwi_hotel:106,4700,3,0.5179970860481262,0.9147478342056274,0.4527692496776581,0.557508111000061,0.4728598892688751,1.3243635892868042,1.0,1.85:-3.31;1.91:-3.08;1.94:-2.92;1.89:-2.66;1.83:-2.43;1.87:-2.2;1.95:-1.97;1.97:-1.79,1.88:-1.55;1.83:-1.36;1.87:-1.16;1.92:-0.95;1.91:-0.68;1.83:-0.41;1.77:-0.23;1.77:-0.06;1.81:0.13;1.8:0.35;1.77:0.54;1.76:0.69,2.007365:-1.578385;2.010408:-1.388964;2.030621:-1.281595;2.060158:-1.126237;2.088054:-1.005731;2.045936:-0.899212;2.019189:-0.7625934;2.115705:-0.6691625;2.07414:-0.5265864;1.985867:-0.4000443;2.069292:-0.294476;2.070579:-0.1704096
sigma3_hotel_seed42,HOTEL:biwi_hotel:107:4700,HOTEL,biwi_hotel,biwi_hotel:107,4700,3,0.44924798607826233,0.8211872577667236,0.4527692496776581,0.5515255331993103,0.4297633767127991,1.2472788095474243,1.0,2.49:-3.4;2.53:-3.17;2.56:-3.01;2.51:-2.77;2.45:-2.53;2.47:-2.3;2.55:-2.07;2.57:-1.89,2.5:-1.65;2.45:-1.46;2.47:-1.25;2.52:-1.04;2.58:-0.69;2.57:-0.59;2.54:-0.41;2.5:-0.19;2.5:-0.06;2.5:0.15;2.51:0.31;2.47:0.53,2.604955:-1.67882;2.604977:-1.489196;2.62179:-1.382205;2.648654:-1.226994;2.674472:-1.106317;2.631375:-0.9996452;2.601637:-0.86386;2.695932:-0.7695371;2.652948:-0.6285168;2.563639:-0.5025361;2.644048:-0.3971125;2.644601:-0.2724109
sigma3_hotel_seed42,HOTEL:biwi_hotel:112:4700,HOTEL,biwi_hotel,biwi_hotel:112,4700,3,1.5299288034439087,2.7171852588653564,1.7601491212844849,1.5811234712600708,0.8930045962333679,0.934456467628479,0.375,3.71:-8.18;3.72:-7.63;3.73:-7.06;3.57:-6.41;3.44:-5.73;3.41:-5.19;3.29:-4.5;3.43:-3.81,3.39:-3.17;3.39:-2.53;3.47:-1.84;3.44:-1.24;3.5:-0.68;3.53:-0.12;3.49:0.42;3.53:0.9;3.55:1.3;3.42:1.75;3.41:2.24;3.45:2.71,3.523913:-3.286767;3.583853:-2.907609;3.518385:-2.601713;3.612191:-2.206539;3.678472:-1.895746;3.694024:-1.62489;3.481555:-1.419565;3.760188:-1.034213;3.739909:-0.7121933;3.602344:-0.5277007;3.815105:-0.1850703;3.850048:0.02242541
sigma3_hotel_seed42,HOTEL:biwi_hotel:104:4710,HOTEL,biwi_hotel,biwi_hotel:104,4710,3,0.26388171315193176,0.556896984577179,0.13462911546230316,0.1200045794248581,0.5043065547943115,10.344012260437012,1.5,1.4:-9.28;1.4:-9.36;1.37:-9.31;1.37:-9.32;1.32:-9.34;1.39:-9.34;1.4:-9.34;1.42:-9.29,1.41:-9.28;1.42:-9.28;1.41:-9.27;1.43:-9.26;1.41:-9.23;1.44:-9.26;1.43:-9.25;1.43:-9.28;1.41:-9.27;1.38:-9.24;1.36:-9.24;1.29:-9.24,1.461913:-9.268404;1.498739:-9.240374;1.533567:-9.239178;1.57899:-9.210175;1.614429:-9.216153;1.635791:-9.194907;1.667959:-9.200871;1.718899:-9.188259;1.748302:-9.164836;1.792955:-9.174684;1.809514:-9.174841;1.840595:-9.156454
sigma3_hotel_seed42,HOTEL:biwi_hotel:105:4710,HOTEL,biwi_hotel,biwi_hotel:105,4710,3,0.060950398445129395,0.14923438429832458,0.12747548520565033,0.06215684860944748,0.2538617253303528,3.4633431434631348,1.625,1.37:-8.27;1.37:-8.27;1.37:-8.27;1.37:-8.27;1.37:-8.27;1.33:-8.34;1.36:-8.37;1.37:-8.32,1.37:-8.28;1.37:-8.27;1.37:-8.27;1.37:-8.27;1.37:-8.27;1.37:-8.27;1.35:-8.27;1.33:-8.27;1.33:-8.27;1.33:-8.34;1.35:-8.28;1.35:-8.27,1.367311:-8.311625;1.358469:-8.288847;1.348942:-8.29653;1.331585:-8.282469;1.324621:-8.287219;1.314179:-8.279222;1.295498:-8.289296;1.289976:-8.274774;1.286814:-8.268897;1.259476:-8.269654;1.242875:-8.26605;1.202625:-8.246519
sigma3_hotel_seed42,HOTEL:biwi_hotel:106:4710,HOTEL,biwi_hotel,biwi_hotel:106,4710,3,0.6801947951316833,1.314978837966919,0.6408002972602844,0.5641591548919678,0.5240494012832642,1.7239570617675781,1.0,1.91:-3.08;1.94:-2.92;1.89:-2.66;1.83:-2.43;1.87:-2.2;1.95:-1.97;1.97:-1.79;1.88:-1.55,1.83:-1.36;1.87:-1.16;1.92:-0.95;1.91:-0.68;1.83:-0.41;1.77:-0.23;1.77:-0.06;1.81:0.13;1.8:0.35;1.77:0.54;1.76:0.69;1.82:0.87,1.794321:-1.340824;1.700588:-1.156893;1.616571:-1.016852;1.540241:-0.8857161;1.453822:-0.7434147;1.324312:-0.6422868;1.214261:-0.5187908;1.1874:-0.4114686;1.058956:-0.2876096;0.875574:-0.1341814;0.8670667:-0.03524494;0.7733346:0.07397187
sigma3_hotel_seed42,HOTEL:biwi_hotel:107:4710,HOTEL,biwi_hotel,biwi_hotel:107,4710,3,0.5652478337287903,1.0737642049789429,0.625,0.5574353933334351,0.46877989172935486,1.6285730600357056,1.125,2.53:-3.17;2.56:-3.01;2.51:-2.77;2.45:-2.53;2.47:-2.3;2.55:-2.07;2.57:-1.89;2.5:-1.65,2.45:-1.46;2.47:-1.25;2.52:-1.04;2.58:-0.69;2.57:-0.59;2.54:-0.41;2.5:-0.19;2.5:-0.06;2.5:0.15;2.51:0.31;2.47:0.53;2.43:0.75,2.441862:-1.439594;2.382925:-1.258587;2.32865:-1.120255;2.282737:-0.9853431;2.218644:-0.8461018;2.110535:-0.7470208;2.024518:-0.6214294;2.023352:-0.5165081;1.914091:-0.3827907;1.749974:-0.2317737;1.765841:-0.130102;1.689094:-0.02719212
sigma3_hotel_seed42,HOTEL:biwi_hotel:112:4710,HOTEL,biwi_hotel,biwi_hotel:112,4710,3,1.6031368970870972,2.889509439468384,1.6031219959259033,1.6136798858642578,1.0667706727981567,1.1964186429977417,0.5,3.72:-7.63;3.73:-7.06;3.57:-6.41;3.44:-5.73;3.41:-5.19;3.29:-4.5;3.43:-3.81;3.39:-3.17,3.39:-2.53;3.47:-1.84;3.44:-1.24;3.5:-0.68;3.53:-0.12;3.49:0.42;3.53:0.9;3.55:1.3;3.42:1.75;3.41:2.24;3.45:2.71;3.42:3.27,3.331476:-2.645899;3.255009:-2.267329;3.047941:-1.952395;3.014786:-1.586834;2.928699:-1.248095;2.809721:-1.00933;2.50248:-0.7938995;2.601633:-0.4157403;2.44773:-0.1000364;2.201175:0.1027656;2.28709:0.4405673;2.2083:0.6468248
sigma3_hotel_seed42,HOTEL:biwi_hotel:104:4720,HOTEL,biwi_hotel,biwi_hotel:104,4720,3,0.22029997408390045,0.42239806056022644,0.0353553406894207,0.09648390859365463,0.41741424798965454,8.908743858337402,1.5,1.4:-9.36;1.37:-9.31;1.37:-9.32;1.32:-9.34;1.39:-9.34;1.4:-9.34;1.42:-9.29;1.41:-9.28,1.42:-9.28;1.41:-9.27;1.43:-9.26;1.41:-9.23;1.44:-9.26;1.43:-9.25;1.43:-9.28;1.41:-9.27;1.38:-9.24;1.36:-9.24;1.29:-9.24;1.38:-9.28,1.43168:-9.285879;1.471236:-9.293763;1.503805:-9.275914;1.534024:-9.278011;1.56021:-9.285372;1.596254:-9.266452;1.621364:-9.300666;1.669158:-9.285417;1.705626:-9.300508;1.739615:-9.298441;1.760961:-9.313376;1.799422:-9.33005
sigma3_hotel_seed42,HOTEL:biwi_hotel:105:4720,HOTEL,biwi_hotel,biwi_hotel:105,4720,3,0.19953100383281708,0.4395482540130615,0.10000000149011612,0.07644256204366684,0.2685931324958801,3.660738706588745,1.625,1.37:-8.27;1.37:-8.27;1.37:-8.27;1.37:-8.27;1.33:-8.34;1.36:-8.37;1.37:-8.32;1.37:-8.28,1.37:-8.27;1.37:-8.27;1.37:-8.27;1.37:-8.27;1.37:-8.27;1.35:-8.27;1.33:-8.27;1.33:-8.27;1.33:-8.34;1.35:-8.28;1.35:-8.27;1.38:-8.35,1.3461:-8.262774;1.319153:-8.233579;1.291226:-8.226569;1.245399:-8.199011;1.22457:-8.19757;1.203295:-8.170414;1.160788:-8.178503;1.151406:-8.152143;1.140455:-8.145664;1.089845:-8.137394;1.064091:-8.126984;1.01099:-8.111181
sigma3_hotel_seed42,HOTEL:biwi_hotel:106:4720,HOTEL,biwi_hotel,biwi_hotel:106,4720,3,0.7045643925666809,1.3538851737976074,0.49117207527160645,0.5761879682540894,0.4573501646518707,1.4500677585601807,1.125,1.94:-2.92;1.89:-2.66;1.83:-2.43;1.87:-2.2;1.95:-1.97;1.97:-1.79;1.88:-1.55;1.83:-1.36,1.87:-1.16;1.92:-0.95;1.91:-0.68;1.83:-0.41;1.77:-0.23;1.77:-0.06;1.81:0.13;1.8:0.35;1.77:0.54;1.76:0.69;1.82:0.87;1.9:1.05,1.765702:-1.182309;1.696694:-1.019408;1.650201:-0.8965446;1.591565:-0.785841;1.52778:-0.6659088;1.419049:-0.5763842;1.346559:-0.4620414;1.332745:-0.3815038;1.227727:-0.2737643;1.065133:-0.1250429;1.070366:-0.04807568;0.9899493:0.04759645
sigma3_hotel_seed42,HOTEL:biwi_hotel:107:4720,HOTEL,biwi_hotel,biwi_hotel:107,4720,3,0.6997219920158386,1.2689576148986816,0.49117207527160645,0.5694642066955566,0.40702423453330994,1.2643001079559326,1.25,2.56:-3.01;2.51:-2.77;2.45:-2.53;2.47:-2.3;2.55:-2.07;2.57:-1.89;2.5:-1.65;2.45:-1.46,2.47:-1.25;2.52:-1.04;2.58:-0.69;2.57:-0.59;2.54:-0.41;2.5:-0.19;2.5:-0.06;2.5:0.15;2.51:0.31;2.47:0.53;2.43:0.75;2.4:0.95,2.387527:-1.283086;2.3202:-1.120658;2.275594:-0.9987305;2.218561:-0.8880818;2.156528:-0.7691022;2.049282:-0.6796697;1.97842:-0.5655441;1.966532:-0.4858195;1.862971:-0.3782748;1.702057:-0.2301881;1.708362:-0.1537745;1.629589:-0.05832577
sigma3_hotel_seed42,HOTEL:biwi_hotel:104:4730,HOTEL,biwi_hotel,biwi_hotel:104,4730,3,0.16071964800357819,0.27725666761398315,0.02500000037252903,0.07923050969839096,0.3708294928073883,8.663764953613281,1.5,1.37:-9.31;1.37:-9.32;1.32:-9.34;1.39:-9.34;1.4:-9.34;1.42:-9.29;1.41:-9.28;1.42:-9.28,1.41:-9.27;1.43:-9.26;1.41:-9.23;1.44:-9.26;1.43:-9.25;1.43:-9.28;1.41:-9.27;1.38:-9.24;1.36:-9.24;1.29:-9.24;1.38:-9.28;1.36:-9.24,1.393979:-9.299286;1.378115:-9.318371;1.358166:-9.320514;1.334667:-9.338173;1.312957:-9.355478;1.295732:-9.355136;1.271114:-9.390512;1.262883:-9.390971;1.251899:-9.410667;1.22729:-9.414461;1.207508:-9.433102;1.180602:-9.451394
sigma3_hotel_seed42,HOTEL:biwi_hotel:105:4730,HOTEL,biwi_hotel,biwi_hotel:105,4730,3,0.14666442573070526,0.2866104245185852,0.02500000037252903,0.08001399040222168,0.2998431324958801,3.660738706588745,1.5,1.37:-8.27;1.37:-8.27;1.37:-8.27;1.33:-8.34;1.36:-8.37;1.37:-8.32;1.37:-8.28;1.37:-8.27,1.37:-8.27;1.37:-8.27;1.37:-8.27;1.37:-8.27;1.35:-8.27;1.33:-8.27;1.33:-8.27;1.33:-8.34;1.35:-8.28;1.35:-8.27;1.38:-8.35;1.35:-8.28,1.34429:-8.291487;1.331243:-8.310305;1.316785:-8.313375;1.30044:-8.343959;1.273175:-8.352745;1.25414:-8.370142;1.244802:-8.399359;1.211771:-8.403194;1.1954:-8.423063;1.175148:-8.422322;1.153765:-8.440682;1.121591:-8.453133
sigma3_hotel_seed42,HOTEL:biwi_hotel:106:4730,HOTEL,biwi_hotel,biwi_hotel:106,4730,3,0.6257918477058411,1.1088156700134277,0.5099019408226013,0.5544725060462952,0.518736720085144,1.8395929336547852,1.25,1.89:-2.66;1.83:-2.43;1.87:-2.2;1.95:-1.97;1.97:-1.79;1.88:-1.55;1.83:-1.36;1.87:-1.16,1.92:-0.95;1.91:-0.68;1.83:-0.41;1.77:-0.23;1.77:-0.06;1.81:0.13;1.8:0.35;1.77:0.54;1.76:0.69;1.82:0.87;1.9:1.05;1.93:1.21,1.870523:-0.9989048;1.865843:-0.8478907;1.885794:-0.7462689;1.88697:-0.6369494;1.882004:-0.5367723;1.827562:-0.4541182;1.811796:-0.3423198;1.855819:-0.2780956;1.802226:-0.1700795;1.693475:-0.03616405;1.745099:0.03372002;1.712482:0.1227291
sigma3_hotel_seed42,HOTEL:biwi_hotel:107:4730,HOTEL,biwi_hotel,biwi_hotel:107,4730,3,0.5725075602531433,1.164735198020935,0.5273755788803101,0.5572488903999329,0.47244203090667725,1.5769922733306885,1.375,2.51:-2.77;2.45:-2.53;2.47:-2.3;2.55:-2.07;2.57:-1.89;2.5:-1.65;2.45:-1.46;2.47:-1.25,2.52:-1.04;2.58:-0.69;2.57:-0.59;2.54:-0.41;2.5:-0.19;2.5:-0.06;2.5:0.15;2.51:0.31;2.47:0.53;2.43:0.75;2.4:0.95;2.38:1.23,2.453016:-1.080328;2.430058:-0.9233677;2.429967:-0.8142417;2.415104:-0.7017009;2.3939:-0.5936452;2.323919:-0.5077296;2.290303:-0.3935676;2.319433:-0.3219796;2.250896:-0.2114373;2.126748:-0.0730902;2.166564:0.001692772;2.120938:0.09444082
sigma3_hotel_seed42,HOTEL:biwi_hotel:104:4740,HOTEL,biwi_hotel,biwi_hotel:104,4740,3,0.04905594885349274,0.0605483204126358,0.0353553406894207,0.08070984482765198,0.3410070836544037,9.829669952392578,1.375,1.37:-9.32;1.32:-9.34;1.39:-9.34;1.4:-9.34;1.42:-9.29;1.41:-9.28;1.42:-9.28;1.41:-9.27,1.43:-9.26;1.41:-9.23;1.44:-9.26;1.43:-9.25;1.43:-9.28;1.41:-9.27;1.38:-9.24;1.36:-9.24;1.29:-9.24;1.38:-9.28;1.36:-9.24;1.35:-9.26,1.400282:-9.261194;1.393004:-9.259644;1.387401:-9.250804;1.380638:-9.237421;1.378632:-9.242261;1.364349:-9.217791;1.35981:-9.23;1.387849:-9.22709;1.383001:-9.224978;1.387316:-9.226826;1.385236:-9.235289;1.407371:-9.240643
sigma3_hotel_seed42,HOTEL:biwi_hotel:105:4740,HOTEL,biwi_hotel,biwi_hotel:105,4740,3,0.1550760120153427,0.3042042851448059,0.0,0.08001399040222168,0.31025978922843933,3.660738706588745,1.375,1.37:-8.27;1.37:-8.27;1.33:-8.34;1.36:-8.37;1.37:-8.32;1.37:-8.28;1.37:-8.27;1.37:-8.27,1.37:-8.27;1.37:-8.27;1.37:-8.27;1.35:-8.27;1.33:-8.27;1.33:-8.27;1.33:-8.34;1.35:-8.28;1.35:-8.27;1.38:-8.35;1.35:-8.28;1.35:-8.27,1.343125:-8.290009;1.325277:-8.3076;1.303429:-8.314463;1.274431:-8.335061;1.249624:-8.345983;1.232978:-8.354529;1.211175:-8.383933;1.188156:-8.384149;1.175395:-8.405753;1.147211:-8.409071;1.126305:-8.422514;1.094896:-8.435718
sigma3_hotel_seed42,HOTEL:biwi_hotel:106:4740,HOTEL,biwi_hotel,biwi_hotel:106,4740,3,0.7412791848182678,1.280429720878601,0.5396758317947388,0.5466771721839905,0.4293014109134674,1.4485673904418945,1.375,1.83:-2.43;1.87:-2.2;1.95:-1.97;1.97:-1.79;1.88:-1.55;1.83:-1.36;1.87:-1.16;1.92:-0.95,1.91:-0.68;1.83:-0.41;1.77:-0.23;1.77:-0.06;1.81:0.13;1.8:0.35;1.77:0.54;1.76:0.69;1.82:0.87;1.9:1.05;1.93:1.21;1.88:1.47,1.970356:-0.8005246;2.000944:-0.6532301;2.065174:-0.5734003;2.105517:-0.4614737;2.149392:-0.3786346;2.132835:-0.2962154;2.154564:-0.1842562;2.247572:-0.1340002;2.232599:-0.02948719;2.166596:0.08959299;2.250473:0.1528701;2.259659:0.2471512
sigma3_hotel_seed42,HOTEL:biwi_hotel:107:4740,HOTEL,biwi_hotel,biwi_hotel:107,4740,3,0.6736807227134705,1.3819633722305298,0.5396758317947388,0.5459932088851929,0.4197101891040802,1.3840667009353638,1.5,2.45:-2.53;2.47:-2.3;2.55:-2.07;2.57:-1.89;2.5:-1.65;2.45:-1.46;2.47:-1.25;2.52:-1.04,2.58:-0.69;2.57:-0.59;2.54:-0.41;2.5:-0.19;2.5:-0.06;2.5:0.15;2.51:0.31;2.47:0.53;2.43:0.75;2.4:0.95;2.38:1.23;2.34:1.46,2.56936:-0.8881086;2.598217:-0.7391152;2.66028:-0.6581775;2.69965:-0.5446101;2.742539:-0.4603082;2.724478:-0.3768612;2.74396:-0.2639077;2.836745:-0.2120653;2.820349:-0.1061727;2.75307:0.01329982;2.836563:0.07811379;2.845119:0.1736575
sigma3_hotel_seed42,HOTEL:biwi_hotel:104:4750,HOTEL,biwi_hotel,biwi_hotel:104,4750,3,0.2600186765193939,0.521186888217926,0.055901698768138885,0.06946307420730591,0.24553287029266357,8.961130142211914,1.25,1.32:-9.34;1.39:-9.34;1.4:-9.34;1.42:-9.29;1.41:-9.28;1.42:-9.28;1.41:-9.27;1.43:-9.26,1.41:-9.23;1.44:-9.26;1.43:-9.25;1.43:-9.28;1.41:-9.27;1.38:-9.24;1.36:-9.24;1.29:-9.24;1.38:-9.28;1.36:-9.24;1.35:-9.26;1.31:-9.19,1.451775:-9.251366;1.486975:-9.24821;1.520817:-9.224742;1.546983:-9.215109;1.575726:-9.212144;1.60475:-9.185978;1.6362:-9.202555;1.688439:-9.188896;1.721567:-9.193476;1.75315:-9.183149;1.783414:-9.190611;1.831075:-9.200806
sigma3_hotel_seed42,HOTEL:biwi_hotel:105:4750,HOTEL,biwi_hotel,biwi_hotel:105,4750,3,0.07301206886768341,0.14590995013713837,0.0,0.08001399040222168,0.22627794742584229,3.660738706588745,1.25,1.37:-8.27;1.33:-8.34;1.36:-8.37;1.37:-8.32;1.37:-8.28;1.37:-8.27;1.37:-8.27;1.37:-8.27,1.37:-8.27;1.37:-8.27;1.35:-8.27;1.33:-8.27;1.33:-8.27;1.33:-8.34;1.35:-8.28;1.35:-8.27;1.38:-8.35;1.35:-8.28;1.35:-8.27;1.35:-8.27,1.368605:-8.280015;1.380914:-8.291382;1.386211:-8.290205;1.388147:-8.301889;1.388873:-8.302316;1.399827:-8.305326;1.413658:-8.323623;1.418466:-8.322999;1.42941:-8.339868;1.43897:-8.338113;1.444377:-8.348495;1.462102:-8.363397
sigma3_hotel_seed42,HOTEL:biwi_hotel:106:4750,HOTEL,biwi_hotel,biwi_hotel:106,4750,3,0.3895871341228485,0.8228846788406372,0.6754627823829651,0.5597959756851196,0.4760231077671051,1.5567846298217773,1.5,1.87:-2.2;1.95:-1.97;1.97:-1.79;1.88:-1.55;1.83:-1.36;1.87:-1.16;1.92:-0.95;1.91:-0.68,1.83:-0.41;1.77:-0.23;1.77:-0.06;1.81:0.13;1.8:0.35;1.77:0.54;1.76:0.69;1.82:0.87;1.9:1.05;1.93:1.21;1.88:1.47;1.85:1.68,1.90173:-0.4743354;1.867253:-0.2893595;1.849911:-0.1732237;1.838668:-0.02982694;1.825255:0.09528035;1.75142:0.1988493;1.695607:0.3287025;1.746007:0.4236203;1.673525:0.5549654;1.551512:0.6900888;1.599072:0.7893415;1.566269:0.9075779
sigma3_hotel_seed42,HOTEL:biwi_hotel:107:4750,HOTEL,biwi_hotel,biwi_hotel:107,4750,3,0.34568238258361816,0.6811187267303467,0.887764036655426,0.5903638005256653,0.503415048122406,1.200033187866211,1.625,2.47:-2.3;2.55:-2.07;2.57:-1.89;2.5:-1.65;2.45:-1.46;2.47:-1.25;2.52:-1.04;2.58:-0.69,2.57:-0.59;2.54:-0.41;2.5:-0.19;2.5:-0.06;2.5:0.15;2.51:0.31;2.47:0.53;2.43:0.75;2.4:0.95;2.38:1.23;2.34:1.46;2.31:1.64,2.64179:-0.4356845;2.651368:-0.2155346;2.666795:-0.1000009;2.717282:0.09294617;2.76508:0.2327894;2.731251:0.3579515;2.690446:0.5135341;2.823946:0.634533;2.788124:0.8064187;2.712011:0.9285045;2.817359:1.065063;2.841694:1.214296
sigma3_hotel_seed42,HOTEL:biwi_hotel:104:4760,HOTEL,biwi_hotel,biwi_hotel:104,4760,3,0.19277875125408173,0.2556600570678711,0.09013878554105759,0.05734004080295563,0.2296176254749298,10.656281471252441,1.125,1.39:-9.34;1.4:-9.34;1.42:-9.29;1.41:-9.28;1.42:-9.28;1.41:-9.27;1.43:-9.26;1.41:-9.23,1.44:-9.26;1.43:-9.25;1.43:-9.28;1.41:-9.27;1.38:-9.24;1.36:-9.24;1.29:-9.24;1.38:-9.28;1.36:-9.24;1.35:-9.26;1.31:-9.19;1.3:-9.18,1.380797:-9.208522;1.350404:-9.184855;1.323932:-9.167842;1.285182:-9.13866;1.262981:-9.139637;1.229589:-9.102106;1.188848:-9.111699;1.195364:-9.090171;1.174895:-9.078563;1.133912:-9.069901;1.109647:-9.066706;1.076123:-9.056544
sigma3_hotel_seed42,HOTEL:biwi_hotel:105:4760,HOTEL,biwi_hotel,biwi_hotel:105,4760,3,0.18192684650421143,0.33122122287750244,0.0,0.05122021585702896,0.14229609072208405,2.356194496154785,1.125,1.33:-8.34;1.36:-8.37;1.37:-8.32;1.37:-8.28;1.37:-8.27;1.37:-8.27;1.37:-8.27;1.37:-8.27,1.37:-8.27;1.35:-8.27;1.33:-8.27;1.33:-8.27;1.33:-8.34;1.35:-8.28;1.35:-8.27;1.38:-8.35;1.35:-8.28;1.35:-8.27;1.35:-8.27;1.35:-8.27,1.385092:-8.278908;1.417474:-8.290513;1.441437:-8.280529;1.46189:-8.287353;1.480726:-8.293756;1.509153:-8.284599;1.532473:-8.313819;1.566149:-8.306207;1.596193:-8.321942;1.621325:-8.321228;1.640104:-8.334846;1.670381:-8.354046
sigma3_hotel_seed42,HOTEL:biwi_hotel:106:4760,HOTEL,biwi_hotel,biwi_hotel:106,4760,3,0.6850736737251282,1.342368721961975,0.7040063738822937,0.5733983516693115,0.4675830006599426,1.5837403535842896,1.625,1.95:-1.97;1.97:-1.79;1.88:-1.55;1.83:-1.36;1.87:-1.16;1.92:-0.95;1.91:-0.68;1.83:-0.41,1.77:-0.23;1.77:-0.06;1.81:0.13;1.8:0.35;1.77:0.54;1.76:0.69;1.82:0.87;1.9:1.05;1.93:1.21;1.88:1.47;1.85:1.68;1.88:1.89,1.741931:-0.1754121;1.628835:0.02924469;1.525295:0.175965;1.441857:0.3267324;1.354412:0.4823506;1.21376:0.596346;1.082507:0.7319375;1.062108:0.8548247;0.9245661:0.9912887;0.7347831:1.145497;0.7265447:1.260622;0.6343728:1.389633
sigma3_hotel_seed42,HOTEL:biwi_hotel:107:4760,HOTEL,biwi_hotel,biwi_hotel:107,4760,3,0.7772940993309021,1.5947542190551758,0.2512468993663788,0.5392862558364868,0.6924906969070435,1.2454004287719727,1.75,2.55:-2.07;2.57:-1.89;2.5:-1.65;2.45:-1.46;2.47:-1.25;2.52:-1.04;2.58:-0.69;2.57:-0.59,2.54:-0.41;2.5:-0.19;2.5:-0.06;2.5:0.15;2.51:0.31;2.47:0.53;2.43:0.75;2.4:0.95;2.38:1.23;2.34:1.46;2.31:1.64;2.33:1.85,2.542366:-0.4911139;2.532722:-0.3868713;2.547258:-0.3043734;2.526864:-0.2463204;2.495419:-0.1743844;2.44381:-0.1231112;2.436065:-0.05120379;2.426949:-0.01088804;2.373721:0.05187935;2.266851:0.1709385;2.279888:0.2043974;2.221671:0.2589293
sigma3_hotel_seed42,HOTEL:biwi_hotel:104:4770,HOTEL,biwi_hotel,biwi_hotel:104,4770,3,0.48977622389793396,0.9021835923194885,0.1060660183429718,0.06892090290784836,0.25785958766937256,12.410188674926758,1.0,1.4:-9.34;1.42:-9.29;1.41:-9.28;1.42:-9.28;1.41:-9.27;1.43:-9.26;1.41:-9.23;1.44:-9.26,1.43:-9.25;1.43:-9.28;1.41:-9.27;1.38:-9.24;1.36:-9.24;1.29:-9.24;1.38:-9.28;1.36:-9.24;1.35:-9.26;1.31:-9.19;1.3:-9.18;1.3:-9.18,1.492127:-9.264597;1.564744:-9.26702;1.628299:-9.243326;1.685608:-9.242491;1.741146:-9.24099;1.818022:-9.219497;1.873518:-9.253953;1.942932:-9.22651;2.012971:-9.248729;2.080193:-9.243939;2.125089:-9.253962;2.198084:-9.26591
sigma3_hotel_seed42,HOTEL:biwi_hotel:105:4770,HOTEL,biwi_hotel,biwi_hotel:105,4770,3,0.23417405784130096,0.43515393137931824,0.0,0.03606792539358139,0.05639805644750595,0.19739556312561035,1.0,1.36:-8.37;1.37:-8.32;1.37:-8.28;1.37:-8.27;1.37:-8.27;1.37:-8.27;1.37:-8.27;1.37:-8.27,1.35:-8.27;1.33:-8.27;1.33:-8.27;1.33:-8.34;1.35:-8.28;1.35:-8.27;1.38:-8.35;1.35:-8.28;1.35:-8.27;1.35:-8.27;1.35:-8.27;1.35:-8.27,1.39389:-8.277514;1.433108:-8.286191;1.46255:-8.279822;1.487858:-8.283686;1.515334:-8.283402;1.557007:-8.276031;1.59032:-8.298025;1.62836:-8.289399;1.666812:-8.308989;1.703843:-8.308154;1.729846:-8.317412;1.780584:-8.332902
sigma3_hotel_seed42,HOTEL:biwi_hotel:106:4770,HOTEL,biwi_hotel,biwi_hotel:106,4770,3,0.7484018206596375,1.5079282522201538,0.47434166073799133,0.5764801502227783,0.4330994784832001,1.1480076313018799,1.75,1.97:-1.79;1.88:-1.55;1.83:-1.36;1.87:-1.16;1.92:-0.95;1.91:-0.68;1.83:-0.41;1.77:-0.23,1.77:-0.06;1.81:0.13;1.8:0.35;1.77:0.54;1.76:0.69;1.82:0.87;1.9:1.05;1.93:1.21;1.88:1.47;1.85:1.68;1.88:1.89;1.91:2.08,1.687164:-0.06462997;1.606266:0.09020315;1.545644:0.2118058;1.470593:0.3113942;1.389562:0.4291421;1.275008:0.5128993;1.19276:0.6176854;1.156035:0.6974766;1.042465:0.7919267;0.8709958:0.9401886;0.8566912:1.01002;0.7645042:1.099344
sigma3_hotel_seed42,HOTEL:biwi_hotel:107:4770,HOTEL,biwi_hotel,biwi_hotel:107,4770,3,0.6669853329658508,1.3912451267242432,0.45620718598365784,0.539777398109436,0.6657152771949768,0.9164291620254517,1.875,2.57:-1.89;2.5:-1.65;2.45:-1.46;2.47:-1.25;2.52:-1.04;2.58:-0.69;2.57:-0.59;2.54:-0.41,2.5:-0.19;2.5:-0.06;2.5:0.15;2.51:0.31;2.47:0.53;2.43:0.75;2.4:0.95;2.38:1.23;2.34:1.46;2.31:1.64;2.33:1.85;2.36:2.04,2.505935:-0.2791772;2.48262:-0.1493462;2.484512:-0.05149254;2.455917:0.03085569;2.419705:0.1213429;2.352636:0.1906882;2.327694:0.2836109;2.328681:0.336881;2.259951:0.4184031;2.133538:0.5538564;2.150873:0.6033654;2.09383:0.6744537
sigma3_hotel_seed42,HOTEL:biwi_hotel:104:4780,HOTEL,biwi_hotel,biwi_hotel:104,4780,3,0.11199098825454712,0.21844789385795593,0.0353553406894207,0.054738931357860565,0.26470184326171875,14.385876655578613,1.0,1.42:-9.29;1.41:-9.28;1.42:-9.28;1.41:-9.27;1.43:-9.26;1.41:-9.23;1.44:-9.26;1.43:-9.25,1.43:-9.28;1.41:-9.27;1.38:-9.24;1.36:-9.24;1.29:-9.24;1.38:-9.28;1.36:-9.24;1.35:-9.26;1.31:-9.19;1.3:-9.18;1.3:-9.18;1.3:-9.18,1.398899:-9.254964;1.370008:-9.263944;1.341248:-9.261124;1.30602:-9.256742;1.284831:-9.275874;1.254227:-9.252614;1.21373:-9.283065;1.226151:-9.278957;1.208274:-9.286959;1.176343:-9.293239;1.154056:-9.307023;1.131701:-9.319266
sigma3_hotel_seed42,HOTEL:biwi_hotel:105:4780,HOTEL,biwi_hotel,biwi_hotel:105,4780,3,0.06773240119218826,0.07384578883647919,0.05000000074505806,0.02500000037252903,0.0625,1.5707963705062866,1.0,1.37:-8.32;1.37:-8.28;1.37:-8.27;1.37:-8.27;1.37:-8.27;1.37:-8.27;1.37:-8.27;1.35:-8.27,1.33:-8.27;1.33:-8.27;1.33:-8.34;1.35:-8.28;1.35:-8.27;1.38:-8.35;1.35:-8.28;1.35:-8.27;1.35:-8.27;1.35:-8.27;1.35:-8.27;1.33:-8.29,1.340684:-8.263776;1.335965:-8.263415;1.323271:-8.27134;1.303521:-8.26193;1.294165:-8.25265;1.286304:-8.253898;1.285127:-8.24867;1.277531:-8.246668;1.272568:-8.244671;1.265385:-8.249557;1.266053:-8.239096;1.273178:-8.242836
sigma3_hotel_seed42,HOTEL:biwi_hotel:106:4780,HOTEL,biwi_hotel,biwi_hotel:106,4780,3,0.6403655409812927,1.3012189865112305,0.42500001192092896,0.5456515550613403,0.4297623634338379,1.3683111667633057,1.75,1.88:-1.55;1.83:-1.36;1.87:-1.16;1.92:-0.95;1.91:-0.68;1.83:-0.41;1.77:-0.23;1.77:-0.06,1.81:0.13;1.8:0.35;1.77:0.54;1.76:0.69;1.82:0.87;1.9:1.05;1.93:1.21;1.88:1.47;1.85:1.68;1.88:1.89;1.91:2.08;1.9:2.26,1.745846:0.07528076;1.72956:0.2080654;1.739422:0.3056415;1.719608:0.3924821;1.692559:0.4832678;1.629969:0.5546919;1.610854:0.6514037;1.623151:0.7046053;1.559829:0.7914137;1.43902:0.9264756;1.465939:0.9787686;1.415442:1.052368
sigma3_hotel_seed42,HOTEL:biwi_hotel:107:4780,HOTEL,biwi_hotel,biwi_hotel:107,4780,3,0.5759043097496033,1.1958426237106323,0.55901700258255,0.5303512215614319,0.6525688171386719,0.9046635627746582,2.0,2.5:-1.65;2.45:-1.46;2.47:-1.25;2.52:-1.04;2.58:-0.69;2.57:-0.59;2.54:-0.41;2.5:-0.19,2.5:-0.06;2.5:0.15;2.51:0.31;2.47:0.53;2.43:0.75;2.4:0.95;2.38:1.23;2.34:1.46;2.31:1.64;2.33:1.85;2.36:2.04;2.36:2.22,2.437763:-0.00792858;2.363753:0.1595334;2.316284:0.2820581;2.256764:0.3965817;2.196418:0.517305;2.084947:0.610283;2.011053:0.7285419;2.001995:0.8089196;1.896619:0.9189622;1.73387:1.068001;1.741795:1.146635;1.663391:1.248004
sigma3_hotel_seed42,HOTEL:biwi_hotel:104:4790,HOTEL,biwi_hotel,biwi_hotel:104,4790,3,0.2915153205394745,0.4600752294063568,0.07500000298023224,0.06040245294570923,0.2843584716320038,14.385876655578613,1.0,1.41:-9.28;1.42:-9.28;1.41:-9.27;1.43:-9.26;1.41:-9.23;1.44:-9.26;1.43:-9.25;1.43:-9.28,1.41:-9.27;1.38:-9.24;1.36:-9.24;1.29:-9.24;1.38:-9.28;1.36:-9.24;1.35:-9.26;1.31:-9.19;1.3:-9.18;1.3:-9.18;1.3:-9.18;1.3:-9.18,1.442159:-9.316175;1.449746:-9.342456;1.450524:-9.383323;1.460169:-9.414093;1.463133:-9.450589;1.463813:-9.480849;1.463773:-9.524984;1.458842:-9.539598;1.466595:-9.5574;1.472451:-9.593416;1.45962:-9.615766;1.431126:-9.620994
sigma3_hotel_seed42,HOTEL:biwi_hotel:105:4790,HOTEL,biwi_hotel,biwi_hotel:105,4790,3,0.14977477490901947,0.19653743505477905,0.05000000074505806,0.01785714365541935,0.03125,1.5707963705062866,1.0,1.37:-8.28;1.37:-8.27;1.37:-8.27;1.37:-8.27;1.37:-8.27;1.37:-8.27;1.35:-8.27;1.33:-8.27,1.33:-8.27;1.33:-8.34;1.35:-8.28;1.35:-8.27;1.38:-8.35;1.35:-8.28;1.35:-8.27;1.35:-8.27;1.35:-8.27;1.35:-8.27;1.33:-8.29;1.31:-8.29,1.311759:-8.267038;1.292904:-8.269048;1.268775:-8.282204;1.231797:-8.273515;1.216053:-8.270366;1.196349:-8.270725;1.180914:-8.269325;1.168107:-8.269899;1.156941:-8.26948;1.132367:-8.278049;1.126462:-8.268332;1.114317:-8.271696
sigma3_hotel_seed42,HOTEL:biwi_hotel:106:4790,HOTEL,biwi_hotel,biwi_hotel:106,4790,3,0.6111257076263428,1.2586662769317627,0.48541221022605896,0.5448287129402161,0.38202017545700073,1.1210881471633911,1.75,1.83:-1.36;1.87:-1.16;1.92:-0.95;1.91:-0.68;1.83:-0.41;1.77:-0.23;1.77:-0.06;1.81:0.13,1.8:0.35;1.77:0.54;1.76:0.69;1.82:0.87;1.9:1.05;1.93:1.21;1.88:1.47;1.85:1.68;1.88:1.89;1.91:2.08;1.9:2.26;1.83:2.51,1.850456:0.2731636;1.890234:0.4103647;1.958044:0.4967042;1.997575:0.5996501;2.029182:0.6818616;2.008386:0.7576703;2.035013:0.8652273;2.114728:0.9114711;2.094026:1.017246;2.018928:1.142612;2.099359:1.201384;2.095468:1.279647
sigma3_hotel_seed42,HOTEL:biwi_hotel:107:4790,HOTEL,biwi_hotel,biwi_hotel:107,4790,3,0.8227558135986328,1.531339406967163,0.32499998807907104,0.5066123604774475,0.679326593875885,0.7322416305541992,2.0,2.45:-1.46;2.47:-1.25;2.52:-1.04;2.58:-0.69;2.57:-0.59;2.54:-0.41;2.5:-0.19;2.5:-0.06,2.5:0.15;2.51:0.31;2.47:0.53;2.43:0.75;2.4:0.95;2.38:1.23;2.34:1.46;2.31:1.64;2.33:1.85;2.36:2.04;2.36:2.22;2.45:2.42,2.510609:0.0542778;2.550953:0.1662252;2.604707:0.2560924;2.625984:0.3281231;2.625425:0.4071195;2.604944:0.4604319;2.630459:0.5438984;2.656808:0.5889632;2.631752:0.6727878;2.546919:0.7980228;2.599523:0.8438283;2.563771:0.8928928
sigma3_hotel_seed42,HOTEL:biwi_hotel:104:4800,HOTEL,biwi_hotel,biwi_hotel:104,4800,3,0.11662069708108902,0.21375581622123718,0.055901698768138885,0.06481698155403137,0.3076508343219757,14.064126014709473,1.0,1.42:-9.28;1.41:-9.27;1.43:-9.26;1.41:-9.23;1.44:-9.26;1.43:-9.25;1.43:-9.28;1.41:-9.27,1.38:-9.24;1.36:-9.24;1.29:-9.24;1.38:-9.28;1.36:-9.24;1.35:-9.26;1.31:-9.19;1.3:-9.18;1.3:-9.18;1.3:-9.18;1.3:-9.18;1.3:-9.18,1.375665:-9.260977;1.342497:-9.258512;1.313949:-9.244532;1.278606:-9.228554;1.255644:-9.241855;1.215118:-9.207237;1.175777:-9.228272;1.192281:-9.221475;1.168609:-9.216902;1.135614:-9.215993;1.113954:-9.226464;1.09309:-9.233664
sigma3_hotel_seed42,HOTEL:biwi_hotel:105:4800,HOTEL,biwi_hotel,biwi_hotel:105,4800,3,0.05808700993657112,0.08538662642240524,0.0,0.014285714365541935,0.0416666679084301,0.0,1.0,1.37:-8.27;1.37:-8.27;1.37:-8.27;1.37:-8.27;1.37:-8.27;1.35:-8.27;1.33:-8.27;1.33:-8.27,1.33:-8.34;1.35:-8.28;1.35:-8.27;1.38:-8.35;1.35:-8.28;1.35:-8.27;1.35:-8.27;1.35:-8.27;1.35:-8.27;1.33:-8.29;1.31:-8.29;1.23:-8.23,1.322083:-8.270313;1.32351:-8.274722;1.315042:-8.280559;1.300895:-8.27896;1.2929:-8.271533;1.293195:-8.27541;1.294587:-8.277513;1.287785:-8.274815;1.287585:-8.280848;1.283421:-8.282757;1.28476:-8.277702;1.294111:-8.286397
sigma3_hotel_seed42,HOTEL:biwi_hotel:106:4800,HOTEL,biwi_hotel,biwi_hotel:106,4800,3,0.4525597095489502,0.987968921661377,0.5505678653717041,0.5506380796432495,0.428027868270874,1.3376600742340088,1.625,1.87:-1.16;1.92:-0.95;1.91:-0.68;1.83:-0.41;1.77:-0.23;1.77:-0.06;1.81:0.13;1.8:0.35,1.77:0.54;1.76:0.69;1.82:0.87;1.9:1.05;1.93:1.21;1.88:1.47;1.85:1.68;1.88:1.89;1.91:2.08;1.9:2.26;1.83:2.51;1.8:2.68,1.79995:0.5227693;1.793581:0.6808246;1.80906:0.7874855;1.811034:0.905722;1.804772:1.011138;1.745201:1.099043;1.723513:1.21609;1.772332:1.285677;1.714182:1.403231;1.601956:1.538854;1.655795:1.615375;1.623155:1.707988
sigma3_hotel_seed42,HOTEL:biwi_hotel:107:4800,HOTEL,biwi_hotel,biwi_hotel:107,4800,3,0.672599732875824,1.2635447978973389,0.5249999761581421,0.5062729716300964,0.7314099073410034,0.5934501886367798,2.0,2.47:-1.25;2.52:-1.04;2.58:-0.69;2.57:-0.59;2.54:-0.41;2.5:-0.19;2.5:-0.06;2.5:0.15,2.51:0.31;2.47:0.53;2.43:0.75;2.4:0.95;2.38:1.23;2.34:1.46;2.31:1.64;2.33:1.85;2.36:2.04;2.36:2.22;2.45:2.42;2.47:2.6,2.513183:0.2968714;2.514957:0.4422426;2.542469:0.5287219;2.55091:0.6346805;2.559321:0.7237023;2.522233:0.8043094;2.512968:0.9080784;2.568832:0.9672683;2.529247:1.061875;2.438764:1.184045;2.489155:1.246181;2.474489:1.336463
sigma3_hotel_seed42,HOTEL:biwi_hotel:104:4810,HOTEL,biwi_hotel,biwi_hotel:104,4810,3,0.08989108353853226,0.20283742249011993,0.1060660183429718,0.07491850852966309,0.29969322681427,12.493330001831055,1.0,1.41:-9.27;1.43:-9.26;1.41:-9.23;1.44:-9.26;1.43:-9.25;1.43:-9.28;1.41:-9.27;1.38:-9.24,1.36:-9.24;1.29:-9.24;1.38:-9.28;1.36:-9.24;1.35:-9.26;1.31:-9.19;1.3:-9.18;1.3:-9.18;1.3:-9.18;1.3:-9.18;1.3:-9.18;1.3:-9.18,1.365828:-9.236692;1.348607:-9.221122;1.331794:-9.227073;1.309812:-9.221984;1.290706:-9.229177;1.268011:-9.226774;1.244821:-9.241893;1.223945:-9.230377;1.210321:-9.225201;1.17877:-9.227747;1.152614:-9.228505;1.099964:-9.213593
sigma3_hotel_seed42,HOTEL:biwi_hotel:105:4810,HOTEL,biwi_hotel,biwi_hotel:105,4810,3,0.4897785186767578,0.7878817915916443,0.17499999701976776,0.03928571566939354,0.1145833358168602,1.5707963705062866,1.0,1.37:-8.27;1.37:-8.27;1.37:-8.27;1.37:-8.27;1.35:-8.27;1.33:-8.27;1.33:-8.27;1.33:-8.34,1.35:-8.28;1.35:-8.27;1.38:-8.35;1.35:-8.28;1.35:-8.27;1.35:-8.27;1.35:-8.27;1.35:-8.27;1.33:-8.29;1.31:-8.29;1.23:-8.23;1.17:-8.26,1.348661:-8.41795;1.359401:-8.480607;1.360909:-8.558457;1.36588:-8.633769;1.375805:-8.693001;1.388713:-8.760874;1.384875:-8.823642;1.379037:-8.869824;1.393234:-8.925372;1.373552:-8.964013;1.374246:-9.006993;1.332002:-9.031047
sigma3_hotel_seed42,HOTEL:biwi_hotel:106:4810,HOTEL,biwi_hotel,biwi_hotel:106,4810,3,0.6043837666511536,1.2264885902404785,0.4808846116065979,0.5422393679618835,0.37719735503196716,1.1780753135681152,1.5,1.92:-0.95;1.91:-0.68;1.83:-0.41;1.77:-0.23;1.77:-0.06;1.81:0.13;1.8:0.35;1.77:0.54,1.76:0.69;1.82:0.87;1.9:1.05;1.93:1.21;1.88:1.47;1.85:1.68;1.88:1.89;1.91:2.08;1.9:2.26;1.83:2.51;1.8:2.68;1.79:2.91,1.741427:0.6933404;1.705209:0.8420349;1.697468:0.9433081;1.668323:1.044569;1.639211:1.144084;1.565113:1.226161;1.527958:1.331825;1.543947:1.395078;1.471817:1.489579;1.344746:1.624778;1.368899:1.687481;1.318997:1.777555
sigma3_hotel_seed42,HOTEL:biwi_hotel:107:4810,HOTEL,biwi_hotel,biwi_hotel:107,4810,3,0.836872398853302,1.523359775543213,0.40078049898147583,0.4864307940006256,0.6383198499679565,0.5919041037559509,1.875,2.52:-1.04;2.58:-0.69;2.57:-0.59;2.54:-0.41;2.5:-0.19;2.5:-0.06;2.5:0.15;2.51:0.31,2.47:0.53;2.43:0.75;2.4:0.95;2.38:1.23;2.34:1.46;2.31:1.64;2.33:1.85;2.36:2.04;2.36:2.22;2.45:2.42;2.47:2.6;2.46:2.83,2.517131:0.4286355;2.521005:0.5541622;2.56141:0.6331134;2.563749:0.714748;2.569068:0.7892163;2.531979:0.8573758;2.541236:0.9506461;2.581178:0.9887844;2.545373:1.065727;2.45406:1.189701;2.499142:1.231341;2.474778:1.306712
sigma3_hotel_seed42,HOTEL:biwi_hotel:104:4820,HOTEL,biwi_hotel,biwi_hotel:104,4820,3,0.07146201282739639,0.11048018932342529,0.05000000074505806,0.07407540827989578,0.28604885935783386,11.583577156066895,1.0,1.43:-9.26;1.41:-9.23;1.44:-9.26;1.43:-9.25;1.43:-9.28;1.41:-9.27;1.38:-9.24;1.36:-9.24,1.29:-9.24;1.38:-9.28;1.36:-9.24;1.35:-9.26;1.31:-9.19;1.3:-9.18;1.3:-9.18;1.3:-9.18;1.3:-9.18;1.3:-9.18;1.3:-9.18;1.33:-9.25,1.339886:-9.237505;1.323713:-9.240721;1.309552:-9.230023;1.292742:-9.221925;1.281438:-9.235616;1.258276:-9.209172;1.236479:-9.233711;1.258915:-9.228838;1.248082:-9.230114;1.235261:-9.232162;1.223022:-9.245786;1.219663:-9.255613
sigma3_hotel_seed42,HOTEL:biwi_hotel:105:4820,HOTEL,biwi_hotel,biwi_hotel:105,4820,3,0.04924573376774788,0.07320529967546463,0.15811388194561005,0.0618734136223793,0.2515932023525238,4.39063835144043,1.0,1.37:-8.27;1.37:-8.27;1.37:-8.27;1.35:-8.27;1.33:-8.27;1.33:-8.27;1.33:-8.34;1.35:-8.28,1.35:-8.27;1.38:-8.35;1.35:-8.28;1.35:-8.27;1.35:-8.27;1.35:-8.27;1.35:-8.27;1.33:-8.29;1.31:-8.29;1.23:-8.23;1.17:-8.26;1.13:-8.22,1.350137:-8.271301;1.342615:-8.247577;1.339149:-8.256474;1.327864:-8.248318;1.322075:-8.250724;1.308975:-8.248466;1.296417:-8.254468;1.290846:-8.244973;1.28228:-8.23973;1.252499:-8.234202;1.239596:-8.233443;1.202284:-8.208423
sigma3_hotel_seed42,HOTEL:biwi_hotel:106:4820,HOTEL,biwi_hotel,biwi_hotel:106,4820,3,0.7635975480079651,1.4604382514953613,0.3758324086666107,0.4994350075721741,0.3508654236793518,1.0170737504959106,1.375,1.91:-0.68;1.83:-0.41;1.77:-0.23;1.77:-0.06;1.81:0.13;1.8:0.35;1.77:0.54;1.76:0.69,1.82:0.87;1.9:1.05;1.93:1.21;1.88:1.47;1.85:1.68;1.88:1.89;1.91:2.08;1.9:2.26;1.83:2.51;1.8:2.68;1.79:2.91;1.76:3.1,1.725197:0.8116369;1.693297:0.9376853;1.695609:1.028066;1.662055:1.105514;1.628098:1.188221;1.558429:1.257364;1.534565:1.347406;1.535488:1.392953;1.466891:1.466598;1.343207:1.597824;1.355843:1.639733;1.300643:1.713684
sigma3_hotel_seed42,HOTEL:biwi_hotel:107:4820,HOTEL,biwi_hotel,biwi_hotel:107,4820,3,0.6054112315177917,1.216324806213379,0.55901700258255,0.4394669234752655,0.4492442011833191,0.5647294521331787,1.75,2.58:-0.69;2.57:-0.59;2.54:-0.41;2.5:-0.19;2.5:-0.06;2.5:0.15;2.51:0.31;2.47:0.53,2.43:0.75;2.4:0.95;2.38:1.23;2.34:1.46;2.31:1.64;2.33:1.85;2.36:2.04;2.36:2.22;2.45:2.42;2.47:2.6;2.46:2.83;2.46:3.01,2.428077:0.7114865;2.379385:0.876689;2.350096:0.9953731;2.312665:1.113515;2.268324:1.231542;2.176472:1.322904;2.116532:1.439624;2.126342:1.521353;2.03632:1.635408;1.891196:1.778696;1.912791:1.859723;1.850523:1.957392
sigma3_hotel_seed42,HOTEL:biwi_hotel:119:5680,HOTEL,biwi_hotel,biwi_hotel:119,5680,3,2.042510747909546,4.421043395996094,1.209338665008545,1.364098310470581,0.46689119935035706,0.3931954503059387,1.0,1.3:3.75;1.23:3.21;1.25:2.68;1.24:2.15;1.23:1.65;1.21:1.03;1.23:0.42;1.29:-0.06,1.32:-0.61;1.38:-1.18;1.47:-1.86;1.53:-2.46;1.73:-3.04;1.83:-3.68;1.95:-4.21;2.07:-4.79;2.24:-5.45;2.37:-5.91;2.58:-6.61;2.68:-7.26,1.254408:-0.4522605;1.205635:-0.8568633;1.110336:-1.245754;1.125902:-1.575674;1.043415:-1.899346;0.9468646:-2.22158;0.7928272:-2.435484;0.7287942:-2.732766;0.5907481:-2.91157;0.5017846:-3.168527;0.3991338:-3.362645;0.2669473:-3.55557
sigma3_hotel_seed42,HOTEL:biwi_hotel:120:5680,HOTEL,biwi_hotel,biwi_hotel:120,5680,3,1.9353138208389282,4.256397724151611,1.225000023841858,1.3357245922088623,0.5015189051628113,0.6552219986915588,1.0,0.59:3.3;0.58:2.8;0.52:2.25;0.57:1.7;0.58:1.19;0.57:0.64;0.64:0.06;0.64:-0.43,0.62:-0.92;0.69:-1.44;0.79:-2.02;0.8:-2.61;1.02:-3.24;1.07:-3.84;1.23:-4.44;1.4:-5.04;1.55:-5.73;1.71:-6.24;1.86:-6.84;1.93:-7.38,0.5650268:-0.8484219;0.4769818:-1.283467;0.3335594:-1.702891;0.3205598:-2.048727;0.1948323:-2.396915;0.05580384:-2.741291;-0.1460282:-2.96685;-0.2490091:-3.283557;-0.4320855:-3.465698;-0.5455779:-3.753287;-0.6942189:-3.95628;-0.8589424:-4.164612
sigma3_hotel_seed42,HOTEL:biwi_hotel:119:5690,HOTEL,biwi_hotel,biwi_hotel:119,5690,3,1.9348315000534058,4.232244491577148,1.3770439624786377,1.366348147392273,0.45189523696899414,0.2964302599430084,1.0,1.23:3.21;1.25:2.68;1.24:2.15;1.23:1.65;1.21:1.03;1.23:0.42;1.29:-0.06;1.32:-0.61,1.38:-1.18;1.47:-1.86;1.53:-2.46;1.73:-3.04;1.83:-3.68;1.95:-4.21;2.07:-4.79;2.24:-5.45;2.37:-5.91;2.58:-6.61;2.68:-7.26;2.86:-7.87,1.251963:-1.089677;1.169611:-1.588199;1.033487:-2.061904;1.032992:-2.45549;0.9122775:-2.85938;0.7667081:-3.243057;0.5649917:-3.498642;0.4743642:-3.872165;0.286599:-4.079189;0.1735588:-4.401374;0.02614248:-4.642107;-0.1434308:-4.888172
sigma3_hotel_seed42,HOTEL:biwi_hotel:120:5690,HOTEL,biwi_hotel,biwi_hotel:120,5690,3,2.1503102779388428,4.600179195404053,1.2260199785232544,1.3322632312774658,0.4486953020095825,0.6073517799377441,1.0,0.58:2.8;0.52:2.25;0.57:1.7;0.58:1.19;0.57:0.64;0.64:0.06;0.64:-0.43;0.62:-0.92,0.69:-1.44;0.79:-2.02;0.8:-2.61;1.02:-3.24;1.07:-3.84;1.23:-4.44;1.4:-5.04;1.55:-5.73;1.71:-6.24;1.86:-6.84;1.93:-7.38;2.14:-8.04,0.5297498:-1.344112;0.4266964:-1.782511;0.2779231:-2.199846;0.2494337:-2.552649;0.1132104:-2.905109;-0.04230011:-3.248122;-0.246419:-3.47355;-0.3595192:-3.801326;-0.5533893:-3.987789;-0.6818807:-4.267437;-0.8384845:-4.480357;-1.015455:-4.69265
sigma3_hotel_seed42,HOTEL:biwi_hotel:119:5700,HOTEL,biwi_hotel,biwi_hotel:119,5700,3,1.3222395181655884,3.1147396564483643,1.432873010635376,1.3816238641738892,0.4582030773162842,0.2902320921421051,1.0,1.25:2.68;1.24:2.15;1.23:1.65;1.21:1.03;1.23:0.42;1.29:-0.06;1.32:-0.61;1.38:-1.18,1.47:-1.86;1.53:-2.46;1.73:-3.04;1.83:-3.68;1.95:-4.21;2.07:-4.79;2.24:-5.45;2.37:-5.91;2.58:-6.61;2.68:-7.26;2.86:-7.87;2.96:-8.47,1.41197:-1.737136;1.423797:-2.327088;1.348662:-2.897996;1.453557:-3.345198;1.410984:-3.824553;1.343061:-4.278058;1.175995:-4.586096;1.174881:-5.011334;1.046967:-5.244474;1.011429:-5.652235;0.9265306:-5.917732;0.8170675:-6.209592
sigma3_hotel_seed42,HOTEL:biwi_hotel:120:5700,HOTEL,biwi_hotel,biwi_hotel:120,5700,3,1.494134783744812,3.416132688522339,1.3117259740829468,1.3220586776733398,0.43293315172195435,0.5826353430747986,1.0,0.52:2.25;0.57:1.7;0.58:1.19;0.57:0.64;0.64:0.06;0.64:-0.43;0.62:-0.92;0.69:-1.44,0.79:-2.02;0.8:-2.61;1.02:-3.24;1.07:-3.84;1.23:-4.44;1.4:-5.04;1.55:-5.73;1.71:-6.24;1.86:-6.84;1.93:-7.38;2.14:-8.04;2.26:-8.63,0.7128371:-1.94144;0.718204:-2.468542;0.6555794:-2.973925;0.7412918:-3.384777;0.7008693:-3.811877;0.6341427:-4.218938;0.4899572:-4.495385;0.4838616:-4.88193;0.3664265:-5.098811;0.3183934:-5.447419;0.2457751:-5.693281;0.1372303:-5.953471
sigma3_hotel_seed42,HOTEL:biwi_hotel:119:5710,HOTEL,biwi_hotel,biwi_hotel:119,5710,3,1.0510972738265991,2.485030174255371,1.7148250341415405,1.437279462814331,0.5457213521003723,0.3158116638660431,1.0,1.24:2.15;1.23:1.65;1.21:1.03;1.23:0.42;1.29:-0.06;1.32:-0.61;1.38:-1.18;1.47:-1.86,1.53:-2.46;1.73:-3.04;1.83:-3.68;1.95:-4.21;2.07:-4.79;2.24:-5.45;2.37:-5.91;2.58:-6.61;2.68:-7.26;2.86:-7.87;2.96:-8.47;3.13:-9.2,1.527734:-2.529123;1.560407:-3.243817;1.47754:-3.938446;1.624613:-4.464425;1.588974:-5.04686;1.524061:-5.590884;1.331294:-5.962609;1.348308:-6.470537;1.210487:-6.740365;1.201688:-7.255079;1.106728:-7.566431;0.9987323:-7.922082
sigma3_hotel_seed42,HOTEL:biwi_hotel:120:5710,HOTEL,biwi_hotel,biwi_hotel:120,5710,3,1.035109043121338,2.5262906551361084,1.4713939428329468,1.3350192308425903,0.4438847005367279,0.5485050082206726,1.0,0.57:1.7;0.58:1.19;0.57:0.64;0.64:0.06;0.64:-0.43;0.62:-0.92;0.69:-1.44;0.79:-2.02,0.8:-2.61;1.02:-3.24;1.07:-3.84;1.23:-4.44;1.4:-5.04;1.55:-5.73;1.71:-6.24;1.86:-6.84;1.93:-7.38;2.14:-8.04;2.26:-8.63;2.24:-9.24,0.8685087:-2.597605;0.9255511:-3.212131;0.8860418:-3.80859;1.036567:-4.271431;1.03352:-4.770132;1.005229:-5.243405;0.8651347:-5.567439;0.9049447:-6.005136;0.8111817:-6.246656;0.8105941:-6.676629;0.7608861:-6.948162;0.6810359:-7.252092
sigma3_hotel_seed42,HOTEL:biwi_hotel:136:6790,HOTEL,biwi_hotel,biwi_hotel:136,6790,3,0.23792807757854462,0.3760404586791992,0.055901698768138885,0.06514272838830948,0.11880123615264893,4.31759786605835,0.0,3.14:-1.41;3.15:-1.43;3.17:-1.46;3.17:-1.49;3.18:-1.52;3.2:-1.52;3.2:-1.54;3.19:-1.56,3.18:-1.56;3.18:-1.56;3.19:-1.54;3.17:-1.52;3.15:-1.5;3.15:-1.49;3.17:-1.5;3.18:-1.52;3.18:-1.55;3.2:-1.59;3.22:-1.6;3.23:-1.6,3.174513:-1.607108;3.175409:-1.642941;3.166484:-1.655974;3.155499:-1.703683;3.137914:-1.729153;3.147069:-1.753927;3.12865:-1.812099;3.102255:-1.810031;3.107635:-1.855039;3.088857:-1.863422;3.066952:-1.891063;3.024407:-1.914862
sigma3_hotel_seed42,HOTEL:biwi_hotel:136:6800,HOTEL,biwi_hotel,biwi_hotel:136,6800,3,0.09954778105020523,0.15729308128356934,0.02500000037252903,0.060728203505277634,0.12490317225456238,5.300391674041748,0.0,3.15:-1.43;3.17:-1.46;3.17:-1.49;3.18:-1.52;3.2:-1.52;3.2:-1.54;3.19:-1.56;3.18:-1.56,3.18:-1.56;3.19:-1.54;3.17:-1.52;3.15:-1.5;3.15:-1.49;3.17:-1.5;3.18:-1.52;3.18:-1.55;3.2:-1.59;3.22:-1.6;3.23:-1.6;3.25:-1.61,3.167118:-1.567936;3.162314:-1.580167;3.149704:-1.588456;3.132455:-1.594012;3.122544:-1.597637;3.115621:-1.600805;3.111654:-1.613353;3.109474:-1.618174;3.106915:-1.629005;3.098282:-1.633758;3.095942:-1.639234;3.099068:-1.654281
sigma3_hotel_seed42,HOTEL:biwi_hotel:136:6810,HOTEL,biwi_hotel,biwi_hotel:136,6810,3,0.04764389991760254,0.020005475729703903,0.0,0.047851234674453735,0.11448650807142258,4.71238899230957,0.0,3.17:-1.46;3.17:-1.49;3.18:-1.52;3.2:-1.52;3.2:-1.54;3.19:-1.56;3.18:-1.56;3.18:-1.56,3.19:-1.54;3.17:-1.52;3.15:-1.5;3.15:-1.49;3.17:-1.5;3.18:-1.52;3.18:-1.55;3.2:-1.59;3.22:-1.6;3.23:-1.6;3.25:-1.61;3.25:-1.62,3.176374:-1.567516;3.182819:-1.577775;3.182398:-1.578835;3.179529:-1.583814;3.179961:-1.58625;3.187032:-1.583013;3.19309:-1.599963;3.205409:-1.599566;3.213135:-1.614923;3.221147:-1.616498;3.224269:-1.625881;3.24716:-1.639803
sigma3_hotel_seed42,HOTEL:biwi_hotel:136:6820,HOTEL,biwi_hotel,biwi_hotel:136,6820,3,0.22449319064617157,0.42980122566223145,0.055901698768138885,0.0451229065656662,0.1273622214794159,6.425082206726074,0.0,3.17:-1.49;3.18:-1.52;3.2:-1.52;3.2:-1.54;3.19:-1.56;3.18:-1.56;3.18:-1.56;3.19:-1.54,3.17:-1.52;3.15:-1.5;3.15:-1.49;3.17:-1.5;3.18:-1.52;3.18:-1.55;3.2:-1.59;3.22:-1.6;3.23:-1.6;3.25:-1.61;3.25:-1.62;3.2:-1.64,3.21689:-1.534854;3.25194:-1.53155;3.285844:-1.513444;3.322074:-1.502077;3.353441:-1.510308;3.382343:-1.481085;3.407796:-1.508422;3.467843:-1.492435;3.500805:-1.495527;3.543924:-1.497622;3.563917:-1.510507;3.61135:-1.51542
sigma3_hotel_seed42,HOTEL:biwi_hotel:136:6830,HOTEL,biwi_hotel,biwi_hotel:136,6830,3,0.09119535237550735,0.168744757771492,0.0707106813788414,0.04393058270215988,0.12567181885242462,6.425082206726074,0.0,3.18:-1.52;3.2:-1.52;3.2:-1.54;3.19:-1.56;3.18:-1.56;3.18:-1.56;3.19:-1.54;3.17:-1.52,3.15:-1.5;3.15:-1.49;3.17:-1.5;3.18:-1.52;3.18:-1.55;3.2:-1.59;3.22:-1.6;3.23:-1.6;3.25:-1.61;3.25:-1.62;3.2:-1.64;3.1:-1.62,3.173418:-1.512031;3.174586:-1.502526;3.176349:-1.499427;3.180335:-1.483707;3.185947:-1.497378;3.178462:-1.474519;3.172855:-1.493644;3.202917:-1.485808;3.207197:-1.477936;3.212213:-1.48551;3.207693:-1.493842;3.208558:-1.49081
sigma3_hotel_seed42,HOTEL:biwi_hotel:138:6840,HOTEL,biwi_hotel,biwi_hotel:138,6840,3,0.06907007098197937,0.10496346652507782,0.0,0.04665092006325722,0.20840135216712952,3.6740968227386475,2.125,1.4:-8.32;1.42:-8.32;1.44:-8.32;1.44:-8.32;1.44:-8.32;1.48:-8.25;1.48:-8.26;1.48:-8.26,1.41:-8.27;1.39:-8.31;1.37:-8.33;1.38:-8.32;1.42:-8.34;1.41:-8.32;1.39:-8.33;1.35:-8.35;1.36:-8.37;1.4:-8.32;1.4:-8.39;1.47:-8.29,1.466873:-8.266433;1.46392:-8.2725;1.451457:-8.278915;1.427668:-8.283623;1.414575:-8.276409;1.416091:-8.283628;1.410053:-8.292312;1.392227:-8.285041;1.391475:-8.299699;1.376194:-8.299911;1.371162:-8.295453;1.365772:-8.302401
sigma3_hotel_seed42,HOTEL:biwi_hotel:139:6840,HOTEL,biwi_hotel,biwi_hotel:139,6840,3,0.06065220758318901,0.07283716648817062,0.07500000298023224,0.07717034965753555,0.2593548595905304,9.604631423950195,1.75,1.23:-9.32;1.27:-9.3;1.29:-9.28;1.28:-9.28;1.28:-9.29;1.26:-9.28;1.19:-9.27;1.22:-9.27,1.25:-9.29;1.29:-9.3;1.31:-9.3;1.31:-9.3;1.31:-9.3;1.31:-9.3;1.31:-9.3;1.31:-9.3;1.31:-9.3;1.31:-9.3;1.31:-9.3;1.31:-9.3,1.223415:-9.266239;1.233618:-9.26767;1.241415:-9.264609;1.242235:-9.26138;1.250703:-9.254469;1.258754:-9.247659;1.278562:-9.250136;1.29719:-9.250955;1.308387:-9.258025;1.32193:-9.253571;1.337727:-9.256518;1.373571:-9.264447
sigma3_hotel_seed42,HOTEL:biwi_hotel:138:6850,HOTEL,biwi_hotel,biwi_hotel:138,6850,3,0.5501299500465393,1.0195555686950684,0.1767766922712326,0.06476187705993652,0.2820582985877991,5.102995872497559,2.375,1.42:-8.32;1.44:-8.32;1.44:-8.32;1.44:-8.32;1.48:-8.25;1.48:-8.26;1.48:-8.26;1.41:-8.27,1.39:-8.31;1.37:-8.33;1.38:-8.32;1.42:-8.34;1.41:-8.32;1.39:-8.33;1.35:-8.35;1.36:-8.37;1.4:-8.32;1.4:-8.39;1.47:-8.29;1.41:-8.33,1.327901:-8.274477;1.231309:-8.280743;1.149772:-8.290109;1.031342:-8.280849;0.9661717:-8.301089;0.8763267:-8.274712;0.7686625:-8.296446;0.7380512:-8.293534;0.6701312:-8.302746;0.5469584:-8.305287;0.4907681:-8.306946;0.3907758:-8.304009
sigma3_hotel_seed42,HOTEL:biwi_hotel:139:6850,HOTEL,biwi_hotel,biwi_hotel:139,6850,3,0.24341821670532227,0.5182453393936157,0.09013878554105759,0.07407540827989578,0.2593548595905304,9.87088394165039,2.0,1.27:-9.3;1.29:-9.28;1.28:-9.28;1.28:-9.29;1.26:-9.28;1.19:-9.27;1.22:-9.27;1.25:-9.29,1.29:-9.3;1.31:-9.3;1.31:-9.3;1.31:-9.3;1.31:-9.3;1.31:-9.3;1.31:-9.3;1.31:-9.3;1.31:-9.3;1.31:-9.3;1.31:-9.3;1.31:-9.3,1.287933:-9.290568;1.33994:-9.294112;1.385499:-9.281065;1.425736:-9.27817;1.467651:-9.275495;1.51901:-9.259933;1.564879:-9.28019;1.622491:-9.267019;1.67088:-9.281618;1.721976:-9.279108;1.760702:-9.286566;1.828238:-9.297274
sigma3_hotel_seed42,HOTEL:biwi_hotel:138:6860,HOTEL,biwi_hotel,biwi_hotel:138,6860,3,0.38070347905158997,0.6990514993667603,0.11180339753627777,0.07359093427658081,0.3219640552997589,5.016597270965576,2.625,1.44:-8.32;1.44:-8.32;1.44:-8.32;1.48:-8.25;1.48:-8.26;1.48:-8.26;1.41:-8.27;1.39:-8.31,1.37:-8.33;1.38:-8.32;1.42:-8.34;1.41:-8.32;1.39:-8.33;1.35:-8.35;1.36:-8.37;1.4:-8.32;1.4:-8.39;1.47:-8.29;1.41:-8.33;1.35:-8.33,1.346127:-8.357406;1.305151:-8.396728;1.268481:-8.428227;1.228675:-8.48977;1.179997:-8.524339;1.1278:-8.56939;1.086994:-8.614668;1.02637:-8.642934;0.9833038:-8.673352;0.912851:-8.679596;0.8735768:-8.71371;0.7765446:-8.729777
sigma3_hotel_seed42,HOTEL:biwi_hotel:139:6860,HOTEL,biwi_hotel,biwi_hotel:139,6860,3,0.23490256071090698,0.45191794633865356,0.10307764261960983,0.0786992609500885,0.2365284413099289,7.857712745666504,2.125,1.29:-9.28;1.28:-9.28;1.28:-9.29;1.26:-9.28;1.19:-9.27;1.22:-9.27;1.25:-9.29;1.29:-9.3,1.31:-9.3;1.31:-9.3;1.31:-9.3;1.31:-9.3;1.31:-9.3;1.31:-9.3;1.31:-9.3;1.31:-9.3;1.31:-9.3;1.31:-9.3;1.31:-9.3;1.31:-9.3,1.327943:-9.29044;1.364983:-9.282558;1.403721:-9.277168;1.455566:-9.263142;1.491621:-9.276466;1.511104:-9.255647;1.547367:-9.275535;1.608594:-9.270061;1.636021:-9.258011;1.692383:-9.271579;1.712047:-9.284822;1.761448:-9.279395
sigma3_hotel_seed42,HOTEL:biwi_hotel:138:6870,HOTEL,biwi_hotel,biwi_hotel:138,6870,3,0.19944675266742706,0.4136192798614502,0.0707106813788414,0.08369246125221252,0.3427973985671997,5.338347911834717,2.875,1.44:-8.32;1.44:-8.32;1.48:-8.25;1.48:-8.26;1.48:-8.26;1.41:-8.27;1.39:-8.31;1.37:-8.33,1.38:-8.32;1.42:-8.34;1.41:-8.32;1.39:-8.33;1.35:-8.35;1.36:-8.37;1.4:-8.32;1.4:-8.39;1.47:-8.29;1.41:-8.33;1.35:-8.33;1.47:-8.29,1.345849:-8.347495;1.328049:-8.364478;1.302471:-8.378453;1.263358:-8.391105;1.242761:-8.399937;1.229821:-8.40778;1.205521:-8.430119;1.186305:-8.431121;1.179043:-8.451057;1.14493:-8.458084;1.131327:-8.462794;1.10136:-8.477578
sigma3_hotel_seed42,HOTEL:biwi_hotel:139:6870,HOTEL,biwi_hotel,biwi_hotel:139,6870,3,0.08715412765741348,0.1665859967470169,0.05000000074505806,0.08227068930864334,0.24508942663669586,6.531895160675049,2.125,1.28:-9.28;1.28:-9.29;1.26:-9.28;1.19:-9.27;1.22:-9.27;1.25:-9.29;1.29:-9.3;1.31:-9.3,1.31:-9.3;1.31:-9.3;1.31:-9.3;1.31:-9.3;1.31:-9.3;1.31:-9.3;1.31:-9.3;1.31:-9.3;1.31:-9.3;1.31:-9.3;1.31:-9.3;1.31:-9.3,1.314047:-9.305455;1.332881:-9.312508;1.34938:-9.297375;1.364179:-9.30453;1.371241:-9.311848;1.382004:-9.300195;1.395276:-9.329896;1.417871:-9.320957;1.432976:-9.331125;1.447824:-9.327619;1.454099:-9.343451;1.466764:-9.356357
sigma3_hotel_seed42,HOTEL:biwi_hotel:138:6880,HOTEL,biwi_hotel,biwi_hotel:138,6880,3,0.05523453652858734,0.08408189564943314,0.0353553406894207,0.08874322474002838,0.3030097186565399,8.479940414428711,3.0,1.44:-8.32;1.48:-8.25;1.48:-8.26;1.48:-8.26;1.41:-8.27;1.39:-8.31;1.37:-8.33;1.38:-8.32,1.42:-8.34;1.41:-8.32;1.39:-8.33;1.35:-8.35;1.36:-8.37;1.4:-8.32;1.4:-8.39;1.47:-8.29;1.41:-8.33;1.35:-8.33;1.47:-8.29;1.48:-8.28,1.375872:-8.317632;1.376526:-8.318103;1.372219:-8.322108;1.362607:-8.319407;1.360784:-8.310633;1.362716:-8.31125;1.371221:-8.308227;1.371739:-8.309467;1.374516:-8.315997;1.376733:-8.313169;1.383558:-8.310849;1.404475:-8.316957
sigma3_hotel_seed42,HOTEL:biwi_hotel:139:6880,HOTEL,biwi_hotel,biwi_hotel:139,6880,3,0.05393948033452034,0.12286961823701859,0.0,0.0786992609500885,0.23645997047424316,4.497451305389404,2.125,1.28:-9.29;1.26:-9.28;1.19:-9.27;1.22:-9.27;1.25:-9.29;1.29:-9.3;1.31:-9.3;1.31:-9.3,1.31:-9.3;1.31:-9.3;1.31:-9.3;1.31:-9.3;1.31:-9.3;1.31:-9.3;1.31:-9.3;1.31:-9.3;1.31:-9.3;1.31:-9.3;1.31:-9.3;1.31:-9.3,1.305694:-9.309909;1.310768:-9.323975;1.310244:-9.320801;1.309271:-9.323587;1.311794:-9.340048;1.314158:-9.324864;1.30827:-9.35671;1.337761:-9.354471;1.346612:-9.367875;1.351201:-9.374196;1.351409:-9.391084;1.364347:-9.410197
sigma3_hotel_seed42,HOTEL:biwi_hotel:138:6890,HOTEL,biwi_hotel,biwi_hotel:138,6890,3,0.18926119804382324,0.2643272280693054,0.11180339753627777,0.07592135667800903,0.2540343999862671,7.106539726257324,3.0,1.48:-8.25;1.48:-8.26;1.48:-8.26;1.41:-8.27;1.39:-8.31;1.37:-8.33;1.38:-8.32;1.42:-8.34,1.41:-8.32;1.39:-8.33;1.35:-8.35;1.36:-8.37;1.4:-8.32;1.4:-8.39;1.47:-8.29;1.41:-8.33;1.35:-8.33;1.47:-8.29;1.48:-8.28;1.48:-8.28,1.443327:-8.348146;1.472823:-8.35205;1.503041:-8.350587;1.540241:-8.362677;1.558032:-8.375132;1.573584:-8.377449;1.603105:-8.407143;1.623504:-8.402637;1.643103:-8.406566;1.677154:-8.415079;1.684511:-8.432109;1.696918:-8.431047
sigma3_hotel_seed42,HOTEL:biwi_hotel:139:6890,HOTEL,biwi_hotel,biwi_hotel:139,6890,3,0.14727260172367096,0.2950800657272339,0.0,0.07071330398321152,0.18437664210796356,4.175700664520264,2.125,1.26:-9.28;1.19:-9.27;1.22:-9.27;1.25:-9.29;1.29:-9.3;1.31:-9.3;1.31:-9.3;1.31:-9.3,1.31:-9.3;1.31:-9.3;1.31:-9.3;1.31:-9.3;1.31:-9.3;1.31:-9.3;1.31:-9.3;1.31:-9.3;1.31:-9.3;1.31:-9.3;1.31:-9.3;1.31:-9.3,1.323592:-9.310622;1.351104:-9.323605;1.370009:-9.317924;1.387064:-9.322735;1.405419:-9.332273;1.432691:-9.320886;1.448824:-9.351728;1.48633:-9.344482;1.514305:-9.36263;1.539147:-9.366272;1.554218:-9.380519;1.587998:-9.39894
sigma3_hotel_seed42,HOTEL:biwi_hotel:142:6890,HOTEL,biwi_hotel,biwi_hotel:142,6890,3,1.9143964052200317,3.5713107585906982,1.2772040367126465,1.2348523139953613,0.7238509654998779,1.1283258199691772,3.25,0.6:-9.34;0.6:-8.96;0.59:-8.5;0.82:-7.99;0.99:-7.51;1.21:-7.03;1.31:-6.53;1.28:-6.02,1.33:-5.35;1.37:-4.86;1.32:-4.33;1.36:-3.72;1.33:-3.16;1.25:-2.6;1.34:-2.05;1.45:-1.65;1.44:-1.12;1.41:-0.52;1.45:-0.11;1.38:0.42,1.254791:-5.610097;1.190482:-5.299174;1.071776:-5.07497;1.062361:-4.792642;1.014018:-4.539686;0.8895861:-4.36254;0.7053711:-4.155581;0.7878413:-3.912516;0.6544062:-3.644372;0.4666856:-3.471705;0.5500556:-3.226977;0.4934084:-3.039511
sigma3_hotel_seed42,HOTEL:biwi_hotel:143:6890,HOTEL,biwi_hotel,biwi_hotel:143,6890,3,1.8095484972000122,3.5108296871185303,1.156773567199707,1.2326942682266235,0.6145550012588501,0.829359233379364,3.125,0.09:-9.2;0.09:-8.79;0.1:-8.32;0.3:-7.81;0.45:-7.33;0.49:-6.76;0.57:-6.28;0.62:-5.82,0.65:-5.27;0.66:-4.78;0.73:-4.23;0.76:-3.68;0.79:-3.22;0.85:-2.71;0.87:-2.17;0.81:-1.69;0.8:-1.13;0.7:-0.65;0.73:-0.14;0.8:0.36,0.652972:-5.451501;0.6535951:-5.168967;0.60461:-4.977921;0.6503527:-4.715093;0.6544393:-4.494853;0.5862737:-4.336617;0.4678152:-4.143992;0.5927038:-3.931742;0.5110196:-3.679981;0.3816587:-3.528006;0.4973962:-3.306877;0.4861333:-3.136772
sigma3_hotel_seed42,HOTEL:biwi_hotel:144:6890,HOTEL,biwi_hotel,biwi_hotel:144,6890,3,0.09528691321611404,0.1476411074399948,0.02500000037252903,0.16457897424697876,0.7557744383811951,7.99960994720459,2.0,0.01:-6.93;0.01:-6.93;0.01:-6.93;-0.14:-6.84;-0.23:-6.9;-0.29:-6.79;-0.26:-6.82;-0.26:-6.81,-0.24:-6.9;-0.33:-6.83;-0.25:-6.9;-0.24:-6.91;-0.24:-6.91;-0.24:-6.91;-0.24:-6.91;-0.24:-6.91;-0.24:-6.91;-0.24:-6.91;-0.24:-6.91;-0.24:-6.91,-0.2646015:-6.812586;-0.2692862:-6.810171;-0.2701044:-6.815532;-0.2663787:-6.823095;-0.2779213:-6.835926;-0.3005721:-6.840857;-0.3031132:-6.862524;-0.3128623:-6.861351;-0.3264943:-6.855083;-0.3326499:-6.863864;-0.3505632:-6.875596;-0.3809392:-6.866022
sigma3_hotel_seed42,HOTEL:biwi_hotel:138:6900,HOTEL,biwi_hotel,biwi_hotel:138,6900,3,0.18694555759429932,0.4156172275543213,0.055901698768138885,0.08033588528633118,0.31031692028045654,8.175732612609863,2.625,1.48:-8.26;1.48:-8.26;1.41:-8.27;1.39:-8.31;1.37:-8.33;1.38:-8.32;1.42:-8.34;1.41:-8.32,1.39:-8.33;1.35:-8.35;1.36:-8.37;1.4:-8.32;1.4:-8.39;1.47:-8.29;1.41:-8.33;1.35:-8.33;1.47:-8.29;1.48:-8.28;1.48:-8.28;1.48:-8.28,1.38853:-8.340797;1.370077:-8.356173;1.352364:-8.366042;1.333103:-8.387752;1.31054:-8.409286;1.28637:-8.417668;1.263169:-8.454812;1.243759:-8.456326;1.228355:-8.470786;1.203145:-8.481405;1.176651:-8.500338;1.13141:-8.506325
sigma3_hotel_seed42,HOTEL:biwi_hotel:139:6900,HOTEL,biwi_hotel,biwi_hotel:139,6900,3,0.15107420086860657,0.2975618839263916,0.0,0.04545949026942253,0.07969043403863907,1.176005244255066,1.875,1.19:-9.27;1.22:-9.27;1.25:-9.29;1.29:-9.3;1.31:-9.3;1.31:-9.3;1.31:-9.3;1.31:-9.3,1.31:-9.3;1.31:-9.3;1.31:-9.3;1.31:-9.3;1.31:-9.3;1.31:-9.3;1.31:-9.3;1.31:-9.3;1.31:-9.3;1.31:-9.3;1.31:-9.3;1.31:-9.3,1.322674:-9.314047;1.350948:-9.330748;1.369532:-9.322674;1.385924:-9.328345;1.405178:-9.345806;1.432473:-9.329387;1.441995:-9.369755;1.486928:-9.361624;1.518193:-9.380963;1.538577:-9.385855;1.553208:-9.404437;1.578117:-9.429059
sigma3_hotel_seed42,HOTEL:biwi_hotel:142:6900,HOTEL,biwi_hotel,biwi_hotel:142,6900,3,1.332759976387024,2.658048391342163,1.6796576976776123,1.3390891551971436,0.8262081146240234,1.2398346662521362,3.0,0.6:-8.96;0.59:-8.5;0.82:-7.99;0.99:-7.51;1.21:-7.03;1.31:-6.53;1.28:-6.02;1.33:-5.35,1.37:-4.86;1.32:-4.33;1.36:-3.72;1.33:-3.16;1.25:-2.6;1.34:-2.05;1.45:-1.65;1.44:-1.12;1.41:-0.52;1.45:-0.11;1.38:0.42;1.38:0.91,1.332317:-4.847976;1.28509:-4.475491;1.14113:-4.181908;1.14904:-3.819428;1.132389:-3.51272;1.053042:-3.262235;0.7986314:-3.055813;0.9671863:-2.700753;0.8663646:-2.398568;0.6764866:-2.2135;0.8019949:-1.89777;0.7726201:-1.677723
sigma3_hotel_seed42,HOTEL:biwi_hotel:143:6900,HOTEL,biwi_hotel,biwi_hotel:143,6900,3,1.5709635019302368,3.0808706283569336,1.3770439624786377,1.2829862833023071,0.6472298502922058,0.8618649840354919,3.0,0.09:-8.79;0.1:-8.32;0.3:-7.81;0.45:-7.33;0.49:-6.76;0.57:-6.28;0.62:-5.82;0.65:-5.27,0.66:-4.78;0.73:-4.23;0.76:-3.68;0.79:-3.22;0.85:-2.71;0.87:-2.17;0.81:-1.69;0.8:-1.13;0.7:-0.65;0.73:-0.14;0.8:0.36;0.81:0.82,0.6659827:-4.852285;0.6327489:-4.532586;0.5379083:-4.30859;0.5563184:-4.008489;0.5506349:-3.755127;0.4733276:-3.561743;0.2951455:-3.358613;0.4319202:-3.096293;0.3393836:-2.83207;0.1782463:-2.664898;0.2946756:-2.40837;0.27455:-2.213984
sigma3_hotel_seed42,HOTEL:biwi_hotel:144:6900,HOTEL,biwi_hotel,biwi_hotel:144,6900,3,0.4663025438785553,0.7085251808166504,0.2304886132478714,0.197505921125412,0.8620039820671082,10.922533988952637,2.0,0.01:-6.93;0.01:-6.93;-0.14:-6.84;-0.23:-6.9;-0.29:-6.79;-0.26:-6.82;-0.26:-6.81;-0.24:-6.9,-0.33:-6.83;-0.25:-6.9;-0.24:-6.91;-0.24:-6.91;-0.24:-6.91;-0.24:-6.91;-0.24:-6.91;-0.24:-6.91;-0.24:-6.91;-0.24:-6.91;-0.24:-6.91;-0.24:-6.91,-0.1919678:-6.974112;-0.134426:-7.028922;-0.09181806:-7.089001;-0.04975995:-7.173387;-0.01706095:-7.215895;0.03703327:-7.294381;0.07448275:-7.349357;0.071831:-7.387338;0.1187271:-7.443198;0.1147505:-7.455001;0.1499685:-7.492995;0.1153788:-7.522955
sigma3_hotel_seed42,HOTEL:biwi_hotel:138:6910,HOTEL,biwi_hotel,biwi_hotel:138,6910,3,0.11220761388540268,0.12404830008745193,0.055901698768138885,0.08832184225320816,0.26960036158561707,9.746528625488281,2.25,1.48:-8.26;1.41:-8.27;1.39:-8.31;1.37:-8.33;1.38:-8.32;1.42:-8.34;1.41:-8.32;1.39:-8.33,1.35:-8.35;1.36:-8.37;1.4:-8.32;1.4:-8.39;1.47:-8.29;1.41:-8.33;1.35:-8.33;1.47:-8.29;1.48:-8.28;1.48:-8.28;1.48:-8.28;1.4:-8.31,1.3749:-8.33312;1.365513:-8.342091;1.353961:-8.340645;1.341406:-8.340072;1.332744:-8.350578;1.317581:-8.337948;1.307587:-8.357502;1.322656:-8.360003;1.316248:-8.366031;1.310865:-8.370152;1.304548:-8.382841;1.311037:-8.39645
sigma3_hotel_seed42,HOTEL:biwi_hotel:139:6910,HOTEL,biwi_hotel,biwi_hotel:139,6910,3,0.1747240424156189,0.34232228994369507,0.0,0.03474520146846771,0.05885709822177887,0.588002622127533,1.625,1.22:-9.27;1.25:-9.29;1.29:-9.3;1.31:-9.3;1.31:-9.3;1.31:-9.3;1.31:-9.3;1.31:-9.3,1.31:-9.3;1.31:-9.3;1.31:-9.3;1.31:-9.3;1.31:-9.3;1.31:-9.3;1.31:-9.3;1.31:-9.3;1.31:-9.3;1.31:-9.3;1.31:-9.3;1.31:-9.3,1.327144:-9.312459;1.360545:-9.326729;1.383518:-9.320138;1.40345:-9.326562;1.425408:-9.336061;1.459576:-9.32545;1.479432:-9.358313;1.519032:-9.349977;1.553292:-9.370533;1.580424:-9.37311;1.599477:-9.387568;1.634585:-9.408761
sigma3_hotel_seed42,HOTEL:biwi_hotel:142:6910,HOTEL,biwi_hotel,biwi_hotel:142,6910,3,1.7664321660995483,3.3828701972961426,1.2290748357772827,1.3503466844558716,0.7586295008659363,0.8013932704925537,2.75,0.59:-8.5;0.82:-7.99;0.99:-7.51;1.21:-7.03;1.31:-6.53;1.28:-6.02;1.33:-5.35;1.37:-4.86,1.32:-4.33;1.36:-3.72;1.33:-3.16;1.25:-2.6;1.34:-2.05;1.45:-1.65;1.44:-1.12;1.41:-0.52;1.45:-0.11;1.38:0.42;1.38:0.91;1.41:1.44,1.364531:-4.452607;1.316799:-4.140997;1.207828:-3.9212;1.212138:-3.634409;1.182921:-3.382565;1.087:-3.202261;0.9055266:-3.002139;1.008437:-2.748368;0.8970455:-2.488508;0.7273252:-2.32321;0.8210946:-2.074264;0.7840372:-1.884452
sigma3_hotel_seed42,HOTEL:biwi_hotel:143:6910,HOTEL,biwi_hotel,biwi_hotel:143,6910,3,1.6716474294662476,3.2676682472229004,1.2252551317214966,1.2901276350021362,0.5108555555343628,0.5434976816177368,2.625,0.1:-8.32;0.3:-7.81;0.45:-7.33;0.49:-6.76;0.57:-6.28;0.62:-5.82;0.65:-5.27;0.66:-4.78,0.73:-4.23;0.76:-3.68;0.79:-3.22;0.85:-2.71;0.87:-2.17;0.81:-1.69;0.8:-1.13;0.7:-0.65;0.73:-0.14;0.8:0.36;0.81:0.82;0.79:1.36,0.6812778:-4.382594;0.6670703:-4.080242;0.5908024:-3.868307;0.6227367:-3.584133;0.6171631:-3.343273;0.5444349:-3.166754;0.3909203:-2.969622;0.5193553:-2.726124;0.4297354:-2.465139;0.2816604:-2.304661;0.3957943:-2.061773;0.3777453:-1.881558
sigma3_hotel_seed42,HOTEL:biwi_hotel:144:6910,HOTEL,biwi_hotel,biwi_hotel:144,6910,3,0.5978050231933594,0.9680182337760925,0.285043865442276,0.23822647333145142,0.8820418119430542,13.373042106628418,1.75,0.01:-6.93;-0.14:-6.84;-0.23:-6.9;-0.29:-6.79;-0.26:-6.82;-0.26:-6.81;-0.24:-6.9;-0.33:-6.83,-0.25:-6.9;-0.24:-6.91;-0.24:-6.91;-0.24:-6.91;-0.24:-6.91;-0.24:-6.91;-0.24:-6.91;-0.24:-6.91;-0.24:-6.91;-0.24:-6.91;-0.24:-6.91;-0.26:-6.87,-0.3926744:-6.777256;-0.4470855:-6.714735;-0.4857466:-6.658861;-0.5574961:-6.618462;-0.6162536:-6.578847;-0.6767623:-6.533221;-0.7311944:-6.515094;-0.782885:-6.464577;-0.8348368:-6.437825;-0.9267331:-6.383809;-0.9708979:-6.359116;-1.057606:-6.32147
sigma3_hotel_seed42,HOTEL:biwi_hotel:138:6920,HOTEL,biwi_hotel,biwi_hotel:138,6920,3,0.524285614490509,0.941203773021698,0.11180339753627777,0.07903994619846344,0.23215365409851074,8.78127670288086,1.875,1.41:-8.27;1.39:-8.31;1.37:-8.33;1.38:-8.32;1.42:-8.34;1.41:-8.32;1.39:-8.33;1.35:-8.35,1.36:-8.37;1.4:-8.32;1.4:-8.39;1.47:-8.29;1.41:-8.33;1.35:-8.33;1.47:-8.29;1.48:-8.28;1.48:-8.28;1.48:-8.28;1.4:-8.31;1.47:-8.28,1.289888:-8.372305;1.221184:-8.391086;1.156367:-8.41251;1.075215:-8.424931;1.023192:-8.455461;0.9596673:-8.452176;0.8755125:-8.490091;0.8445185:-8.493976;0.7964027:-8.513143;0.707339:-8.526689;0.6560109:-8.540822;0.5674315:-8.546898
sigma3_hotel_seed42,HOTEL:biwi_hotel:139:6920,HOTEL,biwi_hotel,biwi_hotel:139,6920,3,0.016065187752246857,0.041673287749290466,0.0,0.021868234500288963,0.04412570968270302,0.244978666305542,1.375,1.25:-9.29;1.29:-9.3;1.31:-9.3;1.31:-9.3;1.31:-9.3;1.31:-9.3;1.31:-9.3;1.31:-9.3,1.31:-9.3;1.31:-9.3;1.31:-9.3;1.31:-9.3;1.31:-9.3;1.31:-9.3;1.31:-9.3;1.31:-9.3;1.31:-9.3;1.31:-9.3;1.31:-9.3;1.31:-9.3,1.311716:-9.301617;1.306919:-9.300345;1.307942:-9.301188;1.312557:-9.304203;1.317041:-9.307817;1.315075:-9.306541;1.320667:-9.304989;1.324795:-9.312784;1.328599:-9.314699;1.336168:-9.311299;1.341252:-9.317906;1.346343:-9.320393
sigma3_hotel_seed42,HOTEL:biwi_hotel:142:6920,HOTEL,biwi_hotel,biwi_hotel:142,6920,3,1.784287929534912,3.504380464553833,1.3308831453323364,1.340664267539978,0.7913446426391602,0.8936195969581604,2.375,0.82:-7.99;0.99:-7.51;1.21:-7.03;1.31:-6.53;1.28:-6.02;1.33:-5.35;1.37:-4.86;1.32:-4.33,1.36:-3.72;1.33:-3.16;1.25:-2.6;1.34:-2.05;1.45:-1.65;1.44:-1.12;1.41:-0.52;1.45:-0.11;1.38:0.42;1.38:0.91;1.41:1.44;1.41:2.08,1.289076:-3.914499;1.22024:-3.597421;1.078433:-3.369843;1.061655:-3.079197;1.00644:-2.816411;0.8968772:-2.634289;0.6857072:-2.43777;0.7643642:-2.167641;0.6340611:-1.909301;0.4481512:-1.743787;0.517809:-1.487257;0.4664478:-1.294966
sigma3_hotel_seed42,HOTEL:biwi_hotel:143:6920,HOTEL,biwi_hotel,biwi_hotel:143,6920,3,1.5210040807724,3.1359384059906006,1.3860915899276733,1.2924928665161133,0.5385047793388367,0.5788425207138062,2.25,0.3:-7.81;0.45:-7.33;0.49:-6.76;0.57:-6.28;0.62:-5.82;0.65:-5.27;0.66:-4.78;0.73:-4.23,0.76:-3.68;0.79:-3.22;0.85:-2.71;0.87:-2.17;0.81:-1.69;0.8:-1.13;0.7:-0.65;0.73:-0.14;0.8:0.36;0.81:0.82;0.79:1.36;0.87:1.96,0.7803084:-3.812914;0.7855024:-3.494872;0.7199088:-3.272969;0.7695146:-2.966056;0.7949933:-2.715656;0.7560083:-2.518846;0.5957427:-2.320365;0.7693172:-2.050323;0.7086861:-1.786048;0.5726306:-1.624053;0.7160565:-1.36237;0.722475:-1.172466
sigma3_hotel_seed42,HOTEL:biwi_hotel:144:6920,HOTEL,biwi_hotel,biwi_hotel:144,6920,3,0.726901113986969,1.2280550003051758,0.2657536566257477,0.2137167900800705,0.9431586861610413,15.328425407409668,1.375,-0.14:-6.84;-0.23:-6.9;-0.29:-6.79;-0.26:-6.82;-0.26:-6.81;-0.24:-6.9;-0.33:-6.83;-0.25:-6.9,-0.24:-6.91;-0.24:-6.91;-0.24:-6.91;-0.24:-6.91;-0.24:-6.91;-0.24:-6.91;-0.24:-6.91;-0.24:-6.91;-0.24:-6.91;-0.24:-6.91;-0.26:-6.87;-0.24:-6.9,-0.1245309:-6.933405;0.008101583:-6.941955;0.109197:-6.98945;0.2181789:-7.009896;0.3193198:-7.031932;0.4511114:-7.076905;0.5554548:-7.114025;0.6131679:-7.109244;0.7372239:-7.12785;0.8392406:-7.165324;0.9114558:-7.167819;0.9578085:-7.170877
sigma3_hotel_seed42,HOTEL:biwi_hotel:138:6930,HOTEL,biwi_hotel,biwi_hotel:138,6930,3,0.24422363936901093,0.37806975841522217,0.055901698768138885,0.07105398923158646,0.26340365409851074,10.030323028564453,1.625,1.39:-8.31;1.37:-8.33;1.38:-8.32;1.42:-8.34;1.41:-8.32;1.39:-8.33;1.35:-8.35;1.36:-8.37,1.4:-8.32;1.4:-8.39;1.47:-8.29;1.41:-8.33;1.35:-8.33;1.47:-8.29;1.48:-8.28;1.48:-8.28;1.48:-8.28;1.4:-8.31;1.47:-8.28;1.34:-8.33,1.366291:-8.410536;1.393914:-8.443018;1.409238:-8.448901;1.422119:-8.491063;1.426357:-8.508229;1.459899:-8.529299;1.470879:-8.581244;1.46656:-8.57659;1.493664:-8.619086;1.503215:-8.623723;1.504503:-8.648073;1.497531:-8.673687
sigma3_hotel_seed42,HOTEL:biwi_hotel:139:6930,HOTEL,biwi_hotel,biwi_hotel:139,6930,3,0.016063984483480453,0.04346102476119995,0.0,0.0071428571827709675,0.02083333395421505,0.0,1.125,1.29:-9.3;1.31:-9.3;1.31:-9.3;1.31:-9.3;1.31:-9.3;1.31:-9.3;1.31:-9.3;1.31:-9.3,1.31:-9.3;1.31:-9.3;1.31:-9.3;1.31:-9.3;1.31:-9.3;1.31:-9.3;1.31:-9.3;1.31:-9.3;1.31:-9.3;1.31:-9.3;1.31:-9.3;1.31:-9.3,1.31126:-9.30194;1.306962:-9.301125;1.307634:-9.301863;1.310476:-9.304688;1.314898:-9.307551;1.31432:-9.305923;1.319992:-9.305296;1.324085:-9.311943;1.329077:-9.315357;1.336323:-9.312021;1.341674:-9.31813;1.347867:-9.32133
sigma3_hotel_seed42,HOTEL:biwi_hotel:142:6930,HOTEL,biwi_hotel,biwi_hotel:142,6930,3,1.413920283317566,2.811037302017212,1.5282751321792603,1.3771268129348755,0.8646945953369141,0.9637805223464966,2.0,0.99:-7.51;1.21:-7.03;1.31:-6.53;1.28:-6.02;1.33:-5.35;1.37:-4.86;1.32:-4.33;1.36:-3.72,1.33:-3.16;1.25:-2.6;1.34:-2.05;1.45:-1.65;1.44:-1.12;1.41:-0.52;1.45:-0.11;1.38:0.42;1.38:0.91;1.41:1.44;1.41:2.08;1.43:2.45,1.383764:-3.258038;1.358136:-2.910065;1.246709:-2.651343;1.271318:-2.313902;1.273979:-2.033115;1.215325:-1.806813;1.000643:-1.605357;1.171334:-1.287611;1.089884:-1.006212;0.9252573:-0.83339;1.056534:-0.5422215;1.045495:-0.3346159
sigma3_hotel_seed42,HOTEL:biwi_hotel:143:6930,HOTEL,biwi_hotel,biwi_hotel:143,6930,3,1.4719346761703491,2.962345838546753,1.3770439624786377,1.309609293937683,0.4321228265762329,0.4181189239025116,1.875,0.45:-7.33;0.49:-6.76;0.57:-6.28;0.62:-5.82;0.65:-5.27;0.66:-4.78;0.73:-4.23;0.76:-3.68,0.79:-3.22;0.85:-2.71;0.87:-2.17;0.81:-1.69;0.8:-1.13;0.7:-0.65;0.73:-0.14;0.8:0.36;0.81:0.82;0.79:1.36;0.87:1.96;0.83:2.35,0.7684898:-3.254825;0.7255143:-2.92855;0.6141685:-2.699287;0.6237546:-2.392531;0.6115072:-2.132155;0.5344253:-1.932691;0.3379279:-1.732572;0.4715243:-1.455389;0.3757258:-1.193462;0.2101225:-1.027443;0.3181463:-0.763736;0.2967321:-0.5639524
sigma3_hotel_seed42,HOTEL:biwi_hotel:144:6930,HOTEL,biwi_hotel,biwi_hotel:144,6930,3,0.056417033076286316,0.17633672058582306,0.0353553406894207,0.18013665080070496,0.859376072883606,13.735542297363281,1.125,-0.23:-6.9;-0.29:-6.79;-0.26:-6.82;-0.26:-6.81;-0.24:-6.9;-0.33:-6.83;-0.25:-6.9;-0.24:-6.91,-0.24:-6.91;-0.24:-6.91;-0.24:-6.91;-0.24:-6.91;-0.24:-6.91;-0.24:-6.91;-0.24:-6.91;-0.24:-6.91;-0.24:-6.91;-0.26:-6.87;-0.24:-6.9;-0.24:-6.83,-0.2421123:-6.915855;-0.234892:-6.926307;-0.2298554:-6.919493;-0.223497:-6.922599;-0.2211308:-6.935016;-0.2214881:-6.921199;-0.2205179:-6.949854;-0.1937419:-6.946223;-0.1887773:-6.955023;-0.1786565:-6.959479;-0.1785933:-6.97572;-0.1627416:-6.988511
sigma3_hotel_seed42,HOTEL:biwi_hotel:138:6940,HOTEL,biwi_hotel,biwi_hotel:138,6940,3,0.3847619295120239,0.6734970211982727,0.16007810831069946,0.08382076025009155,0.2985404431819916,8.891934394836426,1.375,1.37:-8.33;1.38:-8.32;1.42:-8.34;1.41:-8.32;1.39:-8.33;1.35:-8.35;1.36:-8.37;1.4:-8.32,1.4:-8.39;1.47:-8.29;1.41:-8.33;1.35:-8.33;1.47:-8.29;1.48:-8.28;1.48:-8.28;1.48:-8.28;1.4:-8.31;1.47:-8.28;1.34:-8.33;1.47:-8.29,1.463262:-8.28937;1.52379:-8.253304;1.586673:-8.236054;1.647988:-8.199728;1.708368:-8.192704;1.757885:-8.159136;1.813108:-8.159813;1.890552:-8.134838;1.944422:-8.114609;2.005225:-8.110839;2.049525:-8.104398;2.110396:-8.081454
sigma3_hotel_seed42,HOTEL:biwi_hotel:139:6940,HOTEL,biwi_hotel,biwi_hotel:139,6940,3,0.005827432032674551,0.01113730575889349,0.0,0.0,0.0,0.0,1.0,1.31:-9.3;1.31:-9.3;1.31:-9.3;1.31:-9.3;1.31:-9.3;1.31:-9.3;1.31:-9.3;1.31:-9.3,1.31:-9.3;1.31:-9.3;1.31:-9.3;1.31:-9.3;1.31:-9.3;1.31:-9.3;1.31:-9.3;1.31:-9.3;1.31:-9.3;1.31:-9.3;1.31:-9.3;1.31:-9.3,1.310934:-9.300559;1.306829:-9.299363;1.306907:-9.300627;1.310763:-9.302113;1.312132:-9.30478;1.307865:-9.30522;1.310497:-9.303556;1.309916:-9.308143;1.309995:-9.306143;1.315682:-9.306486;1.317098:-9.309295;1.316181:-9.309265
sigma3_hotel_seed42,HOTEL:biwi_hotel:142:6940,HOTEL,biwi_hotel,biwi_hotel:142,6940,3,1.4650436639785767,3.0457165241241455,1.4020074605941772,1.3888367414474487,0.8275779485702515,0.8504140973091125,1.625,1.21:-7.03;1.31:-6.53;1.28:-6.02;1.33:-5.35;1.37:-4.86;1.32:-4.33;1.36:-3.72;1.33:-3.16,1.25:-2.6;1.34:-2.05;1.45:-1.65;1.44:-1.12;1.41:-0.52;1.45:-0.11;1.38:0.42;1.38:0.91;1.41:1.44;1.41:2.08;1.43:2.45;1.48:3.1,1.292675:-2.690506;1.232595:-2.346688;1.077413:-2.074458;1.063334:-1.749564;0.9986787:-1.452444;0.8794366:-1.245723;0.6398969:-1.031739;0.7347949:-0.7221882;0.5931937:-0.4244082;0.3758032:-0.2335014;0.4683006:0.05976701;0.4005455:0.2519889
sigma3_hotel_seed42,HOTEL:biwi_hotel:143:6940,HOTEL,biwi_hotel,biwi_hotel:143,6940,3,1.7266855239868164,3.3613083362579346,1.1524430513381958,1.2701719999313354,0.4232805371284485,0.33366450667381287,1.625,0.49:-6.76;0.57:-6.28;0.62:-5.82;0.65:-5.27;0.66:-4.78;0.73:-4.23;0.76:-3.68;0.79:-3.22,0.85:-2.71;0.87:-2.17;0.81:-1.69;0.8:-1.13;0.7:-0.65;0.73:-0.14;0.8:0.36;0.81:0.82;0.79:1.36;0.87:1.96;0.83:2.35;0.81:2.85,0.8380817:-2.848638;0.8554557:-2.564289;0.8150394:-2.372445;0.8737106:-2.10254;0.8916833:-1.881415;0.8440165:-1.71826;0.7270322:-1.529325;0.8714573:-1.30714;0.8052611:-1.056055;0.6870806:-0.9073575;0.8136189:-0.6807058;0.8166233:-0.511302
sigma3_hotel_seed42,HOTEL:biwi_hotel:144:6940,HOTEL,biwi_hotel,biwi_hotel:144,6940,3,0.19477619230747223,0.3627033829689026,0.0,0.13538677990436554,0.7007395625114441,10.880001068115234,0.875,-0.29:-6.79;-0.26:-6.82;-0.26:-6.81;-0.24:-6.9;-0.33:-6.83;-0.25:-6.9;-0.24:-6.91;-0.24:-6.91,-0.24:-6.91;-0.24:-6.91;-0.24:-6.91;-0.24:-6.91;-0.24:-6.91;-0.24:-6.91;-0.24:-6.91;-0.24:-6.91;-0.26:-6.87;-0.24:-6.9;-0.24:-6.83;-0.24:-6.9,-0.2733465:-6.925465;-0.2948845:-6.937747;-0.3176093:-6.936367;-0.3497094:-6.957833;-0.3814523:-6.96282;-0.4046681:-6.971071;-0.425562:-6.996923;-0.4596319:-6.994516;-0.4783372:-7.013026;-0.5131167:-7.00782;-0.5374503:-7.020452;-0.578294:-7.030809
sigma3_hotel_seed42,HOTEL:biwi_hotel:138:6950,HOTEL,biwi_hotel,biwi_hotel:138,6950,3,0.446323037147522,0.6799622774124146,0.17499999701976776,0.10377000272274017,0.386107861995697,10.109740257263184,1.125,1.38:-8.32;1.42:-8.34;1.41:-8.32;1.39:-8.33;1.35:-8.35;1.36:-8.37;1.4:-8.32;1.4:-8.39,1.47:-8.29;1.41:-8.33;1.35:-8.33;1.47:-8.29;1.48:-8.28;1.48:-8.28;1.48:-8.28;1.4:-8.31;1.47:-8.28;1.34:-8.33;1.47:-8.29;1.48:-8.28,1.423049:-8.453034;1.443741:-8.503057;1.451462:-8.568937;1.462016:-8.628981;1.475037:-8.679401;1.491721:-8.737487;1.495917:-8.791707;1.494023:-8.828622;1.514189:-8.86952;1.500694:-8.903565;1.506589:-8.937319;1.466909:-8.959836
sigma3_hotel_seed42,HOTEL:biwi_hotel:139:6950,HOTEL,biwi_hotel,biwi_hotel:139,6950,3,0.006581708323210478,0.01280989684164524,0.0,0.0,0.0,0.0,1.0,1.31:-9.3;1.31:-9.3;1.31:-9.3;1.31:-9.3;1.31:-9.3;1.31:-9.3;1.31:-9.3;1.31:-9.3,1.31:-9.3;1.31:-9.3;1.31:-9.3;1.31:-9.3;1.31:-9.3;1.31:-9.3;1.31:-9.3;1.31:-9.3;1.31:-9.3;1.31:-9.3;1.31:-9.3;1.31:-9.3,1.311074:-9.300536;1.306668:-9.299442;1.306678:-9.300877;1.310941:-9.302376;1.312431:-9.305453;1.307714:-9.305923;1.310552:-9.304193;1.309954:-9.309209;1.310179:-9.306776;1.316481:-9.307434;1.318157:-9.310382;1.317044:-9.310699
sigma3_hotel_seed42,HOTEL:biwi_hotel:142:6950,HOTEL,biwi_hotel,biwi_hotel:142,6950,3,1.658084750175476,3.2779223918914795,1.4142135381698608,1.4087594747543335,0.7438445687294006,0.682639479637146,1.375,1.31:-6.53;1.28:-6.02;1.33:-5.35;1.37:-4.86;1.32:-4.33;1.36:-3.72;1.33:-3.16;1.25:-2.6,1.34:-2.05;1.45:-1.65;1.44:-1.12;1.41:-0.52;1.45:-0.11;1.38:0.42;1.38:0.91;1.41:1.44;1.41:2.08;1.43:2.45;1.48:3.1;1.51:3.59,1.169122:-2.137413;1.043264:-1.788245;0.8354945:-1.523563;0.7706155:-1.206011;0.6713647:-0.9090039;0.5152521:-0.7008651;0.2366768:-0.4921558;0.2878124:-0.182662;0.113875:0.09426141;-0.1246215:0.2790751;-0.08068717:0.5636487;-0.1691768:0.7748373
sigma3_hotel_seed42,HOTEL:biwi_hotel:143:6950,HOTEL,biwi_hotel,biwi_hotel:143,6950,3,1.6459394693374634,3.178534984588623,1.2837932109832764,1.2797777652740479,0.4464617967605591,0.3287700116634369,1.375,0.57:-6.28;0.62:-5.82;0.65:-5.27;0.66:-4.78;0.73:-4.23;0.76:-3.68;0.79:-3.22;0.85:-2.71,0.87:-2.17;0.81:-1.69;0.8:-1.13;0.7:-0.65;0.73:-0.14;0.8:0.36;0.81:0.82;0.79:1.36;0.87:1.96;0.83:2.35;0.81:2.85;0.89:3.31,0.9112159:-2.321693;0.9322745:-2.023452;0.8909439:-1.822574;0.9541584:-1.535192;0.9881342:-1.305314;0.9563642:-1.125578;0.8272666:-0.9341934;0.9985493:-0.6920507;0.9462875:-0.4381733;0.8300244:-0.2867217;0.9721167:-0.04601908;0.9875634:0.1329627
sigma3_hotel_seed42,HOTEL:biwi_hotel:144:6950,HOTEL,biwi_hotel,biwi_hotel:144,6950,3,0.04662572219967842,0.07794147729873657,0.0,0.12023448944091797,0.6486562490463257,8.52380657196045,0.625,-0.26:-6.82;-0.26:-6.81;-0.24:-6.9;-0.33:-6.83;-0.25:-6.9;-0.24:-6.91;-0.24:-6.91;-0.24:-6.91,-0.24:-6.91;-0.24:-6.91;-0.24:-6.91;-0.24:-6.91;-0.24:-6.91;-0.24:-6.91;-0.24:-6.91;-0.26:-6.87;-0.24:-6.9;-0.24:-6.83;-0.24:-6.9;-0.24:-6.91,-0.2430876:-6.910465;-0.2308736:-6.913304;-0.2200211:-6.896096;-0.2131253:-6.901409;-0.213332:-6.902848;-0.2110957:-6.892672;-0.1991525:-6.914056;-0.187521:-6.906453;-0.1796659:-6.91223;-0.1736697:-6.90341;-0.1695093:-6.915591;-0.16394:-6.927022
sigma3_hotel_seed42,HOTEL:biwi_hotel:138:6960,HOTEL,biwi_hotel,biwi_hotel:138,6960,3,0.5013257265090942,0.76871258020401,0.3051638901233673,0.1313929259777069,0.5109167098999023,10.142515182495117,1.0,1.42:-8.34;1.41:-8.32;1.39:-8.33;1.35:-8.35;1.36:-8.37;1.4:-8.32;1.4:-8.39;1.47:-8.29,1.41:-8.33;1.35:-8.33;1.47:-8.29;1.48:-8.28;1.48:-8.28;1.48:-8.28;1.4:-8.31;1.47:-8.28;1.34:-8.33;1.47:-8.29;1.48:-8.28;1.48:-8.28,1.542157:-8.242558;1.620189:-8.17408;1.690555:-8.157516;1.746299:-8.113866;1.80495:-8.083284;1.869943:-8.06479;1.928379:-8.035355;1.981076:-8.003328;2.039922:-7.973975;2.053869:-7.932247;2.111177:-7.905922;2.12998:-7.869579
sigma3_hotel_seed42,HOTEL:biwi_hotel:139:6960,HOTEL,biwi_hotel,biwi_hotel:139,6960,3,0.0074314032681286335,0.023077107965946198,0.0,0.0,0.0,0.0,1.0,1.31:-9.3;1.31:-9.3;1.31:-9.3;1.31:-9.3;1.31:-9.3;1.31:-9.3;1.31:-9.3;1.31:-9.3,1.31:-9.3;1.31:-9.3;1.31:-9.3;1.31:-9.3;1.31:-9.3;1.31:-9.3;1.31:-9.3;1.31:-9.3;1.31:-9.3;1.31:-9.3;1.31:-9.3;1.31:-9.3,1.309542:-9.301285;1.306171:-9.300367;1.305271:-9.300989;1.305012:-9.302614;1.306656:-9.302293;1.307427:-9.301304;1.311123:-9.301191;1.31154:-9.303459;1.315627:-9.307886;1.320832:-9.304901;1.324579:-9.307699;1.330544:-9.310513
sigma3_hotel_seed42,HOTEL:biwi_hotel:144:6960,HOTEL,biwi_hotel,biwi_hotel:144,6960,3,0.14271299540996552,0.24709485471248627,0.0,0.11666306108236313,0.5424267053604126,5.600882530212402,0.375,-0.26:-6.81;-0.24:-6.9;-0.33:-6.83;-0.25:-6.9;-0.24:-6.91;-0.24:-6.91;-0.24:-6.91;-0.24:-6.91,-0.24:-6.91;-0.24:-6.91;-0.24:-6.91;-0.24:-6.91;-0.24:-6.91;-0.24:-6.91;-0.26:-6.87;-0.24:-6.9;-0.24:-6.83;-0.24:-6.9;-0.24:-6.91;-0.24:-6.91,-0.2644444:-6.923527;-0.2777169:-6.937751;-0.2941518:-6.938778;-0.3149229:-6.956433;-0.3369086:-6.963713;-0.354856:-6.970007;-0.3651307:-6.992482;-0.383688:-6.996536;-0.3954042:-7.011058;-0.4151089:-7.009661;-0.4295887:-7.023771;-0.4506276:-7.039197
sigma3_hotel_seed42,HOTEL:biwi_hotel:138:6970,HOTEL,biwi_hotel,biwi_hotel:138,6970,3,0.5282353162765503,0.9677930474281311,0.18027757108211517,0.14916090667247772,0.6769864559173584,11.341243743896484,1.0,1.41:-8.32;1.39:-8.33;1.35:-8.35;1.36:-8.37;1.4:-8.32;1.4:-8.39;1.47:-8.29;1.41:-8.33,1.35:-8.33;1.47:-8.29;1.48:-8.28;1.48:-8.28;1.48:-8.28;1.4:-8.31;1.47:-8.28;1.34:-8.33;1.47:-8.29;1.48:-8.28;1.48:-8.28;1.48:-8.28,1.345891:-8.359424;1.272319:-8.386027;1.207052:-8.415232;1.129455:-8.44369;1.071281:-8.478435;0.994939:-8.489727;0.913963:-8.527037;0.8753147:-8.546843;0.8134551:-8.568924;0.7161289:-8.578659;0.663692:-8.602818;0.5701167:-8.609751
sigma3_hotel_seed42,HOTEL:biwi_hotel:139:6970,HOTEL,biwi_hotel,biwi_hotel:139,6970,3,0.008122348226606846,0.02325006201863289,0.0,0.0,0.0,0.0,1.0,1.31:-9.3;1.31:-9.3;1.31:-9.3;1.31:-9.3;1.31:-9.3;1.31:-9.3;1.31:-9.3;1.31:-9.3,1.31:-9.3;1.31:-9.3;1.31:-9.3;1.31:-9.3;1.31:-9.3;1.31:-9.3;1.31:-9.3;1.31:-9.3;1.31:-9.3;1.31:-9.3;1.31:-9.3;1.31:-9.3,1.307533:-9.299954;1.307579:-9.299664;1.304595:-9.301115;1.299679:-9.300222;1.299459:-9.295726;1.303592:-9.294615;1.307065:-9.293757;1.308733:-9.294047;1.313308:-9.300921;1.314989:-9.296168;1.320353:-9.296256;1.333115:-9.302498
sigma3_hotel_seed42,HOTEL:biwi_hotel:144:6970,HOTEL,biwi_hotel,biwi_hotel:144,6970,3,0.2400222271680832,0.4530654847621918,0.0,0.0837361216545105,0.34017160534858704,3.150373935699463,0.125,-0.24:-6.9;-0.33:-6.83;-0.25:-6.9;-0.24:-6.91;-0.24:-6.91;-0.24:-6.91;-0.24:-6.91;-0.24:-6.91,-0.24:-6.91;-0.24:-6.91;-0.24:-6.91;-0.24:-6.91;-0.24:-6.91;-0.26:-6.87;-0.24:-6.9;-0.24:-6.83;-0.24:-6.9;-0.24:-6.91;-0.24:-6.91;-0.24:-6.91,-0.2129339:-6.918535;-0.1696574:-6.9303;-0.1351354:-6.917829;-0.102248:-6.919058;-0.07000342:-6.930986;-0.02968594:-6.9118;-0.003212497:-6.948673;0.05418195:-6.936136;0.09579463:-6.952393;0.134788:-6.956393;0.1602365:-6.972274;0.2056712:-6.99152
sigma3_hotel_seed42,HOTEL:biwi_hotel:145:6970,HOTEL,biwi_hotel,biwi_hotel:145,6970,3,2.6023313999176025,5.783413410186768,1.1559628248214722,1.3076128959655762,0.3861226439476013,0.6068267822265625,0.625,2.46:2.98;2.51:2.45;2.6:1.9;2.66:1.36;2.68:0.84;2.69:0.31;2.53:-0.18;2.36:-0.61,2.17:-1.09;1.95:-1.56;1.85:-1.99;1.85:-2.54;1.82:-3.13;1.99:-3.67;2.1:-4.27;2.27:-4.96;2.44:-5.52;2.53:-6.17;2.57:-6.81;2.59:-7.47,2.048517:-0.9278929;1.730381:-1.25044;1.391581:-1.554229;1.152183:-1.823819;0.8184099:-2.078777;0.4726428:-2.337261;0.118763:-2.488699;-0.198637:-2.739832;-0.5645995:-2.873571;-0.8513241:-3.071563;-1.185628:-3.236709;-1.505197:-3.386223
sigma3_hotel_seed42,HOTEL:biwi_hotel:138:6980,HOTEL,biwi_hotel,biwi_hotel:138,6980,3,0.6602587699890137,1.140087604522705,0.15000000596046448,0.16260352730751038,0.6953607797622681,11.929245948791504,1.0,1.39:-8.33;1.35:-8.35;1.36:-8.37;1.4:-8.32;1.4:-8.39;1.47:-8.29;1.41:-8.33;1.35:-8.33,1.47:-8.29;1.48:-8.28;1.48:-8.28;1.48:-8.28;1.4:-8.31;1.47:-8.28;1.34:-8.33;1.47:-8.29;1.48:-8.28;1.48:-8.28;1.48:-8.28;1.48:-8.28,1.267332:-8.339924;1.178913:-8.353868;1.099842:-8.358935;0.990694:-8.361428;0.9231843:-8.385086;0.8358042:-8.365748;0.7321593:-8.397065;0.6980729:-8.396593;0.6329015:-8.408218;0.5109323:-8.407945;0.4567537:-8.416491;0.3491644:-8.42495
sigma3_hotel_seed42,HOTEL:biwi_hotel:139:6980,HOTEL,biwi_hotel,biwi_hotel:139,6980,3,0.013182058930397034,0.024400116875767708,0.0,0.0,0.0,0.0,1.0,1.31:-9.3;1.31:-9.3;1.31:-9.3;1.31:-9.3;1.31:-9.3;1.31:-9.3;1.31:-9.3;1.31:-9.3,1.31:-9.3;1.31:-9.3;1.31:-9.3;1.31:-9.3;1.31:-9.3;1.31:-9.3;1.31:-9.3;1.31:-9.3;1.31:-9.3;1.31:-9.3;1.31:-9.3;1.31:-9.3,1.305481:-9.298945;1.308089:-9.298827;1.303316:-9.300471;1.294156:-9.297823;1.292014:-9.289017;1.299633:-9.287705;1.302629:-9.286469;1.304589:-9.284067;1.309587:-9.294201;1.308132:-9.287028;1.314565:-9.284771;1.333495:-9.293415
sigma3_hotel_seed42,HOTEL:biwi_hotel:144:6980,HOTEL,biwi_hotel,biwi_hotel:144,6980,3,0.05811524763703346,0.1203259825706482,0.0,0.04301556944847107,0.11076831072568893,0.06656816601753235,0.0,-0.33:-6.83;-0.25:-6.9;-0.24:-6.91;-0.24:-6.91;-0.24:-6.91;-0.24:-6.91;-0.24:-6.91;-0.24:-6.91,-0.24:-6.91;-0.24:-6.91;-0.24:-6.91;-0.24:-6.91;-0.26:-6.87;-0.24:-6.9;-0.24:-6.83;-0.24:-6.9;-0.24:-6.91;-0.24:-6.91;-0.24:-6.91;-0.24:-6.91,-0.2403039:-6.912158;-0.2298972:-6.919222;-0.2236883:-6.910781;-0.2208639:-6.909693;-0.2150366:-6.917305;-0.2104305:-6.902107;-0.2036186:-6.924493;-0.1763107:-6.921086;-0.164375:-6.928599;-0.1549126:-6.929138;-0.1477562:-6.941219;-0.1290592:-6.956588
sigma3_hotel_seed42,HOTEL:biwi_hotel:145:6980,HOTEL,biwi_hotel,biwi_hotel:145,6980,3,2.2963602542877197,5.068390369415283,1.2905910015106201,1.3018568754196167,0.39563336968421936,0.5391080975532532,1.0,2.51:2.45;2.6:1.9;2.66:1.36;2.68:0.84;2.69:0.31;2.53:-0.18;2.36:-0.61;2.17:-1.09,1.95:-1.56;1.85:-1.99;1.85:-2.54;1.82:-3.13;1.99:-3.67;2.1:-4.27;2.27:-4.96;2.44:-5.52;2.53:-6.17;2.57:-6.81;2.59:-7.47;2.56:-8.12,1.89644:-1.530409;1.616623:-1.986177;1.301088:-2.409661;1.114503:-2.771373;0.8051707:-3.138842;0.4702972:-3.486514;0.1190081:-3.702899;-0.1589198:-4.057815;-0.5200968:-4.235528;-0.7832077:-4.521702;-1.102915:-4.750474;-1.416578:-4.977483
sigma3_hotel_seed42,HOTEL:biwi_hotel:138:6990,HOTEL,biwi_hotel,biwi_hotel:138,6990,3,0.5840856432914734,0.9321956038475037,0.3162277638912201,0.19180700182914734,0.835351288318634,13.178292274475098,1.0,1.35:-8.35;1.36:-8.37;1.4:-8.32;1.4:-8.39;1.47:-8.29;1.41:-8.33;1.35:-8.33;1.47:-8.29,1.48:-8.28;1.48:-8.28;1.48:-8.28;1.4:-8.31;1.47:-8.28;1.34:-8.33;1.47:-8.29;1.48:-8.28;1.48:-8.28;1.48:-8.28;1.48:-8.28;1.48:-8.28,1.570575:-8.299006;1.678948:-8.281499;1.76739:-8.306133;1.850299:-8.31494;1.932517:-8.317014;2.038504:-8.345083;2.119578:-8.3542;2.172906:-8.348169;2.268022:-8.359658;2.312149:-8.348863;2.385293:-8.346619;2.410269:-8.339902
sigma3_hotel_seed42,HOTEL:biwi_hotel:139:6990,HOTEL,biwi_hotel,biwi_hotel:139,6990,3,0.011788309551775455,0.01815003715455532,0.0,0.0,0.0,0.0,1.0,1.31:-9.3;1.31:-9.3;1.31:-9.3;1.31:-9.3;1.31:-9.3;1.31:-9.3;1.31:-9.3;1.31:-9.3,1.31:-9.3;1.31:-9.3;1.31:-9.3;1.31:-9.3;1.31:-9.3;1.31:-9.3;1.31:-9.3;1.31:-9.3;1.31:-9.3;1.31:-9.3;1.31:-9.3;1.31:-9.3,1.305928:-9.299151;1.307518:-9.29906;1.303066:-9.300717;1.294953:-9.298407;1.292803:-9.290744;1.298823:-9.289749;1.301454:-9.288905;1.302125:-9.286427;1.306412:-9.295019;1.306054:-9.289614;1.311356:-9.28732;1.327316:-9.294561
sigma3_hotel_seed42,HOTEL:biwi_hotel:144:6990,HOTEL,biwi_hotel,biwi_hotel:144,6990,3,0.04174884036183357,0.09504923224449158,0.0,0.005050762556493282,0.014731391333043575,0.0,0.0,-0.25:-6.9;-0.24:-6.91;-0.24:-6.91;-0.24:-6.91;-0.24:-6.91;-0.24:-6.91;-0.24:-6.91;-0.24:-6.91,-0.24:-6.91;-0.24:-6.91;-0.24:-6.91;-0.26:-6.87;-0.24:-6.9;-0.24:-6.83;-0.24:-6.9;-0.24:-6.91;-0.24:-6.91;-0.24:-6.91;-0.24:-6.91;-0.24:-6.91,-0.2421536:-6.912344;-0.2353389:-6.917525;-0.2342978:-6.916464;-0.2371566:-6.916967;-0.2350926:-6.914165;-0.2272051:-6.909182;-0.2166697:-6.919577;-0.2048851:-6.917827;-0.1961123:-6.930015;-0.1853832:-6.929225;-0.1796283:-6.934842;-0.1517883:-6.945398
sigma3_hotel_seed42,HOTEL:biwi_hotel:145:6990,HOTEL,biwi_hotel,biwi_hotel:145,6990,3,2.8570573329925537,5.779665946960449,1.2973530292510986,1.2881519794464111,0.39563336968421936,0.5484485030174255,1.375,2.6:1.9;2.66:1.36;2.68:0.84;2.69:0.31;2.53:-0.18;2.36:-0.61;2.17:-1.09;1.95:-1.56,1.85:-1.99;1.85:-2.54;1.82:-3.13;1.99:-3.67;2.1:-4.27;2.27:-4.96;2.44:-5.52;2.53:-6.17;2.57:-6.81;2.59:-7.47;2.56:-8.12;2.56:-8.78,1.628195:-1.999301;1.301205:-2.454033;0.9405209:-2.875351;0.7116704:-3.234689;0.3567975:-3.601598;-0.02424896:-3.947032;-0.4152539:-4.158512;-0.7367189:-4.515338;-1.141395:-4.688578;-1.439265:-4.974539;-1.802185:-5.203837;-2.150477:-5.430978
sigma3_hotel_seed42,HOTEL:biwi_hotel:138:7000,HOTEL,biwi_hotel,biwi_hotel:138,7000,3,0.09318823367357254,0.17064838111400604,0.0353553406894207,0.1888718158006668,0.8747885823249817,11.6387357711792,1.0,1.36:-8.37;1.4:-8.32;1.4:-8.39;1.47:-8.29;1.41:-8.33;1.35:-8.33;1.47:-8.29;1.48:-8.28,1.48:-8.28;1.48:-8.28;1.4:-8.31;1.47:-8.28;1.34:-8.33;1.47:-8.29;1.48:-8.28;1.48:-8.28;1.48:-8.28;1.48:-8.28;1.48:-8.28;1.48:-8.28,1.460912:-8.290473;1.454049:-8.303309;1.443581:-8.30165;1.429976:-8.316329;1.413806:-8.322375;1.400397:-8.325766;1.397477:-8.346059;1.387405:-8.350544;1.380572:-8.36248;1.368888:-8.359962;1.360691:-8.373989;1.350174:-8.390752
sigma3_hotel_seed42,HOTEL:biwi_hotel:139:7000,HOTEL,biwi_hotel,biwi_hotel:139,7000,3,0.04110557958483696,0.060709454119205475,0.0,0.0,0.0,0.0,1.0,1.31:-9.3;1.31:-9.3;1.31:-9.3;1.31:-9.3;1.31:-9.3;1.31:-9.3;1.31:-9.3;1.31:-9.3,1.31:-9.3;1.31:-9.3;1.31:-9.3;1.31:-9.3;1.31:-9.3;1.31:-9.3;1.31:-9.3;1.31:-9.3;1.31:-9.3;1.31:-9.3;1.31:-9.3;1.31:-9.3,1.299245:-9.303806;1.295387:-9.311339;1.28687:-9.312431;1.274853:-9.313293;1.269784:-9.315872;1.265918:-9.309373;1.265316:-9.322316;1.274421:-9.324169;1.275026:-9.335278;1.27524:-9.336594;1.274211:-9.344889;1.290774:-9.357585
sigma3_hotel_seed42,HOTEL:biwi_hotel:144:7000,HOTEL,biwi_hotel,biwi_hotel:144,7000,3,0.04899450019001961,0.06070946902036667,0.0,0.0,0.0,0.0,0.0,-0.24:-6.91;-0.24:-6.91;-0.24:-6.91;-0.24:-6.91;-0.24:-6.91;-0.24:-6.91;-0.24:-6.91;-0.24:-6.91,-0.24:-6.91;-0.24:-6.91;-0.26:-6.87;-0.24:-6.9;-0.24:-6.83;-0.24:-6.9;-0.24:-6.91;-0.24:-6.91;-0.24:-6.91;-0.24:-6.91;-0.24:-6.91;-0.24:-6.91,-0.2507551:-6.913806;-0.2546134:-6.921339;-0.2631296:-6.922431;-0.2751467:-6.923294;-0.2802158:-6.925871;-0.2840819:-6.919373;-0.284684:-6.932315;-0.2755791:-6.934169;-0.2749743:-6.945278;-0.2747601:-6.946593;-0.2757891:-6.954888;-0.2592259:-6.967585
sigma3_hotel_seed42,HOTEL:biwi_hotel:145:7000,HOTEL,biwi_hotel,biwi_hotel:145,7000,3,2.3691720962524414,4.833162307739258,1.103687047958374,1.2517776489257812,0.4808101952075958,0.685528576374054,1.625,2.66:1.36;2.68:0.84;2.69:0.31;2.53:-0.18;2.36:-0.61;2.17:-1.09;1.95:-1.56;1.85:-1.99,1.85:-2.54;1.82:-3.13;1.99:-3.67;2.1:-4.27;2.27:-4.96;2.44:-5.52;2.53:-6.17;2.57:-6.81;2.59:-7.47;2.56:-8.12;2.56:-8.78;2.53:-9.4,1.717323:-2.375979;1.570737:-2.768613;1.391876:-3.142784;1.316407:-3.467102;1.147194:-3.782636;0.9608027:-4.092338;0.7389206:-4.293696;0.5863013:-4.592115;0.3680654:-4.767097;0.2100452:-5.011556;0.02364945:-5.209365;-0.1756026:-5.395106
sigma3_hotel_seed42,HOTEL:biwi_hotel:138:7010,HOTEL,biwi_hotel,biwi_hotel:138,7010,3,0.08015155792236328,0.12433424592018127,0.0,0.1660035103559494,0.757758378982544,9.171883583068848,1.0,1.4:-8.32;1.4:-8.39;1.47:-8.29;1.41:-8.33;1.35:-8.33;1.47:-8.29;1.48:-8.28;1.48:-8.28,1.48:-8.28;1.4:-8.31;1.47:-8.28;1.34:-8.33;1.47:-8.29;1.48:-8.28;1.48:-8.28;1.48:-8.28;1.48:-8.28;1.48:-8.28;1.48:-8.28;1.48:-8.28,1.46474:-8.288199;1.4575:-8.295443;1.446717:-8.297639;1.427607:-8.306644;1.415211:-8.304809;1.410936:-8.307717;1.407992:-8.322161;1.396458:-8.319589;1.393493:-8.336258;1.384069:-8.334917;1.376363:-8.340842;1.375915:-8.348009
sigma3_hotel_seed42,HOTEL:biwi_hotel:139:7010,HOTEL,biwi_hotel,biwi_hotel:139,7010,3,0.04110557958483696,0.060709454119205475,0.0,0.0,0.0,0.0,1.0,1.31:-9.3;1.31:-9.3;1.31:-9.3;1.31:-9.3;1.31:-9.3;1.31:-9.3;1.31:-9.3;1.31:-9.3,1.31:-9.3;1.31:-9.3;1.31:-9.3;1.31:-9.3;1.31:-9.3;1.31:-9.3;1.31:-9.3;1.31:-9.3;1.31:-9.3;1.31:-9.3;1.31:-9.3;1.31:-9.3,1.299245:-9.303806;1.295387:-9.311339;1.28687:-9.312431;1.274853:-9.313293;1.269784:-9.315872;1.265918:-9.309373;1.265316:-9.322316;1.274421:-9.324169;1.275026:-9.335278;1.27524:-9.336594;1.274211:-9.344889;1.290774:-9.357585
sigma3_hotel_seed42,HOTEL:biwi_hotel:144:7010,HOTEL,biwi_hotel,biwi_hotel:144,7010,3,0.049921151250600815,0.06070946902036667,0.0,0.0,0.0,0.0,0.0,-0.24:-6.91;-0.24:-6.91;-0.24:-6.91;-0.24:-6.91;-0.24:-6.91;-0.24:-6.91;-0.24:-6.91;-0.24:-6.91,-0.24:-6.91;-0.26:-6.87;-0.24:-6.9;-0.24:-6.83;-0.24:-6.9;-0.24:-6.91;-0.24:-6.91;-0.24:-6.91;-0.24:-6.91;-0.24:-6.91;-0.24:-6.91;-0.24:-6.91,-0.2507551:-6.913806;-0.2546134:-6.921339;-0.2631296:-6.922431;-0.2751467:-6.923294;-0.2802158:-6.925871;-0.2840819:-6.919373;-0.284684:-6.932315;-0.2755791:-6.934169;-0.2749743:-6.945278;-0.2747601:-6.946593;-0.2757891:-6.954888;-0.2592259:-6.967585
sigma3_hotel_seed42,HOTEL:biwi_hotel:138:7020,HOTEL,biwi_hotel,biwi_hotel:138,7020,3,0.14511360228061676,0.2568255364894867,0.0,0.14100350439548492,0.5662503242492676,6.641017436981201,1.0,1.4:-8.39;1.47:-8.29;1.41:-8.33;1.35:-8.33;1.47:-8.29;1.48:-8.28;1.48:-8.28;1.48:-8.28,1.4:-8.31;1.47:-8.28;1.34:-8.33;1.47:-8.29;1.48:-8.28;1.48:-8.28;1.48:-8.28;1.48:-8.28;1.48:-8.28;1.48:-8.28;1.48:-8.28;1.48:-8.28,1.45791:-8.298268;1.444662:-8.310347;1.4264:-8.316547;1.393226:-8.334264;1.373581:-8.33609;1.370019:-8.345288;1.353994:-8.369554;1.326851:-8.362663;1.323928:-8.389352;1.297134:-8.388982;1.281277:-8.394986;1.254696:-8.403278
sigma3_hotel_seed42,HOTEL:biwi_hotel:139:7020,HOTEL,biwi_hotel,biwi_hotel:139,7020,3,0.04110557958483696,0.060709454119205475,0.0,0.0,0.0,0.0,1.0,1.31:-9.3;1.31:-9.3;1.31:-9.3;1.31:-9.3;1.31:-9.3;1.31:-9.3;1.31:-9.3;1.31:-9.3,1.31:-9.3;1.31:-9.3;1.31:-9.3;1.31:-9.3;1.31:-9.3;1.31:-9.3;1.31:-9.3;1.31:-9.3;1.31:-9.3;1.31:-9.3;1.31:-9.3;1.31:-9.3,1.299245:-9.303806;1.295387:-9.311339;1.28687:-9.312431;1.274853:-9.313293;1.269784:-9.315872;1.265918:-9.309373;1.265316:-9.322316;1.274421:-9.324169;1.275026:-9.335278;1.27524:-9.336594;1.274211:-9.344889;1.290774:-9.357585
sigma3_hotel_seed42,HOTEL:biwi_hotel:144:7020,HOTEL,biwi_hotel,biwi_hotel:144,7020,3,0.050633788108825684,0.06070946902036667,0.0,0.0,0.0,0.0,0.0,-0.24:-6.91;-0.24:-6.91;-0.24:-6.91;-0.24:-6.91;-0.24:-6.91;-0.24:-6.91;-0.24:-6.91;-0.24:-6.91,-0.26:-6.87;-0.24:-6.9;-0.24:-6.83;-0.24:-6.9;-0.24:-6.91;-0.24:-6.91;-0.24:-6.91;-0.24:-6.91;-0.24:-6.91;-0.24:-6.91;-0.24:-6.91;-0.24:-6.91,-0.2507551:-6.913806;-0.2546134:-6.921339;-0.2631296:-6.922431;-0.2751467:-6.923294;-0.2802158:-6.925871;-0.2840819:-6.919373;-0.284684:-6.932315;-0.2755791:-6.934169;-0.2749743:-6.945278;-0.2747601:-6.946593;-0.2757891:-6.954888;-0.2592259:-6.967585
sigma3_hotel_seed42,HOTEL:biwi_hotel:138:7030,HOTEL,biwi_hotel,biwi_hotel:138,7030,3,0.6014726161956787,1.0773476362228394,0.21360009908676147,0.12792296707630157,0.4562402069568634,6.586457252502441,1.0,1.47:-8.29;1.41:-8.33;1.35:-8.33;1.47:-8.29;1.48:-8.28;1.48:-8.28;1.48:-8.28;1.4:-8.31,1.47:-8.28;1.34:-8.33;1.47:-8.29;1.48:-8.28;1.48:-8.28;1.48:-8.28;1.48:-8.28;1.48:-8.28;1.48:-8.28;1.48:-8.28;1.48:-8.28;1.48:-8.28,1.317429:-8.322744;1.235571:-8.339154;1.162099:-8.340249;1.062588:-8.352769;0.9919249:-8.375481;0.9045329:-8.365335;0.8112703:-8.397698;0.7655831:-8.400755;0.700482:-8.411012;0.5819145:-8.405714;0.5285847:-8.418399;0.4133891:-8.431721
sigma3_hotel_seed42,HOTEL:biwi_hotel:139:7030,HOTEL,biwi_hotel,biwi_hotel:139,7030,3,0.010049114935100079,0.016537537798285484,0.0,0.0,0.0,0.0,1.0,1.31:-9.3;1.31:-9.3;1.31:-9.3;1.31:-9.3;1.31:-9.3;1.31:-9.3;1.31:-9.3;1.31:-9.3,1.31:-9.3;1.31:-9.3;1.31:-9.3;1.31:-9.3;1.31:-9.3;1.31:-9.3;1.31:-9.3;1.31:-9.3;1.31:-9.3;1.31:-9.3;1.31:-9.3;1.31:-9.3,1.306522:-9.299698;1.307926:-9.298935;1.304057:-9.29988;1.297499:-9.298433;1.295818:-9.291874;1.302214:-9.290991;1.304117:-9.29004;1.30426:-9.28797;1.309063:-9.296253;1.308203:-9.289702;1.313264:-9.288224;1.325863:-9.295326
sigma3_hotel_seed42,HOTEL:biwi_hotel:144:7030,HOTEL,biwi_hotel,biwi_hotel:144,7030,3,0.2721509039402008,0.4580114781856537,0.11180339753627777,0.015971913933753967,0.04658474773168564,0.0,0.0,-0.24:-6.91;-0.24:-6.91;-0.24:-6.91;-0.24:-6.91;-0.24:-6.91;-0.24:-6.91;-0.24:-6.91;-0.26:-6.87,-0.24:-6.9;-0.24:-6.83;-0.24:-6.9;-0.24:-6.91;-0.24:-6.91;-0.24:-6.91;-0.24:-6.91;-0.24:-6.91;-0.24:-6.91;-0.24:-6.91;-0.24:-6.91;-0.24:-6.91,-0.2828336:-6.84037;-0.3068056:-6.800539;-0.3292792:-6.77953;-0.3731655:-6.740175;-0.3906097:-6.729109;-0.4088787:-6.688324;-0.4480462:-6.689554;-0.4477945:-6.653732;-0.4568888:-6.641875;-0.503991:-6.624397;-0.5250299:-6.608746;-0.5657814:-6.588067
sigma3_hotel_seed42,HOTEL:biwi_hotel:150:7030,HOTEL,biwi_hotel,biwi_hotel:150,7030,3,1.3576264381408691,2.5301363468170166,0.21360009908676147,0.40453818440437317,0.6485626697540283,3.013925552368164,1.375,2.97:-1.62;2.9:-1.71;2.83:-1.94;2.73:-2.11;2.53:-2.26;2.49:-2.4;2.43:-2.48;2.46:-2.56,2.37:-2.66;2.12:-2.79;1.93:-2.92;1.68:-3.13;1.43:-3.28;1.18:-3.44;0.97:-3.61;0.78:-3.76;0.55:-3.82;0.32:-3.86;0.1:-3.95;-0.15:-4.08,2.450988:-2.626029;2.437409:-2.675166;2.42603:-2.727603;2.413133:-2.802601;2.396081:-2.844655;2.38482:-2.904845;2.366301:-2.960023;2.32678:-2.991456;2.314839:-3.042963;2.274201:-3.060835;2.254345:-3.099607;2.187519:-3.111706
sigma3_hotel_seed42,HOTEL:biwi_hotel:138:7040,HOTEL,biwi_hotel,biwi_hotel:138,7040,3,0.5863583087921143,1.0302369594573975,0.190394327044487,0.12936821579933167,0.5828599333763123,9.093926429748535,1.0,1.41:-8.33;1.35:-8.33;1.47:-8.29;1.48:-8.28;1.48:-8.28;1.48:-8.28;1.4:-8.31;1.47:-8.28,1.34:-8.33;1.47:-8.29;1.48:-8.28;1.48:-8.28;1.48:-8.28;1.48:-8.28;1.48:-8.28;1.48:-8.28;1.48:-8.28;1.48:-8.28;1.48:-8.28;1.48:-8.28,1.566648:-8.26178;1.660185:-8.229233;1.742828:-8.232327;1.832997:-8.199613;1.919444:-8.199961;2.008924:-8.181466;2.089063:-8.190036;2.177661:-8.165366;2.265746:-8.15253;2.363234:-8.167267;2.41919:-8.160524;2.500504:-8.138724
sigma3_hotel_seed42,HOTEL:biwi_hotel:139:7040,HOTEL,biwi_hotel,biwi_hotel:139,7040,3,0.007765871938318014,0.01931929402053356,0.0,0.0,0.0,0.0,1.0,1.31:-9.3;1.31:-9.3;1.31:-9.3;1.31:-9.3;1.31:-9.3;1.31:-9.3;1.31:-9.3;1.31:-9.3,1.31:-9.3;1.31:-9.3;1.31:-9.3;1.31:-9.3;1.31:-9.3;1.31:-9.3;1.31:-9.3;1.31:-9.3;1.31:-9.3;1.31:-9.3;1.31:-9.3;1.31:-9.3,1.307741:-9.300332;1.3078:-9.299002;1.30509:-9.299517;1.301371:-9.299302;1.30105:-9.294991;1.306359:-9.293914;1.308323:-9.292863;1.309108:-9.292513;1.313923:-9.299893;1.314386:-9.293097;1.319224:-9.293547;1.329313:-9.299506
sigma3_hotel_seed42,HOTEL:biwi_hotel:144:7040,HOTEL,biwi_hotel,biwi_hotel:144,7040,3,0.2224498838186264,0.38272207975387573,0.09013878554105759,0.028848882764577866,0.13056659698486328,3.017237663269043,0.0,-0.24:-6.91;-0.24:-6.91;-0.24:-6.91;-0.24:-6.91;-0.24:-6.91;-0.24:-6.91;-0.26:-6.87;-0.24:-6.9,-0.24:-6.83;-0.24:-6.9;-0.24:-6.91;-0.24:-6.91;-0.24:-6.91;-0.24:-6.91;-0.24:-6.91;-0.24:-6.91;-0.24:-6.91;-0.24:-6.91;-0.24:-6.91;-0.24:-6.91,-0.2025862:-6.912862;-0.1661884:-6.91414;-0.1392966:-6.928707;-0.1173812:-6.926592;-0.08116089:-6.943656;-0.03688492:-6.938488;-0.0181307:-6.971079;0.02156661:-6.958513;0.06927602:-6.974419;0.09827612:-6.992908;0.1155975:-6.99923;0.132088:-6.999592
sigma3_hotel_seed42,HOTEL:biwi_hotel:150:7040,HOTEL,biwi_hotel,biwi_hotel:150,7040,3,1.0663303136825562,1.9492040872573853,0.33634060621261597,0.41186627745628357,0.6294535994529724,3.7399089336395264,1.25,2.9:-1.71;2.83:-1.94;2.73:-2.11;2.53:-2.26;2.49:-2.4;2.43:-2.48;2.46:-2.56;2.37:-2.66,2.12:-2.79;1.93:-2.92;1.68:-3.13;1.43:-3.28;1.18:-3.44;0.97:-3.61;0.78:-3.76;0.55:-3.82;0.32:-3.86;0.1:-3.95;-0.15:-4.08;-0.44:-4.16,2.292072:-2.740945;2.19106:-2.80793;2.129261:-2.878341;2.044703:-2.964382;1.972362:-3.028274;1.866374:-3.081152;1.782255:-3.128805;1.723079:-3.199035;1.620947:-3.258909;1.497064:-3.269685;1.427403:-3.332991;1.326343:-3.335724
sigma3_hotel_seed42,HOTEL:biwi_hotel:138:7050,HOTEL,biwi_hotel,biwi_hotel:138,7050,3,0.788337230682373,1.3143925666809082,0.3482097089290619,0.15768389403820038,0.6151679754257202,9.377959251403809,1.0,1.35:-8.33;1.47:-8.29;1.48:-8.28;1.48:-8.28;1.48:-8.28;1.4:-8.31;1.47:-8.28;1.34:-8.33,1.47:-8.29;1.48:-8.28;1.48:-8.28;1.48:-8.28;1.48:-8.28;1.48:-8.28;1.48:-8.28;1.48:-8.28;1.48:-8.28;1.48:-8.28;1.48:-8.28;1.46:-8.28,1.253057:-8.382536;1.15406:-8.430492;1.087384:-8.472013;0.9937834:-8.526415;0.9134049:-8.574651;0.8006429:-8.600664;0.7096409:-8.640076;0.6504385:-8.68422;0.5484182:-8.717398;0.4231141:-8.724514;0.350794:-8.767401;0.2403904:-8.770082
sigma3_hotel_seed42,HOTEL:biwi_hotel:139:7050,HOTEL,biwi_hotel,biwi_hotel:139,7050,3,0.010411523282527924,0.024635296314954758,0.0,0.0,0.0,0.0,1.0,1.31:-9.3;1.31:-9.3;1.31:-9.3;1.31:-9.3;1.31:-9.3;1.31:-9.3;1.31:-9.3;1.31:-9.3,1.31:-9.3;1.31:-9.3;1.31:-9.3;1.31:-9.3;1.31:-9.3;1.31:-9.3;1.31:-9.3;1.31:-9.3;1.31:-9.3;1.31:-9.3;1.31:-9.3;1.31:-9.3,1.311298:-9.301314;1.306646:-9.300007;1.307023:-9.300975;1.310999:-9.303442;1.313826:-9.30661;1.31099:-9.306418;1.31514:-9.30506;1.315681:-9.310851;1.318407:-9.310922;1.32518:-9.309454;1.328478:-9.31391;1.329171:-9.315472
sigma3_hotel_seed42,HOTEL:biwi_hotel:144:7050,HOTEL,biwi_hotel,biwi_hotel:144,7050,3,0.303668349981308,0.5220922827720642,0.17499999701976776,0.053848881274461746,0.23679617047309875,5.570827484130859,0.0,-0.24:-6.91;-0.24:-6.91;-0.24:-6.91;-0.24:-6.91;-0.24:-6.91;-0.26:-6.87;-0.24:-6.9;-0.24:-6.83,-0.24:-6.9;-0.24:-6.91;-0.24:-6.91;-0.24:-6.91;-0.24:-6.91;-0.24:-6.91;-0.24:-6.91;-0.24:-6.91;-0.24:-6.91;-0.24:-6.91;-0.24:-6.91;-0.24:-6.91,-0.2650307:-6.799718;-0.2993017:-6.758292;-0.3209549:-6.750149;-0.3565885:-6.72486;-0.3826907:-6.715271;-0.4270981:-6.693533;-0.4629935:-6.682605;-0.4725015:-6.668365;-0.5105148:-6.649978;-0.5734832:-6.624235;-0.5977142:-6.617665;-0.6469449:-6.582928
sigma3_hotel_seed42,HOTEL:biwi_hotel:150:7050,HOTEL,biwi_hotel,biwi_hotel:150,7050,3,0.2972145080566406,0.48018893599510193,0.7044501304626465,0.42663905024528503,0.7291474938392639,3.8620877265930176,1.0,2.83:-1.94;2.73:-2.11;2.53:-2.26;2.49:-2.4;2.43:-2.48;2.46:-2.56;2.37:-2.66;2.12:-2.79,1.93:-2.92;1.68:-3.13;1.43:-3.28;1.18:-3.44;0.97:-3.61;0.78:-3.76;0.55:-3.82;0.32:-3.86;0.1:-3.95;-0.15:-4.08;-0.44:-4.16;-0.69:-4.28,1.85658:-2.920644;1.599153:-3.040443;1.36485:-3.146088;1.117198:-3.262122;0.8633271:-3.35736;0.5920521:-3.451232;0.36505:-3.501044;0.1139894:-3.614958;-0.1447859:-3.674588;-0.4066978:-3.716467;-0.6419883:-3.795516;-0.898139:-3.847265
sigma3_hotel_seed42,HOTEL:biwi_hotel:138:7060,HOTEL,biwi_hotel,biwi_hotel:138,7060,3,0.5293297171592712,0.975287139415741,0.3400367498397827,0.16108517348766327,0.7830000519752502,11.987229347229004,1.0,1.47:-8.29;1.48:-8.28;1.48:-8.28;1.48:-8.28;1.4:-8.31;1.47:-8.28;1.34:-8.33;1.47:-8.29,1.48:-8.28;1.48:-8.28;1.48:-8.28;1.48:-8.28;1.48:-8.28;1.48:-8.28;1.48:-8.28;1.48:-8.28;1.48:-8.28;1.48:-8.28;1.46:-8.28;1.38:-8.22,1.566356:-8.282785;1.662412:-8.249194;1.737947:-8.270195;1.811054:-8.250065;1.890119:-8.249002;1.988192:-8.255865;2.058535:-8.261418;2.114573:-8.23867;2.206901:-8.234544;2.266894:-8.24172;2.322168:-8.227145;2.355185:-8.205886
sigma3_hotel_seed42,HOTEL:biwi_hotel:139:7060,HOTEL,biwi_hotel,biwi_hotel:139,7060,3,0.008175087161362171,0.024306435137987137,0.0,0.0,0.0,0.0,1.0,1.31:-9.3;1.31:-9.3;1.31:-9.3;1.31:-9.3;1.31:-9.3;1.31:-9.3;1.31:-9.3;1.31:-9.3,1.31:-9.3;1.31:-9.3;1.31:-9.3;1.31:-9.3;1.31:-9.3;1.31:-9.3;1.31:-9.3;1.31:-9.3;1.31:-9.3;1.31:-9.3;1.31:-9.3;1.31:-9.3,1.307605:-9.300076;1.307556:-9.299765;1.304725:-9.301085;1.299958:-9.300432;1.299916:-9.296089;1.30407:-9.294963;1.307752:-9.294139;1.30945:-9.294649;1.314225:-9.30163;1.315996:-9.296669;1.321487:-9.297031;1.334079:-9.303315
sigma3_hotel_seed42,HOTEL:biwi_hotel:144:7060,HOTEL,biwi_hotel,biwi_hotel:144,7060,3,0.36117836833000183,0.6054798364639282,0.17499999701976776,0.07884888350963593,0.38262951374053955,8.712420463562012,0.0,-0.24:-6.91;-0.24:-6.91;-0.24:-6.91;-0.24:-6.91;-0.26:-6.87;-0.24:-6.9;-0.24:-6.83;-0.24:-6.9,-0.24:-6.91;-0.24:-6.91;-0.24:-6.91;-0.24:-6.91;-0.24:-6.91;-0.24:-6.91;-0.24:-6.91;-0.24:-6.91;-0.24:-6.91;-0.24:-6.91;-0.24:-6.91;-0.24:-6.91,-0.236071:-6.965538;-0.239226:-7.019431;-0.2459921:-7.087122;-0.2537179:-7.15587;-0.2560712:-7.20766;-0.2635597:-7.267129;-0.2788081:-7.318499;-0.2865127:-7.365666;-0.2919696:-7.413173;-0.3358008:-7.435831;-0.3380975:-7.476941;-0.3887498:-7.496923
sigma3_hotel_seed42,HOTEL:biwi_hotel:150:7060,HOTEL,biwi_hotel,biwi_hotel:150,7060,3,0.44786760210990906,0.7771039605140686,0.575543224811554,0.4384199380874634,0.6854179501533508,3.5870473384857178,0.75,2.73:-2.11;2.53:-2.26;2.49:-2.4;2.43:-2.48;2.46:-2.56;2.37:-2.66;2.12:-2.79;1.93:-2.92,1.68:-3.13;1.43:-3.28;1.18:-3.44;0.97:-3.61;0.78:-3.76;0.55:-3.82;0.32:-3.86;0.1:-3.95;-0.15:-4.08;-0.44:-4.16;-0.69:-4.28;-0.81:-4.5,1.75094:-3.051306;1.573822:-3.17535;1.419942:-3.289118;1.249967:-3.410672;1.078075:-3.515725;0.8757966:-3.610369;0.7175561:-3.665295;0.562791:-3.794835;0.3720564:-3.85921;0.1601137:-3.892917;0.008436918:-3.982626;-0.1823858:-4.041752
sigma3_hotel_seed42,HOTEL:biwi_hotel:138:7070,HOTEL,biwi_hotel,biwi_hotel:138,7070,3,0.24143898487091064,0.5885043740272522,0.0353553406894207,0.16108517348766327,0.8971157073974609,9.759162902832031,1.0,1.48:-8.28;1.48:-8.28;1.48:-8.28;1.4:-8.31;1.47:-8.28;1.34:-8.33;1.47:-8.29;1.48:-8.28,1.48:-8.28;1.48:-8.28;1.48:-8.28;1.48:-8.28;1.48:-8.28;1.48:-8.28;1.48:-8.28;1.48:-8.28;1.48:-8.28;1.46:-8.28;1.38:-8.22;1.31:-8.16,1.502517:-8.29097;1.544791:-8.301978;1.580867:-8.287044;1.616198:-8.300127;1.639059:-8.305717;1.674891:-8.299676;1.707297:-8.334564;1.740199:-8.321843;1.773937:-8.339221;1.809519:-8.336762;1.828875:-8.353352;1.860562:-8.36789
sigma3_hotel_seed42,HOTEL:biwi_hotel:139:7070,HOTEL,biwi_hotel,biwi_hotel:139,7070,3,0.008610675111413002,0.024805232882499695,0.0,0.0,0.0,0.0,1.0,1.31:-9.3;1.31:-9.3;1.31:-9.3;1.31:-9.3;1.31:-9.3;1.31:-9.3;1.31:-9.3;1.31:-9.3,1.31:-9.3;1.31:-9.3;1.31:-9.3;1.31:-9.3;1.31:-9.3;1.31:-9.3;1.31:-9.3;1.31:-9.3;1.31:-9.3;1.31:-9.3;1.31:-9.3;1.31:-9.3,1.310223:-9.301063;1.306782:-9.300593;1.306013:-9.302088;1.306646:-9.303214;1.308738:-9.304334;1.30776:-9.303617;1.311782:-9.303151;1.312869:-9.306877;1.316371:-9.30895;1.322395:-9.308071;1.326055:-9.310893;1.330753:-9.313587
sigma3_hotel_seed42,HOTEL:biwi_hotel:144:7070,HOTEL,biwi_hotel,biwi_hotel:144,7070,3,0.3419053852558136,0.6332076191902161,0.02500000037252903,0.08242031186819077,0.44512951374053955,8.712420463562012,0.0,-0.24:-6.91;-0.24:-6.91;-0.24:-6.91;-0.26:-6.87;-0.24:-6.9;-0.24:-6.83;-0.24:-6.9;-0.24:-6.91,-0.24:-6.91;-0.24:-6.91;-0.24:-6.91;-0.24:-6.91;-0.24:-6.91;-0.24:-6.91;-0.24:-6.91;-0.24:-6.91;-0.24:-6.91;-0.24:-6.91;-0.24:-6.91;-0.24:-6.91,-0.2930531:-6.925092;-0.3447522:-6.939851;-0.3954206:-6.945163;-0.4567891:-6.954218;-0.5020203:-6.978242;-0.5546347:-6.968968;-0.618068:-7.004819;-0.6418269:-7.004638;-0.6788474:-7.017247;-0.7446688:-7.024062;-0.7872529:-7.039399;-0.8570476:-7.052141
sigma3_hotel_seed42,HOTEL:biwi_hotel:150:7070,HOTEL,biwi_hotel,biwi_hotel:150,7070,3,0.2721879482269287,0.462539404630661,0.8162413835525513,0.4657401442527771,0.6225927472114563,3.036661386489868,0.625,2.53:-2.26;2.49:-2.4;2.43:-2.48;2.46:-2.56;2.37:-2.66;2.12:-2.79;1.93:-2.92;1.68:-3.13,1.43:-3.28;1.18:-3.44;0.97:-3.61;0.78:-3.76;0.55:-3.82;0.32:-3.86;0.1:-3.95;-0.15:-4.08;-0.44:-4.16;-0.69:-4.28;-0.81:-4.5;-1.08:-4.74,1.404981:-3.308071;1.143714:-3.486697;0.8861759:-3.640985;0.6518174:-3.80933;0.3748167:-3.943843;0.08253253:-4.09276;-0.1720371:-4.166785;-0.4387575:-4.327147;-0.7289277:-4.403567;-1.011254:-4.470795;-1.257226:-4.576599;-1.53696:-4.668374
sigma3_hotel_seed42,HOTEL:biwi_hotel:138:7080,HOTEL,biwi_hotel,biwi_hotel:138,7080,3,0.33173248171806335,0.569778323173523,0.0,0.16108517348766327,0.9118471145629883,9.759162902832031,1.125,1.48:-8.28;1.48:-8.28;1.4:-8.31;1.47:-8.28;1.34:-8.33;1.47:-8.29;1.48:-8.28;1.48:-8.28,1.48:-8.28;1.48:-8.28;1.48:-8.28;1.48:-8.28;1.48:-8.28;1.48:-8.28;1.48:-8.28;1.48:-8.28;1.46:-8.28;1.38:-8.22;1.31:-8.16;1.32:-8.17,1.4251:-8.303465;1.376839:-8.320152;1.327573:-8.324662;1.258631:-8.344938;1.209426:-8.362678;1.168245:-8.363878;1.104563:-8.404925;1.060065:-8.396047;1.028601:-8.421556;0.9528835:-8.422722;0.9077785:-8.434825;0.8214999:-8.445944
sigma3_hotel_seed42,HOTEL:biwi_hotel:139:7080,HOTEL,biwi_hotel,biwi_hotel:139,7080,3,0.04110557958483696,0.060709454119205475,0.0,0.0,0.0,0.0,1.0,1.31:-9.3;1.31:-9.3;1.31:-9.3;1.31:-9.3;1.31:-9.3;1.31:-9.3;1.31:-9.3;1.31:-9.3,1.31:-9.3;1.31:-9.3;1.31:-9.3;1.31:-9.3;1.31:-9.3;1.31:-9.3;1.31:-9.3;1.31:-9.3;1.31:-9.3;1.31:-9.3;1.31:-9.3;1.31:-9.3,1.299245:-9.303806;1.295387:-9.311339;1.28687:-9.312431;1.274853:-9.313293;1.269784:-9.315872;1.265918:-9.309373;1.265316:-9.322316;1.274421:-9.324169;1.275026:-9.335278;1.27524:-9.336594;1.274211:-9.344889;1.290774:-9.357585
sigma3_hotel_seed42,HOTEL:biwi_hotel:150:7080,HOTEL,biwi_hotel,biwi_hotel:150,7080,3,0.26672255992889404,0.7085794806480408,0.7288689613342285,0.5178635120391846,0.6192119121551514,2.829700231552124,0.5,2.49:-2.4;2.43:-2.48;2.46:-2.56;2.37:-2.66;2.12:-2.79;1.93:-2.92;1.68:-3.13;1.43:-3.28,1.18:-3.44;0.97:-3.61;0.78:-3.76;0.55:-3.82;0.32:-3.86;0.1:-3.95;-0.15:-4.08;-0.44:-4.16;-0.69:-4.28;-0.81:-4.5;-1.08:-4.74;-1.24:-4.9,1.164777:-3.408149;0.9018326:-3.523055;0.6650071:-3.625559;0.4135103:-3.737098;0.1582291:-3.828929;-0.1130246:-3.91825;-0.3429896:-3.968499;-0.5992085:-4.073717;-0.8583709:-4.133587;-1.115261:-4.178964;-1.357433:-4.25413;-1.613043:-4.297568
sigma3_hotel_seed42,HOTEL:biwi_hotel:138:7090,HOTEL,biwi_hotel,biwi_hotel:138,7090,3,0.15222512185573578,0.34933075308799744,0.0,0.16108517348766327,0.8228470683097839,9.759162902832031,1.25,1.48:-8.28;1.4:-8.31;1.47:-8.28;1.34:-8.33;1.47:-8.29;1.48:-8.28;1.48:-8.28;1.48:-8.28,1.48:-8.28;1.48:-8.28;1.48:-8.28;1.48:-8.28;1.48:-8.28;1.48:-8.28;1.48:-8.28;1.46:-8.28;1.38:-8.22;1.31:-8.16;1.32:-8.17;1.35:-8.19,1.48638:-8.282304;1.507501:-8.286813;1.523064:-8.276731;1.533983:-8.280631;1.54334:-8.277557;1.561027:-8.271317;1.583145:-8.287729;1.600804:-8.281218;1.61929:-8.292901;1.637994:-8.287452;1.650829:-8.295757;1.678897:-8.307723
sigma3_hotel_seed42,HOTEL:biwi_hotel:139:7090,HOTEL,biwi_hotel,biwi_hotel:139,7090,3,0.04110557958483696,0.060709454119205475,0.0,0.0,0.0,0.0,1.0,1.31:-9.3;1.31:-9.3;1.31:-9.3;1.31:-9.3;1.31:-9.3;1.31:-9.3;1.31:-9.3;1.31:-9.3,1.31:-9.3;1.31:-9.3;1.31:-9.3;1.31:-9.3;1.31:-9.3;1.31:-9.3;1.31:-9.3;1.31:-9.3;1.31:-9.3;1.31:-9.3;1.31:-9.3;1.31:-9.3,1.299245:-9.303806;1.295387:-9.311339;1.28687:-9.312431;1.274853:-9.313293;1.269784:-9.315872;1.265918:-9.309373;1.265316:-9.322316;1.274421:-9.324169;1.275026:-9.335278;1.27524:-9.336594;1.274211:-9.344889;1.290774:-9.357585
sigma3_hotel_seed42,HOTEL:biwi_hotel:150:7090,HOTEL,biwi_hotel,biwi_hotel:150,7090,3,0.18582351505756378,0.6310021877288818,0.7420411109924316,0.5881550908088684,0.535878598690033,1.8563222885131836,0.375,2.43:-2.48;2.46:-2.56;2.37:-2.66;2.12:-2.79;1.93:-2.92;1.68:-3.13;1.43:-3.28;1.18:-3.44,0.97:-3.61;0.78:-3.76;0.55:-3.82;0.32:-3.86;0.1:-3.95;-0.15:-4.08;-0.44:-4.16;-0.69:-4.28;-0.81:-4.5;-1.08:-4.74;-1.24:-4.9;-1.28:-5.02,0.939972:-3.575888;0.6937782:-3.686995;0.4650246:-3.796489;0.2375745:-3.925704;0.001386642:-4.005371;-0.2266266:-4.114646;-0.4435588:-4.175007;-0.7061932:-4.263368;-0.9376792:-4.349533;-1.165317:-4.396461;-1.398111:-4.468304;-1.633355:-4.497215
sigma3_hotel_seed42,HOTEL:biwi_hotel:138:7100,HOTEL,biwi_hotel,biwi_hotel:138,7100,3,0.09456215053796768,0.2121412456035614,0.0,0.13057087361812592,0.6545606255531311,6.663691520690918,1.375,1.4:-8.31;1.47:-8.28;1.34:-8.33;1.47:-8.29;1.48:-8.28;1.48:-8.28;1.48:-8.28;1.48:-8.28,1.48:-8.28;1.48:-8.28;1.48:-8.28;1.48:-8.28;1.48:-8.28;1.48:-8.28;1.46:-8.28;1.38:-8.22;1.31:-8.16;1.32:-8.17;1.35:-8.19;1.34:-8.19,1.469723:-8.286169;1.474278:-8.296142;1.472245:-8.289546;1.463641:-8.296635;1.458637:-8.300515;1.458184:-8.295809;1.462439:-8.314832;1.468327:-8.315403;1.475092:-8.32636;1.470344:-8.321291;1.473927:-8.332313;1.476025:-8.352791
sigma3_hotel_seed42,HOTEL:biwi_hotel:139:7100,HOTEL,biwi_hotel,biwi_hotel:139,7100,3,0.04110557958483696,0.060709454119205475,0.0,0.0,0.0,0.0,1.125,1.31:-9.3;1.31:-9.3;1.31:-9.3;1.31:-9.3;1.31:-9.3;1.31:-9.3;1.31:-9.3;1.31:-9.3,1.31:-9.3;1.31:-9.3;1.31:-9.3;1.31:-9.3;1.31:-9.3;1.31:-9.3;1.31:-9.3;1.31:-9.3;1.31:-9.3;1.31:-9.3;1.31:-9.3;1.31:-9.3,1.299245:-9.303806;1.295387:-9.311339;1.28687:-9.312431;1.274853:-9.313293;1.269784:-9.315872;1.265918:-9.309373;1.265316:-9.322316;1.274421:-9.324169;1.275026:-9.335278;1.27524:-9.336594;1.274211:-9.344889;1.290774:-9.357585
sigma3_hotel_seed42,HOTEL:biwi_hotel:150:7100,HOTEL,biwi_hotel,biwi_hotel:150,7100,3,0.21508918702602386,0.36426809430122375,0.6754627823829651,0.6541354656219482,0.4521034061908722,0.8759444952011108,0.25,2.46:-2.56;2.37:-2.66;2.12:-2.79;1.93:-2.92;1.68:-3.13;1.43:-3.28;1.18:-3.44;0.97:-3.61,0.78:-3.76;0.55:-3.82;0.32:-3.86;0.1:-3.95;-0.15:-4.08;-0.44:-4.16;-0.69:-4.28;-0.81:-4.5;-1.08:-4.74;-1.24:-4.9;-1.28:-5.02;-1.32:-5.1,0.7602668:-3.754872;0.5521054:-3.882102;0.3686559:-3.991299;0.1739712:-4.135498;-0.03064823:-4.229118;-0.2424011:-4.342135;-0.4230862:-4.406073;-0.6419234:-4.51936;-0.8510251:-4.605094;-1.074649:-4.637878;-1.262252:-4.725778;-1.48492:-4.775204
sigma3_hotel_seed42,HOTEL:biwi_hotel:138:7110,HOTEL,biwi_hotel,biwi_hotel:138,7110,3,0.3100517690181732,0.619804322719574,0.0,0.10337168723344803,0.43017879128456116,3.55981707572937,1.5,1.47:-8.28;1.34:-8.33;1.47:-8.29;1.48:-8.28;1.48:-8.28;1.48:-8.28;1.48:-8.28;1.48:-8.28,1.48:-8.28;1.48:-8.28;1.48:-8.28;1.48:-8.28;1.48:-8.28;1.46:-8.28;1.38:-8.22;1.31:-8.16;1.32:-8.17;1.35:-8.19;1.34:-8.19;1.32:-8.19,1.506331:-8.28744;1.54865:-8.297002;1.581498:-8.287469;1.61127:-8.289599;1.641679:-8.29381;1.684131:-8.280992;1.715764:-8.309299;1.762858:-8.297958;1.803547:-8.315961;1.843303:-8.317433;1.869566:-8.328991;1.91999:-8.345464
sigma3_hotel_seed42,HOTEL:biwi_hotel:139:7110,HOTEL,biwi_hotel,biwi_hotel:139,7110,3,0.04110557958483696,0.060709454119205475,0.0,0.0,0.0,0.0,1.25,1.31:-9.3;1.31:-9.3;1.31:-9.3;1.31:-9.3;1.31:-9.3;1.31:-9.3;1.31:-9.3;1.31:-9.3,1.31:-9.3;1.31:-9.3;1.31:-9.3;1.31:-9.3;1.31:-9.3;1.31:-9.3;1.31:-9.3;1.31:-9.3;1.31:-9.3;1.31:-9.3;1.31:-9.3;1.31:-9.3,1.299245:-9.303806;1.295387:-9.311339;1.28687:-9.312431;1.274853:-9.313293;1.269784:-9.315872;1.265918:-9.309373;1.265316:-9.322316;1.274421:-9.324169;1.275026:-9.335278;1.27524:-9.336594;1.274211:-9.344889;1.290774:-9.357585
sigma3_hotel_seed42,HOTEL:biwi_hotel:150:7110,HOTEL,biwi_hotel,biwi_hotel:150,7110,3,0.3172842562198639,0.6100314855575562,0.6051859259605408,0.6925419569015503,0.31199511885643005,0.5297144055366516,0.125,2.37:-2.66;2.12:-2.79;1.93:-2.92;1.68:-3.13;1.43:-3.28;1.18:-3.44;0.97:-3.61;0.78:-3.76,0.55:-3.82;0.32:-3.86;0.1:-3.95;-0.15:-4.08;-0.44:-4.16;-0.69:-4.28;-0.81:-4.5;-1.08:-4.74;-1.24:-4.9;-1.28:-5.02;-1.32:-5.1;-1.27:-5.29,0.5888212:-3.882638;0.386056:-3.983009;0.208196:-4.08191;0.02421737:-4.202418;-0.1628445:-4.278163;-0.3534386:-4.373608;-0.5293487:-4.432305;-0.7338057:-4.515979;-0.9260619:-4.597173;-1.121676:-4.634014;-1.305901:-4.704789;-1.502111:-4.725852
sigma3_hotel_seed42,HOTEL:biwi_hotel:138:7120,HOTEL,biwi_hotel,biwi_hotel:138,7120,3,0.11722147464752197,0.2573619484901428,0.0,0.05362744256854057,0.143578439950943,0.4868992269039154,1.625,1.34:-8.33;1.47:-8.29;1.48:-8.28;1.48:-8.28;1.48:-8.28;1.48:-8.28;1.48:-8.28;1.48:-8.28,1.48:-8.28;1.48:-8.28;1.48:-8.28;1.48:-8.28;1.46:-8.28;1.38:-8.22;1.31:-8.16;1.32:-8.17;1.35:-8.19;1.34:-8.19;1.32:-8.19;1.3:-8.19,1.478265:-8.280277;1.477417:-8.280814;1.475687:-8.282837;1.471037:-8.282978;1.473972:-8.279366;1.477714:-8.276924;1.486175:-8.275719;1.493558:-8.280715;1.499947:-8.289824;1.504689:-8.283799;1.513631:-8.287606;1.534903:-8.295146
sigma3_hotel_seed42,HOTEL:biwi_hotel:139:7120,HOTEL,biwi_hotel,biwi_hotel:139,7120,3,0.04110557958483696,0.060709454119205475,0.0,0.0,0.0,0.0,1.375,1.31:-9.3;1.31:-9.3;1.31:-9.3;1.31:-9.3;1.31:-9.3;1.31:-9.3;1.31:-9.3;1.31:-9.3,1.31:-9.3;1.31:-9.3;1.31:-9.3;1.31:-9.3;1.31:-9.3;1.31:-9.3;1.31:-9.3;1.31:-9.3;1.31:-9.3;1.31:-9.3;1.31:-9.3;1.31:-9.3,1.299245:-9.303806;1.295387:-9.311339;1.28687:-9.312431;1.274853:-9.313293;1.269784:-9.315872;1.265918:-9.309373;1.265316:-9.322316;1.274421:-9.324169;1.275026:-9.335278;1.27524:-9.336594;1.274211:-9.344889;1.290774:-9.357585
sigma3_hotel_seed42,HOTEL:biwi_hotel:138:7130,HOTEL,biwi_hotel,biwi_hotel:138,7130,3,0.12266120314598083,0.24106286466121674,0.0,0.005050762556493282,0.014731391333043575,0.0,1.625,1.47:-8.29;1.48:-8.28;1.48:-8.28;1.48:-8.28;1.48:-8.28;1.48:-8.28;1.48:-8.28;1.48:-8.28,1.48:-8.28;1.48:-8.28;1.48:-8.28;1.46:-8.28;1.38:-8.22;1.31:-8.16;1.32:-8.17;1.35:-8.19;1.34:-8.19;1.32:-8.19;1.3:-8.19;1.3:-8.19,1.475022:-8.278989;1.477219:-8.27976;1.473722:-8.279708;1.466361:-8.277666;1.465211:-8.270505;1.470793:-8.266757;1.477396:-8.268287;1.483611:-8.267657;1.488439:-8.278174;1.491867:-8.27204;1.497661:-8.273769;1.522541:-8.282665
sigma3_hotel_seed42,HOTEL:biwi_hotel:139:7130,HOTEL,biwi_hotel,biwi_hotel:139,7130,3,0.04110557958483696,0.060709454119205475,0.0,0.0,0.0,0.0,1.375,1.31:-9.3;1.31:-9.3;1.31:-9.3;1.31:-9.3;1.31:-9.3;1.31:-9.3;1.31:-9.3;1.31:-9.3,1.31:-9.3;1.31:-9.3;1.31:-9.3;1.31:-9.3;1.31:-9.3;1.31:-9.3;1.31:-9.3;1.31:-9.3;1.31:-9.3;1.31:-9.3;1.31:-9.3;1.31:-9.3,1.299245:-9.303806;1.295387:-9.311339;1.28687:-9.312431;1.274853:-9.313293;1.269784:-9.315872;1.265918:-9.309373;1.265316:-9.322316;1.274421:-9.324169;1.275026:-9.335278;1.27524:-9.336594;1.274211:-9.344889;1.290774:-9.357585
sigma3_hotel_seed42,HOTEL:biwi_hotel:138:7140,HOTEL,biwi_hotel,biwi_hotel:138,7140,3,0.1313341110944748,0.21824221312999725,0.0,0.0,0.0,0.0,1.625,1.48:-8.28;1.48:-8.28;1.48:-8.28;1.48:-8.28;1.48:-8.28;1.48:-8.28;1.48:-8.28;1.48:-8.28,1.48:-8.28;1.48:-8.28;1.46:-8.28;1.38:-8.22;1.31:-8.16;1.32:-8.17;1.35:-8.19;1.34:-8.19;1.32:-8.19;1.3:-8.19;1.3:-8.19;1.3:-8.19,1.469245:-8.283806;1.465387:-8.291339;1.45687:-8.292431;1.444853:-8.293293;1.439784:-8.295872;1.435918:-8.289372;1.435316:-8.302316;1.444421:-8.304169;1.445026:-8.315277;1.44524:-8.316593;1.444211:-8.324888;1.460774:-8.337584
sigma3_hotel_seed42,HOTEL:biwi_hotel:139:7140,HOTEL,biwi_hotel,biwi_hotel:139,7140,3,0.04110557958483696,0.060709454119205475,0.0,0.0,0.0,0.0,1.375,1.31:-9.3;1.31:-9.3;1.31:-9.3;1.31:-9.3;1.31:-9.3;1.31:-9.3;1.31:-9.3;1.31:-9.3,1.31:-9.3;1.31:-9.3;1.31:-9.3;1.31:-9.3;1.31:-9.3;1.31:-9.3;1.31:-9.3;1.31:-9.3;1.31:-9.3;1.31:-9.3;1.31:-9.3;1.31:-9.3,1.299245:-9.303806;1.295387:-9.311339;1.28687:-9.312431;1.274853:-9.313293;1.269784:-9.315872;1.265918:-9.309373;1.265316:-9.322316;1.274421:-9.324169;1.275026:-9.335278;1.27524:-9.336594;1.274211:-9.344889;1.290774:-9.357585
sigma3_hotel_seed42,HOTEL:biwi_hotel:138:7150,HOTEL,biwi_hotel,biwi_hotel:138,7150,3,0.1450420469045639,0.21824221312999725,0.0,0.0,0.0,0.0,1.625,1.48:-8.28;1.48:-8.28;1.48:-8.28;1.48:-8.28;1.48:-8.28;1.48:-8.28;1.48:-8.28;1.48:-8.28,1.48:-8.28;1.46:-8.28;1.38:-8.22;1.31:-8.16;1.32:-8.17;1.35:-8.19;1.34:-8.19;1.32:-8.19;1.3:-8.19;1.3:-8.19;1.3:-8.19;1.3:-8.19,1.469245:-8.283806;1.465387:-8.291339;1.45687:-8.292431;1.444853:-8.293293;1.439784:-8.295872;1.435918:-8.289372;1.435316:-8.302316;1.444421:-8.304169;1.445026:-8.315277;1.44524:-8.316593;1.444211:-8.324888;1.460774:-8.337584
sigma3_hotel_seed42,HOTEL:biwi_hotel:139:7150,HOTEL,biwi_hotel,biwi_hotel:139,7150,3,0.04110557958483696,0.060709454119205475,0.0,0.0,0.0,0.0,1.375,1.31:-9.3;1.31:-9.3;1.31:-9.3;1.31:-9.3;1.31:-9.3;1.31:-9.3;1.31:-9.3;1.31:-9.3,1.31:-9.3;1.31:-9.3;1.31:-9.3;1.31:-9.3;1.31:-9.3;1.31:-9.3;1.31:-9.3;1.31:-9.3;1.31:-9.3;1.31:-9.3;1.31:-9.3;1.31:-9.3,1.299245:-9.303806;1.295387:-9.311339;1.28687:-9.312431;1.274853:-9.313293;1.269784:-9.315872;1.265918:-9.309373;1.265316:-9.322316;1.274421:-9.324169;1.275026:-9.335278;1.27524:-9.336594;1.274211:-9.344889;1.290774:-9.357585
sigma3_hotel_seed42,HOTEL:biwi_hotel:138:7160,HOTEL,biwi_hotel,biwi_hotel:138,7160,3,0.1597091406583786,0.21824221312999725,0.0,0.0,0.0,0.0,1.5,1.48:-8.28;1.48:-8.28;1.48:-8.28;1.48:-8.28;1.48:-8.28;1.48:-8.28;1.48:-8.28;1.48:-8.28,1.46:-8.28;1.38:-8.22;1.31:-8.16;1.32:-8.17;1.35:-8.19;1.34:-8.19;1.32:-8.19;1.3:-8.19;1.3:-8.19;1.3:-8.19;1.3:-8.19;1.3:-8.19,1.469245:-8.283806;1.465387:-8.291339;1.45687:-8.292431;1.444853:-8.293293;1.439784:-8.295872;1.435918:-8.289372;1.435316:-8.302316;1.444421:-8.304169;1.445026:-8.315277;1.44524:-8.316593;1.444211:-8.324888;1.460774:-8.337584
sigma3_hotel_seed42,HOTEL:biwi_hotel:139:7160,HOTEL,biwi_hotel,biwi_hotel:139,7160,3,0.04110557958483696,0.060709454119205475,0.0,0.0,0.0,0.0,1.375,1.31:-9.3;1.31:-9.3;1.31:-9.3;1.31:-9.3;1.31:-9.3;1.31:-9.3;1.31:-9.3;1.31:-9.3,1.31:-9.3;1.31:-9.3;1.31:-9.3;1.31:-9.3;1.31:-9.3;1.31:-9.3;1.31:-9.3;1.31:-9.3;1.31:-9.3;1.31:-9.3;1.31:-9.3;1.31:-9.3,1.299245:-9.303806;1.295387:-9.311339;1.28687:-9.312431;1.274853:-9.313293;1.269784:-9.315872;1.265918:-9.309373;1.265316:-9.322316;1.274421:-9.324169;1.275026:-9.335278;1.27524:-9.336594;1.274211:-9.344889;1.290774:-9.357585
sigma3_hotel_seed42,HOTEL:biwi_hotel:138:7170,HOTEL,biwi_hotel,biwi_hotel:138,7170,3,0.12572039663791656,0.15695570409297943,0.05000000074505806,0.0071428571827709675,0.02083333395421505,0.0,1.375,1.48:-8.28;1.48:-8.28;1.48:-8.28;1.48:-8.28;1.48:-8.28;1.48:-8.28;1.48:-8.28;1.46:-8.28,1.38:-8.22;1.31:-8.16;1.32:-8.17;1.35:-8.19;1.34:-8.19;1.32:-8.19;1.3:-8.19;1.3:-8.19;1.3:-8.19;1.3:-8.19;1.3:-8.19;1.3:-8.19,1.438268:-8.279847;1.41284:-8.287014;1.385515:-8.299975;1.35077:-8.292179;1.335724:-8.301431;1.306297:-8.293796;1.286033:-8.301167;1.288751:-8.309916;1.273872:-8.309377;1.252178:-8.321961;1.243067:-8.324161;1.235582:-8.333127
sigma3_hotel_seed42,HOTEL:biwi_hotel:139:7170,HOTEL,biwi_hotel,biwi_hotel:139,7170,3,0.04110557958483696,0.060709454119205475,0.0,0.0,0.0,0.0,1.375,1.31:-9.3;1.31:-9.3;1.31:-9.3;1.31:-9.3;1.31:-9.3;1.31:-9.3;1.31:-9.3;1.31:-9.3,1.31:-9.3;1.31:-9.3;1.31:-9.3;1.31:-9.3;1.31:-9.3;1.31:-9.3;1.31:-9.3;1.31:-9.3;1.31:-9.3;1.31:-9.3;1.31:-9.3;1.31:-9.3,1.299245:-9.303806;1.295387:-9.311339;1.28687:-9.312431;1.274853:-9.313293;1.269784:-9.315872;1.265918:-9.309373;1.265316:-9.322316;1.274421:-9.324169;1.275026:-9.335278;1.27524:-9.336594;1.274211:-9.344889;1.290774:-9.357585
sigma3_hotel_seed42,HOTEL:biwi_hotel:138:7180,HOTEL,biwi_hotel,biwi_hotel:138,7180,3,0.4338091313838959,0.8391921520233154,0.25,0.04285714402794838,0.1092216819524765,0.6435011029243469,1.25,1.48:-8.28;1.48:-8.28;1.48:-8.28;1.48:-8.28;1.48:-8.28;1.48:-8.28;1.46:-8.28;1.38:-8.22,1.31:-8.16;1.32:-8.17;1.35:-8.19;1.34:-8.19;1.32:-8.19;1.3:-8.19;1.3:-8.19;1.3:-8.19;1.3:-8.19;1.3:-8.19;1.3:-8.19;1.28:-8.19,1.308556:-8.182035;1.226362:-8.138973;1.168463:-8.118933;1.090476:-8.093635;1.025241:-8.081034;0.9287033:-8.048672;0.8514284:-8.030819;0.8197765:-8.022081;0.733807:-8.000607;0.617754:-7.956866;0.567843:-7.954525;0.485742:-7.919079
sigma3_hotel_seed42,HOTEL:biwi_hotel:139:7180,HOTEL,biwi_hotel,biwi_hotel:139,7180,3,0.04270744323730469,0.07993184030056,0.0,0.0,0.0,0.0,1.25,1.31:-9.3;1.31:-9.3;1.31:-9.3;1.31:-9.3;1.31:-9.3;1.31:-9.3;1.31:-9.3;1.31:-9.3,1.31:-9.3;1.31:-9.3;1.31:-9.3;1.31:-9.3;1.31:-9.3;1.31:-9.3;1.31:-9.3;1.31:-9.3;1.31:-9.3;1.31:-9.3;1.31:-9.3;1.31:-9.28,1.299245:-9.303806;1.295387:-9.311339;1.28687:-9.312431;1.274853:-9.313293;1.269784:-9.315872;1.265918:-9.309373;1.265316:-9.322316;1.274421:-9.324169;1.275026:-9.335278;1.27524:-9.336594;1.274211:-9.344889;1.290774:-9.357585
sigma3_hotel_seed42,HOTEL:biwi_hotel:156:7480,HOTEL,biwi_hotel,biwi_hotel:156,7480,3,1.9860568046569824,3.8352408409118652,1.75,1.7177276611328125,0.6979352831840515,0.738312840461731,1.0,1.42:-9.38;1.45:-8.78;1.46:-8.11;1.34:-7.43;1.36:-6.75;1.47:-5.97;1.45:-5.29;1.45:-4.59,1.38:-3.87;1.34:-3.2;1.24:-2.49;1.19:-1.82;1.27:-1.17;1.32:-0.52;1.32:0.11;1.33:0.72;1.23:1.36;1.15:1.93;1.09:2.57;1.01:3.19,1.459784:-4.050138;1.451317:-3.662448;1.297327:-3.338205;1.323348:-2.94673;1.302888:-2.606477;1.25477:-2.345834;0.9728326:-2.136628;1.157174:-1.730132;1.065999:-1.406041;0.8648847:-1.209146;1.010201:-0.8527718;0.9831946:-0.6451471
sigma3_hotel_seed42,HOTEL:biwi_hotel:157:7480,HOTEL,biwi_hotel,biwi_hotel:157,7480,3,1.9494878053665161,3.80877947807312,1.7507141828536987,1.6951266527175903,0.4156830608844757,0.5534626841545105,1.0,2.25:-9.31;2.17:-8.67;2.12:-8.01;2.04:-7.34;2.05:-6.68;2.11:-5.99;2.06:-5.28;2.08:-4.58,2.13:-3.92;2.18:-3.24;2.16:-2.54;2.01:-1.81;1.97:-1.14;1.89:-0.48;1.88:0.13;1.89:0.75;1.79:1.39;1.83:2.03;1.77:2.66;1.69:3.27,2.066869:-4.024247;2.027837:-3.624932;1.849738:-3.286304;1.854023:-2.887575;1.815256:-2.538767;1.738026:-2.266562;1.434414:-2.053449;1.60566:-1.638669;1.492718:-1.306483;1.272373:-1.103429;1.403569:-0.742799;1.358794:-0.5243516
sigma3_hotel_seed42,HOTEL:biwi_hotel:174:9260,HOTEL,biwi_hotel,biwi_hotel:174,9260,3,1.1503804922103882,2.5268843173980713,1.3009611368179321,1.2564961910247803,0.37514951825141907,0.6420985460281372,1.0,0.95:1.71;0.96:1.25;0.95:0.75;1:0.25;0.99:-0.25;0.97:-0.75;1.04:-1.28;1.02:-1.8,1.01:-2.3;1.03:-2.84;0.96:-3.38;0.97:-3.92;0.99:-4.48;0.95:-5.03;0.99:-5.57;1.05:-6.07;1:-6.55;0.98:-7.08;0.94:-7.57;0.83:-8.09,0.9286964:-2.279126;0.8246241:-2.779197;0.665067:-3.253515;0.6458856:-3.645891;0.5018954:-4.050507;0.3328476:-4.434964;0.1092803:-4.688548;-0.002086878:-5.063199;-0.2128547:-5.265919;-0.3432438:-5.590517;-0.5116259:-5.830315;-0.6989634:-6.078181
sigma3_hotel_seed42,HOTEL:biwi_hotel:175:9260,HOTEL,biwi_hotel,biwi_hotel:175,9260,3,0.866560161113739,1.8232451677322388,1.2837932109832764,1.2595487833023071,0.2747044861316681,0.42068246006965637,1.0,1.64:2;1.63:1.5;1.62:1.01;1.61:0.49;1.64:-0.01;1.6:-0.5;1.58:-1.01;1.64:-1.52,1.66:-2.04;1.76:-2.55;1.83:-3.11;1.83:-3.65;1.9:-4.22;1.8:-4.76;1.76:-5.28;1.61:-5.79;1.58:-6.22;1.45:-6.7;1.33:-7.16;1.31:-7.57,1.636309:-1.997554;1.616819:-2.496912;1.539:-2.973028;1.59635:-3.367239;1.535784:-3.771728;1.44868:-4.1574;1.296317:-4.417918;1.267549:-4.788895;1.134877:-4.99753;1.065432:-5.32;0.9775809:-5.558192;0.8535865:-5.804806
sigma3_hotel_seed42,HOTEL:biwi_hotel:174:9270,HOTEL,biwi_hotel,biwi_hotel:174,9270,3,1.286521077156067,2.755324602127075,1.250249981880188,1.270778775215149,0.35185715556144714,0.6188107132911682,1.0,0.96:1.25;0.95:0.75;1:0.25;0.99:-0.25;0.97:-0.75;1.04:-1.28;1.02:-1.8;1.01:-2.3,1.03:-2.84;0.96:-3.38;0.97:-3.92;0.99:-4.48;0.95:-5.03;0.99:-5.57;1.05:-6.07;1:-6.55;0.98:-7.08;0.94:-7.57;0.83:-8.09;0.8:-8.61,0.926963:-2.740273;0.8303126:-3.196245;0.6845226:-3.630999;0.6649574:-3.995147;0.5334975:-4.362626;0.3818363:-4.717938;0.1774791:-4.952428;0.07109201:-5.292609;-0.1207248:-5.484939;-0.2434375:-5.778611;-0.397809:-5.998767;-0.5717847:-6.220435
sigma3_hotel_seed42,HOTEL:biwi_hotel:175:9270,HOTEL,biwi_hotel,biwi_hotel:175,9270,3,0.9900312423706055,1.9914876222610474,1.3009611368179321,1.2667932510375977,0.30723685026168823,0.4989406168460846,1.0,1.63:1.5;1.62:1.01;1.61:0.49;1.64:-0.01;1.6:-0.5;1.58:-1.01;1.64:-1.52;1.66:-2.04,1.76:-2.55;1.83:-3.11;1.83:-3.65;1.9:-4.22;1.8:-4.76;1.76:-5.28;1.61:-5.79;1.58:-6.22;1.45:-6.7;1.33:-7.16;1.31:-7.57;1.29:-8.06,1.599043:-2.522729;1.524121:-3.026078;1.393204:-3.504286;1.400597:-3.900153;1.285583:-4.308068;1.144876:-4.695029;0.946:-4.952793;0.8632621:-5.329488;0.6794586:-5.536488;0.5703461:-5.862171;0.4290942:-6.103967;0.2635058:-6.353445
sigma3_hotel_seed42,HOTEL:biwi_hotel:180:9370,HOTEL,biwi_hotel,biwi_hotel:180,9370,3,0.039324041455984116,0.060709454119205475,0.0,0.0,0.0,0.0,0.0,-1.09:-6.72;-1.09:-6.72;-1.09:-6.72;-1.09:-6.72;-1.09:-6.72;-1.09:-6.72;-1.09:-6.72;-1.09:-6.72,-1.09:-6.72;-1.09:-6.72;-1.09:-6.72;-1.09:-6.72;-1.09:-6.72;-1.09:-6.72;-1.09:-6.72;-1.09:-6.72;-1.09:-6.72;-1.11:-6.79;-1.09:-6.73;-1.09:-6.72,-1.100755:-6.723806;-1.104613:-6.731339;-1.11313:-6.732431;-1.125147:-6.733294;-1.130216:-6.735871;-1.134082:-6.729373;-1.134684:-6.742315;-1.125579:-6.744169;-1.124974:-6.755278;-1.12476:-6.756593;-1.125789:-6.764888;-1.109226:-6.777585
sigma3_hotel_seed42,HOTEL:biwi_hotel:180:9380,HOTEL,biwi_hotel,biwi_hotel:180,9380,3,0.03955820947885513,0.060709454119205475,0.0,0.0,0.0,0.0,0.0,-1.09:-6.72;-1.09:-6.72;-1.09:-6.72;-1.09:-6.72;-1.09:-6.72;-1.09:-6.72;-1.09:-6.72;-1.09:-6.72,-1.09:-6.72;-1.09:-6.72;-1.09:-6.72;-1.09:-6.72;-1.09:-6.72;-1.09:-6.72;-1.09:-6.72;-1.09:-6.72;-1.11:-6.79;-1.09:-6.73;-1.09:-6.72;-1.09:-6.72,-1.100755:-6.723806;-1.104613:-6.731339;-1.11313:-6.732431;-1.125147:-6.733294;-1.130216:-6.735871;-1.134082:-6.729373;-1.134684:-6.742315;-1.125579:-6.744169;-1.124974:-6.755278;-1.12476:-6.756593;-1.125789:-6.764888;-1.109226:-6.777585
sigma3_hotel_seed42,HOTEL:biwi_hotel:180:9390,HOTEL,biwi_hotel,biwi_hotel:180,9390,3,0.04101148620247841,0.060709454119205475,0.0,0.0,0.0,0.0,0.0,-1.09:-6.72;-1.09:-6.72;-1.09:-6.72;-1.09:-6.72;-1.09:-6.72;-1.09:-6.72;-1.09:-6.72;-1.09:-6.72,-1.09:-6.72;-1.09:-6.72;-1.09:-6.72;-1.09:-6.72;-1.09:-6.72;-1.09:-6.72;-1.09:-6.72;-1.11:-6.79;-1.09:-6.73;-1.09:-6.72;-1.09:-6.72;-1.09:-6.72,-1.100755:-6.723806;-1.104613:-6.731339;-1.11313:-6.732431;-1.125147:-6.733294;-1.130216:-6.735871;-1.134082:-6.729373;-1.134684:-6.742315;-1.125579:-6.744169;-1.124974:-6.755278;-1.12476:-6.756593;-1.125789:-6.764888;-1.109226:-6.777585
sigma3_hotel_seed42,HOTEL:biwi_hotel:180:9400,HOTEL,biwi_hotel,biwi_hotel:180,9400,3,0.041024964302778244,0.060709454119205475,0.0,0.0,0.0,0.0,0.0,-1.09:-6.72;-1.09:-6.72;-1.09:-6.72;-1.09:-6.72;-1.09:-6.72;-1.09:-6.72;-1.09:-6.72;-1.09:-6.72,-1.09:-6.72;-1.09:-6.72;-1.09:-6.72;-1.09:-6.72;-1.09:-6.72;-1.09:-6.72;-1.11:-6.79;-1.09:-6.73;-1.09:-6.72;-1.09:-6.72;-1.09:-6.72;-1.09:-6.72,-1.100755:-6.723806;-1.104613:-6.731339;-1.11313:-6.732431;-1.125147:-6.733294;-1.130216:-6.735871;-1.134082:-6.729373;-1.134684:-6.742315;-1.125579:-6.744169;-1.124974:-6.755278;-1.12476:-6.756593;-1.125789:-6.764888;-1.109226:-6.777585
sigma3_hotel_seed42,HOTEL:biwi_hotel:181:9400,HOTEL,biwi_hotel,biwi_hotel:181,9400,3,2.160045862197876,4.26627254486084,1.584692358970642,1.4465231895446777,0.847620964050293,1.2443586587905884,1.875,1.17:-9.88;1.21:-9.22;1.39:-8.65;1.58:-8.14;1.54:-7.67;1.58:-7.1;1.73:-6.55;1.8:-5.92,1.88:-5.25;1.99:-4.66;2.06:-4.12;2.12:-3.45;2.14:-2.76;2.12:-2.17;2.22:-1.52;2.21:-0.82;2.16:-0.18;2.27:0.47;2.15:1.13;2.13:1.71,1.831184:-5.455701;1.818758:-5.108623;1.716761:-4.846566;1.751327:-4.508689;1.75877:-4.225475;1.707097:-4.001147;1.499826:-3.798529;1.674814:-3.478588;1.598876:-3.192464;1.437608:-3.017664;1.578164:-2.723034;1.568454:-2.519155
sigma3_hotel_seed42,HOTEL:biwi_hotel:182:9400,HOTEL,biwi_hotel,biwi_hotel:182,9400,3,1.5266746282577515,3.294574737548828,1.7714753150939941,1.5196502208709717,0.8116716742515564,0.6695573329925537,1.75,1.89:-9.65;1.92:-9.05;1.98:-8.51;2.15:-7.98;2.17:-7.28;2.21:-6.76;2.28:-6.14;2.39:-5.44,2.46:-4.86;2.51:-4.27;2.55:-3.65;2.66:-3.03;2.7:-2.42;2.71:-1.76;2.8:-1.12;2.81:-0.51;2.76:0.09;2.84:0.81;2.81:1.47;2.81:2.05,2.455081:-4.862587;2.487399:-4.450154;2.370403:-4.100753;2.438019:-3.669983;2.47814:-3.322428;2.472502:-3.021676;2.204493:-2.811349;2.476684:-2.372617;2.437045:-2.02469;2.267827:-1.828428;2.47224:-1.448887;2.482962:-1.228303
sigma3_hotel_seed42,HOTEL:biwi_hotel:180:9410,HOTEL,biwi_hotel,biwi_hotel:180,9410,3,0.04248649254441261,0.060709454119205475,0.0,0.0,0.0,0.0,0.0,-1.09:-6.72;-1.09:-6.72;-1.09:-6.72;-1.09:-6.72;-1.09:-6.72;-1.09:-6.72;-1.09:-6.72;-1.09:-6.72,-1.09:-6.72;-1.09:-6.72;-1.09:-6.72;-1.09:-6.72;-1.09:-6.72;-1.11:-6.79;-1.09:-6.73;-1.09:-6.72;-1.09:-6.72;-1.09:-6.72;-1.09:-6.72;-1.09:-6.72,-1.100755:-6.723806;-1.104613:-6.731339;-1.11313:-6.732431;-1.125147:-6.733294;-1.130216:-6.735871;-1.134082:-6.729373;-1.134684:-6.742315;-1.125579:-6.744169;-1.124974:-6.755278;-1.12476:-6.756593;-1.125789:-6.764888;-1.109226:-6.777585
sigma3_hotel_seed42,HOTEL:biwi_hotel:181:9410,HOTEL,biwi_hotel,biwi_hotel:181,9410,3,1.7140837907791138,3.6079483032226562,1.6868979930877686,1.4513617753982544,0.7172020673751831,1.007194995880127,1.875,1.21:-9.22;1.39:-8.65;1.58:-8.14;1.54:-7.67;1.58:-7.1;1.73:-6.55;1.8:-5.92;1.88:-5.25,1.99:-4.66;2.06:-4.12;2.12:-3.45;2.14:-2.76;2.12:-2.17;2.22:-1.52;2.21:-0.82;2.16:-0.18;2.27:0.47;2.15:1.13;2.13:1.71;2.13:2.37,1.947841:-4.701223;1.983917:-4.30706;1.887667:-3.97681;1.961615:-3.570005;2.002458:-3.239234;1.993304:-2.957553;1.750413:-2.748476;2.009443:-2.339393;1.96581:-2.003874;1.804238:-1.809934;2.003373:-1.451621;2.015115:-1.236119
sigma3_hotel_seed42,HOTEL:biwi_hotel:182:9410,HOTEL,biwi_hotel,biwi_hotel:182,9410,3,2.0874063968658447,4.15780782699585,1.460522174835205,1.5137428045272827,0.8735561370849609,0.6446179151535034,1.75,1.92:-9.05;1.98:-8.51;2.15:-7.98;2.17:-7.28;2.21:-6.76;2.28:-6.14;2.39:-5.44;2.46:-4.86,2.51:-4.27;2.55:-3.65;2.66:-3.03;2.7:-2.42;2.71:-1.76;2.8:-1.12;2.81:-0.51;2.76:0.09;2.84:0.81;2.81:1.47;2.81:2.05;2.77:2.62,2.531953:-4.404812;2.586727:-4.072999;2.535716:-3.817609;2.618682:-3.482006;2.656178:-3.206279;2.645795:-2.994516;2.480494:-2.790929;2.688895:-2.481217;2.644939:-2.185405;2.507993:-2.01041;2.687101:-1.715241;2.700865:-1.537233
sigma3_hotel_seed42,HOTEL:biwi_hotel:185:9410,HOTEL,biwi_hotel,biwi_hotel:185,9410,3,0.1406567394733429,0.17832611501216888,0.05000000074505806,0.08102169632911682,0.19026342034339905,5.570827484130859,0.0,-0.88:-1.08;-0.86:-1.04;-0.85:-1;-0.85:-1;-0.87:-1.03;-0.91:-1.07;-0.93:-1.09;-0.93:-1.07,-0.92:-1.05;-0.88:-1.04;-0.86:-1.04;-0.84:-1.04;-0.85:-0.99;-0.87:-1;-0.91:-1.03;-0.91:-0.98;-0.91:-0.99;-0.9:-1.03;-0.89:-1.05;-0.88:-1.08,-0.9485439:-1.057196;-0.9682474:-1.052353;-0.9848685:-1.049299;-1.007102:-1.03497;-1.017601:-1.03107;-1.042479:-1.014025;-1.048032:-1.010257;-1.037418:-1.014371;-1.051725:-1.009953;-1.059736:-1.007529;-1.062424:-1.009272;-1.044877:-1.012061
sigma3_hotel_seed42,HOTEL:biwi_hotel:180:9420,HOTEL,biwi_hotel,biwi_hotel:180,9420,3,0.04223596677184105,0.060709454119205475,0.0,0.0,0.0,0.0,0.0,-1.09:-6.72;-1.09:-6.72;-1.09:-6.72;-1.09:-6.72;-1.09:-6.72;-1.09:-6.72;-1.09:-6.72;-1.09:-6.72,-1.09:-6.72;-1.09:-6.72;-1.09:-6.72;-1.09:-6.72;-1.11:-6.79;-1.09:-6.73;-1.09:-6.72;-1.09:-6.72;-1.09:-6.72;-1.09:-6.72;-1.09:-6.72;-1.09:-6.72,-1.100755:-6.723806;-1.104613:-6.731339;-1.11313:-6.732431;-1.125147:-6.733294;-1.130216:-6.735871;-1.134082:-6.729373;-1.134684:-6.742315;-1.125579:-6.744169;-1.124974:-6.755278;-1.12476:-6.756593;-1.125789:-6.764888;-1.109226:-6.777585
sigma3_hotel_seed42,HOTEL:biwi_hotel:181:9420,HOTEL,biwi_hotel,biwi_hotel:181,9420,3,2.1756222248077393,4.368030071258545,1.50041663646698,1.4522264003753662,0.7428399920463562,1.0219378471374512,1.875,1.39:-8.65;1.58:-8.14;1.54:-7.67;1.58:-7.1;1.73:-6.55;1.8:-5.92;1.88:-5.25;1.99:-4.66,2.06:-4.12;2.12:-3.45;2.14:-2.76;2.12:-2.17;2.22:-1.52;2.21:-0.82;2.16:-0.18;2.27:0.47;2.15:1.13;2.13:1.71;2.13:2.37;2.01:3.01,2.067714:-4.208772;2.111445:-3.873062;2.056832:-3.624846;2.134645:-3.287605;2.182877:-3.015664;2.180575:-2.797966;2.009888:-2.597875;2.227539:-2.2856;2.192695:-2.002199;2.063557:-1.833167;2.241325:-1.540012;2.265762:-1.350535
sigma3_hotel_seed42,HOTEL:biwi_hotel:182:9420,HOTEL,biwi_hotel,biwi_hotel:182,9420,3,2.1567251682281494,4.221216678619385,1.4802870750427246,1.5311684608459473,0.7817926406860352,0.4804527461528778,1.75,1.98:-8.51;2.15:-7.98;2.17:-7.28;2.21:-6.76;2.28:-6.14;2.39:-5.44;2.46:-4.86;2.51:-4.27,2.55:-3.65;2.66:-3.03;2.7:-2.42;2.71:-1.76;2.8:-1.12;2.81:-0.51;2.76:0.09;2.84:0.81;2.81:1.47;2.81:2.05;2.77:2.62;2.76:3.23,2.560723:-3.821753;2.576828:-3.48666;2.495715:-3.239725;2.54924:-2.908876;2.571587:-2.634369;2.546361:-2.421933;2.358079:-2.222543;2.544036:-1.912146;2.486696:-1.633985;2.341303:-1.464709;2.493339:-1.174769;2.499951:-0.9831986
sigma3_hotel_seed42,HOTEL:biwi_hotel:185:9420,HOTEL,biwi_hotel,biwi_hotel:185,9420,3,0.26758718490600586,0.5213192701339722,0.055901698768138885,0.07303573936223984,0.19026342034339905,5.8158063888549805,0.0,-0.86:-1.04;-0.85:-1;-0.85:-1;-0.87:-1.03;-0.91:-1.07;-0.93:-1.09;-0.93:-1.07;-0.92:-1.05,-0.88:-1.04;-0.86:-1.04;-0.84:-1.04;-0.85:-0.99;-0.87:-1;-0.91:-1.03;-0.91:-0.98;-0.91:-0.99;-0.9:-1.03;-0.89:-1.05;-0.88:-1.08;-0.86:-1.08,-0.8834085:-1.041331;-0.8314358:-1.034853;-0.7819662:-1.005507;-0.7351052:-0.9933013;-0.6936809:-0.9932787;-0.6475735:-0.9606207;-0.6078233:-0.9868726;-0.5396391:-0.9631582;-0.4930208:-0.9683086;-0.4415497:-0.9606862;-0.4082615:-0.9707338;-0.3489043:-0.9772626
sigma3_hotel_seed42,HOTEL:biwi_hotel:187:9420,HOTEL,biwi_hotel,biwi_hotel:187,9420,3,2.443518877029419,5.228541374206543,1.5219231843948364,1.536643385887146,0.4831078052520752,0.4950712025165558,0.0,1.71:2.67;1.75:2.05;1.81:1.48;1.89:0.91;1.9:0.32;1.92:-0.29;1.85:-1.01;1.7:-1.6,1.62:-2.24;1.51:-2.89;1.46:-3.54;1.44:-4.22;1.39:-4.91;1.35:-5.59;1.3:-6.27;1.22:-6.91;1.25:-7.68;1.27:-8.34;1.26:-8.9;1.39:-9.67,1.390738:-2.101204;1.07529:-2.626096;0.7062387:-3.117507;0.5010009:-3.519293;0.1462843:-3.942978;-0.2337358:-4.340625;-0.6436801:-4.587584;-0.958987:-4.987761;-1.371969:-5.179339;-1.654843:-5.528224;-2.027074:-5.780089;-2.376323:-6.043368
sigma3_hotel_seed42,HOTEL:biwi_hotel:180:9430,HOTEL,biwi_hotel,biwi_hotel:180,9430,3,0.042649317532777786,0.060709454119205475,0.0,0.0,0.0,0.0,0.0,-1.09:-6.72;-1.09:-6.72;-1.09:-6.72;-1.09:-6.72;-1.09:-6.72;-1.09:-6.72;-1.09:-6.72;-1.09:-6.72,-1.09:-6.72;-1.09:-6.72;-1.09:-6.72;-1.11:-6.79;-1.09:-6.73;-1.09:-6.72;-1.09:-6.72;-1.09:-6.72;-1.09:-6.72;-1.09:-6.72;-1.09:-6.72;-1.09:-6.72,-1.100755:-6.723806;-1.104613:-6.731339;-1.11313:-6.732431;-1.125147:-6.733294;-1.130216:-6.735871;-1.134082:-6.729373;-1.134684:-6.742315;-1.125579:-6.744169;-1.124974:-6.755278;-1.12476:-6.756593;-1.125789:-6.764888;-1.109226:-6.777585
sigma3_hotel_seed42,HOTEL:biwi_hotel:185:9430,HOTEL,biwi_hotel,biwi_hotel:185,9430,3,0.18054981529712677,0.3208062946796417,0.10307764261960983,0.07303573936223984,0.18025478720664978,3.8794076442718506,0.0,-0.85:-1;-0.85:-1;-0.87:-1.03;-0.91:-1.07;-0.93:-1.09;-0.93:-1.07;-0.92:-1.05;-0.88:-1.04,-0.86:-1.04;-0.84:-1.04;-0.85:-0.99;-0.87:-1;-0.91:-1.03;-0.91:-0.98;-0.91:-0.99;-0.9:-1.03;-0.89:-1.05;-0.88:-1.08;-0.86:-1.08;-0.91:-1,-0.854378:-1.05196;-0.8273498:-1.055829;-0.8007355:-1.064764;-0.7670174:-1.078382;-0.7489097:-1.094341;-0.7330171:-1.103311;-0.7063117:-1.132826;-0.6921341:-1.131123;-0.6713014:-1.136048;-0.6407732:-1.150224;-0.635979:-1.165883;-0.633067:-1.161941
sigma3_hotel_seed42,HOTEL:biwi_hotel:180:9440,HOTEL,biwi_hotel,biwi_hotel:180,9440,3,0.043532148003578186,0.060709454119205475,0.0,0.0,0.0,0.0,0.0,-1.09:-6.72;-1.09:-6.72;-1.09:-6.72;-1.09:-6.72;-1.09:-6.72;-1.09:-6.72;-1.09:-6.72;-1.09:-6.72,-1.09:-6.72;-1.09:-6.72;-1.11:-6.79;-1.09:-6.73;-1.09:-6.72;-1.09:-6.72;-1.09:-6.72;-1.09:-6.72;-1.09:-6.72;-1.09:-6.72;-1.09:-6.72;-1.09:-6.72,-1.100755:-6.723806;-1.104613:-6.731339;-1.11313:-6.732431;-1.125147:-6.733294;-1.130216:-6.735871;-1.134082:-6.729373;-1.134684:-6.742315;-1.125579:-6.744169;-1.124974:-6.755278;-1.12476:-6.756593;-1.125789:-6.764888;-1.109226:-6.777585
sigma3_hotel_seed42,HOTEL:biwi_hotel:185:9440,HOTEL,biwi_hotel,biwi_hotel:185,9440,3,0.14276182651519775,0.26075538992881775,0.05000000074505806,0.08017859607934952,0.16598933935165405,4.124386310577393,0.0,-0.85:-1;-0.87:-1.03;-0.91:-1.07;-0.93:-1.09;-0.93:-1.07;-0.92:-1.05;-0.88:-1.04;-0.86:-1.04,-0.84:-1.04;-0.85:-0.99;-0.87:-1;-0.91:-1.03;-0.91:-0.98;-0.91:-0.99;-0.9:-1.03;-0.89:-1.05;-0.88:-1.08;-0.86:-1.08;-0.91:-1;-0.91:-1.06,-0.8526614:-1.049464;-0.83192:-1.060796;-0.8186765:-1.056592;-0.8083133:-1.063565;-0.7971437:-1.068333;-0.7768179:-1.062622;-0.7608724:-1.086921;-0.7374203:-1.082368;-0.7164551:-1.099528;-0.6976637:-1.100365;-0.686245:-1.112413;-0.6584584:-1.128703
sigma3_hotel_seed42,HOTEL:biwi_hotel:180:9450,HOTEL,biwi_hotel,biwi_hotel:180,9450,3,0.044223055243492126,0.060709454119205475,0.0,0.0,0.0,0.0,0.0,-1.09:-6.72;-1.09:-6.72;-1.09:-6.72;-1.09:-6.72;-1.09:-6.72;-1.09:-6.72;-1.09:-6.72;-1.09:-6.72,-1.09:-6.72;-1.11:-6.79;-1.09:-6.73;-1.09:-6.72;-1.09:-6.72;-1.09:-6.72;-1.09:-6.72;-1.09:-6.72;-1.09:-6.72;-1.09:-6.72;-1.09:-6.72;-1.09:-6.72,-1.100755:-6.723806;-1.104613:-6.731339;-1.11313:-6.732431;-1.125147:-6.733294;-1.130216:-6.735871;-1.134082:-6.729373;-1.134684:-6.742315;-1.125579:-6.744169;-1.124974:-6.755278;-1.12476:-6.756593;-1.125789:-6.764888;-1.109226:-6.777585
sigma3_hotel_seed42,HOTEL:biwi_hotel:185:9450,HOTEL,biwi_hotel,biwi_hotel:185,9450,3,0.15941934287548065,0.2946168780326843,0.05000000074505806,0.074444480240345,0.14269696176052094,3.9269907474517822,0.0,-0.87:-1.03;-0.91:-1.07;-0.93:-1.09;-0.93:-1.07;-0.92:-1.05;-0.88:-1.04;-0.86:-1.04;-0.84:-1.04,-0.85:-0.99;-0.87:-1;-0.91:-1.03;-0.91:-0.98;-0.91:-0.99;-0.9:-1.03;-0.89:-1.05;-0.88:-1.08;-0.86:-1.08;-0.91:-1;-0.91:-1.06;-0.94:-1.11,-0.83334:-1.046955;-0.8147122:-1.057849;-0.8024221:-1.050846;-0.7918959:-1.05234;-0.7795126:-1.062862;-0.7639987:-1.048021;-0.7546915:-1.076656;-0.7193638:-1.071054;-0.6997808:-1.084059;-0.6824378:-1.087357;-0.6720818:-1.101536;-0.6455158:-1.118841
sigma3_hotel_seed42,HOTEL:biwi_hotel:180:9460,HOTEL,biwi_hotel,biwi_hotel:180,9460,3,0.046812620013952255,0.07758860290050507,0.0,0.0,0.0,0.0,0.0,-1.09:-6.72;-1.09:-6.72;-1.09:-6.72;-1.09:-6.72;-1.09:-6.72;-1.09:-6.72;-1.09:-6.72;-1.09:-6.72,-1.11:-6.79;-1.09:-6.73;-1.09:-6.72;-1.09:-6.72;-1.09:-6.72;-1.09:-6.72;-1.09:-6.72;-1.09:-6.72;-1.09:-6.72;-1.09:-6.72;-1.09:-6.72;-1.11:-6.7,-1.100755:-6.723806;-1.104613:-6.731339;-1.11313:-6.732431;-1.125147:-6.733294;-1.130216:-6.735871;-1.134082:-6.729373;-1.134684:-6.742315;-1.125579:-6.744169;-1.124974:-6.755278;-1.12476:-6.756593;-1.125789:-6.764888;-1.109226:-6.777585
sigma3_hotel_seed42,HOTEL:biwi_hotel:185:9460,HOTEL,biwi_hotel,biwi_hotel:185,9460,3,0.2398783415555954,0.43666157126426697,0.12747548520565033,0.07245221734046936,0.17397326231002808,5.695182800292969,0.0,-0.91:-1.07;-0.93:-1.09;-0.93:-1.07;-0.92:-1.05;-0.88:-1.04;-0.86:-1.04;-0.84:-1.04;-0.85:-0.99,-0.87:-1;-0.91:-1.03;-0.91:-0.98;-0.91:-0.99;-0.9:-1.03;-0.89:-1.05;-0.88:-1.08;-0.86:-1.08;-0.91:-1;-0.91:-1.06;-0.94:-1.11;-0.94:-1.13,-0.8449547:-0.9583672;-0.8409834:-0.9151817;-0.8371562:-0.8968707;-0.8473569:-0.8572442;-0.842495:-0.8448344;-0.8384744:-0.8097689;-0.8472742:-0.8083705;-0.8307604:-0.7733935;-0.8206404:-0.7564271;-0.8345526:-0.7432385;-0.8385834:-0.7274545;-0.8534301:-0.7020059
sigma3_hotel_seed42,HOTEL:biwi_hotel:192:9460,HOTEL,biwi_hotel,biwi_hotel:192,9460,3,1.9947012662887573,4.516931056976318,1.4615916013717651,1.593148112297058,0.4747009873390198,0.4319427013397217,0.25,2.07:3.85;2.1:3.27;2.18:2.63;2.14:1.99;2.1:1.29;2.03:0.57;1.9:0;1.77:-0.57,1.64:-1.21;1.61:-1.93;1.53:-2.53;1.47:-3.16;1.45:-3.85;1.43:-4.52;1.44:-5.16;1.5:-5.79;1.59:-6.47;1.63:-7.19;1.71:-7.9;1.84:-8.56,1.617413:-1.044159;1.447969:-1.53653;1.215857:-2.013877;1.140906:-2.394947;0.9347402:-2.791992;0.7146366:-3.176062;0.4280853:-3.425366;0.2484847:-3.784252;-0.01712692:-3.982144;-0.1777359:-4.32326;-0.4162512:-4.550995;-0.6422231:-4.786244
sigma3_hotel_seed42,HOTEL:biwi_hotel:180:9470,HOTEL,biwi_hotel,biwi_hotel:180,9470,3,0.5377443432807922,0.8499945998191833,0.18200275301933289,0.02600039169192314,0.0758344754576683,0.0,0.0,-1.09:-6.72;-1.09:-6.72;-1.09:-6.72;-1.09:-6.72;-1.09:-6.72;-1.09:-6.72;-1.09:-6.72;-1.11:-6.79,-1.09:-6.73;-1.09:-6.72;-1.09:-6.72;-1.09:-6.72;-1.09:-6.72;-1.09:-6.72;-1.09:-6.72;-1.09:-6.72;-1.09:-6.72;-1.09:-6.72;-1.11:-6.7;-1.11:-6.7,-1.094942:-6.874602;-1.088335:-6.945509;-1.089433:-7.029597;-1.08811:-7.114335;-1.080574:-7.178542;-1.073729:-7.252697;-1.08189:-7.317104;-1.085792:-7.373809;-1.078182:-7.435175;-1.110279:-7.470696;-1.107052:-7.519983;-1.15255:-7.548929
sigma3_hotel_seed42,HOTEL:biwi_hotel:185:9470,HOTEL,biwi_hotel,biwi_hotel:185,9470,3,0.15520010888576508,0.25439321994781494,0.055901698768138885,0.07033664733171463,0.1907506287097931,5.176036357879639,0.0,-0.93:-1.09;-0.93:-1.07;-0.92:-1.05;-0.88:-1.04;-0.86:-1.04;-0.84:-1.04;-0.85:-0.99;-0.87:-1,-0.91:-1.03;-0.91:-0.98;-0.91:-0.99;-0.9:-1.03;-0.89:-1.05;-0.88:-1.08;-0.86:-1.08;-0.91:-1;-0.91:-1.06;-0.94:-1.11;-0.94:-1.13;-0.92:-1.12,-0.8977911:-0.9882839;-0.92388:-0.9833071;-0.9454651:-0.9663004;-0.9733866:-0.9470947;-0.989653:-0.9585332;-1.022953:-0.9204418;-1.05567:-0.9405402;-1.030872:-0.931181;-1.04832:-0.9256403;-1.072585:-0.9237843;-1.088914:-0.9334356;-1.099339:-0.9395738
sigma3_hotel_seed42,HOTEL:biwi_hotel:180:9480,HOTEL,biwi_hotel,biwi_hotel:180,9480,3,0.16439402103424072,0.26730605959892273,0.15811388194561005,0.048588089644908905,0.2175164669752121,3.098141670227051,0.0,-1.09:-6.72;-1.09:-6.72;-1.09:-6.72;-1.09:-6.72;-1.09:-6.72;-1.09:-6.72;-1.11:-6.79;-1.09:-6.73,-1.09:-6.72;-1.09:-6.72;-1.09:-6.72;-1.09:-6.72;-1.09:-6.72;-1.09:-6.72;-1.09:-6.72;-1.09:-6.72;-1.09:-6.72;-1.11:-6.7;-1.11:-6.7;-1.11:-6.7,-1.068582:-6.705561;-1.04978:-6.660953;-1.037555:-6.653932;-1.045165:-6.616018;-1.026307:-6.603403;-0.9963316:-6.576616;-0.9978644:-6.577337;-0.9808145:-6.537926;-0.9486291:-6.530765;-0.958934:-6.520952;-0.9539977:-6.499771;-0.9701159:-6.472217
sigma3_hotel_seed42,HOTEL:biwi_hotel:185:9480,HOTEL,biwi_hotel,biwi_hotel:185,9480,3,0.45168280601501465,0.8539206981658936,0.125,0.08105093240737915,0.209796741604805,4.892242431640625,0.0,-0.93:-1.07;-0.92:-1.05;-0.88:-1.04;-0.86:-1.04;-0.84:-1.04;-0.85:-0.99;-0.87:-1;-0.91:-1.03,-0.91:-0.98;-0.91:-0.99;-0.9:-1.03;-0.89:-1.05;-0.88:-1.08;-0.86:-1.08;-0.91:-1;-0.91:-1.06;-0.94:-1.11;-0.94:-1.13;-0.92:-1.12;-0.88:-1.08,-0.9724849:-1.058404;-1.041728:-1.083069;-1.105088:-1.103231;-1.18842:-1.124456;-1.242574:-1.154542;-1.304591:-1.155434;-1.390631:-1.19841;-1.426563:-1.200867;-1.476076:-1.227911;-1.570201:-1.238842;-1.621606:-1.254947;-1.714321:-1.261902
sigma3_hotel_seed42,HOTEL:biwi_hotel:180:9490,HOTEL,biwi_hotel,biwi_hotel:180,9490,3,0.13238869607448578,0.23061688244342804,0.02500000037252903,0.052159518003463745,0.2736119329929352,3.4198923110961914,0.0,-1.09:-6.72;-1.09:-6.72;-1.09:-6.72;-1.09:-6.72;-1.09:-6.72;-1.11:-6.79;-1.09:-6.73;-1.09:-6.72,-1.09:-6.72;-1.09:-6.72;-1.09:-6.72;-1.09:-6.72;-1.09:-6.72;-1.09:-6.72;-1.09:-6.72;-1.09:-6.72;-1.11:-6.7;-1.11:-6.7;-1.11:-6.7;-1.11:-6.7,-1.110034:-6.735906;-1.122793:-6.75301;-1.142112:-6.761892;-1.167826:-6.773844;-1.183201:-6.785489;-1.194189:-6.788027;-1.210995:-6.81207;-1.217528:-6.815905;-1.222185:-6.833804;-1.241965:-6.8398;-1.252563:-6.850954;-1.267064:-6.868864
sigma3_hotel_seed42,HOTEL:biwi_hotel:185:9490,HOTEL,biwi_hotel,biwi_hotel:185,9490,3,0.2793004810810089,0.3558935523033142,0.125,0.09092211723327637,0.2700258493423462,6.244369983673096,0.0,-0.92:-1.05;-0.88:-1.04;-0.86:-1.04;-0.84:-1.04;-0.85:-0.99;-0.87:-1;-0.91:-1.03;-0.91:-0.98,-0.91:-0.99;-0.9:-1.03;-0.89:-1.05;-0.88:-1.08;-0.86:-1.08;-0.91:-1;-0.91:-1.06;-0.94:-1.11;-0.94:-1.13;-0.92:-1.12;-0.88:-1.08;-0.89:-0.98,-0.8913263:-0.9466099;-0.8761035:-0.9162368;-0.8497808:-0.8868421;-0.8309762:-0.849815;-0.8049057:-0.8456945;-0.8010517:-0.7971042;-0.7875254:-0.7987905;-0.7247193:-0.778235;-0.7086688:-0.7580712;-0.6916019:-0.7445048;-0.6703857:-0.7436093;-0.6374799:-0.7292136
sigma3_hotel_seed42,HOTEL:biwi_hotel:180:9500,HOTEL,biwi_hotel,biwi_hotel:180,9500,3,0.08648428320884705,0.142584428191185,0.0,0.052159518003463745,0.2840285897254944,3.4198923110961914,0.0,-1.09:-6.72;-1.09:-6.72;-1.09:-6.72;-1.09:-6.72;-1.11:-6.79;-1.09:-6.73;-1.09:-6.72;-1.09:-6.72,-1.09:-6.72;-1.09:-6.72;-1.09:-6.72;-1.09:-6.72;-1.09:-6.72;-1.09:-6.72;-1.09:-6.72;-1.11:-6.7;-1.11:-6.7;-1.11:-6.7;-1.11:-6.7;-1.11:-6.7,-1.10555:-6.728613;-1.112265:-6.737664;-1.127176:-6.744344;-1.152006:-6.749955;-1.165208:-6.748917;-1.168037:-6.752522;-1.177799:-6.766064;-1.189076:-6.762436;-1.191168:-6.778162;-1.207368:-6.780086;-1.214065:-6.781128;-1.219463:-6.791368
sigma3_hotel_seed42,HOTEL:biwi_hotel:185:9500,HOTEL,biwi_hotel,biwi_hotel:185,9500,3,0.06246863678097725,0.19585475325584412,0.02500000037252903,0.07976816594600677,0.30923348665237427,9.140983581542969,0.0,-0.88:-1.04;-0.86:-1.04;-0.84:-1.04;-0.85:-0.99;-0.87:-1;-0.91:-1.03;-0.91:-0.98;-0.91:-0.99,-0.9:-1.03;-0.89:-1.05;-0.88:-1.08;-0.86:-1.08;-0.91:-1;-0.91:-1.06;-0.94:-1.11;-0.94:-1.13;-0.92:-1.12;-0.88:-1.08;-0.89:-0.98;-0.94:-0.95,-0.9187477:-1.005851;-0.91445:-1.023497;-0.9122996:-1.01911;-0.9085572:-1.038269;-0.9157782:-1.054139;-0.9217835:-1.054359;-0.9216735:-1.08967;-0.9164674:-1.090548;-0.9163084:-1.10413;-0.9159138:-1.107048;-0.9223689:-1.12863;-0.9305507:-1.145627
sigma3_hotel_seed42,HOTEL:biwi_hotel:194:9500,HOTEL,biwi_hotel,biwi_hotel:194,9500,3,1.3726048469543457,2.7136876583099365,1.4758472442626953,1.4670861959457397,0.4654943645000458,0.39633581042289734,1.5,1.72:-8.94;1.78:-8.3;1.8:-7.81;1.88:-7.26;1.96:-6.65;1.98:-6.05;2.04:-5.44;2.06:-4.85,2.09:-4.22;2.16:-3.62;2.15:-3.04;2.14:-2.5;2.1:-1.94;1.99:-1.37;1.92:-0.83;1.84:-0.3;1.79:0.24;1.75:0.86;1.69:1.29;1.73:1.84,2.064108:-4.3055;2.030227:-3.909065;1.866178:-3.580927;1.879927:-3.185159;1.861312:-2.847166;1.800319:-2.572846;1.508455:-2.366902;1.697068:-1.956484;1.601933:-1.635746;1.402412:-1.442529;1.539221:-1.089673;1.511945:-0.8649127
sigma3_hotel_seed42,HOTEL:biwi_hotel:195:9500,HOTEL,biwi_hotel,biwi_hotel:195,9500,3,1.1560150384902954,2.5334222316741943,1.4769055843353271,1.4776667356491089,0.43533265590667725,0.44781923294067383,1.25,2.24:-9.13;2.31:-8.51;2.35:-7.95;2.43:-7.42;2.48:-6.87;2.47:-6.2;2.53:-5.6;2.56:-5.01,2.58:-4.42;2.61:-3.85;2.59:-3.29;2.55:-2.75;2.51:-2.18;2.43:-1.59;2.42:-1.02;2.38:-0.44;2.36:0.12;2.33:0.62;2.24:1.29;2.23:1.8,2.591052:-4.423131;2.597585:-4.005126;2.437463:-3.648486;2.476013:-3.214369;2.480525:-2.851743;2.456772:-2.553339;2.152171:-2.343443;2.388449:-1.888129;2.323675:-1.541447;2.128668:-1.342225;2.304377:-0.9520149;2.29353:-0.7326255
sigma3_hotel_seed42,HOTEL:biwi_hotel:196:9500,HOTEL,biwi_hotel,biwi_hotel:196,9500,3,1.3088723421096802,3.2943224906921387,1.5662455558776855,1.5173133611679077,0.6405805945396423,0.686348021030426,0.75,2.07:3.9;2:3.36;2.05:2.77;1.97:2.08;1.9:1.49;1.81:0.87;1.66:0.32;1.57:-0.3,1.44:-0.92;1.34:-1.49;1.27:-2.12;1.16:-2.75;1.15:-3.37;1.18:-4.1;1.23:-4.67;1.38:-5.3;1.44:-5.93;1.51:-6.57;1.52:-7.23;1.45:-7.91,1.461674:-0.8551161;1.330966:-1.436531;1.11395:-2.006596;1.091851:-2.442383;0.9143912:-2.914656;0.722496:-3.363874;0.4334707:-3.660856;0.2912059:-4.0765;0.04092145:-4.30311;-0.08072221:-4.72381;-0.3066003:-4.982719;-0.5107528:-5.262735
sigma3_hotel_seed42,HOTEL:biwi_hotel:180:9510,HOTEL,biwi_hotel,biwi_hotel:180,9510,3,0.129719078540802,0.2309401035308838,0.0,0.052159518003463745,0.2840285897254944,3.4198923110961914,0.0,-1.09:-6.72;-1.09:-6.72;-1.09:-6.72;-1.11:-6.79;-1.09:-6.73;-1.09:-6.72;-1.09:-6.72;-1.09:-6.72,-1.09:-6.72;-1.09:-6.72;-1.09:-6.72;-1.09:-6.72;-1.09:-6.72;-1.09:-6.72;-1.11:-6.7;-1.11:-6.7;-1.11:-6.7;-1.11:-6.7;-1.11:-6.7;-1.11:-6.7,-1.108221:-6.737884;-1.115593:-6.753011;-1.126526:-6.761023;-1.144361:-6.786329;-1.164873:-6.78737;-1.174722:-6.807943;-1.175545:-6.827478;-1.208833:-6.830072;-1.217795:-6.84924;-1.233794:-6.849729;-1.24672:-6.859117;-1.268862:-6.867619
sigma3_hotel_seed42,HOTEL:biwi_hotel:185:9510,HOTEL,biwi_hotel,biwi_hotel:185,9510,3,0.14154498279094696,0.33635422587394714,0.10307764261960983,0.08735068887472153,0.34217387437820435,9.38596248626709,0.0,-0.86:-1.04;-0.84:-1.04;-0.85:-0.99;-0.87:-1;-0.91:-1.03;-0.91:-0.98;-0.91:-0.99;-0.9:-1.03,-0.89:-1.05;-0.88:-1.08;-0.86:-1.08;-0.91:-1;-0.91:-1.06;-0.94:-1.11;-0.94:-1.13;-0.92:-1.12;-0.88:-1.08;-0.89:-0.98;-0.94:-0.95;-0.95:-0.93,-0.8819336:-1.04488;-0.8677164:-1.055531;-0.8551036:-1.077382;-0.8291864:-1.089823;-0.8186285:-1.117139;-0.8207631:-1.128016;-0.8078836:-1.159479;-0.7917284:-1.168906;-0.7845379:-1.168813;-0.7617397:-1.195375;-0.7659423:-1.214715;-0.7693846:-1.213747
sigma3_hotel_seed42,HOTEL:biwi_hotel:194:9510,HOTEL,biwi_hotel,biwi_hotel:194,9510,3,1.4473400115966797,2.8731625080108643,1.5767847299575806,1.462767481803894,0.3467332422733307,0.3573504686355591,1.625,1.78:-8.3;1.8:-7.81;1.88:-7.26;1.96:-6.65;1.98:-6.05;2.04:-5.44;2.06:-4.85;2.09:-4.22,2.16:-3.62;2.15:-3.04;2.14:-2.5;2.1:-1.94;1.99:-1.37;1.92:-0.83;1.84:-0.3;1.79:0.24;1.75:0.86;1.69:1.29;1.73:1.84;1.77:2.35,2.095118:-3.712829;2.066417:-3.342189;1.927259:-3.043613;1.944247:-2.679306;1.924677:-2.365404;1.852661:-2.120624;1.601039:-1.910349;1.767986:-1.550699;1.668323:-1.240323;1.473831:-1.0496;1.607912:-0.7257121;1.575778:-0.5165906
sigma3_hotel_seed42,HOTEL:biwi_hotel:195:9510,HOTEL,biwi_hotel,biwi_hotel:195,9510,3,1.6971198320388794,3.3561720848083496,1.4758472442626953,1.4656667709350586,0.3758721947669983,0.423617959022522,1.375,2.31:-8.51;2.35:-7.95;2.43:-7.42;2.48:-6.87;2.47:-6.2;2.53:-5.6;2.56:-5.01;2.58:-4.42,2.61:-3.85;2.59:-3.29;2.55:-2.75;2.51:-2.18;2.43:-1.59;2.42:-1.02;2.38:-0.44;2.36:0.12;2.33:0.62;2.24:1.29;2.23:1.8;2.23:2.27,2.594677:-3.96431;2.572323:-3.62377;2.457587:-3.368919;2.479323:-3.039889;2.468473:-2.757772;2.40493:-2.544775;2.192265:-2.340708;2.343065:-2.030176;2.25262:-1.748614;2.079433:-1.572709;2.204629:-1.282834;2.183551:-1.085851
sigma3_hotel_seed42,HOTEL:biwi_hotel:199:9510,HOTEL,biwi_hotel,biwi_hotel:199,9510,3,0.6843581795692444,1.3904235363006592,0.5202162861824036,0.39651012420654297,0.8197087049484253,3.7953217029571533,0.125,-1.42:-3.51;-1.31:-3.57;-1.12:-3.53;-1.05:-3.55;-0.98:-3.66;-0.74:-3.67;-0.61:-3.72;-0.49:-3.89,-0.4:-4.02;-0.31:-4.19;-0.3:-4.21;-0.3:-4.21;-0.06:-4.27;-0.03:-4.27;-0.03:-4.27;-0.03:-4.27;-0.03:-4.27;-0.22:-4.18;-0.19:-4.29;-0.11:-4.16,-0.340416:-4.032713;-0.1834979:-4.16439;-0.06775963:-4.308734;0.06729507:-4.448173;0.1865349:-4.547808;0.3280024:-4.692405;0.4256296:-4.789949;0.5115378:-4.879955;0.6316994:-4.971436;0.6941584:-5.041869;0.8082662:-5.105398;0.8406:-5.17471
sigma3_hotel_seed42,HOTEL:biwi_hotel:180:9520,HOTEL,biwi_hotel,biwi_hotel:180,9520,3,0.14029155671596527,0.2579168975353241,0.0,0.052159518003463745,0.2840285897254944,3.4198923110961914,0.0,-1.09:-6.72;-1.09:-6.72;-1.11:-6.79;-1.09:-6.73;-1.09:-6.72;-1.09:-6.72;-1.09:-6.72;-1.09:-6.72,-1.09:-6.72;-1.09:-6.72;-1.09:-6.72;-1.09:-6.72;-1.09:-6.72;-1.11:-6.7;-1.11:-6.7;-1.11:-6.7;-1.11:-6.7;-1.11:-6.7;-1.11:-6.7;-1.11:-6.7,-1.115127:-6.735987;-1.126409:-6.755093;-1.143955:-6.755428;-1.164582:-6.772719;-1.185266:-6.786947;-1.202995:-6.789054;-1.218217:-6.817462;-1.226946:-6.823864;-1.235842:-6.838488;-1.258604:-6.838198;-1.2708:-6.855999;-1.294124:-6.880609
sigma3_hotel_seed42,HOTEL:biwi_hotel:185:9520,HOTEL,biwi_hotel,biwi_hotel:185,9520,3,0.14030395448207855,0.239601269364357,0.055901698768138885,0.08819378912448883,0.3022681176662445,7.836439609527588,0.0,-0.84:-1.04;-0.85:-0.99;-0.87:-1;-0.91:-1.03;-0.91:-0.98;-0.91:-0.99;-0.9:-1.03;-0.89:-1.05,-0.88:-1.08;-0.86:-1.08;-0.91:-1;-0.91:-1.06;-0.94:-1.11;-0.94:-1.13;-0.92:-1.12;-0.88:-1.08;-0.89:-0.98;-0.94:-0.95;-0.95:-0.93;-0.9:-1.02,-0.8874026:-1.068722;-0.8670185:-1.087695;-0.8560989:-1.084793;-0.8475763:-1.103312;-0.8425882:-1.113473;-0.823748:-1.115556;-0.8125223:-1.14904;-0.7996433:-1.146334;-0.7803012:-1.169083;-0.7700754:-1.16946;-0.7632877:-1.186652;-0.7532109:-1.209372
sigma3_hotel_seed42,HOTEL:biwi_hotel:194:9520,HOTEL,biwi_hotel,biwi_hotel:194,9520,3,1.6042832136154175,3.2096214294433594,1.5101737976074219,1.5033608675003052,0.3104282319545746,0.32226109504699707,1.75,1.8:-7.81;1.88:-7.26;1.96:-6.65;1.98:-6.05;2.04:-5.44;2.06:-4.85;2.09:-4.22;2.16:-3.62,2.15:-3.04;2.14:-2.5;2.1:-1.94;1.99:-1.37;1.92:-0.83;1.84:-0.3;1.79:0.24;1.75:0.86;1.69:1.29;1.73:1.84;1.77:2.35;1.82:2.96,2.214956:-3.156387;2.239255:-2.814145;2.162216:-2.554431;2.222286:-2.21313;2.248149:-1.931002;2.222828:-1.710227;2.032882:-1.505286;2.23115:-1.186113;2.174793:-0.8945613;2.024297:-0.7179618;2.18893:-0.4187076;2.194401:-0.2277098
sigma3_hotel_seed42,HOTEL:biwi_hotel:195:9520,HOTEL,biwi_hotel,biwi_hotel:195,9520,3,1.7193502187728882,3.3898684978485107,1.4269722700119019,1.469010353088379,0.3470812439918518,0.3638106882572174,1.5,2.35:-7.95;2.43:-7.42;2.48:-6.87;2.47:-6.2;2.53:-5.6;2.56:-5.01;2.58:-4.42;2.61:-3.85,2.59:-3.29;2.55:-2.75;2.51:-2.18;2.43:-1.59;2.42:-1.02;2.38:-0.44;2.36:0.12;2.33:0.62;2.24:1.29;2.23:1.8;2.23:2.27;2.24:2.82,2.650875:-3.398563;2.671625:-3.067592;2.59301:-2.81368;2.647783:-2.48629;2.656574:-2.209771;2.614984:-2.003203;2.433101:-1.798856;2.606247:-1.496005;2.534882:-1.204447;2.37876:-1.028227;2.529514:-0.7394633;2.521578:-0.5581539
sigma3_hotel_seed42,HOTEL:biwi_hotel:199:9520,HOTEL,biwi_hotel,biwi_hotel:199,9520,3,0.4341297447681427,0.8824536204338074,0.3952847123146057,0.4082294702529907,0.7383936047554016,3.0975968837738037,0.25,-1.31:-3.57;-1.12:-3.53;-1.05:-3.55;-0.98:-3.66;-0.74:-3.67;-0.61:-3.72;-0.49:-3.89;-0.4:-4.02,-0.31:-4.19;-0.3:-4.21;-0.3:-4.21;-0.06:-4.27;-0.03:-4.27;-0.03:-4.27;-0.03:-4.27;-0.03:-4.27;-0.22:-4.18;-0.19:-4.29;-0.11:-4.16;-0.19:-4.19,-0.3309076:-4.13031;-0.2565447:-4.228656;-0.2028232:-4.331659;-0.1423483:-4.450998;-0.08910391:-4.527899;-0.02612978:-4.637284;0.01262033:-4.709461;0.04790393:-4.790955;0.1003884:-4.868819;0.08630142:-4.894359;0.150053:-4.956252;0.1279875:-5.01317
sigma3_hotel_seed42,HOTEL:biwi_hotel:180:9530,HOTEL,biwi_hotel,biwi_hotel:180,9530,3,0.2055678367614746,0.39998090267181396,0.0,0.052159518003463745,0.20819412171840668,3.4198923110961914,0.0,-1.09:-6.72;-1.11:-6.79;-1.09:-6.73;-1.09:-6.72;-1.09:-6.72;-1.09:-6.72;-1.09:-6.72;-1.09:-6.72,-1.09:-6.72;-1.09:-6.72;-1.09:-6.72;-1.09:-6.72;-1.11:-6.7;-1.11:-6.7;-1.11:-6.7;-1.11:-6.7;-1.11:-6.7;-1.11:-6.7;-1.11:-6.7;-1.11:-6.7,-1.069682:-6.730424;-1.034035:-6.74156;-1.008922:-6.737449;-0.9872581:-6.743653;-0.9632115:-6.745725;-0.9240597:-6.739917;-0.8961293:-6.764;-0.8608933:-6.756841;-0.8252898:-6.778696;-0.793088:-6.778543;-0.7704594:-6.789348;-0.7245168:-6.806712
sigma3_hotel_seed42,HOTEL:biwi_hotel:185:9530,HOTEL,biwi_hotel,biwi_hotel:185,9530,3,0.22450138628482819,0.33727797865867615,0.07905694097280502,0.08127685636281967,0.24932266771793365,6.1412882804870605,0.0,-0.85:-0.99;-0.87:-1;-0.91:-1.03;-0.91:-0.98;-0.91:-0.99;-0.9:-1.03;-0.89:-1.05;-0.88:-1.08,-0.86:-1.08;-0.91:-1;-0.91:-1.06;-0.94:-1.11;-0.94:-1.13;-0.92:-1.12;-0.88:-1.08;-0.89:-0.98;-0.94:-0.95;-0.95:-0.93;-0.9:-1.02;-0.89:-1.05,-0.8812463:-1.113648;-0.8775893:-1.139384;-0.876137:-1.160466;-0.8677773:-1.198908;-0.8770282:-1.226204;-0.8835595:-1.254359;-0.882789:-1.298784;-0.9019629:-1.3079;-0.9037846:-1.327647;-0.9043442:-1.347063;-0.9214224:-1.372578;-0.9564066:-1.380676
sigma3_hotel_seed42,HOTEL:biwi_hotel:199:9530,HOTEL,biwi_hotel,biwi_hotel:199,9530,3,0.8189480900764465,1.269599437713623,0.4808846116065979,0.40758267045021057,0.6403059959411621,2.7304465770721436,0.25,-1.12:-3.53;-1.05:-3.55;-0.98:-3.66;-0.74:-3.67;-0.61:-3.72;-0.49:-3.89;-0.4:-4.02;-0.31:-4.19,-0.3:-4.21;-0.3:-4.21;-0.06:-4.27;-0.03:-4.27;-0.03:-4.27;-0.03:-4.27;-0.03:-4.27;-0.22:-4.18;-0.19:-4.29;-0.11:-4.16;-0.19:-4.19;-0.09:-4.35,-0.2127059:-4.332594;-0.1043051:-4.471553;-0.02564868:-4.60182;0.07014623:-4.754578;0.1429942:-4.855072;0.2274947:-4.997413;0.2816128:-5.092851;0.3353137:-5.193971;0.4023157:-5.285346;0.4050142:-5.332904;0.4922521:-5.407073;0.4782739:-5.485318
sigma3_hotel_seed42,HOTEL:biwi_hotel:180:9540,HOTEL,biwi_hotel,biwi_hotel:180,9540,3,0.02274486981332302,0.04349527508020401,0.0,0.026159126311540604,0.06651213020086288,0.32175055146217346,0.125,-1.11:-6.79;-1.09:-6.73;-1.09:-6.72;-1.09:-6.72;-1.09:-6.72;-1.09:-6.72;-1.09:-6.72;-1.09:-6.72,-1.09:-6.72;-1.09:-6.72;-1.09:-6.72;-1.11:-6.7;-1.11:-6.7;-1.11:-6.7;-1.11:-6.7;-1.11:-6.7;-1.11:-6.7;-1.11:-6.7;-1.11:-6.7;-1.11:-6.7,-1.091095:-6.720384;-1.092773:-6.719133;-1.094818:-6.720381;-1.096382:-6.720384;-1.095943:-6.718349;-1.093733:-6.717548;-1.091483:-6.716491;-1.090883:-6.717537;-1.087374:-6.722116;-1.084432:-6.718356;-1.08071:-6.719405;-1.073186:-6.723164
sigma3_hotel_seed42,HOTEL:biwi_hotel:185:9540,HOTEL,biwi_hotel,biwi_hotel:185,9540,3,0.21063949167728424,0.31787219643592834,0.05000000074505806,0.08043375611305237,0.2528002858161926,7.210480690002441,0.0,-0.87:-1;-0.91:-1.03;-0.91:-0.98;-0.91:-0.99;-0.9:-1.03;-0.89:-1.05;-0.88:-1.08;-0.86:-1.08,-0.91:-1;-0.91:-1.06;-0.94:-1.11;-0.94:-1.13;-0.92:-1.12;-0.88:-1.08;-0.89:-0.98;-0.94:-0.95;-0.95:-0.93;-0.9:-1.02;-0.89:-1.05;-0.9:-1.09,-0.844626:-1.079348;-0.8216803:-1.08202;-0.799202:-1.068656;-0.772324:-1.063231;-0.7529253:-1.076327;-0.7392142:-1.052419;-0.7248648:-1.082424;-0.6760365:-1.072466;-0.6565358:-1.075656;-0.6255535:-1.080745;-0.615437:-1.0971;-0.5824636:-1.104609
sigma3_hotel_seed42,HOTEL:biwi_hotel:199:9540,HOTEL,biwi_hotel,biwi_hotel:199,9540,3,0.3727775812149048,0.49546799063682556,0.055901698768138885,0.3895682394504547,0.7236393690109253,2.027930736541748,0.375,-1.05:-3.55;-0.98:-3.66;-0.74:-3.67;-0.61:-3.72;-0.49:-3.89;-0.4:-4.02;-0.31:-4.19;-0.3:-4.21,-0.3:-4.21;-0.06:-4.27;-0.03:-4.27;-0.03:-4.27;-0.03:-4.27;-0.03:-4.27;-0.22:-4.18;-0.19:-4.29;-0.11:-4.16;-0.19:-4.19;-0.09:-4.35;-0.13:-4.4,-0.3345003:-4.229991;-0.3582189:-4.251151;-0.3895293:-4.25276;-0.4288777:-4.265082;-0.4537899:-4.288359;-0.4750206:-4.279296;-0.5144962:-4.317871;-0.517109:-4.319601;-0.5262989:-4.340352;-0.5665236:-4.343395;-0.5869903:-4.36239;-0.6253884:-4.391121
sigma3_hotel_seed42,HOTEL:biwi_hotel:180:9550,HOTEL,biwi_hotel,biwi_hotel:180,9550,3,0.026142796501517296,0.034508831799030304,0.0,0.0035714285913854837,0.010416666977107525,0.0,0.25,-1.09:-6.73;-1.09:-6.72;-1.09:-6.72;-1.09:-6.72;-1.09:-6.72;-1.09:-6.72;-1.09:-6.72;-1.09:-6.72,-1.09:-6.72;-1.09:-6.72;-1.11:-6.7;-1.11:-6.7;-1.11:-6.7;-1.11:-6.7;-1.11:-6.7;-1.11:-6.7;-1.11:-6.7;-1.11:-6.7;-1.11:-6.7;-1.11:-6.7,-1.089163:-6.719748;-1.093279:-6.718091;-1.092806:-6.71973;-1.088851:-6.720912;-1.087812:-6.722627;-1.093287:-6.723392;-1.090169:-6.720618;-1.090049:-6.725663;-1.092426:-6.723165;-1.087176:-6.723526;-1.086562:-6.726282;-1.085198:-6.723994
sigma3_hotel_seed42,HOTEL:biwi_hotel:185:9550,HOTEL,biwi_hotel,biwi_hotel:185,9550,3,0.3662811517715454,0.6543650031089783,0.235849529504776,0.0962693989276886,0.2703614830970764,7.125578880310059,0.0,-0.91:-1.03;-0.91:-0.98;-0.91:-0.99;-0.9:-1.03;-0.89:-1.05;-0.88:-1.08;-0.86:-1.08;-0.91:-1,-0.91:-1.06;-0.94:-1.11;-0.94:-1.13;-0.92:-1.12;-0.88:-1.08;-0.89:-0.98;-0.94:-0.95;-0.95:-0.93;-0.9:-1.02;-0.89:-1.05;-0.9:-1.09;-0.9:-1.11,-0.9225585:-0.9431192;-0.9368984:-0.8729199;-0.9451028:-0.8389926;-0.9689083:-0.7825239;-0.9840706:-0.7541698;-1.007953:-0.7097326;-1.027616:-0.6854888;-1.032214:-0.6440192;-1.047132:-0.6042488;-1.08715:-0.5709614;-1.10403:-0.5448058;-1.145071:-0.5032597
sigma3_hotel_seed42,HOTEL:biwi_hotel:199:9550,HOTEL,biwi_hotel,biwi_hotel:199,9550,3,0.29089340567588806,0.4807996451854706,0.0,0.3430025279521942,0.5414829254150391,1.065506100654602,0.625,-0.98:-3.66;-0.74:-3.67;-0.61:-3.72;-0.49:-3.89;-0.4:-4.02;-0.31:-4.19;-0.3:-4.21;-0.3:-4.21,-0.06:-4.27;-0.03:-4.27;-0.03:-4.27;-0.03:-4.27;-0.03:-4.27;-0.22:-4.18;-0.19:-4.29;-0.11:-4.16;-0.19:-4.19;-0.09:-4.35;-0.13:-4.4;-0.09:-4.52,-0.3168694:-4.220962;-0.3186857:-4.218611;-0.3208948:-4.203256;-0.3443365:-4.218319;-0.3612449:-4.207436;-0.350024:-4.206688;-0.3627284:-4.236401;-0.391162:-4.20396;-0.3887471:-4.234127;-0.4130282:-4.219004;-0.4315418:-4.22085;-0.4603117:-4.213345
sigma3_hotel_seed42,HOTEL:biwi_hotel:200:9550,HOTEL,biwi_hotel,biwi_hotel:200,9550,3,1.81544029712677,3.5187249183654785,1.4002232551574707,1.399978756904602,0.365420401096344,0.4254279136657715,1.75,2.01:-9.81;1.99:-9.27;2.06:-8.71;2.13:-8.19;2.13:-7.64;2.14:-7.03;2.12:-6.46;2.13:-5.9,2.2:-5.32;2.15:-4.73;2.04:-4.16;1.96:-3.54;1.85:-2.95;1.79:-2.42;1.78:-1.86;1.68:-1.2;1.73:-0.75;1.86:-0.26;1.79:0.32;1.8:0.86,2.115039:-5.453957;2.058645:-5.117288;1.918695:-4.869219;1.912423:-4.552061;1.87456:-4.272949;1.781325:-4.068137;1.555867:-3.864244;1.670451:-3.565782;1.55422:-3.292462;1.364697:-3.117371;1.460448:-2.837782;1.419703:-2.638113
sigma3_hotel_seed42,HOTEL:biwi_hotel:201:9550,HOTEL,biwi_hotel,biwi_hotel:201,9550,3,1.8517413139343262,3.609595775604248,1.350000023841858,1.3994814157485962,0.38082125782966614,0.5382505059242249,1.5,2.78:-9.95;2.74:-9.37;2.77:-8.83;2.84:-8.3;2.84:-7.75;2.82:-7.15;2.86:-6.58;2.86:-6.04,2.79:-5.45;2.76:-4.87;2.65:-4.31;2.67:-3.65;2.65:-3.15;2.51:-2.62;2.54:-2.01;2.59:-1.45;2.57:-0.92;2.63:-0.36;2.63:0.19;2.54:0.72,2.83215:-5.60362;2.76487:-5.273441;2.618212:-5.031118;2.602533:-4.72405;2.551486:-4.449409;2.444743:-4.253151;2.220275:-4.05091;2.31479:-3.763081;2.186702:-3.493886;1.992855:-3.32076;2.074085:-3.049592;2.023821:-2.852498
sigma3_hotel_seed42,HOTEL:biwi_hotel:180:9560,HOTEL,biwi_hotel,biwi_hotel:180,9560,3,0.03502475842833519,0.05120058357715607,0.0,0.0,0.0,0.0,0.375,-1.09:-6.72;-1.09:-6.72;-1.09:-6.72;-1.09:-6.72;-1.09:-6.72;-1.09:-6.72;-1.09:-6.72;-1.09:-6.72,-1.09:-6.72;-1.11:-6.7;-1.11:-6.7;-1.11:-6.7;-1.11:-6.7;-1.11:-6.7;-1.11:-6.7;-1.11:-6.7;-1.11:-6.7;-1.11:-6.7;-1.11:-6.7;-1.11:-6.7,-1.0887:-6.721407;-1.093122:-6.720292;-1.092866:-6.721094;-1.088596:-6.723379;-1.08597:-6.726933;-1.08873:-6.726594;-1.085519:-6.725557;-1.084949:-6.730925;-1.082309:-6.730599;-1.075793:-6.729442;-1.072802:-6.733671;-1.073158:-6.735555
sigma3_hotel_seed42,HOTEL:biwi_hotel:185:9560,HOTEL,biwi_hotel,biwi_hotel:185,9560,3,0.4114840030670166,0.610020101070404,0.15000000596046448,0.09984082728624344,0.36271634697914124,6.56697940826416,0.0,-0.91:-0.98;-0.91:-0.99;-0.9:-1.03;-0.89:-1.05;-0.88:-1.08;-0.86:-1.08;-0.91:-1;-0.91:-1.06,-0.94:-1.11;-0.94:-1.13;-0.92:-1.12;-0.88:-1.08;-0.89:-0.98;-0.94:-0.95;-0.95:-0.93;-0.9:-1.02;-0.89:-1.05;-0.9:-1.09;-0.9:-1.11;-0.92:-1.11,-0.8983897:-1.132408;-0.891929:-1.193066;-0.8923965:-1.266375;-0.8927556:-1.341673;-0.8886191:-1.397377;-0.8867288:-1.46374;-0.8953066:-1.519218;-0.8990312:-1.570503;-0.8962596:-1.622509;-0.9349765:-1.648018;-0.9303966:-1.691712;-0.9777335:-1.717282
sigma3_hotel_seed42,HOTEL:biwi_hotel:199:9560,HOTEL,biwi_hotel,biwi_hotel:199,9560,3,1.559748649597168,2.5593483448028564,0.6184658408164978,0.34556612372398376,0.6772530674934387,1.6021449565887451,0.875,-0.74:-3.67;-0.61:-3.72;-0.49:-3.89;-0.4:-4.02;-0.31:-4.19;-0.3:-4.21;-0.3:-4.21;-0.06:-4.27,-0.03:-4.27;-0.03:-4.27;-0.03:-4.27;-0.03:-4.27;-0.22:-4.18;-0.19:-4.29;-0.11:-4.16;-0.19:-4.19;-0.09:-4.35;-0.13:-4.4;-0.09:-4.52;0.06:-4.69,0.2021407:-4.261528;0.4720727:-4.214007;0.6941119:-4.246033;0.9313517:-4.213269;1.151134:-4.206372;1.422744:-4.229546;1.623878:-4.231916;1.7907:-4.184228;2.031035:-4.173449;2.236563:-4.193067;2.410984:-4.156116;2.557497:-4.130739
sigma3_hotel_seed42,HOTEL:biwi_hotel:200:9560,HOTEL,biwi_hotel,biwi_hotel:200,9560,3,1.8216933012008667,3.3558459281921387,1.460522174835205,1.4156354665756226,0.33526426553726196,0.3663063049316406,2.0,1.99:-9.27;2.06:-8.71;2.13:-8.19;2.13:-7.64;2.14:-7.03;2.12:-6.46;2.13:-5.9;2.2:-5.32,2.15:-4.73;2.04:-4.16;1.96:-3.54;1.85:-2.95;1.79:-2.42;1.78:-1.86;1.68:-1.2;1.73:-0.75;1.86:-0.26;1.79:0.32;1.8:0.86;1.76:1.26,2.253666:-4.875401;2.272027:-4.543179;2.199082:-4.299047;2.255646:-3.971389;2.28137:-3.701456;2.253197:-3.490919;2.074291:-3.289348;2.262573:-2.988321;2.205629:-2.708611;2.061646:-2.538455;2.217561:-2.253404;2.224391:-2.063559
sigma3_hotel_seed42,HOTEL:biwi_hotel:201:9560,HOTEL,biwi_hotel,biwi_hotel:201,9560,3,1.7112935781478882,3.4339303970336914,1.4853451251983643,1.404038667678833,0.3864469826221466,0.5319875478744507,1.5,2.74:-9.37;2.77:-8.83;2.84:-8.3;2.84:-7.75;2.82:-7.15;2.86:-6.58;2.86:-6.04;2.79:-5.45,2.76:-4.87;2.65:-4.31;2.67:-3.65;2.65:-3.15;2.51:-2.62;2.54:-2.01;2.59:-1.45;2.57:-0.92;2.63:-0.36;2.63:0.19;2.54:0.72;2.55:1.32,2.732198:-4.974881;2.636698:-4.621029;2.448684:-4.346406;2.40773:-4.01677;2.328314:-3.713785;2.195493:-3.498135;1.925534:-3.287742;2.005916:-2.964937;1.85132:-2.676938;1.622939:-2.488874;1.692757:-2.192372;1.617777:-1.984972
sigma3_hotel_seed42,HOTEL:biwi_hotel:180:9570,HOTEL,biwi_hotel,biwi_hotel:180,9570,3,0.024950146675109863,0.05264408141374588,0.0,0.0,0.0,0.0,0.5,-1.09:-6.72;-1.09:-6.72;-1.09:-6.72;-1.09:-6.72;-1.09:-6.72;-1.09:-6.72;-1.09:-6.72;-1.09:-6.72,-1.11:-6.7;-1.11:-6.7;-1.11:-6.7;-1.11:-6.7;-1.11:-6.7;-1.11:-6.7;-1.11:-6.7;-1.11:-6.7;-1.11:-6.7;-1.11:-6.7;-1.11:-6.7;-1.11:-6.7,-1.094066:-6.71948;-1.091145:-6.718881;-1.095641:-6.719724;-1.103189:-6.717269;-1.104499:-6.709312;-1.09492:-6.706686;-1.093897:-6.70573;-1.089255:-6.703275;-1.08358:-6.714888;-1.08572:-6.705393;-1.078975:-6.70444;-1.059213:-6.713861
sigma3_hotel_seed42,HOTEL:biwi_hotel:185:9570,HOTEL,biwi_hotel,biwi_hotel:185,9570,3,0.44025421142578125,0.6953399181365967,0.14577379822731018,0.11709422618150711,0.36271634697914124,6.862420082092285,0.0,-0.91:-0.99;-0.9:-1.03;-0.89:-1.05;-0.88:-1.08;-0.86:-1.08;-0.91:-1;-0.91:-1.06;-0.94:-1.11,-0.94:-1.13;-0.92:-1.12;-0.88:-1.08;-0.89:-0.98;-0.94:-0.95;-0.95:-0.93;-0.9:-1.02;-0.89:-1.05;-0.9:-1.09;-0.9:-1.11;-0.92:-1.11;-0.95:-1.11,-0.9786472:-1.154563;-1.025792:-1.188339;-1.068796:-1.229337;-1.11269:-1.275377;-1.155014:-1.312873;-1.202827:-1.347306;-1.252977:-1.394029;-1.300689:-1.41419;-1.340984:-1.4449;-1.397871:-1.46851;-1.44576:-1.497038;-1.525221:-1.500664
sigma3_hotel_seed42,HOTEL:biwi_hotel:199:9570,HOTEL,biwi_hotel,biwi_hotel:199,9570,3,0.16531413793563843,0.6011268496513367,0.07500000298023224,0.30653616786003113,0.7793232202529907,1.2581640481948853,1.125,-0.61:-3.72;-0.49:-3.89;-0.4:-4.02;-0.31:-4.19;-0.3:-4.21;-0.3:-4.21;-0.06:-4.27;-0.03:-4.27,-0.03:-4.27;-0.03:-4.27;-0.03:-4.27;-0.22:-4.18;-0.19:-4.29;-0.11:-4.16;-0.19:-4.19;-0.09:-4.35;-0.13:-4.4;-0.09:-4.52;0.06:-4.69;0.17:-4.87,-0.04559307:-4.28566;-0.04557192:-4.294285;-0.04545293:-4.285378;-0.05288965:-4.310871;-0.07101892:-4.310024;-0.07256506:-4.320139;-0.07364293:-4.350158;-0.101093:-4.337389;-0.1058659:-4.359585;-0.1179274:-4.351053;-0.1340803:-4.363935;-0.1585023:-4.366572
sigma3_hotel_seed42,HOTEL:biwi_hotel:200:9570,HOTEL,biwi_hotel,biwi_hotel:200,9570,3,1.6293978691101074,3.189401149749756,1.4802870750427246,1.4255485534667969,0.4190308749675751,0.5615028142929077,2.125,2.06:-8.71;2.13:-8.19;2.13:-7.64;2.14:-7.03;2.12:-6.46;2.13:-5.9;2.2:-5.32;2.15:-4.73,2.04:-4.16;1.96:-3.54;1.85:-2.95;1.79:-2.42;1.78:-1.86;1.68:-1.2;1.73:-0.75;1.86:-0.26;1.79:0.32;1.8:0.86;1.76:1.26;1.69:1.89,2.108453:-4.252874;2.037131:-3.901144;1.868328:-3.625175;1.84543:-3.292805;1.779077:-2.990016;1.660355:-2.77539;1.40451:-2.561861;1.501455:-2.240381;1.358923:-1.945306;1.137022:-1.754299;1.225494:-1.454621;1.158615:-1.254823
sigma3_hotel_seed42,HOTEL:biwi_hotel:201:9570,HOTEL,biwi_hotel,biwi_hotel:201,9570,3,1.59190833568573,3.0953528881073,1.4519383907318115,1.4183039665222168,0.3864469826221466,0.5225845575332642,1.625,2.77:-8.83;2.84:-8.3;2.84:-7.75;2.82:-7.15;2.86:-6.58;2.86:-6.04;2.79:-5.45;2.76:-4.87,2.65:-4.31;2.67:-3.65;2.65:-3.15;2.51:-2.62;2.54:-2.01;2.59:-1.45;2.57:-0.92;2.63:-0.36;2.63:0.19;2.54:0.72;2.55:1.32;2.58:1.71,2.748333:-4.384966;2.72599:-4.036385;2.594105:-3.751367;2.608786:-3.412066;2.565081:-3.107434;2.471619:-2.892639;2.242428:-2.67603;2.370532:-2.351424;2.249614:-2.038249;2.04216:-1.842436;2.164911:-1.534841;2.111385:-1.349675
sigma3_hotel_seed42,HOTEL:biwi_hotel:180:9580,HOTEL,biwi_hotel,biwi_hotel:180,9580,3,0.2675638496875763,0.4742773771286011,0.0707106813788414,0.010101525112986565,0.02946278266608715,0.0,0.625,-1.09:-6.72;-1.09:-6.72;-1.09:-6.72;-1.09:-6.72;-1.09:-6.72;-1.09:-6.72;-1.09:-6.72;-1.11:-6.7,-1.11:-6.7;-1.11:-6.7;-1.11:-6.7;-1.11:-6.7;-1.11:-6.7;-1.11:-6.7;-1.11:-6.7;-1.11:-6.7;-1.11:-6.7;-1.11:-6.7;-1.11:-6.7;-1.11:-6.7,-1.153736:-6.695508;-1.195712:-6.68446;-1.23454:-6.668892;-1.298421:-6.655237;-1.330193:-6.653564;-1.355668:-6.62262;-1.410959:-6.642846;-1.42407:-6.615748;-1.442564:-6.631085;-1.500883:-6.618487;-1.532137:-6.616333;-1.576218:-6.612938
sigma3_hotel_seed42,HOTEL:biwi_hotel:185:9580,HOTEL,biwi_hotel,biwi_hotel:185,9580,3,0.17538957297801971,0.268859326839447,0.05000000074505806,0.10951171070337296,0.3860771954059601,7.184170722961426,0.0,-0.9:-1.03;-0.89:-1.05;-0.88:-1.08;-0.86:-1.08;-0.91:-1;-0.91:-1.06;-0.94:-1.11;-0.94:-1.13,-0.92:-1.12;-0.88:-1.08;-0.89:-0.98;-0.94:-0.95;-0.95:-0.93;-0.9:-1.02;-0.89:-1.05;-0.9:-1.09;-0.9:-1.11;-0.92:-1.11;-0.95:-1.11;-0.96:-1.11,-0.9289689:-1.141508;-0.9121174:-1.156679;-0.8993981:-1.158085;-0.8800859:-1.162127;-0.8655179:-1.186852;-0.8580788:-1.173684;-0.8522295:-1.210954;-0.8095775:-1.212022;-0.7933756:-1.220085;-0.7710497:-1.235385;-0.7655501:-1.256865;-0.7460674:-1.272844
sigma3_hotel_seed42,HOTEL:biwi_hotel:200:9580,HOTEL,biwi_hotel,biwi_hotel:200,9580,3,1.6739200353622437,3.2515265941619873,1.4512925148010254,1.4454866647720337,0.40558066964149475,0.5337870121002197,2.125,2.13:-8.19;2.13:-7.64;2.14:-7.03;2.12:-6.46;2.13:-5.9;2.2:-5.32;2.15:-4.73;2.04:-4.16,1.96:-3.54;1.85:-2.95;1.79:-2.42;1.78:-1.86;1.68:-1.2;1.73:-0.75;1.86:-0.26;1.79:0.32;1.8:0.86;1.76:1.26;1.69:1.89;1.7:2.39,1.956219:-3.680513;1.834848:-3.323323;1.620227:-3.044487;1.556309:-2.715617;1.452215:-2.406639;1.295955:-2.191401;1.005471:-1.97918;1.060271:-1.653832;0.883096:-1.365631;0.6352658:-1.174122;0.6840334:-0.8765209;0.5910912:-0.6665905
sigma3_hotel_seed42,HOTEL:biwi_hotel:201:9580,HOTEL,biwi_hotel,biwi_hotel:201,9580,3,1.8114242553710938,3.4416306018829346,1.426753282546997,1.4311963319778442,0.3965105414390564,0.5335502028465271,1.75,2.84:-8.3;2.84:-7.75;2.82:-7.15;2.86:-6.58;2.86:-6.04;2.79:-5.45;2.76:-4.87;2.65:-4.31,2.67:-3.65;2.65:-3.15;2.51:-2.62;2.54:-2.01;2.59:-1.45;2.57:-0.92;2.63:-0.36;2.63:0.19;2.54:0.72;2.55:1.32;2.58:1.71;2.4:2.31,2.543294:-3.82987;2.401264:-3.472643;2.166366:-3.191607;2.083699:-2.867451;1.956757:-2.554201;1.778849:-2.34372;1.475345:-2.12943;1.502937:-1.805812;1.305158:-1.517454;1.040709:-1.322598;1.071141:-1.025916;0.9601216:-0.8159513
sigma3_hotel_seed42,HOTEL:biwi_hotel:180:9590,HOTEL,biwi_hotel,biwi_hotel:180,9590,3,0.05467592179775238,0.07194368541240692,0.0,0.010101525112986565,0.0589255653321743,0.0,0.75,-1.09:-6.72;-1.09:-6.72;-1.09:-6.72;-1.09:-6.72;-1.09:-6.72;-1.09:-6.72;-1.11:-6.7;-1.11:-6.7,-1.11:-6.7;-1.11:-6.7;-1.11:-6.7;-1.11:-6.7;-1.11:-6.7;-1.11:-6.7;-1.11:-6.7;-1.11:-6.7;-1.11:-6.7;-1.11:-6.7;-1.11:-6.7;-1.11:-6.7,-1.122328:-6.701939;-1.129964:-6.70858;-1.141594:-6.712413;-1.157398:-6.71129;-1.164337:-6.713322;-1.173304:-6.707907;-1.175411:-6.717225;-1.169014:-6.721028;-1.171935:-6.728891;-1.174761:-6.732057;-1.176537:-6.738064;-1.16267:-6.749007
sigma3_hotel_seed42,HOTEL:biwi_hotel:185:9590,HOTEL,biwi_hotel,biwi_hotel:185,9590,3,0.14510801434516907,0.21531952917575836,0.055901698768138885,0.10951171070337296,0.41321834921836853,9.076717376708984,0.0,-0.89:-1.05;-0.88:-1.08;-0.86:-1.08;-0.91:-1;-0.91:-1.06;-0.94:-1.11;-0.94:-1.13;-0.92:-1.12,-0.88:-1.08;-0.89:-0.98;-0.94:-0.95;-0.95:-0.93;-0.9:-1.02;-0.89:-1.05;-0.9:-1.09;-0.9:-1.11;-0.92:-1.11;-0.95:-1.11;-0.96:-1.11;-0.94:-1.11,-0.9133829:-1.119542;-0.8896408:-1.120822;-0.8672042:-1.098988;-0.8480278:-1.103361;-0.8392782:-1.104298;-0.8261399:-1.090912;-0.8059064:-1.115677;-0.7840308:-1.103075;-0.7672626:-1.109182;-0.7501189:-1.099573;-0.7398911:-1.112331;-0.7250291:-1.122248
sigma3_hotel_seed42,HOTEL:biwi_hotel:200:9590,HOTEL,biwi_hotel,biwi_hotel:200,9590,3,1.5266848802566528,3.0748188495635986,1.562849998474121,1.4723223447799683,0.40295764803886414,0.5797106623649597,2.0,2.13:-7.64;2.14:-7.03;2.12:-6.46;2.13:-5.9;2.2:-5.32;2.15:-4.73;2.04:-4.16;1.96:-3.54,1.85:-2.95;1.79:-2.42;1.78:-1.86;1.68:-1.2;1.73:-0.75;1.86:-0.26;1.79:0.32;1.8:0.86;1.76:1.26;1.69:1.89;1.7:2.39;1.75:2.94,1.869052:-3.031434;1.73895:-2.655462;1.504366:-2.351905;1.434278:-2.002329;1.324318:-1.67419;1.165408:-1.439257;0.8466932:-1.227144;0.9087034:-0.8681388;0.7271507:-0.5680518;0.4694616:-0.3713062;0.5181516:-0.05328989;0.4202533:0.1675851
sigma3_hotel_seed42,HOTEL:biwi_hotel:201:9590,HOTEL,biwi_hotel,biwi_hotel:201,9590,3,1.3776394128799438,2.862853765487671,1.6507574319839478,1.4705902338027954,0.5112611055374146,0.7244821190834045,1.625,2.84:-7.75;2.82:-7.15;2.86:-6.58;2.86:-6.04;2.79:-5.45;2.76:-4.87;2.65:-4.31;2.67:-3.65,2.65:-3.15;2.51:-2.62;2.54:-2.01;2.59:-1.45;2.57:-0.92;2.63:-0.36;2.63:0.19;2.54:0.72;2.55:1.32;2.58:1.71;2.4:2.31;2.49:2.87,2.648982:-3.140522;2.58227:-2.763264;2.409851:-2.46302;2.397877:-2.098203;2.357361:-1.780972;2.263561:-1.530584;1.984502:-1.324471;2.129113:-0.9575088;2.01007:-0.6555796;1.802792:-0.4680178;1.908708:-0.1453366;1.864186:0.07638431
sigma3_hotel_seed42,HOTEL:biwi_hotel:203:9590,HOTEL,biwi_hotel,biwi_hotel:203,9590,3,1.7230254411697388,3.8296797275543213,1.1918997764587402,1.2087547779083252,0.588610827922821,1.0827000141143799,0.875,0.94:4.05;1.04:3.55;0.95:3.07;0.91:2.62;0.93:2.13;0.85:1.67;0.83:1.17;0.75:0.7,0.58:0.17;0.6:-0.43;0.54:-0.97;0.59:-1.54;0.72:-2.08;0.76:-2.7;0.93:-3.24;0.97:-3.69;0.98:-4.37;1.11:-4.98;1.07:-5.54;1.11:-6.12,0.6198127:0.2661264;0.4778017:-0.1822523;0.2938626:-0.6058363;0.2312316:-0.9656031;0.05788058:-1.327466;-0.1386303:-1.674447;-0.374495:-1.900461;-0.5212451:-2.241388;-0.7524962:-2.428708;-0.9118996:-2.711533;-1.103404:-2.932976;-1.311005:-3.152647
sigma3_hotel_seed42,HOTEL:biwi_hotel:180:9600,HOTEL,biwi_hotel,biwi_hotel:180,9600,3,0.07899748533964157,0.12913638353347778,0.0,0.010101525112986565,0.0589255653321743,0.0,0.875,-1.09:-6.72;-1.09:-6.72;-1.09:-6.72;-1.09:-6.72;-1.09:-6.72;-1.11:-6.7;-1.11:-6.7;-1.11:-6.7,-1.11:-6.7;-1.11:-6.7;-1.11:-6.7;-1.11:-6.7;-1.11:-6.7;-1.11:-6.7;-1.11:-6.7;-1.11:-6.7;-1.11:-6.7;-1.11:-6.7;-1.11:-6.7;-1.11:-6.7,-1.123389:-6.707021;-1.128301:-6.718368;-1.14273:-6.727096;-1.162753:-6.730423;-1.173735:-6.733075;-1.179979:-6.736113;-1.187271:-6.747401;-1.191568:-6.749993;-1.193822:-6.759596;-1.205872:-6.76472;-1.208441:-6.766865;-1.209635:-6.782153
sigma3_hotel_seed42,HOTEL:biwi_hotel:185:9600,HOTEL,biwi_hotel,biwi_hotel:185,9600,3,0.2913624048233032,0.39509817957878113,0.1414213627576828,0.11842091381549835,0.4178357720375061,8.149422645568848,0.125,-0.88:-1.08;-0.86:-1.08;-0.91:-1;-0.91:-1.06;-0.94:-1.11;-0.94:-1.13;-0.92:-1.12;-0.88:-1.08,-0.89:-0.98;-0.94:-0.95;-0.95:-0.93;-0.9:-1.02;-0.89:-1.05;-0.9:-1.09;-0.9:-1.11;-0.92:-1.11;-0.95:-1.11;-0.96:-1.11;-0.94:-1.11;-0.94:-1.11,-0.8366325:-1.092575;-0.7889095:-1.083501;-0.7525603:-1.100874;-0.7192573:-1.112729;-0.6896812:-1.120333;-0.6430966:-1.141832;-0.6099136:-1.163286;-0.6077197:-1.152566;-0.5618629:-1.161577;-0.5453728:-1.165553;-0.5275261:-1.167151;-0.5480022:-1.1594
sigma3_hotel_seed42,HOTEL:biwi_hotel:203:9600,HOTEL,biwi_hotel,biwi_hotel:203,9600,3,2.355616807937622,4.697598457336426,1.3914920091629028,1.2254314422607422,0.5022741556167603,0.841746985912323,1.25,1.04:3.55;0.95:3.07;0.91:2.62;0.93:2.13;0.85:1.67;0.83:1.17;0.75:0.7;0.58:0.17,0.6:-0.43;0.54:-0.97;0.59:-1.54;0.72:-2.08;0.76:-2.7;0.93:-3.24;0.97:-3.69;0.98:-4.37;1.11:-4.98;1.07:-5.54;1.11:-6.12;1.1:-6.67,0.3282168:-0.3126191;0.068941:-0.8155114;-0.2363601:-1.284899;-0.3961441:-1.676854;-0.6909656:-2.083672;-1.01361:-2.464887;-1.363522:-2.705588;-1.621792:-3.092764;-1.975772:-3.284934;-2.22192:-3.608742;-2.532855:-3.855752;-2.837582:-4.108187
sigma3_hotel_seed42,HOTEL:biwi_hotel:180:9610,HOTEL,biwi_hotel,biwi_hotel:180,9610,3,0.018293049186468124,0.017306258901953697,0.0,0.010101525112986565,0.0589255653321743,0.0,1.0,-1.09:-6.72;-1.09:-6.72;-1.09:-6.72;-1.09:-6.72;-1.11:-6.7;-1.11:-6.7;-1.11:-6.7;-1.11:-6.7,-1.11:-6.7;-1.11:-6.7;-1.11:-6.7;-1.11:-6.7;-1.11:-6.7;-1.11:-6.7;-1.11:-6.7;-1.11:-6.7;-1.11:-6.7;-1.11:-6.7;-1.11:-6.7;-1.11:-6.7,-1.115248:-6.698834;-1.111027:-6.697859;-1.117168:-6.699038;-1.127551:-6.695417;-1.132309:-6.685403;-1.122851:-6.685417;-1.123887:-6.684347;-1.127209:-6.677809;-1.122277:-6.686772;-1.127413:-6.67973;-1.123294:-6.673986;-1.11211:-6.682823
sigma3_hotel_seed42,HOTEL:biwi_hotel:185:9610,HOTEL,biwi_hotel,biwi_hotel:185,9610,3,0.32237398624420166,0.5241290330886841,0.2512468993663788,0.14717046916484833,0.3884618580341339,6.905093669891357,0.25,-0.86:-1.08;-0.91:-1;-0.91:-1.06;-0.94:-1.11;-0.94:-1.13;-0.92:-1.12;-0.88:-1.08;-0.89:-0.98,-0.94:-0.95;-0.95:-0.93;-0.9:-1.02;-0.89:-1.05;-0.9:-1.09;-0.9:-1.11;-0.92:-1.11;-0.95:-1.11;-0.96:-1.11;-0.94:-1.11;-0.94:-1.11;-0.94:-1.11,-0.8869871:-0.934517;-0.8864076:-0.8737831;-0.8769587:-0.8511665;-0.8829768:-0.8142646;-0.8852369:-0.7895443;-0.8976817:-0.7631585;-0.9004779:-0.7391742;-0.8960184:-0.713107;-0.9053481:-0.6843312;-0.9450583:-0.6436857;-0.9441666:-0.6270621;-0.9754973:-0.5870745
sigma3_hotel_seed42,HOTEL:biwi_hotel:203:9610,HOTEL,biwi_hotel,biwi_hotel:203,9610,3,1.1384755373001099,2.4979188442230225,1.5008331537246704,1.2654203176498413,0.652456521987915,1.0887633562088013,1.125,0.95:3.07;0.91:2.62;0.93:2.13;0.85:1.67;0.83:1.17;0.75:0.7;0.58:0.17;0.6:-0.43,0.54:-0.97;0.59:-1.54;0.72:-2.08;0.76:-2.7;0.93:-3.24;0.97:-3.69;0.98:-4.37;1.11:-4.98;1.07:-5.54;1.11:-6.12;1.1:-6.67;0.96:-7.35,0.5478604:-1.008709;0.474316:-1.617424;0.3278721:-2.199182;0.3568309:-2.663946;0.2387756:-3.161383;0.08529812:-3.621859;-0.1418819:-3.932418;-0.2161395:-4.385612;-0.4189409:-4.625722;-0.5175611:-5.037476;-0.6754522:-5.323849;-0.8484014:-5.626839
sigma3_hotel_seed42,HOTEL:biwi_hotel:204:9610,HOTEL,biwi_hotel,biwi_hotel:204,9610,3,0.6772624850273132,1.3344615697860718,0.36055514216423035,0.47912347316741943,1.0337287187576294,1.923852562904358,2.125,-0.12:-5.85;-0.12:-5.85;-0.43:-6.03;-0.62:-6.04;-0.9:-5.92;-1.1:-5.88;-1.24:-5.88;-1.36:-5.8,-1.45:-5.69;-1.46:-5.68;-1.46:-5.68;-1.44:-5.68;-1.44:-5.68;-1.44:-5.68;-1.44:-5.68;-1.44:-5.68;-1.44:-5.68;-1.44:-5.68;-1.44:-5.68;-1.44:-5.68,-1.47793:-5.779627;-1.600845:-5.759513;-1.695428:-5.734185;-1.803314:-5.769668;-1.915287:-5.744159;-2.050591:-5.754909;-2.160132:-5.745843;-2.254624:-5.750703;-2.3894:-5.761304;-2.575291:-5.681993;-2.637423:-5.694836;-2.774391:-5.666288
sigma3_hotel_seed42,HOTEL:biwi_hotel:180:9620,HOTEL,biwi_hotel,biwi_hotel:180,9620,3,0.1221628412604332,0.2433110475540161,0.0,0.010101525112986565,0.0589255653321743,0.0,1.0,-1.09:-6.72;-1.09:-6.72;-1.09:-6.72;-1.11:-6.7;-1.11:-6.7;-1.11:-6.7;-1.11:-6.7;-1.11:-6.7,-1.11:-6.7;-1.11:-6.7;-1.11:-6.7;-1.11:-6.7;-1.11:-6.7;-1.11:-6.7;-1.11:-6.7;-1.11:-6.7;-1.11:-6.7;-1.11:-6.7;-1.11:-6.7;-1.11:-6.7,-1.101934:-6.71318;-1.079022:-6.729481;-1.064443:-6.722485;-1.051087:-6.729413;-1.03746:-6.745715;-1.017713:-6.732147;-1.010466:-6.76987;-0.9728428:-6.763724;-0.949038:-6.780957;-0.9327747:-6.785551;-0.9223228:-6.803845;-0.902099:-6.826402
sigma3_hotel_seed42,HOTEL:biwi_hotel:185:9620,HOTEL,biwi_hotel,biwi_hotel:185,9620,3,0.29135963320732117,0.5157653093338013,0.14577379822731018,0.1343025118112564,0.31758883595466614,5.252808570861816,0.375,-0.91:-1;-0.91:-1.06;-0.94:-1.11;-0.94:-1.13;-0.92:-1.12;-0.88:-1.08;-0.89:-0.98;-0.94:-0.95,-0.95:-0.93;-0.9:-1.02;-0.89:-1.05;-0.9:-1.09;-0.9:-1.11;-0.92:-1.11;-0.95:-1.11;-0.96:-1.11;-0.94:-1.11;-0.94:-1.11;-0.94:-1.11;-0.94:-1.11,-0.9712483:-0.9452677;-1.009884:-0.9325381;-1.039514:-0.9423772;-1.079315:-0.9423152;-1.112559:-0.9501743;-1.162758:-0.9489689;-1.20396:-0.9578042;-1.225218:-0.9586636;-1.267329:-0.9548176;-1.332331:-0.9467269;-1.363239:-0.9526754;-1.424692:-0.9336839
sigma3_hotel_seed42,HOTEL:biwi_hotel:203:9620,HOTEL,biwi_hotel,biwi_hotel:203,9620,3,1.9481266736984253,3.898484706878662,1.3583077192306519,1.2981163263320923,0.6815075278282166,1.1032919883728027,1.125,0.91:2.62;0.93:2.13;0.85:1.67;0.83:1.17;0.75:0.7;0.58:0.17;0.6:-0.43;0.54:-0.97,0.59:-1.54;0.72:-2.08;0.76:-2.7;0.93:-3.24;0.97:-3.69;0.98:-4.37;1.11:-4.98;1.07:-5.54;1.11:-6.12;1.1:-6.67;0.96:-7.35;0.98:-8,0.387994:-1.45553;0.2236118:-1.959804;0.01031685:-2.435215;-0.06352091:-2.831637;-0.2633278:-3.240509;-0.4904245:-3.625322;-0.7594472:-3.876401;-0.9266114:-4.260017;-1.190331:-4.463196;-1.363856:-4.788364;-1.586694:-5.035112;-1.818133:-5.285478
sigma3_hotel_seed42,HOTEL:biwi_hotel:204:9620,HOTEL,biwi_hotel,biwi_hotel:204,9620,3,0.670279324054718,1.244006872177124,0.35531675815582275,0.5298830270767212,0.7045177221298218,2.220916748046875,2.0,-0.12:-5.85;-0.43:-6.03;-0.62:-6.04;-0.9:-5.92;-1.1:-5.88;-1.24:-5.88;-1.36:-5.8;-1.45:-5.69,-1.46:-5.68;-1.46:-5.68;-1.44:-5.68;-1.44:-5.68;-1.44:-5.68;-1.44:-5.68;-1.44:-5.68;-1.44:-5.68;-1.44:-5.68;-1.44:-5.68;-1.44:-5.68;-1.44:-5.68,-1.54106:-5.616518;-1.63366:-5.536849;-1.682911:-5.469289;-1.765726:-5.43515;-1.851262:-5.38377;-1.970578:-5.337047;-2.041784:-5.287831;-2.100291:-5.260447;-2.213663:-5.22036;-2.360892:-5.121962;-2.410617:-5.108469;-2.512419:-5.049546
sigma3_hotel_seed42,HOTEL:biwi_hotel:180:9630,HOTEL,biwi_hotel,biwi_hotel:180,9630,3,0.060516178607940674,0.10576567053794861,0.0,0.010101525112986565,0.0589255653321743,0.0,1.0,-1.09:-6.72;-1.09:-6.72;-1.11:-6.7;-1.11:-6.7;-1.11:-6.7;-1.11:-6.7;-1.11:-6.7;-1.11:-6.7,-1.11:-6.7;-1.11:-6.7;-1.11:-6.7;-1.11:-6.7;-1.11:-6.7;-1.11:-6.7;-1.11:-6.7;-1.11:-6.7;-1.11:-6.7;-1.11:-6.7;-1.11:-6.7;-1.11:-6.7,-1.121003:-6.710443;-1.119981:-6.72357;-1.128331:-6.727115;-1.139906:-6.735137;-1.147405:-6.738433;-1.145454:-6.739385;-1.147719:-6.756884;-1.145637:-6.757818;-1.143113:-6.774482;-1.146724:-6.77552;-1.14844:-6.784145;-1.138734:-6.801787
sigma3_hotel_seed42,HOTEL:biwi_hotel:185:9630,HOTEL,biwi_hotel,biwi_hotel:185,9630,3,0.2407199889421463,0.3938256800174713,0.055901698768138885,0.12085989117622375,0.3275974690914154,5.279118061065674,0.5,-0.91:-1.06;-0.94:-1.11;-0.94:-1.13;-0.92:-1.12;-0.88:-1.08;-0.89:-0.98;-0.94:-0.95;-0.95:-0.93,-0.9:-1.02;-0.89:-1.05;-0.9:-1.09;-0.9:-1.11;-0.92:-1.11;-0.95:-1.11;-0.96:-1.11;-0.94:-1.11;-0.94:-1.11;-0.94:-1.11;-0.94:-1.11;-0.94:-1.11,-0.9750978:-0.9439575;-1.006694:-0.951037;-1.038358:-0.97024;-1.072373:-0.9764985;-1.097585:-1.000965;-1.131187:-1.001511;-1.171999:-1.032366;-1.18685:-1.033097;-1.208784:-1.040497;-1.245973:-1.058257;-1.279778:-1.070329;-1.33166:-1.068758
sigma3_hotel_seed42,HOTEL:biwi_hotel:203:9630,HOTEL,biwi_hotel,biwi_hotel:203,9630,3,1.3672727346420288,2.9273972511291504,1.4304718971252441,1.3273236751556396,0.6915225982666016,1.088460087776184,1.375,0.93:2.13;0.85:1.67;0.83:1.17;0.75:0.7;0.58:0.17;0.6:-0.43;0.54:-0.97;0.59:-1.54,0.72:-2.08;0.76:-2.7;0.93:-3.24;0.97:-3.69;0.98:-4.37;1.11:-4.98;1.07:-5.54;1.11:-6.12;1.1:-6.67;0.96:-7.35;0.98:-8;0.93:-8.56,0.5476623:-2.048378;0.4899037:-2.579446;0.3723743:-3.083786;0.3994765:-3.499488;0.2995617:-3.93041;0.1714066:-4.337087;-0.01862216:-4.610233;-0.08489573:-5.006839;-0.2579513:-5.22456;-0.3529693:-5.570645;-0.4827351:-5.824829;-0.6390929:-6.088644
sigma3_hotel_seed42,HOTEL:biwi_hotel:204:9630,HOTEL,biwi_hotel,biwi_hotel:204,9630,3,0.19475357234477997,0.37355315685272217,0.0353553406894207,0.40690913796424866,0.6211593747138977,1.8471020460128784,1.75,-0.43:-6.03;-0.62:-6.04;-0.9:-5.92;-1.1:-5.88;-1.24:-5.88;-1.36:-5.8;-1.45:-5.69;-1.46:-5.68,-1.46:-5.68;-1.44:-5.68;-1.44:-5.68;-1.44:-5.68;-1.44:-5.68;-1.44:-5.68;-1.44:-5.68;-1.44:-5.68;-1.44:-5.68;-1.44:-5.68;-1.44:-5.68;-1.44:-5.68,-1.493527:-5.679833;-1.513146:-5.671197;-1.527506:-5.647239;-1.560885:-5.656034;-1.593168:-5.646309;-1.611993:-5.638063;-1.636099:-5.660814;-1.671769:-5.633698;-1.690053:-5.647204;-1.7319:-5.625994;-1.75929:-5.629103;-1.808972:-5.621678
sigma3_hotel_seed42,HOTEL:biwi_hotel:180:9640,HOTEL,biwi_hotel,biwi_hotel:180,9640,3,0.011994938366115093,0.039755191653966904,0.0,0.010101525112986565,0.02946278266608715,0.0,1.0,-1.09:-6.72;-1.11:-6.7;-1.11:-6.7;-1.11:-6.7;-1.11:-6.7;-1.11:-6.7;-1.11:-6.7;-1.11:-6.7,-1.11:-6.7;-1.11:-6.7;-1.11:-6.7;-1.11:-6.7;-1.11:-6.7;-1.11:-6.7;-1.11:-6.7;-1.11:-6.7;-1.11:-6.7;-1.11:-6.7;-1.11:-6.7;-1.11:-6.7,-1.116439:-6.702857;-1.11185:-6.705208;-1.115651:-6.702397;-1.122031:-6.703537;-1.124733:-6.698224;-1.113842:-6.693816;-1.112386:-6.701171;-1.106569:-6.697062;-1.099502:-6.712782;-1.099301:-6.703268;-1.095996:-6.707553;-1.075835:-6.720327
sigma3_hotel_seed42,HOTEL:biwi_hotel:185:9640,HOTEL,biwi_hotel,biwi_hotel:185,9640,3,0.4517819583415985,0.722137987613678,0.2573907673358917,0.13680517673492432,0.4139237403869629,7.836840629577637,0.625,-0.94:-1.11;-0.94:-1.13;-0.92:-1.12;-0.88:-1.08;-0.89:-0.98;-0.94:-0.95;-0.95:-0.93;-0.9:-1.02,-0.89:-1.05;-0.9:-1.09;-0.9:-1.11;-0.92:-1.11;-0.95:-1.11;-0.96:-1.11;-0.94:-1.11;-0.94:-1.11;-0.94:-1.11;-0.94:-1.11;-0.94:-1.11;-0.94:-1.11,-0.8317451:-1.077813;-0.7596941:-1.114579;-0.7063113:-1.174397;-0.6524965:-1.232016;-0.6002167:-1.269109;-0.5285857:-1.33143;-0.4807102:-1.377057;-0.4580833:-1.403196;-0.3935803:-1.446474;-0.3742729:-1.466026;-0.3302586:-1.491771;-0.3383746:-1.509412
sigma3_hotel_seed42,HOTEL:biwi_hotel:203:9640,HOTEL,biwi_hotel,biwi_hotel:203,9640,3,1.352669596672058,3.1212382316589355,1.3885693550109863,1.3589390516281128,0.7054070234298706,1.1049978733062744,1.625,0.85:1.67;0.83:1.17;0.75:0.7;0.58:0.17;0.6:-0.43;0.54:-0.97;0.59:-1.54;0.72:-2.08,0.76:-2.7;0.93:-3.24;0.97:-3.69;0.98:-4.37;1.11:-4.98;1.07:-5.54;1.11:-6.12;1.1:-6.67;0.96:-7.35;0.98:-8;0.93:-8.56;0.94:-9.19,0.8860041:-2.524985;1.023032:-2.998675;1.079801:-3.471657;1.285881:-3.839585;1.381269:-4.224351;1.454232:-4.600878;1.413567:-4.864042;1.544425:-5.195892;1.556297:-5.397758;1.611502:-5.725852;1.669833:-5.933183;1.676356:-6.156865
sigma3_hotel_seed42,HOTEL:biwi_hotel:204:9640,HOTEL,biwi_hotel,biwi_hotel:204,9640,3,0.09107494354248047,0.14078254997730255,0.0,0.33895808458328247,0.47118881344795227,1.38962721824646,1.75,-0.62:-6.04;-0.9:-5.92;-1.1:-5.88;-1.24:-5.88;-1.36:-5.8;-1.45:-5.69;-1.46:-5.68;-1.46:-5.68,-1.44:-5.68;-1.44:-5.68;-1.44:-5.68;-1.44:-5.68;-1.44:-5.68;-1.44:-5.68;-1.44:-5.68;-1.44:-5.68;-1.44:-5.68;-1.44:-5.68;-1.44:-5.68;-1.44:-5.68,-1.475889:-5.686386;-1.484847:-5.690001;-1.49568:-5.680492;-1.52005:-5.677861;-1.527563:-5.686681;-1.528453:-5.664363;-1.553339:-5.697233;-1.539304:-5.678302;-1.53592:-5.697018;-1.55443:-5.696649;-1.566808:-5.705262;-1.577171:-5.711684
sigma3_hotel_seed42,HOTEL:biwi_hotel:180:9650,HOTEL,biwi_hotel,biwi_hotel:180,9650,3,0.01065440010279417,0.024860510602593422,0.0,0.0,0.0,0.0,1.0,-1.11:-6.7;-1.11:-6.7;-1.11:-6.7;-1.11:-6.7;-1.11:-6.7;-1.11:-6.7;-1.11:-6.7;-1.11:-6.7,-1.11:-6.7;-1.11:-6.7;-1.11:-6.7;-1.11:-6.7;-1.11:-6.7;-1.11:-6.7;-1.11:-6.7;-1.11:-6.7;-1.11:-6.7;-1.11:-6.7;-1.11:-6.7;-1.11:-6.7,-1.108649:-6.701382;-1.113201:-6.700099;-1.112777:-6.700887;-1.108409:-6.70341;-1.10556:-6.706852;-1.108328:-6.70656;-1.104527:-6.705237;-1.103762:-6.711102;-1.101028:-6.711044;-1.094403:-6.709359;-1.091083:-6.713967;-1.09081:-6.715805
sigma3_hotel_seed42,HOTEL:biwi_hotel:185:9650,HOTEL,biwi_hotel,biwi_hotel:185,9650,3,0.21724504232406616,0.48325875401496887,0.07905694097280502,0.14095616340637207,0.45148158073425293,5.987744331359863,0.625,-0.94:-1.13;-0.92:-1.12;-0.88:-1.08;-0.89:-0.98;-0.94:-0.95;-0.95:-0.93;-0.9:-1.02;-0.89:-1.05,-0.9:-1.09;-0.9:-1.11;-0.92:-1.11;-0.95:-1.11;-0.96:-1.11;-0.94:-1.11;-0.94:-1.11;-0.94:-1.11;-0.94:-1.11;-0.94:-1.11;-0.94:-1.11;-0.94:-1.11,-0.9322542:-1.073974;-0.9637276:-1.088639;-0.9916329:-1.089378;-1.027675:-1.125293;-1.073704:-1.137159;-1.11133:-1.156768;-1.144019:-1.194107;-1.203136:-1.190129;-1.235424:-1.209943;-1.286814:-1.206012;-1.328368:-1.224061;-1.408719:-1.22765
sigma3_hotel_seed42,HOTEL:biwi_hotel:203:9650,HOTEL,biwi_hotel,biwi_hotel:203,9650,3,0.9518985152244568,2.238772392272949,1.553222417831421,1.4021137952804565,0.7609631419181824,1.1481980085372925,1.75,0.83:1.17;0.75:0.7;0.58:0.17;0.6:-0.43;0.54:-0.97;0.59:-1.54;0.72:-2.08;0.76:-2.7,0.93:-3.24;0.97:-3.69;0.98:-4.37;1.11:-4.98;1.07:-5.54;1.11:-6.12;1.1:-6.67;0.96:-7.35;0.98:-8;0.93:-8.56;0.94:-9.19;0.93:-9.81,0.7544183:-3.27733;0.7291797:-3.887951;0.6123059:-4.479927;0.6875349:-4.938371;0.6057132:-5.434856;0.5012305:-5.903076;0.2942231:-6.218616;0.255033:-6.657585;0.08866894:-6.894934;0.03042907:-7.323375;-0.09719265:-7.596277;-0.2355717:-7.898576
sigma3_hotel_seed42,HOTEL:biwi_hotel:204:9650,HOTEL,biwi_hotel,biwi_hotel:204,9650,3,0.030375519767403603,0.05657406896352768,0.05000000074505806,0.23730416595935822,0.37417101860046387,3.538325548171997,1.75,-0.9:-5.92;-1.1:-5.88;-1.24:-5.88;-1.36:-5.8;-1.45:-5.69;-1.46:-5.68;-1.46:-5.68;-1.44:-5.68,-1.44:-5.68;-1.44:-5.68;-1.44:-5.68;-1.44:-5.68;-1.44:-5.68;-1.44:-5.68;-1.44:-5.68;-1.44:-5.68;-1.44:-5.68;-1.44:-5.68;-1.44:-5.68;-1.44:-5.68,-1.445754:-5.676489;-1.438028:-5.67652;-1.432937:-5.661978;-1.434027:-5.661413;-1.435255:-5.658181;-1.43438:-5.646729;-1.423417:-5.659508;-1.412712:-5.653753;-1.406071:-5.65839;-1.402518:-5.648922;-1.396955:-5.656374;-1.384817:-5.66753
sigma3_hotel_seed42,HOTEL:biwi_hotel:180:9660,HOTEL,biwi_hotel,biwi_hotel:180,9660,3,0.006191708613187075,0.01872735656797886,0.0,0.0,0.0,0.0,1.0,-1.11:-6.7;-1.11:-6.7;-1.11:-6.7;-1.11:-6.7;-1.11:-6.7;-1.11:-6.7;-1.11:-6.7;-1.11:-6.7,-1.11:-6.7;-1.11:-6.7;-1.11:-6.7;-1.11:-6.7;-1.11:-6.7;-1.11:-6.7;-1.11:-6.7;-1.11:-6.7;-1.11:-6.7;-1.11:-6.7;-1.11:-6.7;-1.11:-6.7,-1.110246:-6.701133;-1.112979:-6.699944;-1.113984:-6.700689;-1.113804:-6.70204;-1.112418:-6.702062;-1.11166:-6.701575;-1.108627:-6.700887;-1.108825:-6.703371;-1.104877:-6.706585;-1.100718:-6.70357;-1.097185:-6.705919;-1.093615:-6.709069
sigma3_hotel_seed42,HOTEL:biwi_hotel:185:9660,HOTEL,biwi_hotel,biwi_hotel:185,9660,3,0.08233769983053207,0.14209453761577606,0.10307764261960983,0.14769558608531952,0.4372161328792572,6.232723236083984,0.625,-0.92:-1.12;-0.88:-1.08;-0.89:-0.98;-0.94:-0.95;-0.95:-0.93;-0.9:-1.02;-0.89:-1.05;-0.9:-1.09,-0.9:-1.11;-0.92:-1.11;-0.95:-1.11;-0.96:-1.11;-0.94:-1.11;-0.94:-1.11;-0.94:-1.11;-0.94:-1.11;-0.94:-1.11;-0.94:-1.11;-0.94:-1.11;-0.94:-1.11,-0.903098:-1.102112;-0.8922781:-1.116168;-0.8859746:-1.111034;-0.8811573:-1.124977;-0.8817027:-1.134469;-0.8775173:-1.132941;-0.8695652:-1.161584;-0.8595425:-1.160618;-0.8508449:-1.174814;-0.8445871:-1.175096;-0.8428635:-1.191696;-0.8378841:-1.208809
sigma3_hotel_seed42,HOTEL:biwi_hotel:204:9660,HOTEL,biwi_hotel,biwi_hotel:204,9660,3,0.12551985681056976,0.22326304018497467,0.0,0.16446103155612946,0.3198886811733246,3.3409299850463867,1.75,-1.1:-5.88;-1.24:-5.88;-1.36:-5.8;-1.45:-5.69;-1.46:-5.68;-1.46:-5.68;-1.44:-5.68;-1.44:-5.68,-1.44:-5.68;-1.44:-5.68;-1.44:-5.68;-1.44:-5.68;-1.44:-5.68;-1.44:-5.68;-1.44:-5.68;-1.44:-5.68;-1.44:-5.68;-1.44:-5.68;-1.44:-5.68;-1.44:-5.68,-1.466655:-5.682554;-1.481547:-5.687589;-1.498051:-5.678671;-1.52356:-5.684884;-1.544989:-5.687252;-1.566209:-5.681525;-1.578188:-5.697837;-1.590227:-5.696951;-1.601577:-5.703694;-1.626856:-5.695123;-1.637926:-5.704609;-1.659908:-5.718558
sigma3_hotel_seed42,HOTEL:biwi_hotel:206:9660,HOTEL,biwi_hotel,biwi_hotel:206,9660,3,1.8853269815444946,4.710268020629883,1.7016535997390747,1.397027850151062,0.49745702743530273,0.5724747776985168,1.5,1.26:3.88;1.24:3.45;1.16:2.94;1.14:2.42;1.08:1.84;1.11:1.24;1.1:0.66;1.13:-0.02,1.26:-0.53;1.29:-1.2;1.45:-1.82;1.55:-2.44;1.7:-3.03;1.87:-3.61;2:-4.29;2.26:-4.91;2.6:-5.41;3.03:-5.99;3.4:-6.47;4:-7.19,1.071138:-0.6590219;0.9918324:-1.334656;0.8212393:-1.982579;0.8566704:-2.487176;0.7209579:-3.039032;0.5526457:-3.548533;0.2928054:-3.890983;0.2066143:-4.386466;-0.01993442:-4.643463;-0.1171887:-5.114367;-0.3015425:-5.423091;-0.4885539:-5.761887
sigma3_hotel_seed42,HOTEL:biwi_hotel:180:9670,HOTEL,biwi_hotel,biwi_hotel:180,9670,3,0.010511216707527637,0.026164930313825607,0.0,0.0,0.0,0.0,1.0,-1.11:-6.7;-1.11:-6.7;-1.11:-6.7;-1.11:-6.7;-1.11:-6.7;-1.11:-6.7;-1.11:-6.7;-1.11:-6.7,-1.11:-6.7;-1.11:-6.7;-1.11:-6.7;-1.11:-6.7;-1.11:-6.7;-1.11:-6.7;-1.11:-6.7;-1.11:-6.7;-1.11:-6.7;-1.11:-6.7;-1.11:-6.7;-1.11:-6.7,-1.109039:-6.701297;-1.113488:-6.700817;-1.113609:-6.70237;-1.111384:-6.704093;-1.108675:-6.706783;-1.111358:-6.706295;-1.106925:-6.705807;-1.106089:-6.710723;-1.103007:-6.711239;-1.095686:-6.711517;-1.092426:-6.715126;-1.089979:-6.716845
sigma3_hotel_seed42,HOTEL:biwi_hotel:185:9670,HOTEL,biwi_hotel,biwi_hotel:185,9670,3,0.13287679851055145,0.301315039396286,0.05000000074505806,0.13463538885116577,0.37915173172950745,5.592635154724121,0.625,-0.88:-1.08;-0.89:-0.98;-0.94:-0.95;-0.95:-0.93;-0.9:-1.02;-0.89:-1.05;-0.9:-1.09;-0.9:-1.11,-0.92:-1.11;-0.95:-1.11;-0.96:-1.11;-0.94:-1.11;-0.94:-1.11;-0.94:-1.11;-0.94:-1.11;-0.94:-1.11;-0.94:-1.11;-0.94:-1.11;-0.94:-1.11;-0.97:-1.03,-0.8994245:-1.12714;-0.8832295:-1.14651;-0.8768615:-1.14255;-0.8728079:-1.153592;-0.8663297:-1.171042;-0.8511824:-1.161737;-0.8509775:-1.200181;-0.8234986:-1.19663;-0.8039021:-1.217184;-0.7977749:-1.221075;-0.7921528:-1.240031;-0.7828856:-1.266176
sigma3_hotel_seed42,HOTEL:biwi_hotel:204:9670,HOTEL,biwi_hotel,biwi_hotel:204,9670,3,0.20271088182926178,0.39205461740493774,0.0,0.1144610345363617,0.2339906543493271,2.752927303314209,1.75,-1.24:-5.88;-1.36:-5.8;-1.45:-5.69;-1.46:-5.68;-1.46:-5.68;-1.44:-5.68;-1.44:-5.68;-1.44:-5.68,-1.44:-5.68;-1.44:-5.68;-1.44:-5.68;-1.44:-5.68;-1.44:-5.68;-1.44:-5.68;-1.44:-5.68;-1.44:-5.68;-1.44:-5.68;-1.44:-5.68;-1.44:-5.68;-1.44:-5.68,-1.418009:-5.688067;-1.380245:-5.698557;-1.350545:-5.68716;-1.323372:-5.690021;-1.296686:-5.698501;-1.26105:-5.683226;-1.235566:-5.715687;-1.188881:-5.704704;-1.152199:-5.72106;-1.118033:-5.722886;-1.095911:-5.737244;-1.055183:-5.754984
sigma3_hotel_seed42,HOTEL:biwi_hotel:180:9680,HOTEL,biwi_hotel,biwi_hotel:180,9680,3,0.007637150585651398,0.023750299587845802,0.0,0.0,0.0,0.0,1.0,-1.11:-6.7;-1.11:-6.7;-1.11:-6.7;-1.11:-6.7;-1.11:-6.7;-1.11:-6.7;-1.11:-6.7;-1.11:-6.7,-1.11:-6.7;-1.11:-6.7;-1.11:-6.7;-1.11:-6.7;-1.11:-6.7;-1.11:-6.7;-1.11:-6.7;-1.11:-6.7;-1.11:-6.7;-1.11:-6.7;-1.11:-6.7;-1.11:-6.7,-1.110233:-6.700783;-1.113186:-6.700429;-1.114374:-6.702088;-1.114753:-6.702757;-1.113105:-6.702926;-1.113551:-6.702205;-1.109501:-6.701659;-1.108384:-6.704829;-1.104908:-6.707468;-1.099389:-6.706374;-1.095533:-6.708603;-1.089339:-6.711713
sigma3_hotel_seed42,HOTEL:biwi_hotel:185:9680,HOTEL,biwi_hotel,biwi_hotel:185,9680,3,0.21714504063129425,0.44473493099212646,0.05000000074505806,0.1058858335018158,0.3246326744556427,6.232723236083984,0.5,-0.89:-0.98;-0.94:-0.95;-0.95:-0.93;-0.9:-1.02;-0.89:-1.05;-0.9:-1.09;-0.9:-1.11;-0.92:-1.11,-0.95:-1.11;-0.96:-1.11;-0.94:-1.11;-0.94:-1.11;-0.94:-1.11;-0.94:-1.11;-0.94:-1.11;-0.94:-1.11;-0.94:-1.11;-0.94:-1.11;-0.97:-1.03;-0.92:-1.1,-0.9590654:-1.124421;-0.989289:-1.134136;-1.021515:-1.134965;-1.07096:-1.149949;-1.10596:-1.154674;-1.131186:-1.157592;-1.166353:-1.183599;-1.202103:-1.17581;-1.221591:-1.196454;-1.271397:-1.192514;-1.299635:-1.199423;-1.351538:-1.207536
sigma3_hotel_seed42,HOTEL:biwi_hotel:204:9680,HOTEL,biwi_hotel,biwi_hotel:204,9680,3,0.20416001975536346,0.3960554897785187,0.0,0.0629531592130661,0.18979647755622864,2.4558632373809814,1.875,-1.36:-5.8;-1.45:-5.69;-1.46:-5.68;-1.46:-5.68;-1.44:-5.68;-1.44:-5.68;-1.44:-5.68;-1.44:-5.68,-1.44:-5.68;-1.44:-5.68;-1.44:-5.68;-1.44:-5.68;-1.44:-5.68;-1.44:-5.68;-1.44:-5.68;-1.44:-5.68;-1.44:-5.68;-1.44:-5.68;-1.44:-5.68;-1.44:-5.68,-1.41777:-5.689245;-1.380666:-5.701891;-1.35181:-5.690348;-1.324453:-5.691163;-1.296044:-5.70595;-1.261543:-5.685176;-1.242068:-5.723523;-1.185926:-5.712185;-1.148343:-5.728211;-1.115179:-5.733291;-1.093759:-5.750329;-1.054458:-5.770647
sigma3_hotel_seed42,HOTEL:biwi_hotel:180:9690,HOTEL,biwi_hotel,biwi_hotel:180,9690,3,0.007861749269068241,0.0232281144708395,0.0,0.0,0.0,0.0,1.0,-1.11:-6.7;-1.11:-6.7;-1.11:-6.7;-1.11:-6.7;-1.11:-6.7;-1.11:-6.7;-1.11:-6.7;-1.11:-6.7,-1.11:-6.7;-1.11:-6.7;-1.11:-6.7;-1.11:-6.7;-1.11:-6.7;-1.11:-6.7;-1.11:-6.7;-1.11:-6.7;-1.11:-6.7;-1.11:-6.7;-1.11:-6.7;-1.11:-6.7,-1.112055:-6.700879;-1.113431:-6.699675;-1.115453:-6.699708;-1.118609:-6.700596;-1.118213:-6.696858;-1.113611:-6.695401;-1.110637:-6.695117;-1.10979:-6.69511;-1.104739:-6.703276;-1.102476:-6.696663;-1.09766:-6.698317;-1.087003:-6.703266
sigma3_hotel_seed42,HOTEL:biwi_hotel:185:9690,HOTEL,biwi_hotel,biwi_hotel:185,9690,3,0.24472592771053314,0.439103901386261,0.07500000298023224,0.0957752913236618,0.29210031032562256,5.665993690490723,0.375,-0.94:-0.95;-0.95:-0.93;-0.9:-1.02;-0.89:-1.05;-0.9:-1.09;-0.9:-1.11;-0.92:-1.11;-0.95:-1.11,-0.96:-1.11;-0.94:-1.11;-0.94:-1.11;-0.94:-1.11;-0.94:-1.11;-0.94:-1.11;-0.94:-1.11;-0.94:-1.11;-0.94:-1.11;-0.97:-1.03;-0.92:-1.1;-0.92:-1.11,-0.9884067:-1.115636;-1.026012:-1.124245;-1.063629:-1.126916;-1.111102:-1.125382;-1.140563:-1.139788;-1.178012:-1.125198;-1.221058:-1.148196;-1.226999:-1.147732;-1.251342:-1.156206;-1.293984:-1.16128;-1.319988:-1.170759;-1.353231:-1.181578
sigma3_hotel_seed42,HOTEL:biwi_hotel:204:9690,HOTEL,biwi_hotel,biwi_hotel:204,9690,3,0.160738006234169,0.3261350691318512,0.0,0.012193620204925537,0.05639805644750595,2.356194496154785,1.875,-1.45:-5.69;-1.46:-5.68;-1.46:-5.68;-1.44:-5.68;-1.44:-5.68;-1.44:-5.68;-1.44:-5.68;-1.44:-5.68,-1.44:-5.68;-1.44:-5.68;-1.44:-5.68;-1.44:-5.68;-1.44:-5.68;-1.44:-5.68;-1.44:-5.68;-1.44:-5.68;-1.44:-5.68;-1.44:-5.68;-1.44:-5.68;-1.44:-5.68,-1.42312:-5.685158;-1.394065:-5.693452;-1.372203:-5.686458;-1.352455:-5.686105;-1.330816:-5.691057;-1.302398:-5.677256;-1.280778:-5.701905;-1.239906:-5.69367;-1.211208:-5.708261;-1.180561:-5.711115;-1.162322:-5.722169;-1.118739:-5.736175
sigma3_hotel_seed42,HOTEL:biwi_hotel:180:9700,HOTEL,biwi_hotel,biwi_hotel:180,9700,3,0.009845796041190624,0.017474187538027763,0.0,0.0,0.0,0.0,1.0,-1.11:-6.7;-1.11:-6.7;-1.11:-6.7;-1.11:-6.7;-1.11:-6.7;-1.11:-6.7;-1.11:-6.7;-1.11:-6.7,-1.11:-6.7;-1.11:-6.7;-1.11:-6.7;-1.11:-6.7;-1.11:-6.7;-1.11:-6.7;-1.11:-6.7;-1.11:-6.7;-1.11:-6.7;-1.11:-6.7;-1.11:-6.7;-1.11:-6.7,-1.113456:-6.699563;-1.112791:-6.699282;-1.116597:-6.700669;-1.1233:-6.699131;-1.124829:-6.69274;-1.119709:-6.691769;-1.116956:-6.691097;-1.11652:-6.689341;-1.112272:-6.697245;-1.111677:-6.692198;-1.106727:-6.690796;-1.092755:-6.697181
sigma3_hotel_seed42,HOTEL:biwi_hotel:185:9700,HOTEL,biwi_hotel,biwi_hotel:185,9700,3,0.07869211584329605,0.11041714996099472,0.02500000037252903,0.09136076271533966,0.18241319060325623,2.567852258682251,0.25,-0.95:-0.93;-0.9:-1.02;-0.89:-1.05;-0.9:-1.09;-0.9:-1.11;-0.92:-1.11;-0.95:-1.11;-0.96:-1.11,-0.94:-1.11;-0.94:-1.11;-0.94:-1.11;-0.94:-1.11;-0.94:-1.11;-0.94:-1.11;-0.94:-1.11;-0.94:-1.11;-0.97:-1.03;-0.92:-1.1;-0.92:-1.11;-0.92:-1.11,-0.9726784:-1.114009;-0.9777677:-1.122987;-0.98668:-1.123013;-0.9977235:-1.125181;-1.005307:-1.130816;-1.014724:-1.124046;-1.017984:-1.139829;-1.008729:-1.14265;-1.012148:-1.151083;-1.014946:-1.153104;-1.018087:-1.163488;-1.007807:-1.176947
sigma3_hotel_seed42,HOTEL:biwi_hotel:204:9700,HOTEL,biwi_hotel,biwi_hotel:204,9700,3,0.00815796758979559,0.017260562628507614,0.0,0.0071428571827709675,0.0416666679084301,0.0,1.75,-1.46:-5.68;-1.46:-5.68;-1.44:-5.68;-1.44:-5.68;-1.44:-5.68;-1.44:-5.68;-1.44:-5.68;-1.44:-5.68,-1.44:-5.68;-1.44:-5.68;-1.44:-5.68;-1.44:-5.68;-1.44:-5.68;-1.44:-5.68;-1.44:-5.68;-1.44:-5.68;-1.44:-5.68;-1.44:-5.68;-1.44:-5.68;-1.44:-5.68,-1.442893:-5.679883;-1.442966:-5.679569;-1.446242:-5.680868;-1.451819:-5.679897;-1.452785:-5.674701;-1.44863:-5.673811;-1.445615:-5.673276;-1.445349:-5.672301;-1.441126:-5.679349;-1.439628:-5.674954;-1.434932:-5.674244;-1.42274:-5.67998
sigma3_hotel_seed42,HOTEL:biwi_hotel:180:9710,HOTEL,biwi_hotel,biwi_hotel:180,9710,3,0.041120272129774094,0.06071927770972252,0.0,0.0,0.0,0.0,1.0,-1.11:-6.7;-1.11:-6.7;-1.11:-6.7;-1.11:-6.7;-1.11:-6.7;-1.11:-6.7;-1.11:-6.7;-1.11:-6.7,-1.11:-6.7;-1.11:-6.7;-1.11:-6.7;-1.11:-6.7;-1.11:-6.7;-1.11:-6.7;-1.11:-6.7;-1.11:-6.7;-1.11:-6.7;-1.11:-6.7;-1.11:-6.7;-1.11:-6.7,-1.120758:-6.703805;-1.12462:-6.711338;-1.133139:-6.712432;-1.14516:-6.713295;-1.150232:-6.715871;-1.154101:-6.709375;-1.154704:-6.722315;-1.145605:-6.724169;-1.145004:-6.735278;-1.144792:-6.736593;-1.145823:-6.744887;-1.129261:-6.757583
sigma3_hotel_seed42,HOTEL:biwi_hotel:185:9710,HOTEL,biwi_hotel,biwi_hotel:185,9710,3,0.1736091822385788,0.3252822160720825,0.05000000074505806,0.061733510345220566,0.13854752480983734,5.524096965789795,0.125,-0.9:-1.02;-0.89:-1.05;-0.9:-1.09;-0.9:-1.11;-0.92:-1.11;-0.95:-1.11;-0.96:-1.11;-0.94:-1.11,-0.94:-1.11;-0.94:-1.11;-0.94:-1.11;-0.94:-1.11;-0.94:-1.11;-0.94:-1.11;-0.94:-1.11;-0.97:-1.03;-0.92:-1.1;-0.92:-1.11;-0.92:-1.11;-0.92:-1.11,-0.9217199:-1.120428;-0.8895499:-1.131626;-0.86511:-1.126009;-0.8420783:-1.132982;-0.820828:-1.137765;-0.7877938:-1.130601;-0.7629209:-1.158471;-0.7289767:-1.14996;-0.6983366:-1.16962;-0.6655315:-1.17213;-0.6482956:-1.185009;-0.6072008:-1.199248
sigma3_hotel_seed42,HOTEL:biwi_hotel:204:9710,HOTEL,biwi_hotel,biwi_hotel:204,9710,3,0.014165602624416351,0.04054958000779152,0.0,0.0071428571827709675,0.02083333395421505,0.0,1.75,-1.46:-5.68;-1.44:-5.68;-1.44:-5.68;-1.44:-5.68;-1.44:-5.68;-1.44:-5.68;-1.44:-5.68;-1.44:-5.68,-1.44:-5.68;-1.44:-5.68;-1.44:-5.68;-1.44:-5.68;-1.44:-5.68;-1.44:-5.68;-1.44:-5.68;-1.44:-5.68;-1.44:-5.68;-1.44:-5.68;-1.44:-5.68;-1.44:-5.68,-1.44535:-5.679369;-1.442856:-5.680099;-1.446308:-5.679001;-1.453621:-5.677237;-1.455134:-5.670124;-1.448726:-5.665876;-1.442836:-5.668566;-1.437068:-5.666701;-1.431764:-5.677904;-1.42846:-5.671328;-1.423407:-5.67328;-1.399525:-5.68246
sigma3_hotel_seed42,HOTEL:biwi_hotel:180:9720,HOTEL,biwi_hotel,biwi_hotel:180,9720,3,0.04110553115606308,0.060709454119205475,0.0,0.0,0.0,0.0,1.0,-1.11:-6.7;-1.11:-6.7;-1.11:-6.7;-1.11:-6.7;-1.11:-6.7;-1.11:-6.7;-1.11:-6.7;-1.11:-6.7,-1.11:-6.7;-1.11:-6.7;-1.11:-6.7;-1.11:-6.7;-1.11:-6.7;-1.11:-6.7;-1.11:-6.7;-1.11:-6.7;-1.11:-6.7;-1.11:-6.7;-1.11:-6.7;-1.11:-6.7,-1.120755:-6.703806;-1.124613:-6.711339;-1.13313:-6.712431;-1.145147:-6.713294;-1.150216:-6.715871;-1.154082:-6.709373;-1.154684:-6.722315;-1.145579:-6.724169;-1.144974:-6.735278;-1.14476:-6.736593;-1.145789:-6.744888;-1.129226:-6.757585
sigma3_hotel_seed42,HOTEL:biwi_hotel:185:9720,HOTEL,biwi_hotel,biwi_hotel:185,9720,3,0.03878976032137871,0.05185449495911598,0.0,0.05043966323137283,0.13608849048614502,4.957367420196533,0.0,-0.89:-1.05;-0.9:-1.09;-0.9:-1.11;-0.92:-1.11;-0.95:-1.11;-0.96:-1.11;-0.94:-1.11;-0.94:-1.11,-0.94:-1.11;-0.94:-1.11;-0.94:-1.11;-0.94:-1.11;-0.94:-1.11;-0.94:-1.11;-0.97:-1.03;-0.92:-1.1;-0.92:-1.11;-0.92:-1.11;-0.92:-1.11;-0.94:-1.11,-0.9477721:-1.115435;-0.9439982:-1.122248;-0.9485536:-1.123253;-0.9568395:-1.12834;-0.9625542:-1.124415;-0.9570889:-1.126094;-0.9529581:-1.136119;-0.9545322:-1.134132;-0.9506317:-1.148183;-0.9500881:-1.145233;-0.949264:-1.149334;-0.9348867:-1.161602
sigma3_hotel_seed42,HOTEL:biwi_hotel:204:9720,HOTEL,biwi_hotel,biwi_hotel:204,9720,3,0.04110553115606308,0.060709454119205475,0.0,0.0,0.0,0.0,1.625,-1.44:-5.68;-1.44:-5.68;-1.44:-5.68;-1.44:-5.68;-1.44:-5.68;-1.44:-5.68;-1.44:-5.68;-1.44:-5.68,-1.44:-5.68;-1.44:-5.68;-1.44:-5.68;-1.44:-5.68;-1.44:-5.68;-1.44:-5.68;-1.44:-5.68;-1.44:-5.68;-1.44:-5.68;-1.44:-5.68;-1.44:-5.68;-1.44:-5.68,-1.450755:-5.683806;-1.454613:-5.691339;-1.46313:-5.692431;-1.475147:-5.693294;-1.480216:-5.695871;-1.484082:-5.689373;-1.484684:-5.702315;-1.475579:-5.704169;-1.474974:-5.715278;-1.47476:-5.716593;-1.475789:-5.724888;-1.459226:-5.737585
sigma3_hotel_seed42,HOTEL:biwi_hotel:180:9730,HOTEL,biwi_hotel,biwi_hotel:180,9730,3,0.04110553115606308,0.060709454119205475,0.0,0.0,0.0,0.0,1.0,-1.11:-6.7;-1.11:-6.7;-1.11:-6.7;-1.11:-6.7;-1.11:-6.7;-1.11:-6.7;-1.11:-6.7;-1.11:-6.7,-1.11:-6.7;-1.11:-6.7;-1.11:-6.7;-1.11:-6.7;-1.11:-6.7;-1.11:-6.7;-1.11:-6.7;-1.11:-6.7;-1.11:-6.7;-1.11:-6.7;-1.11:-6.7;-1.11:-6.7,-1.120755:-6.703806;-1.124613:-6.711339;-1.13313:-6.712431;-1.145147:-6.713294;-1.150216:-6.715871;-1.154082:-6.709373;-1.154684:-6.722315;-1.145579:-6.724169;-1.144974:-6.735278;-1.14476:-6.736593;-1.145789:-6.744888;-1.129226:-6.757585
sigma3_hotel_seed42,HOTEL:biwi_hotel:185:9730,HOTEL,biwi_hotel,biwi_hotel:185,9730,3,0.06946945935487747,0.14634445309638977,0.0,0.0357142873108387,0.1127961128950119,4.71238899230957,0.0,-0.9:-1.09;-0.9:-1.11;-0.92:-1.11;-0.95:-1.11;-0.96:-1.11;-0.94:-1.11;-0.94:-1.11;-0.94:-1.11,-0.94:-1.11;-0.94:-1.11;-0.94:-1.11;-0.94:-1.11;-0.94:-1.11;-0.97:-1.03;-0.92:-1.1;-0.92:-1.11;-0.92:-1.11;-0.92:-1.11;-0.94:-1.11;-0.94:-1.11,-0.9401303:-1.120303;-0.9298804:-1.132539;-0.9259363:-1.130928;-0.9239917:-1.13699;-0.9191276:-1.145758;-0.9085858:-1.138197;-0.9033875:-1.163964;-0.8826139:-1.161466;-0.8692369:-1.178097;-0.8583781:-1.181576;-0.8543373:-1.195157;-0.8344658:-1.211387
sigma3_hotel_seed42,HOTEL:biwi_hotel:180:9740,HOTEL,biwi_hotel,biwi_hotel:180,9740,3,0.04110553115606308,0.060709454119205475,0.0,0.0,0.0,0.0,1.0,-1.11:-6.7;-1.11:-6.7;-1.11:-6.7;-1.11:-6.7;-1.11:-6.7;-1.11:-6.7;-1.11:-6.7;-1.11:-6.7,-1.11:-6.7;-1.11:-6.7;-1.11:-6.7;-1.11:-6.7;-1.11:-6.7;-1.11:-6.7;-1.11:-6.7;-1.11:-6.7;-1.11:-6.7;-1.11:-6.7;-1.11:-6.7;-1.11:-6.7,-1.120755:-6.703806;-1.124613:-6.711339;-1.13313:-6.712431;-1.145147:-6.713294;-1.150216:-6.715871;-1.154082:-6.709373;-1.154684:-6.722315;-1.145579:-6.724169;-1.144974:-6.735278;-1.14476:-6.736593;-1.145789:-6.744888;-1.129226:-6.757585
sigma3_hotel_seed42,HOTEL:biwi_hotel:185:9740,HOTEL,biwi_hotel,biwi_hotel:185,9740,3,0.12088843435049057,0.2536919116973877,0.0,0.02857142873108387,0.0833333358168602,3.1415927410125732,0.0,-0.9:-1.11;-0.92:-1.11;-0.95:-1.11;-0.96:-1.11;-0.94:-1.11;-0.94:-1.11;-0.94:-1.11;-0.94:-1.11,-0.94:-1.11;-0.94:-1.11;-0.94:-1.11;-0.94:-1.11;-0.97:-1.03;-0.92:-1.1;-0.92:-1.11;-0.92:-1.11;-0.92:-1.11;-0.94:-1.11;-0.94:-1.11;-0.94:-1.11,-0.9294264:-1.116956;-0.9077277:-1.127629;-0.8925021:-1.120562;-0.8788313:-1.120218;-0.8619537:-1.13186;-0.8419647:-1.114351;-0.8311823:-1.144531;-0.7891914:-1.137563;-0.7653621:-1.151358;-0.7433159:-1.156183;-0.7306427:-1.170593;-0.6984695:-1.187605
sigma3_hotel_seed42,HOTEL:biwi_hotel:180:9750,HOTEL,biwi_hotel,biwi_hotel:180,9750,3,0.04110553115606308,0.060709454119205475,0.0,0.0,0.0,0.0,1.0,-1.11:-6.7;-1.11:-6.7;-1.11:-6.7;-1.11:-6.7;-1.11:-6.7;-1.11:-6.7;-1.11:-6.7;-1.11:-6.7,-1.11:-6.7;-1.11:-6.7;-1.11:-6.7;-1.11:-6.7;-1.11:-6.7;-1.11:-6.7;-1.11:-6.7;-1.11:-6.7;-1.11:-6.7;-1.11:-6.7;-1.11:-6.7;-1.11:-6.7,-1.120755:-6.703806;-1.124613:-6.711339;-1.13313:-6.712431;-1.145147:-6.713294;-1.150216:-6.715871;-1.154082:-6.709373;-1.154684:-6.722315;-1.145579:-6.724169;-1.144974:-6.735278;-1.14476:-6.736593;-1.145789:-6.744888;-1.129226:-6.757585
sigma3_hotel_seed42,HOTEL:biwi_hotel:185:9750,HOTEL,biwi_hotel,biwi_hotel:185,9750,3,0.14711683988571167,0.3020608127117157,0.0,0.02142857201397419,0.0729166641831398,3.1415927410125732,0.0,-0.92:-1.11;-0.95:-1.11;-0.96:-1.11;-0.94:-1.11;-0.94:-1.11;-0.94:-1.11;-0.94:-1.11;-0.94:-1.11,-0.94:-1.11;-0.94:-1.11;-0.94:-1.11;-0.97:-1.03;-0.92:-1.1;-0.92:-1.11;-0.92:-1.11;-0.92:-1.11;-0.94:-1.11;-0.94:-1.11;-0.94:-1.11;-0.94:-1.11,-0.925216:-1.116282;-0.8984952:-1.126088;-0.8786745:-1.118583;-0.8603396:-1.118263;-0.840079:-1.127273;-0.8149006:-1.11099;-0.7983767:-1.139613;-0.7550167:-1.131516;-0.7278933:-1.145747;-0.7004186:-1.149905;-0.6844819:-1.163142;-0.6458915:-1.178854
sigma3_hotel_seed42,HOTEL:biwi_hotel:180:9760,HOTEL,biwi_hotel,biwi_hotel:180,9760,3,0.04110553115606308,0.060709454119205475,0.0,0.0,0.0,0.0,1.0,-1.11:-6.7;-1.11:-6.7;-1.11:-6.7;-1.11:-6.7;-1.11:-6.7;-1.11:-6.7;-1.11:-6.7;-1.11:-6.7,-1.11:-6.7;-1.11:-6.7;-1.11:-6.7;-1.11:-6.7;-1.11:-6.7;-1.11:-6.7;-1.11:-6.7;-1.11:-6.7;-1.11:-6.7;-1.11:-6.7;-1.11:-6.7;-1.11:-6.7,-1.120755:-6.703806;-1.124613:-6.711339;-1.13313:-6.712431;-1.145147:-6.713294;-1.150216:-6.715871;-1.154082:-6.709373;-1.154684:-6.722315;-1.145579:-6.724169;-1.144974:-6.735278;-1.14476:-6.736593;-1.145789:-6.744888;-1.129226:-6.757585
sigma3_hotel_seed42,HOTEL:biwi_hotel:185:9760,HOTEL,biwi_hotel,biwi_hotel:185,9760,3,0.02084612287580967,0.018432218581438065,0.0,0.010714286006987095,0.0520833320915699,3.1415927410125732,0.0,-0.95:-1.11;-0.96:-1.11;-0.94:-1.11;-0.94:-1.11;-0.94:-1.11;-0.94:-1.11;-0.94:-1.11;-0.94:-1.11,-0.94:-1.11;-0.94:-1.11;-0.97:-1.03;-0.92:-1.1;-0.92:-1.11;-0.92:-1.11;-0.92:-1.11;-0.94:-1.11;-0.94:-1.11;-0.94:-1.11;-0.94:-1.11;-0.92:-1.13,-0.9425073:-1.110393;-0.942924:-1.109725;-0.9456257:-1.110356;-0.9500274:-1.11015;-0.9500694:-1.105606;-0.9450561:-1.10398;-0.9422004:-1.1036;-0.9403954:-1.10325;-0.9354935:-1.111516;-0.9337797:-1.105393;-0.9285665:-1.106167;-0.9155988:-1.112101
sigma3_hotel_seed42,HOTEL:biwi_hotel:180:9770,HOTEL,biwi_hotel,biwi_hotel:180,9770,3,0.04110553115606308,0.060709454119205475,0.0,0.0,0.0,0.0,1.0,-1.11:-6.7;-1.11:-6.7;-1.11:-6.7;-1.11:-6.7;-1.11:-6.7;-1.11:-6.7;-1.11:-6.7;-1.11:-6.7,-1.11:-6.7;-1.11:-6.7;-1.11:-6.7;-1.11:-6.7;-1.11:-6.7;-1.11:-6.7;-1.11:-6.7;-1.11:-6.7;-1.11:-6.7;-1.11:-6.7;-1.11:-6.7;-1.11:-6.7,-1.120755:-6.703806;-1.124613:-6.711339;-1.13313:-6.712431;-1.145147:-6.713294;-1.150216:-6.715871;-1.154082:-6.709373;-1.154684:-6.722315;-1.145579:-6.724169;-1.144974:-6.735278;-1.14476:-6.736593;-1.145789:-6.744888;-1.129226:-6.757585
sigma3_hotel_seed42,HOTEL:biwi_hotel:185:9770,HOTEL,biwi_hotel,biwi_hotel:185,9770,3,0.027734721079468727,0.03754308074712753,0.0,0.0071428571827709675,0.02083333395421505,0.0,0.0,-0.96:-1.11;-0.94:-1.11;-0.94:-1.11;-0.94:-1.11;-0.94:-1.11;-0.94:-1.11;-0.94:-1.11;-0.94:-1.11,-0.94:-1.11;-0.97:-1.03;-0.92:-1.1;-0.92:-1.11;-0.92:-1.11;-0.92:-1.11;-0.94:-1.11;-0.94:-1.11;-0.94:-1.11;-0.94:-1.11;-0.92:-1.13;-0.9:-1.15,-0.9453496:-1.109369;-0.9428562:-1.110098;-0.946308:-1.109001;-0.9536208:-1.107237;-0.9551337:-1.100124;-0.9487263:-1.095876;-0.9428358:-1.098566;-0.9370685:-1.096701;-0.9317635:-1.107904;-0.9284602:-1.101328;-0.9234065:-1.10328;-0.8995252:-1.11246
sigma3_hotel_seed42,HOTEL:biwi_hotel:180:9780,HOTEL,biwi_hotel,biwi_hotel:180,9780,3,0.04110553115606308,0.060709454119205475,0.0,0.0,0.0,0.0,1.0,-1.11:-6.7;-1.11:-6.7;-1.11:-6.7;-1.11:-6.7;-1.11:-6.7;-1.11:-6.7;-1.11:-6.7;-1.11:-6.7,-1.11:-6.7;-1.11:-6.7;-1.11:-6.7;-1.11:-6.7;-1.11:-6.7;-1.11:-6.7;-1.11:-6.7;-1.11:-6.7;-1.11:-6.7;-1.11:-6.7;-1.11:-6.7;-1.11:-6.7,-1.120755:-6.703806;-1.124613:-6.711339;-1.13313:-6.712431;-1.145147:-6.713294;-1.150216:-6.715871;-1.154082:-6.709373;-1.154684:-6.722315;-1.145579:-6.724169;-1.144974:-6.735278;-1.14476:-6.736593;-1.145789:-6.744888;-1.129226:-6.757585
sigma3_hotel_seed42,HOTEL:biwi_hotel:185:9780,HOTEL,biwi_hotel,biwi_hotel:185,9780,3,0.059760887175798416,0.10573001205921173,0.0,0.0,0.0,0.0,0.0,-0.94:-1.11;-0.94:-1.11;-0.94:-1.11;-0.94:-1.11;-0.94:-1.11;-0.94:-1.11;-0.94:-1.11;-0.94:-1.11,-0.97:-1.03;-0.92:-1.1;-0.92:-1.11;-0.92:-1.11;-0.92:-1.11;-0.94:-1.11;-0.94:-1.11;-0.94:-1.11;-0.94:-1.11;-0.92:-1.13;-0.9:-1.15;-0.9:-1.08,-0.9507551:-1.113806;-0.9546134:-1.121339;-0.9631296:-1.122431;-0.9751467:-1.123294;-0.9802158:-1.125872;-0.9840819:-1.119373;-0.984684:-1.132316;-0.9755791:-1.134169;-0.9749743:-1.145278;-0.9747601:-1.146593;-0.9757891:-1.154888;-0.9592259:-1.167585
sigma3_hotel_seed42,HOTEL:biwi_hotel:180:9790,HOTEL,biwi_hotel,biwi_hotel:180,9790,3,0.04110553115606308,0.060709454119205475,0.0,0.0,0.0,0.0,1.0,-1.11:-6.7;-1.11:-6.7;-1.11:-6.7;-1.11:-6.7;-1.11:-6.7;-1.11:-6.7;-1.11:-6.7;-1.11:-6.7,-1.11:-6.7;-1.11:-6.7;-1.11:-6.7;-1.11:-6.7;-1.11:-6.7;-1.11:-6.7;-1.11:-6.7;-1.11:-6.7;-1.11:-6.7;-1.11:-6.7;-1.11:-6.7;-1.11:-6.7,-1.120755:-6.703806;-1.124613:-6.711339;-1.13313:-6.712431;-1.145147:-6.713294;-1.150216:-6.715871;-1.154082:-6.709373;-1.154684:-6.722315;-1.145579:-6.724169;-1.144974:-6.735278;-1.14476:-6.736593;-1.145789:-6.744888;-1.129226:-6.757585
sigma3_hotel_seed42,HOTEL:biwi_hotel:185:9790,HOTEL,biwi_hotel,biwi_hotel:185,9790,3,0.4229665696620941,0.6677234768867493,0.21360009908676147,0.030514299869537354,0.08900003880262375,0.0,0.0,-0.94:-1.11;-0.94:-1.11;-0.94:-1.11;-0.94:-1.11;-0.94:-1.11;-0.94:-1.11;-0.94:-1.11;-0.97:-1.03,-0.92:-1.1;-0.92:-1.11;-0.92:-1.11;-0.92:-1.11;-0.94:-1.11;-0.94:-1.11;-0.94:-1.11;-0.94:-1.11;-0.92:-1.13;-0.9:-1.15;-0.9:-1.08;-0.91:-1.07,-0.9952672:-0.9776488;-1.030691:-0.9124225;-1.050429:-0.8869367;-1.08893:-0.8391044;-1.11317:-0.8146516;-1.156643:-0.7728813;-1.193939:-0.7460131;-1.195868:-0.7175013;-1.233435:-0.6869521;-1.300052:-0.6457083;-1.321697:-0.6278925;-1.365072:-0.5813653
sigma3_hotel_seed42,HOTEL:biwi_hotel:180:9800,HOTEL,biwi_hotel,biwi_hotel:180,9800,3,0.04110553115606308,0.060709454119205475,0.0,0.0,0.0,0.0,1.0,-1.11:-6.7;-1.11:-6.7;-1.11:-6.7;-1.11:-6.7;-1.11:-6.7;-1.11:-6.7;-1.11:-6.7;-1.11:-6.7,-1.11:-6.7;-1.11:-6.7;-1.11:-6.7;-1.11:-6.7;-1.11:-6.7;-1.11:-6.7;-1.11:-6.7;-1.11:-6.7;-1.11:-6.7;-1.11:-6.7;-1.11:-6.7;-1.11:-6.7,-1.120755:-6.703806;-1.124613:-6.711339;-1.13313:-6.712431;-1.145147:-6.713294;-1.150216:-6.715871;-1.154082:-6.709373;-1.154684:-6.722315;-1.145579:-6.724169;-1.144974:-6.735278;-1.14476:-6.736593;-1.145789:-6.744888;-1.129226:-6.757585
sigma3_hotel_seed42,HOTEL:biwi_hotel:185:9800,HOTEL,biwi_hotel,biwi_hotel:185,9800,3,0.6153796911239624,1.063076376914978,0.2150581330060959,0.06123688817024231,0.26608335971832275,2.8801138401031494,0.0,-0.94:-1.11;-0.94:-1.11;-0.94:-1.11;-0.94:-1.11;-0.94:-1.11;-0.94:-1.11;-0.97:-1.03;-0.92:-1.1,-0.92:-1.11;-0.92:-1.11;-0.92:-1.11;-0.94:-1.11;-0.94:-1.11;-0.94:-1.11;-0.94:-1.11;-0.92:-1.13;-0.9:-1.15;-0.9:-1.08;-0.91:-1.07;-0.95:-1.05,-0.8144242:-1.144749;-0.713799:-1.161371;-0.6373918:-1.225244;-0.557983:-1.255846;-0.469961:-1.288873;-0.3598236:-1.336624;-0.2879196:-1.37451;-0.2304003:-1.387027;-0.1287621:-1.42229;-0.06733608:-1.453285;-0.005265772:-1.46673;0.02643466:-1.470365
sigma3_hotel_seed42,HOTEL:biwi_hotel:222:10050,HOTEL,biwi_hotel,biwi_hotel:222,10050,3,0.10270724445581436,0.36051759123802185,0.05000000074505806,0.13859644532203674,0.21923577785491943,3.648691177368164,0.0,-0.94:-0.96;-0.99:-1.05;-1.02:-1.15;-1.02:-1.2;-1.06:-1.2;-1.09:-1.17;-1.11:-1.15;-1.11:-1.13,-1.13:-1.11;-1.15:-1.08;-1.15:-1.08;-1.15:-1.08;-1.15:-1.08;-1.15:-1.08;-1.15:-1.08;-1.15:-1.08;-1.15:-1.1;-1.21:-1.19;-1.33:-1.31;-1.34:-1.32,-1.114606:-1.114456;-1.118704:-1.10271;-1.11783:-1.086904;-1.115142:-1.067279;-1.114737:-1.076704;-1.132638:-1.044405;-1.139533:-1.060673;-1.105917:-1.051081;-1.11046:-1.037934;-1.106998:-1.038491;-1.112327:-1.04784;-1.10628:-1.045505
sigma3_hotel_seed42,HOTEL:biwi_hotel:222:10060,HOTEL,biwi_hotel,biwi_hotel:222,10060,3,0.30526742339134216,0.39152637124061584,0.0707106813788414,0.11192785948514938,0.2167767435312271,4.218447685241699,0.0,-0.99:-1.05;-1.02:-1.15;-1.02:-1.2;-1.06:-1.2;-1.09:-1.17;-1.11:-1.15;-1.11:-1.13;-1.13:-1.11,-1.15:-1.08;-1.15:-1.08;-1.15:-1.08;-1.15:-1.08;-1.15:-1.08;-1.15:-1.08;-1.15:-1.08;-1.15:-1.1;-1.21:-1.19;-1.33:-1.31;-1.34:-1.32;-1.69:-1.46,-1.190825:-1.109817;-1.250093:-1.105971;-1.303122:-1.092752;-1.37528:-1.088002;-1.425354:-1.096151;-1.478607:-1.070933;-1.547976:-1.096631;-1.576543:-1.079649;-1.616656:-1.089277;-1.691215:-1.079837;-1.737715:-1.085938;-1.808696:-1.086899
sigma3_hotel_seed42,HOTEL:biwi_hotel:223:10060,HOTEL,biwi_hotel,biwi_hotel:223,10060,3,1.6805304288864136,3.5281128883361816,1.0198038816452026,1.1022061109542847,0.7627566456794739,1.5298659801483154,1.125,1.5:4.07;1.44:3.69;1.63:3.22;1.65:2.78;1.62:2.32;1.65:1.87;1.71:1.44;1.63:1.04,1.67:0.54;1.68:0.06;1.61:-0.44;1.62:-0.91;1.65:-1.37;1.65:-1.86;1.72:-2.35;1.83:-2.77;1.88:-3.23;1.93:-3.67;2.01:-4.16;2.01:-4.67,1.514323:0.7111207;1.390842:0.3768021;1.244443:0.06391871;1.178122:-0.2228458;1.03173:-0.4879996;0.8688188:-0.7561353;0.6828985:-0.927979;0.5504277:-1.185812;0.3604079:-1.33928;0.2064109:-1.530142;0.05562961:-1.703343;-0.1266285:-1.862439
sigma3_hotel_seed42,HOTEL:biwi_hotel:222:10070,HOTEL,biwi_hotel,biwi_hotel:222,10070,3,0.3201844096183777,0.7098874449729919,0.09013878554105759,0.08751802146434784,0.16645433008670807,4.124386310577393,0.0,-1.02:-1.15;-1.02:-1.2;-1.06:-1.2;-1.09:-1.17;-1.11:-1.15;-1.11:-1.13;-1.13:-1.11;-1.15:-1.08,-1.15:-1.08;-1.15:-1.08;-1.15:-1.08;-1.15:-1.08;-1.15:-1.08;-1.15:-1.08;-1.15:-1.1;-1.21:-1.19;-1.33:-1.31;-1.34:-1.32;-1.69:-1.46;-1.76:-1.4,-1.17585:-1.045969;-1.197873:-1.013634;-1.211289:-0.9776809;-1.237357:-0.9421883;-1.255177:-0.9324239;-1.286525:-0.884442;-1.313019:-0.8873034;-1.297831:-0.8591444;-1.316968:-0.8397516;-1.346029:-0.8191713;-1.3622:-0.8144481;-1.379021:-0.8010045
sigma3_hotel_seed42,HOTEL:biwi_hotel:223:10070,HOTEL,biwi_hotel,biwi_hotel:223,10070,3,0.5960924029350281,1.7373144626617432,1.2539936304092407,1.143952488899231,0.6486924290657043,1.2663202285766602,1.375,1.44:3.69;1.63:3.22;1.65:2.78;1.62:2.32;1.65:1.87;1.71:1.44;1.63:1.04;1.67:0.54,1.68:0.06;1.61:-0.44;1.62:-0.91;1.65:-1.37;1.65:-1.86;1.72:-2.35;1.83:-2.77;1.88:-3.23;1.93:-3.67;2.01:-4.16;2.01:-4.67;1.95:-5.25,1.673275:0.05322352;1.66034:-0.4562935;1.588321:-0.9413088;1.65294:-1.343237;1.598306:-1.756006;1.515516:-2.148773;1.367525:-2.414889;1.345167:-2.793638;1.216695:-3.006166;1.15203:-3.335235;1.069354:-3.578382;0.9485074:-3.830397
sigma3_hotel_seed42,HOTEL:biwi_hotel:224:10070,HOTEL,biwi_hotel,biwi_hotel:224,10070,3,1.4239020347595215,2.8280739784240723,1.3557746410369873,1.1116251945495605,0.8272296190261841,1.7006289958953857,1.5,0.5:4.18;0.55:3.77;0.71:3.4;0.74:2.98;0.73:2.54;0.92:2.13;0.95:1.69;0.9:1.15,1.03:0.73;1.07:0.29;0.98:-0.26;1.08:-0.71;1.19:-1.15;1.14:-1.78;1.19:-2.21;1.4:-2.62;1.41:-3.07;1.41:-3.53;1.55:-4.03;1.42:-4.53,0.777503:0.6402428;0.6428334:0.1084213;0.4547595:-0.3918321;0.411639:-0.8070985;0.2372584:-1.239454;0.03203261:-1.642691;-0.2196046:-1.908208;-0.356797:-2.312883;-0.6010271:-2.525177;-0.7558839:-2.867311;-0.9548901:-3.126584;-1.169838:-3.393893
sigma3_hotel_seed42,HOTEL:biwi_hotel:223:10080,HOTEL,biwi_hotel,biwi_hotel:223,10080,3,0.9376539587974548,2.222979784011841,1.2002604007720947,1.134364128112793,0.5064307451248169,0.9865738749504089,1.5,1.63:3.22;1.65:2.78;1.62:2.32;1.65:1.87;1.71:1.44;1.63:1.04;1.67:0.54;1.68:0.06,1.61:-0.44;1.62:-0.91;1.65:-1.37;1.65:-1.86;1.72:-2.35;1.83:-2.77;1.88:-3.23;1.93:-3.67;2.01:-4.16;2.01:-4.67;1.95:-5.25;1.9:-5.74,1.618855:-0.4159507;1.543824:-0.9109327;1.41931:-1.378508;1.424126:-1.771357;1.312287:-2.173304;1.171397:-2.552326;0.9804013:-2.80545;0.9009074:-3.180824;0.7204177:-3.387011;0.6077825:-3.700052;0.4723822:-3.942753;0.3073758:-4.189133
sigma3_hotel_seed42,HOTEL:biwi_hotel:224:10080,HOTEL,biwi_hotel,biwi_hotel:224,10080,3,0.9184768199920654,2.138277769088745,1.0991474390029907,1.1211328506469727,0.9306526184082031,1.8063323497772217,1.625,0.55:3.77;0.71:3.4;0.74:2.98;0.73:2.54;0.92:2.13;0.95:1.69;0.9:1.15;1.03:0.73,1.07:0.29;0.98:-0.26;1.08:-0.71;1.19:-1.15;1.14:-1.78;1.19:-2.21;1.4:-2.62;1.41:-3.07;1.41:-3.53;1.55:-4.03;1.42:-4.53;1.25:-5.05,1.132839:0.3259515;1.220772:-0.09741509;1.253692:-0.5040159;1.395858:-0.8486177;1.442627:-1.188077;1.468584:-1.524622;1.421735:-1.75644;1.492589:-2.064396;1.470808:-2.252939;1.47329:-2.516962;1.499111:-2.716563;1.461547:-2.922213
sigma3_hotel_seed42,HOTEL:biwi_hotel:226:10080,HOTEL,biwi_hotel,biwi_hotel:226,10080,3,1.2475186586380005,2.5911905765533447,1.2562344074249268,1.2564935684204102,0.4330354630947113,0.6515272259712219,0.0,1.62:-9.94;1.72:-9.5;1.71:-8.99;1.7:-8.5;1.64:-8.02;1.5:-7.49;1.45:-6.96;1.4:-6.46,1.31:-5.96;1.27:-5.46;1.21:-4.99;1.12:-4.52;1.1:-4.04;0.97:-3.58;0.85:-3.14;0.76:-2.65;0.67:-2.19;0.67:-1.75;0.74:-1.28;0.81:-0.75,1.359344:-6.026628;1.300462:-5.706955;1.160464:-5.460059;1.148051:-5.163612;1.078193:-4.889904;0.9505169:-4.707247;0.7405995:-4.500561;0.812669:-4.228262;0.6663499:-3.944554;0.461992:-3.764768;0.5388455:-3.499588;0.4690869:-3.318666
sigma3_hotel_seed42,HOTEL:biwi_hotel:223:10090,HOTEL,biwi_hotel,biwi_hotel:223,10090,3,1.6838536262512207,3.3615901470184326,1.262190580368042,1.1573718786239624,0.5362333059310913,1.0359516143798828,1.625,1.65:2.78;1.62:2.32;1.65:1.87;1.71:1.44;1.63:1.04;1.67:0.54;1.68:0.06;1.61:-0.44,1.62:-0.91;1.65:-1.37;1.65:-1.86;1.72:-2.35;1.83:-2.77;1.88:-3.23;1.93:-3.67;2.01:-4.16;2.01:-4.67;1.95:-5.25;1.9:-5.74;1.86:-6.25,1.435047:-0.8817088;1.253603:-1.340836;1.032768:-1.767169;0.934193:-2.134087;0.7181985:-2.503912;0.4750316:-2.855434;0.2057048:-3.08055;0.02085316:-3.435021;-0.2529459:-3.619216;-0.4492105:-3.902318;-0.676603:-4.131404;-0.9211341:-4.361725
sigma3_hotel_seed42,HOTEL:biwi_hotel:224:10090,HOTEL,biwi_hotel,biwi_hotel:224,10090,3,1.2818703651428223,2.7321932315826416,1.1045360565185547,1.134954810142517,0.8816021680831909,1.679002046585083,1.75,0.71:3.4;0.74:2.98;0.73:2.54;0.92:2.13;0.95:1.69;0.9:1.15;1.03:0.73;1.07:0.29,0.98:-0.26;1.08:-0.71;1.19:-1.15;1.14:-1.78;1.19:-2.21;1.4:-2.62;1.41:-3.07;1.41:-3.53;1.55:-4.03;1.42:-4.53;1.25:-5.05;1.36:-5.5,1.042823:-0.08123919;1.00983:-0.4691342;0.9331424:-0.8333919;0.9576824:-1.152752;0.8850378:-1.459951;0.7947962:-1.76898;0.6586672:-1.971712;0.607653:-2.259743;0.4793093:-2.426314;0.3872315:-2.659504;0.3062825:-2.846609;0.1772128:-3.037096
sigma3_hotel_seed42,HOTEL:biwi_hotel:226:10090,HOTEL,biwi_hotel,biwi_hotel:226,10090,3,1.3111050128936768,2.7284462451934814,1.27008855342865,1.2767845392227173,0.33888542652130127,0.48686957359313965,0.0,1.72:-9.5;1.71:-8.99;1.7:-8.5;1.64:-8.02;1.5:-7.49;1.45:-6.96;1.4:-6.46;1.31:-5.96,1.27:-5.46;1.21:-4.99;1.12:-4.52;1.1:-4.04;0.97:-3.58;0.85:-3.14;0.76:-2.65;0.67:-2.19;0.67:-1.75;0.74:-1.28;0.81:-0.75;0.96:-0.34,1.235226:-5.538502;1.113997:-5.214506;0.9288609:-4.982044;0.8695396:-4.693469;0.7760611:-4.424678;0.6202226:-4.240183;0.3770067:-4.038494;0.4156917:-3.770934;0.2460911:-3.513244;0.02703881:-3.341619;0.0617125:-3.087932;-0.01976824:-2.886463
sigma3_hotel_seed42,HOTEL:biwi_hotel:223:10100,HOTEL,biwi_hotel,biwi_hotel:223,10100,3,1.3008753061294556,2.7975618839263916,1.175265908241272,1.1606323719024658,0.5618712306022644,1.0646276473999023,1.75,1.62:2.32;1.65:1.87;1.71:1.44;1.63:1.04;1.67:0.54;1.68:0.06;1.61:-0.44;1.62:-0.91,1.65:-1.37;1.65:-1.86;1.72:-2.35;1.83:-2.77;1.88:-3.23;1.93:-3.67;2.01:-4.16;2.01:-4.67;1.95:-5.25;1.9:-5.74;1.86:-6.25;1.91:-6.77,1.527338:-1.339407;1.423568:-1.780515;1.289028:-2.190917;1.255946:-2.552983;1.124158:-2.910335;0.9624618:-3.248701;0.7736862:-3.473003;0.6676581:-3.817117;0.4760233:-4.009152;0.3361609:-4.270684;0.189945:-4.498325;0.008827567:-4.71771
sigma3_hotel_seed42,HOTEL:biwi_hotel:224:10100,HOTEL,biwi_hotel,biwi_hotel:224,10100,3,1.7286301851272583,3.230126142501831,1.3932874202728271,1.183613657951355,1.012406826019287,1.8378299474716187,1.875,0.74:2.98;0.73:2.54;0.92:2.13;0.95:1.69;0.9:1.15;1.03:0.73;1.07:0.29;0.98:-0.26,1.08:-0.71;1.19:-1.15;1.14:-1.78;1.19:-2.21;1.4:-2.62;1.41:-3.07;1.41:-3.53;1.55:-4.03;1.42:-4.53;1.25:-5.05;1.36:-5.5;1.37:-5.96,0.8038964:-0.7753265;0.6171272:-1.312751;0.3801298:-1.815565;0.2905587:-2.233953;0.0656634:-2.671319;-0.1920105:-3.07624;-0.486764:-3.339529;-0.6721977:-3.752675;-0.9652979:-3.963068;-1.159289:-4.307657;-1.406331:-4.57207;-1.661103:-4.843699
sigma3_hotel_seed42,HOTEL:biwi_hotel:226:10100,HOTEL,biwi_hotel,biwi_hotel:226,10100,3,1.2648780345916748,2.7348849773406982,1.2539936304092407,1.2737486362457275,0.37013542652130127,0.5843325257301331,0.0,1.71:-8.99;1.7:-8.5;1.64:-8.02;1.5:-7.49;1.45:-6.96;1.4:-6.46;1.31:-5.96;1.27:-5.46,1.21:-4.99;1.12:-4.52;1.1:-4.04;0.97:-3.58;0.85:-3.14;0.76:-2.65;0.67:-2.19;0.67:-1.75;0.74:-1.28;0.81:-0.75;0.96:-0.34;1.12:0.22,1.237733:-5.042906;1.165012:-4.724865;1.025142:-4.497003;1.006444:-4.204775;0.9518429:-3.944835;0.8341948:-3.759336;0.6249972:-3.559123;0.7081808:-3.295737;0.5741597:-3.033446;0.3842415:-2.86529;0.4558045:-2.611836;0.4032627:-2.419296
sigma3_hotel_seed42,HOTEL:biwi_hotel:223:10110,HOTEL,biwi_hotel,biwi_hotel:223,10110,3,1.031428337097168,2.3883936405181885,1.1524430513381958,1.1641960144042969,0.5476057529449463,1.0364078283309937,1.875,1.65:1.87;1.71:1.44;1.63:1.04;1.67:0.54;1.68:0.06;1.61:-0.44;1.62:-0.91;1.65:-1.37,1.65:-1.86;1.72:-2.35;1.83:-2.77;1.88:-3.23;1.93:-3.67;2.01:-4.16;2.01:-4.67;1.95:-5.25;1.9:-5.74;1.86:-6.25;1.91:-6.77;1.92:-7.24,1.631443:-1.791881;1.600663:-2.231025;1.517393:-2.650692;1.554536:-3.002952;1.484525:-3.355864;1.395994:-3.700901;1.246141:-3.930974;1.201469:-4.254982;1.069152:-4.442498;0.9892833:-4.721795;0.8983347:-4.931018;0.7722117:-5.145482
sigma3_hotel_seed42,HOTEL:biwi_hotel:224:10110,HOTEL,biwi_hotel,biwi_hotel:224,10110,3,0.6989408135414124,1.8400228023529053,1.1524430513381958,1.1910649538040161,1.0253981351852417,1.7620209455490112,2.0,0.73:2.54;0.92:2.13;0.95:1.69;0.9:1.15;1.03:0.73;1.07:0.29;0.98:-0.26;1.08:-0.71,1.19:-1.15;1.14:-1.78;1.19:-2.21;1.4:-2.62;1.41:-3.07;1.41:-3.53;1.55:-4.03;1.42:-4.53;1.25:-5.05;1.36:-5.5;1.37:-5.96;1.19:-6.51,1.175733:-1.148968;1.25529:-1.610844;1.268259:-2.057792;1.410841:-2.424431;1.443977:-2.795649;1.458385:-3.160901;1.387115:-3.411474;1.447587:-3.742703;1.408581:-3.941122;1.411129:-4.242652;1.416536:-4.454128;1.369559:-4.67876
sigma3_hotel_seed42,HOTEL:biwi_hotel:226:10110,HOTEL,biwi_hotel,biwi_hotel:226,10110,3,1.361982822418213,3.01188063621521,1.1845357418060303,1.267931580543518,0.3545784652233124,0.5275256633758545,0.0,1.7:-8.5;1.64:-8.02;1.5:-7.49;1.45:-6.96;1.4:-6.46;1.31:-5.96;1.27:-5.46;1.21:-4.99,1.12:-4.52;1.1:-4.04;0.97:-3.58;0.85:-3.14;0.76:-2.65;0.67:-2.19;0.67:-1.75;0.74:-1.28;0.81:-0.75;0.96:-0.34;1.12:0.22;1.25:0.73,1.145759:-4.581086;1.042283:-4.268361;0.8792378:-4.043804;0.8345791:-3.764965;0.7488709:-3.506553;0.597198:-3.331692;0.3784925:-3.130582;0.4206733:-2.880363;0.2571092:-2.621339;0.04862666:-2.451859;0.09110045:-2.208343;0.01376104:-2.016477
sigma3_hotel_seed42,HOTEL:biwi_hotel:227:10110,HOTEL,biwi_hotel,biwi_hotel:227,10110,3,1.8412586450576782,3.5858702659606934,1.068877935409546,1.2672624588012695,0.7306028008460999,1.238062858581543,1.875,1.72:3.87;1.8:3.32;1.83:2.82;2.02:2.31;2.09:1.82;2.02:1.31;2.03:0.8;1.95:0.38,1.85:-0.03;1.95:-0.51;2.01:-1.01;2.03:-1.53;2.18:-2.01;2.24:-2.44;2.19:-2.89;2.18:-3.29;2.16:-3.75;2.05:-4.24;1.97:-4.65;1.96:-5.16,1.772592:0.0483115;1.592109:-0.2964134;1.375093:-0.6203719;1.262051:-0.9046273;1.049326:-1.174714;0.8255383:-1.452978;0.5722033:-1.623606;0.3784724:-1.881153;0.1239483:-2.022348;-0.07078004:-2.233795;-0.2848349:-2.400018;-0.5148454:-2.565081
sigma3_hotel_seed42,HOTEL:biwi_hotel:223:10120,HOTEL,biwi_hotel,biwi_hotel:223,10120,3,1.1146923303604126,2.3598060607910156,1.225000023841858,1.1841367483139038,0.4426559805870056,0.7654977440834045,2.0,1.71:1.44;1.63:1.04;1.67:0.54;1.68:0.06;1.61:-0.44;1.62:-0.91;1.65:-1.37;1.65:-1.86,1.72:-2.35;1.83:-2.77;1.88:-3.23;1.93:-3.67;2.01:-4.16;2.01:-4.67;1.95:-5.25;1.9:-5.74;1.86:-6.25;1.91:-6.77;1.92:-7.24;1.85:-7.72,1.594902:-2.312349;1.525857:-2.782364;1.404236:-3.230695;1.411918:-3.604088;1.305427:-3.983906;1.177003:-4.34875;0.9906604:-4.591433;0.9121957:-4.941718;0.7413304:-5.139147;0.6370232:-5.441754;0.5062164:-5.667706;0.3502079:-5.898103
sigma3_hotel_seed42,HOTEL:biwi_hotel:224:10120,HOTEL,biwi_hotel,biwi_hotel:224,10120,3,1.0666106939315796,2.4120218753814697,1.1338540315628052,1.1916567087173462,0.8705584406852722,1.422453761100769,2.0,0.92:2.13;0.95:1.69;0.9:1.15;1.03:0.73;1.07:0.29;0.98:-0.26;1.08:-0.71;1.19:-1.15,1.14:-1.78;1.19:-2.21;1.4:-2.62;1.41:-3.07;1.41:-3.53;1.55:-4.03;1.42:-4.53;1.25:-5.05;1.36:-5.5;1.37:-5.96;1.19:-6.51;1.19:-7.01,1.233957:-1.535218;1.266886:-1.934462;1.256131:-2.313215;1.341784:-2.643978;1.337577:-2.963256;1.31405:-3.280396;1.234771:-3.495637;1.250622:-3.791963;1.185729:-3.972813;1.145107:-4.212406;1.125217:-4.407413;1.048177:-4.602151
sigma3_hotel_seed42,HOTEL:biwi_hotel:226:10120,HOTEL,biwi_hotel,biwi_hotel:226,10120,3,1.4601420164108276,3.2728381156921387,1.1963486671447754,1.266075849533081,0.28755784034729004,0.4558546841144562,0.0,1.64:-8.02;1.5:-7.49;1.45:-6.96;1.4:-6.46;1.31:-5.96;1.27:-5.46;1.21:-4.99;1.12:-4.52,1.1:-4.04;0.97:-3.58;0.85:-3.14;0.76:-2.65;0.67:-2.19;0.67:-1.75;0.74:-1.28;0.81:-0.75;0.96:-0.34;1.12:0.22;1.25:0.73;1.45:1.21,1.033022:-4.110188;0.899275:-3.793611;0.7103907:-3.568883;0.6414023:-3.292025;0.536382:-3.030436;0.3641664:-2.854829;0.125773:-2.653352;0.145384:-2.401881;-0.03652287:-2.148309;-0.2598706:-1.978191;-0.2385288:-1.735983;-0.3296086:-1.536719
sigma3_hotel_seed42,HOTEL:biwi_hotel:227:10120,HOTEL,biwi_hotel,biwi_hotel:227,10120,3,1.6968878507614136,3.178354263305664,1.0550473928451538,1.2194879055023193,0.6802382469177246,1.204559564590454,2.0,1.8:3.32;1.83:2.82;2.02:2.31;2.09:1.82;2.02:1.31;2.03:0.8;1.95:0.38;1.85:-0.03,1.95:-0.51;2.01:-1.01;2.03:-1.53;2.18:-2.01;2.24:-2.44;2.19:-2.89;2.18:-3.29;2.16:-3.75;2.05:-4.24;1.97:-4.65;1.96:-5.16;1.89:-5.6,1.704496:-0.3972751;1.551664:-0.7747843;1.367888:-1.128152;1.282822:-1.441082;1.102276:-1.741904;0.9031612:-2.039804;0.6776824:-2.229628;0.5169263:-2.518859;0.2885838:-2.681172;0.1149215:-2.907525;-0.07290602:-3.097819;-0.283223:-3.280725
sigma3_hotel_seed42,HOTEL:biwi_hotel:223:10130,HOTEL,biwi_hotel,biwi_hotel:223,10130,3,0.7127184271812439,1.7558259963989258,1.2374368906021118,1.2152272462844849,0.35285910964012146,0.6301692724227905,2.125,1.63:1.04;1.67:0.54;1.68:0.06;1.61:-0.44;1.62:-0.91;1.65:-1.37;1.65:-1.86;1.72:-2.35,1.83:-2.77;1.88:-3.23;1.93:-3.67;2.01:-4.16;2.01:-4.67;1.95:-5.25;1.9:-5.74;1.86:-6.25;1.91:-6.77;1.92:-7.24;1.85:-7.72;1.84:-8.19,1.740575:-2.817733;1.745307:-3.307042;1.692755:-3.773321;1.769985:-4.16205;1.733661:-4.557671;1.670758:-4.937009;1.542307:-5.194676;1.536121:-5.557427;1.427623:-5.764407;1.374465:-6.077868;1.311891:-6.311406;1.206241:-6.55254
sigma3_hotel_seed42,HOTEL:biwi_hotel:224:10130,HOTEL,biwi_hotel,biwi_hotel:224,10130,3,1.6989041566848755,2.776214361190796,1.5799524784088135,1.2598564624786377,0.9959046840667725,1.5862257480621338,2.0,0.95:1.69;0.9:1.15;1.03:0.73;1.07:0.29;0.98:-0.26;1.08:-0.71;1.19:-1.15;1.14:-1.78,1.19:-2.21;1.4:-2.62;1.41:-3.07;1.41:-3.53;1.55:-4.03;1.42:-4.53;1.25:-5.05;1.36:-5.5;1.37:-5.96;1.19:-6.51;1.19:-7.01;1.29:-7.46,0.9961481:-2.468812;0.830058:-3.194869;0.5710631:-3.890136;0.5367706:-4.427474;0.3163064:-5.022701;0.060094:-5.56501;-0.2822914:-5.926215;-0.4491384:-6.463358;-0.7617046:-6.734136;-0.9149836:-7.246295;-1.189669:-7.580747;-1.44348:-7.945238
sigma3_hotel_seed42,HOTEL:biwi_hotel:226:10130,HOTEL,biwi_hotel,biwi_hotel:226,10130,3,1.4219402074813843,3.0926573276519775,1.2010412216186523,1.2418750524520874,0.2674647867679596,0.439220130443573,0.125,1.5:-7.49;1.45:-6.96;1.4:-6.46;1.31:-5.96;1.27:-5.46;1.21:-4.99;1.12:-4.52;1.1:-4.04,0.97:-3.58;0.85:-3.14;0.76:-2.65;0.67:-2.19;0.67:-1.75;0.74:-1.28;0.81:-0.75;0.96:-0.34;1.12:0.22;1.25:0.73;1.45:1.21;1.58:1.69,1.073587:-3.640428;1.001538:-3.331786;0.8733467:-3.118377;0.8575816:-2.837842;0.8100265:-2.590887;0.6942294:-2.413442;0.501296:-2.21608;0.5835059:-1.970696;0.4544652:-1.717969;0.275265:-1.555992;0.3454018:-1.316129;0.2985022:-1.124657
sigma3_hotel_seed42,HOTEL:biwi_hotel:227:10130,HOTEL,biwi_hotel,biwi_hotel:227,10130,3,0.9173378348350525,2.108388662338257,1.2257651090621948,1.2157046794891357,0.7339715957641602,1.3524945974349976,2.0,1.83:2.82;2.02:2.31;2.09:1.82;2.02:1.31;2.03:0.8;1.95:0.38;1.85:-0.03;1.95:-0.51,2.01:-1.01;2.03:-1.53;2.18:-2.01;2.24:-2.44;2.19:-2.89;2.18:-3.29;2.16:-3.75;2.05:-4.24;1.97:-4.65;1.96:-5.16;1.89:-5.6;1.76:-6.07,2.121945:-0.9302894;2.264353:-1.377137;2.331675:-1.824982;2.538623:-2.175608;2.643285:-2.53862;2.725513:-2.895973;2.697666:-3.146514;2.836133:-3.459894;2.859463:-3.654204;2.917042:-3.960726;2.987488:-4.157434;3.002377:-4.366533
sigma3_hotel_seed42,HOTEL:biwi_hotel:223:10140,HOTEL,biwi_hotel,biwi_hotel:223,10140,3,1.077080488204956,2.4697694778442383,1.0854146480560303,1.1911444664001465,0.39928314089775085,0.6854239106178284,2.25,1.67:0.54;1.68:0.06;1.61:-0.44;1.62:-0.91;1.65:-1.37;1.65:-1.86;1.72:-2.35;1.83:-2.77,1.88:-3.23;1.93:-3.67;2.01:-4.16;2.01:-4.67;1.95:-5.25;1.9:-5.74;1.86:-6.25;1.91:-6.77;1.92:-7.24;1.85:-7.72;1.84:-8.19;1.86:-8.71,1.892006:-3.156291;1.941859:-3.557608;1.946359:-3.939329;2.04828:-4.271408;2.06072:-4.592479;2.05307:-4.911613;1.98648:-5.129366;2.019575:-5.4261;1.969516:-5.608093;1.941537:-5.850054;1.937525:-6.044948;1.873217:-6.240266
sigma3_hotel_seed42,HOTEL:biwi_hotel:224:10140,HOTEL,biwi_hotel,biwi_hotel:224,10140,3,1.0309776067733765,2.370487928390503,1.0822430849075317,1.2207804918289185,1.0034815073013306,1.388683557510376,2.125,0.9:1.15;1.03:0.73;1.07:0.29;0.98:-0.26;1.08:-0.71;1.19:-1.15;1.14:-1.78;1.19:-2.21,1.4:-2.62;1.41:-3.07;1.41:-3.53;1.55:-4.03;1.42:-4.53;1.25:-5.05;1.36:-5.5;1.37:-5.96;1.19:-6.51;1.19:-7.01;1.29:-7.46;1.16:-7.98,1.202681:-2.596362;1.198305:-2.994833;1.139097:-3.386377;1.196706:-3.709181;1.157475:-4.028063;1.110023:-4.349889;0.9858004:-4.566287;0.9629513:-4.850354;0.8670621:-5.02999;0.8175994:-5.293136;0.7516923:-5.47765;0.6579058:-5.663297
sigma3_hotel_seed42,HOTEL:biwi_hotel:227:10140,HOTEL,biwi_hotel,biwi_hotel:227,10140,3,0.3549920618534088,0.9238398671150208,1.2589678764343262,1.201184868812561,0.6538320779800415,1.2237379550933838,2.0,2.02:2.31;2.09:1.82;2.02:1.31;2.03:0.8;1.95:0.38;1.85:-0.03;1.95:-0.51;2.01:-1.01,2.03:-1.53;2.18:-2.01;2.24:-2.44;2.19:-2.89;2.18:-3.29;2.16:-3.75;2.05:-4.24;1.97:-4.65;1.96:-5.16;1.89:-5.6;1.76:-6.07;1.78:-6.48,2.034014:-1.521353;2.039947:-2.059456;1.976189:-2.575411;2.064449:-2.993514;2.023979:-3.429901;1.956062:-3.844591;1.809367:-4.126491;1.804502:-4.521125;1.68531:-4.741345;1.638348:-5.098623;1.5645:-5.349193;1.45524:-5.615124
sigma3_hotel_seed42,HOTEL:biwi_hotel:223:10150,HOTEL,biwi_hotel,biwi_hotel:223,10150,3,1.061552882194519,2.3864028453826904,1.156773567199707,1.1849321126937866,0.38850075006484985,0.6733784675598145,2.375,1.68:0.06;1.61:-0.44;1.62:-0.91;1.65:-1.37;1.65:-1.86;1.72:-2.35;1.83:-2.77;1.88:-3.23,1.93:-3.67;2.01:-4.16;2.01:-4.67;1.95:-5.25;1.9:-5.74;1.86:-6.25;1.91:-6.77;1.92:-7.24;1.85:-7.72;1.84:-8.19;1.86:-8.71;1.77:-9.18,1.863883:-3.64117;1.835237:-4.066389;1.762701:-4.470075;1.797808:-4.817044;1.734574:-5.159099;1.650195:-5.492725;1.514057:-5.71647;1.473546:-6.034992;1.34953:-6.222108;1.268935:-6.484244;1.187005:-6.692815;1.064325:-6.90032
sigma3_hotel_seed42,HOTEL:biwi_hotel:224:10150,HOTEL,biwi_hotel,biwi_hotel:224,10150,3,1.5531085729599,3.108377456665039,1.1516293287277222,1.2282779216766357,1.0754082202911377,1.5367690324783325,2.25,1.03:0.73;1.07:0.29;0.98:-0.26;1.08:-0.71;1.19:-1.15;1.14:-1.78;1.19:-2.21;1.4:-2.62,1.41:-3.07;1.41:-3.53;1.55:-4.03;1.42:-4.53;1.25:-5.05;1.36:-5.5;1.37:-5.96;1.19:-6.51;1.19:-7.01;1.29:-7.46;1.16:-7.98;1.13:-8.44,1.596205:-2.974501;1.776843:-3.348207;1.897179:-3.714201;2.117158:-4.02314;2.25371:-4.319757;2.377057:-4.626753;2.409882:-4.842122;2.565732:-5.102707;2.635001:-5.2772;2.704262:-5.510507;2.820868:-5.67906;2.858008:-5.856205
sigma3_hotel_seed42,HOTEL:biwi_hotel:227:10150,HOTEL,biwi_hotel,biwi_hotel:227,10150,3,0.6668033003807068,1.3348361253738403,1.3009611368179321,1.2102597951889038,0.5531029105186462,1.0264246463775635,2.125,2.09:1.82;2.02:1.31;2.03:0.8;1.95:0.38;1.85:-0.03;1.95:-0.51;2.01:-1.01;2.03:-1.53,2.18:-2.01;2.24:-2.44;2.19:-2.89;2.18:-3.29;2.16:-3.75;2.05:-4.24;1.97:-4.65;1.96:-5.16;1.89:-5.6;1.76:-6.07;1.78:-6.48;1.78:-6.95,1.976777:-2.051322;1.90736:-2.595703;1.781263:-3.110081;1.799294:-3.536904;1.689754:-3.979497;1.547351:-4.393745;1.34972:-4.672424;1.27528:-5.082998;1.090699:-5.30581;0.986295:-5.657753;0.8472198:-5.921608;0.6805584:-6.193022
sigma3_hotel_seed42,HOTEL:biwi_hotel:227:10160,HOTEL,biwi_hotel,biwi_hotel:227,10160,3,1.1759175062179565,2.423919916152954,1.2572290897369385,1.2060133218765259,0.6114515662193298,1.1348589658737183,2.25,2.02:1.31;2.03:0.8;1.95:0.38;1.85:-0.03;1.95:-0.51;2.01:-1.01;2.03:-1.53;2.18:-2.01,2.24:-2.44;2.19:-2.89;2.18:-3.29;2.16:-3.75;2.05:-4.24;1.97:-4.65;1.96:-5.16;1.89:-5.6;1.76:-6.07;1.78:-6.48;1.78:-6.95;1.65:-7.47,2.350565:-2.408963;2.493867:-2.831427;2.571035:-3.251752;2.772314:-3.589758;2.880474:-3.931914;2.965405:-4.271032;2.951856:-4.509369;3.090012:-4.80866;3.12051:-4.997374;3.173977:-5.277969;3.252967:-5.468318;3.268905:-5.665967
sigma3_hotel_seed42,HOTEL:biwi_hotel:227:10170,HOTEL,biwi_hotel,biwi_hotel:227,10170,3,0.965006411075592,2.2951841354370117,1.0854146480560303,1.1788947582244873,0.5861152410507202,1.0912772417068481,2.375,2.03:0.8;1.95:0.38;1.85:-0.03;1.95:-0.51;2.01:-1.01;2.03:-1.53;2.18:-2.01;2.24:-2.44,2.19:-2.89;2.18:-3.29;2.16:-3.75;2.05:-4.24;1.97:-4.65;1.96:-5.16;1.89:-5.6;1.76:-6.07;1.78:-6.48;1.78:-6.95;1.65:-7.47;1.64:-7.98,2.24791:-2.801796;2.246049:-3.178577;2.194093:-3.540817;2.247715:-3.850074;2.206614:-4.148303;2.154658:-4.453424;2.039804:-4.655717;2.016661:-4.927276;1.92066:-5.093602;1.859702:-5.329809;1.803757:-5.505836;1.704671:-5.685727
sigma3_hotel_seed42,HOTEL:biwi_hotel:227:10180,HOTEL,biwi_hotel,biwi_hotel:227,10180,3,0.9549433588981628,2.443164348602295,1.1319231986999512,1.1879011392593384,0.6792846918106079,1.2895641326904297,2.5,1.95:0.38;1.85:-0.03;1.95:-0.51;2.01:-1.01;2.03:-1.53;2.18:-2.01;2.24:-2.44;2.19:-2.89,2.18:-3.29;2.16:-3.75;2.05:-4.24;1.97:-4.65;1.96:-5.16;1.89:-5.6;1.76:-6.07;1.78:-6.48;1.78:-6.95;1.65:-7.47;1.64:-7.98;1.68:-8.56,2.127964:-3.266266;2.054829:-3.655916;1.935431:-4.029796;1.927282:-4.347445;1.819947:-4.657499;1.699906:-4.969552;1.525925:-5.173435;1.437458:-5.458979;1.277334:-5.627853;1.168842:-5.875475;1.04549:-6.060794;0.8954244:-6.246239
sigma3_hotel_seed42,HOTEL:biwi_hotel:230:10260,HOTEL,biwi_hotel,biwi_hotel:230,10260,3,2.1825385093688965,4.149989604949951,1.53235924243927,1.4539111852645874,0.47761180996894836,0.6445220112800598,1.625,0.93:-9.76;0.76:-9.2;0.63:-8.65;0.58:-8.08;0.45:-7.48;0.41:-6.95;0.41:-6.36;0.35:-5.75,0.43:-5.1;0.52:-4.55;0.56:-3.91;0.73:-3.38;0.79:-2.81;0.84:-2.26;0.94:-1.72;0.95:-1.14;1.02:-0.6;1.13:-0.06;1.19:0.53;1.34:1.07,0.2408498:-5.243224;0.08583823:-4.866403;-0.1638512:-4.564029;-0.2523805:-4.218514;-0.3769665:-3.892365;-0.5588421:-3.657267;-0.8861494:-3.443357;-0.8411026:-3.09208;-1.039742:-2.793822;-1.309159:-2.595921;-1.276357:-2.284267;-1.386614:-2.058576
sigma3_hotel_seed42,HOTEL:biwi_hotel:231:10260,HOTEL,biwi_hotel,biwi_hotel:231,10260,3,1.219545841217041,2.2824950218200684,0.9055384993553162,0.9900921583175659,0.4452448785305023,0.8372999429702759,2.125,2.75:-9.51;2.86:-9.17;2.92:-8.79;2.95:-8.32;3.05:-7.92;3.11:-7.53;3.1:-7.14;3.14:-6.78,3.16:-6.41;3.1:-5.96;3.06:-5.59;3.09:-5.22;3.05:-4.82;2.98:-4.46;3.08:-4.1;3.05:-3.75;3:-3.38;3.06:-3.06;3.15:-2.74;3.15:-2.36,3.194153:-6.489109;3.221504:-6.255874;3.228214:-6.109365;3.289085:-5.898053;3.318891:-5.730157;3.276439:-5.601667;3.222706:-5.434688;3.348892:-5.285468;3.298224:-5.078895;3.204414:-4.942908;3.319468:-4.777937;3.326203:-4.635684
sigma3_hotel_seed42,HOTEL:biwi_hotel:232:10260,HOTEL,biwi_hotel,biwi_hotel:232,10260,3,1.3240010738372803,2.441012382507324,0.9552486538887024,1.0463194847106934,0.5405099391937256,1.1228439807891846,1.5,3.52:-10.01;3.43:-9.55;3.44:-9.17;3.54:-8.78;3.56:-8.35;3.56:-7.92;3.63:-7.49;3.59:-7.11,3.65:-6.6;3.64:-6.25;3.71:-5.78;3.64:-5.35;3.63:-5.03;3.63:-4.68;3.64:-4.33;3.58:-3.97;3.48:-3.68;3.52:-3.34;3.64:-2.96;3.65:-2.58,3.527125:-6.791487;3.433799:-6.535758;3.314296:-6.354525;3.264284:-6.141334;3.188074:-5.936789;3.053009:-5.796978;2.891265:-5.628711;2.909577:-5.444851;2.768629:-5.245792;2.581711:-5.087619;2.60781:-4.908479;2.531412:-4.749632
sigma3_hotel_seed42,HOTEL:biwi_hotel:233:10260,HOTEL,biwi_hotel,biwi_hotel:233,10260,3,0.03309249132871628,0.05497155711054802,0.0,0.0071428571827709675,0.0416666679084301,0.0,0.5,-1.11:-6.76;-1.11:-6.76;-1.11:-6.76;-1.11:-6.76;-1.09:-6.76;-1.09:-6.76;-1.09:-6.76;-1.09:-6.76,-1.09:-6.76;-1.09:-6.76;-1.09:-6.76;-1.09:-6.76;-1.09:-6.76;-1.09:-6.76;-1.09:-6.76;-1.09:-6.76;-1.09:-6.76;-1.09:-6.76;-1.09:-6.76;-1.09:-6.76,-1.099231:-6.763557;-1.101333:-6.770835;-1.108121:-6.771319;-1.11845:-6.771891;-1.122023:-6.774323;-1.124241:-6.76733;-1.123337:-6.780534;-1.112591:-6.781831;-1.110457:-6.792873;-1.108518:-6.7941;-1.10835:-6.802375;-1.090192:-6.814971
sigma3_hotel_seed42,HOTEL:biwi_hotel:230:10270,HOTEL,biwi_hotel,biwi_hotel:230,10270,3,1.6438102722167969,3.304093599319458,1.6372613906860352,1.4787932634353638,0.5863317251205444,0.8024020791053772,1.5,0.76:-9.2;0.63:-8.65;0.58:-8.08;0.45:-7.48;0.41:-6.95;0.41:-6.36;0.35:-5.75;0.43:-5.1,0.52:-4.55;0.56:-3.91;0.73:-3.38;0.79:-2.81;0.84:-2.26;0.94:-1.72;0.95:-1.14;1.02:-0.6;1.13:-0.06;1.19:0.53;1.34:1.07;1.45:1.61,0.4529652:-4.595047;0.4354452:-4.223215;0.3075228:-3.929384;0.3357647:-3.559826;0.3357309:-3.251035;0.2835041:-2.999584;0.03668261:-2.793914;0.2279399:-2.430643;0.146405:-2.125771;-0.03257594:-1.941209;0.1118022:-1.617552;0.09837678:-1.404987
sigma3_hotel_seed42,HOTEL:biwi_hotel:231:10270,HOTEL,biwi_hotel,biwi_hotel:231,10270,3,1.1600109338760376,2.1990368366241455,0.9263503551483154,0.9948024153709412,0.4018380641937256,0.7376563549041748,2.125,2.86:-9.17;2.92:-8.79;2.95:-8.32;3.05:-7.92;3.11:-7.53;3.1:-7.14;3.14:-6.78;3.16:-6.41,3.1:-5.96;3.06:-5.59;3.09:-5.22;3.05:-4.82;2.98:-4.46;3.08:-4.1;3.05:-3.75;3:-3.38;3.06:-3.06;3.15:-2.74;3.15:-2.36;3.13:-2,3.175663:-6.109496;3.160048:-5.867651;3.124866:-5.710166;3.147681:-5.497985;3.143608:-5.318254;3.068806:-5.185099;2.979409:-5.016303;3.070697:-4.856884;2.989921:-4.652952;2.864741:-4.509149;2.951138:-4.33986;2.930343:-4.189954
sigma3_hotel_seed42,HOTEL:biwi_hotel:232:10270,HOTEL,biwi_hotel,biwi_hotel:232,10270,3,0.7863233685493469,1.603151559829712,1.2837932109832764,1.0623178482055664,0.5779575109481812,1.1253085136413574,1.625,3.43:-9.55;3.44:-9.17;3.54:-8.78;3.56:-8.35;3.56:-7.92;3.63:-7.49;3.59:-7.11;3.65:-6.6,3.64:-6.25;3.71:-5.78;3.64:-5.35;3.63:-5.03;3.63:-4.68;3.64:-4.33;3.58:-3.97;3.48:-3.68;3.52:-3.34;3.64:-2.96;3.65:-2.58;3.65:-2.2,3.701602:-6.218759;3.695138:-5.919359;3.644869:-5.727274;3.690254:-5.445307;3.721358:-5.222659;3.672465:-5.04147;3.540052:-4.847013;3.70365:-4.618695;3.642682:-4.373464;3.520392:-4.222637;3.652464:-3.992138;3.663548:-3.803094
sigma3_hotel_seed42,HOTEL:biwi_hotel:233:10270,HOTEL,biwi_hotel,biwi_hotel:233,10270,3,0.11137647181749344,0.23273195326328278,0.0,0.0071428571827709675,0.0416666679084301,0.0,0.5,-1.11:-6.76;-1.11:-6.76;-1.11:-6.76;-1.09:-6.76;-1.09:-6.76;-1.09:-6.76;-1.09:-6.76;-1.09:-6.76,-1.09:-6.76;-1.09:-6.76;-1.09:-6.76;-1.09:-6.76;-1.09:-6.76;-1.09:-6.76;-1.09:-6.76;-1.09:-6.76;-1.09:-6.76;-1.09:-6.76;-1.09:-6.76;-1.09:-6.76,-1.081436:-6.767076;-1.061853:-6.778808;-1.047878:-6.769157;-1.03489:-6.767539;-1.018749:-6.784798;-1.003201:-6.761927;-0.9983797:-6.79767;-0.9506032:-6.790226;-0.9280203:-6.802001;-0.9095216:-6.808025;-0.8988581:-6.825454;-0.8732386:-6.844727
sigma3_hotel_seed42,HOTEL:biwi_hotel:230:10280,HOTEL,biwi_hotel,biwi_hotel:230,10280,3,1.8807820081710815,3.6750714778900146,1.3932874202728271,1.475993275642395,0.6051198840141296,0.6975313425064087,1.5,0.63:-8.65;0.58:-8.08;0.45:-7.48;0.41:-6.95;0.41:-6.36;0.35:-5.75;0.43:-5.1;0.52:-4.55,0.56:-3.91;0.73:-3.38;0.79:-2.81;0.84:-2.26;0.94:-1.72;0.95:-1.14;1.02:-0.6;1.13:-0.06;1.19:0.53;1.34:1.07;1.45:1.61;1.5:2.15,0.5585881:-4.113573;0.558386:-3.78449;0.4711486:-3.546762;0.5125871:-3.226018;0.5249746:-2.959844;0.4838473:-2.753605;0.2973072:-2.555043;0.4673256:-2.260238;0.3985145:-1.98853;0.2492606:-1.82196;0.3866906:-1.544097;0.3862531:-1.352245
sigma3_hotel_seed42,HOTEL:biwi_hotel:231:10280,HOTEL,biwi_hotel,biwi_hotel:231,10280,3,0.9698838591575623,2.0066630840301514,1.1349560022354126,1.0195434093475342,0.42086800932884216,0.8313508033752441,2.125,2.92:-8.79;2.95:-8.32;3.05:-7.92;3.11:-7.53;3.1:-7.14;3.14:-6.78;3.16:-6.41;3.1:-5.96,3.06:-5.59;3.09:-5.22;3.05:-4.82;2.98:-4.46;3.08:-4.1;3.05:-3.75;3:-3.38;3.06:-3.06;3.15:-2.74;3.15:-2.36;3.13:-2;3.18:-1.6,3.056302:-5.599373;2.957826:-5.311711;2.831044:-5.122068;2.793486:-4.873737;2.735191:-4.650832;2.598618:-4.491085;2.422523:-4.300845;2.473425:-4.094909;2.333593:-3.867826;2.152503:-3.710742;2.199212:-3.503778;2.140051:-3.316159
sigma3_hotel_seed42,HOTEL:biwi_hotel:232:10280,HOTEL,biwi_hotel,biwi_hotel:232,10280,3,1.145021915435791,2.2547388076782227,0.8753570914268494,1.051607608795166,0.6655498743057251,1.0462878942489624,1.625,3.44:-9.17;3.54:-8.78;3.56:-8.35;3.56:-7.92;3.63:-7.49;3.59:-7.11;3.65:-6.6;3.64:-6.25,3.71:-5.78;3.64:-5.35;3.63:-5.03;3.63:-4.68;3.64:-4.33;3.58:-3.97;3.48:-3.68;3.52:-3.34;3.64:-2.96;3.65:-2.58;3.65:-2.2;3.66:-1.81,3.62601:-5.945326;3.587354:-5.70169;3.522715:-5.534945;3.520881:-5.32419;3.488106:-5.136048;3.393476:-5.002543;3.278918:-4.836677;3.341624:-4.668094;3.239064:-4.466246;3.091751:-4.317543;3.154659:-4.14558;3.112805:-3.997333
sigma3_hotel_seed42,HOTEL:biwi_hotel:233:10280,HOTEL,biwi_hotel,biwi_hotel:233,10280,3,0.023728368803858757,0.03797594830393791,0.0,0.0071428571827709675,0.0416666679084301,0.0,0.5,-1.11:-6.76;-1.11:-6.76;-1.09:-6.76;-1.09:-6.76;-1.09:-6.76;-1.09:-6.76;-1.09:-6.76;-1.09:-6.76,-1.09:-6.76;-1.09:-6.76;-1.09:-6.76;-1.09:-6.76;-1.09:-6.76;-1.09:-6.76;-1.09:-6.76;-1.09:-6.76;-1.09:-6.76;-1.09:-6.76;-1.09:-6.76;-1.09:-6.76,-1.098245:-6.762884;-1.096924:-6.768558;-1.102583:-6.769162;-1.112443:-6.770532;-1.117353:-6.767077;-1.114996:-6.764996;-1.111305:-6.773921;-1.108829:-6.772394;-1.105858:-6.783929;-1.103985:-6.782794;-1.10299:-6.786465;-1.085389:-6.797695
sigma3_hotel_seed42,HOTEL:biwi_hotel:230:10290,HOTEL,biwi_hotel,biwi_hotel:230,10290,3,1.7189799547195435,3.42645263671875,1.6031219959259033,1.500657558441162,0.6233659982681274,0.6714380383491516,1.5,0.58:-8.08;0.45:-7.48;0.41:-6.95;0.41:-6.36;0.35:-5.75;0.43:-5.1;0.52:-4.55;0.56:-3.91,0.73:-3.38;0.79:-2.81;0.84:-2.26;0.94:-1.72;0.95:-1.14;1.02:-0.6;1.13:-0.06;1.19:0.53;1.34:1.07;1.45:1.61;1.5:2.15;1.65:2.67,0.5656234:-3.42505;0.5328987:-3.065642;0.3963551:-2.786709;0.4099751:-2.436308;0.3916731:-2.13544;0.3234697:-1.902301;0.08079499:-1.697367;0.2387348:-1.354575;0.1419304:-1.060812;-0.04368341:-0.8789327;0.08035436:-0.5690773;0.05379742:-0.361949
sigma3_hotel_seed42,HOTEL:biwi_hotel:231:10290,HOTEL,biwi_hotel,biwi_hotel:231,10290,3,1.0771795511245728,2.161879777908325,0.9303897023200989,0.9842574596405029,0.4036462903022766,0.6749771237373352,2.125,2.95:-8.32;3.05:-7.92;3.11:-7.53;3.1:-7.14;3.14:-6.78;3.16:-6.41;3.1:-5.96;3.06:-5.59,3.09:-5.22;3.05:-4.82;2.98:-4.46;3.08:-4.1;3.05:-3.75;3:-3.38;3.06:-3.06;3.15:-2.74;3.15:-2.36;3.13:-2;3.18:-1.6;3.14:-1.25,3.030262:-5.274353;2.964244:-5.019693;2.874922:-4.848938;2.853647:-4.631262;2.808526:-4.435377;2.697363:-4.294931;2.560425:-4.124619;2.612345:-3.947674;2.495416:-3.745275;2.334902:-3.594889;2.385022:-3.416979;2.334767:-3.256321
sigma3_hotel_seed42,HOTEL:biwi_hotel:232:10290,HOTEL,biwi_hotel,biwi_hotel:232,10290,3,0.8786357045173645,1.8627370595932007,1.1879603862762451,1.0775246620178223,0.722611665725708,1.0181764364242554,1.625,3.54:-8.78;3.56:-8.35;3.56:-7.92;3.63:-7.49;3.59:-7.11;3.65:-6.6;3.64:-6.25;3.71:-5.78,3.64:-5.35;3.63:-5.03;3.63:-4.68;3.64:-4.33;3.58:-3.97;3.48:-3.68;3.52:-3.34;3.64:-2.96;3.65:-2.58;3.65:-2.2;3.66:-1.81;3.68:-1.37,3.780015:-5.429729;3.800927:-5.152831;3.783464:-4.982481;3.851261:-4.721755;3.896172:-4.519932;3.863402:-4.359097;3.769621:-4.173133;3.934158:-3.97211;3.888352:-3.73714;3.792302:-3.597994;3.92887:-3.387706;3.952688:-3.212669
sigma3_hotel_seed42,HOTEL:biwi_hotel:233:10290,HOTEL,biwi_hotel,biwi_hotel:233,10290,3,0.01250497531145811,0.020622042939066887,0.0,0.0071428571827709675,0.02083333395421505,0.0,0.5,-1.11:-6.76;-1.09:-6.76;-1.09:-6.76;-1.09:-6.76;-1.09:-6.76;-1.09:-6.76;-1.09:-6.76;-1.09:-6.76,-1.09:-6.76;-1.09:-6.76;-1.09:-6.76;-1.09:-6.76;-1.09:-6.76;-1.09:-6.76;-1.09:-6.76;-1.09:-6.76;-1.09:-6.76;-1.09:-6.76;-1.09:-6.76;-1.07:-6.76,-1.09535:-6.759369;-1.092856:-6.760099;-1.096308:-6.759001;-1.103621:-6.757237;-1.105134:-6.750124;-1.098726:-6.745876;-1.092836:-6.748567;-1.087068:-6.746701;-1.081764:-6.757905;-1.07846:-6.751328;-1.073407:-6.75328;-1.049525:-6.76246
sigma3_hotel_seed42,HOTEL:biwi_hotel:230:10300,HOTEL,biwi_hotel,biwi_hotel:230,10300,3,1.8366565704345703,3.586907386779785,1.3914920091629028,1.4801843166351318,0.6819871664047241,0.7813668847084045,1.375,0.45:-7.48;0.41:-6.95;0.41:-6.36;0.35:-5.75;0.43:-5.1;0.52:-4.55;0.56:-3.91;0.73:-3.38,0.79:-2.81;0.84:-2.26;0.94:-1.72;0.95:-1.14;1.02:-0.6;1.13:-0.06;1.19:0.53;1.34:1.07;1.45:1.61;1.5:2.15;1.65:2.67;1.73:3.21,0.8771055:-2.970578;0.994011:-2.664245;1.026654:-2.451167;1.168618:-2.132859;1.281959:-1.899516;1.335663:-1.698684;1.246183:-1.506331;1.521994:-1.237511;1.544502:-0.9645166;1.475951:-0.8121204;1.701412:-0.5469134;1.776053:-0.3766117
sigma3_hotel_seed42,HOTEL:biwi_hotel:231:10300,HOTEL,biwi_hotel,biwi_hotel:231,10300,3,1.0779519081115723,2.144814968109131,0.92803555727005,0.9695802330970764,0.43361395597457886,0.7712417244911194,2.0,3.05:-7.92;3.11:-7.53;3.1:-7.14;3.14:-6.78;3.16:-6.41;3.1:-5.96;3.06:-5.59;3.09:-5.22,3.05:-4.82;2.98:-4.46;3.08:-4.1;3.05:-3.75;3:-3.38;3.06:-3.06;3.15:-2.74;3.15:-2.36;3.13:-2;3.18:-1.6;3.14:-1.25;3.04:-0.89,3.110197:-4.92434;3.093813:-4.682855;3.056987:-4.532525;3.080764:-4.320408;3.081568:-4.143655;3.015242:-4.010898;2.92417:-3.846308;3.018775:-3.685092;2.943852:-3.488685;2.827566:-3.351995;2.910488:-3.183952;2.898481:-3.030141
sigma3_hotel_seed42,HOTEL:biwi_hotel:232:10300,HOTEL,biwi_hotel,biwi_hotel:232,10300,3,0.9839426875114441,2.1038992404937744,1.0891510248184204,1.0793801546096802,0.8534472584724426,1.280922770500183,1.625,3.56:-8.35;3.56:-7.92;3.63:-7.49;3.59:-7.11;3.65:-6.6;3.64:-6.25;3.71:-5.78;3.64:-5.35,3.63:-5.03;3.63:-4.68;3.64:-4.33;3.58:-3.97;3.48:-3.68;3.52:-3.34;3.64:-2.96;3.65:-2.58;3.65:-2.2;3.66:-1.81;3.68:-1.37;3.65:-0.98,3.571145:-4.987485;3.449275:-4.698024;3.296628:-4.502982;3.236048:-4.256186;3.154701:-4.028079;3.000424:-3.867181;2.80251:-3.679494;2.830222:-3.46784;2.672104:-3.244828;2.472923:-3.084687;2.498476:-2.87733;2.422909:-2.688987
sigma3_hotel_seed42,HOTEL:biwi_hotel:233:10300,HOTEL,biwi_hotel,biwi_hotel:233,10300,3,0.04303574562072754,0.06967546045780182,0.0,0.0,0.0,0.0,0.5,-1.09:-6.76;-1.09:-6.76;-1.09:-6.76;-1.09:-6.76;-1.09:-6.76;-1.09:-6.76;-1.09:-6.76;-1.09:-6.76,-1.09:-6.76;-1.09:-6.76;-1.09:-6.76;-1.09:-6.76;-1.09:-6.76;-1.09:-6.76;-1.09:-6.76;-1.09:-6.76;-1.09:-6.76;-1.09:-6.76;-1.07:-6.76;-1.07:-6.76,-1.100755:-6.763806;-1.104613:-6.771339;-1.11313:-6.772431;-1.125147:-6.773294;-1.130216:-6.775872;-1.134082:-6.769373;-1.134684:-6.782316;-1.125579:-6.784169;-1.124974:-6.795278;-1.12476:-6.796594;-1.125789:-6.804888;-1.109226:-6.817585
sigma3_hotel_seed42,HOTEL:biwi_hotel:230:10310,HOTEL,biwi_hotel,biwi_hotel:230,10310,3,1.7576030492782593,3.500636100769043,1.432873010635376,1.495056390762329,0.7287954688072205,0.9115484952926636,1.0,0.41:-6.95;0.41:-6.36;0.35:-5.75;0.43:-5.1;0.52:-4.55;0.56:-3.91;0.73:-3.38;0.79:-2.81,0.84:-2.26;0.94:-1.72;0.95:-1.14;1.02:-0.6;1.13:-0.06;1.19:0.53;1.34:1.07;1.45:1.61;1.5:2.15;1.65:2.67;1.73:3.21;1.76:3.75,0.8380455:-2.371565;0.8666684:-2.049047;0.8004522:-1.804801;0.8624206:-1.486453;0.8774037:-1.218676;0.841405:-1.020001;0.6746507:-0.8186002;0.8477277:-0.5275407;0.782461:-0.2415318;0.6366532:-0.07002449;0.7889069:0.2100222;0.7859887:0.3875968
sigma3_hotel_seed42,HOTEL:biwi_hotel:231:10310,HOTEL,biwi_hotel,biwi_hotel:231,10310,3,1.0584489107131958,2.101916790008545,1.0049875974655151,0.9722254276275635,0.44002825021743774,0.7735297679901123,1.875,3.11:-7.53;3.1:-7.14;3.14:-6.78;3.16:-6.41;3.1:-5.96;3.06:-5.59;3.09:-5.22;3.05:-4.82,2.98:-4.46;3.08:-4.1;3.05:-3.75;3:-3.38;3.06:-3.06;3.15:-2.74;3.15:-2.36;3.13:-2;3.18:-1.6;3.14:-1.25;3.04:-0.89;3.04:-0.53,3.001743:-4.494782;2.911758:-4.232024;2.799235:-4.054805;2.758755:-3.832738;2.697637:-3.628948;2.568668:-3.483565;2.411083:-3.309819;2.448365:-3.125534;2.315339:-2.92157;2.13867:-2.767216;2.175589:-2.584347;2.112748:-2.416334
sigma3_hotel_seed42,HOTEL:biwi_hotel:232:10310,HOTEL,biwi_hotel,biwi_hotel:232,10310,3,1.1307384967803955,2.377774953842163,0.8003905415534973,1.0401502847671509,0.9110510945320129,1.249682903289795,1.5,3.56:-7.92;3.63:-7.49;3.59:-7.11;3.65:-6.6;3.64:-6.25;3.71:-5.78;3.64:-5.35;3.63:-5.03,3.63:-4.68;3.64:-4.33;3.58:-3.97;3.48:-3.68;3.52:-3.34;3.64:-2.96;3.65:-2.58;3.65:-2.2;3.66:-1.81;3.68:-1.37;3.65:-0.98;3.65:-0.62,3.654203:-4.755805;3.67701:-4.539384;3.670745:-4.386113;3.712946:-4.194279;3.711617:-4.027103;3.65798:-3.910828;3.597112:-3.757114;3.684911:-3.61049;3.618656:-3.415332;3.505188:-3.272721;3.596688:-3.117607;3.576803:-2.996648
sigma3_hotel_seed42,HOTEL:biwi_hotel:233:10310,HOTEL,biwi_hotel,biwi_hotel:233,10310,3,0.04431827366352081,0.06967546045780182,0.0,0.0,0.0,0.0,0.375,-1.09:-6.76;-1.09:-6.76;-1.09:-6.76;-1.09:-6.76;-1.09:-6.76;-1.09:-6.76;-1.09:-6.76;-1.09:-6.76,-1.09:-6.76;-1.09:-6.76;-1.09:-6.76;-1.09:-6.76;-1.09:-6.76;-1.09:-6.76;-1.09:-6.76;-1.09:-6.76;-1.09:-6.76;-1.07:-6.76;-1.07:-6.76;-1.07:-6.76,-1.100755:-6.763806;-1.104613:-6.771339;-1.11313:-6.772431;-1.125147:-6.773294;-1.130216:-6.775872;-1.134082:-6.769373;-1.134684:-6.782316;-1.125579:-6.784169;-1.124974:-6.795278;-1.12476:-6.796594;-1.125789:-6.804888;-1.109226:-6.817585
sigma3_hotel_seed42,HOTEL:biwi_hotel:231:10320,HOTEL,biwi_hotel,biwi_hotel:231,10320,3,1.0841647386550903,2.170423984527588,0.916856050491333,0.9638733863830566,0.4313725233078003,0.7296165227890015,1.625,3.1:-7.14;3.14:-6.78;3.16:-6.41;3.1:-5.96;3.06:-5.59;3.09:-5.22;3.05:-4.82;2.98:-4.46,3.08:-4.1;3.05:-3.75;3:-3.38;3.06:-3.06;3.15:-2.74;3.15:-2.36;3.13:-2;3.18:-1.6;3.14:-1.25;3.04:-0.89;3.04:-0.53;3.06:-0.15,2.948777:-4.150572;2.894309:-3.904205;2.813566:-3.731053;2.796607:-3.519866;2.748119:-3.326859;2.637922:-3.191335;2.509664:-3.024171;2.557852:-2.852566;2.441066:-2.649232;2.278557:-2.495598;2.330256:-2.322219;2.275033:-2.173504
sigma3_hotel_seed42,HOTEL:biwi_hotel:232:10320,HOTEL,biwi_hotel,biwi_hotel:232,10320,3,1.1401857137680054,2.492743492126465,0.875,1.0095572471618652,0.818126380443573,1.014670729637146,1.375,3.63:-7.49;3.59:-7.11;3.65:-6.6;3.64:-6.25;3.71:-5.78;3.64:-5.35;3.63:-5.03;3.63:-4.68,3.64:-4.33;3.58:-3.97;3.48:-3.68;3.52:-3.34;3.64:-2.96;3.65:-2.58;3.65:-2.2;3.66:-1.81;3.68:-1.37;3.65:-0.98;3.65:-0.62;3.64:-0.13,3.622061:-4.398331;3.58529:-4.166648;3.530852:-4.015182;3.529438:-3.817679;3.505554:-3.644483;3.421926:-3.517185;3.319505:-3.361004;3.383832:-3.206371;3.292485:-3.02324;3.15744:-2.882188;3.216588:-2.725564;3.183659:-2.580617
sigma3_hotel_seed42,HOTEL:biwi_hotel:233:10320,HOTEL,biwi_hotel,biwi_hotel:233,10320,3,0.04628138616681099,0.07758907973766327,0.0,0.0,0.0,0.0,0.25,-1.09:-6.76;-1.09:-6.76;-1.09:-6.76;-1.09:-6.76;-1.09:-6.76;-1.09:-6.76;-1.09:-6.76;-1.09:-6.76,-1.09:-6.76;-1.09:-6.76;-1.09:-6.76;-1.09:-6.76;-1.09:-6.76;-1.09:-6.76;-1.09:-6.76;-1.09:-6.76;-1.07:-6.76;-1.07:-6.76;-1.07:-6.76;-1.11:-6.74,-1.100755:-6.763806;-1.104613:-6.771339;-1.11313:-6.772431;-1.125147:-6.773294;-1.130216:-6.775872;-1.134082:-6.769373;-1.134684:-6.782316;-1.125579:-6.784169;-1.124974:-6.795278;-1.12476:-6.796594;-1.125789:-6.804888;-1.109226:-6.817585
sigma3_hotel_seed42,HOTEL:biwi_hotel:231:10330,HOTEL,biwi_hotel,biwi_hotel:231,10330,3,1.1471974849700928,2.385606050491333,0.9340770840644836,0.9679503440856934,0.5851634740829468,1.1359556913375854,1.25,3.14:-6.78;3.16:-6.41;3.1:-5.96;3.06:-5.59;3.09:-5.22;3.05:-4.82;2.98:-4.46;3.08:-4.1,3.05:-3.75;3:-3.38;3.06:-3.06;3.15:-2.74;3.15:-2.36;3.13:-2;3.18:-1.6;3.14:-1.25;3.04:-0.89;3.04:-0.53;3.06:-0.15;3:0.29,3.173995:-3.816266;3.222029:-3.58185;3.257654:-3.455368;3.34636:-3.238619;3.4164:-3.083735;3.404307:-2.952771;3.374252:-2.78529;3.54106:-2.643968;3.521128:-2.442513;3.463346:-2.321598;3.600951:-2.160088;3.64475:-2.006827
sigma3_hotel_seed42,HOTEL:biwi_hotel:232:10330,HOTEL,biwi_hotel,biwi_hotel:232,10330,3,1.165490984916687,2.453228712081909,0.8753570914268494,0.9981442093849182,0.6576970219612122,0.8212486505508423,1.25,3.59:-7.11;3.65:-6.6;3.64:-6.25;3.71:-5.78;3.64:-5.35;3.63:-5.03;3.63:-4.68;3.64:-4.33,3.58:-3.97;3.48:-3.68;3.52:-3.34;3.64:-2.96;3.65:-2.58;3.65:-2.2;3.66:-1.81;3.68:-1.37;3.65:-0.98;3.65:-0.62;3.64:-0.13;3.56:0.21,3.667977:-4.048341;3.67734:-3.822454;3.667621:-3.671652;3.705937:-3.472699;3.712049:-3.30483;3.652635:-3.181365;3.588009:-3.020205;3.684896:-2.874543;3.618142:-2.677148;3.505002:-2.534986;3.600364:-2.377523;3.585305:-2.243098
sigma3_hotel_seed42,HOTEL:biwi_hotel:233:10330,HOTEL,biwi_hotel,biwi_hotel:233,10330,3,0.05325881764292717,0.14854705333709717,0.0,0.0,0.0,0.0,0.125,-1.09:-6.76;-1.09:-6.76;-1.09:-6.76;-1.09:-6.76;-1.09:-6.76;-1.09:-6.76;-1.09:-6.76;-1.09:-6.76,-1.09:-6.76;-1.09:-6.76;-1.09:-6.76;-1.09:-6.76;-1.09:-6.76;-1.09:-6.76;-1.09:-6.76;-1.07:-6.76;-1.07:-6.76;-1.07:-6.76;-1.11:-6.74;-1.2:-6.7,-1.100755:-6.763806;-1.104613:-6.771339;-1.11313:-6.772431;-1.125147:-6.773294;-1.130216:-6.775872;-1.134082:-6.769373;-1.134684:-6.782316;-1.125579:-6.784169;-1.124974:-6.795278;-1.12476:-6.796594;-1.125789:-6.804888;-1.109226:-6.817585
sigma3_hotel_seed42,HOTEL:biwi_hotel:231:10340,HOTEL,biwi_hotel,biwi_hotel:231,10340,3,1.1967034339904785,2.4785356521606445,0.8782083988189697,0.9610729217529297,0.6031290292739868,1.3058547973632812,1.125,3.16:-6.41;3.1:-5.96;3.06:-5.59;3.09:-5.22;3.05:-4.82;2.98:-4.46;3.08:-4.1;3.05:-3.75,3:-3.38;3.06:-3.06;3.15:-2.74;3.15:-2.36;3.13:-2;3.18:-1.6;3.14:-1.25;3.04:-0.89;3.04:-0.53;3.06:-0.15;3:0.29;2.97:0.74,2.998347:-3.462324;2.92146:-3.227011;2.827287:-3.061606;2.786333:-2.868327;2.722832:-2.684175;2.603356:-2.555311;2.46834:-2.398849;2.491018:-2.237559;2.366393:-2.056816;2.194653:-1.90416;2.22381:-1.746335;2.156168:-1.601114
sigma3_hotel_seed42,HOTEL:biwi_hotel:232:10340,HOTEL,biwi_hotel,biwi_hotel:232,10340,3,1.1638489961624146,2.4147026538848877,0.9124143719673157,0.9450900554656982,0.5494347214698792,0.8692886233329773,1.125,3.65:-6.6;3.64:-6.25;3.71:-5.78;3.64:-5.35;3.63:-5.03;3.63:-4.68;3.64:-4.33;3.58:-3.97,3.48:-3.68;3.52:-3.34;3.64:-2.96;3.65:-2.58;3.65:-2.2;3.66:-1.81;3.68:-1.37;3.65:-0.98;3.65:-0.62;3.64:-0.13;3.56:0.21;3.49:0.61,3.545198:-3.665548;3.485199:-3.421516;3.403314:-3.250706;3.38126:-3.043324;3.331073:-2.853626;3.21749:-2.718752;3.089486:-2.552865;3.134335:-2.386075;3.015917:-2.187101;2.851299:-2.03321;2.899492:-1.864509;2.842113:-1.716162
sigma3_hotel_seed42,HOTEL:biwi_hotel:231:10350,HOTEL,biwi_hotel,biwi_hotel:231,10350,3,1.1285678148269653,2.357949733734131,0.933407723903656,0.9322803020477295,0.5466938018798828,1.3298091888427734,1.0,3.1:-5.96;3.06:-5.59;3.09:-5.22;3.05:-4.82;2.98:-4.46;3.08:-4.1;3.05:-3.75;3:-3.38,3.06:-3.06;3.15:-2.74;3.15:-2.36;3.13:-2;3.18:-1.6;3.14:-1.25;3.04:-0.89;3.04:-0.53;3.06:-0.15;3:0.29;2.97:0.74;3:1.13,2.974214:-3.076817;2.914134:-2.830619;2.836065:-2.665887;2.817903:-2.456541;2.777825:-2.269632;2.670732:-2.133166;2.545692:-1.966687;2.599836:-1.800986;2.488515:-1.605075;2.332635:-1.455704;2.38475:-1.287452;2.336951:-1.132806
sigma3_hotel_seed42,HOTEL:biwi_hotel:232:10350,HOTEL,biwi_hotel,biwi_hotel:232,10350,3,1.5251688957214355,2.9694406986236572,0.7668930888175964,0.9295952320098877,0.4831852912902832,0.8597863912582397,1.0,3.64:-6.25;3.71:-5.78;3.64:-5.35;3.63:-5.03;3.63:-4.68;3.64:-4.33;3.58:-3.97;3.48:-3.68,3.52:-3.34;3.64:-2.96;3.65:-2.58;3.65:-2.2;3.66:-1.81;3.68:-1.37;3.65:-0.98;3.65:-0.62;3.64:-0.13;3.56:0.21;3.49:0.61;3.57:1.02,3.410756:-3.423359;3.329654:-3.209918;3.235534:-3.051844;3.179782:-2.884255;3.101217:-2.713751;2.979176:-2.598206;2.850423:-2.457669;2.846704:-2.312778;2.718692:-2.154989;2.540578:-2.002028;2.550707:-1.865392;2.469316:-1.737911
sigma3_hotel_seed42,HOTEL:biwi_hotel:231:10360,HOTEL,biwi_hotel,biwi_hotel:231,10360,3,1.2843067646026611,2.6655209064483643,0.8139410018920898,0.9156447649002075,0.5996422171592712,1.460884690284729,1.0,3.06:-5.59;3.09:-5.22;3.05:-4.82;2.98:-4.46;3.08:-4.1;3.05:-3.75;3:-3.38;3.06:-3.06,3.15:-2.74;3.15:-2.36;3.13:-2;3.18:-1.6;3.14:-1.25;3.04:-0.89;3.04:-0.53;3.06:-0.15;3:0.29;2.97:0.74;3:1.13;3.01:1.52,3.118974:-2.80077;3.145774:-2.584196;3.16468:-2.457661;3.222982:-2.26534;3.262172:-2.118067;3.230812:-1.997826;3.192587:-1.843725;3.318363:-1.715064;3.280163:-1.533973;3.199756:-1.406975;3.307914:-1.264112;3.323793:-1.126986
sigma3_hotel_seed42,HOTEL:biwi_hotel:232:10360,HOTEL,biwi_hotel,biwi_hotel:232,10360,3,1.388285517692566,2.6996238231658936,0.8558621406555176,0.8821526169776917,0.4863712191581726,0.999730110168457,1.0,3.71:-5.78;3.64:-5.35;3.63:-5.03;3.63:-4.68;3.64:-4.33;3.58:-3.97;3.48:-3.68;3.52:-3.34,3.64:-2.96;3.65:-2.58;3.65:-2.2;3.66:-1.81;3.68:-1.37;3.65:-0.98;3.65:-0.62;3.64:-0.13;3.56:0.21;3.49:0.61;3.57:1.02;3.58:1.36,3.542945:-3.071414;3.528973:-2.846222;3.507304:-2.70972;3.529738:-2.516003;3.537104:-2.357182;3.476238:-2.232411;3.403224:-2.07697;3.496203:-1.937417;3.429986:-1.759304;3.320822:-1.625782;3.401314:-1.478185;3.392133:-1.333079
sigma3_hotel_seed42,HOTEL:biwi_hotel:231:10370,HOTEL,biwi_hotel,biwi_hotel:231,10370,3,1.4079984426498413,2.805474281311035,0.8310385346412659,0.901788055896759,0.5515612363815308,1.3691314458847046,1.0,3.09:-5.22;3.05:-4.82;2.98:-4.46;3.08:-4.1;3.05:-3.75;3:-3.38;3.06:-3.06;3.15:-2.74,3.15:-2.36;3.13:-2;3.18:-1.6;3.14:-1.25;3.04:-0.89;3.04:-0.53;3.06:-0.15;3:0.29;2.97:0.74;3:1.13;3.01:1.52;3:1.9,3.208981:-2.490497;3.239712:-2.281286;3.266333:-2.156791;3.325075:-1.973275;3.364815:-1.830869;3.334991:-1.71553;3.305636:-1.564356;3.427306:-1.443447;3.391766:-1.26755;3.311494:-1.138826;3.420722:-1.002748;3.433505:-0.871779
sigma3_hotel_seed42,HOTEL:biwi_hotel:232:10370,HOTEL,biwi_hotel,biwi_hotel:232,10370,3,1.3238719701766968,2.5964362621307373,0.9962429404258728,0.868880033493042,0.44902023673057556,1.058364987373352,1.0,3.64:-5.35;3.63:-5.03;3.63:-4.68;3.64:-4.33;3.58:-3.97;3.48:-3.68;3.52:-3.34;3.64:-2.96,3.65:-2.58;3.65:-2.2;3.66:-1.81;3.68:-1.37;3.65:-0.98;3.65:-0.62;3.64:-0.13;3.56:0.21;3.49:0.61;3.57:1.02;3.58:1.36;3.42:1.73,3.729535:-2.662727;3.757346:-2.415628;3.781138:-2.286081;3.859657:-2.05981;3.928996:-1.89943;3.902748:-1.759454;3.861176:-1.582195;4.030565:-1.438063;4.002262:-1.230401;3.93616:-1.106317;4.073827:-0.9390671;4.115078:-0.7716689
sigma3_hotel_seed42,HOTEL:biwi_hotel:235:10370,HOTEL,biwi_hotel,biwi_hotel:235,10370,3,1.3631410598754883,2.682499885559082,0.8189169764518738,0.8704217076301575,0.42995548248291016,1.0299094915390015,1.0,4:-9.3;4.02:-8.91;4.04:-8.55;3.97:-8.19;3.92:-7.87;3.98:-7.55;3.94:-7.21;3.87:-6.89,3.95:-6.5;3.89:-6.17;3.81:-5.81;3.82:-5.41;3.83:-4.95;3.77:-4.52;3.81:-4.12;3.83:-3.76;3.81:-3.39;3.82:-3.02;3.82:-2.65;3.8:-2.26,3.840493:-6.622283;3.788055:-6.400609;3.725148:-6.248568;3.70394:-6.065844;3.662296:-5.898126;3.562616:-5.775998;3.45712:-5.625266;3.497981:-5.481959;3.394076:-5.309423;3.242793:-5.162415;3.286319:-5.01841;3.234835:-4.882288
sigma3_hotel_seed42,HOTEL:biwi_hotel:236:10370,HOTEL,biwi_hotel,biwi_hotel:236,10370,3,1.020992636680603,2.091294765472412,1.1070795059204102,0.9206682443618774,0.4433223009109497,0.7876298427581787,1.125,3.42:-9.44;3.38:-9.1;3.33:-8.76;3.35:-8.41;3.34:-8.07;3.26:-7.66;3.24:-7.32;3.29:-6.88,3.21:-6.56;3.15:-6.12;3.21:-5.74;3.19:-5.31;3.1:-4.93;3.11:-4.57;3.13:-4.2;3.07:-3.8;3.02:-3.42;3.07:-3.03;3.06:-2.68;2.94:-2.25,3.309401:-6.533608;3.266029:-6.253506;3.198275:-6.086446;3.214675:-5.835219;3.216008:-5.632085;3.132493:-5.473837;3.004629:-5.286098;3.11721:-5.093618;3.028079:-4.869043;2.899727:-4.728354;2.98946:-4.527659;2.981152:-4.34089
sigma3_hotel_seed42,HOTEL:biwi_hotel:231:10380,HOTEL,biwi_hotel,biwi_hotel:231,10380,3,1.2093182802200317,2.4793124198913574,0.949999988079071,0.8939327001571655,0.6121513843536377,1.550919532775879,1.0,3.05:-4.82;2.98:-4.46;3.08:-4.1;3.05:-3.75;3:-3.38;3.06:-3.06;3.15:-2.74;3.15:-2.36,3.13:-2;3.18:-1.6;3.14:-1.25;3.04:-0.89;3.04:-0.53;3.06:-0.15;3:0.29;2.97:0.74;3:1.13;3.01:1.52;3:1.9;3.08:2.27,3.144155:-2.066262;3.092508:-1.822594;3.032341:-1.670762;3.026282:-1.463281;3.007962:-1.286952;2.915173:-1.150678;2.80638:-0.9847989;2.879964:-0.8292578;2.785231:-0.6399832;2.647497:-0.4977041;2.710991:-0.3362503;2.681049:-0.1770041
sigma3_hotel_seed42,HOTEL:biwi_hotel:232:10380,HOTEL,biwi_hotel,biwi_hotel:232,10380,3,1.2807344198226929,2.4882521629333496,0.9503288865089417,0.8902997970581055,0.5306631922721863,1.3066942691802979,1.0,3.63:-5.03;3.63:-4.68;3.64:-4.33;3.58:-3.97;3.48:-3.68;3.52:-3.34;3.64:-2.96;3.65:-2.58,3.65:-2.2;3.66:-1.81;3.68:-1.37;3.65:-0.98;3.65:-0.62;3.64:-0.13;3.56:0.21;3.49:0.61;3.57:1.02;3.58:1.36;3.42:1.73;3.42:2.12,3.656671:-2.281035;3.619124:-2.035225;3.568973:-1.882812;3.576545:-1.669833;3.568018:-1.492094;3.484428:-1.354826;3.382578:-1.186515;3.468992:-1.028041;3.381876:-0.8318969;3.252639:-0.6911714;3.327055:-0.5249264;3.305701:-0.3656256
sigma3_hotel_seed42,HOTEL:biwi_hotel:235:10380,HOTEL,biwi_hotel,biwi_hotel:235,10380,3,1.2446545362472534,2.4267332553863525,0.9953014850616455,0.8731389045715332,0.5711320042610168,1.4433274269104004,1.0,4.02:-8.91;4.04:-8.55;3.97:-8.19;3.92:-7.87;3.98:-7.55;3.94:-7.21;3.87:-6.89;3.95:-6.5,3.89:-6.17;3.81:-5.81;3.82:-5.41;3.83:-4.95;3.77:-4.52;3.81:-4.12;3.83:-3.76;3.81:-3.39;3.82:-3.02;3.82:-2.65;3.8:-2.26;3.75:-1.88,4.015971:-6.19741;4.020077:-5.945662;4.015924:-5.810033;4.072366:-5.582612;4.119678:-5.414294;4.077607:-5.272319;4.011645:-5.096719;4.158786:-4.942589;4.113049:-4.737944;4.030249:-4.611711;4.147509:-4.440521;4.173945:-4.269415
sigma3_hotel_seed42,HOTEL:biwi_hotel:236:10380,HOTEL,biwi_hotel,biwi_hotel:236,10380,3,1.423563003540039,2.7543680667877197,0.8246211409568787,0.9162052869796753,0.6171952486038208,1.1168559789657593,1.0,3.38:-9.1;3.33:-8.76;3.35:-8.41;3.34:-8.07;3.26:-7.66;3.24:-7.32;3.29:-6.88;3.21:-6.56,3.15:-6.12;3.21:-5.74;3.19:-5.31;3.1:-4.93;3.11:-4.57;3.13:-4.2;3.07:-3.8;3.02:-3.42;3.07:-3.03;3.06:-2.68;2.94:-2.25;3:-1.87,3.125353:-6.276313;3.017362:-6.042893;2.895334:-5.872315;2.823007:-5.687007;2.730905:-5.500496;2.586266:-5.372252;2.429732:-5.219357;2.420666:-5.05879;2.273112:-4.886531;2.076506:-4.727664;2.079812:-4.575304;1.988169:-4.431785
sigma3_hotel_seed42,HOTEL:biwi_hotel:231:10390,HOTEL,biwi_hotel,biwi_hotel:231,10390,3,1.2286759614944458,2.4528210163116455,0.9013878107070923,0.8917229175567627,0.4645308256149292,1.1434231996536255,1.0,2.98:-4.46;3.08:-4.1;3.05:-3.75;3:-3.38;3.06:-3.06;3.15:-2.74;3.15:-2.36;3.13:-2,3.18:-1.6;3.14:-1.25;3.04:-0.89;3.04:-0.53;3.06:-0.15;3:0.29;2.97:0.74;3:1.13;3.01:1.52;3:1.9;3.08:2.27;3.09:2.61,3.129739:-1.705692;3.091037:-1.464324;3.038907:-1.310435;3.041972:-1.102879;3.026493:-0.9258206;2.939849:-0.7917095;2.837538:-0.6263065;2.914767:-0.4696794;2.824147:-0.2764711;2.69:-0.1336585;2.759495:0.02951264;2.731368:0.1835387
sigma3_hotel_seed42,HOTEL:biwi_hotel:232:10390,HOTEL,biwi_hotel,biwi_hotel:232,10390,3,1.2995527982711792,2.4820210933685303,0.949999988079071,0.9010140895843506,0.5306631922721863,1.3044403791427612,1.0,3.63:-4.68;3.64:-4.33;3.58:-3.97;3.48:-3.68;3.52:-3.34;3.64:-2.96;3.65:-2.58;3.65:-2.2,3.66:-1.81;3.68:-1.37;3.65:-0.98;3.65:-0.62;3.64:-0.13;3.56:0.21;3.49:0.61;3.57:1.02;3.58:1.36;3.42:1.73;3.42:2.12;3.53:2.47,3.66871:-1.90468;3.63869:-1.658922;3.592921:-1.514568;3.609297:-1.299406;3.611695:-1.12488;3.543115:-0.98794;3.443838:-0.8234165;3.540944:-0.6620678;3.464911:-0.4711891;3.350393:-0.3391949;3.426933:-0.1724443;3.420111:-0.009587288
sigma3_hotel_seed42,HOTEL:biwi_hotel:235:10390,HOTEL,biwi_hotel,biwi_hotel:235,10390,3,1.4465497732162476,2.813411235809326,0.8385254740715027,0.864158570766449,0.636043906211853,1.5779560804367065,1.0,4.04:-8.55;3.97:-8.19;3.92:-7.87;3.98:-7.55;3.94:-7.21;3.87:-6.89;3.95:-6.5;3.89:-6.17,3.81:-5.81;3.82:-5.41;3.83:-4.95;3.77:-4.52;3.81:-4.12;3.83:-3.76;3.81:-3.39;3.82:-3.02;3.82:-2.65;3.8:-2.26;3.75:-1.88;3.75:-1.46,3.801222:-5.88589;3.686158:-5.6513;3.560247:-5.480048;3.482461:-5.295543;3.387656:-5.108377;3.23804:-4.97945;3.078652:-4.825378;3.065683:-4.665617;2.914859:-4.494382;2.714129:-4.333864;2.715165:-4.182039;2.619843:-4.036437
sigma3_hotel_seed42,HOTEL:biwi_hotel:236:10390,HOTEL,biwi_hotel,biwi_hotel:236,10390,3,1.050076961517334,2.135537624359131,1.110180139541626,0.9520678520202637,0.6702625155448914,1.0232138633728027,1.0,3.33:-8.76;3.35:-8.41;3.34:-8.07;3.26:-7.66;3.24:-7.32;3.29:-6.88;3.21:-6.56;3.15:-6.12,3.21:-5.74;3.19:-5.31;3.1:-4.93;3.11:-4.57;3.13:-4.2;3.07:-3.8;3.02:-3.42;3.07:-3.03;3.06:-2.68;2.94:-2.25;3:-1.87;3.07:-1.5,3.127357:-5.767205;3.05638:-5.486622;2.952126:-5.304179;2.937093:-5.057094;2.896124:-4.841579;2.781214:-4.685865;2.624056:-4.500057;2.693365:-4.298151;2.571259:-4.071528;2.409888:-3.921148;2.469522:-3.717085;2.427293:-3.536529
sigma3_hotel_seed42,HOTEL:biwi_hotel:231:10400,HOTEL,biwi_hotel,biwi_hotel:231,10400,3,1.1553845405578613,2.2152352333068848,1.007782220840454,0.9022522568702698,0.4126959443092346,0.966824471950531,1.0,3.08:-4.1;3.05:-3.75;3:-3.38;3.06:-3.06;3.15:-2.74;3.15:-2.36;3.13:-2;3.18:-1.6,3.14:-1.25;3.04:-0.89;3.04:-0.53;3.06:-0.15;3:0.29;2.97:0.74;3:1.13;3.01:1.52;3:1.9;3.08:2.27;3.09:2.61;3.47:2.91,3.230484:-1.286507;3.218853:-1.027866;3.197021:-0.8831759;3.239951:-0.6513376;3.272535:-0.473948;3.215266:-0.3283638;3.13309:-0.148635;3.267375:0.0133028;3.207355:0.2232568;3.109077:0.3552608;3.217989:0.5329171;3.231402:0.7076517
sigma3_hotel_seed42,HOTEL:biwi_hotel:232:10400,HOTEL,biwi_hotel,biwi_hotel:232,10400,3,1.2278887033462524,2.3840692043304443,0.9753204584121704,0.9152945280075073,0.4717376232147217,1.1363633871078491,1.0,3.64:-4.33;3.58:-3.97;3.48:-3.68;3.52:-3.34;3.64:-2.96;3.65:-2.58;3.65:-2.2;3.66:-1.81,3.68:-1.37;3.65:-0.98;3.65:-0.62;3.64:-0.13;3.56:0.21;3.49:0.61;3.57:1.02;3.58:1.36;3.42:1.73;3.42:2.12;3.53:2.47;3.05:2.94,3.63557:-1.48961;3.562479:-1.228452;3.472387:-1.060642;3.450739:-0.8375077;3.413142:-0.6417332;3.30084:-0.4963506;3.162421:-0.3213067;3.223191:-0.1447146;3.108144:0.05885768;2.95061:0.2076039;3.004565:0.3873119;2.960383:0.5576158
sigma3_hotel_seed42,HOTEL:biwi_hotel:235:10400,HOTEL,biwi_hotel,biwi_hotel:235,10400,3,1.3966398239135742,2.642348289489746,0.9219544529914856,0.8648868799209595,0.6270170211791992,1.5797202587127686,1.0,3.97:-8.19;3.92:-7.87;3.98:-7.55;3.94:-7.21;3.87:-6.89;3.95:-6.5;3.89:-6.17;3.81:-5.81,3.82:-5.41;3.83:-4.95;3.77:-4.52;3.81:-4.12;3.83:-3.76;3.81:-3.39;3.82:-3.02;3.82:-2.65;3.8:-2.26;3.75:-1.88;3.75:-1.46;3.68:-1.09,3.754833:-5.513425;3.664296:-5.269237;3.55812:-5.103187;3.510068:-4.902092;3.444875:-4.71381;3.318897:-4.578777;3.171965:-4.418253;3.195992:-4.251328;3.066142:-4.068342;2.891222:-3.916799;2.916468:-3.753937;2.849819:-3.598547
sigma3_hotel_seed42,HOTEL:biwi_hotel:236:10400,HOTEL,biwi_hotel,biwi_hotel:236,10400,3,1.205649971961975,2.3587584495544434,0.9617692232131958,0.9642595648765564,0.7770764231681824,1.2288594245910645,1.0,3.35:-8.41;3.34:-8.07;3.26:-7.66;3.24:-7.32;3.29:-6.88;3.21:-6.56;3.15:-6.12;3.21:-5.74,3.19:-5.31;3.1:-4.93;3.11:-4.57;3.13:-4.2;3.07:-3.8;3.02:-3.42;3.07:-3.03;3.06:-2.68;2.94:-2.25;3:-1.87;3.07:-1.5;3.02:-1.12,3.270024:-5.429076;3.268116:-5.172591;3.257605:-5.030935;3.309538:-4.799353;3.351102:-4.62591;3.30018:-4.480879;3.22795:-4.300894;3.371971:-4.143506;3.318954:-3.932424;3.227952:-3.801934;3.344529:-3.626459;3.364703:-3.453436
sigma3_hotel_seed42,HOTEL:biwi_hotel:235:10410,HOTEL,biwi_hotel,biwi_hotel:235,10410,3,1.2159755229949951,2.3023159503936768,1.0003124475479126,0.8921163082122803,0.6150259375572205,1.4830392599105835,1.0,3.92:-7.87;3.98:-7.55;3.94:-7.21;3.87:-6.89;3.95:-6.5;3.89:-6.17;3.81:-5.81;3.82:-5.41,3.83:-4.95;3.77:-4.52;3.81:-4.12;3.83:-3.76;3.81:-3.39;3.82:-3.02;3.82:-2.65;3.8:-2.26;3.75:-1.88;3.75:-1.46;3.68:-1.09;3.64:-0.75,3.81635:-5.087163;3.75559:-4.82235;3.679274:-4.661373;3.673874:-4.431219;3.656198:-4.238774;3.558128:-4.090247;3.42981:-3.912467;3.513492:-3.736427;3.412522:-3.529956;3.271952:-3.387648;3.339617:-3.205653;3.31404:-3.029124
sigma3_hotel_seed42,HOTEL:biwi_hotel:236:10410,HOTEL,biwi_hotel,biwi_hotel:236,10410,3,1.0207523107528687,2.0712053775787354,1.0761622190475464,0.9965159296989441,0.7722272872924805,1.2686419486999512,1.0,3.34:-8.07;3.26:-7.66;3.24:-7.32;3.29:-6.88;3.21:-6.56;3.15:-6.12;3.21:-5.74;3.19:-5.31,3.1:-4.93;3.11:-4.57;3.13:-4.2;3.07:-3.8;3.02:-3.42;3.07:-3.03;3.06:-2.68;2.94:-2.25;3:-1.87;3.07:-1.5;3.02:-1.12;2.96:-0.78,3.148057:-4.959437;3.064237:-4.681998;2.948059:-4.493177;2.917251:-4.25293;2.85842:-4.034789;2.728628:-3.881593;2.563078:-3.697209;2.611544:-3.496516;2.475991:-3.272265;2.297881:-3.1149;2.345849:-2.913671;2.285621:-2.738342
sigma3_hotel_seed42,HOTEL:biwi_hotel:235:10420,HOTEL,biwi_hotel,biwi_hotel:235,10420,3,1.0092473030090332,2.047426223754883,1.1502716541290283,0.9401635527610779,0.5712963938713074,1.1838417053222656,1.0,3.98:-7.55;3.94:-7.21;3.87:-6.89;3.95:-6.5;3.89:-6.17;3.81:-5.81;3.82:-5.41;3.83:-4.95,3.77:-4.52;3.81:-4.12;3.83:-3.76;3.81:-3.39;3.82:-3.02;3.82:-2.65;3.8:-2.26;3.75:-1.88;3.75:-1.46;3.68:-1.09;3.64:-0.75;3.66:-0.29,3.796641:-4.57454;3.699365:-4.275939;3.575455:-4.083531;3.545411:-3.822604;3.497342:-3.594815;3.360693:-3.427349;3.184151:-3.227753;3.251389:-3.0172;3.113974:-2.778434;2.935965:-2.6206;2.994634:-2.404922;2.943057:-2.207798
sigma3_hotel_seed42,HOTEL:biwi_hotel:236:10420,HOTEL,biwi_hotel,biwi_hotel:236,10420,3,1.207039713859558,2.3795511722564697,0.9762812256813049,0.986794650554657,0.7657979130744934,1.3207758665084839,1.0,3.26:-7.66;3.24:-7.32;3.29:-6.88;3.21:-6.56;3.15:-6.12;3.21:-5.74;3.19:-5.31;3.1:-4.93,3.11:-4.57;3.13:-4.2;3.07:-3.8;3.02:-3.42;3.07:-3.03;3.06:-2.68;2.94:-2.25;3:-1.87;3.07:-1.5;3.02:-1.12;2.96:-0.78;3.04:-0.42,3.031215:-4.606749;2.917404:-4.343057;2.783406:-4.164924;2.721267:-3.945892;2.643094:-3.74076;2.499018:-3.594178;2.324035:-3.423094;2.342717:-3.237468;2.195557:-3.040883;2.005172:-2.885328;2.023259:-2.705278;1.948426:-2.53441
sigma3_hotel_seed42,HOTEL:biwi_hotel:235:10430,HOTEL,biwi_hotel,biwi_hotel:235,10430,3,1.129393458366394,2.138516664505005,1.0854146480560303,0.9729567170143127,0.6130695343017578,1.245968222618103,1.0,3.94:-7.21;3.87:-6.89;3.95:-6.5;3.89:-6.17;3.81:-5.81;3.82:-5.41;3.83:-4.95;3.77:-4.52,3.81:-4.12;3.83:-3.76;3.81:-3.39;3.82:-3.02;3.82:-2.65;3.8:-2.26;3.75:-1.88;3.75:-1.46;3.68:-1.09;3.64:-0.75;3.66:-0.29;3.61:-0,3.704246:-4.159664;3.581414:-3.86988;3.428418:-3.679259;3.36861:-3.431511;3.29098:-3.205953;3.140457:-3.044111;2.941695:-2.857811;2.973734:-2.646526;2.818604:-2.426857;2.624087:-2.270395;2.648526:-2.064264;2.578726:-1.873427
sigma3_hotel_seed42,HOTEL:biwi_hotel:236:10430,HOTEL,biwi_hotel,biwi_hotel:236,10430,3,1.1904951333999634,2.284433603286743,0.9003471732139587,0.9937772154808044,0.7448759078979492,1.4091966152191162,1.0,3.24:-7.32;3.29:-6.88;3.21:-6.56;3.15:-6.12;3.21:-5.74;3.19:-5.31;3.1:-4.93;3.11:-4.57,3.13:-4.2;3.07:-3.8;3.02:-3.42;3.07:-3.03;3.06:-2.68;2.94:-2.25;3:-1.87;3.07:-1.5;3.02:-1.12;2.96:-0.78;3.04:-0.42;3.03:-0.1,3.13746:-4.2741;3.137447:-4.035814;3.111334:-3.883648;3.146801:-3.671104;3.151674:-3.494701;3.092566:-3.364071;3.010146:-3.200125;3.111002:-3.038957;3.041127:-2.837398;2.929669:-2.700415;3.020022:-2.53126;3.011249:-2.384356
sigma3_hotel_seed42,HOTEL:biwi_hotel:235:10440,HOTEL,biwi_hotel,biwi_hotel:235,10440,3,1.0661753416061401,2.156865119934082,1.0049875974655151,0.999538242816925,0.5493962168693542,1.0665972232818604,1.0,3.87:-6.89;3.95:-6.5;3.89:-6.17;3.81:-5.81;3.82:-5.41;3.83:-4.95;3.77:-4.52;3.81:-4.12,3.83:-3.76;3.81:-3.39;3.82:-3.02;3.82:-2.65;3.8:-2.26;3.75:-1.88;3.75:-1.46;3.68:-1.09;3.64:-0.75;3.66:-0.29;3.61:-0;3.55:0.37,3.850628:-3.801232;3.838715:-3.54118;3.802653:-3.390541;3.841541:-3.155787;3.860901:-2.970424;3.80375:-2.826035;3.707744:-2.650457;3.83027:-2.474903;3.763688:-2.263647;3.660855:-2.132881;3.759118:-1.94796;3.767165:-1.775905
sigma3_hotel_seed42,HOTEL:biwi_hotel:236:10440,HOTEL,biwi_hotel,biwi_hotel:236,10440,3,1.1739227771759033,2.3005096912384033,0.9263503551483154,0.9679587483406067,0.5753176212310791,1.0772978067398071,1.0,3.29:-6.88;3.21:-6.56;3.15:-6.12;3.21:-5.74;3.19:-5.31;3.1:-4.93;3.11:-4.57;3.13:-4.2,3.07:-3.8;3.02:-3.42;3.07:-3.03;3.06:-2.68;2.94:-2.25;3:-1.87;3.07:-1.5;3.02:-1.12;2.96:-0.78;3.04:-0.42;3.03:-0.1;3.02:0.31,3.115252:-3.895748;3.065706:-3.649351;2.998622:-3.485801;2.990968:-3.27466;2.960729:-3.088844;2.860874:-2.952401;2.744772:-2.783909;2.809379:-2.619623;2.705526:-2.420316;2.556872:-2.271656;2.619044:-2.102261;2.577983:-1.947646
sigma3_hotel_seed42,HOTEL:biwi_hotel:235:10450,HOTEL,biwi_hotel,biwi_hotel:235,10450,3,1.1619815826416016,2.2943451404571533,0.9013878107070923,0.9861220121383667,0.4373190104961395,0.7285922765731812,1.0,3.95:-6.5;3.89:-6.17;3.81:-5.81;3.82:-5.41;3.83:-4.95;3.77:-4.52;3.81:-4.12;3.83:-3.76,3.81:-3.39;3.82:-3.02;3.82:-2.65;3.8:-2.26;3.75:-1.88;3.75:-1.46;3.68:-1.09;3.64:-0.75;3.66:-0.29;3.61:-0;3.55:0.37;3.57:0.73,3.824335:-3.462699;3.789059:-3.221936;3.732174:-3.06279;3.734852:-2.854659;3.711483:-2.672982;3.624344:-2.54047;3.517186:-2.376769;3.587507:-2.213866;3.492975:-2.017846;3.354747:-1.873515;3.420664:-1.706543;3.38739:-1.557066
sigma3_hotel_seed42,HOTEL:biwi_hotel:236:10450,HOTEL,biwi_hotel,biwi_hotel:236,10450,3,1.1228421926498413,2.217095375061035,1.0111874341964722,0.9946110844612122,0.537593424320221,1.1707383394241333,1.0,3.21:-6.56;3.15:-6.12;3.21:-5.74;3.19:-5.31;3.1:-4.93;3.11:-4.57;3.13:-4.2;3.07:-3.8,3.02:-3.42;3.07:-3.03;3.06:-2.68;2.94:-2.25;3:-1.87;3.07:-1.5;3.02:-1.12;2.96:-0.78;3.04:-0.42;3.03:-0.1;3.02:0.31;2.94:0.7,3.018419:-3.467796;2.928561:-3.202123;2.812645:-3.019324;2.771761:-2.793503;2.706173:-2.585089;2.572821:-2.438055;2.411318:-2.261687;2.44699:-2.073314;2.30932:-1.862931;2.127588:-1.705618;2.164899:-1.518323;2.097983:-1.35098
sigma3_hotel_seed42,HOTEL:biwi_hotel:235:10460,HOTEL,biwi_hotel,biwi_hotel:235,10460,3,1.1364401578903198,2.192000150680542,0.9263503551483154,0.9986684322357178,0.44271019101142883,0.7992768287658691,1.0,3.89:-6.17;3.81:-5.81;3.82:-5.41;3.83:-4.95;3.77:-4.52;3.81:-4.12;3.83:-3.76;3.81:-3.39,3.82:-3.02;3.82:-2.65;3.8:-2.26;3.75:-1.88;3.75:-1.46;3.68:-1.09;3.64:-0.75;3.66:-0.29;3.61:-0;3.55:0.37;3.57:0.73;3.51:1.04,3.795408:-3.085499;3.756604:-2.842494;3.694064:-2.674988;3.691937:-2.46496;3.659087:-2.277791;3.561638:-2.144007;3.449261:-1.976874;3.512439:-1.811353;3.408735:-1.608085;3.259351:-1.45744;3.323766:-1.286944;3.280147:-1.139916
sigma3_hotel_seed42,HOTEL:biwi_hotel:236:10460,HOTEL,biwi_hotel,biwi_hotel:236,10460,3,1.12464439868927,2.187610626220703,0.9581884145736694,0.972898006439209,0.42113158106803894,0.8966712355613708,1.0,3.15:-6.12;3.21:-5.74;3.19:-5.31;3.1:-4.93;3.11:-4.57;3.13:-4.2;3.07:-3.8;3.02:-3.42,3.07:-3.03;3.06:-2.68;2.94:-2.25;3:-1.87;3.07:-1.5;3.02:-1.12;2.96:-0.78;3.04:-0.42;3.03:-0.1;3.02:0.31;2.94:0.7;2.95:1.03,2.992337:-3.100423;2.925583:-2.842622;2.835551:-2.671716;2.81553:-2.450133;2.772552:-2.253243;2.661037:-2.110303;2.522614:-1.937926;2.578973:-1.759475;2.462103:-1.554328;2.30258:-1.404575;2.354395:-1.224498;2.306778:-1.06091
sigma3_hotel_seed42,HOTEL:biwi_hotel:235:10470,HOTEL,biwi_hotel,biwi_hotel:235,10470,3,1.1453810930252075,2.1571381092071533,0.9253377914428711,0.9991517663002014,0.3713679313659668,0.6366350054740906,1.0,3.81:-5.81;3.82:-5.41;3.83:-4.95;3.77:-4.52;3.81:-4.12;3.83:-3.76;3.81:-3.39;3.82:-3.02,3.82:-2.65;3.8:-2.26;3.75:-1.88;3.75:-1.46;3.68:-1.09;3.64:-0.75;3.66:-0.29;3.61:-0;3.55:0.37;3.57:0.73;3.51:1.04;3.39:1.34,3.845894:-2.71841;3.837964:-2.475292;3.809626:-2.32133;3.841343:-2.105114;3.846672:-1.927538;3.779396:-1.79267;3.694803:-1.62326;3.798325:-1.463989;3.724359:-1.258121;3.608115:-1.118191;3.700583:-0.9479837;3.689845:-0.7961972
sigma3_hotel_seed42,HOTEL:biwi_hotel:236:10470,HOTEL,biwi_hotel,biwi_hotel:236,10470,3,1.071801781654358,2.0919196605682373,0.9829801917076111,0.9759281277656555,0.4275471270084381,0.9519281983375549,1.0,3.21:-5.74;3.19:-5.31;3.1:-4.93;3.11:-4.57;3.13:-4.2;3.07:-3.8;3.02:-3.42;3.07:-3.03,3.06:-2.68;2.94:-2.25;3:-1.87;3.07:-1.5;3.02:-1.12;2.96:-0.78;3.04:-0.42;3.03:-0.1;3.02:0.31;2.94:0.7;2.95:1.03;2.88:1.37,3.094098:-2.716983;3.068063:-2.461114;3.023554:-2.307835;3.046883:-2.081317;3.052644:-1.897281;2.981079:-1.754988;2.880343:-1.580788;2.985823:-1.411421;2.908159:-1.205049;2.791147:-1.068441;2.879091:-0.8899963;2.872173:-0.721905
sigma3_hotel_seed42,HOTEL:biwi_hotel:235:10480,HOTEL,biwi_hotel,biwi_hotel:235,10480,3,1.1256661415100098,2.160236358642578,0.925000011920929,0.9883928298950195,0.319284588098526,0.6603963971138,1.0,3.82:-5.41;3.83:-4.95;3.77:-4.52;3.81:-4.12;3.83:-3.76;3.81:-3.39;3.82:-3.02;3.82:-2.65,3.8:-2.26;3.75:-1.88;3.75:-1.46;3.68:-1.09;3.64:-0.75;3.66:-0.29;3.61:-0;3.55:0.37;3.57:0.73;3.51:1.04;3.39:1.34;3.41:1.75,3.815862:-2.347267;3.77961:-2.102822;3.722871:-1.941326;3.726499:-1.729847;3.704708:-1.545505;3.615485:-1.410909;3.50786:-1.243496;3.580818:-1.079034;3.485555:-0.8786792;3.346059:-0.7326012;3.415704:-0.5624518;3.38215:-0.4100568
sigma3_hotel_seed42,HOTEL:biwi_hotel:236:10480,HOTEL,biwi_hotel,biwi_hotel:236,10480,3,1.212649941444397,2.297760009765625,0.8753570914268494,0.9472416639328003,0.4130552411079407,0.9219226241111755,1.0,3.19:-5.31;3.1:-4.93;3.11:-4.57;3.13:-4.2;3.07:-3.8;3.02:-3.42;3.07:-3.03;3.06:-2.68,2.94:-2.25;3:-1.87;3.07:-1.5;3.02:-1.12;2.96:-0.78;3.04:-0.42;3.03:-0.1;3.02:0.31;2.94:0.7;2.95:1.03;2.88:1.37;2.88:1.71,3.022747:-2.389345;2.955487:-2.151287;2.871995:-1.989095;2.84302:-1.790719;2.793088:-1.608108;2.68244:-1.477019;2.555374:-1.317583;2.593977:-1.156858;2.478542:-0.9722037;2.317306:-0.8225628;2.357574:-0.6625521;2.301499:-0.5137441
sigma3_hotel_seed42,HOTEL:biwi_hotel:235:10490,HOTEL,biwi_hotel,biwi_hotel:235,10490,3,1.0579777956008911,2.07564115524292,0.9762812256813049,0.9635370373725891,0.2694164216518402,0.5512580871582031,1.0,3.83:-4.95;3.77:-4.52;3.81:-4.12;3.83:-3.76;3.81:-3.39;3.82:-3.02;3.82:-2.65;3.8:-2.26,3.75:-1.88;3.75:-1.46;3.68:-1.09;3.64:-0.75;3.66:-0.29;3.61:-0;3.55:0.37;3.57:0.73;3.51:1.04;3.39:1.34;3.41:1.75;3.44:2.12,3.765092:-1.942356;3.685287:-1.683517;3.587031:-1.513891;3.556745:-1.294529;3.509153:-1.097921;3.391212:-0.954318;3.246625:-0.7821636;3.295771:-0.6048392;3.174315:-0.404768;3.009813:-0.2545516;3.054885:-0.07660389;3.002922:0.09089923
sigma3_hotel_seed42,HOTEL:biwi_hotel:236:10490,HOTEL,biwi_hotel,biwi_hotel:236,10490,3,1.1186903715133667,2.0807557106018066,1.1160757541656494,0.9672123193740845,0.4485076367855072,0.9051772952079773,1.0,3.1:-4.93;3.11:-4.57;3.13:-4.2;3.07:-3.8;3.02:-3.42;3.07:-3.03;3.06:-2.68;2.94:-2.25,3:-1.87;3.07:-1.5;3.02:-1.12;2.96:-0.78;3.04:-0.42;3.03:-0.1;3.02:0.31;2.94:0.7;2.95:1.03;2.88:1.37;2.88:1.71;2.91:2.05,2.862321:-1.890148;2.739787:-1.604903;2.584892:-1.406042;2.519566:-1.163856;2.429083:-0.9355305;2.268866:-0.7772223;2.070079:-0.5913703;2.088044:-0.3817034;1.923986:-0.1587188;1.717016:0.005366802;1.737954:0.2102013;1.653235:0.3916614
sigma3_hotel_seed42,HOTEL:biwi_hotel:235:10500,HOTEL,biwi_hotel,biwi_hotel:235,10500,3,0.862067461013794,1.7217689752578735,0.9581884145736694,0.945361852645874,0.19360360503196716,0.39253994822502136,1.0,3.77:-4.52;3.81:-4.12;3.83:-3.76;3.81:-3.39;3.82:-3.02;3.82:-2.65;3.8:-2.26;3.75:-1.88,3.75:-1.46;3.68:-1.09;3.64:-0.75;3.66:-0.29;3.61:-0;3.55:0.37;3.57:0.73;3.51:1.04;3.39:1.34;3.41:1.75;3.44:2.12;3.41:2.47,3.706247:-1.502576;3.59791:-1.201439;3.458567:-1.007621;3.418225:-0.7451499;3.360252:-0.5135913;3.219561:-0.3448286;3.028865:-0.1480199;3.086472:0.07003617;2.942413:0.3051697;2.759088:0.46145;2.806025:0.6797394;2.750366:0.8796004
sigma3_hotel_seed42,HOTEL:biwi_hotel:236:10500,HOTEL,biwi_hotel,biwi_hotel:236,10500,3,1.004400372505188,1.9961005449295044,0.9617692232131958,0.975986897945404,0.6283756494522095,1.3076941967010498,1.0,3.11:-4.57;3.13:-4.2;3.07:-3.8;3.02:-3.42;3.07:-3.03;3.06:-2.68;2.94:-2.25;3:-1.87,3.07:-1.5;3.02:-1.12;2.96:-0.78;3.04:-0.42;3.03:-0.1;3.02:0.31;2.94:0.7;2.95:1.03;2.88:1.37;2.88:1.71;2.91:2.05;2.86:2.4,3.053084:-1.558645;3.054317:-1.304719;3.039639:-1.158183;3.08996:-0.9283317;3.122403:-0.751567;3.070134:-0.6092142;2.994228:-0.4319535;3.129225:-0.2703191;3.071793:-0.05792463;2.975781:0.07453775;3.087624:0.2517644;3.101091:0.4185127
sigma3_hotel_seed42,HOTEL:biwi_hotel:235:10510,HOTEL,biwi_hotel,biwi_hotel:235,10510,3,0.883051872253418,1.8209631443023682,1.0499999523162842,0.9517922401428223,0.21371807157993317,0.4791972041130066,1.0,3.81:-4.12;3.83:-3.76;3.81:-3.39;3.82:-3.02;3.82:-2.65;3.8:-2.26;3.75:-1.88;3.75:-1.46,3.68:-1.09;3.64:-0.75;3.66:-0.29;3.61:-0;3.55:0.37;3.57:0.73;3.51:1.04;3.39:1.34;3.41:1.75;3.44:2.12;3.41:2.47;3.47:2.83,3.740444:-1.120377;3.677686:-0.8468133;3.591339:-0.6743485;3.584554:-0.4346955;3.558486:-0.2301905;3.453146:-0.07774091;3.313625:0.1059694;3.393544:0.2945312;3.283895:0.5135982;3.134174:0.660867;3.202416:0.8550169;3.169662:1.033975
sigma3_hotel_seed42,HOTEL:biwi_hotel:236:10510,HOTEL,biwi_hotel,biwi_hotel:236,10510,3,1.0511327981948853,2.0556957721710205,0.9414085149765015,0.9781380891799927,0.5541070103645325,1.135180115699768,1.0,3.13:-4.2;3.07:-3.8;3.02:-3.42;3.07:-3.03;3.06:-2.68;2.94:-2.25;3:-1.87;3.07:-1.5,3.02:-1.12;2.96:-0.78;3.04:-0.42;3.03:-0.1;3.02:0.31;2.94:0.7;2.95:1.03;2.88:1.37;2.88:1.71;2.91:2.05;2.86:2.4;2.78:2.73,3.104682:-1.203927;3.10094:-0.9623838;3.078337:-0.8150327;3.115278:-0.6004152;3.129536:-0.4266272;3.072225:-0.2932506;2.992789:-0.1263547;3.10246:0.03157532;3.037274:0.2316447;2.931059:0.3665181;3.026264:0.5347195;3.024363:0.6888797
sigma3_hotel_seed42,HOTEL:biwi_hotel:235:10520,HOTEL,biwi_hotel,biwi_hotel:235,10520,3,1.0464497804641724,2.1563315391540527,0.9414085149765015,0.957509458065033,0.26037660241127014,0.55667644739151,1.0,3.83:-3.76;3.81:-3.39;3.82:-3.02;3.82:-2.65;3.8:-2.26;3.75:-1.88;3.75:-1.46;3.68:-1.09,3.64:-0.75;3.66:-0.29;3.61:-0;3.55:0.37;3.57:0.73;3.51:1.04;3.39:1.34;3.41:1.75;3.44:2.12;3.41:2.47;3.47:2.83;3.51:3.19,3.607221:-0.7706776;3.500738:-0.5130746;3.370383:-0.3311935;3.309435:-0.1178428;3.22547:0.08736289;3.081144:0.2292849;2.910351:0.3976861;2.921544:0.581664;2.772787:0.7786895;2.578489:0.9377877;2.596064:1.115836;2.514233:1.277354
sigma3_hotel_seed42,HOTEL:biwi_hotel:236:10520,HOTEL,biwi_hotel,biwi_hotel:236,10520,3,1.0325816869735718,2.0157127380371094,0.9581884145736694,0.9705668091773987,0.6562479138374329,1.4349242448806763,1.0,3.07:-3.8;3.02:-3.42;3.07:-3.03;3.06:-2.68;2.94:-2.25;3:-1.87;3.07:-1.5;3.02:-1.12,2.96:-0.78;3.04:-0.42;3.03:-0.1;3.02:0.31;2.94:0.7;2.95:1.03;2.88:1.37;2.88:1.71;2.91:2.05;2.86:2.4;2.78:2.73;2.83:3.05,2.975963:-0.8143967;2.892725:-0.5641447;2.792598:-0.3968606;2.754647:-0.1876855;2.69912:0.003763676;2.578308:0.142345;2.434583:0.308127;2.47169:0.4790477;2.347144:0.6700772;2.178369:0.8208554;2.214295:0.9902643;2.15545:1.150505
sigma3_hotel_seed42,HOTEL:biwi_hotel:240:10520,HOTEL,biwi_hotel,biwi_hotel:240,10520,3,1.4815683364868164,2.757201910018921,1.609541893005371,1.5495063066482544,0.4879259765148163,0.719086229801178,0.0,3.04:-9.01;3.08:-8.44;3.08:-7.85;3.03:-7.23;3.07:-6.62;2.96:-5.98;2.93:-5.33;2.86:-4.69,2.8:-4.21;2.86:-3.53;2.73:-2.93;2.71:-2.38;2.75:-1.8;2.74:-1.22;2.76:-0.74;2.74:-0.25;2.67:0.22;2.65:0.74;2.62:1.21;2.51:1.68,2.778961:-4.163793;2.668923:-3.780099;2.437799:-3.46243;2.380669:-3.098416;2.27698:-2.758095;2.133358:-2.515061;1.808413:-2.300877;1.887447:-1.921561;1.714726:-1.60973;1.45631:-1.407645;1.520448:-1.073217;1.427719:-0.8559084
sigma3_hotel_seed42,HOTEL:biwi_hotel:235:10530,HOTEL,biwi_hotel,biwi_hotel:235,10530,3,1.1083579063415527,2.220013380050659,0.8558621406555176,0.9474397301673889,0.2733207941055298,0.5455250144004822,1.0,3.81:-3.39;3.82:-3.02;3.82:-2.65;3.8:-2.26;3.75:-1.88;3.75:-1.46;3.68:-1.09;3.64:-0.75,3.66:-0.29;3.61:-0;3.55:0.37;3.57:0.73;3.51:1.04;3.39:1.34;3.41:1.75;3.44:2.12;3.41:2.47;3.47:2.83;3.51:3.19;3.47:3.55,3.61764:-0.4655526;3.573373:-0.2342097;3.508522:-0.07545865;3.497078:0.120295;3.45866:0.2981192;3.363776:0.4247183;3.252805:0.580853;3.302762:0.7381859;3.200138:0.9234591;3.051973:1.069997;3.103027:1.227835;3.05676:1.368787
sigma3_hotel_seed42,HOTEL:biwi_hotel:236:10530,HOTEL,biwi_hotel,biwi_hotel:236,10530,3,1.0674488544464111,2.119847536087036,0.8631338477134705,0.9569875597953796,0.5945107340812683,1.2204320430755615,1.0,3.02:-3.42;3.07:-3.03;3.06:-2.68;2.94:-2.25;3:-1.87;3.07:-1.5;3.02:-1.12;2.96:-0.78,3.04:-0.42;3.03:-0.1;3.02:0.31;2.94:0.7;2.95:1.03;2.88:1.37;2.88:1.71;2.91:2.05;2.86:2.4;2.78:2.73;2.83:3.05;2.88:3.44,2.948639:-0.4922703;2.9169:-0.2600219;2.862319:-0.1013396;2.862806:0.09840226;2.833381:0.2760025;2.745763:0.4034353;2.642488:0.5616763;2.704368:0.7192973;2.608388:0.9103979;2.467485:1.055871;2.528428:1.216278;2.489625:1.356407
sigma3_hotel_seed42,HOTEL:biwi_hotel:240:10530,HOTEL,biwi_hotel,biwi_hotel:240,10530,3,1.8699084520339966,3.300774097442627,1.209338665008545,1.518196940422058,0.6083331108093262,0.6644386649131775,0.0,3.08:-8.44;3.08:-7.85;3.03:-7.23;3.07:-6.62;2.96:-5.98;2.93:-5.33;2.86:-4.69;2.8:-4.21,2.86:-3.53;2.73:-2.93;2.71:-2.38;2.75:-1.8;2.74:-1.22;2.76:-0.74;2.74:-0.25;2.67:0.22;2.65:0.74;2.62:1.21;2.51:1.68;2.63:2.06,2.756481:-3.788038;2.693398:-3.473649;2.548139:-3.235854;2.531737:-2.946139;2.458836:-2.677177;2.335496:-2.500291;2.123788:-2.30094;2.186927:-2.030331;2.041642:-1.758299;1.843718:-1.586367;1.908865:-1.326617;1.842069:-1.145351
sigma3_hotel_seed42,HOTEL:biwi_hotel:235:10540,HOTEL,biwi_hotel,biwi_hotel:235,10540,3,0.6833023428916931,1.3838180303573608,1.151086449623108,0.9796895384788513,0.4026583731174469,0.6790642142295837,1.0,3.82:-3.02;3.82:-2.65;3.8:-2.26;3.75:-1.88;3.75:-1.46;3.68:-1.09;3.64:-0.75;3.66:-0.29,3.61:-0;3.55:0.37;3.57:0.73;3.51:1.04;3.39:1.34;3.41:1.75;3.44:2.12;3.41:2.47;3.47:2.83;3.51:3.19;3.47:3.55;3.52:3.72,3.666766:0.07350585;3.6104:0.3644048;3.524704:0.5449076;3.52939:0.8063551;3.519188:1.021845;3.424239:1.188822;3.276501:1.381338;3.383881:1.588178;3.283456:1.820803;3.139047:1.968739;3.22497:2.180615;3.206218:2.372227
sigma3_hotel_seed42,HOTEL:biwi_hotel:236:10540,HOTEL,biwi_hotel,biwi_hotel:236,10540,3,1.075535774230957,2.103440523147583,0.9219544529914856,0.9482696056365967,0.6667089462280273,1.4577000141143799,1.0,3.07:-3.03;3.06:-2.68;2.94:-2.25;3:-1.87;3.07:-1.5;3.02:-1.12;2.96:-0.78;3.04:-0.42,3.03:-0.1;3.02:0.31;2.94:0.7;2.95:1.03;2.88:1.37;2.88:1.71;2.91:2.05;2.86:2.4;2.78:2.73;2.83:3.05;2.88:3.44;2.8:3.78,3.094795:-0.130794;3.110027:0.1056608;3.112656:0.2463814;3.167512:0.4584449;3.201439:0.6233997;3.156753:0.7549046;3.099902:0.9230579;3.228877:1.069394;3.178853:1.270532;3.086906:1.403658;3.199508:1.566111;3.210291:1.716963
sigma3_hotel_seed42,HOTEL:biwi_hotel:240:10540,HOTEL,biwi_hotel,biwi_hotel:240,10540,3,1.228433609008789,2.146697759628296,1.7066048383712769,1.551283359527588,0.7905503511428833,0.7963300347328186,0.0,3.08:-7.85;3.03:-7.23;3.07:-6.62;2.96:-5.98;2.93:-5.33;2.86:-4.69;2.8:-4.21;2.86:-3.53,2.73:-2.93;2.71:-2.38;2.75:-1.8;2.74:-1.22;2.76:-0.74;2.74:-0.25;2.67:0.22;2.65:0.74;2.62:1.21;2.51:1.68;2.63:2.06;2.61:2.37,2.894599:-3.017014;2.896877:-2.642703;2.77688:-2.342341;2.818669:-1.965448;2.826792:-1.650294;2.790883:-1.396399;2.545371:-1.190525;2.74979:-0.8153887;2.678963:-0.5046027;2.504355:-0.3180571;2.661937:0.01546884;2.655312:0.2237804
sigma3_hotel_seed42,HOTEL:biwi_hotel:240:10550,HOTEL,biwi_hotel,biwi_hotel:240,10550,3,1.4294071197509766,2.5021936893463135,1.5348045825958252,1.548393726348877,0.9109684824943542,0.9517550468444824,0.0,3.03:-7.23;3.07:-6.62;2.96:-5.98;2.93:-5.33;2.86:-4.69;2.8:-4.21;2.86:-3.53;2.73:-2.93,2.71:-2.38;2.75:-1.8;2.74:-1.22;2.76:-0.74;2.74:-0.25;2.67:0.22;2.65:0.74;2.62:1.21;2.51:1.68;2.63:2.06;2.61:2.37;2.56:2.77,2.618836:-2.413;2.478581:-2.03592;2.231699:-1.723305;2.149776:-1.374671;2.017651:-1.038803;1.834201:-0.8077908;1.508154:-0.5866933;1.548473:-0.2311487;1.344653:0.08118677;1.064198:0.2888894;1.105684:0.6099522;0.986104:0.8247943
sigma3_hotel_seed42,HOTEL:biwi_hotel:240:10560,HOTEL,biwi_hotel,biwi_hotel:240,10560,3,1.3135164976119995,2.3623321056365967,1.3759087324142456,1.5266270637512207,0.8774892091751099,0.8930841088294983,0.0,3.07:-6.62;2.96:-5.98;2.93:-5.33;2.86:-4.69;2.8:-4.21;2.86:-3.53;2.73:-2.93;2.71:-2.38,2.75:-1.8;2.74:-1.22;2.76:-0.74;2.74:-0.25;2.67:0.22;2.65:0.74;2.62:1.21;2.51:1.68;2.63:2.06;2.61:2.37;2.56:2.77;2.64:3.22,2.694992:-1.924758;2.656425:-1.587995;2.517014:-1.329139;2.520376:-1.006456;2.476572:-0.7188512;2.38945:-0.5147423;2.161134:-0.3123159;2.275543:-0.001179934;2.158687:0.2826095;1.967262:0.4603443;2.066159:0.7495332;2.022773:0.9397273
sigma3_hotel_seed42,HOTEL:biwi_hotel:254:10710,HOTEL,biwi_hotel,biwi_hotel:254,10710,3,2.0811147689819336,4.008291721343994,1.5252048969268799,1.6447659730911255,0.3557406961917877,0.3609086573123932,0.0,2.84:-9.9;2.77:-9.22;2.78:-8.53;2.78:-7.89;2.76:-7.25;2.8:-6.59;2.79:-5.91;2.8:-5.3,2.85:-4.63;2.88:-3.93;2.97:-3.34;3:-2.72;2.98:-2.08;2.99:-1.44;2.93:-0.8;2.85:-0.2;2.76:0.46;2.64:1.07;2.61:1.69;2.58:2.28,2.786975:-4.806905;2.746226:-4.445521;2.592401:-4.15829;2.594539:-3.807043;2.554733:-3.495921;2.47198:-3.266448;2.215269:-3.057175;2.351842:-2.708593;2.237594:-2.407883;2.033314:-2.218822;2.147211:-1.902108;2.103563:-1.699876
sigma3_hotel_seed42,HOTEL:biwi_hotel:254:10720,HOTEL,biwi_hotel,biwi_hotel:254,10720,3,1.9057492017745972,3.7297496795654297,1.6796576976776123,1.6405766010284424,0.34687450528144836,0.3019338846206665,0.0,2.77:-9.22;2.78:-8.53;2.78:-7.89;2.76:-7.25;2.8:-6.59;2.79:-5.91;2.8:-5.3;2.85:-4.63,2.88:-3.93;2.97:-3.34;3:-2.72;2.98:-2.08;2.99:-1.44;2.93:-0.8;2.85:-0.2;2.76:0.46;2.64:1.07;2.61:1.69;2.58:2.28;2.58:2.84,2.876861:-4.118681;2.876966:-3.746777;2.750819:-3.446592;2.788223:-3.073573;2.786547:-2.755794;2.746342:-2.507988;2.497884:-2.301705;2.688608:-1.926884;2.611171:-1.616519;2.43095:-1.428696;2.582224:-1.094489;2.568364:-0.8897316
sigma3_hotel_seed42,HOTEL:biwi_hotel:254:10730,HOTEL,biwi_hotel,biwi_hotel:254,10730,3,1.7069129943847656,3.364058256149292,1.7516064643859863,1.644351601600647,0.3313175439834595,0.3190999925136566,0.0,2.78:-8.53;2.78:-7.89;2.76:-7.25;2.8:-6.59;2.79:-5.91;2.8:-5.3;2.85:-4.63;2.88:-3.93,2.97:-3.34;3:-2.72;2.98:-2.08;2.99:-1.44;2.93:-0.8;2.85:-0.2;2.76:0.46;2.64:1.07;2.61:1.69;2.58:2.28;2.58:2.84;2.47:3.39,2.869113:-3.386193;2.829376:-2.993975;2.660688:-2.664235;2.66646:-2.275574;2.630566:-1.935476;2.549845:-1.670556;2.260327:-1.457443;2.427048:-1.058129;2.314637:-0.7302828;2.099408:-0.5295305;2.230143:-0.1791651;2.185221:0.03801727
sigma3_hotel_seed42,HOTEL:biwi_hotel:259:10850,HOTEL,biwi_hotel,biwi_hotel:259,10850,3,1.448087215423584,3.2735888957977295,1.4519383907318115,1.401853322982788,0.324871301651001,0.47993582487106323,0.375,3.58:2.97;3.46:2.39;3.45:1.84;3.48:1.32;3.45:0.77;3.45:0.2;3.43:-0.36;3.4:-0.94,3.45:-1.53;3.45:-2.16;3.47:-2.77;3.45:-3.35;3.33:-3.96;3.23:-4.58;3.04:-5.18;2.88:-5.77;2.77:-6.39;2.67:-7.16;2.71:-7.8;2.74:-8.45,3.254802:-1.467999;3.096267:-2.019908;2.878481:-2.541587;2.818556:-2.967848;2.618783:-3.416421;2.38951:-3.834933;2.108758:-4.109306;1.947333:-4.525843;1.676938:-4.742128;1.509958:-5.106208;1.281907:-5.371206;1.048542:-5.647259
sigma3_hotel_seed42,HOTEL:biwi_hotel:259:10860,HOTEL,biwi_hotel,biwi_hotel:259,10860,3,1.019285798072815,2.680428981781006,1.4802870750427246,1.4017930030822754,0.2900848984718323,0.43031951785087585,0.375,3.46:2.39;3.45:1.84;3.48:1.32;3.45:0.77;3.45:0.2;3.43:-0.36;3.4:-0.94;3.45:-1.53,3.45:-2.16;3.47:-2.77;3.45:-3.35;3.33:-3.96;3.23:-4.58;3.04:-5.18;2.88:-5.77;2.77:-6.39;2.67:-7.16;2.71:-7.8;2.74:-8.45;2.85:-9.1,3.413531:-2.083685;3.359116:-2.665725;3.232074:-3.221939;3.272748:-3.668279;3.170793:-4.142004;3.039052:-4.585381;2.831664:-4.883827;2.769697:-5.314114;2.587236:-5.545531;2.499729:-5.936987;2.360726:-6.209123;2.202205:-6.499027
sigma3_hotel_seed42,HOTEL:biwi_hotel:259:10870,HOTEL,biwi_hotel,biwi_hotel:259,10870,3,0.5625509023666382,1.876111388206482,1.5750000476837158,1.4303319454193115,0.3047007620334625,0.43905502557754517,0.375,3.45:1.84;3.48:1.32;3.45:0.77;3.45:0.2;3.43:-0.36;3.4:-0.94;3.45:-1.53;3.45:-2.16,3.47:-2.77;3.45:-3.35;3.33:-3.96;3.23:-4.58;3.04:-5.18;2.88:-5.77;2.77:-6.39;2.67:-7.16;2.71:-7.8;2.74:-8.45;2.85:-9.1;3.06:-9.78,3.408858:-2.838244;3.344381:-3.558012;3.177081:-4.251217;3.234998:-4.783154;3.109468:-5.371631;2.950082:-5.913731;2.685977:-6.279667;2.614117:-6.803155;2.391002:-7.073352;2.309914:-7.584056;2.128716:-7.907847;1.948843:-8.268337
sigma3_hotel_seed42,HOTEL:biwi_hotel:261:10900,HOTEL,biwi_hotel,biwi_hotel:261,10900,3,1.265716552734375,2.95447039604187,1.552417516708374,1.5516921281814575,0.45570483803749084,0.4992597699165344,0.25,1.27:3.92;1.35:3.26;1.41:2.68;1.47:2.08;1.68:1.46;1.79:0.85;1.89:0.26;2.05:-0.34,2.07:-0.95;2.14:-1.59;2.11:-2.24;2.04:-2.91;2.08:-3.59;2.04:-4.29;2.1:-4.96;2.15:-5.64;2.06:-6.31;2.06:-7.01;1.93:-7.66;1.77:-8.3,2.187816:-0.9024827;2.301764:-1.502865;2.316127:-2.08927;2.517211:-2.54272;2.570678:-3.029117;2.599781:-3.495132;2.507883:-3.817634;2.602456:-4.239982;2.563096:-4.47937;2.604746:-4.901658;2.610579:-5.163096;2.575571:-5.457475
sigma3_hotel_seed42,HOTEL:biwi_hotel:262:11000,HOTEL,biwi_hotel,biwi_hotel:262,11000,3,2.0200347900390625,3.853592872619629,1.467353105545044,1.5321931838989258,0.41039782762527466,0.4916640818119049,0.625,3.39:-9.44;3.45:-8.86;3.43:-8.25;3.48:-7.66;3.43:-6.99;3.37:-6.35;3.31:-5.75;3.22:-5.17,3.22:-4.62;3.23:-4.02;3.17:-3.38;3.19:-2.78;3.28:-2.23;3.28:-1.47;3.36:-0.82;3.38:-0.27;3.36:0.33;3.36:0.94;3.22:1.51;3.17:1.98,3.145148:-4.686498;3.042591:-4.330062;2.836904:-4.046851;2.785541:-3.715353;2.686239:-3.401797;2.542283:-3.188634;2.25698:-2.975921;2.318002:-2.644093;2.148383:-2.3505;1.904096:-2.15696;1.963479:-1.852697;1.873751:-1.649038
sigma3_hotel_seed42,HOTEL:biwi_hotel:262:11010,HOTEL,biwi_hotel,biwi_hotel:262,11010,3,2.0241754055023193,3.895815134048462,1.375,1.5203734636306763,0.42021897435188293,0.5097519755363464,0.75,3.45:-8.86;3.43:-8.25;3.48:-7.66;3.43:-6.99;3.37:-6.35;3.31:-5.75;3.22:-5.17;3.22:-4.62,3.23:-4.02;3.17:-3.38;3.19:-2.78;3.28:-2.23;3.28:-1.47;3.36:-0.82;3.38:-0.27;3.36:0.33;3.36:0.94;3.22:1.51;3.17:1.98;3.11:2.6,3.238337:-4.161187;3.253677:-3.831592;3.160867:-3.56633;3.206589:-3.241045;3.188409:-2.955903;3.124575:-2.755286;2.934152:-2.547926;3.080556:-2.243119;2.98606:-1.939225;2.811286:-1.755846;2.948788:-1.463504;2.918417:-1.291102
sigma3_hotel_seed42,HOTEL:biwi_hotel:263:11010,HOTEL,biwi_hotel,biwi_hotel:263,11010,3,2.1722304821014404,4.255814552307129,1.6190274953842163,1.6435320377349854,0.46043023467063904,0.5753926634788513,0.625,1.15:-10.15;1.19:-9.46;1.26:-8.82;1.23:-8.21;1.24:-7.58;1.33:-6.89;1.39:-6.21;1.54:-5.58,1.74:-4.92;1.88:-4.29;2.07:-3.69;2.22:-3.04;2.27:-2.39;2.4:-1.76;2.46:-1.09;2.45:-0.44;2.5:0.22;2.47:0.88;2.4:1.5;2.4:2.08,1.677557:-5.116927;1.787486:-4.776347;1.780994:-4.521925;1.912933:-4.163627;2.01633:-3.889955;2.078585:-3.657867;1.932086:-3.461751;2.22155:-3.127061;2.241198:-2.835461;2.149625:-2.670095;2.380677:-2.3601;2.449665:-2.175525
sigma3_hotel_seed42,HOTEL:biwi_hotel:262:11020,HOTEL,biwi_hotel,biwi_hotel:262,11020,3,1.9016079902648926,3.624246597290039,1.5002083778381348,1.5167148113250732,0.3974992632865906,0.40909820795059204,0.875,3.43:-8.25;3.48:-7.66;3.43:-6.99;3.37:-6.35;3.31:-5.75;3.22:-5.17;3.22:-4.62;3.23:-4.02,3.17:-3.38;3.19:-2.78;3.28:-2.23;3.28:-1.47;3.36:-0.82;3.38:-0.27;3.36:0.33;3.36:0.94;3.22:1.51;3.17:1.98;3.11:2.6;3:3.15,3.239399:-3.53319;3.222986:-3.177348;3.096229:-2.896293;3.11909:-2.546543;3.100298:-2.243341;3.034529:-2.016074;2.800775:-1.805494;2.959227:-1.466894;2.862574:-1.164521;2.672786:-0.9765034;2.806865:-0.6638179;2.777521:-0.4674115
sigma3_hotel_seed42,HOTEL:biwi_hotel:263:11020,HOTEL,biwi_hotel,biwi_hotel:263,11020,3,2.0879077911376953,4.108574867248535,1.7240939140319824,1.6429888010025024,0.46043023467063904,0.5848483443260193,0.75,1.19:-9.46;1.26:-8.82;1.23:-8.21;1.24:-7.58;1.33:-6.89;1.39:-6.21;1.54:-5.58;1.74:-4.92,1.88:-4.29;2.07:-3.69;2.22:-3.04;2.27:-2.39;2.4:-1.76;2.46:-1.09;2.45:-0.44;2.5:0.22;2.47:0.88;2.4:1.5;2.4:2.08;2.35:2.61,1.910143:-4.447726;2.055899:-4.103621;2.079216:-3.842559;2.241812:-3.472609;2.375613:-3.197733;2.467564:-2.956692;2.33809:-2.759979;2.667514:-2.415704;2.714688:-2.114738;2.641624:-1.948545;2.905108:-1.629795;2.99517:-1.447603
sigma3_hotel_seed42,HOTEL:biwi_hotel:264:11150,HOTEL,biwi_hotel,biwi_hotel:264,11150,3,1.8587760925292969,3.997845411300659,1.5700318813323975,1.4811698198318481,0.7691200375556946,1.2344738245010376,0.625,1.86:3.35;1.87:2.8;1.74:2.23;1.78:1.63;1.67:1.05;1.62:0.46;1.65:-0.14;1.55:-0.76,1.64:-1.39;1.64:-2.01;1.61:-2.64;1.69:-3.29;1.58:-3.95;1.62:-4.62;1.64:-5.33;1.54:-6.03;1.63:-6.72;1.54:-7.36;1.6:-8;1.66:-8.67,1.383638:-1.32298;1.201982:-1.914839;0.9456581:-2.48059;0.8748237:-2.927188;0.6460839:-3.408149;0.3916959:-3.857668;0.0690434:-4.150829;-0.1175051:-4.588701;-0.4200264:-4.812356;-0.594625:-5.221068;-0.8593874:-5.495037;-1.112017:-5.789255
sigma3_hotel_seed42,HOTEL:biwi_hotel:265:11350,HOTEL,biwi_hotel,biwi_hotel:265,11350,3,1.4877837896347046,3.2675933837890625,1.275979995727539,1.334183692932129,0.3463851511478424,0.5152580738067627,0.5,0.78:3;0.8:2.48;0.8:1.96;0.85:1.4;0.85:0.87;0.8:0.34;0.82:-0.22;0.8:-0.73,0.75:-1.26;0.85:-1.92;0.83:-2.48;0.81:-3.05;0.77:-3.63;0.7:-4.23;0.63:-4.77;0.67:-5.45;0.61:-6.1;0.49:-6.7;0.5:-7.29;0.47:-7.82,0.7128383:-1.19042;0.6117835:-1.670665;0.4518097:-2.131162;0.4340959:-2.507552;0.2933045:-2.894634;0.1336855:-3.268422;-0.08866292:-3.514185;-0.2006289:-3.867767;-0.404764:-4.063632;-0.5277453:-4.382452;-0.6946887:-4.607971;-0.8748092:-4.841971
sigma3_hotel_seed42,HOTEL:biwi_hotel:266:11350,HOTEL,biwi_hotel,biwi_hotel:266,11350,3,0.04110555723309517,0.060709696263074875,0.0,0.0,0.0,0.0,0.5,-0.83:2.36;-0.83:2.36;-0.83:2.36;-0.83:2.36;-0.83:2.36;-0.83:2.36;-0.83:2.36;-0.83:2.36,-0.83:2.36;-0.83:2.36;-0.83:2.36;-0.83:2.36;-0.83:2.36;-0.83:2.36;-0.83:2.36;-0.83:2.36;-0.83:2.36;-0.83:2.36;-0.83:2.36;-0.83:2.36,-0.8407551:2.356194;-0.8446134:2.348661;-0.8531296:2.347569;-0.8651466:2.346706;-0.8702158:2.344128;-0.8740819:2.350627;-0.874684:2.337684;-0.8655791:2.335831;-0.8649743:2.324722;-0.8647601:2.323406;-0.8657891:2.315112;-0.8492259:2.302415
sigma3_hotel_seed42,HOTEL:biwi_hotel:277:11770,HOTEL,biwi_hotel,biwi_hotel:277,11770,3,1.3010740280151367,3.032947540283203,1.3536986112594604,1.3919956684112549,0.3773801922798157,0.5506237149238586,0.0,0.28:1.49;0.23:0.93;0.21:0.37;0.2:-0.19;0.14:-0.71;0.1:-1.27;0.2:-1.85;0.24:-2.39,0.25:-2.95;0.34:-3.51;0.42:-4.19;0.28:-4.67;0.32:-5.26;0.28:-5.87;0.19:-6.45;0.21:-6.99;0.09:-7.62;0.06:-8.33;0.1:-8.91;0.17:-9.49,0.1937386:-2.872184;0.1310759:-3.374498;0.00713475:-3.857074;0.02724868:-4.250278;-0.07591207:-4.657085;-0.2003033:-5.046099;-0.3938392:-5.306153;-0.467041:-5.67624;-0.6385272:-5.884296;-0.7323241:-6.217599;-0.8664664:-6.454427;-1.019454:-6.700023
sigma3_hotel_seed42,HOTEL:biwi_hotel:278:11770,HOTEL,biwi_hotel,biwi_hotel:278,11770,3,1.2565642595291138,3.0619170665740967,1.6796576976776123,1.6049749851226807,0.3547443747520447,0.41236618161201477,0.0,1.34:4.05;1.24:3.41;1.2:2.78;1.15:2.14;1.18:1.49;1.19:0.89;1.17:0.24;1.22:-0.43,1.22:-1.09;1.26:-1.75;1.31:-2.42;1.33:-3.1;1.42:-3.81;1.43:-4.51;1.41:-5.21;1.42:-5.93;1.37:-6.67;1.38:-7.38;1.32:-8.15;1.28:-8.85,1.185936:-1.064093;1.129614:-1.735427;0.9793211:-2.38204;1.036145:-2.883003;0.9234117:-3.431227;0.7789391:-3.939217;0.536638:-4.282064;0.4729714:-4.771317;0.2682153:-5.02774;0.1895546:-5.49881;0.0266726:-5.803024;-0.141305:-6.137948
sigma3_hotel_seed42,HOTEL:biwi_hotel:282:11790,HOTEL,biwi_hotel,biwi_hotel:282,11790,3,1.9719051122665405,3.7921478748321533,1.4252192974090576,1.5479848384857178,0.26560574769973755,0.15967147052288055,0.0,3.5:-8.7;3.52:-8.11;3.56:-7.49;3.62:-6.81;3.62:-6.19;3.62:-5.57;3.62:-4.94;3.63:-4.37,3.44:-3.71;3.35:-3.11;3.22:-2.52;3.11:-1.94;3.08:-1.35;3.05:-0.75;3.05:-0.17;3.08:0.52;3.08:1.12;3.11:1.67;3.12:2.23;3.1:2.8,3.638635:-3.905948;3.629612:-3.567394;3.51712:-3.301237;3.54511:-2.971355;3.522291:-2.681655;3.451708:-2.473492;3.241802:-2.265376;3.383383:-1.952265;3.2836:-1.65542;3.100882:-1.471921;3.228985:-1.176019;3.195816:-0.9909372
sigma3_hotel_seed42,HOTEL:biwi_hotel:282:11800,HOTEL,biwi_hotel,biwi_hotel:282,11800,3,1.7513551712036133,3.5288214683532715,1.717010498046875,1.5824366807937622,0.4565032422542572,0.4269716739654541,0.0,3.52:-8.11;3.56:-7.49;3.62:-6.81;3.62:-6.19;3.62:-5.57;3.62:-4.94;3.63:-4.37;3.44:-3.71,3.35:-3.11;3.22:-2.52;3.11:-1.94;3.08:-1.35;3.05:-0.75;3.05:-0.17;3.08:0.52;3.08:1.12;3.11:1.67;3.12:2.23;3.1:2.8;3.09:3.3,3.289394:-3.160721;3.108186:-2.761296;2.805086:-2.420499;2.687791:-2.053041;2.518606:-1.68992;2.308409:-1.441164;1.925559:-1.221192;1.938705:-0.8248761;1.704651:-0.5049431;1.393086:-0.2906532;1.404909:0.05307412;1.259951:0.282799
sigma3_hotel_seed42,HOTEL:biwi_hotel:288:12450,HOTEL,biwi_hotel,biwi_hotel:288,12450,3,1.2083404064178467,1.9454129934310913,1.5660459995269775,1.6442515850067139,0.34744611382484436,0.43012428283691406,0.625,3.1:-7.4;3.03:-6.72;2.95:-6.06;2.91:-5.43;2.91:-4.79;2.86:-4.12;2.77:-3.44;2.59:-2.84,2.36:-2.18;2.15:-1.58;1.89:-1.02;1.68:-0.46;1.48:0.07;1.26:0.62;1.07:1.14;0.84:1.6;0.67:2.03;0.47:2.48;0.25:2.83;0.18:3.06,2.413759:-2.295776;2.207699:-1.898573;1.879801:-1.561309;1.739528:-1.201307;1.54521:-0.8365588;1.314365:-0.5950468;0.9156681:-0.3753936;0.8973496:0.01704741;0.6420059:0.3308139;0.3145676:0.5453265;0.3016906:0.8852286;0.1400778:1.114997
sigma3_hotel_seed42,HOTEL:biwi_hotel:288:12460,HOTEL,biwi_hotel,biwi_hotel:288,12460,3,0.9194428324699402,1.478285551071167,1.7473193407058716,1.6497280597686768,0.40551048517227173,0.4559480547904968,0.75,3.03:-6.72;2.95:-6.06;2.91:-5.43;2.91:-4.79;2.86:-4.12;2.77:-3.44;2.59:-2.84;2.36:-2.18,2.15:-1.58;1.89:-1.02;1.68:-0.46;1.48:0.07;1.26:0.62;1.07:1.14;0.84:1.6;0.67:2.03;0.47:2.48;0.25:2.83;0.18:3.06;0.09:3.33,2.136981:-1.600974;1.883142:-1.18121;1.498462:-0.8125573;1.318123:-0.4354167;1.080179:-0.04344988;0.8072278:0.2153568;0.3540905:0.4393058;0.3020651:0.8649123;0.006413221:1.192955;-0.3610146:1.419331;-0.4044435:1.779382;-0.6010168:2.023163
sigma3_hotel_seed42,HOTEL:biwi_hotel:288:12470,HOTEL,biwi_hotel,biwi_hotel:288,12470,3,0.8378376960754395,1.0545021295547485,1.589221477508545,1.6393201351165771,0.4193079471588135,0.4000817835330963,0.875,2.95:-6.06;2.91:-5.43;2.91:-4.79;2.86:-4.12;2.77:-3.44;2.59:-2.84;2.36:-2.18;2.15:-1.58,1.89:-1.02;1.68:-0.46;1.48:0.07;1.26:0.62;1.07:1.14;0.84:1.6;0.67:2.03;0.47:2.48;0.25:2.83;0.18:3.06;0.09:3.33;0.02:3.33,1.959526:-1.033586;1.743792:-0.6367673;1.406199:-0.2965783;1.256047:0.06090713;1.046804:0.4288238;0.7999368:0.6667305;0.3959047:0.8907205;0.3613296:1.279357;0.09137917:1.597559;-0.2495766:1.81722;-0.2704489:2.156944;-0.4454451:2.383778
sigma3_hotel_seed42,HOTEL:biwi_hotel:288:12480,HOTEL,biwi_hotel,biwi_hotel:288,12480,3,0.8265562057495117,1.1146718263626099,1.5435348749160767,1.6343721151351929,0.4430581331253052,0.43467020988464355,1.0,2.91:-5.43;2.91:-4.79;2.86:-4.12;2.77:-3.44;2.59:-2.84;2.36:-2.18;2.15:-1.58;1.89:-1.02,1.68:-0.46;1.48:0.07;1.26:0.62;1.07:1.14;0.84:1.6;0.67:2.03;0.47:2.48;0.25:2.83;0.18:3.06;0.09:3.33;0.02:3.33;0:3.37,1.672398:-0.4950818;1.441603:-0.1103175;1.092054:0.2132444;0.9233328:0.5595406;0.6834809:0.916281;0.4131403:1.138132;0.01008773:1.366761;-0.06729352:1.731878;-0.3627924:2.047321;-0.7121242:2.261847;-0.7687336:2.587642;-0.9600278:2.803573
sigma3_hotel_seed42,HOTEL:biwi_hotel:289:12480,HOTEL,biwi_hotel,biwi_hotel:289,12480,3,1.4913228750228882,2.9943342208862305,1.546164631843567,1.556015133857727,0.4444514214992523,0.5950492024421692,1.0,2.98:-7.11;2.98:-6.5;2.88:-5.87;2.81:-5.27;2.79:-4.61;2.65:-4.01;2.54:-3.41;2.39:-2.81,2.15:-2.28;2.01:-1.68;1.86:-1.12;1.7:-0.59;1.64:0.07;1.53:0.64;1.53:1.2;1.52:1.74;1.41:2.27;1.36:2.83;1.22:3.36;0.92:3.9,2.260567:-2.294075;2.099473:-1.914978;1.827408:-1.603583;1.726697:-1.256128;1.577409:-0.9163007;1.38562:-0.6861618;1.038544:-0.469692;1.058883:-0.1062856;0.843164:0.197243;0.5542848:0.4015827;0.5742834:0.7238846;0.4469922:0.9432621
sigma3_hotel_seed42,HOTEL:biwi_hotel:288:12490,HOTEL,biwi_hotel,biwi_hotel:288,12490,3,0.6463229656219482,0.7544525861740112,1.4952006340026855,1.6194007396697998,0.43440237641334534,0.4360809624195099,1.0,2.91:-4.79;2.86:-4.12;2.77:-3.44;2.59:-2.84;2.36:-2.18;2.15:-1.58;1.89:-1.02;1.68:-0.46,1.48:0.07;1.26:0.62;1.07:1.14;0.84:1.6;0.67:2.03;0.47:2.48;0.25:2.83;0.18:3.06;0.09:3.33;0.02:3.33;0:3.37;0:3.39,1.505445:0.04795662;1.300174:0.4232907;0.9869718:0.7295258;0.8462373:1.063703;0.6531386:1.405728;0.4212748:1.623664;0.04917026:1.841491;0.01500368:2.195069;-0.2396311:2.490435;-0.5577608:2.696816;-0.5792345:3.011321;-0.737446:3.230714
sigma3_hotel_seed42,HOTEL:biwi_hotel:288:12500,HOTEL,biwi_hotel,biwi_hotel:288,12500,3,0.5662415027618408,0.8842897415161133,1.416200876235962,1.5817641019821167,0.42439377307891846,0.38104772567749023,1.0,2.86:-4.12;2.77:-3.44;2.59:-2.84;2.36:-2.18;2.15:-1.58;1.89:-1.02;1.68:-0.46;1.48:0.07,1.26:0.62;1.07:1.14;0.84:1.6;0.67:2.03;0.47:2.48;0.25:2.83;0.18:3.06;0.09:3.33;0.02:3.33;0:3.37;0:3.39;0:3.39,1.312464:0.5653831;1.121535:0.9299299;0.8248296:1.2282;0.6953105:1.552909;0.5064642:1.885696;0.2783071:2.094024;-0.07438123:2.30969;-0.1087052:2.648811;-0.359212:2.943512;-0.6680033:3.146621;-0.6863329:3.451772;-0.8413332:3.662263
sigma3_hotel_seed42,HOTEL:biwi_hotel:288:12510,HOTEL,biwi_hotel,biwi_hotel:288,12510,3,0.7392188906669617,1.811832308769226,1.4809203147888184,1.548349142074585,0.32842326164245605,0.24084867537021637,1.0,2.77:-3.44;2.59:-2.84;2.36:-2.18;2.15:-1.58;1.89:-1.02;1.68:-0.46;1.48:0.07;1.26:0.62,1.07:1.14;0.84:1.6;0.67:2.03;0.47:2.48;0.25:2.83;0.18:3.06;0.09:3.33;0.02:3.33;0:3.37;0:3.39;0:3.39;0:3.39,1.049778:1.133242;0.8042183:1.513767;0.4580824:1.825783;0.2849131:2.158222;0.0598377:2.505195;-0.2107339:2.724763;-0.6063639:2.946668;-0.674435:3.298352;-0.9617035:3.595778;-1.305313:3.806907;-1.355554:4.119121;-1.539608:4.345167
sigma3_hotel_seed42,HOTEL:biwi_hotel:288:12520,HOTEL,biwi_hotel,biwi_hotel:288,12520,3,0.7128246426582336,1.8981298208236694,1.3840610980987549,1.5223512649536133,0.291260689496994,0.22717325389385223,1.0,2.59:-2.84;2.36:-2.18;2.15:-1.58;1.89:-1.02;1.68:-0.46;1.48:0.07;1.26:0.62;1.07:1.14,0.84:1.6;0.67:2.03;0.47:2.48;0.25:2.83;0.18:3.06;0.09:3.33;0.02:3.33;0:3.37;0:3.39;0:3.39;0:3.39;0:3.39,0.8885731:1.623164;0.666261:1.986617;0.3536107:2.272146;0.2020792:2.588652;0.005694866:2.913108;-0.2376294:3.120112;-0.5987134:3.333822;-0.6479534:3.661172;-0.9083022:3.940497;-1.220991:4.138295;-1.25877:4.431604;-1.417533:4.652339
sigma3_hotel_seed42,HOTEL:biwi_hotel:292:12520,HOTEL,biwi_hotel,biwi_hotel:292,12520,3,0.041105564683675766,0.060709696263074875,0.0,0.0,0.0,0.0,1.875,-0.85:2.36;-0.85:2.36;-0.85:2.36;-0.85:2.36;-0.85:2.36;-0.85:2.36;-0.85:2.36;-0.85:2.36,-0.85:2.36;-0.85:2.36;-0.85:2.36;-0.85:2.36;-0.85:2.36;-0.85:2.36;-0.85:2.36;-0.85:2.36;-0.85:2.36;-0.85:2.36;-0.85:2.36;-0.85:2.36,-0.8607552:2.356194;-0.8646134:2.348661;-0.8731296:2.347569;-0.8851467:2.346706;-0.8902159:2.344128;-0.8940819:2.350627;-0.894684:2.337684;-0.8855792:2.335831;-0.8849744:2.324722;-0.8847601:2.323406;-0.8857891:2.315112;-0.8692259:2.302415
sigma3_hotel_seed42,HOTEL:biwi_hotel:293:12520,HOTEL,biwi_hotel,biwi_hotel:293,12520,3,0.04110553860664368,0.060709696263074875,0.0,0.0,0.0,0.0,2.0,-0.81:4.04;-0.81:4.04;-0.81:4.04;-0.81:4.04;-0.81:4.04;-0.81:4.04;-0.81:4.04;-0.81:4.04,-0.81:4.04;-0.81:4.04;-0.81:4.04;-0.81:4.04;-0.81:4.04;-0.81:4.04;-0.81:4.04;-0.81:4.04;-0.81:4.04;-0.81:4.04;-0.81:4.04;-0.81:4.04,-0.8207551:4.036194;-0.8246134:4.028661;-0.8331296:4.027569;-0.8451467:4.026706;-0.8502158:4.024128;-0.8540819:4.030627;-0.854684:4.017684;-0.8455791:4.015831;-0.8449743:4.004722;-0.8447601:4.003407;-0.8457891:3.995112;-0.8292259:3.982415
sigma3_hotel_seed42,HOTEL:biwi_hotel:294:12520,HOTEL,biwi_hotel,biwi_hotel:294,12520,3,0.8431026339530945,1.4861583709716797,0.5099019408226013,0.27685126662254333,0.8613494038581848,9.147186279296875,1.875,-0.39:4.31;-0.4:4.15;-0.4:4.06;-0.41:4.2;-0.42:4.11;-0.42:4.04;-0.42:4.02;-0.46:4.22,-0.47:4.28;-0.42:4.22;-0.45:4.13;-0.44:4.15;-0.44:4.12;-0.44:4.06;-0.42:4.14;-0.42:4.08;-0.42:4.04;-0.42:4.02;-0.42:4;-0.42:3.99,-0.4978352:4.35861;-0.5430802:4.499825;-0.5594696:4.593389;-0.5994163:4.685549;-0.6357632:4.778343;-0.7086392:4.856376;-0.7518309:4.952477;-0.7472609:5.012211;-0.8208868:5.090997;-0.9481931:5.221411;-0.9394837:5.275148;-0.9907603:5.362188
sigma3_hotel_seed42,HOTEL:biwi_hotel:288:12530,HOTEL,biwi_hotel,biwi_hotel:288,12530,3,1.03557288646698,2.481119155883789,1.2857390642166138,1.4564112424850464,0.30049553513526917,0.33915621042251587,1.125,2.36:-2.18;2.15:-1.58;1.89:-1.02;1.68:-0.46;1.48:0.07;1.26:0.62;1.07:1.14;0.84:1.6,0.67:2.03;0.47:2.48;0.25:2.83;0.18:3.06;0.09:3.33;0.02:3.33;0:3.37;0:3.39;0:3.39;0:3.39;0:3.39;0:3.39,0.6221259:2.051035;0.3781663:2.395015;0.0550313:2.665506;-0.1221952:2.961062;-0.3555749:3.267132;-0.630985:3.457359;-0.9868382:3.668044;-1.08841:3.964543;-1.378433:4.234981;-1.701144:4.427645;-1.784108:4.695775;-1.967499:4.901589
sigma3_hotel_seed42,HOTEL:biwi_hotel:292:12530,HOTEL,biwi_hotel,biwi_hotel:292,12530,3,0.041105564683675766,0.060709696263074875,0.0,0.0,0.0,0.0,2.125,-0.85:2.36;-0.85:2.36;-0.85:2.36;-0.85:2.36;-0.85:2.36;-0.85:2.36;-0.85:2.36;-0.85:2.36,-0.85:2.36;-0.85:2.36;-0.85:2.36;-0.85:2.36;-0.85:2.36;-0.85:2.36;-0.85:2.36;-0.85:2.36;-0.85:2.36;-0.85:2.36;-0.85:2.36;-0.85:2.36,-0.8607552:2.356194;-0.8646134:2.348661;-0.8731296:2.347569;-0.8851467:2.346706;-0.8902159:2.344128;-0.8940819:2.350627;-0.894684:2.337684;-0.8855792:2.335831;-0.8849744:2.324722;-0.8847601:2.323406;-0.8857891:2.315112;-0.8692259:2.302415
sigma3_hotel_seed42,HOTEL:biwi_hotel:293:12530,HOTEL,biwi_hotel,biwi_hotel:293,12530,3,0.04110553860664368,0.060709696263074875,0.0,0.0,0.0,0.0,2.0,-0.81:4.04;-0.81:4.04;-0.81:4.04;-0.81:4.04;-0.81:4.04;-0.81:4.04;-0.81:4.04;-0.81:4.04,-0.81:4.04;-0.81:4.04;-0.81:4.04;-0.81:4.04;-0.81:4.04;-0.81:4.04;-0.81:4.04;-0.81:4.04;-0.81:4.04;-0.81:4.04;-0.81:4.04;-0.81:4.04,-0.8207551:4.036194;-0.8246134:4.028661;-0.8331296:4.027569;-0.8451467:4.026706;-0.8502158:4.024128;-0.8540819:4.030627;-0.854684:4.017684;-0.8455791:4.015831;-0.8449743:4.004722;-0.8447601:4.003407;-0.8457891:3.995112;-0.8292259:3.982415
sigma3_hotel_seed42,HOTEL:biwi_hotel:294:12530,HOTEL,biwi_hotel,biwi_hotel:294,12530,3,0.3061453104019165,0.5023695826530457,0.1520690619945526,0.24132105708122253,0.9368364214897156,9.117013931274414,2.0,-0.4:4.15;-0.4:4.06;-0.41:4.2;-0.42:4.11;-0.42:4.04;-0.42:4.02;-0.46:4.22;-0.47:4.28,-0.42:4.22;-0.45:4.13;-0.44:4.15;-0.44:4.12;-0.44:4.06;-0.42:4.14;-0.42:4.08;-0.42:4.04;-0.42:4.02;-0.42:4;-0.42:3.99;-0.42:3.99,-0.4753502:4.297437;-0.4793313:4.330118;-0.4730483:4.340108;-0.4818455:4.340373;-0.4925561:4.352013;-0.5094144:4.352619;-0.515508:4.360862;-0.5272368:4.367353;-0.5433232:4.37365;-0.5989143:4.416002;-0.5980536:4.415006;-0.6471903:4.438062
sigma3_hotel_seed42,HOTEL:biwi_hotel:288:12540,HOTEL,biwi_hotel,biwi_hotel:288,12540,3,0.9148889183998108,2.2413198947906494,1.1559628248214722,1.3945170640945435,0.3036734461784363,0.3283180892467499,1.25,2.15:-1.58;1.89:-1.02;1.68:-0.46;1.48:0.07;1.26:0.62;1.07:1.14;0.84:1.6;0.67:2.03,0.47:2.48;0.25:2.83;0.18:3.06;0.09:3.33;0.02:3.33;0:3.37;0:3.39;0:3.39;0:3.39;0:3.39;0:3.39;0:3.39,0.5068243:2.440842;0.3157579:2.755;0.05935472:2.999694;-0.07258713:3.264218;-0.250644:3.541153;-0.4757723:3.712552;-0.7683281:3.905349;-0.8259812:4.169182;-1.063157:4.413755;-1.342884:4.597566;-1.381212:4.838511;-1.529171:5.028643
sigma3_hotel_seed42,HOTEL:biwi_hotel:292:12540,HOTEL,biwi_hotel,biwi_hotel:292,12540,3,0.041105564683675766,0.060709696263074875,0.0,0.0,0.0,0.0,2.25,-0.85:2.36;-0.85:2.36;-0.85:2.36;-0.85:2.36;-0.85:2.36;-0.85:2.36;-0.85:2.36;-0.85:2.36,-0.85:2.36;-0.85:2.36;-0.85:2.36;-0.85:2.36;-0.85:2.36;-0.85:2.36;-0.85:2.36;-0.85:2.36;-0.85:2.36;-0.85:2.36;-0.85:2.36;-0.85:2.36,-0.8607552:2.356194;-0.8646134:2.348661;-0.8731296:2.347569;-0.8851467:2.346706;-0.8902159:2.344128;-0.8940819:2.350627;-0.894684:2.337684;-0.8855792:2.335831;-0.8849744:2.324722;-0.8847601:2.323406;-0.8857891:2.315112;-0.8692259:2.302415
sigma3_hotel_seed42,HOTEL:biwi_hotel:293:12540,HOTEL,biwi_hotel,biwi_hotel:293,12540,3,0.04110553860664368,0.060709696263074875,0.0,0.0,0.0,0.0,2.0,-0.81:4.04;-0.81:4.04;-0.81:4.04;-0.81:4.04;-0.81:4.04;-0.81:4.04;-0.81:4.04;-0.81:4.04,-0.81:4.04;-0.81:4.04;-0.81:4.04;-0.81:4.04;-0.81:4.04;-0.81:4.04;-0.81:4.04;-0.81:4.04;-0.81:4.04;-0.81:4.04;-0.81:4.04;-0.81:4.04,-0.8207551:4.036194;-0.8246134:4.028661;-0.8331296:4.027569;-0.8451467:4.026706;-0.8502158:4.024128;-0.8540819:4.030627;-0.854684:4.017684;-0.8455791:4.015831;-0.8449743:4.004722;-0.8447601:4.003407;-0.8457891:3.995112;-0.8292259:3.982415
sigma3_hotel_seed42,HOTEL:biwi_hotel:294:12540,HOTEL,biwi_hotel,biwi_hotel:294,12540,3,0.4546854496002197,0.740644633769989,0.19525624811649323,0.2370719462633133,0.8367810249328613,8.658732414245605,2.0,-0.4:4.06;-0.41:4.2;-0.42:4.11;-0.42:4.04;-0.42:4.02;-0.46:4.22;-0.47:4.28;-0.42:4.22,-0.45:4.13;-0.44:4.15;-0.44:4.12;-0.44:4.06;-0.42:4.14;-0.42:4.08;-0.42:4.04;-0.42:4.02;-0.42:4;-0.42:3.99;-0.42:3.99;-0.42:3.99,-0.3478311:4.221407;-0.2749656:4.238734;-0.211852:4.226759;-0.1393346:4.232369;-0.08232793:4.225889;-0.019088:4.218792;0.04325119:4.202691;0.08673766:4.216075;0.1485836:4.22197;0.2145503:4.208345;0.2497741:4.207464;0.2830444:4.222987
sigma3_hotel_seed42,HOTEL:biwi_hotel:288:12550,HOTEL,biwi_hotel,biwi_hotel:288,12550,3,1.419809341430664,2.9832634925842285,1.231107234954834,1.3498846292495728,0.2891479432582855,0.29415252804756165,1.5,1.89:-1.02;1.68:-0.46;1.48:0.07;1.26:0.62;1.07:1.14;0.84:1.6;0.67:2.03;0.47:2.48,0.25:2.83;0.18:3.06;0.09:3.33;0.02:3.33;0:3.37;0:3.39;0:3.39;0:3.39;0:3.39;0:3.39;0:3.39;0:3.39,0.2870886:2.913274;0.07266596:3.242564;-0.2125219:3.500912;-0.3620366:3.778441;-0.5593271:4.071352;-0.8054458:4.251423;-1.125782:4.452244;-1.196613:4.73258;-1.45432:4.988674;-1.754114:5.178699;-1.803571:5.433811;-1.965941:5.633866
sigma3_hotel_seed42,HOTEL:biwi_hotel:292:12550,HOTEL,biwi_hotel,biwi_hotel:292,12550,3,0.041105564683675766,0.060709696263074875,0.0,0.0,0.0,0.0,2.375,-0.85:2.36;-0.85:2.36;-0.85:2.36;-0.85:2.36;-0.85:2.36;-0.85:2.36;-0.85:2.36;-0.85:2.36,-0.85:2.36;-0.85:2.36;-0.85:2.36;-0.85:2.36;-0.85:2.36;-0.85:2.36;-0.85:2.36;-0.85:2.36;-0.85:2.36;-0.85:2.36;-0.85:2.36;-0.85:2.36,-0.8607552:2.356194;-0.8646134:2.348661;-0.8731296:2.347569;-0.8851467:2.346706;-0.8902159:2.344128;-0.8940819:2.350627;-0.894684:2.337684;-0.8855792:2.335831;-0.8849744:2.324722;-0.8847601:2.323406;-0.8857891:2.315112;-0.8692259:2.302415
sigma3_hotel_seed42,HOTEL:biwi_hotel:293:12550,HOTEL,biwi_hotel,biwi_hotel:293,12550,3,0.04110553860664368,0.060709696263074875,0.0,0.0,0.0,0.0,2.0,-0.81:4.04;-0.81:4.04;-0.81:4.04;-0.81:4.04;-0.81:4.04;-0.81:4.04;-0.81:4.04;-0.81:4.04,-0.81:4.04;-0.81:4.04;-0.81:4.04;-0.81:4.04;-0.81:4.04;-0.81:4.04;-0.81:4.04;-0.81:4.04;-0.81:4.04;-0.81:4.04;-0.81:4.04;-0.81:4.04,-0.8207551:4.036194;-0.8246134:4.028661;-0.8331296:4.027569;-0.8451467:4.026706;-0.8502158:4.024128;-0.8540819:4.030627;-0.854684:4.017684;-0.8455791:4.015831;-0.8449743:4.004722;-0.8447601:4.003407;-0.8457891:3.995112;-0.8292259:3.982415
sigma3_hotel_seed42,HOTEL:biwi_hotel:294:12550,HOTEL,biwi_hotel,biwi_hotel:294,12550,3,0.19540970027446747,0.3732084333896637,0.23717083036899567,0.22082610428333282,0.6861976981163025,6.715592861175537,2.125,-0.41:4.2;-0.42:4.11;-0.42:4.04;-0.42:4.02;-0.46:4.22;-0.47:4.28;-0.42:4.22;-0.45:4.13,-0.44:4.15;-0.44:4.12;-0.44:4.06;-0.42:4.14;-0.42:4.08;-0.42:4.04;-0.42:4.02;-0.42:4;-0.42:3.99;-0.42:3.99;-0.42:3.99;-0.42:3.99,-0.4665059:4.101534;-0.4887913:4.084091;-0.512602:4.053074;-0.537008:4.028664;-0.5589378:4.000113;-0.5831515:3.979202;-0.6124245:3.940488;-0.6403353:3.934549;-0.656167:3.917802;-0.6856967:3.892987;-0.7183714:3.876593;-0.7759874:3.87794
sigma3_hotel_seed42,HOTEL:biwi_hotel:288:12560,HOTEL,biwi_hotel,biwi_hotel:288,12560,3,1.6185394525527954,3.1738219261169434,1.033501386642456,1.2839275598526,0.3624371290206909,0.43502551317214966,1.875,1.68:-0.46;1.48:0.07;1.26:0.62;1.07:1.14;0.84:1.6;0.67:2.03;0.47:2.48;0.25:2.83,0.18:3.06;0.09:3.33;0.02:3.33;0:3.37;0:3.39;0:3.39;0:3.39;0:3.39;0:3.39;0:3.39;0:3.39;0.13:3.49,0.0395765:3.18885;-0.1768533:3.470031;-0.4457314:3.702593;-0.6191168:3.929615;-0.8380787:4.181501;-1.085997:4.336039;-1.378707:4.508595;-1.495039:4.740588;-1.754009:4.950693;-2.055147:5.136333;-2.143929:5.33956;-2.325038:5.501451
sigma3_hotel_seed42,HOTEL:biwi_hotel:292:12560,HOTEL,biwi_hotel,biwi_hotel:292,12560,3,0.041105564683675766,0.060709696263074875,0.0,0.0,0.0,0.0,2.5,-0.85:2.36;-0.85:2.36;-0.85:2.36;-0.85:2.36;-0.85:2.36;-0.85:2.36;-0.85:2.36;-0.85:2.36,-0.85:2.36;-0.85:2.36;-0.85:2.36;-0.85:2.36;-0.85:2.36;-0.85:2.36;-0.85:2.36;-0.85:2.36;-0.85:2.36;-0.85:2.36;-0.85:2.36;-0.85:2.36,-0.8607552:2.356194;-0.8646134:2.348661;-0.8731296:2.347569;-0.8851467:2.346706;-0.8902159:2.344128;-0.8940819:2.350627;-0.894684:2.337684;-0.8855792:2.335831;-0.8849744:2.324722;-0.8847601:2.323406;-0.8857891:2.315112;-0.8692259:2.302415
sigma3_hotel_seed42,HOTEL:biwi_hotel:293:12560,HOTEL,biwi_hotel,biwi_hotel:293,12560,3,0.04110553860664368,0.060709696263074875,0.0,0.0,0.0,0.0,2.125,-0.81:4.04;-0.81:4.04;-0.81:4.04;-0.81:4.04;-0.81:4.04;-0.81:4.04;-0.81:4.04;-0.81:4.04,-0.81:4.04;-0.81:4.04;-0.81:4.04;-0.81:4.04;-0.81:4.04;-0.81:4.04;-0.81:4.04;-0.81:4.04;-0.81:4.04;-0.81:4.04;-0.81:4.04;-0.81:4.04,-0.8207551:4.036194;-0.8246134:4.028661;-0.8331296:4.027569;-0.8451467:4.026706;-0.8502158:4.024128;-0.8540819:4.030627;-0.854684:4.017684;-0.8455791:4.015831;-0.8449743:4.004722;-0.8447601:4.003407;-0.8457891:3.995112;-0.8292259:3.982415
sigma3_hotel_seed42,HOTEL:biwi_hotel:294:12560,HOTEL,biwi_hotel,biwi_hotel:294,12560,3,0.34681034088134766,0.6766069531440735,0.055901698768138885,0.19647139310836792,0.784829318523407,9.604631423950195,2.25,-0.42:4.11;-0.42:4.04;-0.42:4.02;-0.46:4.22;-0.47:4.28;-0.42:4.22;-0.45:4.13;-0.44:4.15,-0.44:4.12;-0.44:4.06;-0.42:4.14;-0.42:4.08;-0.42:4.04;-0.42:4.02;-0.42:4;-0.42:3.99;-0.42:3.99;-0.42:3.99;-0.42:3.99;-0.42:3.99,-0.4885758:4.132878;-0.5382656:4.126153;-0.5761659:4.118056;-0.6239511:4.088022;-0.6762164:4.076147;-0.7336876:4.057966;-0.7789917:4.03091;-0.8399827:4.029376;-0.8900865:4.016152;-0.9589698:4.021193;-1.006834:4.005413;-1.096124:4.015553
sigma3_hotel_seed42,HOTEL:biwi_hotel:296:12700,HOTEL,biwi_hotel,biwi_hotel:296,12700,3,1.7453209161758423,3.815009355545044,1.5821267366409302,1.612048864364624,0.3984186351299286,0.45096004009246826,1.5,1.28:3.22;1.23:2.62;1.16:2.01;1.17:1.3;1.12:0.64;1.13:0;1.07:-0.65;1.01:-1.28,1.04:-1.97;0.97:-2.66;1.02:-3.35;1:-4.07;0.93:-4.86;0.95:-5.59;0.85:-6.33;0.85:-7;0.82:-7.67;0.73:-8.35;0.75:-9.06;0.65:-9.78,0.9130261:-1.842973;0.7948657:-2.43613;0.5837675:-3.017528;0.5755676:-3.458984;0.405535:-3.939728;0.2215066:-4.398467;-0.06544185:-4.701332;-0.1978183:-5.122213;-0.4430746:-5.348993;-0.5566199:-5.780949;-0.7750114:-6.040876;-0.9737747:-6.327805
sigma3_hotel_seed42,HOTEL:biwi_hotel:297:12700,HOTEL,biwi_hotel,biwi_hotel:297,12700,3,1.5979310274124146,3.7319395542144775,1.628074049949646,1.6563953161239624,0.5711763501167297,0.4635959565639496,1.25,1.85:3.28;1.79:2.68;1.77:2.07;1.8:1.36;1.78:0.72;1.77:0.07;1.83:-0.7;1.79:-1.35,1.79:-2;1.74:-2.67;1.77:-3.35;1.67:-4.06;1.57:-4.71;1.51:-5.47;1.51:-6.24;1.5:-6.98;1.41:-7.66;1.35:-8.35;1.44:-9.11;1.38:-9.82,1.681709:-1.924451;1.552877:-2.530626;1.32978:-3.123094;1.313872:-3.572935;1.131775:-4.064387;0.9341965:-4.531622;0.6349732:-4.83945;0.4925778:-5.270874;0.2339563:-5.500114;0.111905:-5.941073;-0.1184483:-6.207025;-0.3277755:-6.501736
sigma3_hotel_seed42,HOTEL:biwi_hotel:303:12900,HOTEL,biwi_hotel,biwi_hotel:303,12900,3,1.164284586906433,1.92746901512146,0.4430011212825775,0.5020333528518677,0.7753880620002747,2.7243123054504395,0.0,-2:0.22;-1.89:0.04;-1.82:-0.26;-1.67:-0.44;-1.45:-0.51;-1.27:-0.5;-1.22:-0.46;-1.05:-0.41,-1.03:-0.38;-1.08:-0.38;-1.14:-0.37;-1.18:-0.32;-1.22:-0.26;-1.22:-0.24;-1.22:-0.23;-1.22:-0.23;-1.22:-0.23;-1.22:-0.23;-1.22:-0.23;-1.22:-0.23,-0.8764463:-0.3802426;-0.6872542:-0.3133665;-0.5311311:-0.3092493;-0.3803687:-0.2716808;-0.2347734:-0.2424369;-0.04491508:-0.2468241;0.1078976:-0.2311669;0.2021927:-0.1828959;0.3766825:-0.1648353;0.5003415:-0.1448129;0.6232733:-0.109137;0.7018836:-0.08337042
sigma3_hotel_seed42,HOTEL:biwi_hotel:303:12910,HOTEL,biwi_hotel,biwi_hotel:303,12910,3,0.23778395354747772,0.5110286474227905,0.09013878554105759,0.43957093358039856,0.8012592196464539,3.1017370223999023,0.0,-1.89:0.04;-1.82:-0.26;-1.67:-0.44;-1.45:-0.51;-1.27:-0.5;-1.22:-0.46;-1.05:-0.41;-1.03:-0.38,-1.08:-0.38;-1.14:-0.37;-1.18:-0.32;-1.22:-0.26;-1.22:-0.24;-1.22:-0.23;-1.22:-0.23;-1.22:-0.23;-1.22:-0.23;-1.22:-0.23;-1.22:-0.23;-1.22:-0.23,-1.089787:-0.3777238;-1.152837:-0.3751416;-1.211669:-0.3700866;-1.292426:-0.3566453;-1.338959:-0.3685425;-1.395259:-0.3391484;-1.469808:-0.3618545;-1.488066:-0.3488823;-1.526878:-0.3549126;-1.604567:-0.3537656;-1.647653:-0.3560014;-1.71457:-0.3586503
sigma3_hotel_seed42,HOTEL:biwi_hotel:303:12920,HOTEL,biwi_hotel,biwi_hotel:303,12920,3,0.3331965506076813,0.6309216618537903,0.125,0.3474072217941284,0.730358898639679,4.795029640197754,0.0,-1.82:-0.26;-1.67:-0.44;-1.45:-0.51;-1.27:-0.5;-1.22:-0.46;-1.05:-0.41;-1.03:-0.38;-1.08:-0.38,-1.14:-0.37;-1.18:-0.32;-1.22:-0.26;-1.22:-0.24;-1.22:-0.23;-1.22:-0.23;-1.22:-0.23;-1.22:-0.23;-1.22:-0.23;-1.22:-0.23;-1.22:-0.23;-1.22:-0.23,-1.137003:-0.398346;-1.195205:-0.413633;-1.257846:-0.4251081;-1.34306:-0.426751;-1.387282:-0.4544023;-1.433832:-0.4387942;-1.514791:-0.4778861;-1.536091:-0.4730819;-1.56342:-0.4925726;-1.64861:-0.5024939;-1.690522:-0.5112439;-1.775355:-0.5294048
sigma3_hotel_seed42,HOTEL:biwi_hotel:303:12930,HOTEL,biwi_hotel,biwi_hotel:303,12930,3,0.5106022357940674,0.9864401817321777,0.1520690619945526,0.2854501008987427,0.6092735528945923,4.3921732902526855,0.0,-1.67:-0.44;-1.45:-0.51;-1.27:-0.5;-1.22:-0.46;-1.05:-0.41;-1.03:-0.38;-1.08:-0.38;-1.14:-0.37,-1.18:-0.32;-1.22:-0.26;-1.22:-0.24;-1.22:-0.23;-1.22:-0.23;-1.22:-0.23;-1.22:-0.23;-1.22:-0.23;-1.22:-0.23;-1.22:-0.23;-1.22:-0.23;-1.22:-0.23,-1.23249:-0.3477923;-1.324804:-0.3278924;-1.409389:-0.3045059;-1.527075:-0.274144;-1.602776:-0.2753039;-1.693655:-0.2283255;-1.802813:-0.2385565;-1.839361:-0.2153426;-1.908099:-0.2063981;-2.036524:-0.1849511;-2.096822:-0.1768808;-2.204873:-0.1744185
sigma3_hotel_seed42,HOTEL:biwi_hotel:303:12940,HOTEL,biwi_hotel,biwi_hotel:303,12940,3,0.24508090317249298,0.5312119126319885,0.16007810831069946,0.22586558759212494,0.5626888275146484,4.759528636932373,0.0,-1.45:-0.51;-1.27:-0.5;-1.22:-0.46;-1.05:-0.41;-1.03:-0.38;-1.08:-0.38;-1.14:-0.37;-1.18:-0.32,-1.22:-0.26;-1.22:-0.24;-1.22:-0.23;-1.22:-0.23;-1.22:-0.23;-1.22:-0.23;-1.22:-0.23;-1.22:-0.23;-1.22:-0.23;-1.22:-0.23;-1.22:-0.23;-1.22:-0.23,-1.213962:-0.2731272;-1.244331:-0.2152121;-1.263927:-0.1781351;-1.300526:-0.1414928;-1.338091:-0.1131688;-1.382676:-0.08143109;-1.411568:-0.06471395;-1.446388:-0.02714294;-1.482546:0.005787075;-1.539548:0.04221967;-1.571675:0.06163892;-1.636682:0.09948781
sigma3_hotel_seed42,HOTEL:biwi_hotel:303:12950,HOTEL,biwi_hotel,biwi_hotel:303,12950,3,0.32987621426582336,0.5954381823539734,0.18027757108211517,0.18723468482494354,0.43412983417510986,4.227024555206299,0.0,-1.27:-0.5;-1.22:-0.46;-1.05:-0.41;-1.03:-0.38;-1.08:-0.38;-1.14:-0.37;-1.18:-0.32;-1.22:-0.26,-1.22:-0.24;-1.22:-0.23;-1.22:-0.23;-1.22:-0.23;-1.22:-0.23;-1.22:-0.23;-1.22:-0.23;-1.22:-0.23;-1.22:-0.23;-1.22:-0.23;-1.22:-0.23;-1.22:-0.23,-1.243883:-0.2016613;-1.27223:-0.133273;-1.293114:-0.09817436;-1.335293:-0.0352634;-1.356665:-0.008888423;-1.390298:0.04557332;-1.427922:0.06845939;-1.428344:0.1120746;-1.450337:0.150417;-1.504985:0.1823709;-1.526593:0.2106206;-1.572274:0.2500514
sigma3_hotel_seed42,HOTEL:biwi_hotel:303:12960,HOTEL,biwi_hotel,biwi_hotel:303,12960,3,0.44560369849205017,0.839170515537262,0.05000000074505806,0.17150923609733582,0.36762210726737976,4.426337718963623,0.0,-1.22:-0.46;-1.05:-0.41;-1.03:-0.38;-1.08:-0.38;-1.14:-0.37;-1.18:-0.32;-1.22:-0.26;-1.22:-0.24,-1.22:-0.23;-1.22:-0.23;-1.22:-0.23;-1.22:-0.23;-1.22:-0.23;-1.22:-0.23;-1.22:-0.23;-1.22:-0.23;-1.22:-0.23;-1.22:-0.23;-1.22:-0.23;-1.22:-0.23,-1.287665:-0.2424267;-1.360868:-0.235404;-1.421664:-0.2309185;-1.503074:-0.2339461;-1.564262:-0.2409512;-1.63152:-0.2281553;-1.70865:-0.2503054;-1.760599:-0.2360559;-1.815997:-0.2462299;-1.906572:-0.2364065;-1.964964:-0.2415892;-2.05917:-0.2293305
sigma3_hotel_seed42,HOTEL:biwi_hotel:303:12970,HOTEL,biwi_hotel,biwi_hotel:303,12970,3,0.11774256825447083,0.201242595911026,0.02500000037252903,0.11179478466510773,0.22040601074695587,3.729595184326172,0.0,-1.05:-0.41;-1.03:-0.38;-1.08:-0.38;-1.14:-0.37;-1.18:-0.32;-1.22:-0.26;-1.22:-0.24;-1.22:-0.23,-1.22:-0.23;-1.22:-0.23;-1.22:-0.23;-1.22:-0.23;-1.22:-0.23;-1.22:-0.23;-1.22:-0.23;-1.22:-0.23;-1.22:-0.23;-1.22:-0.23;-1.22:-0.23;-1.22:-0.23,-1.243426:-0.234756;-1.260936:-0.2421873;-1.278996:-0.2369795;-1.303073:-0.2377002;-1.318916:-0.2495627;-1.339045:-0.2341014;-1.360906:-0.259271;-1.354424:-0.256183;-1.364236:-0.2651132;-1.384012:-0.2663127;-1.398308:-0.2791976;-1.411641:-0.2914189
sigma3_hotel_seed42,HOTEL:biwi_hotel:303:12980,HOTEL,biwi_hotel,biwi_hotel:303,12980,3,0.11084669083356857,0.1986476182937622,0.0,0.09891781955957413,0.1514917016029358,1.5707963705062866,0.0,-1.03:-0.38;-1.08:-0.38;-1.14:-0.37;-1.18:-0.32;-1.22:-0.26;-1.22:-0.24;-1.22:-0.23;-1.22:-0.23,-1.22:-0.23;-1.22:-0.23;-1.22:-0.23;-1.22:-0.23;-1.22:-0.23;-1.22:-0.23;-1.22:-0.23;-1.22:-0.23;-1.22:-0.23;-1.22:-0.23;-1.22:-0.23;-1.22:-0.23,-1.241673:-0.2395432;-1.253768:-0.251106;-1.268578:-0.2480153;-1.289224:-0.2565009;-1.305549:-0.2671762;-1.321261:-0.2606401;-1.3374:-0.2869015;-1.338516:-0.2857065;-1.346278:-0.2981388;-1.365234:-0.2982939;-1.377564:-0.3119649;-1.393384:-0.3269487
sigma3_hotel_seed42,HOTEL:biwi_hotel:304:12980,HOTEL,biwi_hotel,biwi_hotel:304,12980,3,1.1058560609817505,2.4712185859680176,1.6033169031143188,1.496628999710083,0.7313973307609558,0.6697830557823181,0.25,2.26:3.62;2.28:3;2.38:2.5;2.39:1.89;2.44:1.28;2.53:0.61;2.56:0.09;2.68:-0.54,2.69:-1.23;2.66:-1.84;2.61:-2.46;2.46:-3.1;2.33:-3.73;2.17:-4.32;2.01:-4.9;2.02:-5.5;1.99:-6.17;2.08:-6.83;2.11:-7.57;2.14:-8.24,2.772877:-1.12473;2.844794:-1.74711;2.818774:-2.349954;2.983053:-2.819334;2.992751:-3.323591;2.977115:-3.803146;2.848783:-4.132435;2.900216:-4.574806;2.818264:-4.819992;2.828323:-5.254798;2.790634:-5.529474;2.719215:-5.837619
sigma3_hotel_seed42,HOTEL:biwi_hotel:303:12990,HOTEL,biwi_hotel,biwi_hotel:303,12990,3,0.028659528121352196,0.0692405179142952,0.0,0.08106067776679993,0.13676030933856964,1.4056476354599,0.0,-1.08:-0.38;-1.14:-0.37;-1.18:-0.32;-1.22:-0.26;-1.22:-0.24;-1.22:-0.23;-1.22:-0.23;-1.22:-0.23,-1.22:-0.23;-1.22:-0.23;-1.22:-0.23;-1.22:-0.23;-1.22:-0.23;-1.22:-0.23;-1.22:-0.23;-1.22:-0.23;-1.22:-0.23;-1.22:-0.23;-1.22:-0.23;-1.22:-0.23,-1.227175:-0.2352009;-1.221276:-0.2436963;-1.219144:-0.2357501;-1.220889:-0.2428885;-1.224117:-0.2476191;-1.225222:-0.2418105;-1.218961:-0.2626532;-1.210229:-0.2613869;-1.204997:-0.2706212;-1.203744:-0.2671653;-1.201705:-0.279642;-1.196611:-0.2951705
sigma3_hotel_seed42,HOTEL:biwi_hotel:304:12990,HOTEL,biwi_hotel,biwi_hotel:304,12990,3,0.6047425866127014,2.0090739727020264,1.7251811027526855,1.5215396881103516,0.7116864919662476,0.678364098072052,0.25,2.28:3;2.38:2.5;2.39:1.89;2.44:1.28;2.53:0.61;2.56:0.09;2.68:-0.54;2.69:-1.23,2.66:-1.84;2.61:-2.46;2.46:-3.1;2.33:-3.73;2.17:-4.32;2.01:-4.9;2.02:-5.5;1.99:-6.17;2.08:-6.83;2.11:-7.57;2.14:-8.24;2.2:-8.92,2.633282:-1.903248;2.553629:-2.617551;2.371168:-3.306513;2.415147:-3.833035;2.274929:-4.417571;2.102074:-4.955353;1.824157:-5.316967;1.738671:-5.836697;1.502103:-6.103439;1.409988:-6.611496;1.21464:-6.932424;1.024977:-7.290369
sigma3_hotel_seed42,HOTEL:biwi_hotel:303:13000,HOTEL,biwi_hotel,biwi_hotel:303,13000,3,0.21357958018779755,0.4097501039505005,0.0,0.059336524456739426,0.090175561606884,0.6747409701347351,0.0,-1.14:-0.37;-1.18:-0.32;-1.22:-0.26;-1.22:-0.24;-1.22:-0.23;-1.22:-0.23;-1.22:-0.23;-1.22:-0.23,-1.22:-0.23;-1.22:-0.23;-1.22:-0.23;-1.22:-0.23;-1.22:-0.23;-1.22:-0.23;-1.22:-0.23;-1.22:-0.23;-1.22:-0.23;-1.22:-0.23;-1.22:-0.23;-1.22:-0.23,-1.196954:-0.239601;-1.155973:-0.2517087;-1.124838:-0.2402732;-1.097019:-0.2447761;-1.069401:-0.2531822;-1.030428:-0.2394372;-1.003485:-0.272878;-0.9569211:-0.261946;-0.9174216:-0.2798187;-0.883742:-0.2807424;-0.8594066:-0.2951034;-0.8192922:-0.3156059
sigma3_hotel_seed42,HOTEL:biwi_hotel:304:13000,HOTEL,biwi_hotel,biwi_hotel:304,13000,3,1.2494404315948486,3.2996206283569336,1.5268431901931763,1.5575523376464844,0.6568073034286499,0.5609930157661438,0.25,2.38:2.5;2.39:1.89;2.44:1.28;2.53:0.61;2.56:0.09;2.68:-0.54;2.69:-1.23;2.66:-1.84,2.61:-2.46;2.46:-3.1;2.33:-3.73;2.17:-4.32;2.01:-4.9;2.02:-5.5;1.99:-6.17;2.08:-6.83;2.11:-7.57;2.14:-8.24;2.2:-8.92;2.2:-9.67,2.574381:-2.377248;2.470966:-2.944749;2.279097:-3.49781;2.278519:-3.923484;2.122337:-4.381387;1.951776:-4.821978;1.685576:-5.112046;1.565518:-5.515172;1.336318:-5.732235;1.226563:-6.139144;1.028781:-6.388357;0.8394172:-6.663954
sigma3_hotel_seed42,HOTEL:biwi_hotel:303:13010,HOTEL,biwi_hotel,biwi_hotel:303,13010,3,0.24382494390010834,0.4671204686164856,0.0,0.03646822273731232,0.0797588974237442,0.588002622127533,0.0,-1.18:-0.32;-1.22:-0.26;-1.22:-0.24;-1.22:-0.23;-1.22:-0.23;-1.22:-0.23;-1.22:-0.23;-1.22:-0.23,-1.22:-0.23;-1.22:-0.23;-1.22:-0.23;-1.22:-0.23;-1.22:-0.23;-1.22:-0.23;-1.22:-0.23;-1.22:-0.23;-1.22:-0.23;-1.22:-0.23;-1.22:-0.23;-1.22:-0.23,-1.192054:-0.2405577;-1.146981:-0.2532949;-1.112041:-0.2421798;-1.079574:-0.2454706;-1.046665:-0.2559741;-1.002102:-0.2396396;-0.9737797:-0.276111;-0.9191488:-0.2635488;-0.8747946:-0.2829505;-0.8352017:-0.2862364;-0.808554:-0.3015036;-0.7619951:-0.3218313
sigma3_hotel_seed42,HOTEL:biwi_hotel:304:13010,HOTEL,biwi_hotel,biwi_hotel:304,13010,3,1.5731319189071655,3.7975847721099854,1.5550321340560913,1.5618133544921875,0.638433039188385,0.5269308686256409,0.25,2.39:1.89;2.44:1.28;2.53:0.61;2.56:0.09;2.68:-0.54;2.69:-1.23;2.66:-1.84;2.61:-2.46,2.46:-3.1;2.33:-3.73;2.17:-4.32;2.01:-4.9;2.02:-5.5;1.99:-6.17;2.08:-6.83;2.11:-7.57;2.14:-8.24;2.2:-8.92;2.2:-9.67;2.19:-10.19,2.425108:-2.994195;2.227252:-3.55104;1.973565:-4.075626;1.878297:-4.505916;1.64149:-4.958762;1.374261:-5.379436;1.062967:-5.653426;0.8641272:-6.07668;0.5586538:-6.29392;0.3641381:-6.660735;0.09947085:-6.930683;-0.1630931:-7.209294
sigma3_hotel_seed42,HOTEL:biwi_hotel:306:13010,HOTEL,biwi_hotel,biwi_hotel:306,13010,3,1.8603347539901733,4.3086676597595215,1.3583077192306519,1.3581230640411377,0.39054059982299805,0.3142459988594055,0.25,1.14:3.16;1.15:2.66;1.14:2.12;1.17:1.6;1.18:1.1;1.12:0.54;1.04:-0.09;0.98:-0.63,0.82:-1.22;0.8:-1.86;0.79:-2.5;0.74:-3.05;0.88:-3.64;1:-4.26;1.1:-4.87;1.34:-5.52;1.45:-6.04;1.54:-6.69;1.7:-7.33;1.75:-8.04,0.8436419:-1.113198;0.6935312:-1.616111;0.4873039:-2.095217;0.4281364:-2.487741;0.2402062:-2.894506;0.029872:-3.281608;-0.2343518:-3.534423;-0.3911619:-3.909985;-0.6427369:-4.112001;-0.8007115:-4.445174;-1.015247:-4.685088;-1.234057:-4.931942
sigma3_hotel_seed42,HOTEL:biwi_hotel:303:13020,HOTEL,biwi_hotel,biwi_hotel:303,13020,3,0.014379539526998997,0.04388806223869324,0.0,0.010714286006987095,0.02083333395421505,0.0,0.0,-1.22:-0.26;-1.22:-0.24;-1.22:-0.23;-1.22:-0.23;-1.22:-0.23;-1.22:-0.23;-1.22:-0.23;-1.22:-0.23,-1.22:-0.23;-1.22:-0.23;-1.22:-0.23;-1.22:-0.23;-1.22:-0.23;-1.22:-0.23;-1.22:-0.23;-1.22:-0.23;-1.22:-0.23;-1.22:-0.23;-1.22:-0.23;-1.22:-0.23,-1.223919:-0.2292118;-1.221761:-0.2293358;-1.22557:-0.2306819;-1.233035:-0.2285785;-1.23321:-0.2211408;-1.225714:-0.218209;-1.220929:-0.2172689;-1.214234:-0.2174958;-1.208615:-0.2288171;-1.207949:-0.2204881;-1.20011:-0.2212669;-1.176116:-0.2306031
sigma3_hotel_seed42,HOTEL:biwi_hotel:306:13020,HOTEL,biwi_hotel,biwi_hotel:306,13020,3,2.749940872192383,5.61354923248291,1.5282751321792603,1.397840976715088,0.4604177176952362,0.4298923909664154,0.125,1.15:2.66;1.14:2.12;1.17:1.6;1.18:1.1;1.12:0.54;1.04:-0.09;0.98:-0.63;0.82:-1.22,0.8:-1.86;0.79:-2.5;0.74:-3.05;0.88:-3.64;1:-4.26;1.1:-4.87;1.34:-5.52;1.45:-6.04;1.54:-6.69;1.7:-7.33;1.75:-8.04;1.72:-8.69,0.5300568:-1.724558;0.2331831:-2.249948;-0.1086642:-2.738037;-0.2995986:-3.145685;-0.6317353:-3.571558;-0.9944687:-3.966661;-1.378112:-4.215111;-1.671566:-4.622615;-2.063529:-4.820668;-2.336708:-5.159245;-2.685477:-5.419211;-3.021205:-5.684519
sigma3_hotel_seed42,HOTEL:biwi_hotel:303:13030,HOTEL,biwi_hotel,biwi_hotel:303,13030,3,0.008711936883628368,0.02714160643517971,0.0,0.0035714285913854837,0.010416666977107525,0.0,0.0,-1.22:-0.24;-1.22:-0.23;-1.22:-0.23;-1.22:-0.23;-1.22:-0.23;-1.22:-0.23;-1.22:-0.23;-1.22:-0.23,-1.22:-0.23;-1.22:-0.23;-1.22:-0.23;-1.22:-0.23;-1.22:-0.23;-1.22:-0.23;-1.22:-0.23;-1.22:-0.23;-1.22:-0.23;-1.22:-0.23;-1.22:-0.23;-1.22:-0.23,-1.22241:-0.2298167;-1.222561:-0.2300577;-1.225714:-0.2320054;-1.230744:-0.2305423;-1.230713:-0.2262799;-1.227009:-0.2245977;-1.223568:-0.224101;-1.220403:-0.2244682;-1.216173:-0.2313338;-1.213538:-0.2277155;-1.208124:-0.2278312;-1.193154:-0.2339961
sigma3_hotel_seed42,HOTEL:biwi_hotel:306:13030,HOTEL,biwi_hotel,biwi_hotel:306,13030,3,1.5933953523635864,3.469978094100952,1.6007810831069946,1.4336336851119995,0.5686878561973572,0.5873250365257263,0.0,1.14:2.12;1.17:1.6;1.18:1.1;1.12:0.54;1.04:-0.09;0.98:-0.63;0.82:-1.22;0.8:-1.86,0.79:-2.5;0.74:-3.05;0.88:-3.64;1:-4.26;1.1:-4.87;1.34:-5.52;1.45:-6.04;1.54:-6.69;1.7:-7.33;1.75:-8.04;1.72:-8.69;1.75:-9.34,0.7066109:-2.481201;0.5931623:-3.135353;0.3987363:-3.760109;0.3989364:-4.252455;0.2354955:-4.78756;0.03732914:-5.27939;-0.2388054:-5.608483;-0.3541217:-6.094426;-0.6045228:-6.345271;-0.7289411:-6.79483;-0.9368066:-7.099746;-1.145573:-7.427827
sigma3_hotel_seed42,HOTEL:biwi_hotel:303:13040,HOTEL,biwi_hotel,biwi_hotel:303,13040,3,0.04110554978251457,0.0607096366584301,0.0,0.0,0.0,0.0,0.0,-1.22:-0.23;-1.22:-0.23;-1.22:-0.23;-1.22:-0.23;-1.22:-0.23;-1.22:-0.23;-1.22:-0.23;-1.22:-0.23,-1.22:-0.23;-1.22:-0.23;-1.22:-0.23;-1.22:-0.23;-1.22:-0.23;-1.22:-0.23;-1.22:-0.23;-1.22:-0.23;-1.22:-0.23;-1.22:-0.23;-1.22:-0.23;-1.22:-0.23,-1.230755:-0.2338059;-1.234613:-0.2413389;-1.24313:-0.2424313;-1.255147:-0.2432936;-1.260216:-0.2458717;-1.264082:-0.2393729;-1.264684:-0.2523157;-1.255579:-0.2541687;-1.254974:-0.2652777;-1.25476:-0.2665933;-1.255789:-0.2748882;-1.239226:-0.287585
sigma3_hotel_seed42,HOTEL:biwi_hotel:306:13040,HOTEL,biwi_hotel,biwi_hotel:306,13040,3,1.6218414306640625,3.3845155239105225,1.600195288658142,1.4762099981307983,0.5496417284011841,0.5653100609779358,0.0,1.17:1.6;1.18:1.1;1.12:0.54;1.04:-0.09;0.98:-0.63;0.82:-1.22;0.8:-1.86;0.79:-2.5,0.74:-3.05;0.88:-3.64;1:-4.26;1.1:-4.87;1.34:-5.52;1.45:-6.04;1.54:-6.69;1.7:-7.33;1.75:-8.04;1.72:-8.69;1.75:-9.34;1.71:-9.94,0.7161248:-3.095092;0.6217859:-3.721537;0.4415554:-4.326258;0.4564908:-4.796402;0.3107579:-5.307469;0.1390154:-5.783732;-0.1233414:-6.10207;-0.2252167:-6.559288;-0.453889:-6.801111;-0.5598618:-7.239732;-0.7519345:-7.525349;-0.9409317:-7.835836
sigma3_hotel_seed42,HOTEL:biwi_hotel:303:13050,HOTEL,biwi_hotel,biwi_hotel:303,13050,3,0.04110554978251457,0.0607096366584301,0.0,0.0,0.0,0.0,0.0,-1.22:-0.23;-1.22:-0.23;-1.22:-0.23;-1.22:-0.23;-1.22:-0.23;-1.22:-0.23;-1.22:-0.23;-1.22:-0.23,-1.22:-0.23;-1.22:-0.23;-1.22:-0.23;-1.22:-0.23;-1.22:-0.23;-1.22:-0.23;-1.22:-0.23;-1.22:-0.23;-1.22:-0.23;-1.22:-0.23;-1.22:-0.23;-1.22:-0.23,-1.230755:-0.2338059;-1.234613:-0.2413389;-1.24313:-0.2424313;-1.255147:-0.2432936;-1.260216:-0.2458717;-1.264082:-0.2393729;-1.264684:-0.2523157;-1.255579:-0.2541687;-1.254974:-0.2652777;-1.25476:-0.2665933;-1.255789:-0.2748882;-1.239226:-0.287585
sigma3_hotel_seed42,HOTEL:biwi_hotel:303:13060,HOTEL,biwi_hotel,biwi_hotel:303,13060,3,0.04110554978251457,0.0607096366584301,0.0,0.0,0.0,0.0,0.0,-1.22:-0.23;-1.22:-0.23;-1.22:-0.23;-1.22:-0.23;-1.22:-0.23;-1.22:-0.23;-1.22:-0.23;-1.22:-0.23,-1.22:-0.23;-1.22:-0.23;-1.22:-0.23;-1.22:-0.23;-1.22:-0.23;-1.22:-0.23;-1.22:-0.23;-1.22:-0.23;-1.22:-0.23;-1.22:-0.23;-1.22:-0.23;-1.22:-0.23,-1.230755:-0.2338059;-1.234613:-0.2413389;-1.24313:-0.2424313;-1.255147:-0.2432936;-1.260216:-0.2458717;-1.264082:-0.2393729;-1.264684:-0.2523157;-1.255579:-0.2541687;-1.254974:-0.2652777;-1.25476:-0.2665933;-1.255789:-0.2748882;-1.239226:-0.287585
sigma3_hotel_seed42,HOTEL:biwi_hotel:307:13060,HOTEL,biwi_hotel,biwi_hotel:307,13060,3,0.8370159268379211,1.4540181159973145,1.1011357307434082,1.18660569190979,0.4564497768878937,0.7620705366134644,0.375,2.6:-8.67;2.49:-8.26;2.47:-7.74;2.5:-7.26;2.47:-6.78;2.46:-6.28;2.53:-5.81;2.55:-5.37,2.55:-4.94;2.56:-4.48;2.48:-4.14;2.35:-3.8;2.29:-3.42;2.24:-3.07;2.12:-2.74;2.07:-2.36;2.1:-2.07;2.1:-1.73;2.03:-1.54;2.04:-1.24,2.546628:-5.002875;2.498677:-4.715876;2.409522:-4.527236;2.41635:-4.268301;2.390058:-4.046386;2.288147:-3.886864;2.139766:-3.694553;2.23038:-3.48412;2.119082:-3.242056;1.967198:-3.090533;2.04761:-2.87472;2.016201:-2.693823
sigma3_hotel_seed42,HOTEL:biwi_hotel:303:13070,HOTEL,biwi_hotel,biwi_hotel:303,13070,3,0.04110554978251457,0.0607096366584301,0.0,0.0,0.0,0.0,0.0,-1.22:-0.23;-1.22:-0.23;-1.22:-0.23;-1.22:-0.23;-1.22:-0.23;-1.22:-0.23;-1.22:-0.23;-1.22:-0.23,-1.22:-0.23;-1.22:-0.23;-1.22:-0.23;-1.22:-0.23;-1.22:-0.23;-1.22:-0.23;-1.22:-0.23;-1.22:-0.23;-1.22:-0.23;-1.22:-0.23;-1.22:-0.23;-1.22:-0.23,-1.230755:-0.2338059;-1.234613:-0.2413389;-1.24313:-0.2424313;-1.255147:-0.2432936;-1.260216:-0.2458717;-1.264082:-0.2393729;-1.264684:-0.2523157;-1.255579:-0.2541687;-1.254974:-0.2652777;-1.25476:-0.2665933;-1.255789:-0.2748882;-1.239226:-0.287585
sigma3_hotel_seed42,HOTEL:biwi_hotel:307:13070,HOTEL,biwi_hotel,biwi_hotel:307,13070,3,0.8397631049156189,1.314528226852417,1.0750000476837158,1.1885700225830078,0.33169350028038025,0.5838165879249573,0.625,2.49:-8.26;2.47:-7.74;2.5:-7.26;2.47:-6.78;2.46:-6.28;2.53:-5.81;2.55:-5.37;2.55:-4.94,2.56:-4.48;2.48:-4.14;2.35:-3.8;2.29:-3.42;2.24:-3.07;2.12:-2.74;2.07:-2.36;2.1:-2.07;2.1:-1.73;2.03:-1.54;2.04:-1.24;2.03:-1.12,2.571277:-4.593205;2.549804:-4.319499;2.490687:-4.146625;2.519879:-3.897709;2.516443:-3.691359;2.438994:-3.540415;2.319362:-3.3553;2.427495:-3.159625;2.339042:-2.927132;2.212693:-2.785066;2.305904:-2.581216;2.294222:-2.4077
sigma3_hotel_seed42,HOTEL:biwi_hotel:303:13080,HOTEL,biwi_hotel,biwi_hotel:303,13080,3,0.04110554978251457,0.0607096366584301,0.0,0.0,0.0,0.0,0.0,-1.22:-0.23;-1.22:-0.23;-1.22:-0.23;-1.22:-0.23;-1.22:-0.23;-1.22:-0.23;-1.22:-0.23;-1.22:-0.23,-1.22:-0.23;-1.22:-0.23;-1.22:-0.23;-1.22:-0.23;-1.22:-0.23;-1.22:-0.23;-1.22:-0.23;-1.22:-0.23;-1.22:-0.23;-1.22:-0.23;-1.22:-0.23;-1.22:-0.23,-1.230755:-0.2338059;-1.234613:-0.2413389;-1.24313:-0.2424313;-1.255147:-0.2432936;-1.260216:-0.2458717;-1.264082:-0.2393729;-1.264684:-0.2523157;-1.255579:-0.2541687;-1.254974:-0.2652777;-1.25476:-0.2665933;-1.255789:-0.2748882;-1.239226:-0.287585
sigma3_hotel_seed42,HOTEL:biwi_hotel:307:13080,HOTEL,biwi_hotel,biwi_hotel:307,13080,3,0.6092098355293274,0.6337298154830933,1.1502716541290283,1.1670429706573486,0.2979346811771393,0.5046908855438232,0.75,2.47:-7.74;2.5:-7.26;2.47:-6.78;2.46:-6.28;2.53:-5.81;2.55:-5.37;2.55:-4.94;2.56:-4.48,2.48:-4.14;2.35:-3.8;2.29:-3.42;2.24:-3.07;2.12:-2.74;2.07:-2.36;2.1:-2.07;2.1:-1.73;2.03:-1.54;2.04:-1.24;2.03:-1.12;2.02:-1.21,2.582214:-4.10975;2.562684:-3.822335;2.497247:-3.632297;2.527662:-3.366852;2.524951:-3.145865;2.44772:-2.982276;2.314192:-2.790049;2.433843:-2.575111;2.344635:-2.328657;2.208178:-2.17767;2.312516:-1.956992;2.298441:-1.779284
sigma3_hotel_seed42,HOTEL:biwi_hotel:303:13090,HOTEL,biwi_hotel,biwi_hotel:303,13090,3,0.04110554978251457,0.0607096366584301,0.0,0.0,0.0,0.0,0.0,-1.22:-0.23;-1.22:-0.23;-1.22:-0.23;-1.22:-0.23;-1.22:-0.23;-1.22:-0.23;-1.22:-0.23;-1.22:-0.23,-1.22:-0.23;-1.22:-0.23;-1.22:-0.23;-1.22:-0.23;-1.22:-0.23;-1.22:-0.23;-1.22:-0.23;-1.22:-0.23;-1.22:-0.23;-1.22:-0.23;-1.22:-0.23;-1.22:-0.23,-1.230755:-0.2338059;-1.234613:-0.2413389;-1.24313:-0.2424313;-1.255147:-0.2432936;-1.260216:-0.2458717;-1.264082:-0.2393729;-1.264684:-0.2523157;-1.255579:-0.2541687;-1.254974:-0.2652777;-1.25476:-0.2665933;-1.255789:-0.2748882;-1.239226:-0.287585
sigma3_hotel_seed42,HOTEL:biwi_hotel:307:13090,HOTEL,biwi_hotel,biwi_hotel:307,13090,3,0.717216968536377,0.8449952602386475,0.873212456703186,1.120024561882019,0.3916846811771393,0.6326796412467957,0.875,2.5:-7.26;2.47:-6.78;2.46:-6.28;2.53:-5.81;2.55:-5.37;2.55:-4.94;2.56:-4.48;2.48:-4.14,2.35:-3.8;2.29:-3.42;2.24:-3.07;2.12:-2.74;2.07:-2.36;2.1:-2.07;2.1:-1.73;2.03:-1.54;2.04:-1.24;2.03:-1.12;2.02:-1.21;2.02:-1.21,2.417376:-3.832574;2.346578:-3.591037;2.242483:-3.406721;2.202338:-3.204447;2.122342:-3.004249;1.993558:-2.873774;1.847028:-2.712083;1.859826:-2.534948;1.722081:-2.335554;1.53528:-2.173706;1.564701:-2.001012;1.482459:-1.861971
sigma3_hotel_seed42,HOTEL:biwi_hotel:303:13100,HOTEL,biwi_hotel,biwi_hotel:303,13100,3,0.04110554978251457,0.0607096366584301,0.0,0.0,0.0,0.0,0.0,-1.22:-0.23;-1.22:-0.23;-1.22:-0.23;-1.22:-0.23;-1.22:-0.23;-1.22:-0.23;-1.22:-0.23;-1.22:-0.23,-1.22:-0.23;-1.22:-0.23;-1.22:-0.23;-1.22:-0.23;-1.22:-0.23;-1.22:-0.23;-1.22:-0.23;-1.22:-0.23;-1.22:-0.23;-1.22:-0.23;-1.22:-0.23;-1.22:-0.23,-1.230755:-0.2338059;-1.234613:-0.2413389;-1.24313:-0.2424313;-1.255147:-0.2432936;-1.260216:-0.2458717;-1.264082:-0.2393729;-1.264684:-0.2523157;-1.255579:-0.2541687;-1.254974:-0.2652777;-1.25476:-0.2665933;-1.255789:-0.2748882;-1.239226:-0.287585
sigma3_hotel_seed42,HOTEL:biwi_hotel:307:13100,HOTEL,biwi_hotel,biwi_hotel:307,13100,3,0.7387387156486511,0.9811420440673828,0.910013735294342,1.0782634019851685,0.4143052101135254,0.7243689298629761,0.875,2.47:-6.78;2.46:-6.28;2.53:-5.81;2.55:-5.37;2.55:-4.94;2.56:-4.48;2.48:-4.14;2.35:-3.8,2.29:-3.42;2.24:-3.07;2.12:-2.74;2.07:-2.36;2.1:-2.07;2.1:-1.73;2.03:-1.54;2.04:-1.24;2.03:-1.12;2.02:-1.21;2.02:-1.21;2.02:-1.2,2.262586:-3.499401;2.168941:-3.260978;2.041169:-3.075682;1.977042:-2.88105;1.874953:-2.679684;1.732692:-2.551635;1.56765:-2.396865;1.553995:-2.217392;1.401407:-2.029741;1.199805:-1.867083;1.20537:-1.698838;1.107714:-1.561073
sigma3_hotel_seed42,HOTEL:biwi_hotel:303:13110,HOTEL,biwi_hotel,biwi_hotel:303,13110,3,0.04110554978251457,0.0607096366584301,0.0,0.0,0.0,0.0,0.0,-1.22:-0.23;-1.22:-0.23;-1.22:-0.23;-1.22:-0.23;-1.22:-0.23;-1.22:-0.23;-1.22:-0.23;-1.22:-0.23,-1.22:-0.23;-1.22:-0.23;-1.22:-0.23;-1.22:-0.23;-1.22:-0.23;-1.22:-0.23;-1.22:-0.23;-1.22:-0.23;-1.22:-0.23;-1.22:-0.23;-1.22:-0.23;-1.22:-0.23,-1.230755:-0.2338059;-1.234613:-0.2413389;-1.24313:-0.2424313;-1.255147:-0.2432936;-1.260216:-0.2458717;-1.264082:-0.2393729;-1.264684:-0.2523157;-1.255579:-0.2541687;-1.254974:-0.2652777;-1.25476:-0.2665933;-1.255789:-0.2748882;-1.239226:-0.287585
sigma3_hotel_seed42,HOTEL:biwi_hotel:307:13110,HOTEL,biwi_hotel,biwi_hotel:307,13110,3,0.42976436018943787,0.4303775727748871,0.9617692232131958,1.0370519161224365,0.4092870354652405,0.7651218175888062,0.875,2.46:-6.28;2.53:-5.81;2.55:-5.37;2.55:-4.94;2.56:-4.48;2.48:-4.14;2.35:-3.8;2.29:-3.42,2.24:-3.07;2.12:-2.74;2.07:-2.36;2.1:-2.07;2.1:-1.73;2.03:-1.54;2.04:-1.24;2.03:-1.12;2.02:-1.21;2.02:-1.21;2.02:-1.2;2.01:-1.13,2.260865:-3.102211;2.20265:-2.848919;2.117396:-2.674069;2.100634:-2.456264;2.054143:-2.25851;1.943474:-2.119336;1.809777:-1.948365;1.861579:-1.770564;1.744313:-1.563275;1.582296:-1.410218;1.635961:-1.230581;1.583169:-1.074866
sigma3_hotel_seed42,HOTEL:biwi_hotel:303:13120,HOTEL,biwi_hotel,biwi_hotel:303,13120,3,0.04110554978251457,0.0607096366584301,0.0,0.0,0.0,0.0,0.0,-1.22:-0.23;-1.22:-0.23;-1.22:-0.23;-1.22:-0.23;-1.22:-0.23;-1.22:-0.23;-1.22:-0.23;-1.22:-0.23,-1.22:-0.23;-1.22:-0.23;-1.22:-0.23;-1.22:-0.23;-1.22:-0.23;-1.22:-0.23;-1.22:-0.23;-1.22:-0.23;-1.22:-0.23;-1.22:-0.23;-1.22:-0.23;-1.22:-0.23,-1.230755:-0.2338059;-1.234613:-0.2413389;-1.24313:-0.2424313;-1.255147:-0.2432936;-1.260216:-0.2458717;-1.264082:-0.2393729;-1.264684:-0.2523157;-1.255579:-0.2541687;-1.254974:-0.2652777;-1.25476:-0.2665933;-1.255789:-0.2748882;-1.239226:-0.287585
sigma3_hotel_seed42,HOTEL:biwi_hotel:307:13120,HOTEL,biwi_hotel,biwi_hotel:307,13120,3,0.4059861898422241,0.5978007316589355,0.8838834762573242,0.9936123490333557,0.3814883530139923,0.677400529384613,0.75,2.53:-5.81;2.55:-5.37;2.55:-4.94;2.56:-4.48;2.48:-4.14;2.35:-3.8;2.29:-3.42;2.24:-3.07,2.12:-2.74;2.07:-2.36;2.1:-2.07;2.1:-1.73;2.03:-1.54;2.04:-1.24;2.03:-1.12;2.02:-1.21;2.02:-1.21;2.02:-1.2;2.01:-1.13;2.01:-1.14,2.203842:-2.766111;2.15136:-2.525226;2.071787:-2.350753;2.052674:-2.145728;1.998863:-1.954036;1.887295:-1.822425;1.761429:-1.658258;1.801737:-1.489496;1.683108:-1.288792;1.516975:-1.132885;1.56582:-0.9630389;1.50452:-0.820852
sigma3_hotel_seed42,HOTEL:biwi_hotel:303:13130,HOTEL,biwi_hotel,biwi_hotel:303,13130,3,0.041165824979543686,0.060785770416259766,0.0,0.0,0.0,0.0,0.0,-1.22:-0.23;-1.22:-0.23;-1.22:-0.23;-1.22:-0.23;-1.22:-0.23;-1.22:-0.23;-1.22:-0.23;-1.22:-0.23,-1.22:-0.23;-1.22:-0.23;-1.22:-0.23;-1.22:-0.23;-1.22:-0.23;-1.22:-0.23;-1.22:-0.23;-1.22:-0.23;-1.22:-0.23;-1.22:-0.23;-1.22:-0.23;-1.22:-0.23,-1.230764:-0.2338116;-1.234631:-0.2413489;-1.243157:-0.2424477;-1.255185:-0.2433167;-1.260264:-0.2458944;-1.264136:-0.2394046;-1.264745:-0.2523463;-1.255656:-0.2542034;-1.255058:-0.2653175;-1.254855:-0.266633;-1.255891:-0.2749278;-1.239339:-0.2876275
sigma3_hotel_seed42,HOTEL:biwi_hotel:307:13130,HOTEL,biwi_hotel,biwi_hotel:307,13130,3,0.73688143491745,1.3697940111160278,0.8778524994850159,0.9617147445678711,0.4340304434299469,0.8388512134552002,0.625,2.55:-5.37;2.55:-4.94;2.56:-4.48;2.48:-4.14;2.35:-3.8;2.29:-3.42;2.24:-3.07;2.12:-2.74,2.07:-2.36;2.1:-2.07;2.1:-1.73;2.03:-1.54;2.04:-1.24;2.03:-1.12;2.02:-1.21;2.02:-1.21;2.02:-1.2;2.01:-1.13;2.01:-1.14;2:-1.16,2.023658:-2.448048;1.907011:-2.209832;1.768928:-2.032675;1.688:-1.842951;1.583155:-1.648324;1.431422:-1.51824;1.259664:-1.365187;1.239853:-1.19396;1.082477:-1.018657;0.8769562:-0.8583525;0.8708917:-0.6991322;0.7715914:-0.5539076
sigma3_hotel_seed42,HOTEL:biwi_hotel:309:13130,HOTEL,biwi_hotel,biwi_hotel:309,13130,3,0.0645311251282692,0.08849212527275085,0.02500000037252903,0.02377447858452797,0.11168072372674942,0.7853981852531433,1.0,-1.54:-6.73;-1.54:-6.73;-1.54:-6.73;-1.56:-6.71;-1.56:-6.71;-1.56:-6.71;-1.58:-6.69;-1.58:-6.68,-1.58:-6.68;-1.58:-6.68;-1.58:-6.68;-1.6:-6.68;-1.62:-6.68;-1.62:-6.68;-1.62:-6.68;-1.62:-6.68;-1.62:-6.68;-1.62:-6.68;-1.62:-6.68;-1.57:-6.72,-1.583827:-6.672989;-1.579694:-6.671185;-1.572915:-6.651184;-1.567359:-6.641472;-1.564628:-6.650393;-1.571149:-6.620864;-1.573627:-6.645988;-1.538386:-6.63409;-1.53576:-6.632742;-1.528649:-6.630586;-1.52915:-6.643753;-1.51598:-6.649909
sigma3_hotel_seed42,HOTEL:biwi_hotel:310:13130,HOTEL,biwi_hotel,biwi_hotel:310,13130,3,0.190168097615242,0.2056576907634735,0.02500000037252903,0.05000000074505806,0.14172449707984924,1.5707963705062866,1.0,-1.49:-8.22;-1.49:-8.22;-1.49:-8.22;-1.47:-8.22;-1.45:-8.22;-1.45:-8.19;-1.45:-8.13;-1.45:-8.12,-1.45:-8.2;-1.47:-8.28;-1.48:-8.34;-1.48:-8.33;-1.48:-8.31;-1.46:-8.29;-1.44:-8.29;-1.44:-8.29;-1.44:-8.29;-1.44:-8.29;-1.44:-8.29;-1.33:-8.28,-1.454883:-8.114174;-1.459991:-8.112318;-1.46268:-8.105563;-1.463818:-8.092568;-1.463032:-8.108986;-1.478943:-8.082253;-1.489875:-8.10586;-1.455844:-8.100873;-1.458389:-8.095265;-1.45653:-8.103316;-1.462764:-8.116045;-1.458271:-8.119246
sigma3_hotel_seed42,HOTEL:biwi_hotel:311:13130,HOTEL,biwi_hotel,biwi_hotel:311,13130,3,0.04116583243012428,0.06078575551509857,0.0,0.0,0.0,0.0,0.0,-1.36:-2.68;-1.36:-2.68;-1.36:-2.68;-1.36:-2.68;-1.36:-2.68;-1.36:-2.68;-1.36:-2.68;-1.36:-2.68,-1.36:-2.68;-1.36:-2.68;-1.36:-2.68;-1.36:-2.68;-1.36:-2.68;-1.36:-2.68;-1.36:-2.68;-1.36:-2.68;-1.36:-2.68;-1.36:-2.68;-1.36:-2.68;-1.36:-2.68,-1.370764:-2.683812;-1.374631:-2.691349;-1.383157:-2.692448;-1.395185:-2.693317;-1.400264:-2.695894;-1.404136:-2.689405;-1.404745:-2.702346;-1.395656:-2.704204;-1.395058:-2.715317;-1.394855:-2.716633;-1.395891:-2.724928;-1.379339:-2.737628
sigma3_hotel_seed42,HOTEL:biwi_hotel:313:13130,HOTEL,biwi_hotel,biwi_hotel:313,13130,3,0.04116581752896309,0.06078573688864708,0.0,0.0,0.0,0.0,0.0,-0.52:3.4;-0.52:3.4;-0.52:3.4;-0.52:3.4;-0.52:3.4;-0.52:3.4;-0.52:3.4;-0.52:3.4,-0.52:3.4;-0.52:3.4;-0.52:3.4;-0.52:3.4;-0.52:3.4;-0.52:3.4;-0.52:3.4;-0.52:3.4;-0.52:3.4;-0.52:3.4;-0.52:3.4;-0.52:3.4,-0.5307641:3.396188;-0.5346307:3.388651;-0.5431573:3.387552;-0.5551853:3.386683;-0.5602642:3.384106;-0.5641356:3.390595;-0.564745:3.377654;-0.5556562:3.375797;-0.5550584:3.364683;-0.5548553:3.363367;-0.555891:3.355072;-0.5393386:3.342373
sigma3_hotel_seed42,HOTEL:biwi_hotel:303:13140,HOTEL,biwi_hotel,biwi_hotel:303,13140,3,0.04115509241819382,0.06077910587191582,0.0,0.0,0.0,0.0,0.0,-1.22:-0.23;-1.22:-0.23;-1.22:-0.23;-1.22:-0.23;-1.22:-0.23;-1.22:-0.23;-1.22:-0.23;-1.22:-0.23,-1.22:-0.23;-1.22:-0.23;-1.22:-0.23;-1.22:-0.23;-1.22:-0.23;-1.22:-0.23;-1.22:-0.23;-1.22:-0.23;-1.22:-0.23;-1.22:-0.23;-1.22:-0.23;-1.22:-0.23,-1.230762:-0.2338121;-1.234625:-0.2413498;-1.24315:-0.2424481;-1.255175:-0.2433175;-1.260252:-0.2458952;-1.26412:-0.2394054;-1.264728:-0.2523481;-1.255637:-0.2542045;-1.255036:-0.2653193;-1.254831:-0.2666347;-1.255865:-0.2749296;-1.239311:-0.2876298
sigma3_hotel_seed42,HOTEL:biwi_hotel:307:13140,HOTEL,biwi_hotel,biwi_hotel:307,13140,3,0.5572726726531982,1.30977201461792,0.9581884145736694,0.9450273513793945,0.49069762229919434,1.0350590944290161,0.5,2.55:-4.94;2.56:-4.48;2.48:-4.14;2.35:-3.8;2.29:-3.42;2.24:-3.07;2.12:-2.74;2.07:-2.36,2.1:-2.07;2.1:-1.73;2.03:-1.54;2.04:-1.24;2.03:-1.12;2.02:-1.21;2.02:-1.21;2.02:-1.2;2.01:-1.13;2.01:-1.14;2:-1.16;2:-1.18,2.039252:-2.049435;1.964148:-1.79465;1.869875:-1.630516;1.842907:-1.413994;1.799259:-1.222136;1.688501:-1.08063;1.547829:-0.9128673;1.599883:-0.737998;1.483837:-0.5434448;1.326355:-0.3976829;1.370328:-0.2235992;1.324295:-0.05798125
sigma3_hotel_seed42,HOTEL:biwi_hotel:309:13140,HOTEL,biwi_hotel,biwi_hotel:309,13140,3,0.09334243088960648,0.18010374903678894,0.0,0.02377447858452797,0.12209738790988922,0.7853981852531433,1.0,-1.54:-6.73;-1.54:-6.73;-1.56:-6.71;-1.56:-6.71;-1.56:-6.71;-1.58:-6.69;-1.58:-6.68;-1.58:-6.68,-1.58:-6.68;-1.58:-6.68;-1.6:-6.68;-1.62:-6.68;-1.62:-6.68;-1.62:-6.68;-1.62:-6.68;-1.62:-6.68;-1.62:-6.68;-1.62:-6.68;-1.57:-6.72;-1.56:-6.73,-1.598355:-6.692181;-1.610459:-6.708401;-1.629007:-6.716415;-1.65001:-6.723092;-1.662717:-6.736396;-1.675747:-6.733412;-1.69179:-6.755793;-1.687343:-6.761662;-1.693194:-6.775282;-1.706865:-6.783013;-1.71582:-6.795415;-1.719256:-6.814112
sigma3_hotel_seed42,HOTEL:biwi_hotel:310:13140,HOTEL,biwi_hotel,biwi_hotel:310,13140,3,0.22601397335529327,0.43220922350883484,0.20000000298023224,0.07857143133878708,0.23547449707984924,4.71238899230957,1.125,-1.49:-8.22;-1.49:-8.22;-1.47:-8.22;-1.45:-8.22;-1.45:-8.19;-1.45:-8.13;-1.45:-8.12;-1.45:-8.2,-1.47:-8.28;-1.48:-8.34;-1.48:-8.33;-1.48:-8.31;-1.46:-8.29;-1.44:-8.29;-1.44:-8.29;-1.44:-8.29;-1.44:-8.29;-1.44:-8.29;-1.33:-8.28;-1.32:-8.27,-1.434174:-8.252002;-1.420115:-8.2933;-1.416067:-8.35117;-1.412032:-8.402662;-1.405416:-8.445892;-1.399307:-8.496119;-1.401363:-8.541888;-1.403117:-8.575047;-1.394067:-8.608523;-1.41906:-8.633778;-1.415368:-8.663127;-1.457057:-8.679903
sigma3_hotel_seed42,HOTEL:biwi_hotel:311:13140,HOTEL,biwi_hotel,biwi_hotel:311,13140,3,0.04115510359406471,0.0607791505753994,0.0,0.0,0.0,0.0,0.0,-1.36:-2.68;-1.36:-2.68;-1.36:-2.68;-1.36:-2.68;-1.36:-2.68;-1.36:-2.68;-1.36:-2.68;-1.36:-2.68,-1.36:-2.68;-1.36:-2.68;-1.36:-2.68;-1.36:-2.68;-1.36:-2.68;-1.36:-2.68;-1.36:-2.68;-1.36:-2.68;-1.36:-2.68;-1.36:-2.68;-1.36:-2.68;-1.36:-2.68,-1.370762:-2.683812;-1.374625:-2.69135;-1.38315:-2.692448;-1.395175:-2.693317;-1.400252:-2.695895;-1.40412:-2.689405;-1.404728:-2.702348;-1.395637:-2.704205;-1.395036:-2.715319;-1.394831:-2.716635;-1.395865:-2.72493;-1.379311:-2.73763
sigma3_hotel_seed42,HOTEL:biwi_hotel:313:13140,HOTEL,biwi_hotel,biwi_hotel:313,13140,3,0.04115509241819382,0.06077912822365761,0.0,0.0,0.0,0.0,0.0,-0.52:3.4;-0.52:3.4;-0.52:3.4;-0.52:3.4;-0.52:3.4;-0.52:3.4;-0.52:3.4;-0.52:3.4,-0.52:3.4;-0.52:3.4;-0.52:3.4;-0.52:3.4;-0.52:3.4;-0.52:3.4;-0.52:3.4;-0.52:3.4;-0.52:3.4;-0.52:3.4;-0.52:3.4;-0.52:3.4,-0.5307619:3.396188;-0.5346255:3.38865;-0.5431497:3.387552;-0.5551752:3.386683;-0.560252:3.384105;-0.5641202:3.390595;-0.5647275:3.377652;-0.5556369:3.375796;-0.5550363:3.364681;-0.554831:3.363365;-0.555865:3.35507;-0.5393108:3.34237
sigma3_hotel_seed42,HOTEL:biwi_hotel:303:13150,HOTEL,biwi_hotel,biwi_hotel:303,13150,3,0.04117840528488159,0.06080111488699913,0.0,0.0,0.0,0.0,0.0,-1.22:-0.23;-1.22:-0.23;-1.22:-0.23;-1.22:-0.23;-1.22:-0.23;-1.22:-0.23;-1.22:-0.23;-1.22:-0.23,-1.22:-0.23;-1.22:-0.23;-1.22:-0.23;-1.22:-0.23;-1.22:-0.23;-1.22:-0.23;-1.22:-0.23;-1.22:-0.23;-1.22:-0.23;-1.22:-0.23;-1.22:-0.23;-1.22:-0.23,-1.230766:-0.2338129;-1.234634:-0.2413511;-1.243163:-0.2424516;-1.255193:-0.2433223;-1.260275:-0.245899;-1.264147:-0.2394122;-1.264757:-0.2523527;-1.255673:-0.2542108;-1.255076:-0.2653264;-1.254875:-0.2666415;-1.255912:-0.2749358;-1.239362:-0.2876359
sigma3_hotel_seed42,HOTEL:biwi_hotel:307:13150,HOTEL,biwi_hotel,biwi_hotel:307,13150,3,0.3989305794239044,1.0351852178573608,0.7288689613342285,0.8848269581794739,0.45988088846206665,1.0161417722702026,0.25,2.56:-4.48;2.48:-4.14;2.35:-3.8;2.29:-3.42;2.24:-3.07;2.12:-2.74;2.07:-2.36;2.1:-2.07,2.1:-1.73;2.03:-1.54;2.04:-1.24;2.03:-1.12;2.02:-1.21;2.02:-1.21;2.02:-1.2;2.01:-1.13;2.01:-1.14;2:-1.16;2:-1.18;1.98:-1.21,2.10337:-1.819241;2.088419:-1.610362;2.065259:-1.471627;2.075677:-1.295941;2.06394:-1.143439;1.993828:-1.028365;1.923791:-0.882566;1.992333:-0.7539841;1.916582:-0.5853963;1.793856:-0.445926;1.86032:-0.3117554;1.832374:-0.1853951
sigma3_hotel_seed42,HOTEL:biwi_hotel:309:13150,HOTEL,biwi_hotel,biwi_hotel:309,13150,3,0.031537894159555435,0.04342956095933914,0.0,0.02377447858452797,0.09263460338115692,0.7853981852531433,1.0,-1.54:-6.73;-1.56:-6.71;-1.56:-6.71;-1.56:-6.71;-1.58:-6.69;-1.58:-6.68;-1.58:-6.68;-1.58:-6.68,-1.58:-6.68;-1.6:-6.68;-1.62:-6.68;-1.62:-6.68;-1.62:-6.68;-1.62:-6.68;-1.62:-6.68;-1.62:-6.68;-1.62:-6.68;-1.57:-6.72;-1.56:-6.73;-1.56:-6.74,-1.58649:-6.681694;-1.583108:-6.683923;-1.586982:-6.682528;-1.593391:-6.68331;-1.596936:-6.677345;-1.589628:-6.674445;-1.586329:-6.680379;-1.58252:-6.677248;-1.578189:-6.690439;-1.576557:-6.683438;-1.574119:-6.686788;-1.553555:-6.697051
sigma3_hotel_seed42,HOTEL:biwi_hotel:310:13150,HOTEL,biwi_hotel,biwi_hotel:310,13150,3,0.4490221440792084,0.8191721439361572,0.20615528523921967,0.10802218317985535,0.23547449707984924,4.957367420196533,1.25,-1.49:-8.22;-1.47:-8.22;-1.45:-8.22;-1.45:-8.19;-1.45:-8.13;-1.45:-8.12;-1.45:-8.2;-1.47:-8.28,-1.48:-8.34;-1.48:-8.33;-1.48:-8.31;-1.46:-8.29;-1.44:-8.29;-1.44:-8.29;-1.44:-8.29;-1.44:-8.29;-1.44:-8.29;-1.33:-8.28;-1.32:-8.27;-1.32:-8.29,-1.479978:-8.35607;-1.494411:-8.424011;-1.510789:-8.49593;-1.528684:-8.580142;-1.544268:-8.6379;-1.567173:-8.707349;-1.592543:-8.765231;-1.612285:-8.822455;-1.632618:-8.876637;-1.693741:-8.898626;-1.702375:-8.947517;-1.768211:-8.975675
sigma3_hotel_seed42,HOTEL:biwi_hotel:311:13150,HOTEL,biwi_hotel,biwi_hotel:311,13150,3,0.04117843136191368,0.06080121546983719,0.0,0.0,0.0,0.0,0.0,-1.36:-2.68;-1.36:-2.68;-1.36:-2.68;-1.36:-2.68;-1.36:-2.68;-1.36:-2.68;-1.36:-2.68;-1.36:-2.68,-1.36:-2.68;-1.36:-2.68;-1.36:-2.68;-1.36:-2.68;-1.36:-2.68;-1.36:-2.68;-1.36:-2.68;-1.36:-2.68;-1.36:-2.68;-1.36:-2.68;-1.36:-2.68;-1.36:-2.68,-1.370766:-2.683813;-1.374634:-2.691351;-1.383163:-2.692452;-1.395193:-2.693322;-1.400275:-2.695899;-1.404147:-2.689412;-1.404757:-2.702353;-1.395673:-2.704211;-1.395076:-2.715327;-1.394875:-2.716642;-1.395912:-2.724936;-1.379362:-2.737636
sigma3_hotel_seed42,HOTEL:biwi_hotel:313:13150,HOTEL,biwi_hotel,biwi_hotel:313,13150,3,0.04117840528488159,0.06080096960067749,0.0,0.0,0.0,0.0,0.0,-0.52:3.4;-0.52:3.4;-0.52:3.4;-0.52:3.4;-0.52:3.4;-0.52:3.4;-0.52:3.4;-0.52:3.4,-0.52:3.4;-0.52:3.4;-0.52:3.4;-0.52:3.4;-0.52:3.4;-0.52:3.4;-0.52:3.4;-0.52:3.4;-0.52:3.4;-0.52:3.4;-0.52:3.4;-0.52:3.4,-0.530766:3.396187;-0.5346341:3.388649;-0.543163:3.387548;-0.5551934:3.386678;-0.5602746:3.384101;-0.5641465:3.390588;-0.5647567:3.377647;-0.5556726:3.375789;-0.5550762:3.364674;-0.5548754:3.363358;-0.5559123:3.355064;-0.5393617:3.342364
sigma3_hotel_seed42,HOTEL:biwi_hotel:303:13160,HOTEL,biwi_hotel,biwi_hotel:303,13160,3,0.04111352935433388,0.06071582809090614,0.0,0.0,0.0,0.0,0.0,-1.22:-0.23;-1.22:-0.23;-1.22:-0.23;-1.22:-0.23;-1.22:-0.23;-1.22:-0.23;-1.22:-0.23;-1.22:-0.23,-1.22:-0.23;-1.22:-0.23;-1.22:-0.23;-1.22:-0.23;-1.22:-0.23;-1.22:-0.23;-1.22:-0.23;-1.22:-0.23;-1.22:-0.23;-1.22:-0.23;-1.22:-0.23;-1.22:-0.23,-1.230757:-0.233806;-1.234617:-0.2413389;-1.243134:-0.2424324;-1.255153:-0.2432953;-1.260224:-0.2458723;-1.264091:-0.2393751;-1.264694:-0.2523163;-1.255592:-0.2541701;-1.254989:-0.2652794;-1.254776:-0.2665947;-1.255806:-0.2748889;-1.239244:-0.2875854
sigma3_hotel_seed42,HOTEL:biwi_hotel:307:13160,HOTEL,biwi_hotel,biwi_hotel:307,13160,3,0.7292916178703308,1.5851322412490845,0.8500000238418579,0.8815109133720398,0.4685366451740265,0.9851125478744507,0.25,2.48:-4.14;2.35:-3.8;2.29:-3.42;2.24:-3.07;2.12:-2.74;2.07:-2.36;2.1:-2.07;2.1:-1.73,2.03:-1.54;2.04:-1.24;2.03:-1.12;2.02:-1.21;2.02:-1.21;2.02:-1.2;2.01:-1.13;2.01:-1.14;2:-1.16;2:-1.18;1.98:-1.21;1.93:-1.21,2.076582:-1.456521;2.02289:-1.22907;1.959292:-1.078544;1.94113:-0.8894128;1.905783:-0.7200813;1.80874:-0.5941472;1.701126:-0.4403563;1.75051:-0.2935606;1.649423:-0.1184833;1.502743:0.02593064;1.549871:0.1740338;1.505278:0.3171725
sigma3_hotel_seed42,HOTEL:biwi_hotel:309:13160,HOTEL,biwi_hotel,biwi_hotel:309,13160,3,0.13184304535388947,0.19508522748947144,0.0,0.01367295440286398,0.06317182630300522,0.7853981852531433,1.0,-1.56:-6.71;-1.56:-6.71;-1.56:-6.71;-1.58:-6.69;-1.58:-6.68;-1.58:-6.68;-1.58:-6.68;-1.58:-6.68,-1.6:-6.68;-1.62:-6.68;-1.62:-6.68;-1.62:-6.68;-1.62:-6.68;-1.62:-6.68;-1.62:-6.68;-1.62:-6.68;-1.57:-6.72;-1.56:-6.73;-1.56:-6.74;-1.56:-6.75,-1.57199:-6.693043;-1.549152:-6.709239;-1.534547:-6.702209;-1.521146:-6.709171;-1.507648:-6.7253;-1.48814:-6.711884;-1.480712:-6.749375;-1.443395:-6.743297;-1.419825:-6.760351;-1.403561:-6.764864;-1.393139:-6.783092;-1.37297:-6.80548
sigma3_hotel_seed42,HOTEL:biwi_hotel:310:13160,HOTEL,biwi_hotel,biwi_hotel:310,13160,3,0.3481086194515228,0.6279046535491943,0.1520690619945526,0.12260347604751587,0.25876685976982117,5.037197589874268,1.25,-1.47:-8.22;-1.45:-8.22;-1.45:-8.19;-1.45:-8.13;-1.45:-8.12;-1.45:-8.2;-1.47:-8.28;-1.48:-8.34,-1.48:-8.33;-1.48:-8.31;-1.46:-8.29;-1.44:-8.29;-1.44:-8.29;-1.44:-8.29;-1.44:-8.29;-1.44:-8.29;-1.33:-8.28;-1.32:-8.27;-1.32:-8.29;-1.32:-8.31,-1.497139:-8.38194;-1.509891:-8.41342;-1.524828:-8.445189;-1.541952:-8.49594;-1.567873:-8.525512;-1.590358:-8.568211;-1.609073:-8.611334;-1.652634:-8.628934;-1.669559:-8.654845;-1.7113:-8.667423;-1.734967:-8.692533;-1.809364:-8.70343
sigma3_hotel_seed42,HOTEL:biwi_hotel:311:13160,HOTEL,biwi_hotel,biwi_hotel:311,13160,3,0.048456788063049316,0.1488349735736847,0.0,0.0,0.0,0.0,0.0,-1.36:-2.68;-1.36:-2.68;-1.36:-2.68;-1.36:-2.68;-1.36:-2.68;-1.36:-2.68;-1.36:-2.68;-1.36:-2.68,-1.36:-2.68;-1.36:-2.68;-1.36:-2.68;-1.36:-2.68;-1.36:-2.68;-1.36:-2.68;-1.36:-2.68;-1.36:-2.68;-1.36:-2.68;-1.36:-2.68;-1.36:-2.68;-1.36:-2.59,-1.370757:-2.683806;-1.374617:-2.691339;-1.383134:-2.692432;-1.395153:-2.693295;-1.400224:-2.695872;-1.404091:-2.689375;-1.404694:-2.702316;-1.395592:-2.70417;-1.394989:-2.715279;-1.394776:-2.716595;-1.395806:-2.724889;-1.379244:-2.737586
sigma3_hotel_seed42,HOTEL:biwi_hotel:313:13160,HOTEL,biwi_hotel,biwi_hotel:313,13160,3,0.047223154455423355,0.1340314745903015,0.0,0.0,0.0,0.0,0.0,-0.52:3.4;-0.52:3.4;-0.52:3.4;-0.52:3.4;-0.52:3.4;-0.52:3.4;-0.52:3.4;-0.52:3.4,-0.52:3.4;-0.52:3.4;-0.52:3.4;-0.52:3.4;-0.52:3.4;-0.52:3.4;-0.52:3.4;-0.52:3.4;-0.52:3.4;-0.52:3.4;-0.52:3.4;-0.56:3.21,-0.5307566:3.396194;-0.5346165:3.388661;-0.5431344:3.387568;-0.5551534:3.386705;-0.5602242:3.384128;-0.5640915:3.390625;-0.564694:3.377684;-0.5555924:3.37583;-0.5549892:3.364721;-0.5547764:3.363405;-0.5558063:3.355111;-0.5392439:3.342415
sigma3_hotel_seed42,HOTEL:biwi_hotel:303:13170,HOTEL,biwi_hotel,biwi_hotel:303,13170,3,0.006693461909890175,0.02274180017411709,0.0,0.0,0.0,0.0,0.0,-1.22:-0.23;-1.22:-0.23;-1.22:-0.23;-1.22:-0.23;-1.22:-0.23;-1.22:-0.23;-1.22:-0.23;-1.22:-0.23,-1.22:-0.23;-1.22:-0.23;-1.22:-0.23;-1.22:-0.23;-1.22:-0.23;-1.22:-0.23;-1.22:-0.23;-1.22:-0.23;-1.22:-0.23;-1.22:-0.23;-1.22:-0.23;-1.22:-0.23,-1.220683:-0.2307433;-1.222832:-0.2302864;-1.224418:-0.2316586;-1.225543:-0.2320161;-1.224308:-0.2313;-1.223269:-0.2303231;-1.219995:-0.2298447;-1.218641:-0.232082;-1.214768:-0.2358508;-1.210445:-0.2335458;-1.206375:-0.2353547;-1.199252:-0.2393126
sigma3_hotel_seed42,HOTEL:biwi_hotel:307:13170,HOTEL,biwi_hotel,biwi_hotel:307,13170,3,0.6821208596229553,1.2010599374771118,0.5062114000320435,0.8238248825073242,0.5569813251495361,1.1295033693313599,0.25,2.35:-3.8;2.29:-3.42;2.24:-3.07;2.12:-2.74;2.07:-2.36;2.1:-2.07;2.1:-1.73;2.03:-1.54,2.04:-1.24;2.03:-1.12;2.02:-1.21;2.02:-1.21;2.02:-1.2;2.01:-1.13;2.01:-1.14;2:-1.16;2:-1.18;1.98:-1.21;1.93:-1.21;1.8:-1.09,1.951301:-1.36332;1.880524:-1.204035;1.822147:-1.075651;1.755813:-0.968028;1.675509:-0.8440021;1.562482:-0.7578701;1.479874:-0.6491413;1.449464:-0.562126;1.335508:-0.4558631;1.164162:-0.3057448;1.156708:-0.227572;1.065743:-0.1395202
sigma3_hotel_seed42,HOTEL:biwi_hotel:309:13170,HOTEL,biwi_hotel,biwi_hotel:309,13170,3,0.2274872064590454,0.4267118275165558,0.05000000074505806,0.020815812051296234,0.08400515466928482,2.356194496154785,1.125,-1.56:-6.71;-1.56:-6.71;-1.58:-6.69;-1.58:-6.68;-1.58:-6.68;-1.58:-6.68;-1.58:-6.68;-1.6:-6.68,-1.62:-6.68;-1.62:-6.68;-1.62:-6.68;-1.62:-6.68;-1.62:-6.68;-1.62:-6.68;-1.62:-6.68;-1.57:-6.72;-1.56:-6.73;-1.56:-6.74;-1.56:-6.75;-1.56:-6.73,-1.638418:-6.68542;-1.675781:-6.695435;-1.712038:-6.693364;-1.753749:-6.689519;-1.781488:-6.711625;-1.821773:-6.687848;-1.869883:-6.718979;-1.86185:-6.717721;-1.886849:-6.724191;-1.926334:-6.731009;-1.954366:-6.746675;-1.985627:-6.760402
sigma3_hotel_seed42,HOTEL:biwi_hotel:310:13170,HOTEL,biwi_hotel,biwi_hotel:310,13170,3,0.13779300451278687,0.18237267434597015,0.02500000037252903,0.11903204768896103,0.29486599564552307,6.442845344543457,1.25,-1.45:-8.22;-1.45:-8.19;-1.45:-8.13;-1.45:-8.12;-1.45:-8.2;-1.47:-8.28;-1.48:-8.34;-1.48:-8.33,-1.48:-8.31;-1.46:-8.29;-1.44:-8.29;-1.44:-8.29;-1.44:-8.29;-1.44:-8.29;-1.44:-8.29;-1.33:-8.28;-1.32:-8.27;-1.32:-8.29;-1.32:-8.31;-1.36:-8.31,-1.489907:-8.339118;-1.491929:-8.351438;-1.498871:-8.352519;-1.506821:-8.357582;-1.511384:-8.367389;-1.514456:-8.360193;-1.519505:-8.383113;-1.505938:-8.38405;-1.504566:-8.397894;-1.504116:-8.402351;-1.507834:-8.415731;-1.496422:-8.431033
sigma3_hotel_seed42,HOTEL:biwi_hotel:311:13170,HOTEL,biwi_hotel,biwi_hotel:311,13170,3,0.013967412523925304,0.02834506705403328,0.0,0.0,0.0,0.0,0.0,-1.36:-2.68;-1.36:-2.68;-1.36:-2.68;-1.36:-2.68;-1.36:-2.68;-1.36:-2.68;-1.36:-2.68;-1.36:-2.68,-1.36:-2.68;-1.36:-2.68;-1.36:-2.68;-1.36:-2.68;-1.36:-2.68;-1.36:-2.68;-1.36:-2.68;-1.36:-2.68;-1.36:-2.68;-1.36:-2.68;-1.36:-2.59;-1.36:-2.67,-1.360683:-2.680743;-1.362832:-2.680286;-1.364418:-2.681659;-1.365543:-2.682016;-1.364308:-2.6813;-1.363269:-2.680323;-1.359995:-2.679845;-1.358641:-2.682082;-1.354768:-2.685851;-1.350445:-2.683546;-1.346375:-2.685355;-1.339252:-2.689313
sigma3_hotel_seed42,HOTEL:biwi_hotel:313:13170,HOTEL,biwi_hotel,biwi_hotel:313,13170,3,0.03733399510383606,0.2127925604581833,0.0,0.0,0.0,0.0,0.0,-0.52:3.4;-0.52:3.4;-0.52:3.4;-0.52:3.4;-0.52:3.4;-0.52:3.4;-0.52:3.4;-0.52:3.4,-0.52:3.4;-0.52:3.4;-0.52:3.4;-0.52:3.4;-0.52:3.4;-0.52:3.4;-0.52:3.4;-0.52:3.4;-0.52:3.4;-0.52:3.4;-0.56:3.21;-0.57:3.19,-0.5206826:3.399257;-0.5228316:3.399714;-0.5244176:3.398341;-0.5255433:3.397984;-0.5243081:3.3987;-0.5232692:3.399677;-0.519995:3.400156;-0.5186409:3.397918;-0.5147678:3.394149;-0.5104448:3.396454;-0.5063751:3.394645;-0.4992523:3.390687
sigma3_hotel_seed42,HOTEL:biwi_hotel:315:13170,HOTEL,biwi_hotel,biwi_hotel:315,13170,3,0.8978766798973083,0.8603730797767639,1.0550473928451538,1.1519935131072998,0.7505298256874084,1.4661140441894531,1.625,1.13:-10.03;1.12:-9.54;1:-9.05;0.79:-8.66;0.77:-8.24;0.83:-7.78;0.79:-7.3;0.69:-6.89,0.73:-6.46;0.75:-5.98;0.62:-5.55;0.57:-5.14;0.59:-4.67;0.39:-4.29;0.16:-3.96;-0.05:-3.54;-0.27:-3.46;-0.45:-3.49;-0.56:-3.5;-0.57:-3.51,0.6575897:-6.524244;0.6042238:-6.244553;0.4957507:-6.044388;0.4870118:-5.792563;0.428493:-5.564344;0.3107028:-5.411259;0.147423:-5.225778;0.2060123:-5.009747;0.07387513:-4.766559;-0.09887898:-4.608767;-0.04011995:-4.393214;-0.09567237:-4.227813
sigma3_hotel_seed42,HOTEL:biwi_hotel:316:13170,HOTEL,biwi_hotel,biwi_hotel:316,13170,3,1.5657531023025513,3.5626142024993896,1.750178575515747,1.6198151111602783,0.35415664315223694,0.41574016213417053,0.25,1.73:3.4;1.75:2.75;1.69:2.14;1.62:1.5;1.53:0.88;1.41:0.24;1.38:-0.41;1.39:-1.11,1.39:-1.81;1.51:-2.5;1.52:-3.18;1.69:-3.99;1.68:-4.64;1.55:-5.29;1.63:-6.07;1.64:-6.76;1.65:-7.55;1.66:-8.41;1.59:-9.01;1.68:-9.8,1.303969:-1.767849;1.196102:-2.462891;0.9963192:-3.129385;1.009685:-3.646605;0.8467712:-4.215448;0.6491395:-4.737473;0.3615668:-5.087523;0.2503741:-5.599239;-0.004730821:-5.861685;-0.1201049:-6.348433;-0.3338462:-6.667107;-0.5425018:-7.015632
sigma3_hotel_seed42,HOTEL:biwi_hotel:303:13180,HOTEL,biwi_hotel,biwi_hotel:303,13180,3,0.006799010559916496,0.015436490997672081,0.0,0.0,0.0,0.0,0.0,-1.22:-0.23;-1.22:-0.23;-1.22:-0.23;-1.22:-0.23;-1.22:-0.23;-1.22:-0.23;-1.22:-0.23;-1.22:-0.23,-1.22:-0.23;-1.22:-0.23;-1.22:-0.23;-1.22:-0.23;-1.22:-0.23;-1.22:-0.23;-1.22:-0.23;-1.22:-0.23;-1.22:-0.23;-1.22:-0.23;-1.22:-0.23;-1.22:-0.23,-1.222205:-0.2298274;-1.223071:-0.2294608;-1.225904:-0.2311883;-1.230174:-0.2304273;-1.230746:-0.2265197;-1.228487:-0.2260912;-1.225001:-0.2251876;-1.225134:-0.2254227;-1.221649:-0.2305142;-1.219066:-0.2276015;-1.214832:-0.2272422;-1.204684:-0.231923
sigma3_hotel_seed42,HOTEL:biwi_hotel:309:13180,HOTEL,biwi_hotel,biwi_hotel:309,13180,3,0.16468767821788788,0.25679001212120056,0.05000000074505806,0.027958668768405914,0.05454237386584282,2.356194496154785,1.25,-1.56:-6.71;-1.58:-6.69;-1.58:-6.68;-1.58:-6.68;-1.58:-6.68;-1.58:-6.68;-1.6:-6.68;-1.62:-6.68,-1.62:-6.68;-1.62:-6.68;-1.62:-6.68;-1.62:-6.68;-1.62:-6.68;-1.62:-6.68;-1.57:-6.72;-1.56:-6.73;-1.56:-6.74;-1.56:-6.75;-1.56:-6.73;-1.56:-6.73,-1.643112:-6.674034;-1.669121:-6.676327;-1.693361:-6.67917;-1.72008:-6.667468;-1.735038:-6.675479;-1.767452:-6.658187;-1.785984:-6.665676;-1.774207:-6.671968;-1.792858:-6.668429;-1.806496:-6.675857;-1.817936:-6.682517;-1.813517:-6.689132
sigma3_hotel_seed42,HOTEL:biwi_hotel:310:13180,HOTEL,biwi_hotel,biwi_hotel:310,13180,3,0.04905055835843086,0.0992363914847374,0.05000000074505806,0.11546061933040619,0.2740326523780823,6.442845344543457,1.25,-1.45:-8.19;-1.45:-8.13;-1.45:-8.12;-1.45:-8.2;-1.47:-8.28;-1.48:-8.34;-1.48:-8.33;-1.48:-8.31,-1.46:-8.29;-1.44:-8.29;-1.44:-8.29;-1.44:-8.29;-1.44:-8.29;-1.44:-8.29;-1.33:-8.28;-1.32:-8.27;-1.32:-8.29;-1.32:-8.31;-1.36:-8.31;-1.31:-8.37,-1.479422:-8.303957;-1.465755:-8.302104;-1.454774:-8.284879;-1.449494:-8.279327;-1.443514:-8.276765;-1.436324:-8.258856;-1.422649:-8.27311;-1.399169:-8.263989;-1.386643:-8.267566;-1.37551:-8.259096;-1.365529:-8.266263;-1.343256:-8.276502
sigma3_hotel_seed42,HOTEL:biwi_hotel:311:13180,HOTEL,biwi_hotel,biwi_hotel:311,13180,3,0.014138349331915379,0.015436476096510887,0.0,0.0,0.0,0.0,0.0,-1.36:-2.68;-1.36:-2.68;-1.36:-2.68;-1.36:-2.68;-1.36:-2.68;-1.36:-2.68;-1.36:-2.68;-1.36:-2.68,-1.36:-2.68;-1.36:-2.68;-1.36:-2.68;-1.36:-2.68;-1.36:-2.68;-1.36:-2.68;-1.36:-2.68;-1.36:-2.68;-1.36:-2.68;-1.36:-2.59;-1.36:-2.67;-1.36:-2.68,-1.362205:-2.679827;-1.363071:-2.679461;-1.365904:-2.681188;-1.370174:-2.680427;-1.370746:-2.67652;-1.368487:-2.676091;-1.365001:-2.675188;-1.365134:-2.675423;-1.361649:-2.680514;-1.359066:-2.677602;-1.354832:-2.677242;-1.344684:-2.681923
sigma3_hotel_seed42,HOTEL:biwi_hotel:313:13180,HOTEL,biwi_hotel,biwi_hotel:313,13180,3,0.057692211121320724,0.21808767318725586,0.0,0.0,0.0,0.0,0.0,-0.52:3.4;-0.52:3.4;-0.52:3.4;-0.52:3.4;-0.52:3.4;-0.52:3.4;-0.52:3.4;-0.52:3.4,-0.52:3.4;-0.52:3.4;-0.52:3.4;-0.52:3.4;-0.52:3.4;-0.52:3.4;-0.52:3.4;-0.52:3.4;-0.52:3.4;-0.56:3.21;-0.57:3.19;-0.57:3.19,-0.5222048:3.400173;-0.5230706:3.400539;-0.5259036:3.398812;-0.5301742:3.399573;-0.5307461:3.403481;-0.5284871:3.403909;-0.5250013:3.404813;-0.5251342:3.404577;-0.5216488:3.399486;-0.5190659:3.402399;-0.5148322:3.402758;-0.5046837:3.398077
sigma3_hotel_seed42,HOTEL:biwi_hotel:315:13180,HOTEL,biwi_hotel,biwi_hotel:315,13180,3,0.8865025043487549,0.9613465070724487,1.0796411037445068,1.1311914920806885,0.7832604050636292,1.5783363580703735,1.75,1.12:-9.54;1:-9.05;0.79:-8.66;0.77:-8.24;0.83:-7.78;0.79:-7.3;0.69:-6.89;0.73:-6.46,0.75:-5.98;0.62:-5.55;0.57:-5.14;0.59:-4.67;0.39:-4.29;0.16:-3.96;-0.05:-3.54;-0.27:-3.46;-0.45:-3.49;-0.56:-3.5;-0.57:-3.51;-0.6:-3.43,0.7331114:-6.105538;0.6820778:-5.822553;0.5966478:-5.646419;0.6032634:-5.392946;0.5859406:-5.180107;0.4922614:-5.022684;0.3488793:-4.835383;0.4436657:-4.631907;0.3408725:-4.402772;0.2001969:-4.259071;0.277851:-4.051321;0.2565797:-3.866415
sigma3_hotel_seed42,HOTEL:biwi_hotel:317:13180,HOTEL,biwi_hotel,biwi_hotel:317,13180,3,0.3809792101383209,0.3496100604534149,1.0982941389083862,1.1303588151931763,0.5125711560249329,0.9407868385314941,2.125,0.66:-9.8;0.54:-9.33;0.55:-8.84;0.5:-8.41;0.38:-7.97;0.36:-7.52;0.33:-7.11;0.24:-6.68,0.2:-6.25;0.22:-5.79;0.16:-5.43;0.03:-5.1;-0.09:-4.84;-0.18:-4.63;-0.44:-4.45;-0.65:-4.27;-0.79:-4.2;-0.98:-4.18;-1.02:-4.18;-0.86:-4.19,0.1548773:-6.31117;0.02553321:-6.020022;-0.1429416:-5.81589;-0.2139017:-5.567928;-0.3129576:-5.331759;-0.4773408:-5.171018;-0.6895862:-4.984205;-0.6781301:-4.763629;-0.8490491:-4.53726;-1.061622:-4.372881;-1.047107:-4.160378;-1.135942:-3.975329
sigma3_hotel_seed42,HOTEL:biwi_hotel:303:13190,HOTEL,biwi_hotel,biwi_hotel:303,13190,3,0.04118245467543602,0.06077905744314194,0.0,0.0,0.0,0.0,0.0,-1.22:-0.23;-1.22:-0.23;-1.22:-0.23;-1.22:-0.23;-1.22:-0.23;-1.22:-0.23;-1.22:-0.23;-1.22:-0.23,-1.22:-0.23;-1.22:-0.23;-1.22:-0.23;-1.22:-0.23;-1.22:-0.23;-1.22:-0.23;-1.22:-0.23;-1.22:-0.23;-1.22:-0.23;-1.22:-0.23;-1.22:-0.23;-1.22:-0.23,-1.230769:-0.2338084;-1.234642:-0.2413425;-1.243174:-0.2424438;-1.255208:-0.2433114;-1.260292:-0.2458833;-1.264169:-0.2393971;-1.264778:-0.2523299;-1.255699:-0.2541894;-1.255108:-0.2653014;-1.254908:-0.2666155;-1.255946:-0.2749066;-1.239393:-0.2876023
sigma3_hotel_seed42,HOTEL:biwi_hotel:309:13190,HOTEL,biwi_hotel,biwi_hotel:309,13190,3,0.06515032798051834,0.09882411360740662,0.0,0.01785714365541935,0.0520833320915699,1.5707963705062866,1.375,-1.58:-6.69;-1.58:-6.68;-1.58:-6.68;-1.58:-6.68;-1.58:-6.68;-1.6:-6.68;-1.62:-6.68;-1.62:-6.68,-1.62:-6.68;-1.62:-6.68;-1.62:-6.68;-1.62:-6.68;-1.62:-6.68;-1.57:-6.72;-1.56:-6.73;-1.56:-6.74;-1.56:-6.75;-1.56:-6.73;-1.56:-6.73;-1.56:-6.73,-1.623718:-6.677619;-1.624302:-6.677524;-1.629146:-6.681334;-1.63658:-6.678066;-1.641236:-6.671171;-1.64266:-6.673611;-1.639624:-6.671601;-1.646497:-6.668669;-1.647172:-6.669375;-1.645304:-6.671936;-1.644145:-6.666076;-1.637024:-6.668085
sigma3_hotel_seed42,HOTEL:biwi_hotel:310:13190,HOTEL,biwi_hotel,biwi_hotel:310,13190,3,0.13671626150608063,0.2115231454372406,0.0707106813788414,0.10413357615470886,0.24278266727924347,7.228243350982666,1.25,-1.45:-8.13;-1.45:-8.12;-1.45:-8.2;-1.47:-8.28;-1.48:-8.34;-1.48:-8.33;-1.48:-8.31;-1.46:-8.29,-1.44:-8.29;-1.44:-8.29;-1.44:-8.29;-1.44:-8.29;-1.44:-8.29;-1.33:-8.28;-1.32:-8.27;-1.32:-8.29;-1.32:-8.31;-1.36:-8.31;-1.31:-8.37;-1.29:-8.36,-1.450405:-8.319002;-1.43467:-8.332691;-1.424257:-8.349123;-1.417773:-8.380392;-1.415989:-8.397602;-1.399946:-8.422636;-1.391659:-8.461553;-1.411425:-8.458245;-1.392785:-8.481474;-1.394525:-8.491862;-1.400987:-8.507008;-1.438612:-8.51052
sigma3_hotel_seed42,HOTEL:biwi_hotel:311:13190,HOTEL,biwi_hotel,biwi_hotel:311,13190,3,0.04851476848125458,0.06077893078327179,0.0,0.0,0.0,0.0,0.0,-1.36:-2.68;-1.36:-2.68;-1.36:-2.68;-1.36:-2.68;-1.36:-2.68;-1.36:-2.68;-1.36:-2.68;-1.36:-2.68,-1.36:-2.68;-1.36:-2.68;-1.36:-2.68;-1.36:-2.68;-1.36:-2.68;-1.36:-2.68;-1.36:-2.68;-1.36:-2.68;-1.36:-2.59;-1.36:-2.67;-1.36:-2.68;-1.36:-2.68,-1.370769:-2.683808;-1.374642:-2.691343;-1.383174:-2.692444;-1.395208:-2.693311;-1.400292:-2.695884;-1.404169:-2.689397;-1.404778:-2.70233;-1.395699:-2.704189;-1.395108:-2.715302;-1.394908:-2.716616;-1.395946:-2.724907;-1.379393:-2.737602
sigma3_hotel_seed42,HOTEL:biwi_hotel:313:13190,HOTEL,biwi_hotel,biwi_hotel:313,13190,3,0.07712169736623764,0.15544085204601288,0.0,0.0,0.0,0.0,0.0,-0.52:3.4;-0.52:3.4;-0.52:3.4;-0.52:3.4;-0.52:3.4;-0.52:3.4;-0.52:3.4;-0.52:3.4,-0.52:3.4;-0.52:3.4;-0.52:3.4;-0.52:3.4;-0.52:3.4;-0.52:3.4;-0.52:3.4;-0.52:3.4;-0.56:3.21;-0.57:3.19;-0.57:3.19;-0.57:3.19,-0.5307686:3.396192;-0.5346417:3.388658;-0.5431738:3.387556;-0.5552077:3.386689;-0.5602916:3.384117;-0.5641689:3.390603;-0.564778:3.37767;-0.5556989:3.375811;-0.5551078:3.364699;-0.5549077:3.363384;-0.5559459:3.355093;-0.5393925:3.342398
sigma3_hotel_seed42,HOTEL:biwi_hotel:303:13200,HOTEL,biwi_hotel,biwi_hotel:303,13200,3,0.041109468787908554,0.06071269512176514,0.0,0.0,0.0,0.0,0.0,-1.22:-0.23;-1.22:-0.23;-1.22:-0.23;-1.22:-0.23;-1.22:-0.23;-1.22:-0.23;-1.22:-0.23;-1.22:-0.23,-1.22:-0.23;-1.22:-0.23;-1.22:-0.23;-1.22:-0.23;-1.22:-0.23;-1.22:-0.23;-1.22:-0.23;-1.22:-0.23;-1.22:-0.23;-1.22:-0.23;-1.22:-0.23;-1.22:-0.23,-1.230756:-0.233806;-1.234615:-0.2413389;-1.243132:-0.2424319;-1.25515:-0.2432944;-1.26022:-0.245872;-1.264087:-0.239374;-1.264689:-0.252316;-1.255586:-0.2541695;-1.254982:-0.2652785;-1.254768:-0.2665941;-1.255798:-0.2748885;-1.239235:-0.2875852
sigma3_hotel_seed42,HOTEL:biwi_hotel:309:13200,HOTEL,biwi_hotel,biwi_hotel:309,13200,3,0.07341750711202621,0.1142185777425766,0.0,0.014285714365541935,0.0416666679084301,0.0,1.375,-1.58:-6.68;-1.58:-6.68;-1.58:-6.68;-1.58:-6.68;-1.6:-6.68;-1.62:-6.68;-1.62:-6.68;-1.62:-6.68,-1.62:-6.68;-1.62:-6.68;-1.62:-6.68;-1.62:-6.68;-1.57:-6.72;-1.56:-6.73;-1.56:-6.74;-1.56:-6.75;-1.56:-6.73;-1.56:-6.73;-1.56:-6.73;-1.54:-6.73,-1.624936:-6.678758;-1.621589:-6.677865;-1.627628:-6.679319;-1.637225:-6.675676;-1.642453:-6.66656;-1.635062:-6.667213;-1.636624:-6.666353;-1.64184:-6.659467;-1.638194:-6.666208;-1.642427:-6.661604;-1.639809:-6.655189;-1.632042:-6.662368
sigma3_hotel_seed42,HOTEL:biwi_hotel:310:13200,HOTEL,biwi_hotel,biwi_hotel:310,13200,3,0.06658205389976501,0.11974366754293442,0.05000000074505806,0.1077050045132637,0.16986599564552307,4.872048854827881,1.25,-1.45:-8.12;-1.45:-8.2;-1.47:-8.28;-1.48:-8.34;-1.48:-8.33;-1.48:-8.31;-1.46:-8.29;-1.44:-8.29,-1.44:-8.29;-1.44:-8.29;-1.44:-8.29;-1.44:-8.29;-1.33:-8.28;-1.32:-8.27;-1.32:-8.29;-1.32:-8.31;-1.36:-8.31;-1.31:-8.37;-1.29:-8.36;-1.26:-8.3,-1.441415:-8.300035;-1.430835:-8.310744;-1.427403:-8.311537;-1.427463:-8.322037;-1.425717:-8.322271;-1.413605:-8.324633;-1.400956:-8.340712;-1.394256:-8.341662;-1.382571:-8.360168;-1.373759:-8.357654;-1.36745:-8.367904;-1.346282:-8.38303
sigma3_hotel_seed42,HOTEL:biwi_hotel:311:13200,HOTEL,biwi_hotel,biwi_hotel:311,13200,3,0.04811825230717659,0.06071273609995842,0.0,0.0,0.0,0.0,0.0,-1.36:-2.68;-1.36:-2.68;-1.36:-2.68;-1.36:-2.68;-1.36:-2.68;-1.36:-2.68;-1.36:-2.68;-1.36:-2.68,-1.36:-2.68;-1.36:-2.68;-1.36:-2.68;-1.36:-2.68;-1.36:-2.68;-1.36:-2.68;-1.36:-2.68;-1.36:-2.59;-1.36:-2.67;-1.36:-2.68;-1.36:-2.68;-1.36:-2.68,-1.370756:-2.683806;-1.374615:-2.691339;-1.383132:-2.692432;-1.39515:-2.693295;-1.40022:-2.695872;-1.404087:-2.689374;-1.404689:-2.702316;-1.395586:-2.70417;-1.394982:-2.715279;-1.394768:-2.716594;-1.395798:-2.724889;-1.379235:-2.737585
sigma3_hotel_seed42,HOTEL:biwi_hotel:313:13200,HOTEL,biwi_hotel,biwi_hotel:313,13200,3,0.08904571086168289,0.15548881888389587,0.0,0.0,0.0,0.0,0.0,-0.52:3.4;-0.52:3.4;-0.52:3.4;-0.52:3.4;-0.52:3.4;-0.52:3.4;-0.52:3.4;-0.52:3.4,-0.52:3.4;-0.52:3.4;-0.52:3.4;-0.52:3.4;-0.52:3.4;-0.52:3.4;-0.52:3.4;-0.56:3.21;-0.57:3.19;-0.57:3.19;-0.57:3.19;-0.57:3.19,-0.5307558:3.396194;-0.5346149:3.388661;-0.5431319:3.387568;-0.55515:3.386706;-0.5602199:3.384128;-0.5640866:3.390626;-0.5646889:3.377684;-0.5555856:3.375831;-0.5549816:3.364722;-0.5547681:3.363406;-0.5557975:3.355112;-0.5392347:3.342415
sigma3_hotel_seed42,HOTEL:biwi_hotel:303:13210,HOTEL,biwi_hotel,biwi_hotel:303,13210,3,0.041127681732177734,0.06072724238038063,0.0,0.0,0.0,0.0,0.0,-1.22:-0.23;-1.22:-0.23;-1.22:-0.23;-1.22:-0.23;-1.22:-0.23;-1.22:-0.23;-1.22:-0.23;-1.22:-0.23,-1.22:-0.23;-1.22:-0.23;-1.22:-0.23;-1.22:-0.23;-1.22:-0.23;-1.22:-0.23;-1.22:-0.23;-1.22:-0.23;-1.22:-0.23;-1.22:-0.23;-1.22:-0.23;-1.22:-0.23,-1.230759:-0.2338063;-1.234622:-0.2413392;-1.243143:-0.2424345;-1.255165:-0.2432984;-1.260239:-0.2458737;-1.264108:-0.2393793;-1.264712:-0.252318;-1.255615:-0.2541731;-1.255015:-0.2652829;-1.254805:-0.2665978;-1.255836:-0.274891;-1.239275:-0.287587
sigma3_hotel_seed42,HOTEL:biwi_hotel:309:13210,HOTEL,biwi_hotel,biwi_hotel:309,13210,3,0.08122822642326355,0.12288916856050491,0.0,0.014285714365541935,0.0416666679084301,0.0,1.375,-1.58:-6.68;-1.58:-6.68;-1.58:-6.68;-1.6:-6.68;-1.62:-6.68;-1.62:-6.68;-1.62:-6.68;-1.62:-6.68,-1.62:-6.68;-1.62:-6.68;-1.62:-6.68;-1.57:-6.72;-1.56:-6.73;-1.56:-6.74;-1.56:-6.75;-1.56:-6.73;-1.56:-6.73;-1.56:-6.73;-1.54:-6.73;-1.54:-6.73,-1.630429:-6.691957;-1.631695:-6.705984;-1.6395:-6.708654;-1.649308:-6.716673;-1.654561:-6.725932;-1.654679:-6.722107;-1.659342:-6.745557;-1.650023:-6.746949;-1.646689:-6.764175;-1.647801:-6.767934;-1.651346:-6.781251;-1.641979:-6.798572
sigma3_hotel_seed42,HOTEL:biwi_hotel:310:13210,HOTEL,biwi_hotel,biwi_hotel:310,13210,3,0.11003343015909195,0.22210563719272614,0.0,0.07913357764482498,0.16986599564552307,4.627070426940918,1.25,-1.45:-8.2;-1.47:-8.28;-1.48:-8.34;-1.48:-8.33;-1.48:-8.31;-1.46:-8.29;-1.44:-8.29;-1.44:-8.29,-1.44:-8.29;-1.44:-8.29;-1.44:-8.29;-1.33:-8.28;-1.32:-8.27;-1.32:-8.29;-1.32:-8.31;-1.36:-8.31;-1.31:-8.37;-1.29:-8.36;-1.26:-8.3;-1.24:-8.23,-1.44622:-8.298133;-1.442958:-8.308702;-1.445825:-8.310308;-1.45097:-8.31648;-1.453229:-8.31965;-1.44967:-8.317405;-1.445755:-8.334665;-1.436936:-8.335188;-1.43198:-8.350378;-1.426682:-8.352129;-1.426111:-8.362184;-1.407543:-8.375809
sigma3_hotel_seed42,HOTEL:biwi_hotel:311:13210,HOTEL,biwi_hotel,biwi_hotel:311,13210,3,0.04756369814276695,0.06072717159986496,0.0,0.0,0.0,0.0,0.0,-1.36:-2.68;-1.36:-2.68;-1.36:-2.68;-1.36:-2.68;-1.36:-2.68;-1.36:-2.68;-1.36:-2.68;-1.36:-2.68,-1.36:-2.68;-1.36:-2.68;-1.36:-2.68;-1.36:-2.68;-1.36:-2.68;-1.36:-2.68;-1.36:-2.59;-1.36:-2.67;-1.36:-2.68;-1.36:-2.68;-1.36:-2.68;-1.36:-2.68,-1.370759:-2.683806;-1.374622:-2.691339;-1.383143:-2.692435;-1.395165:-2.693298;-1.400239:-2.695874;-1.404108:-2.689379;-1.404712:-2.702318;-1.395615:-2.704173;-1.395015:-2.715283;-1.394805:-2.716598;-1.395836:-2.724891;-1.379275:-2.737587
sigma3_hotel_seed42,HOTEL:biwi_hotel:313:13210,HOTEL,biwi_hotel,biwi_hotel:313,13210,3,0.10057380795478821,0.15547916293144226,0.0,0.0,0.0,0.0,0.0,-0.52:3.4;-0.52:3.4;-0.52:3.4;-0.52:3.4;-0.52:3.4;-0.52:3.4;-0.52:3.4;-0.52:3.4,-0.52:3.4;-0.52:3.4;-0.52:3.4;-0.52:3.4;-0.52:3.4;-0.52:3.4;-0.56:3.21;-0.57:3.19;-0.57:3.19;-0.57:3.19;-0.57:3.19;-0.57:3.19,-0.5307591:3.396194;-0.5346218:3.388661;-0.5431428:3.387566;-0.5551651:3.386702;-0.5602388:3.384126;-0.5641081:3.390621;-0.5647115:3.377682;-0.5556154:3.375827;-0.555015:3.364717;-0.5548047:3.363402;-0.5558363:3.355109;-0.5392753:3.342413
sigma3_hotel_seed42,HOTEL:biwi_hotel:333:14340,HOTEL,biwi_hotel,biwi_hotel:333,14340,3,0.8420484662055969,1.0245112180709839,0.5771698355674744,0.6540006399154663,1.1563115119934082,1.7417844533920288,0.25,0.52:-4.89;0.35:-4.51;0.34:-4.47;0.14:-4.25;-0.03:-3.94;-0.19:-3.62;-0.31:-3.56;-0.53:-3.49,-0.61:-3.41;-0.75:-3.25;-0.96:-2.87;-1.15:-2.71;-1.32:-2.55;-1.4:-2.42;-1.37:-2.41;-1.27:-2.33;-1.26:-2.32;-1.26:-2.32;-1.26:-2.32;-1.26:-2.32,-0.5919068:-3.471112;-0.654618:-3.456442;-0.7078328:-3.438641;-0.7805929:-3.416418;-0.832068:-3.41662;-0.9007288:-3.381319;-0.9688544:-3.3917;-0.9872947:-3.374376;-1.04048:-3.36508;-1.116496:-3.354615;-1.160273:-3.352256;-1.21999:-3.343729
sigma3_hotel_seed42,HOTEL:biwi_hotel:334:14340,HOTEL,biwi_hotel,biwi_hotel:334,14340,3,2.615574836730957,5.002139568328857,1.7707695960998535,1.4722241163253784,0.714155912399292,0.8735625743865967,0.25,0.65:1.14;0.69:0.6;0.76:0.06;0.78:-0.53;0.92:-1.14;0.96:-1.74;0.94:-2.25;1.1:-2.94,1.09:-3.51;0.96:-4.09;0.8:-4.61;0.43:-5.08;0.07:-5.43;-0.32:-5.89;-0.8:-6.21;-1.12:-6.46;-1.68:-6.91;-2.09:-7.25;-2.43:-7.62;-2.77:-8.08,1.303187:-3.595192;1.482425:-4.303796;1.524678:-4.992839;1.801577:-5.511894;1.899849:-6.082076;1.981017:-6.625493;1.889288:-7.012528;2.041401:-7.488773;2.034014:-7.763766;2.127675:-8.280264;2.163679:-8.571815;2.160713:-8.9223
sigma3_hotel_seed42,HOTEL:biwi_hotel:344:14950,HOTEL,biwi_hotel,biwi_hotel:344,14950,3,1.3899506330490112,2.5634543895721436,1.1338540315628052,1.0209782123565674,0.5736634135246277,0.6677053570747375,0.0,1.66:4.05;1.71:3.59;1.71:3.17;1.71:2.82;1.72:2.43;1.75:1.98;1.72:1.65;1.83:1.21,1.73:0.75;1.7:0.35;1.71:-0.1;1.54:-0.5;1.42:-0.87;1.3:-1.34;1.15:-1.8;1.06:-2.25;0.99:-2.74;0.86:-3.23;0.96:-3.67;0.93:-4.12,1.981167:0.8217691;2.109276:0.4147353;2.178066:0.0139389;2.35868:-0.3183362;2.451105:-0.644733;2.524851:-0.9741225;2.510901:-1.205001;2.623894:-1.493174;2.646167:-1.680587;2.688269:-1.945128;2.753592:-2.131598;2.756229:-2.321059
sigma3_hotel_seed42,HOTEL:biwi_hotel:344:14960,HOTEL,biwi_hotel,biwi_hotel:344,14960,3,1.0726256370544434,2.4773354530334473,1.1768602132797241,1.0238476991653442,0.7267040014266968,1.0184741020202637,0.0,1.71:3.59;1.71:3.17;1.71:2.82;1.72:2.43;1.75:1.98;1.72:1.65;1.83:1.21;1.73:0.75,1.7:0.35;1.71:-0.1;1.54:-0.5;1.42:-0.87;1.3:-1.34;1.15:-1.8;1.06:-2.25;0.99:-2.74;0.86:-3.23;0.96:-3.67;0.93:-4.12;0.95:-4.57,1.525413:0.3074448;1.314168:-0.1495196;1.073648:-0.5700306;0.9463598:-0.938484;0.7066429:-1.309133;0.4343475:-1.654656;0.1495084:-1.875437;-0.05717838:-2.237698;-0.3542342:-2.423206;-0.5758185:-2.6958;-0.8242698:-2.932371;-1.089565:-3.163812
sigma3_hotel_seed42,HOTEL:biwi_hotel:345:14960,HOTEL,biwi_hotel,biwi_hotel:345,14960,3,2.1705539226531982,4.18543815612793,1.7813267707824707,1.6900503635406494,0.20239117741584778,0.2079840749502182,0.0,2.07:-10.06;2.1:-9.44;2.19:-8.79;2.28:-8.12;2.36:-7.43;2.46:-6.76;2.54:-6.07;2.6:-5.36,2.72:-4.66;2.8:-3.98;2.95:-3.31;3.06:-2.67;3.16:-1.96;3.29:-1.34;3.37:-0.67;3.41:-0.01;3.48:0.64;3.57:1.32;3.56:1.99;3.55:2.58,2.631393:-4.822412;2.638171:-4.436065;2.511447:-4.113133;2.555725:-3.721884;2.558485:-3.389668;2.519519:-3.125302;2.261053:-2.914814;2.469343:-2.517318;2.394104:-2.189291;2.208773:-1.993351;2.374348:-1.64221;2.359276:-1.432489
sigma3_hotel_seed42,HOTEL:biwi_hotel:344:14970,HOTEL,biwi_hotel,biwi_hotel:344,14970,3,0.9985756874084473,2.3676533699035645,1.0028085708618164,1.017106056213379,0.7498242855072021,1.1576749086380005,0.0,1.71:3.17;1.71:2.82;1.72:2.43;1.75:1.98;1.72:1.65;1.83:1.21;1.73:0.75;1.7:0.35,1.71:-0.1;1.54:-0.5;1.42:-0.87;1.3:-1.34;1.15:-1.8;1.06:-2.25;0.99:-2.74;0.86:-3.23;0.96:-3.67;0.93:-4.12;0.95:-4.57;0.72:-5.12,1.658072:0.00180316;1.606462:-0.3569746;1.515901:-0.6993183;1.520664:-0.9988527;1.437266:-1.283368;1.340996:-1.572991;1.197098:-1.762842;1.129766:-2.028136;0.996143:-2.189659;0.8982071:-2.407727;0.8033975:-2.582328;0.6714203:-2.752845
sigma3_hotel_seed42,HOTEL:biwi_hotel:344:14980,HOTEL,biwi_hotel,biwi_hotel:344,14980,3,0.7290713787078857,1.8535654544830322,1.1252777576446533,1.0528600215911865,0.7735744714736938,1.2291179895401,0.0,1.71:2.82;1.72:2.43;1.75:1.98;1.72:1.65;1.83:1.21;1.73:0.75;1.7:0.35;1.71:-0.1,1.54:-0.5;1.42:-0.87;1.3:-1.34;1.15:-1.8;1.06:-2.25;0.99:-2.74;0.86:-3.23;0.96:-3.67;0.93:-4.12;0.95:-4.57;0.72:-5.12;0.76:-5.49,1.62266:-0.5095577;1.52481:-0.9284478;1.401874:-1.316299;1.369551:-1.665565;1.246282:-2.004148;1.093314:-2.326779;0.9189823:-2.540896;0.8182799:-2.87008;0.6378819:-3.056889;0.5003201:-3.298485;0.3655307:-3.518313;0.1909328:-3.725951
sigma3_hotel_seed42,HOTEL:biwi_hotel:344:14990,HOTEL,biwi_hotel,biwi_hotel:344,14990,3,1.8580557107925415,3.9496870040893555,1.0865657329559326,1.0687521696090698,0.9022930860519409,1.612274408340454,0.0,1.72:2.43;1.75:1.98;1.72:1.65;1.83:1.21;1.73:0.75;1.7:0.35;1.71:-0.1;1.54:-0.5,1.42:-0.87;1.3:-1.34;1.15:-1.8;1.06:-2.25;0.99:-2.74;0.86:-3.23;0.96:-3.67;0.93:-4.12;0.95:-4.57;0.72:-5.12;0.76:-5.49;0.74:-6.03,1.237393:-0.8312725;0.9356729:-1.172396;0.6150303:-1.482769;0.3892887:-1.76697;0.06396413:-2.036448;-0.2807778:-2.303916;-0.6216564:-2.460447;-0.9233603:-2.732509;-1.285483:-2.867275;-1.57635:-3.062446;-1.893318:-3.240248;-2.214387:-3.408622
sigma3_hotel_seed42,HOTEL:biwi_hotel:344:15000,HOTEL,biwi_hotel,biwi_hotel:344,15000,3,1.7238430976867676,3.6642978191375732,0.9724324941635132,1.046600103378296,0.8232778906822205,1.5432963371276855,0.0,1.75:1.98;1.72:1.65;1.83:1.21;1.73:0.75;1.7:0.35;1.71:-0.1;1.54:-0.5;1.42:-0.87,1.3:-1.34;1.15:-1.8;1.06:-2.25;0.99:-2.74;0.86:-3.23;0.96:-3.67;0.93:-4.12;0.95:-4.57;0.72:-5.12;0.76:-5.49;0.74:-6.03;0.85:-6.48,1.238427:-1.150658;1.045399:-1.429586;0.8366722:-1.697058;0.7022719:-1.943556;0.4979309:-2.163226;0.2848053:-2.394376;0.05204833:-2.537223;-0.1458818:-2.751771;-0.3825836:-2.886846;-0.576848:-3.049244;-0.785411:-3.195949;-1.003269:-3.318913
sigma3_hotel_seed42,HOTEL:biwi_hotel:356:15820,HOTEL,biwi_hotel,biwi_hotel:356,15820,3,0.04750634357333183,0.2113393247127533,0.0,0.019543342292308807,0.05336568504571915,1.1071487665176392,0.0,0.54:0.01;0.52:-0.03;0.51:-0.03;0.51:-0.03;0.51:-0.03;0.51:-0.03;0.51:-0.03;0.51:-0.03,0.51:-0.03;0.51:-0.03;0.53:-0.07;0.53:-0.08;0.5:-0.04;0.53:-0.02;0.53:-0.07;0.53:-0.08;0.53:-0.02;0.53:-0.05;0.46:-0.03;0.47:0.14,0.5030746:-0.0326881;0.5065215:-0.03685853;0.5029137:-0.03517023;0.4958374:-0.0367204;0.4925529:-0.03201511;0.4990233:-0.02866398;0.5038841:-0.03722221;0.5083914:-0.03445861;0.5135976:-0.04798881;0.5171523:-0.04327356;0.5194075:-0.04778657;0.5405847:-0.05920368
sigma3_hotel_seed42,HOTEL:biwi_hotel:356:15830,HOTEL,biwi_hotel,biwi_hotel:356,15830,3,0.06822925060987473,0.2753843069076538,0.0,0.0035714285913854837,0.010416666977107525,0.0,0.0,0.52:-0.03;0.51:-0.03;0.51:-0.03;0.51:-0.03;0.51:-0.03;0.51:-0.03;0.51:-0.03;0.51:-0.03,0.51:-0.03;0.53:-0.07;0.53:-0.08;0.5:-0.04;0.53:-0.02;0.53:-0.07;0.53:-0.08;0.53:-0.02;0.53:-0.05;0.46:-0.03;0.47:0.14;0.47:0.24,0.5066004:-0.02991216;0.5073605:-0.02934691;0.5038077:-0.03011926;0.4975787:-0.02900723;0.4966276:-0.0226176;0.5031396:-0.02087914;0.5055569:-0.02035127;0.507539:-0.01871367;0.5125133:-0.02826659;0.5128106:-0.02124942;0.5183847:-0.0208738;0.533972:-0.02785089
sigma3_hotel_seed42,HOTEL:biwi_hotel:356:15840,HOTEL,biwi_hotel,biwi_hotel:356,15840,3,0.10580861568450928,0.26839014887809753,0.0,0.0,0.0,0.0,0.0,0.51:-0.03;0.51:-0.03;0.51:-0.03;0.51:-0.03;0.51:-0.03;0.51:-0.03;0.51:-0.03;0.51:-0.03,0.53:-0.07;0.53:-0.08;0.5:-0.04;0.53:-0.02;0.53:-0.07;0.53:-0.08;0.53:-0.02;0.53:-0.05;0.46:-0.03;0.47:0.14;0.47:0.24;0.47:0.18,0.4992448:-0.03380591;0.4953866:-0.04133888;0.4868704:-0.04243132;0.4748533:-0.04329362;0.4697842:-0.04587171;0.4659181:-0.03937294;0.465316:-0.05231568;0.4744209:-0.05416876;0.4750257:-0.06527766;0.4752399:-0.06659334;0.4742109:-0.07488814;0.4907741:-0.08758497
sigma3_hotel_seed42,HOTEL:biwi_hotel:356:15850,HOTEL,biwi_hotel,biwi_hotel:356,15850,3,0.38714078068733215,0.6842772364616394,0.11180339753627777,0.015971913933753967,0.04658474773168564,0.0,0.0,0.51:-0.03;0.51:-0.03;0.51:-0.03;0.51:-0.03;0.51:-0.03;0.51:-0.03;0.51:-0.03;0.53:-0.07,0.53:-0.08;0.5:-0.04;0.53:-0.02;0.53:-0.07;0.53:-0.08;0.53:-0.02;0.53:-0.05;0.46:-0.03;0.47:0.14;0.47:0.24;0.47:0.18;0.47:0.16,0.5760236:-0.1081303;0.6168105:-0.1270958;0.6427431:-0.1725244;0.6703706:-0.1961186;0.7062882:-0.228179;0.7556055:-0.2572909;0.7786661:-0.3021442;0.795103:-0.3044759;0.8461239:-0.3319978;0.8769703:-0.3699381;0.8882589:-0.3832956;0.8828081:-0.3857332
sigma3_hotel_seed42,HOTEL:biwi_hotel:356:15860,HOTEL,biwi_hotel,biwi_hotel:356,15860,3,0.18073607981204987,0.2862296998500824,0.02500000037252903,0.019543342292308807,0.08414257317781448,0.46364760398864746,0.0,0.51:-0.03;0.51:-0.03;0.51:-0.03;0.51:-0.03;0.51:-0.03;0.51:-0.03;0.53:-0.07;0.53:-0.08,0.5:-0.04;0.53:-0.02;0.53:-0.07;0.53:-0.08;0.53:-0.02;0.53:-0.05;0.46:-0.03;0.47:0.14;0.47:0.24;0.47:0.18;0.47:0.16;0.47:0.12,0.5129508:-0.08392277;0.4977544:-0.09354122;0.4789421:-0.1022307;0.4555015:-0.1013611;0.4441128:-0.1090905;0.425887:-0.1045967;0.4147412:-0.1160683;0.4183503:-0.1232895;0.4101293:-0.1288615;0.3980355:-0.1368939;0.3921872:-0.1432982;0.3931154:-0.1557104
sigma3_hotel_seed42,HOTEL:biwi_hotel:356:15870,HOTEL,biwi_hotel,biwi_hotel:356,15870,3,0.34817636013031006,0.6021409630775452,0.125,0.03740048408508301,0.14488165080547333,2.9617390632629395,0.0,0.51:-0.03;0.51:-0.03;0.51:-0.03;0.51:-0.03;0.51:-0.03;0.53:-0.07;0.53:-0.08;0.5:-0.04,0.53:-0.02;0.53:-0.07;0.53:-0.08;0.53:-0.02;0.53:-0.05;0.46:-0.03;0.47:0.14;0.47:0.24;0.47:0.18;0.47:0.16;0.47:0.12;0.46:0.08,0.4523896:-0.03478191;0.3978748:-0.02164733;0.3481589:-0.02545716;0.2855674:-0.01515003;0.2421857:-0.02622029;0.187051:-0.01033932;0.1233566:-0.02451608;0.09761691:-0.01702808;0.05615106:-0.01495679;-0.0187062:-0.0104016;-0.06186962:-0.01317811;-0.1363397:-0.00338278
sigma3_hotel_seed42,HOTEL:biwi_hotel:356:15880,HOTEL,biwi_hotel,biwi_hotel:356,15880,3,0.19626133143901825,0.3121671676635742,0.09013878554105759,0.050277452915906906,0.21076244115829468,4.588034152984619,0.0,0.51:-0.03;0.51:-0.03;0.51:-0.03;0.51:-0.03;0.53:-0.07;0.53:-0.08;0.5:-0.04;0.53:-0.02,0.53:-0.07;0.53:-0.08;0.53:-0.02;0.53:-0.05;0.46:-0.03;0.47:0.14;0.47:0.24;0.47:0.18;0.47:0.16;0.47:0.12;0.46:0.08;0.51:0.01,0.5454118:0.001729438;0.5645234:0.02501069;0.5842099:0.0501122;0.592663:0.08229849;0.6157045:0.08569804;0.6355957:0.1298355;0.642405:0.1162504;0.6948085:0.1453017;0.7216527:0.1503016;0.7375324:0.1580633;0.7514868:0.1605058;0.7795808:0.1673992
sigma3_hotel_seed42,HOTEL:biwi_hotel:356:15890,HOTEL,biwi_hotel,biwi_hotel:356,15890,3,0.5163409113883972,0.7501519918441772,0.125,0.0681345984339714,0.29009342193603516,6.746832847595215,0.0,0.51:-0.03;0.51:-0.03;0.51:-0.03;0.53:-0.07;0.53:-0.08;0.5:-0.04;0.53:-0.02;0.53:-0.07,0.53:-0.08;0.53:-0.02;0.53:-0.05;0.46:-0.03;0.47:0.14;0.47:0.24;0.47:0.18;0.47:0.16;0.47:0.12;0.46:0.08;0.51:0.01;0.52:0.01,0.5164512:-0.1379325;0.5013916:-0.1952959;0.481978:-0.2543263;0.4638494:-0.3272647;0.4430978:-0.3778901;0.4229909:-0.4385237;0.3987077:-0.4967164;0.3642272:-0.5367571;0.3489857:-0.5826109;0.3032288:-0.6092812;0.2827986:-0.6498442;0.2114931:-0.6737774
sigma3_hotel_seed42,HOTEL:biwi_hotel:356:15900,HOTEL,biwi_hotel,biwi_hotel:356,15900,3,0.35398587584495544,0.537144124507904,0.02500000037252903,0.07170602679252625,0.33176007866859436,6.746832847595215,0.0,0.51:-0.03;0.51:-0.03;0.53:-0.07;0.53:-0.08;0.5:-0.04;0.53:-0.02;0.53:-0.07;0.53:-0.08,0.53:-0.02;0.53:-0.05;0.46:-0.03;0.47:0.14;0.47:0.24;0.47:0.18;0.47:0.16;0.47:0.12;0.46:0.08;0.51:0.01;0.52:0.01;0.52:0.01,0.4938219:-0.1068811;0.4591694:-0.12898;0.4231334:-0.1436368;0.3853466:-0.1656998;0.3518295:-0.1939104;0.3183046:-0.1986738;0.2718596:-0.2417275;0.2502871:-0.2448162;0.2253989:-0.2665226;0.1838815:-0.2805231;0.1459552:-0.302088;0.09186965:-0.3143891
sigma3_hotel_seed42,HOTEL:biwi_hotel:358:15900,HOTEL,biwi_hotel,biwi_hotel:358,15900,3,1.8190850019454956,3.4857897758483887,1.3520817756652832,1.4407005310058594,1.0816694498062134,1.3283413648605347,0.875,2.7:-10.16;2.6:-9.58;2.68:-9.04;2.61:-8.45;2.58:-7.92;2.63:-7.2;2.52:-6.7;2.55:-6.16,2.54:-5.6;2.41:-5.03;2.48:-4.47;2.53:-3.85;2.53:-3.27;2.67:-2.75;2.76:-2.24;2.78:-1.71;2.87:-1.2;2.92:-0.65;2.9:-0.15;3.02:0.35,2.586173:-5.739515;2.594563:-5.423376;2.512591:-5.194859;2.558541:-4.88693;2.564351:-4.628392;2.524754:-4.436011;2.349606:-4.244371;2.50529:-3.960061;2.434704:-3.693859;2.293021:-3.533923;2.42073:-3.265534;2.418993:-3.083587
sigma3_hotel_seed42,HOTEL:biwi_hotel:356:15910,HOTEL,biwi_hotel,biwi_hotel:356,15910,3,0.1754636913537979,0.3811626136302948,0.15000000596046448,0.09313459694385529,0.3580920100212097,9.888425827026367,0.0,0.51:-0.03;0.53:-0.07;0.53:-0.08;0.5:-0.04;0.53:-0.02;0.53:-0.07;0.53:-0.08;0.53:-0.02,0.53:-0.05;0.46:-0.03;0.47:0.14;0.47:0.24;0.47:0.18;0.47:0.16;0.47:0.12;0.46:0.08;0.51:0.01;0.52:0.01;0.52:0.01;0.52:0.01,0.527886:0.02479346;0.5270869:0.08210614;0.532882:0.1127859;0.5257978:0.1535365;0.5181939:0.1791739;0.5063626:0.2113449;0.5033354:0.2250111;0.4978841:0.2646773;0.4912063:0.2953283;0.4713767:0.3211288;0.459689:0.3413984;0.4306831:0.3805501
sigma3_hotel_seed42,HOTEL:biwi_hotel:358:15910,HOTEL,biwi_hotel,biwi_hotel:358,15910,3,1.7807403802871704,3.3979108333587646,1.4002232551574707,1.4305332899093628,0.9361803531646729,1.0838814973831177,1.0,2.6:-9.58;2.68:-9.04;2.61:-8.45;2.58:-7.92;2.63:-7.2;2.52:-6.7;2.55:-6.16;2.54:-5.6,2.41:-5.03;2.48:-4.47;2.53:-3.85;2.53:-3.27;2.67:-2.75;2.76:-2.24;2.78:-1.71;2.87:-1.2;2.92:-0.65;2.9:-0.15;3.02:0.35;3.06:0.82,2.52019:-5.152037;2.461507:-4.815344;2.319356:-4.564875;2.310692:-4.247896;2.267636:-3.967701;2.167629:-3.763328;1.941234:-3.55768;2.051368:-3.260722;1.929503:-2.983862;1.735117:-2.806504;1.828897:-2.526984;1.783104:-2.328863
sigma3_hotel_seed42,HOTEL:biwi_hotel:359:15910,HOTEL,biwi_hotel,biwi_hotel:359,15910,3,1.8461381196975708,3.6041157245635986,1.262190580368042,1.3767096996307373,0.9464428424835205,1.124163031578064,1.0,3.58:-9.8;3.53:-9.32;3.6:-8.73;3.54:-8.17;3.45:-7.57;3.53:-7.1;3.44:-6.48;3.37:-5.98,3.39:-5.42;3.32:-4.85;3.29:-4.35;3.35:-3.74;3.31:-3.14;3.36:-2.59;3.41:-2.03;3.36:-1.53;3.45:-1.04;3.51:-0.52;3.49:0.01;3.64:0.51,3.317794:-5.547086;3.224966:-5.219429;3.063479:-4.978233;3.027465:-4.679255;2.954307:-4.407353;2.815268:-4.215791;2.585839:-4.008891;2.654322:-3.736129;2.501285:-3.464841;2.289691:-3.287561;2.352488:-3.025548;2.282319:-2.828615
sigma3_hotel_seed42,HOTEL:biwi_hotel:356:15920,HOTEL,biwi_hotel,biwi_hotel:356,15920,3,0.30855926871299744,0.3514341413974762,0.07500000298023224,0.08787696808576584,0.4142841696739197,12.566370964050293,0.0,0.53:-0.07;0.53:-0.08;0.5:-0.04;0.53:-0.02;0.53:-0.07;0.53:-0.08;0.53:-0.02;0.53:-0.05,0.46:-0.03;0.47:0.14;0.47:0.24;0.47:0.18;0.47:0.16;0.47:0.12;0.46:0.08;0.51:0.01;0.52:0.01;0.52:0.01;0.52:0.01;0.52:0.01,0.5345106:-0.08215709;0.5355836:-0.09947309;0.5305015:-0.1351716;0.5260887:-0.1637573;0.5211283:-0.191653;0.5205178:-0.2214805;0.5122945:-0.2604744;0.4910847:-0.2666766;0.4958596:-0.2857552;0.4834693:-0.3113866;0.4657542:-0.3268409;0.4180892:-0.3263334
sigma3_hotel_seed42,HOTEL:biwi_hotel:356:15930,HOTEL,biwi_hotel,biwi_hotel:356,15930,3,0.31607237458229065,0.47906970977783203,0.18200275301933289,0.11030593514442444,0.44315263628959656,11.917374610900879,0.0,0.53:-0.08;0.5:-0.04;0.53:-0.02;0.53:-0.07;0.53:-0.08;0.53:-0.02;0.53:-0.05;0.46:-0.03,0.47:0.14;0.47:0.24;0.47:0.18;0.47:0.16;0.47:0.12;0.46:0.08;0.51:0.01;0.52:0.01;0.52:0.01;0.52:0.01;0.52:0.01;0.52:0.01,0.4183518:-0.02654566;0.3800704:-0.0257212;0.3453017:-0.01485194;0.2992136:-0.00788795;0.2670448:-0.01584874;0.226235:0.007344449;0.1837311:-0.01225025;0.1772995:-0.004537953;0.1497775:-0.007444067;0.1047965:-0.002360299;0.07746553:-0.01032231;0.04166707:-0.01655954
sigma3_hotel_seed42,HOTEL:biwi_hotel:356:15940,HOTEL,biwi_hotel,biwi_hotel:356,15940,3,0.5806143879890442,0.9950143098831177,0.42573466897010803,0.1532680243253708,0.5543552041053772,11.642333030700684,0.0,0.5:-0.04;0.53:-0.02;0.53:-0.07;0.53:-0.08;0.53:-0.02;0.53:-0.05;0.46:-0.03;0.47:0.14,0.47:0.24;0.47:0.18;0.47:0.16;0.47:0.12;0.46:0.08;0.51:0.01;0.52:0.01;0.52:0.01;0.52:0.01;0.52:0.01;0.52:0.01;0.52:0.01,0.494964:0.2425265;0.5136048:0.3582527;0.5512913:0.4107788;0.5618262:0.4929035;0.5833697:0.5552579;0.5780483:0.6168416;0.5864547:0.6939155;0.6448724:0.7332389;0.6318579:0.7919328;0.5665717:0.889392;0.6088274:0.9285569;0.6140817:1.000556
sigma3_hotel_seed42,HOTEL:biwi_hotel:356:15950,HOTEL,biwi_hotel,biwi_hotel:356,15950,3,0.6307404041290283,1.0339601039886475,0.25,0.1761053502559662,0.5486811995506287,9.542289733886719,0.0,0.53:-0.02;0.53:-0.07;0.53:-0.08;0.53:-0.02;0.53:-0.05;0.46:-0.03;0.47:0.14;0.47:0.24,0.47:0.18;0.47:0.16;0.47:0.12;0.46:0.08;0.51:0.01;0.52:0.01;0.52:0.01;0.52:0.01;0.52:0.01;0.52:0.01;0.52:0.01;0.52:0.01,0.4317584:0.314206;0.3930083:0.3987276;0.381633:0.4530511;0.3428665:0.5004573;0.3044015:0.5490581;0.2420059:0.5942317;0.2100006:0.644259;0.1941909:0.6758703;0.1332896:0.7190339;0.03549004:0.8030511;0.02104342:0.8246595;-0.03705111:0.8810726
sigma3_hotel_seed42,HOTEL:biwi_hotel:361:15950,HOTEL,biwi_hotel,biwi_hotel:361,15950,3,0.04113364964723587,0.06073137745261192,0.0,0.0,0.0,0.0,0.0,-0.89:-6.71;-0.89:-6.71;-0.89:-6.71;-0.89:-6.71;-0.89:-6.71;-0.89:-6.71;-0.89:-6.71;-0.89:-6.71,-0.89:-6.71;-0.89:-6.71;-0.89:-6.71;-0.89:-6.71;-0.89:-6.71;-0.89:-6.71;-0.89:-6.71;-0.89:-6.71;-0.89:-6.71;-0.89:-6.71;-0.89:-6.71;-0.89:-6.71,-0.9007602:-6.713806;-0.9046243:-6.721339;-0.9131466:-6.722435;-0.9251703:-6.7233;-0.9302453:-6.725874;-0.9341156:-6.719381;-0.9347193:-6.732318;-0.9256257:-6.734174;-0.9250265:-6.745284;-0.9248173:-6.746598;-0.9258496:-6.754891;-0.9092892:-6.767587
sigma3_hotel_seed42,HOTEL:biwi_hotel:356:15960,HOTEL,biwi_hotel,biwi_hotel:356,15960,3,0.10632369667291641,0.2508007884025574,0.15000000596046448,0.17967677116394043,0.6736811995506287,12.683882713317871,0.125,0.53:-0.07;0.53:-0.08;0.53:-0.02;0.53:-0.05;0.46:-0.03;0.47:0.14;0.47:0.24;0.47:0.18,0.47:0.16;0.47:0.12;0.46:0.08;0.51:0.01;0.52:0.01;0.52:0.01;0.52:0.01;0.52:0.01;0.52:0.01;0.52:0.01;0.52:0.01;0.43:0.04,0.4854564:0.1365478;0.5013725:0.1058437;0.5076766:0.05959754;0.5137542:0.01615793;0.5186784:-0.01825236;0.528181:-0.06190686;0.5294998:-0.1041555;0.5198165:-0.1245384;0.531756:-0.1520848;0.5146077:-0.1742558;0.5142047:-0.1968379;0.4711689:-0.2073988
sigma3_hotel_seed42,HOTEL:biwi_hotel:361:15960,HOTEL,biwi_hotel,biwi_hotel:361,15960,3,0.041146937757730484,0.06073750555515289,0.0,0.0,0.0,0.0,0.0,-0.89:-6.71;-0.89:-6.71;-0.89:-6.71;-0.89:-6.71;-0.89:-6.71;-0.89:-6.71;-0.89:-6.71;-0.89:-6.71,-0.89:-6.71;-0.89:-6.71;-0.89:-6.71;-0.89:-6.71;-0.89:-6.71;-0.89:-6.71;-0.89:-6.71;-0.89:-6.71;-0.89:-6.71;-0.89:-6.71;-0.89:-6.71;-0.89:-6.71,-0.9007631:-6.713806;-0.904631:-6.721337;-0.9131566:-6.722435;-0.9251837:-6.723299;-0.9302615:-6.725872;-0.9341356:-6.719379;-0.9347412:-6.732315;-0.9256511:-6.734171;-0.9250554:-6.74528;-0.9248488:-6.746595;-0.9258832:-6.754887;-0.9093242:-6.767581
sigma3_hotel_seed42,HOTEL:biwi_hotel:356:15970,HOTEL,biwi_hotel,biwi_hotel:356,15970,3,0.13545836508274078,0.06834559142589569,0.05000000074505806,0.18324820697307587,0.6424311995506287,9.542289733886719,0.375,0.53:-0.08;0.53:-0.02;0.53:-0.05;0.46:-0.03;0.47:0.14;0.47:0.24;0.47:0.18;0.47:0.16,0.47:0.12;0.46:0.08;0.51:0.01;0.52:0.01;0.52:0.01;0.52:0.01;0.52:0.01;0.52:0.01;0.52:0.01;0.52:0.01;0.43:0.04;0.42:0.04,0.4524039:0.1530533;0.4419713:0.1417401;0.4287232:0.1440857;0.41327:0.1413914;0.4025835:0.1277915;0.3879318:0.1404129;0.373086:0.1150283;0.3858878:0.1140929;0.3804363:0.1046001;0.3699528:0.100914;0.3609718:0.08606279;0.3585108:0.06983626
sigma3_hotel_seed42,HOTEL:biwi_hotel:361:15970,HOTEL,biwi_hotel,biwi_hotel:361,15970,3,0.04110553115606308,0.06070947274565697,0.0,0.0,0.0,0.0,0.0,-0.89:-6.71;-0.89:-6.71;-0.89:-6.71;-0.89:-6.71;-0.89:-6.71;-0.89:-6.71;-0.89:-6.71;-0.89:-6.71,-0.89:-6.71;-0.89:-6.71;-0.89:-6.71;-0.89:-6.71;-0.89:-6.71;-0.89:-6.71;-0.89:-6.71;-0.89:-6.71;-0.89:-6.71;-0.89:-6.71;-0.89:-6.71;-0.89:-6.71,-0.9007552:-6.713806;-0.9046134:-6.721339;-0.9131296:-6.722431;-0.9251466:-6.723294;-0.9302158:-6.725872;-0.9340819:-6.719373;-0.934684:-6.732316;-0.9255791:-6.734169;-0.9249743:-6.745278;-0.9247601:-6.746593;-0.9257891:-6.754888;-0.9092259:-6.767585
sigma3_hotel_seed42,HOTEL:biwi_hotel:356:15980,HOTEL,biwi_hotel,biwi_hotel:356,15980,3,0.33454951643943787,0.5530428290367126,0.10000000149011612,0.1761053502559662,0.5695145130157471,6.400696754455566,0.625,0.53:-0.02;0.53:-0.05;0.46:-0.03;0.47:0.14;0.47:0.24;0.47:0.18;0.47:0.16;0.47:0.12,0.46:0.08;0.51:0.01;0.52:0.01;0.52:0.01;0.52:0.01;0.52:0.01;0.52:0.01;0.52:0.01;0.52:0.01;0.43:0.04;0.42:0.04;0.34:0.02,0.4235423:0.08059336;0.3885339:0.04622158;0.3601632:0.02767696;0.3232008:-0.03669066;0.2707199:-0.06031699;0.2150028:-0.1066562;0.1797597:-0.1427187;0.1157058:-0.170292;0.06595302:-0.1960465;-0.02007991:-0.1815102;-0.04985681:-0.2134311;-0.1533772:-0.2298705
sigma3_hotel_seed42,HOTEL:biwi_hotel:361:15980,HOTEL,biwi_hotel,biwi_hotel:361,15980,3,0.04110553115606308,0.06070947274565697,0.0,0.0,0.0,0.0,0.0,-0.89:-6.71;-0.89:-6.71;-0.89:-6.71;-0.89:-6.71;-0.89:-6.71;-0.89:-6.71;-0.89:-6.71;-0.89:-6.71,-0.89:-6.71;-0.89:-6.71;-0.89:-6.71;-0.89:-6.71;-0.89:-6.71;-0.89:-6.71;-0.89:-6.71;-0.89:-6.71;-0.89:-6.71;-0.89:-6.71;-0.89:-6.71;-0.89:-6.71,-0.9007552:-6.713806;-0.9046134:-6.721339;-0.9131296:-6.722431;-0.9251466:-6.723294;-0.9302158:-6.725872;-0.9340819:-6.719373;-0.934684:-6.732316;-0.9255791:-6.734169;-0.9249743:-6.745278;-0.9247601:-6.746593;-0.9257891:-6.754888;-0.9092259:-6.767585
sigma3_hotel_seed42,HOTEL:biwi_hotel:356:15990,HOTEL,biwi_hotel,biwi_hotel:356,15990,3,0.2763861119747162,0.38189324736595154,0.10307764261960983,0.1801164299249649,0.49032363295555115,4.796579837799072,0.875,0.53:-0.05;0.46:-0.03;0.47:0.14;0.47:0.24;0.47:0.18;0.47:0.16;0.47:0.12;0.46:0.08,0.51:0.01;0.52:0.01;0.52:0.01;0.52:0.01;0.52:0.01;0.52:0.01;0.52:0.01;0.52:0.01;0.43:0.04;0.42:0.04;0.34:0.02;0.29:0,0.4216931:0.05779056;0.3882384:0.04501495;0.3576812:0.03373552;0.3234579:0.0009209812;0.2788539:-0.0171458;0.2335387:-0.04144925;0.2011603:-0.07371871;0.1420692:-0.07886517;0.1078417:-0.08880524;0.0548408:-0.0916843;0.01412043:-0.1089605;-0.07524762:-0.1115197
sigma3_hotel_seed42,HOTEL:biwi_hotel:361:15990,HOTEL,biwi_hotel,biwi_hotel:361,15990,3,0.04110553115606308,0.06070947274565697,0.0,0.0,0.0,0.0,0.0,-0.89:-6.71;-0.89:-6.71;-0.89:-6.71;-0.89:-6.71;-0.89:-6.71;-0.89:-6.71;-0.89:-6.71;-0.89:-6.71,-0.89:-6.71;-0.89:-6.71;-0.89:-6.71;-0.89:-6.71;-0.89:-6.71;-0.89:-6.71;-0.89:-6.71;-0.89:-6.71;-0.89:-6.71;-0.89:-6.71;-0.89:-6.71;-0.89:-6.71,-0.9007552:-6.713806;-0.9046134:-6.721339;-0.9131296:-6.722431;-0.9251466:-6.723294;-0.9302158:-6.725872;-0.9340819:-6.719373;-0.934684:-6.732316;-0.9255791:-6.734169;-0.9249743:-6.745278;-0.9247601:-6.746593;-0.9257891:-6.754888;-0.9092259:-6.767585
sigma3_hotel_seed42,HOTEL:biwi_hotel:356:16000,HOTEL,biwi_hotel,biwi_hotel:356,16000,3,0.6517600417137146,1.1749131679534912,0.2150581330060959,0.18483863770961761,0.3831174075603485,4.310555458068848,1.125,0.46:-0.03;0.47:0.14;0.47:0.24;0.47:0.18;0.47:0.16;0.47:0.12;0.46:0.08;0.51:0.01,0.52:0.01;0.52:0.01;0.52:0.01;0.52:0.01;0.52:0.01;0.52:0.01;0.52:0.01;0.43:0.04;0.42:0.04;0.34:0.02;0.29:0;0.31:0.1,0.5961026:-0.06118874;0.6884189:-0.1091922;0.7528494:-0.1795773;0.8234619:-0.2441597;0.8898476:-0.290102;0.9848404:-0.3633226;1.05031:-0.422436;1.073521:-0.4480619;1.162995:-0.4963266;1.213014:-0.536389;1.262133:-0.5633464;1.261289:-0.5895432
sigma3_hotel_seed42,HOTEL:biwi_hotel:361:16000,HOTEL,biwi_hotel,biwi_hotel:361,16000,3,0.04110553115606308,0.06070947274565697,0.0,0.0,0.0,0.0,0.0,-0.89:-6.71;-0.89:-6.71;-0.89:-6.71;-0.89:-6.71;-0.89:-6.71;-0.89:-6.71;-0.89:-6.71;-0.89:-6.71,-0.89:-6.71;-0.89:-6.71;-0.89:-6.71;-0.89:-6.71;-0.89:-6.71;-0.89:-6.71;-0.89:-6.71;-0.89:-6.71;-0.89:-6.71;-0.89:-6.71;-0.89:-6.71;-0.89:-6.71,-0.9007552:-6.713806;-0.9046134:-6.721339;-0.9131296:-6.722431;-0.9251466:-6.723294;-0.9302158:-6.725872;-0.9340819:-6.719373;-0.934684:-6.732316;-0.9255791:-6.734169;-0.9249743:-6.745278;-0.9247601:-6.746593;-0.9257891:-6.754888;-0.9092259:-6.767585
sigma3_hotel_seed42,HOTEL:biwi_hotel:356:16010,HOTEL,biwi_hotel,biwi_hotel:356,16010,3,0.11407389491796494,0.347921222448349,0.02500000037252903,0.1275908201932907,0.393442302942276,5.202346324920654,1.375,0.47:0.14;0.47:0.24;0.47:0.18;0.47:0.16;0.47:0.12;0.46:0.08;0.51:0.01;0.52:0.01,0.52:0.01;0.52:0.01;0.52:0.01;0.52:0.01;0.52:0.01;0.52:0.01;0.43:0.04;0.42:0.04;0.34:0.02;0.29:0;0.31:0.1;0.29:0.23,0.5026504:-0.001131874;0.4924669:-0.01406098;0.4765342:-0.01911098;0.4556628:-0.02614135;0.4437017:-0.03458887;0.4353389:-0.03201726;0.4230396:-0.05285052;0.4234832:-0.05480415;0.4202657:-0.07073095;0.4080918:-0.07477257;0.3995734:-0.08539709;0.3976372:-0.1008525
sigma3_hotel_seed42,HOTEL:biwi_hotel:361:16010,HOTEL,biwi_hotel,biwi_hotel:361,16010,3,0.04110553115606308,0.06070947274565697,0.0,0.0,0.0,0.0,0.0,-0.89:-6.71;-0.89:-6.71;-0.89:-6.71;-0.89:-6.71;-0.89:-6.71;-0.89:-6.71;-0.89:-6.71;-0.89:-6.71,-0.89:-6.71;-0.89:-6.71;-0.89:-6.71;-0.89:-6.71;-0.89:-6.71;-0.89:-6.71;-0.89:-6.71;-0.89:-6.71;-0.89:-6.71;-0.89:-6.71;-0.89:-6.71;-0.89:-6.71,-0.9007552:-6.713806;-0.9046134:-6.721339;-0.9131296:-6.722431;-0.9251466:-6.723294;-0.9302158:-6.725872;-0.9340819:-6.719373;-0.934684:-6.732316;-0.9255791:-6.734169;-0.9249743:-6.745278;-0.9247601:-6.746593;-0.9257891:-6.754888;-0.9092259:-6.767585
sigma3_hotel_seed42,HOTEL:biwi_hotel:362:16010,HOTEL,biwi_hotel,biwi_hotel:362,16010,3,0.95469069480896,2.145622491836548,1.550201654434204,1.4279842376708984,0.397646963596344,0.5900446176528931,2.25,1.69:2.49;1.68:1.97;1.61:1.41;1.65:0.83;1.65:0.27;1.63:-0.28;1.68:-0.88;1.69:-1.5,1.76:-2.07;1.8:-2.67;1.78:-3.26;1.83:-3.81;1.89:-4.36;1.89:-4.93;1.92:-5.64;1.89:-6.26;1.87:-6.86;1.94:-7.47;1.98:-7.95;1.95:-8.6,1.649789:-2.143569;1.588084:-2.825449;1.429614:-3.482104;1.483269:-3.989017;1.362898:-4.545901;1.211355:-5.061273;0.9597844:-5.408416;0.8899082:-5.904787;0.6768063:-6.163217;0.5943704:-6.643117;0.4229646:-6.951028;0.2490287:-7.292181
sigma3_hotel_seed42,HOTEL:biwi_hotel:363:16010,HOTEL,biwi_hotel,biwi_hotel:363,16010,3,1.1500061750411987,2.7209298610687256,1.4826074838638306,1.407652497291565,0.313633531332016,0.4467974603176117,2.25,2.25:2.49;2.3:1.97;2.34:1.4;2.3:0.85;2.25:0.3;2.24:-0.27;2.21:-0.85;2.27:-1.44,2.35:-2;2.38:-2.6;2.47:-3.2;2.48:-3.78;2.47:-4.37;2.47:-4.98;2.42:-5.66;2.4:-6.23;2.47:-6.87;2.49:-7.56;2.57:-8.1;2.58:-8.65,2.245492:-1.984459;2.203471:-2.556858;2.089247:-3.104053;2.139379:-3.544121;2.049512:-4.009464;1.930907:-4.446644;1.735903:-4.741323;1.684817:-5.163548;1.515197:-5.392364;1.435834:-5.7763;1.309793:-6.043532;1.16105:-6.328354
sigma3_hotel_seed42,HOTEL:biwi_hotel:356:16020,HOTEL,biwi_hotel,biwi_hotel:356,16020,3,0.14547158777713776,0.34061869978904724,0.0,0.09187653660774231,0.237192302942276,2.060753583908081,1.625,0.47:0.24;0.47:0.18;0.47:0.16;0.47:0.12;0.46:0.08;0.51:0.01;0.52:0.01;0.52:0.01,0.52:0.01;0.52:0.01;0.52:0.01;0.52:0.01;0.52:0.01;0.43:0.04;0.42:0.04;0.34:0.02;0.29:0;0.31:0.1;0.29:0.23;0.35:0.2,0.5078336:-0.003139326;0.5062187:-0.01816543;0.4984027:-0.01993195;0.4885002:-0.03099744;0.4806531:-0.04067143;0.4782608:-0.03914299;0.4731579:-0.06414402;0.47804:-0.06570397;0.4793294:-0.08279205;0.4752806:-0.0855054;0.4701821:-0.09980078;0.4732136:-0.1175524
sigma3_hotel_seed42,HOTEL:biwi_hotel:361:16020,HOTEL,biwi_hotel,biwi_hotel:361,16020,3,0.04110553115606308,0.06070947274565697,0.0,0.0,0.0,0.0,0.0,-0.89:-6.71;-0.89:-6.71;-0.89:-6.71;-0.89:-6.71;-0.89:-6.71;-0.89:-6.71;-0.89:-6.71;-0.89:-6.71,-0.89:-6.71;-0.89:-6.71;-0.89:-6.71;-0.89:-6.71;-0.89:-6.71;-0.89:-6.71;-0.89:-6.71;-0.89:-6.71;-0.89:-6.71;-0.89:-6.71;-0.89:-6.71;-0.89:-6.71,-0.9007552:-6.713806;-0.9046134:-6.721339;-0.9131296:-6.722431;-0.9251466:-6.723294;-0.9302158:-6.725872;-0.9340819:-6.719373;-0.934684:-6.732316;-0.9255791:-6.734169;-0.9249743:-6.745278;-0.9247601:-6.746593;-0.9257891:-6.754888;-0.9092259:-6.767585
sigma3_hotel_seed42,HOTEL:biwi_hotel:362:16020,HOTEL,biwi_hotel,biwi_hotel:362,16020,3,1.182613492012024,2.828470230102539,1.4357054233551025,1.4473363161087036,0.403888076543808,0.5909855961799622,2.25,1.68:1.97;1.61:1.41;1.65:0.83;1.65:0.27;1.63:-0.28;1.68:-0.88;1.69:-1.5;1.76:-2.07,1.8:-2.67;1.78:-3.26;1.83:-3.81;1.89:-4.36;1.89:-4.93;1.92:-5.64;1.89:-6.26;1.87:-6.86;1.94:-7.47;1.98:-7.95;1.95:-8.6;1.93:-9.25,1.73598:-2.587431;1.694795:-3.129831;1.58368:-3.650661;1.630062:-4.069919;1.542856:-4.50987;1.431668:-4.927423;1.243102:-5.208268;1.190464:-5.605957;1.028243:-5.825912;0.9507362:-6.190288;0.828545:-6.442623;0.6852608:-6.710144
sigma3_hotel_seed42,HOTEL:biwi_hotel:363:16020,HOTEL,biwi_hotel,biwi_hotel:363,16020,3,1.232549786567688,2.860400676727295,1.4142135381698608,1.423112154006958,0.2980765700340271,0.46154946088790894,2.25,2.3:1.97;2.34:1.4;2.3:0.85;2.25:0.3;2.24:-0.27;2.21:-0.85;2.27:-1.44;2.35:-2,2.38:-2.6;2.47:-3.2;2.48:-3.78;2.47:-4.37;2.47:-4.98;2.42:-5.66;2.4:-6.23;2.47:-6.87;2.49:-7.56;2.57:-8.1;2.58:-8.65;2.57:-9.24,2.343111:-2.511885;2.319554:-3.048918;2.230144:-3.561628;2.290447:-3.979813;2.221842:-4.415433;2.125623:-4.828008;1.957719:-5.106826;1.924099:-5.503701;1.779168:-5.723173;1.70997:-6.077171;1.609408:-6.33005;1.47788:-6.596297
sigma3_hotel_seed42,HOTEL:biwi_hotel:356:16030,HOTEL,biwi_hotel,biwi_hotel:356,16030,3,0.22976715862751007,0.6579471826553345,0.0,0.07044796645641327,0.1955256462097168,2.060753583908081,1.875,0.47:0.18;0.47:0.16;0.47:0.12;0.46:0.08;0.51:0.01;0.52:0.01;0.52:0.01;0.52:0.01,0.52:0.01;0.52:0.01;0.52:0.01;0.52:0.01;0.43:0.04;0.42:0.04;0.34:0.02;0.29:0;0.31:0.1;0.29:0.23;0.35:0.2;0.18:0.38,0.5213444:-3.385544e-05;0.5356376:-0.01094141;0.5421159:-0.01089823;0.5449288:-0.02110149;0.5493134:-0.02125532;0.5648982:-0.02303875;0.5799956:-0.04004974;0.5896767:-0.03991253;0.6044359:-0.05859358;0.6160448:-0.0562121;0.6246835:-0.06630395;0.6484779:-0.08197718
sigma3_hotel_seed42,HOTEL:biwi_hotel:361:16030,HOTEL,biwi_hotel,biwi_hotel:361,16030,3,0.04110553115606308,0.06070947274565697,0.0,0.0,0.0,0.0,0.0,-0.89:-6.71;-0.89:-6.71;-0.89:-6.71;-0.89:-6.71;-0.89:-6.71;-0.89:-6.71;-0.89:-6.71;-0.89:-6.71,-0.89:-6.71;-0.89:-6.71;-0.89:-6.71;-0.89:-6.71;-0.89:-6.71;-0.89:-6.71;-0.89:-6.71;-0.89:-6.71;-0.89:-6.71;-0.89:-6.71;-0.89:-6.71;-0.89:-6.71,-0.9007552:-6.713806;-0.9046134:-6.721339;-0.9131296:-6.722431;-0.9251466:-6.723294;-0.9302158:-6.725872;-0.9340819:-6.719373;-0.934684:-6.732316;-0.9255791:-6.734169;-0.9249743:-6.745278;-0.9247601:-6.746593;-0.9257891:-6.754888;-0.9092259:-6.767585
sigma3_hotel_seed42,HOTEL:biwi_hotel:362:16030,HOTEL,biwi_hotel,biwi_hotel:362,16030,3,1.2046198844909668,2.883753538131714,1.5033296346664429,1.4605412483215332,0.33162036538124084,0.453401118516922,2.25,1.61:1.41;1.65:0.83;1.65:0.27;1.63:-0.28;1.68:-0.88;1.69:-1.5;1.76:-2.07;1.8:-2.67,1.78:-3.26;1.83:-3.81;1.89:-4.36;1.89:-4.93;1.92:-5.64;1.89:-6.26;1.87:-6.86;1.94:-7.47;1.98:-7.95;1.95:-8.6;1.93:-9.25;1.94:-9.92,1.740805:-3.212673;1.664368:-3.78129;1.518771:-4.324615;1.537048:-4.761973;1.415221:-5.224586;1.265527:-5.658239;1.044217:-5.948696;0.9602784:-6.370045;0.7615739:-6.597161;0.6586521:-6.978818;0.5009252:-7.2461;0.3284354:-7.528579
sigma3_hotel_seed42,HOTEL:biwi_hotel:363:16030,HOTEL,biwi_hotel,biwi_hotel:363,16030,3,0.5079777836799622,1.4141643047332764,1.5018738508224487,1.433593511581421,0.27887776494026184,0.4108280837535858,2.25,2.34:1.4;2.3:0.85;2.25:0.3;2.24:-0.27;2.21:-0.85;2.27:-1.44;2.35:-2;2.38:-2.6,2.47:-3.2;2.48:-3.78;2.47:-4.37;2.47:-4.98;2.42:-5.66;2.4:-6.23;2.47:-6.87;2.49:-7.56;2.57:-8.1;2.58:-8.65;2.57:-9.24;2.62:-9.88,2.426405:-3.278045;2.447333:-4.001346;2.355325:-4.702208;2.492398:-5.235871;2.446594:-5.825585;2.368963:-6.374681;2.168795:-6.750013;2.175493:-7.266934;2.027034:-7.540578;2.009812:-8.05916;1.904631:-8.377082;1.786883:-8.737294
sigma3_hotel_seed42,HOTEL:biwi_hotel:356:16040,HOTEL,biwi_hotel,biwi_hotel:356,16040,3,0.2086164951324463,0.4715101420879364,0.0,0.06330510973930359,0.174692302942276,2.060753583908081,2.0,0.47:0.16;0.47:0.12;0.46:0.08;0.51:0.01;0.52:0.01;0.52:0.01;0.52:0.01;0.52:0.01,0.52:0.01;0.52:0.01;0.52:0.01;0.43:0.04;0.42:0.04;0.34:0.02;0.29:0;0.31:0.1;0.29:0.23;0.35:0.2;0.18:0.38;0.24:0.32,0.5051535:-0.00300929;0.5011532:-0.01778523;0.491321:-0.02528436;0.4764077:-0.0428876;0.4618863:-0.04553118;0.4526893:-0.05966664;0.4558401:-0.0744522;0.4370329:-0.08207067;0.4326987:-0.09527182;0.4222037:-0.096585;0.4176582:-0.1055915;0.4077219:-0.1206713
sigma3_hotel_seed42,HOTEL:biwi_hotel:361:16040,HOTEL,biwi_hotel,biwi_hotel:361,16040,3,0.04110553115606308,0.06070947274565697,0.0,0.0,0.0,0.0,0.0,-0.89:-6.71;-0.89:-6.71;-0.89:-6.71;-0.89:-6.71;-0.89:-6.71;-0.89:-6.71;-0.89:-6.71;-0.89:-6.71,-0.89:-6.71;-0.89:-6.71;-0.89:-6.71;-0.89:-6.71;-0.89:-6.71;-0.89:-6.71;-0.89:-6.71;-0.89:-6.71;-0.89:-6.71;-0.89:-6.71;-0.89:-6.71;-0.89:-6.71,-0.9007552:-6.713806;-0.9046134:-6.721339;-0.9131296:-6.722431;-0.9251466:-6.723294;-0.9302158:-6.725872;-0.9340819:-6.719373;-0.934684:-6.732316;-0.9255791:-6.734169;-0.9249743:-6.745278;-0.9247601:-6.746593;-0.9257891:-6.754888;-0.9092259:-6.767585
sigma3_hotel_seed42,HOTEL:biwi_hotel:365:16040,HOTEL,biwi_hotel,biwi_hotel:365,16040,3,1.5607014894485474,3.5515694618225098,1.4008926153182983,1.3351647853851318,0.37830862402915955,0.3850070536136627,1.75,1.28:4;1.33:3.54;1.41:2.98;1.54:2.5;1.65:1.96;1.75:1.41;1.8:0.87;1.82:0.31,2.08:-0.3;1.94:-0.93;1.96:-1.55;1.95:-2.17;1.93:-2.78;1.95:-3.42;1.94:-4.05;1.98:-4.71;1.99:-5.37;2.01:-6.01;2.04:-6.69;1.91:-7.47,1.752188:-0.2045859;1.673025:-0.7467888;1.527614:-1.259868;1.537727:-1.678692;1.409788:-2.117315;1.254329:-2.531837;1.035748:-2.806306;0.9464806:-3.209369;0.744662:-3.42203;0.6301829:-3.778246;0.4757166:-4.033039;0.2975274:-4.305576
sigma3_hotel_seed42,HOTEL:biwi_hotel:366:16040,HOTEL,biwi_hotel,biwi_hotel:366,16040,3,0.574178159236908,1.3881605863571167,1.7467827796936035,1.4523183107376099,0.5116938352584839,0.30524230003356934,1.625,0.64:4.11;0.78:3.58;0.83:3.07;0.88:2.46;0.97:1.89;1.06:1.38;1.17:0.79;1.28:0.1,1.22:-0.37;1.25:-0.98;1.27:-1.56;1.25:-2.11;1.22:-2.81;1.19:-3.36;1.18:-4.01;1.16:-4.67;1.18:-5.48;1.23:-5.95;1.24:-6.82;1.25:-7.55,1.381835:-0.5892153;1.456631:-1.328114;1.405671:-2.04902;1.596168:-2.589681;1.597504:-3.191448;1.569957:-3.755091;1.400505:-4.142561;1.456267:-4.66225;1.349993:-4.940041;1.374929:-5.478269;1.312019:-5.794931;1.232413:-6.161951
sigma3_hotel_seed42,HOTEL:biwi_hotel:356:16050,HOTEL,biwi_hotel,biwi_hotel:356,16050,3,0.24863974750041962,0.3650411367416382,0.0,0.04901939630508423,0.1642756462097168,1.8157750368118286,2.0,0.47:0.12;0.46:0.08;0.51:0.01;0.52:0.01;0.52:0.01;0.52:0.01;0.52:0.01;0.52:0.01,0.52:0.01;0.52:0.01;0.43:0.04;0.42:0.04;0.34:0.02;0.29:0;0.31:0.1;0.29:0.23;0.35:0.2;0.18:0.38;0.24:0.32;0.27:0.14,0.515285:0.002354695;0.5230334:-0.005933618;0.5224138:-0.004938385;0.5177789:-0.01161602;0.5166437:-0.009870818;0.5278444:-0.009284386;0.5349279:-0.02324796;0.539871:-0.02119668;0.5499124:-0.03871346;0.5544275:-0.03455146;0.5585902:-0.04190768;0.5772336:-0.05713596
sigma3_hotel_seed42,HOTEL:biwi_hotel:361:16050,HOTEL,biwi_hotel,biwi_hotel:361,16050,3,0.04110553115606308,0.06070947274565697,0.0,0.0,0.0,0.0,0.0,-0.89:-6.71;-0.89:-6.71;-0.89:-6.71;-0.89:-6.71;-0.89:-6.71;-0.89:-6.71;-0.89:-6.71;-0.89:-6.71,-0.89:-6.71;-0.89:-6.71;-0.89:-6.71;-0.89:-6.71;-0.89:-6.71;-0.89:-6.71;-0.89:-6.71;-0.89:-6.71;-0.89:-6.71;-0.89:-6.71;-0.89:-6.71;-0.89:-6.71,-0.9007552:-6.713806;-0.9046134:-6.721339;-0.9131296:-6.722431;-0.9251466:-6.723294;-0.9302158:-6.725872;-0.9340819:-6.719373;-0.934684:-6.732316;-0.9255791:-6.734169;-0.9249743:-6.745278;-0.9247601:-6.746593;-0.9257891:-6.754888;-0.9092259:-6.767585
sigma3_hotel_seed42,HOTEL:biwi_hotel:365:16050,HOTEL,biwi_hotel,biwi_hotel:365,16050,3,1.844189167022705,3.434671640396118,1.6577469110488892,1.4067323207855225,0.5249231457710266,0.7185930609703064,1.875,1.33:3.54;1.41:2.98;1.54:2.5;1.65:1.96;1.75:1.41;1.8:0.87;1.82:0.31;2.08:-0.3,1.94:-0.93;1.96:-1.55;1.95:-2.17;1.93:-2.78;1.95:-3.42;1.94:-4.05;1.98:-4.71;1.99:-5.37;2.01:-6.01;2.04:-6.69;1.91:-7.47;1.95:-8.11,2.390352:-0.8837746;2.686623:-1.524716;2.845653:-2.137731;3.215702:-2.618602;3.415615:-3.116011;3.612082:-3.622131;3.628072:-3.988642;3.865763:-4.389837;3.964246:-4.645494;4.131689:-5.106416;4.281451:-5.353495;4.357821:-5.660639
sigma3_hotel_seed42,HOTEL:biwi_hotel:366:16050,HOTEL,biwi_hotel,biwi_hotel:366,16050,3,2.4233410358428955,5.128381729125977,1.1845357418060303,1.4257595539093018,0.7052702307701111,0.4297797679901123,1.75,0.78:3.58;0.83:3.07;0.88:2.46;0.97:1.89;1.06:1.38;1.17:0.79;1.28:0.1;1.22:-0.37,1.25:-0.98;1.27:-1.56;1.25:-2.11;1.22:-2.81;1.19:-3.36;1.18:-4.01;1.16:-4.67;1.18:-5.48;1.23:-5.95;1.24:-6.82;1.25:-7.55;1.19:-8.18,1.093969:-0.7135415;0.9574322:-1.068613;0.7784853:-1.411235;0.7096422:-1.702287;0.5436862:-1.982693;0.3688725:-2.271157;0.1470245:-2.453818;-0.002387881:-2.713055;-0.2136437:-2.865;-0.365659:-3.09365;-0.5432656:-3.26135;-0.733901:-3.42617
sigma3_hotel_seed42,HOTEL:biwi_hotel:356:16060,HOTEL,biwi_hotel,biwi_hotel:356,16060,3,0.2992737293243408,0.3671262562274933,0.0,0.034294020384550095,0.09439852088689804,0.9505468606948853,2.0,0.46:0.08;0.51:0.01;0.52:0.01;0.52:0.01;0.52:0.01;0.52:0.01;0.52:0.01;0.52:0.01,0.52:0.01;0.43:0.04;0.42:0.04;0.34:0.02;0.29:0;0.31:0.1;0.29:0.23;0.35:0.2;0.18:0.38;0.24:0.32;0.27:0.14;0.33:0.1,0.5223815:0.004562357;0.5364438:-0.003172597;0.5433153:-0.0006449055;0.5452026:-0.004228352;0.5520104:-0.003668388;0.5669318:0.0008450355;0.5820657:-0.01453747;0.598004:-0.01218945;0.6143041:-0.02700054;0.6280805:-0.02575319;0.6383051:-0.03361211;0.6659998:-0.04793867
sigma3_hotel_seed42,HOTEL:biwi_hotel:361:16060,HOTEL,biwi_hotel,biwi_hotel:361,16060,3,0.04110553115606308,0.06070947274565697,0.0,0.0,0.0,0.0,0.0,-0.89:-6.71;-0.89:-6.71;-0.89:-6.71;-0.89:-6.71;-0.89:-6.71;-0.89:-6.71;-0.89:-6.71;-0.89:-6.71,-0.89:-6.71;-0.89:-6.71;-0.89:-6.71;-0.89:-6.71;-0.89:-6.71;-0.89:-6.71;-0.89:-6.71;-0.89:-6.71;-0.89:-6.71;-0.89:-6.71;-0.89:-6.71;-0.89:-6.71,-0.9007552:-6.713806;-0.9046134:-6.721339;-0.9131296:-6.722431;-0.9251466:-6.723294;-0.9302158:-6.725872;-0.9340819:-6.719373;-0.934684:-6.732316;-0.9255791:-6.734169;-0.9249743:-6.745278;-0.9247601:-6.746593;-0.9257891:-6.754888;-0.9092259:-6.767585
sigma3_hotel_seed42,HOTEL:biwi_hotel:365:16060,HOTEL,biwi_hotel,biwi_hotel:365,16060,3,2.2010419368743896,4.575918197631836,1.6134202480316162,1.4351904392242432,0.843839704990387,1.2175822257995605,2.0,1.41:2.98;1.54:2.5;1.65:1.96;1.75:1.41;1.8:0.87;1.82:0.31;2.08:-0.3;1.94:-0.93,1.96:-1.55;1.95:-2.17;1.93:-2.78;1.95:-3.42;1.94:-4.05;1.98:-4.71;1.99:-5.37;2.01:-6.01;2.04:-6.69;1.91:-7.47;1.95:-8.11;1.95:-8.75,1.697752:-1.467853;1.44809:-2.035926;1.130431:-2.570976;0.992596:-2.999801;0.6943805:-3.459014;0.3697089:-3.889051;-0.003761888:-4.161599;-0.2572889:-4.58747;-0.6232493:-4.792907;-0.8577025:-5.177186;-1.179526:-5.442353;-1.487107:-5.729185
sigma3_hotel_seed42,HOTEL:biwi_hotel:366:16060,HOTEL,biwi_hotel,biwi_hotel:366,16060,3,1.4228860139846802,3.488067150115967,1.5268431901931763,1.4608638286590576,0.7744714617729187,0.5899507403373718,1.875,0.83:3.07;0.88:2.46;0.97:1.89;1.06:1.38;1.17:0.79;1.28:0.1;1.22:-0.37;1.25:-0.98,1.27:-1.56;1.25:-2.11;1.22:-2.81;1.19:-3.36;1.18:-4.01;1.16:-4.67;1.18:-5.48;1.23:-5.95;1.24:-6.82;1.25:-7.55;1.19:-8.18;1.15:-8.93,1.167623:-1.52252;1.071608:-2.092172;0.907948:-2.632219;0.9072175:-3.070373;0.7634826:-3.532738;0.5909672:-3.966021;0.3541074:-4.253898;0.249398:-4.678207;0.02997279:-4.902161;-0.09175539:-5.28054;-0.2672668:-5.549322;-0.4585459:-5.834973
sigma3_hotel_seed42,HOTEL:biwi_hotel:356:16070,HOTEL,biwi_hotel,biwi_hotel:356,16070,3,0.2615862786769867,0.37657055258750916,0.0,0.0035714285913854837,0.010416666977107525,0.0,1.875,0.51:0.01;0.52:0.01;0.52:0.01;0.52:0.01;0.52:0.01;0.52:0.01;0.52:0.01;0.52:0.01,0.43:0.04;0.42:0.04;0.34:0.02;0.29:0;0.31:0.1;0.29:0.23;0.35:0.2;0.18:0.38;0.24:0.32;0.27:0.14;0.33:0.1;0.21:0.16,0.5124063:0.008293581;0.5137756:0.003847236;0.5093558:0.004740326;0.5012161:0.004280949;0.4975096:0.008265292;0.5000942:0.01225273;0.505463:0.003763245;0.510456:0.005476603;0.5136527:-0.005924297;0.5183547:-0.004020208;0.5197053:-0.008519711;0.5415192:-0.01860674
sigma3_hotel_seed42,HOTEL:biwi_hotel:361:16070,HOTEL,biwi_hotel,biwi_hotel:361,16070,3,0.04716964066028595,0.1334787756204605,0.0,0.0,0.0,0.0,0.0,-0.89:-6.71;-0.89:-6.71;-0.89:-6.71;-0.89:-6.71;-0.89:-6.71;-0.89:-6.71;-0.89:-6.71;-0.89:-6.71,-0.89:-6.71;-0.89:-6.71;-0.89:-6.71;-0.89:-6.71;-0.89:-6.71;-0.89:-6.71;-0.89:-6.71;-0.89:-6.71;-0.89:-6.71;-0.89:-6.71;-0.89:-6.71;-0.87:-6.64,-0.9007552:-6.713806;-0.9046134:-6.721339;-0.9131296:-6.722431;-0.9251466:-6.723294;-0.9302158:-6.725872;-0.9340819:-6.719373;-0.934684:-6.732316;-0.9255791:-6.734169;-0.9249743:-6.745278;-0.9247601:-6.746593;-0.9257891:-6.754888;-0.9092259:-6.767585
sigma3_hotel_seed42,HOTEL:biwi_hotel:365:16070,HOTEL,biwi_hotel,biwi_hotel:365,16070,3,0.9398024678230286,2.5359482765197754,1.5508062839508057,1.479129672050476,0.9449507594108582,1.4049639701843262,2.0,1.54:2.5;1.65:1.96;1.75:1.41;1.8:0.87;1.82:0.31;2.08:-0.3;1.94:-0.93;1.96:-1.55,1.95:-2.17;1.93:-2.78;1.95:-3.42;1.94:-4.05;1.98:-4.71;1.99:-5.37;2.01:-6.01;2.04:-6.69;1.91:-7.47;1.95:-8.11;1.95:-8.75;1.88:-9.46,1.942702:-2.173921;1.905608:-2.834627;1.775354:-3.469313;1.846239:-3.964215;1.750274:-4.502385;1.624332:-5.003583;1.40138:-5.342206;1.352259:-5.822651;1.165739:-6.076295;1.097953:-6.536525;0.9539776:-6.835703;0.7984021:-7.166274
sigma3_hotel_seed42,HOTEL:biwi_hotel:366:16070,HOTEL,biwi_hotel,biwi_hotel:366,16070,3,1.1772674322128296,3.086226224899292,1.4508618116378784,1.4495420455932617,0.7484862804412842,0.5298048853874207,2.0,0.88:2.46;0.97:1.89;1.06:1.38;1.17:0.79;1.28:0.1;1.22:-0.37;1.25:-0.98;1.27:-1.56,1.25:-2.11;1.22:-2.81;1.19:-3.36;1.18:-4.01;1.16:-4.67;1.18:-5.48;1.23:-5.95;1.24:-6.82;1.25:-7.55;1.19:-8.18;1.15:-8.93;1.24:-9.59,1.231143:-2.142275;1.173209:-2.756847;1.030849:-3.34829;1.075924:-3.811644;0.9651593:-4.312636;0.8266525:-4.780219;0.5984254:-5.094222;0.5322757:-5.543462;0.3370969:-5.781837;0.2517586:-6.206252;0.0981977:-6.487081;-0.06538033:-6.793436
sigma3_hotel_seed42,HOTEL:biwi_hotel:356:16080,HOTEL,biwi_hotel,biwi_hotel:356,16080,3,0.30281969904899597,0.582524836063385,0.23717083036899567,0.033881545066833496,0.09882117807865143,0.0,1.625,0.52:0.01;0.52:0.01;0.52:0.01;0.52:0.01;0.52:0.01;0.52:0.01;0.52:0.01;0.43:0.04,0.42:0.04;0.34:0.02;0.29:0;0.31:0.1;0.29:0.23;0.35:0.2;0.18:0.38;0.24:0.32;0.27:0.14;0.33:0.1;0.21:0.16;0.23:0.15,0.3685829:0.05511522;0.2996151:0.07643808;0.2418183:0.08123466;0.1690698:0.09570478;0.1130531:0.09153356;0.03891012:0.1131861;-0.03452063:0.1080448;-0.06707865:0.1159861;-0.1276681:0.1243594;-0.2199993:0.1409451;-0.2702205:0.1392936;-0.3524953:0.1558681
sigma3_hotel_seed42,HOTEL:biwi_hotel:361:16080,HOTEL,biwi_hotel,biwi_hotel:361,16080,3,0.053627219051122665,0.140661358833313,0.0,0.0,0.0,0.0,0.0,-0.89:-6.71;-0.89:-6.71;-0.89:-6.71;-0.89:-6.71;-0.89:-6.71;-0.89:-6.71;-0.89:-6.71;-0.89:-6.71,-0.89:-6.71;-0.89:-6.71;-0.89:-6.71;-0.89:-6.71;-0.89:-6.71;-0.89:-6.71;-0.89:-6.71;-0.89:-6.71;-0.89:-6.71;-0.89:-6.71;-0.87:-6.64;-0.85:-6.64,-0.9007552:-6.713806;-0.9046134:-6.721339;-0.9131296:-6.722431;-0.9251466:-6.723294;-0.9302158:-6.725872;-0.9340819:-6.719373;-0.934684:-6.732316;-0.9255791:-6.734169;-0.9249743:-6.745278;-0.9247601:-6.746593;-0.9257891:-6.754888;-0.9092259:-6.767585
sigma3_hotel_seed42,HOTEL:biwi_hotel:356:16090,HOTEL,biwi_hotel,biwi_hotel:356,16090,3,0.16851718723773956,0.2173553705215454,0.02500000037252903,0.037452973425388336,0.18782120943069458,0.32175055146217346,1.375,0.52:0.01;0.52:0.01;0.52:0.01;0.52:0.01;0.52:0.01;0.52:0.01;0.43:0.04;0.42:0.04,0.34:0.02;0.29:0;0.31:0.1;0.29:0.23;0.35:0.2;0.18:0.38;0.24:0.32;0.27:0.14;0.33:0.1;0.21:0.16;0.23:0.15;0.22:0.19,0.3854275:0.04214987;0.3498999:0.04117032;0.3160253:0.04155999;0.2707383:0.04989728;0.2451681:0.04328457;0.2103846:0.06063785;0.1752165:0.04738571;0.1705415:0.04994781;0.1485674:0.04607074;0.1119664:0.04439994;0.09086022:0.04031776;0.06769955:0.03492606
sigma3_hotel_seed42,HOTEL:biwi_hotel:361:16090,HOTEL,biwi_hotel,biwi_hotel:361,16090,3,0.052868377417325974,0.05227246880531311,0.0,0.0,0.0,0.0,0.0,-0.89:-6.71;-0.89:-6.71;-0.89:-6.71;-0.89:-6.71;-0.89:-6.71;-0.89:-6.71;-0.89:-6.71;-0.89:-6.71,-0.89:-6.71;-0.89:-6.71;-0.89:-6.71;-0.89:-6.71;-0.89:-6.71;-0.89:-6.71;-0.89:-6.71;-0.89:-6.71;-0.89:-6.71;-0.87:-6.64;-0.85:-6.64;-0.86:-6.75,-0.9007552:-6.713806;-0.9046134:-6.721339;-0.9131296:-6.722431;-0.9251466:-6.723294;-0.9302158:-6.725872;-0.9340819:-6.719373;-0.934684:-6.732316;-0.9255791:-6.734169;-0.9249743:-6.745278;-0.9247601:-6.746593;-0.9257891:-6.754888;-0.9092259:-6.767585
sigma3_hotel_seed42,HOTEL:biwi_hotel:356:16100,HOTEL,biwi_hotel,biwi_hotel:356,16100,3,0.446234792470932,0.6889640092849731,0.20615528523921967,0.0669037327170372,0.2636556923389435,0.5667291879653931,1.125,0.52:0.01;0.52:0.01;0.52:0.01;0.52:0.01;0.52:0.01;0.43:0.04;0.42:0.04;0.34:0.02,0.29:0;0.31:0.1;0.29:0.23;0.35:0.2;0.18:0.38;0.24:0.32;0.27:0.14;0.33:0.1;0.21:0.16;0.23:0.15;0.22:0.19;0.22:0.14,0.291621:-0.01934331;0.240358:-0.04979965;0.1914831:-0.07569213;0.1302797:-0.1121121;0.08366349:-0.1432945;0.03918937:-0.1618934;-0.02556363:-0.211067;-0.07162538:-0.2155424;-0.1083973:-0.2489631;-0.1796012:-0.2647891;-0.2279492:-0.2855712;-0.3154682:-0.2935265
sigma3_hotel_seed42,HOTEL:biwi_hotel:361:16100,HOTEL,biwi_hotel,biwi_hotel:361,16100,3,0.05578550323843956,0.07949109375476837,0.0,0.0,0.0,0.0,0.0,-0.89:-6.71;-0.89:-6.71;-0.89:-6.71;-0.89:-6.71;-0.89:-6.71;-0.89:-6.71;-0.89:-6.71;-0.89:-6.71,-0.89:-6.71;-0.89:-6.71;-0.89:-6.71;-0.89:-6.71;-0.89:-6.71;-0.89:-6.71;-0.89:-6.71;-0.89:-6.71;-0.87:-6.64;-0.85:-6.64;-0.86:-6.75;-0.86:-6.83,-0.9007552:-6.713806;-0.9046134:-6.721339;-0.9131296:-6.722431;-0.9251466:-6.723294;-0.9302158:-6.725872;-0.9340819:-6.719373;-0.934684:-6.732316;-0.9255791:-6.734169;-0.9249743:-6.745278;-0.9247601:-6.746593;-0.9257891:-6.754888;-0.9092259:-6.767585
sigma3_hotel_seed42,HOTEL:biwi_hotel:356:16110,HOTEL,biwi_hotel,biwi_hotel:356,16110,3,0.4967881739139557,0.7677041292190552,0.13462911546230316,0.08613646030426025,0.2949056923389435,0.7022569179534912,1.0,0.52:0.01;0.52:0.01;0.52:0.01;0.52:0.01;0.43:0.04;0.42:0.04;0.34:0.02;0.29:0,0.31:0.1;0.29:0.23;0.35:0.2;0.18:0.38;0.24:0.32;0.27:0.14;0.33:0.1;0.21:0.16;0.23:0.15;0.22:0.19;0.22:0.14;0.22:0.15,0.2303788:-0.02518006;0.1671779:-0.04683864;0.1034659:-0.06484292;0.008797377:-0.07680066;-0.03917232:-0.1003823;-0.08699501:-0.09574392;-0.172176:-0.1344584;-0.2052607:-0.1296113;-0.2392171:-0.1587723;-0.3373604:-0.1677029;-0.3789476:-0.1733725;-0.4703984:-0.1857376
sigma3_hotel_seed42,HOTEL:biwi_hotel:361:16110,HOTEL,biwi_hotel,biwi_hotel:361,16110,3,0.06352870166301727,0.1270626038312912,0.0,0.0,0.0,0.0,0.0,-0.89:-6.71;-0.89:-6.71;-0.89:-6.71;-0.89:-6.71;-0.89:-6.71;-0.89:-6.71;-0.89:-6.71;-0.89:-6.71,-0.89:-6.71;-0.89:-6.71;-0.89:-6.71;-0.89:-6.71;-0.89:-6.71;-0.89:-6.71;-0.89:-6.71;-0.87:-6.64;-0.85:-6.64;-0.86:-6.75;-0.86:-6.83;-0.85:-6.88,-0.9007552:-6.713806;-0.9046134:-6.721339;-0.9131296:-6.722431;-0.9251466:-6.723294;-0.9302158:-6.725872;-0.9340819:-6.719373;-0.934684:-6.732316;-0.9255791:-6.734169;-0.9249743:-6.745278;-0.9247601:-6.746593;-0.9257891:-6.754888;-0.9092259:-6.767585
sigma3_hotel_seed42,HOTEL:biwi_hotel:356:16120,HOTEL,biwi_hotel,biwi_hotel:356,16120,3,0.37850436568260193,0.6486768126487732,0.25495097041130066,0.12255802750587463,0.43961864709854126,2.8509552478790283,0.875,0.52:0.01;0.52:0.01;0.52:0.01;0.43:0.04;0.42:0.04;0.34:0.02;0.29:0;0.31:0.1,0.29:0.23;0.35:0.2;0.18:0.38;0.24:0.32;0.27:0.14;0.33:0.1;0.21:0.16;0.23:0.15;0.22:0.19;0.22:0.14;0.22:0.15;0.24:0.13,0.3520014:0.1538317;0.38524:0.2112024;0.4420081:0.2495221;0.482499:0.2915661;0.5224279:0.3183996;0.533928:0.3592331;0.5777433:0.382386;0.6321985:0.4119706;0.6519935:0.4490423;0.6715501:0.4822443;0.711574:0.4980914;0.7398673:0.5434178
sigma3_hotel_seed42,HOTEL:biwi_hotel:361:16120,HOTEL,biwi_hotel,biwi_hotel:361,16120,3,0.0779392346739769,0.2027401626110077,0.0,0.0,0.0,0.0,0.0,-0.89:-6.71;-0.89:-6.71;-0.89:-6.71;-0.89:-6.71;-0.89:-6.71;-0.89:-6.71;-0.89:-6.71;-0.89:-6.71,-0.89:-6.71;-0.89:-6.71;-0.89:-6.71;-0.89:-6.71;-0.89:-6.71;-0.89:-6.71;-0.87:-6.64;-0.85:-6.64;-0.86:-6.75;-0.86:-6.83;-0.85:-6.88;-0.71:-6.73,-0.9007552:-6.713806;-0.9046134:-6.721339;-0.9131296:-6.722431;-0.9251466:-6.723294;-0.9302158:-6.725872;-0.9340819:-6.719373;-0.934684:-6.732316;-0.9255791:-6.734169;-0.9249743:-6.745278;-0.9247601:-6.746593;-0.9257891:-6.754888;-0.9092259:-6.767585
sigma3_hotel_seed42,HOTEL:biwi_hotel:369:16120,HOTEL,biwi_hotel,biwi_hotel:369,16120,3,0.041105542331933975,0.060709696263074875,0.0,0.0,0.0,0.0,1.25,-0.59:2.83;-0.59:2.83;-0.59:2.83;-0.59:2.83;-0.59:2.83;-0.59:2.83;-0.59:2.83;-0.59:2.83,-0.59:2.83;-0.59:2.83;-0.59:2.83;-0.59:2.83;-0.59:2.83;-0.59:2.83;-0.59:2.83;-0.59:2.83;-0.59:2.83;-0.59:2.83;-0.59:2.83;-0.59:2.83,-0.6007551:2.826194;-0.6046134:2.818661;-0.6131296:2.817569;-0.6251466:2.816706;-0.6302158:2.814128;-0.6340818:2.820627;-0.634684:2.807684;-0.6255791:2.805831;-0.6249743:2.794722;-0.6247601:2.793406;-0.625789:2.785112;-0.6092259:2.772415
sigma3_hotel_seed42,HOTEL:biwi_hotel:371:16120,HOTEL,biwi_hotel,biwi_hotel:371,16120,3,0.041105542331933975,0.060709696263074875,0.0,0.0,0.0,0.0,1.125,-0.66:3.35;-0.66:3.35;-0.66:3.35;-0.66:3.35;-0.66:3.35;-0.66:3.35;-0.66:3.35;-0.66:3.35,-0.66:3.35;-0.66:3.35;-0.66:3.35;-0.66:3.35;-0.66:3.35;-0.66:3.35;-0.66:3.35;-0.66:3.35;-0.66:3.35;-0.66:3.35;-0.66:3.35;-0.66:3.35,-0.6707551:3.346194;-0.6746134:3.338661;-0.6831296:3.337569;-0.6951467:3.336706;-0.7002158:3.334128;-0.7040819:3.340627;-0.704684:3.327684;-0.6955792:3.325831;-0.6949744:3.314722;-0.6947601:3.313406;-0.6957891:3.305112;-0.6792259:3.292415
sigma3_hotel_seed42,HOTEL:biwi_hotel:356:16130,HOTEL,biwi_hotel,biwi_hotel:356,16130,3,0.48729515075683594,0.8607650399208069,0.32882365584373474,0.16953283548355103,0.49170199036598206,3.2009999752044678,0.875,0.52:0.01;0.52:0.01;0.43:0.04;0.42:0.04;0.34:0.02;0.29:0;0.31:0.1;0.29:0.23,0.35:0.2;0.18:0.38;0.24:0.32;0.27:0.14;0.33:0.1;0.21:0.16;0.23:0.15;0.22:0.19;0.22:0.14;0.22:0.15;0.24:0.13;0.24:0.16,0.2581212:0.3125302;0.2185487:0.4039678;0.2073885:0.4517611;0.1674417:0.5090816;0.1378513:0.5585948;0.07494769:0.6102731;0.03882349:0.6702133;0.04698244:0.6961458;-0.01628551:0.7413955;-0.123759:0.8307697;-0.1276889:0.8540675;-0.1701186:0.9167821
sigma3_hotel_seed42,HOTEL:biwi_hotel:361:16130,HOTEL,biwi_hotel,biwi_hotel:361,16130,3,0.09905191510915756,0.279984712600708,0.0,0.0,0.0,0.0,0.0,-0.89:-6.71;-0.89:-6.71;-0.89:-6.71;-0.89:-6.71;-0.89:-6.71;-0.89:-6.71;-0.89:-6.71;-0.89:-6.71,-0.89:-6.71;-0.89:-6.71;-0.89:-6.71;-0.89:-6.71;-0.89:-6.71;-0.87:-6.64;-0.85:-6.64;-0.86:-6.75;-0.86:-6.83;-0.85:-6.88;-0.71:-6.73;-0.66:-6.64,-0.9007552:-6.713806;-0.9046134:-6.721339;-0.9131296:-6.722431;-0.9251466:-6.723294;-0.9302158:-6.725872;-0.9340819:-6.719373;-0.934684:-6.732316;-0.9255791:-6.734169;-0.9249743:-6.745278;-0.9247601:-6.746593;-0.9257891:-6.754888;-0.9092259:-6.767585
sigma3_hotel_seed42,HOTEL:biwi_hotel:369:16130,HOTEL,biwi_hotel,biwi_hotel:369,16130,3,0.041105542331933975,0.060709696263074875,0.0,0.0,0.0,0.0,1.25,-0.59:2.83;-0.59:2.83;-0.59:2.83;-0.59:2.83;-0.59:2.83;-0.59:2.83;-0.59:2.83;-0.59:2.83,-0.59:2.83;-0.59:2.83;-0.59:2.83;-0.59:2.83;-0.59:2.83;-0.59:2.83;-0.59:2.83;-0.59:2.83;-0.59:2.83;-0.59:2.83;-0.59:2.83;-0.59:2.83,-0.6007551:2.826194;-0.6046134:2.818661;-0.6131296:2.817569;-0.6251466:2.816706;-0.6302158:2.814128;-0.6340818:2.820627;-0.634684:2.807684;-0.6255791:2.805831;-0.6249743:2.794722;-0.6247601:2.793406;-0.625789:2.785112;-0.6092259:2.772415
sigma3_hotel_seed42,HOTEL:biwi_hotel:371:16130,HOTEL,biwi_hotel,biwi_hotel:371,16130,3,0.041105542331933975,0.060709696263074875,0.0,0.0,0.0,0.0,1.125,-0.66:3.35;-0.66:3.35;-0.66:3.35;-0.66:3.35;-0.66:3.35;-0.66:3.35;-0.66:3.35;-0.66:3.35,-0.66:3.35;-0.66:3.35;-0.66:3.35;-0.66:3.35;-0.66:3.35;-0.66:3.35;-0.66:3.35;-0.66:3.35;-0.66:3.35;-0.66:3.35;-0.66:3.35;-0.66:3.35,-0.6707551:3.346194;-0.6746134:3.338661;-0.6831296:3.337569;-0.6951467:3.336706;-0.7002158:3.334128;-0.7040819:3.340627;-0.704684:3.327684;-0.6955792:3.325831;-0.6949744:3.314722;-0.6947601:3.313406;-0.6957891:3.305112;-0.6792259:3.292415
sigma3_hotel_seed42,HOTEL:biwi_hotel:356:16140,HOTEL,biwi_hotel,biwi_hotel:356,16140,3,0.5273203253746033,0.8333103060722351,0.16770510375499725,0.19349071383476257,0.5792198181152344,5.3880934715271,0.875,0.52:0.01;0.43:0.04;0.42:0.04;0.34:0.02;0.29:0;0.31:0.1;0.29:0.23;0.35:0.2,0.18:0.38;0.24:0.32;0.27:0.14;0.33:0.1;0.21:0.16;0.23:0.15;0.22:0.19;0.22:0.14;0.22:0.15;0.24:0.13;0.24:0.16;0.27:0.18,0.4104213:0.2153476;0.4698987:0.2282818;0.5292336:0.2368352;0.6036503:0.2598753;0.6622888:0.2486802;0.7041298:0.2768882;0.7614661:0.2594787;0.8492818:0.2685254;0.8978624:0.283918;0.9812777:0.2687972;1.019033:0.257686;1.099028:0.2643721
sigma3_hotel_seed42,HOTEL:biwi_hotel:361:16140,HOTEL,biwi_hotel,biwi_hotel:361,16140,3,0.11471941322088242,0.210377499461174,0.0,0.0,0.0,0.0,0.0,-0.89:-6.71;-0.89:-6.71;-0.89:-6.71;-0.89:-6.71;-0.89:-6.71;-0.89:-6.71;-0.89:-6.71;-0.89:-6.71,-0.89:-6.71;-0.89:-6.71;-0.89:-6.71;-0.89:-6.71;-0.87:-6.64;-0.85:-6.64;-0.86:-6.75;-0.86:-6.83;-0.85:-6.88;-0.71:-6.73;-0.66:-6.64;-0.71:-6.7,-0.9007552:-6.713806;-0.9046134:-6.721339;-0.9131296:-6.722431;-0.9251466:-6.723294;-0.9302158:-6.725872;-0.9340819:-6.719373;-0.934684:-6.732316;-0.9255791:-6.734169;-0.9249743:-6.745278;-0.9247601:-6.746593;-0.9257891:-6.754888;-0.9092259:-6.767585
sigma3_hotel_seed42,HOTEL:biwi_hotel:369:16140,HOTEL,biwi_hotel,biwi_hotel:369,16140,3,0.042512137442827225,0.07758884131908417,0.0,0.0,0.0,0.0,1.25,-0.59:2.83;-0.59:2.83;-0.59:2.83;-0.59:2.83;-0.59:2.83;-0.59:2.83;-0.59:2.83;-0.59:2.83,-0.59:2.83;-0.59:2.83;-0.59:2.83;-0.59:2.83;-0.59:2.83;-0.59:2.83;-0.59:2.83;-0.59:2.83;-0.59:2.83;-0.59:2.83;-0.59:2.83;-0.61:2.85,-0.6007551:2.826194;-0.6046134:2.818661;-0.6131296:2.817569;-0.6251466:2.816706;-0.6302158:2.814128;-0.6340818:2.820627;-0.634684:2.807684;-0.6255791:2.805831;-0.6249743:2.794722;-0.6247601:2.793406;-0.625789:2.785112;-0.6092259:2.772415
sigma3_hotel_seed42,HOTEL:biwi_hotel:371:16140,HOTEL,biwi_hotel,biwi_hotel:371,16140,3,0.041105542331933975,0.060709696263074875,0.0,0.0,0.0,0.0,1.125,-0.66:3.35;-0.66:3.35;-0.66:3.35;-0.66:3.35;-0.66:3.35;-0.66:3.35;-0.66:3.35;-0.66:3.35,-0.66:3.35;-0.66:3.35;-0.66:3.35;-0.66:3.35;-0.66:3.35;-0.66:3.35;-0.66:3.35;-0.66:3.35;-0.66:3.35;-0.66:3.35;-0.66:3.35;-0.66:3.35,-0.6707551:3.346194;-0.6746134:3.338661;-0.6831296:3.337569;-0.6951467:3.336706;-0.7002158:3.334128;-0.7040819:3.340627;-0.704684:3.327684;-0.6955792:3.325831;-0.6949744:3.314722;-0.6947601:3.313406;-0.6957891:3.305112;-0.6792259:3.292415
sigma3_hotel_seed42,HOTEL:biwi_hotel:356:16150,HOTEL,biwi_hotel,biwi_hotel:356,16150,3,0.5811607837677002,0.8424188494682312,0.6189709305763245,0.2480335831642151,0.814644992351532,7.857621192932129,1.0,0.43:0.04;0.42:0.04;0.34:0.02;0.29:0;0.31:0.1;0.29:0.23;0.35:0.2;0.18:0.38,0.24:0.32;0.27:0.14;0.33:0.1;0.21:0.16;0.23:0.15;0.22:0.19;0.22:0.14;0.22:0.15;0.24:0.13;0.24:0.16;0.27:0.18;0.28:0.18,0.2377627:0.4391018;0.279853:0.5078228;0.3497217:0.5473009;0.3943646:0.5943701;0.4515333:0.6255398;0.4787843:0.66935;0.5320754:0.7024969;0.5968159:0.7335366;0.6347414:0.7708318;0.6509953:0.8156339;0.7103645:0.8372253;0.7367037:0.8878779
sigma3_hotel_seed42,HOTEL:biwi_hotel:361:16150,HOTEL,biwi_hotel,biwi_hotel:361,16150,3,0.13019420206546783,0.1977939009666443,0.0,0.0,0.0,0.0,0.0,-0.89:-6.71;-0.89:-6.71;-0.89:-6.71;-0.89:-6.71;-0.89:-6.71;-0.89:-6.71;-0.89:-6.71;-0.89:-6.71,-0.89:-6.71;-0.89:-6.71;-0.89:-6.71;-0.87:-6.64;-0.85:-6.64;-0.86:-6.75;-0.86:-6.83;-0.85:-6.88;-0.71:-6.73;-0.66:-6.64;-0.71:-6.7;-0.72:-6.71,-0.9007552:-6.713806;-0.9046134:-6.721339;-0.9131296:-6.722431;-0.9251466:-6.723294;-0.9302158:-6.725872;-0.9340819:-6.719373;-0.934684:-6.732316;-0.9255791:-6.734169;-0.9249743:-6.745278;-0.9247601:-6.746593;-0.9257891:-6.754888;-0.9092259:-6.767585
sigma3_hotel_seed42,HOTEL:biwi_hotel:369:16150,HOTEL,biwi_hotel,biwi_hotel:369,16150,3,0.04352060332894325,0.08031807839870453,0.0,0.0,0.0,0.0,1.25,-0.59:2.83;-0.59:2.83;-0.59:2.83;-0.59:2.83;-0.59:2.83;-0.59:2.83;-0.59:2.83;-0.59:2.83,-0.59:2.83;-0.59:2.83;-0.59:2.83;-0.59:2.83;-0.59:2.83;-0.59:2.83;-0.59:2.83;-0.59:2.83;-0.59:2.83;-0.59:2.83;-0.61:2.85;-0.63:2.85,-0.6007551:2.826194;-0.6046134:2.818661;-0.6131296:2.817569;-0.6251466:2.816706;-0.6302158:2.814128;-0.6340818:2.820627;-0.634684:2.807684;-0.6255791:2.805831;-0.6249743:2.794722;-0.6247601:2.793406;-0.625789:2.785112;-0.6092259:2.772415
sigma3_hotel_seed42,HOTEL:biwi_hotel:371:16150,HOTEL,biwi_hotel,biwi_hotel:371,16150,3,0.04090635105967522,0.05831937491893768,0.0,0.0,0.0,0.0,1.125,-0.66:3.35;-0.66:3.35;-0.66:3.35;-0.66:3.35;-0.66:3.35;-0.66:3.35;-0.66:3.35;-0.66:3.35,-0.66:3.35;-0.66:3.35;-0.66:3.35;-0.66:3.35;-0.66:3.35;-0.66:3.35;-0.66:3.35;-0.66:3.35;-0.66:3.35;-0.66:3.35;-0.66:3.35;-0.67:3.35,-0.6707551:3.346194;-0.6746134:3.338661;-0.6831296:3.337569;-0.6951467:3.336706;-0.7002158:3.334128;-0.7040819:3.340627;-0.704684:3.327684;-0.6955792:3.325831;-0.6949744:3.314722;-0.6947601:3.313406;-0.6957891:3.305112;-0.6792259:3.292415
sigma3_hotel_seed42,HOTEL:biwi_hotel:356:16160,HOTEL,biwi_hotel,biwi_hotel:356,16160,3,0.19562141597270966,0.21384881436824799,0.2121320366859436,0.2747667133808136,1.0850765705108643,10.725671768188477,1.25,0.42:0.04;0.34:0.02;0.29:0;0.31:0.1;0.29:0.23;0.35:0.2;0.18:0.38;0.24:0.32,0.27:0.14;0.33:0.1;0.21:0.16;0.23:0.15;0.22:0.19;0.22:0.14;0.22:0.15;0.24:0.13;0.24:0.16;0.27:0.18;0.28:0.18;0.3:0.18,0.2478024:0.3236472;0.2644739:0.3431587;0.2856866:0.3483796;0.2931091:0.3321678;0.2912158:0.3407618;0.2937969:0.3251868;0.304057:0.3233409;0.2884097:0.3282472;0.287933:0.325491;0.2456653:0.3634203;0.2566583:0.3593493;0.2085456:0.3733065
sigma3_hotel_seed42,HOTEL:biwi_hotel:361:16160,HOTEL,biwi_hotel,biwi_hotel:361,16160,3,0.14513903856277466,0.1977939009666443,0.0,0.0,0.0,0.0,0.0,-0.89:-6.71;-0.89:-6.71;-0.89:-6.71;-0.89:-6.71;-0.89:-6.71;-0.89:-6.71;-0.89:-6.71;-0.89:-6.71,-0.89:-6.71;-0.89:-6.71;-0.87:-6.64;-0.85:-6.64;-0.86:-6.75;-0.86:-6.83;-0.85:-6.88;-0.71:-6.73;-0.66:-6.64;-0.71:-6.7;-0.72:-6.71;-0.72:-6.71,-0.9007552:-6.713806;-0.9046134:-6.721339;-0.9131296:-6.722431;-0.9251466:-6.723294;-0.9302158:-6.725872;-0.9340819:-6.719373;-0.934684:-6.732316;-0.9255791:-6.734169;-0.9249743:-6.745278;-0.9247601:-6.746593;-0.9257891:-6.754888;-0.9092259:-6.767585
sigma3_hotel_seed42,HOTEL:biwi_hotel:369:16160,HOTEL,biwi_hotel,biwi_hotel:369,16160,3,0.04508514329791069,0.09283412247896194,0.0,0.0,0.0,0.0,1.25,-0.59:2.83;-0.59:2.83;-0.59:2.83;-0.59:2.83;-0.59:2.83;-0.59:2.83;-0.59:2.83;-0.59:2.83,-0.59:2.83;-0.59:2.83;-0.59:2.83;-0.59:2.83;-0.59:2.83;-0.59:2.83;-0.59:2.83;-0.59:2.83;-0.59:2.83;-0.61:2.85;-0.63:2.85;-0.64:2.86,-0.6007551:2.826194;-0.6046134:2.818661;-0.6131296:2.817569;-0.6251466:2.816706;-0.6302158:2.814128;-0.6340818:2.820627;-0.634684:2.807684;-0.6255791:2.805831;-0.6249743:2.794722;-0.6247601:2.793406;-0.625789:2.785112;-0.6092259:2.772415
sigma3_hotel_seed42,HOTEL:biwi_hotel:371:16160,HOTEL,biwi_hotel,biwi_hotel:371,16160,3,0.04045840725302696,0.05858423933386803,0.0,0.0,0.0,0.0,1.125,-0.66:3.35;-0.66:3.35;-0.66:3.35;-0.66:3.35;-0.66:3.35;-0.66:3.35;-0.66:3.35;-0.66:3.35,-0.66:3.35;-0.66:3.35;-0.66:3.35;-0.66:3.35;-0.66:3.35;-0.66:3.35;-0.66:3.35;-0.66:3.35;-0.66:3.35;-0.66:3.35;-0.67:3.35;-0.69:3.35,-0.6707551:3.346194;-0.6746134:3.338661;-0.6831296:3.337569;-0.6951467:3.336706;-0.7002158:3.334128;-0.7040819:3.340627;-0.704684:3.327684;-0.6955792:3.325831;-0.6949744:3.314722;-0.6947601:3.313406;-0.6957891:3.305112;-0.6792259:3.292415
sigma3_hotel_seed42,HOTEL:biwi_hotel:375:16160,HOTEL,biwi_hotel,biwi_hotel:375,16160,3,1.423282504081726,3.0901153087615967,1.428504467010498,1.2337464094161987,0.4412980079650879,0.6780434846878052,3.125,1.12:2.68;1.11:2.22;1.14:1.78;1.16:1.35;1.15:0.86;1.26:0.33;1.27:-0.19;1.23:-0.76,1.24:-1.21;1.26:-1.82;1.18:-2.34;1.18:-2.88;1.25:-3.46;1.18:-4.06;1.16:-4.62;1.23:-5.19;1.34:-5.64;1.37:-6.19;1.34:-6.77;1.3:-7.29,1.081815:-1.276754;0.9228859:-1.816242;0.7119789:-2.321064;0.6474201:-2.741808;0.4484981:-3.180203;0.2170538:-3.587665;-0.05480146:-3.854405;-0.215376:-4.267169;-0.4838074:-4.47991;-0.6578418:-4.82554;-0.8797233:-5.089835;-1.115178:-5.362377
sigma3_hotel_seed42,HOTEL:biwi_hotel:376:16160,HOTEL,biwi_hotel,biwi_hotel:376,16160,3,1.558302879333496,3.4848058223724365,1.278915524482727,1.2089146375656128,0.28764820098876953,0.43584638833999634,2.5,1.84:2.87;1.83:2.4;1.87:1.93;1.89:1.49;1.88:1.01;1.91:0.53;1.9:-0;1.86:-0.51,1.86:-1.05;1.8:-1.58;1.75:-2.11;1.77:-2.67;1.79:-3.23;1.82:-3.77;1.84:-4.33;1.87:-4.89;1.84:-5.45;1.84:-6.01;1.85:-6.6;1.87:-7.22,1.705597:-0.9751013;1.54203:-1.457725;1.338272:-1.90692;1.259411:-2.291521;1.062084:-2.682529;0.834188:-3.049514;0.5772729:-3.288027;0.4128175:-3.661705;0.153282:-3.857569;-0.02833605:-4.156162;-0.2413396:-4.398304;-0.4735135:-4.640888
sigma3_hotel_seed42,HOTEL:biwi_hotel:377:16160,HOTEL,biwi_hotel,biwi_hotel:377,16160,3,1.6363979578018188,3.596977949142456,1.3086252212524414,1.2689733505249023,0.33953019976615906,0.5440012812614441,2.0,2.43:2.89;2.43:2.4;2.45:1.94;2.54:1.43;2.52:0.91;2.49:0.4;2.48:-0.13;2.42:-0.65,2.42:-1.17;2.46:-1.72;2.45:-2.29;2.49:-2.83;2.5:-3.39;2.48:-3.92;2.53:-4.5;2.54:-5.05;2.55:-5.61;2.58:-6.22;2.57:-6.84;2.64:-7.42,2.273409:-1.121254;2.117512:-1.614474;1.907779:-2.079346;1.84061:-2.464919;1.644181:-2.862742;1.423141:-3.241355;1.156214:-3.486129;0.9939766:-3.857556;0.7342699:-4.051366;0.5634356:-4.370838;0.3476629:-4.607283;0.1201446:-4.853178
sigma3_hotel_seed42,HOTEL:biwi_hotel:356:16170,HOTEL,biwi_hotel,biwi_hotel:356,16170,3,0.23826919496059418,0.28416508436203003,0.45620718598365784,0.31048843264579773,1.1826735734939575,11.210392951965332,1.5,0.34:0.02;0.29:0;0.31:0.1;0.29:0.23;0.35:0.2;0.18:0.38;0.24:0.32;0.27:0.14,0.33:0.1;0.21:0.16;0.23:0.15;0.22:0.19;0.22:0.14;0.22:0.15;0.24:0.13;0.24:0.16;0.27:0.18;0.28:0.18;0.3:0.18;0.26:0.13,0.3045446:0.1342167;0.3601397:0.1445591;0.4030489:0.1468702;0.4393363:0.1281236;0.456928:0.1324283;0.4965008:0.1060458;0.5370978:0.09008521;0.5211759:0.1041213;0.5593066:0.103706;0.5612383:0.1198172;0.5841864:0.1210007;0.544014:0.1207345
sigma3_hotel_seed42,HOTEL:biwi_hotel:361:16170,HOTEL,biwi_hotel,biwi_hotel:361,16170,3,0.16029410064220428,0.1977939009666443,0.0,0.0,0.0,0.0,0.0,-0.89:-6.71;-0.89:-6.71;-0.89:-6.71;-0.89:-6.71;-0.89:-6.71;-0.89:-6.71;-0.89:-6.71;-0.89:-6.71,-0.89:-6.71;-0.87:-6.64;-0.85:-6.64;-0.86:-6.75;-0.86:-6.83;-0.85:-6.88;-0.71:-6.73;-0.66:-6.64;-0.71:-6.7;-0.72:-6.71;-0.72:-6.71;-0.72:-6.71,-0.9007552:-6.713806;-0.9046134:-6.721339;-0.9131296:-6.722431;-0.9251466:-6.723294;-0.9302158:-6.725872;-0.9340819:-6.719373;-0.934684:-6.732316;-0.9255791:-6.734169;-0.9249743:-6.745278;-0.9247601:-6.746593;-0.9257891:-6.754888;-0.9092259:-6.767585
sigma3_hotel_seed42,HOTEL:biwi_hotel:369:16170,HOTEL,biwi_hotel,biwi_hotel:369,16170,3,0.045209769159555435,0.07718697935342789,0.0,0.0,0.0,0.0,1.125,-0.59:2.83;-0.59:2.83;-0.59:2.83;-0.59:2.83;-0.59:2.83;-0.59:2.83;-0.59:2.83;-0.59:2.83,-0.59:2.83;-0.59:2.83;-0.59:2.83;-0.59:2.83;-0.59:2.83;-0.59:2.83;-0.59:2.83;-0.59:2.83;-0.61:2.85;-0.63:2.85;-0.64:2.86;-0.67:2.82,-0.6007551:2.826194;-0.6046134:2.818661;-0.6131296:2.817569;-0.6251466:2.816706;-0.6302158:2.814128;-0.6340818:2.820627;-0.634684:2.807684;-0.6255791:2.805831;-0.6249743:2.794722;-0.6247601:2.793406;-0.625789:2.785112;-0.6092259:2.772415
sigma3_hotel_seed42,HOTEL:biwi_hotel:371:16170,HOTEL,biwi_hotel,biwi_hotel:371,16170,3,0.039232369512319565,0.056669000536203384,0.0,0.0,0.0,0.0,1.0,-0.66:3.35;-0.66:3.35;-0.66:3.35;-0.66:3.35;-0.66:3.35;-0.66:3.35;-0.66:3.35;-0.66:3.35,-0.66:3.35;-0.66:3.35;-0.66:3.35;-0.66:3.35;-0.66:3.35;-0.66:3.35;-0.66:3.35;-0.66:3.35;-0.66:3.35;-0.67:3.35;-0.69:3.35;-0.71:3.34,-0.6707551:3.346194;-0.6746134:3.338661;-0.6831296:3.337569;-0.6951467:3.336706;-0.7002158:3.334128;-0.7040819:3.340627;-0.704684:3.327684;-0.6955792:3.325831;-0.6949744:3.314722;-0.6947601:3.313406;-0.6957891:3.305112;-0.6792259:3.292415
sigma3_hotel_seed42,HOTEL:biwi_hotel:375:16170,HOTEL,biwi_hotel,biwi_hotel:375,16170,3,1.6709980964660645,3.62259840965271,1.1252777576446533,1.2301757335662842,0.5301299095153809,0.6805104613304138,3.0,1.11:2.22;1.14:1.78;1.16:1.35;1.15:0.86;1.26:0.33;1.27:-0.19;1.23:-0.76;1.24:-1.21,1.26:-1.82;1.18:-2.34;1.18:-2.88;1.25:-3.46;1.18:-4.06;1.16:-4.62;1.23:-5.19;1.34:-5.64;1.37:-6.19;1.34:-6.77;1.3:-7.29;1.29:-8,1.173291:-1.59738;1.094588:-1.996419;0.9732816:-2.377868;0.9605067:-2.70419;0.8499852:-3.023389;0.7242357:-3.340239;0.5487086:-3.548485;0.4571862:-3.844862;0.2930479:-4.019947;0.1805685:-4.270543;0.05272293:-4.464405;-0.1015322:-4.655324
sigma3_hotel_seed42,HOTEL:biwi_hotel:376:16170,HOTEL,biwi_hotel,biwi_hotel:376,16170,3,1.175101637840271,2.9019227027893066,1.350000023841858,1.2338767051696777,0.28764820098876953,0.4079423248767853,2.625,1.83:2.4;1.87:1.93;1.89:1.49;1.88:1.01;1.91:0.53;1.9:-0;1.86:-0.51;1.86:-1.05,1.8:-1.58;1.75:-2.11;1.77:-2.67;1.79:-3.23;1.82:-3.77;1.84:-4.33;1.87:-4.89;1.84:-5.45;1.84:-6.01;1.85:-6.6;1.87:-7.22;1.98:-7.78,1.773384:-1.549408;1.672931:-2.06956;1.517796:-2.56177;1.504156:-2.969705;1.364279:-3.392117;1.19629:-3.789259;0.9750044:-4.053058;0.8689794:-4.445365;0.6595854:-4.657425;0.5321085:-4.993593;0.3653982:-5.245605;0.1788369:-5.504705
sigma3_hotel_seed42,HOTEL:biwi_hotel:377:16170,HOTEL,biwi_hotel,biwi_hotel:377,16170,3,1.3765820264816284,3.218013048171997,1.2999999523162842,1.2796876430511475,0.364472359418869,0.6154269576072693,2.0,2.43:2.4;2.45:1.94;2.54:1.43;2.52:0.91;2.49:0.4;2.48:-0.13;2.42:-0.65;2.42:-1.17,2.46:-1.72;2.45:-2.29;2.49:-2.83;2.5:-3.39;2.48:-3.92;2.53:-4.5;2.54:-5.05;2.55:-5.61;2.58:-6.22;2.57:-6.84;2.64:-7.42;2.7:-8.04,2.350492:-1.638121;2.265998:-2.12435;2.12603:-2.589414;2.122927:-2.972836;2.00055:-3.366242;1.856771:-3.742805;1.652353:-3.992952;1.558491:-4.354195;1.371089:-4.556609;1.25927:-4.874782;1.109385:-5.10712;0.9415002:-5.344952
sigma3_hotel_seed42,HOTEL:biwi_hotel:378:16170,HOTEL,biwi_hotel,biwi_hotel:378,16170,3,1.1745414733886719,1.6355385780334473,0.5857686996459961,0.5155361890792847,1.1798927783966064,1.685841679573059,0.0,-0.82:-2.48;-0.82:-2.48;-1.06:-2.3;-1.1:-2.19;-1.14:-1.97;-1.15:-1.8;-1.4:-1.49;-1.58:-1.34,-1.45:-1.2;-1.41:-1.01;-1.38:-0.88;-1.66:-0.52;-1.73:-0.32;-1.71:-0.12;-1.81:0.04;-1.97:0.19;-2.11:0.3;-2.22:0.45;-2.37:0.53;-2.52:0.48,-1.797874:-1.175531;-2.013182:-1.034783;-2.222449:-0.9051843;-2.416437:-0.8295636;-2.62531:-0.7002413;-2.85565:-0.6312809;-3.070807:-0.542247;-3.232018:-0.4515642;-3.460414:-0.3723744;-3.741995:-0.2242734;-3.86227:-0.153641;-4.06004:-0.0706923
sigma3_hotel_seed42,HOTEL:biwi_hotel:356:16180,HOTEL,biwi_hotel,biwi_hotel:356,16180,3,0.29743075370788574,0.4556298851966858,0.18027757108211517,0.3170096278190613,1.18710458278656,9.879340171813965,1.5,0.29:0;0.31:0.1;0.29:0.23;0.35:0.2;0.18:0.38;0.24:0.32;0.27:0.14;0.33:0.1,0.21:0.16;0.23:0.15;0.22:0.19;0.22:0.14;0.22:0.15;0.24:0.13;0.24:0.16;0.27:0.18;0.28:0.18;0.3:0.18;0.26:0.13;0.22:0.15,0.3601144:0.09433156;0.3896569:0.09284837;0.4210589:0.08653103;0.4673051:0.0787135;0.4899088:0.06094021;0.5014822:0.05787;0.5347698:0.0317216;0.5624261:0.02955883;0.5808594:0.03351017;0.6251191:0.01704832;0.6326231:-0.001392365;0.6514795:0.003630497
sigma3_hotel_seed42,HOTEL:biwi_hotel:361:16180,HOTEL,biwi_hotel,biwi_hotel:361,16180,3,0.1744467169046402,0.1977939009666443,0.0,0.0,0.0,0.0,0.0,-0.89:-6.71;-0.89:-6.71;-0.89:-6.71;-0.89:-6.71;-0.89:-6.71;-0.89:-6.71;-0.89:-6.71;-0.89:-6.71,-0.87:-6.64;-0.85:-6.64;-0.86:-6.75;-0.86:-6.83;-0.85:-6.88;-0.71:-6.73;-0.66:-6.64;-0.71:-6.7;-0.72:-6.71;-0.72:-6.71;-0.72:-6.71;-0.72:-6.71,-0.9007552:-6.713806;-0.9046134:-6.721339;-0.9131296:-6.722431;-0.9251466:-6.723294;-0.9302158:-6.725872;-0.9340819:-6.719373;-0.934684:-6.732316;-0.9255791:-6.734169;-0.9249743:-6.745278;-0.9247601:-6.746593;-0.9257891:-6.754888;-0.9092259:-6.767585
sigma3_hotel_seed42,HOTEL:biwi_hotel:369:16180,HOTEL,biwi_hotel,biwi_hotel:369,16180,3,0.044679224491119385,0.07718697935342789,0.0,0.0,0.0,0.0,1.0,-0.59:2.83;-0.59:2.83;-0.59:2.83;-0.59:2.83;-0.59:2.83;-0.59:2.83;-0.59:2.83;-0.59:2.83,-0.59:2.83;-0.59:2.83;-0.59:2.83;-0.59:2.83;-0.59:2.83;-0.59:2.83;-0.59:2.83;-0.61:2.85;-0.63:2.85;-0.64:2.86;-0.67:2.82;-0.67:2.82,-0.6007551:2.826194;-0.6046134:2.818661;-0.6131296:2.817569;-0.6251466:2.816706;-0.6302158:2.814128;-0.6340818:2.820627;-0.634684:2.807684;-0.6255791:2.805831;-0.6249743:2.794722;-0.6247601:2.793406;-0.625789:2.785112;-0.6092259:2.772415
sigma3_hotel_seed42,HOTEL:biwi_hotel:371:16180,HOTEL,biwi_hotel,biwi_hotel:371,16180,3,0.03795509412884712,0.06266467273235321,0.0,0.0,0.0,0.0,1.0,-0.66:3.35;-0.66:3.35;-0.66:3.35;-0.66:3.35;-0.66:3.35;-0.66:3.35;-0.66:3.35;-0.66:3.35,-0.66:3.35;-0.66:3.35;-0.66:3.35;-0.66:3.35;-0.66:3.35;-0.66:3.35;-0.66:3.35;-0.66:3.35;-0.67:3.35;-0.69:3.35;-0.71:3.34;-0.72:3.34,-0.6707551:3.346194;-0.6746134:3.338661;-0.6831296:3.337569;-0.6951467:3.336706;-0.7002158:3.334128;-0.7040819:3.340627;-0.704684:3.327684;-0.6955792:3.325831;-0.6949744:3.314722;-0.6947601:3.313406;-0.6957891:3.305112;-0.6792259:3.292415
sigma3_hotel_seed42,HOTEL:biwi_hotel:375:16180,HOTEL,biwi_hotel,biwi_hotel:375,16180,3,0.6978009343147278,1.899924635887146,1.5258194208145142,1.290642261505127,0.6823903918266296,0.6694687008857727,2.875,1.14:1.78;1.16:1.35;1.15:0.86;1.26:0.33;1.27:-0.19;1.23:-0.76;1.24:-1.21;1.26:-1.82,1.18:-2.34;1.18:-2.88;1.25:-3.46;1.18:-4.06;1.16:-4.62;1.23:-5.19;1.34:-5.64;1.37:-6.19;1.34:-6.77;1.3:-7.29;1.29:-8;1.28:-8.57,1.237085:-2.405846;1.196849:-3.025969;1.06794:-3.622199;1.129425:-4.088535;1.031748:-4.592806;0.9078133:-5.065522;0.6899863:-5.38306;0.6371033:-5.833517;0.454123:-6.072361;0.3802992:-6.501435;0.2399288:-6.781981;0.08601046:-7.092129
sigma3_hotel_seed42,HOTEL:biwi_hotel:376:16180,HOTEL,biwi_hotel,biwi_hotel:376,16180,3,1.4924372434616089,3.347949743270874,1.3334635496139526,1.2559075355529785,0.31345248222351074,0.4811914265155792,2.625,1.87:1.93;1.89:1.49;1.88:1.01;1.91:0.53;1.9:-0;1.86:-0.51;1.86:-1.05;1.8:-1.58,1.75:-2.11;1.77:-2.67;1.79:-3.23;1.82:-3.77;1.84:-4.33;1.87:-4.89;1.84:-5.45;1.84:-6.01;1.85:-6.6;1.87:-7.22;1.98:-7.78;2.01:-8.3,1.667605:-2.068153;1.523488:-2.57671;1.328615:-3.055508;1.27358:-3.4547;1.09173:-3.867076;0.8814853:-4.254788;0.6271633:-4.508637;0.4797533:-4.895166;0.2317902:-5.099251;0.0704056:-5.425755;-0.133828:-5.67381;-0.3524866:-5.927781
sigma3_hotel_seed42,HOTEL:biwi_hotel:377:16180,HOTEL,biwi_hotel,biwi_hotel:377,16180,3,1.0700689554214478,2.723402976989746,1.378631591796875,1.3121941089630127,0.3269481360912323,0.5568051338195801,2.0,2.45:1.94;2.54:1.43;2.52:0.91;2.49:0.4;2.48:-0.13;2.42:-0.65;2.42:-1.17;2.46:-1.72,2.45:-2.29;2.49:-2.83;2.5:-3.39;2.48:-3.92;2.53:-4.5;2.54:-5.05;2.55:-5.61;2.58:-6.22;2.57:-6.84;2.64:-7.42;2.7:-8.04;2.69:-8.67,2.421256:-2.23764;2.36613:-2.779588;2.24849:-3.295228;2.280636:-3.71718;2.182639:-4.157663;2.055159:-4.571815;1.862623:-4.850257;1.800755:-5.254563;1.627234:-5.474866;1.534703:-5.830402;1.405575:-6.088539;1.25052:-6.358113
sigma3_hotel_seed42,HOTEL:biwi_hotel:378:16180,HOTEL,biwi_hotel,biwi_hotel:378,16180,3,1.141808032989502,2.007547378540039,0.4776243269443512,0.5837682485580444,1.1904774904251099,3.3102777004241943,0.0,-0.82:-2.48;-1.06:-2.3;-1.1:-2.19;-1.14:-1.97;-1.15:-1.8;-1.4:-1.49;-1.58:-1.34;-1.45:-1.2,-1.41:-1.01;-1.38:-0.88;-1.66:-0.52;-1.73:-0.32;-1.71:-0.12;-1.81:0.04;-1.97:0.19;-2.11:0.3;-2.22:0.45;-2.37:0.53;-2.52:0.48;-2.61:0.48,-1.369128:-1.083805;-1.290775:-0.9615878;-1.191661:-0.8989042;-1.118604:-0.8080257;-1.050815:-0.7418454;-1.019391:-0.680805;-0.9593991:-0.591412;-0.8604684:-0.5485317;-0.8348237:-0.4631751;-0.8591684:-0.3623325;-0.7635267:-0.3112057;-0.7355642:-0.2388443
sigma3_hotel_seed42,HOTEL:biwi_hotel:356:16190,HOTEL,biwi_hotel,biwi_hotel:356,16190,3,0.10283740609884262,0.19008295238018036,0.3354102075099945,0.32850381731987,1.3495136499404907,12.54653263092041,1.5,0.31:0.1;0.29:0.23;0.35:0.2;0.18:0.38;0.24:0.32;0.27:0.14;0.33:0.1;0.21:0.16,0.23:0.15;0.22:0.19;0.22:0.14;0.22:0.15;0.24:0.13;0.24:0.16;0.27:0.18;0.28:0.18;0.3:0.18;0.26:0.13;0.22:0.15;0.24:0.15,0.2021101:0.1626804;0.1954294:0.1704979;0.1927844:0.1695812;0.1934571:0.1658587;0.1784064:0.1567829;0.152096:0.154391;0.1476033:0.1371825;0.1340682:0.1406294;0.117414:0.1513225;0.1052702:0.1477122;0.08625813:0.1387779;0.04991712:0.1498386
sigma3_hotel_seed42,HOTEL:biwi_hotel:361:16190,HOTEL,biwi_hotel,biwi_hotel:361,16190,3,0.3267684280872345,0.4799865484237671,0.18200275301933289,0.02600039169192314,0.0758344754576683,0.0,0.0,-0.89:-6.71;-0.89:-6.71;-0.89:-6.71;-0.89:-6.71;-0.89:-6.71;-0.89:-6.71;-0.89:-6.71;-0.87:-6.64,-0.85:-6.64;-0.86:-6.75;-0.86:-6.83;-0.85:-6.88;-0.71:-6.73;-0.66:-6.64;-0.71:-6.7;-0.72:-6.71;-0.72:-6.71;-0.72:-6.71;-0.72:-6.71;-0.72:-6.71,-0.8366522:-6.597325;-0.8094745:-6.532705;-0.7840626:-6.518254;-0.7752544:-6.466533;-0.7475829:-6.443231;-0.7158049:-6.409294;-0.7036642:-6.393098;-0.6757831:-6.350204;-0.6439764:-6.328236;-0.6450968:-6.307803;-0.6322699:-6.280901;-0.6338282:-6.237812
sigma3_hotel_seed42,HOTEL:biwi_hotel:369:16190,HOTEL,biwi_hotel,biwi_hotel:369,16190,3,0.04403233900666237,0.07718697935342789,0.0,0.0,0.0,0.0,1.0,-0.59:2.83;-0.59:2.83;-0.59:2.83;-0.59:2.83;-0.59:2.83;-0.59:2.83;-0.59:2.83;-0.59:2.83,-0.59:2.83;-0.59:2.83;-0.59:2.83;-0.59:2.83;-0.59:2.83;-0.59:2.83;-0.61:2.85;-0.63:2.85;-0.64:2.86;-0.67:2.82;-0.67:2.82;-0.67:2.82,-0.6007551:2.826194;-0.6046134:2.818661;-0.6131296:2.817569;-0.6251466:2.816706;-0.6302158:2.814128;-0.6340818:2.820627;-0.634684:2.807684;-0.6255791:2.805831;-0.6249743:2.794722;-0.6247601:2.793406;-0.625789:2.785112;-0.6092259:2.772415
sigma3_hotel_seed42,HOTEL:biwi_hotel:371:16190,HOTEL,biwi_hotel,biwi_hotel:371,16190,3,0.03654898330569267,0.06266467273235321,0.0,0.0,0.0,0.0,1.0,-0.66:3.35;-0.66:3.35;-0.66:3.35;-0.66:3.35;-0.66:3.35;-0.66:3.35;-0.66:3.35;-0.66:3.35,-0.66:3.35;-0.66:3.35;-0.66:3.35;-0.66:3.35;-0.66:3.35;-0.66:3.35;-0.66:3.35;-0.67:3.35;-0.69:3.35;-0.71:3.34;-0.72:3.34;-0.72:3.34,-0.6707551:3.346194;-0.6746134:3.338661;-0.6831296:3.337569;-0.6951467:3.336706;-0.7002158:3.334128;-0.7040819:3.340627;-0.704684:3.327684;-0.6955792:3.325831;-0.6949744:3.314722;-0.6947601:3.313406;-0.6957891:3.305112;-0.6792259:3.292415
sigma3_hotel_seed42,HOTEL:biwi_hotel:375:16190,HOTEL,biwi_hotel,biwi_hotel:375,16190,3,1.6778169870376587,3.6148123741149902,1.315294623374939,1.3248040676116943,0.7526552081108093,0.7880097031593323,2.75,1.16:1.35;1.15:0.86;1.26:0.33;1.27:-0.19;1.23:-0.76;1.24:-1.21;1.26:-1.82;1.18:-2.34,1.18:-2.88;1.25:-3.46;1.18:-4.06;1.16:-4.62;1.23:-5.19;1.34:-5.64;1.37:-6.19;1.34:-6.77;1.3:-7.29;1.29:-8;1.28:-8.57;1.45:-9.06,1.023575:-2.822388;0.854722:-3.323843;0.6366374:-3.797127;0.558927:-4.190645;0.3549143:-4.597459;0.1236393:-4.980103;-0.1500127:-5.22914;-0.3203412:-5.610708;-0.5882354:-5.811753;-0.7652905:-6.135635;-0.9917821:-6.380599;-1.225824:-6.629603
sigma3_hotel_seed42,HOTEL:biwi_hotel:376:16190,HOTEL,biwi_hotel,biwi_hotel:376,16190,3,1.4977635145187378,3.344571590423584,1.3308831453323364,1.2887285947799683,0.27178582549095154,0.4336042106151581,2.625,1.89:1.49;1.88:1.01;1.91:0.53;1.9:-0;1.86:-0.51;1.86:-1.05;1.8:-1.58;1.75:-2.11,1.77:-2.67;1.79:-3.23;1.82:-3.77;1.84:-4.33;1.87:-4.89;1.84:-5.45;1.84:-6.01;1.85:-6.6;1.87:-7.22;1.98:-7.78;2.01:-8.3;2.07:-8.88,1.644995:-2.586337;1.525438:-3.082024;1.348729:-3.555871;1.316184:-3.943887;1.158367:-4.344673;0.9792593:-4.727765;0.7413671:-4.979789;0.6134286:-5.347945;0.3913047:-5.549822;0.2557076:-5.878097;0.07038105:-6.113589;-0.1244996:-6.356049
sigma3_hotel_seed42,HOTEL:biwi_hotel:378:16190,HOTEL,biwi_hotel,biwi_hotel:378,16190,3,0.7947704195976257,1.201411485671997,0.48541221022605896,0.5459699630737305,1.0769983530044556,3.2726352214813232,0.125,-1.06:-2.3;-1.1:-2.19;-1.14:-1.97;-1.15:-1.8;-1.4:-1.49;-1.58:-1.34;-1.45:-1.2;-1.41:-1.01,-1.38:-0.88;-1.66:-0.52;-1.73:-0.32;-1.71:-0.12;-1.81:0.04;-1.97:0.19;-2.11:0.3;-2.22:0.45;-2.37:0.53;-2.52:0.48;-2.61:0.48;-2.63:0.52,-1.404844:-0.8706284;-1.406862:-0.7318965;-1.375275:-0.6435693;-1.373606:-0.5471726;-1.371048:-0.4621546;-1.418094:-0.3850268;-1.420409:-0.2814607;-1.374267:-0.2333359;-1.41894:-0.1408883;-1.518393:-0.01233011;-1.469291:0.04158056;-1.49531:0.1251976
sigma3_hotel_seed42,HOTEL:biwi_hotel:356:16200,HOTEL,biwi_hotel,biwi_hotel:356,16200,3,0.2056618481874466,0.3784390687942505,0.055901698768138885,0.28951495885849,1.326221227645874,13.501031875610352,1.5,0.29:0.23;0.35:0.2;0.18:0.38;0.24:0.32;0.27:0.14;0.33:0.1;0.21:0.16;0.23:0.15,0.22:0.19;0.22:0.14;0.22:0.15;0.24:0.13;0.24:0.16;0.27:0.18;0.28:0.18;0.3:0.18;0.26:0.13;0.22:0.15;0.24:0.15;0.24:0.17,0.216054:0.1206259;0.2069731:0.1002079;0.1976593:0.08276519;0.1928789:0.04508212;0.1708564:0.02057071;0.1495713:-0.008089513;0.1403176:-0.04662052;0.1044858:-0.05649073;0.09151638:-0.07080342;0.07181858:-0.08265707;0.04745622:-0.1058317;-0.01097216:-0.1132474
sigma3_hotel_seed42,HOTEL:biwi_hotel:361:16200,HOTEL,biwi_hotel,biwi_hotel:361,16200,3,0.15327058732509613,0.2473427802324295,0.05000000074505806,0.03314324840903282,0.1487511396408081,1.292496681213379,0.0,-0.89:-6.71;-0.89:-6.71;-0.89:-6.71;-0.89:-6.71;-0.89:-6.71;-0.89:-6.71;-0.87:-6.64;-0.85:-6.64,-0.86:-6.75;-0.86:-6.83;-0.85:-6.88;-0.71:-6.73;-0.66:-6.64;-0.71:-6.7;-0.72:-6.71;-0.72:-6.71;-0.72:-6.71;-0.72:-6.71;-0.72:-6.71;-0.72:-6.71,-0.8294773:-6.641374;-0.7955614:-6.644492;-0.7685105:-6.634099;-0.7463067:-6.632479;-0.721664:-6.62966;-0.686988:-6.617307;-0.6559168:-6.635425;-0.6190299:-6.624671;-0.585488:-6.638699;-0.5506825:-6.636208;-0.5274733:-6.643297;-0.479003:-6.654333
sigma3_hotel_seed42,HOTEL:biwi_hotel:369:16200,HOTEL,biwi_hotel,biwi_hotel:369,16200,3,0.04260052740573883,0.07718697935342789,0.0,0.0,0.0,0.0,1.0,-0.59:2.83;-0.59:2.83;-0.59:2.83;-0.59:2.83;-0.59:2.83;-0.59:2.83;-0.59:2.83;-0.59:2.83,-0.59:2.83;-0.59:2.83;-0.59:2.83;-0.59:2.83;-0.59:2.83;-0.61:2.85;-0.63:2.85;-0.64:2.86;-0.67:2.82;-0.67:2.82;-0.67:2.82;-0.67:2.82,-0.6007551:2.826194;-0.6046134:2.818661;-0.6131296:2.817569;-0.6251466:2.816706;-0.6302158:2.814128;-0.6340818:2.820627;-0.634684:2.807684;-0.6255791:2.805831;-0.6249743:2.794722;-0.6247601:2.793406;-0.625789:2.785112;-0.6092259:2.772415
sigma3_hotel_seed42,HOTEL:biwi_hotel:371:16200,HOTEL,biwi_hotel,biwi_hotel:371,16200,3,0.04229980334639549,0.15097185969352722,0.0,0.0,0.0,0.0,1.0,-0.66:3.35;-0.66:3.35;-0.66:3.35;-0.66:3.35;-0.66:3.35;-0.66:3.35;-0.66:3.35;-0.66:3.35,-0.66:3.35;-0.66:3.35;-0.66:3.35;-0.66:3.35;-0.66:3.35;-0.66:3.35;-0.67:3.35;-0.69:3.35;-0.71:3.34;-0.72:3.34;-0.72:3.34;-0.78:3.18,-0.6707551:3.346194;-0.6746134:3.338661;-0.6831296:3.337569;-0.6951467:3.336706;-0.7002158:3.334128;-0.7040819:3.340627;-0.704684:3.327684;-0.6955792:3.325831;-0.6949744:3.314722;-0.6947601:3.313406;-0.6957891:3.305112;-0.6792259:3.292415
sigma3_hotel_seed42,HOTEL:biwi_hotel:378:16200,HOTEL,biwi_hotel,biwi_hotel:378,16200,3,1.2055290937423706,1.6917673349380493,0.333541601896286,0.5518162846565247,1.0257771015167236,3.1230204105377197,0.25,-1.1:-2.19;-1.14:-1.97;-1.15:-1.8;-1.4:-1.49;-1.58:-1.34;-1.45:-1.2;-1.41:-1.01;-1.38:-0.88,-1.66:-0.52;-1.73:-0.32;-1.71:-0.12;-1.81:0.04;-1.97:0.19;-2.11:0.3;-2.22:0.45;-2.37:0.53;-2.52:0.48;-2.61:0.48;-2.63:0.52;-2.63:0.54,-1.340472:-0.786625;-1.292251:-0.6818273;-1.22426:-0.614642;-1.188326:-0.5532788;-1.159057:-0.4873117;-1.147802:-0.4442386;-1.099983:-0.3753901;-1.067062:-0.3321947;-1.056595:-0.2687575;-1.096599:-0.1712133;-1.038245:-0.1311722;-1.05269:-0.07169378
sigma3_hotel_seed42,HOTEL:biwi_hotel:356:16210,HOTEL,biwi_hotel,biwi_hotel:356,16210,3,0.22339417040348053,0.28888487815856934,0.10307764261960983,0.28028246760368347,1.062535047531128,12.989176750183105,1.25,0.35:0.2;0.18:0.38;0.24:0.32;0.27:0.14;0.33:0.1;0.21:0.16;0.23:0.15;0.22:0.19,0.22:0.14;0.22:0.15;0.24:0.13;0.24:0.16;0.27:0.18;0.28:0.18;0.3:0.18;0.26:0.13;0.22:0.15;0.24:0.15;0.24:0.17;0.24:0.17,0.1984508:0.2225681;0.1749127:0.2434003;0.1641372:0.2710714;0.1451104:0.3047777;0.1346567:0.3086405;0.09516045:0.3552765;0.07787183:0.3563668;0.1113822:0.3677158;0.08828303:0.389942;0.07253832:0.4014325;0.06726009:0.4007829;0.07719056:0.4086369
sigma3_hotel_seed42,HOTEL:biwi_hotel:361:16210,HOTEL,biwi_hotel,biwi_hotel:361,16210,3,0.39465591311454773,0.6283583045005798,0.27613401412963867,0.07259096950292587,0.26751941442489624,2.9539527893066406,0.0,-0.89:-6.71;-0.89:-6.71;-0.89:-6.71;-0.89:-6.71;-0.89:-6.71;-0.87:-6.64;-0.85:-6.64;-0.86:-6.75,-0.86:-6.83;-0.85:-6.88;-0.71:-6.73;-0.66:-6.64;-0.71:-6.7;-0.72:-6.71;-0.72:-6.71;-0.72:-6.71;-0.72:-6.71;-0.72:-6.71;-0.72:-6.71;-0.72:-6.71,-0.8266845:-6.815423;-0.7939837:-6.867162;-0.7758207:-6.935637;-0.7557508:-6.999583;-0.733786:-7.049311;-0.705542:-7.112076;-0.6928759:-7.165513;-0.6867667:-7.20454;-0.6587621:-7.249019;-0.669746:-7.279247;-0.6528821:-7.313554;-0.6851285:-7.33739
sigma3_hotel_seed42,HOTEL:biwi_hotel:369:16210,HOTEL,biwi_hotel,biwi_hotel:369,16210,3,0.04192886874079704,0.07893198728561401,0.0,0.0,0.0,0.0,1.0,-0.59:2.83;-0.59:2.83;-0.59:2.83;-0.59:2.83;-0.59:2.83;-0.59:2.83;-0.59:2.83;-0.59:2.83,-0.59:2.83;-0.59:2.83;-0.59:2.83;-0.59:2.83;-0.61:2.85;-0.63:2.85;-0.64:2.86;-0.67:2.82;-0.67:2.82;-0.67:2.82;-0.67:2.82;-0.65:2.84,-0.6007551:2.826194;-0.6046134:2.818661;-0.6131296:2.817569;-0.6251466:2.816706;-0.6302158:2.814128;-0.6340818:2.820627;-0.634684:2.807684;-0.6255791:2.805831;-0.6249743:2.794722;-0.6247601:2.793406;-0.625789:2.785112;-0.6092259:2.772415
sigma3_hotel_seed42,HOTEL:biwi_hotel:371:16210,HOTEL,biwi_hotel,biwi_hotel:371,16210,3,0.04655847325921059,0.11640221625566483,0.0,0.0,0.0,0.0,1.0,-0.66:3.35;-0.66:3.35;-0.66:3.35;-0.66:3.35;-0.66:3.35;-0.66:3.35;-0.66:3.35;-0.66:3.35,-0.66:3.35;-0.66:3.35;-0.66:3.35;-0.66:3.35;-0.66:3.35;-0.67:3.35;-0.69:3.35;-0.71:3.34;-0.72:3.34;-0.72:3.34;-0.78:3.18;-0.75:3.2,-0.6707551:3.346194;-0.6746134:3.338661;-0.6831296:3.337569;-0.6951467:3.336706;-0.7002158:3.334128;-0.7040819:3.340627;-0.704684:3.327684;-0.6955792:3.325831;-0.6949744:3.314722;-0.6947601:3.313406;-0.6957891:3.305112;-0.6792259:3.292415
sigma3_hotel_seed42,HOTEL:biwi_hotel:378:16210,HOTEL,biwi_hotel,biwi_hotel:378,16210,3,0.8723402619361877,1.7555882930755615,1.140175461769104,0.634838879108429,1.3671268224716187,3.8897647857666016,0.25,-1.14:-1.97;-1.15:-1.8;-1.4:-1.49;-1.58:-1.34;-1.45:-1.2;-1.41:-1.01;-1.38:-0.88;-1.66:-0.52,-1.73:-0.32;-1.71:-0.12;-1.81:0.04;-1.97:0.19;-2.11:0.3;-2.22:0.45;-2.37:0.53;-2.52:0.48;-2.61:0.48;-2.63:0.52;-2.63:0.54;-2.63:0.56,-1.841713:-0.2198788;-2.067659:0.03228384;-2.287176:0.2242967;-2.460837:0.407285;-2.632514:0.6121379;-2.86973:0.7553248;-3.106953:0.9166036;-3.196603:1.083298;-3.421708:1.246299;-3.700957:1.428056;-3.766825:1.578562;-3.927969:1.742103
sigma3_hotel_seed42,HOTEL:biwi_hotel:356:16220,HOTEL,biwi_hotel,biwi_hotel:356,16220,3,0.3001043498516083,0.4084485173225403,0.125,0.20971518754959106,0.8105959296226501,12.772761344909668,1.0,0.18:0.38;0.24:0.32;0.27:0.14;0.33:0.1;0.21:0.16;0.23:0.15;0.22:0.19;0.22:0.14,0.22:0.15;0.24:0.13;0.24:0.16;0.27:0.18;0.28:0.18;0.3:0.18;0.26:0.13;0.22:0.15;0.24:0.15;0.24:0.17;0.24:0.17;0.22:0.08,0.2393772:0.0876197;0.2567563:0.04971004;0.2611233:-0.005359843;0.2692278:-0.05243728;0.2783431:-0.0957253;0.293745:-0.1431706;0.2964398:-0.1934206;0.2877683:-0.2175943;0.3084331:-0.2497607;0.3022405:-0.2840953;0.2999706:-0.3104591;0.2584478:-0.3266349
sigma3_hotel_seed42,HOTEL:biwi_hotel:361:16220,HOTEL,biwi_hotel,biwi_hotel:361,16220,3,0.5974686741828918,0.9114014506340027,0.20000000298023224,0.1011623963713646,0.3004598021507263,3.0446128845214844,0.0,-0.89:-6.71;-0.89:-6.71;-0.89:-6.71;-0.89:-6.71;-0.87:-6.64;-0.85:-6.64;-0.86:-6.75;-0.86:-6.83,-0.85:-6.88;-0.71:-6.73;-0.66:-6.64;-0.71:-6.7;-0.72:-6.71;-0.72:-6.71;-0.72:-6.71;-0.72:-6.71;-0.72:-6.71;-0.72:-6.71;-0.72:-6.71;-0.72:-6.71,-0.8528464:-6.912944;-0.8548747:-6.983775;-0.8614015:-7.066657;-0.8673397:-7.152476;-0.8663028:-7.21598;-0.8702296:-7.289132;-0.8855217:-7.350781;-0.8910725:-7.410874;-0.8941223:-7.471941;-0.9389989:-7.501905;-0.9382359:-7.552806;-0.9885098:-7.580951
sigma3_hotel_seed42,HOTEL:biwi_hotel:369:16220,HOTEL,biwi_hotel,biwi_hotel:369,16220,3,0.041290994733572006,0.07893198728561401,0.0,0.0,0.0,0.0,1.0,-0.59:2.83;-0.59:2.83;-0.59:2.83;-0.59:2.83;-0.59:2.83;-0.59:2.83;-0.59:2.83;-0.59:2.83,-0.59:2.83;-0.59:2.83;-0.59:2.83;-0.61:2.85;-0.63:2.85;-0.64:2.86;-0.67:2.82;-0.67:2.82;-0.67:2.82;-0.67:2.82;-0.65:2.84;-0.65:2.84,-0.6007551:2.826194;-0.6046134:2.818661;-0.6131296:2.817569;-0.6251466:2.816706;-0.6302158:2.814128;-0.6340818:2.820627;-0.634684:2.807684;-0.6255791:2.805831;-0.6249743:2.794722;-0.6247601:2.793406;-0.625789:2.785112;-0.6092259:2.772415
sigma3_hotel_seed42,HOTEL:biwi_hotel:371:16220,HOTEL,biwi_hotel,biwi_hotel:371,16220,3,0.045651257038116455,0.04922866448760033,0.0,0.0,0.0,0.0,1.0,-0.66:3.35;-0.66:3.35;-0.66:3.35;-0.66:3.35;-0.66:3.35;-0.66:3.35;-0.66:3.35;-0.66:3.35,-0.66:3.35;-0.66:3.35;-0.66:3.35;-0.66:3.35;-0.67:3.35;-0.69:3.35;-0.71:3.34;-0.72:3.34;-0.72:3.34;-0.78:3.18;-0.75:3.2;-0.72:3.32,-0.6707551:3.346194;-0.6746134:3.338661;-0.6831296:3.337569;-0.6951467:3.336706;-0.7002158:3.334128;-0.7040819:3.340627;-0.704684:3.327684;-0.6955792:3.325831;-0.6949744:3.314722;-0.6947601:3.313406;-0.6957891:3.305112;-0.6792259:3.292415
sigma3_hotel_seed42,HOTEL:biwi_hotel:356:16230,HOTEL,biwi_hotel,biwi_hotel:356,16230,3,0.08173034340143204,0.0822761133313179,0.02500000037252903,0.18298204243183136,0.7442489266395569,15.29410457611084,0.875,0.24:0.32;0.27:0.14;0.33:0.1;0.21:0.16;0.23:0.15;0.22:0.19;0.22:0.14;0.22:0.15,0.24:0.13;0.24:0.16;0.27:0.18;0.28:0.18;0.3:0.18;0.26:0.13;0.22:0.15;0.24:0.15;0.24:0.17;0.24:0.17;0.22:0.08;0.24:0.12,0.2058103:0.1471659;0.2017863:0.140678;0.1946469:0.1441796;0.1831145:0.1387455;0.1729526:0.1386431;0.1637515:0.1410297;0.1666114:0.1289912;0.1649844:0.1266603;0.1617077:0.1185637;0.1573012:0.1222598;0.1549454:0.1133026;0.1600264:0.1006718
sigma3_hotel_seed42,HOTEL:biwi_hotel:361:16230,HOTEL,biwi_hotel,biwi_hotel:361,16230,3,0.4425518810749054,0.6234861016273499,0.12747548520565033,0.11937317997217178,0.3334001898765564,3.2420084476470947,0.0,-0.89:-6.71;-0.89:-6.71;-0.89:-6.71;-0.87:-6.64;-0.85:-6.64;-0.86:-6.75;-0.86:-6.83;-0.85:-6.88,-0.71:-6.73;-0.66:-6.64;-0.71:-6.7;-0.72:-6.71;-0.72:-6.71;-0.72:-6.71;-0.72:-6.71;-0.72:-6.71;-0.72:-6.71;-0.72:-6.71;-0.72:-6.71;-0.72:-6.71,-0.8586974:-6.920362;-0.8583158:-6.949066;-0.8648434:-6.976493;-0.8719906:-7.02483;-0.8915396:-7.051727;-0.9010315:-7.094556;-0.9089526:-7.138073;-0.9527639:-7.150042;-0.9566508:-7.173099;-0.9856896:-7.18625;-1.00412:-7.207967;-1.076159:-7.221747
sigma3_hotel_seed42,HOTEL:biwi_hotel:369:16230,HOTEL,biwi_hotel,biwi_hotel:369,16230,3,0.04220401123166084,0.07892102003097534,0.0,0.0,0.0,0.0,1.0,-0.59:2.83;-0.59:2.83;-0.59:2.83;-0.59:2.83;-0.59:2.83;-0.59:2.83;-0.59:2.83;-0.59:2.83,-0.59:2.83;-0.59:2.83;-0.61:2.85;-0.63:2.85;-0.64:2.86;-0.67:2.82;-0.67:2.82;-0.67:2.82;-0.67:2.82;-0.65:2.84;-0.65:2.84;-0.65:2.84,-0.6007596:2.826191;-0.604622:2.818656;-0.6131434:2.81756;-0.625166:2.816695;-0.63024:2.814117;-0.6341087:2.820611;-0.6347145:2.807669;-0.6256177:2.805814;-0.6250163:2.794702;-0.6248078:2.793387;-0.6258401:2.785092;-0.6092823:2.772394
sigma3_hotel_seed42,HOTEL:biwi_hotel:371:16230,HOTEL,biwi_hotel,biwi_hotel:371,16230,3,0.04447832331061363,0.06264408677816391,0.0,0.0,0.0,0.0,1.0,-0.66:3.35;-0.66:3.35;-0.66:3.35;-0.66:3.35;-0.66:3.35;-0.66:3.35;-0.66:3.35;-0.66:3.35,-0.66:3.35;-0.66:3.35;-0.66:3.35;-0.67:3.35;-0.69:3.35;-0.71:3.34;-0.72:3.34;-0.72:3.34;-0.78:3.18;-0.75:3.2;-0.72:3.32;-0.72:3.34,-0.6707597:3.346191;-0.6746221:3.338656;-0.6831435:3.33756;-0.6951661:3.336695;-0.7002401:3.334117;-0.7041088:3.340611;-0.7047145:3.327669;-0.6956177:3.325814;-0.6950164:3.314702;-0.6948078:3.313387;-0.6958401:3.305092;-0.6792824:3.292394
sigma3_hotel_seed42,HOTEL:biwi_hotel:356:16240,HOTEL,biwi_hotel,biwi_hotel:356,16240,3,0.2619728147983551,0.4741264581680298,0.0707106813788414,0.12791110575199127,0.6326627731323242,16.83265495300293,0.625,0.27:0.14;0.33:0.1;0.21:0.16;0.23:0.15;0.22:0.19;0.22:0.14;0.22:0.15;0.24:0.13,0.24:0.16;0.27:0.18;0.28:0.18;0.3:0.18;0.26:0.13;0.22:0.15;0.24:0.15;0.24:0.17;0.24:0.17;0.22:0.08;0.24:0.12;0.22:0.13,0.2659239:0.1044212;0.3132747:0.08211099;0.3502892:0.08906284;0.3878222:0.06395555;0.4135578:0.05072036;0.4609756:0.04815115;0.4919696:0.001189858;0.5233156:0.01205099;0.5654709:-0.01870848;0.6035901:-0.02178726;0.6225332:-0.04400629;0.6518261:-0.06576028
sigma3_hotel_seed42,HOTEL:biwi_hotel:361:16240,HOTEL,biwi_hotel,biwi_hotel:361,16240,3,1.0188149213790894,1.7749783992767334,0.5129570960998535,0.19265276193618774,0.5818764567375183,5.435276508331299,0.0,-0.89:-6.71;-0.89:-6.71;-0.87:-6.64;-0.85:-6.64;-0.86:-6.75;-0.86:-6.83;-0.85:-6.88;-0.71:-6.73,-0.66:-6.64;-0.71:-6.7;-0.72:-6.71;-0.72:-6.71;-0.72:-6.71;-0.72:-6.71;-0.72:-6.71;-0.72:-6.71;-0.72:-6.71;-0.72:-6.71;-0.72:-6.71;-0.72:-6.71,-0.5402623:-6.645604;-0.3849694:-6.535738;-0.2351024:-6.523198;-0.09397012:-6.429901;0.05244309:-6.384562;0.1942918:-6.339725;0.3039096:-6.278811;0.4646649:-6.224329;0.5808453:-6.170387;0.6617336:-6.126597;0.7882506:-6.073309;0.9045318:-5.994846
sigma3_hotel_seed42,HOTEL:biwi_hotel:369:16240,HOTEL,biwi_hotel,biwi_hotel:369,16240,3,0.03832848742604256,0.009572051465511322,0.0,0.0,0.0,0.0,1.0,-0.59:2.83;-0.59:2.83;-0.59:2.83;-0.59:2.83;-0.59:2.83;-0.59:2.83;-0.59:2.83;-0.59:2.83,-0.59:2.83;-0.61:2.85;-0.63:2.85;-0.64:2.86;-0.67:2.82;-0.67:2.82;-0.67:2.82;-0.67:2.82;-0.65:2.84;-0.65:2.84;-0.65:2.84;-0.6:2.77,-0.6007585:2.826191;-0.6046194:2.818655;-0.6131396:2.81756;-0.6251609:2.816694;-0.6302339:2.814116;-0.634101:2.820611;-0.6347057:2.807668;-0.625608:2.805813;-0.6250053:2.794701;-0.6247955:2.793386;-0.625827:2.785091;-0.6092682:2.772393
sigma3_hotel_seed42,HOTEL:biwi_hotel:371:16240,HOTEL,biwi_hotel,biwi_hotel:371,16240,3,0.04025092348456383,0.009572109207510948,0.0,0.0,0.0,0.0,1.0,-0.66:3.35;-0.66:3.35;-0.66:3.35;-0.66:3.35;-0.66:3.35;-0.66:3.35;-0.66:3.35;-0.66:3.35,-0.66:3.35;-0.66:3.35;-0.67:3.35;-0.69:3.35;-0.71:3.34;-0.72:3.34;-0.72:3.34;-0.78:3.18;-0.75:3.2;-0.72:3.32;-0.72:3.34;-0.67:3.29,-0.6707585:3.346191;-0.6746194:3.338655;-0.6831396:3.33756;-0.695161:3.336694;-0.7002339:3.334116;-0.704101:3.340611;-0.7047058:3.327668;-0.695608:3.325813;-0.6950054:3.314701;-0.6947955:3.313386;-0.6958271:3.305091;-0.6792683:3.292392
sigma3_hotel_seed42,HOTEL:biwi_hotel:356:16250,HOTEL,biwi_hotel,biwi_hotel:356,16250,3,0.23825813829898834,0.45213252305984497,0.07500000298023224,0.11287146061658859,0.4742659330368042,16.171611785888672,0.375,0.33:0.1;0.21:0.16;0.23:0.15;0.22:0.19;0.22:0.14;0.22:0.15;0.24:0.13;0.24:0.16,0.27:0.18;0.28:0.18;0.3:0.18;0.26:0.13;0.22:0.15;0.24:0.15;0.24:0.17;0.24:0.17;0.22:0.08;0.24:0.12;0.22:0.13;0.25:0.12,0.2672659:0.1809944;0.2980856:0.1948852;0.3337933:0.2196951;0.3733277:0.2454532;0.4059284:0.2411277;0.4213538:0.2821981;0.4486562:0.2661246;0.5208293:0.281766;0.5446295:0.2950379;0.5900531:0.295073;0.612636:0.2859417;0.6692001:0.2893962
sigma3_hotel_seed42,HOTEL:biwi_hotel:361:16250,HOTEL,biwi_hotel,biwi_hotel:361,16250,3,0.4535197913646698,0.7028669714927673,0.2573907673358917,0.22942288219928741,0.6187154650688171,5.679106712341309,0.0,-0.89:-6.71;-0.87:-6.64;-0.85:-6.64;-0.86:-6.75;-0.86:-6.83;-0.85:-6.88;-0.71:-6.73;-0.66:-6.64,-0.71:-6.7;-0.72:-6.71;-0.72:-6.71;-0.72:-6.71;-0.72:-6.71;-0.72:-6.71;-0.72:-6.71;-0.72:-6.71;-0.72:-6.71;-0.72:-6.71;-0.72:-6.71;-0.62:-6.81,-0.6123105:-6.593127;-0.563045:-6.523602;-0.5189199:-6.501451;-0.4849804:-6.452283;-0.4490914:-6.424134;-0.4051198:-6.397391;-0.3674357:-6.37728;-0.3442071:-6.333251;-0.2993499:-6.301058;-0.2805865:-6.276318;-0.2571606:-6.248067;-0.2579738:-6.207539
sigma3_hotel_seed42,HOTEL:biwi_hotel:369:16250,HOTEL,biwi_hotel,biwi_hotel:369,16250,3,0.04676861688494682,0.11009126901626587,0.0,0.0,0.0,0.0,1.0,-0.59:2.83;-0.59:2.83;-0.59:2.83;-0.59:2.83;-0.59:2.83;-0.59:2.83;-0.59:2.83;-0.59:2.83,-0.61:2.85;-0.63:2.85;-0.64:2.86;-0.67:2.82;-0.67:2.82;-0.67:2.82;-0.67:2.82;-0.65:2.84;-0.65:2.84;-0.65:2.84;-0.6:2.77;-0.7:2.71,-0.6007605:2.82619;-0.6046237:2.818655;-0.6131462:2.817559;-0.62517:2.816692;-0.6302451:2.814115;-0.6341141:2.820607;-0.6347202:2.807666;-0.6256257:2.80581;-0.6250251:2.794698;-0.6248176:2.793382;-0.6258505:2.785088;-0.6092936:2.772389
sigma3_hotel_seed42,HOTEL:biwi_hotel:371:16250,HOTEL,biwi_hotel,biwi_hotel:371,16250,3,0.04761284217238426,0.08686917275190353,0.0,0.0,0.0,0.0,1.0,-0.66:3.35;-0.66:3.35;-0.66:3.35;-0.66:3.35;-0.66:3.35;-0.66:3.35;-0.66:3.35;-0.66:3.35,-0.66:3.35;-0.67:3.35;-0.69:3.35;-0.71:3.34;-0.72:3.34;-0.72:3.34;-0.78:3.18;-0.75:3.2;-0.72:3.32;-0.72:3.34;-0.67:3.29;-0.61:3.24,-0.6707606:3.34619;-0.6746237:3.338655;-0.6831463:3.337559;-0.69517:3.336692;-0.7002451:3.334115;-0.7041141:3.340607;-0.7047203:3.327666;-0.6956258:3.32581;-0.6950251:3.314698;-0.6948177:3.313382;-0.6958506:3.305088;-0.6792936:3.292389
sigma3_hotel_seed42,HOTEL:biwi_hotel:380:16250,HOTEL,biwi_hotel,biwi_hotel:380,16250,3,0.8872365355491638,2.359511137008667,1.453444242477417,1.3946930170059204,0.17513082921504974,0.20610129833221436,0.0,1.82:3.63;1.9:3.12;2.01:2.57;2.09:2.01;2.17:1.46;2.24:0.9;2.27:0.34;2.31:-0.24,2.3:-0.81;2.27:-1.36;2.22:-1.94;2.17:-2.53;2.15:-3.09;2.16:-3.68;2.16:-4.28;2.21:-4.88;2.22:-5.48;2.2:-6.05;2.18:-6.65;2.18:-7.23,2.27569:-0.7858232;2.225099:-1.361133;2.096775:-1.912981;2.140635:-2.351608;2.038668:-2.81863;1.911458:-3.25911;1.701744:-3.554145;1.639642:-3.974839;1.458614:-4.201039;1.374283:-4.592267;1.2354:-4.856553;1.07943:-5.142888
sigma3_hotel_seed42,HOTEL:biwi_hotel:356:16260,HOTEL,biwi_hotel,biwi_hotel:356,16260,3,0.2231551855802536,0.3535892069339752,0.09013878554105759,0.07783268392086029,0.34415969252586365,14.012811660766602,0.375,0.21:0.16;0.23:0.15;0.22:0.19;0.22:0.14;0.22:0.15;0.24:0.13;0.24:0.16;0.27:0.18,0.28:0.18;0.3:0.18;0.26:0.13;0.22:0.15;0.24:0.15;0.24:0.17;0.24:0.17;0.22:0.08;0.24:0.12;0.22:0.13;0.25:0.12;0.24:0.14,0.3034899:0.1639097;0.3374464:0.1585359;0.3671528:0.1418668;0.4053444:0.1266802;0.4294083:0.107377;0.4541323:0.09297326;0.484222:0.06211229;0.5001022:0.06178334;0.5291617:0.05501425;0.5632477:0.03655809;0.5717384:0.02136716;0.5739577:0.02382082
sigma3_hotel_seed42,HOTEL:biwi_hotel:361:16260,HOTEL,biwi_hotel,biwi_hotel:361,16260,3,0.31526094675064087,0.6214480996131897,0.19525624811649323,0.2313162386417389,0.733587920665741,7.3405632972717285,0.0,-0.87:-6.64;-0.85:-6.64;-0.86:-6.75;-0.86:-6.83;-0.85:-6.88;-0.71:-6.73;-0.66:-6.64;-0.71:-6.7,-0.72:-6.71;-0.72:-6.71;-0.72:-6.71;-0.72:-6.71;-0.72:-6.71;-0.72:-6.71;-0.72:-6.71;-0.72:-6.71;-0.72:-6.71;-0.72:-6.71;-0.62:-6.81;-0.71:-6.72,-0.7564248:-6.729417;-0.7931731:-6.745659;-0.8306552:-6.754281;-0.89101:-6.789358;-0.9394794:-6.794518;-0.9667844:-6.81794;-1.011713:-6.854617;-1.083004:-6.841671;-1.109909:-6.874918;-1.178416:-6.872582;-1.221282:-6.879309;-1.310395:-6.880387
sigma3_hotel_seed42,HOTEL:biwi_hotel:369:16260,HOTEL,biwi_hotel,biwi_hotel:369,16260,3,0.27036887407302856,0.498320072889328,0.0707106813788414,0.010101525112986565,0.02946278266608715,0.0,1.0,-0.59:2.83;-0.59:2.83;-0.59:2.83;-0.59:2.83;-0.59:2.83;-0.59:2.83;-0.59:2.83;-0.61:2.85,-0.63:2.85;-0.64:2.86;-0.67:2.82;-0.67:2.82;-0.67:2.82;-0.67:2.82;-0.65:2.84;-0.65:2.84;-0.65:2.84;-0.6:2.77;-0.7:2.71;-0.72:2.67,-0.6539846:2.872587;-0.698431:2.89415;-0.7346066:2.920948;-0.7900822:2.951336;-0.8203555:2.954646;-0.8612603:3.002214;-0.9131812:2.991999;-0.9078414:3.017416;-0.9354339:3.022357;-0.986266:3.037494;-1.014674:3.04032;-1.04519:3.04759
sigma3_hotel_seed42,HOTEL:biwi_hotel:371:16260,HOTEL,biwi_hotel,biwi_hotel:371,16260,3,0.05885589122772217,0.09500250220298767,0.0,0.0,0.0,0.0,1.0,-0.66:3.35;-0.66:3.35;-0.66:3.35;-0.66:3.35;-0.66:3.35;-0.66:3.35;-0.66:3.35;-0.66:3.35,-0.67:3.35;-0.69:3.35;-0.71:3.34;-0.72:3.34;-0.72:3.34;-0.78:3.18;-0.75:3.2;-0.72:3.32;-0.72:3.34;-0.67:3.29;-0.61:3.24;-0.6:3.24,-0.6707559:3.346194;-0.674615:3.338661;-0.6831321:3.337568;-0.6951501:3.336705;-0.7002201:3.334128;-0.7040867:3.340626;-0.7046891:3.327684;-0.6955858:3.32583;-0.6949818:3.314721;-0.6947683:3.313406;-0.6957978:3.305111;-0.679235:3.292415
sigma3_hotel_seed42,HOTEL:biwi_hotel:380:16260,HOTEL,biwi_hotel,biwi_hotel:380,16260,3,1.2060664892196655,2.8856351375579834,1.4252192974090576,1.4139256477355957,0.17616227269172668,0.25069910287857056,0.0,1.9:3.12;2.01:2.57;2.09:2.01;2.17:1.46;2.24:0.9;2.27:0.34;2.31:-0.24;2.3:-0.81,2.27:-1.36;2.22:-1.94;2.17:-2.53;2.15:-3.09;2.16:-3.68;2.16:-4.28;2.21:-4.88;2.22:-5.48;2.2:-6.05;2.18:-6.65;2.18:-7.23;2.12:-7.86,2.20391:-1.33441;2.093933:-1.885242;1.916454:-2.409659;1.901585:-2.832998;1.745508:-3.279486;1.563351:-3.700488;1.315858:-3.978417;1.197792:-4.386916;0.9688755:-4.602662;0.8385293:-4.971426;0.651902:-5.229472;0.4541037:-5.5038
sigma3_hotel_seed42,HOTEL:biwi_hotel:356:16270,HOTEL,biwi_hotel,biwi_hotel:356,16270,3,0.15278466045856476,0.28724005818367004,0.02500000037252903,0.07341815531253815,0.3128834068775177,12.321392059326172,0.25,0.23:0.15;0.22:0.19;0.22:0.14;0.22:0.15;0.24:0.13;0.24:0.16;0.27:0.18;0.28:0.18,0.3:0.18;0.26:0.13;0.22:0.15;0.24:0.15;0.24:0.17;0.24:0.17;0.22:0.08;0.24:0.12;0.22:0.13;0.25:0.12;0.24:0.14;0.22:0.13,0.2890997:0.1679415;0.3116386:0.1542454;0.3255247:0.1573211;0.3374285:0.1500722;0.3508208:0.1417104;0.3742746:0.14906;0.387723:0.1201728;0.4166768:0.1255266;0.4402621:0.1060103;0.4604592:0.1027143;0.4718733:0.08892491;0.5010798:0.07083073
sigma3_hotel_seed42,HOTEL:biwi_hotel:361:16270,HOTEL,biwi_hotel,biwi_hotel:361,16270,3,0.23293650150299072,0.4518885910511017,0.0353553406894207,0.22922413051128387,0.6815188527107239,5.769766807556152,0.0,-0.85:-6.64;-0.86:-6.75;-0.86:-6.83;-0.85:-6.88;-0.71:-6.73;-0.66:-6.64;-0.71:-6.7;-0.72:-6.71,-0.72:-6.71;-0.72:-6.71;-0.72:-6.71;-0.72:-6.71;-0.72:-6.71;-0.72:-6.71;-0.72:-6.71;-0.72:-6.71;-0.72:-6.71;-0.62:-6.81;-0.71:-6.72;-0.65:-6.8,-0.7544096:-6.716677;-0.7876766:-6.723567;-0.8225254:-6.73005;-0.8719979:-6.729986;-0.8998606:-6.73705;-0.9283929:-6.729331;-0.9672601:-6.748682;-0.9816375:-6.743499;-1.00245:-6.756565;-1.045148:-6.761301;-1.069376:-6.764325;-1.10084:-6.769238
sigma3_hotel_seed42,HOTEL:biwi_hotel:369:16270,HOTEL,biwi_hotel,biwi_hotel:369,16270,3,0.19299356639385223,0.4278383255004883,0.05000000074505806,0.017244381830096245,0.0502961166203022,0.7853981852531433,1.0,-0.59:2.83;-0.59:2.83;-0.59:2.83;-0.59:2.83;-0.59:2.83;-0.59:2.83;-0.61:2.85;-0.63:2.85,-0.64:2.86;-0.67:2.82;-0.67:2.82;-0.67:2.82;-0.67:2.82;-0.65:2.84;-0.65:2.84;-0.65:2.84;-0.6:2.77;-0.7:2.71;-0.72:2.67;-0.57:2.7,-0.6622368:2.851247;-0.6984182:2.847824;-0.733562:2.841112;-0.7802608:2.850102;-0.8040598:2.841227;-0.8409464:2.85508;-0.8751346:2.843801;-0.8791668:2.841898;-0.9010905:2.840342;-0.9371761:2.832568;-0.9561496:2.830195;-0.9792668:2.824685
sigma3_hotel_seed42,HOTEL:biwi_hotel:371:16270,HOTEL,biwi_hotel,biwi_hotel:371,16270,3,0.08498095721006393,0.14011640846729279,0.02500000037252903,0.0035714285913854837,0.010416666977107525,0.0,1.0,-0.66:3.35;-0.66:3.35;-0.66:3.35;-0.66:3.35;-0.66:3.35;-0.66:3.35;-0.66:3.35;-0.67:3.35,-0.69:3.35;-0.71:3.34;-0.72:3.34;-0.72:3.34;-0.78:3.18;-0.75:3.2;-0.72:3.32;-0.72:3.34;-0.67:3.29;-0.61:3.24;-0.6:3.24;-0.6:3.24,-0.6767709:3.349436;-0.6722969:3.346154;-0.6796994:3.341373;-0.6931939:3.342742;-0.7008064:3.35239;-0.6953523:3.347417;-0.6941036:3.34632;-0.7031813:3.351566;-0.7005234:3.344014;-0.705963:3.345006;-0.7033296:3.351999;-0.6956034:3.342433
sigma3_hotel_seed42,HOTEL:biwi_hotel:380:16270,HOTEL,biwi_hotel,biwi_hotel:380,16270,3,1.4158140420913696,3.2045459747314453,1.3770439624786377,1.4103275537490845,0.1726846694946289,0.23215000331401825,0.0,2.01:2.57;2.09:2.01;2.17:1.46;2.24:0.9;2.27:0.34;2.31:-0.24;2.3:-0.81;2.27:-1.36,2.22:-1.94;2.17:-2.53;2.15:-3.09;2.16:-3.68;2.16:-4.28;2.21:-4.88;2.22:-5.48;2.2:-6.05;2.18:-6.65;2.18:-7.23;2.12:-7.86;2.14:-8.41,2.164383:-1.850677;2.04505:-2.364058;1.863331:-2.854252;1.834222:-3.252596;1.672685:-3.66725;1.489197:-4.063239;1.243715:-4.323257;1.114768:-4.702781;0.8864689:-4.907283;0.7506052:-5.250321;0.561072:-5.491192;0.3623352:-5.743725
sigma3_hotel_seed42,HOTEL:biwi_hotel:356:16280,HOTEL,biwi_hotel,biwi_hotel:356,16280,3,0.08777547627687454,0.11203670501708984,0.05000000074505806,0.06583563983440399,0.2289731353521347,9.42477798461914,0.125,0.22:0.19;0.22:0.14;0.22:0.15;0.24:0.13;0.24:0.16;0.27:0.18;0.28:0.18;0.3:0.18,0.26:0.13;0.22:0.15;0.24:0.15;0.24:0.17;0.24:0.17;0.22:0.08;0.24:0.12;0.22:0.13;0.25:0.12;0.24:0.14;0.22:0.13;0.27:0.14,0.2960522:0.1691641;0.3034905:0.1563008;0.3031102:0.1550048;0.2999928:0.1468879;0.3001864:0.1420378;0.3088749:0.1439722;0.3136073:0.1231633;0.3249874:0.1234404;0.3345871:0.1055592;0.3407679:0.1038818;0.3436106:0.09269311;0.3619023:0.07592037
sigma3_hotel_seed42,HOTEL:biwi_hotel:361:16280,HOTEL,biwi_hotel,biwi_hotel:361,16280,3,0.284172385931015,0.5582060813903809,0.0,0.18977642059326172,0.6633098721504211,5.679106712341309,0.0,-0.86:-6.75;-0.86:-6.83;-0.85:-6.88;-0.71:-6.73;-0.66:-6.64;-0.71:-6.7;-0.72:-6.71;-0.72:-6.71,-0.72:-6.71;-0.72:-6.71;-0.72:-6.71;-0.72:-6.71;-0.72:-6.71;-0.72:-6.71;-0.72:-6.71;-0.72:-6.71;-0.62:-6.81;-0.71:-6.72;-0.65:-6.8;-0.71:-6.72,-0.7655182:-6.729675;-0.7950873:-6.73382;-0.8227123:-6.722306;-0.8750426:-6.751607;-0.9219892:-6.747276;-0.9422457:-6.758311;-0.9827664:-6.794443;-1.049314:-6.767557;-1.073061:-6.799038;-1.138371:-6.781453;-1.180279:-6.787303;-1.264641:-6.782988
sigma3_hotel_seed42,HOTEL:biwi_hotel:369:16280,HOTEL,biwi_hotel,biwi_hotel:369,16280,3,0.16664843261241913,0.3606489300727844,0.0353553406894207,0.022295145317912102,0.06502750515937805,1.5707963705062866,1.0,-0.59:2.83;-0.59:2.83;-0.59:2.83;-0.59:2.83;-0.59:2.83;-0.61:2.85;-0.63:2.85;-0.64:2.86,-0.67:2.82;-0.67:2.82;-0.67:2.82;-0.67:2.82;-0.65:2.84;-0.65:2.84;-0.65:2.84;-0.6:2.77;-0.7:2.71;-0.72:2.67;-0.57:2.7;-0.56:2.7,-0.6666659:2.854205;-0.6929587:2.844937;-0.7215025:2.836943;-0.7594812:2.837881;-0.77897:2.827488;-0.8046833:2.835132;-0.8316162:2.818627;-0.8351286:2.815637;-0.8492046:2.807335;-0.8779323:2.799775;-0.8927653:2.79381;-0.911016:2.782798
sigma3_hotel_seed42,HOTEL:biwi_hotel:371:16280,HOTEL,biwi_hotel,biwi_hotel:371,16280,3,0.21766163408756256,0.4144439697265625,0.05000000074505806,0.010714286006987095,0.02083333395421505,0.0,1.0,-0.66:3.35;-0.66:3.35;-0.66:3.35;-0.66:3.35;-0.66:3.35;-0.66:3.35;-0.67:3.35;-0.69:3.35,-0.71:3.34;-0.72:3.34;-0.72:3.34;-0.78:3.18;-0.75:3.2;-0.72:3.32;-0.72:3.34;-0.67:3.29;-0.61:3.24;-0.6:3.24;-0.6:3.24;-0.6:3.24,-0.718626:3.3508;-0.7525456:3.345463;-0.7866372:3.333816;-0.8313498:3.343316;-0.8522069:3.333335;-0.8882567:3.344321;-0.9190574:3.335135;-0.9208064:3.329611;-0.9410545:3.329845;-0.9736965:3.317988;-0.9892398:3.316755;-1.008437:3.310304
sigma3_hotel_seed42,HOTEL:biwi_hotel:380:16280,HOTEL,biwi_hotel,biwi_hotel:380,16280,3,1.37814462184906,3.1633121967315674,1.4553779363632202,1.4162081480026245,0.19982582330703735,0.26110830903053284,0.0,2.09:2.01;2.17:1.46;2.24:0.9;2.27:0.34;2.31:-0.24;2.3:-0.81;2.27:-1.36;2.22:-1.94,2.17:-2.53;2.15:-3.09;2.16:-3.68;2.16:-4.28;2.21:-4.88;2.22:-5.48;2.2:-6.05;2.18:-6.65;2.18:-7.23;2.12:-7.86;2.14:-8.41;2.05:-9.18,2.097662:-2.472843;1.960003:-3.030314;1.757635:-3.561178;1.718846:-3.989756;1.538486:-4.442823;1.331007:-4.867319;1.062014:-5.147145;0.9193867:-5.563174;0.6669759:-5.782379;0.5192888:-6.156289;0.3066691:-6.420065;0.09011602:-6.696978
sigma3_hotel_seed42,HOTEL:biwi_hotel:356:16290,HOTEL,biwi_hotel,biwi_hotel:356,16290,3,0.31307968497276306,0.5404044985771179,0.16007810831069946,0.0708467960357666,0.24782989919185638,8.528722763061523,0.125,0.22:0.14;0.22:0.15;0.24:0.13;0.24:0.16;0.27:0.18;0.28:0.18;0.3:0.18;0.26:0.13,0.22:0.15;0.24:0.15;0.24:0.17;0.24:0.17;0.22:0.08;0.24:0.12;0.22:0.13;0.25:0.12;0.24:0.14;0.22:0.13;0.27:0.14;0.24:0.15,0.2546973:0.07688563;0.2442587:0.03529988;0.2300065:-0.01803987;0.2160319:-0.07171686;0.2033007:-0.1146453;0.1888082:-0.1620411;0.1692047:-0.2114798;0.1459338:-0.2405128;0.1364267:-0.2756821;0.1019665:-0.3034061;0.08375296:-0.3343184;0.02599621:-0.3462252
sigma3_hotel_seed42,HOTEL:biwi_hotel:361:16290,HOTEL,biwi_hotel,biwi_hotel:361,16290,3,0.16315825283527374,0.3168892562389374,0.0,0.161204993724823,0.6303694844245911,5.481711387634277,0.0,-0.86:-6.83;-0.85:-6.88;-0.71:-6.73;-0.66:-6.64;-0.71:-6.7;-0.72:-6.71;-0.72:-6.71;-0.72:-6.71,-0.72:-6.71;-0.72:-6.71;-0.72:-6.71;-0.72:-6.71;-0.72:-6.71;-0.72:-6.71;-0.72:-6.71;-0.62:-6.81;-0.71:-6.72;-0.65:-6.8;-0.71:-6.72;-0.65:-6.75,-0.7474301:-6.721112;-0.7630947:-6.734245;-0.7826076:-6.733585;-0.8086398:-6.747922;-0.8319758:-6.754958;-0.8526963:-6.757876;-0.8661075:-6.778514;-0.8832411:-6.783005;-0.8954378:-6.795466;-0.9208153:-6.792138;-0.9342306:-6.804969;-0.9583714:-6.822978
sigma3_hotel_seed42,HOTEL:biwi_hotel:369:16290,HOTEL,biwi_hotel,biwi_hotel:369,16290,3,0.40729841589927673,0.6932125091552734,0.125,0.04015228897333145,0.12112297117710114,3.28348970413208,1.0,-0.59:2.83;-0.59:2.83;-0.59:2.83;-0.59:2.83;-0.61:2.85;-0.63:2.85;-0.64:2.86;-0.67:2.82,-0.67:2.82;-0.67:2.82;-0.67:2.82;-0.65:2.84;-0.65:2.84;-0.65:2.84;-0.6:2.77;-0.7:2.71;-0.72:2.67;-0.57:2.7;-0.56:2.7;-0.67:2.66,-0.7164564:2.776445;-0.7736089:2.742016;-0.8253711:2.704309;-0.8860058:2.664492;-0.9298699:2.625284;-0.9807093:2.602626;-1.046856:2.554248;-1.085916:2.537271;-1.126735:2.502502;-1.198967:2.481868;-1.246356:2.45509;-1.329906:2.447707
sigma3_hotel_seed42,HOTEL:biwi_hotel:371:16290,HOTEL,biwi_hotel,biwi_hotel:371,16290,3,0.20665526390075684,0.370034396648407,0.055901698768138885,0.018700242042541504,0.03125,0.46364760398864746,1.0,-0.66:3.35;-0.66:3.35;-0.66:3.35;-0.66:3.35;-0.66:3.35;-0.67:3.35;-0.69:3.35;-0.71:3.34,-0.72:3.34;-0.72:3.34;-0.78:3.18;-0.75:3.2;-0.72:3.32;-0.72:3.34;-0.67:3.29;-0.61:3.24;-0.6:3.24;-0.6:3.24;-0.6:3.24;-0.6:3.24,-0.7338384:3.333101;-0.7576239:3.322243;-0.7858746:3.30861;-0.825505:3.30892;-0.8434751:3.299818;-0.8667799:3.30178;-0.8907906:3.28844;-0.8977947:3.283351;-0.9095227:3.275435;-0.9391848:3.265138;-0.9504581:3.26284;-0.9698603:3.25135
sigma3_hotel_seed42,HOTEL:biwi_hotel:380:16290,HOTEL,biwi_hotel,biwi_hotel:380,16290,3,1.3309344053268433,2.9799678325653076,1.4802870750427246,1.4291821718215942,0.1955111026763916,0.24247226119041443,0.0,2.17:1.46;2.24:0.9;2.27:0.34;2.31:-0.24;2.3:-0.81;2.27:-1.36;2.22:-1.94;2.17:-2.53,2.15:-3.09;2.16:-3.68;2.16:-4.28;2.21:-4.88;2.22:-5.48;2.2:-6.05;2.18:-6.65;2.18:-7.23;2.12:-7.86;2.14:-8.41;2.05:-9.18;1.98:-9.78,2.051907:-3.087344;1.9176:-3.67223;1.712351:-4.230278;1.681835:-4.675725;1.501725:-5.151887;1.293328:-5.595761;1.017041:-5.889035;0.8782107:-6.323895;0.6220452:-6.550678;0.4785124:-6.947549;0.2627506:-7.221669;0.04560518:-7.513212
sigma3_hotel_seed42,HOTEL:biwi_hotel:382:16290,HOTEL,biwi_hotel,biwi_hotel:382,16290,3,1.4229680299758911,2.872203826904297,1.175265908241272,1.0786011219024658,0.6252555847167969,0.6036142110824585,1.625,3.29:-10.05;3.26:-9.71;3.24:-9.32;3.31:-8.94;3.41:-8.38;3.42:-7.97;3.47:-7.52;3.48:-7.05,3.4:-6.57;3.29:-6.11;3.16:-5.63;3.04:-5.18;3.05:-4.71;3.06:-4.28;3:-3.8;2.98:-3.33;2.94:-2.83;2.86:-2.33;2.83:-1.85;2.8:-1.41,3.452324:-6.670956;3.362408:-6.37016;3.239395:-6.175364;3.214438:-5.909796;3.171052:-5.679004;3.044712:-5.50869;2.865266:-5.311173;2.940082:-5.091863;2.809331:-4.85312;2.635294:-4.696465;2.698038:-4.475626;2.652119:-4.278394
sigma3_hotel_seed42,HOTEL:biwi_hotel:383:16290,HOTEL,biwi_hotel,biwi_hotel:383,16290,3,1.6312764883041382,3.242011070251465,1.125,1.1314595937728882,0.4823248088359833,0.7107598185539246,1.625,3.84:-10.31;3.92:-9.78;3.93:-9.32;3.92:-8.92;3.93:-8.46;3.83:-8.04;3.83:-7.61;3.83:-7.16,3.84:-6.65;3.78:-6.09;3.81:-5.75;3.76:-5.26;3.76:-4.78;3.71:-4.27;3.7:-3.75;3.69:-3.22;3.68:-2.73;3.46:-2.26;3.64:-1.77;3.43:-1.28,3.828645:-6.799148;3.773353:-6.51216;3.681099:-6.330826;3.683687:-6.073754;3.662012:-5.855703;3.565095:-5.695523;3.414149:-5.506736;3.506285:-5.29691;3.399778:-5.065104;3.253507:-4.918833;3.329784:-4.706308;3.304558:-4.519583
sigma3_hotel_seed42,HOTEL:biwi_hotel:356:16300,HOTEL,biwi_hotel,biwi_hotel:356,16300,3,0.415643572807312,0.741287887096405,0.11180339753627777,0.08324728161096573,0.28318873047828674,7.532230854034424,0.125,0.22:0.15;0.24:0.13;0.24:0.16;0.27:0.18;0.28:0.18;0.3:0.18;0.26:0.13;0.22:0.15,0.24:0.15;0.24:0.17;0.24:0.17;0.22:0.08;0.24:0.12;0.22:0.13;0.25:0.12;0.24:0.14;0.22:0.13;0.27:0.14;0.24:0.15;0.27:0.16,0.1581809:0.1693283;0.09741825:0.1879421;0.04299462:0.2108769;-0.03244326:0.2374785;-0.0810878:0.2362075;-0.140975:0.2792544;-0.2135171:0.266454;-0.2270203:0.2885787;-0.2704694:0.2948256;-0.3490421:0.3104581;-0.391527:0.3126746;-0.4546701:0.31608
sigma3_hotel_seed42,HOTEL:biwi_hotel:361:16300,HOTEL,biwi_hotel,biwi_hotel:361,16300,3,0.03604433313012123,0.05825239047408104,0.0,0.1429942101240158,0.38189321756362915,3.2884433269500732,0.0,-0.85:-6.88;-0.71:-6.73;-0.66:-6.64;-0.71:-6.7;-0.72:-6.71;-0.72:-6.71;-0.72:-6.71;-0.72:-6.71,-0.72:-6.71;-0.72:-6.71;-0.72:-6.71;-0.72:-6.71;-0.72:-6.71;-0.72:-6.71;-0.62:-6.81;-0.71:-6.72;-0.65:-6.8;-0.71:-6.72;-0.65:-6.75;-0.59:-6.78,-0.7231244:-6.717067;-0.7157479:-6.726133;-0.71371:-6.724206;-0.7153084:-6.730444;-0.7142993:-6.732944;-0.7076313:-6.729487;-0.6985247:-6.747399;-0.6880101:-6.746582;-0.6784863:-6.760765;-0.6702633:-6.760541;-0.6662684:-6.770865;-0.648067:-6.784644
sigma3_hotel_seed42,HOTEL:biwi_hotel:369:16300,HOTEL,biwi_hotel,biwi_hotel:369,16300,3,0.16534802317619324,0.23081712424755096,0.0,0.04015228897333145,0.17320631444454193,3.28348970413208,1.0,-0.59:2.83;-0.59:2.83;-0.59:2.83;-0.61:2.85;-0.63:2.85;-0.64:2.86;-0.67:2.82;-0.67:2.82,-0.67:2.82;-0.67:2.82;-0.65:2.84;-0.65:2.84;-0.65:2.84;-0.6:2.77;-0.7:2.71;-0.72:2.67;-0.57:2.7;-0.56:2.7;-0.67:2.66;-0.68:2.64,-0.6966989:2.809938;-0.7171608:2.795212;-0.7400721:2.797437;-0.7656459:2.794826;-0.7836013:2.772473;-0.808576:2.790354;-0.8412775:2.75599;-0.8273855:2.755838;-0.8399367:2.745808;-0.8648685:2.739332;-0.8827092:2.720934;-0.9024377:2.701628
sigma3_hotel_seed42,HOTEL:biwi_hotel:371:16300,HOTEL,biwi_hotel,biwi_hotel:371,16300,3,0.15014460682868958,0.15777118504047394,0.02500000037252903,0.022271672263741493,0.04598139226436615,0.9272952079772949,1.0,-0.66:3.35;-0.66:3.35;-0.66:3.35;-0.66:3.35;-0.67:3.35;-0.69:3.35;-0.71:3.34;-0.72:3.34,-0.72:3.34;-0.78:3.18;-0.75:3.2;-0.72:3.32;-0.72:3.34;-0.67:3.29;-0.61:3.24;-0.6:3.24;-0.6:3.24;-0.6:3.24;-0.6:3.24;-0.67:3.27,-0.7330033:3.336261;-0.7393453:3.327235;-0.7545214:3.3171;-0.775903:3.316902;-0.7871137:3.31648;-0.7962124:3.31304;-0.8025218:3.306496;-0.8082293:3.303354;-0.8125684:3.297648;-0.8249212:3.29146;-0.8267727:3.292561;-0.8274447:3.280145
sigma3_hotel_seed42,HOTEL:biwi_hotel:382:16300,HOTEL,biwi_hotel,biwi_hotel:382,16300,3,1.3201048374176025,2.7450449466705322,1.216552495956421,1.1304939985275269,0.6664677262306213,0.7532660961151123,1.625,3.26:-9.71;3.24:-9.32;3.31:-8.94;3.41:-8.38;3.42:-7.97;3.47:-7.52;3.48:-7.05;3.4:-6.57,3.29:-6.11;3.16:-5.63;3.04:-5.18;3.05:-4.71;3.06:-4.28;3:-3.8;2.98:-3.33;2.94:-2.83;2.86:-2.33;2.83:-1.85;2.8:-1.41;2.79:-0.92,3.341165:-6.162697;3.243429:-5.852641;3.093979:-5.628546;3.055681:-5.353308;2.975289:-5.098372;2.81935:-4.926205;2.61526:-4.719721;2.660799:-4.480881;2.498052:-4.216192;2.289926:-4.04269;2.342143:-3.803198;2.262944:-3.613972
sigma3_hotel_seed42,HOTEL:biwi_hotel:383:16300,HOTEL,biwi_hotel,biwi_hotel:383,16300,3,1.4242101907730103,2.866671085357666,1.2752450704574585,1.122207522392273,0.4425671696662903,0.6022884249687195,1.625,3.92:-9.78;3.93:-9.32;3.92:-8.92;3.93:-8.46;3.83:-8.04;3.83:-7.61;3.83:-7.16;3.84:-6.65,3.78:-6.09;3.81:-5.75;3.76:-5.26;3.76:-4.78;3.71:-4.27;3.7:-3.75;3.69:-3.22;3.68:-2.73;3.46:-2.26;3.64:-1.77;3.43:-1.28;3.36:-0.84,3.83521:-6.247235;3.776456:-5.934687;3.666262:-5.721957;3.664525:-5.435124;3.64056:-5.190214;3.541622:-5.005556;3.359277:-4.805367;3.468872:-4.558969;3.358521:-4.305308;3.190385:-4.142693;3.28183:-3.900208;3.250109:-3.704564
sigma3_hotel_seed42,HOTEL:biwi_hotel:356:16310,HOTEL,biwi_hotel,biwi_hotel:356,16310,3,0.02838984690606594,0.007387579884380102,0.05000000074505806,0.0802886113524437,0.292974054813385,7.8539814949035645,0.0,0.24:0.13;0.24:0.16;0.27:0.18;0.28:0.18;0.3:0.18;0.26:0.13;0.22:0.15;0.24:0.15,0.24:0.17;0.24:0.17;0.22:0.08;0.24:0.12;0.22:0.13;0.25:0.12;0.24:0.14;0.22:0.13;0.27:0.14;0.24:0.15;0.27:0.16;0.29:0.14,0.2354891:0.150674;0.2378268:0.1502655;0.2349448:0.1507794;0.228797:0.1522133;0.2289986:0.1588139;0.235847:0.1634805;0.2428717:0.1623664;0.252087:0.1613522;0.2578759:0.1492885;0.2612099:0.1580529;0.2684458:0.1543482;0.2959149:0.144426
sigma3_hotel_seed42,HOTEL:biwi_hotel:361:16310,HOTEL,biwi_hotel,biwi_hotel:361,16310,3,0.05212368443608284,0.13561928272247314,0.0,0.06971462070941925,0.2692197263240814,3.0446128845214844,0.0,-0.71:-6.73;-0.66:-6.64;-0.71:-6.7;-0.72:-6.71;-0.72:-6.71;-0.72:-6.71;-0.72:-6.71;-0.72:-6.71,-0.72:-6.71;-0.72:-6.71;-0.72:-6.71;-0.72:-6.71;-0.72:-6.71;-0.62:-6.81;-0.71:-6.72;-0.65:-6.8;-0.71:-6.72;-0.65:-6.75;-0.59:-6.78;-0.7:-6.71,-0.7203077:-6.720614;-0.7090139:-6.733442;-0.7054054:-6.731484;-0.7051072:-6.737211;-0.6997458:-6.746059;-0.6875685:-6.738008;-0.6827277:-6.763901;-0.6611447:-6.761503;-0.6455953:-6.778743;-0.6366823:-6.781272;-0.630883:-6.794423;-0.6121017:-6.813279
sigma3_hotel_seed42,HOTEL:biwi_hotel:369:16310,HOTEL,biwi_hotel,biwi_hotel:369,16310,3,0.11775597929954529,0.13059094548225403,0.0,0.04015228897333145,0.17320631444454193,3.28348970413208,1.125,-0.59:2.83;-0.59:2.83;-0.61:2.85;-0.63:2.85;-0.64:2.86;-0.67:2.82;-0.67:2.82;-0.67:2.82,-0.67:2.82;-0.65:2.84;-0.65:2.84;-0.65:2.84;-0.6:2.77;-0.7:2.71;-0.72:2.67;-0.57:2.7;-0.56:2.7;-0.67:2.66;-0.68:2.64;-0.7:2.62,-0.6891542:2.803226;-0.6991973:2.786076;-0.71464:2.786238;-0.7351001:2.776939;-0.7472696:2.757583;-0.7551922:2.768575;-0.7806612:2.730306;-0.7703224:2.734859;-0.7718678:2.714644;-0.7903526:2.708826;-0.8044608:2.691345;-0.8196021:2.672434
sigma3_hotel_seed42,HOTEL:biwi_hotel:371:16310,HOTEL,biwi_hotel,biwi_hotel:371,16310,3,0.1338355988264084,0.17057114839553833,0.0,0.022271672263741493,0.05639805644750595,0.9272952079772949,1.125,-0.66:3.35;-0.66:3.35;-0.66:3.35;-0.67:3.35;-0.69:3.35;-0.71:3.34;-0.72:3.34;-0.72:3.34,-0.78:3.18;-0.75:3.2;-0.72:3.32;-0.72:3.34;-0.67:3.29;-0.61:3.24;-0.6:3.24;-0.6:3.24;-0.6:3.24;-0.6:3.24;-0.67:3.27;-0.61:3.24,-0.7295952:3.333642;-0.7274522:3.324056;-0.7369527:3.316781;-0.7519823:3.312249;-0.7618008:3.315605;-0.7603317:3.308328;-0.7617502:3.299922;-0.7712491:3.301385;-0.7704568:3.290843;-0.7783877:3.288423;-0.7786795:3.289986;-0.7766052:3.276568
sigma3_hotel_seed42,HOTEL:biwi_hotel:382:16310,HOTEL,biwi_hotel,biwi_hotel:382,16310,3,1.4137029647827148,2.8562135696411133,1.1824233531951904,1.159942865371704,0.6096986532211304,0.5894345641136169,1.625,3.24:-9.32;3.31:-8.94;3.41:-8.38;3.42:-7.97;3.47:-7.52;3.48:-7.05;3.4:-6.57;3.29:-6.11,3.16:-5.63;3.04:-5.18;3.05:-4.71;3.06:-4.28;3:-3.8;2.98:-3.33;2.94:-2.83;2.86:-2.33;2.83:-1.85;2.8:-1.41;2.79:-0.92;2.82:-0.51,3.208136:-5.712661;3.073604:-5.402104;2.893977:-5.187148;2.826003:-4.918359;2.72829:-4.666389;2.558119:-4.494663;2.331212:-4.29496;2.352791:-4.056471;2.176185:-3.810968;1.959651:-3.644;1.982038:-3.411826;1.895383:-3.212414
sigma3_hotel_seed42,HOTEL:biwi_hotel:383:16310,HOTEL,biwi_hotel,biwi_hotel:383,16310,3,1.30135178565979,2.5748817920684814,1.4080127477645874,1.1590276956558228,0.46629393100738525,0.6818988919258118,1.625,3.93:-9.32;3.92:-8.92;3.93:-8.46;3.83:-8.04;3.83:-7.61;3.83:-7.16;3.84:-6.65;3.78:-6.09,3.81:-5.75;3.76:-5.26;3.76:-4.78;3.71:-4.27;3.7:-3.75;3.69:-3.22;3.68:-2.73;3.46:-2.26;3.64:-1.77;3.43:-1.28;3.36:-0.84;3.36:-0.38,3.705608:-5.636631;3.572296:-5.288965;3.370922:-5.033898;3.305278:-4.719052;3.217462:-4.433475;3.061893:-4.221513;2.790195:-4.015773;2.852302:-3.716814;2.684554:-3.448197;2.456073:-3.2696;2.499565:-2.995549;2.420754:-2.777464
sigma3_hotel_seed42,HOTEL:biwi_hotel:356:16320,HOTEL,biwi_hotel,biwi_hotel:356,16320,3,0.11513911932706833,0.19546954333782196,0.05000000074505806,0.07671718299388885,0.28949645161628723,8.441984176635742,0.0,0.24:0.16;0.27:0.18;0.28:0.18;0.3:0.18;0.26:0.13;0.22:0.15;0.24:0.15;0.24:0.17,0.24:0.17;0.22:0.08;0.24:0.12;0.22:0.13;0.25:0.12;0.24:0.14;0.22:0.13;0.27:0.14;0.24:0.15;0.27:0.16;0.29:0.14;0.29:0.08,0.2397652:0.1867923;0.2410188:0.1939856;0.2475471:0.2093429;0.249109:0.22853;0.2579203:0.2293548;0.2496908:0.2596852;0.2568295:0.2549371;0.2983428:0.2590503;0.3004631:0.2659685;0.3109744:0.2707652;0.323041:0.2655908;0.3583519:0.2631294
sigma3_hotel_seed42,HOTEL:biwi_hotel:361:16320,HOTEL,biwi_hotel,biwi_hotel:361,16320,3,0.1723233461380005,0.39589107036590576,0.0,0.032944511622190475,0.0814305990934372,0.09065988659858704,0.0,-0.66:-6.64;-0.71:-6.7;-0.72:-6.71;-0.72:-6.71;-0.72:-6.71;-0.72:-6.71;-0.72:-6.71;-0.72:-6.71,-0.72:-6.71;-0.72:-6.71;-0.72:-6.71;-0.72:-6.71;-0.62:-6.81;-0.71:-6.72;-0.65:-6.8;-0.71:-6.72;-0.65:-6.75;-0.59:-6.78;-0.7:-6.71;-0.72:-6.71,-0.6976839:-6.717164;-0.6600495:-6.726328;-0.6317031:-6.718606;-0.6068232:-6.721377;-0.5806544:-6.723702;-0.542369:-6.713531;-0.5126911:-6.738531;-0.4724235:-6.728935;-0.4360228:-6.746803;-0.4003968:-6.747569;-0.3767208:-6.757926;-0.3292615:-6.773664
sigma3_hotel_seed42,HOTEL:biwi_hotel:369:16320,HOTEL,biwi_hotel,biwi_hotel:369,16320,3,0.19508421421051025,0.29213812947273254,0.0,0.04015228897333145,0.14374352991580963,3.28348970413208,1.25,-0.59:2.83;-0.61:2.85;-0.63:2.85;-0.64:2.86;-0.67:2.82;-0.67:2.82;-0.67:2.82;-0.67:2.82,-0.65:2.84;-0.65:2.84;-0.65:2.84;-0.6:2.77;-0.7:2.71;-0.72:2.67;-0.57:2.7;-0.56:2.7;-0.67:2.66;-0.68:2.64;-0.7:2.62;-0.57:2.69,-0.6474051:2.809644;-0.6092129:2.796821;-0.5800667:2.806436;-0.5525378:2.803013;-0.5250043:2.791771;-0.4879343:2.807494;-0.4651274:2.771998;-0.4151981:2.782885;-0.3776675:2.764623;-0.3432606:2.760604;-0.3216234:2.745025;-0.2800615:2.725782
sigma3_hotel_seed42,HOTEL:biwi_hotel:371:16320,HOTEL,biwi_hotel,biwi_hotel:371,16320,3,0.9099010825157166,1.4322346448898315,0.42720019817352295,0.08330027014017105,0.23439814150333405,2.1393208503723145,1.25,-0.66:3.35;-0.66:3.35;-0.67:3.35;-0.69:3.35;-0.71:3.34;-0.72:3.34;-0.72:3.34;-0.78:3.18,-0.75:3.2;-0.72:3.32;-0.72:3.34;-0.67:3.29;-0.61:3.24;-0.6:3.24;-0.6:3.24;-0.6:3.24;-0.6:3.24;-0.67:3.27;-0.61:3.24;-0.6:3.24,-0.7668531:3.030109;-0.7563679:2.889534;-0.7501611:2.752224;-0.7460177:2.595866;-0.7399473:2.485988;-0.7442855:2.355636;-0.7539279:2.268441;-0.7496886:2.1402;-0.759682:2.037078;-0.8347718:2.000848;-0.812961:1.906414;-0.872057:1.833842
sigma3_hotel_seed42,HOTEL:biwi_hotel:382:16320,HOTEL,biwi_hotel,biwi_hotel:382,16320,3,1.4185819625854492,2.821539878845215,1.2432316541671753,1.199549674987793,0.4490751028060913,0.613740861415863,1.75,3.31:-8.94;3.41:-8.38;3.42:-7.97;3.47:-7.52;3.48:-7.05;3.4:-6.57;3.29:-6.11;3.16:-5.63,3.04:-5.18;3.05:-4.71;3.06:-4.28;3:-3.8;2.98:-3.33;2.94:-2.83;2.86:-2.33;2.83:-1.85;2.8:-1.41;2.79:-0.92;2.82:-0.51;2.83:-0.1,3.060028:-5.217155;2.911128:-4.897439;2.706758:-4.669812;2.624959:-4.393445;2.507803:-4.126725;2.325439:-3.951343;2.074636:-3.74941;2.079362:-3.493158;1.887252:-3.241281;1.654656:-3.069699;1.665096:-2.825013;1.564519:-2.621833
sigma3_hotel_seed42,HOTEL:biwi_hotel:383:16320,HOTEL,biwi_hotel,biwi_hotel:383,16320,3,1.9323762655258179,3.6359128952026367,0.8533024191856384,1.138026237487793,0.648014485836029,0.829911470413208,1.625,3.92:-8.92;3.93:-8.46;3.83:-8.04;3.83:-7.61;3.83:-7.16;3.84:-6.65;3.78:-6.09;3.81:-5.75,3.76:-5.26;3.76:-4.78;3.71:-4.27;3.7:-3.75;3.69:-3.22;3.68:-2.73;3.46:-2.26;3.64:-1.77;3.43:-1.28;3.36:-0.84;3.36:-0.38;3.35:0.06,3.83758:-5.453154;3.840764:-5.21495;3.813374:-5.061684;3.850555:-4.848498;3.854078:-4.670092;3.798037:-4.540467;3.713965:-4.377921;3.813377:-4.212766;3.744142:-4.010916;3.6338:-3.874835;3.723284:-3.70335;3.714818:-3.557564
sigma3_hotel_seed42,HOTEL:biwi_hotel:356:16330,HOTEL,biwi_hotel,biwi_hotel:356,16330,3,0.07172364741563797,0.09538466483354568,0.0,0.06384021788835526,0.2808670103549957,7.8539814949035645,0.0,0.27:0.18;0.28:0.18;0.3:0.18;0.26:0.13;0.22:0.15;0.24:0.15;0.24:0.17;0.24:0.17,0.22:0.08;0.24:0.12;0.22:0.13;0.25:0.12;0.24:0.14;0.22:0.13;0.27:0.14;0.24:0.15;0.27:0.16;0.29:0.14;0.29:0.08;0.27:0.06,0.2268399:0.1560986;0.2259251:0.1411989;0.2197402:0.1390978;0.2119659:0.1219237;0.2003684:0.1167434;0.1961338:0.1095379;0.1977097:0.08814958;0.189592:0.08463335;0.187453:0.06779343;0.1838035:0.06786354;0.1777362:0.0540281;0.1770758:0.03847517
sigma3_hotel_seed42,HOTEL:biwi_hotel:361:16330,HOTEL,biwi_hotel,biwi_hotel:361,16330,3,0.05309034511446953,0.028565308079123497,0.0,0.005050762556493282,0.014731391333043575,0.0,0.0,-0.71:-6.7;-0.72:-6.71;-0.72:-6.71;-0.72:-6.71;-0.72:-6.71;-0.72:-6.71;-0.72:-6.71;-0.72:-6.71,-0.72:-6.71;-0.72:-6.71;-0.72:-6.71;-0.62:-6.81;-0.71:-6.72;-0.65:-6.8;-0.71:-6.72;-0.65:-6.75;-0.59:-6.78;-0.7:-6.71;-0.72:-6.71;-0.72:-6.71,-0.7234315:-6.709311;-0.7222441:-6.709241;-0.7260708:-6.711026;-0.7329879:-6.709106;-0.7337977:-6.702451;-0.728045:-6.70085;-0.7243807:-6.699677;-0.7211813:-6.69919;-0.7165475:-6.708059;-0.7158912:-6.701993;-0.7095534:-6.70137;-0.6914569:-6.708874
sigma3_hotel_seed42,HOTEL:biwi_hotel:369:16330,HOTEL,biwi_hotel,biwi_hotel:369,16330,3,0.23826707899570465,0.31134653091430664,0.0707106813788414,0.04015228897333145,0.15237297117710114,5.497786998748779,1.375,-0.61:2.85;-0.63:2.85;-0.64:2.86;-0.67:2.82;-0.67:2.82;-0.67:2.82;-0.67:2.82;-0.65:2.84,-0.65:2.84;-0.65:2.84;-0.6:2.77;-0.7:2.71;-0.72:2.67;-0.57:2.7;-0.56:2.7;-0.67:2.66;-0.68:2.64;-0.7:2.62;-0.57:2.69;-0.56:2.7,-0.6081424:2.828973;-0.5668231:2.829689;-0.5299864:2.81537;-0.4851193:2.806966;-0.4527405:2.790957;-0.4192352:2.781416;-0.382324:2.753866;-0.3573787:2.757774;-0.3205019:2.753423;-0.2774844:2.735782;-0.2632504:2.72383;-0.2501263:2.730248
sigma3_hotel_seed42,HOTEL:biwi_hotel:371:16330,HOTEL,biwi_hotel,biwi_hotel:371,16330,3,0.24133537709712982,0.3444051146507263,0.09013878554105759,0.09617723524570465,0.4336128532886505,4.656890392303467,1.375,-0.66:3.35;-0.67:3.35;-0.69:3.35;-0.71:3.34;-0.72:3.34;-0.72:3.34;-0.78:3.18;-0.75:3.2,-0.72:3.32;-0.72:3.34;-0.67:3.29;-0.61:3.24;-0.6:3.24;-0.6:3.24;-0.6:3.24;-0.6:3.24;-0.67:3.27;-0.61:3.24;-0.6:3.24;-0.6:3.24,-0.7471465:3.177993;-0.7498403:3.166443;-0.7579702:3.137769;-0.763662:3.124333;-0.7654845:3.095766;-0.7703195:3.083341;-0.7831018:3.048413;-0.7853372:3.043612;-0.7806863:3.032365;-0.7889034:3.007104;-0.8045648:2.992644;-0.8382208:2.991272
sigma3_hotel_seed42,HOTEL:biwi_hotel:382:16330,HOTEL,biwi_hotel,biwi_hotel:382,16330,3,1.5093225240707397,2.928163528442383,1.1643130779266357,1.1627163887023926,0.29979825019836426,0.4653034210205078,1.875,3.41:-8.38;3.42:-7.97;3.47:-7.52;3.48:-7.05;3.4:-6.57;3.29:-6.11;3.16:-5.63;3.04:-5.18,3.05:-4.71;3.06:-4.28;3:-3.8;2.98:-3.33;2.94:-2.83;2.86:-2.33;2.83:-1.85;2.8:-1.41;2.79:-0.92;2.82:-0.51;2.83:-0.1;2.79:0.36,2.943284:-4.781569;2.805085:-4.473592;2.616123:-4.250873;2.539603:-3.98527;2.425913:-3.728876;2.246387:-3.559516;2.011941:-3.361717;2.017552:-3.120109;1.830112:-2.872849;1.600862:-2.700541;1.61443:-2.467573;1.513816:-2.275431
sigma3_hotel_seed42,HOTEL:biwi_hotel:383:16330,HOTEL,biwi_hotel,biwi_hotel:383,16330,3,1.5661898851394653,2.9715895652770996,1.2313610315322876,1.1496104001998901,0.7031738758087158,0.7641288042068481,1.75,3.93:-8.46;3.83:-8.04;3.83:-7.61;3.83:-7.16;3.84:-6.65;3.78:-6.09;3.81:-5.75;3.76:-5.26,3.76:-4.78;3.71:-4.27;3.7:-3.75;3.69:-3.22;3.68:-2.73;3.46:-2.26;3.64:-1.77;3.43:-1.28;3.36:-0.84;3.36:-0.38;3.35:0.06;3.3:0.51,3.700477:-4.865179;3.590868:-4.556953;3.430411:-4.34599;3.383419:-4.074281;3.30531:-3.82557;3.159519:-3.653877;2.945903:-3.45754;2.989229:-3.216134;2.832585:-2.971171;2.634475:-2.80956;2.672395:-2.575412;2.60365:-2.378848
sigma3_hotel_seed42,HOTEL:biwi_hotel:356:16340,HOTEL,biwi_hotel,biwi_hotel:356,16340,3,0.4105062782764435,0.5694840550422668,0.2304886132478714,0.09319572895765305,0.3664872646331787,10.776905059814453,0.0,0.28:0.18;0.3:0.18;0.26:0.13;0.22:0.15;0.24:0.15;0.24:0.17;0.24:0.17;0.22:0.08,0.24:0.12;0.22:0.13;0.25:0.12;0.24:0.14;0.22:0.13;0.27:0.14;0.24:0.15;0.27:0.16;0.29:0.14;0.29:0.08;0.27:0.06;0.27:0.04,0.2355319:0.01220271;0.2505061:-0.04335141;0.2552116:-0.1084126;0.26131:-0.178076;0.2668253:-0.2286509;0.2762941:-0.2924212;0.2765219:-0.3489206;0.2653551:-0.3890575;0.2770619:-0.4345518;0.2535957:-0.4642034;0.256405:-0.5016491;0.2079275:-0.526091
sigma3_hotel_seed42,HOTEL:biwi_hotel:361:16340,HOTEL,biwi_hotel,biwi_hotel:361,16340,3,0.07815178483724594,0.06085256114602089,0.0,0.0,0.0,0.0,0.0,-0.72:-6.71;-0.72:-6.71;-0.72:-6.71;-0.72:-6.71;-0.72:-6.71;-0.72:-6.71;-0.72:-6.71;-0.72:-6.71,-0.72:-6.71;-0.72:-6.71;-0.62:-6.81;-0.71:-6.72;-0.65:-6.8;-0.71:-6.72;-0.65:-6.75;-0.59:-6.78;-0.7:-6.71;-0.72:-6.71;-0.72:-6.71;-0.72:-6.71,-0.7308002:-6.713801;-0.734714:-6.721327;-0.743284:-6.722448;-0.755358:-6.723318;-0.7604771:-6.725865;-0.7643885:-6.719405;-0.7650077:-6.732298;-0.7559903:-6.734173;-0.7554387:-6.745283;-0.7552661:-6.746591;-0.7563254:-6.754867;-0.7397816:-6.767548
sigma3_hotel_seed42,HOTEL:biwi_hotel:369:16340,HOTEL,biwi_hotel,biwi_hotel:369,16340,3,0.2019902467727661,0.38028740882873535,0.0,0.03300943225622177,0.16710436344146729,4.71238899230957,1.375,-0.63:2.85;-0.64:2.86;-0.67:2.82;-0.67:2.82;-0.67:2.82;-0.67:2.82;-0.65:2.84;-0.65:2.84,-0.65:2.84;-0.6:2.77;-0.7:2.71;-0.72:2.67;-0.57:2.7;-0.56:2.7;-0.67:2.66;-0.68:2.64;-0.7:2.62;-0.57:2.69;-0.56:2.7;-0.68:2.65,-0.6319089:2.830834;-0.5995935:2.819242;-0.5759918:2.826898;-0.5549852:2.824211;-0.53167:2.815302;-0.4993671:2.829273;-0.4789162:2.798372;-0.4355646:2.807281;-0.402308:2.789648;-0.3726141:2.786426;-0.3533592:2.772731;-0.3143273:2.754413
sigma3_hotel_seed42,HOTEL:biwi_hotel:371:16340,HOTEL,biwi_hotel,biwi_hotel:371,16340,3,0.2501350939273834,0.3978732228279114,0.3092329204082489,0.1367819458246231,0.5273628234863281,5.394705772399902,1.375,-0.67:3.35;-0.69:3.35;-0.71:3.34;-0.72:3.34;-0.72:3.34;-0.78:3.18;-0.75:3.2;-0.72:3.32,-0.72:3.34;-0.67:3.29;-0.61:3.24;-0.6:3.24;-0.6:3.24;-0.6:3.24;-0.6:3.24;-0.67:3.27;-0.61:3.24;-0.6:3.24;-0.6:3.24;-0.6:3.24,-0.6844513:3.356219;-0.6495535:3.40711;-0.6138171:3.412676;-0.5935911:3.442557;-0.566218:3.460629;-0.5470885:3.474597;-0.5264407:3.496969;-0.4899225:3.511522;-0.4733556:3.532978;-0.4991836:3.570594;-0.4671608:3.584548;-0.4725116:3.616895
sigma3_hotel_seed42,HOTEL:biwi_hotel:382:16340,HOTEL,biwi_hotel,biwi_hotel:382,16340,3,1.390066146850586,2.704979658126831,1.175265908241272,1.184139370918274,0.37788254022598267,0.6609073877334595,2.0,3.42:-7.97;3.47:-7.52;3.48:-7.05;3.4:-6.57;3.29:-6.11;3.16:-5.63;3.04:-5.18;3.05:-4.71,3.06:-4.28;3:-3.8;2.98:-3.33;2.94:-2.83;2.86:-2.33;2.83:-1.85;2.8:-1.41;2.79:-0.92;2.82:-0.51;2.83:-0.1;2.79:0.36;2.79:0.77,3.067793:-4.33004;3.042543:-4.035316;2.96439:-3.83864;2.989058:-3.564879;2.982569:-3.336156;2.906907:-3.165617;2.757398:-2.974069;2.87825:-2.744705;2.787465:-2.497612;2.645848:-2.34559;2.747081:-2.116321;2.732526:-1.934369
sigma3_hotel_seed42,HOTEL:biwi_hotel:383:16340,HOTEL,biwi_hotel,biwi_hotel:383,16340,3,1.504720687866211,2.871586799621582,1.2000000476837158,1.1668459177017212,0.6516024470329285,0.6320744752883911,1.875,3.83:-8.04;3.83:-7.61;3.83:-7.16;3.84:-6.65;3.78:-6.09;3.81:-5.75;3.76:-5.26;3.76:-4.78,3.71:-4.27;3.7:-3.75;3.69:-3.22;3.68:-2.73;3.46:-2.26;3.64:-1.77;3.43:-1.28;3.36:-0.84;3.36:-0.38;3.35:0.06;3.3:0.51;3.34:0.97,3.757075:-4.384695;3.705364:-4.079674;3.607923:-3.870896;3.612239:-3.591732;3.588684:-3.353616;3.483991:-3.175997;3.317934:-2.973693;3.424806:-2.742581;3.312339:-2.48526;3.146003:-2.321592;3.24058:-2.087261;3.20607:-1.898462
sigma3_hotel_seed42,HOTEL:biwi_hotel:356:16350,HOTEL,biwi_hotel,biwi_hotel:356,16350,3,0.33288809657096863,0.7116950750350952,0.11180339753627777,0.10202478617429733,0.42681246995925903,11.427982330322266,0.125,0.3:0.18;0.26:0.13;0.22:0.15;0.24:0.15;0.24:0.17;0.24:0.17;0.22:0.08;0.24:0.12,0.22:0.13;0.25:0.12;0.24:0.14;0.22:0.13;0.27:0.14;0.24:0.15;0.27:0.16;0.29:0.14;0.29:0.08;0.27:0.06;0.27:0.04;0.18:-0.02,0.2921605:0.1379351;0.3435944:0.1621535;0.3908099:0.1705702;0.4391245:0.2003449;0.4899026:0.1982421;0.5370103:0.2276563;0.5773085:0.215014;0.6461264:0.2373975;0.6973029:0.2472068;0.752647:0.2406917;0.7838198:0.2421996;0.8363974:0.2550497
sigma3_hotel_seed42,HOTEL:biwi_hotel:361:16350,HOTEL,biwi_hotel,biwi_hotel:361,16350,3,0.07902596890926361,0.06070947274565697,0.0,0.0,0.0,0.0,0.0,-0.72:-6.71;-0.72:-6.71;-0.72:-6.71;-0.72:-6.71;-0.72:-6.71;-0.72:-6.71;-0.72:-6.71;-0.72:-6.71,-0.72:-6.71;-0.62:-6.81;-0.71:-6.72;-0.65:-6.8;-0.71:-6.72;-0.65:-6.75;-0.59:-6.78;-0.7:-6.71;-0.72:-6.71;-0.72:-6.71;-0.72:-6.71;-0.72:-6.71,-0.7307552:-6.713806;-0.7346134:-6.721339;-0.7431296:-6.722431;-0.7551467:-6.723294;-0.7602159:-6.725872;-0.7640819:-6.719373;-0.764684:-6.732316;-0.7555792:-6.734169;-0.7549744:-6.745278;-0.7547601:-6.746593;-0.7557891:-6.754888;-0.7392259:-6.767585
sigma3_hotel_seed42,HOTEL:biwi_hotel:369:16350,HOTEL,biwi_hotel,biwi_hotel:369,16350,3,0.1397002786397934,0.0990147665143013,0.0,0.027958668768405914,0.1110088974237442,2.9996955394744873,1.375,-0.64:2.86;-0.67:2.82;-0.67:2.82;-0.67:2.82;-0.67:2.82;-0.65:2.84;-0.65:2.84;-0.65:2.84,-0.6:2.77;-0.7:2.71;-0.72:2.67;-0.57:2.7;-0.56:2.7;-0.67:2.66;-0.68:2.64;-0.7:2.62;-0.57:2.69;-0.56:2.7;-0.68:2.65;-0.7:2.64,-0.6634862:2.829732;-0.6677489:2.817203;-0.6788371:2.812304;-0.6945659:2.803942;-0.7041626:2.799625;-0.7079096:2.798254;-0.7120762:2.781119;-0.7133517:2.778657;-0.7140458:2.763125;-0.7211347:2.760883;-0.7252811:2.751967;-0.7211282:2.736734
sigma3_hotel_seed42,HOTEL:biwi_hotel:371:16350,HOTEL,biwi_hotel,biwi_hotel:371,16350,3,0.15547902882099152,0.17705316841602325,0.05000000074505806,0.1367819458246231,0.6256993412971497,5.176036357879639,1.375,-0.69:3.35;-0.71:3.34;-0.72:3.34;-0.72:3.34;-0.78:3.18;-0.75:3.2;-0.72:3.32;-0.72:3.34,-0.67:3.29;-0.61:3.24;-0.6:3.24;-0.6:3.24;-0.6:3.24;-0.6:3.24;-0.67:3.27;-0.61:3.24;-0.6:3.24;-0.6:3.24;-0.6:3.24;-0.6:3.24,-0.7059451:3.351906;-0.6932377:3.365881;-0.6808175:3.372651;-0.6684692:3.393635;-0.6520236:3.384086;-0.6463405:3.411287;-0.6418849:3.394154;-0.6010538:3.407216;-0.5851568:3.415613;-0.5696899:3.409793;-0.5648847:3.404864;-0.5510016:3.410138
sigma3_hotel_seed42,HOTEL:biwi_hotel:382:16350,HOTEL,biwi_hotel,biwi_hotel:382,16350,3,1.5279364585876465,2.90384840965271,1.0752906799316406,1.176048994064331,0.37296444177627563,0.5735017657279968,2.0,3.47:-7.52;3.48:-7.05;3.4:-6.57;3.29:-6.11;3.16:-5.63;3.04:-5.18;3.05:-4.71;3.06:-4.28,3:-3.8;2.98:-3.33;2.94:-2.83;2.86:-2.33;2.83:-1.85;2.8:-1.41;2.79:-0.92;2.82:-0.51;2.83:-0.1;2.79:0.36;2.79:0.77;2.78:1.22,3.070608:-3.923998;3.037069:-3.643827;2.962976:-3.464648;2.982066:-3.210076;2.968794:-2.996859;2.882055:-2.841233;2.747603:-2.653927;2.849235:-2.450029;2.751299:-2.214226;2.614805:-2.069401;2.701076:-1.859751;2.682547:-1.682213
sigma3_hotel_seed42,HOTEL:biwi_hotel:383:16350,HOTEL,biwi_hotel,biwi_hotel:383,16350,3,1.3701776266098022,2.6513171195983887,1.281112790107727,1.1962906122207642,0.6915082335472107,0.72980135679245,1.75,3.83:-7.61;3.83:-7.16;3.84:-6.65;3.78:-6.09;3.81:-5.75;3.76:-5.26;3.76:-4.78;3.71:-4.27,3.7:-3.75;3.69:-3.22;3.68:-2.73;3.46:-2.26;3.64:-1.77;3.43:-1.28;3.36:-0.84;3.36:-0.38;3.35:0.06;3.3:0.51;3.34:0.97;3.33:1.41,3.662746:-3.842819;3.578319:-3.519841;3.424355:-3.282362;3.394754:-2.98713;3.324953:-2.718771;3.191437:-2.531459;2.970071:-2.326809;3.039719:-2.057958;2.891009:-1.788236;2.685702:-1.613499;2.750384:-1.354527;2.683604:-1.161314
sigma3_hotel_seed42,HOTEL:biwi_hotel:356:16360,HOTEL,biwi_hotel,biwi_hotel:356,16360,3,0.06935617327690125,0.22224292159080505,0.055901698768138885,0.0871424451470375,0.40597912669181824,11.63907527923584,0.25,0.26:0.13;0.22:0.15;0.24:0.15;0.24:0.17;0.24:0.17;0.22:0.08;0.24:0.12;0.22:0.13,0.25:0.12;0.24:0.14;0.22:0.13;0.27:0.14;0.24:0.15;0.27:0.16;0.29:0.14;0.29:0.08;0.27:0.06;0.27:0.04;0.18:-0.02;0.14:0.05,0.2225955:0.1216156;0.2369056:0.1086271;0.2453123:0.1156294;0.252887:0.1134087;0.2617466:0.09822189;0.2711801:0.1147894;0.2735004:0.08205755;0.3093133:0.08665021;0.3248447:0.07450479;0.3365797:0.06972355;0.343024:0.05300431;0.3616473:0.03373963
sigma3_hotel_seed42,HOTEL:biwi_hotel:361:16360,HOTEL,biwi_hotel,biwi_hotel:361,16360,3,0.08039018511772156,0.06070947274565697,0.0,0.0,0.0,0.0,0.0,-0.72:-6.71;-0.72:-6.71;-0.72:-6.71;-0.72:-6.71;-0.72:-6.71;-0.72:-6.71;-0.72:-6.71;-0.72:-6.71,-0.62:-6.81;-0.71:-6.72;-0.65:-6.8;-0.71:-6.72;-0.65:-6.75;-0.59:-6.78;-0.7:-6.71;-0.72:-6.71;-0.72:-6.71;-0.72:-6.71;-0.72:-6.71;-0.72:-6.71,-0.7307552:-6.713806;-0.7346134:-6.721339;-0.7431296:-6.722431;-0.7551467:-6.723294;-0.7602159:-6.725872;-0.7640819:-6.719373;-0.764684:-6.732316;-0.7555792:-6.734169;-0.7549744:-6.745278;-0.7547601:-6.746593;-0.7557891:-6.754888;-0.7392259:-6.767585
sigma3_hotel_seed42,HOTEL:biwi_hotel:369:16360,HOTEL,biwi_hotel,biwi_hotel:369,16360,3,0.627758800983429,1.048285722732544,0.2150581330060959,0.04082411527633667,0.14853312075138092,1.7359449863433838,1.375,-0.67:2.82;-0.67:2.82;-0.67:2.82;-0.67:2.82;-0.65:2.84;-0.65:2.84;-0.65:2.84;-0.6:2.77,-0.7:2.71;-0.72:2.67;-0.57:2.7;-0.56:2.7;-0.67:2.66;-0.68:2.64;-0.7:2.62;-0.57:2.69;-0.56:2.7;-0.68:2.65;-0.7:2.64;-0.7:2.64,-0.5024273:2.702563;-0.407674:2.660442;-0.337157:2.58245;-0.2625496:2.524918;-0.1833856:2.479061;-0.08193153:2.410361;-0.01434904:2.357143;0.02938592:2.329298;0.1222914:2.279341;0.174789:2.239391;0.2321986:2.213475;0.2503591:2.197597
sigma3_hotel_seed42,HOTEL:biwi_hotel:371:16360,HOTEL,biwi_hotel,biwi_hotel:371,16360,3,0.22006817162036896,0.37535014748573303,0.1767766922712326,0.1540497988462448,0.7005755305290222,7.0685834884643555,1.375,-0.71:3.34;-0.72:3.34;-0.72:3.34;-0.78:3.18;-0.75:3.2;-0.72:3.32;-0.72:3.34;-0.67:3.29,-0.61:3.24;-0.6:3.24;-0.6:3.24;-0.6:3.24;-0.6:3.24;-0.67:3.27;-0.61:3.24;-0.6:3.24;-0.6:3.24;-0.6:3.24;-0.6:3.24;-0.6:3.24,-0.6557518:3.238997;-0.6374913:3.205407;-0.6285518:3.164288;-0.618522:3.109915;-0.6166742:3.077605;-0.5992175:3.027011;-0.5934442:2.978349;-0.6207286:2.9637;-0.6032302:2.928332;-0.6131827:2.908057;-0.6182337:2.883564;-0.6697385:2.871185
sigma3_hotel_seed42,HOTEL:biwi_hotel:382:16360,HOTEL,biwi_hotel,biwi_hotel:382,16360,3,1.3898309469223022,2.701603651046753,1.209338665008545,1.1809165477752686,0.36824509501457214,0.5346863269805908,1.75,3.48:-7.05;3.4:-6.57;3.29:-6.11;3.16:-5.63;3.04:-5.18;3.05:-4.71;3.06:-4.28;3:-3.8,2.98:-3.33;2.94:-2.83;2.86:-2.33;2.83:-1.85;2.8:-1.41;2.79:-0.92;2.82:-0.51;2.83:-0.1;2.79:0.36;2.79:0.77;2.78:1.22;2.73:1.68,2.946903:-3.401526;2.844092:-3.091769;2.690737:-2.878482;2.649758:-2.603095;2.578156:-2.354383;2.435535:-2.179358;2.226032:-1.980742;2.279789:-1.739362;2.127378:-1.48992;1.9307:-1.32628;1.97717:-1.090555;1.911988:-0.8947854
sigma3_hotel_seed42,HOTEL:biwi_hotel:383:16360,HOTEL,biwi_hotel,biwi_hotel:383,16360,3,1.3418909311294556,2.6260881423950195,1.300240397453308,1.2213249206542969,0.6710951328277588,0.7886945605278015,1.5,3.83:-7.16;3.84:-6.65;3.78:-6.09;3.81:-5.75;3.76:-5.26;3.76:-4.78;3.71:-4.27;3.7:-3.75,3.69:-3.22;3.68:-2.73;3.46:-2.26;3.64:-1.77;3.43:-1.28;3.36:-0.84;3.36:-0.38;3.35:0.06;3.3:0.51;3.34:0.97;3.33:1.41;3.4:1.86,3.682896:-3.338065;3.613234:-3.01827;3.478734:-2.798774;3.465265:-2.503787;3.428688:-2.24865;3.330828:-2.058281;3.121809:-1.862577;3.223458:-1.595529;3.106895:-1.344999;2.930905:-1.183574;3.008815:-0.9307501;2.973861:-0.7312825
sigma3_hotel_seed42,HOTEL:biwi_hotel:356:16370,HOTEL,biwi_hotel,biwi_hotel:356,16370,3,0.10424036532640457,0.3558332920074463,0.07905694097280502,0.08246438205242157,0.39619383215904236,11.96082592010498,0.375,0.22:0.15;0.24:0.15;0.24:0.17;0.24:0.17;0.22:0.08;0.24:0.12;0.22:0.13;0.25:0.12,0.24:0.14;0.22:0.13;0.27:0.14;0.24:0.15;0.27:0.16;0.29:0.14;0.29:0.08;0.27:0.06;0.27:0.04;0.18:-0.02;0.14:0.05;0.08:0.22,0.2538391:0.1166557;0.2661833:0.1116982;0.2741823:0.1128487;0.278059:0.1094402;0.285584:0.1128567;0.298795:0.115281;0.3182702:0.1050543;0.3317136:0.1055567;0.3458778:0.09224152;0.3632432:0.0940389;0.3739012:0.0870613;0.406108:0.07762399
sigma3_hotel_seed42,HOTEL:biwi_hotel:361:16370,HOTEL,biwi_hotel,biwi_hotel:361,16370,3,1.0284305810928345,1.6651637554168701,0.3535533845424652,0.05050762742757797,0.1473139077425003,0.0,0.0,-0.72:-6.71;-0.72:-6.71;-0.72:-6.71;-0.72:-6.71;-0.72:-6.71;-0.72:-6.71;-0.72:-6.71;-0.62:-6.81,-0.71:-6.72;-0.65:-6.8;-0.71:-6.72;-0.65:-6.75;-0.59:-6.78;-0.7:-6.71;-0.72:-6.71;-0.72:-6.71;-0.72:-6.71;-0.72:-6.71;-0.72:-6.71;-0.72:-6.71,-0.4751312:-6.89978;-0.3364129:-6.964611;-0.2277431:-7.072347;-0.1096908:-7.150977;0.01231241:-7.215009;0.1552704:-7.306461;0.2489879:-7.367178;0.3421424:-7.418325;0.4662383:-7.485149;0.5358925:-7.530012;0.6377842:-7.56741;0.6903855:-7.595202
sigma3_hotel_seed42,HOTEL:biwi_hotel:369:16370,HOTEL,biwi_hotel,biwi_hotel:369,16370,3,0.6366222500801086,1.123637318611145,0.29154759645462036,0.0824737697839737,0.3051299452781677,3.3865714073181152,1.375,-0.67:2.82;-0.67:2.82;-0.67:2.82;-0.65:2.84;-0.65:2.84;-0.65:2.84;-0.6:2.77;-0.7:2.71,-0.72:2.67;-0.57:2.7;-0.56:2.7;-0.67:2.66;-0.68:2.64;-0.7:2.62;-0.57:2.69;-0.56:2.7;-0.68:2.65;-0.7:2.64;-0.7:2.64;-0.68:2.66,-0.7782637:2.661515;-0.86652:2.612564;-0.935957:2.567858;-1.015115:2.501372;-1.090052:2.457997;-1.194991:2.416272;-1.279122:2.376455;-1.334185:2.325238;-1.429458:2.289784;-1.556901:2.290973;-1.611789:2.245893;-1.720253:2.235224
sigma3_hotel_seed42,HOTEL:biwi_hotel:371:16370,HOTEL,biwi_hotel,biwi_hotel:371,16370,3,0.44371071457862854,0.6947185397148132,0.19525624811649323,0.1783721148967743,0.7005755305290222,5.9472174644470215,1.375,-0.72:3.34;-0.72:3.34;-0.78:3.18;-0.75:3.2;-0.72:3.32;-0.72:3.34;-0.67:3.29;-0.61:3.24,-0.6:3.24;-0.6:3.24;-0.6:3.24;-0.6:3.24;-0.67:3.27;-0.61:3.24;-0.6:3.24;-0.6:3.24;-0.6:3.24;-0.6:3.24;-0.6:3.24;-0.6:3.24,-0.5532168:3.175604;-0.4962004:3.130719;-0.458625:3.063791;-0.417047:3.005129;-0.3751432:2.959514;-0.3162421:2.896931;-0.2818565:2.842322;-0.2682553:2.814747;-0.2124394:2.77003;-0.1924873:2.734351;-0.1647392:2.706124;-0.1804289:2.686291
sigma3_hotel_seed42,HOTEL:biwi_hotel:382:16370,HOTEL,biwi_hotel,biwi_hotel:382,16370,3,1.3614040613174438,2.6382532119750977,1.1760632991790771,1.175132393836975,0.37363627552986145,0.5469398498535156,1.5,3.4:-6.57;3.29:-6.11;3.16:-5.63;3.04:-5.18;3.05:-4.71;3.06:-4.28;3:-3.8;2.98:-3.33,2.94:-2.83;2.86:-2.33;2.83:-1.85;2.8:-1.41;2.79:-0.92;2.82:-0.51;2.83:-0.1;2.79:0.36;2.79:0.77;2.78:1.22;2.73:1.68;2.78:2.09,2.941146:-2.934359;2.846972:-2.624886;2.706593:-2.415982;2.674827:-2.13938;2.618804:-1.895448;2.487652:-1.717903;2.28762:-1.519262;2.357974:-1.281108;2.218192:-1.034024;2.031394:-0.872364;2.089213:-0.6385484;2.035413:-0.4410019
sigma3_hotel_seed42,HOTEL:biwi_hotel:383:16370,HOTEL,biwi_hotel,biwi_hotel:383,16370,3,1.235235571861267,2.4929728507995605,1.3252358436584473,1.228466510772705,0.5919042229652405,0.662716269493103,1.25,3.84:-6.65;3.78:-6.09;3.81:-5.75;3.76:-5.26;3.76:-4.78;3.71:-4.27;3.7:-3.75;3.69:-3.22,3.68:-2.73;3.46:-2.26;3.64:-1.77;3.43:-1.28;3.36:-0.84;3.36:-0.38;3.35:0.06;3.3:0.51;3.34:0.97;3.33:1.41;3.4:1.86;3.44:2.3,3.652862:-2.792725;3.563893:-2.463766;3.407463:-2.230905;3.376813:-1.929814;3.321128:-1.662103;3.202964:-1.466686;2.974115:-1.265432;3.059244:-0.9877384;2.92418:-0.7288616;2.727748:-0.5593488;2.79595:-0.297544;2.743348:-0.09365606
sigma3_hotel_seed42,HOTEL:biwi_hotel:356:16380,HOTEL,biwi_hotel,biwi_hotel:356,16380,3,0.11285539716482162,0.4694618880748749,0.055901698768138885,0.08330748230218887,0.41881436109542847,12.746224403381348,0.5,0.24:0.15;0.24:0.17;0.24:0.17;0.22:0.08;0.24:0.12;0.22:0.13;0.25:0.12;0.24:0.14,0.22:0.13;0.27:0.14;0.24:0.15;0.27:0.16;0.29:0.14;0.29:0.08;0.27:0.06;0.27:0.04;0.18:-0.02;0.14:0.05;0.08:0.22;0.01:0.37,0.2343191:0.1207017;0.2440739:0.1022949;0.2486745:0.1036132;0.2515914:0.07937388;0.2463997:0.06944793;0.2508405:0.06035866;0.2596055:0.02910221;0.2549773:0.02758774;0.2625866:0.00788343;0.2648044:0.008101523;0.2631789:-0.0105093;0.2571445:-0.02914165
sigma3_hotel_seed42,HOTEL:biwi_hotel:361:16380,HOTEL,biwi_hotel,biwi_hotel:361,16380,3,0.5003620386123657,0.8836579322814941,0.3181980550289154,0.09596449136734009,0.42721036076545715,3.1415927410125732,0.0,-0.72:-6.71;-0.72:-6.71;-0.72:-6.71;-0.72:-6.71;-0.72:-6.71;-0.72:-6.71;-0.62:-6.81;-0.71:-6.72,-0.65:-6.8;-0.71:-6.72;-0.65:-6.75;-0.59:-6.78;-0.7:-6.71;-0.72:-6.71;-0.72:-6.71;-0.72:-6.71;-0.72:-6.71;-0.72:-6.71;-0.72:-6.71;-0.72:-6.71,-0.7755493:-6.678541;-0.8519144:-6.630899;-0.9030977:-6.608912;-0.9742135:-6.581812;-1.034927:-6.565681;-1.126892:-6.533302;-1.196955:-6.511902;-1.22615:-6.501442;-1.308949:-6.477642;-1.419911:-6.431039;-1.465702:-6.427059;-1.542713:-6.387519
sigma3_hotel_seed42,HOTEL:biwi_hotel:369:16380,HOTEL,biwi_hotel,biwi_hotel:369,16380,3,0.43928465247154236,0.7325102686882019,0.11180339753627777,0.09844568371772766,0.3910279870033264,3.9533004760742188,1.375,-0.67:2.82;-0.67:2.82;-0.65:2.84;-0.65:2.84;-0.65:2.84;-0.6:2.77;-0.7:2.71;-0.72:2.67,-0.57:2.7;-0.56:2.7;-0.67:2.66;-0.68:2.64;-0.7:2.62;-0.57:2.69;-0.56:2.7;-0.68:2.65;-0.7:2.64;-0.7:2.64;-0.68:2.66;-0.69:2.66,-0.7668558:2.62245;-0.8105664:2.587013;-0.8546379:2.563504;-0.9157999:2.51755;-0.9605368:2.488959;-0.9905196:2.465478;-1.053267:2.410063;-1.103361:2.410034;-1.131547:2.363281;-1.205329:2.35388;-1.250118:2.331614;-1.338303:2.31901
sigma3_hotel_seed42,HOTEL:biwi_hotel:371:16380,HOTEL,biwi_hotel,biwi_hotel:371,16380,3,0.1823229342699051,0.33798572421073914,0.02500000037252903,0.18194355070590973,0.5962324142456055,6.641955852508545,1.375,-0.72:3.34;-0.78:3.18;-0.75:3.2;-0.72:3.32;-0.72:3.34;-0.67:3.29;-0.61:3.24;-0.6:3.24,-0.6:3.24;-0.6:3.24;-0.6:3.24;-0.67:3.27;-0.61:3.24;-0.6:3.24;-0.6:3.24;-0.6:3.24;-0.6:3.24;-0.6:3.24;-0.6:3.24;-0.6:3.24,-0.633656:3.232991;-0.6587803:3.224728;-0.6852636:3.226464;-0.7219804:3.217574;-0.7506961:3.21246;-0.7791242:3.214173;-0.8025153:3.195726;-0.8235996:3.195439;-0.8425699:3.185247;-0.8780991:3.189058;-0.8976053:3.180043;-0.9302394:3.168054
sigma3_hotel_seed42,HOTEL:biwi_hotel:382:16380,HOTEL,biwi_hotel,biwi_hotel:382,16380,3,1.3176417350769043,2.595839500427246,1.2539936304092407,1.1853567361831665,0.3817313015460968,0.5544765591621399,1.5,3.29:-6.11;3.16:-5.63;3.04:-5.18;3.05:-4.71;3.06:-4.28;3:-3.8;2.98:-3.33;2.94:-2.83,2.86:-2.33;2.83:-1.85;2.8:-1.41;2.79:-0.92;2.82:-0.51;2.83:-0.1;2.79:0.36;2.79:0.77;2.78:1.22;2.73:1.68;2.78:2.09;2.81:2.51,2.859632:-2.408248;2.725872:-2.082305;2.53642:-1.850612;2.468853:-1.563252;2.372573:-1.295449;2.206168:-1.109579;1.960918:-0.9043396;1.995373:-0.6420743;1.819757:-0.3848193;1.59476:-0.2108595;1.626659:0.04013109;1.540291:0.2458842
sigma3_hotel_seed42,HOTEL:biwi_hotel:383:16380,HOTEL,biwi_hotel,biwi_hotel:383,16380,3,1.2810781002044678,2.5284652709960938,1.2252551317214966,1.2023582458496094,0.3859695494174957,0.46951285004615784,1.25,3.78:-6.09;3.81:-5.75;3.76:-5.26;3.76:-4.78;3.71:-4.27;3.7:-3.75;3.69:-3.22;3.68:-2.73,3.46:-2.26;3.64:-1.77;3.43:-1.28;3.36:-0.84;3.36:-0.38;3.35:0.06;3.3:0.51;3.34:0.97;3.33:1.41;3.4:1.86;3.44:2.3;3.44:2.72,3.661286:-2.323037;3.599821:-2.011282;3.478603:-1.791911;3.471192:-1.505794;3.430176:-1.2549;3.320758:-1.073855;3.130377:-0.8738732;3.223219:-0.6230013;3.099843:-0.3636913;2.921647:-0.1983089;3.002995:0.04745984;2.958993:0.237709
sigma3_hotel_seed42,HOTEL:biwi_hotel:385:16380,HOTEL,biwi_hotel,biwi_hotel:385,16380,3,1.2403247356414795,2.9609386920928955,1.7066048383712769,1.5754849910736084,0.48178762197494507,0.5219911336898804,1.25,0.87:4.04;1.1:3.36;1.19:2.74;1.25:2.13;1.23:1.59;1.26:0.98;1.28:0.36;1.34:-0.32,1.43:-0.98;1.5:-1.63;1.56:-2.29;1.62:-2.98;1.53:-3.74;1.52:-4.42;1.52:-5.14;1.47:-5.88;1.51:-6.6;1.51:-7.27;1.53:-7.95;1.58:-8.66,1.307914:-0.9698028;1.253828:-1.658434;1.10194:-2.321417;1.16339:-2.833583;1.050048:-3.395697;0.9050564:-3.916313;0.6590202:-4.267801;0.5956729:-4.76844;0.3886082:-5.029942;0.3125893:-5.51508;0.1471064:-5.825754;-0.02214682:-6.169963
sigma3_hotel_seed42,HOTEL:biwi_hotel:356:16390,HOTEL,biwi_hotel,biwi_hotel:356,16390,3,0.3616734445095062,0.6447292566299438,0.055901698768138885,0.08415057510137558,0.43092143535614014,11.394096374511719,0.625,0.24:0.17;0.24:0.17;0.22:0.08;0.24:0.12;0.22:0.13;0.25:0.12;0.24:0.14;0.22:0.13,0.27:0.14;0.24:0.15;0.27:0.16;0.29:0.14;0.29:0.08;0.27:0.06;0.27:0.04;0.18:-0.02;0.14:0.05;0.08:0.22;0.01:0.37;-0.15:0.48,0.1713923:0.1054212;0.1202261:0.08762795;0.07228075:0.06658278;0.02086699:0.04001054;-0.02999319:0.01363143;-0.08831018:-0.003608167;-0.1418777:-0.03985399;-0.1935233:-0.04807632;-0.2388703:-0.06047557;-0.3010462:-0.07512692;-0.3527054:-0.09353253;-0.4401717:-0.09573969
sigma3_hotel_seed42,HOTEL:biwi_hotel:361:16390,HOTEL,biwi_hotel,biwi_hotel:361,16390,3,0.5596168637275696,0.8552799820899963,0.25,0.1316787749528885,0.6633725166320801,6.1412882804870605,0.0,-0.72:-6.71;-0.72:-6.71;-0.72:-6.71;-0.72:-6.71;-0.72:-6.71;-0.62:-6.81;-0.71:-6.72;-0.65:-6.8,-0.71:-6.72;-0.65:-6.75;-0.59:-6.78;-0.7:-6.71;-0.72:-6.71;-0.72:-6.71;-0.72:-6.71;-0.72:-6.71;-0.72:-6.71;-0.72:-6.71;-0.72:-6.71;-0.72:-6.71,-0.5838953:-6.859224;-0.518297:-6.900212;-0.4723538:-6.969361;-0.4247967:-7.023584;-0.3729483:-7.067718;-0.308855:-7.128224;-0.2690118:-7.175128;-0.2373114:-7.207913;-0.1779403:-7.250188;-0.1626068:-7.278193;-0.1208128:-7.305705;-0.1254022:-7.324782
sigma3_hotel_seed42,HOTEL:biwi_hotel:369:16390,HOTEL,biwi_hotel,biwi_hotel:369,16390,3,0.7942419052124023,1.3497291803359985,0.3824264705181122,0.15307803452014923,0.5530732870101929,6.185140132904053,1.25,-0.67:2.82;-0.65:2.84;-0.65:2.84;-0.65:2.84;-0.6:2.77;-0.7:2.71;-0.72:2.67;-0.57:2.7,-0.56:2.7;-0.67:2.66;-0.68:2.64;-0.7:2.62;-0.57:2.69;-0.56:2.7;-0.68:2.65;-0.7:2.64;-0.7:2.64;-0.68:2.66;-0.69:2.66;-0.71:2.68,-0.4522904:2.73612;-0.3390775:2.796955;-0.2385827:2.7986;-0.1392219:2.846845;-0.03806543:2.863796;0.07265294:2.882245;0.168161:2.894939;0.2536008:2.932846;0.3601447:2.958363;0.4525899:2.960688;0.5253782:2.986074;0.5949675:3.024715
sigma3_hotel_seed42,HOTEL:biwi_hotel:371:16390,HOTEL,biwi_hotel,biwi_hotel:371,16390,3,0.1047641932964325,0.1706041544675827,0.0,0.12091495096683502,0.3970177173614502,4.124386310577393,1.25,-0.78:3.18;-0.75:3.2;-0.72:3.32;-0.72:3.34;-0.67:3.29;-0.61:3.24;-0.6:3.24;-0.6:3.24,-0.6:3.24;-0.6:3.24;-0.67:3.27;-0.61:3.24;-0.6:3.24;-0.6:3.24;-0.6:3.24;-0.6:3.24;-0.6:3.24;-0.6:3.24;-0.6:3.24;-0.6:3.24,-0.6212889:3.237182;-0.6385027:3.229838;-0.6561521:3.230695;-0.6761695:3.230565;-0.6910744:3.221709;-0.7126104:3.23291;-0.727752:3.215178;-0.7219746:3.212959;-0.7345331:3.206601;-0.7468066:3.203534;-0.7589402:3.191859;-0.7601692:3.18125
sigma3_hotel_seed42,HOTEL:biwi_hotel:382:16390,HOTEL,biwi_hotel,biwi_hotel:382,16390,3,1.3850609064102173,2.7424123287200928,1.2658989429473877,1.188594937324524,0.3904576003551483,0.6294158101081848,1.625,3.16:-5.63;3.04:-5.18;3.05:-4.71;3.06:-4.28;3:-3.8;2.98:-3.33;2.94:-2.83;2.86:-2.33,2.83:-1.85;2.8:-1.41;2.79:-0.92;2.82:-0.51;2.83:-0.1;2.79:0.36;2.79:0.77;2.78:1.22;2.73:1.68;2.78:2.09;2.81:2.51;2.76:3.04,2.756938:-1.903903;2.594074:-1.572517;2.378699:-1.337729;2.28757:-1.050083;2.171815:-0.7772051;1.984302:-0.5888561;1.718203:-0.3821459;1.731859:-0.1164329;1.537411:0.1382439;1.295894:0.3144422;1.308563:0.5662551;1.207686:0.7792156
sigma3_hotel_seed42,HOTEL:biwi_hotel:383:16390,HOTEL,biwi_hotel,biwi_hotel:383,16390,3,1.7974697351455688,3.413316488265991,1.2973530292510986,1.265794038772583,0.42862603068351746,0.6972026228904724,1.25,3.81:-5.75;3.76:-5.26;3.76:-4.78;3.71:-4.27;3.7:-3.75;3.69:-3.22;3.68:-2.73;3.46:-2.26,3.64:-1.77;3.43:-1.28;3.36:-0.84;3.36:-0.38;3.35:0.06;3.3:0.51;3.34:0.97;3.33:1.41;3.4:1.86;3.44:2.3;3.44:2.72;3.44:3.16,3.261448:-1.82153;3.028862:-1.487884;2.727059:-1.223725;2.561775:-0.9460224;2.3508:-0.6469045;2.09059:-0.4651045;1.756265:-0.2621262;1.670103:0.02272511;1.399919:0.278657;1.08611:0.4733832;1.026624:0.7312961;0.8513143:0.9352672
sigma3_hotel_seed42,HOTEL:biwi_hotel:385:16390,HOTEL,biwi_hotel,biwi_hotel:385,16390,3,1.3553624153137207,3.248230218887329,1.665270209312439,1.5570077896118164,0.36068350076675415,0.3875100314617157,1.25,1.1:3.36;1.19:2.74;1.25:2.13;1.23:1.59;1.26:0.98;1.28:0.36;1.34:-0.32;1.43:-0.98,1.5:-1.63;1.56:-2.29;1.62:-2.98;1.53:-3.74;1.52:-4.42;1.52:-5.14;1.47:-5.88;1.51:-6.6;1.51:-7.27;1.53:-7.95;1.58:-8.66;1.55:-9.42,1.397773:-1.593257;1.344924:-2.240656;1.208213:-2.859782;1.261729:-3.349275;1.15612:-3.877165;1.016647:-4.36699;0.7924083:-4.698241;0.7319959:-5.174579;0.5374629:-5.426294;0.4564621:-5.870777;0.3058708:-6.169741;0.1410781:-6.493237
sigma3_hotel_seed42,HOTEL:biwi_hotel:361:16400,HOTEL,biwi_hotel,biwi_hotel:361,16400,3,0.17306683957576752,0.3328250050544739,0.25,0.1673930585384369,0.8717058300971985,9.282880783081055,0.0,-0.72:-6.71;-0.72:-6.71;-0.72:-6.71;-0.72:-6.71;-0.62:-6.81;-0.71:-6.72;-0.65:-6.8;-0.71:-6.72,-0.65:-6.75;-0.59:-6.78;-0.7:-6.71;-0.72:-6.71;-0.72:-6.71;-0.72:-6.71;-0.72:-6.71;-0.72:-6.71;-0.72:-6.71;-0.72:-6.71;-0.72:-6.71;-0.72:-6.71,-0.7281262:-6.710562;-0.7527814:-6.689321;-0.7712536:-6.694894;-0.7981268:-6.688009;-0.8201263:-6.691397;-0.8532428:-6.687037;-0.8811034:-6.693292;-0.8979264:-6.686299;-0.9237339:-6.679171;-0.9707566:-6.671127;-0.9952451:-6.672345;-1.047433:-6.650333
sigma3_hotel_seed42,HOTEL:biwi_hotel:369:16400,HOTEL,biwi_hotel,biwi_hotel:369,16400,3,0.09463125467300415,0.13995647430419922,0.02500000037252903,0.14654794335365295,0.6727544665336609,4.646590709686279,1.125,-0.65:2.84;-0.65:2.84;-0.65:2.84;-0.6:2.77;-0.7:2.71;-0.72:2.67;-0.57:2.7;-0.56:2.7,-0.67:2.66;-0.68:2.64;-0.7:2.62;-0.57:2.69;-0.56:2.7;-0.68:2.65;-0.7:2.64;-0.7:2.64;-0.68:2.66;-0.69:2.66;-0.71:2.68;-0.72:2.65,-0.5835668:2.682281;-0.5979587:2.669025;-0.6167511:2.658377;-0.6505625:2.635929;-0.6753324:2.636615;-0.6875477:2.616279;-0.6981159:2.598055;-0.7394848:2.598987;-0.7492297:2.578332;-0.7804009:2.577773;-0.7960501:2.574299;-0.8330918:2.56755
sigma3_hotel_seed42,HOTEL:biwi_hotel:371:16400,HOTEL,biwi_hotel,biwi_hotel:371,16400,3,0.05523461103439331,0.11106786876916885,0.0,0.10803797841072083,0.2928510308265686,3.3865714073181152,1.125,-0.75:3.2;-0.72:3.32;-0.72:3.34;-0.67:3.29;-0.61:3.24;-0.6:3.24;-0.6:3.24;-0.6:3.24,-0.6:3.24;-0.67:3.27;-0.61:3.24;-0.6:3.24;-0.6:3.24;-0.6:3.24;-0.6:3.24;-0.6:3.24;-0.6:3.24;-0.6:3.24;-0.6:3.24;-0.6:3.24,-0.6053227:3.230314;-0.5989279:3.217824;-0.5982477:3.222653;-0.6007046:3.216341;-0.6000919:3.205179;-0.5962776:3.214918;-0.5958121:3.187148;-0.5771902:3.18891;-0.5669672:3.174853;-0.5640543:3.173404;-0.5621697:3.158296;-0.5536352:3.139072
sigma3_hotel_seed42,HOTEL:biwi_hotel:361:16410,HOTEL,biwi_hotel,biwi_hotel:361,16410,3,0.4650380313396454,0.7008678317070007,0.16770510375499725,0.19135093688964844,1.0412769317626953,11.96082592010498,0.0,-0.72:-6.71;-0.72:-6.71;-0.72:-6.71;-0.62:-6.81;-0.71:-6.72;-0.65:-6.8;-0.71:-6.72;-0.65:-6.75,-0.59:-6.78;-0.7:-6.71;-0.72:-6.71;-0.72:-6.71;-0.72:-6.71;-0.72:-6.71;-0.72:-6.71;-0.72:-6.71;-0.72:-6.71;-0.72:-6.71;-0.72:-6.71;-0.72:-6.71,-0.6263058:-6.824799;-0.5899241:-6.884824;-0.5680687:-6.940673;-0.5453678:-7.027045;-0.5354764:-7.071974;-0.506687:-7.149056;-0.4884629:-7.207628;-0.5106193:-7.246745;-0.4845547:-7.299103;-0.5053582:-7.313048;-0.4888089:-7.352921;-0.5450674:-7.388686
sigma3_hotel_seed42,HOTEL:biwi_hotel:369:16410,HOTEL,biwi_hotel,biwi_hotel:369,16410,3,0.3254576027393341,0.7014398574829102,0.2926174998283386,0.18835043907165527,0.804516077041626,7.4394121170043945,1.0,-0.65:2.84;-0.65:2.84;-0.6:2.77;-0.7:2.71;-0.72:2.67;-0.57:2.7;-0.56:2.7;-0.67:2.66,-0.68:2.64;-0.7:2.62;-0.57:2.69;-0.56:2.7;-0.68:2.65;-0.7:2.64;-0.7:2.64;-0.68:2.66;-0.69:2.66;-0.71:2.68;-0.72:2.65;-0.57:2.7,-0.7222127:2.64875;-0.7669687:2.64507;-0.8111537:2.650588;-0.8787974:2.64121;-0.9243901:2.637678;-0.9585869:2.644687;-1.01484:2.615808;-1.05662:2.633541;-1.08506:2.611172;-1.155373:2.620154;-1.195604:2.615975;-1.266025:2.613009
sigma3_hotel_seed42,HOTEL:biwi_hotel:371:16410,HOTEL,biwi_hotel,biwi_hotel:371,16410,3,0.0852639451622963,0.1429765820503235,0.0,0.06386184692382812,0.18409784138202667,3.1415927410125732,1.0,-0.72:3.32;-0.72:3.34;-0.67:3.29;-0.61:3.24;-0.6:3.24;-0.6:3.24;-0.6:3.24;-0.6:3.24,-0.67:3.27;-0.61:3.24;-0.6:3.24;-0.6:3.24;-0.6:3.24;-0.6:3.24;-0.6:3.24;-0.6:3.24;-0.6:3.24;-0.6:3.24;-0.6:3.24;-0.6:3.24,-0.6133292:3.226195;-0.6129627:3.210693;-0.6211103:3.207082;-0.6337495:3.191931;-0.6443948:3.188134;-0.6451721:3.18092;-0.6442962:3.161944;-0.6517929:3.157872;-0.6501798:3.139977;-0.657548:3.140958;-0.6599513:3.12994;-0.6603243:3.110373
sigma3_hotel_seed42,HOTEL:biwi_hotel:386:16410,HOTEL,biwi_hotel,biwi_hotel:386,16410,3,0.7599110007286072,1.7461432218551636,0.4756574332714081,0.45330578088760376,0.5035008192062378,1.4284307956695557,0.0,3.44:2.78;3.21:2.76;3:2.74;2.89:2.74;2.73:2.82;2.56:2.96;2.46:3.04;2.27:3.05,2.09:3.04;1.97:3.02;1.83:3.04;1.62:3.14;1.5:3.18;1.45:3.17;1.43:3.16;1.43:3.16;1.43:3.16;1.43:3.16;1.43:3.16;1.43:3.16,2.042764:3.033181;1.814691:3.014411;1.601455:2.995944;1.364931:2.995891;1.157149:2.96847;0.9271398:2.980206;0.7039061:2.971135;0.5364441:2.952095;0.3278625:2.952318;0.09290409:2.948085;-0.09551954:2.936237;-0.3009214:2.92994
sigma3_hotel_seed42,HOTEL:biwi_hotel:361:16420,HOTEL,biwi_hotel,biwi_hotel:361,16420,3,0.3400517404079437,0.46847525238990784,0.16770510375499725,0.2153088003396988,1.0412769317626953,11.96082592010498,0.0,-0.72:-6.71;-0.72:-6.71;-0.62:-6.81;-0.71:-6.72;-0.65:-6.8;-0.71:-6.72;-0.65:-6.75;-0.59:-6.78,-0.7:-6.71;-0.72:-6.71;-0.72:-6.71;-0.72:-6.71;-0.72:-6.71;-0.72:-6.71;-0.72:-6.71;-0.72:-6.71;-0.72:-6.71;-0.72:-6.71;-0.72:-6.71;-0.72:-6.71,-0.5592453:-6.780933;-0.5236011:-6.777966;-0.4872825:-6.777966;-0.43915:-6.785614;-0.4181879:-6.796811;-0.4053921:-6.802073;-0.367354:-6.823509;-0.3463231:-6.822278;-0.327551:-6.813648;-0.2892391:-6.821799;-0.2776114:-6.835976;-0.26732:-6.830623
sigma3_hotel_seed42,HOTEL:biwi_hotel:369:16420,HOTEL,biwi_hotel,biwi_hotel:369,16420,3,0.20971699059009552,0.35651853680610657,0.055901698768138885,0.19633640348911285,0.8211380839347839,8.197790145874023,1.0,-0.65:2.84;-0.6:2.77;-0.7:2.71;-0.72:2.67;-0.57:2.7;-0.56:2.7;-0.67:2.66;-0.68:2.64,-0.7:2.62;-0.57:2.69;-0.56:2.7;-0.68:2.65;-0.7:2.64;-0.7:2.64;-0.68:2.66;-0.69:2.66;-0.71:2.68;-0.72:2.65;-0.57:2.7;-0.68:2.67,-0.7017368:2.614231;-0.7191101:2.594066;-0.7417411:2.582601;-0.7712069:2.564724;-0.7884657:2.538406;-0.8010557:2.5378;-0.8337033:2.494716;-0.8405232:2.495199;-0.8434144:2.47154;-0.874198:2.459936;-0.8956977:2.441291;-0.9381036:2.424057
sigma3_hotel_seed42,HOTEL:biwi_hotel:371:16420,HOTEL,biwi_hotel,biwi_hotel:371,16420,3,0.3370043933391571,0.4606062173843384,0.190394327044487,0.08391818404197693,0.17382125556468964,3.522099018096924,1.0,-0.72:3.34;-0.67:3.29;-0.61:3.24;-0.6:3.24;-0.6:3.24;-0.6:3.24;-0.6:3.24;-0.67:3.27,-0.61:3.24;-0.6:3.24;-0.6:3.24;-0.6:3.24;-0.6:3.24;-0.6:3.24;-0.6:3.24;-0.6:3.24;-0.6:3.24;-0.6:3.24;-0.6:3.24;-0.67:3.28,-0.7002859:3.310308;-0.7333592:3.352134;-0.7570345:3.380901;-0.7862965:3.422723;-0.812462:3.430577;-0.8592834:3.475962;-0.8936632:3.48158;-0.8891938:3.505325;-0.9208785:3.536773;-0.9572299:3.554397;-0.9845964:3.561342;-1.016795:3.583136
sigma3_hotel_seed42,HOTEL:biwi_hotel:386:16420,HOTEL,biwi_hotel,biwi_hotel:386,16420,3,0.504162073135376,1.2215802669525146,0.45069390535354614,0.4352377951145172,0.5059598684310913,1.5282989740371704,0.0,3.21:2.76;3:2.74;2.89:2.74;2.73:2.82;2.56:2.96;2.46:3.04;2.27:3.05;2.09:3.04,1.97:3.02;1.83:3.04;1.62:3.14;1.5:3.18;1.45:3.17;1.43:3.16;1.43:3.16;1.43:3.16;1.43:3.16;1.43:3.16;1.43:3.16;1.43:3.16,1.925197:3.03492;1.756497:3.02469;1.615518:3.021985;1.434051:3.031853;1.290804:3.004207;1.109634:3.036801;0.9412359:3.028101;0.8520238:3.01164;0.6965414:3.01774;0.499958:3.028512;0.3766221:3.014847;0.2174909:3.011406
sigma3_hotel_seed42,HOTEL:biwi_hotel:361:16430,HOTEL,biwi_hotel,biwi_hotel:361,16430,3,0.2868122160434723,0.5470080375671387,0.3259601294994354,0.2618745267391205,1.0994117259979248,14.999337196350098,0.0,-0.72:-6.71;-0.62:-6.81;-0.71:-6.72;-0.65:-6.8;-0.71:-6.72;-0.65:-6.75;-0.59:-6.78;-0.7:-6.71,-0.72:-6.71;-0.72:-6.71;-0.72:-6.71;-0.72:-6.71;-0.72:-6.71;-0.72:-6.71;-0.72:-6.71;-0.72:-6.71;-0.72:-6.71;-0.72:-6.71;-0.72:-6.71;-0.72:-6.71,-0.7322935:-6.670505;-0.7617204:-6.619266;-0.7808959:-6.586022;-0.8154826:-6.555397;-0.8508394:-6.531888;-0.8913583:-6.50358;-0.9190793:-6.493037;-0.9535706:-6.457929;-0.9854777:-6.431011;-1.036777:-6.399507;-1.069045:-6.384015;-1.131915:-6.350078
sigma3_hotel_seed42,HOTEL:biwi_hotel:369:16430,HOTEL,biwi_hotel,biwi_hotel:369,16430,3,0.23232483863830566,0.33423325419425964,0.0707106813788414,0.17571532726287842,0.6749578714370728,6.8689141273498535,1.0,-0.6:2.77;-0.7:2.71;-0.72:2.67;-0.57:2.7;-0.56:2.7;-0.67:2.66;-0.68:2.64;-0.7:2.62,-0.57:2.69;-0.56:2.7;-0.68:2.65;-0.7:2.64;-0.7:2.64;-0.68:2.66;-0.69:2.66;-0.71:2.68;-0.72:2.65;-0.57:2.7;-0.68:2.67;-0.7:2.65,-0.7320651:2.612029;-0.7562951:2.59885;-0.7831983:2.597192;-0.8156254:2.588802;-0.8418576:2.576521;-0.8745108:2.578948;-0.8967481:2.559415;-0.9087006:2.550921;-0.9273887:2.545211;-0.9591049:2.544122;-0.9750962:2.531241;-1.004428:2.51203
sigma3_hotel_seed42,HOTEL:biwi_hotel:371:16430,HOTEL,biwi_hotel,biwi_hotel:371,16430,3,0.48301613330841064,0.8496025800704956,0.16770510375499725,0.0826222375035286,0.31254854798316956,6.514276027679443,1.0,-0.67:3.29;-0.61:3.24;-0.6:3.24;-0.6:3.24;-0.6:3.24;-0.6:3.24;-0.67:3.27;-0.61:3.24,-0.6:3.24;-0.6:3.24;-0.6:3.24;-0.6:3.24;-0.6:3.24;-0.6:3.24;-0.6:3.24;-0.6:3.24;-0.6:3.24;-0.6:3.24;-0.67:3.28;-0.61:3.24,-0.5266111:3.234407;-0.4462602:3.244187;-0.3775697:3.223997;-0.2973648:3.229202;-0.2264529:3.214177;-0.1509727:3.208656;-0.08113599:3.18529;-0.01894051:3.193884;0.0568893:3.193469;0.1408354:3.16832;0.1833004:3.162565;0.2369714:3.173187
sigma3_hotel_seed42,HOTEL:biwi_hotel:386:16430,HOTEL,biwi_hotel,biwi_hotel:386,16430,3,0.29098546504974365,0.7189129590988159,0.3041381239891052,0.4033467471599579,0.4630924165248871,1.5429974794387817,0.0,3:2.74;2.89:2.74;2.73:2.82;2.56:2.96;2.46:3.04;2.27:3.05;2.09:3.04;1.97:3.02,1.83:3.04;1.62:3.14;1.5:3.18;1.45:3.17;1.43:3.16;1.43:3.16;1.43:3.16;1.43:3.16;1.43:3.16;1.43:3.16;1.43:3.16;1.43:3.16,1.863746:3.032132;1.748249:3.045648;1.665187:3.065335;1.546541:3.062726;1.452709:3.068414;1.333783:3.091864;1.223198:3.083304;1.157907:3.095936;1.049156:3.089661;0.9012717:3.125429;0.827157:3.120423;0.7111776:3.148587
sigma3_hotel_seed42,HOTEL:biwi_hotel:361:16440,HOTEL,biwi_hotel,biwi_hotel:361,16440,3,0.07778114825487137,0.16509747505187988,0.05000000074505806,0.2185097634792328,0.9382836222648621,12.424473762512207,0.0,-0.62:-6.81;-0.71:-6.72;-0.65:-6.8;-0.71:-6.72;-0.65:-6.75;-0.59:-6.78;-0.7:-6.71;-0.72:-6.71,-0.72:-6.71;-0.72:-6.71;-0.72:-6.71;-0.72:-6.71;-0.72:-6.71;-0.72:-6.71;-0.72:-6.71;-0.72:-6.71;-0.72:-6.71;-0.72:-6.71;-0.72:-6.71;-0.72:-6.71,-0.7163394:-6.713792;-0.7006428:-6.72271;-0.6887425:-6.713419;-0.6777444:-6.715365;-0.6697087:-6.724422;-0.6626037:-6.71084;-0.6524737:-6.736885;-0.6225126:-6.732475;-0.6098999:-6.740146;-0.5952181:-6.741792;-0.5872799:-6.755928;-0.5663594:-6.77043
sigma3_hotel_seed42,HOTEL:biwi_hotel:369:16440,HOTEL,biwi_hotel,biwi_hotel:369,16440,3,0.5358268022537231,0.7308745980262756,0.3691205680370331,0.18679718673229218,0.771277129650116,9.152320861816406,1.0,-0.7:2.71;-0.72:2.67;-0.57:2.7;-0.56:2.7;-0.67:2.66;-0.68:2.64;-0.7:2.62;-0.57:2.69,-0.56:2.7;-0.68:2.65;-0.7:2.64;-0.7:2.64;-0.68:2.66;-0.69:2.66;-0.71:2.68;-0.72:2.65;-0.57:2.7;-0.68:2.67;-0.7:2.65;-0.57:2.69,-0.4906169:2.712867;-0.4169732:2.761396;-0.3479035:2.751347;-0.2916116:2.773954;-0.2237399:2.787073;-0.1518389:2.789912;-0.09783444:2.806615;-0.0344789:2.820328;0.02737874:2.825587;0.04089719:2.856127;0.1009839:2.867742;0.1297346:2.901067
sigma3_hotel_seed42,HOTEL:biwi_hotel:371:16440,HOTEL,biwi_hotel,biwi_hotel:371,16440,3,0.20740370452404022,0.38623133301734924,0.02500000037252903,0.058299917727708817,0.29963070154190063,6.2831854820251465,1.0,-0.61:3.24;-0.6:3.24;-0.6:3.24;-0.6:3.24;-0.6:3.24;-0.67:3.27;-0.61:3.24;-0.6:3.24,-0.6:3.24;-0.6:3.24;-0.6:3.24;-0.6:3.24;-0.6:3.24;-0.6:3.24;-0.6:3.24;-0.6:3.24;-0.6:3.24;-0.67:3.28;-0.61:3.24;-0.6:3.24,-0.627998:3.212467;-0.6476594:3.189719;-0.6732139:3.177203;-0.7090126:3.15166;-0.7354057:3.136891;-0.7490206:3.123679;-0.7788348:3.088143;-0.8077526:3.089567;-0.8183382:3.061458;-0.8545417:3.054365;-0.8779982:3.041651;-0.9219529:3.026644
sigma3_hotel_seed42,HOTEL:biwi_hotel:386:16440,HOTEL,biwi_hotel,biwi_hotel:386,16440,3,0.5071595311164856,1.1536649465560913,0.3535533845424652,0.4145686626434326,0.411406546831131,1.3863955736160278,0.0,2.89:2.74;2.73:2.82;2.56:2.96;2.46:3.04;2.27:3.05;2.09:3.04;1.97:3.02;1.83:3.04,1.62:3.14;1.5:3.18;1.45:3.17;1.43:3.16;1.43:3.16;1.43:3.16;1.43:3.16;1.43:3.16;1.43:3.16;1.43:3.16;1.43:3.16;1.43:3.16,1.694403:3.067859;1.551492:3.088818;1.440081:3.117809;1.288283:3.139863;1.17403:3.141113;1.020634:3.190093;0.8770471:3.193781;0.8184854:3.20091;0.687409:3.213785;0.5027733:3.257443;0.4177703:3.255891;0.2817348:3.27149
sigma3_hotel_seed42,HOTEL:biwi_hotel:361:16450,HOTEL,biwi_hotel,biwi_hotel:361,16450,3,0.11560049653053284,0.21025218069553375,0.0,0.17305290699005127,0.7229547500610352,9.42477798461914,0.0,-0.71:-6.72;-0.65:-6.8;-0.71:-6.72;-0.65:-6.75;-0.59:-6.78;-0.7:-6.71;-0.72:-6.71;-0.72:-6.71,-0.72:-6.71;-0.72:-6.71;-0.72:-6.71;-0.72:-6.71;-0.72:-6.71;-0.72:-6.71;-0.72:-6.71;-0.72:-6.71;-0.72:-6.71;-0.72:-6.71;-0.72:-6.71;-0.72:-6.71,-0.7408117:-6.722581;-0.7534145:-6.737624;-0.7663264:-6.735795;-0.7778485:-6.749568;-0.7948551:-6.765196;-0.815008:-6.761622;-0.8287328:-6.791505;-0.8293659:-6.794777;-0.8412769:-6.806166;-0.8524677:-6.809687;-0.8680016:-6.829481;-0.8816493:-6.844445
sigma3_hotel_seed42,HOTEL:biwi_hotel:369:16450,HOTEL,biwi_hotel,biwi_hotel:369,16450,3,0.10003412514925003,0.011627529747784138,0.0353553406894207,0.17587603628635406,0.7195232510566711,7.21193790435791,1.0,-0.72:2.67;-0.57:2.7;-0.56:2.7;-0.67:2.66;-0.68:2.64;-0.7:2.62;-0.57:2.69;-0.56:2.7,-0.68:2.65;-0.7:2.64;-0.7:2.64;-0.68:2.66;-0.69:2.66;-0.71:2.68;-0.72:2.65;-0.57:2.7;-0.68:2.67;-0.7:2.65;-0.57:2.69;-0.56:2.7,-0.5661458:2.699215;-0.564759:2.699199;-0.568198:2.697765;-0.5770874:2.693827;-0.5817702:2.703256;-0.5780995:2.698397;-0.5680757:2.699361;-0.5763716:2.698134;-0.5727708:2.687859;-0.5743331:2.696726;-0.5694879:2.695969;-0.5576651:2.688609
sigma3_hotel_seed42,HOTEL:biwi_hotel:371:16450,HOTEL,biwi_hotel,biwi_hotel:371,16450,3,0.1685665100812912,0.30283287167549133,0.0,0.054728489369153976,0.29963070154190063,3.5464844703674316,1.0,-0.6:3.24;-0.6:3.24;-0.6:3.24;-0.6:3.24;-0.67:3.27;-0.61:3.24;-0.6:3.24;-0.6:3.24,-0.6:3.24;-0.6:3.24;-0.6:3.24;-0.6:3.24;-0.6:3.24;-0.6:3.24;-0.6:3.24;-0.6:3.24;-0.67:3.28;-0.61:3.24;-0.6:3.24;-0.6:3.24,-0.6255831:3.225;-0.6460707:3.209746;-0.6738969:3.197843;-0.7146872:3.190239;-0.7346631:3.179564;-0.7494771:3.178777;-0.7780691:3.155704;-0.78983:3.155681;-0.7975231:3.13717;-0.831683:3.129757;-0.8463571:3.124279;-0.8730649:3.109067
sigma3_hotel_seed42,HOTEL:biwi_hotel:386:16450,HOTEL,biwi_hotel,biwi_hotel:386,16450,3,1.2679539918899536,2.3870630264282227,0.5814851522445679,0.43375030159950256,0.4587751030921936,1.4636409282684326,0.0,2.73:2.82;2.56:2.96;2.46:3.04;2.27:3.05;2.09:3.04;1.97:3.02;1.83:3.04;1.62:3.14,1.5:3.18;1.45:3.17;1.43:3.16;1.43:3.16;1.43:3.16;1.43:3.16;1.43:3.16;1.43:3.16;1.43:3.16;1.43:3.16;1.43:3.16;1.43:3.16,1.402893:3.247288;1.1757:3.344718;0.98004:3.443007;0.7644995:3.501287;0.5724123:3.575614;0.3473967:3.655663;0.1345153:3.707682;-0.002837658:3.766282;-0.2093648:3.809788;-0.4727162:3.921717;-0.6066116:3.955869;-0.7987443:4.01485
sigma3_hotel_seed42,HOTEL:biwi_hotel:361:16460,HOTEL,biwi_hotel,biwi_hotel:361,16460,3,0.07626298069953918,0.12838125228881836,0.0,0.13733862340450287,0.5146214365959167,6.2831854820251465,0.0,-0.65:-6.8;-0.71:-6.72;-0.65:-6.75;-0.59:-6.78;-0.7:-6.71;-0.72:-6.71;-0.72:-6.71;-0.72:-6.71,-0.72:-6.71;-0.72:-6.71;-0.72:-6.71;-0.72:-6.71;-0.72:-6.71;-0.72:-6.71;-0.72:-6.71;-0.72:-6.71;-0.72:-6.71;-0.72:-6.71;-0.72:-6.71;-0.72:-6.71,-0.7354395:-6.718037;-0.7441547:-6.730017;-0.7566172:-6.729588;-0.770716:-6.732299;-0.7792302:-6.745585;-0.7900329:-6.733724;-0.8034458:-6.758787;-0.7889013:-6.759854;-0.7919585:-6.7714;-0.7990859:-6.776204;-0.8068297:-6.790772;-0.8039508:-6.807129
sigma3_hotel_seed42,HOTEL:biwi_hotel:369:16460,HOTEL,biwi_hotel,biwi_hotel:369,16460,3,0.5530945658683777,1.087444543838501,0.32499998807907104,0.167672261595726,0.7195232510566711,9.765527725219727,1.0,-0.57:2.7;-0.56:2.7;-0.67:2.66;-0.68:2.64;-0.7:2.62;-0.57:2.69;-0.56:2.7;-0.68:2.65,-0.7:2.64;-0.7:2.64;-0.68:2.66;-0.69:2.66;-0.71:2.68;-0.72:2.65;-0.57:2.7;-0.68:2.67;-0.7:2.65;-0.57:2.69;-0.56:2.7;-0.56:2.7,-0.745393:2.610481;-0.8227803:2.573333;-0.8872573:2.532587;-0.9601322:2.486651;-1.022486:2.446538;-1.108876:2.418756;-1.18668:2.37901;-1.231898:2.344695;-1.306597:2.316777;-1.408096:2.305541;-1.462593:2.271726;-1.557315:2.266527
sigma3_hotel_seed42,HOTEL:biwi_hotel:371:16460,HOTEL,biwi_hotel,biwi_hotel:371,16460,3,0.19997639954090118,0.3623861074447632,0.0,0.054728489369153976,0.29963070154190063,3.5464844703674316,1.0,-0.6:3.24;-0.6:3.24;-0.6:3.24;-0.67:3.27;-0.61:3.24;-0.6:3.24;-0.6:3.24;-0.6:3.24,-0.6:3.24;-0.6:3.24;-0.6:3.24;-0.6:3.24;-0.6:3.24;-0.6:3.24;-0.6:3.24;-0.67:3.28;-0.61:3.24;-0.6:3.24;-0.6:3.24;-0.6:3.24,-0.5796417:3.23499;-0.5433084:3.227534;-0.5115006:3.244889;-0.4806475:3.242265;-0.4566714:3.233017;-0.4274287:3.251355;-0.4035005:3.216822;-0.3574816:3.230507;-0.32597:3.218927;-0.2932752:3.219368;-0.274703:3.203275;-0.2411902:3.189214
sigma3_hotel_seed42,HOTEL:biwi_hotel:386:16460,HOTEL,biwi_hotel,biwi_hotel:386,16460,3,0.6311085820198059,1.2295764684677124,0.3162277638912201,0.4002731442451477,0.47541168332099915,1.5721261501312256,0.0,2.56:2.96;2.46:3.04;2.27:3.05;2.09:3.04;1.97:3.02;1.83:3.04;1.62:3.14;1.5:3.18,1.45:3.17;1.43:3.16;1.43:3.16;1.43:3.16;1.43:3.16;1.43:3.16;1.43:3.16;1.43:3.16;1.43:3.16;1.43:3.16;1.43:3.16;1.43:3.16,1.390903:3.194058;1.271938:3.210779;1.187209:3.226944;1.079547:3.216686;0.9809904:3.217505;0.8475182:3.231962;0.7431772:3.234785;0.6753857:3.224856;0.5555968:3.226678;0.4001584:3.276226;0.328607:3.259246;0.2063866:3.280949
sigma3_hotel_seed42,HOTEL:biwi_hotel:361:16470,HOTEL,biwi_hotel,biwi_hotel:361,16470,3,0.1706983596086502,0.32192596793174744,0.0,0.10162433236837387,0.3450503945350647,3.6052403450012207,0.0,-0.71:-6.72;-0.65:-6.75;-0.59:-6.78;-0.7:-6.71;-0.72:-6.71;-0.72:-6.71;-0.72:-6.71;-0.72:-6.71,-0.72:-6.71;-0.72:-6.71;-0.72:-6.71;-0.72:-6.71;-0.72:-6.71;-0.72:-6.71;-0.72:-6.71;-0.72:-6.71;-0.72:-6.71;-0.72:-6.71;-0.72:-6.71;-0.72:-6.71,-0.703779:-6.70949;-0.6699355:-6.711858;-0.6411536:-6.691837;-0.6169228:-6.691399;-0.5968485:-6.69238;-0.5699501:-6.675128;-0.5435891:-6.699869;-0.5063649:-6.686186;-0.4770805:-6.69486;-0.450164:-6.68783;-0.4299988:-6.698666;-0.3980804:-6.712022
sigma3_hotel_seed42,HOTEL:biwi_hotel:369:16470,HOTEL,biwi_hotel,biwi_hotel:369,16470,3,0.33289578557014465,0.5186377167701721,0.055901698768138885,0.17208679020404816,0.6999526619911194,7.041563034057617,1.0,-0.56:2.7;-0.67:2.66;-0.68:2.64;-0.7:2.62;-0.57:2.69;-0.56:2.7;-0.68:2.65;-0.7:2.64,-0.7:2.64;-0.68:2.66;-0.69:2.66;-0.71:2.68;-0.72:2.65;-0.57:2.7;-0.68:2.67;-0.7:2.65;-0.57:2.69;-0.56:2.7;-0.56:2.7;-0.68:2.67,-0.7458791:2.637152;-0.7927568:2.631876;-0.8372031:2.632441;-0.8935383:2.637994;-0.9288714:2.623126;-0.9744112:2.644282;-1.028663:2.619967;-1.035572:2.624251;-1.066968:2.616784;-1.119141:2.613111;-1.15236:2.604012;-1.193427:2.596669
sigma3_hotel_seed42,HOTEL:biwi_hotel:371:16470,HOTEL,biwi_hotel,biwi_hotel:371,16470,3,0.16841436922550201,0.3184750974178314,0.0,0.054728489369153976,0.29963070154190063,3.5464844703674316,1.0,-0.6:3.24;-0.6:3.24;-0.67:3.27;-0.61:3.24;-0.6:3.24;-0.6:3.24;-0.6:3.24;-0.6:3.24,-0.6:3.24;-0.6:3.24;-0.6:3.24;-0.6:3.24;-0.6:3.24;-0.6:3.24;-0.67:3.28;-0.61:3.24;-0.6:3.24;-0.6:3.24;-0.6:3.24;-0.6:3.24,-0.6253484:3.215697;-0.6365764:3.192694;-0.6512864:3.191446;-0.6673678:3.162409;-0.691745:3.144622;-0.7094394:3.1347;-0.7262143:3.095933;-0.745999:3.092659;-0.7578901:3.071952;-0.7808502:3.070235;-0.8011586:3.047554;-0.8372722:3.027566
sigma3_hotel_seed42,HOTEL:biwi_hotel:386:16470,HOTEL,biwi_hotel,biwi_hotel:386,16470,3,0.4129727780818939,0.7805343270301819,0.12747548520565033,0.3727473318576813,0.44625094532966614,1.4691144227981567,0.0,2.46:3.04;2.27:3.05;2.09:3.04;1.97:3.02;1.83:3.04;1.62:3.14;1.5:3.18;1.45:3.17,1.43:3.16;1.43:3.16;1.43:3.16;1.43:3.16;1.43:3.16;1.43:3.16;1.43:3.16;1.43:3.16;1.43:3.16;1.43:3.16;1.43:3.16;1.43:3.16,1.384881:3.165854;1.31628:3.167404;1.249504:3.165537;1.157859:3.173548;1.103611:3.159702;1.045988:3.181444;0.9597876:3.154318;0.9262708:3.169673;0.883827:3.157889;0.7904254:3.157924;0.7382077:3.156984;0.6494727:3.156691
sigma3_hotel_seed42,HOTEL:biwi_hotel:361:16480,HOTEL,biwi_hotel,biwi_hotel:361,16480,3,0.21371828019618988,0.3574526906013489,0.0,0.07766646146774292,0.3450503945350647,3.6052403450012207,0.0,-0.65:-6.75;-0.59:-6.78;-0.7:-6.71;-0.72:-6.71;-0.72:-6.71;-0.72:-6.71;-0.72:-6.71;-0.72:-6.71,-0.72:-6.71;-0.72:-6.71;-0.72:-6.71;-0.72:-6.71;-0.72:-6.71;-0.72:-6.71;-0.72:-6.71;-0.72:-6.71;-0.72:-6.71;-0.72:-6.71;-0.72:-6.71;-0.65:-6.69,-0.6956795:-6.717936;-0.6541817:-6.728106;-0.6218369:-6.717008;-0.592813:-6.720858;-0.5645564:-6.726047;-0.5247308:-6.713713;-0.4941472:-6.743541;-0.4495751:-6.73252;-0.4103238:-6.749773;-0.3737083:-6.750081;-0.3485598:-6.762769;-0.3041941:-6.780503
sigma3_hotel_seed42,HOTEL:biwi_hotel:369:16480,HOTEL,biwi_hotel,biwi_hotel:369,16480,3,0.3730207681655884,0.6503649353981018,0.0,0.13028427958488464,0.6170154213905334,6.2831854820251465,1.0,-0.67:2.66;-0.68:2.64;-0.7:2.62;-0.57:2.69;-0.56:2.7;-0.68:2.65;-0.7:2.64;-0.7:2.64,-0.68:2.66;-0.69:2.66;-0.71:2.68;-0.72:2.65;-0.57:2.7;-0.68:2.67;-0.7:2.65;-0.57:2.69;-0.56:2.7;-0.56:2.7;-0.68:2.67;-0.66:2.64,-0.7408714:2.612266;-0.7777457:2.594481;-0.8113588:2.579511;-0.8485013:2.541632;-0.8955569:2.521027;-0.9418538:2.493385;-0.978261:2.456874;-1.040508:2.450592;-1.077224:2.435199;-1.131935:2.429343;-1.176317:2.409782;-1.267072:2.406681
sigma3_hotel_seed42,HOTEL:biwi_hotel:371:16480,HOTEL,biwi_hotel,biwi_hotel:371,16480,3,0.26954206824302673,0.5010970830917358,0.0,0.054728489369153976,0.22029972076416016,3.5464844703674316,1.0,-0.6:3.24;-0.67:3.27;-0.61:3.24;-0.6:3.24;-0.6:3.24;-0.6:3.24;-0.6:3.24;-0.6:3.24,-0.6:3.24;-0.6:3.24;-0.6:3.24;-0.6:3.24;-0.6:3.24;-0.67:3.28;-0.61:3.24;-0.6:3.24;-0.6:3.24;-0.6:3.24;-0.6:3.24;-0.6:3.24,-0.5691962:3.23015;-0.5209048:3.218048;-0.4826826:3.230295;-0.4468436:3.227684;-0.411258:3.217763;-0.3638066:3.234971;-0.3325494:3.198295;-0.2749465:3.212014;-0.228185:3.192901;-0.1850267:3.189702;-0.1563316:3.174626;-0.1061731:3.154952
sigma3_hotel_seed42,HOTEL:biwi_hotel:386:16480,HOTEL,biwi_hotel,biwi_hotel:386,16480,3,0.26435360312461853,0.4785704016685486,0.055901698768138885,0.3127822279930115,0.4542085826396942,1.6272848844528198,0.125,2.27:3.05;2.09:3.04;1.97:3.02;1.83:3.04;1.62:3.14;1.5:3.18;1.45:3.17;1.43:3.16,1.43:3.16;1.43:3.16;1.43:3.16;1.43:3.16;1.43:3.16;1.43:3.16;1.43:3.16;1.43:3.16;1.43:3.16;1.43:3.16;1.43:3.16;1.43:3.16,1.385821:3.152495;1.345792:3.146477;1.306117:3.148874;1.251012:3.146142;1.215245:3.136488;1.179759:3.149162;1.13216:3.123429;1.112294:3.131448;1.08709:3.117131;1.034021:3.118947;1.002385:3.111027;0.9548392:3.102975
sigma3_hotel_seed42,HOTEL:biwi_hotel:388:16480,HOTEL,biwi_hotel,biwi_hotel:388,16480,3,1.7155413627624512,3.4091742038726807,1.507481336593628,1.5286931991577148,0.5755314826965332,0.8065474033355713,1.375,3.45:-9.94;3.34:-9.38;3.31:-8.72;3.16:-8.13;3.14:-7.5;3.05:-6.9;2.94:-6.31;2.88:-5.71,2.77:-5.13;2.69:-4.57;2.66:-3.99;2.61:-3.39;2.6:-2.77;2.62:-2.21;2.61:-1.64;2.66:-1.07;2.65:-0.45;2.65:0.15;2.66:0.68;2.68:1.12,2.799816:-5.209793;2.683112:-4.839827;2.461529:-4.544781;2.401028:-4.198483;2.300524:-3.87687;2.152473:-3.646645;1.845713:-3.434513;1.916549:-3.084361;1.744053:-2.787182;1.493791:-2.592374;1.550156:-2.278748;1.461111:-2.063831
sigma3_hotel_seed42,HOTEL:biwi_hotel:389:16480,HOTEL,biwi_hotel,biwi_hotel:389,16480,3,1.8537883758544922,3.633047103881836,1.5348045825958252,1.5201257467269897,0.6594821810722351,0.7342180013656616,1.0,4:-10.12;4.02:-9.59;3.98:-8.99;3.81:-8.3;3.8:-7.73;3.8:-7.11;3.69:-6.51;3.56:-5.91,3.5:-5.25;3.41:-4.57;3.3:-4.03;3.28:-3.45;3.25:-2.81;3.24:-2.25;3.26:-1.74;3.35:-1.13;3.34:-0.4;3.42:0.17;3.49:0.83;3.51:1.18,3.482126:-5.399806;3.384099:-5.029434;3.167942:-4.724931;3.11731:-4.374101;3.013543:-4.043422;2.869452:-3.816073;2.564841:-3.597931;2.636474:-3.24187;2.463253:-2.931621;2.205521:-2.728336;2.273203:-2.404698;2.179219:-2.200541
sigma3_hotel_seed42,HOTEL:biwi_hotel:361:16490,HOTEL,biwi_hotel,biwi_hotel:361,16490,3,0.20024310052394867,0.33739301562309265,0.0,0.05370858684182167,0.13960160315036774,0.5667291879653931,0.0,-0.59:-6.78;-0.7:-6.71;-0.72:-6.71;-0.72:-6.71;-0.72:-6.71;-0.72:-6.71;-0.72:-6.71;-0.72:-6.71,-0.72:-6.71;-0.72:-6.71;-0.72:-6.71;-0.72:-6.71;-0.72:-6.71;-0.72:-6.71;-0.72:-6.71;-0.72:-6.71;-0.72:-6.71;-0.72:-6.71;-0.65:-6.69;-0.64:-6.69,-0.6968772:-6.720295;-0.6582419:-6.733727;-0.6284333:-6.722441;-0.6001185:-6.724299;-0.5710241:-6.739233;-0.5346165:-6.719324;-0.5143676:-6.758532;-0.4581887:-6.747001;-0.419279:-6.764134;-0.3854135:-6.769234;-0.3633756:-6.786523;-0.3237284:-6.8075
sigma3_hotel_seed42,HOTEL:biwi_hotel:369:16490,HOTEL,biwi_hotel,biwi_hotel:369,16490,3,0.15233848989009857,0.2646383047103882,0.0707106813788414,0.13239985704421997,0.6360615491867065,8.78127670288086,1.0,-0.68:2.64;-0.7:2.62;-0.57:2.69;-0.56:2.7;-0.68:2.65;-0.7:2.64;-0.7:2.64;-0.68:2.66,-0.69:2.66;-0.71:2.68;-0.72:2.65;-0.57:2.7;-0.68:2.67;-0.7:2.65;-0.57:2.69;-0.56:2.7;-0.56:2.7;-0.68:2.67;-0.66:2.64;-0.57:2.69,-0.658629:2.667111;-0.6296634:2.672965;-0.5994465:2.693298;-0.5773791:2.704503;-0.5488778:2.707286;-0.5183357:2.735329;-0.4939915:2.716962;-0.4434159:2.735566;-0.4114377:2.726177;-0.3794836:2.73323;-0.3558199:2.726952;-0.3076477:2.724709
sigma3_hotel_seed42,HOTEL:biwi_hotel:371:16490,HOTEL,biwi_hotel,biwi_hotel:371,16490,3,0.11838549375534058,0.240448459982872,0.0,0.02752929925918579,0.07115574926137924,0.46364760398864746,1.0,-0.67:3.27;-0.61:3.24;-0.6:3.24;-0.6:3.24;-0.6:3.24;-0.6:3.24;-0.6:3.24;-0.6:3.24,-0.6:3.24;-0.6:3.24;-0.6:3.24;-0.6:3.24;-0.67:3.28;-0.61:3.24;-0.6:3.24;-0.6:3.24;-0.6:3.24;-0.6:3.24;-0.6:3.24;-0.6:3.24,-0.5901437:3.237321;-0.569342:3.233547;-0.5555917:3.237646;-0.5467507:3.236999;-0.5323083:3.241122;-0.5081146:3.247581;-0.4856918:3.236447;-0.462611:3.24027;-0.4392449:3.224994;-0.417893:3.229624;-0.4007104:3.223422;-0.3612974:3.211077
sigma3_hotel_seed42,HOTEL:biwi_hotel:386:16490,HOTEL,biwi_hotel,biwi_hotel:386,16490,3,0.19400496780872345,0.36194443702697754,0.0,0.24839738011360168,0.4141388535499573,1.5176347494125366,0.25,2.09:3.04;1.97:3.02;1.83:3.04;1.62:3.14;1.5:3.18;1.45:3.17;1.43:3.16;1.43:3.16,1.43:3.16;1.43:3.16;1.43:3.16;1.43:3.16;1.43:3.16;1.43:3.16;1.43:3.16;1.43:3.16;1.43:3.16;1.43:3.16;1.43:3.16;1.43:3.14,1.393919:3.153975;1.37018:3.150994;1.34511:3.160326;1.302718:3.150829;1.271386:3.15244;1.249164:3.155611;1.223116:3.135829;1.193191:3.146073;1.177151:3.131236;1.132851:3.143646;1.111465:3.138407;1.068191:3.130091
sigma3_hotel_seed42,HOTEL:biwi_hotel:388:16490,HOTEL,biwi_hotel,biwi_hotel:388,16490,3,1.8176711797714233,3.626748561859131,1.4758472442626953,1.535706639289856,0.4982285499572754,0.7457720041275024,1.25,3.34:-9.38;3.31:-8.72;3.16:-8.13;3.14:-7.5;3.05:-6.9;2.94:-6.31;2.88:-5.71;2.77:-5.13,2.69:-4.57;2.66:-3.99;2.61:-3.39;2.6:-2.77;2.62:-2.21;2.61:-1.64;2.66:-1.07;2.65:-0.45;2.65:0.15;2.66:0.68;2.68:1.12;2.62:1.78,2.665148:-4.632667;2.531289:-4.266759;2.292308:-3.971294;2.214262:-3.634604;2.087175:-3.309243;1.915097:-3.090316;1.600782:-2.874304;1.636917:-2.531562;1.441011:-2.233032;1.171938:-2.033147;1.209972:-1.722206;1.098543:-1.512184
sigma3_hotel_seed42,HOTEL:biwi_hotel:389:16490,HOTEL,biwi_hotel,biwi_hotel:389,16490,3,1.7581523656845093,3.59427547454834,1.6568042039871216,1.5673916339874268,0.6594821810722351,0.7526406645774841,1.0,4.02:-9.59;3.98:-8.99;3.81:-8.3;3.8:-7.73;3.8:-7.11;3.69:-6.51;3.56:-5.91;3.5:-5.25,3.41:-4.57;3.3:-4.03;3.28:-3.45;3.25:-2.81;3.24:-2.25;3.26:-1.74;3.35:-1.13;3.34:-0.4;3.42:0.17;3.49:0.83;3.51:1.18;3.48:1.88,3.396748:-4.708735;3.254246:-4.312487;2.995897:-3.981432;2.91594:-3.609449;2.795183:-3.260374;2.626645:-3.004483;2.276288:-2.789583;2.342978:-2.397614;2.151163:-2.081777;1.876845:-1.876559;1.924165:-1.53714;1.816687:-1.306253
sigma3_hotel_seed42,HOTEL:biwi_hotel:361:16500,HOTEL,biwi_hotel,biwi_hotel:361,16500,3,0.026187961921095848,0.06624297797679901,0.0,0.0071428571827709675,0.02083333395421505,0.0,0.0,-0.7:-6.71;-0.72:-6.71;-0.72:-6.71;-0.72:-6.71;-0.72:-6.71;-0.72:-6.71;-0.72:-6.71;-0.72:-6.71,-0.72:-6.71;-0.72:-6.71;-0.72:-6.71;-0.72:-6.71;-0.72:-6.71;-0.72:-6.71;-0.72:-6.71;-0.72:-6.71;-0.72:-6.71;-0.65:-6.69;-0.64:-6.69;-0.64:-6.69,-0.7268214:-6.711302;-0.7239938:-6.714987;-0.727824:-6.713795;-0.7349314:-6.713798;-0.7385594:-6.708466;-0.7338896:-6.704882;-0.7288815:-6.712418;-0.7244561:-6.70922;-0.7208891:-6.720791;-0.7161773:-6.717917;-0.7145329:-6.721124;-0.6921859:-6.730802
sigma3_hotel_seed42,HOTEL:biwi_hotel:369:16500,HOTEL,biwi_hotel,biwi_hotel:369,16500,3,0.08704663068056107,0.14209063351154327,0.02500000037252903,0.1258697509765625,0.49140214920043945,8.287335395812988,1.0,-0.7:2.62;-0.57:2.69;-0.56:2.7;-0.68:2.65;-0.7:2.64;-0.7:2.64;-0.68:2.66;-0.69:2.66,-0.71:2.68;-0.72:2.65;-0.57:2.7;-0.68:2.67;-0.7:2.65;-0.57:2.69;-0.56:2.7;-0.56:2.7;-0.68:2.67;-0.66:2.64;-0.57:2.69;-0.56:2.7,-0.6968716:2.657061;-0.6956671:2.653611;-0.6985711:2.652266;-0.7062558:2.646271;-0.7108096:2.652635;-0.7090404:2.648665;-0.6978382:2.644675;-0.7028379:2.642107;-0.6999447:2.63048;-0.697984:2.636195;-0.6946607:2.631676;-0.6794581:2.623062
sigma3_hotel_seed42,HOTEL:biwi_hotel:371:16500,HOTEL,biwi_hotel,biwi_hotel:371,16500,3,0.02013855054974556,0.03579690679907799,0.0,0.0035714285913854837,0.010416666977107525,0.0,1.0,-0.61:3.24;-0.6:3.24;-0.6:3.24;-0.6:3.24;-0.6:3.24;-0.6:3.24;-0.6:3.24;-0.6:3.24,-0.6:3.24;-0.6:3.24;-0.6:3.24;-0.67:3.28;-0.61:3.24;-0.6:3.24;-0.6:3.24;-0.6:3.24;-0.6:3.24;-0.6:3.24;-0.6:3.24;-0.6:3.24,-0.6075937:3.238294;-0.6062244:3.233847;-0.6106442:3.23474;-0.618784:3.234281;-0.6224904:3.238265;-0.6199058:3.242253;-0.614537:3.233763;-0.609544:3.235476;-0.6063473:3.224076;-0.6016453:3.22598;-0.6002947:3.22148;-0.5784808:3.211393
sigma3_hotel_seed42,HOTEL:biwi_hotel:386:16500,HOTEL,biwi_hotel,biwi_hotel:386,16500,3,0.05195998027920723,0.08066286146640778,0.0,0.20494906604290009,0.36755409836769104,1.2105889320373535,0.375,1.97:3.02;1.83:3.04;1.62:3.14;1.5:3.18;1.45:3.17;1.43:3.16;1.43:3.16;1.43:3.16,1.43:3.16;1.43:3.16;1.43:3.16;1.43:3.16;1.43:3.16;1.43:3.16;1.43:3.16;1.43:3.16;1.43:3.16;1.43:3.16;1.43:3.14;1.31:3.12,1.416642:3.152706;1.415825:3.142174;1.410778:3.146471;1.40147:3.136699;1.392099:3.13177;1.385038:3.133421;1.386741:3.114149;1.386675:3.111915;1.386554:3.101505;1.380725:3.104542;1.378681:3.092074;1.377:3.075084
sigma3_hotel_seed42,HOTEL:biwi_hotel:361:16510,HOTEL,biwi_hotel,biwi_hotel:361,16510,3,0.06502364575862885,0.12595705687999725,0.0,0.0,0.0,0.0,0.0,-0.72:-6.71;-0.72:-6.71;-0.72:-6.71;-0.72:-6.71;-0.72:-6.71;-0.72:-6.71;-0.72:-6.71;-0.72:-6.71,-0.72:-6.71;-0.72:-6.71;-0.72:-6.71;-0.72:-6.71;-0.72:-6.71;-0.72:-6.71;-0.72:-6.71;-0.72:-6.71;-0.65:-6.69;-0.64:-6.69;-0.64:-6.69;-0.64:-6.69,-0.7307552:-6.713806;-0.7346134:-6.721339;-0.7431296:-6.722431;-0.7551467:-6.723294;-0.7602159:-6.725872;-0.7640819:-6.719373;-0.764684:-6.732316;-0.7555792:-6.734169;-0.7549744:-6.745278;-0.7547601:-6.746593;-0.7557891:-6.754888;-0.7392259:-6.767585
sigma3_hotel_seed42,HOTEL:biwi_hotel:369:16510,HOTEL,biwi_hotel,biwi_hotel:369,16510,3,0.15973179042339325,0.18838204443454742,0.0707106813788414,0.08323977142572403,0.37494024634361267,8.78127670288086,1.0,-0.57:2.69;-0.56:2.7;-0.68:2.65;-0.7:2.64;-0.7:2.64;-0.68:2.66;-0.69:2.66;-0.71:2.68,-0.72:2.65;-0.57:2.7;-0.68:2.67;-0.7:2.65;-0.57:2.69;-0.56:2.7;-0.56:2.7;-0.68:2.67;-0.66:2.64;-0.57:2.69;-0.56:2.7;-0.65:2.61,-0.7209964:2.683673;-0.7339554:2.686544;-0.7442869:2.688172;-0.7516094:2.697009;-0.7596236:2.67936;-0.7842633:2.69844;-0.801275:2.676165;-0.7834072:2.67828;-0.7938496:2.685229;-0.8021784:2.676774;-0.8168709:2.664068;-0.8306658:2.663363
sigma3_hotel_seed42,HOTEL:biwi_hotel:371:16510,HOTEL,biwi_hotel,biwi_hotel:371,16510,3,0.04401688650250435,0.060709696263074875,0.0,0.0,0.0,0.0,1.0,-0.6:3.24;-0.6:3.24;-0.6:3.24;-0.6:3.24;-0.6:3.24;-0.6:3.24;-0.6:3.24;-0.6:3.24,-0.6:3.24;-0.6:3.24;-0.67:3.28;-0.61:3.24;-0.6:3.24;-0.6:3.24;-0.6:3.24;-0.6:3.24;-0.6:3.24;-0.6:3.24;-0.6:3.24;-0.6:3.24,-0.6107552:3.236194;-0.6146134:3.228661;-0.6231296:3.227569;-0.6351467:3.226707;-0.6402159:3.224128;-0.6440819:3.230627;-0.644684:3.217684;-0.6355792:3.215831;-0.6349744:3.204722;-0.6347601:3.203407;-0.6357891:3.195112;-0.6192259:3.182415
sigma3_hotel_seed42,HOTEL:biwi_hotel:386:16510,HOTEL,biwi_hotel,biwi_hotel:386,16510,3,0.20866094529628754,0.4969242215156555,0.0,0.1544414460659027,0.25682342052459717,0.9080668091773987,0.5,1.83:3.04;1.62:3.14;1.5:3.18;1.45:3.17;1.43:3.16;1.43:3.16;1.43:3.16;1.43:3.16,1.43:3.16;1.43:3.16;1.43:3.16;1.43:3.16;1.43:3.16;1.43:3.16;1.43:3.16;1.43:3.16;1.43:3.16;1.43:3.14;1.31:3.12;1.28:3.1,1.449653:3.146878;1.483848:3.130402;1.509268:3.138216;1.53428:3.13365;1.559397:3.115249;1.590179:3.132292;1.60597:3.090774;1.657722:3.09965;1.692365:3.082553;1.722193:3.07418;1.740109:3.05537;1.772439:3.033389
sigma3_hotel_seed42,HOTEL:biwi_hotel:361:16520,HOTEL,biwi_hotel,biwi_hotel:361,16520,3,0.06888147443532944,0.09188354015350342,0.0,0.0,0.0,0.0,0.0,-0.72:-6.71;-0.72:-6.71;-0.72:-6.71;-0.72:-6.71;-0.72:-6.71;-0.72:-6.71;-0.72:-6.71;-0.72:-6.71,-0.72:-6.71;-0.72:-6.71;-0.72:-6.71;-0.72:-6.71;-0.72:-6.71;-0.72:-6.71;-0.72:-6.71;-0.65:-6.69;-0.64:-6.69;-0.64:-6.69;-0.64:-6.69;-0.69:-6.69,-0.7307552:-6.713806;-0.7346134:-6.721339;-0.7431296:-6.722431;-0.7551467:-6.723294;-0.7602159:-6.725872;-0.7640819:-6.719373;-0.764684:-6.732316;-0.7555792:-6.734169;-0.7549744:-6.745278;-0.7547601:-6.746593;-0.7557891:-6.754888;-0.7392259:-6.767585
sigma3_hotel_seed42,HOTEL:biwi_hotel:369:16520,HOTEL,biwi_hotel,biwi_hotel:369,16520,3,0.15210269391536713,0.3021519184112549,0.07905694097280502,0.0894828587770462,0.2789110839366913,8.064735412597656,1.0,-0.56:2.7;-0.68:2.65;-0.7:2.64;-0.7:2.64;-0.68:2.66;-0.69:2.66;-0.71:2.68;-0.72:2.65,-0.57:2.7;-0.68:2.67;-0.7:2.65;-0.57:2.69;-0.56:2.7;-0.56:2.7;-0.68:2.67;-0.66:2.64;-0.57:2.69;-0.56:2.7;-0.65:2.61;-0.69:2.66,-0.6979303:2.635772;-0.6768858:2.621032;-0.6594757:2.608665;-0.6311541:2.603786;-0.6084222:2.574175;-0.5966392:2.580926;-0.5829689:2.544132;-0.5381306:2.53821;-0.5159694:2.532063;-0.4819782:2.507376;-0.47434:2.485316;-0.4516855:2.474253
sigma3_hotel_seed42,HOTEL:biwi_hotel:371:16520,HOTEL,biwi_hotel,biwi_hotel:371,16520,3,0.045176103711128235,0.060709696263074875,0.0,0.0,0.0,0.0,1.0,-0.6:3.24;-0.6:3.24;-0.6:3.24;-0.6:3.24;-0.6:3.24;-0.6:3.24;-0.6:3.24;-0.6:3.24,-0.6:3.24;-0.67:3.28;-0.61:3.24;-0.6:3.24;-0.6:3.24;-0.6:3.24;-0.6:3.24;-0.6:3.24;-0.6:3.24;-0.6:3.24;-0.6:3.24;-0.6:3.24,-0.6107552:3.236194;-0.6146134:3.228661;-0.6231296:3.227569;-0.6351467:3.226707;-0.6402159:3.224128;-0.6440819:3.230627;-0.644684:3.217684;-0.6355792:3.215831;-0.6349744:3.204722;-0.6347601:3.203407;-0.6357891:3.195112;-0.6192259:3.182415
sigma3_hotel_seed42,HOTEL:biwi_hotel:361:16530,HOTEL,biwi_hotel,biwi_hotel:361,16530,3,0.07459114491939545,0.11914519965648651,0.0,0.0,0.0,0.0,0.0,-0.72:-6.71;-0.72:-6.71;-0.72:-6.71;-0.72:-6.71;-0.72:-6.71;-0.72:-6.71;-0.72:-6.71;-0.72:-6.71,-0.72:-6.71;-0.72:-6.71;-0.72:-6.71;-0.72:-6.71;-0.72:-6.71;-0.72:-6.71;-0.65:-6.69;-0.64:-6.69;-0.64:-6.69;-0.64:-6.69;-0.69:-6.69;-0.82:-6.68,-0.7307552:-6.713806;-0.7346134:-6.721339;-0.7431296:-6.722431;-0.7551467:-6.723294;-0.7602159:-6.725872;-0.7640819:-6.719373;-0.764684:-6.732316;-0.7555792:-6.734169;-0.7549744:-6.745278;-0.7547601:-6.746593;-0.7557891:-6.754888;-0.7392259:-6.767585
sigma3_hotel_seed42,HOTEL:biwi_hotel:369:16530,HOTEL,biwi_hotel,biwi_hotel:369,16530,3,0.5929310917854309,1.046592354774475,0.3952847123146057,0.09952352941036224,0.35305914282798767,10.210176467895508,1.0,-0.68:2.65;-0.7:2.64;-0.7:2.64;-0.68:2.66;-0.69:2.66;-0.71:2.68;-0.72:2.65;-0.57:2.7,-0.68:2.67;-0.7:2.65;-0.57:2.69;-0.56:2.7;-0.56:2.7;-0.68:2.67;-0.66:2.64;-0.57:2.69;-0.56:2.7;-0.65:2.61;-0.69:2.66;-0.72:2.59,-0.4786319:2.72481;-0.3859463:2.774154;-0.3051126:2.767435;-0.2354736:2.793569;-0.1592121:2.809489;-0.07196963:2.810842;-0.003651202:2.825954;0.06149924:2.846637;0.1384563:2.85734;0.1687598:2.883036;0.2363432:2.900277;0.269847:2.929939
sigma3_hotel_seed42,HOTEL:biwi_hotel:371:16530,HOTEL,biwi_hotel,biwi_hotel:371,16530,3,0.04577367380261421,0.060709696263074875,0.0,0.0,0.0,0.0,1.0,-0.6:3.24;-0.6:3.24;-0.6:3.24;-0.6:3.24;-0.6:3.24;-0.6:3.24;-0.6:3.24;-0.6:3.24,-0.67:3.28;-0.61:3.24;-0.6:3.24;-0.6:3.24;-0.6:3.24;-0.6:3.24;-0.6:3.24;-0.6:3.24;-0.6:3.24;-0.6:3.24;-0.6:3.24;-0.6:3.24,-0.6107552:3.236194;-0.6146134:3.228661;-0.6231296:3.227569;-0.6351467:3.226707;-0.6402159:3.224128;-0.6440819:3.230627;-0.644684:3.217684;-0.6355792:3.215831;-0.6349744:3.204722;-0.6347601:3.203407;-0.6357891:3.195112;-0.6192259:3.182415
sigma3_hotel_seed42,HOTEL:biwi_hotel:361:16540,HOTEL,biwi_hotel,biwi_hotel:361,16540,3,0.08420613408088684,0.18807198107242584,0.0,0.0,0.0,0.0,0.0,-0.72:-6.71;-0.72:-6.71;-0.72:-6.71;-0.72:-6.71;-0.72:-6.71;-0.72:-6.71;-0.72:-6.71;-0.72:-6.71,-0.72:-6.71;-0.72:-6.71;-0.72:-6.71;-0.72:-6.71;-0.72:-6.71;-0.65:-6.69;-0.64:-6.69;-0.64:-6.69;-0.64:-6.69;-0.69:-6.69;-0.82:-6.68;-0.9:-6.67,-0.7307552:-6.713806;-0.7346134:-6.721339;-0.7431296:-6.722431;-0.7551467:-6.723294;-0.7602159:-6.725872;-0.7640819:-6.719373;-0.764684:-6.732316;-0.7555792:-6.734169;-0.7549744:-6.745278;-0.7547601:-6.746593;-0.7557891:-6.754888;-0.7392259:-6.767585
sigma3_hotel_seed42,HOTEL:biwi_hotel:369:16540,HOTEL,biwi_hotel,biwi_hotel:369,16540,3,1.0215842723846436,1.8704253435134888,0.285043865442276,0.1322581171989441,0.6131307482719421,10.476428031921387,1.0,-0.7:2.64;-0.7:2.64;-0.68:2.66;-0.69:2.66;-0.71:2.68;-0.72:2.65;-0.57:2.7;-0.68:2.67,-0.7:2.65;-0.57:2.69;-0.56:2.7;-0.56:2.7;-0.68:2.67;-0.66:2.64;-0.57:2.69;-0.56:2.7;-0.65:2.61;-0.69:2.66;-0.72:2.59;-0.57:2.69,-0.8286815:2.614602;-0.9800079:2.562345;-1.108734:2.519779;-1.281273:2.500674;-1.409741:2.43776;-1.564147:2.443929;-1.722668:2.407998;-1.808561:2.367873;-1.940551:2.344674;-2.114625:2.321371;-2.238769:2.288777;-2.390641:2.261333
sigma3_hotel_seed42,HOTEL:biwi_hotel:371:16540,HOTEL,biwi_hotel,biwi_hotel:371,16540,3,0.48363324999809265,0.83787602186203,0.20155644416809082,0.028793778270483017,0.08398184925317764,0.0,1.0,-0.6:3.24;-0.6:3.24;-0.6:3.24;-0.6:3.24;-0.6:3.24;-0.6:3.24;-0.6:3.24;-0.67:3.28,-0.61:3.24;-0.6:3.24;-0.6:3.24;-0.6:3.24;-0.6:3.24;-0.6:3.24;-0.6:3.24;-0.6:3.24;-0.6:3.24;-0.6:3.24;-0.6:3.24;-0.6:3.24,-0.7276586:3.300977;-0.7930793:3.32883;-0.8460839:3.337251;-0.9146456:3.356156;-0.9675459:3.356516;-1.039418:3.380927;-1.10823:3.380981;-1.137604:3.391427;-1.196919:3.403538;-1.287242:3.424708;-1.334033:3.425616;-1.411964:3.446763
sigma3_hotel_seed42,HOTEL:biwi_hotel:361:16550,HOTEL,biwi_hotel,biwi_hotel:361,16550,3,0.0945933386683464,0.19668902456760406,0.0,0.0,0.0,0.0,0.0,-0.72:-6.71;-0.72:-6.71;-0.72:-6.71;-0.72:-6.71;-0.72:-6.71;-0.72:-6.71;-0.72:-6.71;-0.72:-6.71,-0.72:-6.71;-0.72:-6.71;-0.72:-6.71;-0.72:-6.71;-0.65:-6.69;-0.64:-6.69;-0.64:-6.69;-0.64:-6.69;-0.69:-6.69;-0.82:-6.68;-0.9:-6.67;-0.91:-6.67,-0.7307552:-6.713806;-0.7346134:-6.721339;-0.7431296:-6.722431;-0.7551467:-6.723294;-0.7602159:-6.725872;-0.7640819:-6.719373;-0.764684:-6.732316;-0.7555792:-6.734169;-0.7549744:-6.745278;-0.7547601:-6.746593;-0.7557891:-6.754888;-0.7392259:-6.767585
sigma3_hotel_seed42,HOTEL:biwi_hotel:369:16550,HOTEL,biwi_hotel,biwi_hotel:369,16550,3,0.11165247112512589,0.14879459142684937,0.0707106813788414,0.1423596441745758,0.6779949069023132,10.995573997497559,1.0,-0.7:2.64;-0.68:2.66;-0.69:2.66;-0.71:2.68;-0.72:2.65;-0.57:2.7;-0.68:2.67;-0.7:2.65,-0.57:2.69;-0.56:2.7;-0.56:2.7;-0.68:2.67;-0.66:2.64;-0.57:2.69;-0.56:2.7;-0.65:2.61;-0.69:2.66;-0.72:2.59;-0.57:2.69;-0.64:2.57,-0.6919866:2.641958;-0.6718396:2.629915;-0.6575544:2.638554;-0.6443484:2.636822;-0.6301858:2.622457;-0.6142794:2.6401;-0.6063514:2.60658;-0.5659074:2.613161;-0.5446067:2.600336;-0.5263264:2.595798;-0.5159863:2.579176;-0.4914965:2.560697
sigma3_hotel_seed42,HOTEL:biwi_hotel:371:16550,HOTEL,biwi_hotel,biwi_hotel:371,16550,3,0.40733638405799866,0.67463219165802,0.18027757108211517,0.054547715932130814,0.24298536777496338,3.0727362632751465,1.0,-0.6:3.24;-0.6:3.24;-0.6:3.24;-0.6:3.24;-0.6:3.24;-0.6:3.24;-0.67:3.28;-0.61:3.24,-0.6:3.24;-0.6:3.24;-0.6:3.24;-0.6:3.24;-0.6:3.24;-0.6:3.24;-0.6:3.24;-0.6:3.24;-0.6:3.24;-0.6:3.24;-0.6:3.24;-0.6:3.24,-0.5329024:3.215437;-0.461576:3.217265;-0.4094717:3.174432;-0.3568466:3.166462;-0.2946591:3.146004;-0.2125743:3.120701;-0.1636044:3.089342;-0.129249:3.097946;-0.05039024:3.078672;0.001794875:3.047758;0.03446853:3.046396;0.04904777:3.055974
sigma3_hotel_seed42,HOTEL:biwi_hotel:361:16560,HOTEL,biwi_hotel,biwi_hotel:361,16560,3,0.1049344539642334,0.19668902456760406,0.0,0.0,0.0,0.0,0.0,-0.72:-6.71;-0.72:-6.71;-0.72:-6.71;-0.72:-6.71;-0.72:-6.71;-0.72:-6.71;-0.72:-6.71;-0.72:-6.71,-0.72:-6.71;-0.72:-6.71;-0.72:-6.71;-0.65:-6.69;-0.64:-6.69;-0.64:-6.69;-0.64:-6.69;-0.69:-6.69;-0.82:-6.68;-0.9:-6.67;-0.91:-6.67;-0.91:-6.67,-0.7307552:-6.713806;-0.7346134:-6.721339;-0.7431296:-6.722431;-0.7551467:-6.723294;-0.7602159:-6.725872;-0.7640819:-6.719373;-0.764684:-6.732316;-0.7555792:-6.734169;-0.7549744:-6.745278;-0.7547601:-6.746593;-0.7557891:-6.754888;-0.7392259:-6.767585
sigma3_hotel_seed42,HOTEL:biwi_hotel:369:16560,HOTEL,biwi_hotel,biwi_hotel:369,16560,3,0.6466792225837708,1.0021812915802002,0.3400367498397827,0.1808348000049591,0.8087234497070312,11.294073104858398,1.0,-0.68:2.66;-0.69:2.66;-0.71:2.68;-0.72:2.65;-0.57:2.7;-0.68:2.67;-0.7:2.65;-0.57:2.69,-0.56:2.7;-0.56:2.7;-0.68:2.67;-0.66:2.64;-0.57:2.69;-0.56:2.7;-0.65:2.61;-0.69:2.66;-0.72:2.59;-0.57:2.69;-0.64:2.57;-0.58:2.69,-0.4659693:2.707903;-0.3595777:2.752975;-0.2704543:2.741582;-0.1889868:2.765308;-0.1024756:2.777402;0.002364635:2.773846;0.08249462:2.781212;0.1483122:2.805308;0.2430936:2.812876;0.295258:2.826645;0.3659976:2.844429;0.4057368:2.870804
sigma3_hotel_seed42,HOTEL:biwi_hotel:371:16560,HOTEL,biwi_hotel,biwi_hotel:371,16560,3,0.3067634105682373,0.579586923122406,0.02500000037252903,0.058119144290685654,0.3096845746040344,3.660738706588745,1.0,-0.6:3.24;-0.6:3.24;-0.6:3.24;-0.6:3.24;-0.6:3.24;-0.67:3.28;-0.61:3.24;-0.6:3.24,-0.6:3.24;-0.6:3.24;-0.6:3.24;-0.6:3.24;-0.6:3.24;-0.6:3.24;-0.6:3.24;-0.6:3.24;-0.6:3.24;-0.6:3.24;-0.6:3.24;-0.6:3.24,-0.6395813:3.198429;-0.6694037:3.168082;-0.7049162:3.153494;-0.7543623:3.114448;-0.7930909:3.091376;-0.8106149:3.07252;-0.861128:3.01933;-0.9076557:3.026505;-0.9239109:2.985436;-0.9809041:2.977223;-1.020228:2.959154;-1.097737:2.943051
sigma3_hotel_seed42,HOTEL:biwi_hotel:361:16570,HOTEL,biwi_hotel,biwi_hotel:361,16570,3,0.12556816637516022,0.32292553782463074,0.0,0.0,0.0,0.0,0.0,-0.72:-6.71;-0.72:-6.71;-0.72:-6.71;-0.72:-6.71;-0.72:-6.71;-0.72:-6.71;-0.72:-6.71;-0.72:-6.71,-0.72:-6.71;-0.72:-6.71;-0.65:-6.69;-0.64:-6.69;-0.64:-6.69;-0.64:-6.69;-0.69:-6.69;-0.82:-6.68;-0.9:-6.67;-0.91:-6.67;-0.91:-6.67;-0.92:-6.5,-0.7307552:-6.713806;-0.7346134:-6.721339;-0.7431296:-6.722431;-0.7551467:-6.723294;-0.7602159:-6.725872;-0.7640819:-6.719373;-0.764684:-6.732316;-0.7555792:-6.734169;-0.7549744:-6.745278;-0.7547601:-6.746593;-0.7557891:-6.754888;-0.7392259:-6.767585
sigma3_hotel_seed42,HOTEL:biwi_hotel:369:16570,HOTEL,biwi_hotel,biwi_hotel:369,16570,3,0.1373312622308731,0.3326762318611145,0.0353553406894207,0.18231414258480072,0.9142781496047974,10.995573997497559,1.0,-0.69:2.66;-0.71:2.68;-0.72:2.65;-0.57:2.7;-0.68:2.67;-0.7:2.65;-0.57:2.69;-0.56:2.7,-0.56:2.7;-0.68:2.67;-0.66:2.64;-0.57:2.69;-0.56:2.7;-0.65:2.61;-0.69:2.66;-0.72:2.59;-0.57:2.69;-0.64:2.57;-0.58:2.69;-0.64:2.81,-0.5928262:2.685668;-0.6134183:2.673986;-0.6359537:2.676209;-0.6691921:2.656784;-0.6995424:2.652144;-0.7213884:2.645864;-0.7422203:2.620827;-0.7736313:2.623555;-0.7901636:2.605567;-0.8257684:2.611585;-0.8478476:2.599921;-0.8878652:2.588107
sigma3_hotel_seed42,HOTEL:biwi_hotel:371:16570,HOTEL,biwi_hotel,biwi_hotel:371,16570,3,0.19084058701992035,0.325208455324173,0.0,0.058119144290685654,0.32010123133659363,3.660738706588745,1.0,-0.6:3.24;-0.6:3.24;-0.6:3.24;-0.6:3.24;-0.67:3.28;-0.61:3.24;-0.6:3.24;-0.6:3.24,-0.6:3.24;-0.6:3.24;-0.6:3.24;-0.6:3.24;-0.6:3.24;-0.6:3.24;-0.6:3.24;-0.6:3.24;-0.6:3.24;-0.6:3.24;-0.6:3.24;-0.67:3.32,-0.6282437:3.223913;-0.6523142:3.208346;-0.6834234:3.195849;-0.7288843:3.188371;-0.7509554:3.176138;-0.7677728:3.176451;-0.8019075:3.151253;-0.8150619:3.152452;-0.8242177:3.132706;-0.8633425:3.124541;-0.8809121:3.119081;-0.9133283:3.104241
sigma3_hotel_seed42,HOTEL:biwi_hotel:391:16570,HOTEL,biwi_hotel,biwi_hotel:391,16570,3,1.344232439994812,2.533320665359497,1.006541132926941,1.2534841299057007,0.6901121139526367,1.0322152376174927,0.125,3.34:-10.19;3.12:-9.64;3.04:-9.14;2.91:-8.65;2.69:-8.15;2.66:-7.61;2.6:-7.2;2.5:-6.81,2.47:-6.45;2.42:-6.12;2.35:-5.8;2.39:-5.52;2.49:-5.23;2.6:-4.91;2.65:-4.62;2.89:-4.27;2.98:-3.98;2.95:-3.64;2.97:-3.42;3.01:-3.14,2.364649:-6.346353;2.174025:-5.991975;1.91151:-5.725166;1.794163:-5.414394;1.646663:-5.112316;1.43729:-4.904796;1.11976:-4.695231;1.116486:-4.388278;0.895873:-4.118258;0.6225579:-3.931184;0.6171334:-3.652853;0.4933445:-3.430101
sigma3_hotel_seed42,HOTEL:biwi_hotel:361:16580,HOTEL,biwi_hotel,biwi_hotel:361,16580,3,0.1451411098241806,0.3241165578365326,0.0,0.0,0.0,0.0,0.0,-0.72:-6.71;-0.72:-6.71;-0.72:-6.71;-0.72:-6.71;-0.72:-6.71;-0.72:-6.71;-0.72:-6.71;-0.72:-6.71,-0.72:-6.71;-0.65:-6.69;-0.64:-6.69;-0.64:-6.69;-0.64:-6.69;-0.69:-6.69;-0.82:-6.68;-0.9:-6.67;-0.91:-6.67;-0.91:-6.67;-0.92:-6.5;-0.97:-6.54,-0.7307552:-6.713806;-0.7346134:-6.721339;-0.7431296:-6.722431;-0.7551467:-6.723294;-0.7602159:-6.725872;-0.7640819:-6.719373;-0.764684:-6.732316;-0.7555792:-6.734169;-0.7549744:-6.745278;-0.7547601:-6.746593;-0.7557891:-6.754888;-0.7392259:-6.767585
sigma3_hotel_seed42,HOTEL:biwi_hotel:369:16580,HOTEL,biwi_hotel,biwi_hotel:369,16580,3,0.12254664301872253,0.25580883026123047,0.0,0.172212615609169,0.8758947253227234,8.961130142211914,1.0,-0.71:2.68;-0.72:2.65;-0.57:2.7;-0.68:2.67;-0.7:2.65;-0.57:2.69;-0.56:2.7;-0.56:2.7,-0.68:2.67;-0.66:2.64;-0.57:2.69;-0.56:2.7;-0.65:2.61;-0.69:2.66;-0.72:2.59;-0.57:2.69;-0.64:2.57;-0.58:2.69;-0.64:2.81;-0.73:2.9,-0.5829741:2.688298;-0.5987284:2.686644;-0.6175745:2.681535;-0.6606665:2.668615;-0.6832949:2.68155;-0.6837548:2.669791;-0.6988069:2.655762;-0.7410886:2.673143;-0.7462915:2.645683;-0.779708:2.650977;-0.7977425:2.657029;-0.8268963:2.663253
sigma3_hotel_seed42,HOTEL:biwi_hotel:371:16580,HOTEL,biwi_hotel,biwi_hotel:371,16580,3,0.2249418944120407,0.5745019316673279,0.0,0.058119144290685654,0.32010123133659363,3.660738706588745,1.0,-0.6:3.24;-0.6:3.24;-0.6:3.24;-0.67:3.28;-0.61:3.24;-0.6:3.24;-0.6:3.24;-0.6:3.24,-0.6:3.24;-0.6:3.24;-0.6:3.24;-0.6:3.24;-0.6:3.24;-0.6:3.24;-0.6:3.24;-0.6:3.24;-0.6:3.24;-0.6:3.24;-0.67:3.32;-0.76:3.42,-0.5786755:3.23578;-0.5402291:3.229667;-0.5058473:3.248887;-0.4725561:3.245101;-0.4485999:3.23825;-0.4181142:3.255054;-0.390856:3.221617;-0.3476795:3.236471;-0.315908:3.225286;-0.2819061:3.227865;-0.262716:3.212327;-0.2294112:3.199709
sigma3_hotel_seed42,HOTEL:biwi_hotel:391:16580,HOTEL,biwi_hotel,biwi_hotel:391,16580,3,0.8468719124794006,1.6206119060516357,0.9031195640563965,1.1709411144256592,0.61458820104599,0.978225588798523,0.125,3.12:-9.64;3.04:-9.14;2.91:-8.65;2.69:-8.15;2.66:-7.61;2.6:-7.2;2.5:-6.81;2.47:-6.45,2.42:-6.12;2.35:-5.8;2.39:-5.52;2.49:-5.23;2.6:-4.91;2.65:-4.62;2.89:-4.27;2.98:-3.98;2.95:-3.64;2.97:-3.42;3.01:-3.14;2.97:-2.92,2.452975:-6.137328;2.415371:-5.890213;2.346052:-5.718442;2.344734:-5.50175;2.307365:-5.309294;2.20904:-5.172985;2.08881:-5.005116;2.152256:-4.831281;2.044786:-4.622113;1.893661:-4.4721;1.955675:-4.295201;1.912077:-4.147674
sigma3_hotel_seed42,HOTEL:biwi_hotel:361:16590,HOTEL,biwi_hotel,biwi_hotel:361,16590,3,0.16845805943012238,0.37363719940185547,0.0,0.0,0.0,0.0,0.0,-0.72:-6.71;-0.72:-6.71;-0.72:-6.71;-0.72:-6.71;-0.72:-6.71;-0.72:-6.71;-0.72:-6.71;-0.72:-6.71,-0.65:-6.69;-0.64:-6.69;-0.64:-6.69;-0.64:-6.69;-0.69:-6.69;-0.82:-6.68;-0.9:-6.67;-0.91:-6.67;-0.91:-6.67;-0.92:-6.5;-0.97:-6.54;-1:-6.5,-0.7307552:-6.713806;-0.7346134:-6.721339;-0.7431296:-6.722431;-0.7551467:-6.723294;-0.7602159:-6.725872;-0.7640819:-6.719373;-0.764684:-6.732316;-0.7555792:-6.734169;-0.7549744:-6.745278;-0.7547601:-6.746593;-0.7557891:-6.754888;-0.7392259:-6.767585
sigma3_hotel_seed42,HOTEL:biwi_hotel:369:16590,HOTEL,biwi_hotel,biwi_hotel:369,16590,3,0.39948952198028564,0.625271737575531,0.3092329204082489,0.20509488880634308,0.8184027671813965,9.348006248474121,1.0,-0.72:2.65;-0.57:2.7;-0.68:2.67;-0.7:2.65;-0.57:2.69;-0.56:2.7;-0.56:2.7;-0.68:2.67,-0.66:2.64;-0.57:2.69;-0.56:2.7;-0.65:2.61;-0.69:2.66;-0.72:2.59;-0.57:2.69;-0.64:2.57;-0.58:2.69;-0.64:2.81;-0.73:2.9;-0.88:2.94,-0.7281345:2.655745;-0.7825439:2.647547;-0.830449:2.627974;-0.8855472:2.61125;-0.9336909:2.589065;-0.9967843:2.580121;-1.05413:2.554915;-1.09216:2.544585;-1.142985:2.537067;-1.217225:2.532552;-1.26283:2.516635;-1.343723:2.520565
sigma3_hotel_seed42,HOTEL:biwi_hotel:371:16590,HOTEL,biwi_hotel,biwi_hotel:371,16590,3,0.2094372659921646,0.43136927485466003,0.0,0.058119144290685654,0.32010123133659363,3.660738706588745,1.0,-0.6:3.24;-0.6:3.24;-0.67:3.28;-0.61:3.24;-0.6:3.24;-0.6:3.24;-0.6:3.24;-0.6:3.24,-0.6:3.24;-0.6:3.24;-0.6:3.24;-0.6:3.24;-0.6:3.24;-0.6:3.24;-0.6:3.24;-0.6:3.24;-0.6:3.24;-0.67:3.32;-0.76:3.42;-0.89:3.45,-0.6295457:3.21345;-0.6450692:3.190519;-0.6625771:3.187828;-0.6827031:3.153227;-0.713192:3.138166;-0.7345502:3.121333;-0.7521945:3.083427;-0.7863323:3.080369;-0.803379:3.057505;-0.8315699:3.057285;-0.8570645:3.035224;-0.9026475:3.018816
sigma3_hotel_seed42,HOTEL:biwi_hotel:391:16590,HOTEL,biwi_hotel,biwi_hotel:391,16590,3,1.0192482471466064,1.7952178716659546,0.8344159722328186,1.1093007326126099,0.5990312099456787,0.9447793364524841,0.0,3.04:-9.14;2.91:-8.65;2.69:-8.15;2.66:-7.61;2.6:-7.2;2.5:-6.81;2.47:-6.45;2.42:-6.12,2.35:-5.8;2.39:-5.52;2.49:-5.23;2.6:-4.91;2.65:-4.62;2.89:-4.27;2.98:-3.98;2.95:-3.64;2.97:-3.42;3.01:-3.14;2.97:-2.92;2.96:-2.78,2.370478:-5.825397;2.318128:-5.593859;2.234579:-5.41677;2.208077:-5.221526;2.140204:-5.031692;2.024019:-4.906122;1.896588:-4.748708;1.92025:-4.582935;1.794875:-4.38755;1.620021:-4.228514;1.65837:-4.064687;1.585204:-3.934445
sigma3_hotel_seed42,HOTEL:biwi_hotel:392:16590,HOTEL,biwi_hotel,biwi_hotel:392,16590,3,0.44908633828163147,0.2754552364349365,0.625,0.834235429763794,0.7174220681190491,1.8215821981430054,0.625,3.92:-4.09;3.56:-4.25;3.16:-4.19;2.82:-4.18;2.49:-4.3;2.19:-4.3;1.9:-4.24;1.65:-4.24,1.37:-4.38;1.05:-4.42;0.72:-4.36;0.4:-4.35;-0.09:-4.47;-0.36:-4.34;-0.65:-4.37;-0.95:-4.44;-1.21:-4.44;-1.35:-4.39;-1.37:-4.39;-1.37:-4.39,1.397055:-4.239017;1.142517:-4.238728;0.9092871:-4.234571;0.650466:-4.224437;0.4196557:-4.234054;0.1682286:-4.209284;-0.07468891:-4.207623;-0.2679276:-4.209614;-0.4975201:-4.202388;-0.7531933:-4.189584;-0.960054:-4.192272;-1.185429:-4.185527
sigma3_hotel_seed42,HOTEL:biwi_hotel:361:16600,HOTEL,biwi_hotel,biwi_hotel:361,16600,3,0.6817819476127625,1.4042075872421265,0.18200275301933289,0.02600039169192314,0.0758344754576683,0.0,0.0,-0.72:-6.71;-0.72:-6.71;-0.72:-6.71;-0.72:-6.71;-0.72:-6.71;-0.72:-6.71;-0.72:-6.71;-0.65:-6.69,-0.64:-6.69;-0.64:-6.69;-0.64:-6.69;-0.69:-6.69;-0.82:-6.68;-0.9:-6.67;-0.91:-6.67;-0.91:-6.67;-0.92:-6.5;-0.97:-6.54;-1:-6.5;-1.22:-6.37,-0.5707827:-6.660347;-0.4974942:-6.616677;-0.426338:-6.607257;-0.3571625:-6.567406;-0.2844706:-6.558197;-0.2138857:-6.529161;-0.1503319:-6.527753;-0.07215559:-6.496923;-0.001127005:-6.479642;0.06956416:-6.478915;0.1188028:-6.466566;0.1826318:-6.436506
sigma3_hotel_seed42,HOTEL:biwi_hotel:391:16600,HOTEL,biwi_hotel,biwi_hotel:391,16600,3,1.2394973039627075,2.0331554412841797,0.8189169764518738,1.0452346801757812,0.5279966592788696,0.8545904755592346,0.125,2.91:-8.65;2.69:-8.15;2.66:-7.61;2.6:-7.2;2.5:-6.81;2.47:-6.45;2.42:-6.12;2.35:-5.8,2.39:-5.52;2.49:-5.23;2.6:-4.91;2.65:-4.62;2.89:-4.27;2.98:-3.98;2.95:-3.64;2.97:-3.42;3.01:-3.14;2.97:-2.92;2.96:-2.78;2.98:-2.59,2.277504:-5.51745;2.188044:-5.287269;2.080482:-5.117425;2.022944:-4.931677;1.939985:-4.747126;1.80638:-4.621062;1.661762:-4.468765;1.663279:-4.309454;1.524794:-4.133268;1.337373:-3.975764;1.351014:-3.822919;1.266771:-3.684791
sigma3_hotel_seed42,HOTEL:biwi_hotel:361:16610,HOTEL,biwi_hotel,biwi_hotel:361,16610,3,0.3436547815799713,0.9909539818763733,0.02500000037252903,0.02957182191312313,0.14171525835990906,0.2782996594905853,0.0,-0.72:-6.71;-0.72:-6.71;-0.72:-6.71;-0.72:-6.71;-0.72:-6.71;-0.72:-6.71;-0.65:-6.69;-0.64:-6.69,-0.64:-6.69;-0.64:-6.69;-0.69:-6.69;-0.82:-6.68;-0.9:-6.67;-0.91:-6.67;-0.91:-6.67;-0.92:-6.5;-0.97:-6.54;-1:-6.5;-1.22:-6.37;-1.44:-6.31,-0.6421517:-6.694959;-0.6350765:-6.703071;-0.6340046:-6.701937;-0.6366359:-6.703596;-0.6335438:-6.706096;-0.6260918:-6.698923;-0.6186705:-6.715088;-0.6018384:-6.714028;-0.59152:-6.727204;-0.5822949:-6.72824;-0.5767254:-6.737082;-0.5525225:-6.750878
sigma3_hotel_seed42,HOTEL:biwi_hotel:361:16620,HOTEL,biwi_hotel,biwi_hotel:361,16620,3,0.2951970398426056,0.6062754392623901,0.0,0.02957182191312313,0.15213192999362946,0.2782996594905853,0.0,-0.72:-6.71;-0.72:-6.71;-0.72:-6.71;-0.72:-6.71;-0.72:-6.71;-0.65:-6.69;-0.64:-6.69;-0.64:-6.69,-0.64:-6.69;-0.69:-6.69;-0.82:-6.68;-0.9:-6.67;-0.91:-6.67;-0.91:-6.67;-0.92:-6.5;-0.97:-6.54;-1:-6.5;-1.22:-6.37;-1.44:-6.31;-1.38:-6.47,-0.6635419:-6.705429;-0.679639:-6.719035;-0.7032658:-6.727892;-0.7405633:-6.737527;-0.7593329:-6.743923;-0.7673318:-6.745913;-0.7916527:-6.769295;-0.8058043:-6.765147;-0.8106644:-6.787493;-0.8410663:-6.791294;-0.8553318:-6.796343;-0.8775362:-6.809264
sigma3_hotel_seed42,HOTEL:biwi_hotel:412:17620,HOTEL,biwi_hotel,biwi_hotel:412,17620,3,1.2512074708938599,2.9154164791107178,1.5301144123077393,1.503727674484253,0.3282478451728821,0.4471112787723541,0.0,2.73:3.47;2.6:2.91;2.45:2.31;2.38:1.71;2.28:1.13;2.16:0.54;2.14:-0.07;2.09:-0.68,2.05:-1.27;2.05:-1.86;1.96:-2.48;1.89:-3.04;1.83:-3.64;1.76:-4.29;1.79:-4.93;1.71:-5.62;1.65:-6.23;1.69:-6.79;1.63:-7.4;1.52:-8.02,1.964778:-1.232378;1.820139:-1.809146;1.603689:-2.364797;1.564114:-2.80387;1.377079:-3.273657;1.166371:-3.713868;0.8817369:-4.005018;0.7317482:-4.430202;0.4716048:-4.657275;0.3287555:-5.056187;0.101226:-5.324723;-0.1171865:-5.607683
sigma3_hotel_seed42,HOTEL:biwi_hotel:412:17630,HOTEL,biwi_hotel,biwi_hotel:412,17630,3,1.4113956689834595,3.2030134201049805,1.4783859252929688,1.5096073150634766,0.30495548248291016,0.44432660937309265,0.0,2.6:2.91;2.45:2.31;2.38:1.71;2.28:1.13;2.16:0.54;2.14:-0.07;2.09:-0.68;2.05:-1.27,2.05:-1.86;1.96:-2.48;1.89:-3.04;1.83:-3.64;1.76:-4.29;1.79:-4.93;1.71:-5.62;1.65:-6.23;1.69:-6.79;1.63:-7.4;1.52:-8.02;1.48:-8.64,1.921551:-1.787295;1.774567:-2.324662;1.564737:-2.841558;1.515599:-3.256546;1.330988:-3.693212;1.124337:-4.105691;0.8524547:-4.377908;0.6995621:-4.775875;0.447446:-4.992537;0.3008717:-5.358691;0.08025277:-5.612369;-0.1350989:-5.874002
sigma3_hotel_seed42,HOTEL:biwi_hotel:412:17640,HOTEL,biwi_hotel,biwi_hotel:412,17640,3,1.2287741899490356,2.883294105529785,1.475000023841858,1.4994410276412964,0.26328882575035095,0.3831826150417328,0.0,2.45:2.31;2.38:1.71;2.28:1.13;2.16:0.54;2.14:-0.07;2.09:-0.68;2.05:-1.27;2.05:-1.86,1.96:-2.48;1.89:-3.04;1.83:-3.64;1.76:-4.29;1.79:-4.93;1.71:-5.62;1.65:-6.23;1.69:-6.79;1.63:-7.4;1.52:-8.02;1.48:-8.64;1.38:-9.24,1.96929:-2.384285;1.869573:-2.930843;1.703449:-3.45667;1.698359:-3.878443;1.557912:-4.322877;1.393707:-4.742264;1.157896:-5.022044;1.050991:-5.425401;0.8385977:-5.646637;0.7241014:-6.01755;0.5466141:-6.274234;0.3637199:-6.541749
sigma3_hotel_seed42,HOTEL:biwi_hotel:413:17750,HOTEL,biwi_hotel,biwi_hotel:413,17750,3,2.1230032444000244,4.190605640411377,1.518222689628601,1.5354992151260376,0.2213999330997467,0.25333714485168457,0.375,0.67:-9.43;0.7:-8.8;0.74:-8.19;0.8:-7.59;0.89:-7.01;1:-6.4;1.16:-5.78;1.34:-5.2,1.5:-4.61;1.68:-4.03;1.85:-3.43;2.08:-2.82;2.26:-2.21;2.39:-1.59;2.52:-0.94;2.61:-0.32;2.73:0.29;2.87:0.9;3.01:1.48;3.22:2.05,1.498278:-4.77491;1.628273:-4.45927;1.663022:-4.234583;1.814631:-3.903193;1.937708:-3.658633;2.007438:-3.448709;1.910996:-3.254869;2.203736:-2.965774;2.237551:-2.686158;2.170767:-2.530096;2.410942:-2.249677;2.49234:-2.076946
sigma3_hotel_seed42,HOTEL:biwi_hotel:413:17760,HOTEL,biwi_hotel,biwi_hotel:413,17760,3,2.1628968715667725,4.327871799468994,1.5282751321792603,1.5285693407058716,0.2213999330997467,0.27154311537742615,0.375,0.7:-8.8;0.74:-8.19;0.8:-7.59;0.89:-7.01;1:-6.4;1.16:-5.78;1.34:-5.2;1.5:-4.61,1.68:-4.03;1.85:-3.43;2.08:-2.82;2.26:-2.21;2.39:-1.59;2.52:-0.94;2.61:-0.32;2.73:0.29;2.87:0.9;3.01:1.48;3.22:2.05;3.48:2.73,1.64786:-4.185963;1.765903:-3.870199;1.790614:-3.645921;1.932363:-3.317159;2.045877:-3.071795;2.105805:-2.863527;2.002929:-2.669628;2.283503:-2.381775;2.308493:-2.1042;2.235393:-1.947876;2.465858:-1.669044;2.540072:-1.494572
sigma3_hotel_seed42,HOTEL:biwi_hotel:414:17770,HOTEL,biwi_hotel,biwi_hotel:414,17770,3,1.6072856187820435,3.201643705368042,1.725724458694458,1.6236672401428223,0.4852360785007477,0.4747680425643921,0.375,2.79:-10.1;2.69:-9.56;2.63:-8.95;2.66:-8.25;2.63:-7.57;2.68:-6.89;2.71:-6.26;2.73:-5.57,2.82:-4.89;2.81:-4.25;2.82:-3.62;2.89:-2.94;2.84:-2.46;2.8:-2;2.81:-1.52;2.75:-1;2.75:-0.38;2.78:0.23;2.76:0.85;2.82:1.45,2.710249:-5.029527;2.666584:-4.640849;2.492947:-4.313389;2.492993:-3.929557;2.446882:-3.589454;2.357878:-3.330969;2.067444:-3.115543;2.220905:-2.722373;2.09964:-2.394301;1.876642:-2.191248;2.00107:-1.843126;1.948223:-1.63067
sigma3_hotel_seed42,HOTEL:biwi_hotel:414:17780,HOTEL,biwi_hotel,biwi_hotel:414,17780,3,1.4780172109603882,3.1022889614105225,1.7148250341415405,1.6725060939788818,0.4749111831188202,0.4923132658004761,0.5,2.69:-9.56;2.63:-8.95;2.66:-8.25;2.63:-7.57;2.68:-6.89;2.71:-6.26;2.73:-5.57;2.82:-4.89,2.81:-4.25;2.82:-3.62;2.89:-2.94;2.84:-2.46;2.8:-2;2.81:-1.52;2.75:-1;2.75:-0.38;2.78:0.23;2.76:0.85;2.82:1.45;2.89:2.05,2.862465:-4.36412;2.877881:-3.984358;2.765:-3.672778;2.817086:-3.286832;2.831347:-2.964638;2.801227:-2.704402;2.556759:-2.495071;2.774343:-2.1101;2.708607:-1.787981;2.533448:-1.596102;2.704801:-1.253247;2.699859:-1.046457
