sample_id,ADE_tril,ADE_triu,ADE_tril_minus_triu,FDE_tril,FDE_triu,FDE_tril_minus_triu
HOTEL:biwi_hotel:101:4000,0.19751955568790436,0.039083827286958694,0.15843572840094566,0.3505258560180664,0.11114576458930969,0.2393800914287567
HOTEL:biwi_hotel:101:4010,0.14668191969394684,0.02056085877120495,0.1261210609227419,0.26350098848342896,0.04095178470015526,0.2225492037832737
HOTEL:biwi_hotel:101:4020,0.26520833373069763,0.11720068007707596,0.14800765365362167,0.511342465877533,0.24443726241588593,0.26690520346164703
HOTEL:biwi_hotel:101:4030,0.11437975615262985,0.0214382391422987,0.09294151701033115,0.2492116242647171,0.04977741464972496,0.19943420961499214
HOTEL:biwi_hotel:101:4040,0.022801605984568596,0.13400839269161224,-0.11120678670704365,0.05316755548119545,0.23103055357933044,-0.177862998098135
HOTEL:biwi_hotel:101:4050,0.17289046943187714,0.14322704076766968,0.02966342866420746,0.35899829864501953,0.2840573787689209,0.07494091987609863
HOTEL:biwi_hotel:101:4060,0.05266864597797394,0.036831825971603394,0.015836820006370544,0.0947997123003006,0.1113385409116745,-0.0165388286113739
HOTEL:biwi_hotel:101:4070,0.05920632183551788,0.03475313261151314,0.024453189224004745,0.0932520404458046,0.013720372691750526,0.07953166775405407
HOTEL:biwi_hotel:102:4000,0.0924692451953888,0.028542757034301758,0.06392648816108704,0.1794850379228592,0.02502255141735077,0.15446248650550842
HOTEL:biwi_hotel:102:4010,0.006802475545555353,0.053996384143829346,-0.04719390859827399,0.010575737804174423,0.13750244677066803,-0.1269267089664936
HOTEL:biwi_hotel:102:4020,0.01492453645914793,0.030089018866419792,-0.015164482407271862,0.044231291860342026,0.041447609663009644,0.002783682197332382
HOTEL:biwi_hotel:102:4030,0.008034994825720787,0.023230956867337227,-0.01519596204161644,0.024911552667617798,0.055337052792310715,-0.030425500124692917
HOTEL:biwi_hotel:102:4040,0.006674632895737886,0.023230956867337227,-0.01655632397159934,0.019690798595547676,0.055337052792310715,-0.03564625419676304
HOTEL:biwi_hotel:102:4050,0.011791813187301159,0.023230919614434242,-0.011439106427133083,0.018136974424123764,0.05533681809902191,-0.03719984367489815
HOTEL:biwi_hotel:102:4060,0.04110264033079147,0.023230917751789093,0.01787172257900238,0.06070737913250923,0.05533669516444206,0.005370683968067169
HOTEL:biwi_hotel:102:4070,0.042377594858407974,0.02077951841056347,0.021598076447844505,0.07578940689563751,0.025920070707798004,0.04986933618783951
HOTEL:biwi_hotel:104:4430,0.03215821087360382,0.10724189877510071,-0.07508368790149689,0.04971100762486458,0.12270644307136536,-0.07299543544650078
HOTEL:biwi_hotel:104:4440,0.10745874792337418,0.07660219818353653,0.030856549739837646,0.21226489543914795,0.1946413815021515,0.01762351393699646
HOTEL:biwi_hotel:104:4450,0.0869407132267952,0.07900793850421906,0.007932774722576141,0.15612652897834778,0.2574579119682312,-0.10133138298988342
HOTEL:biwi_hotel:104:4460,0.04693440720438957,0.06634563207626343,-0.019411224871873856,0.19615140557289124,0.2532927691936493,-0.05714136362075806
HOTEL:biwi_hotel:104:4470,0.07301359623670578,0.13524164259433746,-0.06222804635763168,0.25297772884368896,0.3473234474658966,-0.09434571862220764
HOTEL:biwi_hotel:104:4480,0.16801698505878448,0.07960759848356247,0.08840938657522202,0.38610246777534485,0.19657664000988007,0.18952582776546478
HOTEL:biwi_hotel:104:4490,0.13163240253925323,0.15315206348896027,-0.02151966094970703,0.2760971486568451,0.335328608751297,-0.059231460094451904
HOTEL:biwi_hotel:104:4500,0.12726961076259613,0.10363789647817612,0.023631714284420013,0.2051839977502823,0.171314537525177,0.033869460225105286
HOTEL:biwi_hotel:104:4510,0.11256013065576553,0.12720169126987457,-0.01464156061410904,0.061668895184993744,0.034934382885694504,0.02673451229929924
HOTEL:biwi_hotel:104:4520,0.16459891200065613,0.10302362591028214,0.06157528609037399,0.2284432351589203,0.13271456956863403,0.09572866559028625
HOTEL:biwi_hotel:104:4530,0.11993580311536789,0.11170827597379684,0.008227527141571045,0.3614441454410553,0.21028438210487366,0.15115976333618164
HOTEL:biwi_hotel:104:4540,0.29366639256477356,0.13207732141017914,0.16158907115459442,0.6834955215454102,0.2490759640932083,0.43441955745220184
HOTEL:biwi_hotel:104:4550,0.23923474550247192,0.16023118793964386,0.07900355756282806,0.4417797029018402,0.2879485785961151,0.1538311243057251
HOTEL:biwi_hotel:104:4560,0.32385149598121643,0.17253606021404266,0.15131543576717377,0.6253516674041748,0.2504522204399109,0.3748994469642639
HOTEL:biwi_hotel:104:4570,0.6071937680244446,0.3723818063735962,0.2348119616508484,1.0588617324829102,0.7320245504379272,0.3268371820449829
HOTEL:biwi_hotel:104:4580,0.7184973359107971,0.7768632769584656,-0.05836594104766846,1.2893850803375244,1.4242396354675293,-0.13485455513000488
HOTEL:biwi_hotel:104:4590,0.3050593435764313,0.5094314217567444,-0.2043720781803131,0.46676141023635864,0.8732557892799377,-0.4064943790435791
HOTEL:biwi_hotel:104:4600,0.42990538477897644,0.28862079977989197,0.14128458499908447,0.5889970660209656,0.3754640817642212,0.21353298425674438
HOTEL:biwi_hotel:104:4610,0.2658923268318176,0.2934260368347168,-0.02753371000289917,0.46972209215164185,0.6012686491012573,-0.13154655694961548
HOTEL:biwi_hotel:104:4620,0.34185507893562317,0.2784988582134247,0.06335622072219849,0.42944076657295227,0.43099379539489746,-0.0015530288219451904
HOTEL:biwi_hotel:104:4630,1.1184132099151611,0.6952961087226868,0.42311710119247437,1.9043833017349243,1.1805773973464966,0.7238059043884277
HOTEL:biwi_hotel:104:4640,0.31969016790390015,0.1916477084159851,0.12804245948791504,0.572446882724762,0.3135344684123993,0.25891241431236267
HOTEL:biwi_hotel:104:4650,0.3324587047100067,0.10458990931510925,0.22786879539489746,0.5697126984596252,0.13849075138568878,0.43122194707393646
HOTEL:biwi_hotel:104:4660,0.5592007040977478,0.45030537247657776,0.10889533162117004,1.0632944107055664,0.8242749571800232,0.2390194535255432
HOTEL:biwi_hotel:104:4670,0.25600573420524597,0.30659425258636475,-0.050588518381118774,0.47699958086013794,0.5634198784828186,-0.08642029762268066
HOTEL:biwi_hotel:104:4680,0.32158905267715454,0.5553712844848633,-0.23378223180770874,0.4871532618999481,0.9454619884490967,-0.45830872654914856
HOTEL:biwi_hotel:104:4690,0.2971353828907013,0.5205023884773254,-0.22336700558662415,0.5286485552787781,1.0083143711090088,-0.4796658158302307
HOTEL:biwi_hotel:104:4700,0.19510109722614288,0.10139115899801254,0.09370993822813034,0.4033198654651642,0.16154882311820984,0.24177104234695435
HOTEL:biwi_hotel:104:4710,0.26388171315193176,0.060354191809892654,0.2035275213420391,0.556896984577179,0.14446568489074707,0.4124312996864319
HOTEL:biwi_hotel:104:4720,0.22029997408390045,0.1179037019610405,0.10239627212285995,0.42239806056022644,0.20970448851585388,0.21269357204437256
HOTEL:biwi_hotel:104:4730,0.16071964800357819,0.05864875018596649,0.1020708978176117,0.27725666761398315,0.09322192519903183,0.18403474241495132
HOTEL:biwi_hotel:104:4740,0.04905594885349274,0.0658542811870575,-0.01679833233356476,0.0605483204126358,0.05018940567970276,0.010358914732933044
HOTEL:biwi_hotel:104:4750,0.2600186765193939,0.26936736702919006,-0.009348690509796143,0.521186888217926,0.5236485004425049,-0.0024616122245788574
HOTEL:biwi_hotel:104:4760,0.19277875125408173,0.05179261788725853,0.1409861333668232,0.2556600570678711,0.10355614870786667,0.15210390836000443
HOTEL:biwi_hotel:104:4770,0.48977622389793396,0.16044491529464722,0.32933130860328674,0.9021835923194885,0.2829418480396271,0.6192417442798615
HOTEL:biwi_hotel:104:4780,0.11199098825454712,0.09981223195791245,0.012178756296634674,0.21844789385795593,0.2130623310804367,0.005385562777519226
HOTEL:biwi_hotel:104:4790,0.2915153205394745,0.1791030615568161,0.11241225898265839,0.4600752294063568,0.2739354968070984,0.18613973259925842
HOTEL:biwi_hotel:104:4800,0.11662069708108902,0.2137458175420761,-0.09712512046098709,0.21375581622123718,0.45217448472976685,-0.23841866850852966
HOTEL:biwi_hotel:104:4810,0.08989108353853226,0.09107955545186996,-0.0011884719133377075,0.20283742249011993,0.19331783056259155,0.009519591927528381
HOTEL:biwi_hotel:104:4820,0.07146201282739639,0.18310873210430145,-0.11164671927690506,0.11048018932342529,0.3840927183628082,-0.27361252903938293
HOTEL:biwi_hotel:105:4430,0.04110557958483696,0.023230956867337227,0.017874622717499733,0.060709454119205475,0.055337052792310715,0.00537240132689476
HOTEL:biwi_hotel:105:4440,0.04110557958483696,0.023230956867337227,0.017874622717499733,0.060709454119205475,0.055337052792310715,0.00537240132689476
HOTEL:biwi_hotel:105:4450,0.04110557958483696,0.023230956867337227,0.017874622717499733,0.060709454119205475,0.055337052792310715,0.00537240132689476
HOTEL:biwi_hotel:105:4460,0.04110557958483696,0.023230956867337227,0.017874622717499733,0.060709454119205475,0.055337052792310715,0.00537240132689476
HOTEL:biwi_hotel:105:4470,0.04110557958483696,0.023230956867337227,0.017874622717499733,0.060709454119205475,0.055337052792310715,0.00537240132689476
HOTEL:biwi_hotel:105:4480,0.04110557958483696,0.023230956867337227,0.017874622717499733,0.060709454119205475,0.055337052792310715,0.00537240132689476
HOTEL:biwi_hotel:105:4490,0.04110555350780487,0.023230956867337227,0.017874596640467644,0.060709454119205475,0.055337052792310715,0.00537240132689476
HOTEL:biwi_hotel:105:4500,0.04110555350780487,0.023230956867337227,0.017874596640467644,0.060709454119205475,0.055337052792310715,0.00537240132689476
HOTEL:biwi_hotel:105:4510,0.04110560938715935,0.023230956867337227,0.01787465251982212,0.06070949137210846,0.055337052792310715,0.005372438579797745
HOTEL:biwi_hotel:105:4520,0.04110557213425636,0.023230956867337227,0.017874615266919136,0.060709454119205475,0.055337052792310715,0.00537240132689476
HOTEL:biwi_hotel:105:4530,0.04110556095838547,0.023230956867337227,0.01787460409104824,0.060709454119205475,0.055337052792310715,0.00537240132689476
HOTEL:biwi_hotel:105:4540,0.04110550880432129,0.023230956867337227,0.017874551936984062,0.06070941686630249,0.055337052792310715,0.0053723640739917755
HOTEL:biwi_hotel:105:4550,0.0089941481128335,0.023230956867337227,-0.014236808754503727,0.016451742500066757,0.055337052792310715,-0.03888531029224396
HOTEL:biwi_hotel:105:4560,0.00764688104391098,0.023230956867337227,-0.015584075823426247,0.018526537343859673,0.055337052792310715,-0.03681051544845104
HOTEL:biwi_hotel:105:4570,0.01531334687024355,0.02808861993253231,-0.012775273062288761,0.08015824854373932,0.11362896859645844,-0.033470720052719116
HOTEL:biwi_hotel:105:4580,0.021146146580576897,0.032063838094472885,-0.010917691513895988,0.1024840921163559,0.1130329966545105,-0.010548904538154602
HOTEL:biwi_hotel:105:4590,0.022210409864783287,0.03249691054224968,-0.010286500677466393,0.03879588842391968,0.06943290680646896,-0.030637018382549286
HOTEL:biwi_hotel:105:4600,0.0249622855335474,0.0335480235517025,-0.008585738018155098,0.01750057563185692,0.0548994205892086,-0.037398844957351685
HOTEL:biwi_hotel:105:4610,0.026166753843426704,0.03670133277773857,-0.010534578934311867,0.022847473621368408,0.055337052792310715,-0.032489579170942307
HOTEL:biwi_hotel:105:4620,0.039584074169397354,0.04055599123239517,-0.000971917062997818,0.03206344321370125,0.055337052792310715,-0.023273609578609467
HOTEL:biwi_hotel:105:4630,0.028011620044708252,0.038102030754089355,-0.010090410709381104,0.020678400993347168,0.055257610976696014,-0.034579209983348846
HOTEL:biwi_hotel:105:4640,0.024283796548843384,0.03880365565419197,-0.014519859105348587,0.017399394884705544,0.05520423501729965,-0.03780484013259411
HOTEL:biwi_hotel:105:4650,0.026461800560355186,0.037470512092113495,-0.011008711531758308,0.021917954087257385,0.05510011315345764,-0.033182159066200256
HOTEL:biwi_hotel:105:4660,0.03233494237065315,0.040190163999795914,-0.007855221629142761,0.04205130785703659,0.07524406909942627,-0.03319276124238968
HOTEL:biwi_hotel:105:4670,0.030197881162166595,0.041762787848711014,-0.011564906686544418,0.05312934145331383,0.09531938284635544,-0.04219004139304161
HOTEL:biwi_hotel:105:4680,0.033945467323064804,0.04635216295719147,-0.012406695634126663,0.06346271187067032,0.09546345472335815,-0.032000742852687836
HOTEL:biwi_hotel:105:4690,0.5858764052391052,0.22315068542957306,0.36272571980953217,0.8969364166259766,0.33417069911956787,0.5627657175064087
HOTEL:biwi_hotel:105:4700,0.26451900601387024,0.22132296860218048,0.04319603741168976,0.39192235469818115,0.34708642959594727,0.04483592510223389
HOTEL:biwi_hotel:105:4710,0.060950398445129395,0.21490485966205597,-0.15395446121692657,0.14923438429832458,0.40548840165138245,-0.25625401735305786
HOTEL:biwi_hotel:105:4720,0.19953100383281708,0.08734315633773804,0.11218784749507904,0.4395482540130615,0.21135979890823364,0.22818845510482788
HOTEL:biwi_hotel:105:4730,0.14666442573070526,0.07353994995355606,0.0731244757771492,0.2866104245185852,0.1382131427526474,0.1483972817659378
HOTEL:biwi_hotel:105:4740,0.1550760120153427,0.08450940251350403,0.07056660950183868,0.3042042851448059,0.14454492926597595,0.15965935587882996
HOTEL:biwi_hotel:105:4750,0.07301206886768341,0.07499000430107117,-0.0019779354333877563,0.14590995013713837,0.14944957196712494,-0.0035396218299865723
HOTEL:biwi_hotel:105:4760,0.18192684650421143,0.050185855478048325,0.1317409910261631,0.33122122287750244,0.09273374825716019,0.23848747462034225
HOTEL:biwi_hotel:105:4770,0.23417405784130096,0.03506362438201904,0.19911043345928192,0.43515393137931824,0.03780503198504448,0.39734889939427376
HOTEL:biwi_hotel:105:4780,0.06773240119218826,0.20716281235218048,-0.13943041115999222,0.07384578883647919,0.3740960657596588,-0.3002502769231796
HOTEL:biwi_hotel:105:4790,0.14977477490901947,0.30332261323928833,-0.15354783833026886,0.19653743505477905,0.527742862701416,-0.33120542764663696
HOTEL:biwi_hotel:105:4800,0.05808700993657112,0.08686698228120804,-0.028779972344636917,0.08538662642240524,0.023344628512859344,0.0620419979095459
HOTEL:biwi_hotel:105:4810,0.4897785186767578,0.09636282175779343,0.3934156969189644,0.7878817915916443,0.1392737776041031,0.6486080139875412
HOTEL:biwi_hotel:105:4820,0.04924573376774788,0.06896161288022995,-0.01971587911248207,0.07320529967546463,0.2103666216135025,-0.13716132193803787
HOTEL:biwi_hotel:106:4430,0.7586721777915955,1.5898336172103882,-0.8311614394187927,1.5534673929214478,2.9852113723754883,-1.4317439794540405
HOTEL:biwi_hotel:106:4440,0.8317573666572571,1.6790270805358887,-0.8472697138786316,1.703900694847107,3.1529178619384766,-1.4490171670913696
HOTEL:biwi_hotel:106:4450,0.8281185030937195,1.6496061086654663,-0.8214876055717468,1.644294261932373,3.0537757873535156,-1.4094815254211426
HOTEL:biwi_hotel:106:4460,0.7463380694389343,1.6320644617080688,-0.8857263922691345,1.4487707614898682,2.9751217365264893,-1.526350975036621
HOTEL:biwi_hotel:106:4470,0.9269022345542908,1.6745896339416504,-0.7476873993873596,1.6511869430541992,2.9656121730804443,-1.3144252300262451
HOTEL:biwi_hotel:106:4480,0.7529452443122864,1.6748905181884766,-0.9219452738761902,1.425005316734314,2.98525333404541,-1.5602480173110962
HOTEL:biwi_hotel:106:4490,1.1168187856674194,1.96343994140625,-0.8466211557388306,1.9383870363235474,3.445643901824951,-1.5072568655014038
HOTEL:biwi_hotel:106:4500,0.5761186480522156,1.5423916578292847,-0.9662730097770691,1.099069595336914,2.7938194274902344,-1.6947498321533203
HOTEL:biwi_hotel:106:4510,0.8538827896118164,1.6202926635742188,-0.7664098739624023,1.5270133018493652,2.871563196182251,-1.3445498943328857
HOTEL:biwi_hotel:106:4520,0.4421818256378174,1.4686784744262695,-1.0264966487884521,0.9004184007644653,2.6815857887268066,-1.7811673879623413
HOTEL:biwi_hotel:106:4530,0.5760505199432373,1.4559787511825562,-0.8799282312393188,1.0929992198944092,2.651580333709717,-1.5585811138153076
HOTEL:biwi_hotel:106:4540,0.6265464425086975,1.4274104833602905,-0.800864040851593,1.229888916015625,2.6211373805999756,-1.3912484645843506
HOTEL:biwi_hotel:106:4550,0.5974332690238953,1.4531564712524414,-0.8557232022285461,1.1939034461975098,2.6981656551361084,-1.5042622089385986
HOTEL:biwi_hotel:106:4560,0.8306689262390137,1.4323559999465942,-0.6016870737075806,1.5259010791778564,2.649937629699707,-1.1240365505218506
HOTEL:biwi_hotel:106:4570,0.5293239951133728,1.3770581483840942,-0.8477341532707214,1.1860848665237427,2.673463821411133,-1.4873789548873901
HOTEL:biwi_hotel:106:4580,0.6711291670799255,1.418424129486084,-0.7472949624061584,1.4109758138656616,2.703343152999878,-1.2923673391342163
HOTEL:biwi_hotel:106:4590,0.6775900721549988,1.3791266679763794,-0.7015365958213806,1.350528597831726,2.60147762298584,-1.2509490251541138
HOTEL:biwi_hotel:106:4600,0.905987024307251,1.4535149335861206,-0.5475279092788696,1.6596004962921143,2.647315740585327,-0.9877152442932129
HOTEL:biwi_hotel:106:4610,0.6012983918190002,1.4313446283340454,-0.8300462365150452,1.2252070903778076,2.651506185531616,-1.4262990951538086
HOTEL:biwi_hotel:106:4620,0.9269116520881653,1.6509579420089722,-0.7240462899208069,1.7423081398010254,3.025932788848877,-1.2836246490478516
HOTEL:biwi_hotel:106:4630,0.6883106231689453,1.4227226972579956,-0.7344120740890503,1.383987307548523,2.6695423126220703,-1.2855550050735474
HOTEL:biwi_hotel:106:4640,0.6309913992881775,1.4151058197021484,-0.784114420413971,1.3266785144805908,2.70943546295166,-1.3827569484710693
HOTEL:biwi_hotel:106:4650,0.9184152483940125,1.4776111841201782,-0.5591959357261658,1.7296525239944458,2.721879005432129,-0.9922264814376831
HOTEL:biwi_hotel:106:4660,0.566037654876709,1.4159857034683228,-0.8499480485916138,1.1029919385910034,2.604442596435547,-1.5014506578445435
HOTEL:biwi_hotel:106:4670,0.8331626057624817,1.5105563402175903,-0.6773937344551086,1.5070672035217285,2.7346038818359375,-1.227536678314209
HOTEL:biwi_hotel:106:4680,0.5754871964454651,1.3874932527542114,-0.8120060563087463,1.138173222541809,2.56601881980896,-1.4278455972671509
HOTEL:biwi_hotel:106:4690,0.8724512457847595,1.4208335876464844,-0.5483823418617249,1.5842511653900146,2.6051535606384277,-1.020902395248413
HOTEL:biwi_hotel:106:4700,0.5179970860481262,1.4010101556777954,-0.8830130696296692,0.9147478342056274,2.49404239654541,-1.5792945623397827
HOTEL:biwi_hotel:106:4710,0.6801947951316833,1.3938769102096558,-0.7136821150779724,1.314978837966919,2.5250792503356934,-1.2101004123687744
HOTEL:biwi_hotel:106:4720,0.7045643925666809,1.4232059717178345,-0.7186415791511536,1.3538851737976074,2.562006950378418,-1.2081217765808105
HOTEL:biwi_hotel:106:4730,0.6257918477058411,1.3639999628067017,-0.7382081151008606,1.1088156700134277,2.3823928833007812,-1.2735772132873535
HOTEL:biwi_hotel:106:4740,0.7412791848182678,1.381265640258789,-0.6399864554405212,1.280429720878601,2.455618143081665,-1.175188422203064
HOTEL:biwi_hotel:106:4750,0.3895871341228485,1.2833735942840576,-0.8937864601612091,0.8228846788406372,2.3719418048858643,-1.549057126045227
HOTEL:biwi_hotel:106:4760,0.6850736737251282,1.3216652870178223,-0.6365916132926941,1.342368721961975,2.5467488765716553,-1.2043801546096802
HOTEL:biwi_hotel:106:4770,0.7484018206596375,1.3638516664505005,-0.615449845790863,1.5079282522201538,2.579150438308716,-1.071222186088562
HOTEL:biwi_hotel:106:4780,0.6403655409812927,1.25448739528656,-0.6141218543052673,1.3012189865112305,2.351041078567505,-1.0498220920562744
HOTEL:biwi_hotel:106:4790,0.6111257076263428,1.2568796873092651,-0.6457539796829224,1.2586662769317627,2.4077258110046387,-1.149059534072876
HOTEL:biwi_hotel:106:4800,0.4525597095489502,1.2221726179122925,-0.7696129083633423,0.987968921661377,2.3405892848968506,-1.3526203632354736
HOTEL:biwi_hotel:106:4810,0.6043837666511536,1.2569421529769897,-0.6525583863258362,1.2264885902404785,2.4012882709503174,-1.1747996807098389
HOTEL:biwi_hotel:106:4820,0.7635975480079651,1.3123489618301392,-0.5487514138221741,1.4604382514953613,2.431429386138916,-0.9709911346435547
HOTEL:biwi_hotel:107:4430,0.7530139088630676,1.611568808555603,-0.8585548996925354,1.471108317375183,3.0641603469848633,-1.5930520296096802
HOTEL:biwi_hotel:107:4440,0.8912302851676941,1.5836620330810547,-0.6924317479133606,1.667364239692688,2.921978235244751,-1.254613995552063
HOTEL:biwi_hotel:107:4450,0.8733598589897156,1.6254067420959473,-0.7520468831062317,1.5797227621078491,2.8878896236419678,-1.3081668615341187
HOTEL:biwi_hotel:107:4460,0.7368493676185608,1.632123351097107,-0.8952739834785461,1.4936996698379517,3.012974262237549,-1.5192745923995972
HOTEL:biwi_hotel:107:4470,0.720527172088623,1.566880226135254,-0.8463530540466309,1.392804503440857,2.861339569091797,-1.46853506565094
HOTEL:biwi_hotel:107:4480,0.7682523727416992,1.6254132986068726,-0.8571609258651733,1.4764037132263184,2.9887471199035645,-1.512343406677246
HOTEL:biwi_hotel:107:4490,0.6682936549186707,1.5700716972351074,-0.9017780423164368,1.296140432357788,2.882131814956665,-1.585991382598877
HOTEL:biwi_hotel:107:4500,0.671048641204834,1.4867290258407593,-0.8156803846359253,1.3118858337402344,2.7350516319274902,-1.4231657981872559
HOTEL:biwi_hotel:107:4510,1.0029505491256714,1.5941849946975708,-0.5912344455718994,1.792505145072937,2.8352267742156982,-1.0427216291427612
HOTEL:biwi_hotel:107:4520,0.5905616879463196,1.5085840225219727,-0.9180223345756531,1.1569316387176514,2.7537412643432617,-1.5968096256256104
HOTEL:biwi_hotel:107:4530,0.6503638029098511,1.5160635709762573,-0.8656997680664062,1.2269906997680664,2.7347986698150635,-1.507807970046997
HOTEL:biwi_hotel:107:4540,0.35727664828300476,1.3790496587753296,-1.0217730104923248,0.7893825173377991,2.574956178665161,-1.785573661327362
HOTEL:biwi_hotel:107:4550,0.6296330690383911,1.3854762315750122,-0.7558431625366211,1.2829900979995728,2.5960185527801514,-1.3130284547805786
HOTEL:biwi_hotel:107:4560,0.7220246195793152,1.4125914573669434,-0.6905668377876282,1.4017119407653809,2.6518921852111816,-1.2501802444458008
HOTEL:biwi_hotel:107:4570,0.7432214617729187,1.4422188997268677,-0.698997437953949,1.4712536334991455,2.6758060455322266,-1.204552412033081
HOTEL:biwi_hotel:107:4580,0.560145914554596,1.4134645462036133,-0.8533186316490173,1.174773931503296,2.616264820098877,-1.441490888595581
HOTEL:biwi_hotel:107:4590,0.5280601382255554,1.3747698068618774,-0.846709668636322,1.1469939947128296,2.618441104888916,-1.4714471101760864
HOTEL:biwi_hotel:107:4600,0.7739213109016418,1.4165349006652832,-0.6426135897636414,1.4672173261642456,2.6015701293945312,-1.1343528032302856
HOTEL:biwi_hotel:107:4610,0.6408544182777405,1.4293893575668335,-0.788534939289093,1.297599196434021,2.6543235778808594,-1.3567243814468384
HOTEL:biwi_hotel:107:4620,0.7745980620384216,1.5665134191513062,-0.7919153571128845,1.5066848993301392,2.8968305587768555,-1.3901456594467163
HOTEL:biwi_hotel:107:4630,0.6320934295654297,1.406727910041809,-0.7746344804763794,1.383176326751709,2.7287588119506836,-1.3455824851989746
HOTEL:biwi_hotel:107:4640,0.6077284812927246,1.3976184129714966,-0.789889931678772,1.2123005390167236,2.598041534423828,-1.3857409954071045
HOTEL:biwi_hotel:107:4650,0.887775182723999,1.4549018144607544,-0.5671266317367554,1.5911325216293335,2.610853672027588,-1.0197211503982544
HOTEL:biwi_hotel:107:4660,0.6290634274482727,1.4274858236312866,-0.7984223961830139,1.2215343713760376,2.599424123764038,-1.3778897523880005
HOTEL:biwi_hotel:107:4670,0.8155786991119385,1.5006600618362427,-0.6850813627243042,1.4471393823623657,2.665245771408081,-1.2181063890457153
HOTEL:biwi_hotel:107:4680,0.5766400694847107,1.3654624223709106,-0.7888223528862,1.0787150859832764,2.4656107425689697,-1.3868956565856934
HOTEL:biwi_hotel:107:4690,0.7923715114593506,1.368609070777893,-0.5762375593185425,1.3828498125076294,2.4453108310699463,-1.062461018562317
HOTEL:biwi_hotel:107:4700,0.44924798607826233,1.3558974266052246,-0.9066494405269623,0.8211872577667236,2.426727533340454,-1.6055402755737305
HOTEL:biwi_hotel:107:4710,0.5652478337287903,1.340919852256775,-0.7756720185279846,1.0737642049789429,2.447269916534424,-1.373505711555481
HOTEL:biwi_hotel:107:4720,0.6997219920158386,1.3932127952575684,-0.6934908032417297,1.2689576148986816,2.5032122135162354,-1.2342545986175537
HOTEL:biwi_hotel:107:4730,0.5725075602531433,1.3202929496765137,-0.7477853894233704,1.164735198020935,2.483863353729248,-1.319128155708313
HOTEL:biwi_hotel:107:4740,0.6736807227134705,1.330614686012268,-0.6569339632987976,1.3819633722305298,2.5395634174346924,-1.1576000452041626
HOTEL:biwi_hotel:107:4750,0.34568238258361816,1.2106066942214966,-0.8649243116378784,0.6811187267303467,2.4085347652435303,-1.7274160385131836
HOTEL:biwi_hotel:107:4760,0.7772940993309021,1.274619460105896,-0.4973253607749939,1.5947542190551758,2.447169065475464,-0.8524148464202881
HOTEL:biwi_hotel:107:4770,0.6669853329658508,1.2935031652450562,-0.6265178322792053,1.3912451267242432,2.4542996883392334,-1.0630545616149902
HOTEL:biwi_hotel:107:4780,0.5759043097496033,1.2823981046676636,-0.7064937949180603,1.1958426237106323,2.449831962585449,-1.253989338874817
HOTEL:biwi_hotel:107:4790,0.8227558135986328,1.3531365394592285,-0.5303807258605957,1.531339406967163,2.499185800552368,-0.9678463935852051
HOTEL:biwi_hotel:107:4800,0.672599732875824,1.346042513847351,-0.6734427809715271,1.2635447978973389,2.4553439617156982,-1.1917991638183594
HOTEL:biwi_hotel:107:4810,0.836872398853302,1.387632966041565,-0.5507605671882629,1.523359775543213,2.5204591751098633,-0.9970993995666504
HOTEL:biwi_hotel:107:4820,0.6054112315177917,1.3842101097106934,-0.7787988781929016,1.216324806213379,2.5224127769470215,-1.3060879707336426
HOTEL:biwi_hotel:110:4570,1.1118046045303345,4.344507217407227,-3.232702612876892,2.7806200981140137,8.010374069213867,-5.2297539710998535
HOTEL:biwi_hotel:112:4690,2.021023750305176,3.9790985584259033,-1.9580748081207275,3.420665979385376,6.871179580688477,-3.4505136013031006
HOTEL:biwi_hotel:112:4700,1.5299288034439087,3.815748929977417,-2.2858201265335083,2.7171852588653564,6.624538898468018,-3.907353639602661
HOTEL:biwi_hotel:112:4710,1.6031368970870972,3.680131196975708,-2.076994299888611,2.889509439468384,6.486645698547363,-3.5971362590789795
HOTEL:biwi_hotel:119:5680,2.042510747909546,3.9490067958831787,-1.9064960479736328,4.421043395996094,7.365200042724609,-2.9441566467285156
HOTEL:biwi_hotel:119:5690,1.9348315000534058,4.0156989097595215,-2.0808674097061157,4.232244491577148,7.439379692077637,-3.2071352005004883
HOTEL:biwi_hotel:119:5700,1.3222395181655884,4.017227649688721,-2.6949881315231323,3.1147396564483643,7.379420757293701,-4.264681100845337
HOTEL:biwi_hotel:119:5710,1.0510972738265991,3.931593894958496,-2.880496621131897,2.485030174255371,7.375302314758301,-4.89027214050293
HOTEL:biwi_hotel:120:5680,1.9353138208389282,3.883577346801758,-1.9482635259628296,4.256397724151611,7.272907733917236,-3.016510009765625
HOTEL:biwi_hotel:120:5690,2.1503102779388428,4.076124668121338,-1.9258143901824951,4.600179195404053,7.608267784118652,-3.0080885887145996
HOTEL:biwi_hotel:120:5700,1.494134783744812,3.9299027919769287,-2.4357680082321167,3.416132688522339,7.231471538543701,-3.8153388500213623
HOTEL:biwi_hotel:120:5710,1.035109043121338,3.9478557109832764,-2.9127466678619385,2.5262906551361084,7.220382213592529,-4.694091558456421
HOTEL:biwi_hotel:136:6790,0.23792807757854462,0.07880829274654388,0.15911978483200073,0.3760404586791992,0.1749940663576126,0.2010463923215866
HOTEL:biwi_hotel:136:6800,0.09954778105020523,0.10791986435651779,-0.008372083306312561,0.15729308128356934,0.21875157952308655,-0.06145849823951721
HOTEL:biwi_hotel:136:6810,0.04764389991760254,0.03780975565314293,0.00983414426445961,0.020005475729703903,0.03994311764836311,-0.01993764191865921
HOTEL:biwi_hotel:136:6820,0.22449319064617157,0.14809727668762207,0.0763959139585495,0.42980122566223145,0.25154387950897217,0.17825734615325928
HOTEL:biwi_hotel:136:6830,0.09119535237550735,0.21869270503520966,-0.1274973526597023,0.168744757771492,0.30118659138679504,-0.13244183361530304
HOTEL:biwi_hotel:138:6840,0.06907007098197937,0.08144696801900864,-0.012376897037029266,0.10496346652507782,0.06953828781843185,0.035425178706645966
HOTEL:biwi_hotel:138:6850,0.5501299500465393,0.33538615703582764,0.21474379301071167,1.0195555686950684,0.649564802646637,0.3699907660484314
HOTEL:biwi_hotel:138:6860,0.38070347905158997,0.10384107381105423,0.27686240524053574,0.6990514993667603,0.13120807707309723,0.567843422293663
HOTEL:biwi_hotel:138:6870,0.19944675266742706,0.27490484714508057,-0.0754580944776535,0.4136192798614502,0.5649228096008301,-0.15130352973937988
HOTEL:biwi_hotel:138:6880,0.05523453652858734,0.05234244465827942,0.0028920918703079224,0.08408189564943314,0.07697220146656036,0.007109694182872772
HOTEL:biwi_hotel:138:6890,0.18926119804382324,0.3733690083026886,-0.18410781025886536,0.2643272280693054,0.6190696954727173,-0.35474246740341187
HOTEL:biwi_hotel:138:6900,0.18694555759429932,0.24076616764068604,-0.05382061004638672,0.4156172275543213,0.500262439250946,-0.08464521169662476
HOTEL:biwi_hotel:138:6910,0.11220761388540268,0.21291840076446533,-0.10071078687906265,0.12404830008745193,0.3389328718185425,-0.21488457173109055
HOTEL:biwi_hotel:138:6920,0.524285614490509,0.4368927478790283,0.08739286661148071,0.941203773021698,0.7992279529571533,0.14197582006454468
HOTEL:biwi_hotel:138:6930,0.24422363936901093,0.11519856005907059,0.12902507930994034,0.37806975841522217,0.23560453951358795,0.14246521890163422
HOTEL:biwi_hotel:138:6940,0.3847619295120239,0.24287207424640656,0.14188985526561737,0.6734970211982727,0.4010051488876343,0.2724918723106384
HOTEL:biwi_hotel:138:6950,0.446323037147522,0.1306900829076767,0.3156329542398453,0.6799622774124146,0.17961502075195312,0.5003472566604614
HOTEL:biwi_hotel:138:6960,0.5013257265090942,0.43732115626335144,0.0640045702457428,0.76871258020401,0.690700888633728,0.07801169157028198
HOTEL:biwi_hotel:138:6970,0.5282353162765503,0.5315532684326172,-0.0033179521560668945,0.9677930474281311,0.9853600263595581,-0.017566978931427002
HOTEL:biwi_hotel:138:6980,0.6602587699890137,0.5724331140518188,0.08782565593719482,1.140087604522705,1.0193229913711548,0.12076461315155029
HOTEL:biwi_hotel:138:6990,0.5840856432914734,0.6099810600280762,-0.025895416736602783,0.9321956038475037,1.0536651611328125,-0.12146955728530884
HOTEL:biwi_hotel:138:7000,0.09318823367357254,0.09327920526266098,-9.097158908843994e-05,0.17064838111400604,0.17692892253398895,-0.00628054141998291
HOTEL:biwi_hotel:138:7010,0.08015155792236328,0.21646077930927277,-0.13630922138690948,0.12433424592018127,0.4522022306919098,-0.3278679847717285
HOTEL:biwi_hotel:138:7020,0.14511360228061676,0.08188097923994064,0.06323262304067612,0.2568255364894867,0.13506360352039337,0.12176193296909332
HOTEL:biwi_hotel:138:7030,0.6014726161956787,0.6483835577964783,-0.04691094160079956,1.0773476362228394,1.1842246055603027,-0.10687696933746338
HOTEL:biwi_hotel:138:7040,0.5863583087921143,0.36754515767097473,0.21881315112113953,1.0302369594573975,0.6309134364128113,0.3993235230445862
HOTEL:biwi_hotel:138:7050,0.788337230682373,0.7497091889381409,0.03862804174423218,1.3143925666809082,1.2332684993743896,0.08112406730651855
HOTEL:biwi_hotel:138:7060,0.5293297171592712,0.504631519317627,0.024698197841644287,0.975287139415741,0.9787414073944092,-0.003454267978668213
HOTEL:biwi_hotel:138:7070,0.24143898487091064,0.062077268958091736,0.1793617159128189,0.5885043740272522,0.3019811511039734,0.2865232229232788
HOTEL:biwi_hotel:138:7080,0.33173248171806335,0.11306235939264297,0.21867012232542038,0.569778323173523,0.12183059751987457,0.4479477256536484
HOTEL:biwi_hotel:138:7090,0.15222512185573578,0.07507547736167908,0.0771496444940567,0.34933075308799744,0.18947622179985046,0.15985453128814697
HOTEL:biwi_hotel:138:7100,0.09456215053796768,0.10009641200304031,-0.005534261465072632,0.2121412456035614,0.23454034328460693,-0.022399097681045532
HOTEL:biwi_hotel:138:7110,0.3100517690181732,0.0885838195681572,0.22146794945001602,0.619804322719574,0.13006708025932312,0.48973724246025085
HOTEL:biwi_hotel:138:7120,0.11722147464752197,0.08065638691186905,0.036565087735652924,0.2573619484901428,0.10080480575561523,0.1565571427345276
HOTEL:biwi_hotel:138:7130,0.12266120314598083,0.16099552810192108,-0.03833432495594025,0.24106286466121674,0.32811301946640015,-0.08705015480518341
HOTEL:biwi_hotel:138:7140,0.1313341110944748,0.14640511572360992,-0.015071004629135132,0.21824221312999725,0.2542405128479004,-0.03599829971790314
HOTEL:biwi_hotel:138:7150,0.1450420469045639,0.15988250076770782,-0.014840453863143921,0.21824221312999725,0.2542405128479004,-0.03599829971790314
HOTEL:biwi_hotel:138:7160,0.1597091406583786,0.17501205205917358,-0.015302911400794983,0.21824221312999725,0.2542405128479004,-0.03599829971790314
HOTEL:biwi_hotel:138:7170,0.12572039663791656,0.14974386990070343,-0.024023473262786865,0.15695570409297943,0.17530587315559387,-0.01835016906261444
HOTEL:biwi_hotel:138:7180,0.4338091313838959,0.3050735294818878,0.12873560190200806,0.8391921520233154,0.5682980418205261,0.2708941102027893
HOTEL:biwi_hotel:139:6840,0.06065220758318901,0.05727114900946617,0.0033810585737228394,0.07283716648817062,0.127338707447052,-0.05450154095888138
HOTEL:biwi_hotel:139:6850,0.24341821670532227,0.18402457237243652,0.05939364433288574,0.5182453393936157,0.38713687658309937,0.13110846281051636
HOTEL:biwi_hotel:139:6860,0.23490256071090698,0.3557964861392975,-0.1208939254283905,0.45191794633865356,0.6535646319389343,-0.20164668560028076
HOTEL:biwi_hotel:139:6870,0.08715412765741348,0.34402838349342346,-0.25687425583601,0.1665859967470169,0.6332037448883057,-0.46661774814128876
HOTEL:biwi_hotel:139:6880,0.05393948033452034,0.05072805657982826,0.0032114237546920776,0.12286961823701859,0.06988655030727386,0.05298306792974472
HOTEL:biwi_hotel:139:6890,0.14727260172367096,0.049417003989219666,0.0978555977344513,0.2950800657272339,0.08429621905088425,0.21078384667634964
HOTEL:biwi_hotel:139:6900,0.15107420086860657,0.02967948652803898,0.12139471434056759,0.2975618839263916,0.07863307744264603,0.21892880648374557
HOTEL:biwi_hotel:139:6910,0.1747240424156189,0.026874924078583717,0.14784911833703518,0.34232228994369507,0.07387799769639969,0.2684442922472954
HOTEL:biwi_hotel:139:6920,0.016065187752246857,0.01871027611196041,-0.0026450883597135544,0.041673287749290466,0.055167071521282196,-0.01349378377199173
HOTEL:biwi_hotel:139:6930,0.016063984483480453,0.0248494204133749,-0.008785435929894447,0.04346102476119995,0.06192499026656151,-0.018463965505361557
HOTEL:biwi_hotel:139:6940,0.005827432032674551,0.023230917751789093,-0.017403485719114542,0.01113730575889349,0.05533669516444206,-0.04419938940554857
HOTEL:biwi_hotel:139:6950,0.006581708323210478,0.02323087304830551,-0.016649164725095034,0.01280989684164524,0.05533634126186371,-0.04252644442021847
HOTEL:biwi_hotel:139:6960,0.0074314032681286335,0.023230990394949913,-0.01579958712682128,0.023077107965946198,0.05533716827630997,-0.03226006031036377
HOTEL:biwi_hotel:139:6970,0.008122348226606846,0.023230908438563347,-0.015108560211956501,0.02325006201863289,0.05533728748559952,-0.03208722546696663
HOTEL:biwi_hotel:139:6980,0.013182058930397034,0.02323092706501484,-0.010048868134617805,0.024400116875767708,0.05533776059746742,-0.030937643721699715
HOTEL:biwi_hotel:139:6990,0.011788309551775455,0.023230984807014465,-0.01144267525523901,0.01815003715455532,0.055338241159915924,-0.0371882040053606
HOTEL:biwi_hotel:139:7000,0.04110557958483696,0.023230968043208122,0.017874611541628838,0.060709454119205475,0.055337052792310715,0.00537240132689476
HOTEL:biwi_hotel:139:7010,0.04110557958483696,0.023230968043208122,0.017874611541628838,0.060709454119205475,0.055337052792310715,0.00537240132689476
HOTEL:biwi_hotel:139:7020,0.04110557958483696,0.023230968043208122,0.017874611541628838,0.060709454119205475,0.055337052792310715,0.00537240132689476
HOTEL:biwi_hotel:139:7030,0.010049114935100079,0.023230968043208122,-0.013181853108108044,0.016537537798285484,0.055337052792310715,-0.03879951499402523
HOTEL:biwi_hotel:139:7040,0.007765871938318014,0.023230968043208122,-0.015465096104890108,0.01931929402053356,0.055337052792310715,-0.03601775877177715
HOTEL:biwi_hotel:139:7050,0.010411523282527924,0.023230968043208122,-0.012819444760680199,0.024635296314954758,0.055337052792310715,-0.030701756477355957
HOTEL:biwi_hotel:139:7060,0.008175087161362171,0.023230968043208122,-0.015055880881845951,0.024306435137987137,0.055337052792310715,-0.031030617654323578
HOTEL:biwi_hotel:139:7070,0.008610675111413002,0.023230968043208122,-0.01462029293179512,0.024805232882499695,0.055337052792310715,-0.03053181990981102
HOTEL:biwi_hotel:139:7080,0.04110557958483696,0.023230968043208122,0.017874611541628838,0.060709454119205475,0.055337052792310715,0.00537240132689476
HOTEL:biwi_hotel:139:7090,0.04110557958483696,0.023230968043208122,0.017874611541628838,0.060709454119205475,0.055337052792310715,0.00537240132689476
HOTEL:biwi_hotel:139:7100,0.04110557958483696,0.023230968043208122,0.017874611541628838,0.060709454119205475,0.055337052792310715,0.00537240132689476
HOTEL:biwi_hotel:139:7110,0.04110557958483696,0.023230968043208122,0.017874611541628838,0.060709454119205475,0.055337052792310715,0.00537240132689476
HOTEL:biwi_hotel:139:7120,0.04110557958483696,0.023230968043208122,0.017874611541628838,0.060709454119205475,0.055337052792310715,0.00537240132689476
HOTEL:biwi_hotel:139:7130,0.04110557958483696,0.023230968043208122,0.017874611541628838,0.060709454119205475,0.055337052792310715,0.00537240132689476
HOTEL:biwi_hotel:139:7140,0.04110557958483696,0.023230968043208122,0.017874611541628838,0.060709454119205475,0.055337052792310715,0.00537240132689476
HOTEL:biwi_hotel:139:7150,0.04110557958483696,0.023230968043208122,0.017874611541628838,0.060709454119205475,0.055337052792310715,0.00537240132689476
HOTEL:biwi_hotel:139:7160,0.04110557958483696,0.023230968043208122,0.017874611541628838,0.060709454119205475,0.055337052792310715,0.00537240132689476
HOTEL:biwi_hotel:139:7170,0.04110557958483696,0.023230968043208122,0.017874611541628838,0.060709454119205475,0.055337052792310715,0.00537240132689476
HOTEL:biwi_hotel:139:7180,0.04270744323730469,0.02372855879366398,0.01897888444364071,0.07993184030056,0.06130807101726532,0.018623769283294678
HOTEL:biwi_hotel:142:6890,1.9143964052200317,3.5990846157073975,-1.6846882104873657,3.5713107585906982,6.487636089324951,-2.916325330734253
HOTEL:biwi_hotel:142:6900,1.332759976387024,3.4435360431671143,-2.1107760667800903,2.658048391342163,6.3082427978515625,-3.6501944065093994
HOTEL:biwi_hotel:142:6910,1.7664321660995483,3.47983455657959,-1.7134023904800415,3.3828701972961426,6.340152740478516,-2.957282543182373
HOTEL:biwi_hotel:142:6920,1.784287929534912,3.4943971633911133,-1.7101092338562012,3.504380464553833,6.465977668762207,-2.961597204208374
HOTEL:biwi_hotel:142:6930,1.413920283317566,3.39239764213562,-1.9784773588180542,2.811037302017212,6.216172695159912,-3.4051353931427
HOTEL:biwi_hotel:142:6940,1.4650436639785767,3.357069253921509,-1.8920255899429321,3.0457165241241455,6.323695182800293,-3.2779786586761475
HOTEL:biwi_hotel:142:6950,1.658084750175476,3.3824141025543213,-1.7243293523788452,3.2779223918914795,6.359224796295166,-3.0813024044036865
HOTEL:biwi_hotel:143:6890,1.8095484972000122,3.3737146854400635,-1.5641661882400513,3.5108296871185303,6.213988304138184,-2.7031586170196533
HOTEL:biwi_hotel:143:6900,1.5709635019302368,3.330087423324585,-1.7591239213943481,3.0808706283569336,6.131051063537598,-3.050180435180664
HOTEL:biwi_hotel:143:6910,1.6716474294662476,3.353668451309204,-1.6820210218429565,3.2676682472229004,6.181042671203613,-2.913374423980713
HOTEL:biwi_hotel:143:6920,1.5210040807724,3.323786735534668,-1.802782654762268,3.1359384059906006,6.235851287841797,-3.0999128818511963
HOTEL:biwi_hotel:143:6930,1.4719346761703491,3.265212297439575,-1.793277621269226,2.962345838546753,6.06878137588501,-3.106435537338257
HOTEL:biwi_hotel:143:6940,1.7266855239868164,3.310943365097046,-1.5842578411102295,3.3613083362579346,6.096404075622559,-2.735095739364624
HOTEL:biwi_hotel:143:6950,1.6459394693374634,3.332491636276245,-1.6865521669387817,3.178534984588623,6.0740437507629395,-2.8955087661743164
HOTEL:biwi_hotel:144:6890,0.09528691321611404,0.1412447988986969,-0.045957885682582855,0.1476411074399948,0.24029912054538727,-0.09265801310539246
HOTEL:biwi_hotel:144:6900,0.4663025438785553,0.15433795750141144,0.31196458637714386,0.7085251808166504,0.23658700287342072,0.4719381779432297
HOTEL:biwi_hotel:144:6910,0.5978050231933594,0.6775423884391785,-0.07973736524581909,0.9680182337760925,1.125007152557373,-0.15698891878128052
HOTEL:biwi_hotel:144:6920,0.726901113986969,0.04987509176135063,0.6770260222256184,1.2280550003051758,0.07536584138870239,1.1526891589164734
HOTEL:biwi_hotel:144:6930,0.056417033076286316,0.03535081818699837,0.02106621488928795,0.17633672058582306,0.13635185360908508,0.039984866976737976
HOTEL:biwi_hotel:144:6940,0.19477619230747223,0.08591531962156296,0.10886087268590927,0.3627033829689026,0.14664068818092346,0.21606269478797913
HOTEL:biwi_hotel:144:6950,0.04662572219967842,0.04664348065853119,-1.7758458852767944e-05,0.07794147729873657,0.05096663162112236,0.026974845677614212
HOTEL:biwi_hotel:144:6960,0.14271299540996552,0.08415538817644119,0.05855760723352432,0.24709485471248627,0.13976457715034485,0.10733027756214142
HOTEL:biwi_hotel:144:6970,0.2400222271680832,0.13321439921855927,0.10680782794952393,0.4530654847621918,0.23130746185779572,0.22175802290439606
HOTEL:biwi_hotel:144:6980,0.05811524763703346,0.08128701150417328,-0.023171763867139816,0.1203259825706482,0.1359020620584488,-0.015576079487800598
HOTEL:biwi_hotel:144:6990,0.04174884036183357,0.05528445169329643,-0.01353561133146286,0.09504923224449158,0.1331208348274231,-0.03807160258293152
HOTEL:biwi_hotel:144:7000,0.04899450019001961,0.03132440894842148,0.01767009124159813,0.06070946902036667,0.05533716082572937,0.005372308194637299
HOTEL:biwi_hotel:144:7010,0.049921151250600815,0.03062264434993267,0.019298506900668144,0.06070946902036667,0.05533716082572937,0.005372308194637299
HOTEL:biwi_hotel:144:7020,0.050633788108825684,0.03150440379977226,0.01912938430905342,0.06070946902036667,0.05533716082572937,0.005372308194637299
HOTEL:biwi_hotel:144:7030,0.2721509039402008,0.14541196823120117,0.12673893570899963,0.4580114781856537,0.27864059805870056,0.17937088012695312
HOTEL:biwi_hotel:144:7040,0.2224498838186264,0.05346602573990822,0.16898385807871819,0.38272207975387573,0.06186096370220184,0.3208611160516739
HOTEL:biwi_hotel:144:7050,0.303668349981308,0.08992167562246323,0.21374667435884476,0.5220922827720642,0.11889749020338058,0.4031947925686836
HOTEL:biwi_hotel:144:7060,0.36117836833000183,0.09681463241577148,0.26436373591423035,0.6054798364639282,0.17673273384571075,0.42874710261821747
HOTEL:biwi_hotel:144:7070,0.3419053852558136,0.1501217484474182,0.19178363680839539,0.6332076191902161,0.29813075065612793,0.33507686853408813
HOTEL:biwi_hotel:145:6970,2.6023313999176025,3.949235200881958,-1.3469038009643555,5.783413410186768,7.798247814178467,-2.014834403991699
HOTEL:biwi_hotel:145:6980,2.2963602542877197,3.9874918460845947,-1.691131591796875,5.068390369415283,7.747883319854736,-2.679492950439453
HOTEL:biwi_hotel:145:6990,2.8570573329925537,4.379609107971191,-1.5225517749786377,5.779665946960449,8.296616554260254,-2.5169506072998047
HOTEL:biwi_hotel:145:7000,2.3691720962524414,4.101224422454834,-1.7320523262023926,4.833162307739258,7.662249565124512,-2.829087257385254
HOTEL:biwi_hotel:150:7030,1.3576264381408691,1.7919573783874512,-0.43433094024658203,2.5301363468170166,3.3359620571136475,-0.8058257102966309
HOTEL:biwi_hotel:150:7040,1.0663303136825562,1.2577130794525146,-0.1913827657699585,1.9492040872573853,2.240492582321167,-0.29128849506378174
HOTEL:biwi_hotel:150:7050,0.2972145080566406,1.0588728189468384,-0.7616583108901978,0.48018893599510193,1.7434637546539307,-1.2632748186588287
HOTEL:biwi_hotel:150:7060,0.44786760210990906,1.0308910608291626,-0.5830234587192535,0.7771039605140686,1.8138951063156128,-1.0367911458015442
HOTEL:biwi_hotel:150:7070,0.2721879482269287,0.9465004801750183,-0.6743125319480896,0.462539404630661,1.8095126152038574,-1.3469732105731964
HOTEL:biwi_hotel:150:7080,0.26672255992889404,0.9740503430366516,-0.7073277831077576,0.7085794806480408,1.8954607248306274,-1.1868812441825867
HOTEL:biwi_hotel:150:7090,0.18582351505756378,0.9009802341461182,-0.7151567190885544,0.6310021877288818,1.797953724861145,-1.1669515371322632
HOTEL:biwi_hotel:150:7100,0.21508918702602386,0.8480283617973328,-0.6329391747713089,0.36426809430122375,1.6421903371810913,-1.2779222428798676
HOTEL:biwi_hotel:150:7110,0.3172842562198639,0.835682213306427,-0.5183979570865631,0.6100314855575562,1.6765588521957397,-1.0665273666381836
HOTEL:biwi_hotel:156:7480,1.9860568046569824,4.337919235229492,-2.3518624305725098,3.8352408409118652,7.8551554679870605,-4.019914627075195
HOTEL:biwi_hotel:157:7480,1.9494878053665161,4.328727722167969,-2.3792399168014526,3.80877947807312,7.904168128967285,-4.095388650894165
HOTEL:biwi_hotel:174:9260,1.1503804922103882,3.4863741397857666,-2.3359936475753784,2.5268843173980713,6.309502601623535,-3.782618284225464
HOTEL:biwi_hotel:174:9270,1.286521077156067,3.5144805908203125,-2.2279595136642456,2.755324602127075,6.333442687988281,-3.578118085861206
HOTEL:biwi_hotel:175:9260,0.866560161113739,3.4064931869506836,-2.5399330258369446,1.8232451677322388,6.027825355529785,-4.204580187797546
HOTEL:biwi_hotel:175:9270,0.9900312423706055,3.403409719467163,-2.4133784770965576,1.9914876222610474,5.995047569274902,-4.003559947013855
HOTEL:biwi_hotel:180:9370,0.039324041455984116,0.025610649958252907,0.013713391497731209,0.060709454119205475,0.05533711612224579,0.005372337996959686
HOTEL:biwi_hotel:180:9380,0.03955820947885513,0.028054052963852882,0.01150415651500225,0.060709454119205475,0.05533711612224579,0.005372337996959686
HOTEL:biwi_hotel:180:9390,0.04101148620247841,0.028717422857880592,0.012294063344597816,0.060709454119205475,0.05533711612224579,0.005372337996959686
HOTEL:biwi_hotel:180:9400,0.041024964302778244,0.029597127810120583,0.011427836492657661,0.060709454119205475,0.05533711612224579,0.005372337996959686
HOTEL:biwi_hotel:180:9410,0.04248649254441261,0.026906916871666908,0.015579575672745705,0.060709454119205475,0.05533711612224579,0.005372337996959686
HOTEL:biwi_hotel:180:9420,0.04223596677184105,0.028211340308189392,0.014024626463651657,0.060709454119205475,0.05533711612224579,0.005372337996959686
HOTEL:biwi_hotel:180:9430,0.042649317532777786,0.02739318273961544,0.015256134793162346,0.060709454119205475,0.05533711612224579,0.005372337996959686
HOTEL:biwi_hotel:180:9440,0.043532148003578186,0.028498858213424683,0.015033289790153503,0.060709454119205475,0.05533711612224579,0.005372337996959686
HOTEL:biwi_hotel:180:9450,0.044223055243492126,0.02684888243675232,0.017374172806739807,0.060709454119205475,0.05533711612224579,0.005372337996959686
HOTEL:biwi_hotel:180:9460,0.046812620013952255,0.030382873490452766,0.01642974652349949,0.07758860290050507,0.07970085740089417,-0.002112254500389099
HOTEL:biwi_hotel:180:9470,0.5377443432807922,0.1477808803319931,0.38996346294879913,0.8499945998191833,0.21725399792194366,0.6327406018972397
HOTEL:biwi_hotel:180:9480,0.16439402103424072,0.04203164204955101,0.12236237898468971,0.26730605959892273,0.07191438972949982,0.1953916698694229
HOTEL:biwi_hotel:180:9490,0.13238869607448578,0.0451325885951519,0.08725610747933388,0.23061688244342804,0.010167156346142292,0.22044972609728575
HOTEL:biwi_hotel:180:9500,0.08648428320884705,0.1026146188378334,-0.01613033562898636,0.142584428191185,0.1380125880241394,0.004571840167045593
HOTEL:biwi_hotel:180:9510,0.129719078540802,0.08142822235822678,0.048290856182575226,0.2309401035308838,0.14966125786304474,0.08127884566783905
HOTEL:biwi_hotel:180:9520,0.14029155671596527,0.11781474202871323,0.022476814687252045,0.2579168975353241,0.23304878175258636,0.024868115782737732
HOTEL:biwi_hotel:180:9530,0.2055678367614746,0.0668301060795784,0.1387377306818962,0.39998090267181396,0.11730001121759415,0.2826808914542198
HOTEL:biwi_hotel:180:9540,0.02274486981332302,0.03301076591014862,-0.0102658960968256,0.04349527508020401,0.06146848946809769,-0.017973214387893677
HOTEL:biwi_hotel:180:9550,0.026142796501517296,0.03498709201812744,-0.008844295516610146,0.034508831799030304,0.0666857361793518,-0.0321769043803215
HOTEL:biwi_hotel:180:9560,0.03502475842833519,0.03512435406446457,-9.959563612937927e-05,0.05120058357715607,0.07970085740089417,-0.028500273823738098
HOTEL:biwi_hotel:180:9570,0.024950146675109863,0.03642565757036209,-0.011475510895252228,0.05264408141374588,0.07970085740089417,-0.027056775987148285
HOTEL:biwi_hotel:180:9580,0.2675638496875763,0.12192576378583908,0.1456380859017372,0.4742773771286011,0.20343956351280212,0.27083781361579895
HOTEL:biwi_hotel:180:9590,0.05467592179775238,0.02396165020763874,0.03071427159011364,0.07194368541240692,0.008367692120373249,0.06357599329203367
HOTEL:biwi_hotel:180:9600,0.07899748533964157,0.12044533342123032,-0.041447848081588745,0.12913638353347778,0.18618376553058624,-0.05704738199710846
HOTEL:biwi_hotel:180:9610,0.018293049186468124,0.025058845058083534,-0.00676579587161541,0.017306258901953697,0.011927157640457153,0.005379101261496544
HOTEL:biwi_hotel:180:9620,0.1221628412604332,0.030507588759064674,0.09165525250136852,0.2433110475540161,0.038259223103523254,0.20505182445049286
HOTEL:biwi_hotel:180:9630,0.060516178607940674,0.04915810003876686,0.011358078569173813,0.10576567053794861,0.12174887955188751,-0.015983209013938904
HOTEL:biwi_hotel:180:9640,0.011994938366115093,0.0921684131026268,-0.08017347473651171,0.039755191653966904,0.1601654440164566,-0.1204102523624897
HOTEL:biwi_hotel:180:9650,0.01065440010279417,0.023230673745274544,-0.012576273642480373,0.024860510602593422,0.05533492565155029,-0.03047441504895687
HOTEL:biwi_hotel:180:9660,0.006191708613187075,0.023230792954564095,-0.01703908434137702,0.01872735656797886,0.05533575266599655,-0.03660839609801769
HOTEL:biwi_hotel:180:9670,0.010511216707527637,0.023230725899338722,-0.012719509191811085,0.026164930313825607,0.05533652380108833,-0.029171593487262726
HOTEL:biwi_hotel:180:9680,0.007637150585651398,0.023230748251080513,-0.015593597665429115,0.023750299587845802,0.055338770151138306,-0.0315884705632925
HOTEL:biwi_hotel:180:9690,0.007861749269068241,0.023230774328112602,-0.015369025059044361,0.0232281144708395,0.05533935874700546,-0.03211124427616596
HOTEL:biwi_hotel:180:9700,0.009845796041190624,0.023230919614434242,-0.013385123573243618,0.017474187538027763,0.05533711612224579,-0.037862928584218025
HOTEL:biwi_hotel:180:9710,0.041120272129774094,0.023230919614434242,0.01788935251533985,0.06071927770972252,0.05533711612224579,0.00538216158747673
HOTEL:biwi_hotel:180:9720,0.04110553115606308,0.023230919614434242,0.017874611541628838,0.060709454119205475,0.05533711612224579,0.005372337996959686
HOTEL:biwi_hotel:180:9730,0.04110553115606308,0.023230919614434242,0.017874611541628838,0.060709454119205475,0.05533711612224579,0.005372337996959686
HOTEL:biwi_hotel:180:9740,0.04110553115606308,0.023230919614434242,0.017874611541628838,0.060709454119205475,0.05533711612224579,0.005372337996959686
HOTEL:biwi_hotel:180:9750,0.04110553115606308,0.023230919614434242,0.017874611541628838,0.060709454119205475,0.05533711612224579,0.005372337996959686
HOTEL:biwi_hotel:180:9760,0.04110553115606308,0.023230919614434242,0.017874611541628838,0.060709454119205475,0.05533711612224579,0.005372337996959686
HOTEL:biwi_hotel:180:9770,0.04110553115606308,0.023230919614434242,0.017874611541628838,0.060709454119205475,0.05533711612224579,0.005372337996959686
HOTEL:biwi_hotel:180:9780,0.04110553115606308,0.023230919614434242,0.017874611541628838,0.060709454119205475,0.05533711612224579,0.005372337996959686
HOTEL:biwi_hotel:180:9790,0.04110553115606308,0.023230919614434242,0.017874611541628838,0.060709454119205475,0.05533711612224579,0.005372337996959686
HOTEL:biwi_hotel:180:9800,0.04110553115606308,0.023230919614434242,0.017874611541628838,0.060709454119205475,0.05533711612224579,0.005372337996959686
HOTEL:biwi_hotel:181:9400,2.160045862197876,4.116833209991455,-1.956787347793579,4.26627254486084,7.685647010803223,-3.419374465942383
HOTEL:biwi_hotel:181:9410,1.7140837907791138,4.078066825866699,-2.3639830350875854,3.6079483032226562,7.678715229034424,-4.070766925811768
HOTEL:biwi_hotel:181:9420,2.1756222248077393,4.1472649574279785,-1.9716427326202393,4.368030071258545,7.752481937408447,-3.3844518661499023
HOTEL:biwi_hotel:182:9400,1.5266746282577515,4.004511833190918,-2.4778372049331665,3.294574737548828,7.556931495666504,-4.262356758117676
HOTEL:biwi_hotel:182:9410,2.0874063968658447,4.051583766937256,-1.9641773700714111,4.15780782699585,7.531989097595215,-3.3741812705993652
HOTEL:biwi_hotel:182:9420,2.1567251682281494,4.086338520050049,-1.9296133518218994,4.221216678619385,7.550710678100586,-3.329493999481201
HOTEL:biwi_hotel:185:9410,0.1406567394733429,0.1241726204752922,0.01648411899805069,0.17832611501216888,0.14434626698493958,0.03397984802722931
HOTEL:biwi_hotel:185:9420,0.26758718490600586,0.09432446956634521,0.17326271533966064,0.5213192701339722,0.1319580227136612,0.389361247420311
HOTEL:biwi_hotel:185:9430,0.18054981529712677,0.284308522939682,-0.10375870764255524,0.3208062946796417,0.5432497262954712,-0.22244343161582947
HOTEL:biwi_hotel:185:9440,0.14276182651519775,0.24092364311218262,-0.09816181659698486,0.26075538992881775,0.4265894889831543,-0.16583409905433655
HOTEL:biwi_hotel:185:9450,0.15941934287548065,0.23688440024852753,-0.07746505737304688,0.2946168780326843,0.41569817066192627,-0.12108129262924194
HOTEL:biwi_hotel:185:9460,0.2398783415555954,0.05593280866742134,0.18394553288817406,0.43666157126426697,0.12306708842515945,0.3135944828391075
HOTEL:biwi_hotel:185:9470,0.15520010888576508,0.20820440351963043,-0.053004294633865356,0.25439321994781494,0.40462082624435425,-0.1502276062965393
HOTEL:biwi_hotel:185:9480,0.45168280601501465,0.3733733892440796,0.07830941677093506,0.8539206981658936,0.7119620442390442,0.14195865392684937
HOTEL:biwi_hotel:185:9490,0.2793004810810089,0.08303419500589371,0.1962662860751152,0.3558935523033142,0.06266506761312485,0.29322848469018936
HOTEL:biwi_hotel:185:9500,0.06246863678097725,0.12370876222848892,-0.06124012544751167,0.19585475325584412,0.1522226333618164,0.04363211989402771
HOTEL:biwi_hotel:185:9510,0.14154498279094696,0.11590339988470078,0.025641582906246185,0.33635422587394714,0.2292751520872116,0.10707907378673553
HOTEL:biwi_hotel:185:9520,0.14030395448207855,0.26087602972984314,-0.12057207524776459,0.239601269364357,0.43424463272094727,-0.19464336335659027
HOTEL:biwi_hotel:185:9530,0.22450138628482819,0.18743687868118286,0.037064507603645325,0.33727797865867615,0.25600704550743103,0.08127093315124512
HOTEL:biwi_hotel:185:9540,0.21063949167728424,0.31238624453544617,-0.10174675285816193,0.31787219643592834,0.4884379506111145,-0.17056575417518616
HOTEL:biwi_hotel:185:9550,0.3662811517715454,0.2440546602010727,0.12222649157047272,0.6543650031089783,0.4256514012813568,0.22871360182762146
HOTEL:biwi_hotel:185:9560,0.4114840030670166,0.07248829305171967,0.33899571001529694,0.610020101070404,0.05492362752556801,0.555096473544836
HOTEL:biwi_hotel:185:9570,0.44025421142578125,0.2558004558086395,0.18445375561714172,0.6953399181365967,0.39548459649086,0.2998553216457367
HOTEL:biwi_hotel:185:9580,0.17538957297801971,0.11324048042297363,0.06214909255504608,0.268859326839447,0.13893015682697296,0.12992917001247406
HOTEL:biwi_hotel:185:9590,0.14510801434516907,0.11137345433235168,0.03373456001281738,0.21531952917575836,0.12498121708631516,0.0903383120894432
HOTEL:biwi_hotel:185:9600,0.2913624048233032,0.4578986167907715,-0.16653621196746826,0.39509817957878113,0.7719831466674805,-0.37688496708869934
HOTEL:biwi_hotel:185:9610,0.32237398624420166,0.1919892430305481,0.13038474321365356,0.5241290330886841,0.33471959829330444,0.18940943479537964
HOTEL:biwi_hotel:185:9620,0.29135963320732117,0.562693178653717,-0.2713335454463959,0.5157653093338013,1.0096113681793213,-0.49384605884552
HOTEL:biwi_hotel:185:9630,0.2407199889421463,0.27119341492652893,-0.03047342598438263,0.3938256800174713,0.4037230610847473,-0.009897381067276001
HOTEL:biwi_hotel:185:9640,0.4517819583415985,0.14750893414020538,0.3042730242013931,0.722137987613678,0.1972099095582962,0.5249280780553818
HOTEL:biwi_hotel:185:9650,0.21724504232406616,0.08363743871450424,0.13360760360956192,0.48325875401496887,0.0883282944560051,0.3949304595589638
HOTEL:biwi_hotel:185:9660,0.08233769983053207,0.15185260772705078,-0.06951490789651871,0.14209453761577606,0.23370039463043213,-0.09160585701465607
HOTEL:biwi_hotel:185:9670,0.13287679851055145,0.18932907283306122,-0.056452274322509766,0.301315039396286,0.348956823348999,-0.04764178395271301
HOTEL:biwi_hotel:185:9680,0.21714504063129425,0.1621243804693222,0.055020660161972046,0.44473493099212646,0.3526456356048584,0.09208929538726807
HOTEL:biwi_hotel:185:9690,0.24472592771053314,0.32971739768981934,-0.0849914699792862,0.439103901386261,0.6477492451667786,-0.20864534378051758
HOTEL:biwi_hotel:185:9700,0.07869211584329605,0.12493377923965454,-0.04624166339635849,0.11041714996099472,0.2208521068096161,-0.11043495684862137
HOTEL:biwi_hotel:185:9710,0.1736091822385788,0.0761779248714447,0.0974312573671341,0.3252822160720825,0.12481679022312164,0.20046542584896088
HOTEL:biwi_hotel:185:9720,0.03878976032137871,0.032021064311265945,0.0067686960101127625,0.05185449495911598,0.02923492342233658,0.022619571536779404
HOTEL:biwi_hotel:185:9730,0.06946945935487747,0.03871243819594383,0.03075702115893364,0.14634445309638977,0.08020913600921631,0.06613531708717346
HOTEL:biwi_hotel:185:9740,0.12088843435049057,0.0574774332344532,0.06341100111603737,0.2536919116973877,0.08020935952663422,0.17348255217075348
HOTEL:biwi_hotel:185:9750,0.14711683988571167,0.05774529650807381,0.08937154337763786,0.3020608127117157,0.06094133108854294,0.24111948162317276
HOTEL:biwi_hotel:185:9760,0.02084612287580967,0.046322550624608994,-0.025476427748799324,0.018432218581438065,0.0792163535952568,-0.06078413501381874
HOTEL:biwi_hotel:185:9770,0.027734721079468727,0.03242931142449379,-0.0046945903450250626,0.03754308074712753,0.03814556449651718,-0.0006024837493896484
HOTEL:biwi_hotel:185:9780,0.059760887175798416,0.03075132519006729,0.029009561985731125,0.10573001205921173,0.04024747014045715,0.06548254191875458
HOTEL:biwi_hotel:185:9790,0.4229665696620941,0.26188918948173523,0.1610773801803589,0.6677234768867493,0.42123153805732727,0.246491938829422
HOTEL:biwi_hotel:185:9800,0.6153796911239624,0.07901705056428909,0.5363626405596733,1.063076376914978,0.16116711497306824,0.9019092619419098
HOTEL:biwi_hotel:187:9420,2.443518877029419,4.631160259246826,-2.1876413822174072,5.228541374206543,8.605378150939941,-3.3768367767333984
HOTEL:biwi_hotel:192:9460,1.9947012662887573,4.465768337249756,-2.4710670709609985,4.516931056976318,8.338184356689453,-3.8212532997131348
HOTEL:biwi_hotel:194:9500,1.3726048469543457,3.700619697570801,-2.328014850616455,2.7136876583099365,6.71903133392334,-4.005343675613403
HOTEL:biwi_hotel:194:9510,1.4473400115966797,3.6255266666412354,-2.1781866550445557,2.8731625080108643,6.610022068023682,-3.7368595600128174
HOTEL:biwi_hotel:194:9520,1.6042832136154175,3.6122376918792725,-2.007954478263855,3.2096214294433594,6.653780460357666,-3.4441590309143066
HOTEL:biwi_hotel:195:9500,1.1560150384902954,3.694241762161255,-2.5382267236709595,2.5334222316741943,6.85252571105957,-4.319103479385376
HOTEL:biwi_hotel:195:9510,1.6971198320388794,3.6547420024871826,-1.9576221704483032,3.3561720848083496,6.720712661743164,-3.3645405769348145
HOTEL:biwi_hotel:195:9520,1.7193502187728882,3.6625680923461914,-1.9432178735733032,3.3898684978485107,6.718791961669922,-3.328923463821411
HOTEL:biwi_hotel:196:9500,1.3088723421096802,4.130620956420898,-2.8217486143112183,3.2943224906921387,7.659107208251953,-4.3647847175598145
HOTEL:biwi_hotel:199:9510,0.6843581795692444,0.49209603667259216,0.19226214289665222,1.3904235363006592,0.8108015656471252,0.5796219706535339
HOTEL:biwi_hotel:199:9520,0.4341297447681427,0.5154948830604553,-0.08136513829231262,0.8824536204338074,1.0276234149932861,-0.14516979455947876
HOTEL:biwi_hotel:199:9530,0.8189480900764465,0.4463503360748291,0.37259775400161743,1.269599437713623,0.8542440533638,0.415355384349823
HOTEL:biwi_hotel:199:9540,0.3727775812149048,0.19249308109283447,0.1802845001220703,0.49546799063682556,0.23180341720581055,0.263664573431015
HOTEL:biwi_hotel:199:9550,0.29089340567588806,0.1867835968732834,0.10410980880260468,0.4807996451854706,0.3256165087223053,0.15518313646316528
HOTEL:biwi_hotel:199:9560,1.559748649597168,2.113024950027466,-0.5532763004302979,2.5593483448028564,3.667398691177368,-1.1080503463745117
HOTEL:biwi_hotel:199:9570,0.16531413793563843,0.17415551841259003,-0.008841380476951599,0.6011268496513367,0.6378414630889893,-0.03671461343765259
HOTEL:biwi_hotel:200:9550,1.81544029712677,3.7184064388275146,-1.9029661417007446,3.5187249183654785,6.78342866897583,-3.2647037506103516
HOTEL:biwi_hotel:200:9560,1.8216933012008667,3.7502353191375732,-1.9285420179367065,3.3558459281921387,6.667422294616699,-3.3115763664245605
HOTEL:biwi_hotel:200:9570,1.6293978691101074,3.643538236618042,-2.0141403675079346,3.189401149749756,6.636262893676758,-3.446861743927002
HOTEL:biwi_hotel:200:9580,1.6739200353622437,3.6423254013061523,-1.9684053659439087,3.2515265941619873,6.6287994384765625,-3.377272844314575
HOTEL:biwi_hotel:200:9590,1.5266848802566528,3.5518722534179688,-2.025187373161316,3.0748188495635986,6.551930904388428,-3.477112054824829
HOTEL:biwi_hotel:201:9550,1.8517413139343262,3.7064244747161865,-1.8546831607818604,3.609595775604248,6.7829766273498535,-3.1733808517456055
HOTEL:biwi_hotel:201:9560,1.7112935781478882,3.6750452518463135,-1.9637516736984253,3.4339303970336914,6.808528423309326,-3.3745980262756348
HOTEL:biwi_hotel:201:9570,1.59190833568573,3.642676591873169,-2.050768256187439,3.0953528881073,6.610602855682373,-3.5152499675750732
HOTEL:biwi_hotel:201:9580,1.8114242553710938,3.707960844039917,-1.8965365886688232,3.4416306018829346,6.744640827178955,-3.3030102252960205
HOTEL:biwi_hotel:201:9590,1.3776394128799438,3.5199975967407227,-2.142358183860779,2.862853765487671,6.5558247566223145,-3.6929709911346436
HOTEL:biwi_hotel:203:9590,1.7230254411697388,3.809781074523926,-2.086755633354187,3.8296797275543213,7.083546161651611,-3.25386643409729
HOTEL:biwi_hotel:203:9600,2.355616807937622,4.286542892456055,-1.9309260845184326,4.697598457336426,7.81065559387207,-3.1130571365356445
HOTEL:biwi_hotel:203:9610,1.1384755373001099,3.6802070140838623,-2.5417314767837524,2.4979188442230225,6.854024887084961,-4.3561060428619385
HOTEL:biwi_hotel:203:9620,1.9481266736984253,3.8842222690582275,-1.9360955953598022,3.898484706878662,7.207955360412598,-3.3094706535339355
HOTEL:biwi_hotel:203:9630,1.3672727346420288,3.74908447265625,-2.381811738014221,2.9273972511291504,6.975320339202881,-4.0479230880737305
HOTEL:biwi_hotel:203:9640,1.352669596672058,3.784266710281372,-2.431597113609314,3.1212382316589355,7.067969799041748,-3.9467315673828125
HOTEL:biwi_hotel:203:9650,0.9518985152244568,3.797122001647949,-2.8452234864234924,2.238772392272949,7.0930705070495605,-4.854298114776611
HOTEL:biwi_hotel:204:9610,0.6772624850273132,0.3804596960544586,0.2968027889728546,1.3344615697860718,0.7190260291099548,0.6154355406761169
HOTEL:biwi_hotel:204:9620,0.670279324054718,0.5262671113014221,0.1440122127532959,1.244006872177124,0.9571905732154846,0.2868162989616394
HOTEL:biwi_hotel:204:9630,0.19475357234477997,0.09461436420679092,0.10013920813798904,0.37355315685272217,0.19690556824207306,0.1766475886106491
HOTEL:biwi_hotel:204:9640,0.09107494354248047,0.10813716799020767,-0.017062224447727203,0.14078254997730255,0.1830775886774063,-0.04229503870010376
HOTEL:biwi_hotel:204:9650,0.030375519767403603,0.10391334444284439,-0.07353782467544079,0.05657406896352768,0.19076697528362274,-0.13419290632009506
HOTEL:biwi_hotel:204:9660,0.12551985681056976,0.026024693623185158,0.0994951631873846,0.22326304018497467,0.0529114194214344,0.17035162076354027
HOTEL:biwi_hotel:204:9670,0.20271088182926178,0.02502778358757496,0.17768309824168682,0.39205461740493774,0.0508856400847435,0.34116897732019424
HOTEL:biwi_hotel:204:9680,0.20416001975536346,0.1830071210861206,0.02115289866924286,0.3960554897785187,0.32816600799560547,0.06788948178291321
HOTEL:biwi_hotel:204:9690,0.160738006234169,0.04128780961036682,0.11945019662380219,0.3261350691318512,0.04662798345088959,0.2795070856809616
HOTEL:biwi_hotel:204:9700,0.00815796758979559,0.029705120250582695,-0.021547152660787106,0.017260562628507614,0.08997199684381485,-0.07271143421530724
HOTEL:biwi_hotel:204:9710,0.014165602624416351,0.024849481880664825,-0.010683879256248474,0.04054958000779152,0.06192552670836449,-0.021375946700572968
HOTEL:biwi_hotel:204:9720,0.04110553115606308,0.023230930790305138,0.017874600365757942,0.060709454119205475,0.05533711612224579,0.005372337996959686
HOTEL:biwi_hotel:206:9660,1.8853269815444946,4.032985210418701,-2.1476582288742065,4.710268020629883,7.637457370758057,-2.927189350128174
HOTEL:biwi_hotel:222:10050,0.10270724445581436,0.09397748857736588,0.008729755878448486,0.36051759123802185,0.23049558699131012,0.13002200424671173
HOTEL:biwi_hotel:222:10060,0.30526742339134216,0.16752910614013672,0.13773831725120544,0.39152637124061584,0.3668234646320343,0.024702906608581543
HOTEL:biwi_hotel:222:10070,0.3201844096183777,0.1681477427482605,0.1520366668701172,0.7098874449729919,0.4132072925567627,0.29668015241622925
HOTEL:biwi_hotel:223:10060,1.6805304288864136,3.4353015422821045,-1.754771113395691,3.5281128883361816,6.303949356079102,-2.77583646774292
HOTEL:biwi_hotel:223:10070,0.5960924029350281,3.0997250080108643,-2.503632605075836,1.7373144626617432,5.738744735717773,-4.00143027305603
HOTEL:biwi_hotel:223:10080,0.9376539587974548,3.117140531539917,-2.179486572742462,2.222979784011841,5.783362865447998,-3.5603830814361572
HOTEL:biwi_hotel:223:10090,1.6838536262512207,3.379070997238159,-1.6952173709869385,3.3615901470184326,6.237435340881348,-2.875845193862915
HOTEL:biwi_hotel:223:10100,1.3008753061294556,3.113886833190918,-1.8130115270614624,2.7975618839263916,5.836521625518799,-3.0389597415924072
HOTEL:biwi_hotel:223:10110,1.031428337097168,3.139226198196411,-2.107797861099243,2.3883936405181885,5.843364715576172,-3.4549710750579834
HOTEL:biwi_hotel:223:10120,1.1146923303604126,3.175478219985962,-2.0607858896255493,2.3598060607910156,5.878580570220947,-3.5187745094299316
HOTEL:biwi_hotel:223:10130,0.7127184271812439,3.1204397678375244,-2.4077213406562805,1.7558259963989258,5.793078899383545,-4.037252902984619
HOTEL:biwi_hotel:223:10140,1.077080488204956,3.201246976852417,-2.124166488647461,2.4697694778442383,5.904678821563721,-3.4349093437194824
HOTEL:biwi_hotel:223:10150,1.061552882194519,3.251230478286743,-2.189677596092224,2.3864028453826904,5.933244228363037,-3.5468413829803467
HOTEL:biwi_hotel:224:10070,1.4239020347595215,3.2749099731445312,-1.8510079383850098,2.8280739784240723,5.9910807609558105,-3.1630067825317383
HOTEL:biwi_hotel:224:10080,0.9184768199920654,3.1292364597320557,-2.2107596397399902,2.138277769088745,5.753245830535889,-3.6149680614471436
HOTEL:biwi_hotel:224:10090,1.2818703651428223,3.189929246902466,-1.9080588817596436,2.7321932315826416,5.789127826690674,-3.0569345951080322
HOTEL:biwi_hotel:224:10100,1.7286301851272583,3.403850555419922,-1.6752203702926636,3.230126142501831,6.135450839996338,-2.905324697494507
HOTEL:biwi_hotel:224:10110,0.6989408135414124,3.1168415546417236,-2.4179007411003113,1.8400228023529053,5.767985820770264,-3.9279630184173584
HOTEL:biwi_hotel:224:10120,1.0666106939315796,3.171592950820923,-2.1049822568893433,2.4120218753814697,5.829691410064697,-3.4176695346832275
HOTEL:biwi_hotel:224:10130,1.6989041566848755,3.141385316848755,-1.4424811601638794,2.776214361190796,5.796523094177246,-3.02030873298645
HOTEL:biwi_hotel:224:10140,1.0309776067733765,3.0753300189971924,-2.044352412223816,2.370487928390503,5.740359783172607,-3.3698718547821045
HOTEL:biwi_hotel:224:10150,1.5531085729599,3.2417714595794678,-1.6886628866195679,3.108377456665039,5.955463886260986,-2.8470864295959473
HOTEL:biwi_hotel:226:10080,1.2475186586380005,3.068843126296997,-1.8213244676589966,2.5911905765533447,5.703495025634766,-3.112304449081421
HOTEL:biwi_hotel:226:10090,1.3111050128936768,3.0503244400024414,-1.7392194271087646,2.7284462451934814,5.690021991729736,-2.961575746536255
HOTEL:biwi_hotel:226:10100,1.2648780345916748,3.0293467044830322,-1.7644686698913574,2.7348849773406982,5.704197883605957,-2.969312906265259
HOTEL:biwi_hotel:226:10110,1.361982822418213,3.03145432472229,-1.6694715023040771,3.01188063621521,5.798016548156738,-2.7861359119415283
HOTEL:biwi_hotel:226:10120,1.4601420164108276,3.08948016166687,-1.6293381452560425,3.2728381156921387,5.979665756225586,-2.7068276405334473
HOTEL:biwi_hotel:226:10130,1.4219402074813843,3.0656416416168213,-1.643701434135437,3.0926573276519775,5.830220699310303,-2.737563371658325
HOTEL:biwi_hotel:227:10110,1.8412586450576782,3.2928502559661865,-1.4515916109085083,3.5858702659606934,5.950329780578613,-2.36445951461792
HOTEL:biwi_hotel:227:10120,1.6968878507614136,3.443002939224243,-1.7461150884628296,3.178354263305664,6.083270072937012,-2.9049158096313477
HOTEL:biwi_hotel:227:10130,0.9173378348350525,3.0815515518188477,-2.164213716983795,2.108388662338257,5.630158424377441,-3.5217697620391846
HOTEL:biwi_hotel:227:10140,0.3549920618534088,3.003608465194702,-2.6486164033412933,0.9238398671150208,5.437369346618652,-4.513529479503632
HOTEL:biwi_hotel:227:10150,0.6668033003807068,2.9661290645599365,-2.2993257641792297,1.3348361253738403,5.411634922027588,-4.076798796653748
HOTEL:biwi_hotel:227:10160,1.1759175062179565,3.0036966800689697,-1.8277791738510132,2.423919916152954,5.581815242767334,-3.15789532661438
HOTEL:biwi_hotel:227:10170,0.965006411075592,2.9648354053497314,-1.9998289942741394,2.2951841354370117,5.533635139465332,-3.2384510040283203
HOTEL:biwi_hotel:227:10180,0.9549433588981628,3.0867178440093994,-2.1317744851112366,2.443164348602295,5.8675217628479,-3.4243574142456055
HOTEL:biwi_hotel:230:10260,2.1825385093688965,3.8645989894866943,-1.6820604801177979,4.149989604949951,7.1097893714904785,-2.9597997665405273
HOTEL:biwi_hotel:230:10270,1.6438102722167969,3.674924612045288,-2.031114339828491,3.304093599319458,6.803400993347168,-3.49930739402771
HOTEL:biwi_hotel:230:10280,1.8807820081710815,3.687939405441284,-1.8071573972702026,3.6750714778900146,6.7783355712890625,-3.103264093399048
HOTEL:biwi_hotel:230:10290,1.7189799547195435,3.6034533977508545,-1.884473443031311,3.42645263671875,6.701211452484131,-3.274758815765381
HOTEL:biwi_hotel:230:10300,1.8366565704345703,3.6347362995147705,-1.7980797290802002,3.586907386779785,6.672905445098877,-3.085998058319092
HOTEL:biwi_hotel:230:10310,1.7576030492782593,3.595355987548828,-1.8377529382705688,3.500636100769043,6.637689113616943,-3.1370530128479004
HOTEL:biwi_hotel:231:10260,1.219545841217041,2.470247983932495,-1.250702142715454,2.2824950218200684,4.456465244293213,-2.1739702224731445
HOTEL:biwi_hotel:231:10270,1.1600109338760376,2.4489545822143555,-1.2889436483383179,2.1990368366241455,4.425109386444092,-2.2260725498199463
HOTEL:biwi_hotel:231:10280,0.9698838591575623,2.4103822708129883,-1.440498411655426,2.0066630840301514,4.507092475891113,-2.500429391860962
HOTEL:biwi_hotel:231:10290,1.0771795511245728,2.387293577194214,-1.3101140260696411,2.161879777908325,4.4364094734191895,-2.2745296955108643
HOTEL:biwi_hotel:231:10300,1.0779519081115723,2.343336343765259,-1.2653844356536865,2.144814968109131,4.344424724578857,-2.1996097564697266
HOTEL:biwi_hotel:231:10310,1.0584489107131958,2.3230812549591064,-1.2646323442459106,2.101916790008545,4.342607498168945,-2.2406907081604004
HOTEL:biwi_hotel:231:10320,1.0841647386550903,2.3780715465545654,-1.293906807899475,2.170423984527588,4.436246395111084,-2.265822410583496
HOTEL:biwi_hotel:231:10330,1.1471974849700928,2.3560264110565186,-1.2088289260864258,2.385606050491333,4.483796119689941,-2.0981900691986084
HOTEL:biwi_hotel:231:10340,1.1967034339904785,2.3306150436401367,-1.1339116096496582,2.4785356521606445,4.498467922210693,-2.019932270050049
HOTEL:biwi_hotel:231:10350,1.1285678148269653,2.3588626384735107,-1.2302948236465454,2.357949733734131,4.550197601318359,-2.1922478675842285
HOTEL:biwi_hotel:231:10360,1.2843067646026611,2.427993059158325,-1.143686294555664,2.6655209064483643,4.646666049957275,-1.9811451435089111
HOTEL:biwi_hotel:231:10370,1.4079984426498413,2.526799440383911,-1.1188009977340698,2.805474281311035,4.743032455444336,-1.9375581741333008
HOTEL:biwi_hotel:231:10380,1.2093182802200317,2.465578079223633,-1.256259799003601,2.4793124198913574,4.6431779861450195,-2.163865566253662
HOTEL:biwi_hotel:231:10390,1.2286759614944458,2.483330488204956,-1.2546545267105103,2.4528210163116455,4.617579460144043,-2.1647584438323975
HOTEL:biwi_hotel:231:10400,1.1553845405578613,2.483581304550171,-1.3281967639923096,2.2152352333068848,4.545411109924316,-2.3301758766174316
HOTEL:biwi_hotel:232:10260,1.3240010738372803,2.585552453994751,-1.2615513801574707,2.441012382507324,4.6223464012146,-2.1813340187072754
HOTEL:biwi_hotel:232:10270,0.7863233685493469,2.432147741317749,-1.645824372768402,1.603151559829712,4.4476399421691895,-2.8444883823394775
HOTEL:biwi_hotel:232:10280,1.145021915435791,2.4256162643432617,-1.2805943489074707,2.2547388076782227,4.463145732879639,-2.208406925201416
HOTEL:biwi_hotel:232:10290,0.8786357045173645,2.3672680854797363,-1.4886323809623718,1.8627370595932007,4.462522029876709,-2.5997849702835083
HOTEL:biwi_hotel:232:10300,0.9839426875114441,2.322467565536499,-1.338524878025055,2.1038992404937744,4.510082721710205,-2.4061834812164307
HOTEL:biwi_hotel:232:10310,1.1307384967803955,2.30908465385437,-1.1783461570739746,2.377774953842163,4.4324727058410645,-2.0546977519989014
HOTEL:biwi_hotel:232:10320,1.1401857137680054,2.347003221511841,-1.2068175077438354,2.492743492126465,4.571097373962402,-2.0783538818359375
HOTEL:biwi_hotel:232:10330,1.165490984916687,2.3637683391571045,-1.1982773542404175,2.453228712081909,4.545098781585693,-2.091870069503784
HOTEL:biwi_hotel:232:10340,1.1638489961624146,2.409560441970825,-1.2457114458084106,2.4147026538848877,4.608113765716553,-2.193411111831665
HOTEL:biwi_hotel:232:10350,1.5251688957214355,2.6802804470062256,-1.15511155128479,2.9694406986236572,4.971957683563232,-2.002516984939575
HOTEL:biwi_hotel:232:10360,1.388285517692566,2.54358172416687,-1.1552962064743042,2.6996238231658936,4.721127986907959,-2.0215041637420654
HOTEL:biwi_hotel:232:10370,1.3238719701766968,2.619426965713501,-1.2955549955368042,2.5964362621307373,4.82343053817749,-2.226994276046753
HOTEL:biwi_hotel:232:10380,1.2807344198226929,2.5612120628356934,-1.2804776430130005,2.4882521629333496,4.715836048126221,-2.227583885192871
HOTEL:biwi_hotel:232:10390,1.2995527982711792,2.584144353866577,-1.284591555595398,2.4820210933685303,4.701120376586914,-2.219099283218384
HOTEL:biwi_hotel:232:10400,1.2278887033462524,2.568831443786621,-1.3409427404403687,2.3840692043304443,4.755059719085693,-2.370990514755249
HOTEL:biwi_hotel:233:10260,0.03309249132871628,0.024032458662986755,0.009060032665729523,0.05497155711054802,0.06233417987823486,-0.007362622767686844
HOTEL:biwi_hotel:233:10270,0.11137647181749344,0.030163155868649483,0.08121331594884396,0.23273195326328278,0.07793524116277695,0.15479671210050583
HOTEL:biwi_hotel:233:10280,0.023728368803858757,0.029705120250582695,-0.005976751446723938,0.03797594830393791,0.08997199684381485,-0.05199604853987694
HOTEL:biwi_hotel:233:10290,0.01250497531145811,0.023205453529953957,-0.010700478218495846,0.020622042939066887,0.04219717159867287,-0.02157512865960598
HOTEL:biwi_hotel:233:10300,0.04303574562072754,0.020287828519940376,0.022747917100787163,0.06967546045780182,0.035618267953395844,0.034057192504405975
HOTEL:biwi_hotel:233:10310,0.04431827366352081,0.019026337191462517,0.025291936472058296,0.06967546045780182,0.035618267953395844,0.034057192504405975
HOTEL:biwi_hotel:233:10320,0.04628138616681099,0.023815631866455078,0.02246575430035591,0.07758907973766327,0.0797010213136673,-0.0021119415760040283
HOTEL:biwi_hotel:233:10330,0.05325881764292717,0.037064697593450546,0.016194120049476624,0.14854705333709717,0.1780904233455658,-0.029543370008468628
HOTEL:biwi_hotel:235:10370,1.3631410598754883,2.527541399002075,-1.164400339126587,2.682499885559082,4.699159145355225,-2.0166592597961426
HOTEL:biwi_hotel:235:10380,1.2446545362472534,2.5383670330047607,-1.2937124967575073,2.4267332553863525,4.683355808258057,-2.256622552871704
HOTEL:biwi_hotel:235:10390,1.4465497732162476,2.5839643478393555,-1.137414574623108,2.813411235809326,4.78001594543457,-1.9666047096252441
HOTEL:biwi_hotel:235:10400,1.3966398239135742,2.623903512954712,-1.2272636890411377,2.642348289489746,4.7798614501953125,-2.1375131607055664
HOTEL:biwi_hotel:235:10410,1.2159755229949951,2.577197790145874,-1.361222267150879,2.3023159503936768,4.6789374351501465,-2.3766214847564697
HOTEL:biwi_hotel:235:10420,1.0092473030090332,2.504506826400757,-1.4952595233917236,2.047426223754883,4.680166721343994,-2.6327404975891113
HOTEL:biwi_hotel:235:10430,1.129393458366394,2.489741563796997,-1.360348105430603,2.138516664505005,4.587320327758789,-2.448803663253784
HOTEL:biwi_hotel:235:10440,1.0661753416061401,2.4397451877593994,-1.3735698461532593,2.156865119934082,4.531417369842529,-2.3745522499084473
HOTEL:biwi_hotel:235:10450,1.1619815826416016,2.457099676132202,-1.2951180934906006,2.2943451404571533,4.529648780822754,-2.2353036403656006
HOTEL:biwi_hotel:235:10460,1.1364401578903198,2.4266886711120605,-1.2902485132217407,2.192000150680542,4.421949863433838,-2.229949712753296
HOTEL:biwi_hotel:235:10470,1.1453810930252075,2.448662042617798,-1.3032809495925903,2.1571381092071533,4.405521392822266,-2.2483832836151123
HOTEL:biwi_hotel:235:10480,1.1256661415100098,2.4133858680725098,-1.2877197265625,2.160236358642578,4.3870320320129395,-2.2267956733703613
HOTEL:biwi_hotel:235:10490,1.0579777956008911,2.3872926235198975,-1.3293148279190063,2.07564115524292,4.3719658851623535,-2.2963247299194336
HOTEL:biwi_hotel:235:10500,0.862067461013794,2.381089925765991,-1.5190224647521973,1.7217689752578735,4.363719463348389,-2.641950488090515
HOTEL:biwi_hotel:235:10510,0.883051872253418,2.3176817893981934,-1.4346299171447754,1.8209631443023682,4.299893856048584,-2.478930711746216
HOTEL:biwi_hotel:235:10520,1.0464497804641724,2.3652780055999756,-1.3188282251358032,2.1563315391540527,4.429718017578125,-2.2733864784240723
HOTEL:biwi_hotel:235:10530,1.1083579063415527,2.3191416263580322,-1.2107837200164795,2.220013380050659,4.306520462036133,-2.0865070819854736
HOTEL:biwi_hotel:235:10540,0.6833023428916931,2.2222096920013428,-1.5389073491096497,1.3838180303573608,4.037390232086182,-2.653572201728821
HOTEL:biwi_hotel:236:10370,1.020992636680603,2.5155136585235596,-1.4945210218429565,2.091294765472412,4.685442924499512,-2.5941481590270996
HOTEL:biwi_hotel:236:10380,1.423563003540039,2.61684513092041,-1.193282127380371,2.7543680667877197,4.816819190979004,-2.062451124191284
HOTEL:biwi_hotel:236:10390,1.050076961517334,2.494180917739868,-1.4441039562225342,2.135537624359131,4.641586780548096,-2.506049156188965
HOTEL:biwi_hotel:236:10400,1.205649971961975,2.515692949295044,-1.3100429773330688,2.3587584495544434,4.644790172576904,-2.286031723022461
HOTEL:biwi_hotel:236:10410,1.0207523107528687,2.4459872245788574,-1.4252349138259888,2.0712053775787354,4.536264896392822,-2.465059518814087
HOTEL:biwi_hotel:236:10420,1.207039713859558,2.506805658340454,-1.299765944480896,2.3795511722564697,4.647436618804932,-2.267885446548462
HOTEL:biwi_hotel:236:10430,1.1904951333999634,2.465359687805176,-1.2748645544052124,2.284433603286743,4.4877777099609375,-2.2033441066741943
HOTEL:biwi_hotel:236:10440,1.1739227771759033,2.4803173542022705,-1.3063945770263672,2.3005096912384033,4.536141395568848,-2.2356317043304443
HOTEL:biwi_hotel:236:10450,1.1228421926498413,2.470733880996704,-1.3478916883468628,2.217095375061035,4.566756725311279,-2.349661350250244
HOTEL:biwi_hotel:236:10460,1.12464439868927,2.438591241836548,-1.3139468431472778,2.187610626220703,4.478151798248291,-2.290541172027588
HOTEL:biwi_hotel:236:10470,1.071801781654358,2.414374828338623,-1.3425730466842651,2.0919196605682373,4.421899795532227,-2.3299801349639893
HOTEL:biwi_hotel:236:10480,1.212649941444397,2.4162609577178955,-1.2036110162734985,2.297760009765625,4.387247085571289,-2.089487075805664
HOTEL:biwi_hotel:236:10490,1.1186903715133667,2.496690273284912,-1.3779999017715454,2.0807557106018066,4.538145542144775,-2.4573898315429688
HOTEL:biwi_hotel:236:10500,1.004400372505188,2.3411524295806885,-1.3367520570755005,1.9961005449295044,4.3070292472839355,-2.310928702354431
HOTEL:biwi_hotel:236:10510,1.0511327981948853,2.3649117946624756,-1.3137789964675903,2.0556957721710205,4.322964668273926,-2.2672688961029053
HOTEL:biwi_hotel:236:10520,1.0325816869735718,2.2896063327789307,-1.2570246458053589,2.0157127380371094,4.209894180297852,-2.194181442260742
HOTEL:biwi_hotel:236:10530,1.0674488544464111,2.286466360092163,-1.219017505645752,2.119847536087036,4.230562210083008,-2.1107146739959717
HOTEL:biwi_hotel:236:10540,1.075535774230957,2.326688289642334,-1.251152515411377,2.103440523147583,4.27351188659668,-2.1700713634490967
HOTEL:biwi_hotel:240:10520,1.4815683364868164,3.5692098140716553,-2.087641477584839,2.757201910018921,6.396291255950928,-3.639089345932007
HOTEL:biwi_hotel:240:10530,1.8699084520339966,3.6398496627807617,-1.7699412107467651,3.300774097442627,6.338757514953613,-3.0379834175109863
HOTEL:biwi_hotel:240:10540,1.228433609008789,3.509789228439331,-2.281355619430542,2.146697759628296,6.035001277923584,-3.888303518295288
HOTEL:biwi_hotel:240:10550,1.4294071197509766,3.4008820056915283,-1.9714748859405518,2.5021936893463135,5.910957336425781,-3.4087636470794678
HOTEL:biwi_hotel:240:10560,1.3135164976119995,3.2214319705963135,-1.907915472984314,2.3623321056365967,5.633981227874756,-3.271649122238159
HOTEL:biwi_hotel:24:500,1.6443334817886353,2.536992073059082,-0.8926585912704468,3.340630531311035,4.81398868560791,-1.473358154296875
HOTEL:biwi_hotel:24:510,1.0602571964263916,2.427753210067749,-1.3674960136413574,2.389756202697754,4.647502899169922,-2.257746696472168
HOTEL:biwi_hotel:24:520,0.8370177149772644,2.433654546737671,-1.5966368317604065,1.999389886856079,4.6830854415893555,-2.6836955547332764
HOTEL:biwi_hotel:24:530,0.7631800174713135,2.502082109451294,-1.7389020919799805,2.01729416847229,4.805729866027832,-2.788435697555542
HOTEL:biwi_hotel:24:540,0.614879846572876,2.5367629528045654,-1.9218831062316895,1.6728410720825195,4.849756240844727,-3.176915168762207
HOTEL:biwi_hotel:24:550,0.5705771446228027,2.5649397373199463,-1.9943625926971436,1.6162670850753784,4.858035087585449,-3.241768002510071
HOTEL:biwi_hotel:24:560,0.6145762801170349,2.593735933303833,-1.979159653186798,1.626100778579712,4.8967108726501465,-3.2706100940704346
HOTEL:biwi_hotel:24:570,1.1063817739486694,2.678553581237793,-1.5721718072891235,2.3986260890960693,4.95625638961792,-2.5576303005218506
HOTEL:biwi_hotel:24:580,0.8197850584983826,2.7074196338653564,-1.8876345753669739,1.8430328369140625,4.9221954345703125,-3.07916259765625
HOTEL:biwi_hotel:24:590,0.5480225682258606,2.7550394535064697,-2.207016885280609,1.177958607673645,4.84916353225708,-3.671204924583435
HOTEL:biwi_hotel:24:600,1.0608837604522705,2.8532609939575195,-1.792377233505249,2.1196701526641846,4.909820079803467,-2.7901499271392822
HOTEL:biwi_hotel:24:610,0.8065699934959412,2.778404951095581,-1.97183495759964,1.5950616598129272,4.628981113433838,-3.0339194536209106
HOTEL:biwi_hotel:254:10710,2.0811147689819336,4.148593425750732,-2.067478656768799,4.008291721343994,7.609065532684326,-3.600773811340332
HOTEL:biwi_hotel:254:10720,1.9057492017745972,4.120825290679932,-2.2150760889053345,3.7297496795654297,7.546306133270264,-3.816556453704834
HOTEL:biwi_hotel:254:10730,1.7069129943847656,4.011337757110596,-2.30442476272583,3.364058256149292,7.372091770172119,-4.008033514022827
HOTEL:biwi_hotel:259:10850,1.448087215423584,4.022334575653076,-2.574247360229492,3.2735888957977295,7.502962589263916,-4.2293736934661865
HOTEL:biwi_hotel:259:10860,1.019285798072815,4.075855255126953,-3.056569457054138,2.680428981781006,7.560440540313721,-4.880011558532715
HOTEL:biwi_hotel:259:10870,0.5625509023666382,4.0689215660095215,-3.5063706636428833,1.876111388206482,7.588368892669678,-5.712257504463196
HOTEL:biwi_hotel:25:500,1.1417032480239868,2.4044857025146484,-1.2627824544906616,2.671537160873413,4.621367931365967,-1.9498307704925537
HOTEL:biwi_hotel:25:510,0.8410530090332031,2.373073101043701,-1.532020092010498,2.057640790939331,4.457447528839111,-2.3998067378997803
HOTEL:biwi_hotel:25:520,1.1439327001571655,2.5221593379974365,-1.378226637840271,2.6071877479553223,4.728853225708008,-2.1216654777526855
HOTEL:biwi_hotel:25:530,1.0020135641098022,2.5367231369018555,-1.5347095727920532,2.2899951934814453,4.6737446784973145,-2.383749485015869
HOTEL:biwi_hotel:25:540,0.8767639994621277,2.541234016418457,-1.6644700169563293,2.0584325790405273,4.637140274047852,-2.578707695007324
HOTEL:biwi_hotel:25:550,1.288481593132019,2.7182910442352295,-1.4298094511032104,2.623872756958008,4.96595573425293,-2.342082977294922
HOTEL:biwi_hotel:25:560,0.4896593391895294,2.5288119316101074,-2.039152592420578,1.3689770698547363,4.64985466003418,-3.2808775901794434
HOTEL:biwi_hotel:25:570,1.0448964834213257,2.563771963119507,-1.5188754796981812,2.20589017868042,4.694413661956787,-2.488523483276367
HOTEL:biwi_hotel:25:580,0.8323367238044739,2.561964988708496,-1.7296282649040222,1.8207956552505493,4.677108287811279,-2.85631263256073
HOTEL:biwi_hotel:25:590,0.6737752556800842,2.54461932182312,-1.8708440661430359,1.6270393133163452,4.62509298324585,-2.9980536699295044
HOTEL:biwi_hotel:25:600,0.7016357779502869,2.552905797958374,-1.8512700200080872,1.583329677581787,4.6283040046691895,-3.0449743270874023
HOTEL:biwi_hotel:25:610,0.44245991110801697,2.496073007583618,-2.053613096475601,1.0442132949829102,4.476423263549805,-3.4322099685668945
HOTEL:biwi_hotel:261:10900,1.265716552734375,4.333195209503174,-3.067478656768799,2.95447039604187,8.005072593688965,-5.050602197647095
HOTEL:biwi_hotel:262:11000,2.0200347900390625,3.981297492980957,-1.9612627029418945,3.853592872619629,7.2618231773376465,-3.4082303047180176
HOTEL:biwi_hotel:262:11010,2.0241754055023193,3.9777019023895264,-1.953526496887207,3.895815134048462,7.24860954284668,-3.3527944087982178
HOTEL:biwi_hotel:262:11020,1.9016079902648926,3.981027603149414,-2.0794196128845215,3.624246597290039,7.218351364135742,-3.594104766845703
HOTEL:biwi_hotel:263:11010,2.1722304821014404,4.186984539031982,-2.014754056930542,4.255814552307129,7.743237018585205,-3.487422466278076
HOTEL:biwi_hotel:263:11020,2.0879077911376953,4.18735933303833,-2.0994515419006348,4.108574867248535,7.700528144836426,-3.5919532775878906
HOTEL:biwi_hotel:264:11150,1.8587760925292969,4.4541192054748535,-2.5953431129455566,3.997845411300659,8.217543601989746,-4.219698190689087
HOTEL:biwi_hotel:265:11350,1.4877837896347046,3.8629438877105713,-2.3751600980758667,3.2675933837890625,7.094791412353516,-3.827198028564453
HOTEL:biwi_hotel:266:11350,0.04110555723309517,0.023230919614434242,0.017874637618660927,0.060709696263074875,0.05533714219927788,0.005372554063796997
HOTEL:biwi_hotel:277:11770,1.3010740280151367,3.815187692642212,-2.514113664627075,3.032947540283203,7.077885627746582,-4.044938087463379
HOTEL:biwi_hotel:278:11770,1.2565642595291138,4.489443302154541,-3.2328790426254272,3.0619170665740967,8.362698554992676,-5.300781488418579
HOTEL:biwi_hotel:282:11790,1.9719051122665405,3.944838762283325,-1.9729336500167847,3.7921478748321533,7.196310520172119,-3.404162645339966
HOTEL:biwi_hotel:282:11800,1.7513551712036133,3.9224367141723633,-2.17108154296875,3.5288214683532715,7.236782073974609,-3.707960605621338
HOTEL:biwi_hotel:288:12450,1.2083404064178467,3.4554922580718994,-2.2471518516540527,1.9454129934310913,5.780476093292236,-3.835063099861145
HOTEL:biwi_hotel:288:12460,0.9194428324699402,3.281391143798828,-2.361948311328888,1.478285551071167,5.4753828048706055,-3.9970972537994385
HOTEL:biwi_hotel:288:12470,0.8378376960754395,3.098140001296997,-2.2603023052215576,1.0545021295547485,4.90552282333374,-3.8510206937789917
HOTEL:biwi_hotel:288:12480,0.8265562057495117,3.030583143234253,-2.204026937484741,1.1146718263626099,4.697400093078613,-3.5827282667160034
HOTEL:biwi_hotel:288:12490,0.6463229656219482,2.694148063659668,-2.0478250980377197,0.7544525861740112,3.9580399990081787,-3.2035874128341675
HOTEL:biwi_hotel:288:12500,0.5662415027618408,2.466672420501709,-1.9004309177398682,0.8842897415161133,3.511949062347412,-2.627659320831299
HOTEL:biwi_hotel:288:12510,0.7392188906669617,2.2558815479278564,-1.5166626572608948,1.811832308769226,3.2813193798065186,-1.4694870710372925
HOTEL:biwi_hotel:288:12520,0.7128246426582336,1.9168505668640137,-1.20402592420578,1.8981298208236694,2.739683151245117,-0.8415533304214478
HOTEL:biwi_hotel:288:12530,1.03557288646698,2.0116260051727295,-0.9760531187057495,2.481119155883789,3.2305026054382324,-0.7493834495544434
HOTEL:biwi_hotel:288:12540,0.9148889183998108,1.4805970191955566,-0.5657081007957458,2.2413198947906494,2.2866098880767822,-0.04528999328613281
HOTEL:biwi_hotel:288:12550,1.419809341430664,1.511168360710144,-0.09135901927947998,2.9832634925842285,2.6306934356689453,0.3525700569152832
HOTEL:biwi_hotel:288:12560,1.6185394525527954,1.7463406324386597,-0.12780117988586426,3.1738219261169434,3.26300048828125,-0.08917856216430664
HOTEL:biwi_hotel:289:12480,1.4913228750228882,3.6184070110321045,-2.1270841360092163,2.9943342208862305,6.656824111938477,-3.662489891052246
HOTEL:biwi_hotel:28:590,0.7396833896636963,2.660400390625,-1.9207170009613037,1.938606858253479,5.285088062286377,-3.346481204032898
HOTEL:biwi_hotel:28:600,0.8673480153083801,2.6812448501586914,-1.8138968348503113,2.3314194679260254,5.3052191734313965,-2.973799705505371
HOTEL:biwi_hotel:28:610,0.9639854431152344,2.7922418117523193,-1.828256368637085,2.519169330596924,5.477234840393066,-2.9580655097961426
HOTEL:biwi_hotel:28:620,1.2257026433944702,2.92897629737854,-1.7032736539840698,2.8169002532958984,5.627249717712402,-2.810349464416504
HOTEL:biwi_hotel:292:12520,0.041105564683675766,0.023230919614434242,0.017874645069241524,0.060709696263074875,0.05533714219927788,0.005372554063796997
HOTEL:biwi_hotel:292:12530,0.041105564683675766,0.023230919614434242,0.017874645069241524,0.060709696263074875,0.05533714219927788,0.005372554063796997
HOTEL:biwi_hotel:292:12540,0.041105564683675766,0.023230919614434242,0.017874645069241524,0.060709696263074875,0.05533714219927788,0.005372554063796997
HOTEL:biwi_hotel:292:12550,0.041105564683675766,0.023230919614434242,0.017874645069241524,0.060709696263074875,0.05533714219927788,0.005372554063796997
HOTEL:biwi_hotel:292:12560,0.041105564683675766,0.023230919614434242,0.017874645069241524,0.060709696263074875,0.05533714219927788,0.005372554063796997
HOTEL:biwi_hotel:293:12520,0.04110553860664368,0.023230919614434242,0.017874618992209435,0.060709696263074875,0.055337175726890564,0.005372520536184311
HOTEL:biwi_hotel:293:12530,0.04110553860664368,0.023230919614434242,0.017874618992209435,0.060709696263074875,0.055337175726890564,0.005372520536184311
HOTEL:biwi_hotel:293:12540,0.04110553860664368,0.023230919614434242,0.017874618992209435,0.060709696263074875,0.055337175726890564,0.005372520536184311
HOTEL:biwi_hotel:293:12550,0.04110553860664368,0.023230919614434242,0.017874618992209435,0.060709696263074875,0.055337175726890564,0.005372520536184311
HOTEL:biwi_hotel:293:12560,0.04110553860664368,0.023230919614434242,0.017874618992209435,0.060709696263074875,0.055337175726890564,0.005372520536184311
HOTEL:biwi_hotel:294:12520,0.8431026339530945,0.25685736536979675,0.5862452685832977,1.4861583709716797,0.46207281947135925,1.0240855515003204
HOTEL:biwi_hotel:294:12530,0.3061453104019165,0.4814481735229492,-0.17530286312103271,0.5023695826530457,0.8146658539772034,-0.3122962713241577
HOTEL:biwi_hotel:294:12540,0.4546854496002197,0.16581273078918457,0.28887271881103516,0.740644633769989,0.2525217831134796,0.4881228506565094
HOTEL:biwi_hotel:294:12550,0.19540970027446747,0.2375391125679016,-0.04212941229343414,0.3732084333896637,0.4087577760219574,-0.0355493426322937
HOTEL:biwi_hotel:294:12560,0.34681034088134766,0.2542974352836609,0.09251290559768677,0.6766069531440735,0.46677762269973755,0.20982933044433594
HOTEL:biwi_hotel:296:12700,1.7453209161758423,4.689785480499268,-2.9444645643234253,3.815009355545044,8.55420970916748,-4.7392003536224365
HOTEL:biwi_hotel:297:12700,1.5979310274124146,4.587935924530029,-2.9900048971176147,3.7319395542144775,8.516317367553711,-4.784377813339233
HOTEL:biwi_hotel:303:12900,1.164284586906433,1.1885318756103516,-0.024247288703918457,1.92746901512146,2.056241512298584,-0.12877249717712402
HOTEL:biwi_hotel:303:12910,0.23778395354747772,0.14572949707508087,0.09205445647239685,0.5110286474227905,0.19808633625507355,0.312942311167717
HOTEL:biwi_hotel:303:12920,0.3331965506076813,0.4249402582645416,-0.09174370765686035,0.6309216618537903,0.8675101399421692,-0.2365884780883789
HOTEL:biwi_hotel:303:12930,0.5106022357940674,0.522696316242218,-0.012094080448150635,0.9864401817321777,1.012588381767273,-0.026148200035095215
HOTEL:biwi_hotel:303:12940,0.24508090317249298,0.22071367502212524,0.024367228150367737,0.5312119126319885,0.40218767523765564,0.12902423739433289
HOTEL:biwi_hotel:303:12950,0.32987621426582336,0.2325691133737564,0.09730710089206696,0.5954381823539734,0.42061829566955566,0.17481988668441772
HOTEL:biwi_hotel:303:12960,0.44560369849205017,0.035870205610990524,0.40973349288105965,0.839170515537262,0.0766248106956482,0.7625457048416138
HOTEL:biwi_hotel:303:12970,0.11774256825447083,0.019777005538344383,0.09796556271612644,0.201242595911026,0.04985309764742851,0.1513894982635975
HOTEL:biwi_hotel:303:12980,0.11084669083356857,0.13462857902050018,-0.02378188818693161,0.1986476182937622,0.24737681448459625,-0.048729196190834045
HOTEL:biwi_hotel:303:12990,0.028659528121352196,0.12709970772266388,-0.09844017960131168,0.0692405179142952,0.2349231243133545,-0.1656826063990593
HOTEL:biwi_hotel:303:13000,0.21357958018779755,0.07739075273275375,0.1361888274550438,0.4097501039505005,0.13265785574913025,0.27709224820137024
HOTEL:biwi_hotel:303:13010,0.24382494390010834,0.024172566831111908,0.21965237706899643,0.4671204686164856,0.03957444429397583,0.42754602432250977
HOTEL:biwi_hotel:303:13020,0.014379539526998997,0.07142221182584763,-0.05704267229884863,0.04388806223869324,0.12392459064722061,-0.08003652840852737
HOTEL:biwi_hotel:303:13030,0.008711936883628368,0.03190245106816292,-0.02319051418453455,0.02714160643517971,0.06323777884244919,-0.03609617240726948
HOTEL:biwi_hotel:303:13040,0.04110554978251457,0.023230932652950287,0.017874617129564285,0.0607096366584301,0.055337101221084595,0.005372535437345505
HOTEL:biwi_hotel:303:13050,0.04110554978251457,0.023230932652950287,0.017874617129564285,0.0607096366584301,0.055337101221084595,0.005372535437345505
HOTEL:biwi_hotel:303:13060,0.04110554978251457,0.023230932652950287,0.017874617129564285,0.0607096366584301,0.055337101221084595,0.005372535437345505
HOTEL:biwi_hotel:303:13070,0.04110554978251457,0.023230932652950287,0.017874617129564285,0.0607096366584301,0.055337101221084595,0.005372535437345505
HOTEL:biwi_hotel:303:13080,0.04110554978251457,0.023230932652950287,0.017874617129564285,0.0607096366584301,0.055337101221084595,0.005372535437345505
HOTEL:biwi_hotel:303:13090,0.04110554978251457,0.023230932652950287,0.017874617129564285,0.0607096366584301,0.055337101221084595,0.005372535437345505
HOTEL:biwi_hotel:303:13100,0.04110554978251457,0.023230932652950287,0.017874617129564285,0.0607096366584301,0.055337101221084595,0.005372535437345505
HOTEL:biwi_hotel:303:13110,0.04110554978251457,0.023230932652950287,0.017874617129564285,0.0607096366584301,0.055337101221084595,0.005372535437345505
HOTEL:biwi_hotel:303:13120,0.04110554978251457,0.023230932652950287,0.017874617129564285,0.0607096366584301,0.055337101221084595,0.005372535437345505
HOTEL:biwi_hotel:303:13130,0.041165824979543686,0.023230932652950287,0.0179348923265934,0.060785770416259766,0.055337101221084595,0.005448669195175171
HOTEL:biwi_hotel:303:13140,0.04115509241819382,0.023230932652950287,0.01792415976524353,0.06077910587191582,0.055337101221084595,0.0054420046508312225
HOTEL:biwi_hotel:303:13150,0.04117840528488159,0.023230932652950287,0.017947472631931305,0.06080111488699913,0.055337101221084595,0.0054640136659145355
HOTEL:biwi_hotel:303:13160,0.04111352935433388,0.023230932652950287,0.01788259670138359,0.06071582809090614,0.055337101221084595,0.0053787268698215485
HOTEL:biwi_hotel:303:13170,0.006693461909890175,0.023230932652950287,-0.016537470743060112,0.02274180017411709,0.055337101221084595,-0.032595301046967506
HOTEL:biwi_hotel:303:13180,0.006799010559916496,0.023230932652950287,-0.01643192209303379,0.015436490997672081,0.055337101221084595,-0.039900610223412514
HOTEL:biwi_hotel:303:13190,0.04118245467543602,0.023230932652950287,0.017951522022485733,0.06077905744314194,0.055337101221084595,0.0054419562220573425
HOTEL:biwi_hotel:303:13200,0.041109468787908554,0.023230932652950287,0.017878536134958267,0.06071269512176514,0.055337101221084595,0.005375593900680542
HOTEL:biwi_hotel:303:13210,0.041127681732177734,0.023230932652950287,0.017896749079227448,0.06072724238038063,0.055337101221084595,0.005390141159296036
HOTEL:biwi_hotel:304:12980,1.1058560609817505,4.1906046867370605,-3.08474862575531,2.4712185859680176,7.703340530395508,-5.23212194442749
HOTEL:biwi_hotel:304:12990,0.6047425866127014,4.125955104827881,-3.5212125182151794,2.0090739727020264,7.6519670486450195,-5.642893075942993
HOTEL:biwi_hotel:304:13000,1.2494404315948486,4.186384677886963,-2.9369442462921143,3.2996206283569336,7.914150714874268,-4.614530086517334
HOTEL:biwi_hotel:304:13010,1.5731319189071655,4.195648670196533,-2.6225167512893677,3.7975847721099854,7.753845691680908,-3.956260919570923
HOTEL:biwi_hotel:306:13010,1.8603347539901733,4.095648765563965,-2.2353140115737915,4.3086676597595215,7.676138877868652,-3.367471218109131
HOTEL:biwi_hotel:306:13020,2.749940872192383,4.501180171966553,-1.75123929977417,5.61354923248291,8.358386039733887,-2.7448368072509766
HOTEL:biwi_hotel:306:13030,1.5933953523635864,4.01487398147583,-2.4214786291122437,3.469978094100952,7.4794182777404785,-4.009440183639526
HOTEL:biwi_hotel:306:13040,1.6218414306640625,4.020401477813721,-2.398560047149658,3.3845155239105225,7.472818851470947,-4.088303327560425
HOTEL:biwi_hotel:307:13060,0.8370159268379211,2.4258506298065186,-1.5888347029685974,1.4540181159973145,4.18252420425415,-2.728506088256836
HOTEL:biwi_hotel:307:13070,0.8397631049156189,2.3022563457489014,-1.4624932408332825,1.314528226852417,3.8482229709625244,-2.5336947441101074
HOTEL:biwi_hotel:307:13080,0.6092098355293274,2.137610912322998,-1.5284010767936707,0.6337298154830933,3.3138997554779053,-2.680169939994812
HOTEL:biwi_hotel:307:13090,0.717216968536377,2.035330057144165,-1.318113088607788,0.8449952602386475,3.1021568775177,-2.2571616172790527
HOTEL:biwi_hotel:307:13100,0.7387387156486511,2.024901866912842,-1.2861631512641907,0.9811420440673828,3.0342905521392822,-2.0531485080718994
HOTEL:biwi_hotel:307:13110,0.42976436018943787,1.7147802114486694,-1.2850158512592316,0.4303775727748871,2.4177474975585938,-1.9873699247837067
HOTEL:biwi_hotel:307:13120,0.4059861898422241,1.5531935691833496,-1.1472073793411255,0.5978007316589355,2.1315174102783203,-1.5337166786193848
HOTEL:biwi_hotel:307:13130,0.73688143491745,1.6085071563720703,-0.8716257214546204,1.3697940111160278,2.3418691158294678,-0.9720751047134399
HOTEL:biwi_hotel:307:13140,0.5572726726531982,1.081579566001892,-0.5243068933486938,1.30977201461792,1.3765547275543213,-0.06678271293640137
HOTEL:biwi_hotel:307:13150,0.3989305794239044,0.8062922358512878,-0.4073616564273834,1.0351852178573608,0.8744358420372009,0.1607493758201599
HOTEL:biwi_hotel:307:13160,0.7292916178703308,0.525157630443573,0.2041339874267578,1.5851322412490845,0.5558740496635437,1.0292581915855408
HOTEL:biwi_hotel:307:13170,0.6821208596229553,0.6119566559791565,0.07016420364379883,1.2010599374771118,0.8491944670677185,0.3518654704093933
HOTEL:biwi_hotel:309:13130,0.0645311251282692,0.03410840407013893,0.030422721058130264,0.08849212527275085,0.10077756643295288,-0.012285441160202026
HOTEL:biwi_hotel:309:13140,0.09334243088960648,0.02354230172932148,0.069800129160285,0.18010374903678894,0.061177875846624374,0.11892587319016457
HOTEL:biwi_hotel:309:13150,0.031537894159555435,0.024147791787981987,0.007390102371573448,0.04342956095933914,0.07022959738969803,-0.026800036430358887
HOTEL:biwi_hotel:309:13160,0.13184304535388947,0.025912873446941376,0.10593017190694809,0.19508522748947144,0.05442264303565025,0.14066258445382118
HOTEL:biwi_hotel:309:13170,0.2274872064590454,0.04530265927314758,0.18218454718589783,0.4267118275165558,0.09649907052516937,0.3302127569913864
HOTEL:biwi_hotel:309:13180,0.16468767821788788,0.2564793825149536,-0.09179170429706573,0.25679001212120056,0.5088245868682861,-0.25203457474708557
HOTEL:biwi_hotel:309:13190,0.06515032798051834,0.13040298223495483,-0.06525265425443649,0.09882411360740662,0.22018085420131683,-0.12135674059391022
HOTEL:biwi_hotel:309:13200,0.07341750711202621,0.12407300621271133,-0.05065549910068512,0.1142185777425766,0.2083471715450287,-0.09412859380245209
HOTEL:biwi_hotel:309:13210,0.08122822642326355,0.04266558587551117,0.03856264054775238,0.12288916856050491,0.05383606255054474,0.06905310600996017
HOTEL:biwi_hotel:310:13130,0.190168097615242,0.20759962499141693,-0.017431527376174927,0.2056576907634735,0.31212425231933594,-0.10646656155586243
HOTEL:biwi_hotel:310:13140,0.22601397335529327,0.11819558590650558,0.10781838744878769,0.43220922350883484,0.21694794297218323,0.2152612805366516
HOTEL:biwi_hotel:310:13150,0.4490221440792084,0.10103567689657211,0.34798646718263626,0.8191721439361572,0.24023224413394928,0.578939899802208
HOTEL:biwi_hotel:310:13160,0.3481086194515228,0.0907091572880745,0.25739946216344833,0.6279046535491943,0.1543286144733429,0.47357603907585144
HOTEL:biwi_hotel:310:13170,0.13779300451278687,0.1452246755361557,-0.0074316710233688354,0.18237267434597015,0.2138003706932068,-0.03142769634723663
HOTEL:biwi_hotel:310:13180,0.04905055835843086,0.17156875133514404,-0.12251819297671318,0.0992363914847374,0.29251623153686523,-0.19327984005212784
HOTEL:biwi_hotel:310:13190,0.13671626150608063,0.06186772882938385,0.07484853267669678,0.2115231454372406,0.13186340034008026,0.07965974509716034
HOTEL:biwi_hotel:310:13200,0.06658205389976501,0.12586386501789093,-0.059281811118125916,0.11974366754293442,0.24777525663375854,-0.12803158909082413
HOTEL:biwi_hotel:310:13210,0.11003343015909195,0.14974382519721985,-0.0397103950381279,0.22210563719272614,0.28457891941070557,-0.06247328221797943
HOTEL:biwi_hotel:311:13130,0.04116583243012428,0.023230919614434242,0.01793491281569004,0.06078575551509857,0.0553370825946331,0.005448672920465469
HOTEL:biwi_hotel:311:13140,0.04115510359406471,0.023230919614434242,0.01792418397963047,0.0607791505753994,0.0553370825946331,0.005442067980766296
HOTEL:biwi_hotel:311:13150,0.04117843136191368,0.023230919614434242,0.01794751174747944,0.06080121546983719,0.0553370825946331,0.005464132875204086
HOTEL:biwi_hotel:311:13160,0.048456788063049316,0.02793511189520359,0.020521676167845726,0.1488349735736847,0.11178737878799438,0.03704759478569031
HOTEL:biwi_hotel:311:13170,0.013967412523925304,0.02959843911230564,-0.015631026588380337,0.02834506705403328,0.05753639340400696,-0.02919132634997368
HOTEL:biwi_hotel:311:13180,0.014138349331915379,0.029978930950164795,-0.015840581618249416,0.015436476096510887,0.0553370825946331,-0.039900606498122215
HOTEL:biwi_hotel:311:13190,0.04851476848125458,0.031205033883452415,0.017309734597802162,0.06077893078327179,0.0553370825946331,0.005441848188638687
HOTEL:biwi_hotel:311:13200,0.04811825230717659,0.029653117060661316,0.018465135246515274,0.06071273609995842,0.0553370825946331,0.005375653505325317
HOTEL:biwi_hotel:311:13210,0.04756369814276695,0.029950683936476707,0.017613014206290245,0.06072717159986496,0.0553370825946331,0.005390089005231857
HOTEL:biwi_hotel:313:13130,0.04116581752896309,0.02323094569146633,0.017934871837496758,0.06078573688864708,0.055337175726890564,0.0054485611617565155
HOTEL:biwi_hotel:313:13140,0.04115509241819382,0.02323094569146633,0.017924146726727486,0.06077912822365761,0.055337175726890564,0.005441952496767044
HOTEL:biwi_hotel:313:13150,0.04117840528488159,0.02323094569146633,0.01794745959341526,0.06080096960067749,0.055337175726890564,0.005463793873786926
HOTEL:biwi_hotel:313:13160,0.047223154455423355,0.03576524928212166,0.011457905173301697,0.1340314745903015,0.20574882626533508,-0.07171735167503357
HOTEL:biwi_hotel:313:13170,0.03733399510383606,0.04948347434401512,-0.012149479240179062,0.2127925604581833,0.22810710966587067,-0.015314549207687378
HOTEL:biwi_hotel:313:13180,0.057692211121320724,0.06330013275146484,-0.005607921630144119,0.21808767318725586,0.22810710966587067,-0.010019436478614807
HOTEL:biwi_hotel:313:13190,0.07712169736623764,0.08041978627443314,-0.0032980889081954956,0.15544085204601288,0.22810710966587067,-0.07266625761985779
HOTEL:biwi_hotel:313:13200,0.08904571086168289,0.09796211868524551,-0.008916407823562622,0.15548881888389587,0.22810710966587067,-0.07261829078197479
HOTEL:biwi_hotel:313:13210,0.10057380795478821,0.11547765135765076,-0.014903843402862549,0.15547916293144226,0.22810710966587067,-0.0726279467344284
HOTEL:biwi_hotel:315:13170,0.8978766798973083,2.3880136013031006,-1.4901369214057922,0.8603730797767639,3.3385298252105713,-2.4781567454338074
HOTEL:biwi_hotel:315:13180,0.8865025043487549,2.352187156677246,-1.4656846523284912,0.9613465070724487,3.2919816970825195,-2.330635190010071
HOTEL:biwi_hotel:316:13170,1.5657531023025513,4.659444332122803,-3.0936912298202515,3.5626142024993896,8.639046669006348,-5.076432466506958
HOTEL:biwi_hotel:317:13180,0.3809792101383209,1.8419127464294434,-1.4609335362911224,0.3496100604534149,2.4535939693450928,-2.103983908891678
HOTEL:biwi_hotel:333:14340,0.8420484662055969,1.0174436569213867,-0.1753951907157898,1.0245112180709839,1.7083755731582642,-0.6838643550872803
HOTEL:biwi_hotel:334:14340,2.615574836730957,3.9434378147125244,-1.3278629779815674,5.002139568328857,7.182449817657471,-2.1803102493286133
HOTEL:biwi_hotel:344:14950,1.3899506330490112,2.9982879161834717,-1.6083372831344604,2.5634543895721436,5.491752624511719,-2.928298234939575
HOTEL:biwi_hotel:344:14960,1.0726256370544434,2.9334733486175537,-1.8608477115631104,2.4773354530334473,5.505202293395996,-3.027866840362549
HOTEL:biwi_hotel:344:14970,0.9985756874084473,2.928455114364624,-1.9298794269561768,2.3676533699035645,5.521392345428467,-3.1537389755249023
HOTEL:biwi_hotel:344:14980,0.7290713787078857,3.0037221908569336,-2.274650812149048,1.8535654544830322,5.4626784324646,-3.6091129779815674
HOTEL:biwi_hotel:344:14990,1.8580557107925415,3.32635760307312,-1.4683018922805786,3.9496870040893555,6.238654613494873,-2.2889676094055176
HOTEL:biwi_hotel:344:15000,1.7238430976867676,3.1827151775360107,-1.4588720798492432,3.6642978191375732,5.904364585876465,-2.2400667667388916
HOTEL:biwi_hotel:345:14960,2.1705539226531982,4.372928142547607,-2.202374219894409,4.18543815612793,8.035710334777832,-3.8502721786499023
HOTEL:biwi_hotel:356:15820,0.04750634357333183,0.07719288021326065,-0.029686536639928818,0.2113393247127533,0.21534211933612823,-0.004002794623374939
HOTEL:biwi_hotel:356:15830,0.06822925060987473,0.10027176886796951,-0.03204251825809479,0.2753843069076538,0.3178587853908539,-0.04247447848320007
HOTEL:biwi_hotel:356:15840,0.10580861568450928,0.09528034180402756,0.01052827388048172,0.26839014887809753,0.23719708621501923,0.031193062663078308
HOTEL:biwi_hotel:356:15850,0.38714078068733215,0.24802148342132568,0.13911929726600647,0.6842772364616394,0.4576666057109833,0.22661063075065613
HOTEL:biwi_hotel:356:15860,0.18073607981204987,0.14585046470165253,0.03488561511039734,0.2862296998500824,0.21982403099536896,0.06640566885471344
HOTEL:biwi_hotel:356:15870,0.34817636013031006,0.2758498191833496,0.07232654094696045,0.6021409630775452,0.44981539249420166,0.1523255705833435
HOTEL:biwi_hotel:356:15880,0.19626133143901825,0.17159689962863922,0.02466443181037903,0.3121671676635742,0.1502055525779724,0.1619616150856018
HOTEL:biwi_hotel:356:15890,0.5163409113883972,0.1733608990907669,0.3429800122976303,0.7501519918441772,0.12630093097686768,0.6238510608673096
HOTEL:biwi_hotel:356:15900,0.35398587584495544,0.18378140032291412,0.17020447552204132,0.537144124507904,0.1969643235206604,0.34017980098724365
HOTEL:biwi_hotel:356:15910,0.1754636913537979,0.15784020721912384,0.017623484134674072,0.3811626136302948,0.11703021079301834,0.26413240283727646
HOTEL:biwi_hotel:356:15920,0.30855926871299744,0.1540220081806183,0.15453726053237915,0.3514341413974762,0.10704631358385086,0.24438782781362534
HOTEL:biwi_hotel:356:15930,0.31607237458229065,0.6109277606010437,-0.29485538601875305,0.47906970977783203,1.1111043691635132,-0.6320346593856812
HOTEL:biwi_hotel:356:15940,0.5806143879890442,0.14337559044361115,0.43723879754543304,0.9950143098831177,0.15529122948646545,0.8397230803966522
HOTEL:biwi_hotel:356:15950,0.6307404041290283,0.3497503101825714,0.2809900939464569,1.0339601039886475,0.572277307510376,0.4616827964782715
HOTEL:biwi_hotel:356:15960,0.10632369667291641,0.2005053162574768,-0.0941816195845604,0.2508007884025574,0.21783454716205597,0.032966241240501404
HOTEL:biwi_hotel:356:15970,0.13545836508274078,0.12388139963150024,0.01157696545124054,0.06834559142589569,0.14974236488342285,-0.08139677345752716
HOTEL:biwi_hotel:356:15980,0.33454951643943787,0.2511519491672516,0.08339756727218628,0.5530428290367126,0.29322248697280884,0.2598203420639038
HOTEL:biwi_hotel:356:15990,0.2763861119747162,0.12499060481786728,0.1513955071568489,0.38189324736595154,0.06611066311597824,0.3157825842499733
HOTEL:biwi_hotel:356:16000,0.6517600417137146,0.27559441328048706,0.37616562843322754,1.1749131679534912,0.5872203707695007,0.5876927971839905
HOTEL:biwi_hotel:356:16010,0.11407389491796494,0.08346730470657349,0.03060659021139145,0.347921222448349,0.2731490135192871,0.07477220892906189
HOTEL:biwi_hotel:356:16020,0.14547158777713776,0.0967024639248848,0.04876912385225296,0.34061869978904724,0.23104289174079895,0.10957580804824829
HOTEL:biwi_hotel:356:16030,0.22976715862751007,0.1509924978017807,0.07877466082572937,0.6579471826553345,0.5031258463859558,0.15482133626937866
HOTEL:biwi_hotel:356:16040,0.2086164951324463,0.16423118114471436,0.044385313987731934,0.4715101420879364,0.38745051622390747,0.08405962586402893
HOTEL:biwi_hotel:356:16050,0.24863974750041962,0.23869091272354126,0.009948834776878357,0.3650411367416382,0.3296385705471039,0.0354025661945343
HOTEL:biwi_hotel:356:16060,0.2992737293243408,0.22791211307048798,0.07136161625385284,0.3671262562274933,0.21585486829280853,0.15127138793468475
HOTEL:biwi_hotel:356:16070,0.2615862786769867,0.2720734775066376,-0.010487198829650879,0.37657055258750916,0.41316187381744385,-0.03659132122993469
HOTEL:biwi_hotel:356:16080,0.30281969904899597,0.4354572296142578,-0.13263753056526184,0.582524836063385,0.824734628200531,-0.242209792137146
HOTEL:biwi_hotel:356:16090,0.16851718723773956,0.15827077627182007,0.010246410965919495,0.2173553705215454,0.16731078922748566,0.05004458129405975
HOTEL:biwi_hotel:356:16100,0.446234792470932,0.3938651382923126,0.052369654178619385,0.6889640092849731,0.6688019037246704,0.020162105560302734
HOTEL:biwi_hotel:356:16110,0.4967881739139557,0.43773746490478516,0.05905070900917053,0.7677041292190552,0.6975531578063965,0.07015097141265869
HOTEL:biwi_hotel:356:16120,0.37850436568260193,0.35599470138549805,0.022509664297103882,0.6486768126487732,0.5190884470939636,0.12958836555480957
HOTEL:biwi_hotel:356:16130,0.48729515075683594,0.34961843490600586,0.13767671585083008,0.8607650399208069,0.6326237320899963,0.22814130783081055
HOTEL:biwi_hotel:356:16140,0.5273203253746033,0.2654864490032196,0.26183387637138367,0.8333103060722351,0.3280506134033203,0.5052596926689148
HOTEL:biwi_hotel:356:16150,0.5811607837677002,0.8827648162841797,-0.3016040325164795,0.8424188494682312,1.5205390453338623,-0.6781201958656311
HOTEL:biwi_hotel:356:16160,0.19562141597270966,0.16544921696186066,0.030172199010849,0.21384881436824799,0.11505256593227386,0.09879624843597412
HOTEL:biwi_hotel:356:16170,0.23826919496059418,0.3285796642303467,-0.0903104692697525,0.28416508436203003,0.5040627121925354,-0.21989762783050537
HOTEL:biwi_hotel:356:16180,0.29743075370788574,0.4248404800891876,-0.12740972638130188,0.4556298851966858,0.6908307671546936,-0.2352008819580078
HOTEL:biwi_hotel:356:16190,0.10283740609884262,0.1814538687467575,-0.07861646264791489,0.19008295238018036,0.31481900811195374,-0.12473605573177338
HOTEL:biwi_hotel:356:16200,0.2056618481874466,0.19724291563034058,0.008418932557106018,0.3784390687942505,0.3696892559528351,0.008749812841415405
HOTEL:biwi_hotel:356:16210,0.22339417040348053,0.04192053899168968,0.18147363141179085,0.28888487815856934,0.035305920988321304,0.25357895717024803
HOTEL:biwi_hotel:356:16220,0.3001043498516083,0.0489148385822773,0.251189511269331,0.4084485173225403,0.03632030636072159,0.3721282109618187
HOTEL:biwi_hotel:356:16230,0.08173034340143204,0.1817803531885147,-0.10005000978708267,0.0822761133313179,0.3370249271392822,-0.2547488138079643
HOTEL:biwi_hotel:356:16240,0.2619728147983551,0.14980389177799225,0.11216892302036285,0.4741264581680298,0.2776143252849579,0.1965121328830719
HOTEL:biwi_hotel:356:16250,0.23825813829898834,0.053686123341321945,0.1845720149576664,0.45213252305984497,0.08998417109251022,0.36214835196733475
HOTEL:biwi_hotel:356:16260,0.2231551855802536,0.20321394503116608,0.019941240549087524,0.3535892069339752,0.3430503010749817,0.01053890585899353
HOTEL:biwi_hotel:356:16270,0.15278466045856476,0.036967288702726364,0.1158173717558384,0.28724005818367004,0.0380534827709198,0.24918657541275024
HOTEL:biwi_hotel:356:16280,0.08777547627687454,0.21119149029254913,-0.12341601401567459,0.11203670501708984,0.29257628321647644,-0.1805395781993866
HOTEL:biwi_hotel:356:16290,0.31307968497276306,0.1442563533782959,0.16882333159446716,0.5404044985771179,0.2788572311401367,0.2615472674369812
HOTEL:biwi_hotel:356:16300,0.415643572807312,0.41309988498687744,0.0025436878204345703,0.741287887096405,0.8009441494941711,-0.05965626239776611
HOTEL:biwi_hotel:356:16310,0.02838984690606594,0.07408089935779572,-0.045691052451729774,0.007387579884380102,0.12296105176210403,-0.11557347187772393
HOTEL:biwi_hotel:356:16320,0.11513911932706833,0.048546794801950455,0.06659232452511787,0.19546954333782196,0.07993733137845993,0.11553221195936203
HOTEL:biwi_hotel:356:16330,0.07172364741563797,0.11511540412902832,-0.04339175671339035,0.09538466483354568,0.20126932859420776,-0.10588466376066208
HOTEL:biwi_hotel:356:16340,0.4105062782764435,0.05722075700759888,0.3532855212688446,0.5694840550422668,0.020342513918876648,0.5491415411233902
HOTEL:biwi_hotel:356:16350,0.33288809657096863,0.04837745800614357,0.28451063856482506,0.7116950750350952,0.12960343062877655,0.5820916444063187
HOTEL:biwi_hotel:356:16360,0.06935617327690125,0.2871815264225006,-0.21782535314559937,0.22224292159080505,0.4001617431640625,-0.17791882157325745
HOTEL:biwi_hotel:356:16370,0.10424036532640457,0.1117238700389862,-0.0074835047125816345,0.3558332920074463,0.33631929755210876,0.019513994455337524
HOTEL:biwi_hotel:356:16380,0.11285539716482162,0.11427179723978043,-0.0014164000749588013,0.4694618880748749,0.28555622696876526,0.18390566110610962
HOTEL:biwi_hotel:356:16390,0.3616734445095062,0.33635807037353516,0.02531537413597107,0.6447292566299438,0.4795041084289551,0.16522514820098877
HOTEL:biwi_hotel:358:15900,1.8190850019454956,3.621803045272827,-1.8027180433273315,3.4857897758483887,6.560863971710205,-3.0750741958618164
HOTEL:biwi_hotel:358:15910,1.7807403802871704,3.594895124435425,-1.8141547441482544,3.3979108333587646,6.487800121307373,-3.0898892879486084
HOTEL:biwi_hotel:359:15910,1.8461381196975708,3.619612455368042,-1.7734743356704712,3.6041157245635986,6.640401363372803,-3.036285638809204
HOTEL:biwi_hotel:361:15950,0.04113364964723587,0.023230919614434242,0.017902730032801628,0.06073137745261192,0.055337175726890564,0.005394201725721359
HOTEL:biwi_hotel:361:15960,0.041146937757730484,0.023230919614434242,0.017916018143296242,0.06073750555515289,0.055337175726890564,0.005400329828262329
HOTEL:biwi_hotel:361:15970,0.04110553115606308,0.023230919614434242,0.017874611541628838,0.06070947274565697,0.055337175726890564,0.005372297018766403
HOTEL:biwi_hotel:361:15980,0.04110553115606308,0.023230919614434242,0.017874611541628838,0.06070947274565697,0.055337175726890564,0.005372297018766403
HOTEL:biwi_hotel:361:15990,0.04110553115606308,0.023230919614434242,0.017874611541628838,0.06070947274565697,0.055337175726890564,0.005372297018766403
HOTEL:biwi_hotel:361:16000,0.04110553115606308,0.023230919614434242,0.017874611541628838,0.06070947274565697,0.055337175726890564,0.005372297018766403
HOTEL:biwi_hotel:361:16010,0.04110553115606308,0.023230919614434242,0.017874611541628838,0.06070947274565697,0.055337175726890564,0.005372297018766403
HOTEL:biwi_hotel:361:16020,0.04110553115606308,0.023230919614434242,0.017874611541628838,0.06070947274565697,0.055337175726890564,0.005372297018766403
HOTEL:biwi_hotel:361:16030,0.04110553115606308,0.023230919614434242,0.017874611541628838,0.06070947274565697,0.055337175726890564,0.005372297018766403
HOTEL:biwi_hotel:361:16040,0.04110553115606308,0.023230919614434242,0.017874611541628838,0.06070947274565697,0.055337175726890564,0.005372297018766403
HOTEL:biwi_hotel:361:16050,0.04110553115606308,0.023230919614434242,0.017874611541628838,0.06070947274565697,0.055337175726890564,0.005372297018766403
HOTEL:biwi_hotel:361:16060,0.04110553115606308,0.023230919614434242,0.017874611541628838,0.06070947274565697,0.055337175726890564,0.005372297018766403
HOTEL:biwi_hotel:361:16070,0.04716964066028595,0.02569371461868286,0.02147592604160309,0.1334787756204605,0.0848907083272934,0.048588067293167114
HOTEL:biwi_hotel:361:16080,0.053627219051122665,0.02932898700237274,0.024298232048749924,0.140661358833313,0.07882190495729446,0.061839453876018524
HOTEL:biwi_hotel:361:16090,0.052868377417325974,0.030286291614174843,0.02258208580315113,0.05227246880531311,0.040974363684654236,0.011298105120658875
HOTEL:biwi_hotel:361:16100,0.05578550323843956,0.03643714264035225,0.01934836059808731,0.07949109375476837,0.11529477685689926,-0.03580368310213089
HOTEL:biwi_hotel:361:16110,0.06352870166301727,0.04605427756905556,0.017474424093961716,0.1270626038312912,0.16326335072517395,-0.03620074689388275
HOTEL:biwi_hotel:361:16120,0.0779392346739769,0.05673893913626671,0.02120029553771019,0.2027401626110077,0.12579290568828583,0.07694725692272186
HOTEL:biwi_hotel:361:16130,0.09905191510915756,0.07577832788228989,0.023273587226867676,0.279984712600708,0.19150523841381073,0.08847947418689728
HOTEL:biwi_hotel:361:16140,0.11471941322088242,0.09045064449310303,0.02426876872777939,0.210377499461174,0.12636695802211761,0.0840105414390564
HOTEL:biwi_hotel:361:16150,0.13019420206546783,0.10464673489332199,0.025547467172145844,0.1977939009666443,0.1153997853398323,0.08239411562681198
HOTEL:biwi_hotel:361:16160,0.14513903856277466,0.11563185602426529,0.02950718253850937,0.1977939009666443,0.1153997853398323,0.08239411562681198
HOTEL:biwi_hotel:361:16170,0.16029410064220428,0.1284552812576294,0.03183881938457489,0.1977939009666443,0.1153997853398323,0.08239411562681198
HOTEL:biwi_hotel:361:16180,0.1744467169046402,0.14481286704540253,0.02963384985923767,0.1977939009666443,0.11549539119005203,0.08229850977659225
HOTEL:biwi_hotel:361:16190,0.3267684280872345,0.0884372815489769,0.2383311465382576,0.4799865484237671,0.032723568379879,0.4472629800438881
HOTEL:biwi_hotel:361:16200,0.15327058732509613,0.22896380722522736,-0.07569321990013123,0.2473427802324295,0.2614799439907074,-0.014137163758277893
HOTEL:biwi_hotel:361:16210,0.39465591311454773,0.239237442612648,0.15541847050189972,0.6283583045005798,0.3394468128681183,0.28891149163246155
HOTEL:biwi_hotel:361:16220,0.5974686741828918,0.19213789701461792,0.4053307771682739,0.9114014506340027,0.2156379669904709,0.6957634836435318
HOTEL:biwi_hotel:361:16230,0.4425518810749054,0.21926821768283844,0.22328366339206696,0.6234861016273499,0.22222797572612762,0.40125812590122223
HOTEL:biwi_hotel:361:16240,1.0188149213790894,0.8739871978759766,0.1448277235031128,1.7749783992767334,1.511576533317566,0.2634018659591675
HOTEL:biwi_hotel:361:16250,0.4535197913646698,0.08364931493997574,0.36987047642469406,0.7028669714927673,0.17451666295528412,0.5283503085374832
HOTEL:biwi_hotel:361:16260,0.31526094675064087,0.48620161414146423,-0.17094066739082336,0.6214480996131897,0.8894246220588684,-0.2679765224456787
HOTEL:biwi_hotel:361:16270,0.23293650150299072,0.23636536300182343,-0.0034288614988327026,0.4518885910511017,0.49319547414779663,-0.041306883096694946
HOTEL:biwi_hotel:361:16280,0.284172385931015,0.3171224296092987,-0.03295004367828369,0.5582060813903809,0.6007416844367981,-0.042535603046417236
HOTEL:biwi_hotel:361:16290,0.16315825283527374,0.25668683648109436,-0.09352858364582062,0.3168892562389374,0.5240711569786072,-0.2071819007396698
HOTEL:biwi_hotel:361:16300,0.03604433313012123,0.06954888254404068,-0.03350454941391945,0.05825239047408104,0.18250912427902222,-0.12425673380494118
HOTEL:biwi_hotel:361:16310,0.05212368443608284,0.04698081687092781,0.005142867565155029,0.13561928272247314,0.03769360110163689,0.09792568162083626
HOTEL:biwi_hotel:361:16320,0.1723233461380005,0.100253164768219,0.0720701813697815,0.39589107036590576,0.10179372131824493,0.2940973490476608
HOTEL:biwi_hotel:361:16330,0.05309034511446953,0.07467187941074371,-0.021581534296274185,0.028565308079123497,0.07870383560657501,-0.050138527527451515
HOTEL:biwi_hotel:361:16340,0.07815178483724594,0.06487495452165604,0.013276830315589905,0.06085256114602089,0.05533935874700546,0.005513202399015427
HOTEL:biwi_hotel:361:16350,0.07902596890926361,0.06419910490512848,0.014826864004135132,0.06070947274565697,0.055337175726890564,0.005372297018766403
HOTEL:biwi_hotel:361:16360,0.08039018511772156,0.064991794526577,0.015398390591144562,0.06070947274565697,0.055337175726890564,0.005372297018766403
HOTEL:biwi_hotel:361:16370,1.0284305810928345,0.7887216210365295,0.23970896005630493,1.6651637554168701,1.338783860206604,0.3263798952102661
HOTEL:biwi_hotel:361:16380,0.5003620386123657,0.1224900558590889,0.3778719827532768,0.8836579322814941,0.1912917047739029,0.6923662275075912
HOTEL:biwi_hotel:361:16390,0.5596168637275696,0.13041828572750092,0.42919857800006866,0.8552799820899963,0.16148164868354797,0.6937983334064484
HOTEL:biwi_hotel:361:16400,0.17306683957576752,0.375232458114624,-0.2021656185388565,0.3328250050544739,0.6671091914176941,-0.3342841863632202
HOTEL:biwi_hotel:361:16410,0.4650380313396454,0.2415468543767929,0.22349117696285248,0.7008678317070007,0.3748842775821686,0.32598355412483215
HOTEL:biwi_hotel:361:16420,0.3400517404079437,0.342733770608902,-0.002682030200958252,0.46847525238990784,0.4923466742038727,-0.023871421813964844
HOTEL:biwi_hotel:361:16430,0.2868122160434723,0.4798002541065216,-0.19298803806304932,0.5470080375671387,0.883027970790863,-0.33601993322372437
HOTEL:biwi_hotel:361:16440,0.07778114825487137,0.35720983147621155,-0.2794286832213402,0.16509747505187988,0.6869325637817383,-0.5218350887298584
HOTEL:biwi_hotel:361:16450,0.11560049653053284,0.10187787562608719,0.013722620904445648,0.21025218069553375,0.17948618531227112,0.030765995383262634
HOTEL:biwi_hotel:361:16460,0.07626298069953918,0.0747978612780571,0.0014651194214820862,0.12838125228881836,0.13200567662715912,-0.0036244243383407593
HOTEL:biwi_hotel:361:16470,0.1706983596086502,0.14845579862594604,0.022242560982704163,0.32192596793174744,0.26075848937034607,0.06116747856140137
HOTEL:biwi_hotel:361:16480,0.21371828019618988,0.05848291516304016,0.15523536503314972,0.3574526906013489,0.08787712454795837,0.2695755660533905
HOTEL:biwi_hotel:361:16490,0.20024310052394867,0.11334466189146042,0.08689843863248825,0.33739301562309265,0.1469143182039261,0.19047869741916656
HOTEL:biwi_hotel:361:16500,0.026187961921095848,0.053675729781389236,-0.02748776786029339,0.06624297797679901,0.15414400398731232,-0.0879010260105133
HOTEL:biwi_hotel:361:16510,0.06502364575862885,0.030209092423319817,0.03481455333530903,0.12595705687999725,0.03720946982502937,0.08874758705496788
HOTEL:biwi_hotel:361:16520,0.06888147443532944,0.036508526653051376,0.03237294778227806,0.09188354015350342,0.03699174150824547,0.05489179864525795
HOTEL:biwi_hotel:361:16530,0.07459114491939545,0.05122026801109314,0.023370876908302307,0.11914519965648651,0.1592942178249359,-0.0401490181684494
HOTEL:biwi_hotel:361:16540,0.08420613408088684,0.07185503095388412,0.012351103127002716,0.18807198107242584,0.23957675695419312,-0.05150477588176727
HOTEL:biwi_hotel:361:16550,0.0945933386683464,0.09106925129890442,0.003524087369441986,0.19668902456760406,0.24928726255893707,-0.05259823799133301
HOTEL:biwi_hotel:361:16560,0.1049344539642334,0.10690408200025558,-0.0019696280360221863,0.19668902456760406,0.24922147393226624,-0.05253244936466217
HOTEL:biwi_hotel:361:16570,0.12556816637516022,0.12869198620319366,-0.0031238198280334473,0.32292553782463074,0.3347252905368805,-0.011799752712249756
HOTEL:biwi_hotel:361:16580,0.1451411098241806,0.1550983190536499,-0.0099572092294693,0.3241165578365326,0.3527510464191437,-0.028634488582611084
HOTEL:biwi_hotel:361:16590,0.16845805943012238,0.1793081909418106,-0.010850131511688232,0.37363719940185547,0.3994474411010742,-0.02581024169921875
HOTEL:biwi_hotel:361:16600,0.6817819476127625,0.8353347778320312,-0.1535528302192688,1.4042075872421265,1.7455559968948364,-0.34134840965270996
HOTEL:biwi_hotel:361:16610,0.3436547815799713,0.3399233818054199,0.0037313997745513916,0.9909539818763733,0.9961954355239868,-0.005241453647613525
HOTEL:biwi_hotel:361:16620,0.2951970398426056,0.3067837655544281,-0.01158672571182251,0.6062754392623901,0.6687737107276917,-0.062498271465301514
HOTEL:biwi_hotel:362:16010,0.95469069480896,3.8563709259033203,-2.9016802310943604,2.145622491836548,7.088853359222412,-4.943230867385864
HOTEL:biwi_hotel:362:16020,1.182613492012024,3.86627459526062,-2.683661103248596,2.828470230102539,7.143856525421143,-4.3153862953186035
HOTEL:biwi_hotel:362:16030,1.2046198844909668,3.8738906383514404,-2.6692707538604736,2.883753538131714,7.215272426605225,-4.331518888473511
HOTEL:biwi_hotel:363:16010,1.1500061750411987,3.8973381519317627,-2.747331976890564,2.7209298610687256,7.1544599533081055,-4.43353009223938
HOTEL:biwi_hotel:363:16020,1.232549786567688,3.940201997756958,-2.70765221118927,2.860400676727295,7.1881818771362305,-4.3277812004089355
HOTEL:biwi_hotel:363:16030,0.5079777836799622,3.9772021770477295,-3.4692243933677673,1.4141643047332764,7.2795915603637695,-5.865427255630493
HOTEL:biwi_hotel:365:16040,1.5607014894485474,4.12794303894043,-2.5672415494918823,3.5515694618225098,7.763315677642822,-4.2117462158203125
HOTEL:biwi_hotel:365:16050,1.844189167022705,4.344282150268555,-2.5000929832458496,3.434671640396118,7.987984657287598,-4.5533130168914795
HOTEL:biwi_hotel:365:16060,2.2010419368743896,4.578872203826904,-2.3778302669525146,4.575918197631836,8.463274955749512,-3.887356758117676
HOTEL:biwi_hotel:365:16070,0.9398024678230286,4.230696678161621,-3.2908942103385925,2.5359482765197754,7.886083126068115,-5.35013484954834
HOTEL:biwi_hotel:366:16040,0.574178159236908,3.956169843673706,-3.381991684436798,1.3881605863571167,7.607609272003174,-6.219448685646057
HOTEL:biwi_hotel:366:16050,2.4233410358428955,4.386409282684326,-1.9630682468414307,5.128381729125977,8.279075622558594,-3.150693893432617
HOTEL:biwi_hotel:366:16060,1.4228860139846802,4.158192157745361,-2.735306143760681,3.488067150115967,7.911057949066162,-4.422990798950195
HOTEL:biwi_hotel:366:16070,1.1772674322128296,4.244806289672852,-3.067538857460022,3.086226224899292,7.980703830718994,-4.894477605819702
HOTEL:biwi_hotel:369:16120,0.041105542331933975,0.02323094569146633,0.017874596640467644,0.060709696263074875,0.055337175726890564,0.005372520536184311
HOTEL:biwi_hotel:369:16130,0.041105542331933975,0.02323094569146633,0.017874596640467644,0.060709696263074875,0.055337175726890564,0.005372520536184311
HOTEL:biwi_hotel:369:16140,0.042512137442827225,0.02526126056909561,0.017250876873731613,0.07758884131908417,0.07970096915960312,-0.0021121278405189514
HOTEL:biwi_hotel:369:16150,0.04352060332894325,0.029151298105716705,0.014369305223226547,0.08031807839870453,0.0987207219004631,-0.018402643501758575
HOTEL:biwi_hotel:369:16160,0.04508514329791069,0.03393351286649704,0.01115163043141365,0.09283412247896194,0.11131396144628525,-0.018479838967323303
HOTEL:biwi_hotel:369:16170,0.045209769159555435,0.040743064135313034,0.004466705024242401,0.07718697935342789,0.13486334681510925,-0.057676367461681366
HOTEL:biwi_hotel:369:16180,0.044679224491119385,0.04463471844792366,4.450604319572449e-05,0.07718697935342789,0.13476651906967163,-0.057579539716243744
HOTEL:biwi_hotel:369:16190,0.04403233900666237,0.05087655782699585,-0.006844218820333481,0.07718697935342789,0.13470220565795898,-0.0575152263045311
HOTEL:biwi_hotel:369:16200,0.04260052740573883,0.0541033111512661,-0.011502783745527267,0.07718697935342789,0.13457709550857544,-0.05739011615514755
HOTEL:biwi_hotel:369:16210,0.04192886874079704,0.05745291709899902,-0.01552404835820198,0.07893198728561401,0.11620049923658371,-0.037268511950969696
HOTEL:biwi_hotel:369:16220,0.041290994733572006,0.0599999874830246,-0.01870899274945259,0.07893198728561401,0.11639123409986496,-0.037459246814250946
HOTEL:biwi_hotel:369:16230,0.04220401123166084,0.061671968549489975,-0.019467957317829132,0.07892102003097534,0.1165684387087822,-0.037647418677806854
HOTEL:biwi_hotel:369:16240,0.03832848742604256,0.06157584860920906,-0.023247361183166504,0.009572051465511322,0.08388640731573105,-0.07431435585021973
HOTEL:biwi_hotel:369:16250,0.04676861688494682,0.07006794214248657,-0.02329932525753975,0.11009126901626587,0.19961880147457123,-0.08952753245830536
HOTEL:biwi_hotel:369:16260,0.27036887407302856,0.08980091661214828,0.18056795746088028,0.498320072889328,0.1858339160680771,0.3124861568212509
HOTEL:biwi_hotel:369:16270,0.19299356639385223,0.0792013630270958,0.11379220336675644,0.4278383255004883,0.20853090286254883,0.21930742263793945
HOTEL:biwi_hotel:369:16280,0.16664843261241913,0.11807239800691605,0.04857603460550308,0.3606489300727844,0.25828346610069275,0.10236546397209167
HOTEL:biwi_hotel:369:16290,0.40729841589927673,0.19937139749526978,0.20792701840400696,0.6932125091552734,0.3522488474845886,0.3409636616706848
HOTEL:biwi_hotel:369:16300,0.16534802317619324,0.11240720003843307,0.05294082313776016,0.23081712424755096,0.1670970767736435,0.06372004747390747
HOTEL:biwi_hotel:369:16310,0.11775597929954529,0.10652607679367065,0.011229902505874634,0.13059094548225403,0.227023646235466,-0.09643270075321198
HOTEL:biwi_hotel:369:16320,0.19508421421051025,0.14088478684425354,0.054199427366256714,0.29213812947273254,0.15280474722385406,0.13933338224887848
HOTEL:biwi_hotel:369:16330,0.23826707899570465,0.37821757793426514,-0.13995049893856049,0.31134653091430664,0.6073585152626038,-0.2960119843482971
HOTEL:biwi_hotel:369:16340,0.2019902467727661,0.13963358104228973,0.06235666573047638,0.38028740882873535,0.1727743297815323,0.20751307904720306
HOTEL:biwi_hotel:369:16350,0.1397002786397934,0.1893053650856018,-0.04960508644580841,0.0990147665143013,0.19400708377361298,-0.09499231725931168
HOTEL:biwi_hotel:369:16360,0.627758800983429,0.4004582464694977,0.22730055451393127,1.048285722732544,0.6966222524642944,0.3516634702682495
HOTEL:biwi_hotel:369:16370,0.6366222500801086,0.7676871418952942,-0.13106489181518555,1.123637318611145,1.3307503461837769,-0.20711302757263184
HOTEL:biwi_hotel:369:16380,0.43928465247154236,0.24007107317447662,0.19921357929706573,0.7325102686882019,0.3510267734527588,0.3814834952354431
HOTEL:biwi_hotel:369:16390,0.7942419052124023,0.5893664956092834,0.2048754096031189,1.3497291803359985,1.0203849077224731,0.3293442726135254
HOTEL:biwi_hotel:369:16400,0.09463125467300415,0.10540226101875305,-0.010771006345748901,0.13995647430419922,0.16211262345314026,-0.02215614914894104
HOTEL:biwi_hotel:369:16410,0.3254576027393341,0.7627242207527161,-0.43726661801338196,0.7014398574829102,1.5115422010421753,-0.8101023435592651
HOTEL:biwi_hotel:369:16420,0.20971699059009552,0.08340305089950562,0.1263139396905899,0.35651853680610657,0.09492532163858414,0.26159321516752243
HOTEL:biwi_hotel:369:16430,0.23232483863830566,0.09656423330307007,0.1357606053352356,0.33423325419425964,0.07749725878238678,0.25673599541187286
HOTEL:biwi_hotel:369:16440,0.5358268022537231,0.7004258632659912,-0.16459906101226807,0.7308745980262756,1.0614538192749023,-0.3305792212486267
HOTEL:biwi_hotel:369:16450,0.10003412514925003,0.1194809302687645,-0.019446805119514465,0.011627529747784138,0.05369597673416138,-0.04206844698637724
HOTEL:biwi_hotel:369:16460,0.5530945658683777,0.7134871482849121,-0.16039258241653442,1.087444543838501,1.3950377702713013,-0.3075932264328003
HOTEL:biwi_hotel:369:16470,0.33289578557014465,0.2612823247909546,0.07161346077919006,0.5186377167701721,0.42602622509002686,0.09261149168014526
HOTEL:biwi_hotel:369:16480,0.3730207681655884,0.15982066094875336,0.21320010721683502,0.6503649353981018,0.21998277306556702,0.4303821623325348
HOTEL:biwi_hotel:369:16490,0.15233848989009857,0.16673684120178223,-0.014398351311683655,0.2646383047103882,0.25785309076309204,0.006785213947296143
HOTEL:biwi_hotel:369:16500,0.08704663068056107,0.06409772485494614,0.02294890582561493,0.14209063351154327,0.06278093159198761,0.07930970191955566
HOTEL:biwi_hotel:369:16510,0.15973179042339325,0.25949615240097046,-0.09976436197757721,0.18838204443454742,0.3825956881046295,-0.1942136436700821
HOTEL:biwi_hotel:369:16520,0.15210269391536713,0.2159206122159958,-0.06381791830062866,0.3021519184112549,0.26618725061416626,0.03596466779708862
HOTEL:biwi_hotel:369:16530,0.5929310917854309,0.638669490814209,-0.045738399028778076,1.046592354774475,1.156799077987671,-0.1102067232131958
HOTEL:biwi_hotel:369:16540,1.0215842723846436,0.7075569033622742,0.3140273690223694,1.8704253435134888,1.3227291107177734,0.5476962327957153
HOTEL:biwi_hotel:369:16550,0.11165247112512589,0.35841870307922363,-0.24676623195409775,0.14879459142684937,0.5855535268783569,-0.43675893545150757
HOTEL:biwi_hotel:369:16560,0.6466792225837708,0.5574465990066528,0.08923262357711792,1.0021812915802002,0.903221607208252,0.09895968437194824
HOTEL:biwi_hotel:369:16570,0.1373312622308731,0.1932307928800583,-0.05589953064918518,0.3326762318611145,0.39914238452911377,-0.06646615266799927
HOTEL:biwi_hotel:369:16580,0.12254664301872253,0.3155987858772278,-0.19305214285850525,0.25580883026123047,0.6022865176200867,-0.3464776873588562
HOTEL:biwi_hotel:369:16590,0.39948952198028564,0.6644037961959839,-0.26491427421569824,0.625271737575531,1.0247069597244263,-0.39943522214889526
HOTEL:biwi_hotel:371:16120,0.041105542331933975,0.02323094569146633,0.017874596640467644,0.060709696263074875,0.055337175726890564,0.005372520536184311
HOTEL:biwi_hotel:371:16130,0.041105542331933975,0.02323094569146633,0.017874596640467644,0.060709696263074875,0.055337175726890564,0.005372520536184311
HOTEL:biwi_hotel:371:16140,0.041105542331933975,0.02323094569146633,0.017874596640467644,0.060709696263074875,0.055337175726890564,0.005372520536184311
HOTEL:biwi_hotel:371:16150,0.04090635105967522,0.024057911708950996,0.01684843935072422,0.05831937491893768,0.06526079028844833,-0.006941415369510651
HOTEL:biwi_hotel:371:16160,0.04045840725302696,0.0264608021825552,0.013997605070471764,0.05858423933386803,0.08516164869070053,-0.026577409356832504
HOTEL:biwi_hotel:371:16170,0.039232369512319565,0.030401654541492462,0.008830714970827103,0.056669000536203384,0.10487035661935806,-0.04820135608315468
HOTEL:biwi_hotel:371:16180,0.03795509412884712,0.03481295704841614,0.0031421370804309845,0.06266467273235321,0.11477088183164597,-0.052106209099292755
HOTEL:biwi_hotel:371:16190,0.03654898330569267,0.038373228162527084,-0.0018242448568344116,0.06266467273235321,0.1147066205739975,-0.05204194784164429
HOTEL:biwi_hotel:371:16200,0.04229980334639549,0.05306442081928253,-0.01076461747288704,0.15097185969352722,0.2385796755552292,-0.08760781586170197
HOTEL:biwi_hotel:371:16210,0.04655847325921059,0.06355506926774979,-0.0169965960085392,0.11640221625566483,0.20327918231487274,-0.08687696605920792
HOTEL:biwi_hotel:371:16220,0.045651257038116455,0.06395331770181656,-0.018302060663700104,0.04922866448760033,0.1172664687037468,-0.06803780421614647
HOTEL:biwi_hotel:371:16230,0.04447832331061363,0.06876108050346375,-0.024282757192850113,0.06264408677816391,0.11528055369853973,-0.052636466920375824
HOTEL:biwi_hotel:371:16240,0.04025092348456383,0.07086977362632751,-0.030618850141763687,0.009572109207510948,0.08388635516166687,-0.07431424595415592
HOTEL:biwi_hotel:371:16250,0.04761284217238426,0.0724555030465126,-0.02484266087412834,0.08686917275190353,0.10270150005817413,-0.0158323273062706
HOTEL:biwi_hotel:371:16260,0.05885589122772217,0.0742432177066803,-0.01538732647895813,0.09500250220298767,0.10271722823381424,-0.007714726030826569
HOTEL:biwi_hotel:371:16270,0.08498095721006393,0.08134225755929947,0.0036386996507644653,0.14011640846729279,0.1441945731639862,-0.00407816469669342
HOTEL:biwi_hotel:371:16280,0.21766163408756256,0.09198737889528275,0.12567425519227982,0.4144439697265625,0.15010590851306915,0.26433806121349335
HOTEL:biwi_hotel:371:16290,0.20665526390075684,0.11590990424156189,0.09074535965919495,0.370034396648407,0.17563152313232422,0.19440287351608276
HOTEL:biwi_hotel:371:16300,0.15014460682868958,0.15372341871261597,-0.0035788118839263916,0.15777118504047394,0.16498242318630219,-0.007211238145828247
HOTEL:biwi_hotel:371:16310,0.1338355988264084,0.13165493309497833,0.0021806657314300537,0.17057114839553833,0.17200413346290588,-0.0014329850673675537
HOTEL:biwi_hotel:371:16320,0.9099010825157166,0.2560247778892517,0.6538763046264648,1.4322346448898315,0.39592188596725464,1.036312758922577
HOTEL:biwi_hotel:371:16330,0.24133537709712982,0.17065000534057617,0.07068537175655365,0.3444051146507263,0.21060168743133545,0.13380342721939087
HOTEL:biwi_hotel:371:16340,0.2501350939273834,0.5067241787910461,-0.2565890848636627,0.3978732228279114,0.8604097962379456,-0.4625365734100342
HOTEL:biwi_hotel:371:16350,0.15547902882099152,0.18446801602840424,-0.02898898720741272,0.17705316841602325,0.24050721526145935,-0.0634540468454361
HOTEL:biwi_hotel:371:16360,0.22006817162036896,0.051943790167570114,0.16812438145279884,0.37535014748573303,0.05153530463576317,0.32381484284996986
HOTEL:biwi_hotel:371:16370,0.44371071457862854,0.31461265683174133,0.1290980577468872,0.6947185397148132,0.5439369678497314,0.1507815718650818
HOTEL:biwi_hotel:371:16380,0.1823229342699051,0.08065701276063919,0.1016659215092659,0.33798572421073914,0.14896903932094574,0.1890166848897934
HOTEL:biwi_hotel:371:16390,0.1047641932964325,0.05879364535212517,0.04597054794430733,0.1706041544675827,0.10116622596979141,0.06943792849779129
HOTEL:biwi_hotel:371:16400,0.05523461103439331,0.034512121230363846,0.020722489804029465,0.11106786876916885,0.05635090544819832,0.054716963320970535
HOTEL:biwi_hotel:371:16410,0.0852639451622963,0.08281532675027847,0.0024486184120178223,0.1429765820503235,0.14901325106620789,-0.006036669015884399
HOTEL:biwi_hotel:371:16420,0.3370043933391571,0.4955892264842987,-0.1585848331451416,0.4606062173843384,0.8014189004898071,-0.34081268310546875
HOTEL:biwi_hotel:371:16430,0.48301613330841064,0.1408795863389969,0.34213654696941376,0.8496025800704956,0.24921965599060059,0.600382924079895
HOTEL:biwi_hotel:371:16440,0.20740370452404022,0.07619838416576385,0.13120532035827637,0.38623133301734924,0.0956856831908226,0.29054564982652664
HOTEL:biwi_hotel:371:16450,0.1685665100812912,0.05347076430916786,0.11509574577212334,0.30283287167549133,0.059100355952978134,0.2437325157225132
HOTEL:biwi_hotel:371:16460,0.19997639954090118,0.1275995671749115,0.07237683236598969,0.3623861074447632,0.2191735804080963,0.14321252703666687
HOTEL:biwi_hotel:371:16470,0.16841436922550201,0.0713755190372467,0.09703885018825531,0.3184750974178314,0.13580337166786194,0.18267172574996948
HOTEL:biwi_hotel:371:16480,0.26954206824302673,0.12555527687072754,0.1439867913722992,0.5010970830917358,0.20590020716190338,0.29519687592983246
HOTEL:biwi_hotel:371:16490,0.11838549375534058,0.020908834412693977,0.0974766593426466,0.240448459982872,0.03924951329827309,0.20119894668459892
HOTEL:biwi_hotel:371:16500,0.02013855054974556,0.029694335535168648,-0.009555784985423088,0.03579690679907799,0.07227325439453125,-0.03647634759545326
HOTEL:biwi_hotel:371:16510,0.04401688650250435,0.026456808671355247,0.0175600778311491,0.060709696263074875,0.05533714219927788,0.005372554063796997
HOTEL:biwi_hotel:371:16520,0.045176103711128235,0.025984808802604675,0.01919129490852356,0.060709696263074875,0.05533714219927788,0.005372554063796997
HOTEL:biwi_hotel:371:16530,0.04577367380261421,0.027954226359725,0.017819447442889214,0.060709696263074875,0.05533714219927788,0.005372554063796997
HOTEL:biwi_hotel:371:16540,0.48363324999809265,0.522968053817749,-0.03933480381965637,0.83787602186203,0.9065081477165222,-0.06863212585449219
HOTEL:biwi_hotel:371:16550,0.40733638405799866,0.11138959974050522,0.29594678431749344,0.67463219165802,0.19720986485481262,0.4774223268032074
HOTEL:biwi_hotel:371:16560,0.3067634105682373,0.07746976613998413,0.22929364442825317,0.579586923122406,0.09825389832258224,0.48133302479982376
HOTEL:biwi_hotel:371:16570,0.19084058701992035,0.050657808780670166,0.14018277823925018,0.325208455324173,0.07977756857872009,0.24543088674545288
HOTEL:biwi_hotel:371:16580,0.2249418944120407,0.16721200942993164,0.05772988498210907,0.5745019316673279,0.47458213567733765,0.09991979598999023
HOTEL:biwi_hotel:371:16590,0.2094372659921646,0.09331805258989334,0.11611921340227127,0.43136927485466003,0.3092328608036041,0.12213641405105591
HOTEL:biwi_hotel:375:16160,1.423282504081726,3.6260287761688232,-2.202746272087097,3.0901153087615967,6.6459174156188965,-3.5558021068573
HOTEL:biwi_hotel:375:16170,1.6709980964660645,3.6659114360809326,-1.9949133396148682,3.62259840965271,6.779439926147461,-3.156841516494751
HOTEL:biwi_hotel:375:16180,0.6978009343147278,3.614800453186035,-2.9169995188713074,1.899924635887146,6.7013044357299805,-4.8013797998428345
HOTEL:biwi_hotel:375:16190,1.6778169870376587,3.832484245300293,-2.1546672582626343,3.6148123741149902,7.038555145263672,-3.4237427711486816
HOTEL:biwi_hotel:376:16160,1.558302879333496,3.65232253074646,-2.094019651412964,3.4848058223724365,6.820621967315674,-3.3358161449432373
HOTEL:biwi_hotel:376:16170,1.175101637840271,3.6096737384796143,-2.4345721006393433,2.9019227027893066,6.7178053855896,-3.815882682800293
HOTEL:biwi_hotel:376:16180,1.4924372434616089,3.6962080001831055,-2.2037707567214966,3.347949743270874,6.82705545425415,-3.4791057109832764
HOTEL:biwi_hotel:376:16190,1.4977635145187378,3.7547569274902344,-2.2569934129714966,3.344571590423584,6.923027038574219,-3.5784554481506348
HOTEL:biwi_hotel:377:16160,1.6363979578018188,3.729792833328247,-2.0933948755264282,3.596977949142456,6.966423511505127,-3.369445562362671
HOTEL:biwi_hotel:377:16170,1.3765820264816284,3.6759119033813477,-2.2993298768997192,3.218013048171997,6.874791145324707,-3.65677809715271
HOTEL:biwi_hotel:377:16180,1.0700689554214478,3.683948516845703,-2.6138795614242554,2.723402976989746,6.89598274230957,-4.172579765319824
HOTEL:biwi_hotel:378:16170,1.1745414733886719,1.6544017791748047,-0.4798603057861328,1.6355385780334473,2.4436445236206055,-0.8081059455871582
HOTEL:biwi_hotel:378:16180,1.141808032989502,1.520534873008728,-0.3787268400192261,2.007547378540039,2.5560264587402344,-0.5484790802001953
HOTEL:biwi_hotel:378:16190,0.7947704195976257,1.5068845748901367,-0.712114155292511,1.201411485671997,2.3879196643829346,-1.1865081787109375
HOTEL:biwi_hotel:378:16200,1.2055290937423706,1.4463777542114258,-0.24084866046905518,1.6917673349380493,2.06585955619812,-0.3740922212600708
HOTEL:biwi_hotel:378:16210,0.8723402619361877,0.9628117680549622,-0.09047150611877441,1.7555882930755615,1.5069726705551147,0.24861562252044678
HOTEL:biwi_hotel:380:16250,0.8872365355491638,3.7776002883911133,-2.8903637528419495,2.359511137008667,6.95065975189209,-4.591148614883423
HOTEL:biwi_hotel:380:16260,1.2060664892196655,3.8124377727508545,-2.606371283531189,2.8856351375579834,7.046693325042725,-4.161058187484741
HOTEL:biwi_hotel:380:16270,1.4158140420913696,3.875516891479492,-2.4597028493881226,3.2045459747314453,7.102386474609375,-3.8978404998779297
HOTEL:biwi_hotel:380:16280,1.37814462184906,3.8963911533355713,-2.5182465314865112,3.1633121967315674,7.2701826095581055,-4.106870412826538
HOTEL:biwi_hotel:380:16290,1.3309344053268433,3.909815788269043,-2.5788813829421997,2.9799678325653076,7.271839141845703,-4.2918713092803955
HOTEL:biwi_hotel:382:16290,1.4229680299758911,3.0574398040771484,-1.6344717741012573,2.872203826904297,5.672605514526367,-2.8004016876220703
HOTEL:biwi_hotel:382:16300,1.3201048374176025,3.009685754776001,-1.6895809173583984,2.7450449466705322,5.6525163650512695,-2.9074714183807373
HOTEL:biwi_hotel:382:16310,1.4137029647827148,3.0489540100097656,-1.6352510452270508,2.8562135696411133,5.674064636230469,-2.8178510665893555
HOTEL:biwi_hotel:382:16320,1.4185819625854492,3.138991117477417,-1.7204091548919678,2.821539878845215,5.794323921203613,-2.9727840423583984
HOTEL:biwi_hotel:382:16330,1.5093225240707397,3.138265371322632,-1.628942847251892,2.928163528442383,5.752727031707764,-2.824563503265381
HOTEL:biwi_hotel:382:16340,1.390066146850586,3.0131664276123047,-1.6231002807617188,2.704979658126831,5.500475883483887,-2.7954962253570557
HOTEL:biwi_hotel:382:16350,1.5279364585876465,3.059826612472534,-1.5318901538848877,2.90384840965271,5.534455299377441,-2.6306068897247314
HOTEL:biwi_hotel:382:16360,1.3898309469223022,3.010606527328491,-1.620775580406189,2.701603651046753,5.496573448181152,-2.7949697971343994
HOTEL:biwi_hotel:382:16370,1.3614040613174438,2.9979164600372314,-1.6365123987197876,2.6382532119750977,5.439564228057861,-2.8013110160827637
HOTEL:biwi_hotel:382:16380,1.3176417350769043,2.947453498840332,-1.6298117637634277,2.595839500427246,5.388908863067627,-2.793069362640381
HOTEL:biwi_hotel:382:16390,1.3850609064102173,2.956125497817993,-1.5710645914077759,2.7424123287200928,5.512824535369873,-2.7704122066497803
HOTEL:biwi_hotel:383:16290,1.6312764883041382,3.160878896713257,-1.5296024084091187,3.242011070251465,5.897374629974365,-2.6553635597229004
HOTEL:biwi_hotel:383:16300,1.4242101907730103,3.1361703872680664,-1.7119601964950562,2.866671085357666,5.830316066741943,-2.9636449813842773
HOTEL:biwi_hotel:383:16310,1.30135178565979,3.0472280979156494,-1.7458763122558594,2.5748817920684814,5.725958824157715,-3.1510770320892334
HOTEL:biwi_hotel:383:16320,1.9323762655258179,3.185715913772583,-1.2533396482467651,3.6359128952026367,5.803009033203125,-2.1670961380004883
HOTEL:biwi_hotel:383:16330,1.5661898851394653,3.1850216388702393,-1.618831753730774,2.9715895652770996,5.783940315246582,-2.8123507499694824
HOTEL:biwi_hotel:383:16340,1.504720687866211,3.183047294616699,-1.6783266067504883,2.871586799621582,5.7655463218688965,-2.8939595222473145
HOTEL:biwi_hotel:383:16350,1.3701776266098022,3.1402673721313477,-1.7700897455215454,2.6513171195983887,5.688002586364746,-3.0366854667663574
HOTEL:biwi_hotel:383:16360,1.3418909311294556,3.090871810913086,-1.7489808797836304,2.6260881423950195,5.6328558921813965,-3.006767749786377
HOTEL:biwi_hotel:383:16370,1.235235571861267,3.027758836746216,-1.7925232648849487,2.4929728507995605,5.543422222137451,-3.0504493713378906
HOTEL:biwi_hotel:383:16380,1.2810781002044678,2.9981629848480225,-1.7170848846435547,2.5284652709960938,5.468880653381348,-2.940415382385254
HOTEL:biwi_hotel:383:16390,1.7974697351455688,3.4082727432250977,-1.6108030080795288,3.413316488265991,6.202070713043213,-2.7887542247772217
HOTEL:biwi_hotel:385:16380,1.2403247356414795,4.489538669586182,-3.249213933944702,2.9609386920928955,8.284424781799316,-5.323486089706421
HOTEL:biwi_hotel:385:16390,1.3553624153137207,4.527914524078369,-3.1725521087646484,3.248230218887329,8.378301620483398,-5.130071401596069
HOTEL:biwi_hotel:386:16410,0.7599110007286072,0.36985039710998535,0.3900606036186218,1.7461432218551636,1.050071358680725,0.6960718631744385
HOTEL:biwi_hotel:386:16420,0.504162073135376,0.5529342293739319,-0.04877215623855591,1.2215802669525146,1.3757401704788208,-0.15415990352630615
HOTEL:biwi_hotel:386:16430,0.29098546504974365,0.322724848985672,-0.031739383935928345,0.7189129590988159,0.7787030339241028,-0.059790074825286865
HOTEL:biwi_hotel:386:16440,0.5071595311164856,0.5166935324668884,-0.009534001350402832,1.1536649465560913,1.1829164028167725,-0.029251456260681152
HOTEL:biwi_hotel:386:16450,1.2679539918899536,1.0201386213302612,0.24781537055969238,2.3870630264282227,1.9682743549346924,0.4187886714935303
HOTEL:biwi_hotel:386:16460,0.6311085820198059,0.7168627381324768,-0.0857541561126709,1.2295764684677124,1.363458514213562,-0.1338820457458496
HOTEL:biwi_hotel:386:16470,0.4129727780818939,0.32813605666160583,0.08483672142028809,0.7805343270301819,0.6603150963783264,0.12021923065185547
HOTEL:biwi_hotel:386:16480,0.26435360312461853,0.10997134447097778,0.15438225865364075,0.4785704016685486,0.1990441381931305,0.2795262634754181
HOTEL:biwi_hotel:386:16490,0.19400496780872345,0.05089334771037102,0.14311162009835243,0.36194443702697754,0.08837292343378067,0.27357151359319687
HOTEL:biwi_hotel:386:16500,0.05195998027920723,0.041766900569200516,0.010193079710006714,0.08066286146640778,0.17016951739788055,-0.08950665593147278
HOTEL:biwi_hotel:386:16510,0.20866094529628754,0.19878007471561432,0.009880870580673218,0.4969242215156555,0.4625111222267151,0.03441309928894043
HOTEL:biwi_hotel:388:16480,1.7155413627624512,3.753206968307495,-2.037665605545044,3.4091742038726807,6.861097812652588,-3.4519236087799072
HOTEL:biwi_hotel:388:16490,1.8176711797714233,3.804797887802124,-1.9871267080307007,3.626748561859131,7.047484874725342,-3.420736312866211
HOTEL:biwi_hotel:389:16480,1.8537883758544922,3.9501259326934814,-2.0963375568389893,3.633047103881836,7.180562973022461,-3.547515869140625
HOTEL:biwi_hotel:389:16490,1.7581523656845093,3.880122184753418,-2.1219698190689087,3.59427547454834,7.204902172088623,-3.610626697540283
HOTEL:biwi_hotel:38:1000,0.1461503803730011,0.1102459654211998,0.0359044149518013,0.14861595630645752,0.1122773289680481,0.036338627338409424
HOTEL:biwi_hotel:38:1010,0.16278472542762756,0.12268628925085068,0.040098436176776886,0.15793125331401825,0.10250253230333328,0.05542872101068497
HOTEL:biwi_hotel:38:1020,0.2520148456096649,0.34648582339286804,-0.09447097778320312,0.45711007714271545,0.6862752437591553,-0.22916516661643982
HOTEL:biwi_hotel:38:1030,0.37594664096832275,0.19153159856796265,0.1844150424003601,0.653322696685791,0.4454570710659027,0.2078656256198883
HOTEL:biwi_hotel:38:1040,0.31696540117263794,0.13922712206840515,0.1777382791042328,0.5180022120475769,0.2126152068376541,0.3053870052099228
HOTEL:biwi_hotel:38:1050,0.12034016847610474,0.0580117404460907,0.06232842803001404,0.2389039546251297,0.11659885942935944,0.12230509519577026
HOTEL:biwi_hotel:38:1060,0.17734424769878387,0.059954430907964706,0.11738981679081917,0.3730636537075043,0.08392827957868576,0.2891353741288185
HOTEL:biwi_hotel:38:1070,0.09495311230421066,0.06503208726644516,0.029921025037765503,0.2037278413772583,0.13254854083061218,0.07117930054664612
HOTEL:biwi_hotel:38:1080,0.10585533827543259,0.05362410843372345,0.05223122984170914,0.20677010715007782,0.09008960425853729,0.11668050289154053
HOTEL:biwi_hotel:38:1090,0.12876619398593903,0.05286836996674538,0.07589782401919365,0.27174803614616394,0.10772731155157089,0.16402072459459305
HOTEL:biwi_hotel:38:1100,0.0761183574795723,0.056341689079999924,0.019776668399572372,0.19558510184288025,0.13709226250648499,0.058492839336395264
HOTEL:biwi_hotel:38:1110,0.055795133113861084,0.08483948558568954,-0.02904435247182846,0.15036733448505402,0.22032731771469116,-0.06995998322963715
HOTEL:biwi_hotel:38:1120,0.08723036199808121,0.07499777525663376,0.012232586741447449,0.17038659751415253,0.15740619599819183,0.012980401515960693
HOTEL:biwi_hotel:38:1130,0.0918048545718193,0.08034420013427734,0.011460654437541962,0.10758726298809052,0.09432369470596313,0.01326356828212738
HOTEL:biwi_hotel:38:1140,0.8226874470710754,0.32863402366638184,0.4940534234046936,1.2746758460998535,0.5733431577682495,0.701332688331604
HOTEL:biwi_hotel:38:1150,0.776017963886261,0.6607604026794434,0.11525756120681763,1.294452428817749,1.1508378982543945,0.1436145305633545
HOTEL:biwi_hotel:38:1160,0.7618419528007507,0.25961747765541077,0.50222447514534,1.2890173196792603,0.3674065172672272,0.9216108024120331
HOTEL:biwi_hotel:38:1170,0.10247369855642319,0.08160717040300369,0.020866528153419495,0.1579703837633133,0.10718897730112076,0.050781406462192535
HOTEL:biwi_hotel:38:1180,0.16874046623706818,0.24699045717716217,-0.078249990940094,0.28590700030326843,0.4996868968009949,-0.21377989649772644
HOTEL:biwi_hotel:38:1190,0.12368977069854736,0.14976242184638977,-0.026072651147842407,0.13217288255691528,0.24905173480510712,-0.11687885224819183
HOTEL:biwi_hotel:38:1200,0.1861891895532608,0.1399695724248886,0.04621961712837219,0.33539947867393494,0.23432312905788422,0.10107634961605072
HOTEL:biwi_hotel:38:1210,0.25230273604393005,0.1926792412996292,0.05962349474430084,0.39792540669441223,0.3378630578517914,0.06006234884262085
HOTEL:biwi_hotel:38:1220,0.4674805700778961,0.28943443298339844,0.17804613709449768,0.7046335339546204,0.4934110641479492,0.21122246980667114
HOTEL:biwi_hotel:38:1230,0.3340989649295807,0.17215365171432495,0.16194531321525574,0.49511706829071045,0.21103139221668243,0.284085676074028
HOTEL:biwi_hotel:38:1240,0.19880276918411255,0.18488775193691254,0.013915017247200012,0.29259589314460754,0.21964623034000397,0.07294966280460358
HOTEL:biwi_hotel:38:1250,0.1812027096748352,0.09563907235860825,0.08556363731622696,0.33554431796073914,0.08551902323961258,0.25002529472112656
HOTEL:biwi_hotel:38:1260,0.3777522146701813,0.34682273864746094,0.030929476022720337,0.6154033541679382,0.6046997904777527,0.010703563690185547
HOTEL:biwi_hotel:38:1270,0.15618643164634705,0.23266983032226562,-0.07648339867591858,0.27308356761932373,0.40316158533096313,-0.1300780177116394
HOTEL:biwi_hotel:38:1280,0.07287049293518066,0.07738002389669418,-0.004509530961513519,0.14124098420143127,0.12415716052055359,0.017083823680877686
HOTEL:biwi_hotel:38:1290,0.07103703916072845,0.05426246300339699,0.016774576157331467,0.11514092236757278,0.07806901633739471,0.03707190603017807
HOTEL:biwi_hotel:38:1300,0.09413198381662369,0.06594293564558029,0.028189048171043396,0.153700053691864,0.10961839556694031,0.044081658124923706
HOTEL:biwi_hotel:38:1310,0.7615227103233337,0.17709951102733612,0.5844231992959976,1.1829324960708618,0.24859915673732758,0.9343333393335342
HOTEL:biwi_hotel:38:1320,0.07140722870826721,0.09802594035863876,-0.02661871165037155,0.17325939238071442,0.23552511632442474,-0.06226572394371033
HOTEL:biwi_hotel:38:1330,0.13380847871303558,0.2834397852420807,-0.1496313065290451,0.35923025012016296,0.38552340865135193,-0.026293158531188965
HOTEL:biwi_hotel:38:1340,0.08754073828458786,0.09937746077775955,-0.011836722493171692,0.3105563521385193,0.20287254452705383,0.10768380761146545
HOTEL:biwi_hotel:38:1350,0.1709420531988144,0.10317983478307724,0.06776221841573715,0.3319973051548004,0.24551987648010254,0.08647742867469788
HOTEL:biwi_hotel:38:1360,0.1737566739320755,0.12306772917509079,0.05068894475698471,0.36792004108428955,0.24397997558116913,0.12394006550312042
HOTEL:biwi_hotel:38:1370,0.3031807839870453,0.13025645911693573,0.17292432487010956,0.6395041942596436,0.26739150285720825,0.3721126914024353
HOTEL:biwi_hotel:38:1380,0.170595183968544,0.16197174787521362,0.008623436093330383,0.3613133728504181,0.3214109241962433,0.039902448654174805
HOTEL:biwi_hotel:38:1390,0.19372688233852386,0.19848237931728363,-0.004755496978759766,0.3526292145252228,0.3561842143535614,-0.003554999828338623
HOTEL:biwi_hotel:38:1400,0.2133597582578659,0.22578120231628418,-0.012421444058418274,0.34584176540374756,0.3687089681625366,-0.022867202758789062
HOTEL:biwi_hotel:38:1410,0.23785507678985596,0.24927370250225067,-0.011418625712394714,0.34584176540374756,0.3687089681625366,-0.022867202758789062
HOTEL:biwi_hotel:38:1420,0.2632029354572296,0.27414068579673767,-0.010937750339508057,0.34584176540374756,0.3687089681625366,-0.022867202758789062
HOTEL:biwi_hotel:38:1430,0.2241516262292862,0.2619297206401825,-0.0377780944108963,0.2531881630420685,0.2959257662296295,-0.042737603187561035
HOTEL:biwi_hotel:38:1440,0.37881743907928467,0.4881652891635895,-0.10934785008430481,0.7787622213363647,0.9498398303985596,-0.17107760906219482
HOTEL:biwi_hotel:38:1450,0.6635238528251648,0.4995058476924896,0.16401800513267517,1.2642120122909546,0.931592583656311,0.33261942863464355
HOTEL:biwi_hotel:38:1460,0.4376571476459503,0.3250356614589691,0.1126214861869812,0.8449487686157227,0.5913372039794922,0.25361156463623047
HOTEL:biwi_hotel:38:1470,0.4091518819332123,0.054303307086229324,0.35484857484698296,0.7615119814872742,0.07724616676568985,0.6842658147215843
HOTEL:biwi_hotel:38:1480,0.21072666347026825,0.11316332966089249,0.09756333380937576,0.3796445429325104,0.20225052535533905,0.17739401757717133
HOTEL:biwi_hotel:38:1490,0.17575369775295258,0.20280271768569946,-0.027049019932746887,0.3304435908794403,0.39642810821533203,-0.06598451733589172
HOTEL:biwi_hotel:38:1500,0.03051924705505371,0.04972579702734947,-0.01920654997229576,0.06938380748033524,0.0978713408112526,-0.02848753333091736
HOTEL:biwi_hotel:38:1510,0.2158997803926468,0.07102883607149124,0.14487094432115555,0.4138911962509155,0.13490809500217438,0.27898310124874115
HOTEL:biwi_hotel:38:1520,0.2398153394460678,0.1341494917869568,0.10566584765911102,0.45907536149024963,0.24366113543510437,0.21541422605514526
HOTEL:biwi_hotel:38:1530,0.010195109993219376,0.0653432309627533,-0.05514812096953392,0.024068176746368408,0.12743045389652252,-0.10336227715015411
HOTEL:biwi_hotel:38:1540,0.04110553115606308,0.023230930790305138,0.017874600365757942,0.060709454119205475,0.05533711612224579,0.005372337996959686
HOTEL:biwi_hotel:38:1550,0.04110553115606308,0.023230930790305138,0.017874600365757942,0.060709454119205475,0.05533711612224579,0.005372337996959686
HOTEL:biwi_hotel:38:1560,0.04110553115606308,0.023230930790305138,0.017874600365757942,0.060709454119205475,0.05533711612224579,0.005372337996959686
HOTEL:biwi_hotel:38:1570,0.04110553115606308,0.023230930790305138,0.017874600365757942,0.060709454119205475,0.05533711612224579,0.005372337996959686
HOTEL:biwi_hotel:38:1580,0.04110553115606308,0.023230930790305138,0.017874600365757942,0.060709454119205475,0.05533711612224579,0.005372337996959686
HOTEL:biwi_hotel:38:1590,0.04110553115606308,0.023230930790305138,0.017874600365757942,0.060709454119205475,0.05533711612224579,0.005372337996959686
HOTEL:biwi_hotel:38:1600,0.04110553115606308,0.023230930790305138,0.017874600365757942,0.060709454119205475,0.05533711612224579,0.005372337996959686
HOTEL:biwi_hotel:38:1610,0.04110553115606308,0.023230930790305138,0.017874600365757942,0.060709454119205475,0.05533711612224579,0.005372337996959686
HOTEL:biwi_hotel:38:1620,0.04110553115606308,0.023230930790305138,0.017874600365757942,0.060709454119205475,0.05533711612224579,0.005372337996959686
HOTEL:biwi_hotel:38:1630,0.04110553115606308,0.023230930790305138,0.017874600365757942,0.060709454119205475,0.05533711612224579,0.005372337996959686
HOTEL:biwi_hotel:38:1640,0.04110553115606308,0.023230930790305138,0.017874600365757942,0.060709454119205475,0.05533711612224579,0.005372337996959686
HOTEL:biwi_hotel:38:1650,0.04110553115606308,0.023230930790305138,0.017874600365757942,0.060709454119205475,0.05533711612224579,0.005372337996959686
HOTEL:biwi_hotel:38:1660,0.04110553115606308,0.023230930790305138,0.017874600365757942,0.060709454119205475,0.05533711612224579,0.005372337996959686
HOTEL:biwi_hotel:38:1670,0.04110553115606308,0.023230930790305138,0.017874600365757942,0.060709454119205475,0.05533711612224579,0.005372337996959686
HOTEL:biwi_hotel:38:1680,0.04110553115606308,0.023230930790305138,0.017874600365757942,0.060709454119205475,0.05533711612224579,0.005372337996959686
HOTEL:biwi_hotel:38:1690,0.04110553115606308,0.023230930790305138,0.017874600365757942,0.060709454119205475,0.05533711612224579,0.005372337996959686
HOTEL:biwi_hotel:38:1700,0.04110553115606308,0.023230930790305138,0.017874600365757942,0.060709454119205475,0.05533711612224579,0.005372337996959686
HOTEL:biwi_hotel:38:1710,0.04110553115606308,0.023230930790305138,0.017874600365757942,0.060709454119205475,0.05533711612224579,0.005372337996959686
HOTEL:biwi_hotel:38:1720,0.04110553115606308,0.023230930790305138,0.017874600365757942,0.060709454119205475,0.05533711612224579,0.005372337996959686
HOTEL:biwi_hotel:38:1730,0.04110553115606308,0.023230930790305138,0.017874600365757942,0.060709454119205475,0.05533711612224579,0.005372337996959686
HOTEL:biwi_hotel:38:1740,0.04110553115606308,0.023230930790305138,0.017874600365757942,0.060709454119205475,0.05533711612224579,0.005372337996959686
HOTEL:biwi_hotel:38:1750,0.04110553115606308,0.023230930790305138,0.017874600365757942,0.060709454119205475,0.05533711612224579,0.005372337996959686
HOTEL:biwi_hotel:38:1760,0.04110553115606308,0.023230930790305138,0.017874600365757942,0.060709454119205475,0.05533711612224579,0.005372337996959686
HOTEL:biwi_hotel:38:1770,0.04110553115606308,0.023230930790305138,0.017874600365757942,0.060709454119205475,0.05533711612224579,0.005372337996959686
HOTEL:biwi_hotel:38:1780,0.04110553115606308,0.023230930790305138,0.017874600365757942,0.060709454119205475,0.05533711612224579,0.005372337996959686
HOTEL:biwi_hotel:38:1790,0.04110553115606308,0.023230930790305138,0.017874600365757942,0.060709454119205475,0.05533711612224579,0.005372337996959686
HOTEL:biwi_hotel:38:1800,0.04110553115606308,0.023230930790305138,0.017874600365757942,0.060709454119205475,0.05533711612224579,0.005372337996959686
HOTEL:biwi_hotel:391:16570,1.344232439994812,2.2384512424468994,-0.8942188024520874,2.533320665359497,4.120269298553467,-1.5869486331939697
HOTEL:biwi_hotel:391:16580,0.8468719124794006,2.0036733150482178,-1.1568014025688171,1.6206119060516357,3.5887155532836914,-1.9681036472320557
HOTEL:biwi_hotel:391:16590,1.0192482471466064,2.094134569168091,-1.0748863220214844,1.7952178716659546,3.6501407623291016,-1.854922890663147
HOTEL:biwi_hotel:391:16600,1.2394973039627075,2.1573264598846436,-0.917829155921936,2.0331554412841797,3.668710470199585,-1.6355550289154053
HOTEL:biwi_hotel:392:16590,0.44908633828163147,0.46997952461242676,-0.020893186330795288,0.2754552364349365,0.3638788163661957,-0.08842357993125916
HOTEL:biwi_hotel:412:17620,1.2512074708938599,3.9909496307373047,-2.739742159843445,2.9154164791107178,7.3351664543151855,-4.419749975204468
HOTEL:biwi_hotel:412:17630,1.4113956689834595,4.016310214996338,-2.6049145460128784,3.2030134201049805,7.3692402839660645,-4.166226863861084
HOTEL:biwi_hotel:412:17640,1.2287741899490356,4.032324314117432,-2.803550124168396,2.883294105529785,7.358062267303467,-4.474768161773682
HOTEL:biwi_hotel:413:17750,2.1230032444000244,3.97015380859375,-1.8471505641937256,4.190605640411377,7.3768229484558105,-3.1862173080444336
HOTEL:biwi_hotel:413:17760,2.1628968715667725,3.99409556388855,-1.8311986923217773,4.327871799468994,7.4843573570251465,-3.1564855575561523
HOTEL:biwi_hotel:414:17770,1.6072856187820435,3.846780776977539,-2.2394951581954956,3.201643705368042,7.066586494445801,-3.864942789077759
HOTEL:biwi_hotel:414:17780,1.4780172109603882,3.7802159786224365,-2.3021987676620483,3.1022889614105225,7.022341728210449,-3.9200527667999268
HOTEL:biwi_hotel:46:1150,0.04110555723309517,0.02323092333972454,0.01787463389337063,0.06070967763662338,0.055337101221084595,0.005372576415538788
HOTEL:biwi_hotel:46:1160,0.04110555723309517,0.02323092333972454,0.01787463389337063,0.06070967763662338,0.055337101221084595,0.005372576415538788
HOTEL:biwi_hotel:46:1170,0.04110555723309517,0.02323092333972454,0.01787463389337063,0.06070967763662338,0.055337101221084595,0.005372576415538788
HOTEL:biwi_hotel:46:1180,0.04110555723309517,0.02323092333972454,0.01787463389337063,0.06070967763662338,0.055337101221084595,0.005372576415538788
HOTEL:biwi_hotel:46:1190,0.04110555723309517,0.02323092333972454,0.01787463389337063,0.06070967763662338,0.055337101221084595,0.005372576415538788
HOTEL:biwi_hotel:47:1150,0.04110554978251457,0.023230932652950287,0.017874617129564285,0.06070967763662338,0.055337101221084595,0.005372576415538788
HOTEL:biwi_hotel:47:1160,0.04110554978251457,0.023230932652950287,0.017874617129564285,0.06070967763662338,0.055337101221084595,0.005372576415538788
HOTEL:biwi_hotel:47:1170,0.04110554978251457,0.023230932652950287,0.017874617129564285,0.06070967763662338,0.055337101221084595,0.005372576415538788
HOTEL:biwi_hotel:47:1180,0.04110554978251457,0.023230932652950287,0.017874617129564285,0.06070967763662338,0.055337101221084595,0.005372576415538788
HOTEL:biwi_hotel:47:1190,0.04110554978251457,0.023230932652950287,0.017874617129564285,0.06070967763662338,0.055337101221084595,0.005372576415538788
HOTEL:biwi_hotel:5:0,0.04110554978251457,0.02323092333972454,0.01787462644279003,0.060709621757268906,0.055337101221084595,0.005372520536184311
HOTEL:biwi_hotel:5:10,0.04110554978251457,0.02323092333972454,0.01787462644279003,0.060709621757268906,0.055337101221084595,0.005372520536184311
HOTEL:biwi_hotel:5:20,0.04110554978251457,0.02323092333972454,0.01787462644279003,0.060709621757268906,0.055337101221084595,0.005372520536184311
HOTEL:biwi_hotel:5:30,0.04110554978251457,0.02323092333972454,0.01787462644279003,0.060709621757268906,0.055337101221084595,0.005372520536184311
HOTEL:biwi_hotel:5:40,0.04110554978251457,0.02323092333972454,0.01787462644279003,0.060709621757268906,0.055337101221084595,0.005372520536184311
HOTEL:biwi_hotel:5:50,0.040906358510255814,0.024057889357209206,0.016848469153046608,0.05831930786371231,0.06526072323322296,-0.006941415369510651
HOTEL:biwi_hotel:5:60,0.04037557914853096,0.02563103288412094,0.014744546264410019,0.057590145617723465,0.07520458102226257,-0.01761443540453911
HOTEL:biwi_hotel:6:0,0.05345172807574272,0.027172567322850227,0.026279160752892494,0.06967565417289734,0.035618241876363754,0.034057412296533585
HOTEL:biwi_hotel:6:10,0.05500395968556404,0.028780825436115265,0.026223134249448776,0.06967565417289734,0.035618241876363754,0.034057412296533585
HOTEL:biwi_hotel:6:20,0.056497860699892044,0.03040379285812378,0.026094067841768265,0.06967565417289734,0.035618241876363754,0.034057412296533585
HOTEL:biwi_hotel:6:30,0.05812960863113403,0.03206972777843475,0.02605988085269928,0.06967565417289734,0.035618241876363754,0.034057412296533585
HOTEL:biwi_hotel:6:40,0.20537905395030975,0.25651389360427856,-0.05113483965396881,0.4018419682979584,0.48410359025001526,-0.08226162195205688
HOTEL:biwi_hotel:6:50,0.04796895384788513,0.024472981691360474,0.023495972156524658,0.0680394172668457,0.0704566091299057,-0.0024171918630599976
HOTEL:biwi_hotel:6:60,0.05956370756030083,0.04143894836306572,0.018124759197235107,0.0862458124756813,0.13736078143119812,-0.051114968955516815
HOTEL:biwi_hotel:71:2770,1.1318637132644653,4.016138076782227,-2.8842743635177612,2.99971604347229,7.464354515075684,-4.4646384716033936
HOTEL:biwi_hotel:71:2780,1.4916820526123047,4.1098222732543945,-2.61814022064209,3.7259104251861572,7.702236175537109,-3.976325750350952
HOTEL:biwi_hotel:71:2790,1.77257239818573,4.225967884063721,-2.4533954858779907,4.102153301239014,7.918278217315674,-3.81612491607666
HOTEL:biwi_hotel:72:2770,1.294594645500183,4.187384128570557,-2.8927894830703735,3.254652261734009,7.910891056060791,-4.656238794326782
HOTEL:biwi_hotel:72:2780,1.2161823511123657,4.26132869720459,-3.045146346092224,3.1608357429504395,8.01120376586914,-4.850368022918701
HOTEL:biwi_hotel:72:2790,1.432429313659668,4.318445205688477,-2.8860158920288086,3.532315254211426,8.087163925170898,-4.554848670959473
HOTEL:biwi_hotel:83:3100,1.040225863456726,3.9768495559692383,-2.936623692512512,2.3754212856292725,7.164015769958496,-4.788594484329224
HOTEL:biwi_hotel:83:3110,1.0113236904144287,3.9528286457061768,-2.941504955291748,2.2855117321014404,7.07236385345459,-4.786852121353149
HOTEL:biwi_hotel:8:0,0.0509873665869236,0.033759210258722305,0.017228156328201294,0.07993160933256149,0.0613081231713295,0.018623486161231995
HOTEL:biwi_hotel:8:10,0.050686683505773544,0.034356143325567245,0.0163305401802063,0.06070967763662338,0.055337101221084595,0.005372576415538788
HOTEL:biwi_hotel:8:20,0.061023201793432236,0.04632564261555672,0.014697559177875519,0.18603543937206268,0.19432076811790466,-0.00828532874584198
HOTEL:biwi_hotel:8:30,0.07213505357503891,0.05749727413058281,0.0146377794444561,0.21370431780815125,0.20090605318546295,0.012798264622688293
HOTEL:biwi_hotel:8:40,0.07165741175413132,0.05951040983200073,0.012147001922130585,0.07993160933256149,0.0613081231713295,0.018623486161231995
HOTEL:biwi_hotel:8:50,0.07048570364713669,0.057815391570329666,0.012670312076807022,0.06070967763662338,0.055337101221084595,0.005372576415538788
HOTEL:biwi_hotel:8:60,0.0705002173781395,0.058475006371736526,0.01202521100640297,0.06070967763662338,0.055337101221084595,0.005372576415538788
HOTEL:biwi_hotel:96:4000,1.2382752895355225,3.030884027481079,-1.7926087379455566,2.8547780513763428,5.679203987121582,-2.8244259357452393
HOTEL:biwi_hotel:96:4010,1.2112115621566772,3.134317398071289,-1.9231058359146118,2.771167516708374,5.788100719451904,-3.0169332027435303
HOTEL:biwi_hotel:96:4020,1.1020132303237915,3.190850257873535,-2.0888370275497437,2.5722131729125977,5.873047828674316,-3.3008346557617188
HOTEL:biwi_hotel:96:4030,0.9922716021537781,3.18005633354187,-2.187784731388092,2.467026710510254,5.8250837326049805,-3.3580570220947266
HOTEL:biwi_hotel:96:4040,0.864923894405365,3.15088152885437,-2.285957634449005,2.2707364559173584,5.7804718017578125,-3.509735345840454
HOTEL:biwi_hotel:96:4050,1.739288330078125,3.4030303955078125,-1.6637420654296875,3.670158624649048,6.218615531921387,-2.548456907272339
HOTEL:biwi_hotel:96:4060,0.7147944569587708,3.1436767578125,-2.4288823008537292,1.9370231628417969,5.706030368804932,-3.7690072059631348
HOTEL:biwi_hotel:96:4070,1.0726598501205444,3.1657650470733643,-2.09310519695282,2.5298430919647217,5.7095947265625,-3.1797516345977783
HOTEL:biwi_hotel:97:4000,1.5433756113052368,3.171531915664673,-1.628156304359436,3.4988088607788086,6.018977165222168,-2.5201683044433594
HOTEL:biwi_hotel:97:4010,1.4870442152023315,3.1533031463623047,-1.6662589311599731,3.255021572113037,5.915781021118164,-2.660759449005127
HOTEL:biwi_hotel:97:4020,1.168851613998413,3.054727792739868,-1.885876178741455,2.685011625289917,5.688197612762451,-3.003185987472534
HOTEL:biwi_hotel:97:4030,1.6527780294418335,3.184406280517578,-1.5316282510757446,3.489497423171997,5.846808910369873,-2.357311487197876
HOTEL:biwi_hotel:97:4040,1.3279708623886108,3.2043616771698,-1.876390814781189,3.0027334690093994,5.8080549240112305,-2.805321455001831
HOTEL:biwi_hotel:97:4050,1.226040244102478,3.1412689685821533,-1.9152287244796753,2.560673713684082,5.7659592628479,-3.2052855491638184
HOTEL:biwi_hotel:97:4060,1.192278265953064,3.144273042678833,-1.951994776725769,2.8760056495666504,5.863266468048096,-2.9872608184814453
HOTEL:biwi_hotel:97:4070,1.4868673086166382,3.1756153106689453,-1.6887480020523071,3.33998966217041,5.864823341369629,-2.5248336791992188
